group,dim0,dim1,M,mode,round,item,order_pos,rank_max_ms,rank_min_ms,rank0_ms,cpu_launch_rank_max_ms,min_sm_clock_mhz,kept
rs,10240,1280,16,gpu,0,c_cublas,0,0.06861,0.03174,0.03482,0.04679,0,1
rs,10240,1280,16,gpu,0,A_gemmrs,2,0.08192,0.07782,0.08090,0.08768,0,1
rs,10240,1280,16,gpu,0,c_fluxgemm_only,1,0.04813,0.04301,0.04710,0.02894,0,1
rs,10240,1280,16,gpu,1,c_cublas,0,0.03584,0.03277,0.03584,0.04522,0,1
rs,10240,1280,16,gpu,1,A_gemmrs,1,0.07782,0.07475,0.07782,0.06893,0,1
rs,10240,1280,16,gpu,1,c_fluxgemm_only,2,0.04710,0.04301,0.04710,0.02307,0,1
rs,10240,1280,16,gpu,2,c_cublas,2,0.03277,0.03174,0.03277,0.04114,0,1
rs,10240,1280,16,gpu,2,A_gemmrs,1,0.08499,0.07885,0.08192,0.06403,0,1
rs,10240,1280,16,gpu,2,c_fluxgemm_only,0,0.04608,0.04096,0.04506,0.02215,0,1
rs,10240,1280,16,gpu,3,c_cublas,2,0.03379,0.03174,0.03379,0.03509,0,1
rs,10240,1280,16,gpu,3,A_gemmrs,1,0.07885,0.07578,0.07885,0.06478,0,1
rs,10240,1280,16,gpu,3,c_fluxgemm_only,0,0.04608,0.04198,0.04506,0.02413,0,1
rs,10240,1280,16,gpu,4,c_cublas,0,0.03379,0.03072,0.03277,0.03270,0,1
rs,10240,1280,16,gpu,4,A_gemmrs,1,0.07885,0.07578,0.07885,0.08410,0,1
rs,10240,1280,16,gpu,4,c_fluxgemm_only,2,0.04710,0.04198,0.04506,0.02451,0,1
rs,10240,1280,16,gpu,5,c_cublas,0,0.03482,0.03277,0.03482,0.03707,0,1
rs,10240,1280,16,gpu,5,A_gemmrs,2,0.07987,0.07680,0.07885,0.06541,0,1
rs,10240,1280,16,gpu,5,c_fluxgemm_only,1,0.04608,0.04096,0.04608,0.02419,0,1
rs,10240,1280,16,gpu,6,c_cublas,0,0.03379,0.03072,0.03379,0.03596,0,1
rs,10240,1280,16,gpu,6,A_gemmrs,1,0.08090,0.07680,0.08090,0.06595,0,1
rs,10240,1280,16,gpu,6,c_fluxgemm_only,2,0.04710,0.04198,0.04608,0.02267,0,1
rs,10240,1280,16,gpu,7,c_cublas,0,0.03277,0.03174,0.03277,0.03663,0,1
rs,10240,1280,16,gpu,7,A_gemmrs,2,0.07782,0.07578,0.07782,0.06361,0,1
rs,10240,1280,16,gpu,7,c_fluxgemm_only,1,0.04608,0.04096,0.04608,0.02401,0,1
rs,10240,1280,16,gpu,8,c_cublas,1,0.03379,0.03174,0.03379,0.03609,0,1
rs,10240,1280,16,gpu,8,A_gemmrs,2,0.08704,0.08397,0.08602,0.06513,0,1
rs,10240,1280,16,gpu,8,c_fluxgemm_only,0,0.04608,0.04198,0.04608,0.02663,0,1
rs,10240,1280,16,gpu,9,c_cublas,1,0.03482,0.03174,0.03379,0.03418,0,1
rs,10240,1280,16,gpu,9,A_gemmrs,0,0.07885,0.07578,0.07782,0.06694,0,1
rs,10240,1280,16,gpu,9,c_fluxgemm_only,2,0.04710,0.04301,0.04710,0.02409,0,1
rs,10240,1280,16,gpu,10,c_cublas,1,0.03379,0.03277,0.03379,0.03413,0,1
rs,10240,1280,16,gpu,10,A_gemmrs,0,0.08192,0.07782,0.08090,0.06803,0,1
rs,10240,1280,16,gpu,10,c_fluxgemm_only,2,0.04710,0.04198,0.04608,0.02432,0,1
rs,10240,1280,16,gpu,11,c_cublas,0,0.03379,0.03072,0.03379,0.03548,0,1
rs,10240,1280,16,gpu,11,A_gemmrs,2,0.07885,0.07578,0.07782,0.06306,0,1
rs,10240,1280,16,gpu,11,c_fluxgemm_only,1,0.04608,0.04096,0.04608,0.02395,0,1
rs,10240,1280,16,gpu,12,c_cublas,2,0.03379,0.03072,0.03277,0.03491,0,1
rs,10240,1280,16,gpu,12,A_gemmrs,1,0.07885,0.07578,0.07885,0.06317,0,1
rs,10240,1280,16,gpu,12,c_fluxgemm_only,0,0.04608,0.04096,0.04608,0.02336,0,1
rs,10240,1280,16,gpu,13,c_cublas,2,0.03379,0.03277,0.03379,0.04113,0,1
rs,10240,1280,16,gpu,13,A_gemmrs,1,0.07987,0.07578,0.07885,0.06222,0,1
rs,10240,1280,16,gpu,13,c_fluxgemm_only,0,0.04813,0.04301,0.04710,0.02450,0,1
rs,10240,1280,16,gpu,14,c_cublas,1,0.03482,0.03277,0.03482,0.03398,0,1
rs,10240,1280,16,gpu,14,A_gemmrs,0,0.07885,0.07475,0.07885,0.06867,0,1
rs,10240,1280,16,gpu,14,c_fluxgemm_only,2,0.04710,0.04198,0.04710,0.02402,0,1
rs,10240,1280,16,gpu,15,c_cublas,0,0.03379,0.03174,0.03277,0.03580,0,1
rs,10240,1280,16,gpu,15,A_gemmrs,2,0.07782,0.07475,0.07782,0.06422,0,1
rs,10240,1280,16,gpu,15,c_fluxgemm_only,1,0.04608,0.04198,0.04506,0.02405,0,1
rs,10240,1280,16,gpu,16,c_cublas,1,0.03482,0.03277,0.03482,0.03565,0,1
rs,10240,1280,16,gpu,16,A_gemmrs,2,0.08192,0.07885,0.08090,0.06387,0,1
rs,10240,1280,16,gpu,16,c_fluxgemm_only,0,0.04608,0.04198,0.04608,0.02356,0,1
rs,10240,1280,16,gpu,17,c_cublas,2,0.03482,0.03277,0.03482,0.03609,0,1
rs,10240,1280,16,gpu,17,A_gemmrs,0,0.08192,0.07782,0.08090,0.06198,0,1
rs,10240,1280,16,gpu,17,c_fluxgemm_only,1,0.04710,0.04198,0.04710,0.02242,0,1
rs,10240,1280,16,gpu,18,c_cublas,0,0.03277,0.03072,0.03277,0.03292,0,1
rs,10240,1280,16,gpu,18,A_gemmrs,1,0.07987,0.07578,0.07987,0.06598,0,1
rs,10240,1280,16,gpu,18,c_fluxgemm_only,2,0.04608,0.04096,0.04608,0.02248,0,1
rs,10240,1280,16,gpu,19,c_cublas,1,0.03379,0.03174,0.03379,0.03679,0,1
rs,10240,1280,16,gpu,19,A_gemmrs,2,0.07885,0.07578,0.07885,0.06573,0,1
rs,10240,1280,16,gpu,19,c_fluxgemm_only,0,0.04608,0.04096,0.04506,0.02817,0,1
rs,10240,1280,16,gpu,20,c_cublas,0,0.03379,0.03072,0.03379,0.03602,0,1
rs,10240,1280,16,gpu,20,A_gemmrs,2,0.07782,0.07475,0.07782,0.06530,0,1
rs,10240,1280,16,gpu,20,c_fluxgemm_only,1,0.04710,0.04301,0.04710,0.02392,0,1
rs,10240,1280,16,gpu,21,c_cublas,0,0.03584,0.03277,0.03379,0.03599,0,1
rs,10240,1280,16,gpu,21,A_gemmrs,2,0.07987,0.07578,0.07987,0.06692,0,1
rs,10240,1280,16,gpu,21,c_fluxgemm_only,1,0.04608,0.04096,0.04608,0.02479,0,1
rs,10240,1280,16,gpu,22,c_cublas,2,0.03277,0.03072,0.03277,0.03466,0,1
rs,10240,1280,16,gpu,22,A_gemmrs,1,0.07987,0.07680,0.07987,0.06762,0,1
rs,10240,1280,16,gpu,22,c_fluxgemm_only,0,0.04608,0.04198,0.04506,0.02330,0,1
rs,10240,1280,16,gpu,23,c_cublas,2,0.03379,0.03174,0.03379,0.03408,0,1
rs,10240,1280,16,gpu,23,A_gemmrs,1,0.09011,0.08602,0.09011,0.08205,0,1
rs,10240,1280,16,gpu,23,c_fluxgemm_only,0,0.05837,0.04198,0.04608,0.02484,0,1
rs,10240,1280,16,gpu,24,c_cublas,1,0.03584,0.03174,0.03379,0.03629,0,1
rs,10240,1280,16,gpu,24,A_gemmrs,2,0.07885,0.07475,0.07782,0.06855,0,1
rs,10240,1280,16,gpu,24,c_fluxgemm_only,0,0.04710,0.04198,0.04608,0.02407,0,1
rs,10240,1280,16,gpu,25,c_cublas,0,0.03482,0.03277,0.03482,0.03488,0,1
rs,10240,1280,16,gpu,25,A_gemmrs,2,0.08192,0.07885,0.08192,0.06382,0,1
rs,10240,1280,16,gpu,25,c_fluxgemm_only,1,0.04608,0.04198,0.04608,0.02452,0,1
rs,10240,1280,16,gpu,26,c_cublas,1,0.03379,0.03174,0.03379,0.03679,0,1
rs,10240,1280,16,gpu,26,A_gemmrs,2,0.07885,0.07475,0.07885,0.09104,0,1
rs,10240,1280,16,gpu,26,c_fluxgemm_only,0,0.04608,0.04198,0.04608,0.02414,0,1
rs,10240,1280,16,gpu,27,c_cublas,2,0.03277,0.03072,0.03277,0.03586,0,1
rs,10240,1280,16,gpu,27,A_gemmrs,0,0.08090,0.07680,0.08090,0.06780,0,1
rs,10240,1280,16,gpu,27,c_fluxgemm_only,1,0.04710,0.04198,0.04608,0.02235,0,1
rs,10240,1280,16,gpu,28,c_cublas,1,0.03482,0.03277,0.03482,0.03627,0,1
rs,10240,1280,16,gpu,28,A_gemmrs,2,0.07885,0.07578,0.07885,0.08817,0,1
rs,10240,1280,16,gpu,28,c_fluxgemm_only,0,0.06656,0.04198,0.04608,0.02757,0,1
rs,10240,1280,16,gpu,29,c_cublas,0,0.03482,0.03174,0.03482,0.03538,0,1
rs,10240,1280,16,gpu,29,A_gemmrs,1,0.07987,0.07578,0.07987,0.06899,0,1
rs,10240,1280,16,gpu,29,c_fluxgemm_only,2,0.04813,0.04301,0.04710,0.02247,0,1
rs,10240,1280,16,gpu,30,c_cublas,2,0.03379,0.03174,0.03379,0.09379,0,0
rs,10240,1280,16,gpu,30,A_gemmrs,0,0.08499,0.07782,0.07987,0.08259,0,0
rs,10240,1280,16,gpu,30,c_fluxgemm_only,1,0.04915,0.04301,0.04710,0.02221,0,0
rs,10240,1280,16,gpu,31,c_cublas,2,0.03379,0.03174,0.03277,0.03927,0,0
rs,10240,1280,16,gpu,31,A_gemmrs,1,0.07987,0.07578,0.07987,0.07054,0,0
rs,10240,1280,16,gpu,31,c_fluxgemm_only,0,0.04813,0.04198,0.04506,0.02456,0,0
rs,10240,1280,16,gpu,32,c_cublas,2,0.03482,0.03174,0.03277,0.03395,0,0
rs,10240,1280,16,gpu,32,A_gemmrs,1,0.07782,0.07475,0.07782,0.07520,0,0
rs,10240,1280,16,gpu,32,c_fluxgemm_only,0,0.04813,0.04198,0.04813,0.02627,0,0
rs,10240,1280,16,gpu,33,c_cublas,2,0.03482,0.03277,0.03379,0.03533,0,0
rs,10240,1280,16,gpu,33,A_gemmrs,1,0.08294,0.07885,0.08294,0.06870,0,0
rs,10240,1280,16,gpu,33,c_fluxgemm_only,0,0.04813,0.04301,0.04710,0.02420,0,0
rs,10240,1280,16,gpu,34,c_cublas,0,0.03277,0.03072,0.03277,0.03975,0,0
rs,10240,1280,16,gpu,34,A_gemmrs,2,0.07885,0.07578,0.07885,0.06536,0,0
rs,10240,1280,16,gpu,34,c_fluxgemm_only,1,0.04710,0.04198,0.04710,0.02456,0,0
rs,10240,1280,16,gpu,35,c_cublas,0,0.03379,0.03174,0.03277,0.03611,0,0
rs,10240,1280,16,gpu,35,A_gemmrs,2,0.07885,0.07578,0.07885,0.06765,0,0
rs,10240,1280,16,gpu,35,c_fluxgemm_only,1,0.04710,0.04096,0.04608,0.02899,0,0
rs,10240,1280,16,gpu,36,c_cublas,0,0.03379,0.03072,0.03379,0.03581,0,0
rs,10240,1280,16,gpu,36,A_gemmrs,1,0.07885,0.07578,0.07885,0.06627,0,0
rs,10240,1280,16,gpu,36,c_fluxgemm_only,2,0.04608,0.04096,0.04608,0.02196,0,0
rs,10240,1280,16,gpu,37,c_cublas,2,0.03482,0.03174,0.03482,0.03616,0,0
rs,10240,1280,16,gpu,37,A_gemmrs,0,0.08704,0.07782,0.08090,0.06619,0,0
rs,10240,1280,16,gpu,37,c_fluxgemm_only,1,0.04710,0.04198,0.04506,0.02126,0,0
rs,10240,1280,16,gpu,38,c_cublas,0,0.03379,0.03174,0.03379,0.03465,0,0
rs,10240,1280,16,gpu,38,A_gemmrs,2,0.07782,0.07475,0.07782,0.06402,0,0
rs,10240,1280,16,gpu,38,c_fluxgemm_only,1,0.04506,0.04096,0.04506,0.02622,0,0
rs,10240,1280,16,gpu,39,c_cublas,1,0.03379,0.03174,0.03379,0.03631,0,0
rs,10240,1280,16,gpu,39,A_gemmrs,2,0.07782,0.07578,0.07782,0.06508,0,0
rs,10240,1280,16,gpu,39,c_fluxgemm_only,0,0.04608,0.04096,0.04608,0.02369,0,0
rs,10240,1280,16,gpu,40,c_cublas,1,0.03482,0.03277,0.03482,0.03613,0,0
rs,10240,1280,16,gpu,40,A_gemmrs,2,0.07782,0.07475,0.07782,0.07184,0,0
rs,10240,1280,16,gpu,40,c_fluxgemm_only,0,0.05939,0.04198,0.04608,0.02325,0,0
rs,10240,1280,16,gpu,41,c_cublas,1,0.03379,0.03174,0.03277,0.03618,0,0
rs,10240,1280,16,gpu,41,A_gemmrs,2,0.07987,0.07680,0.07987,0.07245,0,0
rs,10240,1280,16,gpu,41,c_fluxgemm_only,0,0.04813,0.04301,0.04813,0.02454,0,0
rs,10240,1280,16,gpu,42,c_cublas,2,0.03379,0.03174,0.03379,0.03463,0,0
rs,10240,1280,16,gpu,42,A_gemmrs,0,0.07885,0.07578,0.07782,0.06920,0,0
rs,10240,1280,16,gpu,42,c_fluxgemm_only,1,0.04813,0.04301,0.04710,0.02224,0,0
rs,10240,1280,16,gpu,43,c_cublas,0,0.18227,0.03072,0.03277,0.16544,0,0
rs,10240,1280,16,gpu,43,A_gemmrs,1,0.08397,0.07578,0.07987,0.08877,0,0
rs,10240,1280,16,gpu,43,c_fluxgemm_only,2,0.04608,0.04198,0.04608,0.02240,0,0
rs,10240,1280,16,gpu,44,c_cublas,0,0.03379,0.03072,0.03277,0.03676,0,0
rs,10240,1280,16,gpu,44,A_gemmrs,2,0.07885,0.07578,0.07885,0.07131,0,0
rs,10240,1280,16,gpu,44,c_fluxgemm_only,1,0.04813,0.04301,0.04813,0.02418,0,0
rs,10240,1280,16,gpu,45,c_cublas,2,0.03482,0.03174,0.03482,0.03425,0,0
rs,10240,1280,16,gpu,45,A_gemmrs,1,0.07885,0.07578,0.07782,0.07985,0,0
rs,10240,1280,16,gpu,45,c_fluxgemm_only,0,0.06554,0.04301,0.06554,0.02603,0,0
rs,10240,1280,16,gpu,46,c_cublas,0,0.03277,0.03174,0.03277,0.03270,0,0
rs,10240,1280,16,gpu,46,A_gemmrs,1,0.07987,0.07680,0.07987,0.06853,0,0
rs,10240,1280,16,gpu,46,c_fluxgemm_only,2,0.04608,0.04198,0.04506,0.02242,0,0
rs,10240,1280,16,gpu,47,c_cublas,1,0.03379,0.03174,0.03379,0.04331,0,0
rs,10240,1280,16,gpu,47,A_gemmrs,2,0.07885,0.07475,0.07680,0.06546,0,0
rs,10240,1280,16,gpu,47,c_fluxgemm_only,0,0.04608,0.04096,0.04506,0.02172,0,0
rs,10240,1280,16,gpu,48,c_cublas,2,0.03379,0.03072,0.03072,0.03442,0,0
rs,10240,1280,16,gpu,48,A_gemmrs,1,0.07987,0.07578,0.07782,0.06118,0,0
rs,10240,1280,16,gpu,48,c_fluxgemm_only,0,0.04710,0.04198,0.04198,0.02344,0,0
rs,10240,1280,16,gpu,49,c_cublas,1,0.03277,0.03174,0.03174,0.03543,0,0
rs,10240,1280,16,gpu,49,A_gemmrs,2,0.07885,0.07680,0.07782,0.06583,0,0
rs,10240,1280,16,gpu,49,c_fluxgemm_only,0,0.04710,0.04301,0.04301,0.02480,0,0
rs,10240,1280,16,gpu,50,c_cublas,0,0.03277,0.03174,0.03174,0.03501,0,0
rs,10240,1280,16,gpu,50,A_gemmrs,1,0.09011,0.07885,0.07987,0.06825,0,0
rs,10240,1280,16,gpu,50,c_fluxgemm_only,2,0.04608,0.04198,0.04198,0.02295,0,0
rs,10240,1280,16,gpu,51,c_cublas,0,0.03379,0.03174,0.03174,0.03623,0,0
rs,10240,1280,16,gpu,51,A_gemmrs,2,0.07885,0.07578,0.07680,0.06537,0,0
rs,10240,1280,16,gpu,51,c_fluxgemm_only,1,0.04506,0.04096,0.04096,0.02391,0,0
rs,10240,1280,16,gpu,52,c_cublas,2,0.03379,0.03072,0.03174,0.03417,0,0
rs,10240,1280,16,gpu,52,A_gemmrs,1,0.07782,0.07475,0.07680,0.06352,0,0
rs,10240,1280,16,gpu,52,c_fluxgemm_only,0,0.04608,0.04198,0.04198,0.02272,0,0
rs,10240,1280,16,gpu,53,c_cublas,0,0.03379,0.03174,0.03277,0.03389,0,0
rs,10240,1280,16,gpu,53,A_gemmrs,1,0.07680,0.07475,0.07680,0.06719,0,0
rs,10240,1280,16,gpu,53,c_fluxgemm_only,2,0.04710,0.04301,0.04301,0.02205,0,0
rs,10240,1280,16,gpu,54,c_cublas,1,0.03482,0.03277,0.03379,0.03499,0,0
rs,10240,1280,16,gpu,54,A_gemmrs,0,0.07782,0.07475,0.07578,0.06564,0,0
rs,10240,1280,16,gpu,54,c_fluxgemm_only,2,0.04506,0.04198,0.04198,0.02994,0,0
rs,10240,1280,16,gpu,55,c_cublas,1,0.03379,0.03072,0.03174,0.03376,0,0
rs,10240,1280,16,gpu,55,A_gemmrs,0,0.07885,0.07475,0.07680,0.06841,0,0
rs,10240,1280,16,gpu,55,c_fluxgemm_only,2,0.04608,0.04198,0.04301,0.02412,0,0
rs,10240,1280,16,gpu,56,c_cublas,2,0.03379,0.03072,0.03072,0.03961,0,0
rs,10240,1280,16,gpu,56,A_gemmrs,1,0.07782,0.07475,0.07680,0.06525,0,0
rs,10240,1280,16,gpu,56,c_fluxgemm_only,0,0.04506,0.04096,0.04096,0.02205,0,0
rs,10240,1280,16,gpu,57,c_cublas,0,0.03379,0.03174,0.03277,0.03435,0,0
rs,10240,1280,16,gpu,57,A_gemmrs,1,0.08397,0.07782,0.07987,0.06688,0,0
rs,10240,1280,16,gpu,57,c_fluxgemm_only,2,0.04710,0.04301,0.04403,0.02263,0,0
rs,10240,1280,16,gpu,58,c_cublas,1,0.03482,0.03277,0.03277,0.06878,0,0
rs,10240,1280,16,gpu,58,A_gemmrs,0,0.07987,0.07680,0.07782,0.06669,0,0
rs,10240,1280,16,gpu,58,c_fluxgemm_only,2,0.04608,0.04096,0.04301,0.02434,0,0
rs,10240,1280,16,gpu,59,c_cublas,1,0.03379,0.03072,0.03174,0.03523,0,0
rs,10240,1280,16,gpu,59,A_gemmrs,0,0.07885,0.07680,0.07782,0.06798,0,0
rs,10240,1280,16,gpu,59,c_fluxgemm_only,2,0.04506,0.04198,0.04198,0.02371,0,0
rs,10240,1280,16,gpu,60,c_cublas,1,0.03379,0.03174,0.03277,0.03596,0,0
rs,10240,1280,16,gpu,60,A_gemmrs,2,0.08090,0.07782,0.07987,0.06978,0,0
rs,10240,1280,16,gpu,60,c_fluxgemm_only,0,0.04506,0.04096,0.04096,0.02211,0,0
rs,10240,1280,16,gpu,61,c_cublas,1,0.03379,0.03072,0.03072,0.03579,0,0
rs,10240,1280,16,gpu,61,A_gemmrs,2,0.07885,0.07578,0.07578,0.06561,0,0
rs,10240,1280,16,gpu,61,c_fluxgemm_only,0,0.04710,0.04301,0.04301,0.02377,0,0
rs,10240,1280,16,gpu,62,c_cublas,2,0.03379,0.03174,0.03174,0.03622,0,0
rs,10240,1280,16,gpu,62,A_gemmrs,1,0.07987,0.07578,0.07782,0.06201,0,0
rs,10240,1280,16,gpu,62,c_fluxgemm_only,0,0.04608,0.04096,0.04198,0.02380,0,0
rs,10240,1280,16,gpu,63,c_cublas,2,0.03379,0.03072,0.03174,0.03431,0,0
rs,10240,1280,16,gpu,63,A_gemmrs,1,0.07885,0.07680,0.07782,0.06511,0,0
rs,10240,1280,16,gpu,63,c_fluxgemm_only,0,0.04608,0.04096,0.04198,0.02422,0,0
rs,10240,1280,16,gpu,64,c_cublas,2,0.03277,0.03072,0.03174,0.03629,0,0
rs,10240,1280,16,gpu,64,A_gemmrs,0,0.07782,0.07475,0.07680,0.06976,0,0
rs,10240,1280,16,gpu,64,c_fluxgemm_only,1,0.04608,0.04198,0.04198,0.02695,0,0
rs,10240,1280,16,gpu,65,c_cublas,1,0.03277,0.03174,0.03174,0.03536,0,0
rs,10240,1280,16,gpu,65,A_gemmrs,2,0.08499,0.07885,0.07885,0.06961,0,0
rs,10240,1280,16,gpu,65,c_fluxgemm_only,0,0.04710,0.04198,0.04301,0.02424,0,0
rs,10240,1280,16,gpu,66,c_cublas,0,0.03277,0.03174,0.03174,0.03538,0,0
rs,10240,1280,16,gpu,66,A_gemmrs,2,0.07270,0.07066,0.07270,0.06310,0,0
rs,10240,1280,16,gpu,66,c_fluxgemm_only,1,0.04608,0.04198,0.04198,0.02683,0,0
rs,10240,1280,16,gpu,67,c_cublas,0,0.03174,0.03174,0.03174,0.03482,0,0
rs,10240,1280,16,gpu,67,A_gemmrs,1,0.07373,0.07066,0.07270,0.06694,0,0
rs,10240,1280,16,gpu,67,c_fluxgemm_only,2,0.04403,0.04198,0.04198,0.03084,0,0
rs,10240,1280,16,gpu,68,c_cublas,1,0.03379,0.03174,0.03174,0.03678,0,0
rs,10240,1280,16,gpu,68,A_gemmrs,2,0.07270,0.07066,0.07270,0.06999,0,0
rs,10240,1280,16,gpu,68,c_fluxgemm_only,0,0.04301,0.04096,0.04096,0.02251,0,0
rs,10240,1280,16,gpu,69,c_cublas,1,0.03174,0.03072,0.03174,0.03582,0,0
rs,10240,1280,16,gpu,69,A_gemmrs,2,0.07475,0.07168,0.07373,0.06585,0,0
rs,10240,1280,16,gpu,69,c_fluxgemm_only,0,0.04506,0.04301,0.04301,0.02349,0,0
rs,10240,1280,16,gpu,70,c_cublas,0,0.03277,0.03174,0.03174,0.03518,0,0
rs,10240,1280,16,gpu,70,A_gemmrs,1,0.07373,0.07168,0.07270,0.07269,0,0
rs,10240,1280,16,gpu,70,c_fluxgemm_only,2,0.04403,0.04096,0.04198,0.02404,0,0
rs,10240,1280,16,gpu,71,c_cublas,1,0.03277,0.03072,0.03174,0.03519,0,0
rs,10240,1280,16,gpu,71,A_gemmrs,0,0.07373,0.07168,0.07373,0.06785,0,0
rs,10240,1280,16,gpu,71,c_fluxgemm_only,2,0.04403,0.04198,0.04198,0.02418,0,0
rs,10240,1280,16,gpu,72,c_cublas,0,0.03277,0.03072,0.03174,0.03739,0,0
rs,10240,1280,16,gpu,72,A_gemmrs,2,0.07373,0.07066,0.07270,0.06841,0,0
rs,10240,1280,16,gpu,72,c_fluxgemm_only,1,0.04506,0.04198,0.04301,0.02476,0,0
rs,10240,1280,16,gpu,73,c_cublas,0,0.03379,0.03277,0.03277,0.04215,0,0
rs,10240,1280,16,gpu,73,A_gemmrs,2,0.07987,0.07270,0.07680,0.06825,0,0
rs,10240,1280,16,gpu,73,c_fluxgemm_only,1,0.04403,0.04198,0.04198,0.02482,0,0
rs,10240,1280,16,gpu,74,c_cublas,1,0.03379,0.03174,0.03277,0.03442,0,0
rs,10240,1280,16,gpu,74,A_gemmrs,0,0.07270,0.06963,0.07270,0.06877,0,0
rs,10240,1280,16,gpu,74,c_fluxgemm_only,2,0.04403,0.04096,0.04198,0.02375,0,0
rs,10240,1280,16,gpu,75,c_cublas,2,0.03277,0.03174,0.03174,0.04322,0,0
rs,10240,1280,16,gpu,75,A_gemmrs,0,0.07373,0.07270,0.07270,0.06771,0,0
rs,10240,1280,16,gpu,75,c_fluxgemm_only,1,0.04301,0.04096,0.04198,0.02237,0,0
rs,10240,1280,16,gpu,76,c_cublas,2,0.03277,0.03072,0.03072,0.03557,0,0
rs,10240,1280,16,gpu,76,A_gemmrs,0,0.07373,0.07066,0.07373,0.07065,0,0
rs,10240,1280,16,gpu,76,c_fluxgemm_only,1,0.04301,0.04198,0.04301,0.02195,0,0
rs,10240,1280,16,gpu,77,c_cublas,1,0.03277,0.03072,0.03174,0.03627,0,0
rs,10240,1280,16,gpu,77,A_gemmrs,2,0.07373,0.07168,0.07373,0.07073,0,0
rs,10240,1280,16,gpu,77,c_fluxgemm_only,0,0.04506,0.04198,0.04198,0.02487,0,0
rs,10240,1280,16,gpu,78,c_cublas,1,0.03277,0.03072,0.03277,0.04254,0,0
rs,10240,1280,16,gpu,78,A_gemmrs,2,0.07373,0.07066,0.07373,0.06585,0,0
rs,10240,1280,16,gpu,78,c_fluxgemm_only,0,0.04403,0.04198,0.04198,0.02365,0,0
rs,10240,1280,16,gpu,79,c_cublas,1,0.03277,0.03174,0.03277,0.03591,0,0
rs,10240,1280,16,gpu,79,A_gemmrs,2,0.07270,0.07066,0.07270,0.06629,0,0
rs,10240,1280,16,gpu,79,c_fluxgemm_only,0,0.04403,0.04198,0.04198,0.02332,0,0
rs,10240,1280,16,gpu,80,c_cublas,2,0.03277,0.03174,0.03174,0.03518,0,0
rs,10240,1280,16,gpu,80,A_gemmrs,0,0.07373,0.07066,0.07168,0.06732,0,0
rs,10240,1280,16,gpu,80,c_fluxgemm_only,1,0.04403,0.04096,0.04301,0.02236,0,0
rs,10240,1280,16,gpu,81,c_cublas,1,0.03277,0.03174,0.03174,0.03411,0,0
rs,10240,1280,16,gpu,81,A_gemmrs,0,0.07373,0.07066,0.07270,0.06998,0,0
rs,10240,1280,16,gpu,81,c_fluxgemm_only,2,0.04506,0.04301,0.04301,0.02465,0,0
rs,10240,1280,16,gpu,82,c_cublas,1,0.03379,0.03174,0.03277,0.03371,0,0
rs,10240,1280,16,gpu,82,A_gemmrs,0,0.07680,0.07270,0.07680,0.07346,0,0
rs,10240,1280,16,gpu,82,c_fluxgemm_only,2,0.04403,0.04198,0.04198,0.02409,0,0
rs,10240,1280,16,gpu,83,c_cublas,0,0.03174,0.03072,0.03174,0.03595,0,0
rs,10240,1280,16,gpu,83,A_gemmrs,2,0.07270,0.07168,0.07168,0.06795,0,0
rs,10240,1280,16,gpu,83,c_fluxgemm_only,1,0.04301,0.04198,0.04198,0.02454,0,0
rs,10240,1280,16,gpu,84,c_cublas,1,0.03379,0.03174,0.03174,0.03618,0,0
rs,10240,1280,16,gpu,84,A_gemmrs,2,0.07270,0.07168,0.07168,0.06965,0,0
rs,10240,1280,16,gpu,84,c_fluxgemm_only,0,0.04403,0.04096,0.04301,0.02364,0,0
rs,10240,1280,16,gpu,85,c_cublas,0,0.03379,0.03174,0.03379,0.03503,0,0
rs,10240,1280,16,gpu,85,A_gemmrs,1,0.07270,0.06963,0.07066,0.07038,0,0
rs,10240,1280,16,gpu,85,c_fluxgemm_only,2,0.04403,0.04301,0.04403,0.02327,0,0
rs,10240,1280,16,gpu,86,c_cublas,0,0.03174,0.03072,0.03174,0.03715,0,0
rs,10240,1280,16,gpu,86,A_gemmrs,1,0.07373,0.06963,0.07168,0.07443,0,0
rs,10240,1280,16,gpu,86,c_fluxgemm_only,2,0.04403,0.04198,0.04198,0.02338,0,0
rs,10240,1280,16,gpu,87,c_cublas,1,0.03277,0.03072,0.03174,0.03698,0,0
rs,10240,1280,16,gpu,87,A_gemmrs,2,0.07066,0.06861,0.07066,0.06968,0,0
rs,10240,1280,16,gpu,87,c_fluxgemm_only,0,0.04198,0.04198,0.04198,0.02240,0,0
rs,10240,1280,16,gpu,88,c_cublas,0,0.06144,0.03174,0.03174,0.04063,0,0
rs,10240,1280,16,gpu,88,A_gemmrs,1,0.07066,0.06861,0.07066,0.08938,0,0
rs,10240,1280,16,gpu,88,c_fluxgemm_only,2,0.04301,0.04198,0.04301,0.02523,0,0
rs,10240,1280,16,gpu,89,c_cublas,1,0.03174,0.03072,0.03174,0.03511,0,0
rs,10240,1280,16,gpu,89,A_gemmrs,0,0.72909,0.11469,0.72909,0.09410,0,0
rs,10240,1280,16,gpu,89,c_fluxgemm_only,2,0.04403,0.04198,0.04301,0.02519,0,0
rs,10240,1280,16,gpu,90,c_cublas,0,0.03277,0.03174,0.03174,0.03679,0,0
rs,10240,1280,16,gpu,90,A_gemmrs,1,0.07680,0.07168,0.07168,0.06974,0,0
rs,10240,1280,16,gpu,90,c_fluxgemm_only,2,0.04198,0.04096,0.04198,0.02254,0,0
rs,10240,1280,16,gpu,91,c_cublas,1,0.03277,0.03072,0.03277,0.03418,0,0
rs,10240,1280,16,gpu,91,A_gemmrs,0,0.07373,0.07066,0.07373,0.07047,0,0
rs,10240,1280,16,gpu,91,c_fluxgemm_only,2,0.04198,0.04198,0.04198,0.02384,0,0
rs,10240,1280,16,gpu,92,c_cublas,1,0.03379,0.03277,0.03277,0.04702,0,0
rs,10240,1280,16,gpu,92,A_gemmrs,2,0.07680,0.07168,0.07578,0.07024,0,0
rs,10240,1280,16,gpu,92,c_fluxgemm_only,0,0.04301,0.04096,0.04301,0.02192,0,0
rs,10240,1280,16,gpu,93,c_cublas,1,0.03174,0.03174,0.03174,0.03707,0,0
rs,10240,1280,16,gpu,93,A_gemmrs,2,0.07270,0.06963,0.07066,0.06545,0,0
rs,10240,1280,16,gpu,93,c_fluxgemm_only,0,0.04301,0.04198,0.04301,0.02383,0,0
rs,10240,1280,16,gpu,94,c_cublas,2,0.03174,0.03072,0.03174,0.03456,0,0
rs,10240,1280,16,gpu,94,A_gemmrs,1,0.07578,0.06963,0.07475,0.06670,0,0
rs,10240,1280,16,gpu,94,c_fluxgemm_only,0,0.04198,0.04198,0.04198,0.02384,0,0
rs,10240,1280,16,gpu,95,c_cublas,0,0.06246,0.03072,0.03174,0.03788,1155,0
rs,10240,1280,16,gpu,95,A_gemmrs,1,0.07270,0.06861,0.07066,0.10082,1155,0
rs,10240,1280,16,gpu,95,c_fluxgemm_only,2,0.04301,0.04198,0.04198,0.02268,1155,0
rs,10240,1280,16,gpu,96,c_cublas,0,0.03174,0.03174,0.03174,0.03654,1155,0
rs,10240,1280,16,gpu,96,A_gemmrs,1,0.07168,0.06963,0.07168,0.07388,1155,0
rs,10240,1280,16,gpu,96,c_fluxgemm_only,2,0.04301,0.04096,0.04198,0.02286,1155,0
rs,10240,1280,16,gpu,97,c_cublas,2,0.03379,0.03277,0.03277,0.03459,1155,0
rs,10240,1280,16,gpu,97,A_gemmrs,1,0.07270,0.06963,0.07270,0.09127,1155,0
rs,10240,1280,16,gpu,97,c_fluxgemm_only,0,0.05734,0.04198,0.04198,0.02219,1155,0
rs,10240,1280,16,gpu,98,c_cublas,0,0.06144,0.03072,0.03072,0.07333,1155,0
rs,10240,1280,16,gpu,98,A_gemmrs,1,0.07270,0.07066,0.07270,0.08146,1155,0
rs,10240,1280,16,gpu,98,c_fluxgemm_only,2,0.04301,0.04198,0.04198,0.02493,1155,0
rs,10240,1280,16,gpu,99,c_cublas,1,0.03174,0.03072,0.03174,0.03528,1155,0
rs,10240,1280,16,gpu,99,A_gemmrs,0,0.07168,0.06963,0.07168,0.07013,1155,0
rs,10240,1280,16,gpu,99,c_fluxgemm_only,2,0.04301,0.04198,0.04198,0.02389,1155,0
rs,10240,1280,16,gpu,100,c_cublas,2,0.03277,0.03072,0.03174,0.03829,1155,0
rs,10240,1280,16,gpu,100,A_gemmrs,0,0.07680,0.07168,0.07680,0.06779,1155,0
rs,10240,1280,16,gpu,100,c_fluxgemm_only,1,0.04301,0.04198,0.04198,0.02185,1155,0
rs,10240,1280,16,gpu,101,c_cublas,1,0.03277,0.03072,0.03072,0.03407,1155,0
rs,10240,1280,16,gpu,101,A_gemmrs,0,0.07066,0.06963,0.07066,0.08199,1155,0
rs,10240,1280,16,gpu,101,c_fluxgemm_only,2,0.04403,0.04301,0.04301,0.02395,1155,0
rs,10240,1280,16,gpu,102,c_cublas,0,0.03174,0.03072,0.03174,0.11197,1155,0
rs,10240,1280,16,gpu,102,A_gemmrs,1,0.07578,0.07066,0.07578,0.06589,1155,0
rs,10240,1280,16,gpu,102,c_fluxgemm_only,2,0.04301,0.04198,0.04198,0.02203,1155,0
rs,10240,1280,16,gpu,103,c_cublas,2,0.03174,0.03072,0.03174,0.06981,1155,0
rs,10240,1280,16,gpu,103,A_gemmrs,0,0.07168,0.06963,0.07066,0.06849,1155,0
rs,10240,1280,16,gpu,103,c_fluxgemm_only,1,0.04301,0.04198,0.04198,0.02185,1155,0
rs,10240,1280,16,gpu,104,c_cublas,1,0.03379,0.03174,0.03379,0.04281,1155,0
rs,10240,1280,16,gpu,104,A_gemmrs,2,0.07168,0.06963,0.07168,0.07167,1155,0
rs,10240,1280,16,gpu,104,c_fluxgemm_only,0,0.04301,0.04096,0.04198,0.02450,1155,0
rs,10240,1280,16,gpu,105,c_cublas,1,0.03379,0.03072,0.03072,0.03418,1155,0
rs,10240,1280,16,gpu,105,A_gemmrs,0,0.07066,0.06861,0.07066,0.06410,1155,0
rs,10240,1280,16,gpu,105,c_fluxgemm_only,2,0.04403,0.04301,0.04301,0.02425,1155,0
rs,10240,1280,16,gpu,106,c_cublas,0,0.03174,0.03174,0.03174,0.03660,1155,0
rs,10240,1280,16,gpu,106,A_gemmrs,2,0.07885,0.07168,0.07270,0.06806,1155,0
rs,10240,1280,16,gpu,106,c_fluxgemm_only,1,0.04301,0.04096,0.04096,0.02393,1155,0
rs,10240,1280,16,gpu,107,c_cublas,2,0.03174,0.03174,0.03174,0.04258,1155,0
rs,10240,1280,16,gpu,107,A_gemmrs,1,0.07168,0.06861,0.07066,0.06856,1155,0
rs,10240,1280,16,gpu,107,c_fluxgemm_only,0,0.04198,0.04096,0.04198,0.02338,1155,0
rs,10240,1280,16,gpu,108,c_cublas,0,0.03277,0.03072,0.03174,0.03370,1155,0
rs,10240,1280,16,gpu,108,A_gemmrs,2,0.07680,0.07066,0.07578,0.06543,1155,0
rs,10240,1280,16,gpu,108,c_fluxgemm_only,1,0.04403,0.04198,0.04403,0.02450,1155,0
rs,10240,1280,16,gpu,109,c_cublas,1,0.03174,0.03072,0.03072,0.03479,1155,0
rs,10240,1280,16,gpu,109,A_gemmrs,0,0.66867,0.09318,0.66867,0.07032,1155,0
rs,10240,1280,16,gpu,109,c_fluxgemm_only,2,0.04403,0.04301,0.04301,0.02475,1155,0
rs,10240,1280,16,gpu,110,c_cublas,2,0.03174,0.03072,0.03174,0.05370,1155,0
rs,10240,1280,16,gpu,110,A_gemmrs,0,0.07168,0.06861,0.07168,0.08814,1155,0
rs,10240,1280,16,gpu,110,c_fluxgemm_only,1,0.04403,0.04198,0.04198,0.03111,1155,0
rs,10240,1280,16,gpu,111,c_cublas,1,0.03174,0.03072,0.03174,0.07427,1305,1
rs,10240,1280,16,gpu,111,A_gemmrs,2,0.07066,0.06861,0.07066,0.07083,1305,1
rs,10240,1280,16,gpu,111,c_fluxgemm_only,0,0.04198,0.04096,0.04096,0.02414,1305,1
rs,10240,1280,16,gpu,112,c_cublas,0,0.06246,0.03072,0.03174,0.03737,1305,1
rs,10240,1280,16,gpu,112,A_gemmrs,2,0.07373,0.06861,0.07373,0.08800,1305,1
rs,10240,1280,16,gpu,112,c_fluxgemm_only,1,0.04403,0.04198,0.04301,0.02412,1305,1
rs,10240,1280,16,gpu,113,c_cublas,0,0.03277,0.03174,0.03277,0.03556,1305,1
rs,10240,1280,16,gpu,113,A_gemmrs,1,0.07680,0.07168,0.07270,0.06621,1305,1
rs,10240,1280,16,gpu,113,c_fluxgemm_only,2,0.04403,0.04198,0.04301,0.02215,1305,1
rs,10240,1280,16,gpu,114,c_cublas,1,0.03277,0.03174,0.03174,0.03746,1305,1
rs,10240,1280,16,gpu,114,A_gemmrs,2,0.07578,0.06963,0.07578,0.08516,1305,1
rs,10240,1280,16,gpu,114,c_fluxgemm_only,0,0.06042,0.04096,0.06042,0.02595,1305,1
rs,10240,1280,16,gpu,115,c_cublas,0,0.03174,0.03072,0.03174,0.03523,1305,1
rs,10240,1280,16,gpu,115,A_gemmrs,2,0.07066,0.06963,0.07066,0.06524,1305,1
rs,10240,1280,16,gpu,115,c_fluxgemm_only,1,0.04301,0.04198,0.04301,0.02435,1305,1
rs,10240,1280,16,gpu,116,c_cublas,2,0.03174,0.03072,0.03174,0.03545,1305,1
rs,10240,1280,16,gpu,116,A_gemmrs,1,0.07066,0.06758,0.06963,0.06542,1305,1
rs,10240,1280,16,gpu,116,c_fluxgemm_only,0,0.04301,0.04198,0.04198,0.02399,1305,1
rs,10240,1280,16,gpu,117,c_cublas,2,0.03379,0.03174,0.03174,0.03465,1305,1
rs,10240,1280,16,gpu,117,A_gemmrs,1,0.07168,0.06963,0.07066,0.06783,1305,1
rs,10240,1280,16,gpu,117,c_fluxgemm_only,0,0.04403,0.04198,0.04198,0.02441,1305,1
rs,10240,1280,16,gpu,118,c_cublas,1,0.03277,0.03174,0.03277,0.03450,1305,1
rs,10240,1280,16,gpu,118,A_gemmrs,0,0.07066,0.06758,0.07066,0.06883,1305,1
rs,10240,1280,16,gpu,118,c_fluxgemm_only,2,0.04301,0.04198,0.04198,0.02901,1305,1
rs,10240,1280,16,gpu,119,c_cublas,0,0.03174,0.03174,0.03174,0.03784,1305,1
rs,10240,1280,16,gpu,119,A_gemmrs,1,0.07168,0.06963,0.07168,0.06651,1305,1
rs,10240,1280,16,gpu,119,c_fluxgemm_only,2,0.04301,0.04096,0.04198,0.02169,1305,1
rs,10240,1280,16,gpu,120,c_cublas,0,0.03174,0.03072,0.03174,0.03611,1305,1
rs,10240,1280,16,gpu,120,A_gemmrs,1,0.07373,0.06861,0.07373,0.06800,1305,1
rs,10240,1280,16,gpu,120,c_fluxgemm_only,2,0.04301,0.04096,0.04301,0.02218,1305,1
rs,10240,1280,16,gpu,121,c_cublas,0,0.03379,0.03174,0.03174,0.03617,1305,1
rs,10240,1280,16,gpu,121,A_gemmrs,2,0.07885,0.07373,0.07782,0.06257,1305,1
rs,10240,1280,16,gpu,121,c_fluxgemm_only,1,0.04301,0.04096,0.04198,0.02367,1305,1
rs,10240,1280,16,gpu,122,c_cublas,0,0.03174,0.03072,0.03072,0.03556,1305,1
rs,10240,1280,16,gpu,122,A_gemmrs,1,0.07168,0.06963,0.07168,0.06690,1305,1
rs,10240,1280,16,gpu,122,c_fluxgemm_only,2,0.04301,0.04198,0.04198,0.02230,1305,1
rs,10240,1280,16,gpu,123,c_cublas,2,0.03277,0.03072,0.03072,0.03595,1305,1
rs,10240,1280,16,gpu,123,A_gemmrs,0,0.07782,0.07066,0.07782,0.06488,1305,1
rs,10240,1280,16,gpu,123,c_fluxgemm_only,1,0.04301,0.04198,0.04301,0.02238,1305,1
rs,10240,1280,16,gpu,124,c_cublas,0,0.03174,0.03072,0.03072,0.03343,1305,1
rs,10240,1280,16,gpu,124,A_gemmrs,1,0.07270,0.06963,0.07270,0.07071,1305,1
rs,10240,1280,16,gpu,124,c_fluxgemm_only,2,0.04301,0.04096,0.04096,0.02280,1305,1
rs,10240,1280,16,gpu,125,c_cublas,0,0.03379,0.03277,0.03379,0.03695,1305,1
rs,10240,1280,16,gpu,125,A_gemmrs,1,0.07066,0.06963,0.07066,0.07756,1305,1
rs,10240,1280,16,gpu,125,c_fluxgemm_only,2,0.04403,0.04198,0.04301,0.02276,1305,1
rs,10240,1280,16,gpu,126,c_cublas,0,0.03277,0.03174,0.03174,0.03654,1410,1
rs,10240,1280,16,gpu,126,A_gemmrs,2,0.07475,0.06861,0.07373,0.06604,1410,1
rs,10240,1280,16,gpu,126,c_fluxgemm_only,1,0.04198,0.04096,0.04198,0.02387,1410,1
rs,10240,1280,16,gpu,127,c_cublas,0,0.03277,0.03072,0.03174,0.03594,1410,1
rs,10240,1280,16,gpu,127,A_gemmrs,1,0.07168,0.06963,0.07066,0.06684,1410,1
rs,10240,1280,16,gpu,127,c_fluxgemm_only,2,0.04198,0.04096,0.04096,0.02212,1410,1
rs,10240,1280,16,gpu,128,c_cublas,1,0.03277,0.03174,0.03174,0.03457,1410,1
rs,10240,1280,16,gpu,128,A_gemmrs,0,0.07168,0.06861,0.07168,0.06484,1410,1
rs,10240,1280,16,gpu,128,c_fluxgemm_only,2,0.04301,0.04096,0.04198,0.02909,1410,1
rs,10240,1280,16,gpu,129,c_cublas,1,0.03277,0.03072,0.03072,0.03526,1410,1
rs,10240,1280,16,gpu,129,A_gemmrs,0,0.07168,0.06963,0.07066,0.07221,1410,1
rs,10240,1280,16,gpu,129,c_fluxgemm_only,2,0.04403,0.04301,0.04403,0.02349,1410,1
rs,10240,1280,16,gpu,130,c_cublas,0,0.03174,0.03072,0.03072,0.03540,1410,1
rs,10240,1280,16,gpu,130,A_gemmrs,1,0.07885,0.07270,0.07680,0.06773,1410,1
rs,10240,1280,16,gpu,130,c_fluxgemm_only,2,0.04301,0.04096,0.04301,0.02225,1410,1
rs,10240,1280,16,gpu,131,c_cublas,2,0.03277,0.03174,0.03174,0.03527,1410,1
rs,10240,1280,16,gpu,131,A_gemmrs,0,0.07782,0.07168,0.07680,0.06773,1410,1
rs,10240,1280,16,gpu,131,c_fluxgemm_only,1,0.04301,0.04198,0.04198,0.02149,1410,1
rs,10240,1280,16,gpu,132,c_cublas,1,0.03277,0.03174,0.03277,0.03591,1410,1
rs,10240,1280,16,gpu,132,A_gemmrs,2,0.07168,0.06861,0.07168,0.06699,1410,1
rs,10240,1280,16,gpu,132,c_fluxgemm_only,0,0.04301,0.04096,0.04096,0.02414,1410,1
rs,10240,1280,16,gpu,133,c_cublas,2,0.03379,0.03174,0.03174,0.03584,1410,1
rs,10240,1280,16,gpu,133,A_gemmrs,0,0.07066,0.06963,0.07066,0.06610,1410,1
rs,10240,1280,16,gpu,133,c_fluxgemm_only,1,0.04301,0.04096,0.04198,0.02296,1410,1
rs,10240,1280,16,gpu,134,c_cublas,2,0.03277,0.03072,0.03174,0.03568,1410,1
rs,10240,1280,16,gpu,134,A_gemmrs,0,0.07270,0.06861,0.06861,0.07297,1410,1
rs,10240,1280,16,gpu,134,c_fluxgemm_only,1,0.04403,0.04301,0.04301,0.02218,1410,1
rs,10240,1280,16,gpu,135,c_cublas,0,0.03174,0.03072,0.03174,0.03298,1410,1
rs,10240,1280,16,gpu,135,A_gemmrs,2,0.07066,0.06861,0.06963,0.06423,1410,1
rs,10240,1280,16,gpu,135,c_fluxgemm_only,1,0.04301,0.04096,0.04198,0.02970,1410,1
rs,10240,1280,16,gpu,136,c_cublas,2,0.03277,0.03072,0.03174,0.03534,1410,1
rs,10240,1280,16,gpu,136,A_gemmrs,1,0.07168,0.06963,0.07066,0.06715,1410,1
rs,10240,1280,16,gpu,136,c_fluxgemm_only,0,0.04301,0.04096,0.04198,0.02323,1410,1
rs,10240,1280,16,gpu,137,c_cublas,0,0.03277,0.03174,0.03277,0.03273,1410,1
rs,10240,1280,16,gpu,137,A_gemmrs,2,0.07373,0.06963,0.07373,0.06829,1410,1
rs,10240,1280,16,gpu,137,c_fluxgemm_only,1,0.04301,0.04198,0.04198,0.02472,1410,1
rs,10240,1280,16,gpu,138,c_cublas,2,0.03277,0.03072,0.03277,0.03511,1410,1
rs,10240,1280,16,gpu,138,A_gemmrs,1,0.07680,0.07168,0.07168,0.07029,1410,1
rs,10240,1280,16,gpu,138,c_fluxgemm_only,0,0.04301,0.04198,0.04198,0.02315,1410,1
rs,10240,1280,16,gpu,139,c_cublas,1,0.03174,0.03072,0.03072,0.03417,1410,1
rs,10240,1280,16,gpu,139,A_gemmrs,0,0.07680,0.07168,0.07680,0.07191,1410,1
rs,10240,1280,16,gpu,139,c_fluxgemm_only,2,0.04301,0.04198,0.04301,0.02363,1410,1
rs,10240,1280,16,gpu,140,c_cublas,0,0.03174,0.03072,0.03174,0.03536,1410,1
rs,10240,1280,16,gpu,140,A_gemmrs,2,0.07168,0.06963,0.07066,0.06509,1410,1
rs,10240,1280,16,gpu,140,c_fluxgemm_only,1,0.04301,0.04198,0.04198,0.02386,1410,1
rs,10240,1280,16,gpu,141,c_cublas,1,0.03277,0.03072,0.03072,0.03636,1410,1
rs,10240,1280,16,gpu,141,A_gemmrs,2,0.07475,0.07066,0.07270,0.06763,1410,1
rs,10240,1280,16,gpu,141,c_fluxgemm_only,0,0.04403,0.04198,0.04301,0.02286,1410,1
rs,10240,1280,16,gpu,142,c_cublas,1,0.03379,0.03174,0.03277,0.15806,1410,1
rs,10240,1280,16,gpu,142,A_gemmrs,0,0.07066,0.06861,0.07066,0.07329,1410,1
rs,10240,1280,16,gpu,142,c_fluxgemm_only,2,0.04301,0.04096,0.04198,0.02401,1410,1
rs,10240,1280,16,gpu,143,c_cublas,1,0.03277,0.03174,0.03174,0.03609,1410,1
rs,10240,1280,16,gpu,143,A_gemmrs,2,0.07168,0.06963,0.07066,0.06789,1410,1
rs,10240,1280,16,gpu,143,c_fluxgemm_only,0,0.04198,0.04096,0.04198,0.02212,1410,1
rs,10240,1280,16,gpu,144,c_cublas,2,0.03277,0.03072,0.03174,0.04265,1410,1
rs,10240,1280,16,gpu,144,A_gemmrs,0,0.07066,0.06861,0.07066,0.06895,1410,1
rs,10240,1280,16,gpu,144,c_fluxgemm_only,1,0.04301,0.04198,0.04198,0.02220,1410,1
rs,10240,1280,16,gpu,145,c_cublas,2,0.03379,0.03277,0.03379,0.03405,1410,1
rs,10240,1280,16,gpu,145,A_gemmrs,1,0.07066,0.06963,0.07066,0.07387,1410,1
rs,10240,1280,16,gpu,145,c_fluxgemm_only,0,0.04301,0.04198,0.04198,0.02890,1410,1
rs,10240,1280,16,gpu,146,c_cublas,0,0.03174,0.03072,0.03174,0.03320,1410,1
rs,10240,1280,16,gpu,146,A_gemmrs,2,0.07475,0.07066,0.07168,0.06409,1410,1
rs,10240,1280,16,gpu,146,c_fluxgemm_only,1,0.04301,0.04198,0.04301,0.02474,1410,1
rs,10240,1280,16,gpu,147,c_cublas,1,0.03277,0.03174,0.03174,0.03666,1410,1
rs,10240,1280,16,gpu,147,A_gemmrs,2,0.07578,0.06963,0.07578,0.07000,1410,1
rs,10240,1280,16,gpu,147,c_fluxgemm_only,0,0.04301,0.04096,0.04198,0.02322,1410,1
rs,10240,1280,16,gpu,148,c_cublas,2,0.03174,0.03072,0.03174,0.03594,1410,1
rs,10240,1280,16,gpu,148,A_gemmrs,0,0.07680,0.07066,0.07578,0.06745,1410,1
rs,10240,1280,16,gpu,148,c_fluxgemm_only,1,0.04301,0.04096,0.04198,0.02281,1410,1
rs,10240,1280,16,gpu,149,c_cublas,2,0.03379,0.03277,0.03277,0.03627,1410,1
rs,10240,1280,16,gpu,149,A_gemmrs,0,0.07066,0.06861,0.07066,0.07017,1410,1
rs,10240,1280,16,gpu,149,c_fluxgemm_only,1,0.04301,0.04096,0.04198,0.02201,1410,1
rs,10240,1280,16,gpu,150,c_cublas,1,0.03174,0.03072,0.03174,0.03634,1410,1
rs,10240,1280,16,gpu,150,A_gemmrs,2,0.07168,0.06963,0.07168,0.06961,1410,1
rs,10240,1280,16,gpu,150,c_fluxgemm_only,0,0.04198,0.04096,0.04198,0.02386,1410,1
rs,10240,1280,16,gpu,151,c_cublas,1,0.03174,0.03072,0.03174,0.04111,1410,1
rs,10240,1280,16,gpu,151,A_gemmrs,0,0.07168,0.06963,0.07066,0.06588,1410,1
rs,10240,1280,16,gpu,151,c_fluxgemm_only,2,0.04301,0.04198,0.04198,0.02382,1410,1
rs,10240,1280,16,gpu,152,c_cublas,2,0.03174,0.03072,0.03174,0.03566,1410,1
rs,10240,1280,16,gpu,152,A_gemmrs,0,0.07066,0.06861,0.06963,0.06967,1410,1
rs,10240,1280,16,gpu,152,c_fluxgemm_only,1,0.04301,0.04096,0.04096,0.02262,1410,1
rs,10240,1280,16,gpu,153,c_cublas,2,0.03277,0.03277,0.03277,0.03625,1410,1
rs,10240,1280,16,gpu,153,A_gemmrs,0,0.07168,0.06861,0.07168,0.07294,1410,1
rs,10240,1280,16,gpu,153,c_fluxgemm_only,1,0.04198,0.04198,0.04198,0.02295,1410,1
rs,10240,1280,16,gpu,154,c_cublas,2,0.03277,0.03174,0.03174,0.04124,1410,1
rs,10240,1280,16,gpu,154,A_gemmrs,1,0.07168,0.06963,0.07168,0.06625,1410,1
rs,10240,1280,16,gpu,154,c_fluxgemm_only,0,0.04301,0.04096,0.04096,0.02420,1410,1
rs,10240,1280,16,gpu,155,c_cublas,0,0.03174,0.03174,0.03174,0.03361,1410,1
rs,10240,1280,16,gpu,155,A_gemmrs,2,0.07475,0.07168,0.07475,0.06620,1410,1
rs,10240,1280,16,gpu,155,c_fluxgemm_only,1,0.04301,0.04198,0.04198,0.02440,1410,1
rs,10240,1280,16,gpu,156,c_cublas,1,0.03174,0.03174,0.03174,0.03419,1410,1
rs,10240,1280,16,gpu,156,A_gemmrs,0,0.07168,0.06758,0.07066,0.06874,1410,1
rs,10240,1280,16,gpu,156,c_fluxgemm_only,2,0.04301,0.04096,0.04096,0.02347,1410,1
rs,10240,1280,16,gpu,157,c_cublas,2,0.03379,0.03174,0.03277,0.03504,1410,1
rs,10240,1280,16,gpu,157,A_gemmrs,1,0.07270,0.06963,0.07168,0.06621,1410,1
rs,10240,1280,16,gpu,157,c_fluxgemm_only,0,0.04403,0.04198,0.04198,0.02281,1410,1
rs,10240,1280,16,gpu,158,c_cublas,2,0.03277,0.03072,0.03072,0.03549,1410,1
rs,10240,1280,16,gpu,158,A_gemmrs,0,0.07168,0.06861,0.07066,0.07809,1410,1
rs,10240,1280,16,gpu,158,c_fluxgemm_only,1,0.04403,0.04301,0.04403,0.02245,1410,1
rs,10240,1280,16,gpu,159,c_cublas,0,0.03174,0.03072,0.03174,0.03349,1410,1
rs,10240,1280,16,gpu,159,A_gemmrs,2,0.07066,0.06963,0.07066,0.06561,1410,1
rs,10240,1280,16,gpu,159,c_fluxgemm_only,1,0.04301,0.04096,0.04096,0.02445,1410,1
rs,10240,1280,16,gpu,160,c_cublas,2,0.03277,0.03072,0.03277,0.03466,1410,1
rs,10240,1280,16,gpu,160,A_gemmrs,1,0.07066,0.06963,0.07066,0.06861,1410,1
rs,10240,1280,16,gpu,160,c_fluxgemm_only,0,0.04198,0.04198,0.04198,0.02368,1410,1
rs,10240,1280,16,gpu,161,c_cublas,0,0.03277,0.03174,0.03174,0.03231,1410,1
rs,10240,1280,16,gpu,161,A_gemmrs,2,0.07168,0.06963,0.07168,0.06859,1410,1
rs,10240,1280,16,gpu,161,c_fluxgemm_only,1,0.04301,0.04198,0.04301,0.02516,1410,1
rs,10240,1280,16,gpu,162,c_cublas,1,0.03379,0.03277,0.03277,0.03894,1410,1
rs,10240,1280,16,gpu,162,A_gemmrs,0,0.12800,0.09830,0.12595,0.08384,1410,1
rs,10240,1280,16,gpu,162,c_fluxgemm_only,2,0.04301,0.04198,0.04198,0.02376,1410,1
rs,10240,1280,16,gpu,163,c_cublas,1,0.03277,0.03072,0.03174,0.03493,1410,1
rs,10240,1280,16,gpu,163,A_gemmrs,0,1.47046,0.11571,1.47046,0.09461,1410,1
rs,10240,1280,16,gpu,163,c_fluxgemm_only,2,0.04301,0.04198,0.04198,0.02355,1410,1
rs,10240,1280,16,gpu,164,c_cublas,2,0.03277,0.03072,0.03174,0.03543,1410,1
rs,10240,1280,16,gpu,164,A_gemmrs,0,0.07578,0.07168,0.07475,0.06920,1410,1
rs,10240,1280,16,gpu,164,c_fluxgemm_only,1,0.04301,0.04198,0.04198,0.02171,1410,1
rs,10240,1280,16,gpu,165,c_cublas,0,0.03277,0.03174,0.03277,0.03416,1410,1
rs,10240,1280,16,gpu,165,A_gemmrs,1,0.07373,0.06861,0.06963,0.06837,1410,1
rs,10240,1280,16,gpu,165,c_fluxgemm_only,2,0.04403,0.04301,0.04301,0.02390,1410,1
rs,10240,1280,16,gpu,166,c_cublas,2,0.03277,0.03072,0.03072,0.04270,1410,1
rs,10240,1280,16,gpu,166,A_gemmrs,1,0.07270,0.07066,0.07270,0.06482,1410,1
rs,10240,1280,16,gpu,166,c_fluxgemm_only,0,0.04198,0.04198,0.04198,0.02229,1410,1
rs,10240,1280,16,gpu,167,c_cublas,0,0.03174,0.03072,0.03174,0.03319,1410,1
rs,10240,1280,16,gpu,167,A_gemmrs,2,0.07168,0.06963,0.07066,0.06418,1410,1
rs,10240,1280,16,gpu,167,c_fluxgemm_only,1,0.04301,0.04198,0.04301,0.02449,1410,1
rs,10240,1280,16,gpu,168,c_cublas,1,0.03379,0.03277,0.03277,0.03722,1410,1
rs,10240,1280,16,gpu,168,A_gemmrs,2,0.07066,0.06861,0.06963,0.07047,1410,1
rs,10240,1280,16,gpu,168,c_fluxgemm_only,0,0.04301,0.04096,0.04198,0.02321,1410,1
rs,10240,1280,16,gpu,169,c_cublas,2,0.03379,0.03277,0.03277,0.04139,1410,1
rs,10240,1280,16,gpu,169,A_gemmrs,1,0.07168,0.06963,0.07168,0.09260,1410,1
rs,10240,1280,16,gpu,169,c_fluxgemm_only,0,0.06042,0.04198,0.04301,0.02464,1410,1
rs,10240,1280,16,gpu,170,c_cublas,1,0.03379,0.03277,0.03277,0.03401,1410,1
rs,10240,1280,16,gpu,170,A_gemmrs,0,0.07373,0.06861,0.07373,0.07262,1410,1
rs,10240,1280,16,gpu,170,c_fluxgemm_only,2,0.05939,0.04198,0.04198,0.02951,1410,1
rs,10240,1280,16,gpu,171,c_cublas,0,0.03277,0.03072,0.03072,0.03641,1410,1
rs,10240,1280,16,gpu,171,A_gemmrs,2,0.07373,0.07066,0.07270,0.09233,1410,1
rs,10240,1280,16,gpu,171,c_fluxgemm_only,1,0.04301,0.04096,0.04301,0.02722,1410,1
rs,10240,1280,16,gpu,172,c_cublas,1,0.03379,0.03277,0.03277,0.03559,1410,1
rs,10240,1280,16,gpu,172,A_gemmrs,2,0.07270,0.06861,0.06861,0.07659,1410,1
rs,10240,1280,16,gpu,172,c_fluxgemm_only,0,0.04301,0.04096,0.04301,0.02284,1410,1
rs,10240,1280,16,gpu,173,c_cublas,1,0.03174,0.03072,0.03072,0.03354,1410,1
rs,10240,1280,16,gpu,173,A_gemmrs,0,0.07373,0.06861,0.07270,0.06822,1410,1
rs,10240,1280,16,gpu,173,c_fluxgemm_only,2,0.04403,0.04198,0.04403,0.02394,1410,1
rs,10240,1280,16,gpu,174,c_cublas,0,0.03174,0.03072,0.03174,0.03654,1410,1
rs,10240,1280,16,gpu,174,A_gemmrs,2,0.08192,0.06963,0.07373,0.06438,1410,1
rs,10240,1280,16,gpu,174,c_fluxgemm_only,1,0.04301,0.04096,0.04198,0.02906,1410,1
rs,10240,1280,16,gpu,175,c_cublas,0,0.03174,0.03072,0.03072,0.03488,1410,1
rs,10240,1280,16,gpu,175,A_gemmrs,2,0.07066,0.06758,0.07066,0.06716,1410,1
rs,10240,1280,16,gpu,175,c_fluxgemm_only,1,0.04301,0.04198,0.04198,0.02378,1410,1
rs,10240,1280,16,gpu,176,c_cublas,0,0.03174,0.03174,0.03174,0.13245,1410,1
rs,10240,1280,16,gpu,176,A_gemmrs,1,0.07578,0.06861,0.07475,0.06965,1410,1
rs,10240,1280,16,gpu,176,c_fluxgemm_only,2,0.04403,0.04096,0.04198,0.02218,1410,1
rs,10240,1280,16,gpu,177,c_cublas,2,0.03379,0.03277,0.03277,0.04009,1410,1
rs,10240,1280,16,gpu,177,A_gemmrs,1,0.07066,0.06861,0.07066,0.06532,1410,1
rs,10240,1280,16,gpu,177,c_fluxgemm_only,0,0.04403,0.04198,0.04301,0.02080,1410,1
rs,10240,1280,16,gpu,178,c_cublas,0,0.03277,0.03072,0.03174,0.03284,1410,1
rs,10240,1280,16,gpu,178,A_gemmrs,2,0.07168,0.06963,0.07168,0.06458,1410,1
rs,10240,1280,16,gpu,178,c_fluxgemm_only,1,0.04301,0.04198,0.04198,0.02445,1410,1
rs,10240,1280,16,gpu,179,c_cublas,2,0.03277,0.03072,0.03072,0.03567,1410,1
rs,10240,1280,16,gpu,179,A_gemmrs,0,0.07373,0.06963,0.07373,0.06515,1410,1
rs,10240,1280,16,gpu,179,c_fluxgemm_only,1,0.04198,0.04198,0.04198,0.02225,1410,1
rs,10240,1280,16,gpu,180,c_cublas,1,0.03277,0.03072,0.03174,0.03394,1410,1
rs,10240,1280,16,gpu,180,A_gemmrs,0,0.07578,0.07168,0.07270,0.06892,1410,1
rs,10240,1280,16,gpu,180,c_fluxgemm_only,2,0.04301,0.04198,0.04198,0.02431,1410,1
rs,10240,1280,16,gpu,181,c_cublas,2,0.03277,0.03174,0.03277,0.03595,1410,1
rs,10240,1280,16,gpu,181,A_gemmrs,0,0.07270,0.07066,0.07168,0.07244,1410,1
rs,10240,1280,16,gpu,181,c_fluxgemm_only,1,0.04301,0.04198,0.04198,0.02214,1410,1
rs,10240,1280,16,gpu,182,c_cublas,0,0.03277,0.03072,0.03174,0.03283,1410,1
rs,10240,1280,16,gpu,182,A_gemmrs,2,0.07373,0.06861,0.07168,0.06720,1410,1
rs,10240,1280,16,gpu,182,c_fluxgemm_only,1,0.05939,0.04096,0.04198,0.02480,1410,1
rs,10240,1280,16,gpu,183,c_cublas,2,0.03277,0.03072,0.03174,0.03397,1410,1
rs,10240,1280,16,gpu,183,A_gemmrs,1,0.07168,0.06963,0.07168,0.06706,1410,1
rs,10240,1280,16,gpu,183,c_fluxgemm_only,0,0.04301,0.04198,0.04198,0.02346,1410,1
rs,10240,1280,16,gpu,184,c_cublas,2,0.03277,0.03174,0.03174,0.03421,1410,1
rs,10240,1280,16,gpu,184,A_gemmrs,1,0.07270,0.06963,0.07168,0.06922,1410,1
rs,10240,1280,16,gpu,184,c_fluxgemm_only,0,0.04301,0.04198,0.04198,0.02452,1410,1
rs,10240,1280,16,gpu,185,c_cublas,0,0.03277,0.03277,0.03277,0.03213,1410,1
rs,10240,1280,16,gpu,185,A_gemmrs,2,0.07270,0.07066,0.07168,0.09288,1410,1
rs,10240,1280,16,gpu,185,c_fluxgemm_only,1,0.05939,0.04198,0.04198,0.02464,1410,1
rs,10240,1280,16,gpu,186,c_cublas,2,0.03174,0.03072,0.03072,0.08886,1410,1
rs,10240,1280,16,gpu,186,A_gemmrs,0,0.07066,0.06861,0.07066,0.06372,1410,1
rs,10240,1280,16,gpu,186,c_fluxgemm_only,1,0.04403,0.04301,0.04301,0.02208,1410,1
rs,10240,1280,16,gpu,187,c_cublas,0,0.06349,0.03072,0.06349,0.03870,1410,1
rs,10240,1280,16,gpu,187,A_gemmrs,1,0.07680,0.07168,0.07680,0.08348,1410,1
rs,10240,1280,16,gpu,187,c_fluxgemm_only,2,0.04301,0.04198,0.04198,0.02177,1410,1
rs,10240,1280,16,gpu,188,c_cublas,1,0.03174,0.03072,0.03072,0.03351,1410,1
rs,10240,1280,16,gpu,188,A_gemmrs,0,0.07270,0.06861,0.07168,0.06783,1410,1
rs,10240,1280,16,gpu,188,c_fluxgemm_only,2,0.04301,0.04198,0.04198,0.02338,1410,1
rs,10240,1280,16,gpu,189,c_cublas,1,0.03277,0.03174,0.03174,0.03633,1410,1
rs,10240,1280,16,gpu,189,A_gemmrs,0,0.07373,0.07066,0.07168,0.06985,1410,1
rs,10240,1280,16,gpu,189,c_fluxgemm_only,2,0.04301,0.04198,0.04301,0.02373,1410,1
rs,10240,1280,16,gpu,190,c_cublas,2,0.03277,0.03174,0.03277,0.03521,1410,1
rs,10240,1280,16,gpu,190,A_gemmrs,1,0.07270,0.07066,0.07270,0.06662,1410,1
rs,10240,1280,16,gpu,190,c_fluxgemm_only,0,0.04301,0.04096,0.04198,0.02106,1410,1
rs,10240,1280,16,gpu,191,c_cublas,2,0.03174,0.03174,0.03174,0.04254,1410,1
rs,10240,1280,16,gpu,191,A_gemmrs,0,0.07270,0.07168,0.07270,0.06942,1410,1
rs,10240,1280,16,gpu,191,c_fluxgemm_only,1,0.04301,0.04198,0.04198,0.02743,1410,1
rs,10240,1280,16,gpu,192,c_cublas,0,0.03174,0.03072,0.03072,0.03666,1410,1
rs,10240,1280,16,gpu,192,A_gemmrs,2,0.07168,0.06861,0.07168,0.06479,1410,1
rs,10240,1280,16,gpu,192,c_fluxgemm_only,1,0.04301,0.04198,0.04198,0.02444,1410,1
rs,10240,1280,16,gpu,193,c_cublas,0,0.03277,0.03174,0.03277,0.03507,1410,1
rs,10240,1280,16,gpu,193,A_gemmrs,1,0.07066,0.06861,0.06963,0.06730,1410,1
rs,10240,1280,16,gpu,193,c_fluxgemm_only,2,0.04403,0.04198,0.04403,0.02395,1410,1
rs,10240,1280,16,gpu,194,c_cublas,1,0.03379,0.03277,0.03379,0.03401,1410,1
rs,10240,1280,16,gpu,194,A_gemmrs,0,0.07373,0.06963,0.07270,0.06928,1410,1
rs,10240,1280,16,gpu,194,c_fluxgemm_only,2,0.04301,0.04198,0.04198,0.02443,1410,1
rs,10240,1280,16,gpu,195,c_cublas,2,0.03174,0.03072,0.03174,0.03542,1410,1
rs,10240,1280,16,gpu,195,A_gemmrs,0,0.07373,0.07066,0.07270,0.06956,1410,1
rs,10240,1280,16,gpu,195,c_fluxgemm_only,1,0.04301,0.04198,0.04198,0.02248,1410,1
rs,10240,1280,16,gpu,196,c_cublas,2,0.03174,0.03174,0.03174,0.03523,1410,1
rs,10240,1280,16,gpu,196,A_gemmrs,0,0.07578,0.07168,0.07578,0.07004,1410,1
rs,10240,1280,16,gpu,196,c_fluxgemm_only,1,0.04301,0.04096,0.04198,0.02557,1410,1
rs,10240,1280,16,gpu,197,c_cublas,2,0.03379,0.03174,0.03277,0.03401,1410,1
rs,10240,1280,16,gpu,197,A_gemmrs,1,0.07885,0.07270,0.07782,0.06421,1410,1
rs,10240,1280,16,gpu,197,c_fluxgemm_only,0,0.04403,0.04198,0.04301,0.02415,1410,1
rs,10240,1280,16,gpu,198,c_cublas,0,0.03174,0.03072,0.03174,0.03470,1410,1
rs,10240,1280,16,gpu,198,A_gemmrs,1,0.07168,0.07066,0.07168,0.08368,1410,1
rs,10240,1280,16,gpu,198,c_fluxgemm_only,2,0.04198,0.04096,0.04198,0.02305,1410,1
rs,10240,1280,16,gpu,199,c_cublas,0,0.03277,0.03174,0.03174,0.03927,1410,1
rs,10240,1280,16,gpu,199,A_gemmrs,1,0.07066,0.06861,0.07066,0.07025,1410,1
rs,10240,1280,16,gpu,199,c_fluxgemm_only,2,0.04301,0.04096,0.04198,0.02208,1410,1
rs,10240,1280,16,steady,0,c_cublas,0,0.02432,0.02234,0.02246,0.03653,0,1
rs,10240,1280,16,steady,0,A_gemmrs,2,0.06048,0.06035,0.06048,0.03606,0,1
rs,10240,1280,16,steady,0,c_fluxgemm_only,1,0.03341,0.03315,0.03328,0.01323,0,1
rs,10240,1280,16,steady,1,c_cublas,1,0.02259,0.02234,0.02253,0.01298,0,1
rs,10240,1280,16,steady,1,A_gemmrs,0,0.06330,0.06099,0.06278,0.03426,0,1
rs,10240,1280,16,steady,1,c_fluxgemm_only,2,0.03354,0.03315,0.03322,0.01329,0,1
rs,10240,1280,16,steady,2,c_cublas,0,0.02438,0.02310,0.02438,0.01363,0,1
rs,10240,1280,16,steady,2,A_gemmrs,1,0.06029,0.06022,0.06029,0.03536,0,1
rs,10240,1280,16,steady,2,c_fluxgemm_only,2,0.03347,0.03315,0.03334,0.01244,0,1
rs,10240,1280,16,steady,3,c_cublas,0,0.02432,0.02323,0.02381,0.01322,0,1
rs,10240,1280,16,steady,3,A_gemmrs,2,0.06016,0.06003,0.06016,0.03599,0,1
rs,10240,1280,16,steady,3,c_fluxgemm_only,1,0.03424,0.03315,0.03322,0.01308,0,1
rs,10240,1280,16,steady,4,c_cublas,2,0.02259,0.02227,0.02234,0.01300,0,1
rs,10240,1280,16,steady,4,A_gemmrs,0,0.06285,0.06170,0.06278,0.03759,0,1
rs,10240,1280,16,steady,4,c_fluxgemm_only,1,0.03347,0.03322,0.03322,0.01407,0,1
rs,10240,1280,16,steady,5,c_cublas,0,0.02490,0.02406,0.02490,0.01252,0,1
rs,10240,1280,16,steady,5,A_gemmrs,2,0.06106,0.06074,0.06106,0.03480,0,1
rs,10240,1280,16,steady,5,c_fluxgemm_only,1,0.03354,0.03322,0.03328,0.01276,0,1
rs,10240,1280,16,steady,6,c_cublas,1,0.02259,0.02227,0.02246,0.01295,0,1
rs,10240,1280,16,steady,6,A_gemmrs,0,0.06125,0.06099,0.06112,0.03550,0,1
rs,10240,1280,16,steady,6,c_fluxgemm_only,2,0.03354,0.03322,0.03334,0.01268,0,1
rs,10240,1280,16,steady,7,c_cublas,2,0.02253,0.02234,0.02240,0.01386,0,1
rs,10240,1280,16,steady,7,A_gemmrs,1,0.06080,0.06067,0.06080,0.03404,0,1
rs,10240,1280,16,steady,7,c_fluxgemm_only,0,0.03398,0.03322,0.03398,0.01399,0,1
rs,10240,1280,16,steady,8,c_cublas,1,0.02266,0.02234,0.02253,0.01293,0,1
rs,10240,1280,16,steady,8,A_gemmrs,2,0.06029,0.06016,0.06029,0.03569,0,1
rs,10240,1280,16,steady,8,c_fluxgemm_only,0,0.03437,0.03360,0.03437,0.01303,0,1
rs,10240,1280,16,steady,9,c_cublas,2,0.02259,0.02234,0.02246,0.01298,0,1
rs,10240,1280,16,steady,9,A_gemmrs,1,0.06042,0.06029,0.06042,0.03428,0,1
rs,10240,1280,16,steady,9,c_fluxgemm_only,0,0.03437,0.03386,0.03437,0.01281,0,1
rs,10240,1280,16,steady,10,c_cublas,2,0.02253,0.02227,0.02240,0.01299,0,1
rs,10240,1280,16,steady,10,A_gemmrs,1,0.06144,0.06099,0.06144,0.03492,0,1
rs,10240,1280,16,steady,10,c_fluxgemm_only,0,0.03424,0.03354,0.03424,0.01294,0,1
rs,10240,1280,16,steady,11,c_cublas,2,0.02253,0.02234,0.02240,0.01288,0,1
rs,10240,1280,16,steady,11,A_gemmrs,1,0.06048,0.06035,0.06048,0.03463,0,1
rs,10240,1280,16,steady,11,c_fluxgemm_only,0,0.03430,0.03341,0.03430,0.01268,0,1
rs,10240,1280,16,steady,12,c_cublas,1,0.02253,0.02240,0.02246,0.01287,0,1
rs,10240,1280,16,steady,12,A_gemmrs,0,0.06323,0.06214,0.06317,0.03499,0,1
rs,10240,1280,16,steady,12,c_fluxgemm_only,2,0.03366,0.03309,0.03328,0.01252,0,1
rs,10240,1280,16,steady,13,c_cublas,0,0.02368,0.02298,0.02368,0.01337,0,1
rs,10240,1280,16,steady,13,A_gemmrs,2,0.06054,0.06035,0.06048,0.03431,0,1
rs,10240,1280,16,steady,13,c_fluxgemm_only,1,0.03360,0.03315,0.03328,0.01261,0,1
rs,10240,1280,16,steady,14,c_cublas,1,0.02259,0.02240,0.02253,0.01297,0,1
rs,10240,1280,16,steady,14,A_gemmrs,2,0.06010,0.05997,0.06010,0.03597,0,1
rs,10240,1280,16,steady,14,c_fluxgemm_only,0,0.03424,0.03386,0.03424,0.01262,0,1
rs,10240,1280,16,steady,15,c_cublas,1,0.02432,0.02234,0.02432,0.01296,0,1
rs,10240,1280,16,steady,15,A_gemmrs,0,0.06227,0.06214,0.06214,0.03540,0,1
rs,10240,1280,16,steady,15,c_fluxgemm_only,2,0.03347,0.03309,0.03322,0.01328,0,1
rs,10240,1280,16,steady,16,c_cublas,1,0.02266,0.02234,0.02259,0.01313,0,1
rs,10240,1280,16,steady,16,A_gemmrs,2,0.06029,0.06010,0.06029,0.03439,0,1
rs,10240,1280,16,steady,16,c_fluxgemm_only,0,0.03354,0.03309,0.03315,0.01229,0,1
rs,10240,1280,16,steady,17,c_cublas,2,0.02266,0.02246,0.02246,0.01343,0,1
rs,10240,1280,16,steady,17,A_gemmrs,0,0.06240,0.06150,0.06150,0.03425,0,1
rs,10240,1280,16,steady,17,c_fluxgemm_only,1,0.03360,0.03309,0.03328,0.01254,0,1
rs,10240,1280,16,steady,18,c_cublas,0,0.02464,0.02381,0.02413,0.01313,0,1
rs,10240,1280,16,steady,18,A_gemmrs,1,0.06035,0.06016,0.06035,0.03416,0,1
rs,10240,1280,16,steady,18,c_fluxgemm_only,2,0.03347,0.03309,0.03334,0.01249,0,1
rs,10240,1280,16,steady,19,c_cublas,2,0.02259,0.02234,0.02253,0.01290,0,1
rs,10240,1280,16,steady,19,A_gemmrs,1,0.06016,0.06003,0.06016,0.03433,0,1
rs,10240,1280,16,steady,19,c_fluxgemm_only,0,0.03386,0.03322,0.03341,0.01260,0,1
rs,10240,1280,16,steady,20,c_cublas,0,0.02458,0.02368,0.02432,0.01265,0,1
rs,10240,1280,16,steady,20,A_gemmrs,1,0.06125,0.06080,0.06125,0.03456,0,1
rs,10240,1280,16,steady,20,c_fluxgemm_only,2,0.03354,0.03309,0.03334,0.01330,0,1
rs,10240,1280,16,steady,21,c_cublas,1,0.02246,0.02234,0.02246,0.01343,0,1
rs,10240,1280,16,steady,21,A_gemmrs,2,0.06054,0.06035,0.06054,0.03421,0,1
rs,10240,1280,16,steady,21,c_fluxgemm_only,0,0.03411,0.03309,0.03341,0.01265,0,1
rs,10240,1280,16,steady,22,c_cublas,0,0.02419,0.02234,0.02246,0.01353,0,1
rs,10240,1280,16,steady,22,A_gemmrs,2,0.06042,0.06022,0.06029,0.03439,0,1
rs,10240,1280,16,steady,22,c_fluxgemm_only,1,0.03354,0.03322,0.03322,0.01274,0,1
rs,10240,1280,16,steady,23,c_cublas,1,0.02259,0.02234,0.02240,0.01300,0,1
rs,10240,1280,16,steady,23,A_gemmrs,0,0.06118,0.06099,0.06106,0.03382,0,1
rs,10240,1280,16,steady,23,c_fluxgemm_only,2,0.03347,0.03315,0.03322,0.01266,0,1
rs,10240,1280,16,steady,24,c_cublas,0,0.02394,0.02298,0.02349,0.01323,0,1
rs,10240,1280,16,steady,24,A_gemmrs,2,0.06061,0.06029,0.06061,0.03517,0,1
rs,10240,1280,16,steady,24,c_fluxgemm_only,1,0.03366,0.03309,0.03328,0.01276,0,1
rs,10240,1280,16,steady,25,c_cublas,1,0.02253,0.02227,0.02240,0.01303,0,1
rs,10240,1280,16,steady,25,A_gemmrs,0,0.06304,0.06208,0.06298,0.03488,0,1
rs,10240,1280,16,steady,25,c_fluxgemm_only,2,0.03354,0.03315,0.03334,0.01261,0,1
rs,10240,1280,16,steady,26,c_cublas,0,0.02355,0.02278,0.02355,0.01315,0,1
rs,10240,1280,16,steady,26,A_gemmrs,2,0.06029,0.06016,0.06029,0.03382,0,1
rs,10240,1280,16,steady,26,c_fluxgemm_only,1,0.03354,0.03315,0.03322,0.01318,0,1
rs,10240,1280,16,steady,27,c_cublas,2,0.02253,0.02227,0.02253,0.01344,0,1
rs,10240,1280,16,steady,27,A_gemmrs,1,0.06016,0.06003,0.06016,0.03387,0,1
rs,10240,1280,16,steady,27,c_fluxgemm_only,0,0.03418,0.03379,0.03405,0.01304,0,1
rs,10240,1280,16,steady,28,c_cublas,1,0.02266,0.02240,0.02246,0.01294,0,1
rs,10240,1280,16,steady,28,A_gemmrs,2,0.06029,0.06010,0.06022,0.03455,0,1
rs,10240,1280,16,steady,28,c_fluxgemm_only,0,0.03456,0.03373,0.03456,0.01344,0,1
rs,10240,1280,16,steady,29,c_cublas,2,0.02259,0.02246,0.02246,0.01287,0,1
rs,10240,1280,16,steady,29,A_gemmrs,1,0.06022,0.06010,0.06022,0.03388,0,1
rs,10240,1280,16,steady,29,c_fluxgemm_only,0,0.03411,0.03373,0.03411,0.01281,0,1
rs,10240,1280,16,steady,30,c_cublas,2,0.02253,0.02227,0.02234,0.01292,0,1
rs,10240,1280,16,steady,30,A_gemmrs,1,0.06170,0.06080,0.06170,0.03448,0,1
rs,10240,1280,16,steady,30,c_fluxgemm_only,0,0.03437,0.03341,0.03411,0.01283,0,1
rs,10240,1280,16,steady,31,c_cublas,0,0.02470,0.02413,0.02470,0.01260,0,1
rs,10240,1280,16,steady,31,A_gemmrs,2,0.06086,0.06054,0.06086,0.03406,0,1
rs,10240,1280,16,steady,31,c_fluxgemm_only,1,0.03354,0.03322,0.03328,0.01325,0,1
rs,10240,1280,16,steady,32,c_cublas,0,0.02432,0.02362,0.02413,0.01313,0,1
rs,10240,1280,16,steady,32,A_gemmrs,2,0.06080,0.06048,0.06067,0.03396,0,1
rs,10240,1280,16,steady,32,c_fluxgemm_only,1,0.03354,0.03309,0.03328,0.01277,0,1
rs,10240,1280,16,steady,33,c_cublas,2,0.02259,0.02246,0.02253,0.01407,0,1
rs,10240,1280,16,steady,33,A_gemmrs,0,0.06298,0.06176,0.06291,0.03436,0,1
rs,10240,1280,16,steady,33,c_fluxgemm_only,1,0.03354,0.03309,0.03322,0.01244,0,1
rs,10240,1280,16,steady,34,c_cublas,2,0.02253,0.02227,0.02240,0.01301,0,1
rs,10240,1280,16,steady,34,A_gemmrs,0,0.06214,0.06144,0.06214,0.03435,0,1
rs,10240,1280,16,steady,34,c_fluxgemm_only,1,0.03354,0.03309,0.03328,0.01269,0,1
rs,10240,1280,16,steady,35,c_cublas,2,0.02259,0.02240,0.02246,0.01298,0,1
rs,10240,1280,16,steady,35,A_gemmrs,0,0.06138,0.06118,0.06138,0.03540,0,1
rs,10240,1280,16,steady,35,c_fluxgemm_only,1,0.03354,0.03322,0.03322,0.01289,0,1
rs,10240,1280,16,steady,36,c_cublas,2,0.02259,0.02234,0.02234,0.01286,0,1
rs,10240,1280,16,steady,36,A_gemmrs,0,0.06144,0.06131,0.06144,0.03500,0,1
rs,10240,1280,16,steady,36,c_fluxgemm_only,1,0.03341,0.03309,0.03334,0.01245,0,1
rs,10240,1280,16,steady,37,c_cublas,0,0.02554,0.02394,0.02451,0.01270,0,1
rs,10240,1280,16,steady,37,A_gemmrs,1,0.06048,0.06042,0.06048,0.03473,0,1
rs,10240,1280,16,steady,37,c_fluxgemm_only,2,0.03354,0.03309,0.03322,0.01257,0,1
rs,10240,1280,16,steady,38,c_cublas,1,0.02253,0.02227,0.02240,0.01301,0,1
rs,10240,1280,16,steady,38,A_gemmrs,2,0.06022,0.06010,0.06022,0.03406,0,1
rs,10240,1280,16,steady,38,c_fluxgemm_only,0,0.03398,0.03315,0.03398,0.01284,0,1
rs,10240,1280,16,steady,39,c_cublas,2,0.02266,0.02227,0.02246,0.01354,0,1
rs,10240,1280,16,steady,39,A_gemmrs,0,0.06227,0.06144,0.06221,0.03526,0,1
rs,10240,1280,16,steady,39,c_fluxgemm_only,1,0.03360,0.03315,0.03328,0.01247,0,1
rs,10240,1280,16,steady,40,c_cublas,0,0.02464,0.02349,0.02464,0.01266,0,1
rs,10240,1280,16,steady,40,A_gemmrs,1,0.06067,0.06035,0.06067,0.03511,0,1
rs,10240,1280,16,steady,40,c_fluxgemm_only,2,0.03347,0.03315,0.03322,0.01251,0,1
rs,10240,1280,16,steady,41,c_cublas,1,0.02259,0.02240,0.02246,0.01305,0,1
rs,10240,1280,16,steady,41,A_gemmrs,2,0.06048,0.06029,0.06042,0.03497,0,1
rs,10240,1280,16,steady,41,c_fluxgemm_only,0,0.03398,0.03309,0.03328,0.01253,0,1
rs,10240,1280,16,steady,42,c_cublas,2,0.02259,0.02234,0.02234,0.01589,0,1
rs,10240,1280,16,steady,42,A_gemmrs,1,0.06010,0.05990,0.05997,0.03439,0,1
rs,10240,1280,16,steady,42,c_fluxgemm_only,0,0.03424,0.03366,0.03424,0.01254,0,1
rs,10240,1280,16,steady,43,c_cublas,0,0.02483,0.02400,0.02458,0.01292,0,1
rs,10240,1280,16,steady,43,A_gemmrs,2,0.06016,0.06003,0.06010,0.04080,0,1
rs,10240,1280,16,steady,43,c_fluxgemm_only,1,0.03360,0.03315,0.03334,0.01312,0,1
rs,10240,1280,16,steady,44,c_cublas,2,0.02253,0.02234,0.02240,0.01347,0,1
rs,10240,1280,16,steady,44,A_gemmrs,0,0.06182,0.06118,0.06131,0.03467,0,1
rs,10240,1280,16,steady,44,c_fluxgemm_only,1,0.03347,0.03315,0.03334,0.01247,0,1
rs,10240,1280,16,steady,45,c_cublas,0,0.02477,0.02394,0.02477,0.01271,0,1
rs,10240,1280,16,steady,45,A_gemmrs,2,0.06042,0.06016,0.06042,0.03624,0,1
rs,10240,1280,16,steady,45,c_fluxgemm_only,1,0.03360,0.03322,0.03322,0.01275,0,1
rs,10240,1280,16,steady,46,c_cublas,2,0.02253,0.02240,0.02246,0.01346,0,1
rs,10240,1280,16,steady,46,A_gemmrs,1,0.06035,0.06003,0.06035,0.03394,0,1
rs,10240,1280,16,steady,46,c_fluxgemm_only,0,0.03424,0.03386,0.03418,0.01311,0,1
rs,10240,1280,16,steady,47,c_cublas,2,0.02253,0.02221,0.02246,0.01340,0,1
rs,10240,1280,16,steady,47,A_gemmrs,1,0.06048,0.06035,0.06048,0.03415,0,1
rs,10240,1280,16,steady,47,c_fluxgemm_only,0,0.03443,0.03379,0.03398,0.01295,0,1
rs,10240,1280,16,steady,48,c_cublas,1,0.02259,0.02240,0.02246,0.01342,0,1
rs,10240,1280,16,steady,48,A_gemmrs,0,0.06234,0.06157,0.06157,0.03489,0,1
rs,10240,1280,16,steady,48,c_fluxgemm_only,2,0.03341,0.03315,0.03322,0.01263,0,1
rs,10240,1280,16,steady,49,c_cublas,2,0.02259,0.02240,0.02246,0.01287,0,1
rs,10240,1280,16,steady,49,A_gemmrs,0,0.08422,0.06202,0.08422,0.03552,0,1
rs,10240,1280,16,steady,49,c_fluxgemm_only,1,0.03347,0.03315,0.03328,0.01259,0,1
rs,10240,1280,128,gpu,0,c_cublas,0,0.07373,0.03482,0.03686,0.26241,0,1
rs,10240,1280,128,gpu,0,A_gemmrs,1,0.10547,0.10342,0.10547,0.08408,0,1
rs,10240,1280,128,gpu,0,c_fluxgemm_only,2,0.04506,0.04403,0.04403,0.02720,0,1
rs,10240,1280,128,gpu,1,c_cublas,2,0.03789,0.03584,0.03789,0.07125,0,1
rs,10240,1280,128,gpu,1,A_gemmrs,1,0.10547,0.10240,0.10547,0.07576,0,1
rs,10240,1280,128,gpu,1,c_fluxgemm_only,0,0.04608,0.04506,0.04506,0.02534,0,1
rs,10240,1280,128,gpu,2,c_cublas,0,0.03686,0.03584,0.03686,0.04524,0,1
rs,10240,1280,128,gpu,2,A_gemmrs,1,0.10035,0.09626,0.10035,0.07953,0,1
rs,10240,1280,128,gpu,2,c_fluxgemm_only,2,0.04608,0.04403,0.04403,0.02764,0,1
rs,10240,1280,128,gpu,3,c_cublas,0,0.03686,0.03584,0.03584,0.04283,0,1
rs,10240,1280,128,gpu,3,A_gemmrs,1,0.09114,0.08909,0.09114,0.07832,0,1
rs,10240,1280,128,gpu,3,c_fluxgemm_only,2,0.04506,0.04403,0.04506,0.02675,0,1
rs,10240,1280,128,gpu,4,c_cublas,1,0.03686,0.03584,0.03584,0.03985,0,1
rs,10240,1280,128,gpu,4,A_gemmrs,0,0.09114,0.08806,0.09011,0.07448,0,1
rs,10240,1280,128,gpu,4,c_fluxgemm_only,2,0.04506,0.04403,0.04403,0.03682,0,1
rs,10240,1280,128,gpu,5,c_cublas,2,0.03789,0.03686,0.03789,0.04193,0,1
rs,10240,1280,128,gpu,5,A_gemmrs,0,0.08090,0.07885,0.08090,0.08913,0,1
rs,10240,1280,128,gpu,5,c_fluxgemm_only,1,0.04608,0.04403,0.04403,0.02681,0,1
rs,10240,1280,128,gpu,6,c_cublas,0,0.03686,0.03584,0.03686,0.03838,0,1
rs,10240,1280,128,gpu,6,A_gemmrs,2,0.13414,0.12698,0.13312,0.07587,0,1
rs,10240,1280,128,gpu,6,c_fluxgemm_only,1,0.04506,0.04403,0.04403,0.02872,0,1
rs,10240,1280,128,gpu,7,c_cublas,2,0.03686,0.03482,0.03686,0.05148,0,1
rs,10240,1280,128,gpu,7,A_gemmrs,0,0.10240,0.10035,0.10240,0.07762,0,1
rs,10240,1280,128,gpu,7,c_fluxgemm_only,1,0.04506,0.04403,0.04506,0.02647,0,1
rs,10240,1280,128,gpu,8,c_cublas,2,0.03686,0.03584,0.03584,0.03957,0,1
rs,10240,1280,128,gpu,8,A_gemmrs,1,0.10240,0.09523,0.10240,0.07658,0,1
rs,10240,1280,128,gpu,8,c_fluxgemm_only,0,0.04506,0.04403,0.04403,0.03567,0,1
rs,10240,1280,128,gpu,9,c_cublas,1,0.03686,0.03584,0.03584,0.03970,0,1
rs,10240,1280,128,gpu,9,A_gemmrs,2,0.09626,0.09421,0.09626,0.07803,0,1
rs,10240,1280,128,gpu,9,c_fluxgemm_only,0,0.04608,0.04506,0.04506,0.02953,0,1
rs,10240,1280,128,gpu,10,c_cublas,1,0.03789,0.03584,0.03584,0.04008,0,1
rs,10240,1280,128,gpu,10,A_gemmrs,2,0.10854,0.10650,0.10752,0.08301,0,1
rs,10240,1280,128,gpu,10,c_fluxgemm_only,0,0.04506,0.04403,0.04506,0.02676,0,1
rs,10240,1280,128,gpu,11,c_cublas,2,0.03789,0.03584,0.03686,0.03976,0,1
rs,10240,1280,128,gpu,11,A_gemmrs,0,0.09114,0.08602,0.08602,0.07661,0,1
rs,10240,1280,128,gpu,11,c_fluxgemm_only,1,0.04506,0.04403,0.04403,0.02566,0,1
rs,10240,1280,128,gpu,12,c_cublas,0,0.03686,0.03584,0.03584,0.03787,0,1
rs,10240,1280,128,gpu,12,A_gemmrs,2,0.09011,0.08806,0.09011,0.07131,0,1
rs,10240,1280,128,gpu,12,c_fluxgemm_only,1,0.04608,0.04403,0.04506,0.02804,0,1
rs,10240,1280,128,gpu,13,c_cublas,1,0.03686,0.03584,0.03686,0.03943,0,1
rs,10240,1280,128,gpu,13,A_gemmrs,2,0.08294,0.07987,0.08192,0.08104,0,1
rs,10240,1280,128,gpu,13,c_fluxgemm_only,0,0.04608,0.04506,0.04608,0.02579,0,1
rs,10240,1280,128,gpu,14,c_cublas,0,0.03789,0.03584,0.03584,0.05176,0,1
rs,10240,1280,128,gpu,14,A_gemmrs,2,0.13414,0.13210,0.13312,0.07109,0,1
rs,10240,1280,128,gpu,14,c_fluxgemm_only,1,0.04506,0.04403,0.04403,0.02683,0,1
rs,10240,1280,128,gpu,15,c_cublas,2,0.03686,0.03584,0.03584,0.03667,0,1
rs,10240,1280,128,gpu,15,A_gemmrs,1,0.10138,0.09933,0.10138,0.06764,0,1
rs,10240,1280,128,gpu,15,c_fluxgemm_only,0,0.04506,0.04403,0.04506,0.02545,0,1
rs,10240,1280,128,gpu,16,c_cublas,1,0.03789,0.03584,0.03789,0.03644,0,1
rs,10240,1280,128,gpu,16,A_gemmrs,2,0.10957,0.10445,0.10445,0.08043,0,1
rs,10240,1280,128,gpu,16,c_fluxgemm_only,0,0.04506,0.04403,0.04506,0.02661,0,1
rs,10240,1280,128,gpu,17,c_cublas,2,0.03789,0.03686,0.03789,0.03630,0,1
rs,10240,1280,128,gpu,17,A_gemmrs,1,0.09216,0.08909,0.09216,0.06980,0,1
rs,10240,1280,128,gpu,17,c_fluxgemm_only,0,0.04608,0.04506,0.04506,0.02584,0,1
rs,10240,1280,128,gpu,18,c_cublas,0,0.03686,0.03482,0.03584,0.03435,0,1
rs,10240,1280,128,gpu,18,A_gemmrs,2,0.10854,0.10547,0.10752,0.06761,0,1
rs,10240,1280,128,gpu,18,c_fluxgemm_only,1,0.04506,0.04403,0.04403,0.02562,0,1
rs,10240,1280,128,gpu,19,c_cublas,1,0.03686,0.03482,0.03686,0.03733,0,1
rs,10240,1280,128,gpu,19,A_gemmrs,2,0.09011,0.08704,0.09011,0.07910,0,1
rs,10240,1280,128,gpu,19,c_fluxgemm_only,0,0.04506,0.04403,0.04506,0.02409,0,1
rs,10240,1280,128,gpu,20,c_cublas,1,0.03789,0.03686,0.03686,0.03740,0,1
rs,10240,1280,128,gpu,20,A_gemmrs,2,0.09114,0.08499,0.09011,0.06860,0,1
rs,10240,1280,128,gpu,20,c_fluxgemm_only,0,0.04608,0.04403,0.04403,0.02477,0,1
rs,10240,1280,128,gpu,21,c_cublas,0,0.03789,0.03686,0.03686,0.03670,0,1
rs,10240,1280,128,gpu,21,A_gemmrs,1,0.08192,0.07578,0.08192,0.06692,0,1
rs,10240,1280,128,gpu,21,c_fluxgemm_only,2,0.04608,0.04506,0.04608,0.02347,0,1
rs,10240,1280,128,gpu,22,c_cublas,1,0.03789,0.03584,0.03686,0.03568,0,1
rs,10240,1280,128,gpu,22,A_gemmrs,0,0.08090,0.07885,0.07987,0.06833,0,1
rs,10240,1280,128,gpu,22,c_fluxgemm_only,2,0.04608,0.04403,0.04403,0.03070,0,1
rs,10240,1280,128,gpu,23,c_cublas,0,0.03686,0.03584,0.03584,0.04414,0,1
rs,10240,1280,128,gpu,23,A_gemmrs,2,0.13824,0.13619,0.13824,0.06673,0,1
rs,10240,1280,128,gpu,23,c_fluxgemm_only,1,0.04506,0.04403,0.04506,0.02459,0,1
rs,10240,1280,128,gpu,24,c_cublas,0,0.03686,0.03584,0.03686,0.03537,0,1
rs,10240,1280,128,gpu,24,A_gemmrs,2,0.11469,0.11162,0.11366,0.06396,0,1
rs,10240,1280,128,gpu,24,c_fluxgemm_only,1,0.04608,0.04403,0.04403,0.02990,0,1
rs,10240,1280,128,gpu,25,c_cublas,0,0.03789,0.03686,0.03686,0.03492,0,1
rs,10240,1280,128,gpu,25,A_gemmrs,1,0.09114,0.08909,0.09114,0.06641,0,1
rs,10240,1280,128,gpu,25,c_fluxgemm_only,2,0.04608,0.04506,0.04608,0.03001,0,1
rs,10240,1280,128,gpu,26,c_cublas,0,0.03686,0.03482,0.03686,0.03674,0,1
rs,10240,1280,128,gpu,26,A_gemmrs,2,0.10957,0.10445,0.10957,0.06563,0,1
rs,10240,1280,128,gpu,26,c_fluxgemm_only,1,0.04506,0.04403,0.04403,0.02372,0,1
rs,10240,1280,128,gpu,27,c_cublas,2,0.03686,0.03584,0.03584,0.03488,0,1
rs,10240,1280,128,gpu,27,A_gemmrs,0,0.08192,0.07987,0.08192,0.06452,0,1
rs,10240,1280,128,gpu,27,c_fluxgemm_only,1,0.04608,0.04403,0.04403,0.02147,0,1
rs,10240,1280,128,gpu,28,c_cublas,0,0.03686,0.03584,0.03584,0.03262,0,1
rs,10240,1280,128,gpu,28,A_gemmrs,1,0.09216,0.08909,0.09114,0.06770,0,1
rs,10240,1280,128,gpu,28,c_fluxgemm_only,2,0.04506,0.04403,0.04506,0.03020,0,1
rs,10240,1280,128,gpu,29,c_cublas,2,0.03789,0.03686,0.03686,0.03481,0,1
rs,10240,1280,128,gpu,29,A_gemmrs,0,0.09114,0.08806,0.09114,0.06723,0,1
rs,10240,1280,128,gpu,29,c_fluxgemm_only,1,0.04506,0.04301,0.04506,0.02169,0,1
rs,10240,1280,128,gpu,30,c_cublas,1,0.03789,0.03686,0.03789,0.03293,0,1
rs,10240,1280,128,gpu,30,A_gemmrs,0,0.08909,0.08704,0.08909,0.06774,0,1
rs,10240,1280,128,gpu,30,c_fluxgemm_only,2,0.04608,0.04403,0.04608,0.02426,0,1
rs,10240,1280,128,gpu,31,c_cublas,2,0.03686,0.03584,0.03686,0.04208,0,1
rs,10240,1280,128,gpu,31,A_gemmrs,0,0.72294,0.10547,0.71987,0.08476,0,1
rs,10240,1280,128,gpu,31,c_fluxgemm_only,1,0.04608,0.04403,0.04506,0.02708,0,1
rs,10240,1280,128,gpu,32,c_cublas,0,0.03686,0.03584,0.03584,0.03168,0,1
rs,10240,1280,128,gpu,32,A_gemmrs,2,0.13414,0.13210,0.13414,0.06257,0,1
rs,10240,1280,128,gpu,32,c_fluxgemm_only,1,0.04710,0.04403,0.04506,0.02458,0,1
rs,10240,1280,128,gpu,33,c_cublas,2,0.03789,0.03686,0.03789,0.03412,0,1
rs,10240,1280,128,gpu,33,A_gemmrs,0,0.97178,0.11366,0.97178,0.08753,0,1
rs,10240,1280,128,gpu,33,c_fluxgemm_only,1,0.04506,0.04403,0.04403,0.02194,0,1
rs,10240,1280,128,gpu,34,c_cublas,1,0.03789,0.03686,0.03686,0.03316,0,1
rs,10240,1280,128,gpu,34,A_gemmrs,0,0.10752,0.10547,0.10752,0.06732,0,1
rs,10240,1280,128,gpu,34,c_fluxgemm_only,2,0.04506,0.04403,0.04403,0.02465,0,1
rs,10240,1280,128,gpu,35,c_cublas,0,0.03686,0.03584,0.03584,0.03546,0,1
rs,10240,1280,128,gpu,35,A_gemmrs,2,0.09626,0.09421,0.09523,0.06520,0,1
rs,10240,1280,128,gpu,35,c_fluxgemm_only,1,0.04506,0.04403,0.04506,0.02406,0,1
rs,10240,1280,128,gpu,36,c_cublas,0,0.03686,0.03584,0.03584,0.03417,0,1
rs,10240,1280,128,gpu,36,A_gemmrs,2,0.09216,0.08294,0.09114,0.06383,0,1
rs,10240,1280,128,gpu,36,c_fluxgemm_only,1,0.04813,0.04506,0.04506,0.02816,0,1
rs,10240,1280,128,gpu,37,c_cublas,1,0.03686,0.03584,0.03584,0.03538,0,1
rs,10240,1280,128,gpu,37,A_gemmrs,2,0.09011,0.08806,0.08806,0.06539,0,1
rs,10240,1280,128,gpu,37,c_fluxgemm_only,0,0.04608,0.04506,0.04506,0.02416,0,1
rs,10240,1280,128,gpu,38,c_cublas,2,0.03789,0.03584,0.03584,0.03344,0,1
rs,10240,1280,128,gpu,38,A_gemmrs,0,0.09728,0.09318,0.09728,0.06446,0,1
rs,10240,1280,128,gpu,38,c_fluxgemm_only,1,0.04608,0.04506,0.04608,0.02210,0,1
rs,10240,1280,128,gpu,39,c_cublas,0,0.03686,0.03584,0.03686,0.03430,0,1
rs,10240,1280,128,gpu,39,A_gemmrs,2,0.13722,0.13414,0.13619,0.09191,0,1
rs,10240,1280,128,gpu,39,c_fluxgemm_only,1,0.06246,0.04403,0.04506,0.03007,0,1
rs,10240,1280,128,gpu,40,c_cublas,2,0.06349,0.03584,0.03686,0.03444,0,1
rs,10240,1280,128,gpu,40,A_gemmrs,0,0.10240,0.09933,0.10138,0.06543,0,1
rs,10240,1280,128,gpu,40,c_fluxgemm_only,1,0.04506,0.04403,0.04403,0.02238,0,1
rs,10240,1280,128,gpu,41,c_cublas,1,0.03686,0.03584,0.03686,0.03756,0,1
rs,10240,1280,128,gpu,41,A_gemmrs,0,0.10650,0.10445,0.10650,0.08654,0,1
rs,10240,1280,128,gpu,41,c_fluxgemm_only,2,0.04710,0.04506,0.04608,0.02477,0,1
rs,10240,1280,128,gpu,42,c_cublas,1,0.03789,0.03686,0.03789,0.03202,0,1
rs,10240,1280,128,gpu,42,A_gemmrs,0,0.09421,0.09216,0.09421,0.07320,0,1
rs,10240,1280,128,gpu,42,c_fluxgemm_only,2,0.04506,0.04403,0.04403,0.03155,0,1
rs,10240,1280,128,gpu,43,c_cublas,1,0.03686,0.03584,0.03686,0.03470,0,1
rs,10240,1280,128,gpu,43,A_gemmrs,2,0.09626,0.09216,0.09523,0.06518,0,1
rs,10240,1280,128,gpu,43,c_fluxgemm_only,0,0.04506,0.04403,0.04403,0.02335,0,1
rs,10240,1280,128,gpu,44,c_cublas,0,0.03686,0.03584,0.03686,0.03391,0,1
rs,10240,1280,128,gpu,44,A_gemmrs,2,0.09421,0.09114,0.09318,0.06328,0,1
rs,10240,1280,128,gpu,44,c_fluxgemm_only,1,0.04710,0.04506,0.04608,0.02479,0,1
rs,10240,1280,128,gpu,45,c_cublas,1,0.03686,0.03584,0.03686,0.03416,0,1
rs,10240,1280,128,gpu,45,A_gemmrs,2,0.08806,0.08602,0.08806,0.06916,0,1
rs,10240,1280,128,gpu,45,c_fluxgemm_only,0,0.04608,0.04506,0.04608,0.02284,0,1
rs,10240,1280,128,gpu,46,c_cublas,2,0.03686,0.03584,0.03686,0.03438,0,1
rs,10240,1280,128,gpu,46,A_gemmrs,0,0.08704,0.08499,0.08704,0.06898,0,1
rs,10240,1280,128,gpu,46,c_fluxgemm_only,1,0.04608,0.04506,0.04506,0.02206,0,1
rs,10240,1280,128,gpu,47,c_cublas,1,0.03686,0.03584,0.03686,0.03209,0,1
rs,10240,1280,128,gpu,47,A_gemmrs,0,0.11162,0.10752,0.11162,0.06970,0,1
rs,10240,1280,128,gpu,47,c_fluxgemm_only,2,0.04506,0.04403,0.04403,0.02486,0,1
rs,10240,1280,128,gpu,48,c_cublas,2,0.03686,0.03584,0.03686,0.03400,0,1
rs,10240,1280,128,gpu,48,A_gemmrs,0,0.12902,0.12390,0.12902,0.06951,0,1
rs,10240,1280,128,gpu,48,c_fluxgemm_only,1,0.04506,0.04403,0.04403,0.02149,0,1
rs,10240,1280,128,gpu,49,c_cublas,0,0.03789,0.03584,0.03686,0.03256,0,1
rs,10240,1280,128,gpu,49,A_gemmrs,2,0.10752,0.10547,0.10752,0.06361,0,1
rs,10240,1280,128,gpu,49,c_fluxgemm_only,1,0.04506,0.04403,0.04403,0.02438,0,1
rs,10240,1280,128,gpu,50,c_cublas,0,0.03686,0.03584,0.03584,0.03517,0,1
rs,10240,1280,128,gpu,50,A_gemmrs,2,0.10650,0.10445,0.10547,0.06515,0,1
rs,10240,1280,128,gpu,50,c_fluxgemm_only,1,0.04608,0.04403,0.04506,0.02423,0,1
rs,10240,1280,128,gpu,51,c_cublas,1,0.03686,0.03482,0.03686,0.03300,0,1
rs,10240,1280,128,gpu,51,A_gemmrs,0,0.09626,0.09318,0.09626,0.06792,0,1
rs,10240,1280,128,gpu,51,c_fluxgemm_only,2,0.04608,0.04403,0.04403,0.02405,0,1
rs,10240,1280,128,gpu,52,c_cublas,2,0.03686,0.03482,0.03584,0.03458,0,1
rs,10240,1280,128,gpu,52,A_gemmrs,0,1.35373,0.10752,1.35373,0.07534,0,1
rs,10240,1280,128,gpu,52,c_fluxgemm_only,1,0.04608,0.04403,0.04403,0.02760,0,1
rs,10240,1280,128,gpu,53,c_cublas,0,0.03789,0.03584,0.03789,0.03232,0,1
rs,10240,1280,128,gpu,53,A_gemmrs,1,0.09421,0.09114,0.09421,0.06624,0,1
rs,10240,1280,128,gpu,53,c_fluxgemm_only,2,0.04710,0.04506,0.04608,0.02274,0,1
rs,10240,1280,128,gpu,54,c_cublas,1,0.03686,0.03584,0.03584,0.03529,0,1
rs,10240,1280,128,gpu,54,A_gemmrs,2,0.10240,0.10035,0.10240,0.06543,0,1
rs,10240,1280,128,gpu,54,c_fluxgemm_only,0,0.04506,0.04301,0.04301,0.02589,0,1
rs,10240,1280,128,gpu,55,c_cublas,0,0.06861,0.03584,0.03584,0.03753,0,1
rs,10240,1280,128,gpu,55,A_gemmrs,2,0.13107,0.12902,0.12902,0.08990,0,1
rs,10240,1280,128,gpu,55,c_fluxgemm_only,1,0.04608,0.04403,0.04403,0.03509,0,1
rs,10240,1280,128,gpu,56,c_cublas,1,0.06656,0.03482,0.06656,0.03643,0,1
rs,10240,1280,128,gpu,56,A_gemmrs,0,0.10342,0.09728,0.10240,0.07217,0,1
rs,10240,1280,128,gpu,56,c_fluxgemm_only,2,0.04608,0.04506,0.04506,0.02483,0,1
rs,10240,1280,128,gpu,57,c_cublas,1,0.03686,0.03584,0.03686,0.03291,0,1
rs,10240,1280,128,gpu,57,A_gemmrs,0,0.10650,0.10138,0.10342,0.07911,0,1
rs,10240,1280,128,gpu,57,c_fluxgemm_only,2,0.04710,0.04506,0.04608,0.03448,0,1
rs,10240,1280,128,gpu,58,c_cublas,0,0.03789,0.03584,0.03686,0.03513,0,1
rs,10240,1280,128,gpu,58,A_gemmrs,2,0.10854,0.10547,0.10854,0.06458,0,1
rs,10240,1280,128,gpu,58,c_fluxgemm_only,1,0.04608,0.04301,0.04403,0.02425,0,1
rs,10240,1280,128,gpu,59,c_cublas,2,0.03789,0.03584,0.03789,0.03253,0,1
rs,10240,1280,128,gpu,59,A_gemmrs,1,0.09011,0.08806,0.09011,0.06447,0,1
rs,10240,1280,128,gpu,59,c_fluxgemm_only,0,0.04608,0.04403,0.04506,0.02351,0,1
rs,10240,1280,128,gpu,60,c_cublas,1,0.03686,0.03584,0.03686,0.03238,0,1
rs,10240,1280,128,gpu,60,A_gemmrs,0,0.09318,0.08806,0.08806,0.06825,0,1
rs,10240,1280,128,gpu,60,c_fluxgemm_only,2,0.04506,0.04403,0.04403,0.03065,0,1
rs,10240,1280,128,gpu,61,c_cublas,2,0.03891,0.03686,0.03686,0.03280,0,1
rs,10240,1280,128,gpu,61,A_gemmrs,1,0.10138,0.09523,0.10035,0.06611,0,1
rs,10240,1280,128,gpu,61,c_fluxgemm_only,0,0.04608,0.04403,0.04403,0.02210,0,1
rs,10240,1280,128,gpu,62,c_cublas,0,0.03686,0.03482,0.03686,0.03148,0,1
rs,10240,1280,128,gpu,62,A_gemmrs,2,0.09011,0.08397,0.08806,0.06323,0,1
rs,10240,1280,128,gpu,62,c_fluxgemm_only,1,0.04506,0.04301,0.04301,0.02423,0,1
rs,10240,1280,128,gpu,63,c_cublas,2,0.03686,0.03482,0.03686,0.08525,0,1
rs,10240,1280,128,gpu,63,A_gemmrs,0,0.08090,0.07987,0.08090,0.06479,0,1
rs,10240,1280,128,gpu,63,c_fluxgemm_only,1,0.04506,0.04403,0.04506,0.02166,0,1
rs,10240,1280,128,gpu,64,c_cublas,2,0.03789,0.03584,0.03686,0.03348,0,1
rs,10240,1280,128,gpu,64,A_gemmrs,0,0.12800,0.12288,0.12698,0.06987,0,1
rs,10240,1280,128,gpu,64,c_fluxgemm_only,1,0.04506,0.04403,0.04506,0.02216,0,1
rs,10240,1280,128,gpu,65,c_cublas,2,0.03789,0.03686,0.03789,0.03258,0,1
rs,10240,1280,128,gpu,65,A_gemmrs,1,0.10650,0.10342,0.10650,0.06401,0,1
rs,10240,1280,128,gpu,65,c_fluxgemm_only,0,0.04608,0.04506,0.04608,0.02394,0,1
rs,10240,1280,128,gpu,66,c_cublas,1,0.03789,0.03686,0.03789,0.03219,0,1
rs,10240,1280,128,gpu,66,A_gemmrs,0,0.10138,0.09933,0.10138,0.06798,0,1
rs,10240,1280,128,gpu,66,c_fluxgemm_only,2,0.04506,0.04403,0.04403,0.02912,0,1
rs,10240,1280,128,gpu,67,c_cublas,0,0.03686,0.03584,0.03686,0.03446,0,1
rs,10240,1280,128,gpu,67,A_gemmrs,2,0.09728,0.09523,0.09626,0.06368,0,1
rs,10240,1280,128,gpu,67,c_fluxgemm_only,1,0.04506,0.04403,0.04403,0.02482,0,1
rs,10240,1280,128,gpu,68,c_cublas,0,0.03686,0.03584,0.03686,0.03389,0,1
rs,10240,1280,128,gpu,68,A_gemmrs,2,0.09421,0.09114,0.09421,0.06174,0,1
rs,10240,1280,128,gpu,68,c_fluxgemm_only,1,0.04710,0.04506,0.04506,0.02495,0,1
rs,10240,1280,128,gpu,69,c_cublas,2,0.03789,0.03584,0.03686,0.08008,0,1
rs,10240,1280,128,gpu,69,A_gemmrs,1,0.10650,0.10035,0.10547,0.06324,0,1
rs,10240,1280,128,gpu,69,c_fluxgemm_only,0,0.04710,0.04506,0.04506,0.02258,0,1
rs,10240,1280,128,gpu,70,c_cublas,0,0.03686,0.03482,0.03686,0.03202,0,1
rs,10240,1280,128,gpu,70,A_gemmrs,2,0.09216,0.09011,0.09114,0.06300,0,1
rs,10240,1280,128,gpu,70,c_fluxgemm_only,1,0.04506,0.04403,0.04506,0.02475,0,1
rs,10240,1280,128,gpu,71,c_cublas,1,0.03686,0.03584,0.03686,0.03266,0,1
rs,10240,1280,128,gpu,71,A_gemmrs,0,0.09216,0.09011,0.09216,0.06430,0,1
rs,10240,1280,128,gpu,71,c_fluxgemm_only,2,0.04506,0.04403,0.04506,0.02407,0,1
rs,10240,1280,128,gpu,72,c_cublas,0,0.03686,0.03482,0.03584,0.03532,0,1
rs,10240,1280,128,gpu,72,A_gemmrs,1,0.13210,0.13005,0.13107,0.06575,0,1
rs,10240,1280,128,gpu,72,c_fluxgemm_only,2,0.04506,0.04403,0.04506,0.02818,0,1
rs,10240,1280,128,gpu,73,c_cublas,2,0.03789,0.03584,0.03686,0.03520,0,1
rs,10240,1280,128,gpu,73,A_gemmrs,1,0.10547,0.10240,0.10547,0.06441,0,1
rs,10240,1280,128,gpu,73,c_fluxgemm_only,0,0.04608,0.04506,0.04506,0.02148,0,1
rs,10240,1280,128,gpu,74,c_cublas,2,0.03686,0.03482,0.03686,0.03256,0,1
rs,10240,1280,128,gpu,74,A_gemmrs,1,0.10445,0.10035,0.10445,0.06471,0,1
rs,10240,1280,128,gpu,74,c_fluxgemm_only,0,0.04506,0.04301,0.04403,0.02445,0,1
rs,10240,1280,128,gpu,75,c_cublas,1,0.03686,0.03482,0.03584,0.03378,0,1
rs,10240,1280,128,gpu,75,A_gemmrs,2,0.09933,0.09626,0.09830,0.06575,0,1
rs,10240,1280,128,gpu,75,c_fluxgemm_only,0,0.04506,0.04403,0.04506,0.02439,0,1
rs,10240,1280,128,gpu,76,c_cublas,0,0.03686,0.03584,0.03686,0.03383,0,1
rs,10240,1280,128,gpu,76,A_gemmrs,2,0.09421,0.09114,0.09318,0.06349,0,1
rs,10240,1280,128,gpu,76,c_fluxgemm_only,1,0.04608,0.04506,0.04506,0.02517,0,1
rs,10240,1280,128,gpu,77,c_cublas,1,0.03789,0.03482,0.03686,0.03509,0,1
rs,10240,1280,128,gpu,77,A_gemmrs,2,0.10342,0.10035,0.10342,0.06529,0,1
rs,10240,1280,128,gpu,77,c_fluxgemm_only,0,0.04608,0.04506,0.04506,0.02336,0,1
rs,10240,1280,128,gpu,78,c_cublas,1,0.03789,0.03584,0.03789,0.03876,0,1
rs,10240,1280,128,gpu,78,A_gemmrs,0,0.08090,0.07782,0.08090,0.06554,0,1
rs,10240,1280,128,gpu,78,c_fluxgemm_only,2,0.04506,0.04403,0.04506,0.02405,0,1
rs,10240,1280,128,gpu,79,c_cublas,1,0.03686,0.03482,0.03584,0.03511,0,1
rs,10240,1280,128,gpu,79,A_gemmrs,2,0.08909,0.08704,0.08909,0.06550,0,1
rs,10240,1280,128,gpu,79,c_fluxgemm_only,0,0.04506,0.04403,0.04403,0.02140,0,1
rs,10240,1280,128,gpu,80,c_cublas,0,0.03686,0.03584,0.03584,0.03415,0,1
rs,10240,1280,128,gpu,80,A_gemmrs,1,0.12698,0.12493,0.12698,0.06754,0,1
rs,10240,1280,128,gpu,80,c_fluxgemm_only,2,0.04506,0.04403,0.04506,0.02250,0,1
rs,10240,1280,128,gpu,81,c_cublas,1,0.03686,0.03584,0.03686,0.03496,0,1
rs,10240,1280,128,gpu,81,A_gemmrs,2,0.10342,0.10138,0.10240,0.06578,0,1
rs,10240,1280,128,gpu,81,c_fluxgemm_only,0,0.04608,0.04506,0.04506,0.02127,0,1
rs,10240,1280,128,gpu,82,c_cublas,0,0.03686,0.03584,0.03686,0.03493,0,1
rs,10240,1280,128,gpu,82,A_gemmrs,2,0.10752,0.10445,0.10547,0.06286,0,1
rs,10240,1280,128,gpu,82,c_fluxgemm_only,1,0.04608,0.04403,0.04403,0.02440,0,1
rs,10240,1280,128,gpu,83,c_cublas,0,0.03686,0.03584,0.03584,0.03433,0,1
rs,10240,1280,128,gpu,83,A_gemmrs,1,0.10240,0.09933,0.10240,0.06461,0,1
rs,10240,1280,128,gpu,83,c_fluxgemm_only,2,0.04506,0.04403,0.04506,0.02206,0,1
rs,10240,1280,128,gpu,84,c_cublas,1,0.03789,0.03584,0.03686,0.04215,0,1
rs,10240,1280,128,gpu,84,A_gemmrs,0,0.09933,0.09626,0.09830,0.06643,0,1
rs,10240,1280,128,gpu,84,c_fluxgemm_only,2,0.04506,0.04403,0.04403,0.02400,0,1
rs,10240,1280,128,gpu,85,c_cublas,2,0.03891,0.03686,0.03891,0.03444,0,1
rs,10240,1280,128,gpu,85,A_gemmrs,0,0.09830,0.09626,0.09830,0.06657,0,1
rs,10240,1280,128,gpu,85,c_fluxgemm_only,1,0.04506,0.04403,0.04403,0.02164,0,1
rs,10240,1280,128,gpu,86,c_cublas,1,0.03686,0.03584,0.03686,0.03494,0,1
rs,10240,1280,128,gpu,86,A_gemmrs,2,0.10547,0.10035,0.10547,0.06601,0,1
rs,10240,1280,128,gpu,86,c_fluxgemm_only,0,0.04506,0.04403,0.04403,0.02424,0,1
rs,10240,1280,128,gpu,87,c_cublas,1,0.03686,0.03584,0.03584,0.04028,0,1
rs,10240,1280,128,gpu,87,A_gemmrs,0,0.08192,0.07987,0.08192,0.06398,0,1
rs,10240,1280,128,gpu,87,c_fluxgemm_only,2,0.04506,0.04403,0.04506,0.02430,0,1
rs,10240,1280,128,gpu,88,c_cublas,2,0.03686,0.03584,0.03686,0.03263,0,1
rs,10240,1280,128,gpu,88,A_gemmrs,1,0.12800,0.12698,0.12800,0.06383,0,1
rs,10240,1280,128,gpu,88,c_fluxgemm_only,0,0.04506,0.04301,0.04506,0.02159,0,1
rs,10240,1280,128,gpu,89,c_cublas,2,0.03789,0.03686,0.03789,0.03372,0,1
rs,10240,1280,128,gpu,89,A_gemmrs,0,0.07987,0.07782,0.07987,0.06916,0,1
rs,10240,1280,128,gpu,89,c_fluxgemm_only,1,0.04506,0.04403,0.04403,0.02244,0,1
rs,10240,1280,128,gpu,90,c_cublas,2,0.03686,0.03584,0.03686,0.03387,0,1
rs,10240,1280,128,gpu,90,A_gemmrs,0,0.10138,0.09933,0.10035,0.06856,0,1
rs,10240,1280,128,gpu,90,c_fluxgemm_only,1,0.04710,0.04506,0.04608,0.03001,0,1
rs,10240,1280,128,gpu,91,c_cublas,2,0.03686,0.03584,0.03584,0.03323,0,1
rs,10240,1280,128,gpu,91,A_gemmrs,0,0.09523,0.09114,0.09523,0.06728,0,1
rs,10240,1280,128,gpu,91,c_fluxgemm_only,1,0.04506,0.04403,0.04403,0.02208,0,1
rs,10240,1280,128,gpu,92,c_cublas,2,0.03686,0.03584,0.03686,0.03471,0,1
rs,10240,1280,128,gpu,92,A_gemmrs,0,0.10854,0.10650,0.10752,0.07069,0,1
rs,10240,1280,128,gpu,92,c_fluxgemm_only,1,0.04506,0.04403,0.04403,0.02249,0,1
rs,10240,1280,128,gpu,93,c_cublas,0,0.03789,0.03584,0.03686,0.03398,0,1
rs,10240,1280,128,gpu,93,A_gemmrs,1,0.09318,0.09114,0.09216,0.07375,0,1
rs,10240,1280,128,gpu,93,c_fluxgemm_only,2,0.04608,0.04608,0.04608,0.02236,0,1
rs,10240,1280,128,gpu,94,c_cublas,1,0.03789,0.03686,0.03789,0.03290,0,1
rs,10240,1280,128,gpu,94,A_gemmrs,0,0.10752,0.10240,0.10752,0.06454,0,1
rs,10240,1280,128,gpu,94,c_fluxgemm_only,2,0.04506,0.04403,0.04506,0.02426,0,1
rs,10240,1280,128,gpu,95,c_cublas,2,0.03686,0.03584,0.03686,0.03410,0,1
rs,10240,1280,128,gpu,95,A_gemmrs,0,0.10854,0.10138,0.10752,0.06704,0,1
rs,10240,1280,128,gpu,95,c_fluxgemm_only,1,0.04608,0.04403,0.04506,0.02250,0,1
rs,10240,1280,128,gpu,96,c_cublas,2,0.03789,0.03482,0.03789,0.03309,0,1
rs,10240,1280,128,gpu,96,A_gemmrs,1,0.12698,0.12493,0.12698,0.07320,0,1
rs,10240,1280,128,gpu,96,c_fluxgemm_only,0,0.04506,0.04403,0.04403,0.02452,0,1
rs,10240,1280,128,gpu,97,c_cublas,0,0.03789,0.03584,0.03789,0.03094,0,1
rs,10240,1280,128,gpu,97,A_gemmrs,1,0.08192,0.07782,0.07885,0.06602,0,1
rs,10240,1280,128,gpu,97,c_fluxgemm_only,2,0.04608,0.04608,0.04608,0.02291,0,1
rs,10240,1280,128,gpu,98,c_cublas,0,0.03789,0.03482,0.03584,0.03509,1410,1
rs,10240,1280,128,gpu,98,A_gemmrs,2,0.10240,0.09626,0.10138,0.07176,1410,1
rs,10240,1280,128,gpu,98,c_fluxgemm_only,1,0.04506,0.04403,0.04403,0.02508,1410,1
rs,10240,1280,128,gpu,99,c_cublas,1,0.03789,0.03584,0.03686,0.03321,1410,1
rs,10240,1280,128,gpu,99,A_gemmrs,0,0.09421,0.09114,0.09421,0.06412,1410,1
rs,10240,1280,128,gpu,99,c_fluxgemm_only,2,0.04506,0.04403,0.04403,0.02405,1410,1
rs,10240,1280,128,gpu,100,c_cublas,2,0.03686,0.03482,0.03686,0.09542,1410,1
rs,10240,1280,128,gpu,100,A_gemmrs,1,0.09626,0.09421,0.09523,0.06432,1410,1
rs,10240,1280,128,gpu,100,c_fluxgemm_only,0,0.04506,0.04301,0.04301,0.02267,1410,1
rs,10240,1280,128,gpu,101,c_cublas,2,0.03789,0.03584,0.03686,0.10450,1410,1
rs,10240,1280,128,gpu,101,A_gemmrs,1,0.10752,0.10240,0.10752,0.06410,1410,1
rs,10240,1280,128,gpu,101,c_fluxgemm_only,0,0.04608,0.04506,0.04608,0.02420,1410,1
rs,10240,1280,128,gpu,102,c_cublas,2,0.03686,0.03584,0.03686,0.03836,1410,1
rs,10240,1280,128,gpu,102,A_gemmrs,1,0.10752,0.10547,0.10650,0.07620,1410,1
rs,10240,1280,128,gpu,102,c_fluxgemm_only,0,0.06246,0.04403,0.04403,0.03415,1410,1
rs,10240,1280,128,gpu,103,c_cublas,2,0.03686,0.03584,0.03584,0.03363,1410,1
rs,10240,1280,128,gpu,103,A_gemmrs,0,0.10752,0.10342,0.10752,0.06616,1410,1
rs,10240,1280,128,gpu,103,c_fluxgemm_only,1,0.04608,0.04403,0.04403,0.02234,1410,1
rs,10240,1280,128,gpu,104,c_cublas,0,0.03686,0.03482,0.03584,0.03199,1410,1
rs,10240,1280,128,gpu,104,A_gemmrs,1,0.68301,0.12800,0.68301,0.08638,1410,1
rs,10240,1280,128,gpu,104,c_fluxgemm_only,2,0.04506,0.04403,0.04506,0.02282,1410,1
rs,10240,1280,128,gpu,105,c_cublas,2,0.03891,0.03686,0.03891,0.03309,1410,1
rs,10240,1280,128,gpu,105,A_gemmrs,1,0.08090,0.07782,0.08090,0.06392,1410,1
rs,10240,1280,128,gpu,105,c_fluxgemm_only,0,0.04608,0.04403,0.04403,0.02219,1410,1
rs,10240,1280,128,gpu,106,c_cublas,1,0.03789,0.03686,0.03789,0.03246,1410,1
rs,10240,1280,128,gpu,106,A_gemmrs,0,0.10138,0.09933,0.10035,0.06968,1410,1
rs,10240,1280,128,gpu,106,c_fluxgemm_only,2,0.04608,0.04403,0.04403,0.02435,1410,1
rs,10240,1280,128,gpu,107,c_cublas,0,0.03686,0.03482,0.03686,0.03427,1410,1
rs,10240,1280,128,gpu,107,A_gemmrs,1,0.08090,0.07782,0.07987,0.06536,1410,1
rs,10240,1280,128,gpu,107,c_fluxgemm_only,2,0.04506,0.04403,0.04506,0.03051,1410,1
rs,10240,1280,128,gpu,108,c_cublas,1,0.03686,0.03482,0.03686,0.03265,1410,1
rs,10240,1280,128,gpu,108,A_gemmrs,0,0.09523,0.09011,0.09523,0.06841,1410,1
rs,10240,1280,128,gpu,108,c_fluxgemm_only,2,0.04506,0.04403,0.04506,0.02387,1410,1
rs,10240,1280,128,gpu,109,c_cublas,0,0.03789,0.03584,0.03686,0.03454,1410,1
rs,10240,1280,128,gpu,109,A_gemmrs,1,0.10854,0.10342,0.10854,0.06847,1410,1
rs,10240,1280,128,gpu,109,c_fluxgemm_only,2,0.04710,0.04506,0.04506,0.02355,1410,1
rs,10240,1280,128,gpu,110,c_cublas,2,0.03686,0.03482,0.03584,0.04069,1410,1
rs,10240,1280,128,gpu,110,A_gemmrs,1,0.10752,0.10547,0.10650,0.06501,1410,1
rs,10240,1280,128,gpu,110,c_fluxgemm_only,0,0.04506,0.04403,0.04403,0.02258,1410,1
rs,10240,1280,128,gpu,111,c_cublas,1,0.03686,0.03584,0.03584,0.03481,1410,1
rs,10240,1280,128,gpu,111,A_gemmrs,2,0.13210,0.12698,0.13210,0.09611,1410,1
rs,10240,1280,128,gpu,111,c_fluxgemm_only,0,0.06349,0.04403,0.04403,0.02555,1410,1
rs,10240,1280,128,gpu,112,c_cublas,2,0.03686,0.03584,0.03686,0.04246,1410,1
rs,10240,1280,128,gpu,112,A_gemmrs,0,1.04243,0.12083,1.04141,0.09157,1410,1
rs,10240,1280,128,gpu,112,c_fluxgemm_only,1,0.04506,0.04403,0.04403,0.02204,1410,1
rs,10240,1280,128,gpu,113,c_cublas,2,0.03789,0.03686,0.03686,0.03340,1410,1
rs,10240,1280,128,gpu,113,A_gemmrs,1,0.10138,0.09830,0.10138,0.07724,1410,1
rs,10240,1280,128,gpu,113,c_fluxgemm_only,0,0.04608,0.04506,0.04506,0.02438,1410,1
rs,10240,1280,128,gpu,114,c_cublas,0,0.03686,0.03584,0.03686,0.03325,1410,1
rs,10240,1280,128,gpu,114,A_gemmrs,1,0.09626,0.08909,0.09626,0.07003,1410,1
rs,10240,1280,128,gpu,114,c_fluxgemm_only,2,0.04506,0.04403,0.04403,0.02612,1410,1
rs,10240,1280,128,gpu,115,c_cublas,1,0.03686,0.03584,0.03584,0.03497,1410,1
rs,10240,1280,128,gpu,115,A_gemmrs,2,0.10752,0.10547,0.10752,0.06951,1410,1
rs,10240,1280,128,gpu,115,c_fluxgemm_only,0,0.04506,0.04301,0.04301,0.02308,1410,1
rs,10240,1280,128,gpu,116,c_cublas,2,0.03686,0.03482,0.03584,0.03412,1410,1
rs,10240,1280,128,gpu,116,A_gemmrs,1,0.09011,0.08806,0.08909,0.06424,1410,1
rs,10240,1280,128,gpu,116,c_fluxgemm_only,0,0.04506,0.04403,0.04506,0.02419,1410,1
rs,10240,1280,128,gpu,117,c_cublas,0,0.03789,0.03584,0.03686,0.03304,1410,1
rs,10240,1280,128,gpu,117,A_gemmrs,1,0.08090,0.07782,0.08090,0.06654,1410,1
rs,10240,1280,128,gpu,117,c_fluxgemm_only,2,0.04608,0.04506,0.04506,0.02309,1410,1
rs,10240,1280,128,gpu,118,c_cublas,0,0.03686,0.03584,0.03686,0.03570,1410,1
rs,10240,1280,128,gpu,118,A_gemmrs,2,0.09216,0.08499,0.09216,0.07295,1410,1
rs,10240,1280,128,gpu,118,c_fluxgemm_only,1,0.04506,0.04403,0.04403,0.02394,1410,1
rs,10240,1280,128,gpu,119,c_cublas,0,0.03686,0.03482,0.03686,0.03599,1410,1
rs,10240,1280,128,gpu,119,A_gemmrs,2,0.13619,0.13005,0.13619,0.06280,1410,1
rs,10240,1280,128,gpu,119,c_fluxgemm_only,1,0.04506,0.04403,0.04403,0.02459,1410,1
rs,10240,1280,128,gpu,120,c_cublas,0,0.03686,0.03482,0.03686,0.03468,1410,1
rs,10240,1280,128,gpu,120,A_gemmrs,2,0.10547,0.10342,0.10547,0.06194,1410,1
rs,10240,1280,128,gpu,120,c_fluxgemm_only,1,0.04710,0.04506,0.04506,0.02433,1410,1
rs,10240,1280,128,gpu,121,c_cublas,2,0.03789,0.03686,0.03789,0.03828,1410,1
rs,10240,1280,128,gpu,121,A_gemmrs,0,0.07987,0.07885,0.07987,0.06632,1410,1
rs,10240,1280,128,gpu,121,c_fluxgemm_only,1,0.04506,0.04403,0.04403,0.02195,1410,1
rs,10240,1280,128,gpu,122,c_cublas,1,0.03686,0.03584,0.03584,0.03436,1410,1
rs,10240,1280,128,gpu,122,A_gemmrs,2,0.11059,0.10854,0.11059,0.06621,1410,1
rs,10240,1280,128,gpu,122,c_fluxgemm_only,0,0.04506,0.04403,0.04506,0.02451,1410,1
rs,10240,1280,128,gpu,123,c_cublas,2,0.06656,0.03584,0.03686,0.03610,1410,1
rs,10240,1280,128,gpu,123,A_gemmrs,0,0.08192,0.07987,0.08192,0.06621,1410,1
rs,10240,1280,128,gpu,123,c_fluxgemm_only,1,0.04506,0.04403,0.04506,0.02193,1410,1
rs,10240,1280,128,gpu,124,c_cublas,1,0.03686,0.03584,0.03584,0.03241,1410,1
rs,10240,1280,128,gpu,124,A_gemmrs,0,0.11776,0.11366,0.11674,0.08038,1410,1
rs,10240,1280,128,gpu,124,c_fluxgemm_only,2,0.04506,0.04403,0.04506,0.02725,1410,1
rs,10240,1280,128,gpu,125,c_cublas,2,0.03789,0.03686,0.03789,0.03517,1410,1
rs,10240,1280,128,gpu,125,A_gemmrs,0,0.08090,0.07885,0.07987,0.06536,1410,1
rs,10240,1280,128,gpu,125,c_fluxgemm_only,1,0.04608,0.04403,0.04403,0.02286,1410,1
rs,10240,1280,128,gpu,126,c_cublas,0,0.03686,0.03584,0.03686,0.03193,1410,1
rs,10240,1280,128,gpu,126,A_gemmrs,1,0.09011,0.08806,0.08909,0.06616,1410,1
rs,10240,1280,128,gpu,126,c_fluxgemm_only,2,0.04506,0.04403,0.04506,0.02241,1410,1
rs,10240,1280,128,gpu,127,c_cublas,0,0.06554,0.03584,0.03686,0.03590,1410,1
rs,10240,1280,128,gpu,127,A_gemmrs,2,0.13414,0.13210,0.13414,0.11285,1410,1
rs,10240,1280,128,gpu,127,c_fluxgemm_only,1,0.04506,0.04403,0.04403,0.02445,1410,1
rs,10240,1280,128,gpu,128,c_cublas,1,0.03789,0.03686,0.03789,0.03605,1410,1
rs,10240,1280,128,gpu,128,A_gemmrs,2,0.11264,0.11059,0.11162,0.07827,1410,1
rs,10240,1280,128,gpu,128,c_fluxgemm_only,0,0.06451,0.04403,0.06451,0.02489,1410,1
rs,10240,1280,128,gpu,129,c_cublas,2,0.03789,0.03686,0.03789,0.03401,1410,1
rs,10240,1280,128,gpu,129,A_gemmrs,0,0.09318,0.09114,0.09318,0.07920,1410,1
rs,10240,1280,128,gpu,129,c_fluxgemm_only,1,0.04608,0.04403,0.04506,0.02232,1410,1
rs,10240,1280,128,gpu,130,c_cublas,0,0.03584,0.03584,0.03584,0.03180,1410,1
rs,10240,1280,128,gpu,130,A_gemmrs,2,0.11878,0.11571,0.11674,0.06304,1410,1
rs,10240,1280,128,gpu,130,c_fluxgemm_only,1,0.04608,0.04403,0.04403,0.02410,1410,1
rs,10240,1280,128,gpu,131,c_cublas,2,0.03686,0.03584,0.03686,0.03349,1410,1
rs,10240,1280,128,gpu,131,A_gemmrs,1,0.08192,0.07578,0.08192,0.06405,1410,1
rs,10240,1280,128,gpu,131,c_fluxgemm_only,0,0.04506,0.04403,0.04506,0.02434,1410,1
rs,10240,1280,128,gpu,132,c_cublas,2,0.03789,0.03584,0.03686,0.03369,1410,1
rs,10240,1280,128,gpu,132,A_gemmrs,1,0.08090,0.07885,0.07987,0.06411,1410,1
rs,10240,1280,128,gpu,132,c_fluxgemm_only,0,0.04608,0.04403,0.04403,0.02396,1410,1
rs,10240,1280,128,gpu,133,c_cublas,1,0.03686,0.03584,0.03686,0.03232,1410,1
rs,10240,1280,128,gpu,133,A_gemmrs,0,0.09421,0.09318,0.09421,0.06763,1410,1
rs,10240,1280,128,gpu,133,c_fluxgemm_only,2,0.04608,0.04506,0.04608,0.02404,1410,1
rs,10240,1280,128,gpu,134,c_cublas,0,0.03789,0.03482,0.03789,0.03461,1410,1
rs,10240,1280,128,gpu,134,A_gemmrs,1,0.08192,0.07782,0.07782,0.06488,1410,1
rs,10240,1280,128,gpu,134,c_fluxgemm_only,2,0.04506,0.04403,0.04506,0.02227,1410,1
rs,10240,1280,128,gpu,135,c_cublas,0,0.03686,0.03584,0.03686,0.03527,1410,1
rs,10240,1280,128,gpu,135,A_gemmrs,1,0.13312,0.13005,0.13312,0.06856,1410,1
rs,10240,1280,128,gpu,135,c_fluxgemm_only,2,0.04506,0.04403,0.04506,0.02204,1410,1
rs,10240,1280,128,gpu,136,c_cublas,2,0.03686,0.03584,0.03584,0.03290,1410,1
rs,10240,1280,128,gpu,136,A_gemmrs,1,0.09216,0.09011,0.09216,0.06281,1410,1
rs,10240,1280,128,gpu,136,c_fluxgemm_only,0,0.04506,0.04403,0.04403,0.02147,1410,1
rs,10240,1280,128,gpu,137,c_cublas,2,0.03789,0.03686,0.03789,0.03307,1410,1
rs,10240,1280,128,gpu,137,A_gemmrs,1,0.11981,0.11776,0.11981,0.06594,1410,1
rs,10240,1280,128,gpu,137,c_fluxgemm_only,0,0.04710,0.04506,0.04506,0.02436,1410,1
rs,10240,1280,128,gpu,138,c_cublas,1,0.03789,0.03584,0.03686,0.03417,1410,1
rs,10240,1280,128,gpu,138,A_gemmrs,2,0.11776,0.11674,0.11776,0.06576,1410,1
rs,10240,1280,128,gpu,138,c_fluxgemm_only,0,0.04608,0.04506,0.04506,0.03313,1410,1
rs,10240,1280,128,gpu,139,c_cublas,1,0.03686,0.03584,0.03686,0.03442,1410,1
rs,10240,1280,128,gpu,139,A_gemmrs,2,0.08806,0.08499,0.08806,0.06495,1410,1
rs,10240,1280,128,gpu,139,c_fluxgemm_only,0,0.04608,0.04403,0.04506,0.02342,1410,1
rs,10240,1280,128,gpu,140,c_cublas,0,0.03686,0.03482,0.03686,0.03387,1410,1
rs,10240,1280,128,gpu,140,A_gemmrs,1,0.09421,0.09216,0.09421,0.06539,1410,1
rs,10240,1280,128,gpu,140,c_fluxgemm_only,2,0.04506,0.04403,0.04403,0.02226,1410,1
rs,10240,1280,128,gpu,141,c_cublas,0,0.03789,0.03584,0.03789,0.04822,1410,1
rs,10240,1280,128,gpu,141,A_gemmrs,1,0.08909,0.08602,0.08909,0.06484,1410,1
rs,10240,1280,128,gpu,141,c_fluxgemm_only,2,0.04710,0.04506,0.04506,0.02216,1410,1
rs,10240,1280,128,gpu,142,c_cublas,1,0.03789,0.03686,0.03789,0.03377,1410,1
rs,10240,1280,128,gpu,142,A_gemmrs,0,0.09421,0.09216,0.09318,0.06620,1410,1
rs,10240,1280,128,gpu,142,c_fluxgemm_only,2,0.04506,0.04403,0.04506,0.02358,1410,1
rs,10240,1280,128,gpu,143,c_cublas,0,0.03686,0.03584,0.03584,0.03407,1410,1
rs,10240,1280,128,gpu,143,A_gemmrs,2,0.13312,0.13005,0.13210,0.06297,1410,1
rs,10240,1280,128,gpu,143,c_fluxgemm_only,1,0.04506,0.04403,0.04403,0.02338,1410,1
rs,10240,1280,128,gpu,144,c_cublas,0,0.03789,0.03482,0.03584,0.03464,1410,1
rs,10240,1280,128,gpu,144,A_gemmrs,2,0.08294,0.07578,0.08192,0.06240,1410,1
rs,10240,1280,128,gpu,144,c_fluxgemm_only,1,0.04608,0.04506,0.04608,0.02449,1410,1
rs,10240,1280,128,gpu,145,c_cublas,2,0.03789,0.03584,0.03789,0.03347,1410,1
rs,10240,1280,128,gpu,145,A_gemmrs,1,0.11878,0.11264,0.11878,0.06501,1410,1
rs,10240,1280,128,gpu,145,c_fluxgemm_only,0,0.04608,0.04506,0.04608,0.02307,1410,1
rs,10240,1280,128,gpu,146,c_cublas,0,0.03686,0.03584,0.03584,0.03181,1410,1
rs,10240,1280,128,gpu,146,A_gemmrs,1,0.08806,0.08602,0.08806,0.06481,1410,1
rs,10240,1280,128,gpu,146,c_fluxgemm_only,2,0.04506,0.04403,0.04506,0.02902,1410,1
rs,10240,1280,128,gpu,147,c_cublas,1,0.03686,0.03584,0.03584,0.03290,1410,1
rs,10240,1280,128,gpu,147,A_gemmrs,0,0.10240,0.09830,0.09830,0.06725,1410,1
rs,10240,1280,128,gpu,147,c_fluxgemm_only,2,0.04506,0.04403,0.04506,0.02344,1410,1
rs,10240,1280,128,gpu,148,c_cublas,0,0.03686,0.03584,0.03584,0.03429,1410,1
rs,10240,1280,128,gpu,148,A_gemmrs,2,0.10854,0.10650,0.10752,0.06321,1410,1
rs,10240,1280,128,gpu,148,c_fluxgemm_only,1,0.04608,0.04506,0.04506,0.02374,1410,1
rs,10240,1280,128,gpu,149,c_cublas,0,0.03789,0.03686,0.03686,0.03395,1410,1
rs,10240,1280,128,gpu,149,A_gemmrs,1,0.09523,0.09011,0.09523,0.06470,1410,1
rs,10240,1280,128,gpu,149,c_fluxgemm_only,2,0.04710,0.04506,0.04608,0.02955,1410,1
rs,10240,1280,128,gpu,150,c_cublas,1,0.03789,0.03686,0.03789,0.03310,1410,1
rs,10240,1280,128,gpu,150,A_gemmrs,0,0.08806,0.08499,0.08806,0.06655,1410,1
rs,10240,1280,128,gpu,150,c_fluxgemm_only,2,0.04506,0.04403,0.04403,0.02340,1410,1
rs,10240,1280,128,gpu,151,c_cublas,0,0.03686,0.03482,0.03584,0.03397,1410,1
rs,10240,1280,128,gpu,151,A_gemmrs,2,0.13107,0.12698,0.12800,0.06287,1410,1
rs,10240,1280,128,gpu,151,c_fluxgemm_only,1,0.04506,0.04403,0.04403,0.02380,1410,1
rs,10240,1280,128,gpu,152,c_cublas,1,0.03789,0.03686,0.03789,0.12161,1410,1
rs,10240,1280,128,gpu,152,A_gemmrs,2,0.08090,0.07885,0.07987,0.06607,1410,1
rs,10240,1280,128,gpu,152,c_fluxgemm_only,0,0.04506,0.04403,0.04403,0.02339,1410,1
rs,10240,1280,128,gpu,153,c_cublas,0,0.03891,0.03686,0.03891,0.03342,1410,1
rs,10240,1280,128,gpu,153,A_gemmrs,2,0.12083,0.11776,0.12083,0.06435,1410,1
rs,10240,1280,128,gpu,153,c_fluxgemm_only,1,0.04506,0.04403,0.04403,0.02424,1410,1
rs,10240,1280,128,gpu,154,c_cublas,2,0.03686,0.03584,0.03686,0.03385,1410,1
rs,10240,1280,128,gpu,154,A_gemmrs,0,0.08806,0.08499,0.08704,0.06433,1410,1
rs,10240,1280,128,gpu,154,c_fluxgemm_only,1,0.04608,0.04506,0.04506,0.02192,1410,1
rs,10240,1280,128,gpu,155,c_cublas,0,0.03686,0.03584,0.03686,0.03399,1410,1
rs,10240,1280,128,gpu,155,A_gemmrs,1,0.10240,0.09523,0.10138,0.06953,1410,1
rs,10240,1280,128,gpu,155,c_fluxgemm_only,2,0.04506,0.04403,0.04506,0.02236,1410,1
rs,10240,1280,128,gpu,156,c_cublas,2,0.03686,0.03584,0.03584,0.03286,1410,1
rs,10240,1280,128,gpu,156,A_gemmrs,1,0.10752,0.10547,0.10650,0.06614,1410,1
rs,10240,1280,128,gpu,156,c_fluxgemm_only,0,0.04506,0.04403,0.04506,0.02097,1410,1
rs,10240,1280,128,gpu,157,c_cublas,1,0.03686,0.03482,0.03482,0.03256,1410,1
rs,10240,1280,128,gpu,157,A_gemmrs,0,0.10035,0.09523,0.09626,0.06922,1410,1
rs,10240,1280,128,gpu,157,c_fluxgemm_only,2,0.04710,0.04506,0.04506,0.02388,1410,1
rs,10240,1280,128,gpu,158,c_cublas,0,1.54214,0.03482,0.03686,0.03451,1410,1
rs,10240,1280,128,gpu,158,A_gemmrs,2,0.12902,0.12698,0.12902,0.06479,1410,1
rs,10240,1280,128,gpu,158,c_fluxgemm_only,1,0.04506,0.04403,0.04506,0.02480,1410,1
rs,10240,1280,128,gpu,159,c_cublas,0,0.03789,0.03584,0.03686,0.03383,1410,1
rs,10240,1280,128,gpu,159,A_gemmrs,1,0.10650,0.10342,0.10650,0.07290,1410,1
rs,10240,1280,128,gpu,159,c_fluxgemm_only,2,0.04506,0.04403,0.04403,0.02245,1410,1
rs,10240,1280,128,gpu,160,c_cublas,1,0.03686,0.03482,0.03686,0.03280,1410,1
rs,10240,1280,128,gpu,160,A_gemmrs,0,0.08090,0.07885,0.08090,0.07011,1410,1
rs,10240,1280,128,gpu,160,c_fluxgemm_only,2,0.04506,0.04403,0.04506,0.02369,1410,1
rs,10240,1280,128,gpu,161,c_cublas,2,0.03891,0.03686,0.03789,0.03443,1410,1
rs,10240,1280,128,gpu,161,A_gemmrs,0,0.11059,0.10854,0.11059,0.06813,1410,1
rs,10240,1280,128,gpu,161,c_fluxgemm_only,1,0.04608,0.04403,0.04403,0.02171,1410,1
rs,10240,1280,128,gpu,162,c_cublas,0,0.03686,0.03482,0.03686,0.03169,1410,1
rs,10240,1280,128,gpu,162,A_gemmrs,2,0.11059,0.10752,0.10957,0.06419,1410,1
rs,10240,1280,128,gpu,162,c_fluxgemm_only,1,0.04506,0.04403,0.04403,0.02432,1410,1
rs,10240,1280,128,gpu,163,c_cublas,1,0.03686,0.03482,0.03686,0.03456,1410,1
rs,10240,1280,128,gpu,163,A_gemmrs,2,0.10342,0.10138,0.10342,0.06507,1410,1
rs,10240,1280,128,gpu,163,c_fluxgemm_only,0,0.04506,0.04403,0.04506,0.02299,1410,1
rs,10240,1280,128,gpu,164,c_cublas,0,0.03686,0.03482,0.03686,0.03503,1410,1
rs,10240,1280,128,gpu,164,A_gemmrs,1,0.08806,0.08602,0.08806,0.06581,1410,1
rs,10240,1280,128,gpu,164,c_fluxgemm_only,2,0.04506,0.04403,0.04506,0.02196,1410,1
rs,10240,1280,128,gpu,165,c_cublas,1,0.03686,0.03584,0.03686,0.03518,1410,1
rs,10240,1280,128,gpu,165,A_gemmrs,2,0.08192,0.07987,0.08192,0.06508,1410,1
rs,10240,1280,128,gpu,165,c_fluxgemm_only,0,0.04608,0.04506,0.04506,0.02076,1410,1
rs,10240,1280,128,gpu,166,c_cublas,1,0.03789,0.03686,0.03686,0.03259,1410,1
rs,10240,1280,128,gpu,166,A_gemmrs,0,0.09626,0.09523,0.09626,0.06380,1410,1
rs,10240,1280,128,gpu,166,c_fluxgemm_only,2,0.04506,0.04403,0.04506,0.02367,1410,1
rs,10240,1280,128,gpu,167,c_cublas,1,0.03584,0.03584,0.03584,0.03531,1410,1
rs,10240,1280,128,gpu,167,A_gemmrs,2,0.13107,0.12902,0.13107,0.06514,1410,1
rs,10240,1280,128,gpu,167,c_fluxgemm_only,0,0.04506,0.04301,0.04301,0.02303,1410,1
rs,10240,1280,128,gpu,168,c_cublas,1,0.03686,0.03482,0.03686,0.03894,1410,1
rs,10240,1280,128,gpu,168,A_gemmrs,0,0.08090,0.07680,0.08090,0.06392,1410,1
rs,10240,1280,128,gpu,168,c_fluxgemm_only,2,0.04608,0.04403,0.04403,0.02354,1410,1
rs,10240,1280,128,gpu,169,c_cublas,2,0.03789,0.03686,0.03789,0.03283,1410,1
rs,10240,1280,128,gpu,169,A_gemmrs,1,0.10342,0.10138,0.10342,0.06398,1410,1
rs,10240,1280,128,gpu,169,c_fluxgemm_only,0,0.04608,0.04403,0.04403,0.02128,1410,1
rs,10240,1280,128,gpu,170,c_cublas,2,0.03686,0.03584,0.03686,0.03322,1410,1
rs,10240,1280,128,gpu,170,A_gemmrs,0,0.08090,0.07987,0.07987,0.06821,1410,1
rs,10240,1280,128,gpu,170,c_fluxgemm_only,1,0.04608,0.04506,0.04506,0.02185,1410,1
rs,10240,1280,128,gpu,171,c_cublas,1,0.03686,0.03584,0.03584,0.03368,1410,1
rs,10240,1280,128,gpu,171,A_gemmrs,2,0.10342,0.10035,0.10035,0.06627,1410,1
rs,10240,1280,128,gpu,171,c_fluxgemm_only,0,0.04608,0.04301,0.04403,0.02392,1410,1
rs,10240,1280,128,gpu,172,c_cublas,1,0.03891,0.03686,0.03686,0.03927,1410,1
rs,10240,1280,128,gpu,172,A_gemmrs,2,0.11366,0.11162,0.11366,0.07880,1410,1
rs,10240,1280,128,gpu,172,c_fluxgemm_only,0,0.30310,0.04403,0.04403,0.02846,1410,1
rs,10240,1280,128,gpu,173,c_cublas,0,0.03789,0.03686,0.03789,0.03350,1410,1
rs,10240,1280,128,gpu,173,A_gemmrs,2,0.08909,0.08704,0.08909,0.06955,1410,1
rs,10240,1280,128,gpu,173,c_fluxgemm_only,1,0.04506,0.04403,0.04403,0.02434,1410,1
rs,10240,1280,128,gpu,174,c_cublas,1,0.03686,0.03584,0.03584,0.03528,1410,1
rs,10240,1280,128,gpu,174,A_gemmrs,2,0.12800,0.12595,0.12800,0.09017,1410,1
rs,10240,1280,128,gpu,174,c_fluxgemm_only,0,0.06246,0.04403,0.04506,0.02433,1410,1
rs,10240,1280,128,gpu,175,c_cublas,2,0.03686,0.03482,0.03584,0.03462,1410,1
rs,10240,1280,128,gpu,175,A_gemmrs,0,0.10752,0.10547,0.10752,0.06301,1410,1
rs,10240,1280,128,gpu,175,c_fluxgemm_only,1,0.04506,0.04403,0.04403,0.02293,1410,1
rs,10240,1280,128,gpu,176,c_cublas,2,0.03686,0.03584,0.03686,0.03324,1410,1
rs,10240,1280,128,gpu,176,A_gemmrs,1,0.10342,0.10138,0.10240,0.06376,1410,1
rs,10240,1280,128,gpu,176,c_fluxgemm_only,0,0.04506,0.04403,0.04403,0.02438,1410,1
rs,10240,1280,128,gpu,177,c_cublas,0,0.03789,0.03584,0.03686,0.03222,1410,1
rs,10240,1280,128,gpu,177,A_gemmrs,1,0.09421,0.09216,0.09318,0.06672,1410,1
rs,10240,1280,128,gpu,177,c_fluxgemm_only,2,0.04608,0.04506,0.04608,0.02236,1410,1
rs,10240,1280,128,gpu,178,c_cublas,1,0.03789,0.03686,0.03789,0.03272,1410,1
rs,10240,1280,128,gpu,178,A_gemmrs,0,0.10445,0.09933,0.09933,0.06448,1410,1
rs,10240,1280,128,gpu,178,c_fluxgemm_only,2,0.04506,0.04403,0.04403,0.02383,1410,1
rs,10240,1280,128,gpu,179,c_cublas,1,0.03584,0.03482,0.03584,0.03451,1410,1
rs,10240,1280,128,gpu,179,A_gemmrs,2,0.09216,0.08909,0.09216,0.06678,1410,1
rs,10240,1280,128,gpu,179,c_fluxgemm_only,0,0.04506,0.04403,0.04403,0.02135,1410,1
rs,10240,1280,128,gpu,180,c_cublas,1,0.03891,0.03686,0.03891,0.03963,1410,1
rs,10240,1280,128,gpu,180,A_gemmrs,2,0.10650,0.10035,0.10650,0.06687,1410,1
rs,10240,1280,128,gpu,180,c_fluxgemm_only,0,0.04506,0.04403,0.04506,0.02329,1410,1
rs,10240,1280,128,gpu,181,c_cublas,1,0.03789,0.03584,0.03686,0.03244,1410,1
rs,10240,1280,128,gpu,181,A_gemmrs,0,1.01581,0.12800,1.01581,0.10260,1410,1
rs,10240,1280,128,gpu,181,c_fluxgemm_only,2,0.04710,0.04506,0.04710,0.02415,1410,1
rs,10240,1280,128,gpu,182,c_cublas,2,0.03686,0.03584,0.03686,0.03445,1410,1
rs,10240,1280,128,gpu,182,A_gemmrs,0,1.11104,0.14234,1.11002,0.09960,1410,1
rs,10240,1280,128,gpu,182,c_fluxgemm_only,1,0.04608,0.04506,0.04506,0.02169,1410,1
rs,10240,1280,128,gpu,183,c_cublas,2,0.03686,0.03584,0.03686,0.03378,1410,1
rs,10240,1280,128,gpu,183,A_gemmrs,0,0.10445,0.10240,0.10342,0.07987,1410,1
rs,10240,1280,128,gpu,183,c_fluxgemm_only,1,0.04506,0.04403,0.04506,0.02995,1410,1
rs,10240,1280,128,gpu,184,c_cublas,0,0.03686,0.03584,0.03584,0.03253,1410,1
rs,10240,1280,128,gpu,184,A_gemmrs,1,0.09114,0.09011,0.09114,0.07089,1410,1
rs,10240,1280,128,gpu,184,c_fluxgemm_only,2,0.04506,0.04403,0.04403,0.02211,1410,1
rs,10240,1280,128,gpu,185,c_cublas,0,0.03789,0.03686,0.03789,0.03546,1410,1
rs,10240,1280,128,gpu,185,A_gemmrs,2,0.10445,0.10035,0.10342,0.06433,1410,1
rs,10240,1280,128,gpu,185,c_fluxgemm_only,1,0.04506,0.04301,0.04301,0.02391,1410,1
rs,10240,1280,128,gpu,186,c_cublas,0,0.03686,0.03584,0.03584,0.03423,1410,1
rs,10240,1280,128,gpu,186,A_gemmrs,1,0.10547,0.10445,0.10547,0.07405,1410,1
rs,10240,1280,128,gpu,186,c_fluxgemm_only,2,0.04506,0.04403,0.04403,0.02211,1410,1
rs,10240,1280,128,gpu,187,c_cublas,0,0.03686,0.03584,0.03686,0.03570,1410,1
rs,10240,1280,128,gpu,187,A_gemmrs,1,0.10752,0.10445,0.10547,0.06640,1410,1
rs,10240,1280,128,gpu,187,c_fluxgemm_only,2,0.04506,0.04403,0.04506,0.02225,1410,1
rs,10240,1280,128,gpu,188,c_cublas,1,0.03686,0.03584,0.03686,0.03324,1410,1
rs,10240,1280,128,gpu,188,A_gemmrs,0,0.09011,0.08806,0.08909,0.06671,1410,1
rs,10240,1280,128,gpu,188,c_fluxgemm_only,2,0.04506,0.04403,0.04506,0.02345,1410,1
rs,10240,1280,128,gpu,189,c_cublas,0,0.03789,0.03686,0.03789,0.03535,1410,1
rs,10240,1280,128,gpu,189,A_gemmrs,2,0.12595,0.12493,0.12595,0.06526,1410,1
rs,10240,1280,128,gpu,189,c_fluxgemm_only,1,0.04506,0.04403,0.04403,0.03020,1410,1
rs,10240,1280,128,gpu,190,c_cublas,0,0.03686,0.03584,0.03686,0.03457,1410,1
rs,10240,1280,128,gpu,190,A_gemmrs,2,0.10650,0.10240,0.10650,0.06350,1410,1
rs,10240,1280,128,gpu,190,c_fluxgemm_only,1,0.04506,0.04403,0.04403,0.02447,1410,1
rs,10240,1280,128,gpu,191,c_cublas,0,0.03686,0.03482,0.03686,0.03483,1410,1
rs,10240,1280,128,gpu,191,A_gemmrs,2,0.11366,0.11162,0.11366,0.06417,1410,1
rs,10240,1280,128,gpu,191,c_fluxgemm_only,1,0.04608,0.04403,0.04506,0.02483,1410,1
rs,10240,1280,128,gpu,192,c_cublas,2,0.03686,0.03482,0.03686,0.03408,1410,1
rs,10240,1280,128,gpu,192,A_gemmrs,0,0.09114,0.08909,0.09114,0.06289,1410,1
rs,10240,1280,128,gpu,192,c_fluxgemm_only,1,0.04608,0.04403,0.04403,0.02249,1410,1
rs,10240,1280,128,gpu,193,c_cublas,1,0.06554,0.03482,0.03686,0.03529,1410,1
rs,10240,1280,128,gpu,193,A_gemmrs,2,0.11162,0.10957,0.11162,0.08180,1410,1
rs,10240,1280,128,gpu,193,c_fluxgemm_only,0,0.04608,0.04403,0.04506,0.02436,1410,1
rs,10240,1280,128,gpu,194,c_cublas,1,0.03789,0.03686,0.03789,0.03273,1410,1
rs,10240,1280,128,gpu,194,A_gemmrs,0,0.10240,0.10035,0.10138,0.06751,1410,1
rs,10240,1280,128,gpu,194,c_fluxgemm_only,2,0.04506,0.04403,0.04403,0.02388,1410,1
rs,10240,1280,128,gpu,195,c_cublas,2,0.03686,0.03584,0.03686,0.03419,1410,1
rs,10240,1280,128,gpu,195,A_gemmrs,0,0.10752,0.10547,0.10752,0.06732,1410,1
rs,10240,1280,128,gpu,195,c_fluxgemm_only,1,0.04506,0.04403,0.04403,0.02216,1410,1
rs,10240,1280,128,gpu,196,c_cublas,2,0.03686,0.03482,0.03686,0.03270,1410,1
rs,10240,1280,128,gpu,196,A_gemmrs,1,0.09114,0.08909,0.09011,0.06633,1410,1
rs,10240,1280,128,gpu,196,c_fluxgemm_only,0,0.04506,0.04403,0.04403,0.02401,1410,1
rs,10240,1280,128,gpu,197,c_cublas,2,0.03789,0.03686,0.03789,0.03334,1410,1
rs,10240,1280,128,gpu,197,A_gemmrs,1,0.12902,0.12698,0.12800,0.09910,1410,1
rs,10240,1280,128,gpu,197,c_fluxgemm_only,0,0.06246,0.04506,0.04608,0.02423,1410,1
rs,10240,1280,128,gpu,198,c_cublas,2,0.03686,0.03584,0.03686,0.03442,1410,1
rs,10240,1280,128,gpu,198,A_gemmrs,1,0.11469,0.11264,0.11469,0.08786,1410,1
rs,10240,1280,128,gpu,198,c_fluxgemm_only,0,0.06554,0.04403,0.06554,0.02763,1410,1
rs,10240,1280,128,gpu,199,c_cublas,0,0.03686,0.03482,0.03686,0.03135,1410,1
rs,10240,1280,128,gpu,199,A_gemmrs,2,0.08090,0.07885,0.08090,0.06520,1410,1
rs,10240,1280,128,gpu,199,c_fluxgemm_only,1,0.04608,0.04403,0.04608,0.02422,1410,1
rs,10240,1280,128,steady,0,c_cublas,0,0.03962,0.02688,0.02707,0.03014,0,1
rs,10240,1280,128,steady,0,A_gemmrs,1,0.07674,0.07654,0.07674,0.03613,0,1
rs,10240,1280,128,steady,0,c_fluxgemm_only,2,0.03629,0.03584,0.03590,0.01356,0,1
rs,10240,1280,128,steady,1,c_cublas,0,0.02938,0.02758,0.02938,0.01355,0,1
rs,10240,1280,128,steady,1,A_gemmrs,1,0.07258,0.07245,0.07258,0.03473,0,1
rs,10240,1280,128,steady,1,c_fluxgemm_only,2,0.03629,0.03584,0.03603,0.01302,0,1
rs,10240,1280,128,steady,2,c_cublas,0,0.02842,0.02726,0.02797,0.01237,0,1
rs,10240,1280,128,steady,2,A_gemmrs,1,0.07386,0.07360,0.07386,0.03471,0,1
rs,10240,1280,128,steady,2,c_fluxgemm_only,2,0.03622,0.03584,0.03590,0.01254,0,1
rs,10240,1280,128,steady,3,c_cublas,0,0.02867,0.02733,0.02803,0.01280,0,1
rs,10240,1280,128,steady,3,A_gemmrs,1,0.09082,0.09043,0.09082,0.03431,0,1
rs,10240,1280,128,steady,3,c_fluxgemm_only,2,0.03635,0.03590,0.03597,0.01295,0,1
rs,10240,1280,128,steady,4,c_cublas,1,0.02778,0.02669,0.02707,0.01241,0,1
rs,10240,1280,128,steady,4,A_gemmrs,2,0.07635,0.07622,0.07629,0.03404,0,1
rs,10240,1280,128,steady,4,c_fluxgemm_only,0,0.03648,0.03571,0.03590,0.01249,0,1
rs,10240,1280,128,steady,5,c_cublas,2,0.02771,0.02688,0.02707,0.01225,0,1
rs,10240,1280,128,steady,5,A_gemmrs,1,0.07642,0.07610,0.07635,0.03495,0,1
rs,10240,1280,128,steady,5,c_fluxgemm_only,0,0.03706,0.03654,0.03699,0.01257,0,1
rs,10240,1280,128,steady,6,c_cublas,0,0.02829,0.02682,0.02765,0.01254,0,1
rs,10240,1280,128,steady,6,A_gemmrs,1,0.07245,0.07219,0.07245,0.03405,0,1
rs,10240,1280,128,steady,6,c_fluxgemm_only,2,0.03622,0.03578,0.03610,0.01252,0,1
rs,10240,1280,128,steady,7,c_cublas,2,0.02765,0.02669,0.02707,0.01234,0,1
rs,10240,1280,128,steady,7,A_gemmrs,1,0.07219,0.07206,0.07219,0.03441,0,1
rs,10240,1280,128,steady,7,c_fluxgemm_only,0,0.03648,0.03590,0.03603,0.01241,0,1
rs,10240,1280,128,steady,8,c_cublas,1,0.02790,0.02682,0.02701,0.01221,0,1
rs,10240,1280,128,steady,8,A_gemmrs,2,0.08051,0.07974,0.08051,0.03396,0,1
rs,10240,1280,128,steady,8,c_fluxgemm_only,0,0.03642,0.03584,0.03629,0.01314,0,1
rs,10240,1280,128,steady,9,c_cublas,0,0.02906,0.02803,0.02867,0.01243,0,1
rs,10240,1280,128,steady,9,A_gemmrs,2,0.07629,0.07590,0.07629,0.03421,0,1
rs,10240,1280,128,steady,9,c_fluxgemm_only,1,0.03635,0.03584,0.03603,0.01278,0,1
rs,10240,1280,128,steady,10,c_cublas,0,0.02957,0.02854,0.02918,0.01284,0,1
rs,10240,1280,128,steady,10,A_gemmrs,1,0.07443,0.07424,0.07443,0.03392,0,1
rs,10240,1280,128,steady,10,c_fluxgemm_only,2,0.03629,0.03584,0.03597,0.01297,0,1
rs,10240,1280,128,steady,11,c_cublas,2,0.02771,0.02675,0.02707,0.01237,0,1
rs,10240,1280,128,steady,11,A_gemmrs,0,0.07616,0.07603,0.07616,0.03458,0,1
rs,10240,1280,128,steady,11,c_fluxgemm_only,1,0.03629,0.03584,0.03584,0.01247,0,1
rs,10240,1280,128,steady,12,c_cublas,1,0.02771,0.02675,0.02707,0.01218,0,1
rs,10240,1280,128,steady,12,A_gemmrs,0,0.07296,0.07283,0.07296,0.03416,0,1
rs,10240,1280,128,steady,12,c_fluxgemm_only,2,0.03622,0.03590,0.03590,0.01308,0,1
rs,10240,1280,128,steady,13,c_cublas,0,0.02842,0.02733,0.02771,0.01218,0,1
rs,10240,1280,128,steady,13,A_gemmrs,1,0.08109,0.08064,0.08102,0.03471,0,1
rs,10240,1280,128,steady,13,c_fluxgemm_only,2,0.03622,0.03590,0.03597,0.01255,0,1
rs,10240,1280,128,steady,14,c_cublas,1,0.02784,0.02682,0.02688,0.01215,0,1
rs,10240,1280,128,steady,14,A_gemmrs,0,0.07808,0.07776,0.07776,0.03395,0,1
rs,10240,1280,128,steady,14,c_fluxgemm_only,2,0.03622,0.03584,0.03603,0.01264,0,1
rs,10240,1280,128,steady,15,c_cublas,2,0.02752,0.02675,0.02720,0.01223,0,1
rs,10240,1280,128,steady,15,A_gemmrs,1,0.07648,0.07629,0.07642,0.03432,0,1
rs,10240,1280,128,steady,15,c_fluxgemm_only,0,0.03616,0.03584,0.03584,0.01236,0,1
rs,10240,1280,128,steady,16,c_cublas,0,0.02842,0.02682,0.02765,0.01201,0,1
rs,10240,1280,128,steady,16,A_gemmrs,1,0.07718,0.07706,0.07718,0.03460,0,1
rs,10240,1280,128,steady,16,c_fluxgemm_only,2,0.03629,0.03590,0.03610,0.01247,0,1
rs,10240,1280,128,steady,17,c_cublas,1,0.02778,0.02688,0.02707,0.01225,0,1
rs,10240,1280,128,steady,17,A_gemmrs,0,0.07437,0.07424,0.07437,0.03448,0,1
rs,10240,1280,128,steady,17,c_fluxgemm_only,2,0.03622,0.03584,0.03590,0.01269,0,1
rs,10240,1280,128,steady,18,c_cublas,0,0.02861,0.02726,0.02784,0.01232,0,1
rs,10240,1280,128,steady,18,A_gemmrs,2,0.08314,0.08301,0.08314,0.03439,0,1
rs,10240,1280,128,steady,18,c_fluxgemm_only,1,0.03616,0.03578,0.03590,0.01264,0,1
rs,10240,1280,128,steady,19,c_cublas,2,0.02765,0.02669,0.02694,0.01270,0,1
rs,10240,1280,128,steady,19,A_gemmrs,1,0.07379,0.07354,0.07379,0.03397,0,1
rs,10240,1280,128,steady,19,c_fluxgemm_only,0,0.03750,0.03642,0.03725,0.01297,0,1
rs,10240,1280,128,steady,20,c_cublas,0,0.02874,0.02694,0.02758,0.01205,0,1
rs,10240,1280,128,steady,20,A_gemmrs,2,0.07392,0.07373,0.07392,0.03401,0,1
rs,10240,1280,128,steady,20,c_fluxgemm_only,1,0.03635,0.03578,0.03578,0.01310,0,1
rs,10240,1280,128,steady,21,c_cublas,2,0.02797,0.02688,0.02720,0.01276,0,1
rs,10240,1280,128,steady,21,A_gemmrs,0,0.07757,0.07686,0.07738,0.03384,0,1
rs,10240,1280,128,steady,21,c_fluxgemm_only,1,0.03622,0.03584,0.03603,0.01248,0,1
rs,10240,1280,128,steady,22,c_cublas,0,0.02848,0.02682,0.02848,0.01187,0,1
rs,10240,1280,128,steady,22,A_gemmrs,2,0.07360,0.07328,0.07360,0.03410,0,1
rs,10240,1280,128,steady,22,c_fluxgemm_only,1,0.03622,0.03584,0.03597,0.01323,0,1
rs,10240,1280,128,steady,23,c_cublas,0,0.02906,0.02816,0.02861,0.01235,0,1
rs,10240,1280,128,steady,23,A_gemmrs,1,0.08320,0.08294,0.08320,0.03402,0,1
rs,10240,1280,128,steady,23,c_fluxgemm_only,2,0.03610,0.03584,0.03603,0.01260,0,1
rs,10240,1280,128,steady,24,c_cublas,2,0.02771,0.02675,0.02707,0.01218,0,1
rs,10240,1280,128,steady,24,A_gemmrs,1,0.07526,0.07507,0.07526,0.03416,0,1
rs,10240,1280,128,steady,24,c_fluxgemm_only,0,0.03693,0.03578,0.03667,0.01270,0,1
rs,10240,1280,128,steady,25,c_cublas,0,0.02848,0.02675,0.02771,0.01191,0,1
rs,10240,1280,128,steady,25,A_gemmrs,2,0.07750,0.07718,0.07731,0.03710,0,1
rs,10240,1280,128,steady,25,c_fluxgemm_only,1,0.03622,0.03590,0.03590,0.01268,0,1
rs,10240,1280,128,steady,26,c_cublas,1,0.02765,0.02675,0.02714,0.01221,0,1
rs,10240,1280,128,steady,26,A_gemmrs,0,0.07520,0.07328,0.07386,0.03479,0,1
rs,10240,1280,128,steady,26,c_fluxgemm_only,2,0.03616,0.03590,0.03597,0.01306,0,1
rs,10240,1280,128,steady,27,c_cublas,0,0.02854,0.02771,0.02816,0.01238,0,1
rs,10240,1280,128,steady,27,A_gemmrs,2,0.08166,0.08154,0.08166,0.03461,0,1
rs,10240,1280,128,steady,27,c_fluxgemm_only,1,0.03635,0.03578,0.03603,0.01263,0,1
rs,10240,1280,128,steady,28,c_cublas,1,0.02771,0.02682,0.02720,0.01250,0,1
rs,10240,1280,128,steady,28,A_gemmrs,2,0.07629,0.07610,0.07629,0.03455,0,1
rs,10240,1280,128,steady,28,c_fluxgemm_only,0,0.03725,0.03674,0.03706,0.01298,0,1
rs,10240,1280,128,steady,29,c_cublas,2,0.02790,0.02682,0.02707,0.01248,0,1
rs,10240,1280,128,steady,29,A_gemmrs,0,0.07661,0.07533,0.07661,0.03424,0,1
rs,10240,1280,128,steady,29,c_fluxgemm_only,1,0.03635,0.03590,0.03610,0.01256,0,1
rs,10240,1280,128,steady,30,c_cublas,2,0.02784,0.02682,0.02694,0.01429,0,1
rs,10240,1280,128,steady,30,A_gemmrs,1,0.07558,0.07546,0.07558,0.03468,0,1
rs,10240,1280,128,steady,30,c_fluxgemm_only,0,0.03693,0.03584,0.03648,0.01274,0,1
rs,10240,1280,128,steady,31,c_cublas,0,0.02912,0.02682,0.02739,0.01199,0,1
rs,10240,1280,128,steady,31,A_gemmrs,1,0.07264,0.07245,0.07264,0.03554,0,1
rs,10240,1280,128,steady,31,c_fluxgemm_only,2,0.03616,0.03590,0.03603,0.01259,0,1
rs,10240,1280,128,steady,32,c_cublas,2,0.02765,0.02675,0.02701,0.01219,0,1
rs,10240,1280,128,steady,32,A_gemmrs,0,0.07680,0.07667,0.07680,0.03470,0,1
rs,10240,1280,128,steady,32,c_fluxgemm_only,1,0.03622,0.03578,0.03590,0.01289,0,1
rs,10240,1280,128,steady,33,c_cublas,0,0.02861,0.02688,0.02861,0.01185,0,1
rs,10240,1280,128,steady,33,A_gemmrs,2,0.08288,0.08262,0.08288,0.03384,0,1
rs,10240,1280,128,steady,33,c_fluxgemm_only,1,0.03629,0.03571,0.03603,0.01328,0,1
rs,10240,1280,128,steady,34,c_cublas,1,0.02790,0.02682,0.02707,0.01228,0,1
rs,10240,1280,128,steady,34,A_gemmrs,2,0.07341,0.07328,0.07341,0.03450,0,1
rs,10240,1280,128,steady,34,c_fluxgemm_only,0,0.03699,0.03629,0.03693,0.01272,0,1
rs,10240,1280,128,steady,35,c_cublas,0,0.02906,0.02797,0.02867,0.01269,0,1
rs,10240,1280,128,steady,35,A_gemmrs,2,0.07462,0.07424,0.07462,0.03403,0,1
rs,10240,1280,128,steady,35,c_fluxgemm_only,1,0.03629,0.03584,0.03590,0.01274,0,1
rs,10240,1280,128,steady,36,c_cublas,2,0.02771,0.02694,0.02701,0.01231,0,1
rs,10240,1280,128,steady,36,A_gemmrs,0,0.07405,0.07392,0.07398,0.03369,0,1
rs,10240,1280,128,steady,36,c_fluxgemm_only,1,0.03629,0.03578,0.03597,0.01250,0,1
rs,10240,1280,128,steady,37,c_cublas,2,0.02784,0.02682,0.02707,0.01276,0,1
rs,10240,1280,128,steady,37,A_gemmrs,1,0.07475,0.07462,0.07475,0.03387,0,1
rs,10240,1280,128,steady,37,c_fluxgemm_only,0,0.03693,0.03610,0.03610,0.01306,0,1
rs,10240,1280,128,steady,38,c_cublas,0,0.02880,0.02688,0.02746,0.01184,0,1
rs,10240,1280,128,steady,38,A_gemmrs,1,0.08358,0.08326,0.08358,0.03459,0,1
rs,10240,1280,128,steady,38,c_fluxgemm_only,2,0.03629,0.03578,0.03578,0.01253,0,1
rs,10240,1280,128,steady,39,c_cublas,1,0.02765,0.02682,0.02707,0.01218,0,1
rs,10240,1280,128,steady,39,A_gemmrs,0,0.10246,0.07526,0.10189,0.03586,0,1
rs,10240,1280,128,steady,39,c_fluxgemm_only,2,0.03635,0.03584,0.03597,0.01291,0,1
rs,10240,1280,128,steady,40,c_cublas,2,0.02758,0.02682,0.02701,0.01270,0,1
rs,10240,1280,128,steady,40,A_gemmrs,1,0.07610,0.07590,0.07610,0.03436,0,1
rs,10240,1280,128,steady,40,c_fluxgemm_only,0,0.03674,0.03584,0.03674,0.01259,0,1
rs,10240,1280,128,steady,41,c_cublas,0,0.02854,0.02714,0.02822,0.01186,0,1
rs,10240,1280,128,steady,41,A_gemmrs,1,0.07123,0.07104,0.07123,0.03571,0,1
rs,10240,1280,128,steady,41,c_fluxgemm_only,2,0.03622,0.03584,0.03584,0.01261,0,1
rs,10240,1280,128,steady,42,c_cublas,2,0.02765,0.02688,0.02694,0.01263,0,1
rs,10240,1280,128,steady,42,A_gemmrs,1,0.07878,0.07866,0.07872,0.03561,0,1
rs,10240,1280,128,steady,42,c_fluxgemm_only,0,0.03680,0.03590,0.03590,0.01252,0,1
rs,10240,1280,128,steady,43,c_cublas,0,0.02874,0.02694,0.02752,0.01173,0,1
rs,10240,1280,128,steady,43,A_gemmrs,1,0.07603,0.07584,0.07603,0.03485,0,1
rs,10240,1280,128,steady,43,c_fluxgemm_only,2,0.03622,0.03590,0.03590,0.01259,0,1
rs,10240,1280,128,steady,44,c_cublas,0,0.02861,0.02739,0.02803,0.01236,0,1
rs,10240,1280,128,steady,44,A_gemmrs,1,0.07392,0.07373,0.07392,0.03452,0,1
rs,10240,1280,128,steady,44,c_fluxgemm_only,2,0.03629,0.03584,0.03590,0.01250,0,1
rs,10240,1280,128,steady,45,c_cublas,2,0.02778,0.02682,0.02707,0.01277,0,1
rs,10240,1280,128,steady,45,A_gemmrs,0,0.07923,0.07904,0.07923,0.03468,0,1
rs,10240,1280,128,steady,45,c_fluxgemm_only,1,0.03629,0.03590,0.03603,0.01256,0,1
rs,10240,1280,128,steady,46,c_cublas,2,0.02765,0.02675,0.02707,0.01231,0,1
rs,10240,1280,128,steady,46,A_gemmrs,0,0.07270,0.07245,0.07270,0.03439,0,1
rs,10240,1280,128,steady,46,c_fluxgemm_only,1,0.03629,0.03584,0.03597,0.01405,0,1
rs,10240,1280,128,steady,47,c_cublas,1,0.02771,0.02682,0.02707,0.01217,0,1
rs,10240,1280,128,steady,47,A_gemmrs,0,0.08256,0.08205,0.08256,0.03486,0,1
rs,10240,1280,128,steady,47,c_fluxgemm_only,2,0.03622,0.03584,0.03597,0.01269,0,1
rs,10240,1280,128,steady,48,c_cublas,2,0.02758,0.02688,0.02714,0.01233,0,1
rs,10240,1280,128,steady,48,A_gemmrs,0,0.07776,0.07738,0.07776,0.03429,0,1
rs,10240,1280,128,steady,48,c_fluxgemm_only,1,0.03635,0.03590,0.03597,0.01255,0,1
rs,10240,1280,128,steady,49,c_cublas,1,0.02771,0.02688,0.02701,0.01230,0,1
rs,10240,1280,128,steady,49,A_gemmrs,0,0.07526,0.07514,0.07526,0.03495,0,1
rs,10240,1280,128,steady,49,c_fluxgemm_only,2,0.03629,0.03584,0.03584,0.01313,0,1
rs,10240,1280,512,gpu,0,c_cublas,2,0.08397,0.08192,0.08294,0.03867,0,1
rs,10240,1280,512,gpu,0,A_gemmrs,0,0.17613,0.14234,0.14234,0.07712,0,1
rs,10240,1280,512,gpu,0,c_fluxgemm_only,1,0.07373,0.07270,0.07373,0.02657,0,1
rs,10240,1280,512,gpu,1,c_cublas,2,0.08397,0.08192,0.08294,0.03904,0,1
rs,10240,1280,512,gpu,1,A_gemmrs,0,0.13210,0.13005,0.13210,0.08448,0,1
rs,10240,1280,512,gpu,1,c_fluxgemm_only,1,0.07373,0.07270,0.07373,0.02148,0,1
rs,10240,1280,512,gpu,2,c_cublas,1,0.08294,0.08192,0.08294,0.03802,0,1
rs,10240,1280,512,gpu,2,A_gemmrs,2,0.19661,0.19456,0.19558,0.07073,0,1
rs,10240,1280,512,gpu,2,c_fluxgemm_only,0,0.07475,0.07373,0.07475,0.02318,0,1
rs,10240,1280,512,gpu,3,c_cublas,2,0.08397,0.08294,0.08397,0.03798,0,1
rs,10240,1280,512,gpu,3,A_gemmrs,1,0.16691,0.16486,0.16691,0.06761,0,1
rs,10240,1280,512,gpu,3,c_fluxgemm_only,0,0.07373,0.07270,0.07373,0.02234,0,1
rs,10240,1280,512,gpu,4,c_cublas,2,0.08294,0.08192,0.08294,0.03774,0,1
rs,10240,1280,512,gpu,4,A_gemmrs,1,0.14746,0.14643,0.14746,0.06793,0,1
rs,10240,1280,512,gpu,4,c_fluxgemm_only,0,0.07475,0.07270,0.07373,0.02275,0,1
rs,10240,1280,512,gpu,5,c_cublas,2,0.08294,0.08294,0.08294,0.03786,0,1
rs,10240,1280,512,gpu,5,A_gemmrs,1,0.13312,0.13005,0.13210,0.06914,0,1
rs,10240,1280,512,gpu,5,c_fluxgemm_only,0,0.07373,0.07270,0.07373,0.02907,0,1
rs,10240,1280,512,gpu,6,c_cublas,0,0.08499,0.08294,0.08397,0.03584,0,1
rs,10240,1280,512,gpu,6,A_gemmrs,1,0.14438,0.14029,0.14336,0.07097,0,1
rs,10240,1280,512,gpu,6,c_fluxgemm_only,2,0.07475,0.07373,0.07373,0.02152,0,1
rs,10240,1280,512,gpu,7,c_cublas,2,0.08397,0.08192,0.08294,0.03792,0,1
rs,10240,1280,512,gpu,7,A_gemmrs,1,0.13414,0.13210,0.13414,0.06925,0,1
rs,10240,1280,512,gpu,7,c_fluxgemm_only,0,0.07373,0.07270,0.07270,0.02063,0,1
rs,10240,1280,512,gpu,8,c_cublas,1,0.08397,0.08192,0.08192,0.03850,0,1
rs,10240,1280,512,gpu,8,A_gemmrs,2,0.15872,0.15667,0.15872,0.07043,0,1
rs,10240,1280,512,gpu,8,c_fluxgemm_only,0,0.07373,0.07270,0.07270,0.02311,0,1
rs,10240,1280,512,gpu,9,c_cublas,2,0.08397,0.08294,0.08294,0.03820,0,1
rs,10240,1280,512,gpu,9,A_gemmrs,1,0.13312,0.13107,0.13312,0.06684,0,1
rs,10240,1280,512,gpu,9,c_fluxgemm_only,0,0.07373,0.07270,0.07270,0.02262,0,1
rs,10240,1280,512,gpu,10,c_cublas,1,0.08397,0.08294,0.08294,0.03718,0,1
rs,10240,1280,512,gpu,10,A_gemmrs,0,0.14029,0.13517,0.14029,0.07224,0,1
rs,10240,1280,512,gpu,10,c_fluxgemm_only,2,0.07475,0.07373,0.07373,0.02285,0,1
rs,10240,1280,512,gpu,11,c_cublas,1,0.08499,0.08397,0.08397,0.03735,0,1
rs,10240,1280,512,gpu,11,A_gemmrs,0,0.50278,0.15872,0.50278,0.07199,0,1
rs,10240,1280,512,gpu,11,c_fluxgemm_only,2,0.07475,0.07270,0.07270,0.02300,0,1
rs,10240,1280,512,gpu,12,c_cublas,1,0.08294,0.08192,0.08294,0.03812,0,1
rs,10240,1280,512,gpu,12,A_gemmrs,2,0.15462,0.15258,0.15462,0.06862,0,1
rs,10240,1280,512,gpu,12,c_fluxgemm_only,0,0.07373,0.07270,0.07270,0.02038,0,1
rs,10240,1280,512,gpu,13,c_cublas,1,0.08499,0.08294,0.08397,0.03897,0,1
rs,10240,1280,512,gpu,13,A_gemmrs,2,0.14746,0.14541,0.14541,0.07053,0,1
rs,10240,1280,512,gpu,13,c_fluxgemm_only,0,0.07373,0.07270,0.07373,0.02225,0,1
rs,10240,1280,512,gpu,14,c_cublas,2,0.08397,0.08294,0.08397,0.03789,0,1
rs,10240,1280,512,gpu,14,A_gemmrs,0,0.13722,0.13312,0.13722,0.06500,0,1
rs,10240,1280,512,gpu,14,c_fluxgemm_only,1,0.07373,0.07270,0.07373,0.02078,0,1
rs,10240,1280,512,gpu,15,c_cublas,2,0.08397,0.08192,0.08192,0.03822,0,1
rs,10240,1280,512,gpu,15,A_gemmrs,0,0.14746,0.14234,0.14746,0.07448,0,1
rs,10240,1280,512,gpu,15,c_fluxgemm_only,1,0.07475,0.07373,0.07475,0.02148,0,1
rs,10240,1280,512,gpu,16,c_cublas,2,0.08294,0.08294,0.08294,0.03699,0,1
rs,10240,1280,512,gpu,16,A_gemmrs,0,0.15770,0.15565,0.15770,0.07174,0,1
rs,10240,1280,512,gpu,16,c_fluxgemm_only,1,0.07373,0.07270,0.07373,0.02050,0,1
rs,10240,1280,512,gpu,17,c_cublas,1,0.08294,0.08294,0.08294,0.04552,0,1
rs,10240,1280,512,gpu,17,A_gemmrs,0,0.13619,0.13414,0.13619,0.06919,0,1
rs,10240,1280,512,gpu,17,c_fluxgemm_only,2,0.07373,0.07270,0.07373,0.02178,0,1
rs,10240,1280,512,gpu,18,c_cublas,2,0.08499,0.08294,0.08294,0.03659,0,1
rs,10240,1280,512,gpu,18,A_gemmrs,0,0.14336,0.13824,0.14336,0.06606,0,1
rs,10240,1280,512,gpu,18,c_fluxgemm_only,1,0.07373,0.07270,0.07270,0.01977,0,1
rs,10240,1280,512,gpu,19,c_cublas,1,0.08397,0.08294,0.08294,0.03849,0,1
rs,10240,1280,512,gpu,19,A_gemmrs,2,0.20992,0.20890,0.20890,0.07517,0,1
rs,10240,1280,512,gpu,19,c_fluxgemm_only,0,0.07475,0.07270,0.07270,0.02161,0,1
rs,10240,1280,512,gpu,20,c_cublas,1,0.08397,0.08192,0.08294,0.03444,0,1
rs,10240,1280,512,gpu,20,A_gemmrs,0,0.14950,0.14438,0.14950,0.06099,0,1
rs,10240,1280,512,gpu,20,c_fluxgemm_only,2,0.07373,0.07270,0.07270,0.02078,0,1
rs,10240,1280,512,gpu,21,c_cublas,0,0.08397,0.08294,0.08294,0.03783,0,1
rs,10240,1280,512,gpu,21,A_gemmrs,1,0.14746,0.14541,0.14746,0.06442,0,1
rs,10240,1280,512,gpu,21,c_fluxgemm_only,2,0.07373,0.07270,0.07373,0.01959,0,1
rs,10240,1280,512,gpu,22,c_cublas,0,0.08499,0.08294,0.08397,0.03607,0,1
rs,10240,1280,512,gpu,22,A_gemmrs,1,0.14336,0.14234,0.14336,0.06208,0,1
rs,10240,1280,512,gpu,22,c_fluxgemm_only,2,0.07475,0.07373,0.07475,0.01904,0,1
rs,10240,1280,512,gpu,23,c_cublas,2,0.08397,0.08192,0.08294,0.03499,0,1
rs,10240,1280,512,gpu,23,A_gemmrs,1,0.15565,0.15360,0.15565,0.06178,0,1
rs,10240,1280,512,gpu,23,c_fluxgemm_only,0,0.07475,0.07168,0.07270,0.01764,0,1
rs,10240,1280,512,gpu,24,c_cublas,1,0.08294,0.08192,0.08294,0.03506,0,1
rs,10240,1280,512,gpu,24,A_gemmrs,2,0.13312,0.13210,0.13312,0.06646,0,1
rs,10240,1280,512,gpu,24,c_fluxgemm_only,0,0.07373,0.07270,0.07373,0.02094,0,1
rs,10240,1280,512,gpu,25,c_cublas,1,0.08499,0.08397,0.08397,0.03527,0,1
rs,10240,1280,512,gpu,25,A_gemmrs,2,0.13210,0.13005,0.13210,0.06179,0,1
rs,10240,1280,512,gpu,25,c_fluxgemm_only,0,0.07373,0.07270,0.07270,0.01958,0,1
rs,10240,1280,512,gpu,26,c_cublas,2,0.08499,0.08397,0.08397,0.03529,0,1
rs,10240,1280,512,gpu,26,A_gemmrs,0,0.14336,0.13312,0.14336,0.06126,0,1
rs,10240,1280,512,gpu,26,c_fluxgemm_only,1,0.07373,0.07270,0.07373,0.03719,0,1
rs,10240,1280,512,gpu,27,c_cublas,1,0.08397,0.08192,0.08294,0.03515,0,1
rs,10240,1280,512,gpu,27,A_gemmrs,2,0.21299,0.20992,0.21299,0.06153,0,1
rs,10240,1280,512,gpu,27,c_fluxgemm_only,0,0.07373,0.07270,0.07270,0.02126,0,1
rs,10240,1280,512,gpu,28,c_cublas,1,0.08397,0.08192,0.08294,0.04163,0,1
rs,10240,1280,512,gpu,28,A_gemmrs,0,0.15155,0.14848,0.14950,0.05903,0,1
rs,10240,1280,512,gpu,28,c_fluxgemm_only,2,0.07373,0.07270,0.07373,0.02101,0,1
rs,10240,1280,512,gpu,29,c_cublas,0,0.08294,0.08294,0.08294,0.03503,0,1
rs,10240,1280,512,gpu,29,A_gemmrs,2,0.14746,0.14541,0.14643,0.06003,0,1
rs,10240,1280,512,gpu,29,c_fluxgemm_only,1,0.07475,0.07373,0.07373,0.02100,0,1
rs,10240,1280,512,gpu,30,c_cublas,2,0.08499,0.08397,0.08397,0.04372,0,1
rs,10240,1280,512,gpu,30,A_gemmrs,0,0.14234,0.14131,0.14234,0.06135,0,1
rs,10240,1280,512,gpu,30,c_fluxgemm_only,1,0.07475,0.07270,0.07373,0.01892,0,1
rs,10240,1280,512,gpu,31,c_cublas,0,0.08397,0.08192,0.08192,0.03214,0,1
rs,10240,1280,512,gpu,31,A_gemmrs,2,0.13414,0.13107,0.13210,0.06046,0,1
rs,10240,1280,512,gpu,31,c_fluxgemm_only,1,0.07373,0.07270,0.07373,0.02099,0,1
rs,10240,1280,512,gpu,32,c_cublas,0,0.08397,0.08294,0.08397,0.03506,0,1
rs,10240,1280,512,gpu,32,A_gemmrs,1,0.15770,0.15565,0.15770,0.06138,0,1
rs,10240,1280,512,gpu,32,c_fluxgemm_only,2,0.07475,0.07270,0.07270,0.01877,0,1
rs,10240,1280,512,gpu,33,c_cublas,2,0.08397,0.08192,0.08294,0.03513,0,1
rs,10240,1280,512,gpu,33,A_gemmrs,0,0.13312,0.13107,0.13312,0.06048,0,1
rs,10240,1280,512,gpu,33,c_fluxgemm_only,1,0.07475,0.07270,0.07373,0.01837,0,1
rs,10240,1280,512,gpu,34,c_cublas,1,0.08499,0.08192,0.08192,0.03454,0,1
rs,10240,1280,512,gpu,34,A_gemmrs,2,0.14438,0.14234,0.14336,0.06209,0,1
rs,10240,1280,512,gpu,34,c_fluxgemm_only,0,0.07475,0.07373,0.07475,0.02081,0,1
rs,10240,1280,512,gpu,35,c_cublas,1,0.08499,0.08397,0.08397,0.03516,0,1
rs,10240,1280,512,gpu,35,A_gemmrs,0,0.13312,0.13107,0.13312,0.07597,0,1
rs,10240,1280,512,gpu,35,c_fluxgemm_only,2,0.07373,0.07270,0.07270,0.02082,0,1
rs,10240,1280,512,gpu,36,c_cublas,0,0.08294,0.08294,0.08294,0.03552,0,1
rs,10240,1280,512,gpu,36,A_gemmrs,1,0.20787,0.20582,0.20685,0.06321,0,1
rs,10240,1280,512,gpu,36,c_fluxgemm_only,2,0.07373,0.07270,0.07373,0.01881,0,1
rs,10240,1280,512,gpu,37,c_cublas,1,0.08397,0.08192,0.08192,0.03442,0,1
rs,10240,1280,512,gpu,37,A_gemmrs,0,0.15770,0.15462,0.15667,0.06077,0,1
rs,10240,1280,512,gpu,37,c_fluxgemm_only,2,0.07373,0.07270,0.07270,0.02083,0,1
rs,10240,1280,512,gpu,38,c_cublas,0,0.08499,0.08397,0.08397,0.03622,0,1
rs,10240,1280,512,gpu,38,A_gemmrs,2,0.14848,0.14643,0.14848,0.06011,0,1
rs,10240,1280,512,gpu,38,c_fluxgemm_only,1,0.07373,0.07270,0.07373,0.02018,0,1
rs,10240,1280,512,gpu,39,c_cublas,1,0.08499,0.08294,0.08397,0.04133,0,1
rs,10240,1280,512,gpu,39,A_gemmrs,0,0.13312,0.13107,0.13210,0.06110,0,1
rs,10240,1280,512,gpu,39,c_fluxgemm_only,2,0.07373,0.07270,0.07373,0.02093,0,1
rs,10240,1280,512,gpu,40,c_cublas,1,0.08397,0.08294,0.08294,0.03594,0,1
rs,10240,1280,512,gpu,40,A_gemmrs,2,0.15565,0.15360,0.15565,0.06440,0,1
rs,10240,1280,512,gpu,40,c_fluxgemm_only,0,0.07270,0.07270,0.07270,0.01896,0,1
rs,10240,1280,512,gpu,41,c_cublas,0,0.08397,0.08192,0.08294,0.03500,0,1
rs,10240,1280,512,gpu,41,A_gemmrs,2,0.13619,0.13414,0.13619,0.06844,0,1
rs,10240,1280,512,gpu,41,c_fluxgemm_only,1,0.07475,0.07373,0.07475,0.02089,0,1
rs,10240,1280,512,gpu,42,c_cublas,0,0.08499,0.08397,0.08499,0.03492,0,1
rs,10240,1280,512,gpu,42,A_gemmrs,2,0.14746,0.14541,0.14643,0.06026,0,1
rs,10240,1280,512,gpu,42,c_fluxgemm_only,1,0.07373,0.07270,0.07373,0.02151,0,1
rs,10240,1280,512,gpu,43,c_cublas,1,0.08294,0.08192,0.08294,0.03552,0,1
rs,10240,1280,512,gpu,43,A_gemmrs,2,0.13210,0.13107,0.13210,0.06376,0,1
rs,10240,1280,512,gpu,43,c_fluxgemm_only,0,0.07373,0.07270,0.07373,0.01929,0,1
rs,10240,1280,512,gpu,44,c_cublas,2,0.08397,0.08294,0.08397,0.03385,0,1
rs,10240,1280,512,gpu,44,A_gemmrs,1,0.20582,0.20378,0.20582,0.06358,0,1
rs,10240,1280,512,gpu,44,c_fluxgemm_only,0,0.07373,0.07270,0.07270,0.02005,0,1
rs,10240,1280,512,gpu,45,c_cublas,2,0.08294,0.08192,0.08294,0.03535,0,1
rs,10240,1280,512,gpu,45,A_gemmrs,0,0.15667,0.15462,0.15565,0.06263,0,1
rs,10240,1280,512,gpu,45,c_fluxgemm_only,1,0.07373,0.07270,0.07373,0.02000,0,1
rs,10240,1280,512,gpu,46,c_cublas,2,0.08499,0.08294,0.08397,0.03483,0,1
rs,10240,1280,512,gpu,46,A_gemmrs,0,0.13312,0.13210,0.13312,0.06468,0,1
rs,10240,1280,512,gpu,46,c_fluxgemm_only,1,0.07373,0.07270,0.07373,0.01913,0,1
rs,10240,1280,512,gpu,47,c_cublas,2,0.08397,0.08294,0.08294,0.03417,0,1
rs,10240,1280,512,gpu,47,A_gemmrs,1,0.14438,0.14131,0.14336,0.06189,0,1
rs,10240,1280,512,gpu,47,c_fluxgemm_only,0,0.07373,0.07168,0.07270,0.02039,0,1
rs,10240,1280,512,gpu,48,c_cublas,2,0.08397,0.08192,0.08192,0.03519,0,1
rs,10240,1280,512,gpu,48,A_gemmrs,0,0.14848,0.14643,0.14848,0.06956,0,1
rs,10240,1280,512,gpu,48,c_fluxgemm_only,1,0.07373,0.07270,0.07270,0.01929,0,1
rs,10240,1280,512,gpu,49,c_cublas,2,0.08397,0.08294,0.08294,0.03600,0,1
rs,10240,1280,512,gpu,49,A_gemmrs,0,0.13414,0.13210,0.13414,0.06296,0,1
rs,10240,1280,512,gpu,49,c_fluxgemm_only,1,0.07373,0.07270,0.07373,0.02014,0,1
rs,10240,1280,512,gpu,50,c_cublas,1,0.08397,0.08294,0.08397,0.04239,0,1
rs,10240,1280,512,gpu,50,A_gemmrs,2,0.16077,0.15770,0.16077,0.06380,0,1
rs,10240,1280,512,gpu,50,c_fluxgemm_only,0,0.07475,0.07373,0.07373,0.02114,0,1
rs,10240,1280,512,gpu,51,c_cublas,2,0.08397,0.08192,0.08294,0.03486,0,1
rs,10240,1280,512,gpu,51,A_gemmrs,0,0.14541,0.14438,0.14541,0.06118,0,1
rs,10240,1280,512,gpu,51,c_fluxgemm_only,1,0.07475,0.07373,0.07475,0.01835,0,1
rs,10240,1280,512,gpu,52,c_cublas,0,0.08397,0.08294,0.08294,0.03276,0,1
rs,10240,1280,512,gpu,52,A_gemmrs,1,0.19661,0.19456,0.19661,0.06394,0,1
rs,10240,1280,512,gpu,52,c_fluxgemm_only,2,0.07373,0.07270,0.07373,0.01945,0,1
rs,10240,1280,512,gpu,53,c_cublas,2,0.08397,0.08294,0.08294,0.03531,0,1
rs,10240,1280,512,gpu,53,A_gemmrs,1,0.15667,0.15565,0.15667,0.06019,0,1
rs,10240,1280,512,gpu,53,c_fluxgemm_only,0,0.07270,0.07168,0.07270,0.01795,0,1
rs,10240,1280,512,gpu,54,c_cublas,0,0.08499,0.08294,0.08397,0.05952,0,1
rs,10240,1280,512,gpu,54,A_gemmrs,2,0.13619,0.13107,0.13312,0.06930,0,1
rs,10240,1280,512,gpu,54,c_fluxgemm_only,1,0.07373,0.07270,0.07270,0.02108,0,1
rs,10240,1280,512,gpu,55,c_cublas,1,0.08294,0.08294,0.08294,0.03617,0,1
rs,10240,1280,512,gpu,55,A_gemmrs,2,0.15258,0.15053,0.15053,0.06391,0,1
rs,10240,1280,512,gpu,55,c_fluxgemm_only,0,0.07373,0.07270,0.07373,0.01970,0,1
rs,10240,1280,512,gpu,56,c_cublas,2,0.08294,0.08192,0.08294,0.04150,0,1
rs,10240,1280,512,gpu,56,A_gemmrs,0,0.41062,0.14848,0.40755,0.07308,0,1
rs,10240,1280,512,gpu,56,c_fluxgemm_only,1,0.07373,0.07270,0.07270,0.02427,0,1
rs,10240,1280,512,gpu,57,c_cublas,1,0.08294,0.08294,0.08294,0.03356,0,1
rs,10240,1280,512,gpu,57,A_gemmrs,0,0.14234,0.14029,0.14131,0.06325,0,1
rs,10240,1280,512,gpu,57,c_fluxgemm_only,2,0.07373,0.07270,0.07270,0.02068,0,1
rs,10240,1280,512,gpu,58,c_cublas,2,0.08499,0.08397,0.08397,0.03530,0,1
rs,10240,1280,512,gpu,58,A_gemmrs,0,0.15872,0.15565,0.15770,0.06405,0,1
rs,10240,1280,512,gpu,58,c_fluxgemm_only,1,0.07373,0.07270,0.07373,0.01837,0,1
rs,10240,1280,512,gpu,59,c_cublas,1,0.08499,0.08294,0.08397,0.03357,0,1
rs,10240,1280,512,gpu,59,A_gemmrs,0,0.14643,0.14541,0.14541,0.06356,0,1
rs,10240,1280,512,gpu,59,c_fluxgemm_only,2,0.07373,0.07270,0.07373,0.02079,0,1
rs,10240,1280,512,gpu,60,c_cublas,0,0.11162,0.08294,0.08294,0.03555,0,1
rs,10240,1280,512,gpu,60,A_gemmrs,1,0.21197,0.20992,0.21094,0.09046,0,1
rs,10240,1280,512,gpu,60,c_fluxgemm_only,2,0.07475,0.07270,0.07475,0.02396,0,1
rs,10240,1280,512,gpu,61,c_cublas,1,0.08294,0.08294,0.08294,0.04181,0,1
rs,10240,1280,512,gpu,61,A_gemmrs,0,0.15770,0.15155,0.15770,0.06120,0,1
rs,10240,1280,512,gpu,61,c_fluxgemm_only,2,0.07373,0.07270,0.07373,0.02078,0,1
rs,10240,1280,512,gpu,62,c_cublas,1,0.08397,0.08294,0.08294,0.03561,0,1
rs,10240,1280,512,gpu,62,A_gemmrs,2,0.15053,0.14848,0.15053,0.06217,0,1
rs,10240,1280,512,gpu,62,c_fluxgemm_only,0,0.07475,0.07373,0.07373,0.01801,0,1
rs,10240,1280,512,gpu,63,c_cublas,0,0.08294,0.08294,0.08294,0.03532,0,1
rs,10240,1280,512,gpu,63,A_gemmrs,1,0.14848,0.14541,0.14848,0.06344,0,1
rs,10240,1280,512,gpu,63,c_fluxgemm_only,2,0.07373,0.07270,0.07270,0.01963,0,1
rs,10240,1280,512,gpu,64,c_cublas,1,0.08397,0.08294,0.08294,0.03738,0,1
rs,10240,1280,512,gpu,64,A_gemmrs,2,0.15360,0.15053,0.15360,0.06278,0,1
rs,10240,1280,512,gpu,64,c_fluxgemm_only,0,0.07373,0.07270,0.07270,0.01760,0,1
rs,10240,1280,512,gpu,65,c_cublas,2,0.08397,0.08294,0.08294,0.03470,0,1
rs,10240,1280,512,gpu,65,A_gemmrs,0,0.15565,0.14950,0.15565,0.05924,0,1
rs,10240,1280,512,gpu,65,c_fluxgemm_only,1,0.07373,0.07270,0.07373,0.01857,0,1
rs,10240,1280,512,gpu,66,c_cublas,1,0.11469,0.08192,0.08294,0.03880,0,1
rs,10240,1280,512,gpu,66,A_gemmrs,0,0.15155,0.14950,0.15155,0.06320,0,1
rs,10240,1280,512,gpu,66,c_fluxgemm_only,2,0.07475,0.07373,0.07475,0.02140,0,1
rs,10240,1280,512,gpu,67,c_cublas,2,0.08397,0.08294,0.08397,0.03536,0,1
rs,10240,1280,512,gpu,67,A_gemmrs,0,1.09363,0.22426,1.09363,0.08887,0,1
rs,10240,1280,512,gpu,67,c_fluxgemm_only,1,0.07475,0.07373,0.07475,0.01903,0,1
rs,10240,1280,512,gpu,68,c_cublas,0,0.08397,0.08192,0.08294,0.03273,0,1
rs,10240,1280,512,gpu,68,A_gemmrs,2,0.15770,0.15565,0.15667,0.06997,0,1
rs,10240,1280,512,gpu,68,c_fluxgemm_only,1,0.07373,0.07270,0.07270,0.02100,0,1
rs,10240,1280,512,gpu,69,c_cublas,0,0.08397,0.08192,0.08294,0.03472,0,1
rs,10240,1280,512,gpu,69,A_gemmrs,1,0.15155,0.14848,0.15155,0.06243,0,1
rs,10240,1280,512,gpu,69,c_fluxgemm_only,2,0.07373,0.07270,0.07270,0.01928,0,1
rs,10240,1280,512,gpu,70,c_cublas,1,0.08294,0.08294,0.08294,0.03484,0,1
rs,10240,1280,512,gpu,70,A_gemmrs,0,0.14336,0.14234,0.14336,0.05994,0,1
rs,10240,1280,512,gpu,70,c_fluxgemm_only,2,0.07475,0.07373,0.07475,0.02069,0,1
rs,10240,1280,512,gpu,71,c_cublas,2,0.08397,0.08192,0.08294,0.03419,0,1
rs,10240,1280,512,gpu,71,A_gemmrs,1,0.15667,0.15155,0.15667,0.06115,0,1
rs,10240,1280,512,gpu,71,c_fluxgemm_only,0,0.07373,0.07270,0.07270,0.01762,0,1
rs,10240,1280,512,gpu,72,c_cublas,0,0.08397,0.08192,0.08397,0.03369,0,1
rs,10240,1280,512,gpu,72,A_gemmrs,1,0.16179,0.15872,0.16077,0.07018,0,1
rs,10240,1280,512,gpu,72,c_fluxgemm_only,2,0.07373,0.07270,0.07373,0.01975,0,1
rs,10240,1280,512,gpu,73,c_cublas,0,0.08397,0.08294,0.08294,0.03571,0,1
rs,10240,1280,512,gpu,73,A_gemmrs,2,0.13312,0.13210,0.13312,0.06026,0,1
rs,10240,1280,512,gpu,73,c_fluxgemm_only,1,0.07475,0.07373,0.07475,0.02019,0,1
rs,10240,1280,512,gpu,74,c_cublas,0,0.08499,0.08397,0.08397,0.03491,0,1
rs,10240,1280,512,gpu,74,A_gemmrs,2,0.18842,0.18637,0.18739,0.05965,0,1
rs,10240,1280,512,gpu,74,c_fluxgemm_only,1,0.07475,0.07270,0.07475,0.02066,0,1
rs,10240,1280,512,gpu,75,c_cublas,1,0.08499,0.08397,0.08397,0.03450,0,1
rs,10240,1280,512,gpu,75,A_gemmrs,0,0.14950,0.14848,0.14848,0.06143,0,1
rs,10240,1280,512,gpu,75,c_fluxgemm_only,2,0.07373,0.07270,0.07373,0.02059,0,1
rs,10240,1280,512,gpu,76,c_cublas,0,0.08397,0.08294,0.08294,0.03581,0,1
rs,10240,1280,512,gpu,76,A_gemmrs,1,0.14950,0.14336,0.14950,0.06207,0,1
rs,10240,1280,512,gpu,76,c_fluxgemm_only,2,0.07475,0.07270,0.07373,0.01858,0,1
rs,10240,1280,512,gpu,77,c_cublas,1,0.08499,0.08397,0.08397,0.03658,0,1
rs,10240,1280,512,gpu,77,A_gemmrs,2,0.15155,0.14950,0.15155,0.06304,0,1
rs,10240,1280,512,gpu,77,c_fluxgemm_only,0,0.07373,0.07270,0.07270,0.01858,0,1
rs,10240,1280,512,gpu,78,c_cublas,1,0.08294,0.08294,0.08294,0.03407,0,1
rs,10240,1280,512,gpu,78,A_gemmrs,0,0.21709,0.15155,0.21606,0.08251,0,1
rs,10240,1280,512,gpu,78,c_fluxgemm_only,2,0.07475,0.07373,0.07475,0.02053,0,1
rs,10240,1280,512,gpu,79,c_cublas,2,0.08397,0.08192,0.08294,0.03452,0,1
rs,10240,1280,512,gpu,79,A_gemmrs,1,0.15667,0.15462,0.15667,0.05989,0,1
rs,10240,1280,512,gpu,79,c_fluxgemm_only,0,0.07373,0.07270,0.07373,0.01802,0,1
rs,10240,1280,512,gpu,80,c_cublas,0,0.08294,0.08192,0.08294,0.03217,0,1
rs,10240,1280,512,gpu,80,A_gemmrs,1,0.15770,0.15565,0.15667,0.06324,0,1
rs,10240,1280,512,gpu,80,c_fluxgemm_only,2,0.07373,0.07270,0.07270,0.01883,0,1
rs,10240,1280,512,gpu,81,c_cublas,0,0.11264,0.08294,0.08294,0.03610,0,1
rs,10240,1280,512,gpu,81,A_gemmrs,2,0.20582,0.20480,0.20582,0.07500,0,1
rs,10240,1280,512,gpu,81,c_fluxgemm_only,1,0.07475,0.07373,0.07475,0.02093,0,1
rs,10240,1280,512,gpu,82,c_cublas,0,0.08499,0.08294,0.08294,0.03704,0,1
rs,10240,1280,512,gpu,82,A_gemmrs,2,0.14541,0.14336,0.14438,0.07616,0,1
rs,10240,1280,512,gpu,82,c_fluxgemm_only,1,0.07373,0.07270,0.07373,0.02103,0,1
rs,10240,1280,512,gpu,83,c_cublas,0,0.08294,0.08192,0.08294,0.03686,0,1
rs,10240,1280,512,gpu,83,A_gemmrs,2,0.14746,0.14643,0.14746,0.06102,0,1
rs,10240,1280,512,gpu,83,c_fluxgemm_only,1,0.07373,0.07373,0.07373,0.02165,0,1
rs,10240,1280,512,gpu,84,c_cublas,1,0.08294,0.08294,0.08294,0.03652,0,1
rs,10240,1280,512,gpu,84,A_gemmrs,2,0.16896,0.16794,0.16896,0.06272,0,1
rs,10240,1280,512,gpu,84,c_fluxgemm_only,0,0.07373,0.07270,0.07270,0.02018,0,1
rs,10240,1280,512,gpu,85,c_cublas,2,0.08397,0.08192,0.08294,0.03517,0,1
rs,10240,1280,512,gpu,85,A_gemmrs,0,0.14848,0.14643,0.14848,0.06247,0,1
rs,10240,1280,512,gpu,85,c_fluxgemm_only,1,0.07373,0.07270,0.07373,0.01917,0,1
rs,10240,1280,512,gpu,86,c_cublas,2,0.08499,0.08294,0.08499,0.03446,1410,1
rs,10240,1280,512,gpu,86,A_gemmrs,1,0.15258,0.15053,0.15258,0.05940,1410,1
rs,10240,1280,512,gpu,86,c_fluxgemm_only,0,0.07475,0.07373,0.07373,0.02043,1410,1
rs,10240,1280,512,gpu,87,c_cublas,2,0.08397,0.08192,0.08294,0.03556,1410,1
rs,10240,1280,512,gpu,87,A_gemmrs,1,0.15974,0.15667,0.15872,0.06950,1410,1
rs,10240,1280,512,gpu,87,c_fluxgemm_only,0,0.07373,0.07270,0.07270,0.02065,1410,1
rs,10240,1280,512,gpu,88,c_cublas,1,0.08294,0.08192,0.08294,0.03356,1410,1
rs,10240,1280,512,gpu,88,A_gemmrs,0,0.15053,0.14848,0.14950,0.06251,1410,1
rs,10240,1280,512,gpu,88,c_fluxgemm_only,2,0.07373,0.07270,0.07373,0.02086,1410,1
rs,10240,1280,512,gpu,89,c_cublas,0,0.08294,0.08192,0.08294,0.03455,1410,1
rs,10240,1280,512,gpu,89,A_gemmrs,1,0.17715,0.17408,0.17613,0.06274,1410,1
rs,10240,1280,512,gpu,89,c_fluxgemm_only,2,0.07373,0.07270,0.07373,0.01908,1410,1
rs,10240,1280,512,gpu,90,c_cublas,0,0.08499,0.08294,0.08397,0.03582,1410,1
rs,10240,1280,512,gpu,90,A_gemmrs,1,0.14950,0.14643,0.14950,0.06253,1410,1
rs,10240,1280,512,gpu,90,c_fluxgemm_only,2,0.07475,0.07373,0.07475,0.01845,1410,1
rs,10240,1280,512,gpu,91,c_cublas,0,0.08294,0.08294,0.08294,0.03528,1410,1
rs,10240,1280,512,gpu,91,A_gemmrs,2,0.14438,0.14234,0.14438,0.06819,1410,1
rs,10240,1280,512,gpu,91,c_fluxgemm_only,1,0.07373,0.07270,0.07270,0.02044,1410,1
rs,10240,1280,512,gpu,92,c_cublas,0,0.08397,0.08294,0.08294,0.03530,1410,1
rs,10240,1280,512,gpu,92,A_gemmrs,2,0.16486,0.16384,0.16384,0.05957,1410,1
rs,10240,1280,512,gpu,92,c_fluxgemm_only,1,0.07373,0.07270,0.07270,0.02043,1410,1
rs,10240,1280,512,gpu,93,c_cublas,1,0.08499,0.08294,0.08499,0.03573,1410,1
rs,10240,1280,512,gpu,93,A_gemmrs,2,0.14643,0.14541,0.14643,0.06233,1410,1
rs,10240,1280,512,gpu,93,c_fluxgemm_only,0,0.07373,0.07270,0.07270,0.01995,1410,1
rs,10240,1280,512,gpu,94,c_cublas,2,0.08499,0.08294,0.08499,0.03504,1410,1
rs,10240,1280,512,gpu,94,A_gemmrs,0,0.14848,0.14643,0.14848,0.05953,1410,1
rs,10240,1280,512,gpu,94,c_fluxgemm_only,1,0.07373,0.07270,0.07373,0.01903,1410,1
rs,10240,1280,512,gpu,95,c_cublas,1,0.08294,0.08192,0.08294,0.03479,1410,1
rs,10240,1280,512,gpu,95,A_gemmrs,2,0.14848,0.14643,0.14746,0.06301,1410,1
rs,10240,1280,512,gpu,95,c_fluxgemm_only,0,0.07373,0.07270,0.07270,0.02084,1410,1
rs,10240,1280,512,gpu,96,c_cublas,2,0.08397,0.08294,0.08294,0.03525,1410,1
rs,10240,1280,512,gpu,96,A_gemmrs,0,0.16179,0.15872,0.15974,0.06160,1410,1
rs,10240,1280,512,gpu,96,c_fluxgemm_only,1,0.07373,0.07270,0.07373,0.01879,1410,1
rs,10240,1280,512,gpu,97,c_cublas,2,0.08397,0.08192,0.08294,0.03499,1410,1
rs,10240,1280,512,gpu,97,A_gemmrs,0,0.18125,0.17920,0.18022,0.06236,1410,1
rs,10240,1280,512,gpu,97,c_fluxgemm_only,1,0.07373,0.07270,0.07373,0.01853,1410,1
rs,10240,1280,512,gpu,98,c_cublas,2,0.08397,0.08397,0.08397,0.03529,1410,1
rs,10240,1280,512,gpu,98,A_gemmrs,0,0.14848,0.14643,0.14746,0.06900,1410,1
rs,10240,1280,512,gpu,98,c_fluxgemm_only,1,0.07373,0.07270,0.07373,0.01893,1410,1
rs,10240,1280,512,gpu,99,c_cublas,0,0.08294,0.08294,0.08294,0.03247,1410,1
rs,10240,1280,512,gpu,99,A_gemmrs,2,0.14438,0.14234,0.14336,0.05983,1410,1
rs,10240,1280,512,gpu,99,c_fluxgemm_only,1,0.07373,0.07168,0.07373,0.02124,1410,1
rs,10240,1280,512,gpu,100,c_cublas,1,0.08397,0.08294,0.08294,0.03453,1410,1
rs,10240,1280,512,gpu,100,A_gemmrs,0,0.16282,0.16077,0.16282,0.05913,1410,1
rs,10240,1280,512,gpu,100,c_fluxgemm_only,2,0.07373,0.07270,0.07373,0.02042,1410,1
rs,10240,1280,512,gpu,101,c_cublas,1,0.08499,0.08294,0.08397,0.03639,1410,1
rs,10240,1280,512,gpu,101,A_gemmrs,2,0.15053,0.14848,0.14950,0.06482,1410,1
rs,10240,1280,512,gpu,101,c_fluxgemm_only,0,0.07373,0.07168,0.07270,0.02014,1410,1
rs,10240,1280,512,gpu,102,c_cublas,2,0.08499,0.08397,0.08397,0.03410,1410,1
rs,10240,1280,512,gpu,102,A_gemmrs,1,0.14746,0.14643,0.14746,0.05999,1410,1
rs,10240,1280,512,gpu,102,c_fluxgemm_only,0,0.07475,0.07373,0.07475,0.01953,1410,1
rs,10240,1280,512,gpu,103,c_cublas,0,0.08294,0.08192,0.08294,0.03179,1410,1
rs,10240,1280,512,gpu,103,A_gemmrs,1,0.17203,0.16896,0.17203,0.06337,1410,1
rs,10240,1280,512,gpu,103,c_fluxgemm_only,2,0.07373,0.07270,0.07373,0.01993,1410,1
rs,10240,1280,512,gpu,104,c_cublas,2,0.08397,0.08192,0.08397,0.03580,1410,1
rs,10240,1280,512,gpu,104,A_gemmrs,0,0.15565,0.15258,0.15565,0.06202,1410,1
rs,10240,1280,512,gpu,104,c_fluxgemm_only,1,0.07373,0.07270,0.07373,0.01892,1410,1
rs,10240,1280,512,gpu,105,c_cublas,0,0.08294,0.08192,0.08192,0.03421,1410,1
rs,10240,1280,512,gpu,105,A_gemmrs,1,0.18022,0.17920,0.18022,0.06362,1410,1
rs,10240,1280,512,gpu,105,c_fluxgemm_only,2,0.07373,0.07270,0.07373,0.01938,1410,1
rs,10240,1280,512,gpu,106,c_cublas,0,0.08499,0.08294,0.08397,0.03642,1410,1
rs,10240,1280,512,gpu,106,A_gemmrs,1,0.14541,0.14438,0.14541,0.07049,1410,1
rs,10240,1280,512,gpu,106,c_fluxgemm_only,2,0.07578,0.07373,0.07475,0.01907,1410,1
rs,10240,1280,512,gpu,107,c_cublas,1,0.08294,0.08192,0.08294,0.03572,1410,1
rs,10240,1280,512,gpu,107,A_gemmrs,2,0.15974,0.15770,0.15872,0.06270,1410,1
rs,10240,1280,512,gpu,107,c_fluxgemm_only,0,0.07373,0.07168,0.07270,0.01738,1410,1
rs,10240,1280,512,gpu,108,c_cublas,2,0.08397,0.08294,0.08397,0.04359,1410,1
rs,10240,1280,512,gpu,108,A_gemmrs,1,0.14848,0.14643,0.14848,0.05863,1410,1
rs,10240,1280,512,gpu,108,c_fluxgemm_only,0,0.07475,0.07270,0.07373,0.01954,1410,1
rs,10240,1280,512,gpu,109,c_cublas,0,0.08397,0.08192,0.08294,0.03185,1410,1
rs,10240,1280,512,gpu,109,A_gemmrs,2,0.14848,0.14643,0.14746,0.06056,1410,1
rs,10240,1280,512,gpu,109,c_fluxgemm_only,1,0.07475,0.07373,0.07475,0.02120,1410,1
rs,10240,1280,512,gpu,110,c_cublas,2,0.08499,0.08294,0.08499,0.03533,1410,1
rs,10240,1280,512,gpu,110,A_gemmrs,0,0.15053,0.14746,0.14950,0.05812,1410,1
rs,10240,1280,512,gpu,110,c_fluxgemm_only,1,0.07373,0.07270,0.07270,0.01783,1410,1
rs,10240,1280,512,gpu,111,c_cublas,2,0.08294,0.08192,0.08294,0.03484,1410,1
rs,10240,1280,512,gpu,111,A_gemmrs,1,0.15872,0.15770,0.15872,0.06106,1410,1
rs,10240,1280,512,gpu,111,c_fluxgemm_only,0,0.07373,0.07270,0.07270,0.02106,1410,1
rs,10240,1280,512,gpu,112,c_cublas,2,0.08294,0.08294,0.08294,0.03378,1410,1
rs,10240,1280,512,gpu,112,A_gemmrs,1,0.15667,0.15462,0.15565,0.05903,1410,1
rs,10240,1280,512,gpu,112,c_fluxgemm_only,0,0.07475,0.07270,0.07373,0.02078,1410,1
rs,10240,1280,512,gpu,113,c_cublas,0,0.08294,0.08192,0.08294,0.03216,1410,1
rs,10240,1280,512,gpu,113,A_gemmrs,1,0.17920,0.17715,0.17818,0.06537,1410,1
rs,10240,1280,512,gpu,113,c_fluxgemm_only,2,0.07373,0.07270,0.07270,0.01855,1410,1
rs,10240,1280,512,gpu,114,c_cublas,0,0.08499,0.08397,0.08397,0.03639,1410,1
rs,10240,1280,512,gpu,114,A_gemmrs,2,0.14541,0.14234,0.14541,0.06060,1410,1
rs,10240,1280,512,gpu,114,c_fluxgemm_only,1,0.07373,0.07270,0.07373,0.02120,1410,1
rs,10240,1280,512,gpu,115,c_cublas,2,0.08397,0.08294,0.08294,0.03487,1410,1
rs,10240,1280,512,gpu,115,A_gemmrs,1,0.16282,0.16077,0.16179,0.05988,1410,1
rs,10240,1280,512,gpu,115,c_fluxgemm_only,0,0.07373,0.07270,0.07373,0.02717,1410,1
rs,10240,1280,512,gpu,116,c_cublas,0,0.08294,0.08192,0.08294,0.03418,1410,1
rs,10240,1280,512,gpu,116,A_gemmrs,1,0.14848,0.14746,0.14848,0.06278,1410,1
rs,10240,1280,512,gpu,116,c_fluxgemm_only,2,0.07373,0.07270,0.07373,0.01885,1410,1
rs,10240,1280,512,gpu,117,c_cublas,2,0.08397,0.08294,0.08294,0.03388,1410,1
rs,10240,1280,512,gpu,117,A_gemmrs,1,0.14950,0.14746,0.14950,0.06063,1410,1
rs,10240,1280,512,gpu,117,c_fluxgemm_only,0,0.07373,0.07270,0.07373,0.01781,1410,1
rs,10240,1280,512,gpu,118,c_cublas,1,0.08397,0.08192,0.08397,0.03408,1410,1
rs,10240,1280,512,gpu,118,A_gemmrs,0,0.15053,0.14848,0.15053,0.06385,1410,1
rs,10240,1280,512,gpu,118,c_fluxgemm_only,2,0.07475,0.07373,0.07373,0.02124,1410,1
rs,10240,1280,512,gpu,119,c_cublas,1,0.08397,0.08192,0.08294,0.03582,1410,1
rs,10240,1280,512,gpu,119,A_gemmrs,2,0.14643,0.14438,0.14541,0.06383,1410,1
rs,10240,1280,512,gpu,119,c_fluxgemm_only,0,0.07373,0.07270,0.07270,0.01883,1410,1
rs,10240,1280,512,gpu,120,c_cublas,2,0.08397,0.08294,0.08294,0.03390,1410,1
rs,10240,1280,512,gpu,120,A_gemmrs,1,0.16179,0.15974,0.15974,0.05996,1410,1
rs,10240,1280,512,gpu,120,c_fluxgemm_only,0,0.07475,0.07270,0.07270,0.02079,1410,1
rs,10240,1280,512,gpu,121,c_cublas,0,0.08294,0.08192,0.08192,0.03204,1410,1
rs,10240,1280,512,gpu,121,A_gemmrs,2,0.18637,0.18432,0.18534,0.06789,1410,1
rs,10240,1280,512,gpu,121,c_fluxgemm_only,1,0.07475,0.07373,0.07373,0.02122,1410,1
rs,10240,1280,512,gpu,122,c_cublas,2,0.08499,0.08397,0.08397,0.04156,1410,1
rs,10240,1280,512,gpu,122,A_gemmrs,0,0.13517,0.13107,0.13210,0.07650,1410,1
rs,10240,1280,512,gpu,122,c_fluxgemm_only,1,0.08602,0.07270,0.07270,0.02194,1410,1
rs,10240,1280,512,gpu,123,c_cublas,2,0.08397,0.08294,0.08294,0.03595,1410,1
rs,10240,1280,512,gpu,123,A_gemmrs,0,0.16691,0.16179,0.16691,0.07862,1410,1
rs,10240,1280,512,gpu,123,c_fluxgemm_only,1,0.07475,0.07373,0.07475,0.01929,1410,1
rs,10240,1280,512,gpu,124,c_cublas,0,0.08397,0.08192,0.08294,0.03302,1410,1
rs,10240,1280,512,gpu,124,A_gemmrs,1,0.14643,0.14438,0.14541,0.06232,1410,1
rs,10240,1280,512,gpu,124,c_fluxgemm_only,2,0.07373,0.07270,0.07373,0.01890,1410,1
rs,10240,1280,512,gpu,125,c_cublas,1,0.08499,0.08397,0.08397,0.03692,1410,1
rs,10240,1280,512,gpu,125,A_gemmrs,2,0.15053,0.14848,0.14950,0.06364,1410,1
rs,10240,1280,512,gpu,125,c_fluxgemm_only,0,0.07475,0.07168,0.07475,0.02020,1410,1
rs,10240,1280,512,gpu,126,c_cublas,1,0.08294,0.08294,0.08294,0.03545,1410,1
rs,10240,1280,512,gpu,126,A_gemmrs,2,0.87142,0.18330,0.87142,0.08988,1410,1
rs,10240,1280,512,gpu,126,c_fluxgemm_only,0,0.07475,0.07373,0.07475,0.02014,1410,1
rs,10240,1280,512,gpu,127,c_cublas,0,0.08397,0.08294,0.08294,0.03481,1410,1
rs,10240,1280,512,gpu,127,A_gemmrs,1,0.15974,0.15770,0.15974,0.06322,1410,1
rs,10240,1280,512,gpu,127,c_fluxgemm_only,2,0.07373,0.07270,0.07373,0.01837,1410,1
rs,10240,1280,512,gpu,128,c_cublas,2,0.08294,0.08192,0.08294,0.03410,1410,1
rs,10240,1280,512,gpu,128,A_gemmrs,1,0.14848,0.14643,0.14746,0.05827,1410,1
rs,10240,1280,512,gpu,128,c_fluxgemm_only,0,0.07270,0.07270,0.07270,0.01791,1410,1
rs,10240,1280,512,gpu,129,c_cublas,2,0.08294,0.08192,0.08294,0.03554,1410,1
rs,10240,1280,512,gpu,129,A_gemmrs,0,0.19046,0.18842,0.19046,0.06632,1410,1
rs,10240,1280,512,gpu,129,c_fluxgemm_only,1,0.07373,0.07270,0.07270,0.01865,1410,1
rs,10240,1280,512,gpu,130,c_cublas,2,0.08397,0.08294,0.08397,0.03453,1410,1
rs,10240,1280,512,gpu,130,A_gemmrs,1,0.15667,0.15360,0.15565,0.06136,1410,1
rs,10240,1280,512,gpu,130,c_fluxgemm_only,0,0.07475,0.07373,0.07475,0.02857,1410,1
rs,10240,1280,512,gpu,131,c_cublas,2,0.08294,0.08192,0.08294,0.03371,1410,1
rs,10240,1280,512,gpu,131,A_gemmrs,1,0.14848,0.14541,0.14848,0.05978,1410,1
rs,10240,1280,512,gpu,131,c_fluxgemm_only,0,0.07373,0.07270,0.07270,0.02088,1410,1
rs,10240,1280,512,gpu,132,c_cublas,1,0.08397,0.08192,0.08294,0.04015,1410,1
rs,10240,1280,512,gpu,132,A_gemmrs,2,0.14950,0.14438,0.14950,0.06334,1410,1
rs,10240,1280,512,gpu,132,c_fluxgemm_only,0,0.07475,0.07270,0.07373,0.02141,1410,1
rs,10240,1280,512,gpu,133,c_cublas,2,0.08397,0.08192,0.08397,0.03504,1410,1
rs,10240,1280,512,gpu,133,A_gemmrs,0,1.17555,0.18739,1.17453,0.09130,1410,1
rs,10240,1280,512,gpu,133,c_fluxgemm_only,1,0.07373,0.07270,0.07373,0.01928,1410,1
rs,10240,1280,512,gpu,134,c_cublas,0,0.11162,0.08294,0.08397,0.03420,1410,1
rs,10240,1280,512,gpu,134,A_gemmrs,2,0.16282,0.16179,0.16282,0.08893,1410,1
rs,10240,1280,512,gpu,134,c_fluxgemm_only,1,0.07373,0.07270,0.07270,0.02088,1410,1
rs,10240,1280,512,gpu,135,c_cublas,0,0.08294,0.08192,0.08294,0.03520,1410,1
rs,10240,1280,512,gpu,135,A_gemmrs,1,0.19456,0.19251,0.19354,0.06271,1410,1
rs,10240,1280,512,gpu,135,c_fluxgemm_only,2,0.07475,0.07270,0.07373,0.01901,1410,1
rs,10240,1280,512,gpu,136,c_cublas,1,0.08294,0.08294,0.08294,0.03419,1410,1
rs,10240,1280,512,gpu,136,A_gemmrs,0,0.15360,0.15155,0.15360,0.06026,1410,1
rs,10240,1280,512,gpu,136,c_fluxgemm_only,2,0.07373,0.07270,0.07373,0.02088,1410,1
rs,10240,1280,512,gpu,137,c_cublas,1,0.08397,0.08294,0.08397,0.03628,1410,1
rs,10240,1280,512,gpu,137,A_gemmrs,2,0.15667,0.15565,0.15667,0.06352,1410,1
rs,10240,1280,512,gpu,137,c_fluxgemm_only,0,0.07373,0.07270,0.07270,0.01786,1410,1
rs,10240,1280,512,gpu,138,c_cublas,2,0.08499,0.08397,0.08397,0.03485,1410,1
rs,10240,1280,512,gpu,138,A_gemmrs,0,0.13926,0.13619,0.13926,0.05942,1410,1
rs,10240,1280,512,gpu,138,c_fluxgemm_only,1,0.07373,0.07270,0.07270,0.01834,1410,1
rs,10240,1280,512,gpu,139,c_cublas,1,0.08499,0.08294,0.08397,0.04203,1410,1
rs,10240,1280,512,gpu,139,A_gemmrs,0,0.15155,0.15053,0.15155,0.06362,1410,1
rs,10240,1280,512,gpu,139,c_fluxgemm_only,2,0.07373,0.07270,0.07373,0.02097,1410,1
rs,10240,1280,512,gpu,140,c_cublas,1,0.08294,0.08192,0.08294,0.03398,1410,1
rs,10240,1280,512,gpu,140,A_gemmrs,0,0.15565,0.15155,0.15565,0.06197,1410,1
rs,10240,1280,512,gpu,140,c_fluxgemm_only,2,0.07373,0.07270,0.07373,0.02022,1410,1
rs,10240,1280,512,gpu,141,c_cublas,1,0.08294,0.08192,0.08294,0.03483,1410,1
rs,10240,1280,512,gpu,141,A_gemmrs,0,0.13312,0.13107,0.13210,0.06427,1410,1
rs,10240,1280,512,gpu,141,c_fluxgemm_only,2,0.07373,0.07270,0.07270,0.02141,1410,1
rs,10240,1280,512,gpu,142,c_cublas,1,0.08294,0.08192,0.08294,0.03584,1410,1
rs,10240,1280,512,gpu,142,A_gemmrs,2,0.16486,0.16179,0.16282,0.06256,1410,1
rs,10240,1280,512,gpu,142,c_fluxgemm_only,0,0.07475,0.07373,0.07373,0.01882,1410,1
rs,10240,1280,512,gpu,143,c_cublas,2,0.08397,0.08294,0.08294,0.04213,1410,1
rs,10240,1280,512,gpu,143,A_gemmrs,1,0.19354,0.19251,0.19251,0.06099,1410,1
rs,10240,1280,512,gpu,143,c_fluxgemm_only,0,0.07373,0.07270,0.07373,0.02015,1410,1
rs,10240,1280,512,gpu,144,c_cublas,1,0.08397,0.08192,0.08294,0.03510,1410,1
rs,10240,1280,512,gpu,144,A_gemmrs,2,0.15667,0.15462,0.15565,0.07581,1410,1
rs,10240,1280,512,gpu,144,c_fluxgemm_only,0,0.08704,0.07270,0.07373,0.02301,1410,1
rs,10240,1280,512,gpu,145,c_cublas,2,0.08397,0.08294,0.08294,0.03627,1410,1
rs,10240,1280,512,gpu,145,A_gemmrs,0,0.16077,0.15770,0.15974,0.06108,1410,1
rs,10240,1280,512,gpu,145,c_fluxgemm_only,1,0.07373,0.07270,0.07373,0.01917,1410,1
rs,10240,1280,512,gpu,146,c_cublas,0,0.08499,0.08294,0.08499,0.03204,1410,1
rs,10240,1280,512,gpu,146,A_gemmrs,2,0.15667,0.15360,0.15565,0.06117,1410,1
rs,10240,1280,512,gpu,146,c_fluxgemm_only,1,0.07373,0.07270,0.07270,0.02153,1410,1
rs,10240,1280,512,gpu,147,c_cublas,0,0.11264,0.08294,0.08294,0.03554,1410,1
rs,10240,1280,512,gpu,147,A_gemmrs,1,0.14541,0.14234,0.14438,0.08699,1410,1
rs,10240,1280,512,gpu,147,c_fluxgemm_only,2,0.07373,0.07270,0.07270,0.02673,1410,1
rs,10240,1280,512,gpu,148,c_cublas,2,0.08397,0.08192,0.08397,0.04131,1410,1
rs,10240,1280,512,gpu,148,A_gemmrs,1,0.13312,0.13107,0.13312,0.06639,1410,1
rs,10240,1280,512,gpu,148,c_fluxgemm_only,0,0.08704,0.07168,0.08704,0.02049,1410,1
rs,10240,1280,512,gpu,149,c_cublas,2,0.08397,0.08192,0.08294,0.03554,1410,1
rs,10240,1280,512,gpu,149,A_gemmrs,0,0.14746,0.14541,0.14746,0.06627,1410,1
rs,10240,1280,512,gpu,149,c_fluxgemm_only,1,0.07373,0.07270,0.07373,0.01887,1410,1
rs,10240,1280,512,gpu,150,c_cublas,1,0.08397,0.08192,0.08294,0.04269,1410,1
rs,10240,1280,512,gpu,150,A_gemmrs,2,0.17613,0.17306,0.17510,0.06253,1410,1
rs,10240,1280,512,gpu,150,c_fluxgemm_only,0,0.07475,0.07373,0.07475,0.02069,1410,1
rs,10240,1280,512,gpu,151,c_cublas,2,0.08397,0.08294,0.08294,0.03546,1410,1
rs,10240,1280,512,gpu,151,A_gemmrs,0,0.13824,0.13619,0.13722,0.05906,1410,1
rs,10240,1280,512,gpu,151,c_fluxgemm_only,1,0.07578,0.07475,0.07475,0.01846,1410,1
rs,10240,1280,512,gpu,152,c_cublas,1,0.08397,0.08192,0.08294,0.03349,1410,1
rs,10240,1280,512,gpu,152,A_gemmrs,0,0.17510,0.17306,0.17510,0.06281,1410,1
rs,10240,1280,512,gpu,152,c_fluxgemm_only,2,0.07373,0.07270,0.07270,0.02043,1410,1
rs,10240,1280,512,gpu,153,c_cublas,1,0.08397,0.08397,0.08397,0.03601,1410,1
rs,10240,1280,512,gpu,153,A_gemmrs,2,0.16282,0.16077,0.16179,0.06233,1410,1
rs,10240,1280,512,gpu,153,c_fluxgemm_only,0,0.07373,0.07270,0.07373,0.01788,1410,1
rs,10240,1280,512,gpu,154,c_cublas,1,0.08397,0.08192,0.08294,0.03374,1410,1
rs,10240,1280,512,gpu,154,A_gemmrs,0,0.16589,0.16077,0.16589,0.06145,1410,1
rs,10240,1280,512,gpu,154,c_fluxgemm_only,2,0.07475,0.07373,0.07373,0.02116,1410,1
rs,10240,1280,512,gpu,155,c_cublas,1,0.08294,0.08192,0.08294,0.03594,1410,1
rs,10240,1280,512,gpu,155,A_gemmrs,2,0.14541,0.14336,0.14438,0.06409,1410,1
rs,10240,1280,512,gpu,155,c_fluxgemm_only,0,0.07373,0.07168,0.07270,0.01805,1410,1
rs,10240,1280,512,gpu,156,c_cublas,0,0.08294,0.08192,0.08294,0.03500,1410,1
rs,10240,1280,512,gpu,156,A_gemmrs,2,0.14643,0.14541,0.14643,0.05907,1410,1
rs,10240,1280,512,gpu,156,c_fluxgemm_only,1,0.07373,0.07270,0.07270,0.02107,1410,1
rs,10240,1280,512,gpu,157,c_cublas,0,0.08397,0.08294,0.08294,0.03472,1410,1
rs,10240,1280,512,gpu,157,A_gemmrs,1,0.14746,0.14541,0.14746,0.06266,1410,1
rs,10240,1280,512,gpu,157,c_fluxgemm_only,2,0.07373,0.07270,0.07270,0.01927,1410,1
rs,10240,1280,512,gpu,158,c_cublas,0,0.08499,0.08397,0.08499,0.03607,1410,1
rs,10240,1280,512,gpu,158,A_gemmrs,2,0.18330,0.18227,0.18227,0.05960,1410,1
rs,10240,1280,512,gpu,158,c_fluxgemm_only,1,0.07373,0.07168,0.07373,0.02074,1410,1
rs,10240,1280,512,gpu,159,c_cublas,1,0.08397,0.08192,0.08192,0.04023,1410,1
rs,10240,1280,512,gpu,159,A_gemmrs,2,0.16282,0.16077,0.16282,0.06533,1410,1
rs,10240,1280,512,gpu,159,c_fluxgemm_only,0,0.07373,0.07270,0.07270,0.23221,1410,1
rs,10240,1280,512,gpu,160,c_cublas,1,0.08294,0.08294,0.08294,0.03621,1410,1
rs,10240,1280,512,gpu,160,A_gemmrs,2,0.14541,0.14336,0.14541,0.06506,1410,1
rs,10240,1280,512,gpu,160,c_fluxgemm_only,0,0.07373,0.07270,0.07373,0.02073,1410,1
rs,10240,1280,512,gpu,161,c_cublas,1,0.08499,0.08397,0.08499,0.03549,1410,1
rs,10240,1280,512,gpu,161,A_gemmrs,2,0.16179,0.15974,0.16077,0.06284,1410,1
rs,10240,1280,512,gpu,161,c_fluxgemm_only,0,0.07373,0.07270,0.07270,0.01994,1410,1
rs,10240,1280,512,gpu,162,c_cublas,2,0.08499,0.08397,0.08397,0.03494,1410,1
rs,10240,1280,512,gpu,162,A_gemmrs,1,0.15667,0.15360,0.15565,0.06085,1410,1
rs,10240,1280,512,gpu,162,c_fluxgemm_only,0,0.07475,0.07373,0.07475,0.01964,1410,1
rs,10240,1280,512,gpu,163,c_cublas,0,0.08397,0.08294,0.08294,0.03231,1410,1
rs,10240,1280,512,gpu,163,A_gemmrs,1,0.14438,0.14234,0.14438,0.06305,1410,1
rs,10240,1280,512,gpu,163,c_fluxgemm_only,2,0.07373,0.07270,0.07373,0.01867,1410,1
rs,10240,1280,512,gpu,164,c_cublas,1,0.08294,0.08294,0.08294,0.03465,1410,1
rs,10240,1280,512,gpu,164,A_gemmrs,0,0.13517,0.13210,0.13517,0.06064,1410,1
rs,10240,1280,512,gpu,164,c_fluxgemm_only,2,0.07373,0.07270,0.07270,0.02030,1410,1
rs,10240,1280,512,gpu,165,c_cublas,0,0.08397,0.08294,0.08294,0.03524,1410,1
rs,10240,1280,512,gpu,165,A_gemmrs,2,0.14643,0.14131,0.14643,0.06075,1410,1
rs,10240,1280,512,gpu,165,c_fluxgemm_only,1,0.07578,0.07373,0.07373,0.02003,1410,1
rs,10240,1280,512,gpu,166,c_cublas,2,0.08499,0.08397,0.08397,0.03533,1410,1
rs,10240,1280,512,gpu,166,A_gemmrs,0,0.13824,0.13619,0.13824,0.06710,1410,1
rs,10240,1280,512,gpu,166,c_fluxgemm_only,1,0.07373,0.07270,0.07373,0.01847,1410,1
rs,10240,1280,512,gpu,167,c_cublas,0,0.08294,0.08192,0.08294,0.03269,1410,1
rs,10240,1280,512,gpu,167,A_gemmrs,2,0.19149,0.18944,0.19149,0.06890,1410,1
rs,10240,1280,512,gpu,167,c_fluxgemm_only,1,0.07373,0.07270,0.07373,0.02091,1410,1
rs,10240,1280,512,gpu,168,c_cublas,1,0.08294,0.08192,0.08294,0.03568,1410,1
rs,10240,1280,512,gpu,168,A_gemmrs,2,0.16077,0.15872,0.16077,0.06260,1410,1
rs,10240,1280,512,gpu,168,c_fluxgemm_only,0,0.07373,0.07270,0.07373,0.01982,1410,1
rs,10240,1280,512,gpu,169,c_cublas,2,0.08294,0.08294,0.08294,0.03521,1410,1
rs,10240,1280,512,gpu,169,A_gemmrs,0,0.13414,0.13312,0.13414,0.05946,1410,1
rs,10240,1280,512,gpu,169,c_fluxgemm_only,1,0.07373,0.07270,0.07373,0.01860,1410,1
rs,10240,1280,512,gpu,170,c_cublas,2,0.08499,0.08294,0.08397,0.03487,1410,1
rs,10240,1280,512,gpu,170,A_gemmrs,0,0.16179,0.15974,0.16077,0.06463,1410,1
rs,10240,1280,512,gpu,170,c_fluxgemm_only,1,0.07373,0.07270,0.07270,0.01887,1410,1
rs,10240,1280,512,gpu,171,c_cublas,2,0.08397,0.08294,0.08397,0.03442,1410,1
rs,10240,1280,512,gpu,171,A_gemmrs,1,0.14438,0.14234,0.14438,0.06033,1410,1
rs,10240,1280,512,gpu,171,c_fluxgemm_only,0,0.07373,0.07270,0.07373,0.02014,1410,1
rs,10240,1280,512,gpu,172,c_cublas,1,0.08397,0.08294,0.08397,0.03507,1410,1
rs,10240,1280,512,gpu,172,A_gemmrs,2,0.13312,0.13107,0.13210,0.06306,1410,1
rs,10240,1280,512,gpu,172,c_fluxgemm_only,0,0.07475,0.07270,0.07270,0.02111,1410,1
rs,10240,1280,512,gpu,173,c_cublas,0,0.08397,0.08192,0.08294,0.03514,1410,1
rs,10240,1280,512,gpu,173,A_gemmrs,2,0.14643,0.14541,0.14643,0.05970,1410,1
rs,10240,1280,512,gpu,173,c_fluxgemm_only,1,0.07475,0.07373,0.07373,0.02095,1410,1
rs,10240,1280,512,gpu,174,c_cublas,0,0.08499,0.08397,0.08397,0.03493,1410,1
rs,10240,1280,512,gpu,174,A_gemmrs,2,0.14438,0.14234,0.14438,0.05959,1410,1
rs,10240,1280,512,gpu,174,c_fluxgemm_only,1,0.07373,0.07270,0.07373,0.02109,1410,1
rs,10240,1280,512,gpu,175,c_cublas,2,0.08294,0.08294,0.08294,0.03484,1410,1
rs,10240,1280,512,gpu,175,A_gemmrs,0,0.14234,0.14029,0.14234,0.05820,1410,1
rs,10240,1280,512,gpu,175,c_fluxgemm_only,1,0.07475,0.07373,0.07475,0.01857,1410,1
rs,10240,1280,512,gpu,176,c_cublas,0,0.08397,0.08294,0.08294,0.03307,1410,1
rs,10240,1280,512,gpu,176,A_gemmrs,2,0.20275,0.19866,0.20173,0.06158,1410,1
rs,10240,1280,512,gpu,176,c_fluxgemm_only,1,0.07373,0.07270,0.07373,0.02904,1410,1
rs,10240,1280,512,gpu,177,c_cublas,1,0.08397,0.08192,0.08294,0.03415,1410,1
rs,10240,1280,512,gpu,177,A_gemmrs,0,0.16077,0.15872,0.15974,0.05856,1410,1
rs,10240,1280,512,gpu,177,c_fluxgemm_only,2,0.07373,0.07270,0.07270,0.02021,1410,1
rs,10240,1280,512,gpu,178,c_cublas,0,0.08499,0.08397,0.08397,0.03474,1410,1
rs,10240,1280,512,gpu,178,A_gemmrs,2,0.15770,0.15462,0.15667,0.06135,1410,1
rs,10240,1280,512,gpu,178,c_fluxgemm_only,1,0.07270,0.07270,0.07270,0.02024,1410,1
rs,10240,1280,512,gpu,179,c_cublas,1,0.08499,0.08294,0.08397,0.03419,1410,1
rs,10240,1280,512,gpu,179,A_gemmrs,0,0.14848,0.14541,0.14848,0.05857,1410,1
rs,10240,1280,512,gpu,179,c_fluxgemm_only,2,0.07373,0.07270,0.07270,0.02032,1410,1
rs,10240,1280,512,gpu,180,c_cublas,0,0.08397,0.08192,0.08294,0.03484,1410,1
rs,10240,1280,512,gpu,180,A_gemmrs,1,0.13414,0.13210,0.13414,0.06279,1410,1
rs,10240,1280,512,gpu,180,c_fluxgemm_only,2,0.07373,0.07270,0.07373,0.01906,1410,1
rs,10240,1280,512,gpu,181,c_cublas,1,0.08397,0.08397,0.08397,0.03673,1410,1
rs,10240,1280,512,gpu,181,A_gemmrs,2,0.14848,0.14541,0.14848,0.06298,1410,1
rs,10240,1280,512,gpu,181,c_fluxgemm_only,0,0.07373,0.07270,0.07270,0.01804,1410,1
rs,10240,1280,512,gpu,182,c_cublas,2,0.08499,0.08294,0.08397,0.03484,1410,1
rs,10240,1280,512,gpu,182,A_gemmrs,1,0.14234,0.13926,0.14234,0.05842,1410,1
rs,10240,1280,512,gpu,182,c_fluxgemm_only,0,0.07578,0.07373,0.07373,0.01935,1410,1
rs,10240,1280,512,gpu,183,c_cublas,1,0.08397,0.08192,0.08294,0.03686,1410,1
rs,10240,1280,512,gpu,183,A_gemmrs,2,0.14131,0.13926,0.14131,0.06341,1410,1
rs,10240,1280,512,gpu,183,c_fluxgemm_only,0,0.07373,0.07270,0.07373,0.02080,1410,1
rs,10240,1280,512,gpu,184,c_cublas,1,0.08294,0.08294,0.08294,0.03631,1410,1
rs,10240,1280,512,gpu,184,A_gemmrs,2,0.20582,0.20173,0.20582,0.06281,1410,1
rs,10240,1280,512,gpu,184,c_fluxgemm_only,0,0.07373,0.07270,0.07373,0.02033,1410,1
rs,10240,1280,512,gpu,185,c_cublas,2,0.08397,0.08294,0.08294,0.03483,1410,1
rs,10240,1280,512,gpu,185,A_gemmrs,0,0.15360,0.15155,0.15258,0.06097,1410,1
rs,10240,1280,512,gpu,185,c_fluxgemm_only,1,0.07373,0.07270,0.07373,0.01859,1410,1
rs,10240,1280,512,gpu,186,c_cublas,2,0.08499,0.08397,0.08397,0.03421,1410,1
rs,10240,1280,512,gpu,186,A_gemmrs,1,0.15565,0.15360,0.15565,0.06442,1410,1
rs,10240,1280,512,gpu,186,c_fluxgemm_only,0,0.07475,0.07373,0.07373,0.02094,1410,1
rs,10240,1280,512,gpu,187,c_cublas,2,0.08397,0.08192,0.08294,0.03497,1410,1
rs,10240,1280,512,gpu,187,A_gemmrs,0,0.14848,0.14336,0.14848,0.07173,1410,1
rs,10240,1280,512,gpu,187,c_fluxgemm_only,1,0.07475,0.07373,0.07475,0.01943,1410,1
rs,10240,1280,512,gpu,188,c_cublas,2,0.08397,0.08294,0.08294,0.03987,1410,1
rs,10240,1280,512,gpu,188,A_gemmrs,1,0.14746,0.14541,0.14643,0.07379,1410,1
rs,10240,1280,512,gpu,188,c_fluxgemm_only,0,0.08704,0.07270,0.07270,0.02425,1410,1
rs,10240,1280,512,gpu,189,c_cublas,1,0.08294,0.08294,0.08294,0.03574,1410,1
rs,10240,1280,512,gpu,189,A_gemmrs,0,0.14643,0.14541,0.14643,0.06409,1410,1
rs,10240,1280,512,gpu,189,c_fluxgemm_only,2,0.07475,0.07270,0.07475,0.02059,1410,1
rs,10240,1280,512,gpu,190,c_cublas,1,0.08397,0.08192,0.08294,0.03584,1410,1
rs,10240,1280,512,gpu,190,A_gemmrs,2,0.14234,0.13926,0.14234,0.06366,1410,1
rs,10240,1280,512,gpu,190,c_fluxgemm_only,0,0.07475,0.07373,0.07475,0.01818,1410,1
rs,10240,1280,512,gpu,191,c_cublas,0,0.08397,0.08192,0.08192,0.03554,1410,1
rs,10240,1280,512,gpu,191,A_gemmrs,2,0.18125,0.17920,0.18125,0.06093,1410,1
rs,10240,1280,512,gpu,191,c_fluxgemm_only,1,0.07373,0.07270,0.07270,0.02116,1410,1
rs,10240,1280,512,gpu,192,c_cublas,2,0.11264,0.08192,0.08192,0.03643,1410,1
rs,10240,1280,512,gpu,192,A_gemmrs,0,0.15770,0.15462,0.15770,0.05942,1410,1
rs,10240,1280,512,gpu,192,c_fluxgemm_only,1,0.07373,0.07270,0.07373,0.01832,1410,1
rs,10240,1280,512,gpu,193,c_cublas,0,0.08397,0.08192,0.08294,0.03255,1410,1
rs,10240,1280,512,gpu,193,A_gemmrs,1,0.16691,0.16486,0.16691,0.09162,1410,1
rs,10240,1280,512,gpu,193,c_fluxgemm_only,2,0.07373,0.07270,0.07373,0.01883,1410,1
rs,10240,1280,512,gpu,194,c_cublas,1,0.08397,0.08192,0.08294,0.03456,1410,1
rs,10240,1280,512,gpu,194,A_gemmrs,0,0.14746,0.14541,0.14746,0.06026,1410,1
rs,10240,1280,512,gpu,194,c_fluxgemm_only,2,0.07475,0.07373,0.07475,0.02047,1410,1
rs,10240,1280,512,gpu,195,c_cublas,0,0.08397,0.08192,0.08397,0.03478,1410,1
rs,10240,1280,512,gpu,195,A_gemmrs,1,0.13414,0.13210,0.13312,0.06279,1410,1
rs,10240,1280,512,gpu,195,c_fluxgemm_only,2,0.07373,0.07270,0.07270,0.01968,1410,1
rs,10240,1280,512,gpu,196,c_cublas,2,0.08294,0.08192,0.08294,0.03521,1410,1
rs,10240,1280,512,gpu,196,A_gemmrs,0,0.14746,0.14541,0.14746,0.06341,1410,1
rs,10240,1280,512,gpu,196,c_fluxgemm_only,1,0.07373,0.07270,0.07373,0.01847,1410,1
rs,10240,1280,512,gpu,197,c_cublas,0,0.08397,0.08192,0.08192,0.03866,1410,1
rs,10240,1280,512,gpu,197,A_gemmrs,1,0.13414,0.13107,0.13312,0.06334,1410,1
rs,10240,1280,512,gpu,197,c_fluxgemm_only,2,0.07373,0.07270,0.07373,0.01910,1410,1
rs,10240,1280,512,gpu,198,c_cublas,1,0.08397,0.08294,0.08294,0.03387,1410,1
rs,10240,1280,512,gpu,198,A_gemmrs,0,0.14336,0.14131,0.14336,0.05972,1410,1
rs,10240,1280,512,gpu,198,c_fluxgemm_only,2,0.07475,0.07373,0.07475,0.02092,1410,1
rs,10240,1280,512,gpu,199,c_cublas,2,0.08397,0.08192,0.08397,0.03412,1410,1
rs,10240,1280,512,gpu,199,A_gemmrs,1,0.19661,0.19456,0.19661,0.09076,1410,1
rs,10240,1280,512,gpu,199,c_fluxgemm_only,0,0.08806,0.07168,0.07270,0.02237,1410,1
rs,10240,1280,512,steady,0,c_cublas,1,0.07565,0.07507,0.07539,0.02417,0,1
rs,10240,1280,512,steady,0,A_gemmrs,2,0.13498,0.13485,0.13485,0.05912,0,1
rs,10240,1280,512,steady,0,c_fluxgemm_only,0,0.07494,0.07155,0.07155,0.01598,0,1
rs,10240,1280,512,steady,1,c_cublas,2,0.07565,0.07514,0.07533,0.02419,0,1
rs,10240,1280,512,steady,1,A_gemmrs,0,0.13184,0.12774,0.13178,0.05768,0,1
rs,10240,1280,512,steady,1,c_fluxgemm_only,1,0.07162,0.07142,0.07155,0.01576,0,1
rs,10240,1280,512,steady,2,c_cublas,2,0.07578,0.07520,0.07539,0.02456,0,1
rs,10240,1280,512,steady,2,A_gemmrs,0,0.12845,0.12589,0.12845,0.05575,0,1
rs,10240,1280,512,steady,2,c_fluxgemm_only,1,0.07168,0.07130,0.07162,0.01556,0,1
rs,10240,1280,512,steady,3,c_cublas,2,0.07565,0.07520,0.07533,0.02401,0,1
rs,10240,1280,512,steady,3,A_gemmrs,0,0.12883,0.12602,0.12883,0.05538,0,1
rs,10240,1280,512,steady,3,c_fluxgemm_only,1,0.07162,0.07142,0.07155,0.01554,0,1
rs,10240,1280,512,steady,4,c_cublas,2,0.07558,0.07520,0.07533,0.02376,0,1
rs,10240,1280,512,steady,4,A_gemmrs,1,0.13638,0.13632,0.13632,0.05594,0,1
rs,10240,1280,512,steady,4,c_fluxgemm_only,0,0.07283,0.07149,0.07168,0.01562,0,1
rs,10240,1280,512,steady,5,c_cublas,0,0.07763,0.07597,0.07680,0.02401,0,1
rs,10240,1280,512,steady,5,A_gemmrs,2,0.12589,0.12570,0.12582,0.05636,0,1
rs,10240,1280,512,steady,5,c_fluxgemm_only,1,0.07162,0.07136,0.07142,0.01404,0,1
rs,10240,1280,512,steady,6,c_cublas,2,0.07571,0.07514,0.07539,0.02463,0,1
rs,10240,1280,512,steady,6,A_gemmrs,1,0.12608,0.12589,0.12602,0.05569,0,1
rs,10240,1280,512,steady,6,c_fluxgemm_only,0,0.07270,0.07149,0.07232,0.01558,0,1
rs,10240,1280,512,steady,7,c_cublas,0,0.07757,0.07597,0.07648,0.02388,0,1
rs,10240,1280,512,steady,7,A_gemmrs,2,0.13459,0.13446,0.13459,0.05537,0,1
rs,10240,1280,512,steady,7,c_fluxgemm_only,1,0.07162,0.07142,0.07149,0.01575,0,1
rs,10240,1280,512,steady,8,c_cublas,0,0.07782,0.07629,0.07667,0.02433,0,1
rs,10240,1280,512,steady,8,A_gemmrs,1,0.12762,0.12742,0.12762,0.05606,0,1
rs,10240,1280,512,steady,8,c_fluxgemm_only,2,0.07162,0.07130,0.07149,0.01554,0,1
rs,10240,1280,512,steady,9,c_cublas,2,0.07558,0.07507,0.07533,0.02387,0,1
rs,10240,1280,512,steady,9,A_gemmrs,1,0.12672,0.12659,0.12672,0.05480,0,1
rs,10240,1280,512,steady,9,c_fluxgemm_only,0,0.07258,0.07136,0.07168,0.01539,0,1
rs,10240,1280,512,steady,10,c_cublas,1,0.07558,0.07514,0.07533,0.02461,0,1
rs,10240,1280,512,steady,10,A_gemmrs,2,0.13472,0.13440,0.13440,0.05568,0,1
rs,10240,1280,512,steady,10,c_fluxgemm_only,0,0.07270,0.07168,0.07194,0.01567,0,1
rs,10240,1280,512,steady,11,c_cublas,2,0.07558,0.07514,0.07526,0.02454,0,1
rs,10240,1280,512,steady,11,A_gemmrs,0,0.12902,0.12646,0.12902,0.05517,0,1
rs,10240,1280,512,steady,11,c_fluxgemm_only,1,0.07168,0.07142,0.07155,0.01550,0,1
rs,10240,1280,512,steady,12,c_cublas,1,0.07558,0.07514,0.07533,0.02403,0,1
rs,10240,1280,512,steady,12,A_gemmrs,2,0.12448,0.12435,0.12448,0.05568,0,1
rs,10240,1280,512,steady,12,c_fluxgemm_only,0,0.07283,0.07136,0.07155,0.01576,0,1
rs,10240,1280,512,steady,13,c_cublas,1,0.07578,0.07526,0.07533,0.02445,0,1
rs,10240,1280,512,steady,13,A_gemmrs,0,0.12960,0.12698,0.12960,0.05609,0,1
rs,10240,1280,512,steady,13,c_fluxgemm_only,2,0.07168,0.07130,0.07136,0.01578,0,1
rs,10240,1280,512,steady,14,c_cublas,0,0.07782,0.07546,0.07565,0.02398,0,1
rs,10240,1280,512,steady,14,A_gemmrs,2,0.13587,0.13542,0.13581,0.05558,0,1
rs,10240,1280,512,steady,14,c_fluxgemm_only,1,0.07162,0.07136,0.07149,0.01605,0,1
rs,10240,1280,512,steady,15,c_cublas,2,0.07565,0.07514,0.07526,0.02435,0,1
rs,10240,1280,512,steady,15,A_gemmrs,1,0.12582,0.12570,0.12570,0.05568,0,1
rs,10240,1280,512,steady,15,c_fluxgemm_only,0,0.07283,0.07130,0.07155,0.01577,0,1
rs,10240,1280,512,steady,16,c_cublas,1,0.07571,0.07520,0.07539,0.02420,0,1
rs,10240,1280,512,steady,16,A_gemmrs,2,0.12563,0.12525,0.12538,0.05529,0,1
rs,10240,1280,512,steady,16,c_fluxgemm_only,0,0.07270,0.07174,0.07200,0.01569,0,1
rs,10240,1280,512,steady,17,c_cublas,2,0.07571,0.07514,0.07533,0.02409,0,1
rs,10240,1280,512,steady,17,A_gemmrs,0,0.12915,0.12666,0.12915,0.05545,0,1
rs,10240,1280,512,steady,17,c_fluxgemm_only,1,0.07174,0.07142,0.07155,0.01604,0,1
rs,10240,1280,512,steady,18,c_cublas,1,0.07571,0.07514,0.07539,0.02382,0,1
rs,10240,1280,512,steady,18,A_gemmrs,0,0.13549,0.13306,0.13549,0.05589,0,1
rs,10240,1280,512,steady,18,c_fluxgemm_only,2,0.07187,0.07136,0.07155,0.01573,0,1
rs,10240,1280,512,steady,19,c_cublas,1,0.07584,0.07501,0.07539,0.02441,0,1
rs,10240,1280,512,steady,19,A_gemmrs,2,0.12730,0.12698,0.12730,0.05589,0,1
rs,10240,1280,512,steady,19,c_fluxgemm_only,0,0.07315,0.07136,0.07149,0.01558,0,1
rs,10240,1280,512,steady,20,c_cublas,2,0.07590,0.07501,0.07533,0.02401,0,1
rs,10240,1280,512,steady,20,A_gemmrs,0,0.13146,0.12896,0.13146,0.05511,0,1
rs,10240,1280,512,steady,20,c_fluxgemm_only,1,0.07213,0.07142,0.07155,0.01555,0,1
rs,10240,1280,512,steady,21,c_cublas,2,0.07590,0.07514,0.07533,0.02396,0,1
rs,10240,1280,512,steady,21,A_gemmrs,0,0.13293,0.13114,0.13293,0.05593,0,1
rs,10240,1280,512,steady,21,c_fluxgemm_only,1,0.07200,0.07142,0.07149,0.01632,0,1
rs,10240,1280,512,steady,22,c_cublas,2,0.07590,0.07520,0.07533,0.02394,0,1
rs,10240,1280,512,steady,22,A_gemmrs,1,0.12851,0.12838,0.12845,0.05520,0,1
rs,10240,1280,512,steady,22,c_fluxgemm_only,0,0.07315,0.07136,0.07136,0.01599,0,1
rs,10240,1280,512,steady,23,c_cublas,1,0.07565,0.07507,0.07533,0.02446,0,1
rs,10240,1280,512,steady,23,A_gemmrs,0,0.13178,0.12947,0.13178,0.05544,0,1
rs,10240,1280,512,steady,23,c_fluxgemm_only,2,0.07168,0.07136,0.07149,0.01573,0,1
rs,10240,1280,512,steady,24,c_cublas,1,0.07558,0.07514,0.07533,0.02397,0,1
rs,10240,1280,512,steady,24,A_gemmrs,0,0.13478,0.13248,0.13478,0.05588,0,1
rs,10240,1280,512,steady,24,c_fluxgemm_only,2,0.07162,0.07136,0.07136,0.01622,0,1
rs,10240,1280,512,steady,25,c_cublas,2,0.07597,0.07514,0.07526,0.02399,0,1
rs,10240,1280,512,steady,25,A_gemmrs,1,0.12723,0.12704,0.12723,0.05600,0,1
rs,10240,1280,512,steady,25,c_fluxgemm_only,0,0.07238,0.07136,0.07149,0.01562,0,1
rs,10240,1280,512,steady,26,c_cublas,2,0.07603,0.07520,0.07533,0.02306,0,1
rs,10240,1280,512,steady,26,A_gemmrs,1,0.13018,0.13005,0.13018,0.06205,0,1
rs,10240,1280,512,steady,26,c_fluxgemm_only,0,0.07283,0.07149,0.07155,0.01619,0,1
rs,10240,1280,512,steady,27,c_cublas,0,0.07770,0.07546,0.07648,0.02443,0,1
rs,10240,1280,512,steady,27,A_gemmrs,1,0.13382,0.13376,0.13382,0.05603,0,1
rs,10240,1280,512,steady,27,c_fluxgemm_only,2,0.07206,0.07136,0.07149,0.01554,0,1
rs,10240,1280,512,steady,28,c_cublas,1,0.07590,0.07514,0.07533,0.02464,0,1
rs,10240,1280,512,steady,28,A_gemmrs,2,0.12627,0.12608,0.12627,0.05584,0,1
rs,10240,1280,512,steady,28,c_fluxgemm_only,0,0.07245,0.07155,0.07155,0.01550,0,1
rs,10240,1280,512,steady,29,c_cublas,1,0.07603,0.07514,0.07533,0.02381,0,1
rs,10240,1280,512,steady,29,A_gemmrs,0,0.12928,0.12685,0.12922,0.05556,0,1
rs,10240,1280,512,steady,29,c_fluxgemm_only,2,0.07194,0.07142,0.07142,0.01612,0,1
rs,10240,1280,512,steady,30,c_cublas,1,0.07584,0.07514,0.07526,0.02380,0,1
rs,10240,1280,512,steady,30,A_gemmrs,0,0.14170,0.13939,0.14163,0.05582,0,1
rs,10240,1280,512,steady,30,c_fluxgemm_only,2,0.07200,0.07130,0.07142,0.01584,0,1
rs,10240,1280,512,steady,31,c_cublas,2,0.07565,0.07507,0.07526,0.01353,0,1
rs,10240,1280,512,steady,31,A_gemmrs,0,0.13581,0.13165,0.13581,0.04268,0,1
rs,10240,1280,512,steady,31,c_fluxgemm_only,1,0.07206,0.07136,0.07155,0.00955,0,1
rs,10240,1280,512,steady,32,c_cublas,0,0.07680,0.07590,0.07635,0.01296,0,1
rs,10240,1280,512,steady,32,A_gemmrs,2,0.13152,0.13126,0.13146,0.03123,0,1
rs,10240,1280,512,steady,32,c_fluxgemm_only,1,0.07194,0.07136,0.07149,0.00965,0,1
rs,10240,1280,512,steady,33,c_cublas,2,0.07590,0.07514,0.07533,0.01302,0,1
rs,10240,1280,512,steady,33,A_gemmrs,1,0.13408,0.13395,0.13408,0.03351,0,1
rs,10240,1280,512,steady,33,c_fluxgemm_only,0,0.07219,0.07142,0.07206,0.00930,0,1
rs,10240,1280,512,steady,34,c_cublas,1,0.07584,0.07514,0.07533,0.01294,0,1
rs,10240,1280,512,steady,34,A_gemmrs,2,0.13389,0.13363,0.13382,0.03233,0,1
rs,10240,1280,512,steady,34,c_fluxgemm_only,0,0.07258,0.07142,0.07181,0.00970,0,1
rs,10240,1280,512,steady,35,c_cublas,2,0.07578,0.07514,0.07520,0.01356,0,1
rs,10240,1280,512,steady,35,A_gemmrs,1,0.12627,0.12614,0.12627,0.03095,0,1
rs,10240,1280,512,steady,35,c_fluxgemm_only,0,0.07238,0.07162,0.07213,0.00940,0,1
rs,10240,1280,512,steady,36,c_cublas,1,0.07578,0.07514,0.07533,0.01292,0,1
rs,10240,1280,512,steady,36,A_gemmrs,0,0.13670,0.13600,0.13664,0.03245,0,1
rs,10240,1280,512,steady,36,c_fluxgemm_only,2,0.07206,0.07130,0.07155,0.00943,0,1
rs,10240,1280,512,steady,37,c_cublas,2,0.07558,0.07514,0.07533,0.01292,0,1
rs,10240,1280,512,steady,37,A_gemmrs,1,0.13766,0.13754,0.13766,0.03146,0,1
rs,10240,1280,512,steady,37,c_fluxgemm_only,0,0.07219,0.07136,0.07142,0.00935,0,1
rs,10240,1280,512,steady,38,c_cublas,0,0.07667,0.07590,0.07635,0.01287,0,1
rs,10240,1280,512,steady,38,A_gemmrs,1,0.13146,0.13126,0.13146,0.03342,0,1
rs,10240,1280,512,steady,38,c_fluxgemm_only,2,0.07162,0.07130,0.07142,0.00922,0,1
rs,10240,1280,512,steady,39,c_cublas,2,0.07565,0.07507,0.07533,0.01299,0,1
rs,10240,1280,512,steady,39,A_gemmrs,0,0.13504,0.13491,0.13504,0.03132,0,1
rs,10240,1280,512,steady,39,c_fluxgemm_only,1,0.07162,0.07142,0.07149,0.01047,0,1
rs,10240,1280,512,steady,40,c_cublas,2,0.07558,0.07520,0.07533,0.01381,0,1
rs,10240,1280,512,steady,40,A_gemmrs,1,0.13267,0.13248,0.13267,0.03115,0,1
rs,10240,1280,512,steady,40,c_fluxgemm_only,0,0.07226,0.07142,0.07213,0.00939,0,1
rs,10240,1280,512,steady,41,c_cublas,0,0.07686,0.07565,0.07648,0.01396,0,1
rs,10240,1280,512,steady,41,A_gemmrs,1,0.13216,0.13203,0.13216,0.03132,0,1
rs,10240,1280,512,steady,41,c_fluxgemm_only,2,0.07168,0.07142,0.07155,0.00968,0,1
rs,10240,1280,512,steady,42,c_cublas,1,0.07558,0.07507,0.07533,0.01291,0,1
rs,10240,1280,512,steady,42,A_gemmrs,0,0.12781,0.12768,0.12781,0.03185,0,1
rs,10240,1280,512,steady,42,c_fluxgemm_only,2,0.07162,0.07136,0.07142,0.00945,0,1
rs,10240,1280,512,steady,43,c_cublas,2,0.07558,0.07514,0.07539,0.01292,0,1
rs,10240,1280,512,steady,43,A_gemmrs,1,0.13376,0.13331,0.13376,0.03251,0,1
rs,10240,1280,512,steady,43,c_fluxgemm_only,0,0.07213,0.07142,0.07149,0.00940,0,1
rs,10240,1280,512,steady,44,c_cublas,2,0.07558,0.07520,0.07533,0.01339,0,1
rs,10240,1280,512,steady,44,A_gemmrs,0,0.12666,0.12627,0.12666,0.03132,0,1
rs,10240,1280,512,steady,44,c_fluxgemm_only,1,0.07168,0.07130,0.07149,0.00920,0,1
rs,10240,1280,512,steady,45,c_cublas,0,0.07674,0.07539,0.07590,0.01496,0,1
rs,10240,1280,512,steady,45,A_gemmrs,2,0.13363,0.13338,0.13338,0.03138,0,1
rs,10240,1280,512,steady,45,c_fluxgemm_only,1,0.07162,0.07136,0.07149,0.00939,0,1
rs,10240,1280,512,steady,46,c_cublas,1,0.07558,0.07507,0.07526,0.01367,0,1
rs,10240,1280,512,steady,46,A_gemmrs,2,0.13229,0.13139,0.13229,0.03113,0,1
rs,10240,1280,512,steady,46,c_fluxgemm_only,0,0.07245,0.07162,0.07200,0.00936,0,1
rs,10240,1280,512,steady,47,c_cublas,2,0.07558,0.07520,0.07539,0.01437,0,1
rs,10240,1280,512,steady,47,A_gemmrs,0,0.13459,0.12832,0.13459,0.04135,0,1
rs,10240,1280,512,steady,47,c_fluxgemm_only,1,0.07162,0.07142,0.07149,0.00971,0,1
rs,10240,1280,512,steady,48,c_cublas,1,0.07558,0.07514,0.07533,0.01592,0,1
rs,10240,1280,512,steady,48,A_gemmrs,0,0.12723,0.12582,0.12691,0.03208,0,1
rs,10240,1280,512,steady,48,c_fluxgemm_only,2,0.07155,0.07136,0.07142,0.00954,0,1
rs,10240,1280,512,steady,49,c_cublas,1,0.07571,0.07520,0.07539,0.01316,0,1
rs,10240,1280,512,steady,49,A_gemmrs,2,0.13510,0.13466,0.13478,0.03345,0,1
rs,10240,1280,512,steady,49,c_fluxgemm_only,0,0.07232,0.07136,0.07155,0.01100,0,1
rs,10240,1280,2048,gpu,0,c_cublas,2,0.22426,0.22221,0.22221,0.04086,0,1
rs,10240,1280,2048,gpu,0,A_gemmrs,0,0.41574,0.32870,0.41574,0.11049,0,1
rs,10240,1280,2048,gpu,0,c_fluxgemm_only,1,0.24166,0.23962,0.24064,0.02459,0,1
rs,10240,1280,2048,gpu,1,c_cublas,1,0.22426,0.22221,0.22323,0.04826,0,1
rs,10240,1280,2048,gpu,1,A_gemmrs,0,0.34611,0.34406,0.34611,0.07345,0,1
rs,10240,1280,2048,gpu,1,c_fluxgemm_only,2,0.24064,0.23859,0.23859,0.02557,0,1
rs,10240,1280,2048,gpu,2,c_cublas,1,0.22426,0.22221,0.22426,0.03742,0,1
rs,10240,1280,2048,gpu,2,A_gemmrs,2,0.37990,0.37683,0.37786,0.07619,0,1
rs,10240,1280,2048,gpu,2,c_fluxgemm_only,0,0.23962,0.23757,0.23859,0.02158,0,1
rs,10240,1280,2048,gpu,3,c_cublas,0,0.22528,0.22323,0.22426,0.03707,0,1
rs,10240,1280,2048,gpu,3,A_gemmrs,2,0.32870,0.32563,0.32870,0.07106,0,1
rs,10240,1280,2048,gpu,3,c_fluxgemm_only,1,0.24064,0.23859,0.23962,0.02472,0,1
rs,10240,1280,2048,gpu,4,c_cublas,1,0.22528,0.22426,0.22426,0.03610,0,1
rs,10240,1280,2048,gpu,4,A_gemmrs,0,0.32358,0.31949,0.32256,0.06346,0,1
rs,10240,1280,2048,gpu,4,c_fluxgemm_only,2,0.24064,0.23757,0.23962,0.03320,0,1
rs,10240,1280,2048,gpu,5,c_cublas,2,0.22426,0.22221,0.22323,0.03741,0,1
rs,10240,1280,2048,gpu,5,A_gemmrs,0,0.31642,0.31334,0.31539,0.06826,0,1
rs,10240,1280,2048,gpu,5,c_fluxgemm_only,1,0.24064,0.23859,0.23859,0.02229,0,1
rs,10240,1280,2048,gpu,6,c_cublas,2,0.22426,0.22221,0.22323,0.03668,0,1
rs,10240,1280,2048,gpu,6,A_gemmrs,0,0.31846,0.31437,0.31846,0.06849,0,1
rs,10240,1280,2048,gpu,6,c_fluxgemm_only,1,0.23962,0.23859,0.23962,0.02181,0,1
rs,10240,1280,2048,gpu,7,c_cublas,2,0.22528,0.22323,0.22323,0.03678,0,1
rs,10240,1280,2048,gpu,7,A_gemmrs,0,0.33587,0.33280,0.33587,0.06962,0,1
rs,10240,1280,2048,gpu,7,c_fluxgemm_only,1,0.24064,0.23859,0.23962,0.02247,0,1
rs,10240,1280,2048,gpu,8,c_cublas,1,0.22426,0.22323,0.22426,0.03549,0,1
rs,10240,1280,2048,gpu,8,A_gemmrs,0,0.32768,0.32256,0.32666,0.07138,0,1
rs,10240,1280,2048,gpu,8,c_fluxgemm_only,2,0.24064,0.23859,0.24064,0.02428,0,1
rs,10240,1280,2048,gpu,9,c_cublas,2,0.22426,0.22221,0.22221,0.03603,0,1
rs,10240,1280,2048,gpu,9,A_gemmrs,1,0.37888,0.37683,0.37786,0.06593,0,1
rs,10240,1280,2048,gpu,9,c_fluxgemm_only,0,0.24064,0.23757,0.23859,0.02258,0,1
rs,10240,1280,2048,gpu,10,c_cublas,0,0.22323,0.22118,0.22221,0.03504,0,1
rs,10240,1280,2048,gpu,10,A_gemmrs,1,0.32768,0.32461,0.32768,0.08043,0,1
rs,10240,1280,2048,gpu,10,c_fluxgemm_only,2,0.24064,0.23859,0.24064,0.02279,0,1
rs,10240,1280,2048,gpu,11,c_cublas,1,0.22426,0.22221,0.22221,0.03675,0,1
rs,10240,1280,2048,gpu,11,A_gemmrs,0,0.32461,0.31846,0.32461,0.07893,0,1
rs,10240,1280,2048,gpu,11,c_fluxgemm_only,2,0.24064,0.23962,0.24064,0.02452,0,1
rs,10240,1280,2048,gpu,12,c_cublas,2,0.22426,0.22221,0.22221,0.03612,0,1
rs,10240,1280,2048,gpu,12,A_gemmrs,1,0.31437,0.31232,0.31334,0.06702,0,1
rs,10240,1280,2048,gpu,12,c_fluxgemm_only,0,0.24064,0.23757,0.23859,0.02269,0,1
rs,10240,1280,2048,gpu,13,c_cublas,1,0.22426,0.22221,0.22221,0.03674,0,1
rs,10240,1280,2048,gpu,13,A_gemmrs,2,0.33382,0.33280,0.33382,0.06816,0,1
rs,10240,1280,2048,gpu,13,c_fluxgemm_only,0,0.24064,0.23757,0.23962,0.02478,0,1
rs,10240,1280,2048,gpu,14,c_cublas,0,0.22323,0.22221,0.22323,0.03650,0,1
rs,10240,1280,2048,gpu,14,A_gemmrs,2,0.33382,0.33075,0.33382,0.06432,0,1
rs,10240,1280,2048,gpu,14,c_fluxgemm_only,1,0.24166,0.23859,0.24064,0.02409,0,1
rs,10240,1280,2048,gpu,15,c_cublas,2,0.22528,0.22323,0.22323,0.03624,0,1
rs,10240,1280,2048,gpu,15,A_gemmrs,0,0.31642,0.31232,0.31642,0.06299,0,1
rs,10240,1280,2048,gpu,15,c_fluxgemm_only,1,0.24064,0.23859,0.23962,0.02200,0,1
rs,10240,1280,2048,gpu,16,c_cublas,1,0.22528,0.22323,0.22426,0.03504,0,1
rs,10240,1280,2048,gpu,16,A_gemmrs,0,0.37786,0.37581,0.37786,0.06908,0,1
rs,10240,1280,2048,gpu,16,c_fluxgemm_only,2,0.24064,0.23859,0.23962,0.02355,0,1
rs,10240,1280,2048,gpu,17,c_cublas,0,0.22426,0.22221,0.22221,0.04337,0,1
rs,10240,1280,2048,gpu,17,A_gemmrs,1,0.32666,0.32461,0.32666,0.06580,0,1
rs,10240,1280,2048,gpu,17,c_fluxgemm_only,2,0.23962,0.23859,0.23962,0.02196,0,1
rs,10240,1280,2048,gpu,18,c_cublas,1,0.22426,0.22221,0.22323,0.03484,0,1
rs,10240,1280,2048,gpu,18,A_gemmrs,0,0.33280,0.33075,0.33178,0.07871,0,1
rs,10240,1280,2048,gpu,18,c_fluxgemm_only,2,0.24064,0.23859,0.23962,0.02341,0,1
rs,10240,1280,2048,gpu,19,c_cublas,0,0.22528,0.22323,0.22323,0.03639,0,1
rs,10240,1280,2048,gpu,19,A_gemmrs,1,0.31744,0.31642,0.31744,0.08097,0,1
rs,10240,1280,2048,gpu,19,c_fluxgemm_only,2,0.24064,0.23962,0.24064,0.02178,0,1
rs,10240,1280,2048,gpu,20,c_cublas,0,0.22426,0.22221,0.22323,0.03737,0,1
rs,10240,1280,2048,gpu,20,A_gemmrs,1,0.33280,0.33075,0.33075,0.08333,0,1
rs,10240,1280,2048,gpu,20,c_fluxgemm_only,2,0.24064,0.23859,0.23859,0.02159,0,1
rs,10240,1280,2048,gpu,21,c_cublas,1,0.22323,0.22221,0.22221,0.03640,0,1
rs,10240,1280,2048,gpu,21,A_gemmrs,2,0.32563,0.32256,0.32461,0.07197,0,1
rs,10240,1280,2048,gpu,21,c_fluxgemm_only,0,0.23962,0.23757,0.23859,0.02179,0,1
rs,10240,1280,2048,gpu,22,c_cublas,1,0.22323,0.22221,0.22221,0.03449,0,1
rs,10240,1280,2048,gpu,22,A_gemmrs,0,0.32051,0.31642,0.31846,0.06593,0,1
rs,10240,1280,2048,gpu,22,c_fluxgemm_only,2,0.24064,0.23859,0.23962,0.02368,0,1
rs,10240,1280,2048,gpu,23,c_cublas,0,0.22426,0.22323,0.22323,0.03694,0,1
rs,10240,1280,2048,gpu,23,A_gemmrs,1,0.38502,0.38195,0.38400,0.06553,0,1
rs,10240,1280,2048,gpu,23,c_fluxgemm_only,2,0.24064,0.23962,0.24064,0.02134,0,1
rs,10240,1280,2048,gpu,24,c_cublas,2,0.22323,0.22221,0.22323,0.03521,0,1
rs,10240,1280,2048,gpu,24,A_gemmrs,1,0.32870,0.32666,0.32870,0.06288,0,1
rs,10240,1280,2048,gpu,24,c_fluxgemm_only,0,0.23962,0.23757,0.23962,0.02215,0,1
rs,10240,1280,2048,gpu,25,c_cublas,1,0.22323,0.22221,0.22323,0.03605,0,1
rs,10240,1280,2048,gpu,25,A_gemmrs,2,0.31539,0.31232,0.31437,0.06775,0,1
rs,10240,1280,2048,gpu,25,c_fluxgemm_only,0,0.24064,0.23859,0.24064,0.02384,0,1
rs,10240,1280,2048,gpu,26,c_cublas,2,0.22323,0.22221,0.22221,0.03464,0,1
rs,10240,1280,2048,gpu,26,A_gemmrs,1,0.31334,0.31027,0.31232,0.06241,0,1
rs,10240,1280,2048,gpu,26,c_fluxgemm_only,0,0.24064,0.23757,0.24064,0.02366,0,1
rs,10240,1280,2048,gpu,27,c_cublas,1,0.22323,0.22118,0.22323,0.03558,0,1
rs,10240,1280,2048,gpu,27,A_gemmrs,2,0.33792,0.33587,0.33792,0.06472,0,1
rs,10240,1280,2048,gpu,27,c_fluxgemm_only,0,0.24166,0.23962,0.24166,0.02357,0,1
rs,10240,1280,2048,gpu,28,c_cublas,1,0.22426,0.22323,0.22323,0.03405,0,1
rs,10240,1280,2048,gpu,28,A_gemmrs,0,0.35123,0.34816,0.35021,0.06612,0,1
rs,10240,1280,2048,gpu,28,c_fluxgemm_only,2,0.24064,0.23757,0.23859,0.02276,0,1
rs,10240,1280,2048,gpu,29,c_cublas,1,0.22426,0.22221,0.22221,0.03614,0,1
rs,10240,1280,2048,gpu,29,A_gemmrs,2,0.36762,0.36454,0.36762,0.06413,0,1
rs,10240,1280,2048,gpu,29,c_fluxgemm_only,0,0.23962,0.23757,0.23859,0.02222,0,1
rs,10240,1280,2048,gpu,30,c_cublas,0,0.22323,0.22221,0.22221,0.03625,0,1
rs,10240,1280,2048,gpu,30,A_gemmrs,2,0.34406,0.33997,0.34304,0.06216,0,1
rs,10240,1280,2048,gpu,30,c_fluxgemm_only,1,0.24064,0.23962,0.24064,0.02342,0,1
rs,10240,1280,2048,gpu,31,c_cublas,0,0.22528,0.22323,0.22426,0.03674,0,1
rs,10240,1280,2048,gpu,31,A_gemmrs,1,0.32870,0.32563,0.32870,0.06578,0,1
rs,10240,1280,2048,gpu,31,c_fluxgemm_only,2,0.24166,0.23962,0.24166,0.02208,0,1
rs,10240,1280,2048,gpu,32,c_cublas,1,0.22323,0.22221,0.22323,0.03733,0,1
rs,10240,1280,2048,gpu,32,A_gemmrs,2,0.32256,0.31642,0.32256,0.06677,0,1
rs,10240,1280,2048,gpu,32,c_fluxgemm_only,0,0.23962,0.23757,0.23962,0.02242,0,1
rs,10240,1280,2048,gpu,33,c_cublas,2,0.22323,0.22221,0.22221,0.03541,0,1
rs,10240,1280,2048,gpu,33,A_gemmrs,0,0.32461,0.32256,0.32461,0.06460,0,1
rs,10240,1280,2048,gpu,33,c_fluxgemm_only,1,0.24064,0.23757,0.24064,0.02144,0,1
rs,10240,1280,2048,gpu,34,c_cublas,2,0.22323,0.22118,0.22221,0.03641,0,1
rs,10240,1280,2048,gpu,34,A_gemmrs,0,0.32768,0.32563,0.32768,0.06645,0,1
rs,10240,1280,2048,gpu,34,c_fluxgemm_only,1,0.23962,0.23859,0.23962,0.02082,0,1
rs,10240,1280,2048,gpu,35,c_cublas,1,0.22323,0.22118,0.22221,0.03565,0,1
rs,10240,1280,2048,gpu,35,A_gemmrs,2,0.34099,0.33690,0.33997,0.06556,0,1
rs,10240,1280,2048,gpu,35,c_fluxgemm_only,0,0.24064,0.23859,0.23962,0.02325,0,1
rs,10240,1280,2048,gpu,36,c_cublas,1,0.22426,0.22323,0.22426,0.03434,0,1
rs,10240,1280,2048,gpu,36,A_gemmrs,0,0.37581,0.37376,0.37581,0.06518,0,1
rs,10240,1280,2048,gpu,36,c_fluxgemm_only,2,0.24064,0.23859,0.23962,0.02325,0,1
rs,10240,1280,2048,gpu,37,c_cublas,1,0.22323,0.22221,0.22221,0.03626,0,1
rs,10240,1280,2048,gpu,37,A_gemmrs,2,0.32666,0.32358,0.32666,0.06480,0,1
rs,10240,1280,2048,gpu,37,c_fluxgemm_only,0,0.23962,0.23757,0.23859,0.02224,0,1
rs,10240,1280,2048,gpu,38,c_cublas,2,0.22323,0.22118,0.22221,0.03626,0,1
rs,10240,1280,2048,gpu,38,A_gemmrs,0,0.33280,0.33075,0.33280,0.07064,0,1
rs,10240,1280,2048,gpu,38,c_fluxgemm_only,1,0.23859,0.23757,0.23859,0.02207,0,1
rs,10240,1280,2048,gpu,39,c_cublas,0,0.22426,0.22221,0.22323,0.03986,0,1
rs,10240,1280,2048,gpu,39,A_gemmrs,2,0.31642,0.31437,0.31642,0.06254,0,1
rs,10240,1280,2048,gpu,39,c_fluxgemm_only,1,0.23962,0.23859,0.23859,0.02407,0,1
rs,10240,1280,2048,gpu,40,c_cublas,1,0.22528,0.22323,0.22426,0.03542,0,1
rs,10240,1280,2048,gpu,40,A_gemmrs,0,0.32154,0.31846,0.32154,0.06416,0,1
rs,10240,1280,2048,gpu,40,c_fluxgemm_only,2,0.24064,0.23757,0.23962,0.02326,0,1
rs,10240,1280,2048,gpu,41,c_cublas,1,0.22323,0.22221,0.22323,0.03612,0,1
rs,10240,1280,2048,gpu,41,A_gemmrs,2,0.32358,0.31949,0.32256,0.07121,0,1
rs,10240,1280,2048,gpu,41,c_fluxgemm_only,0,0.23962,0.23859,0.23859,0.02249,0,1
rs,10240,1280,2048,gpu,42,c_cublas,1,0.22426,0.22221,0.22323,0.03424,0,1
rs,10240,1280,2048,gpu,42,A_gemmrs,0,0.34509,0.34304,0.34509,0.06621,0,1
rs,10240,1280,2048,gpu,42,c_fluxgemm_only,2,0.24064,0.23859,0.23859,0.02311,0,1
rs,10240,1280,2048,gpu,43,c_cublas,1,0.22323,0.22118,0.22323,0.03587,0,1
rs,10240,1280,2048,gpu,43,A_gemmrs,2,0.37171,0.36762,0.37171,0.07636,0,1
rs,10240,1280,2048,gpu,43,c_fluxgemm_only,0,0.24166,0.23962,0.23962,0.02206,0,1
rs,10240,1280,2048,gpu,44,c_cublas,0,0.22426,0.22221,0.22221,0.03688,0,1
rs,10240,1280,2048,gpu,44,A_gemmrs,1,0.33997,0.33690,0.33894,0.06499,0,1
rs,10240,1280,2048,gpu,44,c_fluxgemm_only,2,0.24064,0.23859,0.23962,0.02786,0,1
rs,10240,1280,2048,gpu,45,c_cublas,0,0.25293,0.22221,0.22221,0.03677,0,1
rs,10240,1280,2048,gpu,45,A_gemmrs,1,0.33485,0.33178,0.33382,0.08700,0,1
rs,10240,1280,2048,gpu,45,c_fluxgemm_only,2,0.23962,0.23757,0.23859,0.02193,0,1
rs,10240,1280,2048,gpu,46,c_cublas,1,0.22528,0.22323,0.22426,0.03695,0,1
rs,10240,1280,2048,gpu,46,A_gemmrs,2,0.31437,0.31130,0.31334,0.07154,0,1
rs,10240,1280,2048,gpu,46,c_fluxgemm_only,0,0.23962,0.23859,0.23859,0.02174,0,1
rs,10240,1280,2048,gpu,47,c_cublas,1,0.22426,0.22221,0.22323,0.03450,0,1
rs,10240,1280,2048,gpu,47,A_gemmrs,0,0.31744,0.31539,0.31642,0.06443,0,1
rs,10240,1280,2048,gpu,47,c_fluxgemm_only,2,0.24166,0.23859,0.24064,0.02339,0,1
rs,10240,1280,2048,gpu,48,c_cublas,0,0.22323,0.22221,0.22221,0.03635,0,1
rs,10240,1280,2048,gpu,48,A_gemmrs,1,0.33587,0.33075,0.33075,0.06519,0,1
rs,10240,1280,2048,gpu,48,c_fluxgemm_only,2,0.24064,0.23859,0.23859,0.02174,0,1
rs,10240,1280,2048,gpu,49,c_cublas,2,0.22323,0.22221,0.22221,0.03584,0,1
rs,10240,1280,2048,gpu,49,A_gemmrs,0,0.31744,0.31539,0.31744,0.06361,0,1
rs,10240,1280,2048,gpu,49,c_fluxgemm_only,1,0.23962,0.23859,0.23962,0.02086,0,1
rs,10240,1280,2048,gpu,50,c_cublas,0,0.25190,0.22221,0.22323,0.03543,0,1
rs,10240,1280,2048,gpu,50,A_gemmrs,1,0.38195,0.37888,0.38195,0.08960,0,1
rs,10240,1280,2048,gpu,50,c_fluxgemm_only,2,0.23962,0.23859,0.23962,0.02150,0,1
rs,10240,1280,2048,gpu,51,c_cublas,2,0.22528,0.22323,0.22323,0.03676,0,1
rs,10240,1280,2048,gpu,51,A_gemmrs,0,0.33280,0.33178,0.33280,0.08609,0,1
rs,10240,1280,2048,gpu,51,c_fluxgemm_only,1,0.24064,0.23757,0.23859,0.02824,0,1
rs,10240,1280,2048,gpu,52,c_cublas,1,0.22528,0.22323,0.22426,0.04457,0,1
rs,10240,1280,2048,gpu,52,A_gemmrs,0,0.33690,0.33485,0.33690,0.06666,0,1
rs,10240,1280,2048,gpu,52,c_fluxgemm_only,2,0.24064,0.23859,0.24064,0.02416,0,1
rs,10240,1280,2048,gpu,53,c_cublas,1,0.22323,0.22221,0.22221,0.03653,0,1
rs,10240,1280,2048,gpu,53,A_gemmrs,2,0.31437,0.31130,0.31334,0.08682,0,1
rs,10240,1280,2048,gpu,53,c_fluxgemm_only,0,0.23962,0.23757,0.23962,0.02072,0,1
rs,10240,1280,2048,gpu,54,c_cublas,1,0.22528,0.22323,0.22323,0.03609,0,1
rs,10240,1280,2048,gpu,54,A_gemmrs,2,0.33280,0.32973,0.33280,0.07491,0,1
rs,10240,1280,2048,gpu,54,c_fluxgemm_only,0,0.24064,0.23859,0.24064,0.02313,0,1
rs,10240,1280,2048,gpu,55,c_cublas,2,0.22528,0.22323,0.22323,0.03456,0,1
rs,10240,1280,2048,gpu,55,A_gemmrs,1,0.31437,0.31130,0.31232,0.06177,0,1
rs,10240,1280,2048,gpu,55,c_fluxgemm_only,0,0.24064,0.23962,0.24064,0.02343,0,1
rs,10240,1280,2048,gpu,56,c_cublas,2,0.22323,0.22221,0.22323,0.03629,0,1
rs,10240,1280,2048,gpu,56,A_gemmrs,0,0.31642,0.30925,0.31539,0.06613,0,1
rs,10240,1280,2048,gpu,56,c_fluxgemm_only,1,0.24166,0.23962,0.24064,0.02168,0,1
rs,10240,1280,2048,gpu,57,c_cublas,2,0.22323,0.22221,0.22221,0.03590,0,1
rs,10240,1280,2048,gpu,57,A_gemmrs,0,0.38195,0.37888,0.38093,0.06744,0,1
rs,10240,1280,2048,gpu,57,c_fluxgemm_only,1,0.23962,0.23859,0.23859,0.02171,0,1
rs,10240,1280,2048,gpu,58,c_cublas,2,0.22426,0.22221,0.22323,0.03591,0,1
rs,10240,1280,2048,gpu,58,A_gemmrs,0,0.33587,0.33178,0.33485,0.06826,0,1
rs,10240,1280,2048,gpu,58,c_fluxgemm_only,1,0.24064,0.23859,0.23962,0.02230,0,1
rs,10240,1280,2048,gpu,59,c_cublas,0,0.22426,0.22221,0.22323,0.03527,0,1
rs,10240,1280,2048,gpu,59,A_gemmrs,2,0.34509,0.34202,0.34406,0.08089,0,1
rs,10240,1280,2048,gpu,59,c_fluxgemm_only,1,0.23962,0.23757,0.23859,0.02392,0,1
rs,10240,1280,2048,gpu,60,c_cublas,2,0.22323,0.22221,0.22323,0.03555,0,1
rs,10240,1280,2048,gpu,60,A_gemmrs,1,0.31744,0.31232,0.31232,0.06196,0,1
rs,10240,1280,2048,gpu,60,c_fluxgemm_only,0,0.23962,0.23859,0.23859,0.02311,0,1
rs,10240,1280,2048,gpu,61,c_cublas,0,0.22323,0.22221,0.22221,0.03616,0,1
rs,10240,1280,2048,gpu,61,A_gemmrs,1,0.33280,0.32870,0.33280,0.08664,0,1
rs,10240,1280,2048,gpu,61,c_fluxgemm_only,2,0.24064,0.23859,0.24064,0.02268,0,1
rs,10240,1280,2048,gpu,62,c_cublas,2,0.22426,0.22221,0.22323,0.03560,0,1
rs,10240,1280,2048,gpu,62,A_gemmrs,1,0.31539,0.31232,0.31437,0.08576,0,1
rs,10240,1280,2048,gpu,62,c_fluxgemm_only,0,0.25702,0.23757,0.25702,0.02356,0,1
rs,10240,1280,2048,gpu,63,c_cublas,1,0.22323,0.22118,0.22221,0.03641,0,1
rs,10240,1280,2048,gpu,63,A_gemmrs,2,0.38298,0.37990,0.38298,0.06541,0,1
rs,10240,1280,2048,gpu,63,c_fluxgemm_only,0,0.24166,0.23962,0.24064,0.02440,0,1
rs,10240,1280,2048,gpu,64,c_cublas,2,0.22426,0.22221,0.22221,0.03560,0,1
rs,10240,1280,2048,gpu,64,A_gemmrs,0,0.32154,0.31846,0.32154,0.06472,0,1
rs,10240,1280,2048,gpu,64,c_fluxgemm_only,1,0.24166,0.23962,0.24064,0.02204,0,1
rs,10240,1280,2048,gpu,65,c_cublas,2,0.22426,0.22118,0.22323,0.03582,0,1
rs,10240,1280,2048,gpu,65,A_gemmrs,0,0.32256,0.31949,0.32256,0.06960,0,1
rs,10240,1280,2048,gpu,65,c_fluxgemm_only,1,0.24064,0.23757,0.24064,0.02117,0,1
rs,10240,1280,2048,gpu,66,c_cublas,1,0.22426,0.22323,0.22426,0.03568,0,1
rs,10240,1280,2048,gpu,66,A_gemmrs,2,0.35328,0.35021,0.35328,0.06558,0,1
rs,10240,1280,2048,gpu,66,c_fluxgemm_only,0,0.23962,0.23859,0.23859,0.02318,0,1
rs,10240,1280,2048,gpu,67,c_cublas,0,0.22528,0.22323,0.22426,0.03595,0,1
rs,10240,1280,2048,gpu,67,A_gemmrs,2,0.33280,0.33075,0.33280,0.06227,0,1
rs,10240,1280,2048,gpu,67,c_fluxgemm_only,1,0.23962,0.23859,0.23962,0.02400,0,1
rs,10240,1280,2048,gpu,68,c_cublas,0,0.22426,0.22221,0.22221,0.03672,0,1
rs,10240,1280,2048,gpu,68,A_gemmrs,2,0.31642,0.31437,0.31539,0.06215,0,1
rs,10240,1280,2048,gpu,68,c_fluxgemm_only,1,0.24064,0.23859,0.24064,0.02421,0,1
rs,10240,1280,2048,gpu,69,c_cublas,2,0.22323,0.22221,0.22221,0.03479,0,1
rs,10240,1280,2048,gpu,69,A_gemmrs,1,0.31437,0.31130,0.31334,0.06278,0,1
rs,10240,1280,2048,gpu,69,c_fluxgemm_only,0,0.24064,0.23859,0.23962,0.02351,0,1
rs,10240,1280,2048,gpu,70,c_cublas,2,0.22426,0.22221,0.22323,0.03454,0,1
rs,10240,1280,2048,gpu,70,A_gemmrs,1,0.38298,0.37990,0.38195,0.06332,0,1
rs,10240,1280,2048,gpu,70,c_fluxgemm_only,0,0.23962,0.23859,0.23962,0.02350,0,1
rs,10240,1280,2048,gpu,71,c_cublas,2,0.22528,0.22323,0.22426,0.03572,0,1
rs,10240,1280,2048,gpu,71,A_gemmrs,0,0.32154,0.31539,0.32051,0.06624,0,1
rs,10240,1280,2048,gpu,71,c_fluxgemm_only,1,0.24064,0.23859,0.23962,0.02173,0,1
rs,10240,1280,2048,gpu,72,c_cublas,2,0.22323,0.22221,0.22221,0.03469,0,1
rs,10240,1280,2048,gpu,72,A_gemmrs,1,0.31642,0.31334,0.31437,0.06316,0,1
rs,10240,1280,2048,gpu,72,c_fluxgemm_only,0,0.23962,0.23757,0.23859,0.02371,0,1
rs,10240,1280,2048,gpu,73,c_cublas,0,0.22426,0.22221,0.22221,0.03734,0,1
rs,10240,1280,2048,gpu,73,A_gemmrs,1,0.35533,0.35123,0.35430,0.06509,0,1
rs,10240,1280,2048,gpu,73,c_fluxgemm_only,2,0.24064,0.23859,0.24064,0.02164,0,1
rs,10240,1280,2048,gpu,74,c_cublas,0,0.22426,0.22221,0.22323,0.04315,0,1
rs,10240,1280,2048,gpu,74,A_gemmrs,1,0.33382,0.33075,0.33178,0.06644,0,1
rs,10240,1280,2048,gpu,74,c_fluxgemm_only,2,0.24064,0.23859,0.24064,0.02187,0,1
rs,10240,1280,2048,gpu,75,c_cublas,1,0.22426,0.22221,0.22221,0.03684,0,1
rs,10240,1280,2048,gpu,75,A_gemmrs,2,0.32461,0.32256,0.32461,0.06508,0,1
rs,10240,1280,2048,gpu,75,c_fluxgemm_only,0,0.24166,0.23859,0.23859,0.02174,0,1
rs,10240,1280,2048,gpu,76,c_cublas,1,0.22323,0.22221,0.22323,0.04945,0,1
rs,10240,1280,2048,gpu,76,A_gemmrs,2,0.36864,0.36557,0.36762,0.06491,0,1
rs,10240,1280,2048,gpu,76,c_fluxgemm_only,0,0.24064,0.23859,0.23962,0.02326,0,1
rs,10240,1280,2048,gpu,77,c_cublas,1,0.22323,0.22221,0.22221,0.04366,0,1
rs,10240,1280,2048,gpu,77,A_gemmrs,2,0.33587,0.33382,0.33485,0.06549,0,1
rs,10240,1280,2048,gpu,77,c_fluxgemm_only,0,0.23962,0.23859,0.23962,0.02261,0,1
rs,10240,1280,2048,gpu,78,c_cublas,2,0.22323,0.22221,0.22323,0.03632,0,1
rs,10240,1280,2048,gpu,78,A_gemmrs,1,0.32768,0.32563,0.32666,0.06157,0,1
rs,10240,1280,2048,gpu,78,c_fluxgemm_only,0,0.24064,0.23859,0.23962,0.02275,0,1
rs,10240,1280,2048,gpu,79,c_cublas,0,0.22426,0.22221,0.22426,0.03387,0,1
rs,10240,1280,2048,gpu,79,A_gemmrs,1,0.31437,0.31027,0.31334,0.06572,0,1
rs,10240,1280,2048,gpu,79,c_fluxgemm_only,2,0.24166,0.23962,0.24064,0.02436,0,1
rs,10240,1280,2048,gpu,80,c_cublas,0,0.22426,0.22221,0.22323,0.03760,0,1
rs,10240,1280,2048,gpu,80,A_gemmrs,2,0.37376,0.37171,0.37274,0.06268,0,1
rs,10240,1280,2048,gpu,80,c_fluxgemm_only,1,0.23962,0.23859,0.23859,0.02332,0,1
rs,10240,1280,2048,gpu,81,c_cublas,1,0.22426,0.22118,0.22221,0.03444,0,1
rs,10240,1280,2048,gpu,81,A_gemmrs,0,0.32256,0.31846,0.32154,0.06767,0,1
rs,10240,1280,2048,gpu,81,c_fluxgemm_only,2,0.24064,0.23757,0.23859,0.02319,0,1
rs,10240,1280,2048,gpu,82,c_cublas,2,0.22426,0.22221,0.22221,0.03650,0,1
rs,10240,1280,2048,gpu,82,A_gemmrs,0,0.31539,0.31232,0.31437,0.06649,0,1
rs,10240,1280,2048,gpu,82,c_fluxgemm_only,1,0.24064,0.23859,0.23962,0.02250,0,1
rs,10240,1280,2048,gpu,83,c_cublas,0,0.22426,0.22323,0.22323,0.03506,0,1
rs,10240,1280,2048,gpu,83,A_gemmrs,2,0.37683,0.37376,0.37683,0.06373,0,1
rs,10240,1280,2048,gpu,83,c_fluxgemm_only,1,0.24064,0.23757,0.23962,0.02373,0,1
rs,10240,1280,2048,gpu,84,c_cublas,2,0.22528,0.22221,0.22221,0.03438,0,1
rs,10240,1280,2048,gpu,84,A_gemmrs,1,0.33587,0.33280,0.33485,0.06261,0,1
rs,10240,1280,2048,gpu,84,c_fluxgemm_only,0,0.23962,0.23859,0.23962,0.02352,0,1
rs,10240,1280,2048,gpu,85,c_cublas,1,0.22426,0.22221,0.22323,0.03561,0,1
rs,10240,1280,2048,gpu,85,A_gemmrs,2,0.31539,0.31334,0.31437,0.06474,0,1
rs,10240,1280,2048,gpu,85,c_fluxgemm_only,0,0.24064,0.23859,0.24064,0.02380,0,1
rs,10240,1280,2048,gpu,86,c_cublas,0,0.22426,0.22221,0.22323,0.03649,0,1
rs,10240,1280,2048,gpu,86,A_gemmrs,2,0.31642,0.31334,0.31642,0.06291,0,1
rs,10240,1280,2048,gpu,86,c_fluxgemm_only,1,0.24166,0.23962,0.23962,0.02404,0,1
rs,10240,1280,2048,gpu,87,c_cublas,2,0.22528,0.22323,0.22426,0.03526,0,1
rs,10240,1280,2048,gpu,87,A_gemmrs,0,0.34099,0.33280,0.33280,0.06391,0,1
rs,10240,1280,2048,gpu,87,c_fluxgemm_only,1,0.24064,0.23757,0.24064,0.02110,0,1
rs,10240,1280,2048,gpu,88,c_cublas,1,0.22426,0.22323,0.22426,0.03403,0,1
rs,10240,1280,2048,gpu,88,A_gemmrs,0,0.33382,0.32768,0.33280,0.06722,0,1
rs,10240,1280,2048,gpu,88,c_fluxgemm_only,2,0.24064,0.23757,0.24064,0.02354,0,1
rs,10240,1280,2048,gpu,89,c_cublas,1,0.22426,0.22221,0.22221,0.03654,0,1
rs,10240,1280,2048,gpu,89,A_gemmrs,2,0.31642,0.31232,0.31437,0.06560,0,1
rs,10240,1280,2048,gpu,89,c_fluxgemm_only,0,0.23962,0.23757,0.23757,0.02213,0,1
rs,10240,1280,2048,gpu,90,c_cublas,0,0.22426,0.22221,0.22323,0.03631,0,1
rs,10240,1280,2048,gpu,90,A_gemmrs,1,0.38195,0.37888,0.38093,0.06570,0,1
rs,10240,1280,2048,gpu,90,c_fluxgemm_only,2,0.24064,0.23859,0.23962,0.02178,0,1
rs,10240,1280,2048,gpu,91,c_cublas,1,0.22426,0.22221,0.22221,0.03637,0,1
rs,10240,1280,2048,gpu,91,A_gemmrs,2,0.33792,0.33485,0.33690,0.06399,0,1
rs,10240,1280,2048,gpu,91,c_fluxgemm_only,0,0.24064,0.23962,0.23962,0.02218,0,1
rs,10240,1280,2048,gpu,92,c_cublas,1,0.22426,0.22221,0.22323,0.03598,0,1
rs,10240,1280,2048,gpu,92,A_gemmrs,2,0.31949,0.31744,0.31846,0.06857,0,1
rs,10240,1280,2048,gpu,92,c_fluxgemm_only,0,0.23962,0.23859,0.23962,0.02309,0,1
rs,10240,1280,2048,gpu,93,c_cublas,0,0.22426,0.22221,0.22221,0.03601,0,1
rs,10240,1280,2048,gpu,93,A_gemmrs,2,0.34816,0.34406,0.34611,0.06227,0,1
rs,10240,1280,2048,gpu,93,c_fluxgemm_only,1,0.23962,0.23859,0.23859,0.02372,0,1
rs,10240,1280,2048,gpu,94,c_cublas,1,0.22426,0.22221,0.22221,0.03509,0,1
rs,10240,1280,2048,gpu,94,A_gemmrs,0,0.31744,0.31232,0.31642,0.07813,0,1
rs,10240,1280,2048,gpu,94,c_fluxgemm_only,2,0.24064,0.23757,0.23962,0.02329,0,1
rs,10240,1280,2048,gpu,95,c_cublas,0,0.22426,0.22323,0.22323,0.03625,0,1
rs,10240,1280,2048,gpu,95,A_gemmrs,1,0.34099,0.33894,0.34099,0.06702,0,1
rs,10240,1280,2048,gpu,95,c_fluxgemm_only,2,0.24166,0.23962,0.24064,0.02152,0,1
rs,10240,1280,2048,gpu,96,c_cublas,0,0.25293,0.22221,0.22221,0.03658,0,1
rs,10240,1280,2048,gpu,96,A_gemmrs,2,0.36557,0.36250,0.36454,0.08449,0,1
rs,10240,1280,2048,gpu,96,c_fluxgemm_only,1,0.23962,0.23859,0.23859,0.02368,0,1
rs,10240,1280,2048,gpu,97,c_cublas,2,0.22426,0.22221,0.22221,0.03538,0,1
rs,10240,1280,2048,gpu,97,A_gemmrs,1,0.33485,0.33075,0.33382,0.07171,0,1
rs,10240,1280,2048,gpu,97,c_fluxgemm_only,0,0.24064,0.23859,0.24064,0.02317,0,1
rs,10240,1280,2048,gpu,98,c_cublas,2,0.22426,0.22221,0.22221,0.03906,0,1
rs,10240,1280,2048,gpu,98,A_gemmrs,0,0.32051,0.31846,0.31949,0.06728,0,1
rs,10240,1280,2048,gpu,98,c_fluxgemm_only,1,0.24064,0.23757,0.24064,0.02197,0,1
rs,10240,1280,2048,gpu,99,c_cublas,1,0.22426,0.22221,0.22323,0.03475,0,1
rs,10240,1280,2048,gpu,99,A_gemmrs,0,0.32358,0.32051,0.32256,0.06715,0,1
rs,10240,1280,2048,gpu,99,c_fluxgemm_only,2,0.24166,0.23859,0.24064,0.03121,0,1
rs,10240,1280,2048,gpu,100,c_cublas,1,0.22528,0.22323,0.22323,0.03471,1410,1
rs,10240,1280,2048,gpu,100,A_gemmrs,0,0.33792,0.33382,0.33792,0.06548,1410,1
rs,10240,1280,2048,gpu,100,c_fluxgemm_only,2,0.24064,0.23859,0.24064,0.02317,1410,1
rs,10240,1280,2048,gpu,101,c_cublas,2,0.22426,0.22118,0.22221,0.03565,1410,1
rs,10240,1280,2048,gpu,101,A_gemmrs,0,0.95846,0.34304,0.95744,0.09525,1410,1
rs,10240,1280,2048,gpu,101,c_fluxgemm_only,1,0.24064,0.23859,0.23962,0.02170,1410,1
rs,10240,1280,2048,gpu,102,c_cublas,0,0.22323,0.22221,0.22323,0.03489,1410,1
rs,10240,1280,2048,gpu,102,A_gemmrs,1,0.32051,0.31846,0.32051,0.08442,1410,1
rs,10240,1280,2048,gpu,102,c_fluxgemm_only,2,0.24064,0.23859,0.23859,0.02219,1410,1
rs,10240,1280,2048,gpu,103,c_cublas,1,0.22426,0.22118,0.22221,0.03650,1410,1
rs,10240,1280,2048,gpu,103,A_gemmrs,2,0.37990,0.37683,0.37990,0.06427,1410,1
rs,10240,1280,2048,gpu,103,c_fluxgemm_only,0,0.24064,0.23859,0.23962,0.02221,1410,1
rs,10240,1280,2048,gpu,104,c_cublas,0,0.22426,0.22221,0.22221,0.03630,1410,1
rs,10240,1280,2048,gpu,104,A_gemmrs,2,0.31539,0.31130,0.31130,0.06263,1410,1
rs,10240,1280,2048,gpu,104,c_fluxgemm_only,1,0.24064,0.23859,0.23859,0.02376,1410,1
rs,10240,1280,2048,gpu,105,c_cublas,1,0.22426,0.22221,0.22221,0.03614,1410,1
rs,10240,1280,2048,gpu,105,A_gemmrs,2,0.32154,0.31846,0.32051,0.06466,1410,1
rs,10240,1280,2048,gpu,105,c_fluxgemm_only,0,0.24064,0.23859,0.23962,0.02329,1410,1
rs,10240,1280,2048,gpu,106,c_cublas,2,0.22426,0.22221,0.22323,0.04145,1410,1
rs,10240,1280,2048,gpu,106,A_gemmrs,0,0.35430,0.34918,0.35430,0.08360,1410,1
rs,10240,1280,2048,gpu,106,c_fluxgemm_only,1,0.23962,0.23859,0.23962,0.02145,1410,1
rs,10240,1280,2048,gpu,107,c_cublas,1,0.22426,0.22221,0.22221,0.03418,1410,1
rs,10240,1280,2048,gpu,107,A_gemmrs,0,0.31437,0.31130,0.31437,0.08170,1410,1
rs,10240,1280,2048,gpu,107,c_fluxgemm_only,2,0.24269,0.24064,0.24064,0.02366,1410,1
rs,10240,1280,2048,gpu,108,c_cublas,2,0.22426,0.22221,0.22221,0.03463,1410,1
rs,10240,1280,2048,gpu,108,A_gemmrs,1,0.31744,0.31539,0.31744,0.08331,1410,1
rs,10240,1280,2048,gpu,108,c_fluxgemm_only,0,0.23962,0.23859,0.23962,0.02186,1410,1
rs,10240,1280,2048,gpu,109,c_cublas,0,0.22323,0.22118,0.22221,0.03427,1410,1
rs,10240,1280,2048,gpu,109,A_gemmrs,1,0.33485,0.32870,0.33382,0.07610,1410,1
rs,10240,1280,2048,gpu,109,c_fluxgemm_only,2,0.23962,0.23859,0.23962,0.02197,1410,1
rs,10240,1280,2048,gpu,110,c_cublas,0,0.22426,0.22221,0.22323,0.03625,1410,1
rs,10240,1280,2048,gpu,110,A_gemmrs,1,0.38093,0.37786,0.38093,0.08143,1410,1
rs,10240,1280,2048,gpu,110,c_fluxgemm_only,2,0.24064,0.23757,0.24064,0.02711,1410,1
rs,10240,1280,2048,gpu,111,c_cublas,0,0.22528,0.22323,0.22323,0.03712,1410,1
rs,10240,1280,2048,gpu,111,A_gemmrs,2,0.32256,0.31949,0.32051,0.06406,1410,1
rs,10240,1280,2048,gpu,111,c_fluxgemm_only,1,0.23962,0.23757,0.23962,0.02563,1410,1
rs,10240,1280,2048,gpu,112,c_cublas,2,0.22426,0.22221,0.22221,0.03972,1410,1
rs,10240,1280,2048,gpu,112,A_gemmrs,1,0.35533,0.35226,0.35533,0.08283,1410,1
rs,10240,1280,2048,gpu,112,c_fluxgemm_only,0,0.24064,0.23859,0.24064,0.02319,1410,1
rs,10240,1280,2048,gpu,113,c_cublas,2,0.22426,0.22221,0.22221,0.04329,1410,1
rs,10240,1280,2048,gpu,113,A_gemmrs,0,0.44339,0.33382,0.33382,0.08603,1410,1
rs,10240,1280,2048,gpu,113,c_fluxgemm_only,1,0.24064,0.23859,0.23962,0.02196,1410,1
rs,10240,1280,2048,gpu,114,c_cublas,0,0.22323,0.22118,0.22221,0.03419,1410,1
rs,10240,1280,2048,gpu,114,A_gemmrs,1,0.32870,0.32666,0.32768,0.06867,1410,1
rs,10240,1280,2048,gpu,114,c_fluxgemm_only,2,0.23962,0.23859,0.23962,0.02240,1410,1
rs,10240,1280,2048,gpu,115,c_cublas,0,0.22426,0.22323,0.22426,0.03713,1410,1
rs,10240,1280,2048,gpu,115,A_gemmrs,2,0.33280,0.32973,0.33280,0.07646,1410,1
rs,10240,1280,2048,gpu,115,c_fluxgemm_only,1,0.23962,0.23757,0.23962,0.02373,1410,1
rs,10240,1280,2048,gpu,116,c_cublas,2,0.22426,0.22221,0.22323,0.04125,1410,1
rs,10240,1280,2048,gpu,116,A_gemmrs,0,0.32973,0.32563,0.32870,0.06514,1410,1
rs,10240,1280,2048,gpu,116,c_fluxgemm_only,1,0.24166,0.23962,0.23962,0.02144,1410,1
rs,10240,1280,2048,gpu,117,c_cublas,2,0.22426,0.22221,0.22221,0.03538,1410,1
rs,10240,1280,2048,gpu,117,A_gemmrs,0,0.37786,0.37274,0.37683,0.06730,1410,1
rs,10240,1280,2048,gpu,117,c_fluxgemm_only,1,0.23962,0.23859,0.23962,0.02163,1410,1
rs,10240,1280,2048,gpu,118,c_cublas,0,0.22426,0.22221,0.22221,0.03820,1410,1
rs,10240,1280,2048,gpu,118,A_gemmrs,1,0.32358,0.31949,0.32358,0.06920,1410,1
rs,10240,1280,2048,gpu,118,c_fluxgemm_only,2,0.23962,0.23859,0.23962,0.02285,1410,1
rs,10240,1280,2048,gpu,119,c_cublas,0,0.22528,0.22323,0.22323,0.03751,1410,1
rs,10240,1280,2048,gpu,119,A_gemmrs,1,0.33587,0.33382,0.33587,0.06560,1410,1
rs,10240,1280,2048,gpu,119,c_fluxgemm_only,2,0.24166,0.23962,0.23962,0.02167,1410,1
rs,10240,1280,2048,gpu,120,c_cublas,0,0.22323,0.22221,0.22323,0.03768,1410,1
rs,10240,1280,2048,gpu,120,A_gemmrs,1,0.32154,0.31949,0.32154,0.06519,1410,1
rs,10240,1280,2048,gpu,120,c_fluxgemm_only,2,0.24064,0.23859,0.23962,0.02225,1410,1
rs,10240,1280,2048,gpu,121,c_cublas,2,0.22426,0.22221,0.22323,0.03465,1410,1
rs,10240,1280,2048,gpu,121,A_gemmrs,1,0.31437,0.31027,0.31437,0.06228,1410,1
rs,10240,1280,2048,gpu,121,c_fluxgemm_only,0,0.23962,0.23757,0.23962,0.02217,1410,1
rs,10240,1280,2048,gpu,122,c_cublas,1,0.22528,0.22323,0.22426,0.03522,1410,1
rs,10240,1280,2048,gpu,122,A_gemmrs,2,0.33690,0.33280,0.33485,0.06510,1410,1
rs,10240,1280,2048,gpu,122,c_fluxgemm_only,0,0.24064,0.23859,0.23962,0.02395,1410,1
rs,10240,1280,2048,gpu,123,c_cublas,2,0.22426,0.22323,0.22323,0.03558,1410,1
rs,10240,1280,2048,gpu,123,A_gemmrs,0,0.32154,0.31642,0.32154,0.06507,1410,1
rs,10240,1280,2048,gpu,123,c_fluxgemm_only,1,0.24064,0.23859,0.24064,0.02134,1410,1
rs,10240,1280,2048,gpu,124,c_cublas,1,0.22528,0.22323,0.22426,0.03398,1410,1
rs,10240,1280,2048,gpu,124,A_gemmrs,0,0.36762,0.36250,0.36659,0.06828,1410,1
rs,10240,1280,2048,gpu,124,c_fluxgemm_only,2,0.24064,0.23859,0.24064,0.02350,1410,1
rs,10240,1280,2048,gpu,125,c_cublas,2,0.22426,0.22221,0.22221,0.03541,1410,1
rs,10240,1280,2048,gpu,125,A_gemmrs,0,0.32666,0.32461,0.32563,0.06584,1410,1
rs,10240,1280,2048,gpu,125,c_fluxgemm_only,1,0.23962,0.23859,0.23859,0.02093,1410,1
rs,10240,1280,2048,gpu,126,c_cublas,2,0.22323,0.22221,0.22221,0.03500,1410,1
rs,10240,1280,2048,gpu,126,A_gemmrs,1,0.32973,0.32768,0.32973,0.06375,1410,1
rs,10240,1280,2048,gpu,126,c_fluxgemm_only,0,0.23962,0.23757,0.23962,0.02307,1410,1
rs,10240,1280,2048,gpu,127,c_cublas,2,0.22426,0.22323,0.22323,0.03417,1410,1
rs,10240,1280,2048,gpu,127,A_gemmrs,1,0.35738,0.35533,0.35738,0.06286,1410,1
rs,10240,1280,2048,gpu,127,c_fluxgemm_only,0,0.24166,0.23962,0.24064,0.02387,1410,1
rs,10240,1280,2048,gpu,128,c_cublas,2,0.22426,0.22221,0.22323,0.03531,1410,1
rs,10240,1280,2048,gpu,128,A_gemmrs,0,0.31539,0.31027,0.31437,0.06830,1410,1
rs,10240,1280,2048,gpu,128,c_fluxgemm_only,1,0.24064,0.23962,0.24064,0.02176,1410,1
rs,10240,1280,2048,gpu,129,c_cublas,0,0.22323,0.22118,0.22221,0.03718,1410,1
rs,10240,1280,2048,gpu,129,A_gemmrs,2,0.31437,0.31130,0.31437,0.06312,1410,1
rs,10240,1280,2048,gpu,129,c_fluxgemm_only,1,0.23962,0.23757,0.23859,0.02402,1410,1
rs,10240,1280,2048,gpu,130,c_cublas,1,0.22426,0.22323,0.22426,0.06066,1410,1
rs,10240,1280,2048,gpu,130,A_gemmrs,2,0.37171,0.36966,0.37171,0.06585,1410,1
rs,10240,1280,2048,gpu,130,c_fluxgemm_only,0,0.24064,0.23859,0.23962,0.02957,1410,1
rs,10240,1280,2048,gpu,131,c_cublas,2,0.22528,0.22323,0.22323,0.03606,1410,1
rs,10240,1280,2048,gpu,131,A_gemmrs,0,0.31539,0.31027,0.31437,0.08033,1410,1
rs,10240,1280,2048,gpu,131,c_fluxgemm_only,1,0.24064,0.23859,0.23962,0.02215,1410,1
rs,10240,1280,2048,gpu,132,c_cublas,2,0.22323,0.22221,0.22323,0.03550,1410,1
rs,10240,1280,2048,gpu,132,A_gemmrs,0,0.31539,0.31232,0.31539,0.06915,1410,1
rs,10240,1280,2048,gpu,132,c_fluxgemm_only,1,0.24166,0.23962,0.24064,0.02226,1410,1
rs,10240,1280,2048,gpu,133,c_cublas,1,0.22323,0.22221,0.22221,0.03545,1410,1
rs,10240,1280,2048,gpu,133,A_gemmrs,2,0.35021,0.34816,0.35021,0.07488,1410,1
rs,10240,1280,2048,gpu,133,c_fluxgemm_only,0,0.23962,0.23859,0.23859,0.02324,1410,1
rs,10240,1280,2048,gpu,134,c_cublas,1,0.22323,0.22221,0.22221,0.03439,1410,1
rs,10240,1280,2048,gpu,134,A_gemmrs,0,0.31846,0.31642,0.31846,0.06266,1410,1
rs,10240,1280,2048,gpu,134,c_fluxgemm_only,2,0.23962,0.23859,0.23962,0.02335,1410,1
rs,10240,1280,2048,gpu,135,c_cublas,1,0.22426,0.22221,0.22221,0.03459,1410,1
rs,10240,1280,2048,gpu,135,A_gemmrs,0,0.31539,0.31232,0.31437,0.06889,1410,1
rs,10240,1280,2048,gpu,135,c_fluxgemm_only,2,0.24064,0.23962,0.24064,0.03136,1410,1
rs,10240,1280,2048,gpu,136,c_cublas,2,0.22323,0.22118,0.22323,0.03438,1410,1
rs,10240,1280,2048,gpu,136,A_gemmrs,1,0.31539,0.31334,0.31539,0.06333,1410,1
rs,10240,1280,2048,gpu,136,c_fluxgemm_only,0,0.23962,0.23859,0.23859,0.02174,1410,1
rs,10240,1280,2048,gpu,137,c_cublas,1,0.22323,0.22221,0.22221,0.03546,1410,1
rs,10240,1280,2048,gpu,137,A_gemmrs,2,0.38195,0.37888,0.37990,0.06501,1410,1
rs,10240,1280,2048,gpu,137,c_fluxgemm_only,0,0.23962,0.23859,0.23859,0.02400,1410,1
rs,10240,1280,2048,gpu,138,c_cublas,1,0.22528,0.22323,0.22426,0.03616,1410,1
rs,10240,1280,2048,gpu,138,A_gemmrs,2,0.33587,0.33280,0.33587,0.06514,1410,1
rs,10240,1280,2048,gpu,138,c_fluxgemm_only,0,0.23962,0.23859,0.23962,0.02313,1410,1
rs,10240,1280,2048,gpu,139,c_cublas,1,0.22426,0.22221,0.22323,0.03449,1410,1
rs,10240,1280,2048,gpu,139,A_gemmrs,0,0.32358,0.32154,0.32358,0.06610,1410,1
rs,10240,1280,2048,gpu,139,c_fluxgemm_only,2,0.24166,0.23962,0.24166,0.02303,1410,1
rs,10240,1280,2048,gpu,140,c_cublas,0,0.22323,0.22221,0.22323,0.03665,1410,1
rs,10240,1280,2048,gpu,140,A_gemmrs,2,0.34304,0.33997,0.34202,0.06266,1410,1
rs,10240,1280,2048,gpu,140,c_fluxgemm_only,1,0.23962,0.23757,0.23859,0.02362,1410,1
rs,10240,1280,2048,gpu,141,c_cublas,2,0.22323,0.22221,0.22221,0.03585,1410,1
rs,10240,1280,2048,gpu,141,A_gemmrs,0,0.32358,0.32154,0.32358,0.06379,1410,1
rs,10240,1280,2048,gpu,141,c_fluxgemm_only,1,0.23962,0.23859,0.23859,0.02099,1410,1
rs,10240,1280,2048,gpu,142,c_cublas,2,0.22426,0.22221,0.22221,0.11236,1410,1
rs,10240,1280,2048,gpu,142,A_gemmrs,1,0.31642,0.31334,0.31437,0.07606,1410,1
rs,10240,1280,2048,gpu,142,c_fluxgemm_only,0,0.23962,0.23757,0.23962,0.02395,1410,1
rs,10240,1280,2048,gpu,143,c_cublas,0,0.22426,0.22221,0.22323,0.03530,1410,1
rs,10240,1280,2048,gpu,143,A_gemmrs,1,0.31437,0.31130,0.31437,0.06580,1410,1
rs,10240,1280,2048,gpu,143,c_fluxgemm_only,2,0.24064,0.23962,0.23962,0.02140,1410,1
rs,10240,1280,2048,gpu,144,c_cublas,2,0.22323,0.22221,0.22323,0.03447,1410,1
rs,10240,1280,2048,gpu,144,A_gemmrs,1,0.37274,0.37069,0.37274,0.06271,1410,1
rs,10240,1280,2048,gpu,144,c_fluxgemm_only,0,0.23962,0.23757,0.23962,0.02232,1410,1
rs,10240,1280,2048,gpu,145,c_cublas,2,0.22323,0.22221,0.22221,0.03445,1410,1
rs,10240,1280,2048,gpu,145,A_gemmrs,1,0.33485,0.33178,0.33382,0.06369,1410,1
rs,10240,1280,2048,gpu,145,c_fluxgemm_only,0,0.24064,0.23757,0.23859,0.02381,1410,1
rs,10240,1280,2048,gpu,146,c_cublas,2,0.22323,0.22221,0.22221,0.03519,1410,1
rs,10240,1280,2048,gpu,146,A_gemmrs,0,0.31949,0.31437,0.31437,0.06629,1410,1
rs,10240,1280,2048,gpu,146,c_fluxgemm_only,1,0.24064,0.23859,0.23962,0.02202,1410,1
rs,10240,1280,2048,gpu,147,c_cublas,1,0.25088,0.22118,0.22221,0.03423,1410,1
rs,10240,1280,2048,gpu,147,A_gemmrs,0,0.35226,0.35021,0.35226,0.06749,1410,1
rs,10240,1280,2048,gpu,147,c_fluxgemm_only,2,0.24064,0.23962,0.23962,0.02339,1410,1
rs,10240,1280,2048,gpu,148,c_cublas,2,0.22426,0.22221,0.22221,0.03453,1410,1
rs,10240,1280,2048,gpu,148,A_gemmrs,1,0.32051,0.31949,0.31949,0.06396,1410,1
rs,10240,1280,2048,gpu,148,c_fluxgemm_only,0,0.23962,0.23859,0.23859,0.02174,1410,1
rs,10240,1280,2048,gpu,149,c_cublas,2,0.22323,0.22221,0.22221,0.03590,1410,1
rs,10240,1280,2048,gpu,149,A_gemmrs,0,0.31642,0.31232,0.31539,0.06840,1410,1
rs,10240,1280,2048,gpu,149,c_fluxgemm_only,1,0.24064,0.23859,0.23962,0.02270,1410,1
rs,10240,1280,2048,gpu,150,c_cublas,0,0.22323,0.22221,0.22221,0.03483,1410,1
rs,10240,1280,2048,gpu,150,A_gemmrs,2,0.37990,0.37581,0.37990,0.06386,1410,1
rs,10240,1280,2048,gpu,150,c_fluxgemm_only,1,0.24064,0.23962,0.23962,0.02374,1410,1
rs,10240,1280,2048,gpu,151,c_cublas,2,0.22426,0.22323,0.22323,0.03566,1410,1
rs,10240,1280,2048,gpu,151,A_gemmrs,0,0.31334,0.31027,0.31232,0.06502,1410,1
rs,10240,1280,2048,gpu,151,c_fluxgemm_only,1,0.24064,0.23859,0.23962,0.02110,1410,1
rs,10240,1280,2048,gpu,152,c_cublas,0,0.22221,0.22118,0.22221,0.03519,1410,1
rs,10240,1280,2048,gpu,152,A_gemmrs,2,0.33382,0.33178,0.33280,0.06322,1410,1
rs,10240,1280,2048,gpu,152,c_fluxgemm_only,1,0.24064,0.23757,0.23757,0.02385,1410,1
rs,10240,1280,2048,gpu,153,c_cublas,2,0.22323,0.22221,0.22323,0.13855,1410,1
rs,10240,1280,2048,gpu,153,A_gemmrs,0,1.38957,0.33690,1.38957,0.08847,1410,1
rs,10240,1280,2048,gpu,153,c_fluxgemm_only,1,0.24064,0.23859,0.23962,0.02157,1410,1
rs,10240,1280,2048,gpu,154,c_cublas,2,0.22426,0.22221,0.22221,0.03526,1410,1
rs,10240,1280,2048,gpu,154,A_gemmrs,0,0.33792,0.33485,0.33792,0.06645,1410,1
rs,10240,1280,2048,gpu,154,c_fluxgemm_only,1,0.23962,0.23757,0.23962,0.02209,1410,1
rs,10240,1280,2048,gpu,155,c_cublas,2,0.22426,0.22323,0.22426,0.03476,1410,1
rs,10240,1280,2048,gpu,155,A_gemmrs,1,0.31949,0.31642,0.31846,0.06296,1410,1
rs,10240,1280,2048,gpu,155,c_fluxgemm_only,0,0.24064,0.23962,0.24064,0.02360,1410,1
rs,10240,1280,2048,gpu,156,c_cublas,2,0.22323,0.22221,0.22323,0.03421,1410,1
rs,10240,1280,2048,gpu,156,A_gemmrs,1,0.37376,0.37171,0.37376,0.06349,1410,1
rs,10240,1280,2048,gpu,156,c_fluxgemm_only,0,0.23962,0.23757,0.23962,0.02461,1410,1
rs,10240,1280,2048,gpu,157,c_cublas,0,0.22323,0.22221,0.22221,0.03497,1410,1
rs,10240,1280,2048,gpu,157,A_gemmrs,1,0.31437,0.31232,0.31437,0.06731,1410,1
rs,10240,1280,2048,gpu,157,c_fluxgemm_only,2,0.23962,0.23962,0.23962,0.02154,1410,1
rs,10240,1280,2048,gpu,158,c_cublas,1,0.22528,0.22323,0.22323,0.03911,1410,1
rs,10240,1280,2048,gpu,158,A_gemmrs,2,0.33894,0.33587,0.33894,0.06563,1410,1
rs,10240,1280,2048,gpu,158,c_fluxgemm_only,0,0.24064,0.23859,0.23962,0.02619,1410,1
rs,10240,1280,2048,gpu,159,c_cublas,2,0.22426,0.22323,0.22323,0.03590,1410,1
rs,10240,1280,2048,gpu,159,A_gemmrs,0,0.33280,0.33075,0.33280,0.07001,1410,1
rs,10240,1280,2048,gpu,159,c_fluxgemm_only,1,0.23962,0.23859,0.23962,0.02172,1410,1
rs,10240,1280,2048,gpu,160,c_cublas,1,0.22426,0.22323,0.22323,0.03458,1410,1
rs,10240,1280,2048,gpu,160,A_gemmrs,0,0.32563,0.32358,0.32461,0.08278,1410,1
rs,10240,1280,2048,gpu,160,c_fluxgemm_only,2,0.24064,0.23859,0.23859,0.02378,1410,1
rs,10240,1280,2048,gpu,161,c_cublas,2,0.22426,0.22221,0.22323,0.03446,1410,1
rs,10240,1280,2048,gpu,161,A_gemmrs,1,0.32154,0.31846,0.32154,0.07759,1410,1
rs,10240,1280,2048,gpu,161,c_fluxgemm_only,0,0.23962,0.23757,0.23962,0.02245,1410,1
rs,10240,1280,2048,gpu,162,c_cublas,2,0.22323,0.22221,0.22323,0.03612,1410,1
rs,10240,1280,2048,gpu,162,A_gemmrs,0,0.32051,0.31744,0.32051,0.06656,1410,1
rs,10240,1280,2048,gpu,162,c_fluxgemm_only,1,0.24064,0.23859,0.24064,0.03321,1410,1
rs,10240,1280,2048,gpu,163,c_cublas,1,0.22323,0.22118,0.22221,0.03602,1410,1
rs,10240,1280,2048,gpu,163,A_gemmrs,2,0.37171,0.37069,0.37069,0.08708,1410,1
rs,10240,1280,2048,gpu,163,c_fluxgemm_only,0,0.24064,0.23962,0.23962,0.02455,1410,1
rs,10240,1280,2048,gpu,164,c_cublas,2,0.22323,0.22221,0.22221,0.04191,1410,1
rs,10240,1280,2048,gpu,164,A_gemmrs,0,0.67584,0.32768,0.32768,0.08394,1410,1
rs,10240,1280,2048,gpu,164,c_fluxgemm_only,1,0.24166,0.23962,0.24064,0.02146,1410,1
rs,10240,1280,2048,gpu,165,c_cublas,0,0.22323,0.22221,0.22221,0.03478,1410,1
rs,10240,1280,2048,gpu,165,A_gemmrs,1,0.35226,0.34918,0.35123,0.06594,1410,1
rs,10240,1280,2048,gpu,165,c_fluxgemm_only,2,0.24064,0.23859,0.24064,0.02195,1410,1
rs,10240,1280,2048,gpu,166,c_cublas,2,0.22426,0.22221,0.22221,0.03436,1410,1
rs,10240,1280,2048,gpu,166,A_gemmrs,1,0.32768,0.32461,0.32768,0.06300,1410,1
rs,10240,1280,2048,gpu,166,c_fluxgemm_only,0,0.23962,0.23757,0.23757,0.02878,1410,1
rs,10240,1280,2048,gpu,167,c_cublas,0,0.22528,0.22221,0.22323,0.03456,1410,1
rs,10240,1280,2048,gpu,167,A_gemmrs,1,0.32973,0.32768,0.32973,0.06624,1410,1
rs,10240,1280,2048,gpu,167,c_fluxgemm_only,2,0.24166,0.23962,0.24166,0.02188,1410,1
rs,10240,1280,2048,gpu,168,c_cublas,1,0.22630,0.22323,0.22426,0.03539,1410,1
rs,10240,1280,2048,gpu,168,A_gemmrs,0,0.33485,0.33178,0.33382,0.06471,1410,1
rs,10240,1280,2048,gpu,168,c_fluxgemm_only,2,0.23962,0.23859,0.23962,0.02394,1410,1
rs,10240,1280,2048,gpu,169,c_cublas,0,0.22323,0.22118,0.22221,0.03510,1410,1
rs,10240,1280,2048,gpu,169,A_gemmrs,1,0.31232,0.31027,0.31232,0.07919,1410,1
rs,10240,1280,2048,gpu,169,c_fluxgemm_only,2,0.23962,0.23859,0.23962,0.02248,1410,1
rs,10240,1280,2048,gpu,170,c_cublas,0,0.22323,0.22221,0.22221,0.03680,1410,1
rs,10240,1280,2048,gpu,170,A_gemmrs,2,0.36762,0.36557,0.36762,0.07683,1410,1
rs,10240,1280,2048,gpu,170,c_fluxgemm_only,1,0.24064,0.23859,0.24064,0.02350,1410,1
rs,10240,1280,2048,gpu,171,c_cublas,2,0.22426,0.22323,0.22426,0.04230,1410,1
rs,10240,1280,2048,gpu,171,A_gemmrs,0,0.33792,0.32973,0.33690,0.06291,1410,1
rs,10240,1280,2048,gpu,171,c_fluxgemm_only,1,0.24064,0.23859,0.23962,0.02167,1410,1
rs,10240,1280,2048,gpu,172,c_cublas,2,0.22426,0.22221,0.22323,0.04706,1410,1
rs,10240,1280,2048,gpu,172,A_gemmrs,0,0.35226,0.34714,0.35123,0.06797,1410,1
rs,10240,1280,2048,gpu,172,c_fluxgemm_only,1,0.24064,0.23962,0.24064,0.02175,1410,1
rs,10240,1280,2048,gpu,173,c_cublas,2,0.22323,0.22221,0.22221,0.03415,1410,1
rs,10240,1280,2048,gpu,173,A_gemmrs,1,0.32768,0.32563,0.32768,0.06336,1410,1
rs,10240,1280,2048,gpu,173,c_fluxgemm_only,0,0.23962,0.23757,0.23962,0.02376,1410,1
rs,10240,1280,2048,gpu,174,c_cublas,2,0.22323,0.22221,0.22323,0.03583,1410,1
rs,10240,1280,2048,gpu,174,A_gemmrs,0,0.33690,0.33178,0.33587,0.06631,1410,1
rs,10240,1280,2048,gpu,174,c_fluxgemm_only,1,0.24064,0.23859,0.23859,0.02166,1410,1
rs,10240,1280,2048,gpu,175,c_cublas,1,0.22426,0.22221,0.22221,0.03507,1410,1
rs,10240,1280,2048,gpu,175,A_gemmrs,2,0.31949,0.31744,0.31949,0.06529,1410,1
rs,10240,1280,2048,gpu,175,c_fluxgemm_only,0,0.24166,0.23962,0.24064,0.02351,1410,1
rs,10240,1280,2048,gpu,176,c_cublas,0,0.22426,0.22221,0.22323,0.03638,1410,1
rs,10240,1280,2048,gpu,176,A_gemmrs,1,0.32461,0.32051,0.32256,0.06548,1410,1
rs,10240,1280,2048,gpu,176,c_fluxgemm_only,2,0.24064,0.23859,0.24064,0.02163,1410,1
rs,10240,1280,2048,gpu,177,c_cublas,0,0.22426,0.22221,0.22221,0.03671,1410,1
rs,10240,1280,2048,gpu,177,A_gemmrs,1,0.37069,0.36659,0.36966,0.06451,1410,1
rs,10240,1280,2048,gpu,177,c_fluxgemm_only,2,0.24064,0.23757,0.23962,0.02164,1410,1
rs,10240,1280,2048,gpu,178,c_cublas,0,0.22426,0.22221,0.22221,0.03651,1410,1
rs,10240,1280,2048,gpu,178,A_gemmrs,2,0.35840,0.35533,0.35840,0.06199,1410,1
rs,10240,1280,2048,gpu,178,c_fluxgemm_only,1,0.24064,0.23859,0.24064,0.02332,1410,1
rs,10240,1280,2048,gpu,179,c_cublas,0,0.22426,0.22323,0.22323,0.03644,1410,1
rs,10240,1280,2048,gpu,179,A_gemmrs,1,0.31334,0.31130,0.31334,0.06497,1410,1
rs,10240,1280,2048,gpu,179,c_fluxgemm_only,2,0.24166,0.23962,0.24064,0.02164,1410,1
rs,10240,1280,2048,gpu,180,c_cublas,1,0.22426,0.22221,0.22221,0.03644,1410,1
rs,10240,1280,2048,gpu,180,A_gemmrs,2,0.33382,0.32973,0.33382,0.06459,1410,1
rs,10240,1280,2048,gpu,180,c_fluxgemm_only,0,0.23962,0.23757,0.23859,0.02229,1410,1
rs,10240,1280,2048,gpu,181,c_cublas,2,0.22426,0.22221,0.22221,0.03487,1410,1
rs,10240,1280,2048,gpu,181,A_gemmrs,1,0.31846,0.31437,0.31642,0.06170,1410,1
rs,10240,1280,2048,gpu,181,c_fluxgemm_only,0,0.24064,0.23859,0.23962,0.02352,1410,1
rs,10240,1280,2048,gpu,182,c_cublas,1,0.22528,0.22323,0.22323,0.03630,1410,1
rs,10240,1280,2048,gpu,182,A_gemmrs,2,0.32051,0.31846,0.32051,0.06521,1410,1
rs,10240,1280,2048,gpu,182,c_fluxgemm_only,0,0.23962,0.23757,0.23962,0.02377,1410,1
rs,10240,1280,2048,gpu,183,c_cublas,2,0.22528,0.22323,0.22426,0.08997,1410,1
rs,10240,1280,2048,gpu,183,A_gemmrs,0,0.31949,0.31744,0.31949,0.06522,1410,1
rs,10240,1280,2048,gpu,183,c_fluxgemm_only,1,0.24064,0.23859,0.23962,0.02152,1410,1
rs,10240,1280,2048,gpu,184,c_cublas,2,0.22426,0.22221,0.22221,0.03685,1410,1
rs,10240,1280,2048,gpu,184,A_gemmrs,0,0.36966,0.36659,0.36966,0.06927,1410,1
rs,10240,1280,2048,gpu,184,c_fluxgemm_only,1,0.24166,0.23962,0.24064,0.02325,1410,1
rs,10240,1280,2048,gpu,185,c_cublas,2,0.22426,0.22221,0.22221,0.03523,1410,1
rs,10240,1280,2048,gpu,185,A_gemmrs,0,0.33690,0.33178,0.33382,0.06697,1410,1
rs,10240,1280,2048,gpu,185,c_fluxgemm_only,1,0.23962,0.23859,0.23962,0.02167,1410,1
rs,10240,1280,2048,gpu,186,c_cublas,2,0.22426,0.22221,0.22323,0.03417,1410,1
rs,10240,1280,2048,gpu,186,A_gemmrs,1,0.31437,0.31130,0.31334,0.06466,1410,1
rs,10240,1280,2048,gpu,186,c_fluxgemm_only,0,0.23962,0.23757,0.23962,0.02388,1410,1
rs,10240,1280,2048,gpu,187,c_cublas,2,0.22426,0.22323,0.22426,0.03583,1410,1
rs,10240,1280,2048,gpu,187,A_gemmrs,0,0.35123,0.34918,0.35021,0.08151,1410,1
rs,10240,1280,2048,gpu,187,c_fluxgemm_only,1,0.23962,0.23859,0.23859,0.02174,1410,1
rs,10240,1280,2048,gpu,188,c_cublas,0,0.22323,0.22221,0.22221,0.03530,1410,1
rs,10240,1280,2048,gpu,188,A_gemmrs,2,0.31437,0.31232,0.31334,0.06385,1410,1
rs,10240,1280,2048,gpu,188,c_fluxgemm_only,1,0.24064,0.23859,0.23859,0.02403,1410,1
rs,10240,1280,2048,gpu,189,c_cublas,1,0.22426,0.22221,0.22221,0.03603,1410,1
rs,10240,1280,2048,gpu,189,A_gemmrs,0,0.33075,0.32563,0.33075,0.06397,1410,1
rs,10240,1280,2048,gpu,189,c_fluxgemm_only,2,0.24064,0.23757,0.23962,0.02364,1410,1
rs,10240,1280,2048,gpu,190,c_cublas,1,0.22426,0.22323,0.22323,0.03641,1410,1
rs,10240,1280,2048,gpu,190,A_gemmrs,2,0.37376,0.37171,0.37274,0.07832,1410,1
rs,10240,1280,2048,gpu,190,c_fluxgemm_only,0,0.23962,0.23757,0.23962,0.02196,1410,1
rs,10240,1280,2048,gpu,191,c_cublas,2,0.22528,0.22323,0.22426,0.03542,1410,1
rs,10240,1280,2048,gpu,191,A_gemmrs,1,0.33382,0.32768,0.33280,0.06821,1410,1
rs,10240,1280,2048,gpu,191,c_fluxgemm_only,0,0.24166,0.23962,0.23962,0.02263,1410,1
rs,10240,1280,2048,gpu,192,c_cublas,1,0.22323,0.22118,0.22221,0.03525,1410,1
rs,10240,1280,2048,gpu,192,A_gemmrs,2,0.31437,0.31232,0.31334,0.07222,1410,1
rs,10240,1280,2048,gpu,192,c_fluxgemm_only,0,0.24064,0.23859,0.23962,0.02389,1410,1
rs,10240,1280,2048,gpu,193,c_cublas,2,0.22426,0.22221,0.22221,0.04768,1410,1
rs,10240,1280,2048,gpu,193,A_gemmrs,0,0.43725,0.33485,0.43622,0.07853,1410,1
rs,10240,1280,2048,gpu,193,c_fluxgemm_only,1,0.24166,0.23859,0.23962,0.02666,1410,1
rs,10240,1280,2048,gpu,194,c_cublas,2,0.22426,0.22221,0.22221,0.03570,1410,1
rs,10240,1280,2048,gpu,194,A_gemmrs,1,0.33485,0.33178,0.33382,0.06355,1410,1
rs,10240,1280,2048,gpu,194,c_fluxgemm_only,0,0.23962,0.23757,0.23962,0.02349,1410,1
rs,10240,1280,2048,gpu,195,c_cublas,1,0.22323,0.22221,0.22221,0.03585,1410,1
rs,10240,1280,2048,gpu,195,A_gemmrs,2,0.31949,0.31744,0.31846,0.08171,1410,1
rs,10240,1280,2048,gpu,195,c_fluxgemm_only,0,0.24166,0.24064,0.24166,0.02438,1410,1
rs,10240,1280,2048,gpu,196,c_cublas,1,0.22426,0.22221,0.22221,0.03605,1410,1
rs,10240,1280,2048,gpu,196,A_gemmrs,2,0.34304,0.33997,0.34099,0.06373,1410,1
rs,10240,1280,2048,gpu,196,c_fluxgemm_only,0,0.24064,0.23757,0.24064,0.02292,1410,1
rs,10240,1280,2048,gpu,197,c_cublas,1,0.22426,0.22221,0.22323,0.03422,1410,1
rs,10240,1280,2048,gpu,197,A_gemmrs,0,0.37376,0.37069,0.37376,0.06469,1410,1
rs,10240,1280,2048,gpu,197,c_fluxgemm_only,2,0.24064,0.23859,0.24064,0.02363,1410,1
rs,10240,1280,2048,gpu,198,c_cublas,1,0.22323,0.22221,0.22323,0.03418,1410,1
rs,10240,1280,2048,gpu,198,A_gemmrs,0,1.21446,0.34202,1.21344,0.09012,1410,1
rs,10240,1280,2048,gpu,198,c_fluxgemm_only,2,0.23962,0.23757,0.23962,0.02320,1410,1
rs,10240,1280,2048,gpu,199,c_cublas,1,0.22323,0.22221,0.22323,0.03626,1410,1
rs,10240,1280,2048,gpu,199,A_gemmrs,2,0.32563,0.32358,0.32461,0.06490,1410,1
rs,10240,1280,2048,gpu,199,c_fluxgemm_only,0,0.24166,0.23859,0.24166,0.02222,1410,1
rs,10240,1280,2048,steady,0,c_cublas,1,0.23840,0.23238,0.23840,0.02316,0,1
rs,10240,1280,2048,steady,0,A_gemmrs,0,0.34848,0.33517,0.34842,0.06320,0,1
rs,10240,1280,2048,steady,0,c_fluxgemm_only,2,0.25645,0.25056,0.25645,0.01957,0,1
rs,10240,1280,2048,steady,1,c_cublas,1,0.23757,0.23187,0.23757,0.02458,0,1
rs,10240,1280,2048,steady,1,A_gemmrs,0,0.33037,0.32794,0.32794,0.06083,0,1
rs,10240,1280,2048,steady,1,c_fluxgemm_only,2,0.25626,0.25082,0.25626,0.02170,0,1
rs,10240,1280,2048,steady,2,c_cublas,2,0.23757,0.23181,0.23757,0.02457,0,1
rs,10240,1280,2048,steady,2,A_gemmrs,0,0.33677,0.33466,0.33466,0.06067,0,1
rs,10240,1280,2048,steady,2,c_fluxgemm_only,1,0.25638,0.25094,0.25638,0.02136,0,1
rs,10240,1280,2048,steady,3,c_cublas,0,0.23891,0.23187,0.23891,0.02475,0,1
rs,10240,1280,2048,steady,3,A_gemmrs,1,0.33728,0.33715,0.33728,0.06113,0,1
rs,10240,1280,2048,steady,3,c_fluxgemm_only,2,0.25613,0.25094,0.25562,0.02087,0,1
rs,10240,1280,2048,steady,4,c_cublas,0,0.23910,0.23187,0.23878,0.02435,0,1
rs,10240,1280,2048,steady,4,A_gemmrs,1,0.32768,0.32749,0.32768,0.06142,0,1
rs,10240,1280,2048,steady,4,c_fluxgemm_only,2,0.25574,0.25069,0.25562,0.02157,0,1
rs,10240,1280,2048,steady,5,c_cublas,1,0.23744,0.23238,0.23661,0.02501,0,1
rs,10240,1280,2048,steady,5,A_gemmrs,0,0.33645,0.33453,0.33453,0.06018,0,1
rs,10240,1280,2048,steady,5,c_fluxgemm_only,2,0.25594,0.25069,0.25555,0.02115,0,1
rs,10240,1280,2048,steady,6,c_cublas,1,0.23962,0.23251,0.23962,0.02437,0,1
rs,10240,1280,2048,steady,6,A_gemmrs,0,0.33133,0.32954,0.32954,0.06121,0,1
rs,10240,1280,2048,steady,6,c_fluxgemm_only,2,0.25830,0.25088,0.25830,0.02160,0,1
rs,10240,1280,2048,steady,7,c_cublas,2,0.23981,0.23238,0.23981,0.02440,0,1
rs,10240,1280,2048,steady,7,A_gemmrs,1,0.33907,0.33894,0.33907,0.06045,0,1
rs,10240,1280,2048,steady,7,c_fluxgemm_only,0,0.25971,0.25075,0.25971,0.01979,0,1
rs,10240,1280,2048,steady,8,c_cublas,0,0.24166,0.23258,0.24166,0.02430,0,1
rs,10240,1280,2048,steady,8,A_gemmrs,1,0.33082,0.33069,0.33082,0.06025,0,1
rs,10240,1280,2048,steady,8,c_fluxgemm_only,2,0.25843,0.25069,0.25843,0.02104,0,1
rs,10240,1280,2048,steady,9,c_cublas,1,0.23968,0.23226,0.23968,0.02440,0,1
rs,10240,1280,2048,steady,9,A_gemmrs,0,0.33914,0.33722,0.33722,0.06033,0,1
rs,10240,1280,2048,steady,9,c_fluxgemm_only,2,0.25830,0.25069,0.25830,0.01759,0,1
rs,10240,1280,2048,steady,10,c_cublas,0,0.24186,0.23226,0.24186,0.02471,1290,1
rs,10240,1280,2048,steady,10,A_gemmrs,2,0.33690,0.33670,0.33690,0.06135,1290,1
rs,10240,1280,2048,steady,10,c_fluxgemm_only,1,0.25830,0.25069,0.25830,0.02025,1290,1
rs,10240,1280,2048,steady,11,c_cublas,1,0.23968,0.23238,0.23968,0.02469,1290,1
rs,10240,1280,2048,steady,11,A_gemmrs,2,0.33056,0.33037,0.33050,0.06109,1290,1
rs,10240,1280,2048,steady,11,c_fluxgemm_only,0,0.26016,0.25158,0.26016,0.02104,1290,1
rs,10240,1280,2048,steady,12,c_cublas,1,0.23968,0.23219,0.23968,0.02430,1290,1
rs,10240,1280,2048,steady,12,A_gemmrs,0,0.35078,0.34816,0.34816,0.06103,1290,1
rs,10240,1280,2048,steady,12,c_fluxgemm_only,2,0.25843,0.25030,0.25843,0.02161,1290,1
rs,10240,1280,2048,steady,13,c_cublas,0,0.24179,0.23117,0.24179,0.02417,1290,1
rs,10240,1280,2048,steady,13,A_gemmrs,2,0.33754,0.33728,0.33741,0.06034,1290,1
rs,10240,1280,2048,steady,13,c_fluxgemm_only,1,0.25862,0.25005,0.25862,0.01868,1290,1
rs,10240,1280,2048,steady,14,c_cublas,2,0.23949,0.23104,0.23949,0.02452,1290,1
rs,10240,1280,2048,steady,14,A_gemmrs,0,0.33427,0.33203,0.33203,0.06109,1290,1
rs,10240,1280,2048,steady,14,c_fluxgemm_only,1,0.25843,0.25018,0.25843,0.02103,1290,1
rs,10240,1280,2048,steady,15,c_cublas,2,0.23981,0.23238,0.23981,0.01367,1290,1
rs,10240,1280,2048,steady,15,A_gemmrs,1,0.34048,0.34035,0.34048,0.03558,1290,1
rs,10240,1280,2048,steady,15,c_fluxgemm_only,0,0.25997,0.25024,0.25997,0.01274,1290,1
rs,10240,1280,2048,steady,16,c_cublas,2,0.23968,0.23238,0.23968,0.01355,1290,1
rs,10240,1280,2048,steady,16,A_gemmrs,0,0.33094,0.33037,0.33037,0.03456,1290,1
rs,10240,1280,2048,steady,16,c_fluxgemm_only,1,0.25837,0.25088,0.25837,0.01343,1290,1
rs,10240,1280,2048,steady,17,c_cublas,0,0.24166,0.23232,0.24166,0.01435,1290,1
rs,10240,1280,2048,steady,17,A_gemmrs,2,0.33869,0.33856,0.33869,0.03451,1290,1
rs,10240,1280,2048,steady,17,c_fluxgemm_only,1,0.25850,0.25069,0.25850,0.01234,1290,1
rs,10240,1280,2048,steady,18,c_cublas,2,0.23974,0.23232,0.23974,0.01332,1290,1
rs,10240,1280,2048,steady,18,A_gemmrs,1,0.32973,0.32954,0.32966,0.03531,1290,1
rs,10240,1280,2048,steady,18,c_fluxgemm_only,0,0.25939,0.25165,0.25939,0.01225,1290,1
rs,10240,1280,2048,steady,19,c_cublas,0,0.24102,0.23238,0.24102,0.01347,1290,1
rs,10240,1280,2048,steady,19,A_gemmrs,2,0.33914,0.33894,0.33901,0.03502,1290,1
rs,10240,1280,2048,steady,19,c_fluxgemm_only,1,0.25843,0.25075,0.25843,0.01233,1290,1
rs,10240,1280,2048,steady,20,c_cublas,1,0.23968,0.23226,0.23968,0.01344,1290,1
rs,10240,1280,2048,steady,20,A_gemmrs,0,0.33261,0.33203,0.33248,0.03507,1290,1
rs,10240,1280,2048,steady,20,c_fluxgemm_only,2,0.25862,0.25075,0.25862,0.01324,1290,1
rs,10240,1280,2048,steady,21,c_cublas,0,0.23974,0.23238,0.23974,0.01343,1290,1
rs,10240,1280,2048,steady,21,A_gemmrs,2,0.34227,0.34214,0.34227,0.03426,1290,1
rs,10240,1280,2048,steady,21,c_fluxgemm_only,1,0.25766,0.25056,0.25555,0.01258,1290,1
rs,10240,1280,2048,steady,22,c_cublas,0,0.23910,0.23398,0.23821,0.01343,1290,1
rs,10240,1280,2048,steady,22,A_gemmrs,1,0.33024,0.32966,0.33018,0.03774,1290,1
rs,10240,1280,2048,steady,22,c_fluxgemm_only,2,0.25619,0.25069,0.25549,0.01198,1290,1
rs,10240,1280,2048,steady,23,c_cublas,2,0.23808,0.23258,0.23674,0.01342,1290,1
rs,10240,1280,2048,steady,23,A_gemmrs,0,0.35053,0.34938,0.35040,0.03627,1290,1
rs,10240,1280,2048,steady,23,c_fluxgemm_only,1,0.25638,0.25082,0.25542,0.01205,1290,1
rs,10240,1280,2048,steady,24,c_cublas,2,0.23802,0.23219,0.23674,0.01349,1290,1
rs,10240,1280,2048,steady,24,A_gemmrs,0,0.33299,0.33267,0.33299,0.03757,1290,1
rs,10240,1280,2048,steady,24,c_fluxgemm_only,1,0.25613,0.25069,0.25562,0.01212,1290,1
rs,10240,1280,2048,steady,25,c_cublas,0,0.23885,0.23232,0.23693,0.01348,1290,1
rs,10240,1280,2048,steady,25,A_gemmrs,2,0.34374,0.34355,0.34368,0.03528,1290,1
rs,10240,1280,2048,steady,25,c_fluxgemm_only,1,0.25619,0.25069,0.25549,0.01242,1290,1
rs,10240,1280,2048,steady,26,c_cublas,1,0.23808,0.23245,0.23648,0.01926,1290,1
rs,10240,1280,2048,steady,26,A_gemmrs,0,0.33280,0.33190,0.33274,0.03550,1290,1
rs,10240,1280,2048,steady,26,c_fluxgemm_only,2,0.25664,0.25101,0.25555,0.01287,1290,1
rs,10240,1280,2048,steady,27,c_cublas,1,0.23789,0.23245,0.23674,0.01342,1290,1
rs,10240,1280,2048,steady,27,A_gemmrs,2,0.33990,0.33901,0.33978,0.03527,1290,1
rs,10240,1280,2048,steady,27,c_fluxgemm_only,0,0.25606,0.25056,0.25587,0.01201,1290,1
rs,10240,1280,2048,steady,28,c_cublas,1,0.23795,0.23232,0.23693,0.01610,1290,1
rs,10240,1280,2048,steady,28,A_gemmrs,2,0.33050,0.33024,0.33050,0.03495,1290,1
rs,10240,1280,2048,steady,28,c_fluxgemm_only,0,0.25728,0.25075,0.25728,0.01304,1290,1
rs,10240,1280,2048,steady,29,c_cublas,1,0.24083,0.23232,0.24083,0.01327,1290,1
rs,10240,1280,2048,steady,29,A_gemmrs,0,0.35136,0.35085,0.35130,0.03526,1290,1
rs,10240,1280,2048,steady,29,c_fluxgemm_only,2,0.25926,0.25088,0.25926,0.01235,1290,1
rs,10240,1280,2048,steady,30,c_cublas,2,0.24083,0.23232,0.24083,0.01333,1290,1
rs,10240,1280,2048,steady,30,A_gemmrs,1,0.33997,0.33978,0.33984,0.03525,1290,1
rs,10240,1280,2048,steady,30,c_fluxgemm_only,0,0.25946,0.25094,0.25946,0.01198,1290,1
rs,10240,1280,2048,steady,31,c_cublas,2,0.24096,0.23238,0.24096,0.01344,1290,1
rs,10240,1280,2048,steady,31,A_gemmrs,0,0.33190,0.33158,0.33158,0.03447,1290,1
rs,10240,1280,2048,steady,31,c_fluxgemm_only,1,0.25926,0.25088,0.25926,0.01331,1290,1
rs,10240,1280,2048,steady,32,c_cublas,2,0.24083,0.23226,0.24083,0.01452,1290,1
rs,10240,1280,2048,steady,32,A_gemmrs,1,0.33952,0.33926,0.33952,0.03416,1290,1
rs,10240,1280,2048,steady,32,c_fluxgemm_only,0,0.26029,0.25062,0.26029,0.01402,1290,1
rs,10240,1280,2048,steady,33,c_cublas,1,0.24083,0.23251,0.24083,0.01333,1290,1
rs,10240,1280,2048,steady,33,A_gemmrs,0,0.33229,0.33210,0.33216,0.03567,1290,1
rs,10240,1280,2048,steady,33,c_fluxgemm_only,2,0.25926,0.25082,0.25926,0.01225,1290,1
rs,10240,1280,2048,steady,34,c_cublas,0,0.24205,0.23245,0.24205,0.01349,1290,1
rs,10240,1280,2048,steady,34,A_gemmrs,1,0.34048,0.34016,0.34035,0.03618,1290,1
rs,10240,1280,2048,steady,34,c_fluxgemm_only,2,0.26259,0.25062,0.25946,0.01216,1290,1
rs,10240,1280,2048,steady,35,c_cublas,1,0.25165,0.23238,0.24083,0.01442,1290,1
rs,10240,1280,2048,steady,35,A_gemmrs,0,0.33965,0.33933,0.33958,0.03413,1290,1
rs,10240,1280,2048,steady,35,c_fluxgemm_only,2,0.27059,0.25555,0.25984,0.01275,1290,1
rs,10240,1280,2048,steady,36,c_cublas,2,0.25498,0.23782,0.24352,0.01531,1290,1
rs,10240,1280,2048,steady,36,A_gemmrs,1,0.34976,0.34957,0.34970,0.03391,1290,1
rs,10240,1280,2048,steady,36,c_fluxgemm_only,0,0.27072,0.25613,0.26234,0.01223,1290,1
rs,10240,1280,2048,steady,37,c_cublas,0,0.25606,0.23776,0.24365,0.01358,1275,1
rs,10240,1280,2048,steady,37,A_gemmrs,1,0.35398,0.35386,0.35392,0.03559,1275,1
rs,10240,1280,2048,steady,37,c_fluxgemm_only,2,0.27379,0.25613,0.26240,0.01228,1275,1
rs,10240,1280,2048,steady,38,c_cublas,0,0.25414,0.23776,0.24346,0.01501,1275,1
rs,10240,1280,2048,steady,38,A_gemmrs,1,0.34835,0.34816,0.34835,0.03637,1275,1
rs,10240,1280,2048,steady,38,c_fluxgemm_only,2,0.27046,0.25306,0.26067,0.01279,1275,1
rs,10240,1280,2048,steady,39,c_cublas,0,0.25261,0.23462,0.24064,0.01353,1230,0
rs,10240,1280,2048,steady,39,A_gemmrs,2,0.34899,0.34886,0.34899,0.03551,1230,0
rs,10240,1280,2048,steady,39,c_fluxgemm_only,1,0.27072,0.25318,0.25926,0.01231,1230,0
rs,10240,1280,2048,steady,40,c_cublas,2,0.24870,0.23469,0.23667,0.01341,1230,0
rs,10240,1280,2048,steady,40,A_gemmrs,0,0.34138,0.34074,0.34138,0.03516,1230,0
rs,10240,1280,2048,steady,40,c_fluxgemm_only,1,0.26752,0.25312,0.25600,0.01210,1230,0
rs,10240,1280,2048,steady,41,c_cublas,2,0.24582,0.23386,0.23674,0.01334,1230,0
rs,10240,1280,2048,steady,41,A_gemmrs,1,0.34490,0.34477,0.34483,0.03508,1230,0
rs,10240,1280,2048,steady,41,c_fluxgemm_only,0,0.26502,0.25331,0.25555,0.01222,1230,0
rs,10240,1280,2048,steady,42,c_cublas,0,0.24685,0.23347,0.23667,0.01322,1230,0
rs,10240,1280,2048,steady,42,A_gemmrs,2,0.34080,0.34061,0.34080,0.03515,1230,0
rs,10240,1280,2048,steady,42,c_fluxgemm_only,1,0.26285,0.25261,0.25555,0.01232,1230,0
rs,10240,1280,2048,steady,43,c_cublas,0,0.24461,0.23514,0.23840,0.01349,1230,0
rs,10240,1280,2048,steady,43,A_gemmrs,2,0.33197,0.33184,0.33197,0.03404,1230,0
rs,10240,1280,2048,steady,43,c_fluxgemm_only,1,0.26163,0.25267,0.25549,0.01244,1230,0
rs,10240,1280,2048,steady,44,c_cublas,0,0.24435,0.23501,0.23821,0.01349,1230,0
rs,10240,1280,2048,steady,44,A_gemmrs,1,0.34022,0.34003,0.34022,0.03620,1230,0
rs,10240,1280,2048,steady,44,c_fluxgemm_only,2,0.26157,0.25107,0.25574,0.01205,1230,0
rs,10240,1280,2048,steady,45,c_cublas,1,0.24006,0.23238,0.23661,0.01360,1230,0
rs,10240,1280,2048,steady,45,A_gemmrs,2,0.33952,0.33933,0.33946,0.03520,1230,0
rs,10240,1280,2048,steady,45,c_fluxgemm_only,0,0.26170,0.25082,0.25555,0.01306,1230,0
rs,10240,1280,2048,steady,46,c_cublas,2,0.24109,0.23424,0.23667,0.01343,1275,1
rs,10240,1280,2048,steady,46,A_gemmrs,1,0.32922,0.32902,0.32922,0.03424,1275,1
rs,10240,1280,2048,steady,46,c_fluxgemm_only,0,0.25894,0.25338,0.25638,0.01234,1275,1
rs,10240,1280,2048,steady,47,c_cublas,2,0.24109,0.23200,0.23674,0.01351,1290,1
rs,10240,1280,2048,steady,47,A_gemmrs,0,0.35072,0.35053,0.35072,0.03434,1290,1
rs,10240,1280,2048,steady,47,c_fluxgemm_only,1,0.25958,0.25274,0.25549,0.01314,1290,1
rs,10240,1280,2048,steady,48,c_cublas,1,0.24090,0.23174,0.23661,0.01371,1290,1
rs,10240,1280,2048,steady,48,A_gemmrs,2,0.34022,0.34003,0.34016,0.03516,1290,1
rs,10240,1280,2048,steady,48,c_fluxgemm_only,0,0.26061,0.25094,0.25664,0.01255,1290,1
rs,10240,1280,2048,steady,49,c_cublas,1,0.24096,0.23187,0.23667,0.01439,1290,1
rs,10240,1280,2048,steady,49,A_gemmrs,0,0.33312,0.33210,0.33235,0.03398,1290,1
rs,10240,1280,2048,steady,49,c_fluxgemm_only,2,0.25926,0.25075,0.25574,0.01216,1290,1
rs,10240,1280,8192,gpu,0,c_cublas,1,0.88678,0.86528,0.87245,0.03959,0,1
rs,10240,1280,8192,gpu,0,A_gemmrs,2,1.18784,1.18272,1.18579,0.07083,0,1
rs,10240,1280,8192,gpu,0,c_fluxgemm_only,0,0.93184,0.91136,0.91853,0.02507,0,1
rs,10240,1280,8192,gpu,1,c_cublas,0,0.88474,0.86528,0.87245,0.03824,0,1
rs,10240,1280,8192,gpu,1,A_gemmrs,2,1.15917,1.15405,1.15814,0.06330,0,1
rs,10240,1280,8192,gpu,1,c_fluxgemm_only,1,0.92774,0.91034,0.91750,0.02322,0,1
rs,10240,1280,8192,gpu,2,c_cublas,2,0.88269,0.86630,0.87245,0.03722,0,1
rs,10240,1280,8192,gpu,2,A_gemmrs,1,1.15814,1.14995,1.15712,0.06097,0,1
rs,10240,1280,8192,gpu,2,c_fluxgemm_only,0,0.92570,0.91136,0.91750,0.02285,0,1
rs,10240,1280,8192,gpu,3,c_cublas,2,0.87552,0.86426,0.87245,0.05856,0,1
rs,10240,1280,8192,gpu,3,A_gemmrs,1,1.08544,1.08237,1.08442,0.06312,0,1
rs,10240,1280,8192,gpu,3,c_fluxgemm_only,0,0.92774,0.91136,0.91853,0.02320,0,1
rs,10240,1280,8192,gpu,4,c_cublas,2,0.87757,0.86528,0.87450,0.04279,0,1
rs,10240,1280,8192,gpu,4,A_gemmrs,1,1.14381,1.13869,1.13971,0.06286,0,1
rs,10240,1280,8192,gpu,4,c_fluxgemm_only,0,0.92262,0.91136,0.91955,0.02315,0,1
rs,10240,1280,8192,gpu,5,c_cublas,2,0.87654,0.86528,0.87347,0.03751,0,1
rs,10240,1280,8192,gpu,5,A_gemmrs,0,1.10490,1.10285,1.10387,0.06756,0,1
rs,10240,1280,8192,gpu,5,c_fluxgemm_only,1,0.92262,0.91238,0.91853,0.02075,0,1
rs,10240,1280,8192,gpu,6,c_cublas,2,0.87552,0.86528,0.87245,0.03672,0,1
rs,10240,1280,8192,gpu,6,A_gemmrs,0,1.13664,1.13152,1.13459,0.07838,0,1
rs,10240,1280,8192,gpu,6,c_fluxgemm_only,1,0.92262,0.91238,0.91853,0.02088,0,1
rs,10240,1280,8192,gpu,7,c_cublas,1,0.87552,0.86528,0.87142,0.03623,0,1
rs,10240,1280,8192,gpu,7,A_gemmrs,0,1.10182,1.09568,1.10182,0.06643,0,1
rs,10240,1280,8192,gpu,7,c_fluxgemm_only,2,0.92160,0.91238,0.91853,0.02205,0,1
rs,10240,1280,8192,gpu,8,c_cublas,0,0.87757,0.86630,0.87450,0.03833,0,1
rs,10240,1280,8192,gpu,8,A_gemmrs,2,1.14688,1.13562,1.14586,0.06701,0,1
rs,10240,1280,8192,gpu,8,c_fluxgemm_only,1,0.92058,0.91136,0.91750,0.02233,0,1
rs,10240,1280,8192,gpu,9,c_cublas,1,0.87757,0.86733,0.87347,0.03549,0,1
rs,10240,1280,8192,gpu,9,A_gemmrs,0,1.08954,1.08544,1.08851,0.06559,0,1
rs,10240,1280,8192,gpu,9,c_fluxgemm_only,2,0.92160,0.91034,0.91750,0.02198,0,1
rs,10240,1280,8192,gpu,10,c_cublas,1,0.87552,0.86528,0.87245,0.03786,0,1
rs,10240,1280,8192,gpu,10,A_gemmrs,2,1.12742,1.12026,1.12230,0.07348,0,1
rs,10240,1280,8192,gpu,10,c_fluxgemm_only,0,0.92262,0.91034,0.91648,0.02172,0,1
rs,10240,1280,8192,gpu,11,c_cublas,0,0.87654,0.86426,0.87142,0.03797,0,1
rs,10240,1280,8192,gpu,11,A_gemmrs,1,1.09568,1.08851,1.09568,0.06788,0,1
rs,10240,1280,8192,gpu,11,c_fluxgemm_only,2,0.92160,0.91136,0.91853,0.02055,0,1
rs,10240,1280,8192,gpu,12,c_cublas,2,0.87757,0.86630,0.87245,0.04068,0,1
rs,10240,1280,8192,gpu,12,A_gemmrs,1,1.17555,1.16634,1.17146,0.06313,0,1
rs,10240,1280,8192,gpu,12,c_fluxgemm_only,0,0.92262,0.91136,0.91853,0.02135,0,1
rs,10240,1280,8192,gpu,13,c_cublas,0,0.87552,0.86528,0.87245,0.03673,0,1
rs,10240,1280,8192,gpu,13,A_gemmrs,1,1.09978,1.09568,1.09978,0.06575,0,1
rs,10240,1280,8192,gpu,13,c_fluxgemm_only,2,0.92160,0.91238,0.91750,0.02085,0,1
rs,10240,1280,8192,gpu,14,c_cublas,1,0.87654,0.86528,0.87245,0.03826,0,1
rs,10240,1280,8192,gpu,14,A_gemmrs,2,1.13971,1.13050,1.13869,0.06492,0,1
rs,10240,1280,8192,gpu,14,c_fluxgemm_only,0,0.92160,0.91034,0.91853,0.02162,0,1
rs,10240,1280,8192,gpu,15,c_cublas,0,0.87654,0.86426,0.87347,0.03789,0,1
rs,10240,1280,8192,gpu,15,A_gemmrs,2,1.22573,1.21958,1.22470,0.07063,0,1
rs,10240,1280,8192,gpu,15,c_fluxgemm_only,1,0.92365,0.91341,0.91955,0.02258,0,1
rs,10240,1280,8192,gpu,16,c_cublas,0,0.87757,0.86630,0.87347,0.04358,0,1
rs,10240,1280,8192,gpu,16,A_gemmrs,1,1.11821,1.11411,1.11821,0.06717,0,1
rs,10240,1280,8192,gpu,16,c_fluxgemm_only,2,0.92262,0.91238,0.91955,0.02032,0,1
rs,10240,1280,8192,gpu,17,c_cublas,0,0.87552,0.86630,0.87245,0.03896,0,1
rs,10240,1280,8192,gpu,17,A_gemmrs,2,1.09568,1.09261,1.09568,0.06210,0,1
rs,10240,1280,8192,gpu,17,c_fluxgemm_only,1,0.92160,0.91034,0.91853,0.02250,0,1
rs,10240,1280,8192,gpu,18,c_cublas,1,0.88166,0.86426,0.88166,0.03837,0,1
rs,10240,1280,8192,gpu,18,A_gemmrs,2,1.10899,1.10592,1.10899,0.06558,0,1
rs,10240,1280,8192,gpu,18,c_fluxgemm_only,0,0.92774,0.91136,0.92774,0.02270,0,1
rs,10240,1280,8192,gpu,19,c_cublas,1,0.88269,0.86528,0.88269,0.03549,0,1
rs,10240,1280,8192,gpu,19,A_gemmrs,0,1.08339,1.07930,1.08339,0.06749,0,1
rs,10240,1280,8192,gpu,19,c_fluxgemm_only,2,0.92672,0.91136,0.92672,0.02188,0,1
rs,10240,1280,8192,gpu,20,c_cublas,2,0.88269,0.86733,0.88269,0.03706,0,1
rs,10240,1280,8192,gpu,20,A_gemmrs,0,1.15610,1.14688,1.15507,0.06596,0,1
rs,10240,1280,8192,gpu,20,c_fluxgemm_only,1,0.92774,0.91238,0.92774,0.01977,0,1
rs,10240,1280,8192,gpu,21,c_cublas,1,0.88064,0.86426,0.88064,0.03723,0,1
rs,10240,1280,8192,gpu,21,A_gemmrs,2,1.10182,1.09670,1.10182,0.06458,0,1
rs,10240,1280,8192,gpu,21,c_fluxgemm_only,0,0.92672,0.91136,0.92672,0.02253,0,1
rs,10240,1280,8192,gpu,22,c_cublas,1,0.88064,0.86426,0.88064,0.03553,0,1
rs,10240,1280,8192,gpu,22,A_gemmrs,0,1.08339,1.07827,1.08339,0.06420,0,1
rs,10240,1280,8192,gpu,22,c_fluxgemm_only,2,0.92672,0.91238,0.92672,0.02189,0,1
rs,10240,1280,8192,gpu,23,c_cublas,2,0.88269,0.86528,0.88269,0.03635,0,1
rs,10240,1280,8192,gpu,23,A_gemmrs,1,1.15098,1.14176,1.15098,0.06436,0,1
rs,10240,1280,8192,gpu,23,c_fluxgemm_only,0,0.92672,0.91034,0.92672,0.02153,0,1
rs,10240,1280,8192,gpu,24,c_cublas,0,0.88269,0.86630,0.88269,0.03729,0,1
rs,10240,1280,8192,gpu,24,A_gemmrs,1,1.17555,1.16941,1.17350,0.06591,0,1
rs,10240,1280,8192,gpu,24,c_fluxgemm_only,2,0.92877,0.91341,0.92877,0.02799,0,1
rs,10240,1280,8192,gpu,25,c_cublas,2,0.88166,0.86528,0.88166,0.03721,0,1
rs,10240,1280,8192,gpu,25,A_gemmrs,1,1.09261,1.08954,1.09261,0.07843,0,1
rs,10240,1280,8192,gpu,25,c_fluxgemm_only,0,0.92672,0.91034,0.92672,0.02129,0,1
rs,10240,1280,8192,gpu,26,c_cublas,1,0.88166,0.86528,0.88166,0.03898,0,1
rs,10240,1280,8192,gpu,26,A_gemmrs,2,1.16531,1.15712,1.16429,0.06704,0,1
rs,10240,1280,8192,gpu,26,c_fluxgemm_only,0,0.92774,0.91136,0.92672,0.02266,0,1
rs,10240,1280,8192,gpu,27,c_cublas,1,0.88371,0.86528,0.88269,0.03859,0,1
rs,10240,1280,8192,gpu,27,A_gemmrs,2,1.11309,1.10899,1.11309,0.06468,0,1
rs,10240,1280,8192,gpu,27,c_fluxgemm_only,0,0.92774,0.91136,0.92774,0.02286,0,1
rs,10240,1280,8192,gpu,28,c_cublas,2,0.88371,0.86733,0.88269,0.03743,0,1
rs,10240,1280,8192,gpu,28,A_gemmrs,0,1.08237,1.07827,1.08237,0.06436,0,1
rs,10240,1280,8192,gpu,28,c_fluxgemm_only,1,0.92774,0.91136,0.92774,0.02067,0,1
rs,10240,1280,8192,gpu,29,c_cublas,1,0.88269,0.86528,0.88269,0.03754,0,1
rs,10240,1280,8192,gpu,29,A_gemmrs,2,1.10080,1.09568,1.10080,0.06448,0,1
rs,10240,1280,8192,gpu,29,c_fluxgemm_only,0,0.92774,0.91136,0.92672,0.02323,0,1
rs,10240,1280,8192,gpu,30,c_cublas,0,0.88269,0.86630,0.88166,0.03770,0,1
rs,10240,1280,8192,gpu,30,A_gemmrs,2,1.17555,1.16838,1.16838,0.06240,0,1
rs,10240,1280,8192,gpu,30,c_fluxgemm_only,1,0.92774,0.91136,0.92774,0.02303,0,1
rs,10240,1280,8192,gpu,31,c_cublas,0,0.88269,0.86426,0.88166,0.03780,0,1
rs,10240,1280,8192,gpu,31,A_gemmrs,2,1.13254,1.12640,1.13254,0.06222,0,1
rs,10240,1280,8192,gpu,31,c_fluxgemm_only,1,0.92877,0.91238,0.92877,0.02283,0,1
rs,10240,1280,8192,gpu,32,c_cublas,1,0.88371,0.86426,0.88166,0.03807,0,1
rs,10240,1280,8192,gpu,32,A_gemmrs,2,1.10285,1.09875,1.10285,0.07752,0,1
rs,10240,1280,8192,gpu,32,c_fluxgemm_only,0,0.92877,0.91341,0.92877,0.02243,0,1
rs,10240,1280,8192,gpu,33,c_cublas,1,0.88371,0.86630,0.88371,0.03522,0,1
rs,10240,1280,8192,gpu,33,A_gemmrs,0,1.08237,1.07930,1.08032,0.06520,0,1
rs,10240,1280,8192,gpu,33,c_fluxgemm_only,2,0.92672,0.91136,0.92672,0.02252,0,1
rs,10240,1280,8192,gpu,34,c_cublas,1,0.88269,0.86528,0.88269,0.03819,0,1
rs,10240,1280,8192,gpu,34,A_gemmrs,2,1.17555,1.17043,1.17350,0.06614,0,1
rs,10240,1280,8192,gpu,34,c_fluxgemm_only,0,0.92672,0.91034,0.92672,0.02144,0,1
rs,10240,1280,8192,gpu,35,c_cublas,0,0.88166,0.86528,0.88166,0.03923,0,1
rs,10240,1280,8192,gpu,35,A_gemmrs,2,1.13766,1.13357,1.13459,0.07574,0,1
rs,10240,1280,8192,gpu,35,c_fluxgemm_only,1,0.92979,0.91238,0.92979,0.02343,0,1
rs,10240,1280,8192,gpu,36,c_cublas,1,0.88269,0.86426,0.88269,0.03799,0,1
rs,10240,1280,8192,gpu,36,A_gemmrs,2,1.10490,1.09773,1.10490,0.06584,0,1
rs,10240,1280,8192,gpu,36,c_fluxgemm_only,0,0.92877,0.91238,0.92877,0.02322,0,1
rs,10240,1280,8192,gpu,37,c_cublas,0,0.88269,0.86528,0.88166,0.03762,0,1
rs,10240,1280,8192,gpu,37,A_gemmrs,1,1.09158,1.08339,1.09158,0.06507,0,1
rs,10240,1280,8192,gpu,37,c_fluxgemm_only,2,0.92774,0.91136,0.92774,0.02099,0,1
rs,10240,1280,8192,gpu,38,c_cublas,0,0.88166,0.86630,0.88166,0.05442,0,1
rs,10240,1280,8192,gpu,38,A_gemmrs,1,1.16122,1.15405,1.16019,0.06610,0,1
rs,10240,1280,8192,gpu,38,c_fluxgemm_only,2,0.92774,0.91136,0.92774,0.02069,0,1
rs,10240,1280,8192,gpu,39,c_cublas,2,0.88166,0.86528,0.88166,0.03747,0,1
rs,10240,1280,8192,gpu,39,A_gemmrs,0,1.35168,1.18477,1.34758,0.07724,0,1
rs,10240,1280,8192,gpu,39,c_fluxgemm_only,1,0.92877,0.91136,0.92877,0.02110,0,1
rs,10240,1280,8192,gpu,40,c_cublas,0,0.88269,0.86528,0.88166,0.03738,0,1
rs,10240,1280,8192,gpu,40,A_gemmrs,2,1.10182,1.09875,1.10080,0.06734,0,1
rs,10240,1280,8192,gpu,40,c_fluxgemm_only,1,0.92774,0.91034,0.92570,0.02289,0,1
rs,10240,1280,8192,gpu,41,c_cublas,0,0.88269,0.86528,0.88166,0.03794,0,1
rs,10240,1280,8192,gpu,41,A_gemmrs,1,1.11104,1.10694,1.11002,0.06640,0,1
rs,10240,1280,8192,gpu,41,c_fluxgemm_only,2,0.92774,0.91034,0.92774,0.02078,0,1
rs,10240,1280,8192,gpu,42,c_cublas,2,0.88269,0.86426,0.88269,0.03676,1365,1
rs,10240,1280,8192,gpu,42,A_gemmrs,0,1.16224,1.15200,1.15917,0.07875,1365,1
rs,10240,1280,8192,gpu,42,c_fluxgemm_only,1,0.92877,0.91136,0.92774,0.02099,1365,1
rs,10240,1280,8192,gpu,43,c_cublas,2,0.88269,0.86528,0.88166,0.03597,1365,1
rs,10240,1280,8192,gpu,43,A_gemmrs,1,1.10592,1.10182,1.10490,0.06294,1365,1
rs,10240,1280,8192,gpu,43,c_fluxgemm_only,0,0.92877,0.91136,0.92774,0.02330,1365,1
rs,10240,1280,8192,gpu,44,c_cublas,1,0.88269,0.86528,0.88269,0.03785,1365,1
rs,10240,1280,8192,gpu,44,A_gemmrs,2,1.09363,1.08954,1.09363,0.06562,1365,1
rs,10240,1280,8192,gpu,44,c_fluxgemm_only,0,0.92979,0.91238,0.92877,0.02289,1365,1
rs,10240,1280,8192,gpu,45,c_cublas,1,0.88269,0.86528,0.88269,0.03790,1365,1
rs,10240,1280,8192,gpu,45,A_gemmrs,2,1.17146,1.16531,1.17043,0.06554,1365,1
rs,10240,1280,8192,gpu,45,c_fluxgemm_only,0,0.92877,0.91136,0.92774,0.02312,1365,1
rs,10240,1280,8192,gpu,46,c_cublas,0,0.88269,0.86630,0.88269,0.03798,1365,1
rs,10240,1280,8192,gpu,46,A_gemmrs,2,1.15610,1.15098,1.15610,0.06343,1365,1
rs,10240,1280,8192,gpu,46,c_fluxgemm_only,1,0.92877,0.91136,0.92877,0.02307,1365,1
rs,10240,1280,8192,gpu,47,c_cublas,1,0.88269,0.86630,0.88166,0.03599,1365,1
rs,10240,1280,8192,gpu,47,A_gemmrs,0,1.08646,1.08339,1.08646,0.06733,1365,1
rs,10240,1280,8192,gpu,47,c_fluxgemm_only,2,0.92774,0.91136,0.92672,0.02205,1365,1
rs,10240,1280,8192,gpu,48,c_cublas,1,0.88269,0.86426,0.88269,0.03788,1365,1
rs,10240,1280,8192,gpu,48,A_gemmrs,2,1.09568,1.09261,1.09568,0.06947,1365,1
rs,10240,1280,8192,gpu,48,c_fluxgemm_only,0,0.92877,0.91238,0.92877,0.02188,1365,1
rs,10240,1280,8192,gpu,49,c_cublas,0,0.88269,0.86426,0.88166,0.03760,1365,1
rs,10240,1280,8192,gpu,49,A_gemmrs,2,1.14483,1.14176,1.14278,0.06969,1365,1
rs,10240,1280,8192,gpu,49,c_fluxgemm_only,1,0.92877,0.91136,0.92774,0.02282,1365,1
rs,10240,1280,8192,gpu,50,c_cublas,2,0.88269,0.86426,0.88064,0.03736,1365,1
rs,10240,1280,8192,gpu,50,A_gemmrs,0,1.14381,1.13459,1.14381,0.06393,1365,1
rs,10240,1280,8192,gpu,50,c_fluxgemm_only,1,0.92774,0.91136,0.92774,0.02125,1365,1
rs,10240,1280,8192,gpu,51,c_cublas,1,0.88269,0.86528,0.88166,0.03599,1365,1
rs,10240,1280,8192,gpu,51,A_gemmrs,0,1.10182,1.09670,1.10182,0.06886,1365,1
rs,10240,1280,8192,gpu,51,c_fluxgemm_only,2,0.92877,0.91136,0.92877,0.02274,1365,1
rs,10240,1280,8192,gpu,52,c_cublas,0,0.88269,0.86630,0.88269,0.03772,1365,1
rs,10240,1280,8192,gpu,52,A_gemmrs,2,1.11104,1.10797,1.11104,0.06426,1365,1
rs,10240,1280,8192,gpu,52,c_fluxgemm_only,1,0.92774,0.91136,0.92774,0.02283,1365,1
rs,10240,1280,8192,gpu,53,c_cublas,0,0.88269,0.86323,0.88166,0.03813,1365,1
rs,10240,1280,8192,gpu,53,A_gemmrs,1,1.16941,1.16429,1.16634,0.06613,1365,1
rs,10240,1280,8192,gpu,53,c_fluxgemm_only,2,0.92774,0.90829,0.92774,0.02069,1365,1
rs,10240,1280,8192,gpu,54,c_cublas,1,0.88269,0.86323,0.88269,0.03567,1365,1
rs,10240,1280,8192,gpu,54,A_gemmrs,0,1.13357,1.12640,1.13050,0.06554,1365,1
rs,10240,1280,8192,gpu,54,c_fluxgemm_only,2,0.92774,0.90931,0.92774,0.02220,1365,1
rs,10240,1280,8192,gpu,55,c_cublas,1,0.88166,0.86323,0.88166,0.03661,1365,1
rs,10240,1280,8192,gpu,55,A_gemmrs,0,1.11002,1.10694,1.11002,0.06750,1365,1
rs,10240,1280,8192,gpu,55,c_fluxgemm_only,2,0.92774,0.90931,0.92774,0.02243,1365,1
rs,10240,1280,8192,gpu,56,c_cublas,1,0.88269,0.86221,0.88269,0.03806,1365,1
rs,10240,1280,8192,gpu,56,A_gemmrs,2,1.14688,1.14381,1.14688,0.06539,1365,1
rs,10240,1280,8192,gpu,56,c_fluxgemm_only,0,0.92877,0.90931,0.92774,0.02213,1365,1
rs,10240,1280,8192,gpu,57,c_cublas,1,0.88269,0.86221,0.88269,0.03888,1365,1
rs,10240,1280,8192,gpu,57,A_gemmrs,2,1.12947,1.12333,1.12742,0.08328,1365,1
rs,10240,1280,8192,gpu,57,c_fluxgemm_only,0,0.92774,0.90829,0.92774,0.02347,1365,1
rs,10240,1280,8192,gpu,58,c_cublas,0,0.88269,0.86528,0.88064,0.03812,1365,1
rs,10240,1280,8192,gpu,58,A_gemmrs,1,1.14790,1.14074,1.14586,0.08095,1365,1
rs,10240,1280,8192,gpu,58,c_fluxgemm_only,2,0.92877,0.91136,0.92774,0.02196,1365,1
rs,10240,1280,8192,gpu,59,c_cublas,1,0.88269,0.86528,0.88166,0.03727,1365,1
rs,10240,1280,8192,gpu,59,A_gemmrs,0,1.12333,1.11923,1.12230,0.09732,1365,1
rs,10240,1280,8192,gpu,59,c_fluxgemm_only,2,0.92672,0.91034,0.92672,0.02340,1365,1
rs,10240,1280,8192,gpu,60,c_cublas,1,0.88269,0.86630,0.88269,0.03878,1365,1
rs,10240,1280,8192,gpu,60,A_gemmrs,2,1.14278,1.13562,1.14176,0.07175,1365,1
rs,10240,1280,8192,gpu,60,c_fluxgemm_only,0,0.92877,0.91136,0.92877,0.02156,1365,1
rs,10240,1280,8192,gpu,61,c_cublas,2,0.88269,0.86630,0.88269,0.03644,1365,1
rs,10240,1280,8192,gpu,61,A_gemmrs,1,1.15302,1.14586,1.15098,0.06569,1365,1
rs,10240,1280,8192,gpu,61,c_fluxgemm_only,0,0.92774,0.91136,0.92774,0.02326,1365,1
rs,10240,1280,8192,gpu,62,c_cublas,1,0.88166,0.86528,0.88166,0.03622,1365,1
rs,10240,1280,8192,gpu,62,A_gemmrs,0,1.09466,1.09158,1.09466,0.06878,1365,1
rs,10240,1280,8192,gpu,62,c_fluxgemm_only,2,0.92672,0.91034,0.92672,0.02274,1365,1
rs,10240,1280,8192,gpu,63,c_cublas,1,0.88371,0.86733,0.88269,0.03858,1365,1
rs,10240,1280,8192,gpu,63,A_gemmrs,2,1.08134,1.07622,1.08032,0.06675,1365,1
rs,10240,1280,8192,gpu,63,c_fluxgemm_only,0,0.92774,0.91034,0.92672,0.02212,1365,1
rs,10240,1280,8192,gpu,64,c_cublas,1,0.88166,0.86528,0.88166,0.03543,1365,1
rs,10240,1280,8192,gpu,64,A_gemmrs,0,1.09773,1.09466,1.09773,0.07414,1365,1
rs,10240,1280,8192,gpu,64,c_fluxgemm_only,2,0.92877,0.91238,0.92877,0.02209,1365,1
rs,10240,1280,8192,gpu,65,c_cublas,2,0.88166,0.86528,0.88166,0.03648,1365,1
rs,10240,1280,8192,gpu,65,A_gemmrs,1,1.17965,1.17555,1.17658,0.06862,1365,1
rs,10240,1280,8192,gpu,65,c_fluxgemm_only,0,0.92672,0.91136,0.92672,0.02143,1365,1
rs,10240,1280,8192,gpu,66,c_cublas,1,0.88269,0.86528,0.88269,0.13994,1365,1
rs,10240,1280,8192,gpu,66,A_gemmrs,2,1.09773,1.08749,1.09773,0.08297,1365,1
rs,10240,1280,8192,gpu,66,c_fluxgemm_only,0,0.92774,0.91136,0.92774,0.02308,1365,1
rs,10240,1280,8192,gpu,67,c_cublas,2,0.88166,0.86426,0.88166,0.03818,1365,1
rs,10240,1280,8192,gpu,67,A_gemmrs,0,1.09466,1.08851,1.09363,0.06460,1365,1
rs,10240,1280,8192,gpu,67,c_fluxgemm_only,1,0.92774,0.91136,0.92774,0.02798,1365,1
rs,10240,1280,8192,gpu,68,c_cublas,1,0.88269,0.86426,0.88166,0.03709,1365,1
rs,10240,1280,8192,gpu,68,A_gemmrs,0,1.16634,1.15814,1.16531,0.06726,1365,1
rs,10240,1280,8192,gpu,68,c_fluxgemm_only,2,0.92877,0.91238,0.92877,0.02304,1365,1
rs,10240,1280,8192,gpu,69,c_cublas,1,0.88371,0.86630,0.88371,0.03679,1365,1
rs,10240,1280,8192,gpu,69,A_gemmrs,0,1.14893,1.14278,1.14688,0.06823,1365,1
rs,10240,1280,8192,gpu,69,c_fluxgemm_only,2,0.92672,0.91136,0.92570,0.02204,1365,1
rs,10240,1280,8192,gpu,70,c_cublas,2,0.88166,0.86528,0.88166,0.03645,1365,1
rs,10240,1280,8192,gpu,70,A_gemmrs,0,1.08749,1.08442,1.08749,0.06710,1365,1
rs,10240,1280,8192,gpu,70,c_fluxgemm_only,1,0.92877,0.91034,0.92774,0.02028,1365,1
rs,10240,1280,8192,gpu,71,c_cublas,1,0.88269,0.86528,0.88269,0.03788,1365,1
rs,10240,1280,8192,gpu,71,A_gemmrs,2,1.14176,1.13152,1.14176,0.06503,1365,1
rs,10240,1280,8192,gpu,71,c_fluxgemm_only,0,0.92774,0.91034,0.92774,0.02274,1365,1
rs,10240,1280,8192,gpu,72,c_cublas,2,0.88269,0.86630,0.88269,0.03691,1365,1
rs,10240,1280,8192,gpu,72,A_gemmrs,0,1.10182,1.09978,1.09978,0.06462,1365,1
rs,10240,1280,8192,gpu,72,c_fluxgemm_only,1,0.92877,0.91136,0.92877,0.02026,1365,1
rs,10240,1280,8192,gpu,73,c_cublas,0,0.88269,0.86426,0.88064,0.03712,1365,1
rs,10240,1280,8192,gpu,73,A_gemmrs,1,1.15200,1.14893,1.14995,0.06655,1365,1
rs,10240,1280,8192,gpu,73,c_fluxgemm_only,2,0.92672,0.91034,0.92672,0.02020,1365,1
rs,10240,1280,8192,gpu,74,c_cublas,2,0.88269,0.86528,0.88166,0.03573,1365,1
rs,10240,1280,8192,gpu,74,A_gemmrs,1,1.11002,1.10490,1.11002,0.06319,1365,1
rs,10240,1280,8192,gpu,74,c_fluxgemm_only,0,0.92774,0.91136,0.92774,0.02140,1365,1
rs,10240,1280,8192,gpu,75,c_cublas,0,0.88166,0.86426,0.88166,0.03719,1365,1
rs,10240,1280,8192,gpu,75,A_gemmrs,1,1.13254,1.12742,1.13254,0.06645,1365,1
rs,10240,1280,8192,gpu,75,c_fluxgemm_only,2,0.92877,0.91136,0.92774,0.02633,1365,1
rs,10240,1280,8192,gpu,76,c_cublas,2,0.88371,0.86733,0.87347,0.03800,1365,1
rs,10240,1280,8192,gpu,76,A_gemmrs,0,1.12026,1.11718,1.11718,0.06604,1365,1
rs,10240,1280,8192,gpu,76,c_fluxgemm_only,1,0.92774,0.91136,0.91750,0.02656,1365,1
rs,10240,1280,8192,gpu,77,c_cublas,2,0.88166,0.86528,0.87245,0.03593,1365,1
rs,10240,1280,8192,gpu,77,A_gemmrs,1,1.15507,1.14790,1.15302,0.06486,1365,1
rs,10240,1280,8192,gpu,77,c_fluxgemm_only,0,0.92672,0.90931,0.91750,0.02855,1365,1
rs,10240,1280,8192,gpu,78,c_cublas,1,0.88166,0.86528,0.87245,0.03551,1365,1
rs,10240,1280,8192,gpu,78,A_gemmrs,0,1.13664,1.12947,1.13562,0.06824,1365,1
rs,10240,1280,8192,gpu,78,c_fluxgemm_only,2,0.92774,0.91136,0.91853,0.02229,1365,1
rs,10240,1280,8192,gpu,79,c_cublas,1,0.88166,0.86528,0.87245,0.03581,1365,1
rs,10240,1280,8192,gpu,79,A_gemmrs,0,1.12435,1.12128,1.12435,0.06610,1365,1
rs,10240,1280,8192,gpu,79,c_fluxgemm_only,2,0.92774,0.91136,0.91750,0.02210,1365,1
rs,10240,1280,8192,gpu,80,c_cublas,2,0.88474,0.86733,0.87245,0.03688,1365,1
rs,10240,1280,8192,gpu,80,A_gemmrs,0,1.11411,1.10797,1.11309,0.06619,1365,1
rs,10240,1280,8192,gpu,80,c_fluxgemm_only,1,0.92774,0.91034,0.91750,0.02089,1365,1
rs,10240,1280,8192,gpu,81,c_cublas,0,0.88166,0.86426,0.87245,0.03821,1365,1
rs,10240,1280,8192,gpu,81,A_gemmrs,1,1.16326,1.15610,1.16326,0.07499,1365,1
rs,10240,1280,8192,gpu,81,c_fluxgemm_only,2,0.92774,0.91136,0.91853,0.02046,1365,1
rs,10240,1280,8192,gpu,82,c_cublas,0,0.88269,0.86630,0.87142,0.03887,1365,1
rs,10240,1280,8192,gpu,82,A_gemmrs,2,1.10592,1.09875,1.10592,0.06356,1365,1
rs,10240,1280,8192,gpu,82,c_fluxgemm_only,1,0.92672,0.91136,0.91750,0.02258,1365,1
rs,10240,1280,8192,gpu,83,c_cublas,1,0.88371,0.86630,0.87347,0.03926,1365,1
rs,10240,1280,8192,gpu,83,A_gemmrs,2,1.10490,1.09875,1.10285,0.08378,1365,1
rs,10240,1280,8192,gpu,83,c_fluxgemm_only,0,0.92774,0.91136,0.91853,0.02242,1365,1
rs,10240,1280,8192,gpu,84,c_cublas,2,0.88371,0.86630,0.87347,0.03652,1365,1
rs,10240,1280,8192,gpu,84,A_gemmrs,1,1.08134,1.07827,1.08134,0.08295,1365,1
rs,10240,1280,8192,gpu,84,c_fluxgemm_only,0,0.92877,0.91238,0.91853,0.02280,1365,1
rs,10240,1280,8192,gpu,85,c_cublas,2,0.88166,0.86630,0.87245,0.04850,1365,1
rs,10240,1280,8192,gpu,85,A_gemmrs,1,1.14893,1.14176,1.14893,0.07485,1365,1
rs,10240,1280,8192,gpu,85,c_fluxgemm_only,0,0.92672,0.91136,0.91750,0.03718,1365,1
rs,10240,1280,8192,gpu,86,c_cublas,1,0.88166,0.86528,0.87245,0.03886,1365,1
rs,10240,1280,8192,gpu,86,A_gemmrs,2,1.10080,1.09773,1.10080,0.06630,1365,1
rs,10240,1280,8192,gpu,86,c_fluxgemm_only,0,0.92877,0.91238,0.91750,0.02651,1365,1
rs,10240,1280,8192,gpu,87,c_cublas,0,0.88166,0.86630,0.87142,0.03785,1365,1
rs,10240,1280,8192,gpu,87,A_gemmrs,1,1.10182,1.09568,1.10182,0.06913,1365,1
rs,10240,1280,8192,gpu,87,c_fluxgemm_only,2,0.92774,0.91136,0.91750,0.02190,1365,1
rs,10240,1280,8192,gpu,88,c_cublas,1,0.88269,0.86426,0.87245,0.03847,1365,1
rs,10240,1280,8192,gpu,88,A_gemmrs,2,1.15302,1.14790,1.15302,0.08026,1365,1
rs,10240,1280,8192,gpu,88,c_fluxgemm_only,0,0.92877,0.91238,0.91853,0.02183,1365,1
rs,10240,1280,8192,gpu,89,c_cublas,1,0.88371,0.86630,0.87347,0.03675,1365,1
rs,10240,1280,8192,gpu,89,A_gemmrs,0,1.11002,1.10694,1.10899,0.06870,1365,1
rs,10240,1280,8192,gpu,89,c_fluxgemm_only,2,0.92774,0.91034,0.91853,0.02227,1365,1
rs,10240,1280,8192,gpu,90,c_cublas,1,0.88166,0.86426,0.87142,0.03593,1365,1
rs,10240,1280,8192,gpu,90,A_gemmrs,0,1.08032,1.07520,1.08032,0.06729,1365,1
rs,10240,1280,8192,gpu,90,c_fluxgemm_only,2,0.92774,0.91136,0.91750,0.02263,1365,1
rs,10240,1280,8192,gpu,91,c_cublas,0,0.88269,0.86528,0.87245,0.03887,1365,1
rs,10240,1280,8192,gpu,91,A_gemmrs,2,1.12128,1.11002,1.12026,0.06255,1365,1
rs,10240,1280,8192,gpu,91,c_fluxgemm_only,1,0.92877,0.91136,0.92774,0.02280,1365,1
rs,10240,1280,8192,gpu,92,c_cublas,1,0.88269,0.86426,0.88166,0.03664,1365,1
rs,10240,1280,8192,gpu,92,A_gemmrs,0,1.11309,1.10694,1.11309,0.06481,1365,1
rs,10240,1280,8192,gpu,92,c_fluxgemm_only,2,0.92877,0.91136,0.92877,0.02206,1365,1
rs,10240,1280,8192,gpu,93,c_cublas,1,0.88474,0.86630,0.88269,0.03557,1365,1
rs,10240,1280,8192,gpu,93,A_gemmrs,0,1.18784,1.17760,1.18477,0.06552,1365,1
rs,10240,1280,8192,gpu,93,c_fluxgemm_only,2,0.92774,0.91136,0.92570,0.02908,1365,1
rs,10240,1280,8192,gpu,94,c_cublas,2,0.88269,0.86528,0.88269,0.03705,1365,1
rs,10240,1280,8192,gpu,94,A_gemmrs,1,1.11718,1.11309,1.11718,0.07752,1365,1
rs,10240,1280,8192,gpu,94,c_fluxgemm_only,0,0.92774,0.91034,0.92570,0.02170,1365,1
rs,10240,1280,8192,gpu,95,c_cublas,1,0.88166,0.86528,0.88166,0.03616,1365,1
rs,10240,1280,8192,gpu,95,A_gemmrs,0,1.08954,1.08646,1.08954,0.08137,1365,1
rs,10240,1280,8192,gpu,95,c_fluxgemm_only,2,0.92774,0.91238,0.92774,0.02269,1365,1
rs,10240,1280,8192,gpu,96,c_cublas,2,0.88269,0.86630,0.88269,0.03600,1365,1
rs,10240,1280,8192,gpu,96,A_gemmrs,1,1.15200,1.14381,1.15200,0.06385,1365,1
rs,10240,1280,8192,gpu,96,c_fluxgemm_only,0,0.92877,0.91238,0.92774,0.02435,1365,1
rs,10240,1280,8192,gpu,97,c_cublas,1,0.88371,0.86630,0.88269,0.03577,1365,1
rs,10240,1280,8192,gpu,97,A_gemmrs,0,1.10080,1.09773,1.10080,0.06672,1365,1
rs,10240,1280,8192,gpu,97,c_fluxgemm_only,2,0.92877,0.91034,0.92774,0.02198,1365,1
rs,10240,1280,8192,gpu,98,c_cublas,2,0.88269,0.86630,0.88166,0.03628,1365,1
rs,10240,1280,8192,gpu,98,A_gemmrs,1,1.10080,1.09773,1.09875,0.06460,1365,1
rs,10240,1280,8192,gpu,98,c_fluxgemm_only,0,0.92774,0.91034,0.92774,0.02215,1365,1
rs,10240,1280,8192,gpu,99,c_cublas,0,0.88166,0.86528,0.88166,0.03665,1365,1
rs,10240,1280,8192,gpu,99,A_gemmrs,1,1.08851,1.08544,1.08646,0.06873,1365,1
rs,10240,1280,8192,gpu,99,c_fluxgemm_only,2,0.92774,0.91034,0.92774,0.02086,1365,1
rs,10240,1280,8192,gpu,100,c_cublas,1,0.88166,0.86630,0.88166,0.03800,1365,1
rs,10240,1280,8192,gpu,100,A_gemmrs,2,1.19603,1.18784,1.19296,0.06429,1365,1
rs,10240,1280,8192,gpu,100,c_fluxgemm_only,0,0.92877,0.91136,0.92774,0.02158,1365,1
rs,10240,1280,8192,gpu,101,c_cublas,2,0.88269,0.86630,0.88166,0.03627,1365,1
rs,10240,1280,8192,gpu,101,A_gemmrs,1,1.11411,1.10899,1.11411,0.06339,1365,1
rs,10240,1280,8192,gpu,101,c_fluxgemm_only,0,0.92774,0.91136,0.92672,0.02259,1365,1
rs,10240,1280,8192,gpu,102,c_cublas,1,0.88269,0.86528,0.88166,0.04926,1365,1
rs,10240,1280,8192,gpu,102,A_gemmrs,0,1.22982,1.17760,1.22778,0.07790,1365,1
rs,10240,1280,8192,gpu,102,c_fluxgemm_only,2,0.92774,0.91136,0.92774,0.02284,1365,1
rs,10240,1280,8192,gpu,103,c_cublas,2,0.88269,0.86528,0.88166,0.03734,1365,1
rs,10240,1280,8192,gpu,103,A_gemmrs,0,1.12947,1.12333,1.12742,0.07814,1365,1
rs,10240,1280,8192,gpu,103,c_fluxgemm_only,1,0.92877,0.91238,0.92877,0.02124,1365,1
rs,10240,1280,8192,gpu,104,c_cublas,2,0.88371,0.86630,0.88371,0.03775,1365,1
rs,10240,1280,8192,gpu,104,A_gemmrs,0,1.09670,1.08646,1.09670,0.06688,1365,1
rs,10240,1280,8192,gpu,104,c_fluxgemm_only,1,0.92774,0.91034,0.92774,0.02071,1365,1
rs,10240,1280,8192,gpu,105,c_cublas,2,0.88269,0.86528,0.88269,0.03574,1365,1
rs,10240,1280,8192,gpu,105,A_gemmrs,1,1.16531,1.16122,1.16531,0.07126,1365,1
rs,10240,1280,8192,gpu,105,c_fluxgemm_only,0,0.92672,0.91750,0.92672,0.02252,1365,1
rs,10240,1280,8192,gpu,106,c_cublas,0,0.88166,0.86426,0.88166,0.03659,1365,1
rs,10240,1280,8192,gpu,106,A_gemmrs,2,1.09056,1.08646,1.09056,0.06238,1365,1
rs,10240,1280,8192,gpu,106,c_fluxgemm_only,1,0.92774,0.91034,0.92672,0.02304,1365,1
rs,10240,1280,8192,gpu,107,c_cublas,2,0.88269,0.86528,0.88269,0.03749,1365,1
rs,10240,1280,8192,gpu,107,A_gemmrs,0,1.10490,1.09978,1.10182,0.06470,1365,1
rs,10240,1280,8192,gpu,107,c_fluxgemm_only,1,0.92774,0.91034,0.92672,0.02056,1365,1
rs,10240,1280,8192,gpu,108,c_cublas,1,0.88269,0.86528,0.88166,0.03565,1365,1
rs,10240,1280,8192,gpu,108,A_gemmrs,0,1.56467,1.33939,1.56365,0.07400,1365,1
rs,10240,1280,8192,gpu,108,c_fluxgemm_only,2,0.92877,0.91136,0.92774,0.02785,1365,1
rs,10240,1280,8192,gpu,109,c_cublas,2,0.88371,0.86528,0.88166,0.03617,1365,1
rs,10240,1280,8192,gpu,109,A_gemmrs,1,1.16429,1.15917,1.15917,0.06272,1365,1
rs,10240,1280,8192,gpu,109,c_fluxgemm_only,0,0.92774,0.91034,0.92774,0.02170,1365,1
rs,10240,1280,8192,gpu,110,c_cublas,2,0.88269,0.86528,0.88269,0.03704,1365,1
rs,10240,1280,8192,gpu,110,A_gemmrs,0,1.09363,1.09056,1.09363,0.06835,1365,1
rs,10240,1280,8192,gpu,110,c_fluxgemm_only,1,0.92774,0.91238,0.92774,0.02063,1365,1
rs,10240,1280,8192,gpu,111,c_cublas,2,0.88269,0.86528,0.88166,0.03618,1365,1
rs,10240,1280,8192,gpu,111,A_gemmrs,1,1.10592,1.10080,1.10387,0.06326,1365,1
rs,10240,1280,8192,gpu,111,c_fluxgemm_only,0,0.92672,0.91034,0.92672,0.02334,1365,1
rs,10240,1280,8192,gpu,112,c_cublas,1,0.88269,0.86630,0.88166,0.03623,1365,1
rs,10240,1280,8192,gpu,112,A_gemmrs,0,1.09568,1.08544,1.09568,0.06778,1365,1
rs,10240,1280,8192,gpu,112,c_fluxgemm_only,2,0.92979,0.91238,0.92877,0.02268,1365,1
rs,10240,1280,8192,gpu,113,c_cublas,0,0.91238,0.86528,0.91238,0.03805,1365,1
rs,10240,1280,8192,gpu,113,A_gemmrs,1,1.16941,1.16531,1.16838,0.07535,1365,1
rs,10240,1280,8192,gpu,113,c_fluxgemm_only,2,0.92774,0.91034,0.92774,0.02058,1365,1
rs,10240,1280,8192,gpu,114,c_cublas,1,0.88269,0.86528,0.88166,0.03859,1365,1
rs,10240,1280,8192,gpu,114,A_gemmrs,2,1.12742,1.12435,1.12435,0.06438,1365,1
rs,10240,1280,8192,gpu,114,c_fluxgemm_only,0,0.92774,0.91136,0.92672,0.02185,1365,1
rs,10240,1280,8192,gpu,115,c_cublas,1,0.88371,0.86630,0.88269,0.03798,1365,1
rs,10240,1280,8192,gpu,115,A_gemmrs,2,1.10285,1.09773,1.10285,0.06474,1365,1
rs,10240,1280,8192,gpu,115,c_fluxgemm_only,0,0.92774,0.91136,0.92774,0.02322,1365,1
rs,10240,1280,8192,gpu,116,c_cublas,1,0.88269,0.86528,0.88269,0.03572,1365,1
rs,10240,1280,8192,gpu,116,A_gemmrs,0,1.09670,1.08646,1.09670,0.06557,1365,1
rs,10240,1280,8192,gpu,116,c_fluxgemm_only,2,0.92877,0.91238,0.92774,0.02203,1365,1
rs,10240,1280,8192,gpu,117,c_cublas,2,0.88269,0.86528,0.88166,0.05937,1365,1
rs,10240,1280,8192,gpu,117,A_gemmrs,1,1.16736,1.15507,1.16736,0.06316,1365,1
rs,10240,1280,8192,gpu,117,c_fluxgemm_only,0,0.92774,0.91136,0.92672,0.02185,1365,1
rs,10240,1280,8192,gpu,118,c_cublas,2,0.88166,0.86630,0.88166,0.03758,1365,1
rs,10240,1280,8192,gpu,118,A_gemmrs,0,1.08544,1.08237,1.08442,0.06822,1365,1
rs,10240,1280,8192,gpu,118,c_fluxgemm_only,1,0.92774,0.91136,0.92774,0.02082,1365,1
rs,10240,1280,8192,gpu,119,c_cublas,0,0.88166,0.86528,0.88166,0.03696,1365,1
rs,10240,1280,8192,gpu,119,A_gemmrs,2,1.11923,1.11616,1.11923,0.06299,1365,1
rs,10240,1280,8192,gpu,119,c_fluxgemm_only,1,0.92877,0.91136,0.92774,0.02339,1365,1
rs,10240,1280,8192,gpu,120,c_cublas,0,0.88371,0.86733,0.88269,0.03843,1365,1
rs,10240,1280,8192,gpu,120,A_gemmrs,1,1.08851,1.08237,1.08851,0.06515,1365,1
rs,10240,1280,8192,gpu,120,c_fluxgemm_only,2,0.92877,0.91238,0.92877,0.02195,1365,1
rs,10240,1280,8192,gpu,121,c_cublas,0,0.88166,0.86528,0.88166,0.03895,1365,1
rs,10240,1280,8192,gpu,121,A_gemmrs,1,1.17862,1.17248,1.17350,0.08198,1365,1
rs,10240,1280,8192,gpu,121,c_fluxgemm_only,2,0.92774,0.91136,0.92570,0.02168,1365,1
rs,10240,1280,8192,gpu,122,c_cublas,1,0.88371,0.86323,0.88166,0.03899,1365,1
rs,10240,1280,8192,gpu,122,A_gemmrs,2,1.10694,1.10182,1.10592,0.06846,1365,1
rs,10240,1280,8192,gpu,122,c_fluxgemm_only,0,0.92774,0.91034,0.92672,0.02612,1365,1
rs,10240,1280,8192,gpu,123,c_cublas,2,0.88166,0.86323,0.88166,0.03792,1365,1
rs,10240,1280,8192,gpu,123,A_gemmrs,0,1.09363,1.08646,1.09158,0.06619,1365,1
rs,10240,1280,8192,gpu,123,c_fluxgemm_only,1,0.92877,0.90829,0.92672,0.02203,1365,1
rs,10240,1280,8192,gpu,124,c_cublas,0,0.88269,0.86426,0.88269,0.03763,1365,1
rs,10240,1280,8192,gpu,124,A_gemmrs,2,1.19808,1.18989,1.19706,0.06293,1365,1
rs,10240,1280,8192,gpu,124,c_fluxgemm_only,1,0.92672,0.90829,0.92672,0.02317,1365,1
rs,10240,1280,8192,gpu,125,c_cublas,2,0.88269,0.86323,0.88269,0.03758,1365,1
rs,10240,1280,8192,gpu,125,A_gemmrs,0,1.09875,1.09466,1.09773,0.06513,1365,1
rs,10240,1280,8192,gpu,125,c_fluxgemm_only,1,0.92877,0.90931,0.92877,0.02087,1365,1
rs,10240,1280,8192,gpu,126,c_cublas,0,0.88166,0.86221,0.88064,0.03805,1365,1
rs,10240,1280,8192,gpu,126,A_gemmrs,2,1.08646,1.08134,1.08646,0.06172,1365,1
rs,10240,1280,8192,gpu,126,c_fluxgemm_only,1,0.92672,0.91034,0.92672,0.02302,1365,1
rs,10240,1280,8192,gpu,127,c_cublas,1,0.88269,0.86528,0.88166,0.03613,1365,1
rs,10240,1280,8192,gpu,127,A_gemmrs,0,1.08851,1.08237,1.08851,0.06601,1365,1
rs,10240,1280,8192,gpu,127,c_fluxgemm_only,2,0.92672,0.91034,0.92672,0.02257,1365,1
rs,10240,1280,8192,gpu,128,c_cublas,0,0.88371,0.86630,0.88269,0.03895,1365,1
rs,10240,1280,8192,gpu,128,A_gemmrs,1,1.16224,1.15917,1.16122,0.06573,1365,1
rs,10240,1280,8192,gpu,128,c_fluxgemm_only,2,0.92877,0.91341,0.92877,0.02096,1365,1
rs,10240,1280,8192,gpu,129,c_cublas,2,0.88166,0.86426,0.88166,0.04207,1365,1
rs,10240,1280,8192,gpu,129,A_gemmrs,1,1.11821,1.11411,1.11821,0.06299,1365,1
rs,10240,1280,8192,gpu,129,c_fluxgemm_only,0,0.92672,0.91034,0.92672,0.02160,1365,1
rs,10240,1280,8192,gpu,130,c_cublas,1,0.88166,0.86528,0.88166,0.03725,1365,1
rs,10240,1280,8192,gpu,130,A_gemmrs,0,1.11002,1.10797,1.10899,0.07331,1365,1
rs,10240,1280,8192,gpu,130,c_fluxgemm_only,2,0.92877,0.91238,0.92672,0.02254,1365,1
rs,10240,1280,8192,gpu,131,c_cublas,1,0.88371,0.86630,0.88269,0.04002,1365,1
rs,10240,1280,8192,gpu,131,A_gemmrs,2,1.13971,1.13254,1.13971,0.06917,1365,1
rs,10240,1280,8192,gpu,131,c_fluxgemm_only,0,0.92774,0.91034,0.92672,0.02906,1365,1
rs,10240,1280,8192,gpu,132,c_cublas,1,0.88166,0.86426,0.88166,0.03622,1365,1
rs,10240,1280,8192,gpu,132,A_gemmrs,0,1.10080,1.09773,1.10080,0.07818,1365,1
rs,10240,1280,8192,gpu,132,c_fluxgemm_only,2,0.92877,0.91341,0.92877,0.02255,1365,1
rs,10240,1280,8192,gpu,133,c_cublas,1,0.88269,0.86630,0.88269,0.03572,1365,1
rs,10240,1280,8192,gpu,133,A_gemmrs,0,1.10285,1.09875,1.10285,0.07146,1365,1
rs,10240,1280,8192,gpu,133,c_fluxgemm_only,2,0.92774,0.91341,0.92774,0.02221,1365,1
rs,10240,1280,8192,gpu,134,c_cublas,1,0.88166,0.86426,0.88166,0.03851,1365,1
rs,10240,1280,8192,gpu,134,A_gemmrs,2,1.08237,1.08032,1.08237,0.06477,1365,1
rs,10240,1280,8192,gpu,134,c_fluxgemm_only,0,0.92672,0.91034,0.92672,0.02238,1365,1
rs,10240,1280,8192,gpu,135,c_cublas,0,0.88269,0.86630,0.88269,0.03844,1365,1
rs,10240,1280,8192,gpu,135,A_gemmrs,2,1.15917,1.15610,1.15610,0.06280,1365,1
rs,10240,1280,8192,gpu,135,c_fluxgemm_only,1,0.92877,0.91136,0.92774,0.02264,1365,1
rs,10240,1280,8192,gpu,136,c_cublas,0,0.88474,0.86630,0.88474,0.03844,1365,1
rs,10240,1280,8192,gpu,136,A_gemmrs,1,1.14381,1.13766,1.14278,0.06702,1365,1
rs,10240,1280,8192,gpu,136,c_fluxgemm_only,2,0.92877,0.91238,0.92774,0.02098,1365,1
rs,10240,1280,8192,gpu,137,c_cublas,0,0.88269,0.86528,0.88166,0.03881,1365,1
rs,10240,1280,8192,gpu,137,A_gemmrs,2,1.09158,1.08851,1.09158,0.07361,1365,1
rs,10240,1280,8192,gpu,137,c_fluxgemm_only,1,0.92774,0.91136,0.92672,0.02300,1365,1
rs,10240,1280,8192,gpu,138,c_cublas,1,0.88166,0.86528,0.88166,0.03841,1365,1
rs,10240,1280,8192,gpu,138,A_gemmrs,2,1.11411,1.10899,1.11411,0.07690,1365,1
rs,10240,1280,8192,gpu,138,c_fluxgemm_only,0,0.92877,0.91136,0.92877,0.02278,1365,1
rs,10240,1280,8192,gpu,139,c_cublas,1,0.88269,0.86528,0.88064,0.04339,1365,1
rs,10240,1280,8192,gpu,139,A_gemmrs,0,1.09056,1.08544,1.09056,0.06593,1365,1
rs,10240,1280,8192,gpu,139,c_fluxgemm_only,2,0.92774,0.91136,0.92672,0.02314,1365,1
rs,10240,1280,8192,gpu,140,c_cublas,0,0.88269,0.86630,0.88269,0.03848,1365,1
rs,10240,1280,8192,gpu,140,A_gemmrs,1,1.17965,1.17350,1.17555,0.06871,1365,1
rs,10240,1280,8192,gpu,140,c_fluxgemm_only,2,0.92877,0.91238,0.92877,0.02070,1365,1
rs,10240,1280,8192,gpu,141,c_cublas,1,0.88269,0.86528,0.88166,0.03848,1365,1
rs,10240,1280,8192,gpu,141,A_gemmrs,2,1.10387,1.09978,1.10182,0.06624,1365,1
rs,10240,1280,8192,gpu,141,c_fluxgemm_only,0,0.92877,0.91136,0.92672,0.02236,1365,1
rs,10240,1280,8192,gpu,142,c_cublas,2,0.88166,0.86426,0.88166,0.03679,1365,1
rs,10240,1280,8192,gpu,142,A_gemmrs,0,1.08954,1.08442,1.08851,0.06573,1365,1
rs,10240,1280,8192,gpu,142,c_fluxgemm_only,1,0.92774,0.91238,0.92774,0.02020,1365,1
rs,10240,1280,8192,gpu,143,c_cublas,1,0.88371,0.86528,0.88269,0.03583,1365,1
rs,10240,1280,8192,gpu,143,A_gemmrs,0,1.09363,1.08544,1.09363,0.06917,1365,1
rs,10240,1280,8192,gpu,143,c_fluxgemm_only,2,0.92774,0.91238,0.92672,0.02241,1365,1
rs,10240,1280,8192,gpu,144,c_cublas,0,0.88269,0.86528,0.88269,0.03844,1365,1
rs,10240,1280,8192,gpu,144,A_gemmrs,1,1.15814,1.15405,1.15405,0.06531,1365,1
rs,10240,1280,8192,gpu,144,c_fluxgemm_only,2,0.92979,0.91238,0.92979,0.02033,1365,1
rs,10240,1280,8192,gpu,145,c_cublas,1,0.88269,0.86528,0.88269,0.03851,1365,1
rs,10240,1280,8192,gpu,145,A_gemmrs,2,1.09568,1.09158,1.09568,0.06487,1365,1
rs,10240,1280,8192,gpu,145,c_fluxgemm_only,0,0.92672,0.91136,0.92672,0.02160,1365,1
rs,10240,1280,8192,gpu,146,c_cublas,1,0.88269,0.86528,0.88166,0.03574,1365,1
rs,10240,1280,8192,gpu,146,A_gemmrs,0,1.11206,1.10899,1.10899,0.06630,1365,1
rs,10240,1280,8192,gpu,146,c_fluxgemm_only,2,0.92774,0.91034,0.92672,0.02252,1365,1
rs,10240,1280,8192,gpu,147,c_cublas,2,0.88166,0.86528,0.88166,0.03620,1365,1
rs,10240,1280,8192,gpu,147,A_gemmrs,1,1.08237,1.07827,1.08237,0.06295,1365,1
rs,10240,1280,8192,gpu,147,c_fluxgemm_only,0,0.92672,0.91136,0.92672,0.02189,1365,1
rs,10240,1280,8192,gpu,148,c_cublas,0,0.88371,0.86528,0.88371,0.03801,1365,1
rs,10240,1280,8192,gpu,148,A_gemmrs,1,1.18477,1.17862,1.17862,0.06704,1365,1
rs,10240,1280,8192,gpu,148,c_fluxgemm_only,2,0.92877,0.91136,0.92877,0.02879,1365,1
rs,10240,1280,8192,gpu,149,c_cublas,1,0.88269,0.86528,0.88166,0.04634,1365,1
rs,10240,1280,8192,gpu,149,A_gemmrs,2,1.09466,1.08954,1.09261,0.06625,1365,1
rs,10240,1280,8192,gpu,149,c_fluxgemm_only,0,0.92774,0.91136,0.92672,0.02242,1365,1
rs,10240,1280,8192,gpu,150,c_cublas,0,0.88269,0.86528,0.88269,0.05130,1365,1
rs,10240,1280,8192,gpu,150,A_gemmrs,1,1.10490,1.10182,1.10490,0.06701,1365,1
rs,10240,1280,8192,gpu,150,c_fluxgemm_only,2,0.92774,0.91136,0.92672,0.02047,1365,1
rs,10240,1280,8192,gpu,151,c_cublas,0,0.88166,0.86426,0.88166,0.04083,1365,1
rs,10240,1280,8192,gpu,151,A_gemmrs,2,1.19501,1.18784,1.19501,0.06355,1365,1
rs,10240,1280,8192,gpu,151,c_fluxgemm_only,1,0.92877,0.91136,0.92774,0.02298,1365,1
rs,10240,1280,8192,gpu,152,c_cublas,0,0.88269,0.86528,0.88269,0.03816,1365,1
rs,10240,1280,8192,gpu,152,A_gemmrs,2,1.10387,1.10080,1.10387,0.06200,1365,1
rs,10240,1280,8192,gpu,152,c_fluxgemm_only,1,0.92774,0.91136,0.92774,0.02296,1365,1
rs,10240,1280,8192,gpu,153,c_cublas,2,0.88269,0.86426,0.88269,0.03630,1365,1
rs,10240,1280,8192,gpu,153,A_gemmrs,1,1.08544,1.08134,1.08544,0.06263,1365,1
rs,10240,1280,8192,gpu,153,c_fluxgemm_only,0,0.92774,0.91136,0.92774,0.02306,1365,1
rs,10240,1280,8192,gpu,154,c_cublas,1,0.88166,0.86528,0.88166,0.03754,1365,1
rs,10240,1280,8192,gpu,154,A_gemmrs,2,1.09773,1.09568,1.09773,0.07182,1365,1
rs,10240,1280,8192,gpu,154,c_fluxgemm_only,0,0.92774,0.91034,0.92774,0.02304,1365,1
rs,10240,1280,8192,gpu,155,c_cublas,1,0.88269,0.86630,0.88269,0.03882,1365,1
rs,10240,1280,8192,gpu,155,A_gemmrs,2,1.14688,1.13971,1.14688,0.06572,1365,1
rs,10240,1280,8192,gpu,155,c_fluxgemm_only,0,0.92672,0.91136,0.92672,0.02294,1365,1
rs,10240,1280,8192,gpu,156,c_cublas,0,0.88269,0.86630,0.88269,0.03803,1365,1
rs,10240,1280,8192,gpu,156,A_gemmrs,2,1.10694,1.10490,1.10694,0.06335,1365,1
rs,10240,1280,8192,gpu,156,c_fluxgemm_only,1,0.92774,0.91136,0.92774,0.02418,1365,1
rs,10240,1280,8192,gpu,157,c_cublas,2,0.88166,0.86426,0.88064,0.04176,1365,1
rs,10240,1280,8192,gpu,157,A_gemmrs,1,1.08237,1.08032,1.08237,0.07406,1365,1
rs,10240,1280,8192,gpu,157,c_fluxgemm_only,0,0.92774,0.91136,0.92774,0.02308,1365,1
rs,10240,1280,8192,gpu,158,c_cublas,0,0.88166,0.86426,0.88064,0.03677,1365,1
rs,10240,1280,8192,gpu,158,A_gemmrs,2,1.10592,1.10387,1.10592,0.06481,1365,1
rs,10240,1280,8192,gpu,158,c_fluxgemm_only,1,0.92877,0.91034,0.92774,0.02300,1365,1
rs,10240,1280,8192,gpu,159,c_cublas,1,0.88269,0.86426,0.88269,0.03767,1365,1
rs,10240,1280,8192,gpu,159,A_gemmrs,0,1.08237,1.07827,1.08134,0.06456,1365,1
rs,10240,1280,8192,gpu,159,c_fluxgemm_only,2,0.92774,0.91136,0.92774,0.02297,1365,1
rs,10240,1280,8192,gpu,160,c_cublas,0,0.88269,0.86528,0.88269,0.03853,1365,1
rs,10240,1280,8192,gpu,160,A_gemmrs,1,1.18374,1.17658,1.17658,0.06831,1365,1
rs,10240,1280,8192,gpu,160,c_fluxgemm_only,2,0.92979,0.91238,0.92877,0.02065,1365,1
rs,10240,1280,8192,gpu,161,c_cublas,1,0.88269,0.86630,0.88166,0.03899,1365,1
rs,10240,1280,8192,gpu,161,A_gemmrs,2,1.09466,1.09056,1.09363,0.06794,1365,1
rs,10240,1280,8192,gpu,161,c_fluxgemm_only,0,0.92774,0.91034,0.92774,0.02140,1365,1
rs,10240,1280,8192,gpu,162,c_cublas,0,0.91341,0.86630,0.91341,0.03836,1365,1
rs,10240,1280,8192,gpu,162,A_gemmrs,1,1.13664,1.13152,1.13562,0.07491,1365,1
rs,10240,1280,8192,gpu,162,c_fluxgemm_only,2,0.92672,0.91136,0.92672,0.02049,1365,1
rs,10240,1280,8192,gpu,163,c_cublas,0,0.88269,0.86528,0.88166,0.03874,1365,1
rs,10240,1280,8192,gpu,163,A_gemmrs,1,1.10285,1.09773,1.10285,0.06563,1365,1
rs,10240,1280,8192,gpu,163,c_fluxgemm_only,2,0.92774,0.91136,0.92672,0.02036,1365,1
rs,10240,1280,8192,gpu,164,c_cublas,0,0.88474,0.86630,0.88269,0.03873,1365,1
rs,10240,1280,8192,gpu,164,A_gemmrs,2,1.15610,1.15098,1.15507,0.06153,1365,1
rs,10240,1280,8192,gpu,164,c_fluxgemm_only,1,0.92774,0.91034,0.92774,0.02280,1365,1
rs,10240,1280,8192,gpu,165,c_cublas,1,0.88166,0.86528,0.88166,0.03889,1365,1
rs,10240,1280,8192,gpu,165,A_gemmrs,2,1.09773,1.09568,1.09670,0.06437,1365,1
rs,10240,1280,8192,gpu,165,c_fluxgemm_only,0,0.92774,0.91034,0.92774,0.02337,1365,1
rs,10240,1280,8192,gpu,166,c_cublas,1,0.88166,0.86528,0.88166,0.03583,1365,1
rs,10240,1280,8192,gpu,166,A_gemmrs,0,1.10490,1.10182,1.10490,0.06586,1365,1
rs,10240,1280,8192,gpu,166,c_fluxgemm_only,2,0.92774,0.91136,0.92774,0.02831,1365,1
rs,10240,1280,8192,gpu,167,c_cublas,2,0.88269,0.86528,0.88269,0.03867,1365,1
rs,10240,1280,8192,gpu,167,A_gemmrs,1,1.08442,1.07930,1.08442,0.06313,1365,1
rs,10240,1280,8192,gpu,167,c_fluxgemm_only,0,0.92774,0.91136,0.92774,0.02176,1365,1
rs,10240,1280,8192,gpu,168,c_cublas,0,0.88269,0.86528,0.88269,0.03681,1365,1
rs,10240,1280,8192,gpu,168,A_gemmrs,2,1.17965,1.17453,1.17658,0.06415,1365,1
rs,10240,1280,8192,gpu,168,c_fluxgemm_only,1,0.92672,0.91034,0.92672,0.03340,1365,1
rs,10240,1280,8192,gpu,169,c_cublas,2,0.88269,0.86528,0.88166,0.04365,1365,1
rs,10240,1280,8192,gpu,169,A_gemmrs,1,1.11206,1.10694,1.11206,0.07954,1365,1
rs,10240,1280,8192,gpu,169,c_fluxgemm_only,0,0.92774,0.91034,0.92774,0.02600,1365,1
rs,10240,1280,8192,gpu,170,c_cublas,0,0.88269,0.86528,0.88269,0.03722,1365,1
rs,10240,1280,8192,gpu,170,A_gemmrs,2,1.09158,1.08544,1.09056,0.06228,1365,1
rs,10240,1280,8192,gpu,170,c_fluxgemm_only,1,0.92774,0.91136,0.92672,0.02274,1365,1
rs,10240,1280,8192,gpu,171,c_cublas,1,0.88269,0.86528,0.88166,0.04634,1365,1
rs,10240,1280,8192,gpu,171,A_gemmrs,0,1.08544,1.08032,1.08237,0.06551,1365,1
rs,10240,1280,8192,gpu,171,c_fluxgemm_only,2,0.92774,0.91034,0.92672,0.02266,1365,1
rs,10240,1280,8192,gpu,172,c_cublas,1,0.88269,0.86426,0.88269,0.03592,1365,1
rs,10240,1280,8192,gpu,172,A_gemmrs,0,1.08134,1.08032,1.08032,0.06705,1365,1
rs,10240,1280,8192,gpu,172,c_fluxgemm_only,2,0.92877,0.91238,0.92877,0.02227,1365,1
rs,10240,1280,8192,gpu,173,c_cublas,1,0.88371,0.86630,0.88269,0.03596,1365,1
rs,10240,1280,8192,gpu,173,A_gemmrs,0,1.16736,1.16429,1.16429,0.06693,1365,1
rs,10240,1280,8192,gpu,173,c_fluxgemm_only,2,0.92774,0.91136,0.92774,0.02222,1365,1
rs,10240,1280,8192,gpu,174,c_cublas,0,0.88269,0.86528,0.88166,0.03793,1365,1
rs,10240,1280,8192,gpu,174,A_gemmrs,2,1.13971,1.13357,1.13664,0.06523,1365,1
rs,10240,1280,8192,gpu,174,c_fluxgemm_only,1,0.92774,0.91136,0.92672,0.02317,1365,1
rs,10240,1280,8192,gpu,175,c_cublas,2,0.88269,0.86528,0.88166,0.03731,1365,1
rs,10240,1280,8192,gpu,175,A_gemmrs,0,1.09363,1.09056,1.09363,0.06481,1365,1
rs,10240,1280,8192,gpu,175,c_fluxgemm_only,1,0.92877,0.91136,0.92774,0.02048,1365,1
rs,10240,1280,8192,gpu,176,c_cublas,1,0.88166,0.86528,0.88166,0.03611,1365,1
rs,10240,1280,8192,gpu,176,A_gemmrs,0,1.10387,1.09875,1.10387,0.06786,1365,1
rs,10240,1280,8192,gpu,176,c_fluxgemm_only,2,0.92877,0.91238,0.92877,0.02675,1365,1
rs,10240,1280,8192,gpu,177,c_cublas,2,0.88269,0.86733,0.88166,0.03898,1365,1
rs,10240,1280,8192,gpu,177,A_gemmrs,0,1.17862,1.17146,1.17862,0.06615,1365,1
rs,10240,1280,8192,gpu,177,c_fluxgemm_only,1,0.92877,0.91238,0.92877,0.02045,1365,1
rs,10240,1280,8192,gpu,178,c_cublas,1,0.88269,0.87245,0.88269,0.03655,1365,1
rs,10240,1280,8192,gpu,178,A_gemmrs,0,1.11616,1.11104,1.11616,0.08359,1365,1
rs,10240,1280,8192,gpu,178,c_fluxgemm_only,2,0.92877,0.91750,0.92877,0.02278,1365,1
rs,10240,1280,8192,gpu,179,c_cublas,1,0.89293,0.87347,0.89293,0.03822,1365,1
rs,10240,1280,8192,gpu,179,A_gemmrs,2,1.12538,1.11411,1.12538,0.07144,1365,1
rs,10240,1280,8192,gpu,179,c_fluxgemm_only,0,0.93389,0.91750,0.93389,0.02288,1365,1
rs,10240,1280,8192,gpu,180,c_cublas,2,0.90112,0.87347,0.89293,0.03701,1365,1
rs,10240,1280,8192,gpu,180,A_gemmrs,0,1.14790,1.14176,1.14688,0.06502,1365,1
rs,10240,1280,8192,gpu,180,c_fluxgemm_only,1,0.94618,0.91750,0.93696,0.02040,1365,1
rs,10240,1280,8192,gpu,181,c_cublas,2,0.90112,0.87142,0.89190,0.04271,1365,1
rs,10240,1280,8192,gpu,181,A_gemmrs,0,1.20013,1.19603,1.19603,0.07912,1365,1
rs,10240,1280,8192,gpu,181,c_fluxgemm_only,1,0.94822,0.91853,0.93901,0.02072,1365,1
rs,10240,1280,8192,gpu,182,c_cublas,2,0.90010,0.87142,0.89293,0.03732,1365,1
rs,10240,1280,8192,gpu,182,A_gemmrs,0,1.13971,1.13152,1.13971,0.07408,1365,1
rs,10240,1280,8192,gpu,182,c_fluxgemm_only,1,0.94720,0.91853,0.93798,0.02067,1365,1
rs,10240,1280,8192,gpu,183,c_cublas,2,0.90010,0.87142,0.89293,0.03799,1365,1
rs,10240,1280,8192,gpu,183,A_gemmrs,0,1.10387,1.09978,1.10285,0.06701,1365,1
rs,10240,1280,8192,gpu,183,c_fluxgemm_only,1,0.94720,0.91750,0.93696,0.02520,1365,1
rs,10240,1280,8192,gpu,184,c_cublas,1,0.90010,0.87142,0.89088,0.03692,1365,1
rs,10240,1280,8192,gpu,184,A_gemmrs,0,1.16122,1.15405,1.15917,0.08882,1365,1
rs,10240,1280,8192,gpu,184,c_fluxgemm_only,2,0.94822,0.91955,0.93696,0.02257,1365,1
rs,10240,1280,8192,gpu,185,c_cublas,2,0.90010,0.87245,0.89190,0.03737,1365,1
rs,10240,1280,8192,gpu,185,A_gemmrs,0,1.18579,1.18272,1.18272,0.06758,1365,1
rs,10240,1280,8192,gpu,185,c_fluxgemm_only,1,0.94720,0.91853,0.93798,0.02157,1365,1
rs,10240,1280,8192,gpu,186,c_cublas,2,0.90010,0.87245,0.89190,0.03711,1365,1
rs,10240,1280,8192,gpu,186,A_gemmrs,0,1.11411,1.11002,1.11411,0.07895,1365,1
rs,10240,1280,8192,gpu,186,c_fluxgemm_only,1,0.94618,0.91750,0.93798,0.02054,1365,1
rs,10240,1280,8192,gpu,187,c_cublas,0,0.89907,0.87245,0.89190,0.03663,1365,1
rs,10240,1280,8192,gpu,187,A_gemmrs,1,1.16019,1.15405,1.16019,0.07025,1365,1
rs,10240,1280,8192,gpu,187,c_fluxgemm_only,2,0.94720,0.91750,0.93798,0.02079,1365,1
rs,10240,1280,8192,gpu,188,c_cublas,2,0.90214,0.87347,0.89395,0.03773,1365,1
rs,10240,1280,8192,gpu,188,A_gemmrs,0,1.10899,1.10592,1.10899,0.06686,1365,1
rs,10240,1280,8192,gpu,188,c_fluxgemm_only,1,0.94720,0.91750,0.93798,0.03476,1365,1
rs,10240,1280,8192,gpu,189,c_cublas,0,0.89907,0.87142,0.89088,0.04190,1350,1
rs,10240,1280,8192,gpu,189,A_gemmrs,2,1.18579,1.18170,1.18579,0.06209,1350,1
rs,10240,1280,8192,gpu,189,c_fluxgemm_only,1,0.94618,0.91750,0.93696,0.02290,1350,1
rs,10240,1280,8192,gpu,190,c_cublas,0,0.90214,0.87142,0.89190,0.03892,1350,1
rs,10240,1280,8192,gpu,190,A_gemmrs,1,1.18272,1.17658,1.18170,0.06554,1350,1
rs,10240,1280,8192,gpu,190,c_fluxgemm_only,2,0.94822,0.91750,0.93696,0.02030,1350,1
rs,10240,1280,8192,gpu,191,c_cublas,1,0.90317,0.87142,0.89293,0.03570,1350,1
rs,10240,1280,8192,gpu,191,A_gemmrs,0,1.15200,1.14790,1.15200,0.06561,1350,1
rs,10240,1280,8192,gpu,191,c_fluxgemm_only,2,0.94822,0.91750,0.93594,0.02210,1350,1
rs,10240,1280,8192,gpu,192,c_cublas,0,0.90419,0.87347,0.89293,0.03788,1350,1
rs,10240,1280,8192,gpu,192,A_gemmrs,2,1.16122,1.15302,1.16122,0.06192,1350,1
rs,10240,1280,8192,gpu,192,c_fluxgemm_only,1,0.94822,0.91750,0.93594,0.02255,1350,1
rs,10240,1280,8192,gpu,193,c_cublas,0,0.90214,0.87245,0.89293,0.03862,1350,1
rs,10240,1280,8192,gpu,193,A_gemmrs,1,1.20525,1.20218,1.20422,0.06761,1350,1
rs,10240,1280,8192,gpu,193,c_fluxgemm_only,2,0.94720,0.91750,0.93696,0.02072,1350,1
rs,10240,1280,8192,gpu,194,c_cublas,1,0.90317,0.87142,0.89190,0.03882,1350,1
rs,10240,1280,8192,gpu,194,A_gemmrs,2,1.20218,1.19296,1.20218,0.06559,1350,1
rs,10240,1280,8192,gpu,194,c_fluxgemm_only,0,0.94618,0.91750,0.93696,0.02168,1350,1
rs,10240,1280,8192,gpu,195,c_cublas,2,0.90214,0.87245,0.89190,0.03652,1350,1
rs,10240,1280,8192,gpu,195,A_gemmrs,1,1.16326,1.15610,1.16326,0.06222,1350,1
rs,10240,1280,8192,gpu,195,c_fluxgemm_only,0,0.94822,0.91750,0.93798,0.02282,1350,1
rs,10240,1280,8192,gpu,196,c_cublas,2,0.90419,0.87347,0.89498,0.03729,1350,1
rs,10240,1280,8192,gpu,196,A_gemmrs,0,1.14278,1.13766,1.14176,0.06776,1350,1
rs,10240,1280,8192,gpu,196,c_fluxgemm_only,1,0.94822,0.91853,0.93798,0.02048,1350,1
rs,10240,1280,8192,gpu,197,c_cublas,1,0.90317,0.87245,0.89293,0.04984,1350,1
rs,10240,1280,8192,gpu,197,A_gemmrs,0,1.20422,1.19603,1.19910,0.06724,1350,1
rs,10240,1280,8192,gpu,197,c_fluxgemm_only,2,0.94925,0.91750,0.93798,0.02303,1350,1
rs,10240,1280,8192,gpu,198,c_cublas,0,0.90214,0.87245,0.89190,0.04263,1350,1
rs,10240,1280,8192,gpu,198,A_gemmrs,1,1.17248,1.16634,1.17146,0.06810,1350,1
rs,10240,1280,8192,gpu,198,c_fluxgemm_only,2,0.94720,0.91853,0.93798,0.02017,1350,1
rs,10240,1280,8192,gpu,199,c_cublas,0,0.90317,0.87142,0.89395,0.03860,1350,1
rs,10240,1280,8192,gpu,199,A_gemmrs,2,1.16941,1.16224,1.16941,0.07785,1350,1
rs,10240,1280,8192,gpu,199,c_fluxgemm_only,1,0.94925,0.90931,0.93696,0.02263,1350,1
rs,10240,1280,8192,steady,0,c_cublas,0,0.96435,0.93421,0.95366,0.03002,0,1
rs,10240,1280,8192,steady,0,A_gemmrs,2,1.17082,1.17062,1.17062,0.03641,0,1
rs,10240,1280,8192,steady,0,c_fluxgemm_only,1,1.01274,0.98035,1.00115,0.01213,0,1
rs,10240,1280,8192,steady,1,c_cublas,2,0.96448,0.93869,0.96198,0.01465,0,1
rs,10240,1280,8192,steady,1,A_gemmrs,1,1.20979,1.20954,1.20966,0.03411,0,1
rs,10240,1280,8192,steady,1,c_fluxgemm_only,0,1.01414,0.98227,1.01414,0.01140,0,1
rs,10240,1280,8192,steady,2,c_cublas,0,0.95808,0.92832,0.95622,0.01480,1245,1
rs,10240,1280,8192,steady,2,A_gemmrs,1,1.18541,1.18528,1.18534,0.03555,1245,1
rs,10240,1280,8192,steady,2,c_fluxgemm_only,2,0.99539,0.96813,0.99488,0.01112,1245,1
rs,10240,1280,8192,steady,3,c_cublas,2,0.97312,0.94157,0.97312,0.01860,1245,1
rs,10240,1280,8192,steady,3,A_gemmrs,0,1.20326,1.20294,1.20314,0.03450,1245,1
rs,10240,1280,8192,steady,3,c_fluxgemm_only,1,1.01466,0.98394,1.01331,0.01127,1245,1
rs,10240,1280,8192,steady,4,c_cublas,1,0.95744,0.92979,0.95744,0.01486,1230,1
rs,10240,1280,8192,steady,4,A_gemmrs,2,1.18733,1.18714,1.18726,0.03522,1230,1
rs,10240,1280,8192,steady,4,c_fluxgemm_only,0,1.01862,0.98099,1.01862,0.01193,1230,1
rs,10240,1280,8192,steady,5,c_cublas,1,0.96672,0.92992,0.96672,0.01599,1230,1
rs,10240,1280,8192,steady,5,A_gemmrs,2,1.17562,1.17542,1.17562,0.03308,1230,1
rs,10240,1280,8192,steady,5,c_fluxgemm_only,0,1.00403,0.97523,1.00403,0.01140,1230,1
rs,10240,1280,8192,steady,6,c_cublas,2,0.97830,0.94131,0.97830,0.01508,1230,1
rs,10240,1280,8192,steady,6,A_gemmrs,0,1.16634,1.16499,1.16627,0.03348,1230,1
rs,10240,1280,8192,steady,6,c_fluxgemm_only,1,1.02458,0.99206,1.02458,0.01126,1230,1
rs,10240,1280,8192,steady,7,c_cublas,1,0.97856,0.92774,0.97856,0.01628,1230,1
rs,10240,1280,8192,steady,7,A_gemmrs,2,1.18374,1.18362,1.18362,0.03331,1230,1
rs,10240,1280,8192,steady,7,c_fluxgemm_only,0,1.02931,0.98470,1.02931,0.01154,1230,1
rs,10240,1280,8192,steady,8,c_cublas,2,0.96678,0.94899,0.96646,0.01490,1230,1
rs,10240,1280,8192,steady,8,A_gemmrs,0,1.17190,1.17088,1.17152,0.03532,1230,1
rs,10240,1280,8192,steady,8,c_fluxgemm_only,1,1.01651,0.98752,1.01651,0.01131,1230,1
rs,10240,1280,8192,steady,9,c_cublas,1,0.96224,0.93894,0.95034,0.01528,1245,1
rs,10240,1280,8192,steady,9,A_gemmrs,0,1.19072,1.18912,1.18912,0.03499,1245,1
rs,10240,1280,8192,steady,9,c_fluxgemm_only,2,1.01357,0.98995,1.00134,0.01152,1245,1
rs,10240,1280,8192,steady,10,c_cublas,0,0.96384,0.93882,0.95046,0.01510,1245,1
rs,10240,1280,8192,steady,10,A_gemmrs,2,1.17453,1.17440,1.17453,0.03474,1245,1
rs,10240,1280,8192,steady,10,c_fluxgemm_only,1,1.00192,0.98202,0.99526,0.01133,1245,1
rs,10240,1280,8192,steady,11,c_cublas,2,0.97408,0.94176,0.96224,0.01698,1245,1
rs,10240,1280,8192,steady,11,A_gemmrs,1,1.18714,1.18688,1.18694,0.03378,1245,1
rs,10240,1280,8192,steady,11,c_fluxgemm_only,0,1.00486,0.98778,1.00486,0.01340,1245,1
rs,10240,1280,8192,steady,12,c_cublas,0,0.96704,0.94189,0.96192,0.01505,1245,1
rs,10240,1280,8192,steady,12,A_gemmrs,1,1.18381,1.18362,1.18381,0.03588,1245,1
rs,10240,1280,8192,steady,12,c_fluxgemm_only,2,1.00774,0.98093,1.00774,0.01121,1245,1
rs,10240,1280,8192,steady,13,c_cublas,1,0.96237,0.93005,0.96237,0.01515,1245,1
rs,10240,1280,8192,steady,13,A_gemmrs,0,1.17952,1.17933,1.17952,0.03505,1245,1
rs,10240,1280,8192,steady,13,c_fluxgemm_only,2,1.01293,0.98074,1.01293,0.01128,1245,1
rs,10240,1280,8192,steady,14,c_cublas,1,0.96723,0.93024,0.96250,0.01644,1245,1
rs,10240,1280,8192,steady,14,A_gemmrs,0,1.17939,1.17920,1.17926,0.03371,1245,1
rs,10240,1280,8192,steady,14,c_fluxgemm_only,2,1.00864,0.98099,1.00646,0.01128,1245,1
rs,10240,1280,8192,steady,15,c_cublas,1,0.95360,0.92883,0.95360,0.01639,1245,1
rs,10240,1280,8192,steady,15,A_gemmrs,0,1.19213,1.18598,1.19213,0.04397,1245,1
rs,10240,1280,8192,steady,15,c_fluxgemm_only,2,1.00442,0.97920,1.00442,0.01180,1245,1
rs,10240,1280,8192,steady,16,c_cublas,0,0.95475,0.92890,0.95360,0.01705,1260,1
rs,10240,1280,8192,steady,16,A_gemmrs,1,1.16461,1.16448,1.16454,0.03566,1260,1
rs,10240,1280,8192,steady,16,c_fluxgemm_only,2,1.00794,0.97869,1.00794,0.01200,1260,1
rs,10240,1280,8192,steady,17,c_cublas,0,0.96512,0.92717,0.96512,0.01507,1245,1
rs,10240,1280,8192,steady,17,A_gemmrs,2,1.18803,1.18784,1.18790,0.03467,1245,1
rs,10240,1280,8192,steady,17,c_fluxgemm_only,1,1.01312,0.97875,1.01312,0.01161,1245,1
rs,10240,1280,8192,steady,18,c_cublas,0,0.96480,0.93242,0.96480,0.01494,1245,1
rs,10240,1280,8192,steady,18,A_gemmrs,1,1.18016,1.17997,1.18003,0.03528,1245,1
rs,10240,1280,8192,steady,18,c_fluxgemm_only,2,1.00531,0.98093,1.00128,0.01114,1245,1
rs,10240,1280,8192,steady,19,c_cublas,1,0.96704,0.94208,0.96653,0.01525,1245,1
rs,10240,1280,8192,steady,19,A_gemmrs,2,1.20429,1.20410,1.20429,0.03456,1245,1
rs,10240,1280,8192,steady,19,c_fluxgemm_only,0,1.01382,0.99027,1.00896,0.01143,1245,1
rs,10240,1280,8192,steady,20,c_cublas,1,0.97318,0.93888,0.96653,0.01606,1245,1
rs,10240,1280,8192,steady,20,A_gemmrs,2,1.18771,1.18746,1.18771,0.03354,1245,1
rs,10240,1280,8192,steady,20,c_fluxgemm_only,0,1.01741,0.98458,1.01741,0.01136,1245,1
rs,10240,1280,8192,steady,21,c_cublas,2,0.96339,0.92986,0.96218,0.01541,1245,1
rs,10240,1280,8192,steady,21,A_gemmrs,1,1.18554,1.18528,1.18554,0.03309,1245,1
rs,10240,1280,8192,steady,21,c_fluxgemm_only,0,1.01427,0.98170,1.00896,0.01212,1245,1
rs,10240,1280,8192,steady,22,c_cublas,2,0.96326,0.92992,0.96230,0.01469,1245,1
rs,10240,1280,8192,steady,22,A_gemmrs,1,1.21005,1.20973,1.20992,0.03654,1245,1
rs,10240,1280,8192,steady,22,c_fluxgemm_only,0,1.01574,0.98099,1.01306,0.01143,1245,1
rs,10240,1280,8192,steady,23,c_cublas,2,0.96038,0.92653,0.95354,0.01488,1245,1
rs,10240,1280,8192,steady,23,A_gemmrs,0,1.20205,1.20147,1.20192,0.03441,1245,1
rs,10240,1280,8192,steady,23,c_fluxgemm_only,1,1.00454,0.97062,1.00454,0.01115,1245,1
rs,10240,1280,8192,steady,24,c_cublas,0,0.95347,0.92614,0.95347,0.01469,1260,1
rs,10240,1280,8192,steady,24,A_gemmrs,1,1.16550,1.16493,1.16544,0.03526,1260,1
rs,10240,1280,8192,steady,24,c_fluxgemm_only,2,1.01478,0.97107,1.01478,0.01146,1260,1
rs,10240,1280,8192,steady,25,c_cublas,0,0.96538,0.93792,0.96499,0.01610,1245,1
rs,10240,1280,8192,steady,25,A_gemmrs,1,1.19405,1.19386,1.19386,0.03474,1245,1
rs,10240,1280,8192,steady,25,c_fluxgemm_only,2,1.01344,0.98099,1.00538,0.01139,1245,1
rs,10240,1280,8192,steady,26,c_cublas,1,0.96422,0.94170,0.96224,0.02066,1245,1
rs,10240,1280,8192,steady,26,A_gemmrs,2,1.19110,1.19085,1.19098,0.03533,1245,1
rs,10240,1280,8192,steady,26,c_fluxgemm_only,0,1.01382,0.98630,1.01306,0.01118,1245,1
rs,10240,1280,8192,steady,27,c_cublas,1,0.96666,0.94746,0.96666,0.01634,1245,1
rs,10240,1280,8192,steady,27,A_gemmrs,2,1.19008,1.18995,1.19002,0.03445,1245,1
rs,10240,1280,8192,steady,27,c_fluxgemm_only,0,1.01728,0.99078,1.01728,0.01148,1245,1
rs,10240,1280,8192,steady,28,c_cublas,1,0.96698,0.93920,0.96698,0.01478,1245,1
rs,10240,1280,8192,steady,28,A_gemmrs,0,1.17075,1.16922,1.17043,0.03511,1245,1
rs,10240,1280,8192,steady,28,c_fluxgemm_only,2,1.01587,0.98515,1.01587,0.01279,1245,1
rs,10240,1280,8192,steady,29,c_cublas,0,0.96698,0.93005,0.96442,0.01507,1245,1
rs,10240,1280,8192,steady,29,A_gemmrs,1,1.18304,1.18291,1.18304,0.03631,1245,1
rs,10240,1280,8192,steady,29,c_fluxgemm_only,2,1.00710,0.98112,1.00710,0.01108,1245,1
rs,10240,1280,8192,steady,30,c_cublas,0,0.96339,0.92992,0.96288,0.01519,1245,1
rs,10240,1280,8192,steady,30,A_gemmrs,1,1.19078,1.19053,1.19072,0.03432,1245,1
rs,10240,1280,8192,steady,30,c_fluxgemm_only,2,1.00480,0.97606,1.00141,0.01129,1245,1
rs,10240,1280,8192,steady,31,c_cublas,1,0.96230,0.94118,0.96224,0.01618,1245,1
rs,10240,1280,8192,steady,31,A_gemmrs,2,1.19034,1.18982,1.18982,0.03475,1245,1
rs,10240,1280,8192,steady,31,c_fluxgemm_only,0,1.01338,0.99245,1.01152,0.01126,1245,1
rs,10240,1280,8192,steady,32,c_cublas,1,0.96320,0.92986,0.96218,0.01488,1245,1
rs,10240,1280,8192,steady,32,A_gemmrs,2,1.18918,1.18893,1.18912,0.03439,1245,1
rs,10240,1280,8192,steady,32,c_fluxgemm_only,0,1.01414,0.98182,1.01414,0.01175,1245,1
rs,10240,1280,8192,steady,33,c_cublas,0,0.95821,0.93222,0.95270,0.01498,1245,1
rs,10240,1280,8192,steady,33,A_gemmrs,1,1.17798,1.17773,1.17792,0.03464,1245,1
rs,10240,1280,8192,steady,33,c_fluxgemm_only,2,1.01478,0.98093,1.00826,0.01108,1245,1
rs,10240,1280,8192,steady,34,c_cublas,1,0.96717,0.94150,0.96224,0.01471,1245,1
rs,10240,1280,8192,steady,34,A_gemmrs,0,1.19053,1.19040,1.19053,0.03474,1245,1
rs,10240,1280,8192,steady,34,c_fluxgemm_only,2,1.01587,0.98995,1.01459,0.01162,1245,1
rs,10240,1280,8192,steady,35,c_cublas,0,0.96819,0.93766,0.96819,0.01662,1245,1
rs,10240,1280,8192,steady,35,A_gemmrs,2,1.16794,1.16781,1.16787,0.03487,1245,1
rs,10240,1280,8192,steady,35,c_fluxgemm_only,1,1.00781,0.97888,1.00781,0.01157,1245,1
rs,10240,1280,8192,steady,36,c_cublas,1,0.96666,0.93606,0.96666,0.01523,1245,1
rs,10240,1280,8192,steady,36,A_gemmrs,0,1.17126,1.16838,1.17114,0.03477,1245,1
rs,10240,1280,8192,steady,36,c_fluxgemm_only,2,1.01530,0.98957,1.01530,0.01129,1245,1
rs,10240,1280,8192,steady,37,c_cublas,1,0.96218,0.93805,0.96218,0.01706,1245,1
rs,10240,1280,8192,steady,37,A_gemmrs,0,1.17818,1.17805,1.17811,0.03371,1245,1
rs,10240,1280,8192,steady,37,c_fluxgemm_only,2,1.00467,0.98624,1.00467,0.01118,1245,1
rs,10240,1280,8192,steady,38,c_cublas,2,0.96301,0.94170,0.96218,0.01573,1245,1
rs,10240,1280,8192,steady,38,A_gemmrs,0,1.18662,1.18579,1.18579,0.03489,1245,1
rs,10240,1280,8192,steady,38,c_fluxgemm_only,1,1.00774,0.99110,1.00621,0.01145,1245,1
rs,10240,1280,8192,steady,39,c_cublas,0,0.96403,0.93920,0.96403,0.01967,1245,1
rs,10240,1280,8192,steady,39,A_gemmrs,1,1.18483,1.18451,1.18451,0.03432,1245,1
rs,10240,1280,8192,steady,39,c_fluxgemm_only,2,1.00186,0.98067,1.00173,0.01145,1245,1
rs,10240,1280,8192,steady,40,c_cublas,1,0.97158,0.94189,0.96224,0.01751,1245,1
rs,10240,1280,8192,steady,40,A_gemmrs,2,1.18490,1.18470,1.18490,0.03383,1245,1
rs,10240,1280,8192,steady,40,c_fluxgemm_only,0,1.02330,0.99053,1.00749,0.01171,1245,1
rs,10240,1280,8192,steady,41,c_cublas,1,0.97312,0.93862,0.97312,0.01544,1245,1
rs,10240,1280,8192,steady,41,A_gemmrs,2,1.18944,1.18925,1.18931,0.03641,1245,1
rs,10240,1280,8192,steady,41,c_fluxgemm_only,0,1.01434,0.98618,1.01434,0.01165,1245,1
rs,10240,1280,8192,steady,42,c_cublas,0,0.96723,0.92838,0.96723,0.01742,1245,1
rs,10240,1280,8192,steady,42,A_gemmrs,1,1.18778,1.18765,1.18771,0.03496,1245,1
rs,10240,1280,8192,steady,42,c_fluxgemm_only,2,1.01293,0.97062,1.01293,0.01127,1245,1
rs,10240,1280,8192,steady,43,c_cublas,2,0.96333,0.93005,0.96224,0.01544,1245,1
rs,10240,1280,8192,steady,43,A_gemmrs,1,1.20045,1.20026,1.20045,0.03636,1245,1
rs,10240,1280,8192,steady,43,c_fluxgemm_only,0,1.01376,0.97453,1.01376,0.01155,1245,1
rs,10240,1280,8192,steady,44,c_cublas,1,0.95802,0.92998,0.95802,0.01500,1245,1
rs,10240,1280,8192,steady,44,A_gemmrs,0,1.19539,1.19520,1.19533,0.03392,1245,1
rs,10240,1280,8192,steady,44,c_fluxgemm_only,2,1.01600,0.97363,1.01600,0.01120,1245,1
rs,10240,1280,8192,steady,45,c_cublas,0,0.96698,0.92006,0.96698,0.01944,1245,1
rs,10240,1280,8192,steady,45,A_gemmrs,1,1.18733,1.18701,1.18726,0.03514,1245,1
rs,10240,1280,8192,steady,45,c_fluxgemm_only,2,1.00621,0.97203,1.00448,0.01113,1245,1
rs,10240,1280,8192,steady,46,c_cublas,0,0.97382,0.93043,0.97382,0.01505,1230,1
rs,10240,1280,8192,steady,46,A_gemmrs,2,1.19520,1.19501,1.19507,0.03481,1230,1
rs,10240,1280,8192,steady,46,c_fluxgemm_only,1,1.02221,0.99027,1.02221,0.01136,1230,1
rs,10240,1280,8192,steady,47,c_cublas,1,0.97389,0.93888,0.97389,0.01602,1230,1
rs,10240,1280,8192,steady,47,A_gemmrs,2,1.18381,1.18374,1.18381,0.03621,1230,1
rs,10240,1280,8192,steady,47,c_fluxgemm_only,0,1.01869,0.98502,1.01869,0.01391,1230,1
rs,10240,1280,8192,steady,48,c_cublas,1,0.96224,0.93907,0.96224,0.01495,1230,1
rs,10240,1280,8192,steady,48,A_gemmrs,2,1.18547,1.18528,1.18541,0.03564,1230,1
rs,10240,1280,8192,steady,48,c_fluxgemm_only,0,1.01395,0.97990,1.01395,0.01182,1230,1
rs,10240,1280,8192,steady,49,c_cublas,2,0.97824,0.94163,0.97824,0.01500,1245,1
rs,10240,1280,8192,steady,49,A_gemmrs,0,1.16653,1.16480,1.16538,0.03390,1245,1
rs,10240,1280,8192,steady,49,c_fluxgemm_only,1,1.01990,0.98694,1.01990,0.01215,1245,1
