group,dim0,dim1,M,mode,round,item,order_pos,rank_max_ms,rank_min_ms,rank0_ms,cpu_launch_rank_max_ms,min_sm_clock_mhz,kept
ag,5120,10240,16,gpu,0,c_cublas,0,0.11776,0.11674,0.11674,0.04037,0,1
ag,5120,10240,16,gpu,0,c_fluxgemm,3,0.12186,0.11776,0.12186,0.04043,0,1
ag,5120,10240,16,gpu,0,c_flux_ag,1,0.04627,0.04317,0.04627,0.04779,0,1
ag,5120,10240,16,gpu,0,A_fused,2,0.15360,0.14438,0.15360,0.06229,0,1
ag,5120,10240,16,gpu,1,c_cublas,3,0.08704,0.08499,0.08704,0.03696,0,1
ag,5120,10240,16,gpu,1,c_fluxgemm,0,0.12288,0.11469,0.12288,0.03414,0,1
ag,5120,10240,16,gpu,1,c_flux_ag,2,0.04832,0.04294,0.04832,0.03505,0,1
ag,5120,10240,16,gpu,1,A_fused,1,0.15667,0.14643,0.15667,0.05966,0,1
ag,5120,10240,16,gpu,2,c_cublas,3,0.08499,0.08499,0.08499,0.03481,0,1
ag,5120,10240,16,gpu,2,c_fluxgemm,2,0.12288,0.11674,0.12288,0.03588,0,1
ag,5120,10240,16,gpu,2,c_flux_ag,1,0.04544,0.04534,0.04544,0.04104,0,1
ag,5120,10240,16,gpu,2,A_fused,0,0.15565,0.14848,0.15565,0.06082,0,1
ag,5120,10240,16,gpu,3,c_cublas,3,0.08499,0.08397,0.08499,0.03519,0,1
ag,5120,10240,16,gpu,3,c_fluxgemm,0,0.12288,0.11366,0.12288,0.04374,0,1
ag,5120,10240,16,gpu,3,c_flux_ag,2,0.04554,0.04470,0.04470,0.03470,0,1
ag,5120,10240,16,gpu,3,A_fused,1,0.15462,0.14438,0.15462,0.05721,0,1
ag,5120,10240,16,gpu,4,c_cublas,2,0.08499,0.08499,0.08499,0.03393,0,1
ag,5120,10240,16,gpu,4,c_fluxgemm,1,0.12186,0.11469,0.12186,0.03588,0,1
ag,5120,10240,16,gpu,4,c_flux_ag,0,0.04573,0.04346,0.04573,0.03879,0,1
ag,5120,10240,16,gpu,4,A_fused,3,0.15155,0.14438,0.15155,0.05792,0,1
ag,5120,10240,16,gpu,5,c_cublas,2,0.08704,0.08499,0.08704,0.03381,0,1
ag,5120,10240,16,gpu,5,c_fluxgemm,3,0.12288,0.11469,0.12288,0.03634,0,1
ag,5120,10240,16,gpu,5,c_flux_ag,0,0.04803,0.04774,0.04774,0.03671,0,1
ag,5120,10240,16,gpu,5,A_fused,1,0.15667,0.15360,0.15667,0.05365,0,1
ag,5120,10240,16,gpu,6,c_cublas,0,0.08499,0.08499,0.08499,0.03681,0,1
ag,5120,10240,16,gpu,6,c_fluxgemm,3,0.12186,0.11366,0.12186,0.03491,0,1
ag,5120,10240,16,gpu,6,c_flux_ag,2,0.04522,0.04291,0.04291,0.03520,0,1
ag,5120,10240,16,gpu,6,A_fused,1,0.15462,0.14848,0.15462,0.05999,0,1
ag,5120,10240,16,gpu,7,c_cublas,3,0.08602,0.08397,0.08602,0.03414,0,1
ag,5120,10240,16,gpu,7,c_fluxgemm,1,0.12288,0.11366,0.12288,0.03405,0,1
ag,5120,10240,16,gpu,7,c_flux_ag,0,0.04986,0.04851,0.04851,0.03693,0,1
ag,5120,10240,16,gpu,7,A_fused,2,0.15258,0.14643,0.15258,0.05354,0,1
ag,5120,10240,16,gpu,8,c_cublas,0,0.08602,0.08397,0.08602,0.03123,0,1
ag,5120,10240,16,gpu,8,c_fluxgemm,3,0.12186,0.11571,0.12186,0.03892,0,1
ag,5120,10240,16,gpu,8,c_flux_ag,1,0.04624,0.04531,0.04531,0.04449,0,1
ag,5120,10240,16,gpu,8,A_fused,2,0.15258,0.14234,0.15258,0.05945,0,1
ag,5120,10240,16,gpu,9,c_cublas,1,0.08602,0.08397,0.08602,0.03394,0,1
ag,5120,10240,16,gpu,9,c_fluxgemm,2,0.12186,0.11981,0.12186,0.03605,0,1
ag,5120,10240,16,gpu,9,c_flux_ag,3,0.04909,0.04630,0.04630,0.04796,0,1
ag,5120,10240,16,gpu,9,A_fused,0,0.15667,0.14643,0.15667,0.05830,0,1
ag,5120,10240,16,gpu,10,c_cublas,1,0.08602,0.08397,0.08602,0.03429,0,1
ag,5120,10240,16,gpu,10,c_fluxgemm,0,0.12288,0.11469,0.12288,0.03612,0,1
ag,5120,10240,16,gpu,10,c_flux_ag,2,0.04541,0.04400,0.04541,0.03873,0,1
ag,5120,10240,16,gpu,10,A_fused,3,0.15462,0.14234,0.15462,0.05314,0,1
ag,5120,10240,16,gpu,11,c_cublas,1,0.08499,0.08499,0.08499,0.03431,0,1
ag,5120,10240,16,gpu,11,c_fluxgemm,0,0.12186,0.11366,0.12186,0.03827,0,1
ag,5120,10240,16,gpu,11,c_flux_ag,3,0.04355,0.04278,0.04278,0.03443,0,1
ag,5120,10240,16,gpu,11,A_fused,2,0.15462,0.14643,0.15462,0.05911,0,1
ag,5120,10240,16,gpu,12,c_cublas,0,0.08499,0.08499,0.08499,0.03428,0,1
ag,5120,10240,16,gpu,12,c_fluxgemm,1,0.12288,0.11469,0.12288,0.03706,0,1
ag,5120,10240,16,gpu,12,c_flux_ag,2,0.04701,0.04176,0.04701,0.03753,0,1
ag,5120,10240,16,gpu,12,A_fused,3,0.14643,0.14438,0.14438,0.05243,0,1
ag,5120,10240,16,gpu,13,c_cublas,0,0.08602,0.08499,0.08499,0.03430,0,1
ag,5120,10240,16,gpu,13,c_fluxgemm,1,0.11878,0.11776,0.11776,0.03721,0,1
ag,5120,10240,16,gpu,13,c_flux_ag,2,0.04605,0.04093,0.04093,0.03789,0,1
ag,5120,10240,16,gpu,13,A_fused,3,0.14643,0.14131,0.14131,0.05987,0,1
ag,5120,10240,16,gpu,14,c_cublas,2,0.08499,0.08294,0.08294,0.03438,0,1
ag,5120,10240,16,gpu,14,c_fluxgemm,3,0.11571,0.11469,0.11469,0.03758,0,1
ag,5120,10240,16,gpu,14,c_flux_ag,1,0.04214,0.04122,0.04214,0.03311,0,1
ag,5120,10240,16,gpu,14,A_fused,0,0.14746,0.14234,0.14746,0.05420,0,1
ag,5120,10240,16,gpu,15,c_cublas,2,0.08602,0.08397,0.08397,0.03385,0,1
ag,5120,10240,16,gpu,15,c_fluxgemm,3,0.11469,0.11366,0.11469,0.03648,0,1
ag,5120,10240,16,gpu,15,c_flux_ag,0,0.04576,0.04477,0.04477,0.03812,0,1
ag,5120,10240,16,gpu,15,A_fused,1,0.14746,0.14746,0.14746,0.05337,0,1
ag,5120,10240,16,gpu,16,c_cublas,1,0.08499,0.08397,0.08397,0.03406,0,1
ag,5120,10240,16,gpu,16,c_fluxgemm,3,0.11571,0.11366,0.11571,0.03509,0,1
ag,5120,10240,16,gpu,16,c_flux_ag,0,0.04582,0.04573,0.04573,0.03975,0,1
ag,5120,10240,16,gpu,16,A_fused,2,0.14746,0.14336,0.14336,0.05917,0,1
ag,5120,10240,16,gpu,17,c_cublas,1,0.08602,0.08499,0.08499,0.03387,0,1
ag,5120,10240,16,gpu,17,c_fluxgemm,0,0.11878,0.11469,0.11469,0.03365,0,1
ag,5120,10240,16,gpu,17,c_flux_ag,3,0.04490,0.04397,0.04490,0.03494,0,1
ag,5120,10240,16,gpu,17,A_fused,2,0.14643,0.14541,0.14541,0.05873,0,1
ag,5120,10240,16,gpu,18,c_cublas,3,0.08499,0.08294,0.08294,0.03357,0,1
ag,5120,10240,16,gpu,18,c_fluxgemm,0,0.11571,0.11366,0.11571,0.03681,0,1
ag,5120,10240,16,gpu,18,c_flux_ag,1,0.04640,0.04406,0.04406,0.03751,0,1
ag,5120,10240,16,gpu,18,A_fused,2,0.14848,0.14131,0.14131,0.05370,0,1
ag,5120,10240,16,gpu,19,c_cublas,3,0.08499,0.08499,0.08499,0.03448,0,1
ag,5120,10240,16,gpu,19,c_fluxgemm,2,0.11366,0.11366,0.11366,0.03530,0,1
ag,5120,10240,16,gpu,19,c_flux_ag,1,0.04426,0.03779,0.04426,0.03453,0,1
ag,5120,10240,16,gpu,19,A_fused,0,0.14541,0.14234,0.14541,0.06455,0,1
ag,5120,10240,16,gpu,20,c_cublas,1,0.08397,0.08397,0.08397,0.03365,0,1
ag,5120,10240,16,gpu,20,c_fluxgemm,0,0.11469,0.11264,0.11469,0.03856,0,1
ag,5120,10240,16,gpu,20,c_flux_ag,3,0.17808,0.06064,0.06064,0.03954,0,1
ag,5120,10240,16,gpu,20,A_fused,2,0.14746,0.14643,0.14746,0.06501,0,1
ag,5120,10240,16,gpu,21,c_cublas,0,0.08499,0.08397,0.08397,0.03444,1410,1
ag,5120,10240,16,gpu,21,c_fluxgemm,1,0.11981,0.11571,0.11571,0.03847,1410,1
ag,5120,10240,16,gpu,21,c_flux_ag,2,0.04602,0.03773,0.03773,0.03861,1410,1
ag,5120,10240,16,gpu,21,A_fused,3,0.14234,0.14131,0.14131,0.05522,1410,1
ag,5120,10240,16,gpu,22,c_cublas,2,0.08602,0.08602,0.08602,0.03417,1410,1
ag,5120,10240,16,gpu,22,c_fluxgemm,1,0.11571,0.11469,0.11571,0.03550,1410,1
ag,5120,10240,16,gpu,22,c_flux_ag,0,0.04317,0.04253,0.04253,0.03854,1410,1
ag,5120,10240,16,gpu,22,A_fused,3,0.14848,0.14131,0.14131,0.05820,1410,1
ag,5120,10240,16,gpu,23,c_cublas,3,0.08397,0.08294,0.08294,0.03404,1410,1
ag,5120,10240,16,gpu,23,c_fluxgemm,1,0.11571,0.11571,0.11571,0.03421,1410,1
ag,5120,10240,16,gpu,23,c_flux_ag,2,0.04294,0.04138,0.04138,0.03596,1410,1
ag,5120,10240,16,gpu,23,A_fused,0,0.14950,0.14234,0.14234,0.05510,1410,1
ag,5120,10240,16,gpu,24,c_cublas,1,0.08397,0.08397,0.08397,0.03370,1410,1
ag,5120,10240,16,gpu,24,c_fluxgemm,3,0.11674,0.11366,0.11674,0.04186,1410,1
ag,5120,10240,16,gpu,24,c_flux_ag,0,0.04720,0.04026,0.04026,0.04866,1410,1
ag,5120,10240,16,gpu,24,A_fused,2,0.14541,0.14234,0.14234,0.05712,1410,1
ag,5120,10240,16,gpu,25,c_cublas,2,0.08499,0.08397,0.08397,0.03414,1410,1
ag,5120,10240,16,gpu,25,c_fluxgemm,0,0.11571,0.11469,0.11571,0.03342,1410,1
ag,5120,10240,16,gpu,25,c_flux_ag,3,0.04426,0.04182,0.04182,0.03869,1410,1
ag,5120,10240,16,gpu,25,A_fused,1,0.14438,0.14131,0.14438,0.05480,1410,1
ag,5120,10240,16,gpu,26,c_cublas,0,0.08499,0.08397,0.08499,0.03454,1410,1
ag,5120,10240,16,gpu,26,c_fluxgemm,1,0.11469,0.11264,0.11469,0.03805,1410,1
ag,5120,10240,16,gpu,26,c_flux_ag,3,0.04691,0.04326,0.04691,0.03384,1410,1
ag,5120,10240,16,gpu,26,A_fused,2,0.14950,0.14643,0.14950,0.05586,1410,1
ag,5120,10240,16,gpu,27,c_cublas,2,0.08499,0.08294,0.08294,0.03491,1410,1
ag,5120,10240,16,gpu,27,c_fluxgemm,1,0.11776,0.11674,0.11674,0.03529,1410,1
ag,5120,10240,16,gpu,27,c_flux_ag,0,0.04784,0.04435,0.04435,0.03556,1410,1
ag,5120,10240,16,gpu,27,A_fused,3,0.14746,0.14541,0.14541,0.05854,1410,1
ag,5120,10240,16,gpu,28,c_cublas,1,0.08397,0.08294,0.08294,0.03379,1410,1
ag,5120,10240,16,gpu,28,c_fluxgemm,0,0.11469,0.11469,0.11469,0.03636,1410,1
ag,5120,10240,16,gpu,28,c_flux_ag,3,0.04538,0.04240,0.04240,0.03441,1410,1
ag,5120,10240,16,gpu,28,A_fused,2,0.14848,0.14643,0.14643,0.05725,1410,1
ag,5120,10240,16,gpu,29,c_cublas,2,0.08602,0.08294,0.08294,0.03433,1410,1
ag,5120,10240,16,gpu,29,c_fluxgemm,3,0.11571,0.11469,0.11571,0.03842,1410,1
ag,5120,10240,16,gpu,29,c_flux_ag,1,0.04294,0.03904,0.03904,0.03407,1410,1
ag,5120,10240,16,gpu,29,A_fused,0,0.14950,0.14643,0.14643,0.05699,1410,1
ag,5120,10240,16,gpu,30,c_cublas,2,0.08499,0.08397,0.08499,0.03438,1410,1
ag,5120,10240,16,gpu,30,c_fluxgemm,0,0.11674,0.11469,0.11674,0.03707,1410,1
ag,5120,10240,16,gpu,30,c_flux_ag,3,0.04426,0.04173,0.04426,0.04022,1410,1
ag,5120,10240,16,gpu,30,A_fused,1,0.14950,0.14643,0.14950,0.06074,1410,1
ag,5120,10240,16,gpu,31,c_cublas,1,0.08397,0.08294,0.08294,0.03424,1410,1
ag,5120,10240,16,gpu,31,c_fluxgemm,0,0.11571,0.11571,0.11571,0.03715,1410,1
ag,5120,10240,16,gpu,31,c_flux_ag,3,0.04486,0.04445,0.04486,0.03353,1410,1
ag,5120,10240,16,gpu,31,A_fused,2,0.15053,0.14541,0.15053,0.05979,1410,1
ag,5120,10240,16,gpu,32,c_cublas,3,0.08499,0.08397,0.08397,0.03444,1410,1
ag,5120,10240,16,gpu,32,c_fluxgemm,2,0.11469,0.11469,0.11469,0.04399,1410,1
ag,5120,10240,16,gpu,32,c_flux_ag,1,0.04589,0.04397,0.04589,0.03329,1410,1
ag,5120,10240,16,gpu,32,A_fused,0,0.14848,0.14643,0.14848,0.05605,1410,1
ag,5120,10240,16,gpu,33,c_cublas,0,0.08602,0.08499,0.08499,0.03179,1410,1
ag,5120,10240,16,gpu,33,c_fluxgemm,3,0.11776,0.11469,0.11469,0.03527,1410,1
ag,5120,10240,16,gpu,33,c_flux_ag,1,0.04563,0.04374,0.04563,0.04010,1410,1
ag,5120,10240,16,gpu,33,A_fused,2,0.14746,0.14643,0.14643,0.05413,1410,1
ag,5120,10240,16,gpu,34,c_cublas,1,0.08499,0.08397,0.08397,0.03431,1410,1
ag,5120,10240,16,gpu,34,c_fluxgemm,0,0.11776,0.11469,0.11776,0.03417,1410,1
ag,5120,10240,16,gpu,34,c_flux_ag,2,0.04592,0.04586,0.04592,0.04062,1410,1
ag,5120,10240,16,gpu,34,A_fused,3,0.14746,0.14438,0.14746,0.05417,1410,1
ag,5120,10240,16,gpu,35,c_cublas,1,0.08602,0.08294,0.08294,0.03394,1410,1
ag,5120,10240,16,gpu,35,c_fluxgemm,3,0.11366,0.11264,0.11366,0.03561,1410,1
ag,5120,10240,16,gpu,35,c_flux_ag,2,0.04214,0.04019,0.04214,0.03769,1410,1
ag,5120,10240,16,gpu,35,A_fused,0,0.14541,0.14234,0.14541,0.05499,1410,1
ag,5120,10240,16,gpu,36,c_cublas,1,0.08397,0.08192,0.08192,0.03405,1410,1
ag,5120,10240,16,gpu,36,c_fluxgemm,0,0.11469,0.11366,0.11469,0.03492,1410,1
ag,5120,10240,16,gpu,36,c_flux_ag,2,0.04688,0.04605,0.04688,0.03985,1410,1
ag,5120,10240,16,gpu,36,A_fused,3,0.14541,0.14336,0.14541,0.05282,1410,1
ag,5120,10240,16,gpu,37,c_cublas,0,0.08602,0.08499,0.08499,0.03442,1410,1
ag,5120,10240,16,gpu,37,c_fluxgemm,2,0.11366,0.11366,0.11366,0.03391,1410,1
ag,5120,10240,16,gpu,37,c_flux_ag,3,0.04512,0.04474,0.04512,0.03648,1410,1
ag,5120,10240,16,gpu,37,A_fused,1,0.14746,0.14643,0.14643,0.05883,1410,1
ag,5120,10240,16,gpu,38,c_cublas,2,0.08499,0.08294,0.08294,0.03416,1410,1
ag,5120,10240,16,gpu,38,c_fluxgemm,1,0.11571,0.11366,0.11571,0.03883,1410,1
ag,5120,10240,16,gpu,38,c_flux_ag,3,0.04602,0.04448,0.04448,0.03904,1410,1
ag,5120,10240,16,gpu,38,A_fused,0,0.14746,0.14541,0.14746,0.05789,1410,1
ag,5120,10240,16,gpu,39,c_cublas,2,0.08397,0.08294,0.08294,0.03420,1410,1
ag,5120,10240,16,gpu,39,c_fluxgemm,1,0.11469,0.11366,0.11366,0.03403,1410,1
ag,5120,10240,16,gpu,39,c_flux_ag,3,0.04070,0.04026,0.04026,0.04090,1410,1
ag,5120,10240,16,gpu,39,A_fused,0,0.14438,0.14234,0.14438,0.06290,1410,1
ag,5120,10240,16,gpu,40,c_cublas,3,0.08397,0.08397,0.08397,0.03438,1410,1
ag,5120,10240,16,gpu,40,c_fluxgemm,2,0.11776,0.11469,0.11469,0.03556,1410,1
ag,5120,10240,16,gpu,40,c_flux_ag,0,0.04534,0.04048,0.04048,0.03855,1410,1
ag,5120,10240,16,gpu,40,A_fused,1,0.14848,0.14643,0.14848,0.06949,1410,1
ag,5120,10240,16,gpu,41,c_cublas,0,0.08602,0.08397,0.08397,0.03225,1410,1
ag,5120,10240,16,gpu,41,c_fluxgemm,1,0.11674,0.11469,0.11674,0.03732,1410,1
ag,5120,10240,16,gpu,41,c_flux_ag,2,0.04906,0.04349,0.04349,0.04381,1410,1
ag,5120,10240,16,gpu,41,A_fused,3,0.14541,0.14029,0.14541,0.05302,1410,1
ag,5120,10240,16,gpu,42,c_cublas,0,0.08397,0.08397,0.08397,0.03419,1410,1
ag,5120,10240,16,gpu,42,c_fluxgemm,1,0.11469,0.11366,0.11469,0.03716,1410,1
ag,5120,10240,16,gpu,42,c_flux_ag,2,0.04550,0.04502,0.04550,0.03843,1410,1
ag,5120,10240,16,gpu,42,A_fused,3,0.14541,0.14438,0.14438,0.05683,1410,1
ag,5120,10240,16,gpu,43,c_cublas,2,0.08499,0.08397,0.08397,0.03425,1410,1
ag,5120,10240,16,gpu,43,c_fluxgemm,0,0.11878,0.11469,0.11469,0.03656,1410,1
ag,5120,10240,16,gpu,43,c_flux_ag,3,0.04538,0.04512,0.04538,0.04588,1410,1
ag,5120,10240,16,gpu,43,A_fused,1,0.14746,0.14336,0.14746,0.05742,1410,1
ag,5120,10240,16,gpu,44,c_cublas,0,0.08499,0.08397,0.08397,0.03377,1410,1
ag,5120,10240,16,gpu,44,c_fluxgemm,1,0.11674,0.11469,0.11674,0.03749,1410,1
ag,5120,10240,16,gpu,44,c_flux_ag,2,0.04365,0.04227,0.04365,0.03886,1410,1
ag,5120,10240,16,gpu,44,A_fused,3,0.14643,0.14541,0.14643,0.05510,1410,1
ag,5120,10240,16,gpu,45,c_cublas,0,0.08602,0.08397,0.08397,0.03488,1410,1
ag,5120,10240,16,gpu,45,c_fluxgemm,2,0.11674,0.11469,0.11674,0.03324,1410,1
ag,5120,10240,16,gpu,45,c_flux_ag,3,0.04506,0.04464,0.04464,0.03753,1410,1
ag,5120,10240,16,gpu,45,A_fused,1,0.14541,0.14234,0.14541,0.06062,1410,1
ag,5120,10240,16,gpu,46,c_cublas,1,0.08499,0.08294,0.08294,0.03421,1410,1
ag,5120,10240,16,gpu,46,c_fluxgemm,3,0.11571,0.11366,0.11571,0.03549,1410,1
ag,5120,10240,16,gpu,46,c_flux_ag,2,0.04346,0.04250,0.04250,0.03926,1410,1
ag,5120,10240,16,gpu,46,A_fused,0,0.14950,0.14438,0.14438,0.05528,1410,1
ag,5120,10240,16,gpu,47,c_cublas,2,0.08499,0.08294,0.08294,0.07855,1410,1
ag,5120,10240,16,gpu,47,c_fluxgemm,0,0.11674,0.11571,0.11571,0.03538,1410,1
ag,5120,10240,16,gpu,47,c_flux_ag,1,0.04147,0.03997,0.04147,0.03729,1410,1
ag,5120,10240,16,gpu,47,A_fused,3,0.14643,0.14336,0.14643,0.05956,1410,1
ag,5120,10240,16,gpu,48,c_cublas,2,0.08499,0.08499,0.08499,0.03387,1410,1
ag,5120,10240,16,gpu,48,c_fluxgemm,0,0.11469,0.11366,0.11366,0.04606,1410,1
ag,5120,10240,16,gpu,48,c_flux_ag,3,0.04803,0.04330,0.04330,0.03903,1410,1
ag,5120,10240,16,gpu,48,A_fused,1,0.14848,0.14643,0.14643,0.05791,1410,1
ag,5120,10240,16,gpu,49,c_cublas,3,0.08499,0.08397,0.08397,0.03425,1410,1
ag,5120,10240,16,gpu,49,c_fluxgemm,0,0.11674,0.11469,0.11674,0.03739,1410,1
ag,5120,10240,16,gpu,49,c_flux_ag,1,0.04262,0.03923,0.04262,0.04357,1410,1
ag,5120,10240,16,gpu,49,A_fused,2,0.14438,0.14336,0.14438,0.05890,1410,1
ag,5120,10240,16,gpu,50,c_cublas,1,0.08499,0.08397,0.08397,0.03391,1410,1
ag,5120,10240,16,gpu,50,c_fluxgemm,2,0.11571,0.11366,0.11571,0.03837,1410,1
ag,5120,10240,16,gpu,50,c_flux_ag,3,0.04621,0.04259,0.04621,0.03835,1410,1
ag,5120,10240,16,gpu,50,A_fused,0,0.18944,0.16486,0.18944,0.06067,1410,1
ag,5120,10240,16,gpu,51,c_cublas,0,0.08397,0.08294,0.08294,0.03439,1410,1
ag,5120,10240,16,gpu,51,c_fluxgemm,2,0.11674,0.11366,0.11674,0.03468,1410,1
ag,5120,10240,16,gpu,51,c_flux_ag,3,0.04618,0.03869,0.04618,0.03578,1410,1
ag,5120,10240,16,gpu,51,A_fused,1,0.14643,0.14541,0.14643,0.05827,1410,1
ag,5120,10240,16,gpu,52,c_cublas,3,0.08499,0.08294,0.08294,0.04163,1410,1
ag,5120,10240,16,gpu,52,c_fluxgemm,1,0.11674,0.11366,0.11674,0.03349,1410,1
ag,5120,10240,16,gpu,52,c_flux_ag,2,0.04624,0.04115,0.04624,0.03578,1410,1
ag,5120,10240,16,gpu,52,A_fused,0,0.14746,0.14438,0.14746,0.05616,1410,1
ag,5120,10240,16,gpu,53,c_cublas,0,0.08499,0.08294,0.08294,0.03180,1410,1
ag,5120,10240,16,gpu,53,c_fluxgemm,3,0.11571,0.11469,0.11571,0.03405,1410,1
ag,5120,10240,16,gpu,53,c_flux_ag,1,0.04470,0.04115,0.04470,0.03946,1410,1
ag,5120,10240,16,gpu,53,A_fused,2,0.14438,0.14336,0.14438,0.05436,1410,1
ag,5120,10240,16,gpu,54,c_cublas,1,0.08397,0.08294,0.08294,0.03435,1410,1
ag,5120,10240,16,gpu,54,c_fluxgemm,0,0.11674,0.11469,0.11674,0.03627,1410,1
ag,5120,10240,16,gpu,54,c_flux_ag,3,0.04637,0.04598,0.04637,0.03485,1410,1
ag,5120,10240,16,gpu,54,A_fused,2,0.15053,0.14746,0.15053,0.05760,1410,1
ag,5120,10240,16,gpu,55,c_cublas,3,0.08602,0.08192,0.08192,0.03391,1410,1
ag,5120,10240,16,gpu,55,c_fluxgemm,2,0.11366,0.11366,0.11366,0.03340,1410,1
ag,5120,10240,16,gpu,55,c_flux_ag,0,0.04550,0.04470,0.04550,0.03652,1410,1
ag,5120,10240,16,gpu,55,A_fused,1,0.14541,0.14438,0.14438,0.05331,1410,1
ag,5120,10240,16,gpu,56,c_cublas,2,0.08397,0.08192,0.08192,0.03390,1410,1
ag,5120,10240,16,gpu,56,c_fluxgemm,3,0.11776,0.11469,0.11469,0.03715,1410,1
ag,5120,10240,16,gpu,56,c_flux_ag,1,0.04387,0.04378,0.04387,0.03381,1410,1
ag,5120,10240,16,gpu,56,A_fused,0,0.14848,0.14746,0.14848,0.05890,1410,1
ag,5120,10240,16,gpu,57,c_cublas,0,0.08602,0.08397,0.08397,0.03411,1410,1
ag,5120,10240,16,gpu,57,c_fluxgemm,2,0.11571,0.11469,0.11571,0.03663,1410,1
ag,5120,10240,16,gpu,57,c_flux_ag,1,0.04208,0.03965,0.04208,0.04029,1410,1
ag,5120,10240,16,gpu,57,A_fused,3,0.14848,0.14848,0.14848,0.06100,1410,1
ag,5120,10240,16,gpu,58,c_cublas,2,0.08499,0.08294,0.08294,0.03428,1410,1
ag,5120,10240,16,gpu,58,c_fluxgemm,0,0.11469,0.11469,0.11469,0.03577,1410,1
ag,5120,10240,16,gpu,58,c_flux_ag,3,0.04515,0.04112,0.04515,0.03805,1410,1
ag,5120,10240,16,gpu,58,A_fused,1,0.14950,0.14643,0.14643,0.05661,1410,1
ag,5120,10240,16,gpu,59,c_cublas,3,0.08397,0.08294,0.08294,0.03380,1410,1
ag,5120,10240,16,gpu,59,c_fluxgemm,0,0.11571,0.11264,0.11571,0.03695,1410,1
ag,5120,10240,16,gpu,59,c_flux_ag,1,0.04211,0.04074,0.04211,0.03581,1410,1
ag,5120,10240,16,gpu,59,A_fused,2,0.14438,0.14131,0.14438,0.05814,1410,1
ag,5120,10240,16,gpu,60,c_cublas,2,0.08397,0.08294,0.08294,0.03447,1410,1
ag,5120,10240,16,gpu,60,c_fluxgemm,0,0.11469,0.11469,0.11469,0.03862,1410,1
ag,5120,10240,16,gpu,60,c_flux_ag,1,0.04358,0.04195,0.04358,0.04635,1410,1
ag,5120,10240,16,gpu,60,A_fused,3,0.15462,0.15360,0.15360,0.05807,1410,1
ag,5120,10240,16,gpu,61,c_cublas,3,0.08602,0.08397,0.08397,0.04028,1410,1
ag,5120,10240,16,gpu,61,c_fluxgemm,0,0.11571,0.11571,0.11571,0.03667,1410,1
ag,5120,10240,16,gpu,61,c_flux_ag,2,0.04387,0.04243,0.04387,0.03460,1410,1
ag,5120,10240,16,gpu,61,A_fused,1,0.14848,0.14541,0.14848,0.05566,1410,1
ag,5120,10240,16,gpu,62,c_cublas,3,0.08397,0.08397,0.08397,0.03350,1410,1
ag,5120,10240,16,gpu,62,c_fluxgemm,0,0.11571,0.11571,0.11571,0.03743,1410,1
ag,5120,10240,16,gpu,62,c_flux_ag,1,0.04371,0.03626,0.04371,0.03859,1410,1
ag,5120,10240,16,gpu,62,A_fused,2,0.14746,0.14234,0.14746,0.05522,1410,1
ag,5120,10240,16,gpu,63,c_cublas,0,0.08397,0.08294,0.08294,0.03061,1410,1
ag,5120,10240,16,gpu,63,c_fluxgemm,2,0.11571,0.11469,0.11571,0.03542,1410,1
ag,5120,10240,16,gpu,63,c_flux_ag,3,0.04310,0.04035,0.04310,0.03718,1410,1
ag,5120,10240,16,gpu,63,A_fused,1,0.14950,0.14848,0.14950,0.05875,1410,1
ag,5120,10240,16,gpu,64,c_cublas,3,0.08499,0.08192,0.08192,0.03404,1410,1
ag,5120,10240,16,gpu,64,c_fluxgemm,1,0.11469,0.11366,0.11366,0.03583,1410,1
ag,5120,10240,16,gpu,64,c_flux_ag,0,0.04573,0.04390,0.04390,0.03556,1410,1
ag,5120,10240,16,gpu,64,A_fused,2,0.14848,0.14541,0.14848,0.05631,1410,1
ag,5120,10240,16,gpu,65,c_cublas,3,0.08602,0.08397,0.08397,0.03386,1410,1
ag,5120,10240,16,gpu,65,c_fluxgemm,0,0.11571,0.11469,0.11571,0.03742,1410,1
ag,5120,10240,16,gpu,65,c_flux_ag,2,0.04477,0.04314,0.04314,0.03446,1410,1
ag,5120,10240,16,gpu,65,A_fused,1,0.14950,0.14643,0.14950,0.05739,1410,1
ag,5120,10240,16,gpu,66,c_cublas,0,0.08294,0.08294,0.08294,0.03195,1410,1
ag,5120,10240,16,gpu,66,c_fluxgemm,1,0.11674,0.11469,0.11674,0.03696,1410,1
ag,5120,10240,16,gpu,66,c_flux_ag,3,0.04589,0.04362,0.04589,0.03474,1410,1
ag,5120,10240,16,gpu,66,A_fused,2,0.14848,0.14643,0.14848,0.05777,1410,1
ag,5120,10240,16,gpu,67,c_cublas,0,0.08397,0.08397,0.08397,0.03451,1410,1
ag,5120,10240,16,gpu,67,c_fluxgemm,3,0.11571,0.11469,0.11469,0.03398,1410,1
ag,5120,10240,16,gpu,67,c_flux_ag,1,0.04624,0.04602,0.04624,0.03911,1410,1
ag,5120,10240,16,gpu,67,A_fused,2,0.14848,0.14643,0.14643,0.05390,1410,1
ag,5120,10240,16,gpu,68,c_cublas,1,0.08602,0.08294,0.08294,0.04147,1410,1
ag,5120,10240,16,gpu,68,c_fluxgemm,0,0.11469,0.11264,0.11469,0.03615,1410,1
ag,5120,10240,16,gpu,68,c_flux_ag,2,0.04221,0.04067,0.04067,0.04292,1410,1
ag,5120,10240,16,gpu,68,A_fused,3,0.14746,0.14336,0.14336,0.05717,1410,1
ag,5120,10240,16,gpu,69,c_cublas,2,0.08602,0.08397,0.08397,0.03394,1410,1
ag,5120,10240,16,gpu,69,c_fluxgemm,3,0.11469,0.11469,0.11469,0.03787,1410,1
ag,5120,10240,16,gpu,69,c_flux_ag,1,0.04467,0.04342,0.04467,0.03333,1410,1
ag,5120,10240,16,gpu,69,A_fused,0,0.14643,0.14438,0.14643,0.05555,1410,1
ag,5120,10240,16,gpu,70,c_cublas,2,0.08397,0.08397,0.08397,0.03381,1410,1
ag,5120,10240,16,gpu,70,c_fluxgemm,1,0.11469,0.11366,0.11469,0.03315,1410,1
ag,5120,10240,16,gpu,70,c_flux_ag,3,0.04589,0.04250,0.04589,0.04000,1410,1
ag,5120,10240,16,gpu,70,A_fused,0,0.15053,0.14950,0.15053,0.05862,1410,1
ag,5120,10240,16,gpu,71,c_cublas,0,0.08499,0.08397,0.08397,0.03386,1410,1
ag,5120,10240,16,gpu,71,c_fluxgemm,2,0.11366,0.11264,0.11366,0.03659,1410,1
ag,5120,10240,16,gpu,71,c_flux_ag,1,0.04752,0.04618,0.04752,0.03899,1410,1
ag,5120,10240,16,gpu,71,A_fused,3,0.15053,0.14234,0.15053,0.05517,1410,1
ag,5120,10240,16,gpu,72,c_cublas,3,0.08499,0.08397,0.08397,0.03404,1410,1
ag,5120,10240,16,gpu,72,c_fluxgemm,1,0.11366,0.11264,0.11366,0.03670,1410,1
ag,5120,10240,16,gpu,72,c_flux_ag,0,0.04819,0.04006,0.04819,0.03758,1410,1
ag,5120,10240,16,gpu,72,A_fused,2,0.14950,0.14950,0.14950,0.05578,1410,1
ag,5120,10240,16,gpu,73,c_cublas,0,0.08602,0.08397,0.08397,0.03168,1410,1
ag,5120,10240,16,gpu,73,c_fluxgemm,3,0.11571,0.11571,0.11571,0.03426,1410,1
ag,5120,10240,16,gpu,73,c_flux_ag,1,0.04394,0.04307,0.04307,0.04039,1410,1
ag,5120,10240,16,gpu,73,A_fused,2,0.14438,0.14336,0.14438,0.05276,1410,1
ag,5120,10240,16,gpu,74,c_cublas,2,0.08602,0.08499,0.08499,0.03469,1410,1
ag,5120,10240,16,gpu,74,c_fluxgemm,0,0.14234,0.11571,0.14234,0.03875,1410,1
ag,5120,10240,16,gpu,74,c_flux_ag,1,0.04598,0.04282,0.04282,0.03886,1410,1
ag,5120,10240,16,gpu,74,A_fused,3,0.14746,0.14746,0.14746,0.05817,1410,1
ag,5120,10240,16,gpu,75,c_cublas,0,0.08499,0.08397,0.08397,0.03435,1410,1
ag,5120,10240,16,gpu,75,c_fluxgemm,1,0.11469,0.11366,0.11469,0.03753,1410,1
ag,5120,10240,16,gpu,75,c_flux_ag,2,0.04294,0.04179,0.04179,0.03833,1410,1
ag,5120,10240,16,gpu,75,A_fused,3,0.14643,0.14541,0.14541,0.05406,1410,1
ag,5120,10240,16,gpu,76,c_cublas,0,0.08499,0.08397,0.08397,0.03442,1410,1
ag,5120,10240,16,gpu,76,c_fluxgemm,2,0.11469,0.11366,0.11469,0.03620,1410,1
ag,5120,10240,16,gpu,76,c_flux_ag,1,0.04477,0.04131,0.04477,0.03973,1410,1
ag,5120,10240,16,gpu,76,A_fused,3,0.14746,0.14438,0.14746,0.05242,1410,1
ag,5120,10240,16,gpu,77,c_cublas,0,0.08602,0.08397,0.08397,0.03398,1410,1
ag,5120,10240,16,gpu,77,c_fluxgemm,3,0.11571,0.11469,0.11571,0.03446,1410,1
ag,5120,10240,16,gpu,77,c_flux_ag,1,0.04707,0.04182,0.04182,0.03930,1410,1
ag,5120,10240,16,gpu,77,A_fused,2,0.14643,0.14541,0.14541,0.05308,1410,1
ag,5120,10240,16,gpu,78,c_cublas,2,0.08499,0.08294,0.08294,0.03387,1410,1
ag,5120,10240,16,gpu,78,c_fluxgemm,0,0.11571,0.11571,0.11571,0.03436,1410,1
ag,5120,10240,16,gpu,78,c_flux_ag,3,0.04413,0.03952,0.03952,0.03838,1410,1
ag,5120,10240,16,gpu,78,A_fused,1,0.14848,0.14541,0.14848,0.05416,1410,1
ag,5120,10240,16,gpu,79,c_cublas,2,0.08397,0.08294,0.08294,0.04112,1410,1
ag,5120,10240,16,gpu,79,c_fluxgemm,3,0.11469,0.11366,0.11469,0.03686,1410,1
ag,5120,10240,16,gpu,79,c_flux_ag,1,0.04656,0.04515,0.04656,0.03327,1410,1
ag,5120,10240,16,gpu,79,A_fused,0,0.14746,0.14234,0.14746,0.05552,1410,1
ag,5120,10240,16,gpu,80,c_cublas,1,0.08499,0.08294,0.08294,0.03427,1410,1
ag,5120,10240,16,gpu,80,c_fluxgemm,2,0.11469,0.11469,0.11469,0.03702,1410,1
ag,5120,10240,16,gpu,80,c_flux_ag,0,0.04570,0.04083,0.04083,0.03864,1410,1
ag,5120,10240,16,gpu,80,A_fused,3,0.15258,0.14643,0.14643,0.06368,1410,1
ag,5120,10240,16,gpu,81,c_cublas,2,0.08397,0.08294,0.08294,0.03424,1410,1
ag,5120,10240,16,gpu,81,c_fluxgemm,1,0.11469,0.11264,0.11469,0.03581,1410,1
ag,5120,10240,16,gpu,81,c_flux_ag,0,0.04605,0.04064,0.04064,0.03694,1410,1
ag,5120,10240,16,gpu,81,A_fused,3,0.14746,0.14643,0.14643,0.05828,1410,1
ag,5120,10240,16,gpu,82,c_cublas,1,0.08397,0.08397,0.08397,0.03381,1410,1
ag,5120,10240,16,gpu,82,c_fluxgemm,2,0.11366,0.11366,0.11366,0.03645,1410,1
ag,5120,10240,16,gpu,82,c_flux_ag,3,0.04211,0.04186,0.04186,0.04220,1410,1
ag,5120,10240,16,gpu,82,A_fused,0,0.14848,0.14131,0.14848,0.05742,1410,1
ag,5120,10240,16,gpu,83,c_cublas,3,0.08499,0.08294,0.08294,0.03446,1410,1
ag,5120,10240,16,gpu,83,c_fluxgemm,1,0.11469,0.11366,0.11469,0.03367,1410,1
ag,5120,10240,16,gpu,83,c_flux_ag,2,0.04800,0.04602,0.04800,0.03733,1410,1
ag,5120,10240,16,gpu,83,A_fused,0,0.14541,0.14438,0.14541,0.05561,1410,1
ag,5120,10240,16,gpu,84,c_cublas,3,0.08499,0.08397,0.08397,0.03429,1410,1
ag,5120,10240,16,gpu,84,c_fluxgemm,0,0.11469,0.11366,0.11366,0.03795,1410,1
ag,5120,10240,16,gpu,84,c_flux_ag,2,0.04643,0.04294,0.04643,0.03301,1410,1
ag,5120,10240,16,gpu,84,A_fused,1,0.14950,0.14848,0.14950,0.05764,1410,1
ag,5120,10240,16,gpu,85,c_cublas,3,0.08704,0.08602,0.08704,0.03415,1410,1
ag,5120,10240,16,gpu,85,c_fluxgemm,2,0.11469,0.11366,0.11469,0.03583,1410,1
ag,5120,10240,16,gpu,85,c_flux_ag,0,0.04016,0.03910,0.03910,0.03902,1410,1
ag,5120,10240,16,gpu,85,A_fused,1,0.14438,0.14336,0.14336,0.05419,1410,1
ag,5120,10240,16,gpu,86,c_cublas,3,0.08499,0.08294,0.08294,0.03384,1410,1
ag,5120,10240,16,gpu,86,c_fluxgemm,2,0.11469,0.11469,0.11469,0.03491,1410,1
ag,5120,10240,16,gpu,86,c_flux_ag,1,0.04797,0.04602,0.04797,0.03374,1410,1
ag,5120,10240,16,gpu,86,A_fused,0,0.14950,0.14643,0.14950,0.06463,1410,1
ag,5120,10240,16,gpu,87,c_cublas,1,0.08499,0.08397,0.08397,0.14383,1410,1
ag,5120,10240,16,gpu,87,c_fluxgemm,0,0.11366,0.11264,0.11366,0.03728,1410,1
ag,5120,10240,16,gpu,87,c_flux_ag,3,0.04570,0.04090,0.04570,0.03435,1410,1
ag,5120,10240,16,gpu,87,A_fused,2,0.15360,0.14848,0.15360,0.06004,1410,1
ag,5120,10240,16,gpu,88,c_cublas,1,0.08499,0.08397,0.08397,0.03362,1410,1
ag,5120,10240,16,gpu,88,c_fluxgemm,3,0.11571,0.11469,0.11571,0.03564,1410,1
ag,5120,10240,16,gpu,88,c_flux_ag,2,0.04602,0.04112,0.04112,0.03904,1410,1
ag,5120,10240,16,gpu,88,A_fused,0,0.14541,0.14336,0.14541,0.05826,1410,1
ag,5120,10240,16,gpu,89,c_cublas,1,0.08397,0.08294,0.08294,0.03394,1410,1
ag,5120,10240,16,gpu,89,c_fluxgemm,3,0.11469,0.11469,0.11469,0.03541,1410,1
ag,5120,10240,16,gpu,89,c_flux_ag,2,0.04461,0.03914,0.04461,0.03761,1410,1
ag,5120,10240,16,gpu,89,A_fused,0,0.14950,0.14541,0.14541,0.05742,1410,1
ag,5120,10240,16,gpu,90,c_cublas,3,0.08602,0.08294,0.08294,0.03448,1410,1
ag,5120,10240,16,gpu,90,c_fluxgemm,1,0.11264,0.11264,0.11264,0.03341,1410,1
ag,5120,10240,16,gpu,90,c_flux_ag,2,0.04550,0.04435,0.04550,0.03636,1410,1
ag,5120,10240,16,gpu,90,A_fused,0,0.14746,0.14336,0.14746,0.05939,1410,1
ag,5120,10240,16,gpu,91,c_cublas,0,0.08499,0.08294,0.08294,0.03102,1410,1
ag,5120,10240,16,gpu,91,c_fluxgemm,1,0.11571,0.11366,0.11571,0.03742,1410,1
ag,5120,10240,16,gpu,91,c_flux_ag,3,0.04534,0.04397,0.04534,0.03504,1410,1
ag,5120,10240,16,gpu,91,A_fused,2,0.14541,0.14336,0.14541,0.05600,1410,1
ag,5120,10240,16,gpu,92,c_cublas,0,0.08499,0.08294,0.08294,0.03446,1410,1
ag,5120,10240,16,gpu,92,c_fluxgemm,3,0.11571,0.11366,0.11571,0.03474,1410,1
ag,5120,10240,16,gpu,92,c_flux_ag,1,0.04269,0.03974,0.03974,0.03958,1410,1
ag,5120,10240,16,gpu,92,A_fused,2,0.14643,0.14234,0.14643,0.05543,1410,1
ag,5120,10240,16,gpu,93,c_cublas,0,0.08602,0.08499,0.08499,0.03393,1410,1
ag,5120,10240,16,gpu,93,c_fluxgemm,2,0.11571,0.11571,0.11571,0.03354,1410,1
ag,5120,10240,16,gpu,93,c_flux_ag,3,0.05030,0.04422,0.05030,0.03696,1410,1
ag,5120,10240,16,gpu,93,A_fused,1,0.14848,0.14541,0.14541,0.05789,1410,1
ag,5120,10240,16,gpu,94,c_cublas,2,0.08499,0.08294,0.08294,0.03420,1410,1
ag,5120,10240,16,gpu,94,c_fluxgemm,1,0.11469,0.11366,0.11469,0.03370,1410,1
ag,5120,10240,16,gpu,94,c_flux_ag,3,0.04384,0.03984,0.04384,0.03937,1410,1
ag,5120,10240,16,gpu,94,A_fused,0,0.14541,0.14438,0.14541,0.05784,1410,1
ag,5120,10240,16,gpu,95,c_cublas,1,0.08499,0.08499,0.08499,0.03388,1410,1
ag,5120,10240,16,gpu,95,c_fluxgemm,0,0.11469,0.11469,0.11469,0.04441,1410,1
ag,5120,10240,16,gpu,95,c_flux_ag,3,0.04822,0.04726,0.04822,0.03478,1410,1
ag,5120,10240,16,gpu,95,A_fused,2,0.14950,0.14643,0.14950,0.05936,1410,1
ag,5120,10240,16,gpu,96,c_cublas,3,0.08397,0.08397,0.08397,0.03418,1410,1
ag,5120,10240,16,gpu,96,c_fluxgemm,0,0.11366,0.11366,0.11366,0.03568,1410,1
ag,5120,10240,16,gpu,96,c_flux_ag,1,0.04506,0.04448,0.04448,0.05061,1410,1
ag,5120,10240,16,gpu,96,A_fused,2,0.14643,0.14336,0.14643,0.05401,1410,1
ag,5120,10240,16,gpu,97,c_cublas,1,0.08602,0.08294,0.08294,0.03321,1410,1
ag,5120,10240,16,gpu,97,c_fluxgemm,2,0.11571,0.11366,0.11571,0.03717,1410,1
ag,5120,10240,16,gpu,97,c_flux_ag,3,0.04691,0.04227,0.04691,0.03786,1410,1
ag,5120,10240,16,gpu,97,A_fused,0,0.14541,0.14438,0.14438,0.05974,1410,1
ag,5120,10240,16,gpu,98,c_cublas,3,0.08397,0.08294,0.08294,0.03497,1410,1
ag,5120,10240,16,gpu,98,c_fluxgemm,0,0.11776,0.11469,0.11469,0.03637,1410,1
ag,5120,10240,16,gpu,98,c_flux_ag,1,0.04672,0.04010,0.04010,0.03714,1410,1
ag,5120,10240,16,gpu,98,A_fused,2,0.14643,0.14643,0.14643,0.05396,1410,1
ag,5120,10240,16,gpu,99,c_cublas,2,0.08499,0.08397,0.08397,0.03421,1410,1
ag,5120,10240,16,gpu,99,c_fluxgemm,0,0.11571,0.11264,0.11571,0.03751,1410,1
ag,5120,10240,16,gpu,99,c_flux_ag,1,0.04496,0.04470,0.04470,0.03809,1410,1
ag,5120,10240,16,gpu,99,A_fused,3,0.14950,0.14541,0.14541,0.05738,1410,1
ag,5120,10240,16,gpu,100,c_cublas,2,0.08704,0.08397,0.08397,0.03418,1410,1
ag,5120,10240,16,gpu,100,c_fluxgemm,0,0.11366,0.11366,0.11366,0.03676,1410,1
ag,5120,10240,16,gpu,100,c_flux_ag,3,0.04419,0.03837,0.03837,0.03873,1410,1
ag,5120,10240,16,gpu,100,A_fused,1,0.14950,0.14541,0.14950,0.05477,1410,1
ag,5120,10240,16,gpu,101,c_cublas,3,0.08704,0.08397,0.08397,0.03411,1410,1
ag,5120,10240,16,gpu,101,c_fluxgemm,2,0.11469,0.11264,0.11469,0.03692,1410,1
ag,5120,10240,16,gpu,101,c_flux_ag,1,0.04525,0.04195,0.04525,0.03505,1410,1
ag,5120,10240,16,gpu,101,A_fused,0,0.14643,0.14643,0.14643,0.05832,1410,1
ag,5120,10240,16,gpu,102,c_cublas,2,0.08397,0.08397,0.08397,0.03393,1410,1
ag,5120,10240,16,gpu,102,c_fluxgemm,3,0.11469,0.11366,0.11366,0.03699,1410,1
ag,5120,10240,16,gpu,102,c_flux_ag,1,0.04419,0.03914,0.03914,0.03773,1410,1
ag,5120,10240,16,gpu,102,A_fused,0,0.14848,0.14746,0.14848,0.06114,1410,1
ag,5120,10240,16,gpu,103,c_cublas,1,0.08397,0.08397,0.08397,0.09471,1410,1
ag,5120,10240,16,gpu,103,c_fluxgemm,2,0.11571,0.11571,0.11571,0.04644,1410,1
ag,5120,10240,16,gpu,103,c_flux_ag,0,0.39738,0.06112,0.39738,0.04122,1410,1
ag,5120,10240,16,gpu,103,A_fused,3,0.14746,0.14746,0.14746,0.05511,1410,1
ag,5120,10240,16,gpu,104,c_cublas,3,0.08397,0.08397,0.08397,0.03362,1410,1
ag,5120,10240,16,gpu,104,c_fluxgemm,2,0.11571,0.11469,0.11469,0.03463,1410,1
ag,5120,10240,16,gpu,104,c_flux_ag,1,0.04224,0.03904,0.03904,0.03522,1410,1
ag,5120,10240,16,gpu,104,A_fused,0,0.14234,0.14234,0.14234,0.05724,1410,1
ag,5120,10240,16,gpu,105,c_cublas,3,0.08602,0.08397,0.08397,0.03358,1410,1
ag,5120,10240,16,gpu,105,c_fluxgemm,0,0.11571,0.11571,0.11571,0.03712,1410,1
ag,5120,10240,16,gpu,105,c_flux_ag,1,0.04534,0.04294,0.04534,0.03889,1410,1
ag,5120,10240,16,gpu,105,A_fused,2,0.14131,0.13619,0.14131,0.05286,1410,1
ag,5120,10240,16,gpu,106,c_cublas,2,0.08397,0.08397,0.08397,0.03356,1410,1
ag,5120,10240,16,gpu,106,c_fluxgemm,0,0.11571,0.11571,0.11571,0.03693,1410,1
ag,5120,10240,16,gpu,106,c_flux_ag,3,0.04691,0.04090,0.04691,0.03824,1410,1
ag,5120,10240,16,gpu,106,A_fused,1,0.14746,0.14029,0.14746,0.05879,1410,1
ag,5120,10240,16,gpu,107,c_cublas,1,0.08602,0.08397,0.08397,0.03384,1410,1
ag,5120,10240,16,gpu,107,c_fluxgemm,3,0.11469,0.11366,0.11366,0.03540,1410,1
ag,5120,10240,16,gpu,107,c_flux_ag,2,0.04282,0.04208,0.04282,0.03822,1410,1
ag,5120,10240,16,gpu,107,A_fused,0,0.14541,0.14234,0.14541,0.05732,1410,1
ag,5120,10240,16,gpu,108,c_cublas,1,0.08499,0.08397,0.08499,0.03502,1410,1
ag,5120,10240,16,gpu,108,c_fluxgemm,0,0.11366,0.11366,0.11366,0.03387,1410,1
ag,5120,10240,16,gpu,108,c_flux_ag,3,0.04496,0.04387,0.04387,0.03468,1410,1
ag,5120,10240,16,gpu,108,A_fused,2,0.14848,0.14746,0.14746,0.05776,1410,1
ag,5120,10240,16,gpu,109,c_cublas,1,0.08499,0.08294,0.08294,0.03375,1410,1
ag,5120,10240,16,gpu,109,c_fluxgemm,3,0.11571,0.11469,0.11571,0.03476,1410,1
ag,5120,10240,16,gpu,109,c_flux_ag,0,0.04691,0.04035,0.04691,0.03432,1410,1
ag,5120,10240,16,gpu,109,A_fused,2,0.15155,0.15053,0.15155,0.05819,1410,1
ag,5120,10240,16,gpu,110,c_cublas,3,0.08499,0.08294,0.08294,0.03439,1410,1
ag,5120,10240,16,gpu,110,c_fluxgemm,2,0.11878,0.11674,0.11674,0.04238,1410,1
ag,5120,10240,16,gpu,110,c_flux_ag,1,0.04464,0.04397,0.04464,0.03578,1410,1
ag,5120,10240,16,gpu,110,A_fused,0,0.14950,0.14746,0.14746,0.05585,1410,1
ag,5120,10240,16,gpu,111,c_cublas,1,0.08499,0.08397,0.08397,0.03382,1410,1
ag,5120,10240,16,gpu,111,c_fluxgemm,2,0.11469,0.11469,0.11469,0.03688,1410,1
ag,5120,10240,16,gpu,111,c_flux_ag,0,0.04614,0.04182,0.04182,0.03934,1410,1
ag,5120,10240,16,gpu,111,A_fused,3,0.14643,0.14541,0.14643,0.07061,1410,1
ag,5120,10240,16,gpu,112,c_cublas,0,0.08602,0.08397,0.08397,0.03369,1410,1
ag,5120,10240,16,gpu,112,c_fluxgemm,2,0.11674,0.11571,0.11571,0.03332,1410,1
ag,5120,10240,16,gpu,112,c_flux_ag,3,0.04570,0.04547,0.04547,0.03593,1410,1
ag,5120,10240,16,gpu,112,A_fused,1,0.14848,0.14541,0.14848,0.05847,1410,1
ag,5120,10240,16,gpu,113,c_cublas,3,0.08602,0.08499,0.08499,0.03386,1410,1
ag,5120,10240,16,gpu,113,c_fluxgemm,0,0.11674,0.11366,0.11366,0.03497,1410,1
ag,5120,10240,16,gpu,113,c_flux_ag,2,0.04598,0.04493,0.04493,0.03353,1410,1
ag,5120,10240,16,gpu,113,A_fused,1,0.14746,0.14541,0.14541,0.05560,1410,1
ag,5120,10240,16,gpu,114,c_cublas,1,0.08602,0.08397,0.08397,0.03354,1410,1
ag,5120,10240,16,gpu,114,c_fluxgemm,2,0.11469,0.11469,0.11469,0.03660,1410,1
ag,5120,10240,16,gpu,114,c_flux_ag,0,0.04765,0.04016,0.04765,0.04076,1410,1
ag,5120,10240,16,gpu,114,A_fused,3,0.14950,0.14541,0.14541,0.05586,1410,1
ag,5120,10240,16,gpu,115,c_cublas,3,0.08499,0.08294,0.08294,0.03408,1410,1
ag,5120,10240,16,gpu,115,c_fluxgemm,2,0.11469,0.11366,0.11469,0.03423,1410,1
ag,5120,10240,16,gpu,115,c_flux_ag,1,0.04499,0.04122,0.04122,0.03377,1410,1
ag,5120,10240,16,gpu,115,A_fused,0,0.15155,0.14643,0.15155,0.05544,1410,1
ag,5120,10240,16,gpu,116,c_cublas,2,0.08397,0.08294,0.08294,0.03327,1410,1
ag,5120,10240,16,gpu,116,c_fluxgemm,3,0.11674,0.11571,0.11674,0.03638,1410,1
ag,5120,10240,16,gpu,116,c_flux_ag,0,0.04746,0.04202,0.04202,0.04135,1410,1
ag,5120,10240,16,gpu,116,A_fused,1,0.14438,0.14438,0.14438,0.05331,1410,1
ag,5120,10240,16,gpu,117,c_cublas,1,0.08602,0.08294,0.08294,0.03397,1410,1
ag,5120,10240,16,gpu,117,c_fluxgemm,3,0.11674,0.11366,0.11674,0.03309,1410,1
ag,5120,10240,16,gpu,117,c_flux_ag,0,0.04461,0.04122,0.04461,0.03868,1410,1
ag,5120,10240,16,gpu,117,A_fused,2,0.15462,0.15360,0.15462,0.05728,1410,1
ag,5120,10240,16,gpu,118,c_cublas,1,0.08397,0.08294,0.08294,0.03400,1410,1
ag,5120,10240,16,gpu,118,c_fluxgemm,0,0.11469,0.11469,0.11469,0.04049,1410,1
ag,5120,10240,16,gpu,118,c_flux_ag,3,0.04605,0.04490,0.04490,0.03291,1410,1
ag,5120,10240,16,gpu,118,A_fused,2,0.15053,0.14950,0.15053,0.05863,1410,1
ag,5120,10240,16,gpu,119,c_cublas,0,0.08499,0.08294,0.08294,0.03418,1410,1
ag,5120,10240,16,gpu,119,c_fluxgemm,2,0.11674,0.11571,0.11571,0.03443,1410,1
ag,5120,10240,16,gpu,119,c_flux_ag,3,0.04598,0.04182,0.04182,0.03541,1410,1
ag,5120,10240,16,gpu,119,A_fused,1,0.14541,0.14336,0.14336,0.06543,1410,1
ag,5120,10240,16,gpu,120,c_cublas,3,0.08499,0.08397,0.08397,0.03424,1410,1
ag,5120,10240,16,gpu,120,c_fluxgemm,0,0.11469,0.11366,0.11469,0.03603,1410,1
ag,5120,10240,16,gpu,120,c_flux_ag,2,0.04493,0.03936,0.04493,0.03497,1410,1
ag,5120,10240,16,gpu,120,A_fused,1,0.14746,0.14336,0.14746,0.05581,1410,1
ag,5120,10240,16,gpu,121,c_cublas,2,0.08602,0.08397,0.08397,0.03342,1410,1
ag,5120,10240,16,gpu,121,c_fluxgemm,0,0.11674,0.11571,0.11571,0.03794,1410,1
ag,5120,10240,16,gpu,121,c_flux_ag,3,0.04499,0.04390,0.04390,0.03914,1410,1
ag,5120,10240,16,gpu,121,A_fused,1,0.14541,0.14336,0.14336,0.05517,1410,1
ag,5120,10240,16,gpu,122,c_cublas,0,0.08499,0.08294,0.08294,0.03393,1410,1
ag,5120,10240,16,gpu,122,c_fluxgemm,3,0.11674,0.11469,0.11469,0.03448,1410,1
ag,5120,10240,16,gpu,122,c_flux_ag,2,0.04579,0.03978,0.03978,0.03685,1410,1
ag,5120,10240,16,gpu,122,A_fused,1,0.14643,0.14541,0.14541,0.05811,1410,1
ag,5120,10240,16,gpu,123,c_cublas,0,0.08499,0.08397,0.08397,0.03446,1410,1
ag,5120,10240,16,gpu,123,c_fluxgemm,3,0.11571,0.11366,0.11571,0.03402,1410,1
ag,5120,10240,16,gpu,123,c_flux_ag,2,0.04176,0.04010,0.04010,0.03349,1410,1
ag,5120,10240,16,gpu,123,A_fused,1,0.14541,0.14438,0.14438,0.05846,1410,1
ag,5120,10240,16,gpu,124,c_cublas,1,0.08602,0.08294,0.08294,0.03427,1410,1
ag,5120,10240,16,gpu,124,c_fluxgemm,2,0.11571,0.11469,0.11571,0.03688,1410,1
ag,5120,10240,16,gpu,124,c_flux_ag,0,0.04333,0.04323,0.04323,0.03766,1410,1
ag,5120,10240,16,gpu,124,A_fused,3,0.14848,0.14336,0.14848,0.05485,1410,1
ag,5120,10240,16,gpu,125,c_cublas,1,0.08602,0.08397,0.08397,0.03433,1410,1
ag,5120,10240,16,gpu,125,c_fluxgemm,2,0.11571,0.11366,0.11571,0.03685,1410,1
ag,5120,10240,16,gpu,125,c_flux_ag,0,0.05088,0.04170,0.05088,0.03538,1410,1
ag,5120,10240,16,gpu,125,A_fused,3,0.14643,0.14438,0.14643,0.05689,1410,1
ag,5120,10240,16,gpu,126,c_cublas,0,0.08397,0.08294,0.08294,0.07986,1410,1
ag,5120,10240,16,gpu,126,c_fluxgemm,1,0.11571,0.11264,0.11571,0.03781,1410,1
ag,5120,10240,16,gpu,126,c_flux_ag,2,0.04422,0.04010,0.04010,0.03736,1410,1
ag,5120,10240,16,gpu,126,A_fused,3,0.14848,0.14746,0.14848,0.05415,1410,1
ag,5120,10240,16,gpu,127,c_cublas,3,0.08499,0.08294,0.08294,0.03435,1410,1
ag,5120,10240,16,gpu,127,c_fluxgemm,2,0.11674,0.11571,0.11674,0.03475,1410,1
ag,5120,10240,16,gpu,127,c_flux_ag,1,0.04499,0.04186,0.04186,0.03557,1410,1
ag,5120,10240,16,gpu,127,A_fused,0,1.10797,0.17101,0.17101,0.06159,1410,1
ag,5120,10240,16,gpu,128,c_cublas,3,0.08602,0.08397,0.08397,0.03400,1410,1
ag,5120,10240,16,gpu,128,c_fluxgemm,1,0.11571,0.11469,0.11469,0.03461,1410,1
ag,5120,10240,16,gpu,128,c_flux_ag,2,0.04186,0.03853,0.03853,0.03609,1410,1
ag,5120,10240,16,gpu,128,A_fused,0,0.15155,0.14336,0.14336,0.06079,1410,1
ag,5120,10240,16,gpu,129,c_cublas,2,0.08397,0.08294,0.08294,0.03407,1410,1
ag,5120,10240,16,gpu,129,c_fluxgemm,0,0.11571,0.11366,0.11571,0.03759,1410,1
ag,5120,10240,16,gpu,129,c_flux_ag,3,0.04576,0.03974,0.03974,0.03784,1410,1
ag,5120,10240,16,gpu,129,A_fused,1,0.14541,0.14438,0.14541,0.06415,1410,1
ag,5120,10240,16,gpu,130,c_cublas,2,0.08397,0.08294,0.08294,0.04124,1410,1
ag,5120,10240,16,gpu,130,c_fluxgemm,1,0.11776,0.11469,0.11469,0.03348,1410,1
ag,5120,10240,16,gpu,130,c_flux_ag,3,0.03917,0.03846,0.03846,0.03844,1410,1
ag,5120,10240,16,gpu,130,A_fused,0,0.14643,0.14541,0.14643,0.05702,1410,1
ag,5120,10240,16,gpu,131,c_cublas,0,0.08499,0.08397,0.08397,0.03363,1410,1
ag,5120,10240,16,gpu,131,c_fluxgemm,2,0.11674,0.11264,0.11674,0.03622,1410,1
ag,5120,10240,16,gpu,131,c_flux_ag,3,0.04512,0.04400,0.04512,0.04133,1410,1
ag,5120,10240,16,gpu,131,A_fused,1,0.14336,0.14336,0.14336,0.05750,1410,1
ag,5120,10240,16,gpu,132,c_cublas,2,0.08499,0.08397,0.08397,0.03366,1410,1
ag,5120,10240,16,gpu,132,c_fluxgemm,0,0.11571,0.11366,0.11366,0.03727,1410,1
ag,5120,10240,16,gpu,132,c_flux_ag,3,0.04208,0.04179,0.04179,0.03909,1410,1
ag,5120,10240,16,gpu,132,A_fused,1,0.14746,0.14336,0.14746,0.05572,1410,1
ag,5120,10240,16,gpu,133,c_cublas,2,0.08602,0.08499,0.08499,0.03445,1410,1
ag,5120,10240,16,gpu,133,c_fluxgemm,3,0.11776,0.11469,0.11469,0.03674,1410,1
ag,5120,10240,16,gpu,133,c_flux_ag,1,0.04323,0.04109,0.04109,0.03359,1410,1
ag,5120,10240,16,gpu,133,A_fused,0,0.14746,0.14541,0.14541,0.05690,1410,1
ag,5120,10240,16,gpu,134,c_cublas,2,0.08499,0.08294,0.08294,0.03415,1410,1
ag,5120,10240,16,gpu,134,c_fluxgemm,3,0.11469,0.11469,0.11469,0.03651,1410,1
ag,5120,10240,16,gpu,134,c_flux_ag,1,0.04138,0.04096,0.04138,0.03340,1410,1
ag,5120,10240,16,gpu,134,A_fused,0,0.14643,0.14438,0.14643,0.05914,1410,1
ag,5120,10240,16,gpu,135,c_cublas,1,0.08499,0.08294,0.08294,0.03390,1410,1
ag,5120,10240,16,gpu,135,c_fluxgemm,2,0.11469,0.11366,0.11469,0.03583,1410,1
ag,5120,10240,16,gpu,135,c_flux_ag,3,0.04579,0.04512,0.04512,0.03701,1410,1
ag,5120,10240,16,gpu,135,A_fused,0,0.14746,0.14541,0.14541,0.05757,1410,1
ag,5120,10240,16,gpu,136,c_cublas,3,0.08397,0.08294,0.08294,0.03428,1410,1
ag,5120,10240,16,gpu,136,c_fluxgemm,1,0.11366,0.11264,0.11264,0.04093,1410,1
ag,5120,10240,16,gpu,136,c_flux_ag,0,0.04803,0.04413,0.04413,0.03752,1410,1
ag,5120,10240,16,gpu,136,A_fused,2,0.14643,0.14541,0.14541,0.05545,1410,1
ag,5120,10240,16,gpu,137,c_cublas,2,0.08397,0.08294,0.08294,0.03337,1410,1
ag,5120,10240,16,gpu,137,c_fluxgemm,0,0.11469,0.11366,0.11469,0.04179,1410,1
ag,5120,10240,16,gpu,137,c_flux_ag,3,0.04646,0.04422,0.04646,0.03819,1410,1
ag,5120,10240,16,gpu,137,A_fused,1,0.14950,0.14541,0.14541,0.05702,1410,1
ag,5120,10240,16,gpu,138,c_cublas,0,0.08499,0.08294,0.08294,0.03356,1410,1
ag,5120,10240,16,gpu,138,c_fluxgemm,2,0.11571,0.11469,0.11571,0.03680,1410,1
ag,5120,10240,16,gpu,138,c_flux_ag,1,0.04794,0.04374,0.04794,0.03855,1410,1
ag,5120,10240,16,gpu,138,A_fused,3,0.14541,0.14541,0.14541,0.05580,1410,1
ag,5120,10240,16,gpu,139,c_cublas,2,0.08499,0.08397,0.08397,0.04049,1410,1
ag,5120,10240,16,gpu,139,c_fluxgemm,3,0.11469,0.11366,0.11366,0.03673,1410,1
ag,5120,10240,16,gpu,139,c_flux_ag,0,0.04525,0.04438,0.04525,0.03608,1410,1
ag,5120,10240,16,gpu,139,A_fused,1,0.15053,0.14643,0.14643,0.05258,1410,1
ag,5120,10240,16,gpu,140,c_cublas,2,0.08499,0.08397,0.08397,0.03352,1410,1
ag,5120,10240,16,gpu,140,c_fluxgemm,1,0.11469,0.11366,0.11469,0.03447,1410,1
ag,5120,10240,16,gpu,140,c_flux_ag,0,0.04842,0.04490,0.04490,0.03782,1410,1
ag,5120,10240,16,gpu,140,A_fused,3,0.14643,0.14643,0.14643,0.06701,1410,1
ag,5120,10240,16,gpu,141,c_cublas,0,0.08499,0.08397,0.08397,0.03391,1410,1
ag,5120,10240,16,gpu,141,c_fluxgemm,3,0.11674,0.11366,0.11674,0.03466,1410,1
ag,5120,10240,16,gpu,141,c_flux_ag,2,0.04422,0.04298,0.04422,0.03430,1410,1
ag,5120,10240,16,gpu,141,A_fused,1,0.14643,0.14541,0.14643,0.05870,1410,1
ag,5120,10240,16,gpu,142,c_cublas,2,0.08499,0.08294,0.08294,0.03403,1410,1
ag,5120,10240,16,gpu,142,c_fluxgemm,3,0.11366,0.11366,0.11366,0.03715,1410,1
ag,5120,10240,16,gpu,142,c_flux_ag,1,0.04691,0.04333,0.04691,0.04370,1410,1
ag,5120,10240,16,gpu,142,A_fused,0,0.14746,0.14643,0.14643,0.05686,1410,1
ag,5120,10240,16,gpu,143,c_cublas,1,0.08397,0.08294,0.08294,0.03340,1410,1
ag,5120,10240,16,gpu,143,c_fluxgemm,0,0.11366,0.11264,0.11366,0.03338,1410,1
ag,5120,10240,16,gpu,143,c_flux_ag,3,0.04560,0.04262,0.04560,0.03346,1410,1
ag,5120,10240,16,gpu,143,A_fused,2,0.14746,0.14336,0.14746,0.05854,1410,1
ag,5120,10240,16,gpu,144,c_cublas,3,0.08499,0.08294,0.08294,0.03403,1410,1
ag,5120,10240,16,gpu,144,c_fluxgemm,1,0.11571,0.11469,0.11571,0.03348,1410,1
ag,5120,10240,16,gpu,144,c_flux_ag,2,0.04336,0.04160,0.04336,0.03581,1410,1
ag,5120,10240,16,gpu,144,A_fused,0,0.14746,0.14438,0.14438,0.05479,1410,1
ag,5120,10240,16,gpu,145,c_cublas,3,0.08602,0.08499,0.08499,0.03354,1410,1
ag,5120,10240,16,gpu,145,c_fluxgemm,1,0.11366,0.11366,0.11366,0.03595,1410,1
ag,5120,10240,16,gpu,145,c_flux_ag,0,0.04304,0.03946,0.03946,0.04087,1410,1
ag,5120,10240,16,gpu,145,A_fused,2,0.14746,0.14541,0.14746,0.05601,1410,1
ag,5120,10240,16,gpu,146,c_cublas,3,0.08499,0.08192,0.08192,0.03430,1410,1
ag,5120,10240,16,gpu,146,c_fluxgemm,2,0.11776,0.11469,0.11776,0.03468,1410,1
ag,5120,10240,16,gpu,146,c_flux_ag,0,0.04605,0.04342,0.04605,0.04014,1410,1
ag,5120,10240,16,gpu,146,A_fused,1,0.14541,0.14336,0.14541,0.05479,1410,1
ag,5120,10240,16,gpu,147,c_cublas,1,0.08397,0.08294,0.08294,0.03312,1410,1
ag,5120,10240,16,gpu,147,c_fluxgemm,0,0.11469,0.11264,0.11469,0.03716,1410,1
ag,5120,10240,16,gpu,147,c_flux_ag,3,0.04368,0.04368,0.04368,0.03307,1410,1
ag,5120,10240,16,gpu,147,A_fused,2,0.15053,0.14746,0.15053,0.05948,1410,1
ag,5120,10240,16,gpu,148,c_cublas,2,0.08499,0.08397,0.08397,0.03415,1410,1
ag,5120,10240,16,gpu,148,c_fluxgemm,1,0.11469,0.11264,0.11264,0.03536,1410,1
ag,5120,10240,16,gpu,148,c_flux_ag,0,0.04797,0.04678,0.04797,0.03390,1410,1
ag,5120,10240,16,gpu,148,A_fused,3,0.14438,0.14438,0.14438,0.06036,1410,1
ag,5120,10240,16,gpu,149,c_cublas,3,0.08602,0.08397,0.08397,0.03435,1410,1
ag,5120,10240,16,gpu,149,c_fluxgemm,1,0.11366,0.11366,0.11366,0.03517,1410,1
ag,5120,10240,16,gpu,149,c_flux_ag,0,0.04432,0.04176,0.04176,0.03768,1410,1
ag,5120,10240,16,gpu,149,A_fused,2,0.14541,0.14131,0.14541,0.05402,1410,1
ag,5120,10240,16,gpu,150,c_cublas,3,0.08602,0.08294,0.08294,0.03416,1410,1
ag,5120,10240,16,gpu,150,c_fluxgemm,1,0.11571,0.11366,0.11571,0.03405,1410,1
ag,5120,10240,16,gpu,150,c_flux_ag,2,0.04515,0.04358,0.04515,0.03944,1410,1
ag,5120,10240,16,gpu,150,A_fused,0,0.14950,0.14336,0.14950,0.05933,1410,1
ag,5120,10240,16,gpu,151,c_cublas,1,0.08602,0.08397,0.08397,0.03325,1410,1
ag,5120,10240,16,gpu,151,c_fluxgemm,0,0.11469,0.11469,0.11469,0.03757,1410,1
ag,5120,10240,16,gpu,151,c_flux_ag,2,0.04653,0.04384,0.04384,0.04140,1410,1
ag,5120,10240,16,gpu,151,A_fused,3,0.14950,0.14131,0.14950,0.05295,1410,1
ag,5120,10240,16,gpu,152,c_cublas,1,0.08499,0.08397,0.08397,0.03391,1410,1
ag,5120,10240,16,gpu,152,c_fluxgemm,2,0.11469,0.11469,0.11469,0.03660,1410,1
ag,5120,10240,16,gpu,152,c_flux_ag,0,0.04314,0.04272,0.04314,0.03687,1410,1
ag,5120,10240,16,gpu,152,A_fused,3,0.14746,0.14643,0.14643,0.05526,1410,1
ag,5120,10240,16,gpu,153,c_cublas,0,0.08602,0.08397,0.08397,0.03421,1410,1
ag,5120,10240,16,gpu,153,c_fluxgemm,1,0.11776,0.11366,0.11776,0.03752,1410,1
ag,5120,10240,16,gpu,153,c_flux_ag,2,0.04349,0.04301,0.04349,0.03811,1410,1
ag,5120,10240,16,gpu,153,A_fused,3,0.14643,0.14643,0.14643,0.05260,1410,1
ag,5120,10240,16,gpu,154,c_cublas,2,0.08704,0.08499,0.08499,0.03417,1410,1
ag,5120,10240,16,gpu,154,c_fluxgemm,0,0.11776,0.11366,0.11776,0.03595,1410,1
ag,5120,10240,16,gpu,154,c_flux_ag,1,0.04630,0.04160,0.04160,0.03786,1410,1
ag,5120,10240,16,gpu,154,A_fused,3,0.14541,0.14438,0.14438,0.05763,1410,1
ag,5120,10240,16,gpu,155,c_cublas,2,0.08397,0.08397,0.08397,0.03399,1410,1
ag,5120,10240,16,gpu,155,c_fluxgemm,0,0.11469,0.11469,0.11469,0.04652,1410,1
ag,5120,10240,16,gpu,155,c_flux_ag,3,0.04589,0.04205,0.04589,0.03808,1410,1
ag,5120,10240,16,gpu,155,A_fused,1,0.14541,0.14541,0.14541,0.05668,1410,1
ag,5120,10240,16,gpu,156,c_cublas,2,0.08499,0.08397,0.08397,0.03389,1410,1
ag,5120,10240,16,gpu,156,c_fluxgemm,0,0.14131,0.11571,0.11571,0.03924,1410,1
ag,5120,10240,16,gpu,156,c_flux_ag,3,0.04493,0.04384,0.04384,0.03783,1410,1
ag,5120,10240,16,gpu,156,A_fused,1,0.14541,0.14029,0.14541,0.06366,1410,1
ag,5120,10240,16,gpu,157,c_cublas,3,0.08499,0.08397,0.08397,0.03376,1410,1
ag,5120,10240,16,gpu,157,c_fluxgemm,2,0.11571,0.11469,0.11571,0.03340,1410,1
ag,5120,10240,16,gpu,157,c_flux_ag,0,0.04643,0.04621,0.04643,0.03641,1410,1
ag,5120,10240,16,gpu,157,A_fused,1,0.14746,0.14336,0.14746,0.05422,1410,1
ag,5120,10240,16,gpu,158,c_cublas,0,0.08499,0.08397,0.08397,0.03110,1410,1
ag,5120,10240,16,gpu,158,c_fluxgemm,3,0.11469,0.11469,0.11469,0.03451,1410,1
ag,5120,10240,16,gpu,158,c_flux_ag,1,0.04582,0.04115,0.04115,0.04000,1410,1
ag,5120,10240,16,gpu,158,A_fused,2,0.14541,0.14438,0.14438,0.05284,1410,1
ag,5120,10240,16,gpu,159,c_cublas,1,0.08397,0.08294,0.08294,0.03417,1410,1
ag,5120,10240,16,gpu,159,c_fluxgemm,2,0.11469,0.11469,0.11469,0.03742,1410,1
ag,5120,10240,16,gpu,159,c_flux_ag,0,0.04061,0.03936,0.03936,0.03668,1410,1
ag,5120,10240,16,gpu,159,A_fused,3,0.14438,0.14336,0.14336,0.05502,1410,1
ag,5120,10240,16,gpu,160,c_cublas,0,0.08499,0.08192,0.08192,0.03418,1410,1
ag,5120,10240,16,gpu,160,c_fluxgemm,3,0.11776,0.11366,0.11776,0.03407,1410,1
ag,5120,10240,16,gpu,160,c_flux_ag,1,0.04285,0.04234,0.04285,0.03941,1410,1
ag,5120,10240,16,gpu,160,A_fused,2,0.14848,0.14131,0.14848,0.06420,1410,1
ag,5120,10240,16,gpu,161,c_cublas,2,0.08397,0.08294,0.08294,0.03375,1410,1
ag,5120,10240,16,gpu,161,c_fluxgemm,1,0.11366,0.11264,0.11264,0.03295,1410,1
ag,5120,10240,16,gpu,161,c_flux_ag,3,0.04387,0.04310,0.04387,0.05148,1410,1
ag,5120,10240,16,gpu,161,A_fused,0,0.15155,0.14848,0.15155,0.05702,1410,1
ag,5120,10240,16,gpu,162,c_cublas,0,0.08499,0.08294,0.08294,0.03456,1410,1
ag,5120,10240,16,gpu,162,c_fluxgemm,1,0.11674,0.11469,0.11469,0.03763,1410,1
ag,5120,10240,16,gpu,162,c_flux_ag,3,0.04598,0.04221,0.04221,0.03404,1410,1
ag,5120,10240,16,gpu,162,A_fused,2,0.14950,0.14746,0.14746,0.05597,1410,1
ag,5120,10240,16,gpu,163,c_cublas,3,0.08397,0.08294,0.08294,0.03356,1410,1
ag,5120,10240,16,gpu,163,c_fluxgemm,0,0.11571,0.11366,0.11571,0.03663,1410,1
ag,5120,10240,16,gpu,163,c_flux_ag,1,0.04624,0.04016,0.04624,0.03865,1410,1
ag,5120,10240,16,gpu,163,A_fused,2,0.14438,0.14336,0.14336,0.05323,1410,1
ag,5120,10240,16,gpu,164,c_cublas,0,0.08397,0.08397,0.08397,0.03245,1410,1
ag,5120,10240,16,gpu,164,c_fluxgemm,1,0.11674,0.11469,0.11469,0.03715,1410,1
ag,5120,10240,16,gpu,164,c_flux_ag,3,0.04784,0.04470,0.04470,0.03465,1410,1
ag,5120,10240,16,gpu,164,A_fused,2,0.14848,0.14438,0.14438,0.05665,1410,1
ag,5120,10240,16,gpu,165,c_cublas,1,0.08397,0.08294,0.08294,0.03337,1410,1
ag,5120,10240,16,gpu,165,c_fluxgemm,3,0.11571,0.11366,0.11571,0.03560,1410,1
ag,5120,10240,16,gpu,165,c_flux_ag,2,0.04790,0.04710,0.04790,0.03865,1410,1
ag,5120,10240,16,gpu,165,A_fused,0,0.14438,0.14336,0.14336,0.05536,1410,1
ag,5120,10240,16,gpu,166,c_cublas,0,0.08397,0.08294,0.08294,0.03412,1410,1
ag,5120,10240,16,gpu,166,c_fluxgemm,3,0.11469,0.11264,0.11469,0.03354,1410,1
ag,5120,10240,16,gpu,166,c_flux_ag,1,0.04544,0.04381,0.04381,0.03995,1410,1
ag,5120,10240,16,gpu,166,A_fused,2,0.14848,0.14643,0.14643,0.05499,1410,1
ag,5120,10240,16,gpu,167,c_cublas,1,0.08397,0.08294,0.08294,0.03397,1410,1
ag,5120,10240,16,gpu,167,c_fluxgemm,3,0.11776,0.11674,0.11674,0.03337,1410,1
ag,5120,10240,16,gpu,167,c_flux_ag,0,0.04608,0.04048,0.04608,0.03754,1410,1
ag,5120,10240,16,gpu,167,A_fused,2,0.14848,0.14643,0.14643,0.05827,1410,1
ag,5120,10240,16,gpu,168,c_cublas,2,0.08499,0.08294,0.08294,0.03505,1410,1
ag,5120,10240,16,gpu,168,c_fluxgemm,3,0.11571,0.11469,0.11571,0.03681,1410,1
ag,5120,10240,16,gpu,168,c_flux_ag,0,0.04691,0.04406,0.04691,0.07875,1410,1
ag,5120,10240,16,gpu,168,A_fused,1,0.14438,0.14131,0.14438,0.06607,1410,1
ag,5120,10240,16,gpu,169,c_cublas,1,0.08397,0.08294,0.08294,0.03404,1410,1
ag,5120,10240,16,gpu,169,c_fluxgemm,2,0.11878,0.11469,0.11469,0.04533,1410,1
ag,5120,10240,16,gpu,169,c_flux_ag,0,0.04365,0.04298,0.04365,0.03896,1410,1
ag,5120,10240,16,gpu,169,A_fused,3,0.15155,0.14746,0.15155,0.05581,1410,1
ag,5120,10240,16,gpu,170,c_cublas,0,0.08397,0.08397,0.08397,0.03399,1410,1
ag,5120,10240,16,gpu,170,c_fluxgemm,1,0.11366,0.11264,0.11366,0.03751,1410,1
ag,5120,10240,16,gpu,170,c_flux_ag,2,0.04397,0.04182,0.04182,0.04153,1410,1
ag,5120,10240,16,gpu,170,A_fused,3,0.14541,0.14336,0.14541,0.05977,1410,1
ag,5120,10240,16,gpu,171,c_cublas,3,0.08499,0.08397,0.08397,0.03372,1410,1
ag,5120,10240,16,gpu,171,c_fluxgemm,2,0.11571,0.11469,0.11469,0.03487,1410,1
ag,5120,10240,16,gpu,171,c_flux_ag,1,0.04387,0.04090,0.04387,0.03369,1410,1
ag,5120,10240,16,gpu,171,A_fused,0,0.15565,0.15258,0.15258,0.05645,1410,1
ag,5120,10240,16,gpu,172,c_cublas,3,0.08499,0.08397,0.08397,0.03337,1410,1
ag,5120,10240,16,gpu,172,c_fluxgemm,1,0.11366,0.11264,0.11366,0.03563,1410,1
ag,5120,10240,16,gpu,172,c_flux_ag,0,0.04787,0.04083,0.04083,0.04058,1410,1
ag,5120,10240,16,gpu,172,A_fused,2,0.14848,0.14438,0.14848,0.05480,1410,1
ag,5120,10240,16,gpu,173,c_cublas,0,0.08397,0.08294,0.08294,0.03214,1410,1
ag,5120,10240,16,gpu,173,c_fluxgemm,1,0.11674,0.11469,0.11674,0.03758,1410,1
ag,5120,10240,16,gpu,173,c_flux_ag,2,0.04189,0.04157,0.04157,0.03723,1410,1
ag,5120,10240,16,gpu,173,A_fused,3,0.14643,0.14336,0.14643,0.05530,1410,1
ag,5120,10240,16,gpu,174,c_cublas,1,0.08397,0.08294,0.08294,0.03438,1410,1
ag,5120,10240,16,gpu,174,c_fluxgemm,0,0.11878,0.11469,0.11469,0.03701,1410,1
ag,5120,10240,16,gpu,174,c_flux_ag,3,0.04275,0.04214,0.04214,0.03447,1410,1
ag,5120,10240,16,gpu,174,A_fused,2,0.14643,0.14438,0.14438,0.05774,1410,1
ag,5120,10240,16,gpu,175,c_cublas,1,0.08397,0.08294,0.08294,0.03436,1410,1
ag,5120,10240,16,gpu,175,c_fluxgemm,0,0.11469,0.11366,0.11469,0.03629,1410,1
ag,5120,10240,16,gpu,175,c_flux_ag,2,0.04518,0.04387,0.04387,0.03876,1410,1
ag,5120,10240,16,gpu,175,A_fused,3,0.14746,0.14541,0.14746,0.05394,1410,1
ag,5120,10240,16,gpu,176,c_cublas,1,0.08499,0.08294,0.08294,0.03466,1410,1
ag,5120,10240,16,gpu,176,c_fluxgemm,0,0.11571,0.11264,0.11571,0.03830,1410,1
ag,5120,10240,16,gpu,176,c_flux_ag,3,0.04694,0.04618,0.04694,0.03424,1410,1
ag,5120,10240,16,gpu,176,A_fused,2,0.15053,0.14541,0.15053,0.05808,1410,1
ag,5120,10240,16,gpu,177,c_cublas,0,0.08704,0.08397,0.08397,0.03452,1410,1
ag,5120,10240,16,gpu,177,c_fluxgemm,2,0.11571,0.11469,0.11469,0.03551,1410,1
ag,5120,10240,16,gpu,177,c_flux_ag,3,0.04672,0.04502,0.04672,0.03673,1410,1
ag,5120,10240,16,gpu,177,A_fused,1,0.15053,0.14746,0.14746,0.05905,1410,1
ag,5120,10240,16,gpu,178,c_cublas,0,0.08499,0.08397,0.08397,0.08243,1410,1
ag,5120,10240,16,gpu,178,c_fluxgemm,1,0.11469,0.11366,0.11469,0.03858,1410,1
ag,5120,10240,16,gpu,178,c_flux_ag,3,0.04435,0.03734,0.04435,0.03461,1410,1
ag,5120,10240,16,gpu,178,A_fused,2,0.14746,0.14643,0.14746,0.05933,1410,1
ag,5120,10240,16,gpu,179,c_cublas,0,0.08499,0.08294,0.08294,0.03522,1410,1
ag,5120,10240,16,gpu,179,c_fluxgemm,1,0.11776,0.11469,0.11469,0.03795,1410,1
ag,5120,10240,16,gpu,179,c_flux_ag,3,0.04557,0.03984,0.04557,0.03449,1410,1
ag,5120,10240,16,gpu,179,A_fused,2,0.15053,0.14336,0.15053,0.05632,1410,1
ag,5120,10240,16,gpu,180,c_cublas,3,0.08499,0.08294,0.08294,0.03418,1410,1
ag,5120,10240,16,gpu,180,c_fluxgemm,0,0.14643,0.11366,0.14643,0.04370,1410,1
ag,5120,10240,16,gpu,180,c_flux_ag,2,0.04899,0.04294,0.04899,0.03425,1410,1
ag,5120,10240,16,gpu,180,A_fused,1,0.14746,0.14643,0.14746,0.05865,1410,1
ag,5120,10240,16,gpu,181,c_cublas,2,0.08397,0.08397,0.08397,0.03361,1410,1
ag,5120,10240,16,gpu,181,c_fluxgemm,0,0.11571,0.11469,0.11571,0.03759,1410,1
ag,5120,10240,16,gpu,181,c_flux_ag,3,0.04614,0.04538,0.04538,0.03860,1410,1
ag,5120,10240,16,gpu,181,A_fused,1,0.14746,0.14541,0.14541,0.05756,1410,1
ag,5120,10240,16,gpu,182,c_cublas,2,0.08602,0.08294,0.08294,0.03417,1410,1
ag,5120,10240,16,gpu,182,c_fluxgemm,3,0.11366,0.11366,0.11366,0.03720,1410,1
ag,5120,10240,16,gpu,182,c_flux_ag,1,0.04384,0.04211,0.04211,0.03442,1410,1
ag,5120,10240,16,gpu,182,A_fused,0,0.14848,0.14848,0.14848,0.05826,1410,1
ag,5120,10240,16,gpu,183,c_cublas,1,0.08397,0.08294,0.08294,0.03385,1410,1
ag,5120,10240,16,gpu,183,c_fluxgemm,2,0.11674,0.11469,0.11674,0.03613,1410,1
ag,5120,10240,16,gpu,183,c_flux_ag,3,0.04291,0.04237,0.04237,0.03817,1410,1
ag,5120,10240,16,gpu,183,A_fused,0,0.15258,0.14541,0.14541,0.05910,1410,1
ag,5120,10240,16,gpu,184,c_cublas,1,0.08499,0.08499,0.08499,0.03333,1410,1
ag,5120,10240,16,gpu,184,c_fluxgemm,3,0.11571,0.11469,0.11469,0.03529,1410,1
ag,5120,10240,16,gpu,184,c_flux_ag,2,0.04710,0.04499,0.04710,0.03833,1410,1
ag,5120,10240,16,gpu,184,A_fused,0,0.14746,0.14643,0.14746,0.05688,1410,1
ag,5120,10240,16,gpu,185,c_cublas,0,0.08602,0.08294,0.08294,0.04126,1410,1
ag,5120,10240,16,gpu,185,c_fluxgemm,1,0.11674,0.11366,0.11674,0.05385,1410,1
ag,5120,10240,16,gpu,185,c_flux_ag,2,0.04416,0.04013,0.04416,0.06070,1410,1
ag,5120,10240,16,gpu,185,A_fused,3,0.14643,0.14541,0.14643,0.05682,1410,1
ag,5120,10240,16,gpu,186,c_cublas,0,0.08499,0.08294,0.08294,0.18319,1410,1
ag,5120,10240,16,gpu,186,c_fluxgemm,2,0.11366,0.11366,0.11366,0.03340,1410,1
ag,5120,10240,16,gpu,186,c_flux_ag,3,0.04374,0.03910,0.03910,0.03764,1410,1
ag,5120,10240,16,gpu,186,A_fused,1,0.14950,0.14746,0.14950,0.05859,1410,1
ag,5120,10240,16,gpu,187,c_cublas,3,0.08602,0.08397,0.08397,0.03518,1410,1
ag,5120,10240,16,gpu,187,c_fluxgemm,0,0.11469,0.11366,0.11469,0.03753,1410,1
ag,5120,10240,16,gpu,187,c_flux_ag,1,0.04595,0.04294,0.04595,0.03702,1410,1
ag,5120,10240,16,gpu,187,A_fused,2,0.14643,0.14541,0.14643,0.05370,1410,1
ag,5120,10240,16,gpu,188,c_cublas,1,0.08499,0.08397,0.08397,0.03430,1410,1
ag,5120,10240,16,gpu,188,c_fluxgemm,2,0.11366,0.11366,0.11366,0.03766,1410,1
ag,5120,10240,16,gpu,188,c_flux_ag,0,0.04035,0.04026,0.04026,0.03980,1410,1
ag,5120,10240,16,gpu,188,A_fused,3,0.15155,0.14848,0.14848,0.05486,1410,1
ag,5120,10240,16,gpu,189,c_cublas,3,0.08499,0.08397,0.08397,0.03475,1410,1
ag,5120,10240,16,gpu,189,c_fluxgemm,0,0.11571,0.11571,0.11571,0.03645,1410,1
ag,5120,10240,16,gpu,189,c_flux_ag,2,0.05104,0.04237,0.05104,0.03400,1410,1
ag,5120,10240,16,gpu,189,A_fused,1,0.14746,0.14438,0.14746,0.06152,1410,1
ag,5120,10240,16,gpu,190,c_cublas,3,0.08397,0.08397,0.08397,0.03387,1410,1
ag,5120,10240,16,gpu,190,c_fluxgemm,2,0.11469,0.11469,0.11469,0.04134,1410,1
ag,5120,10240,16,gpu,190,c_flux_ag,0,0.04861,0.04784,0.04861,0.03871,1410,1
ag,5120,10240,16,gpu,190,A_fused,1,0.14746,0.14643,0.14746,0.05435,1410,1
ag,5120,10240,16,gpu,191,c_cublas,0,0.08499,0.08294,0.08294,0.03147,1410,1
ag,5120,10240,16,gpu,191,c_fluxgemm,1,0.11571,0.11366,0.11366,0.03719,1410,1
ag,5120,10240,16,gpu,191,c_flux_ag,3,0.04714,0.04499,0.04714,0.03560,1410,1
ag,5120,10240,16,gpu,191,A_fused,2,0.14643,0.14336,0.14643,0.05566,1410,1
ag,5120,10240,16,gpu,192,c_cublas,2,0.08499,0.08397,0.08397,0.03414,1410,1
ag,5120,10240,16,gpu,192,c_fluxgemm,0,0.11469,0.11366,0.11469,0.03623,1410,1
ag,5120,10240,16,gpu,192,c_flux_ag,3,0.04605,0.04493,0.04493,0.03683,1410,1
ag,5120,10240,16,gpu,192,A_fused,1,0.14438,0.14336,0.14438,0.05512,1410,1
ag,5120,10240,16,gpu,193,c_cublas,1,0.08499,0.08499,0.08499,0.03355,1410,1
ag,5120,10240,16,gpu,193,c_fluxgemm,3,0.11571,0.11366,0.11571,0.03516,1410,1
ag,5120,10240,16,gpu,193,c_flux_ag,2,0.04218,0.04214,0.04214,0.03794,1410,1
ag,5120,10240,16,gpu,193,A_fused,0,0.14643,0.14541,0.14643,0.05748,1410,1
ag,5120,10240,16,gpu,194,c_cublas,3,0.08397,0.08397,0.08397,0.03349,1410,1
ag,5120,10240,16,gpu,194,c_fluxgemm,1,0.11571,0.11571,0.11571,0.03446,1410,1
ag,5120,10240,16,gpu,194,c_flux_ag,0,0.04816,0.04336,0.04816,0.03664,1410,1
ag,5120,10240,16,gpu,194,A_fused,2,0.14950,0.14746,0.14950,0.05418,1410,1
ag,5120,10240,16,gpu,195,c_cublas,0,0.08499,0.08397,0.08397,0.03208,1410,1
ag,5120,10240,16,gpu,195,c_fluxgemm,2,0.11571,0.11366,0.11366,0.03618,1410,1
ag,5120,10240,16,gpu,195,c_flux_ag,1,0.04688,0.04294,0.04688,0.04033,1410,1
ag,5120,10240,16,gpu,195,A_fused,3,0.14643,0.14438,0.14643,0.05360,1410,1
ag,5120,10240,16,gpu,196,c_cublas,2,0.08499,0.08294,0.08294,0.03422,1410,1
ag,5120,10240,16,gpu,196,c_fluxgemm,3,0.11674,0.11571,0.11571,0.03694,1410,1
ag,5120,10240,16,gpu,196,c_flux_ag,1,0.04621,0.04061,0.04621,0.03305,1410,1
ag,5120,10240,16,gpu,196,A_fused,0,0.14950,0.14848,0.14950,0.05670,1410,1
ag,5120,10240,16,gpu,197,c_cublas,1,0.08397,0.08192,0.08192,0.25238,1410,1
ag,5120,10240,16,gpu,197,c_fluxgemm,2,0.11469,0.11366,0.11366,0.03792,1410,1
ag,5120,10240,16,gpu,197,c_flux_ag,3,0.05306,0.05107,0.05306,0.03869,1410,1
ag,5120,10240,16,gpu,197,A_fused,0,0.14950,0.14950,0.14950,0.06635,1410,1
ag,5120,10240,16,gpu,198,c_cublas,0,0.08499,0.08294,0.08294,0.03487,1410,1
ag,5120,10240,16,gpu,198,c_fluxgemm,1,0.11469,0.11469,0.11469,0.04691,1410,1
ag,5120,10240,16,gpu,198,c_flux_ag,2,0.04192,0.04182,0.04182,0.03700,1410,1
ag,5120,10240,16,gpu,198,A_fused,3,0.14541,0.14234,0.14541,0.05482,1410,1
ag,5120,10240,16,gpu,199,c_cublas,1,0.08397,0.08294,0.08397,0.03384,1410,1
ag,5120,10240,16,gpu,199,c_fluxgemm,3,0.11469,0.11366,0.11469,0.03668,1410,1
ag,5120,10240,16,gpu,199,c_flux_ag,2,0.04621,0.04323,0.04621,0.04228,1410,1
ag,5120,10240,16,gpu,199,A_fused,0,0.14848,0.14746,0.14848,0.05383,1410,1
ag,5120,10240,16,steady,0,c_cublas,2,0.06854,0.06848,0.06848,0.01429,0,1
ag,5120,10240,16,steady,0,c_fluxgemm,1,0.10502,0.10470,0.10502,0.01938,0,1
ag,5120,10240,16,steady,0,c_flux_ag,3,0.03999,0.03995,0.03999,0.02772,0,1
ag,5120,10240,16,steady,0,A_fused,0,0.13690,0.13587,0.13690,0.03801,0,1
ag,5120,10240,16,steady,1,c_cublas,0,0.07053,0.07008,0.07008,0.01305,0,1
ag,5120,10240,16,steady,1,c_fluxgemm,3,0.10477,0.10464,0.10477,0.01911,0,1
ag,5120,10240,16,steady,1,c_flux_ag,2,0.04118,0.04091,0.04118,0.02700,0,1
ag,5120,10240,16,steady,1,A_fused,1,0.13453,0.13446,0.13453,0.03636,0,1
ag,5120,10240,16,steady,2,c_cublas,3,0.06854,0.06822,0.06822,0.01279,0,1
ag,5120,10240,16,steady,2,c_fluxgemm,1,0.10515,0.10470,0.10515,0.01894,0,1
ag,5120,10240,16,steady,2,c_flux_ag,2,0.04078,0.04060,0.04060,0.02718,0,1
ag,5120,10240,16,steady,2,A_fused,0,0.13670,0.13542,0.13542,0.03741,0,1
ag,5120,10240,16,steady,3,c_cublas,3,0.06848,0.06822,0.06822,0.01267,0,1
ag,5120,10240,16,steady,3,c_fluxgemm,2,0.10566,0.10522,0.10566,0.01961,0,1
ag,5120,10240,16,steady,3,c_flux_ag,1,0.04105,0.04097,0.04097,0.02640,0,1
ag,5120,10240,16,steady,3,A_fused,0,0.13664,0.13626,0.13664,0.03718,0,1
ag,5120,10240,16,steady,4,c_cublas,2,0.06822,0.06822,0.06822,0.01310,0,1
ag,5120,10240,16,steady,4,c_fluxgemm,3,0.10490,0.10458,0.10490,0.01912,0,1
ag,5120,10240,16,steady,4,c_flux_ag,1,0.04090,0.04087,0.04090,0.02624,0,1
ag,5120,10240,16,steady,4,A_fused,0,0.13574,0.13555,0.13574,0.03715,0,1
ag,5120,10240,16,steady,5,c_cublas,0,0.07034,0.07002,0.07034,0.01263,0,1
ag,5120,10240,16,steady,5,c_fluxgemm,3,0.10509,0.10451,0.10509,0.01887,0,1
ag,5120,10240,16,steady,5,c_flux_ag,1,0.04034,0.04017,0.04017,0.02669,0,1
ag,5120,10240,16,steady,5,A_fused,2,0.13491,0.13472,0.13491,0.03631,0,1
ag,5120,10240,16,steady,6,c_cublas,2,0.06842,0.06829,0.06829,0.01268,0,1
ag,5120,10240,16,steady,6,c_fluxgemm,0,0.10643,0.10566,0.10643,0.01880,0,1
ag,5120,10240,16,steady,6,c_flux_ag,1,0.04150,0.04135,0.04150,0.02653,0,1
ag,5120,10240,16,steady,6,A_fused,3,0.13446,0.13414,0.13414,0.03629,0,1
ag,5120,10240,16,steady,7,c_cublas,0,0.07021,0.06970,0.06970,0.01702,0,1
ag,5120,10240,16,steady,7,c_fluxgemm,1,0.10515,0.10509,0.10515,0.01930,0,1
ag,5120,10240,16,steady,7,c_flux_ag,2,0.04119,0.04105,0.04105,0.02652,0,1
ag,5120,10240,16,steady,7,A_fused,3,0.13261,0.13248,0.13248,0.03645,0,1
ag,5120,10240,16,steady,8,c_cublas,0,0.07014,0.06995,0.07014,0.01277,0,1
ag,5120,10240,16,steady,8,c_fluxgemm,1,0.10509,0.10464,0.10509,0.02001,0,1
ag,5120,10240,16,steady,8,c_flux_ag,2,0.04108,0.04074,0.04108,0.02648,0,1
ag,5120,10240,16,steady,8,A_fused,3,0.13466,0.13453,0.13466,0.03620,0,1
ag,5120,10240,16,steady,9,c_cublas,0,0.07021,0.07002,0.07021,0.01267,0,1
ag,5120,10240,16,steady,9,c_fluxgemm,2,0.10579,0.10573,0.10573,0.01904,0,1
ag,5120,10240,16,steady,9,c_flux_ag,1,0.03793,0.03790,0.03790,0.02718,0,1
ag,5120,10240,16,steady,9,A_fused,3,0.13440,0.13421,0.13440,0.03640,0,1
ag,5120,10240,16,steady,10,c_cublas,2,0.06829,0.06822,0.06822,0.01269,0,1
ag,5120,10240,16,steady,10,c_fluxgemm,0,0.10707,0.10675,0.10707,0.01889,0,1
ag,5120,10240,16,steady,10,c_flux_ag,1,0.03815,0.03806,0.03815,0.02741,0,1
ag,5120,10240,16,steady,10,A_fused,3,0.13504,0.13485,0.13485,0.03661,0,1
ag,5120,10240,16,steady,11,c_cublas,2,0.06854,0.06829,0.06829,0.01249,0,1
ag,5120,10240,16,steady,11,c_fluxgemm,0,0.10682,0.10662,0.10662,0.01909,0,1
ag,5120,10240,16,steady,11,c_flux_ag,3,0.04078,0.04036,0.04078,0.02777,0,1
ag,5120,10240,16,steady,11,A_fused,1,0.13446,0.13434,0.13434,0.03616,0,1
ag,5120,10240,16,steady,12,c_cublas,1,0.06867,0.06854,0.06854,0.01265,0,1
ag,5120,10240,16,steady,12,c_fluxgemm,3,0.10496,0.10464,0.10464,0.02023,0,1
ag,5120,10240,16,steady,12,c_flux_ag,2,0.04026,0.04010,0.04026,0.02670,0,1
ag,5120,10240,16,steady,12,A_fused,0,0.13600,0.13581,0.13581,0.03640,0,1
ag,5120,10240,16,steady,13,c_cublas,3,0.06854,0.06822,0.06822,0.01330,0,1
ag,5120,10240,16,steady,13,c_fluxgemm,0,0.10694,0.10650,0.10694,0.01892,0,1
ag,5120,10240,16,steady,13,c_flux_ag,2,0.04097,0.04086,0.04097,0.02668,0,1
ag,5120,10240,16,steady,13,A_fused,1,0.13453,0.13440,0.13440,0.03635,0,1
ag,5120,10240,16,steady,14,c_cublas,0,0.07226,0.07187,0.07226,0.01238,1410,1
ag,5120,10240,16,steady,14,c_fluxgemm,2,0.10547,0.10515,0.10515,0.01915,1410,1
ag,5120,10240,16,steady,14,c_flux_ag,3,0.04142,0.04116,0.04116,0.02793,1410,1
ag,5120,10240,16,steady,14,A_fused,1,0.13632,0.13619,0.13619,0.03715,1410,1
ag,5120,10240,16,steady,15,c_cublas,2,0.06848,0.06810,0.06810,0.01266,1410,1
ag,5120,10240,16,steady,15,c_fluxgemm,0,0.10694,0.10669,0.10669,0.01899,1410,1
ag,5120,10240,16,steady,15,c_flux_ag,1,0.04123,0.04104,0.04123,0.02717,1410,1
ag,5120,10240,16,steady,15,A_fused,3,0.13459,0.13434,0.13459,0.03666,1410,1
ag,5120,10240,16,steady,16,c_cublas,0,0.07014,0.07002,0.07014,0.01259,1410,1
ag,5120,10240,16,steady,16,c_fluxgemm,3,0.10528,0.10496,0.10528,0.01994,1410,1
ag,5120,10240,16,steady,16,c_flux_ag,1,0.03983,0.03960,0.03960,0.02719,1410,1
ag,5120,10240,16,steady,16,A_fused,2,0.13530,0.13510,0.13510,0.03584,1410,1
ag,5120,10240,16,steady,17,c_cublas,3,0.06848,0.06822,0.06822,0.01281,1410,1
ag,5120,10240,16,steady,17,c_fluxgemm,2,0.10554,0.10528,0.10528,0.01965,1410,1
ag,5120,10240,16,steady,17,c_flux_ag,0,0.03948,0.03919,0.03919,0.02673,1410,1
ag,5120,10240,16,steady,17,A_fused,1,0.13446,0.13427,0.13446,0.04251,1410,1
ag,5120,10240,16,steady,18,c_cublas,1,0.06848,0.06822,0.06822,0.01720,1410,1
ag,5120,10240,16,steady,18,c_fluxgemm,0,0.10720,0.10541,0.10541,0.01896,1410,1
ag,5120,10240,16,steady,18,c_flux_ag,3,0.04162,0.04155,0.04162,0.02777,1410,1
ag,5120,10240,16,steady,18,A_fused,2,0.13658,0.13632,0.13658,0.03687,1410,1
ag,5120,10240,16,steady,19,c_cublas,0,0.07002,0.06989,0.07002,0.01270,1410,1
ag,5120,10240,16,steady,19,c_fluxgemm,1,0.10496,0.10490,0.10496,0.01909,1410,1
ag,5120,10240,16,steady,19,c_flux_ag,2,0.04084,0.04059,0.04084,0.02626,1410,1
ag,5120,10240,16,steady,19,A_fused,3,0.13446,0.13414,0.13446,0.03628,1410,1
ag,5120,10240,16,steady,20,c_cublas,3,0.06842,0.06829,0.06829,0.01327,1410,1
ag,5120,10240,16,steady,20,c_fluxgemm,2,0.10534,0.10515,0.10515,0.01874,1410,1
ag,5120,10240,16,steady,20,c_flux_ag,0,0.03794,0.03764,0.03764,0.02646,1410,1
ag,5120,10240,16,steady,20,A_fused,1,0.13523,0.13517,0.13523,0.03732,1410,1
ag,5120,10240,16,steady,21,c_cublas,1,0.06861,0.06854,0.06861,0.01261,1410,1
ag,5120,10240,16,steady,21,c_fluxgemm,2,0.10598,0.10554,0.10554,0.01905,1410,1
ag,5120,10240,16,steady,21,c_flux_ag,0,0.04113,0.04090,0.04090,0.02696,1410,1
ag,5120,10240,16,steady,21,A_fused,3,0.13446,0.13440,0.13446,0.03634,1410,1
ag,5120,10240,16,steady,22,c_cublas,1,0.06854,0.06842,0.06842,0.01268,1410,1
ag,5120,10240,16,steady,22,c_fluxgemm,0,0.10682,0.10682,0.10682,0.01899,1410,1
ag,5120,10240,16,steady,22,c_flux_ag,3,0.04001,0.03978,0.04001,0.02645,1410,1
ag,5120,10240,16,steady,22,A_fused,2,0.13510,0.13504,0.13510,0.03738,1410,1
ag,5120,10240,16,steady,23,c_cublas,0,0.06989,0.06982,0.06989,0.01270,1410,1
ag,5120,10240,16,steady,23,c_fluxgemm,1,0.10541,0.10528,0.10528,0.01927,1410,1
ag,5120,10240,16,steady,23,c_flux_ag,2,0.04132,0.04125,0.04125,0.02664,1410,1
ag,5120,10240,16,steady,23,A_fused,3,0.13318,0.13318,0.13318,0.03595,1410,1
ag,5120,10240,16,steady,24,c_cublas,3,0.06854,0.06842,0.06842,0.01265,1410,1
ag,5120,10240,16,steady,24,c_fluxgemm,2,0.10586,0.10528,0.10586,0.01898,1410,1
ag,5120,10240,16,steady,24,c_flux_ag,1,0.04104,0.04097,0.04097,0.02666,1410,1
ag,5120,10240,16,steady,24,A_fused,0,0.13587,0.13581,0.13581,0.03606,1410,1
ag,5120,10240,16,steady,25,c_cublas,0,0.07181,0.07142,0.07181,0.01239,1410,1
ag,5120,10240,16,steady,25,c_fluxgemm,1,0.10528,0.10502,0.10528,0.01924,1410,1
ag,5120,10240,16,steady,25,c_flux_ag,3,0.04111,0.04103,0.04103,0.02650,1410,1
ag,5120,10240,16,steady,25,A_fused,2,0.13632,0.13619,0.13619,0.03679,1410,1
ag,5120,10240,16,steady,26,c_cublas,3,0.06854,0.06848,0.06848,0.01271,1410,1
ag,5120,10240,16,steady,26,c_fluxgemm,2,0.10541,0.10528,0.10541,0.01904,1410,1
ag,5120,10240,16,steady,26,c_flux_ag,1,0.04108,0.04085,0.04108,0.02686,1410,1
ag,5120,10240,16,steady,26,A_fused,0,0.13600,0.13466,0.13466,0.03605,1410,1
ag,5120,10240,16,steady,27,c_cublas,3,0.06854,0.06835,0.06835,0.01260,1410,1
ag,5120,10240,16,steady,27,c_fluxgemm,2,0.10515,0.10509,0.10509,0.01893,1410,1
ag,5120,10240,16,steady,27,c_flux_ag,1,0.04136,0.04129,0.04129,0.02677,1410,1
ag,5120,10240,16,steady,27,A_fused,0,0.13530,0.13504,0.13530,0.03615,1410,1
ag,5120,10240,16,steady,28,c_cublas,1,0.06880,0.06842,0.06842,0.01256,1410,1
ag,5120,10240,16,steady,28,c_fluxgemm,0,0.10739,0.10726,0.10726,0.01910,1410,1
ag,5120,10240,16,steady,28,c_flux_ag,3,0.04038,0.04024,0.04024,0.02636,1410,1
ag,5120,10240,16,steady,28,A_fused,2,0.13638,0.13626,0.13638,0.03670,1410,1
ag,5120,10240,16,steady,29,c_cublas,0,0.07014,0.07008,0.07014,0.01260,1410,1
ag,5120,10240,16,steady,29,c_fluxgemm,2,0.10566,0.10534,0.10534,0.01925,1410,1
ag,5120,10240,16,steady,29,c_flux_ag,1,0.03739,0.03714,0.03714,0.02652,1410,1
ag,5120,10240,16,steady,29,A_fused,3,0.13478,0.13453,0.13453,0.03720,1410,1
ag,5120,10240,16,steady,30,c_cublas,3,0.06861,0.06842,0.06842,0.01754,1410,1
ag,5120,10240,16,steady,30,c_fluxgemm,2,0.10541,0.10534,0.10541,0.01969,1410,1
ag,5120,10240,16,steady,30,c_flux_ag,1,0.04002,0.03964,0.03964,0.02699,1410,1
ag,5120,10240,16,steady,30,A_fused,0,0.15315,0.13830,0.15315,0.03656,1410,1
ag,5120,10240,16,steady,31,c_cublas,1,0.06854,0.06835,0.06835,0.01269,1410,1
ag,5120,10240,16,steady,31,c_fluxgemm,3,0.10496,0.10483,0.10483,0.01905,1410,1
ag,5120,10240,16,steady,31,c_flux_ag,2,0.04168,0.04166,0.04168,0.02790,1410,1
ag,5120,10240,16,steady,31,A_fused,0,0.13626,0.13587,0.13626,0.03674,1410,1
ag,5120,10240,16,steady,32,c_cublas,2,0.06848,0.06835,0.06835,0.01276,1410,1
ag,5120,10240,16,steady,32,c_fluxgemm,1,0.10496,0.10496,0.10496,0.01893,1410,1
ag,5120,10240,16,steady,32,c_flux_ag,0,0.04048,0.03968,0.04048,0.02697,1410,1
ag,5120,10240,16,steady,32,A_fused,3,0.13459,0.13453,0.13459,0.03651,1410,1
ag,5120,10240,16,steady,33,c_cublas,3,0.06835,0.06829,0.06829,0.01269,1410,1
ag,5120,10240,16,steady,33,c_fluxgemm,2,0.10554,0.10541,0.10554,0.02026,1410,1
ag,5120,10240,16,steady,33,c_flux_ag,1,0.04085,0.04082,0.04082,0.02650,1410,1
ag,5120,10240,16,steady,33,A_fused,0,0.13498,0.13446,0.13446,0.03627,1410,1
ag,5120,10240,16,steady,34,c_cublas,1,0.06861,0.06848,0.06861,0.01261,1410,1
ag,5120,10240,16,steady,34,c_fluxgemm,0,0.10752,0.10688,0.10752,0.01906,1410,1
ag,5120,10240,16,steady,34,c_flux_ag,3,0.04085,0.04074,0.04074,0.02631,1410,1
ag,5120,10240,16,steady,34,A_fused,2,0.13600,0.13555,0.13600,0.03613,1410,1
ag,5120,10240,16,steady,35,c_cublas,3,0.06880,0.06842,0.06842,0.01276,1410,1
ag,5120,10240,16,steady,35,c_fluxgemm,0,0.10694,0.10662,0.10694,0.01904,1410,1
ag,5120,10240,16,steady,35,c_flux_ag,2,0.04126,0.04117,0.04126,0.02727,1410,1
ag,5120,10240,16,steady,35,A_fused,1,0.13504,0.13498,0.13504,0.03570,1410,1
ag,5120,10240,16,steady,36,c_cublas,0,0.07238,0.07155,0.07238,0.01229,1410,1
ag,5120,10240,16,steady,36,c_fluxgemm,2,0.10541,0.10528,0.10528,0.01897,1410,1
ag,5120,10240,16,steady,36,c_flux_ag,3,0.04078,0.04035,0.04078,0.02647,1410,1
ag,5120,10240,16,steady,36,A_fused,1,0.13530,0.13504,0.13504,0.03678,1410,1
ag,5120,10240,16,steady,37,c_cublas,3,0.06829,0.06822,0.06822,0.01275,1410,1
ag,5120,10240,16,steady,37,c_fluxgemm,1,0.10522,0.10483,0.10483,0.01891,1410,1
ag,5120,10240,16,steady,37,c_flux_ag,2,0.04168,0.04157,0.04168,0.02752,1410,1
ag,5120,10240,16,steady,37,A_fused,0,0.13562,0.13536,0.13536,0.03657,1410,1
ag,5120,10240,16,steady,38,c_cublas,1,0.06854,0.06842,0.06842,0.01268,1410,1
ag,5120,10240,16,steady,38,c_fluxgemm,0,0.10707,0.10669,0.10707,0.01913,1410,1
ag,5120,10240,16,steady,38,c_flux_ag,2,0.04096,0.04072,0.04096,0.02691,1410,1
ag,5120,10240,16,steady,38,A_fused,3,0.13555,0.13536,0.13555,0.03618,1410,1
ag,5120,10240,16,steady,39,c_cublas,1,0.06861,0.06842,0.06842,0.01271,1410,1
ag,5120,10240,16,steady,39,c_fluxgemm,3,0.10522,0.10470,0.10522,0.01870,1410,1
ag,5120,10240,16,steady,39,c_flux_ag,0,0.03910,0.03892,0.03892,0.02713,1410,1
ag,5120,10240,16,steady,39,A_fused,2,0.13459,0.13446,0.13459,0.03684,1410,1
ag,5120,10240,16,steady,40,c_cublas,3,0.06861,0.06842,0.06842,0.01255,1410,1
ag,5120,10240,16,steady,40,c_fluxgemm,1,0.10522,0.10502,0.10502,0.01893,1410,1
ag,5120,10240,16,steady,40,c_flux_ag,0,0.04126,0.04082,0.04082,0.02645,1410,1
ag,5120,10240,16,steady,40,A_fused,2,0.13510,0.13466,0.13466,0.03633,1410,1
ag,5120,10240,16,steady,41,c_cublas,1,0.06867,0.06842,0.06867,0.01258,1410,1
ag,5120,10240,16,steady,41,c_fluxgemm,3,0.10496,0.10477,0.10496,0.01915,1410,1
ag,5120,10240,16,steady,41,c_flux_ag,2,0.04065,0.04046,0.04065,0.02644,1410,1
ag,5120,10240,16,steady,41,A_fused,0,0.13562,0.13523,0.13523,0.03694,1410,1
ag,5120,10240,16,steady,42,c_cublas,2,0.06867,0.06854,0.06854,0.01278,1410,1
ag,5120,10240,16,steady,42,c_fluxgemm,1,0.10509,0.10483,0.10509,0.01896,1410,1
ag,5120,10240,16,steady,42,c_flux_ag,3,0.04043,0.04030,0.04043,0.02727,1410,1
ag,5120,10240,16,steady,42,A_fused,0,0.13696,0.13690,0.13690,0.03738,1410,1
ag,5120,10240,16,steady,43,c_cublas,3,0.06848,0.06829,0.06829,0.01276,1410,1
ag,5120,10240,16,steady,43,c_fluxgemm,2,0.10586,0.10547,0.10547,0.01927,1410,1
ag,5120,10240,16,steady,43,c_flux_ag,1,0.04156,0.04143,0.04156,0.02653,1410,1
ag,5120,10240,16,steady,43,A_fused,0,0.13683,0.13421,0.13683,0.03720,1410,1
ag,5120,10240,16,steady,44,c_cublas,1,0.06854,0.06835,0.06835,0.01344,1410,1
ag,5120,10240,16,steady,44,c_fluxgemm,0,0.10682,0.10682,0.10682,0.01915,1410,1
ag,5120,10240,16,steady,44,c_flux_ag,2,0.04014,0.04000,0.04014,0.02682,1410,1
ag,5120,10240,16,steady,44,A_fused,3,0.13530,0.13510,0.13510,0.03670,1410,1
ag,5120,10240,16,steady,45,c_cublas,2,0.06854,0.06842,0.06842,0.01269,1410,1
ag,5120,10240,16,steady,45,c_fluxgemm,3,0.10477,0.10464,0.10477,0.01910,1410,1
ag,5120,10240,16,steady,45,c_flux_ag,1,0.04156,0.04136,0.04156,0.02621,1410,1
ag,5120,10240,16,steady,45,A_fused,0,0.13626,0.13600,0.13626,0.03664,1410,1
ag,5120,10240,16,steady,46,c_cublas,0,0.07008,0.06989,0.06989,0.01267,1410,1
ag,5120,10240,16,steady,46,c_fluxgemm,1,0.10515,0.10490,0.10490,0.01989,1410,1
ag,5120,10240,16,steady,46,c_flux_ag,2,0.04167,0.04135,0.04167,0.02637,1410,1
ag,5120,10240,16,steady,46,A_fused,3,0.13466,0.13446,0.13446,0.03606,1410,1
ag,5120,10240,16,steady,47,c_cublas,1,0.06842,0.06829,0.06829,0.01275,1410,1
ag,5120,10240,16,steady,47,c_fluxgemm,3,0.10464,0.10464,0.10464,0.01905,1410,1
ag,5120,10240,16,steady,47,c_flux_ag,0,0.04033,0.03975,0.03975,0.02688,1410,1
ag,5120,10240,16,steady,47,A_fused,2,0.13517,0.13504,0.13504,0.03654,1410,1
ag,5120,10240,16,steady,48,c_cublas,1,0.06880,0.06829,0.06829,0.01353,1410,1
ag,5120,10240,16,steady,48,c_fluxgemm,0,0.10682,0.10682,0.10682,0.01882,1410,1
ag,5120,10240,16,steady,48,c_flux_ag,2,0.04105,0.04096,0.04096,0.02653,1410,1
ag,5120,10240,16,steady,48,A_fused,3,0.13402,0.13376,0.13402,0.03630,1410,1
ag,5120,10240,16,steady,49,c_cublas,3,0.06848,0.06829,0.06829,0.01261,1410,1
ag,5120,10240,16,steady,49,c_fluxgemm,0,0.10707,0.10630,0.10707,0.01912,1410,1
ag,5120,10240,16,steady,49,c_flux_ag,1,0.03921,0.03906,0.03906,0.02705,1410,1
ag,5120,10240,16,steady,49,A_fused,2,0.13376,0.13357,0.13376,0.03564,1410,1
ag,5120,10240,128,gpu,0,c_cublas,0,0.10650,0.10342,0.10342,0.04270,0,1
ag,5120,10240,128,gpu,0,c_fluxgemm,1,0.11878,0.11674,0.11674,0.04522,0,1
ag,5120,10240,128,gpu,0,c_flux_ag,3,0.05165,0.04886,0.05165,0.03652,0,1
ag,5120,10240,128,gpu,0,A_fused,2,0.16998,0.16794,0.16998,0.06121,0,1
ag,5120,10240,128,gpu,1,c_cublas,2,0.10547,0.10547,0.10547,0.04583,0,1
ag,5120,10240,128,gpu,1,c_fluxgemm,0,0.11571,0.11571,0.11571,0.03702,0,1
ag,5120,10240,128,gpu,1,c_flux_ag,1,0.04355,0.04355,0.04355,0.03704,0,1
ag,5120,10240,128,gpu,1,A_fused,3,0.17510,0.17408,0.17408,0.05916,0,1
ag,5120,10240,128,gpu,2,c_cublas,0,0.10650,0.10342,0.10342,0.03615,0,1
ag,5120,10240,128,gpu,2,c_fluxgemm,1,0.11878,0.11776,0.11878,0.03687,0,1
ag,5120,10240,128,gpu,2,c_flux_ag,3,0.05958,0.05894,0.05958,0.03657,0,1
ag,5120,10240,128,gpu,2,A_fused,2,0.18125,0.17306,0.17306,0.07259,0,1
ag,5120,10240,128,gpu,3,c_cublas,3,0.10650,0.10547,0.10650,0.03690,0,1
ag,5120,10240,128,gpu,3,c_fluxgemm,2,0.11776,0.11571,0.11776,0.03461,0,1
ag,5120,10240,128,gpu,3,c_flux_ag,1,0.04986,0.04560,0.04986,0.03387,0,1
ag,5120,10240,128,gpu,3,A_fused,0,0.16589,0.16589,0.16589,0.05555,0,1
ag,5120,10240,128,gpu,4,c_cublas,0,0.10650,0.10240,0.10240,0.03477,0,1
ag,5120,10240,128,gpu,4,c_fluxgemm,3,0.11571,0.11571,0.11571,0.03997,0,1
ag,5120,10240,128,gpu,4,c_flux_ag,1,0.04880,0.04573,0.04573,0.03964,0,1
ag,5120,10240,128,gpu,4,A_fused,2,0.15258,0.14746,0.15258,0.05301,0,1
ag,5120,10240,128,gpu,5,c_cublas,2,0.10547,0.10342,0.10342,0.03645,0,1
ag,5120,10240,128,gpu,5,c_fluxgemm,0,0.11674,0.11674,0.11674,0.03395,0,1
ag,5120,10240,128,gpu,5,c_flux_ag,3,0.04787,0.04278,0.04278,0.03733,0,1
ag,5120,10240,128,gpu,5,A_fused,1,0.15053,0.14848,0.15053,0.05638,0,1
ag,5120,10240,128,gpu,6,c_cublas,0,0.10650,0.10650,0.10650,0.03625,0,1
ag,5120,10240,128,gpu,6,c_fluxgemm,3,0.11776,0.11571,0.11776,0.03616,0,1
ag,5120,10240,128,gpu,6,c_flux_ag,2,0.05091,0.04675,0.05091,0.03436,0,1
ag,5120,10240,128,gpu,6,A_fused,1,0.16794,0.16691,0.16794,0.05899,0,1
ag,5120,10240,128,gpu,7,c_cublas,2,0.10752,0.10547,0.10752,0.03609,0,1
ag,5120,10240,128,gpu,7,c_fluxgemm,3,0.11571,0.11571,0.11571,0.03564,0,1
ag,5120,10240,128,gpu,7,c_flux_ag,0,0.68566,0.08483,0.08483,0.04268,0,1
ag,5120,10240,128,gpu,7,A_fused,1,0.14848,0.14848,0.14848,0.05545,0,1
ag,5120,10240,128,gpu,8,c_cublas,1,0.10547,0.10547,0.10547,0.03704,0,1
ag,5120,10240,128,gpu,8,c_fluxgemm,0,0.11571,0.11469,0.11469,0.03547,0,1
ag,5120,10240,128,gpu,8,c_flux_ag,3,0.05242,0.05014,0.05014,0.03416,0,1
ag,5120,10240,128,gpu,8,A_fused,2,0.17510,0.16282,0.16282,0.05924,0,1
ag,5120,10240,128,gpu,9,c_cublas,1,0.10752,0.10547,0.10752,0.04431,0,1
ag,5120,10240,128,gpu,9,c_fluxgemm,2,0.11674,0.11571,0.11674,0.03663,0,1
ag,5120,10240,128,gpu,9,c_flux_ag,0,0.04579,0.04170,0.04579,0.03435,0,1
ag,5120,10240,128,gpu,9,A_fused,3,0.14950,0.14950,0.14950,0.05550,0,1
ag,5120,10240,128,gpu,10,c_cublas,0,0.10650,0.10650,0.10650,0.03650,0,1
ag,5120,10240,128,gpu,10,c_fluxgemm,2,0.11776,0.11674,0.11674,0.03458,0,1
ag,5120,10240,128,gpu,10,c_flux_ag,3,0.04797,0.04566,0.04566,0.03540,0,1
ag,5120,10240,128,gpu,10,A_fused,1,0.15872,0.15053,0.15053,0.05712,0,1
ag,5120,10240,128,gpu,11,c_cublas,3,0.10547,0.10547,0.10547,0.03652,0,1
ag,5120,10240,128,gpu,11,c_fluxgemm,1,0.11571,0.11571,0.11571,0.03627,0,1
ag,5120,10240,128,gpu,11,c_flux_ag,0,0.04608,0.04374,0.04608,0.03375,0,1
ag,5120,10240,128,gpu,11,A_fused,2,0.17306,0.17101,0.17306,0.06265,0,1
ag,5120,10240,128,gpu,12,c_cublas,0,0.10650,0.10547,0.10650,0.03370,0,1
ag,5120,10240,128,gpu,12,c_fluxgemm,1,0.11674,0.11571,0.11674,0.03682,0,1
ag,5120,10240,128,gpu,12,c_flux_ag,3,0.06106,0.05990,0.05990,0.03756,0,1
ag,5120,10240,128,gpu,12,A_fused,2,0.17408,0.16691,0.16691,0.05494,0,1
ag,5120,10240,128,gpu,13,c_cublas,0,0.10650,0.10240,0.10240,0.03725,0,1
ag,5120,10240,128,gpu,13,c_fluxgemm,3,0.11674,0.11674,0.11674,0.03454,0,1
ag,5120,10240,128,gpu,13,c_flux_ag,1,0.04976,0.04656,0.04656,0.03845,0,1
ag,5120,10240,128,gpu,13,A_fused,2,0.15770,0.15667,0.15667,0.05348,0,1
ag,5120,10240,128,gpu,14,c_cublas,1,0.10547,0.10445,0.10445,0.03647,0,1
ag,5120,10240,128,gpu,14,c_fluxgemm,0,0.11674,0.11571,0.11674,0.03289,0,1
ag,5120,10240,128,gpu,14,c_flux_ag,2,0.07686,0.06810,0.07686,0.03952,0,1
ag,5120,10240,128,gpu,14,A_fused,3,0.16486,0.15462,0.16486,0.05222,0,1
ag,5120,10240,128,gpu,15,c_cublas,0,0.10547,0.10138,0.10138,0.03746,0,1
ag,5120,10240,128,gpu,15,c_fluxgemm,2,0.11776,0.11674,0.11776,0.03577,0,1
ag,5120,10240,128,gpu,15,c_flux_ag,1,0.06304,0.06173,0.06304,0.03842,0,1
ag,5120,10240,128,gpu,15,A_fused,3,0.15258,0.14950,0.15258,0.05261,0,1
ag,5120,10240,128,gpu,16,c_cublas,2,0.10547,0.10547,0.10547,0.03651,0,1
ag,5120,10240,128,gpu,16,c_fluxgemm,3,0.11776,0.11571,0.11776,0.03697,0,1
ag,5120,10240,128,gpu,16,c_flux_ag,1,0.06214,0.05978,0.06214,0.03391,0,1
ag,5120,10240,128,gpu,16,A_fused,0,0.14950,0.14950,0.14950,0.05538,0,1
ag,5120,10240,128,gpu,17,c_cublas,3,0.10445,0.10445,0.10445,0.03656,0,1
ag,5120,10240,128,gpu,17,c_fluxgemm,1,0.11878,0.11674,0.11674,0.03294,0,1
ag,5120,10240,128,gpu,17,c_flux_ag,2,0.04970,0.04730,0.04730,0.03525,0,1
ag,5120,10240,128,gpu,17,A_fused,0,0.17510,0.16794,0.16794,0.05927,0,1
ag,5120,10240,128,gpu,18,c_cublas,2,0.10445,0.10445,0.10445,0.03595,0,1
ag,5120,10240,128,gpu,18,c_fluxgemm,0,0.11776,0.11776,0.11776,0.03752,0,1
ag,5120,10240,128,gpu,18,c_flux_ag,1,0.06845,0.06544,0.06544,0.03697,0,1
ag,5120,10240,128,gpu,18,A_fused,3,0.14950,0.14848,0.14950,0.05661,0,1
ag,5120,10240,128,gpu,19,c_cublas,0,0.10445,0.10342,0.10445,0.03630,0,1
ag,5120,10240,128,gpu,19,c_fluxgemm,2,0.11674,0.11674,0.11674,0.03486,0,1
ag,5120,10240,128,gpu,19,c_flux_ag,3,0.04810,0.04496,0.04496,0.03571,0,1
ag,5120,10240,128,gpu,19,A_fused,1,0.15360,0.14950,0.14950,0.05937,0,1
ag,5120,10240,128,gpu,20,c_cublas,0,0.10445,0.10342,0.10342,0.03696,1410,1
ag,5120,10240,128,gpu,20,c_fluxgemm,3,0.11674,0.11571,0.11674,0.03390,1410,1
ag,5120,10240,128,gpu,20,c_flux_ag,1,0.07062,0.06445,0.07062,0.03756,1410,1
ag,5120,10240,128,gpu,20,A_fused,2,0.15155,0.15155,0.15155,0.05377,1410,1
ag,5120,10240,128,gpu,21,c_cublas,2,0.10342,0.10240,0.10240,0.03621,1410,1
ag,5120,10240,128,gpu,21,c_fluxgemm,3,0.11878,0.11674,0.11878,0.03607,1410,1
ag,5120,10240,128,gpu,21,c_flux_ag,1,0.05126,0.04755,0.04755,0.03503,1410,1
ag,5120,10240,128,gpu,21,A_fused,0,0.15053,0.14848,0.15053,0.05897,1410,1
ag,5120,10240,128,gpu,22,c_cublas,0,0.10752,0.10547,0.10547,0.03600,1410,1
ag,5120,10240,128,gpu,22,c_fluxgemm,1,0.11776,0.11674,0.11674,0.03663,1410,1
ag,5120,10240,128,gpu,22,c_flux_ag,3,0.04912,0.04573,0.04573,0.03395,1410,1
ag,5120,10240,128,gpu,22,A_fused,2,0.16896,0.16794,0.16794,0.05649,1410,1
ag,5120,10240,128,gpu,23,c_cublas,2,0.10547,0.10547,0.10547,0.03627,1410,1
ag,5120,10240,128,gpu,23,c_fluxgemm,3,0.11776,0.11674,0.11776,0.03580,1410,1
ag,5120,10240,128,gpu,23,c_flux_ag,0,0.05811,0.05754,0.05754,0.03792,1410,1
ag,5120,10240,128,gpu,23,A_fused,1,0.15053,0.14848,0.14848,0.05446,1410,1
ag,5120,10240,128,gpu,24,c_cublas,2,0.10752,0.10650,0.10650,0.03624,1410,1
ag,5120,10240,128,gpu,24,c_fluxgemm,1,0.11571,0.11571,0.11571,0.03400,1410,1
ag,5120,10240,128,gpu,24,c_flux_ag,3,0.04714,0.04480,0.04480,0.03911,1410,1
ag,5120,10240,128,gpu,24,A_fused,0,0.17613,0.17510,0.17510,0.06568,1410,1
ag,5120,10240,128,gpu,25,c_cublas,0,0.10547,0.10547,0.10547,0.03602,1410,1
ag,5120,10240,128,gpu,25,c_fluxgemm,1,0.11776,0.11674,0.11776,0.03829,1410,1
ag,5120,10240,128,gpu,25,c_flux_ag,3,0.07229,0.07142,0.07142,0.03379,1410,1
ag,5120,10240,128,gpu,25,A_fused,2,0.15053,0.14950,0.14950,0.05533,1410,1
ag,5120,10240,128,gpu,26,c_cublas,3,0.10752,0.10650,0.10752,0.03678,1410,1
ag,5120,10240,128,gpu,26,c_fluxgemm,0,0.11674,0.11674,0.11674,0.03599,1410,1
ag,5120,10240,128,gpu,26,c_flux_ag,2,0.05040,0.04570,0.05040,0.03337,1410,1
ag,5120,10240,128,gpu,26,A_fused,1,0.16486,0.16384,0.16486,0.06133,1410,1
ag,5120,10240,128,gpu,27,c_cublas,2,0.10445,0.10445,0.10445,0.03629,1410,1
ag,5120,10240,128,gpu,27,c_fluxgemm,3,0.11776,0.11469,0.11469,0.03659,1410,1
ag,5120,10240,128,gpu,27,c_flux_ag,1,0.04845,0.04285,0.04285,0.03401,1410,1
ag,5120,10240,128,gpu,27,A_fused,0,0.16794,0.16691,0.16794,0.05825,1410,1
ag,5120,10240,128,gpu,28,c_cublas,3,0.10547,0.10547,0.10547,0.03673,1410,1
ag,5120,10240,128,gpu,28,c_fluxgemm,0,0.11674,0.11571,0.11571,0.03513,1410,1
ag,5120,10240,128,gpu,28,c_flux_ag,1,0.06861,0.06717,0.06861,0.03850,1410,1
ag,5120,10240,128,gpu,28,A_fused,2,0.15155,0.14848,0.15155,0.06601,1410,1
ag,5120,10240,128,gpu,29,c_cublas,3,0.10445,0.10240,0.10240,0.03585,1410,1
ag,5120,10240,128,gpu,29,c_fluxgemm,0,0.11571,0.11571,0.11571,0.03751,1410,1
ag,5120,10240,128,gpu,29,c_flux_ag,1,0.04416,0.04413,0.04413,0.03865,1410,1
ag,5120,10240,128,gpu,29,A_fused,2,0.17306,0.17203,0.17306,0.05289,1410,1
ag,5120,10240,128,gpu,30,c_cublas,1,0.10752,0.10445,0.10445,0.03604,1410,1
ag,5120,10240,128,gpu,30,c_fluxgemm,0,0.11776,0.11776,0.11776,0.03759,1410,1
ag,5120,10240,128,gpu,30,c_flux_ag,2,0.04557,0.04454,0.04557,0.03950,1410,1
ag,5120,10240,128,gpu,30,A_fused,3,0.16589,0.16384,0.16589,0.06778,1410,1
ag,5120,10240,128,gpu,31,c_cublas,1,0.10547,0.10342,0.10342,0.03580,1410,1
ag,5120,10240,128,gpu,31,c_fluxgemm,2,0.11674,0.11571,0.11674,0.03631,1410,1
ag,5120,10240,128,gpu,31,c_flux_ag,3,0.06896,0.05990,0.06896,0.04681,1410,1
ag,5120,10240,128,gpu,31,A_fused,0,0.15258,0.15155,0.15258,0.05534,1410,1
ag,5120,10240,128,gpu,32,c_cublas,3,0.10650,0.10547,0.10547,0.03588,1410,1
ag,5120,10240,128,gpu,32,c_fluxgemm,1,0.11674,0.11674,0.11674,0.03738,1410,1
ag,5120,10240,128,gpu,32,c_flux_ag,0,0.07046,0.06000,0.06000,0.03636,1410,1
ag,5120,10240,128,gpu,32,A_fused,2,0.14950,0.14848,0.14848,0.05423,1410,1
ag,5120,10240,128,gpu,33,c_cublas,0,0.10547,0.10342,0.10342,0.03490,1410,1
ag,5120,10240,128,gpu,33,c_fluxgemm,3,0.11776,0.11674,0.11776,0.03373,1410,1
ag,5120,10240,128,gpu,33,c_flux_ag,1,0.05213,0.04886,0.05213,0.03869,1410,1
ag,5120,10240,128,gpu,33,A_fused,2,0.15155,0.15053,0.15155,0.05493,1410,1
ag,5120,10240,128,gpu,34,c_cublas,3,0.10752,0.10650,0.10650,0.03602,1410,1
ag,5120,10240,128,gpu,34,c_fluxgemm,0,0.11674,0.11674,0.11674,0.03680,1410,1
ag,5120,10240,128,gpu,34,c_flux_ag,1,0.07786,0.07027,0.07786,0.03795,1410,1
ag,5120,10240,128,gpu,34,A_fused,2,0.15462,0.15053,0.15462,0.05264,1410,1
ag,5120,10240,128,gpu,35,c_cublas,3,0.10445,0.10342,0.10342,0.03632,1410,1
ag,5120,10240,128,gpu,35,c_fluxgemm,1,0.11878,0.11571,0.11878,0.03760,1410,1
ag,5120,10240,128,gpu,35,c_flux_ag,0,0.60890,0.08320,0.60890,0.03929,1410,1
ag,5120,10240,128,gpu,35,A_fused,2,0.15053,0.14848,0.14848,0.05280,1410,1
ag,5120,10240,128,gpu,36,c_cublas,0,0.10547,0.10445,0.10445,0.03389,1410,1
ag,5120,10240,128,gpu,36,c_fluxgemm,1,0.12288,0.11674,0.11674,0.04607,1410,1
ag,5120,10240,128,gpu,36,c_flux_ag,3,0.05850,0.05789,0.05789,0.03322,1410,1
ag,5120,10240,128,gpu,36,A_fused,2,0.15155,0.14950,0.15155,0.05729,1410,1
ag,5120,10240,128,gpu,37,c_cublas,2,0.10547,0.10445,0.10547,0.03684,1410,1
ag,5120,10240,128,gpu,37,c_fluxgemm,1,0.11571,0.11366,0.11571,0.03529,1410,1
ag,5120,10240,128,gpu,37,c_flux_ag,0,0.05747,0.05709,0.05709,0.03460,1410,1
ag,5120,10240,128,gpu,37,A_fused,3,0.16589,0.16384,0.16589,0.05654,1410,1
ag,5120,10240,128,gpu,38,c_cublas,2,0.10650,0.10445,0.10445,0.04765,1410,1
ag,5120,10240,128,gpu,38,c_fluxgemm,3,0.11776,0.11776,0.11776,0.03710,1410,1
ag,5120,10240,128,gpu,38,c_flux_ag,1,0.04653,0.04515,0.04515,0.03300,1410,1
ag,5120,10240,128,gpu,38,A_fused,0,0.16691,0.16691,0.16691,0.05541,1410,1
ag,5120,10240,128,gpu,39,c_cublas,3,0.10650,0.10547,0.10547,0.03589,1410,1
ag,5120,10240,128,gpu,39,c_fluxgemm,2,0.11674,0.11674,0.11674,0.03464,1410,1
ag,5120,10240,128,gpu,39,c_flux_ag,1,0.04672,0.04227,0.04227,0.03403,1410,1
ag,5120,10240,128,gpu,39,A_fused,0,0.15053,0.14746,0.15053,0.05909,1410,1
ag,5120,10240,128,gpu,40,c_cublas,3,0.10650,0.10342,0.10342,0.04646,1410,1
ag,5120,10240,128,gpu,40,c_fluxgemm,0,0.11674,0.11571,0.11674,0.03614,1410,1
ag,5120,10240,128,gpu,40,c_flux_ag,2,0.07117,0.06557,0.06557,0.03538,1410,1
ag,5120,10240,128,gpu,40,A_fused,1,0.17818,0.17306,0.17818,0.05498,1410,1
ag,5120,10240,128,gpu,41,c_cublas,1,0.10445,0.10342,0.10342,0.03536,1410,1
ag,5120,10240,128,gpu,41,c_fluxgemm,0,0.11674,0.11571,0.11571,0.03765,1410,1
ag,5120,10240,128,gpu,41,c_flux_ag,2,0.04742,0.04682,0.04682,0.03855,1410,1
ag,5120,10240,128,gpu,41,A_fused,3,0.15155,0.14950,0.15155,0.05346,1410,1
ag,5120,10240,128,gpu,42,c_cublas,1,0.10445,0.10342,0.10342,0.03627,1410,1
ag,5120,10240,128,gpu,42,c_fluxgemm,2,0.11878,0.11674,0.11878,0.03662,1410,1
ag,5120,10240,128,gpu,42,c_flux_ag,0,0.04998,0.04669,0.04998,0.03744,1410,1
ag,5120,10240,128,gpu,42,A_fused,3,0.16589,0.16486,0.16589,0.05511,1410,1
ag,5120,10240,128,gpu,43,c_cublas,2,0.10650,0.10240,0.10240,0.03560,1410,1
ag,5120,10240,128,gpu,43,c_fluxgemm,0,0.11776,0.11571,0.11776,0.03489,1410,1
ag,5120,10240,128,gpu,43,c_flux_ag,3,0.04947,0.04720,0.04947,0.03726,1410,1
ag,5120,10240,128,gpu,43,A_fused,1,0.16794,0.16486,0.16486,0.05391,1410,1
ag,5120,10240,128,gpu,44,c_cublas,3,0.10547,0.10547,0.10547,0.03575,1410,1
ag,5120,10240,128,gpu,44,c_fluxgemm,2,0.11674,0.11571,0.11674,0.03406,1410,1
ag,5120,10240,128,gpu,44,c_flux_ag,0,0.06054,0.05939,0.06054,0.03581,1410,1
ag,5120,10240,128,gpu,44,A_fused,1,0.14950,0.14746,0.14950,0.05424,1410,1
ag,5120,10240,128,gpu,45,c_cublas,3,0.10547,0.10445,0.10445,0.03595,1410,1
ag,5120,10240,128,gpu,45,c_fluxgemm,1,0.11571,0.11469,0.11571,0.03524,1410,1
ag,5120,10240,128,gpu,45,c_flux_ag,0,0.05091,0.04730,0.05091,0.03878,1410,1
ag,5120,10240,128,gpu,45,A_fused,2,0.15155,0.14848,0.14848,0.05417,1410,1
ag,5120,10240,128,gpu,46,c_cublas,3,0.10547,0.10445,0.10547,0.03665,1410,1
ag,5120,10240,128,gpu,46,c_fluxgemm,0,0.11776,0.11776,0.11776,0.03704,1410,1
ag,5120,10240,128,gpu,46,c_flux_ag,2,0.04829,0.04371,0.04829,0.03395,1410,1
ag,5120,10240,128,gpu,46,A_fused,1,0.17920,0.17408,0.17920,0.05535,1410,1
ag,5120,10240,128,gpu,47,c_cublas,1,0.10752,0.10547,0.10752,0.03565,1410,1
ag,5120,10240,128,gpu,47,c_fluxgemm,3,0.11674,0.11674,0.11674,0.03705,1410,1
ag,5120,10240,128,gpu,47,c_flux_ag,2,0.05968,0.04976,0.04976,0.03774,1410,1
ag,5120,10240,128,gpu,47,A_fused,0,0.16589,0.15155,0.16589,0.05796,1410,1
ag,5120,10240,128,gpu,48,c_cublas,1,0.10650,0.10547,0.10547,0.03623,1410,1
ag,5120,10240,128,gpu,48,c_fluxgemm,0,0.11674,0.11674,0.11674,0.03885,1410,1
ag,5120,10240,128,gpu,48,c_flux_ag,2,0.06022,0.06022,0.06022,0.03900,1410,1
ag,5120,10240,128,gpu,48,A_fused,3,0.16691,0.16282,0.16691,0.05410,1410,1
ag,5120,10240,128,gpu,49,c_cublas,3,0.10547,0.10445,0.10547,0.03718,1410,1
ag,5120,10240,128,gpu,49,c_fluxgemm,2,0.11674,0.11571,0.11674,0.03717,1410,1
ag,5120,10240,128,gpu,49,c_flux_ag,0,0.06099,0.04832,0.04832,0.03709,1410,1
ag,5120,10240,128,gpu,49,A_fused,1,0.16794,0.16384,0.16794,0.05283,1410,1
ag,5120,10240,128,gpu,50,c_cublas,2,0.10650,0.10342,0.10342,0.03598,1410,1
ag,5120,10240,128,gpu,50,c_fluxgemm,1,0.11674,0.11674,0.11674,0.03662,1410,1
ag,5120,10240,128,gpu,50,c_flux_ag,0,0.06237,0.06003,0.06237,0.03980,1410,1
ag,5120,10240,128,gpu,50,A_fused,3,0.15258,0.14950,0.14950,0.05783,1410,1
ag,5120,10240,128,gpu,51,c_cublas,2,0.10547,0.10445,0.10445,0.03608,1410,1
ag,5120,10240,128,gpu,51,c_fluxgemm,1,0.11776,0.11674,0.11674,0.03733,1410,1
ag,5120,10240,128,gpu,51,c_flux_ag,0,0.04717,0.04374,0.04374,0.03511,1410,1
ag,5120,10240,128,gpu,51,A_fused,3,0.17408,0.17408,0.17408,0.05678,1410,1
ag,5120,10240,128,gpu,52,c_cublas,1,0.10650,0.10342,0.10342,0.03583,1410,1
ag,5120,10240,128,gpu,52,c_fluxgemm,0,0.11674,0.11469,0.11674,0.03576,1410,1
ag,5120,10240,128,gpu,52,c_flux_ag,2,0.06534,0.06330,0.06534,0.03861,1410,1
ag,5120,10240,128,gpu,52,A_fused,3,0.15770,0.15565,0.15770,0.05373,1410,1
ag,5120,10240,128,gpu,53,c_cublas,0,0.10752,0.10445,0.10752,0.03582,1410,1
ag,5120,10240,128,gpu,53,c_fluxgemm,3,0.11776,0.11571,0.11776,0.03526,1410,1
ag,5120,10240,128,gpu,53,c_flux_ag,2,0.06282,0.06189,0.06282,0.03504,1410,1
ag,5120,10240,128,gpu,53,A_fused,1,0.16486,0.16282,0.16486,0.06405,1410,1
ag,5120,10240,128,gpu,54,c_cublas,1,0.10650,0.10650,0.10650,0.04342,1410,1
ag,5120,10240,128,gpu,54,c_fluxgemm,3,0.11776,0.11776,0.11776,0.03610,1410,1
ag,5120,10240,128,gpu,54,c_flux_ag,2,0.06070,0.05875,0.05875,0.04181,1410,1
ag,5120,10240,128,gpu,54,A_fused,0,0.16589,0.16486,0.16486,0.05748,1410,1
ag,5120,10240,128,gpu,55,c_cublas,2,0.10445,0.10445,0.10445,0.03622,1410,1
ag,5120,10240,128,gpu,55,c_fluxgemm,1,0.11674,0.11366,0.11674,0.03340,1410,1
ag,5120,10240,128,gpu,55,c_flux_ag,3,0.05965,0.05910,0.05910,0.03794,1410,1
ag,5120,10240,128,gpu,55,A_fused,0,0.16691,0.16589,0.16691,0.05813,1410,1
ag,5120,10240,128,gpu,56,c_cublas,2,0.10547,0.10445,0.10445,0.04274,1410,1
ag,5120,10240,128,gpu,56,c_fluxgemm,3,0.11674,0.11571,0.11674,0.03697,1410,1
ag,5120,10240,128,gpu,56,c_flux_ag,1,0.04259,0.04253,0.04253,0.03369,1410,1
ag,5120,10240,128,gpu,56,A_fused,0,0.16589,0.16486,0.16589,0.05728,1410,1
ag,5120,10240,128,gpu,57,c_cublas,3,0.10547,0.10547,0.10547,0.04216,1410,1
ag,5120,10240,128,gpu,57,c_fluxgemm,0,0.11776,0.11674,0.11776,0.03508,1410,1
ag,5120,10240,128,gpu,57,c_flux_ag,1,0.07117,0.06208,0.07117,0.03679,1410,1
ag,5120,10240,128,gpu,57,A_fused,2,0.15155,0.15155,0.15155,0.05584,1410,1
ag,5120,10240,128,gpu,58,c_cublas,1,0.10547,0.10445,0.10445,0.03517,1410,1
ag,5120,10240,128,gpu,58,c_fluxgemm,3,0.11674,0.11674,0.11674,0.04226,1410,1
ag,5120,10240,128,gpu,58,c_flux_ag,2,0.04842,0.04752,0.04842,0.03748,1410,1
ag,5120,10240,128,gpu,58,A_fused,0,0.16384,0.16282,0.16384,0.05862,1410,1
ag,5120,10240,128,gpu,59,c_cublas,2,0.10547,0.10445,0.10547,0.03564,1410,1
ag,5120,10240,128,gpu,59,c_fluxgemm,3,0.11571,0.11571,0.11571,0.03602,1410,1
ag,5120,10240,128,gpu,59,c_flux_ag,0,0.36778,0.07795,0.07795,0.04203,1410,1
ag,5120,10240,128,gpu,59,A_fused,1,0.16486,0.16179,0.16179,0.05547,1410,1
ag,5120,10240,128,gpu,60,c_cublas,1,0.10547,0.10342,0.10547,0.03547,1410,1
ag,5120,10240,128,gpu,60,c_fluxgemm,3,0.11776,0.11571,0.11776,0.03504,1410,1
ag,5120,10240,128,gpu,60,c_flux_ag,2,0.06022,0.05795,0.06022,0.03929,1410,1
ag,5120,10240,128,gpu,60,A_fused,0,0.15360,0.14643,0.14643,0.05844,1410,1
ag,5120,10240,128,gpu,61,c_cublas,0,0.10752,0.10547,0.10752,0.03697,1410,1
ag,5120,10240,128,gpu,61,c_fluxgemm,1,0.11878,0.11674,0.11674,0.03601,1410,1
ag,5120,10240,128,gpu,61,c_flux_ag,3,0.06150,0.06016,0.06016,0.03408,1410,1
ag,5120,10240,128,gpu,61,A_fused,2,0.16282,0.16179,0.16179,0.06489,1410,1
ag,5120,10240,128,gpu,62,c_cublas,3,0.10650,0.10547,0.10547,0.03664,1410,1
ag,5120,10240,128,gpu,62,c_fluxgemm,2,0.11878,0.11776,0.11776,0.03458,1410,1
ag,5120,10240,128,gpu,62,c_flux_ag,1,0.05030,0.04675,0.05030,0.03310,1410,1
ag,5120,10240,128,gpu,62,A_fused,0,0.14643,0.14541,0.14541,0.05587,1410,1
ag,5120,10240,128,gpu,63,c_cublas,1,0.10650,0.10547,0.10547,0.03530,1410,1
ag,5120,10240,128,gpu,63,c_fluxgemm,3,0.11674,0.11571,0.11674,0.04146,1410,1
ag,5120,10240,128,gpu,63,c_flux_ag,0,0.06778,0.06454,0.06454,0.03880,1410,1
ag,5120,10240,128,gpu,63,A_fused,2,0.16794,0.16486,0.16794,0.06008,1410,1
ag,5120,10240,128,gpu,64,c_cublas,3,0.10445,0.10342,0.10342,0.03647,1410,1
ag,5120,10240,128,gpu,64,c_fluxgemm,0,0.11674,0.11571,0.11571,0.03258,1410,1
ag,5120,10240,128,gpu,64,c_flux_ag,2,0.06304,0.06150,0.06304,0.03377,1410,1
ag,5120,10240,128,gpu,64,A_fused,1,0.15258,0.15258,0.15258,0.05564,1410,1
ag,5120,10240,128,gpu,65,c_cublas,1,0.10752,0.10547,0.10752,0.03551,1410,1
ag,5120,10240,128,gpu,65,c_fluxgemm,0,0.11674,0.11469,0.11674,0.03698,1410,1
ag,5120,10240,128,gpu,65,c_flux_ag,2,0.06205,0.06026,0.06205,0.03886,1410,1
ag,5120,10240,128,gpu,65,A_fused,3,0.16691,0.16384,0.16691,0.05411,1410,1
ag,5120,10240,128,gpu,66,c_cublas,0,0.10752,0.10650,0.10650,0.03631,1410,1
ag,5120,10240,128,gpu,66,c_fluxgemm,3,0.11981,0.11674,0.11981,0.03408,1410,1
ag,5120,10240,128,gpu,66,c_flux_ag,1,0.05952,0.05837,0.05952,0.03896,1410,1
ag,5120,10240,128,gpu,66,A_fused,2,0.15258,0.15053,0.15053,0.05334,1410,1
ag,5120,10240,128,gpu,67,c_cublas,2,0.10547,0.10547,0.10547,0.03574,1410,1
ag,5120,10240,128,gpu,67,c_fluxgemm,3,0.11674,0.11469,0.11674,0.03668,1410,1
ag,5120,10240,128,gpu,67,c_flux_ag,0,0.06042,0.05926,0.06042,0.03736,1410,1
ag,5120,10240,128,gpu,67,A_fused,1,0.17510,0.16691,0.17510,0.05387,1410,1
ag,5120,10240,128,gpu,68,c_cublas,0,0.10547,0.10342,0.10342,0.03594,1410,1
ag,5120,10240,128,gpu,68,c_fluxgemm,1,0.11674,0.11571,0.11674,0.03729,1410,1
ag,5120,10240,128,gpu,68,c_flux_ag,2,0.07670,0.06563,0.07670,0.03850,1410,1
ag,5120,10240,128,gpu,68,A_fused,3,0.15258,0.15258,0.15258,0.05364,1410,1
ag,5120,10240,128,gpu,69,c_cublas,3,0.10650,0.10342,0.10342,0.03528,1410,1
ag,5120,10240,128,gpu,69,c_fluxgemm,1,0.11878,0.11469,0.11878,0.03535,1410,1
ag,5120,10240,128,gpu,69,c_flux_ag,0,0.06301,0.06144,0.06301,0.03596,1410,1
ag,5120,10240,128,gpu,69,A_fused,2,0.15565,0.15155,0.15155,0.05445,1410,1
ag,5120,10240,128,gpu,70,c_cublas,3,0.10547,0.10547,0.10547,0.03558,1410,1
ag,5120,10240,128,gpu,70,c_fluxgemm,0,0.11776,0.11776,0.11776,0.03753,1410,1
ag,5120,10240,128,gpu,70,c_flux_ag,2,0.05325,0.04877,0.05325,0.03454,1410,1
ag,5120,10240,128,gpu,70,A_fused,1,0.16486,0.15667,0.15667,0.05583,1410,1
ag,5120,10240,128,gpu,71,c_cublas,1,0.10445,0.10445,0.10445,0.03508,1410,1
ag,5120,10240,128,gpu,71,c_fluxgemm,0,0.11674,0.11674,0.11674,0.03734,1410,1
ag,5120,10240,128,gpu,71,c_flux_ag,3,0.06099,0.05914,0.05914,0.03323,1410,1
ag,5120,10240,128,gpu,71,A_fused,2,0.16486,0.16486,0.16486,0.05769,1410,1
ag,5120,10240,128,gpu,72,c_cublas,1,0.10650,0.10445,0.10445,0.03672,1410,1
ag,5120,10240,128,gpu,72,c_fluxgemm,2,0.11469,0.11469,0.11469,0.03595,1410,1
ag,5120,10240,128,gpu,72,c_flux_ag,0,0.05862,0.05856,0.05856,0.03616,1410,1
ag,5120,10240,128,gpu,72,A_fused,3,0.17613,0.16486,0.17613,0.05614,1410,1
ag,5120,10240,128,gpu,73,c_cublas,2,0.10650,0.10445,0.10445,0.03581,1410,1
ag,5120,10240,128,gpu,73,c_fluxgemm,1,0.11776,0.11674,0.11674,0.03413,1410,1
ag,5120,10240,128,gpu,73,c_flux_ag,3,0.04979,0.04467,0.04979,0.03839,1410,1
ag,5120,10240,128,gpu,73,A_fused,0,0.16691,0.16589,0.16691,0.05506,1410,1
ag,5120,10240,128,gpu,74,c_cublas,0,0.10650,0.10445,0.10445,0.03715,1410,1
ag,5120,10240,128,gpu,74,c_fluxgemm,2,0.11776,0.11674,0.11776,0.03640,1410,1
ag,5120,10240,128,gpu,74,c_flux_ag,1,0.07040,0.06262,0.06262,0.03803,1410,1
ag,5120,10240,128,gpu,74,A_fused,3,0.15565,0.15360,0.15565,0.05668,1410,1
ag,5120,10240,128,gpu,75,c_cublas,2,0.10650,0.10547,0.10547,0.03641,1410,1
ag,5120,10240,128,gpu,75,c_fluxgemm,0,0.11674,0.11674,0.11674,0.04083,1410,1
ag,5120,10240,128,gpu,75,c_flux_ag,3,0.05760,0.04726,0.04726,0.03764,1410,1
ag,5120,10240,128,gpu,75,A_fused,1,0.17203,0.16896,0.16896,0.05693,1410,1
ag,5120,10240,128,gpu,76,c_cublas,2,0.10650,0.10342,0.10342,0.03797,1410,1
ag,5120,10240,128,gpu,76,c_fluxgemm,0,0.11571,0.11571,0.11571,0.03703,1410,1
ag,5120,10240,128,gpu,76,c_flux_ag,1,0.04749,0.04285,0.04285,0.03857,1410,1
ag,5120,10240,128,gpu,76,A_fused,3,0.14950,0.14950,0.14950,0.05955,1410,1
ag,5120,10240,128,gpu,77,c_cublas,1,0.10650,0.10342,0.10342,0.04270,1410,1
ag,5120,10240,128,gpu,77,c_fluxgemm,3,0.11776,0.11674,0.11776,0.03563,1410,1
ag,5120,10240,128,gpu,77,c_flux_ag,2,0.06048,0.05814,0.05814,0.03874,1410,1
ag,5120,10240,128,gpu,77,A_fused,0,0.16486,0.16282,0.16282,0.05544,1410,1
ag,5120,10240,128,gpu,78,c_cublas,3,0.10854,0.10650,0.10854,0.03593,1410,1
ag,5120,10240,128,gpu,78,c_fluxgemm,2,0.11776,0.11674,0.11776,0.03591,1410,1
ag,5120,10240,128,gpu,78,c_flux_ag,0,0.05818,0.05808,0.05818,0.03675,1410,1
ag,5120,10240,128,gpu,78,A_fused,1,0.17408,0.17306,0.17408,0.05307,1410,1
ag,5120,10240,128,gpu,79,c_cublas,2,0.10547,0.10240,0.10240,0.03639,1410,1
ag,5120,10240,128,gpu,79,c_fluxgemm,3,0.11674,0.11469,0.11674,0.03655,1410,1
ag,5120,10240,128,gpu,79,c_flux_ag,1,0.04973,0.04886,0.04973,0.03349,1410,1
ag,5120,10240,128,gpu,79,A_fused,0,0.17715,0.17510,0.17510,0.05810,1410,1
ag,5120,10240,128,gpu,80,c_cublas,2,0.10547,0.10445,0.10445,0.03587,1410,1
ag,5120,10240,128,gpu,80,c_fluxgemm,0,0.11776,0.11674,0.11776,0.03352,1410,1
ag,5120,10240,128,gpu,80,c_flux_ag,3,0.05434,0.05357,0.05434,0.03910,1410,1
ag,5120,10240,128,gpu,80,A_fused,1,0.16896,0.16794,0.16794,0.05510,1410,1
ag,5120,10240,128,gpu,81,c_cublas,0,0.10650,0.10445,0.10445,0.03607,1410,1
ag,5120,10240,128,gpu,81,c_fluxgemm,3,0.11776,0.11776,0.11776,0.03588,1410,1
ag,5120,10240,128,gpu,81,c_flux_ag,2,0.04947,0.04666,0.04947,0.03477,1410,1
ag,5120,10240,128,gpu,81,A_fused,1,0.17408,0.17306,0.17408,0.05853,1410,1
ag,5120,10240,128,gpu,82,c_cublas,0,0.10752,0.10752,0.10752,0.03635,1410,1
ag,5120,10240,128,gpu,82,c_fluxgemm,3,0.11776,0.11776,0.11776,0.04224,1410,1
ag,5120,10240,128,gpu,82,c_flux_ag,2,0.06390,0.06349,0.06390,0.03430,1410,1
ag,5120,10240,128,gpu,82,A_fused,1,0.16384,0.16282,0.16282,0.05703,1410,1
ag,5120,10240,128,gpu,83,c_cublas,0,0.10650,0.10650,0.10650,0.03650,1410,1
ag,5120,10240,128,gpu,83,c_fluxgemm,2,0.11878,0.11674,0.11674,0.03548,1410,1
ag,5120,10240,128,gpu,83,c_flux_ag,1,0.06464,0.06323,0.06464,0.03851,1410,1
ag,5120,10240,128,gpu,83,A_fused,3,0.17510,0.17408,0.17408,0.05301,1410,1
ag,5120,10240,128,gpu,84,c_cublas,2,0.10445,0.10342,0.10342,0.03655,1410,1
ag,5120,10240,128,gpu,84,c_fluxgemm,3,0.11674,0.11674,0.11674,0.03603,1410,1
ag,5120,10240,128,gpu,84,c_flux_ag,1,0.05197,0.04774,0.05197,0.03440,1410,1
ag,5120,10240,128,gpu,84,A_fused,0,0.15770,0.15770,0.15770,0.05484,1410,1
ag,5120,10240,128,gpu,85,c_cublas,2,0.10650,0.10342,0.10342,0.03669,1410,1
ag,5120,10240,128,gpu,85,c_fluxgemm,3,0.11878,0.11776,0.11878,0.03784,1410,1
ag,5120,10240,128,gpu,85,c_flux_ag,1,0.04883,0.04474,0.04883,0.03355,1410,1
ag,5120,10240,128,gpu,85,A_fused,0,0.16998,0.16589,0.16998,0.05789,1410,1
ag,5120,10240,128,gpu,86,c_cublas,0,0.10650,0.10445,0.10445,0.03610,1410,1
ag,5120,10240,128,gpu,86,c_fluxgemm,3,0.11674,0.11571,0.11674,0.03507,1410,1
ag,5120,10240,128,gpu,86,c_flux_ag,2,0.04778,0.04611,0.04778,0.03423,1410,1
ag,5120,10240,128,gpu,86,A_fused,1,0.17818,0.16998,0.16998,0.05746,1410,1
ag,5120,10240,128,gpu,87,c_cublas,3,0.10445,0.10240,0.10240,0.03725,1410,1
ag,5120,10240,128,gpu,87,c_fluxgemm,2,0.11878,0.11878,0.11878,0.03582,1410,1
ag,5120,10240,128,gpu,87,c_flux_ag,0,0.32122,0.07565,0.32122,0.04006,1410,1
ag,5120,10240,128,gpu,87,A_fused,1,0.14746,0.14643,0.14746,0.06078,1410,1
ag,5120,10240,128,gpu,88,c_cublas,1,0.10547,0.10547,0.10547,0.03574,1410,1
ag,5120,10240,128,gpu,88,c_fluxgemm,2,0.11878,0.11674,0.11674,0.03673,1410,1
ag,5120,10240,128,gpu,88,c_flux_ag,0,0.06176,0.06138,0.06138,0.03951,1410,1
ag,5120,10240,128,gpu,88,A_fused,3,0.16486,0.16282,0.16282,0.05533,1410,1
ag,5120,10240,128,gpu,89,c_cublas,3,0.10752,0.10547,0.10752,0.03632,1410,1
ag,5120,10240,128,gpu,89,c_fluxgemm,0,0.11674,0.11674,0.11674,0.03640,1410,1
ag,5120,10240,128,gpu,89,c_flux_ag,2,0.04323,0.04070,0.04323,0.03385,1410,1
ag,5120,10240,128,gpu,89,A_fused,1,0.16998,0.16282,0.16998,0.05554,1410,1
ag,5120,10240,128,gpu,90,c_cublas,2,0.10752,0.10547,0.10547,0.03589,1410,1
ag,5120,10240,128,gpu,90,c_fluxgemm,3,0.11776,0.11571,0.11776,0.03587,1410,1
ag,5120,10240,128,gpu,90,c_flux_ag,1,0.06464,0.06323,0.06464,0.03548,1410,1
ag,5120,10240,128,gpu,90,A_fused,0,0.16486,0.14746,0.16486,0.05894,1410,1
ag,5120,10240,128,gpu,91,c_cublas,0,0.10650,0.10342,0.10342,0.03658,1410,1
ag,5120,10240,128,gpu,91,c_fluxgemm,1,0.11674,0.11469,0.11674,0.03630,1410,1
ag,5120,10240,128,gpu,91,c_flux_ag,3,0.04893,0.04480,0.04893,0.03353,1410,1
ag,5120,10240,128,gpu,91,A_fused,2,0.17306,0.16589,0.17306,0.05534,1410,1
ag,5120,10240,128,gpu,92,c_cublas,1,0.10547,0.10547,0.10547,0.03644,1410,1
ag,5120,10240,128,gpu,92,c_fluxgemm,0,0.11571,0.11571,0.11571,0.03670,1410,1
ag,5120,10240,128,gpu,92,c_flux_ag,3,0.06058,0.04464,0.06058,0.03472,1410,1
ag,5120,10240,128,gpu,92,A_fused,2,0.18125,0.17408,0.17408,0.05878,1410,1
ag,5120,10240,128,gpu,93,c_cublas,3,0.10445,0.10342,0.10342,0.03583,1410,1
ag,5120,10240,128,gpu,93,c_fluxgemm,2,0.11674,0.11571,0.11674,0.03500,1410,1
ag,5120,10240,128,gpu,93,c_flux_ag,1,0.05120,0.04323,0.05120,0.03443,1410,1
ag,5120,10240,128,gpu,93,A_fused,0,0.16077,0.15974,0.16077,0.05700,1410,1
ag,5120,10240,128,gpu,94,c_cublas,0,0.10650,0.10445,0.10650,0.03360,1410,1
ag,5120,10240,128,gpu,94,c_fluxgemm,2,0.11776,0.11674,0.11776,0.03628,1410,1
ag,5120,10240,128,gpu,94,c_flux_ag,1,0.06726,0.06531,0.06726,0.03923,1410,1
ag,5120,10240,128,gpu,94,A_fused,3,0.17510,0.16794,0.17510,0.05415,1410,1
ag,5120,10240,128,gpu,95,c_cublas,1,0.10547,0.10445,0.10547,0.03608,1410,1
ag,5120,10240,128,gpu,95,c_fluxgemm,0,0.11776,0.11776,0.11776,0.03713,1410,1
ag,5120,10240,128,gpu,95,c_flux_ag,3,0.04717,0.04666,0.04666,0.03494,1410,1
ag,5120,10240,128,gpu,95,A_fused,2,0.14950,0.14950,0.14950,0.05685,1410,1
ag,5120,10240,128,gpu,96,c_cublas,1,0.10547,0.10547,0.10547,0.03627,1410,1
ag,5120,10240,128,gpu,96,c_fluxgemm,2,0.11674,0.11571,0.11571,0.03610,1410,1
ag,5120,10240,128,gpu,96,c_flux_ag,0,0.06048,0.05776,0.06048,0.03479,1410,1
ag,5120,10240,128,gpu,96,A_fused,3,0.15360,0.15053,0.15053,0.05531,1410,1
ag,5120,10240,128,gpu,97,c_cublas,2,0.10650,0.10547,0.10650,0.03573,1410,1
ag,5120,10240,128,gpu,97,c_fluxgemm,3,0.11878,0.11878,0.11878,0.03585,1410,1
ag,5120,10240,128,gpu,97,c_flux_ag,0,0.07062,0.06138,0.07062,0.03786,1410,1
ag,5120,10240,128,gpu,97,A_fused,1,0.15462,0.15053,0.15462,0.05354,1410,1
ag,5120,10240,128,gpu,98,c_cublas,0,0.10752,0.10547,0.10547,0.03581,1410,1
ag,5120,10240,128,gpu,98,c_fluxgemm,2,0.11674,0.11571,0.11674,0.03678,1410,1
ag,5120,10240,128,gpu,98,c_flux_ag,1,0.07142,0.06349,0.06349,0.03918,1410,1
ag,5120,10240,128,gpu,98,A_fused,3,0.16896,0.15565,0.15565,0.05376,1410,1
ag,5120,10240,128,gpu,99,c_cublas,0,0.10547,0.10547,0.10547,0.03689,1410,1
ag,5120,10240,128,gpu,99,c_fluxgemm,2,0.11674,0.11571,0.11571,0.03349,1410,1
ag,5120,10240,128,gpu,99,c_flux_ag,3,0.06630,0.06397,0.06397,0.03635,1410,1
ag,5120,10240,128,gpu,99,A_fused,1,0.17101,0.16486,0.16486,0.05851,1410,1
ag,5120,10240,128,gpu,100,c_cublas,1,0.10650,0.10342,0.10342,0.03597,1410,1
ag,5120,10240,128,gpu,100,c_fluxgemm,2,0.11674,0.11571,0.11674,0.03610,1410,1
ag,5120,10240,128,gpu,100,c_flux_ag,3,0.06954,0.06864,0.06864,0.03874,1410,1
ag,5120,10240,128,gpu,100,A_fused,0,0.15974,0.15872,0.15974,0.05570,1410,1
ag,5120,10240,128,gpu,101,c_cublas,3,0.10650,0.10445,0.10445,0.03555,1410,1
ag,5120,10240,128,gpu,101,c_fluxgemm,0,0.11571,0.11571,0.11571,0.03715,1410,1
ag,5120,10240,128,gpu,101,c_flux_ag,1,0.05312,0.04560,0.05312,0.03808,1410,1
ag,5120,10240,128,gpu,101,A_fused,2,0.16384,0.16384,0.16384,0.05473,1410,1
ag,5120,10240,128,gpu,102,c_cublas,2,0.10752,0.10547,0.10752,0.03614,1410,1
ag,5120,10240,128,gpu,102,c_fluxgemm,1,0.11674,0.11571,0.11674,0.03592,1410,1
ag,5120,10240,128,gpu,102,c_flux_ag,0,0.04762,0.04179,0.04179,0.03908,1410,1
ag,5120,10240,128,gpu,102,A_fused,3,0.17818,0.16998,0.16998,0.05727,1410,1
ag,5120,10240,128,gpu,103,c_cublas,0,0.10547,0.10240,0.10240,0.03642,1410,1
ag,5120,10240,128,gpu,103,c_fluxgemm,3,0.11776,0.11571,0.11571,0.03502,1410,1
ag,5120,10240,128,gpu,103,c_flux_ag,2,0.06390,0.06227,0.06390,0.04200,1410,1
ag,5120,10240,128,gpu,103,A_fused,1,0.15667,0.15155,0.15155,0.05781,1410,1
ag,5120,10240,128,gpu,104,c_cublas,0,0.10547,0.10445,0.10445,0.03644,1410,1
ag,5120,10240,128,gpu,104,c_fluxgemm,2,0.11674,0.11674,0.11674,0.03346,1410,1
ag,5120,10240,128,gpu,104,c_flux_ag,3,0.04867,0.04688,0.04688,0.03596,1410,1
ag,5120,10240,128,gpu,104,A_fused,1,0.17510,0.17510,0.17510,0.05774,1410,1
ag,5120,10240,128,gpu,105,c_cublas,0,0.10445,0.10445,0.10445,0.03780,1410,1
ag,5120,10240,128,gpu,105,c_fluxgemm,2,0.11674,0.11469,0.11674,0.03609,1410,1
ag,5120,10240,128,gpu,105,c_flux_ag,1,0.06598,0.06477,0.06598,0.03777,1410,1
ag,5120,10240,128,gpu,105,A_fused,3,0.15053,0.14848,0.15053,0.06157,1410,1
ag,5120,10240,128,gpu,106,c_cublas,2,0.10752,0.10650,0.10650,0.03591,1410,1
ag,5120,10240,128,gpu,106,c_fluxgemm,3,0.12083,0.11878,0.11878,0.03572,1410,1
ag,5120,10240,128,gpu,106,c_flux_ag,1,0.06816,0.05885,0.06816,0.03339,1410,1
ag,5120,10240,128,gpu,106,A_fused,0,0.15053,0.14950,0.15053,0.05295,1410,1
ag,5120,10240,128,gpu,107,c_cublas,2,0.10547,0.10240,0.10240,0.03573,1410,1
ag,5120,10240,128,gpu,107,c_fluxgemm,0,0.11878,0.11674,0.11878,0.03444,1410,1
ag,5120,10240,128,gpu,107,c_flux_ag,3,0.05053,0.04598,0.05053,0.03769,1410,1
ag,5120,10240,128,gpu,107,A_fused,1,0.16384,0.16282,0.16282,0.05526,1410,1
ag,5120,10240,128,gpu,108,c_cublas,2,0.10445,0.10342,0.10342,0.03641,1410,1
ag,5120,10240,128,gpu,108,c_fluxgemm,3,0.11776,0.11571,0.11571,0.03594,1410,1
ag,5120,10240,128,gpu,108,c_flux_ag,1,0.06598,0.06518,0.06598,0.03325,1410,1
ag,5120,10240,128,gpu,108,A_fused,0,0.14950,0.14643,0.14950,0.05798,1410,1
ag,5120,10240,128,gpu,109,c_cublas,1,0.10650,0.10547,0.10547,0.03575,1410,1
ag,5120,10240,128,gpu,109,c_fluxgemm,3,0.11878,0.11776,0.11878,0.03548,1410,1
ag,5120,10240,128,gpu,109,c_flux_ag,2,0.04867,0.04410,0.04867,0.03681,1410,1
ag,5120,10240,128,gpu,109,A_fused,0,0.14746,0.14541,0.14746,0.05720,1410,1
ag,5120,10240,128,gpu,110,c_cublas,1,0.10650,0.10650,0.10650,0.03732,1410,1
ag,5120,10240,128,gpu,110,c_fluxgemm,2,0.11776,0.11674,0.11776,0.03702,1410,1
ag,5120,10240,128,gpu,110,c_flux_ag,0,0.06845,0.06170,0.06845,0.03860,1410,1
ag,5120,10240,128,gpu,110,A_fused,3,0.17408,0.17203,0.17203,0.05551,1410,1
ag,5120,10240,128,gpu,111,c_cublas,2,0.10445,0.10445,0.10445,0.03572,1410,1
ag,5120,10240,128,gpu,111,c_fluxgemm,0,0.14438,0.11571,0.14438,0.03803,1410,1
ag,5120,10240,128,gpu,111,c_flux_ag,3,0.07456,0.05952,0.07456,0.03813,1410,1
ag,5120,10240,128,gpu,111,A_fused,1,0.16691,0.16589,0.16691,0.05798,1410,1
ag,5120,10240,128,gpu,112,c_cublas,0,0.11878,0.10547,0.11878,0.21328,1410,1
ag,5120,10240,128,gpu,112,c_fluxgemm,1,0.11571,0.11469,0.11571,0.03892,1410,1
ag,5120,10240,128,gpu,112,c_flux_ag,2,0.06099,0.05910,0.06099,0.03883,1410,1
ag,5120,10240,128,gpu,112,A_fused,3,0.16384,0.15258,0.15258,0.05391,1410,1
ag,5120,10240,128,gpu,113,c_cublas,3,0.10650,0.10445,0.10445,0.04298,1410,1
ag,5120,10240,128,gpu,113,c_fluxgemm,1,0.11674,0.11674,0.11674,0.03492,1410,1
ag,5120,10240,128,gpu,113,c_flux_ag,0,0.05203,0.04822,0.04822,0.03594,1410,1
ag,5120,10240,128,gpu,113,A_fused,2,0.17613,0.17101,0.17101,0.05388,1410,1
ag,5120,10240,128,gpu,114,c_cublas,1,0.10650,0.10445,0.10445,0.03542,1410,1
ag,5120,10240,128,gpu,114,c_fluxgemm,2,0.11878,0.11571,0.11878,0.03659,1410,1
ag,5120,10240,128,gpu,114,c_flux_ag,0,0.04899,0.04470,0.04899,0.03805,1410,1
ag,5120,10240,128,gpu,114,A_fused,3,0.15053,0.14541,0.15053,0.05484,1410,1
ag,5120,10240,128,gpu,115,c_cublas,0,0.10650,0.10445,0.10650,0.03627,1410,1
ag,5120,10240,128,gpu,115,c_fluxgemm,3,0.11674,0.11571,0.11674,0.03318,1410,1
ag,5120,10240,128,gpu,115,c_flux_ag,1,0.07408,0.06762,0.06762,0.04001,1410,1
ag,5120,10240,128,gpu,115,A_fused,2,0.15462,0.15258,0.15462,0.05309,1410,1
ag,5120,10240,128,gpu,116,c_cublas,2,0.10650,0.10547,0.10650,0.03654,1410,1
ag,5120,10240,128,gpu,116,c_fluxgemm,0,0.11674,0.11469,0.11469,0.03453,1410,1
ag,5120,10240,128,gpu,116,c_flux_ag,1,0.06598,0.06506,0.06506,0.03723,1410,1
ag,5120,10240,128,gpu,116,A_fused,3,0.14950,0.14746,0.14950,0.05641,1410,1
ag,5120,10240,128,gpu,117,c_cublas,3,0.10547,0.10240,0.10240,0.03582,1410,1
ag,5120,10240,128,gpu,117,c_fluxgemm,2,0.11878,0.11571,0.11878,0.03406,1410,1
ag,5120,10240,128,gpu,117,c_flux_ag,0,0.05741,0.05014,0.05014,0.03740,1410,1
ag,5120,10240,128,gpu,117,A_fused,1,0.17408,0.17408,0.17408,0.05376,1410,1
ag,5120,10240,128,gpu,118,c_cublas,0,0.10752,0.10650,0.10752,0.03446,1410,1
ag,5120,10240,128,gpu,118,c_fluxgemm,1,0.11776,0.11674,0.11674,0.03727,1410,1
ag,5120,10240,128,gpu,118,c_flux_ag,3,0.05181,0.04870,0.04870,0.03513,1410,1
ag,5120,10240,128,gpu,118,A_fused,2,0.16896,0.16896,0.16896,0.05618,1410,1
ag,5120,10240,128,gpu,119,c_cublas,1,0.10650,0.10547,0.10650,0.03677,1410,1
ag,5120,10240,128,gpu,119,c_fluxgemm,2,0.11776,0.11571,0.11571,0.03639,1410,1
ag,5120,10240,128,gpu,119,c_flux_ag,0,0.07568,0.06733,0.07568,0.03583,1410,1
ag,5120,10240,128,gpu,119,A_fused,3,0.14950,0.14848,0.14950,0.05519,1410,1
ag,5120,10240,128,gpu,120,c_cublas,0,0.10547,0.10445,0.10445,0.03674,1410,1
ag,5120,10240,128,gpu,120,c_fluxgemm,1,0.11674,0.11571,0.11674,0.03688,1410,1
ag,5120,10240,128,gpu,120,c_flux_ag,3,0.06000,0.05942,0.05942,0.03409,1410,1
ag,5120,10240,128,gpu,120,A_fused,2,0.16794,0.16691,0.16794,0.05501,1410,1
ag,5120,10240,128,gpu,121,c_cublas,3,0.10650,0.10547,0.10547,0.03611,1410,1
ag,5120,10240,128,gpu,121,c_fluxgemm,2,0.11674,0.11674,0.11674,0.03374,1410,1
ag,5120,10240,128,gpu,121,c_flux_ag,0,0.05984,0.05619,0.05984,0.03411,1410,1
ag,5120,10240,128,gpu,121,A_fused,1,0.15053,0.14746,0.15053,0.05321,1410,1
ag,5120,10240,128,gpu,122,c_cublas,2,0.10547,0.10342,0.10342,0.03560,1410,1
ag,5120,10240,128,gpu,122,c_fluxgemm,0,0.11878,0.11776,0.11776,0.03786,1410,1
ag,5120,10240,128,gpu,122,c_flux_ag,3,0.06371,0.06339,0.06339,0.03785,1410,1
ag,5120,10240,128,gpu,122,A_fused,1,0.17203,0.16998,0.17203,0.05604,1410,1
ag,5120,10240,128,gpu,123,c_cublas,0,0.10650,0.10547,0.10547,0.03610,1410,1
ag,5120,10240,128,gpu,123,c_fluxgemm,2,0.11981,0.11674,0.11674,0.03409,1410,1
ag,5120,10240,128,gpu,123,c_flux_ag,3,0.04838,0.04461,0.04461,0.03530,1410,1
ag,5120,10240,128,gpu,123,A_fused,1,0.15053,0.14950,0.14950,0.05833,1410,1
ag,5120,10240,128,gpu,124,c_cublas,2,0.10445,0.10342,0.10445,0.03644,1410,1
ag,5120,10240,128,gpu,124,c_fluxgemm,3,0.11674,0.11571,0.11674,0.03610,1410,1
ag,5120,10240,128,gpu,124,c_flux_ag,1,0.05194,0.04765,0.05194,0.03611,1410,1
ag,5120,10240,128,gpu,124,A_fused,0,0.16384,0.16179,0.16384,0.05582,1410,1
ag,5120,10240,128,gpu,125,c_cublas,0,0.10650,0.10547,0.10547,0.03596,1410,1
ag,5120,10240,128,gpu,125,c_fluxgemm,3,0.11674,0.11571,0.11674,0.03472,1410,1
ag,5120,10240,128,gpu,125,c_flux_ag,2,0.05875,0.04854,0.04854,0.03318,1410,1
ag,5120,10240,128,gpu,125,A_fused,1,0.17101,0.16589,0.17101,0.06627,1410,1
ag,5120,10240,128,gpu,126,c_cublas,1,0.10752,0.10445,0.10445,0.03600,1410,1
ag,5120,10240,128,gpu,126,c_fluxgemm,0,0.11674,0.11674,0.11674,0.03351,1410,1
ag,5120,10240,128,gpu,126,c_flux_ag,3,0.06272,0.06083,0.06272,0.03382,1410,1
ag,5120,10240,128,gpu,126,A_fused,2,0.17510,0.16896,0.16896,0.05853,1410,1
ag,5120,10240,128,gpu,127,c_cublas,2,0.10752,0.10650,0.10752,0.03649,1410,1
ag,5120,10240,128,gpu,127,c_fluxgemm,1,0.11878,0.11776,0.11776,0.03562,1410,1
ag,5120,10240,128,gpu,127,c_flux_ag,0,0.05942,0.05907,0.05942,0.03543,1410,1
ag,5120,10240,128,gpu,127,A_fused,3,0.16794,0.16486,0.16486,0.05831,1410,1
ag,5120,10240,128,gpu,128,c_cublas,3,0.10547,0.10445,0.10547,0.03670,1410,1
ag,5120,10240,128,gpu,128,c_fluxgemm,2,0.11776,0.11674,0.11776,0.03664,1410,1
ag,5120,10240,128,gpu,128,c_flux_ag,0,0.04477,0.04400,0.04400,0.03672,1410,1
ag,5120,10240,128,gpu,128,A_fused,1,0.17818,0.16179,0.17818,0.05345,1410,1
ag,5120,10240,128,gpu,129,c_cublas,3,0.10650,0.10445,0.10445,0.03565,1410,1
ag,5120,10240,128,gpu,129,c_fluxgemm,1,0.11674,0.11674,0.11674,0.03666,1410,1
ag,5120,10240,128,gpu,129,c_flux_ag,0,0.04534,0.04285,0.04285,0.03945,1410,1
ag,5120,10240,128,gpu,129,A_fused,2,0.16589,0.16282,0.16589,0.06326,1410,1
ag,5120,10240,128,gpu,130,c_cublas,0,0.10650,0.10547,0.10547,0.03273,1410,1
ag,5120,10240,128,gpu,130,c_fluxgemm,3,0.11674,0.11674,0.11674,0.03656,1410,1
ag,5120,10240,128,gpu,130,c_flux_ag,2,0.05046,0.04778,0.04778,0.04271,1410,1
ag,5120,10240,128,gpu,130,A_fused,1,0.14950,0.14848,0.14950,0.05716,1410,1
ag,5120,10240,128,gpu,131,c_cublas,2,0.10650,0.10547,0.10650,0.03602,1410,1
ag,5120,10240,128,gpu,131,c_fluxgemm,0,0.11674,0.11674,0.11674,0.03544,1410,1
ag,5120,10240,128,gpu,131,c_flux_ag,3,0.04470,0.04445,0.04445,0.04632,1410,1
ag,5120,10240,128,gpu,131,A_fused,1,0.17818,0.16794,0.16794,0.05477,1410,1
ag,5120,10240,128,gpu,132,c_cublas,3,0.10547,0.10547,0.10547,0.03594,1410,1
ag,5120,10240,128,gpu,132,c_fluxgemm,2,0.11776,0.11469,0.11776,0.03460,1410,1
ag,5120,10240,128,gpu,132,c_flux_ag,1,0.06205,0.06128,0.06205,0.03361,1410,1
ag,5120,10240,128,gpu,132,A_fused,0,0.17818,0.17715,0.17715,0.05624,1410,1
ag,5120,10240,128,gpu,133,c_cublas,1,0.10650,0.10547,0.10547,0.03521,1410,1
ag,5120,10240,128,gpu,133,c_fluxgemm,0,0.11776,0.11674,0.11674,0.03704,1410,1
ag,5120,10240,128,gpu,133,c_flux_ag,3,0.06586,0.06586,0.06586,0.03409,1410,1
ag,5120,10240,128,gpu,133,A_fused,2,0.17408,0.17101,0.17408,0.05779,1410,1
ag,5120,10240,128,gpu,134,c_cublas,2,0.10547,0.10240,0.10240,0.03568,1410,1
ag,5120,10240,128,gpu,134,c_fluxgemm,0,0.11776,0.11776,0.11776,0.03704,1410,1
ag,5120,10240,128,gpu,134,c_flux_ag,3,0.04976,0.04883,0.04976,0.03756,1410,1
ag,5120,10240,128,gpu,134,A_fused,1,0.15155,0.15053,0.15053,0.05397,1410,1
ag,5120,10240,128,gpu,135,c_cublas,1,0.10650,0.10445,0.10650,0.03556,1410,1
ag,5120,10240,128,gpu,135,c_fluxgemm,3,0.11674,0.11469,0.11674,0.03550,1410,1
ag,5120,10240,128,gpu,135,c_flux_ag,2,0.04803,0.04352,0.04803,0.03812,1410,1
ag,5120,10240,128,gpu,135,A_fused,0,0.16794,0.16486,0.16794,0.05693,1410,1
ag,5120,10240,128,gpu,136,c_cublas,1,0.10752,0.10650,0.10650,0.03602,1410,1
ag,5120,10240,128,gpu,136,c_fluxgemm,3,0.11674,0.11571,0.11571,0.03532,1410,1
ag,5120,10240,128,gpu,136,c_flux_ag,2,0.04982,0.04576,0.04982,0.03741,1410,1
ag,5120,10240,128,gpu,136,A_fused,0,0.15053,0.14746,0.15053,0.05799,1410,1
ag,5120,10240,128,gpu,137,c_cublas,2,0.10650,0.10547,0.10547,0.03641,1410,1
ag,5120,10240,128,gpu,137,c_fluxgemm,0,0.11674,0.11366,0.11674,0.03484,1410,1
ag,5120,10240,128,gpu,137,c_flux_ag,1,0.06787,0.06592,0.06787,0.03868,1410,1
ag,5120,10240,128,gpu,137,A_fused,3,0.16282,0.16282,0.16282,0.05588,1410,1
ag,5120,10240,128,gpu,138,c_cublas,1,0.10547,0.10445,0.10445,0.03587,1410,1
ag,5120,10240,128,gpu,138,c_fluxgemm,2,0.11776,0.11776,0.11776,0.03631,1410,1
ag,5120,10240,128,gpu,138,c_flux_ag,0,0.06032,0.05898,0.05898,0.03581,1410,1
ag,5120,10240,128,gpu,138,A_fused,3,0.16384,0.15565,0.15565,0.05413,1410,1
ag,5120,10240,128,gpu,139,c_cublas,3,0.10650,0.10650,0.10650,0.03637,1410,1
ag,5120,10240,128,gpu,139,c_fluxgemm,1,0.14336,0.11674,0.11674,0.03834,1410,1
ag,5120,10240,128,gpu,139,c_flux_ag,0,0.15456,0.12342,0.15456,0.04033,1410,1
ag,5120,10240,128,gpu,139,A_fused,2,0.16998,0.16998,0.16998,0.05351,1410,1
ag,5120,10240,128,gpu,140,c_cublas,0,0.10547,0.10445,0.10445,0.03540,1410,1
ag,5120,10240,128,gpu,140,c_fluxgemm,1,0.11674,0.11674,0.11674,0.03678,1410,1
ag,5120,10240,128,gpu,140,c_flux_ag,2,0.05802,0.05747,0.05747,0.03902,1410,1
ag,5120,10240,128,gpu,140,A_fused,3,0.16486,0.16282,0.16486,0.05344,1410,1
ag,5120,10240,128,gpu,141,c_cublas,3,0.10547,0.10240,0.10240,0.03651,1410,1
ag,5120,10240,128,gpu,141,c_fluxgemm,1,0.11776,0.11674,0.11776,0.03600,1410,1
ag,5120,10240,128,gpu,141,c_flux_ag,2,0.04986,0.04595,0.04986,0.03843,1410,1
ag,5120,10240,128,gpu,141,A_fused,0,0.15360,0.14950,0.15360,0.05820,1410,1
ag,5120,10240,128,gpu,142,c_cublas,2,0.10752,0.10342,0.10342,0.03607,1410,1
ag,5120,10240,128,gpu,142,c_fluxgemm,3,0.11776,0.11674,0.11674,0.03628,1410,1
ag,5120,10240,128,gpu,142,c_flux_ag,0,0.05971,0.05824,0.05971,0.03830,1410,1
ag,5120,10240,128,gpu,142,A_fused,1,0.15462,0.15155,0.15462,0.05537,1410,1
ag,5120,10240,128,gpu,143,c_cublas,3,0.10547,0.10342,0.10342,0.03610,1410,1
ag,5120,10240,128,gpu,143,c_fluxgemm,0,0.11674,0.11674,0.11674,0.03572,1410,1
ag,5120,10240,128,gpu,143,c_flux_ag,1,0.07514,0.06986,0.06986,0.03744,1410,1
ag,5120,10240,128,gpu,143,A_fused,2,0.15258,0.14848,0.15258,0.05258,1410,1
ag,5120,10240,128,gpu,144,c_cublas,1,0.10547,0.10445,0.10445,0.03546,1410,1
ag,5120,10240,128,gpu,144,c_fluxgemm,3,0.11776,0.11776,0.11776,0.03450,1410,1
ag,5120,10240,128,gpu,144,c_flux_ag,0,0.06330,0.04906,0.06330,0.03943,1410,1
ag,5120,10240,128,gpu,144,A_fused,2,0.16589,0.16384,0.16589,0.05760,1410,1
ag,5120,10240,128,gpu,145,c_cublas,1,0.10445,0.10342,0.10342,0.03734,1410,1
ag,5120,10240,128,gpu,145,c_fluxgemm,3,0.11776,0.11674,0.11776,0.03306,1410,1
ag,5120,10240,128,gpu,145,c_flux_ag,0,0.05962,0.05904,0.05962,0.04970,1410,1
ag,5120,10240,128,gpu,145,A_fused,2,0.16691,0.16486,0.16691,0.05728,1410,1
ag,5120,10240,128,gpu,146,c_cublas,0,0.10650,0.10650,0.10650,0.03607,1410,1
ag,5120,10240,128,gpu,146,c_fluxgemm,1,0.11674,0.11674,0.11674,0.03613,1410,1
ag,5120,10240,128,gpu,146,c_flux_ag,2,0.06291,0.06243,0.06243,0.03792,1410,1
ag,5120,10240,128,gpu,146,A_fused,3,0.16691,0.16589,0.16691,0.05317,1410,1
ag,5120,10240,128,gpu,147,c_cublas,0,0.10547,0.10547,0.10547,0.03610,1410,1
ag,5120,10240,128,gpu,147,c_fluxgemm,2,0.11776,0.11674,0.11776,0.03651,1410,1
ag,5120,10240,128,gpu,147,c_flux_ag,1,0.04771,0.04682,0.04771,0.03904,1410,1
ag,5120,10240,128,gpu,147,A_fused,3,0.15462,0.15053,0.15053,0.05402,1410,1
ag,5120,10240,128,gpu,148,c_cublas,1,0.10752,0.10547,0.10547,0.03639,1410,1
ag,5120,10240,128,gpu,148,c_fluxgemm,0,0.11571,0.11571,0.11571,0.03517,1410,1
ag,5120,10240,128,gpu,148,c_flux_ag,2,0.04691,0.04570,0.04691,0.03934,1410,1
ag,5120,10240,128,gpu,148,A_fused,3,0.16998,0.16998,0.16998,0.05328,1410,1
ag,5120,10240,128,gpu,149,c_cublas,1,0.10650,0.10342,0.10342,0.03805,1410,1
ag,5120,10240,128,gpu,149,c_fluxgemm,0,0.11571,0.11366,0.11571,0.03827,1410,1
ag,5120,10240,128,gpu,149,c_flux_ag,2,0.06086,0.06070,0.06086,0.03933,1410,1
ag,5120,10240,128,gpu,149,A_fused,3,0.16384,0.16384,0.16384,0.06448,1410,1
ag,5120,10240,128,gpu,150,c_cublas,2,0.10547,0.10445,0.10547,0.04445,1410,1
ag,5120,10240,128,gpu,150,c_fluxgemm,0,0.11674,0.11674,0.11674,0.03717,1410,1
ag,5120,10240,128,gpu,150,c_flux_ag,1,0.06304,0.06234,0.06234,0.03835,1410,1
ag,5120,10240,128,gpu,150,A_fused,3,0.16282,0.16282,0.16282,0.05748,1410,1
ag,5120,10240,128,gpu,151,c_cublas,0,0.10650,0.10547,0.10547,0.03714,1410,1
ag,5120,10240,128,gpu,151,c_fluxgemm,1,0.11571,0.11469,0.11469,0.03717,1410,1
ag,5120,10240,128,gpu,151,c_flux_ag,2,0.06144,0.06118,0.06118,0.04628,1410,1
ag,5120,10240,128,gpu,151,A_fused,3,0.15258,0.15053,0.15053,0.05403,1410,1
ag,5120,10240,128,gpu,152,c_cublas,0,0.10547,0.10445,0.10445,0.03640,1410,1
ag,5120,10240,128,gpu,152,c_fluxgemm,3,0.11674,0.11571,0.11571,0.03466,1410,1
ag,5120,10240,128,gpu,152,c_flux_ag,1,0.06858,0.06848,0.06848,0.03899,1410,1
ag,5120,10240,128,gpu,152,A_fused,2,0.15053,0.14950,0.15053,0.05493,1410,1
ag,5120,10240,128,gpu,153,c_cublas,1,0.10650,0.10445,0.10445,0.03672,1410,1
ag,5120,10240,128,gpu,153,c_fluxgemm,3,0.11878,0.11878,0.11878,0.04243,1410,1
ag,5120,10240,128,gpu,153,c_flux_ag,2,0.04835,0.04371,0.04835,0.03840,1410,1
ag,5120,10240,128,gpu,153,A_fused,0,0.14848,0.14643,0.14643,0.05696,1410,1
ag,5120,10240,128,gpu,154,c_cublas,0,0.10752,0.10752,0.10752,0.03683,1410,1
ag,5120,10240,128,gpu,154,c_fluxgemm,2,0.11571,0.11571,0.11571,0.03379,1410,1
ag,5120,10240,128,gpu,154,c_flux_ag,3,0.04912,0.04877,0.04912,0.03672,1410,1
ag,5120,10240,128,gpu,154,A_fused,1,0.17715,0.17203,0.17715,0.05849,1410,1
ag,5120,10240,128,gpu,155,c_cublas,3,0.10547,0.10445,0.10547,0.03602,1410,1
ag,5120,10240,128,gpu,155,c_fluxgemm,0,0.11776,0.11674,0.11776,0.03604,1410,1
ag,5120,10240,128,gpu,155,c_flux_ag,1,0.06134,0.06131,0.06134,0.03772,1410,1
ag,5120,10240,128,gpu,155,A_fused,2,0.14950,0.14848,0.14950,0.05343,1410,1
ag,5120,10240,128,gpu,156,c_cublas,2,0.10547,0.10445,0.10547,0.03578,1410,1
ag,5120,10240,128,gpu,156,c_fluxgemm,3,0.11674,0.11571,0.11571,0.03691,1410,1
ag,5120,10240,128,gpu,156,c_flux_ag,1,0.06138,0.05974,0.05974,0.03434,1410,1
ag,5120,10240,128,gpu,156,A_fused,0,0.16896,0.16794,0.16794,0.05948,1410,1
ag,5120,10240,128,gpu,157,c_cublas,1,0.10752,0.10650,0.10752,0.03545,1410,1
ag,5120,10240,128,gpu,157,c_fluxgemm,2,0.11776,0.11674,0.11674,0.03795,1410,1
ag,5120,10240,128,gpu,157,c_flux_ag,3,0.07232,0.06646,0.06646,0.04001,1410,1
ag,5120,10240,128,gpu,157,A_fused,0,0.15360,0.15155,0.15360,0.05927,1410,1
ag,5120,10240,128,gpu,158,c_cublas,0,0.10650,0.10445,0.10445,0.03697,1410,1
ag,5120,10240,128,gpu,158,c_fluxgemm,2,0.11674,0.11469,0.11674,0.03343,1410,1
ag,5120,10240,128,gpu,158,c_flux_ag,3,0.04976,0.04886,0.04976,0.03704,1410,1
ag,5120,10240,128,gpu,158,A_fused,1,0.16486,0.16384,0.16486,0.05832,1410,1
ag,5120,10240,128,gpu,159,c_cublas,2,0.10445,0.10342,0.10342,0.03672,1410,1
ag,5120,10240,128,gpu,159,c_fluxgemm,0,0.11776,0.11776,0.11776,0.03565,1410,1
ag,5120,10240,128,gpu,159,c_flux_ag,3,0.06998,0.06301,0.06301,0.03897,1410,1
ag,5120,10240,128,gpu,159,A_fused,1,0.15258,0.14746,0.14746,0.05435,1410,1
ag,5120,10240,128,gpu,160,c_cublas,0,0.10650,0.10342,0.10342,0.03666,1410,1
ag,5120,10240,128,gpu,160,c_fluxgemm,1,0.11776,0.11674,0.11674,0.03729,1410,1
ag,5120,10240,128,gpu,160,c_flux_ag,2,0.04672,0.04467,0.04467,0.03827,1410,1
ag,5120,10240,128,gpu,160,A_fused,3,0.15872,0.15360,0.15872,0.05296,1410,1
ag,5120,10240,128,gpu,161,c_cublas,0,0.10650,0.10342,0.10342,0.03628,1410,1
ag,5120,10240,128,gpu,161,c_fluxgemm,3,0.11674,0.11674,0.11674,0.03394,1410,1
ag,5120,10240,128,gpu,161,c_flux_ag,1,0.06618,0.06566,0.06618,0.03945,1410,1
ag,5120,10240,128,gpu,161,A_fused,2,0.16179,0.16179,0.16179,0.05404,1410,1
ag,5120,10240,128,gpu,162,c_cublas,3,0.10752,0.10547,0.10752,0.03671,1410,1
ag,5120,10240,128,gpu,162,c_fluxgemm,1,0.11571,0.11571,0.11571,0.03345,1410,1
ag,5120,10240,128,gpu,162,c_flux_ag,2,0.05981,0.05834,0.05834,0.03672,1410,1
ag,5120,10240,128,gpu,162,A_fused,0,0.16794,0.16794,0.16794,0.05916,1410,1
ag,5120,10240,128,gpu,163,c_cublas,1,0.10650,0.10547,0.10547,0.03635,1410,1
ag,5120,10240,128,gpu,163,c_fluxgemm,0,0.14848,0.11674,0.14848,0.04158,1410,1
ag,5120,10240,128,gpu,163,c_flux_ag,3,0.06086,0.06019,0.06086,0.03531,1410,1
ag,5120,10240,128,gpu,163,A_fused,2,0.17203,0.16998,0.17203,0.05939,1410,1
ag,5120,10240,128,gpu,164,c_cublas,0,0.10547,0.10445,0.10547,0.03628,1410,1
ag,5120,10240,128,gpu,164,c_fluxgemm,3,0.11674,0.11571,0.11674,0.03504,1410,1
ag,5120,10240,128,gpu,164,c_flux_ag,2,0.04992,0.04810,0.04810,0.03461,1410,1
ag,5120,10240,128,gpu,164,A_fused,1,0.15053,0.14950,0.14950,0.05894,1410,1
ag,5120,10240,128,gpu,165,c_cublas,1,0.10650,0.10240,0.10240,0.03648,1410,1
ag,5120,10240,128,gpu,165,c_fluxgemm,0,0.11571,0.11571,0.11571,0.03561,1410,1
ag,5120,10240,128,gpu,165,c_flux_ag,2,0.06973,0.06269,0.06269,0.03971,1410,1
ag,5120,10240,128,gpu,165,A_fused,3,0.16589,0.15565,0.15565,0.05454,1410,1
ag,5120,10240,128,gpu,166,c_cublas,2,0.10650,0.10240,0.10240,0.03587,1410,1
ag,5120,10240,128,gpu,166,c_fluxgemm,0,0.11674,0.11674,0.11674,0.03584,1410,1
ag,5120,10240,128,gpu,166,c_flux_ag,3,0.06016,0.05840,0.06016,0.03789,1410,1
ag,5120,10240,128,gpu,166,A_fused,1,0.16384,0.16282,0.16282,0.05571,1410,1
ag,5120,10240,128,gpu,167,c_cublas,3,0.10547,0.10342,0.10547,0.03579,1410,1
ag,5120,10240,128,gpu,167,c_fluxgemm,1,0.11776,0.11674,0.11776,0.03550,1410,1
ag,5120,10240,128,gpu,167,c_flux_ag,0,0.06323,0.06307,0.06307,0.03687,1410,1
ag,5120,10240,128,gpu,167,A_fused,2,0.16384,0.16282,0.16282,0.05501,1410,1
ag,5120,10240,128,gpu,168,c_cublas,3,0.10547,0.10445,0.10445,0.03591,1410,1
ag,5120,10240,128,gpu,168,c_fluxgemm,0,0.11776,0.11674,0.11776,0.03756,1410,1
ag,5120,10240,128,gpu,168,c_flux_ag,1,0.05978,0.05885,0.05885,0.03915,1410,1
ag,5120,10240,128,gpu,168,A_fused,2,0.16384,0.16282,0.16384,0.05386,1410,1
ag,5120,10240,128,gpu,169,c_cublas,1,0.10650,0.10445,0.10445,0.03558,1410,1
ag,5120,10240,128,gpu,169,c_fluxgemm,0,0.11674,0.11571,0.11674,0.03773,1410,1
ag,5120,10240,128,gpu,169,c_flux_ag,3,0.06006,0.06003,0.06006,0.03487,1410,1
ag,5120,10240,128,gpu,169,A_fused,2,0.17203,0.16998,0.17203,0.05821,1410,1
ag,5120,10240,128,gpu,170,c_cublas,2,0.10547,0.10547,0.10547,0.03579,1410,1
ag,5120,10240,128,gpu,170,c_fluxgemm,1,0.11878,0.11776,0.11776,0.03376,1410,1
ag,5120,10240,128,gpu,170,c_flux_ag,3,0.04861,0.04454,0.04861,0.03854,1410,1
ag,5120,10240,128,gpu,170,A_fused,0,0.15053,0.14848,0.14848,0.05529,1410,1
ag,5120,10240,128,gpu,171,c_cublas,2,0.10650,0.10240,0.10240,0.03599,1410,1
ag,5120,10240,128,gpu,171,c_fluxgemm,0,0.11776,0.11674,0.11776,0.03858,1410,1
ag,5120,10240,128,gpu,171,c_flux_ag,3,0.04931,0.04250,0.04931,0.03869,1410,1
ag,5120,10240,128,gpu,171,A_fused,1,0.17306,0.16691,0.16691,0.05653,1410,1
ag,5120,10240,128,gpu,172,c_cublas,1,0.10547,0.10445,0.10445,0.03621,1410,1
ag,5120,10240,128,gpu,172,c_fluxgemm,0,0.11776,0.11571,0.11776,0.04172,1410,1
ag,5120,10240,128,gpu,172,c_flux_ag,3,0.04634,0.04374,0.04634,0.03557,1410,1
ag,5120,10240,128,gpu,172,A_fused,2,0.17818,0.17613,0.17818,0.05952,1410,1
ag,5120,10240,128,gpu,173,c_cublas,2,0.10547,0.10445,0.10547,0.03637,1410,1
ag,5120,10240,128,gpu,173,c_fluxgemm,0,0.11571,0.11469,0.11571,0.03645,1410,1
ag,5120,10240,128,gpu,173,c_flux_ag,1,0.06294,0.06256,0.06256,0.03874,1410,1
ag,5120,10240,128,gpu,173,A_fused,3,0.16384,0.16384,0.16384,0.05653,1410,1
ag,5120,10240,128,gpu,174,c_cublas,1,0.10854,0.10752,0.10752,0.03682,1410,1
ag,5120,10240,128,gpu,174,c_fluxgemm,0,0.11776,0.11674,0.11776,0.03584,1410,1
ag,5120,10240,128,gpu,174,c_flux_ag,3,0.06445,0.06230,0.06230,0.03407,1410,1
ag,5120,10240,128,gpu,174,A_fused,2,0.15258,0.14950,0.15258,0.05792,1410,1
ag,5120,10240,128,gpu,175,c_cublas,0,0.10547,0.10445,0.10445,0.03657,1410,1
ag,5120,10240,128,gpu,175,c_fluxgemm,3,0.11776,0.11469,0.11776,0.03475,1410,1
ag,5120,10240,128,gpu,175,c_flux_ag,2,0.05002,0.04560,0.05002,0.03645,1410,1
ag,5120,10240,128,gpu,175,A_fused,1,0.17818,0.17101,0.17818,0.06980,1410,1
ag,5120,10240,128,gpu,176,c_cublas,1,0.10445,0.10240,0.10240,0.03580,1410,1
ag,5120,10240,128,gpu,176,c_fluxgemm,2,0.11776,0.11674,0.11776,0.03588,1410,1
ag,5120,10240,128,gpu,176,c_flux_ag,3,0.07421,0.06576,0.07421,0.03738,1410,1
ag,5120,10240,128,gpu,176,A_fused,0,0.16589,0.15667,0.16589,0.05856,1410,1
ag,5120,10240,128,gpu,177,c_cublas,3,0.10445,0.10445,0.10445,0.03630,1410,1
ag,5120,10240,128,gpu,177,c_fluxgemm,2,0.11878,0.11674,0.11878,0.04030,1410,1
ag,5120,10240,128,gpu,177,c_flux_ag,0,0.04563,0.04374,0.04374,0.03442,1410,1
ag,5120,10240,128,gpu,177,A_fused,1,0.15462,0.14746,0.15462,0.05322,1410,1
ag,5120,10240,128,gpu,178,c_cublas,1,0.10650,0.10240,0.10240,0.03535,1410,1
ag,5120,10240,128,gpu,178,c_fluxgemm,2,0.11878,0.11674,0.11878,0.03631,1410,1
ag,5120,10240,128,gpu,178,c_flux_ag,0,0.07078,0.06922,0.06922,0.03845,1410,1
ag,5120,10240,128,gpu,178,A_fused,3,0.16589,0.16384,0.16589,0.05671,1410,1
ag,5120,10240,128,gpu,179,c_cublas,2,0.10752,0.10547,0.10547,0.03660,1410,1
ag,5120,10240,128,gpu,179,c_fluxgemm,0,0.11776,0.11776,0.11776,0.03585,1410,1
ag,5120,10240,128,gpu,179,c_flux_ag,1,0.06205,0.06179,0.06179,0.03695,1410,1
ag,5120,10240,128,gpu,179,A_fused,3,0.14950,0.14848,0.14848,0.07019,1410,1
ag,5120,10240,128,gpu,180,c_cublas,1,0.10547,0.10445,0.10445,0.03543,1410,1
ag,5120,10240,128,gpu,180,c_fluxgemm,2,0.11776,0.11571,0.11776,0.03679,1410,1
ag,5120,10240,128,gpu,180,c_flux_ag,3,0.06902,0.06227,0.06902,0.04655,1410,1
ag,5120,10240,128,gpu,180,A_fused,0,0.15462,0.14848,0.14848,0.05458,1410,1
ag,5120,10240,128,gpu,181,c_cublas,2,0.10445,0.10342,0.10445,0.03772,1410,1
ag,5120,10240,128,gpu,181,c_fluxgemm,3,0.11776,0.11776,0.11776,0.03734,1410,1
ag,5120,10240,128,gpu,181,c_flux_ag,0,0.06384,0.05789,0.06384,0.03740,1410,1
ag,5120,10240,128,gpu,181,A_fused,1,0.15565,0.14643,0.15565,0.05648,1410,1
ag,5120,10240,128,gpu,182,c_cublas,3,0.10547,0.10445,0.10445,0.03675,1410,1
ag,5120,10240,128,gpu,182,c_fluxgemm,2,0.11674,0.11674,0.11674,0.03365,1410,1
ag,5120,10240,128,gpu,182,c_flux_ag,0,0.06282,0.06131,0.06282,0.03899,1410,1
ag,5120,10240,128,gpu,182,A_fused,1,0.17613,0.16794,0.17613,0.05334,1410,1
ag,5120,10240,128,gpu,183,c_cublas,0,0.10752,0.10445,0.10752,0.03340,1410,1
ag,5120,10240,128,gpu,183,c_fluxgemm,1,0.11776,0.11674,0.11776,0.03635,1410,1
ag,5120,10240,128,gpu,183,c_flux_ag,2,0.06989,0.06851,0.06851,0.03826,1410,1
ag,5120,10240,128,gpu,183,A_fused,3,0.14848,0.14746,0.14848,0.05365,1410,1
ag,5120,10240,128,gpu,184,c_cublas,2,0.10547,0.10342,0.10342,0.03648,1410,1
ag,5120,10240,128,gpu,184,c_fluxgemm,1,0.11776,0.11674,0.11776,0.03583,1410,1
ag,5120,10240,128,gpu,184,c_flux_ag,0,0.04858,0.04365,0.04858,0.03825,1410,1
ag,5120,10240,128,gpu,184,A_fused,3,0.17101,0.16486,0.17101,0.05639,1410,1
ag,5120,10240,128,gpu,185,c_cublas,3,0.10650,0.10240,0.10240,0.03640,1410,1
ag,5120,10240,128,gpu,185,c_fluxgemm,0,0.11571,0.11571,0.11571,0.03545,1410,1
ag,5120,10240,128,gpu,185,c_flux_ag,2,0.06166,0.06064,0.06166,0.03341,1410,1
ag,5120,10240,128,gpu,185,A_fused,1,0.15053,0.14950,0.15053,0.05480,1410,1
ag,5120,10240,128,gpu,186,c_cublas,3,0.10650,0.10650,0.10650,0.03567,1410,1
ag,5120,10240,128,gpu,186,c_fluxgemm,2,0.11878,0.11674,0.11878,0.03388,1410,1
ag,5120,10240,128,gpu,186,c_flux_ag,0,0.05037,0.04704,0.04704,0.03848,1410,1
ag,5120,10240,128,gpu,186,A_fused,1,0.17306,0.17203,0.17203,0.05397,1410,1
ag,5120,10240,128,gpu,187,c_cublas,1,0.10547,0.10547,0.10547,0.03548,1410,1
ag,5120,10240,128,gpu,187,c_fluxgemm,0,0.11776,0.11674,0.11776,0.03649,1410,1
ag,5120,10240,128,gpu,187,c_flux_ag,3,0.07219,0.06349,0.07219,0.04447,1410,1
ag,5120,10240,128,gpu,187,A_fused,2,0.16691,0.16486,0.16691,0.05774,1410,1
ag,5120,10240,128,gpu,188,c_cublas,2,0.10547,0.10445,0.10547,0.03871,1410,1
ag,5120,10240,128,gpu,188,c_fluxgemm,1,0.11674,0.11571,0.11674,0.03594,1410,1
ag,5120,10240,128,gpu,188,c_flux_ag,3,0.04416,0.04362,0.04362,0.03994,1410,1
ag,5120,10240,128,gpu,188,A_fused,0,0.16384,0.16282,0.16384,0.06448,1410,1
ag,5120,10240,128,gpu,189,c_cublas,2,0.10752,0.10650,0.10752,0.03622,1410,1
ag,5120,10240,128,gpu,189,c_fluxgemm,0,0.11571,0.11571,0.11571,0.03750,1410,1
ag,5120,10240,128,gpu,189,c_flux_ag,3,0.04851,0.04563,0.04563,0.03827,1410,1
ag,5120,10240,128,gpu,189,A_fused,1,0.17510,0.17408,0.17408,0.05897,1410,1
ag,5120,10240,128,gpu,190,c_cublas,2,0.10650,0.10445,0.10445,0.03576,1410,1
ag,5120,10240,128,gpu,190,c_fluxgemm,3,0.11776,0.11674,0.11776,0.03691,1410,1
ag,5120,10240,128,gpu,190,c_flux_ag,0,0.05901,0.05750,0.05901,0.03518,1410,1
ag,5120,10240,128,gpu,190,A_fused,1,0.16998,0.16896,0.16896,0.05490,1410,1
ag,5120,10240,128,gpu,191,c_cublas,2,0.10547,0.10445,0.10445,0.03596,1410,1
ag,5120,10240,128,gpu,191,c_fluxgemm,0,0.11878,0.11776,0.11776,0.03878,1410,1
ag,5120,10240,128,gpu,191,c_flux_ag,3,0.07034,0.06365,0.07034,0.03836,1410,1
ag,5120,10240,128,gpu,191,A_fused,1,0.15053,0.15053,0.15053,0.05751,1410,1
ag,5120,10240,128,gpu,192,c_cublas,2,0.10650,0.10342,0.10342,0.03583,1410,1
ag,5120,10240,128,gpu,192,c_fluxgemm,0,0.12186,0.11674,0.11674,0.03716,1410,1
ag,5120,10240,128,gpu,192,c_flux_ag,3,0.04285,0.04259,0.04259,0.03813,1410,1
ag,5120,10240,128,gpu,192,A_fused,1,0.14746,0.14746,0.14746,0.05578,1410,1
ag,5120,10240,128,gpu,193,c_cublas,2,0.10547,0.10445,0.10445,0.03696,1410,1
ag,5120,10240,128,gpu,193,c_fluxgemm,0,0.11878,0.11776,0.11776,0.03881,1410,1
ag,5120,10240,128,gpu,193,c_flux_ag,1,0.07203,0.06522,0.06522,0.04454,1410,1
ag,5120,10240,128,gpu,193,A_fused,3,0.15258,0.14848,0.15258,0.05765,1410,1
ag,5120,10240,128,gpu,194,c_cublas,0,0.10650,0.10650,0.10650,0.03604,1410,1
ag,5120,10240,128,gpu,194,c_fluxgemm,2,0.11776,0.11571,0.11776,0.03779,1410,1
ag,5120,10240,128,gpu,194,c_flux_ag,3,0.05955,0.05834,0.05955,0.03923,1410,1
ag,5120,10240,128,gpu,194,A_fused,1,0.16282,0.15462,0.16282,0.06393,1410,1
ag,5120,10240,128,gpu,195,c_cublas,3,0.10445,0.10445,0.10445,0.03654,1410,1
ag,5120,10240,128,gpu,195,c_fluxgemm,0,0.11878,0.11776,0.11878,0.03591,1410,1
ag,5120,10240,128,gpu,195,c_flux_ag,1,0.06781,0.06720,0.06720,0.03735,1410,1
ag,5120,10240,128,gpu,195,A_fused,2,0.15155,0.14848,0.15155,0.06034,1410,1
ag,5120,10240,128,gpu,196,c_cublas,1,0.10650,0.10547,0.10547,0.03540,1410,1
ag,5120,10240,128,gpu,196,c_fluxgemm,3,0.11571,0.11571,0.11571,0.03578,1410,1
ag,5120,10240,128,gpu,196,c_flux_ag,2,0.06275,0.06195,0.06195,0.04612,1410,1
ag,5120,10240,128,gpu,196,A_fused,0,0.16896,0.16589,0.16896,0.05874,1410,1
ag,5120,10240,128,gpu,197,c_cublas,3,0.10547,0.10445,0.10445,0.03622,1410,1
ag,5120,10240,128,gpu,197,c_fluxgemm,0,0.11674,0.11571,0.11674,0.03495,1410,1
ag,5120,10240,128,gpu,197,c_flux_ag,1,0.07030,0.06195,0.07030,0.03755,1410,1
ag,5120,10240,128,gpu,197,A_fused,2,0.15155,0.14746,0.15155,0.05380,1410,1
ag,5120,10240,128,gpu,198,c_cublas,0,0.10752,0.10342,0.10342,0.03352,1410,1
ag,5120,10240,128,gpu,198,c_fluxgemm,2,0.11571,0.11571,0.11571,0.03486,1410,1
ag,5120,10240,128,gpu,198,c_flux_ag,3,0.07632,0.06717,0.07632,0.04064,1410,1
ag,5120,10240,128,gpu,198,A_fused,1,0.15258,0.14848,0.14848,0.05879,1410,1
ag,5120,10240,128,gpu,199,c_cublas,0,0.10752,0.10650,0.10752,0.03750,1410,1
ag,5120,10240,128,gpu,199,c_fluxgemm,3,0.11674,0.11674,0.11674,0.03407,1410,1
ag,5120,10240,128,gpu,199,c_flux_ag,1,0.06349,0.06243,0.06243,0.03864,1410,1
ag,5120,10240,128,gpu,199,A_fused,2,0.15258,0.15258,0.15258,0.05442,1410,1
ag,5120,10240,128,steady,0,c_cublas,3,0.09229,0.09190,0.09190,0.01879,0,1
ag,5120,10240,128,steady,0,c_fluxgemm,1,0.10765,0.10726,0.10726,0.01957,0,1
ag,5120,10240,128,steady,0,c_flux_ag,2,0.04927,0.04903,0.04927,0.02770,0,1
ag,5120,10240,128,steady,0,A_fused,0,0.15123,0.14394,0.15123,0.03748,0,1
ag,5120,10240,128,steady,1,c_cublas,0,0.09370,0.09331,0.09331,0.01441,0,1
ag,5120,10240,128,steady,1,c_fluxgemm,1,0.10752,0.10746,0.10746,0.01981,0,1
ag,5120,10240,128,steady,1,c_flux_ag,3,0.04503,0.04485,0.04503,0.02691,0,1
ag,5120,10240,128,steady,1,A_fused,2,0.14605,0.14605,0.14605,0.03616,0,1
ag,5120,10240,128,steady,2,c_cublas,1,0.09242,0.09229,0.09229,0.01486,0,1
ag,5120,10240,128,steady,2,c_fluxgemm,2,0.10726,0.10688,0.10688,0.01971,0,1
ag,5120,10240,128,steady,2,c_flux_ag,0,0.04395,0.04380,0.04380,0.02657,0,1
ag,5120,10240,128,steady,2,A_fused,3,0.14720,0.14694,0.14720,0.03556,0,1
ag,5120,10240,128,steady,3,c_cublas,3,0.09235,0.09203,0.09203,0.01467,0,1
ag,5120,10240,128,steady,3,c_fluxgemm,1,0.10726,0.10714,0.10726,0.01900,0,1
ag,5120,10240,128,steady,3,c_flux_ag,2,0.04710,0.04706,0.04710,0.02744,0,1
ag,5120,10240,128,steady,3,A_fused,0,0.14611,0.14579,0.14579,0.03631,0,1
ag,5120,10240,128,steady,4,c_cublas,1,0.09222,0.09203,0.09203,0.01443,0,1
ag,5120,10240,128,steady,4,c_fluxgemm,0,0.10842,0.10835,0.10835,0.01906,0,1
ag,5120,10240,128,steady,4,c_flux_ag,3,0.04393,0.04374,0.04374,0.02672,0,1
ag,5120,10240,128,steady,4,A_fused,2,0.14918,0.14906,0.14906,0.03627,0,1
ag,5120,10240,128,steady,5,c_cublas,2,0.09216,0.09165,0.09165,0.01513,0,1
ag,5120,10240,128,steady,5,c_fluxgemm,1,0.10726,0.10720,0.10720,0.01903,0,1
ag,5120,10240,128,steady,5,c_flux_ag,0,0.04445,0.04432,0.04432,0.02658,0,1
ag,5120,10240,128,steady,5,A_fused,3,0.14336,0.14330,0.14336,0.03581,0,1
ag,5120,10240,128,steady,6,c_cublas,2,0.09229,0.09190,0.09190,0.01476,0,1
ag,5120,10240,128,steady,6,c_fluxgemm,1,0.10746,0.10707,0.10746,0.01885,0,1
ag,5120,10240,128,steady,6,c_flux_ag,3,0.05034,0.05018,0.05018,0.02701,0,1
ag,5120,10240,128,steady,6,A_fused,0,0.14669,0.14643,0.14643,0.03584,0,1
ag,5120,10240,128,steady,7,c_cublas,2,0.09254,0.09235,0.09254,0.01447,0,1
ag,5120,10240,128,steady,7,c_fluxgemm,3,0.10778,0.10701,0.10778,0.01897,0,1
ag,5120,10240,128,steady,7,c_flux_ag,0,0.04311,0.04282,0.04311,0.02654,0,1
ag,5120,10240,128,steady,7,A_fused,1,0.14208,0.14195,0.14208,0.03623,0,1
ag,5120,10240,128,steady,8,c_cublas,1,0.09248,0.09242,0.09248,0.01462,1410,1
ag,5120,10240,128,steady,8,c_fluxgemm,0,0.10829,0.10707,0.10829,0.01922,1410,1
ag,5120,10240,128,steady,8,c_flux_ag,3,0.04649,0.04610,0.04649,0.02634,1410,1
ag,5120,10240,128,steady,8,A_fused,2,0.14797,0.14771,0.14771,0.03547,1410,1
ag,5120,10240,128,steady,9,c_cublas,0,0.09389,0.09306,0.09389,0.01481,1410,1
ag,5120,10240,128,steady,9,c_fluxgemm,3,0.10746,0.10694,0.10746,0.01927,1410,1
ag,5120,10240,128,steady,9,c_flux_ag,1,0.04497,0.04467,0.04467,0.02710,1410,1
ag,5120,10240,128,steady,9,A_fused,2,0.14310,0.14278,0.14278,0.03561,1410,1
ag,5120,10240,128,steady,10,c_cublas,1,0.09242,0.09229,0.09242,0.01481,1410,1
ag,5120,10240,128,steady,10,c_fluxgemm,2,0.10701,0.10682,0.10701,0.01965,1410,1
ag,5120,10240,128,steady,10,c_flux_ag,0,0.04515,0.04510,0.04510,0.02728,1410,1
ag,5120,10240,128,steady,10,A_fused,3,0.14867,0.14829,0.14867,0.03558,1410,1
ag,5120,10240,128,steady,11,c_cublas,0,0.09395,0.09382,0.09382,0.01468,1410,1
ag,5120,10240,128,steady,11,c_fluxgemm,2,0.10662,0.10650,0.10662,0.01894,1410,1
ag,5120,10240,128,steady,11,c_flux_ag,3,0.04675,0.04640,0.04675,0.02649,1410,1
ag,5120,10240,128,steady,11,A_fused,1,0.14131,0.14131,0.14131,0.03652,1410,1
ag,5120,10240,128,steady,12,c_cublas,1,0.09216,0.09190,0.09216,0.01522,1410,1
ag,5120,10240,128,steady,12,c_fluxgemm,2,0.10662,0.10656,0.10662,0.01925,1410,1
ag,5120,10240,128,steady,12,c_flux_ag,3,0.04678,0.04674,0.04678,0.02709,1410,1
ag,5120,10240,128,steady,12,A_fused,0,0.14970,0.14912,0.14912,0.03615,1410,1
ag,5120,10240,128,steady,13,c_cublas,3,0.09235,0.09216,0.09235,0.01473,1410,1
ag,5120,10240,128,steady,13,c_fluxgemm,0,0.10829,0.10810,0.10829,0.01957,1410,1
ag,5120,10240,128,steady,13,c_flux_ag,2,0.04535,0.04495,0.04535,0.02729,1410,1
ag,5120,10240,128,steady,13,A_fused,1,0.14771,0.14688,0.14771,0.03597,1410,1
ag,5120,10240,128,steady,14,c_cublas,3,0.09222,0.09210,0.09222,0.01451,1410,1
ag,5120,10240,128,steady,14,c_fluxgemm,1,0.10771,0.10714,0.10771,0.01918,1410,1
ag,5120,10240,128,steady,14,c_flux_ag,0,0.05205,0.05130,0.05130,0.02675,1410,1
ag,5120,10240,128,steady,14,A_fused,2,0.14240,0.14227,0.14227,0.03626,1410,1
ag,5120,10240,128,steady,15,c_cublas,3,0.09203,0.09165,0.09165,0.01504,1410,1
ag,5120,10240,128,steady,15,c_fluxgemm,1,0.10746,0.10746,0.10746,0.01955,1410,1
ag,5120,10240,128,steady,15,c_flux_ag,0,0.04900,0.04839,0.04839,0.02678,1410,1
ag,5120,10240,128,steady,15,A_fused,2,0.14765,0.14758,0.14765,0.03575,1410,1
ag,5120,10240,128,steady,16,c_cublas,2,0.09197,0.09197,0.09197,0.01549,1410,1
ag,5120,10240,128,steady,16,c_fluxgemm,0,0.10861,0.10854,0.10854,0.01932,1410,1
ag,5120,10240,128,steady,16,c_flux_ag,3,0.04630,0.04613,0.04630,0.02647,1410,1
ag,5120,10240,128,steady,16,A_fused,1,0.14406,0.14394,0.14394,0.03555,1410,1
ag,5120,10240,128,steady,17,c_cublas,1,0.09254,0.09190,0.09190,0.01462,1410,1
ag,5120,10240,128,steady,17,c_fluxgemm,3,0.10784,0.10733,0.10784,0.01901,1410,1
ag,5120,10240,128,steady,17,c_flux_ag,0,0.04536,0.04509,0.04536,0.02648,1410,1
ag,5120,10240,128,steady,17,A_fused,2,0.14586,0.14579,0.14586,0.03587,1410,1
ag,5120,10240,128,steady,18,c_cublas,0,0.09357,0.09318,0.09357,0.01464,1410,1
ag,5120,10240,128,steady,18,c_fluxgemm,1,0.10720,0.10701,0.10720,0.01906,1410,1
ag,5120,10240,128,steady,18,c_flux_ag,2,0.05002,0.04997,0.04997,0.02699,1410,1
ag,5120,10240,128,steady,18,A_fused,3,0.14246,0.14246,0.14246,0.03560,1410,1
ag,5120,10240,128,steady,19,c_cublas,2,0.09235,0.09197,0.09197,0.01484,1410,1
ag,5120,10240,128,steady,19,c_fluxgemm,3,0.10739,0.10733,0.10733,0.01911,1410,1
ag,5120,10240,128,steady,19,c_flux_ag,1,0.04226,0.04201,0.04226,0.02643,1410,1
ag,5120,10240,128,steady,19,A_fused,0,0.14675,0.14656,0.14675,0.03681,1410,1
ag,5120,10240,128,steady,20,c_cublas,1,0.09229,0.09171,0.09171,0.01475,1410,1
ag,5120,10240,128,steady,20,c_fluxgemm,3,0.10733,0.10733,0.10733,0.01931,1410,1
ag,5120,10240,128,steady,20,c_flux_ag,2,0.05119,0.05118,0.05118,0.02735,1410,1
ag,5120,10240,128,steady,20,A_fused,0,0.14810,0.14758,0.14758,0.03631,1410,1
ag,5120,10240,128,steady,21,c_cublas,2,0.09222,0.09171,0.09222,0.01481,1410,1
ag,5120,10240,128,steady,21,c_fluxgemm,3,0.10726,0.10694,0.10726,0.01920,1410,1
ag,5120,10240,128,steady,21,c_flux_ag,1,0.04543,0.04523,0.04543,0.02744,1410,1
ag,5120,10240,128,steady,21,A_fused,0,0.14362,0.14362,0.14362,0.03608,1410,1
ag,5120,10240,128,steady,22,c_cublas,3,0.09197,0.09197,0.09197,0.01464,1410,1
ag,5120,10240,128,steady,22,c_fluxgemm,2,0.10675,0.10656,0.10656,0.01946,1410,1
ag,5120,10240,128,steady,22,c_flux_ag,1,0.04446,0.04438,0.04446,0.02605,1410,1
ag,5120,10240,128,steady,22,A_fused,0,0.15315,0.15315,0.15315,0.03675,1410,1
ag,5120,10240,128,steady,23,c_cublas,3,0.09222,0.09210,0.09222,0.01475,1410,1
ag,5120,10240,128,steady,23,c_fluxgemm,1,0.10752,0.10739,0.10752,0.01996,1410,1
ag,5120,10240,128,steady,23,c_flux_ag,0,0.04477,0.04461,0.04461,0.02678,1410,1
ag,5120,10240,128,steady,23,A_fused,2,0.14554,0.14477,0.14477,0.03587,1410,1
ag,5120,10240,128,steady,24,c_cublas,2,0.09229,0.09210,0.09210,0.01462,1410,1
ag,5120,10240,128,steady,24,c_fluxgemm,1,0.10778,0.10752,0.10752,0.01966,1410,1
ag,5120,10240,128,steady,24,c_flux_ag,0,0.06143,0.04906,0.04906,0.02681,1410,1
ag,5120,10240,128,steady,24,A_fused,3,0.14144,0.14138,0.14138,0.03690,1410,1
ag,5120,10240,128,steady,25,c_cublas,2,0.09242,0.09184,0.09242,0.01503,1410,1
ag,5120,10240,128,steady,25,c_fluxgemm,0,0.10874,0.10778,0.10874,0.01956,1410,1
ag,5120,10240,128,steady,25,c_flux_ag,3,0.04997,0.04996,0.04997,0.02651,1410,1
ag,5120,10240,128,steady,25,A_fused,1,0.14643,0.14624,0.14643,0.03606,1410,1
ag,5120,10240,128,steady,26,c_cublas,3,0.09229,0.09184,0.09229,0.01484,1410,1
ag,5120,10240,128,steady,26,c_fluxgemm,1,0.10688,0.10662,0.10688,0.01886,1410,1
ag,5120,10240,128,steady,26,c_flux_ag,2,0.04504,0.04476,0.04476,0.02669,1410,1
ag,5120,10240,128,steady,26,A_fused,0,0.14394,0.14368,0.14368,0.03708,1410,1
ag,5120,10240,128,steady,27,c_cublas,3,0.09216,0.09210,0.09216,0.01484,1410,1
ag,5120,10240,128,steady,27,c_fluxgemm,1,0.10694,0.10694,0.10694,0.01934,1410,1
ag,5120,10240,128,steady,27,c_flux_ag,2,0.05023,0.04996,0.05023,0.02632,1410,1
ag,5120,10240,128,steady,27,A_fused,0,0.14957,0.14906,0.14906,0.03603,1410,1
ag,5120,10240,128,steady,28,c_cublas,1,0.09222,0.09171,0.09171,0.02580,1410,1
ag,5120,10240,128,steady,28,c_fluxgemm,2,0.10688,0.10682,0.10682,0.01917,1410,1
ag,5120,10240,128,steady,28,c_flux_ag,3,0.04847,0.04839,0.04847,0.02716,1410,1
ag,5120,10240,128,steady,28,A_fused,0,0.14458,0.14368,0.14368,0.03661,1410,1
ag,5120,10240,128,steady,29,c_cublas,0,0.09395,0.09363,0.09395,0.01476,1410,1
ag,5120,10240,128,steady,29,c_fluxgemm,3,0.10746,0.10746,0.10746,0.01893,1410,1
ag,5120,10240,128,steady,29,c_flux_ag,2,0.04602,0.04586,0.04586,0.02626,1410,1
ag,5120,10240,128,steady,29,A_fused,1,0.14720,0.14707,0.14720,0.03704,1410,1
ag,5120,10240,128,steady,30,c_cublas,0,0.09414,0.09389,0.09389,0.01479,1410,1
ag,5120,10240,128,steady,30,c_fluxgemm,3,0.10778,0.10726,0.10778,0.01886,1410,1
ag,5120,10240,128,steady,30,c_flux_ag,2,0.04727,0.04721,0.04727,0.02629,1410,1
ag,5120,10240,128,steady,30,A_fused,1,0.14406,0.14298,0.14406,0.03680,1410,1
ag,5120,10240,128,steady,31,c_cublas,1,0.09222,0.09216,0.09222,0.01467,1410,1
ag,5120,10240,128,steady,31,c_fluxgemm,0,0.10829,0.10688,0.10829,0.01926,1410,1
ag,5120,10240,128,steady,31,c_flux_ag,3,0.04464,0.04432,0.04464,0.02616,1410,1
ag,5120,10240,128,steady,31,A_fused,2,0.14803,0.14778,0.14803,0.03655,1410,1
ag,5120,10240,128,steady,32,c_cublas,0,0.09402,0.09376,0.09376,0.01682,1410,1
ag,5120,10240,128,steady,32,c_fluxgemm,3,0.10758,0.10726,0.10726,0.01917,1410,1
ag,5120,10240,128,steady,32,c_flux_ag,1,0.04817,0.04803,0.04803,0.02766,1410,1
ag,5120,10240,128,steady,32,A_fused,2,0.14240,0.14202,0.14202,0.03568,1410,1
ag,5120,10240,128,steady,33,c_cublas,3,0.09235,0.09197,0.09197,0.01473,1410,1
ag,5120,10240,128,steady,33,c_fluxgemm,0,0.10790,0.10675,0.10675,0.01876,1410,1
ag,5120,10240,128,steady,33,c_flux_ag,2,0.04440,0.04420,0.04420,0.02631,1410,1
ag,5120,10240,128,steady,33,A_fused,1,0.14957,0.14938,0.14938,0.03602,1410,1
ag,5120,10240,128,steady,34,c_cublas,2,0.09216,0.09190,0.09190,0.01500,1410,1
ag,5120,10240,128,steady,34,c_fluxgemm,1,0.10752,0.10694,0.10752,0.01901,1410,1
ag,5120,10240,128,steady,34,c_flux_ag,3,0.04918,0.04913,0.04918,0.02666,1410,1
ag,5120,10240,128,steady,34,A_fused,0,0.14746,0.14720,0.14746,0.03681,1410,1
ag,5120,10240,128,steady,35,c_cublas,0,0.09363,0.09357,0.09357,0.01470,1410,1
ag,5120,10240,128,steady,35,c_fluxgemm,1,0.10778,0.10746,0.10778,0.01960,1410,1
ag,5120,10240,128,steady,35,c_flux_ag,3,0.04453,0.04425,0.04425,0.02657,1410,1
ag,5120,10240,128,steady,35,A_fused,2,0.14726,0.14707,0.14707,0.03569,1410,1
ag,5120,10240,128,steady,36,c_cublas,2,0.09242,0.09190,0.09190,0.01475,1410,1
ag,5120,10240,128,steady,36,c_fluxgemm,0,0.10874,0.10816,0.10874,0.01923,1410,1
ag,5120,10240,128,steady,36,c_flux_ag,1,0.04404,0.04388,0.04388,0.02697,1410,1
ag,5120,10240,128,steady,36,A_fused,3,0.14694,0.14688,0.14688,0.03673,1410,1
ag,5120,10240,128,steady,37,c_cublas,3,0.09216,0.09210,0.09210,0.01459,1410,1
ag,5120,10240,128,steady,37,c_fluxgemm,0,0.10880,0.10822,0.10880,0.02011,1410,1
ag,5120,10240,128,steady,37,c_flux_ag,1,0.04804,0.04774,0.04804,0.02661,1410,1
ag,5120,10240,128,steady,37,A_fused,2,0.14317,0.14298,0.14317,0.03630,1410,1
ag,5120,10240,128,steady,38,c_cublas,1,0.09248,0.09190,0.09190,0.01549,1410,1
ag,5120,10240,128,steady,38,c_fluxgemm,0,0.10874,0.10848,0.10874,0.01896,1410,1
ag,5120,10240,128,steady,38,c_flux_ag,3,0.04905,0.04900,0.04900,0.02682,1410,1
ag,5120,10240,128,steady,38,A_fused,2,0.14714,0.14694,0.14694,0.03565,1410,1
ag,5120,10240,128,steady,39,c_cublas,1,0.09229,0.09197,0.09197,0.01514,1410,1
ag,5120,10240,128,steady,39,c_fluxgemm,3,0.10746,0.10733,0.10733,0.02000,1410,1
ag,5120,10240,128,steady,39,c_flux_ag,0,0.04687,0.04637,0.04637,0.03111,1410,1
ag,5120,10240,128,steady,39,A_fused,2,0.14342,0.14342,0.14342,0.03601,1410,1
ag,5120,10240,128,steady,40,c_cublas,3,0.09235,0.09229,0.09229,0.01474,1410,1
ag,5120,10240,128,steady,40,c_fluxgemm,1,0.10771,0.10733,0.10771,0.01935,1410,1
ag,5120,10240,128,steady,40,c_flux_ag,0,0.04508,0.04507,0.04507,0.02702,1410,1
ag,5120,10240,128,steady,40,A_fused,2,0.15085,0.15072,0.15072,0.03695,1410,1
ag,5120,10240,128,steady,41,c_cublas,1,0.09235,0.09229,0.09235,0.01512,1410,1
ag,5120,10240,128,steady,41,c_fluxgemm,0,0.10867,0.10848,0.10848,0.01927,1410,1
ag,5120,10240,128,steady,41,c_flux_ag,2,0.04643,0.04638,0.04643,0.02658,1410,1
ag,5120,10240,128,steady,41,A_fused,3,0.14234,0.14195,0.14234,0.03644,1410,1
ag,5120,10240,128,steady,42,c_cublas,1,0.09248,0.09210,0.09210,0.01466,1410,1
ag,5120,10240,128,steady,42,c_fluxgemm,0,0.10880,0.10803,0.10880,0.01923,1410,1
ag,5120,10240,128,steady,42,c_flux_ag,2,0.05368,0.05341,0.05341,0.02714,1410,1
ag,5120,10240,128,steady,42,A_fused,3,0.14464,0.14458,0.14458,0.03578,1410,1
ag,5120,10240,128,steady,43,c_cublas,1,0.09242,0.09235,0.09235,0.01472,1410,1
ag,5120,10240,128,steady,43,c_fluxgemm,3,0.10784,0.10752,0.10784,0.01904,1410,1
ag,5120,10240,128,steady,43,c_flux_ag,0,0.04454,0.04451,0.04451,0.02685,1410,1
ag,5120,10240,128,steady,43,A_fused,2,0.14534,0.14509,0.14534,0.03675,1410,1
ag,5120,10240,128,steady,44,c_cublas,0,0.09382,0.09338,0.09382,0.01478,1410,1
ag,5120,10240,128,steady,44,c_fluxgemm,1,0.10726,0.10707,0.10707,0.02011,1410,1
ag,5120,10240,128,steady,44,c_flux_ag,2,0.05182,0.05161,0.05182,0.02682,1410,1
ag,5120,10240,128,steady,44,A_fused,3,0.14272,0.14259,0.14272,0.03635,1410,1
ag,5120,10240,128,steady,45,c_cublas,2,0.10150,0.09280,0.10150,0.02283,1410,1
ag,5120,10240,128,steady,45,c_fluxgemm,0,0.10899,0.10829,0.10899,0.01931,1410,1
ag,5120,10240,128,steady,45,c_flux_ag,1,0.15785,0.15747,0.15747,0.24455,1410,1
ag,5120,10240,128,steady,45,A_fused,3,0.14822,0.14790,0.14790,0.03820,1410,1
ag,5120,10240,128,steady,46,c_cublas,2,0.09222,0.09216,0.09222,0.01482,1410,1
ag,5120,10240,128,steady,46,c_fluxgemm,0,0.10912,0.10835,0.10912,0.01975,1410,1
ag,5120,10240,128,steady,46,c_flux_ag,1,0.04520,0.04503,0.04503,0.02643,1410,1
ag,5120,10240,128,steady,46,A_fused,3,0.14342,0.14317,0.14317,0.03694,1410,1
ag,5120,10240,128,steady,47,c_cublas,2,0.09229,0.09210,0.09210,0.01462,1410,1
ag,5120,10240,128,steady,47,c_fluxgemm,0,0.10867,0.10829,0.10867,0.01922,1410,1
ag,5120,10240,128,steady,47,c_flux_ag,1,0.04571,0.04552,0.04552,0.02624,1410,1
ag,5120,10240,128,steady,47,A_fused,3,0.14790,0.14790,0.14790,0.03705,1410,1
ag,5120,10240,128,steady,48,c_cublas,1,0.09286,0.09254,0.09254,0.01471,1410,1
ag,5120,10240,128,steady,48,c_fluxgemm,3,0.10758,0.10707,0.10758,0.01900,1410,1
ag,5120,10240,128,steady,48,c_flux_ag,0,0.04664,0.04432,0.04432,0.02647,1410,1
ag,5120,10240,128,steady,48,A_fused,2,0.14458,0.14458,0.14458,0.03558,1410,1
ag,5120,10240,128,steady,49,c_cublas,2,0.09229,0.09216,0.09216,0.01514,1410,1
ag,5120,10240,128,steady,49,c_fluxgemm,0,0.10848,0.10739,0.10848,0.01903,1410,1
ag,5120,10240,128,steady,49,c_flux_ag,1,0.05277,0.05245,0.05277,0.02629,1410,1
ag,5120,10240,128,steady,49,A_fused,3,0.14291,0.14278,0.14291,0.03602,1410,1
ag,5120,10240,512,gpu,0,c_cublas,1,0.25293,0.25190,0.25190,0.03833,0,1
ag,5120,10240,512,gpu,0,c_fluxgemm,2,0.27853,0.27648,0.27648,0.04197,0,1
ag,5120,10240,512,gpu,0,c_flux_ag,3,0.07728,0.07587,0.07728,0.04000,0,1
ag,5120,10240,512,gpu,0,A_fused,0,0.43110,0.39936,0.39936,0.06757,0,1
ag,5120,10240,512,gpu,1,c_cublas,0,0.25293,0.25190,0.25190,0.03618,0,1
ag,5120,10240,512,gpu,1,c_fluxgemm,2,0.27955,0.27750,0.27750,0.03564,0,1
ag,5120,10240,512,gpu,1,c_flux_ag,1,0.06371,0.06365,0.06371,0.04110,0,1
ag,5120,10240,512,gpu,1,A_fused,3,0.33587,0.33587,0.33587,0.06288,0,1
ag,5120,10240,512,gpu,2,c_cublas,2,0.25293,0.25190,0.25190,0.03521,0,1
ag,5120,10240,512,gpu,2,c_fluxgemm,3,0.27853,0.27853,0.27853,0.03581,0,1
ag,5120,10240,512,gpu,2,c_flux_ag,1,0.07712,0.07546,0.07712,0.03521,0,1
ag,5120,10240,512,gpu,2,A_fused,0,0.36250,0.36147,0.36250,0.05527,0,1
ag,5120,10240,512,gpu,3,c_cublas,2,0.25395,0.25293,0.25293,0.03385,0,1
ag,5120,10240,512,gpu,3,c_fluxgemm,3,0.28058,0.27853,0.27853,0.03652,0,1
ag,5120,10240,512,gpu,3,c_flux_ag,0,0.06739,0.06723,0.06739,0.03961,0,1
ag,5120,10240,512,gpu,3,A_fused,1,0.33485,0.33485,0.33485,0.05267,0,1
ag,5120,10240,512,gpu,4,c_cublas,0,0.25293,0.25293,0.25293,0.03359,0,1
ag,5120,10240,512,gpu,4,c_fluxgemm,1,0.27750,0.27648,0.27648,0.03598,0,1
ag,5120,10240,512,gpu,4,c_flux_ag,2,0.08960,0.08659,0.08659,0.04026,0,1
ag,5120,10240,512,gpu,4,A_fused,3,0.34714,0.34611,0.34611,0.05837,0,1
ag,5120,10240,512,gpu,5,c_cublas,1,0.25293,0.25293,0.25293,0.03745,0,1
ag,5120,10240,512,gpu,5,c_fluxgemm,2,0.27853,0.27750,0.27853,0.03636,0,1
ag,5120,10240,512,gpu,5,c_flux_ag,0,0.06643,0.06394,0.06643,0.03842,0,1
ag,5120,10240,512,gpu,5,A_fused,3,0.35021,0.34918,0.34918,0.05456,0,1
ag,5120,10240,512,gpu,6,c_cublas,2,0.25395,0.25395,0.25395,0.03387,0,1
ag,5120,10240,512,gpu,6,c_fluxgemm,0,0.27750,0.27750,0.27750,0.03352,0,1
ag,5120,10240,512,gpu,6,c_flux_ag,3,0.10243,0.10147,0.10243,0.03792,0,1
ag,5120,10240,512,gpu,6,A_fused,1,0.33792,0.33587,0.33792,0.05931,0,1
ag,5120,10240,512,gpu,7,c_cublas,0,0.25395,0.25293,0.25293,0.03359,0,1
ag,5120,10240,512,gpu,7,c_fluxgemm,2,0.27648,0.27546,0.27648,0.03271,0,1
ag,5120,10240,512,gpu,7,c_flux_ag,3,0.06560,0.06467,0.06560,0.03607,0,1
ag,5120,10240,512,gpu,7,A_fused,1,0.34918,0.34714,0.34714,0.05818,0,1
ag,5120,10240,512,gpu,8,c_cublas,3,0.25293,0.25190,0.25190,0.03399,0,1
ag,5120,10240,512,gpu,8,c_fluxgemm,0,0.27750,0.27750,0.27750,0.03506,0,1
ag,5120,10240,512,gpu,8,c_flux_ag,1,0.06381,0.06067,0.06067,0.03794,0,1
ag,5120,10240,512,gpu,8,A_fused,2,0.33792,0.33690,0.33792,0.05261,0,1
ag,5120,10240,512,gpu,9,c_cublas,0,0.25293,0.25190,0.25190,0.03145,0,1
ag,5120,10240,512,gpu,9,c_fluxgemm,3,0.27750,0.27648,0.27648,0.03379,0,1
ag,5120,10240,512,gpu,9,c_flux_ag,2,0.07715,0.07635,0.07715,0.03496,0,1
ag,5120,10240,512,gpu,9,A_fused,1,0.36045,0.35942,0.35942,0.05749,0,1
ag,5120,10240,512,gpu,10,c_cublas,0,0.25293,0.25190,0.25190,0.03398,0,1
ag,5120,10240,512,gpu,10,c_fluxgemm,1,0.27853,0.27750,0.27853,0.03568,0,1
ag,5120,10240,512,gpu,10,c_flux_ag,3,0.06662,0.06221,0.06662,0.03586,0,1
ag,5120,10240,512,gpu,10,A_fused,2,0.35021,0.34816,0.35021,0.05394,0,1
ag,5120,10240,512,gpu,11,c_cublas,0,0.25395,0.25293,0.25293,0.03453,0,1
ag,5120,10240,512,gpu,11,c_fluxgemm,3,0.27853,0.27648,0.27853,0.03355,0,1
ag,5120,10240,512,gpu,11,c_flux_ag,1,0.10026,0.09946,0.10026,0.03987,0,1
ag,5120,10240,512,gpu,11,A_fused,2,0.33587,0.33382,0.33382,0.05218,0,1
ag,5120,10240,512,gpu,12,c_cublas,3,0.25293,0.25190,0.25190,0.04216,0,1
ag,5120,10240,512,gpu,12,c_fluxgemm,0,0.27853,0.27853,0.27853,0.03331,0,1
ag,5120,10240,512,gpu,12,c_flux_ag,1,0.07680,0.07565,0.07565,0.03818,0,1
ag,5120,10240,512,gpu,12,A_fused,2,0.33485,0.33280,0.33485,0.05162,0,1
ag,5120,10240,512,gpu,13,c_cublas,3,0.25293,0.25190,0.25190,0.03397,0,1
ag,5120,10240,512,gpu,13,c_fluxgemm,0,0.27853,0.27648,0.27648,0.03767,0,1
ag,5120,10240,512,gpu,13,c_flux_ag,1,0.06262,0.06173,0.06173,0.03848,0,1
ag,5120,10240,512,gpu,13,A_fused,2,0.33382,0.33382,0.33382,0.05529,0,1
ag,5120,10240,512,gpu,14,c_cublas,3,0.25293,0.25190,0.25190,0.03409,0,1
ag,5120,10240,512,gpu,14,c_fluxgemm,2,0.27750,0.27750,0.27750,0.03335,0,1
ag,5120,10240,512,gpu,14,c_flux_ag,0,0.08739,0.08659,0.08659,0.04033,0,1
ag,5120,10240,512,gpu,14,A_fused,1,0.35942,0.35533,0.35942,0.05192,0,1
ag,5120,10240,512,gpu,15,c_cublas,2,0.25395,0.25190,0.25190,0.03425,1410,1
ag,5120,10240,512,gpu,15,c_fluxgemm,0,0.27955,0.27853,0.27853,0.04252,1410,1
ag,5120,10240,512,gpu,15,c_flux_ag,1,0.07629,0.07600,0.07629,0.03797,1410,1
ag,5120,10240,512,gpu,15,A_fused,3,0.36250,0.35942,0.36250,0.05662,1410,1
ag,5120,10240,512,gpu,16,c_cublas,0,0.25293,0.25293,0.25293,0.03382,1410,1
ag,5120,10240,512,gpu,16,c_fluxgemm,2,0.27750,0.27750,0.27750,0.03276,1410,1
ag,5120,10240,512,gpu,16,c_flux_ag,3,0.07718,0.07661,0.07661,0.03638,1410,1
ag,5120,10240,512,gpu,16,A_fused,1,0.33997,0.33690,0.33690,0.05710,1410,1
ag,5120,10240,512,gpu,17,c_cublas,3,0.25190,0.25190,0.25190,0.03393,1410,1
ag,5120,10240,512,gpu,17,c_fluxgemm,0,0.27750,0.27546,0.27750,0.03518,1410,1
ag,5120,10240,512,gpu,17,c_flux_ag,1,0.07811,0.07702,0.07702,0.04022,1410,1
ag,5120,10240,512,gpu,17,A_fused,2,0.34099,0.33382,0.34099,0.05118,1410,1
ag,5120,10240,512,gpu,18,c_cublas,3,0.25293,0.25190,0.25190,0.03360,1410,1
ag,5120,10240,512,gpu,18,c_fluxgemm,1,0.27853,0.27648,0.27648,0.03486,1410,1
ag,5120,10240,512,gpu,18,c_flux_ag,0,0.06374,0.06086,0.06086,0.04027,1410,1
ag,5120,10240,512,gpu,18,A_fused,2,0.35533,0.35226,0.35533,0.05256,1410,1
ag,5120,10240,512,gpu,19,c_cublas,3,0.25395,0.25293,0.25293,0.03452,1410,1
ag,5120,10240,512,gpu,19,c_fluxgemm,0,0.28058,0.27955,0.27955,0.03604,1410,1
ag,5120,10240,512,gpu,19,c_flux_ag,2,0.07578,0.07539,0.07578,0.03474,1410,1
ag,5120,10240,512,gpu,19,A_fused,1,0.35635,0.35635,0.35635,0.05477,1410,1
ag,5120,10240,512,gpu,20,c_cublas,2,0.25293,0.25190,0.25190,0.03350,1410,1
ag,5120,10240,512,gpu,20,c_fluxgemm,3,0.27750,0.27648,0.27648,0.03525,1410,1
ag,5120,10240,512,gpu,20,c_flux_ag,0,0.06310,0.05971,0.06310,0.03873,1410,1
ag,5120,10240,512,gpu,20,A_fused,1,0.36250,0.36045,0.36250,0.05353,1410,1
ag,5120,10240,512,gpu,21,c_cublas,1,0.25293,0.25088,0.25088,0.03368,1410,1
ag,5120,10240,512,gpu,21,c_fluxgemm,0,0.27648,0.27546,0.27648,0.03190,1410,1
ag,5120,10240,512,gpu,21,c_flux_ag,3,0.06410,0.06400,0.06400,0.03674,1410,1
ag,5120,10240,512,gpu,21,A_fused,2,0.34816,0.34611,0.34816,0.05707,1410,1
ag,5120,10240,512,gpu,22,c_cublas,1,0.25293,0.25190,0.25190,0.03384,1410,1
ag,5120,10240,512,gpu,22,c_fluxgemm,0,0.27853,0.27546,0.27546,0.03517,1410,1
ag,5120,10240,512,gpu,22,c_flux_ag,2,0.07837,0.07722,0.07837,0.03835,1410,1
ag,5120,10240,512,gpu,22,A_fused,3,0.34202,0.33997,0.33997,0.05267,1410,1
ag,5120,10240,512,gpu,23,c_cublas,0,0.25395,0.25395,0.25395,0.03394,1410,1
ag,5120,10240,512,gpu,23,c_fluxgemm,3,0.28058,0.27853,0.27853,0.04485,1410,1
ag,5120,10240,512,gpu,23,c_flux_ag,1,0.08576,0.08454,0.08454,0.03862,1410,1
ag,5120,10240,512,gpu,23,A_fused,2,0.33997,0.33792,0.33792,0.05245,1410,1
ag,5120,10240,512,gpu,24,c_cublas,3,0.25293,0.25190,0.25190,0.03359,1410,1
ag,5120,10240,512,gpu,24,c_fluxgemm,0,0.27853,0.27853,0.27853,0.03401,1410,1
ag,5120,10240,512,gpu,24,c_flux_ag,1,0.08835,0.08819,0.08819,0.03901,1410,1
ag,5120,10240,512,gpu,24,A_fused,2,0.34304,0.33690,0.34304,0.05177,1410,1
ag,5120,10240,512,gpu,25,c_cublas,0,0.25293,0.25293,0.25293,0.03291,1410,1
ag,5120,10240,512,gpu,25,c_fluxgemm,1,0.27750,0.27648,0.27750,0.03590,1410,1
ag,5120,10240,512,gpu,25,c_flux_ag,3,0.06602,0.06138,0.06138,0.03561,1410,1
ag,5120,10240,512,gpu,25,A_fused,2,0.39117,0.38502,0.39117,0.05427,1410,1
ag,5120,10240,512,gpu,26,c_cublas,1,0.25293,0.25293,0.25293,0.03508,1410,1
ag,5120,10240,512,gpu,26,c_fluxgemm,3,0.27955,0.27750,0.27955,0.03227,1410,1
ag,5120,10240,512,gpu,26,c_flux_ag,0,0.06445,0.06170,0.06170,0.03818,1410,1
ag,5120,10240,512,gpu,26,A_fused,2,0.34714,0.34714,0.34714,0.05711,1410,1
ag,5120,10240,512,gpu,27,c_cublas,2,0.25293,0.25190,0.25190,0.03476,1410,1
ag,5120,10240,512,gpu,27,c_fluxgemm,0,0.27955,0.27750,0.27750,0.03310,1410,1
ag,5120,10240,512,gpu,27,c_flux_ag,1,0.07731,0.07578,0.07731,0.03832,1410,1
ag,5120,10240,512,gpu,27,A_fused,3,0.35123,0.34406,0.35123,0.05630,1410,1
ag,5120,10240,512,gpu,28,c_cublas,3,0.25293,0.25190,0.25190,0.03356,1410,1
ag,5120,10240,512,gpu,28,c_fluxgemm,1,0.27750,0.27648,0.27648,0.03487,1410,1
ag,5120,10240,512,gpu,28,c_flux_ag,0,0.07792,0.07722,0.07722,0.03698,1410,1
ag,5120,10240,512,gpu,28,A_fused,2,0.34816,0.34714,0.34816,0.05312,1410,1
ag,5120,10240,512,gpu,29,c_cublas,3,0.25293,0.25190,0.25190,0.03345,1410,1
ag,5120,10240,512,gpu,29,c_fluxgemm,1,0.27853,0.27750,0.27853,0.03454,1410,1
ag,5120,10240,512,gpu,29,c_flux_ag,0,0.08234,0.08186,0.08186,0.03994,1410,1
ag,5120,10240,512,gpu,29,A_fused,2,0.34918,0.34816,0.34918,0.05264,1410,1
ag,5120,10240,512,gpu,30,c_cublas,2,0.25498,0.25293,0.25293,0.03352,1410,1
ag,5120,10240,512,gpu,30,c_fluxgemm,0,0.27750,0.27750,0.27750,0.03579,1410,1
ag,5120,10240,512,gpu,30,c_flux_ag,3,0.07718,0.07482,0.07718,0.03847,1410,1
ag,5120,10240,512,gpu,30,A_fused,1,0.36352,0.36147,0.36352,0.06415,1410,1
ag,5120,10240,512,gpu,31,c_cublas,1,0.25293,0.25293,0.25293,0.03388,1410,1
ag,5120,10240,512,gpu,31,c_fluxgemm,2,0.27853,0.27648,0.27648,0.03518,1410,1
ag,5120,10240,512,gpu,31,c_flux_ag,3,0.06608,0.06547,0.06608,0.03830,1410,1
ag,5120,10240,512,gpu,31,A_fused,0,0.34816,0.34202,0.34816,0.05463,1410,1
ag,5120,10240,512,gpu,32,c_cublas,3,0.25293,0.25190,0.25190,0.03402,1410,1
ag,5120,10240,512,gpu,32,c_fluxgemm,0,0.27955,0.27853,0.27955,0.03493,1410,1
ag,5120,10240,512,gpu,32,c_flux_ag,1,0.07648,0.07510,0.07648,0.03779,1410,1
ag,5120,10240,512,gpu,32,A_fused,2,0.34816,0.34714,0.34714,0.05887,1410,1
ag,5120,10240,512,gpu,33,c_cublas,1,0.25293,0.25190,0.25190,0.03336,1410,1
ag,5120,10240,512,gpu,33,c_fluxgemm,3,0.27750,0.27648,0.27750,0.03227,1410,1
ag,5120,10240,512,gpu,33,c_flux_ag,0,0.07581,0.07482,0.07581,0.03924,1410,1
ag,5120,10240,512,gpu,33,A_fused,2,0.34099,0.33587,0.33587,0.05642,1410,1
ag,5120,10240,512,gpu,34,c_cublas,0,0.25395,0.25190,0.25190,0.03427,1410,1
ag,5120,10240,512,gpu,34,c_fluxgemm,1,0.27955,0.27955,0.27955,0.03550,1410,1
ag,5120,10240,512,gpu,34,c_flux_ag,2,0.07757,0.07725,0.07725,0.03793,1410,1
ag,5120,10240,512,gpu,34,A_fused,3,0.39322,0.38707,0.39322,0.05767,1410,1
ag,5120,10240,512,gpu,35,c_cublas,2,0.25293,0.25190,0.25190,0.03452,1410,1
ag,5120,10240,512,gpu,35,c_fluxgemm,0,0.28058,0.27750,0.27750,0.03473,1410,1
ag,5120,10240,512,gpu,35,c_flux_ag,1,0.07437,0.07430,0.07430,0.03795,1410,1
ag,5120,10240,512,gpu,35,A_fused,3,0.34099,0.33587,0.34099,0.05542,1410,1
ag,5120,10240,512,gpu,36,c_cublas,1,0.25293,0.25293,0.25293,0.03529,1410,1
ag,5120,10240,512,gpu,36,c_fluxgemm,3,0.27853,0.27750,0.27750,0.03582,1410,1
ag,5120,10240,512,gpu,36,c_flux_ag,2,0.07702,0.07523,0.07702,0.04060,1410,1
ag,5120,10240,512,gpu,36,A_fused,0,0.33690,0.33485,0.33690,0.05461,1410,1
ag,5120,10240,512,gpu,37,c_cublas,1,0.25293,0.25293,0.25293,0.03477,1410,1
ag,5120,10240,512,gpu,37,c_fluxgemm,3,0.27853,0.27648,0.27648,0.03244,1410,1
ag,5120,10240,512,gpu,37,c_flux_ag,0,0.08781,0.08720,0.08720,0.03889,1410,1
ag,5120,10240,512,gpu,37,A_fused,2,0.34611,0.34406,0.34406,0.05582,1410,1
ag,5120,10240,512,gpu,38,c_cublas,3,0.25293,0.25190,0.25190,0.03365,1410,1
ag,5120,10240,512,gpu,38,c_fluxgemm,2,0.27750,0.27750,0.27750,0.03205,1410,1
ag,5120,10240,512,gpu,38,c_flux_ag,0,0.06707,0.06157,0.06707,0.03890,1410,1
ag,5120,10240,512,gpu,38,A_fused,1,0.35226,0.34509,0.35226,0.05241,1410,1
ag,5120,10240,512,gpu,39,c_cublas,3,0.25498,0.25293,0.25293,0.03366,1410,1
ag,5120,10240,512,gpu,39,c_fluxgemm,1,0.27853,0.27750,0.27750,0.03503,1410,1
ag,5120,10240,512,gpu,39,c_flux_ag,0,0.06605,0.06291,0.06291,0.04371,1410,1
ag,5120,10240,512,gpu,39,A_fused,2,0.36352,0.36147,0.36352,0.05379,1410,1
ag,5120,10240,512,gpu,40,c_cublas,3,0.25395,0.25190,0.25190,0.03383,1410,1
ag,5120,10240,512,gpu,40,c_fluxgemm,1,0.27853,0.27648,0.27853,0.03174,1410,1
ag,5120,10240,512,gpu,40,c_flux_ag,2,0.07542,0.07120,0.07120,0.03543,1410,1
ag,5120,10240,512,gpu,40,A_fused,0,0.35328,0.34918,0.35328,0.05706,1410,1
ag,5120,10240,512,gpu,41,c_cublas,1,0.25293,0.25190,0.25190,0.03355,1410,1
ag,5120,10240,512,gpu,41,c_fluxgemm,0,0.27853,0.27648,0.27853,0.03580,1410,1
ag,5120,10240,512,gpu,41,c_flux_ag,2,0.09203,0.09107,0.09107,0.03895,1410,1
ag,5120,10240,512,gpu,41,A_fused,3,0.34304,0.33997,0.34304,0.05143,1410,1
ag,5120,10240,512,gpu,42,c_cublas,0,0.25293,0.25293,0.25293,0.03372,1410,1
ag,5120,10240,512,gpu,42,c_fluxgemm,2,0.27853,0.27750,0.27853,0.03398,1410,1
ag,5120,10240,512,gpu,42,c_flux_ag,1,0.07686,0.07446,0.07446,0.03851,1410,1
ag,5120,10240,512,gpu,42,A_fused,3,0.34611,0.33690,0.33690,0.05193,1410,1
ag,5120,10240,512,gpu,43,c_cublas,3,0.25395,0.25293,0.25293,0.03381,1410,1
ag,5120,10240,512,gpu,43,c_fluxgemm,0,0.27853,0.27750,0.27853,0.03315,1410,1
ag,5120,10240,512,gpu,43,c_flux_ag,1,0.06362,0.06326,0.06362,0.03670,1410,1
ag,5120,10240,512,gpu,43,A_fused,2,0.34406,0.33997,0.33997,0.05539,1410,1
ag,5120,10240,512,gpu,44,c_cublas,2,0.25293,0.25190,0.25293,0.03328,1410,1
ag,5120,10240,512,gpu,44,c_fluxgemm,3,0.27853,0.27648,0.27853,0.03543,1410,1
ag,5120,10240,512,gpu,44,c_flux_ag,0,0.09818,0.09610,0.09610,0.03888,1410,1
ag,5120,10240,512,gpu,44,A_fused,1,0.35123,0.34816,0.34816,0.05273,1410,1
ag,5120,10240,512,gpu,45,c_cublas,3,0.25293,0.25190,0.25190,0.03460,1410,1
ag,5120,10240,512,gpu,45,c_fluxgemm,0,0.27750,0.27648,0.27648,0.03242,1410,1
ag,5120,10240,512,gpu,45,c_flux_ag,2,0.07584,0.07392,0.07392,0.03404,1410,1
ag,5120,10240,512,gpu,45,A_fused,1,0.35430,0.35123,0.35430,0.05438,1410,1
ag,5120,10240,512,gpu,46,c_cublas,2,0.25395,0.25190,0.25190,0.03484,1410,1
ag,5120,10240,512,gpu,46,c_fluxgemm,1,0.27955,0.27546,0.27955,0.03701,1410,1
ag,5120,10240,512,gpu,46,c_flux_ag,0,0.08605,0.08387,0.08387,0.04275,1410,1
ag,5120,10240,512,gpu,46,A_fused,3,0.33792,0.33587,0.33792,0.05693,1410,1
ag,5120,10240,512,gpu,47,c_cublas,0,0.25395,0.25293,0.25395,0.03332,1410,1
ag,5120,10240,512,gpu,47,c_fluxgemm,2,0.27853,0.27750,0.27853,0.03462,1410,1
ag,5120,10240,512,gpu,47,c_flux_ag,1,0.07792,0.07722,0.07792,0.03848,1410,1
ag,5120,10240,512,gpu,47,A_fused,3,0.34202,0.33894,0.33894,0.05674,1410,1
ag,5120,10240,512,gpu,48,c_cublas,1,0.25498,0.25395,0.25395,0.03418,1410,1
ag,5120,10240,512,gpu,48,c_fluxgemm,2,0.27955,0.27853,0.27853,0.03611,1410,1
ag,5120,10240,512,gpu,48,c_flux_ag,0,0.06656,0.06051,0.06051,0.03650,1410,1
ag,5120,10240,512,gpu,48,A_fused,3,0.36659,0.36454,0.36454,0.05398,1410,1
ag,5120,10240,512,gpu,49,c_cublas,0,0.25293,0.25293,0.25293,0.03365,1410,1
ag,5120,10240,512,gpu,49,c_fluxgemm,3,0.27955,0.27546,0.27955,0.03956,1410,1
ag,5120,10240,512,gpu,49,c_flux_ag,1,0.06269,0.06141,0.06141,0.03899,1410,1
ag,5120,10240,512,gpu,49,A_fused,2,0.34714,0.34509,0.34509,0.05177,1410,1
ag,5120,10240,512,gpu,50,c_cublas,3,0.25293,0.25190,0.25190,0.03361,1410,1
ag,5120,10240,512,gpu,50,c_fluxgemm,0,0.27750,0.27750,0.27750,0.03159,1410,1
ag,5120,10240,512,gpu,50,c_flux_ag,1,0.08627,0.08557,0.08557,0.03776,1410,1
ag,5120,10240,512,gpu,50,A_fused,2,0.35430,0.35430,0.35430,0.05222,1410,1
ag,5120,10240,512,gpu,51,c_cublas,2,0.25395,0.25395,0.25395,0.03371,1410,1
ag,5120,10240,512,gpu,51,c_fluxgemm,3,0.28058,0.27750,0.28058,0.03462,1410,1
ag,5120,10240,512,gpu,51,c_flux_ag,1,0.06586,0.06205,0.06586,0.03437,1410,1
ag,5120,10240,512,gpu,51,A_fused,0,0.33997,0.33997,0.33997,0.05710,1410,1
ag,5120,10240,512,gpu,52,c_cublas,3,0.25293,0.25190,0.25190,0.03361,1410,1
ag,5120,10240,512,gpu,52,c_fluxgemm,1,0.28058,0.27750,0.28058,0.03407,1410,1
ag,5120,10240,512,gpu,52,c_flux_ag,0,0.07546,0.07270,0.07270,0.03735,1410,1
ag,5120,10240,512,gpu,52,A_fused,2,0.33894,0.33485,0.33485,0.05385,1410,1
ag,5120,10240,512,gpu,53,c_cublas,2,0.25293,0.25293,0.25293,0.03343,1410,1
ag,5120,10240,512,gpu,53,c_fluxgemm,3,0.27750,0.27750,0.27750,0.03529,1410,1
ag,5120,10240,512,gpu,53,c_flux_ag,0,0.06496,0.06163,0.06163,0.03914,1410,1
ag,5120,10240,512,gpu,53,A_fused,1,0.36454,0.36045,0.36454,0.05134,1410,1
ag,5120,10240,512,gpu,54,c_cublas,1,0.25293,0.25190,0.25190,0.03979,1410,1
ag,5120,10240,512,gpu,54,c_fluxgemm,0,0.27955,0.27750,0.27750,0.03350,1410,1
ag,5120,10240,512,gpu,54,c_flux_ag,3,0.09606,0.09542,0.09606,0.03381,1410,1
ag,5120,10240,512,gpu,54,A_fused,2,0.33997,0.33792,0.33997,0.05658,1410,1
ag,5120,10240,512,gpu,55,c_cublas,1,0.25395,0.25293,0.25293,0.03369,1410,1
ag,5120,10240,512,gpu,55,c_fluxgemm,0,0.27955,0.27648,0.27648,0.03412,1410,1
ag,5120,10240,512,gpu,55,c_flux_ag,3,0.06221,0.06134,0.06134,0.03422,1410,1
ag,5120,10240,512,gpu,55,A_fused,2,0.35840,0.35533,0.35840,0.05598,1410,1
ag,5120,10240,512,gpu,56,c_cublas,0,0.25293,0.25190,0.25190,0.03431,1410,1
ag,5120,10240,512,gpu,56,c_fluxgemm,3,0.27853,0.27648,0.27648,0.03223,1410,1
ag,5120,10240,512,gpu,56,c_flux_ag,1,0.06640,0.05994,0.05994,0.03957,1410,1
ag,5120,10240,512,gpu,56,A_fused,2,0.34816,0.34611,0.34816,0.05288,1410,1
ag,5120,10240,512,gpu,57,c_cublas,3,0.25293,0.25190,0.25190,0.03388,1410,1
ag,5120,10240,512,gpu,57,c_fluxgemm,0,0.27750,0.27750,0.27750,0.03391,1410,1
ag,5120,10240,512,gpu,57,c_flux_ag,1,0.06368,0.06198,0.06198,0.03866,1410,1
ag,5120,10240,512,gpu,57,A_fused,2,0.33997,0.33690,0.33690,0.05219,1410,1
ag,5120,10240,512,gpu,58,c_cublas,0,0.25395,0.25190,0.25190,0.03097,1410,1
ag,5120,10240,512,gpu,58,c_fluxgemm,3,0.27750,0.27750,0.27750,0.03302,1410,1
ag,5120,10240,512,gpu,58,c_flux_ag,1,0.10234,0.10048,0.10234,0.03909,1410,1
ag,5120,10240,512,gpu,58,A_fused,2,0.33587,0.33587,0.33587,0.05123,1410,1
ag,5120,10240,512,gpu,59,c_cublas,3,0.25395,0.25395,0.25395,0.03412,1410,1
ag,5120,10240,512,gpu,59,c_fluxgemm,2,0.27853,0.27648,0.27853,0.03141,1410,1
ag,5120,10240,512,gpu,59,c_flux_ag,0,0.06464,0.06086,0.06086,0.03932,1410,1
ag,5120,10240,512,gpu,59,A_fused,1,0.35840,0.35635,0.35840,0.05372,1410,1
ag,5120,10240,512,gpu,60,c_cublas,1,0.25395,0.25293,0.25293,0.03374,1410,1
ag,5120,10240,512,gpu,60,c_fluxgemm,3,0.27853,0.27648,0.27853,0.04692,1410,1
ag,5120,10240,512,gpu,60,c_flux_ag,2,0.06765,0.06285,0.06285,0.03758,1410,1
ag,5120,10240,512,gpu,60,A_fused,0,0.34816,0.34714,0.34816,0.05869,1410,1
ag,5120,10240,512,gpu,61,c_cublas,2,0.25293,0.25190,0.25190,0.03444,1410,1
ag,5120,10240,512,gpu,61,c_fluxgemm,0,0.27853,0.27648,0.27853,0.03319,1410,1
ag,5120,10240,512,gpu,61,c_flux_ag,1,0.07680,0.07328,0.07328,0.03645,1410,1
ag,5120,10240,512,gpu,61,A_fused,3,0.34202,0.33485,0.34202,0.05740,1410,1
ag,5120,10240,512,gpu,62,c_cublas,1,0.25293,0.25190,0.25190,0.03384,1410,1
ag,5120,10240,512,gpu,62,c_fluxgemm,2,0.27853,0.27853,0.27853,0.03466,1410,1
ag,5120,10240,512,gpu,62,c_flux_ag,3,0.09994,0.09987,0.09994,0.03649,1410,1
ag,5120,10240,512,gpu,62,A_fused,0,0.34406,0.34099,0.34099,0.05530,1410,1
ag,5120,10240,512,gpu,63,c_cublas,0,0.25293,0.25190,0.25190,0.04012,1410,1
ag,5120,10240,512,gpu,63,c_fluxgemm,1,0.28058,0.27750,0.28058,0.03545,1410,1
ag,5120,10240,512,gpu,63,c_flux_ag,2,0.08064,0.07981,0.07981,0.03737,1410,1
ag,5120,10240,512,gpu,63,A_fused,3,0.35635,0.35226,0.35635,0.05342,1410,1
ag,5120,10240,512,gpu,64,c_cublas,3,0.25293,0.25190,0.25190,0.03380,1410,1
ag,5120,10240,512,gpu,64,c_fluxgemm,1,0.27853,0.27648,0.27853,0.03379,1410,1
ag,5120,10240,512,gpu,64,c_flux_ag,0,0.06832,0.06269,0.06269,0.03803,1410,1
ag,5120,10240,512,gpu,64,A_fused,2,0.34714,0.34714,0.34714,0.05207,1410,1
ag,5120,10240,512,gpu,65,c_cublas,2,0.25293,0.25190,0.25190,0.03399,1410,1
ag,5120,10240,512,gpu,65,c_fluxgemm,1,0.27853,0.27750,0.27750,0.03643,1410,1
ag,5120,10240,512,gpu,65,c_flux_ag,0,0.06848,0.06163,0.06163,0.04080,1410,1
ag,5120,10240,512,gpu,65,A_fused,3,0.34304,0.33587,0.34304,0.05756,1410,1
ag,5120,10240,512,gpu,66,c_cublas,2,0.25395,0.25293,0.25293,0.03410,1410,1
ag,5120,10240,512,gpu,66,c_fluxgemm,0,0.27853,0.27853,0.27853,0.03500,1410,1
ag,5120,10240,512,gpu,66,c_flux_ag,3,0.06643,0.06618,0.06643,0.03745,1410,1
ag,5120,10240,512,gpu,66,A_fused,1,0.34714,0.34509,0.34714,0.05288,1410,1
ag,5120,10240,512,gpu,67,c_cublas,3,0.25395,0.25293,0.25293,0.03419,1410,1
ag,5120,10240,512,gpu,67,c_fluxgemm,2,0.27853,0.27853,0.27853,0.03523,1410,1
ag,5120,10240,512,gpu,67,c_flux_ag,1,0.09859,0.09581,0.09859,0.03710,1410,1
ag,5120,10240,512,gpu,67,A_fused,0,0.34816,0.34816,0.34816,0.06170,1410,1
ag,5120,10240,512,gpu,68,c_cublas,2,0.25395,0.25293,0.25293,0.03397,1410,1
ag,5120,10240,512,gpu,68,c_fluxgemm,0,0.27853,0.27853,0.27853,0.03608,1410,1
ag,5120,10240,512,gpu,68,c_flux_ag,1,0.09754,0.09725,0.09754,0.03751,1410,1
ag,5120,10240,512,gpu,68,A_fused,3,0.33997,0.33792,0.33997,0.05642,1410,1
ag,5120,10240,512,gpu,69,c_cublas,0,0.25293,0.25190,0.25190,0.03379,1410,1
ag,5120,10240,512,gpu,69,c_fluxgemm,1,0.27955,0.27853,0.27853,0.03586,1410,1
ag,5120,10240,512,gpu,69,c_flux_ag,2,0.07754,0.07648,0.07754,0.04674,1410,1
ag,5120,10240,512,gpu,69,A_fused,3,0.34099,0.33792,0.34099,0.05231,1410,1
ag,5120,10240,512,gpu,70,c_cublas,2,0.25498,0.25395,0.25395,0.03409,1410,1
ag,5120,10240,512,gpu,70,c_fluxgemm,1,0.27853,0.27750,0.27750,0.03192,1410,1
ag,5120,10240,512,gpu,70,c_flux_ag,3,0.06262,0.06234,0.06262,0.03992,1410,1
ag,5120,10240,512,gpu,70,A_fused,0,0.33792,0.33587,0.33587,0.05556,1410,1
ag,5120,10240,512,gpu,71,c_cublas,2,0.25395,0.25293,0.25293,0.03351,1410,1
ag,5120,10240,512,gpu,71,c_fluxgemm,3,0.28058,0.27853,0.28058,0.04287,1410,1
ag,5120,10240,512,gpu,71,c_flux_ag,0,0.07568,0.06845,0.06845,0.03544,1410,1
ag,5120,10240,512,gpu,71,A_fused,1,0.33792,0.33690,0.33792,0.05264,1410,1
ag,5120,10240,512,gpu,72,c_cublas,3,0.25293,0.25190,0.25190,0.03373,1410,1
ag,5120,10240,512,gpu,72,c_fluxgemm,0,0.27853,0.27853,0.27853,0.03384,1410,1
ag,5120,10240,512,gpu,72,c_flux_ag,1,0.09750,0.09603,0.09603,0.03771,1410,1
ag,5120,10240,512,gpu,72,A_fused,2,0.33997,0.33997,0.33997,0.05157,1410,1
ag,5120,10240,512,gpu,73,c_cublas,1,0.25293,0.25293,0.25293,0.03305,1410,1
ag,5120,10240,512,gpu,73,c_fluxgemm,0,0.27750,0.27750,0.27750,0.03583,1410,1
ag,5120,10240,512,gpu,73,c_flux_ag,2,0.08099,0.07878,0.08099,0.03882,1410,1
ag,5120,10240,512,gpu,73,A_fused,3,0.34816,0.34611,0.34611,0.05234,1410,1
ag,5120,10240,512,gpu,74,c_cublas,3,0.25293,0.25190,0.25190,0.03403,1410,1
ag,5120,10240,512,gpu,74,c_fluxgemm,1,0.27853,0.27750,0.27750,0.03273,1410,1
ag,5120,10240,512,gpu,74,c_flux_ag,2,0.06320,0.06176,0.06320,0.03623,1410,1
ag,5120,10240,512,gpu,74,A_fused,0,0.34816,0.34611,0.34816,0.05539,1410,1
ag,5120,10240,512,gpu,75,c_cublas,0,0.25395,0.25293,0.25293,0.03214,1410,1
ag,5120,10240,512,gpu,75,c_fluxgemm,1,0.27955,0.27750,0.27750,0.03663,1410,1
ag,5120,10240,512,gpu,75,c_flux_ag,3,0.06576,0.06131,0.06576,0.03318,1410,1
ag,5120,10240,512,gpu,75,A_fused,2,0.34918,0.34714,0.34918,0.05456,1410,1
ag,5120,10240,512,gpu,76,c_cublas,2,0.25498,0.25293,0.25293,0.03406,1410,1
ag,5120,10240,512,gpu,76,c_fluxgemm,0,0.27853,0.27750,0.27750,0.03460,1410,1
ag,5120,10240,512,gpu,76,c_flux_ag,1,0.06272,0.06259,0.06259,0.03706,1410,1
ag,5120,10240,512,gpu,76,A_fused,3,0.36250,0.36045,0.36250,0.05529,1410,1
ag,5120,10240,512,gpu,77,c_cublas,3,0.25293,0.25190,0.25190,0.03396,1410,1
ag,5120,10240,512,gpu,77,c_fluxgemm,1,0.27853,0.27750,0.27853,0.03281,1410,1
ag,5120,10240,512,gpu,77,c_flux_ag,2,0.06694,0.06077,0.06077,0.03618,1410,1
ag,5120,10240,512,gpu,77,A_fused,0,0.34304,0.34304,0.34304,0.05624,1410,1
ag,5120,10240,512,gpu,78,c_cublas,2,0.25190,0.25190,0.25190,0.03413,1410,1
ag,5120,10240,512,gpu,78,c_fluxgemm,1,0.27750,0.27648,0.27750,0.03456,1410,1
ag,5120,10240,512,gpu,78,c_flux_ag,0,0.07661,0.07642,0.07661,0.03859,1410,1
ag,5120,10240,512,gpu,78,A_fused,3,0.35738,0.35533,0.35738,0.05698,1410,1
ag,5120,10240,512,gpu,79,c_cublas,1,0.25395,0.25190,0.25190,0.03463,1410,1
ag,5120,10240,512,gpu,79,c_fluxgemm,2,0.27955,0.27750,0.27955,0.03648,1410,1
ag,5120,10240,512,gpu,79,c_flux_ag,0,0.07866,0.07830,0.07866,0.03590,1410,1
ag,5120,10240,512,gpu,79,A_fused,3,0.33894,0.33587,0.33587,0.05713,1410,1
ag,5120,10240,512,gpu,80,c_cublas,1,0.25293,0.25190,0.25190,0.03343,1410,1
ag,5120,10240,512,gpu,80,c_fluxgemm,3,0.27648,0.27648,0.27648,0.03495,1410,1
ag,5120,10240,512,gpu,80,c_flux_ag,2,0.06262,0.06246,0.06262,0.04366,1410,1
ag,5120,10240,512,gpu,80,A_fused,0,0.34406,0.34304,0.34304,0.05475,1410,1
ag,5120,10240,512,gpu,81,c_cublas,3,0.25293,0.25293,0.25293,0.03334,1410,1
ag,5120,10240,512,gpu,81,c_fluxgemm,0,0.27750,0.27648,0.27648,0.03204,1410,1
ag,5120,10240,512,gpu,81,c_flux_ag,1,0.09952,0.09930,0.09952,0.03721,1410,1
ag,5120,10240,512,gpu,81,A_fused,2,0.34099,0.33382,0.34099,0.05111,1410,1
ag,5120,10240,512,gpu,82,c_cublas,0,0.25293,0.25190,0.25190,0.03229,1410,1
ag,5120,10240,512,gpu,82,c_fluxgemm,1,0.27955,0.27853,0.27853,0.03591,1410,1
ag,5120,10240,512,gpu,82,c_flux_ag,2,0.07706,0.07603,0.07603,0.03745,1410,1
ag,5120,10240,512,gpu,82,A_fused,3,0.33792,0.33690,0.33690,0.05674,1410,1
ag,5120,10240,512,gpu,83,c_cublas,1,0.25293,0.25190,0.25190,0.03352,1410,1
ag,5120,10240,512,gpu,83,c_fluxgemm,3,0.27853,0.27750,0.27750,0.03396,1410,1
ag,5120,10240,512,gpu,83,c_flux_ag,2,0.08330,0.08234,0.08330,0.03805,1410,1
ag,5120,10240,512,gpu,83,A_fused,0,0.34406,0.32768,0.32768,0.05568,1410,1
ag,5120,10240,512,gpu,84,c_cublas,3,0.25293,0.25190,0.25293,0.03396,1410,1
ag,5120,10240,512,gpu,84,c_fluxgemm,2,0.27853,0.27750,0.27750,0.03383,1410,1
ag,5120,10240,512,gpu,84,c_flux_ag,1,0.06326,0.06160,0.06326,0.03346,1410,1
ag,5120,10240,512,gpu,84,A_fused,0,0.34714,0.34509,0.34714,0.05576,1410,1
ag,5120,10240,512,gpu,85,c_cublas,0,0.25190,0.25190,0.25190,0.04055,1410,1
ag,5120,10240,512,gpu,85,c_fluxgemm,3,0.27750,0.27648,0.27750,0.03262,1410,1
ag,5120,10240,512,gpu,85,c_flux_ag,1,0.07821,0.07702,0.07821,0.03995,1410,1
ag,5120,10240,512,gpu,85,A_fused,2,0.34099,0.33792,0.34099,0.05260,1410,1
ag,5120,10240,512,gpu,86,c_cublas,1,0.25293,0.25190,0.25190,0.03413,1410,1
ag,5120,10240,512,gpu,86,c_fluxgemm,0,0.27853,0.27750,0.27853,0.03151,1410,1
ag,5120,10240,512,gpu,86,c_flux_ag,3,0.06310,0.06269,0.06310,0.03496,1410,1
ag,5120,10240,512,gpu,86,A_fused,2,0.36352,0.35942,0.36352,0.05679,1410,1
ag,5120,10240,512,gpu,87,c_cublas,3,0.25395,0.25293,0.25293,0.07508,1410,1
ag,5120,10240,512,gpu,87,c_fluxgemm,2,0.28058,0.27648,0.27648,0.03387,1410,1
ag,5120,10240,512,gpu,87,c_flux_ag,1,0.06682,0.06272,0.06682,0.03651,1410,1
ag,5120,10240,512,gpu,87,A_fused,0,0.60211,0.38195,0.38195,0.06135,1410,1
ag,5120,10240,512,gpu,88,c_cublas,3,0.25293,0.25190,0.25190,0.04087,1410,1
ag,5120,10240,512,gpu,88,c_fluxgemm,0,0.27955,0.27853,0.27853,0.03704,1410,1
ag,5120,10240,512,gpu,88,c_flux_ag,1,0.09021,0.08931,0.09021,0.03858,1410,1
ag,5120,10240,512,gpu,88,A_fused,2,0.33587,0.33485,0.33485,0.05428,1410,1
ag,5120,10240,512,gpu,89,c_cublas,2,0.25293,0.25190,0.25190,0.03381,1410,1
ag,5120,10240,512,gpu,89,c_fluxgemm,0,0.27750,0.27648,0.27750,0.03641,1410,1
ag,5120,10240,512,gpu,89,c_flux_ag,1,0.06163,0.06144,0.06163,0.03810,1410,1
ag,5120,10240,512,gpu,89,A_fused,3,0.33587,0.33382,0.33382,0.05552,1410,1
ag,5120,10240,512,gpu,90,c_cublas,1,0.25293,0.25190,0.25190,0.03345,1410,1
ag,5120,10240,512,gpu,90,c_fluxgemm,2,0.27955,0.27853,0.27853,0.03517,1410,1
ag,5120,10240,512,gpu,90,c_flux_ag,3,0.09891,0.09702,0.09891,0.03820,1410,1
ag,5120,10240,512,gpu,90,A_fused,0,0.34816,0.33792,0.34816,0.05583,1410,1
ag,5120,10240,512,gpu,91,c_cublas,0,0.25395,0.25395,0.25395,0.06955,1410,1
ag,5120,10240,512,gpu,91,c_fluxgemm,2,0.27853,0.27750,0.27750,0.03186,1410,1
ag,5120,10240,512,gpu,91,c_flux_ag,3,0.07744,0.07619,0.07619,0.03582,1410,1
ag,5120,10240,512,gpu,91,A_fused,1,0.34202,0.33690,0.33690,0.05760,1410,1
ag,5120,10240,512,gpu,92,c_cublas,3,0.25293,0.25190,0.25190,0.03407,1410,1
ag,5120,10240,512,gpu,92,c_fluxgemm,2,0.27853,0.27648,0.27648,0.03238,1410,1
ag,5120,10240,512,gpu,92,c_flux_ag,1,0.06672,0.06304,0.06672,0.03357,1410,1
ag,5120,10240,512,gpu,92,A_fused,0,0.35021,0.34918,0.34918,0.05413,1410,1
ag,5120,10240,512,gpu,93,c_cublas,2,0.25395,0.25190,0.25190,0.03445,1410,1
ag,5120,10240,512,gpu,93,c_fluxgemm,0,0.28058,0.27750,0.28058,0.03629,1410,1
ag,5120,10240,512,gpu,93,c_flux_ag,1,0.08797,0.08694,0.08797,0.03757,1410,1
ag,5120,10240,512,gpu,93,A_fused,3,0.33792,0.33382,0.33792,0.05552,1410,1
ag,5120,10240,512,gpu,94,c_cublas,3,0.25293,0.25190,0.25190,0.03413,1410,1
ag,5120,10240,512,gpu,94,c_fluxgemm,1,0.27750,0.27648,0.27750,0.03358,1410,1
ag,5120,10240,512,gpu,94,c_flux_ag,0,0.06758,0.06378,0.06758,0.03646,1410,1
ag,5120,10240,512,gpu,94,A_fused,2,0.34918,0.34611,0.34918,0.05229,1410,1
ag,5120,10240,512,gpu,95,c_cublas,1,0.25498,0.25395,0.25395,0.03306,1410,1
ag,5120,10240,512,gpu,95,c_fluxgemm,0,0.27955,0.27546,0.27955,0.03563,1410,1
ag,5120,10240,512,gpu,95,c_flux_ag,2,0.09952,0.09702,0.09952,0.03992,1410,1
ag,5120,10240,512,gpu,95,A_fused,3,0.33690,0.33690,0.33690,0.05316,1410,1
ag,5120,10240,512,gpu,96,c_cublas,2,0.25395,0.25395,0.25395,0.03456,1410,1
ag,5120,10240,512,gpu,96,c_fluxgemm,1,0.27955,0.27648,0.27648,0.03326,1410,1
ag,5120,10240,512,gpu,96,c_flux_ag,0,0.06627,0.05885,0.06627,0.03726,1410,1
ag,5120,10240,512,gpu,96,A_fused,3,0.34918,0.34611,0.34918,0.05631,1410,1
ag,5120,10240,512,gpu,97,c_cublas,1,0.25395,0.25293,0.25293,0.03432,1410,1
ag,5120,10240,512,gpu,97,c_fluxgemm,3,0.27750,0.27750,0.27750,0.03438,1410,1
ag,5120,10240,512,gpu,97,c_flux_ag,2,0.07795,0.07725,0.07795,0.04533,1410,1
ag,5120,10240,512,gpu,97,A_fused,0,0.34918,0.34714,0.34918,0.05460,1410,1
ag,5120,10240,512,gpu,98,c_cublas,3,0.25293,0.25190,0.25190,0.03396,1410,1
ag,5120,10240,512,gpu,98,c_fluxgemm,2,0.27955,0.27750,0.27750,0.03183,1410,1
ag,5120,10240,512,gpu,98,c_flux_ag,0,0.08381,0.08378,0.08378,0.03935,1410,1
ag,5120,10240,512,gpu,98,A_fused,1,0.34714,0.34714,0.34714,0.05324,1410,1
ag,5120,10240,512,gpu,99,c_cublas,2,0.25498,0.25293,0.25293,0.03353,1410,1
ag,5120,10240,512,gpu,99,c_fluxgemm,3,0.27955,0.27955,0.27955,0.03610,1410,1
ag,5120,10240,512,gpu,99,c_flux_ag,0,0.07677,0.07085,0.07085,0.03954,1410,1
ag,5120,10240,512,gpu,99,A_fused,1,0.33587,0.33280,0.33587,0.05201,1410,1
ag,5120,10240,512,gpu,100,c_cublas,3,0.25395,0.25293,0.25293,0.03465,1410,1
ag,5120,10240,512,gpu,100,c_fluxgemm,1,0.27750,0.27648,0.27648,0.03112,1410,1
ag,5120,10240,512,gpu,100,c_flux_ag,2,0.07677,0.07651,0.07677,0.03592,1410,1
ag,5120,10240,512,gpu,100,A_fused,0,0.36454,0.36147,0.36454,0.05742,1410,1
ag,5120,10240,512,gpu,101,c_cublas,3,0.25293,0.25190,0.25190,0.03899,1410,1
ag,5120,10240,512,gpu,101,c_fluxgemm,1,0.27955,0.27853,0.27853,0.03460,1410,1
ag,5120,10240,512,gpu,101,c_flux_ag,0,0.09402,0.08890,0.09402,0.03933,1410,1
ag,5120,10240,512,gpu,101,A_fused,2,0.34918,0.34611,0.34918,0.05222,1410,1
ag,5120,10240,512,gpu,102,c_cublas,0,0.25293,0.25190,0.25190,0.03142,1410,1
ag,5120,10240,512,gpu,102,c_fluxgemm,1,0.27853,0.27750,0.27853,0.03586,1410,1
ag,5120,10240,512,gpu,102,c_flux_ag,3,0.07968,0.07814,0.07968,0.03369,1410,1
ag,5120,10240,512,gpu,102,A_fused,2,0.35021,0.34918,0.34918,0.05495,1410,1
ag,5120,10240,512,gpu,103,c_cublas,1,0.25293,0.25190,0.25190,0.03379,1410,1
ag,5120,10240,512,gpu,103,c_fluxgemm,2,0.27750,0.27648,0.27750,0.03491,1410,1
ag,5120,10240,512,gpu,103,c_flux_ag,3,0.06214,0.06150,0.06150,0.03737,1410,1
ag,5120,10240,512,gpu,103,A_fused,0,0.34714,0.34611,0.34714,0.05626,1410,1
ag,5120,10240,512,gpu,104,c_cublas,3,0.25293,0.25190,0.25190,0.03365,1410,1
ag,5120,10240,512,gpu,104,c_fluxgemm,1,0.27853,0.27750,0.27853,0.03448,1410,1
ag,5120,10240,512,gpu,104,c_flux_ag,0,0.08896,0.08611,0.08611,0.03460,1410,1
ag,5120,10240,512,gpu,104,A_fused,2,0.36454,0.36250,0.36250,0.05478,1410,1
ag,5120,10240,512,gpu,105,c_cublas,0,0.25190,0.25190,0.25190,0.03125,1410,1
ag,5120,10240,512,gpu,105,c_fluxgemm,2,0.27955,0.27750,0.27750,0.03316,1410,1
ag,5120,10240,512,gpu,105,c_flux_ag,3,0.07792,0.07587,0.07587,0.03608,1410,1
ag,5120,10240,512,gpu,105,A_fused,1,0.34714,0.33997,0.33997,0.05655,1410,1
ag,5120,10240,512,gpu,106,c_cublas,0,0.25293,0.25190,0.25190,0.03480,1410,1
ag,5120,10240,512,gpu,106,c_fluxgemm,1,0.27955,0.27750,0.27750,0.03697,1410,1
ag,5120,10240,512,gpu,106,c_flux_ag,3,0.06643,0.06272,0.06272,0.03480,1410,1
ag,5120,10240,512,gpu,106,A_fused,2,0.34816,0.34714,0.34714,0.06208,1410,1
ag,5120,10240,512,gpu,107,c_cublas,2,0.25293,0.25190,0.25190,0.03425,1410,1
ag,5120,10240,512,gpu,107,c_fluxgemm,0,0.27853,0.27750,0.27853,0.03598,1410,1
ag,5120,10240,512,gpu,107,c_flux_ag,3,0.06416,0.06106,0.06416,0.03773,1410,1
ag,5120,10240,512,gpu,107,A_fused,1,0.36147,0.35533,0.36147,0.05342,1410,1
ag,5120,10240,512,gpu,108,c_cublas,2,0.25395,0.25293,0.25293,0.03472,1410,1
ag,5120,10240,512,gpu,108,c_fluxgemm,0,0.27853,0.27750,0.27750,0.03600,1410,1
ag,5120,10240,512,gpu,108,c_flux_ag,1,0.06806,0.06464,0.06464,0.03944,1410,1
ag,5120,10240,512,gpu,108,A_fused,3,0.34406,0.34304,0.34304,0.05710,1410,1
ag,5120,10240,512,gpu,109,c_cublas,2,0.25293,0.25190,0.25190,0.03485,1410,1
ag,5120,10240,512,gpu,109,c_fluxgemm,0,0.27853,0.27853,0.27853,0.03505,1410,1
ag,5120,10240,512,gpu,109,c_flux_ag,1,0.09754,0.09549,0.09754,0.03736,1410,1
ag,5120,10240,512,gpu,109,A_fused,3,0.34918,0.34714,0.34714,0.05492,1410,1
ag,5120,10240,512,gpu,110,c_cublas,0,0.25293,0.25190,0.25190,0.03449,1410,1
ag,5120,10240,512,gpu,110,c_fluxgemm,3,0.27955,0.27853,0.27853,0.03403,1410,1
ag,5120,10240,512,gpu,110,c_flux_ag,2,0.07603,0.07549,0.07549,0.03484,1410,1
ag,5120,10240,512,gpu,110,A_fused,1,0.35123,0.34816,0.34816,0.05803,1410,1
ag,5120,10240,512,gpu,111,c_cublas,0,0.25498,0.25293,0.25293,0.03456,1410,1
ag,5120,10240,512,gpu,111,c_fluxgemm,2,0.27955,0.27853,0.27955,0.03447,1410,1
ag,5120,10240,512,gpu,111,c_flux_ag,1,0.08038,0.07779,0.08038,0.03983,1410,1
ag,5120,10240,512,gpu,111,A_fused,3,0.36557,0.36045,0.36557,0.05237,1410,1
ag,5120,10240,512,gpu,112,c_cublas,3,0.25293,0.25190,0.25190,0.03449,1410,1
ag,5120,10240,512,gpu,112,c_fluxgemm,0,0.27853,0.27853,0.27853,0.03379,1410,1
ag,5120,10240,512,gpu,112,c_flux_ag,2,0.06502,0.06256,0.06502,0.04156,1410,1
ag,5120,10240,512,gpu,112,A_fused,1,0.35021,0.34611,0.35021,0.05466,1410,1
ag,5120,10240,512,gpu,113,c_cublas,3,0.25293,0.25293,0.25293,0.03392,1410,1
ag,5120,10240,512,gpu,113,c_fluxgemm,2,0.27750,0.27648,0.27750,0.03319,1410,1
ag,5120,10240,512,gpu,113,c_flux_ag,1,0.06742,0.06365,0.06742,0.03475,1410,1
ag,5120,10240,512,gpu,113,A_fused,0,0.34202,0.33382,0.34202,0.05824,1410,1
ag,5120,10240,512,gpu,114,c_cublas,2,0.25395,0.25293,0.25293,0.03357,1410,1
ag,5120,10240,512,gpu,114,c_fluxgemm,0,0.27750,0.27648,0.27648,0.03614,1410,1
ag,5120,10240,512,gpu,114,c_flux_ag,3,0.07853,0.07568,0.07853,0.05088,1410,1
ag,5120,10240,512,gpu,114,A_fused,1,0.36250,0.35840,0.36250,0.05494,1410,1
ag,5120,10240,512,gpu,115,c_cublas,3,0.25395,0.25293,0.25293,0.03388,1410,1
ag,5120,10240,512,gpu,115,c_fluxgemm,2,0.27853,0.27750,0.27853,0.03348,1410,1
ag,5120,10240,512,gpu,115,c_flux_ag,1,0.07082,0.06141,0.07082,0.03356,1410,1
ag,5120,10240,512,gpu,115,A_fused,0,0.34918,0.34714,0.34918,0.05478,1410,1
ag,5120,10240,512,gpu,116,c_cublas,2,0.25395,0.25395,0.25395,0.03366,1410,1
ag,5120,10240,512,gpu,116,c_fluxgemm,1,0.27955,0.27853,0.27955,0.03516,1410,1
ag,5120,10240,512,gpu,116,c_flux_ag,0,0.07722,0.07709,0.07709,0.03967,1410,1
ag,5120,10240,512,gpu,116,A_fused,3,0.36352,0.35942,0.36352,0.05526,1410,1
ag,5120,10240,512,gpu,117,c_cublas,1,0.25190,0.25190,0.25190,0.03484,1410,1
ag,5120,10240,512,gpu,117,c_fluxgemm,0,0.27955,0.27648,0.27648,0.03626,1410,1
ag,5120,10240,512,gpu,117,c_flux_ag,3,0.06739,0.06051,0.06739,0.03619,1410,1
ag,5120,10240,512,gpu,117,A_fused,2,0.34714,0.34509,0.34714,0.05686,1410,1
ag,5120,10240,512,gpu,118,c_cublas,2,0.25293,0.25190,0.25190,0.03394,1410,1
ag,5120,10240,512,gpu,118,c_fluxgemm,1,0.27853,0.27750,0.27750,0.03429,1410,1
ag,5120,10240,512,gpu,118,c_flux_ag,0,0.07434,0.07270,0.07270,0.03667,1410,1
ag,5120,10240,512,gpu,118,A_fused,3,0.36250,0.35942,0.36250,0.05660,1410,1
ag,5120,10240,512,gpu,119,c_cublas,3,0.25498,0.25293,0.25293,0.03393,1410,1
ag,5120,10240,512,gpu,119,c_fluxgemm,0,0.27955,0.27853,0.27955,0.03441,1410,1
ag,5120,10240,512,gpu,119,c_flux_ag,1,0.07738,0.07667,0.07738,0.03798,1410,1
ag,5120,10240,512,gpu,119,A_fused,2,0.33690,0.33382,0.33382,0.05215,1410,1
ag,5120,10240,512,gpu,120,c_cublas,3,0.25190,0.25190,0.25190,0.03345,1410,1
ag,5120,10240,512,gpu,120,c_fluxgemm,1,0.27853,0.27853,0.27853,0.03401,1410,1
ag,5120,10240,512,gpu,120,c_flux_ag,0,0.06979,0.06630,0.06630,0.03936,1410,1
ag,5120,10240,512,gpu,120,A_fused,2,0.35123,0.34714,0.35123,0.05149,1410,1
ag,5120,10240,512,gpu,121,c_cublas,1,0.25190,0.25190,0.25190,0.03419,1410,1
ag,5120,10240,512,gpu,121,c_fluxgemm,3,0.27750,0.27648,0.27750,0.03238,1410,1
ag,5120,10240,512,gpu,121,c_flux_ag,0,0.06787,0.06586,0.06787,0.03967,1410,1
ag,5120,10240,512,gpu,121,A_fused,2,0.34918,0.34918,0.34918,0.05676,1410,1
ag,5120,10240,512,gpu,122,c_cublas,0,0.25293,0.25190,0.25190,0.03396,1410,1
ag,5120,10240,512,gpu,122,c_fluxgemm,3,0.27955,0.27853,0.27853,0.03317,1410,1
ag,5120,10240,512,gpu,122,c_flux_ag,2,0.09274,0.09184,0.09274,0.03583,1410,1
ag,5120,10240,512,gpu,122,A_fused,1,0.35328,0.35328,0.35328,0.05714,1410,1
ag,5120,10240,512,gpu,123,c_cublas,2,0.25395,0.25293,0.25293,0.03445,1410,1
ag,5120,10240,512,gpu,123,c_fluxgemm,3,0.27955,0.27955,0.27955,0.03564,1410,1
ag,5120,10240,512,gpu,123,c_flux_ag,0,0.06317,0.06080,0.06317,0.03822,1410,1
ag,5120,10240,512,gpu,123,A_fused,1,0.36250,0.36045,0.36250,0.05228,1410,1
ag,5120,10240,512,gpu,124,c_cublas,1,0.25395,0.25190,0.25190,0.03357,1410,1
ag,5120,10240,512,gpu,124,c_fluxgemm,3,0.27648,0.27648,0.27648,0.03385,1410,1
ag,5120,10240,512,gpu,124,c_flux_ag,2,0.06227,0.06042,0.06042,0.03779,1410,1
ag,5120,10240,512,gpu,124,A_fused,0,0.35123,0.34918,0.34918,0.05835,1410,1
ag,5120,10240,512,gpu,125,c_cublas,3,0.25293,0.25190,0.25190,0.03443,1410,1
ag,5120,10240,512,gpu,125,c_fluxgemm,0,0.27648,0.27648,0.27648,0.03220,1410,1
ag,5120,10240,512,gpu,125,c_flux_ag,1,0.07997,0.07901,0.07997,0.03805,1410,1
ag,5120,10240,512,gpu,125,A_fused,2,0.34304,0.33382,0.34304,0.05061,1410,1
ag,5120,10240,512,gpu,126,c_cublas,0,0.25293,0.25190,0.25190,0.03153,1410,1
ag,5120,10240,512,gpu,126,c_fluxgemm,1,0.28058,0.27853,0.28058,0.03712,1410,1
ag,5120,10240,512,gpu,126,c_flux_ag,2,0.08282,0.08230,0.08230,0.03794,1410,1
ag,5120,10240,512,gpu,126,A_fused,3,0.35021,0.34816,0.35021,0.05229,1410,1
ag,5120,10240,512,gpu,127,c_cublas,2,0.25395,0.25293,0.25293,0.03475,1410,1
ag,5120,10240,512,gpu,127,c_fluxgemm,0,0.27955,0.27750,0.27750,0.03487,1410,1
ag,5120,10240,512,gpu,127,c_flux_ag,1,0.07738,0.07731,0.07731,0.03675,1410,1
ag,5120,10240,512,gpu,127,A_fused,3,0.36762,0.36454,0.36762,0.06988,1410,1
ag,5120,10240,512,gpu,128,c_cublas,2,0.25395,0.25293,0.25293,0.03471,1410,1
ag,5120,10240,512,gpu,128,c_fluxgemm,1,0.27955,0.27853,0.27955,0.03630,1410,1
ag,5120,10240,512,gpu,128,c_flux_ag,0,0.56154,0.09619,0.09619,0.04198,1410,1
ag,5120,10240,512,gpu,128,A_fused,3,0.35021,0.35021,0.35021,0.05731,1410,1
ag,5120,10240,512,gpu,129,c_cublas,2,0.25293,0.25293,0.25293,0.03341,1410,1
ag,5120,10240,512,gpu,129,c_fluxgemm,1,0.27648,0.27546,0.27648,0.03287,1410,1
ag,5120,10240,512,gpu,129,c_flux_ag,3,0.07574,0.07456,0.07574,0.03928,1410,1
ag,5120,10240,512,gpu,129,A_fused,0,0.34918,0.34816,0.34816,0.05694,1410,1
ag,5120,10240,512,gpu,130,c_cublas,3,0.25293,0.25190,0.25190,0.03337,1410,1
ag,5120,10240,512,gpu,130,c_fluxgemm,2,0.27648,0.27648,0.27648,0.03190,1410,1
ag,5120,10240,512,gpu,130,c_flux_ag,0,0.07949,0.07789,0.07949,0.03483,1410,1
ag,5120,10240,512,gpu,130,A_fused,1,0.33894,0.33485,0.33485,0.05233,1410,1
ag,5120,10240,512,gpu,131,c_cublas,2,0.25293,0.25190,0.25190,0.03457,1410,1
ag,5120,10240,512,gpu,131,c_fluxgemm,0,0.27955,0.27750,0.27955,0.04088,1410,1
ag,5120,10240,512,gpu,131,c_flux_ag,1,0.08806,0.08691,0.08691,0.03900,1410,1
ag,5120,10240,512,gpu,131,A_fused,3,0.33690,0.33690,0.33690,0.05678,1410,1
ag,5120,10240,512,gpu,132,c_cublas,2,0.25293,0.25190,0.25190,0.03371,1410,1
ag,5120,10240,512,gpu,132,c_fluxgemm,3,0.27750,0.27750,0.27750,0.03532,1410,1
ag,5120,10240,512,gpu,132,c_flux_ag,1,0.07818,0.07686,0.07818,0.03362,1410,1
ag,5120,10240,512,gpu,132,A_fused,0,0.36250,0.35942,0.36250,0.05574,1410,1
ag,5120,10240,512,gpu,133,c_cublas,1,0.25293,0.25190,0.25190,0.03386,1410,1
ag,5120,10240,512,gpu,133,c_fluxgemm,2,0.27750,0.27648,0.27750,0.03493,1410,1
ag,5120,10240,512,gpu,133,c_flux_ag,3,0.08608,0.08445,0.08445,0.03809,1410,1
ag,5120,10240,512,gpu,133,A_fused,0,0.33894,0.33587,0.33587,0.05662,1410,1
ag,5120,10240,512,gpu,134,c_cublas,1,0.25293,0.25190,0.25293,0.03417,1410,1
ag,5120,10240,512,gpu,134,c_fluxgemm,0,0.27853,0.27648,0.27853,0.03576,1410,1
ag,5120,10240,512,gpu,134,c_flux_ag,3,0.06230,0.06150,0.06150,0.03428,1410,1
ag,5120,10240,512,gpu,134,A_fused,2,0.35533,0.35430,0.35533,0.05662,1410,1
ag,5120,10240,512,gpu,135,c_cublas,2,0.25293,0.25190,0.25190,0.03441,1410,1
ag,5120,10240,512,gpu,135,c_fluxgemm,1,0.27750,0.27750,0.27750,0.03255,1410,1
ag,5120,10240,512,gpu,135,c_flux_ag,3,0.09213,0.09114,0.09114,0.03942,1410,1
ag,5120,10240,512,gpu,135,A_fused,0,0.34714,0.34714,0.34714,0.05433,1410,1
ag,5120,10240,512,gpu,136,c_cublas,1,0.25190,0.25190,0.25190,0.03359,1410,1
ag,5120,10240,512,gpu,136,c_fluxgemm,2,0.27853,0.27648,0.27648,0.03517,1410,1
ag,5120,10240,512,gpu,136,c_flux_ag,3,0.09936,0.09683,0.09936,0.03846,1410,1
ag,5120,10240,512,gpu,136,A_fused,0,0.34304,0.33690,0.34304,0.05481,1410,1
ag,5120,10240,512,gpu,137,c_cublas,0,0.25293,0.25190,0.25190,0.03454,1410,1
ag,5120,10240,512,gpu,137,c_fluxgemm,2,0.27853,0.27750,0.27853,0.04003,1410,1
ag,5120,10240,512,gpu,137,c_flux_ag,3,0.06550,0.06278,0.06550,0.03655,1410,1
ag,5120,10240,512,gpu,137,A_fused,1,0.34918,0.34509,0.34918,0.05682,1410,1
ag,5120,10240,512,gpu,138,c_cublas,0,0.25293,0.25190,0.25190,0.03441,1410,1
ag,5120,10240,512,gpu,138,c_fluxgemm,1,0.27955,0.27750,0.27955,0.03618,1410,1
ag,5120,10240,512,gpu,138,c_flux_ag,3,0.07555,0.07536,0.07536,0.03384,1410,1
ag,5120,10240,512,gpu,138,A_fused,2,0.34714,0.34714,0.34714,0.05465,1410,1
ag,5120,10240,512,gpu,139,c_cublas,2,0.25293,0.25190,0.25190,0.03416,1410,1
ag,5120,10240,512,gpu,139,c_fluxgemm,0,0.28160,0.27750,0.27750,0.03579,1410,1
ag,5120,10240,512,gpu,139,c_flux_ag,3,0.06611,0.06368,0.06368,0.11523,1410,1
ag,5120,10240,512,gpu,139,A_fused,1,0.35635,0.35635,0.35635,0.05436,1410,1
ag,5120,10240,512,gpu,140,c_cublas,2,0.25293,0.25190,0.25190,0.03400,1410,1
ag,5120,10240,512,gpu,140,c_fluxgemm,3,0.27750,0.27648,0.27750,0.03527,1410,1
ag,5120,10240,512,gpu,140,c_flux_ag,0,0.08147,0.08038,0.08147,0.03730,1410,1
ag,5120,10240,512,gpu,140,A_fused,1,0.36147,0.35942,0.36147,0.05348,1410,1
ag,5120,10240,512,gpu,141,c_cublas,3,0.25293,0.25190,0.25190,0.03417,1410,1
ag,5120,10240,512,gpu,141,c_fluxgemm,0,0.27750,0.27750,0.27750,0.03214,1410,1
ag,5120,10240,512,gpu,141,c_flux_ag,2,0.09811,0.09798,0.09811,0.03375,1410,1
ag,5120,10240,512,gpu,141,A_fused,1,0.36147,0.35942,0.36147,0.05391,1410,1
ag,5120,10240,512,gpu,142,c_cublas,3,0.25293,0.25190,0.25190,0.03396,1410,1
ag,5120,10240,512,gpu,142,c_fluxgemm,2,0.27853,0.27853,0.27853,0.03340,1410,1
ag,5120,10240,512,gpu,142,c_flux_ag,1,0.06429,0.06182,0.06429,0.03577,1410,1
ag,5120,10240,512,gpu,142,A_fused,0,0.34816,0.34714,0.34816,0.05679,1410,1
ag,5120,10240,512,gpu,143,c_cublas,3,0.25395,0.25293,0.25293,0.03368,1410,1
ag,5120,10240,512,gpu,143,c_fluxgemm,2,0.27853,0.27750,0.27750,0.03309,1410,1
ag,5120,10240,512,gpu,143,c_flux_ag,1,0.07475,0.06925,0.07475,0.03369,1410,1
ag,5120,10240,512,gpu,143,A_fused,0,0.34918,0.34816,0.34918,0.05690,1410,1
ag,5120,10240,512,gpu,144,c_cublas,1,0.25395,0.25395,0.25395,0.03367,1410,1
ag,5120,10240,512,gpu,144,c_fluxgemm,3,0.27853,0.27546,0.27853,0.03219,1410,1
ag,5120,10240,512,gpu,144,c_flux_ag,0,0.08624,0.08557,0.08557,0.04639,1410,1
ag,5120,10240,512,gpu,144,A_fused,2,0.33587,0.33587,0.33587,0.05742,1410,1
ag,5120,10240,512,gpu,145,c_cublas,3,0.25293,0.25190,0.25190,0.03396,1410,1
ag,5120,10240,512,gpu,145,c_fluxgemm,1,0.27955,0.27750,0.27955,0.03348,1410,1
ag,5120,10240,512,gpu,145,c_flux_ag,0,0.08314,0.08198,0.08314,0.03946,1410,1
ag,5120,10240,512,gpu,145,A_fused,2,0.34714,0.34714,0.34714,0.05554,1410,1
ag,5120,10240,512,gpu,146,c_cublas,0,0.25293,0.25190,0.25190,0.03113,1410,1
ag,5120,10240,512,gpu,146,c_fluxgemm,3,0.27853,0.27750,0.27853,0.03253,1410,1
ag,5120,10240,512,gpu,146,c_flux_ag,1,0.09971,0.09936,0.09971,0.04558,1410,1
ag,5120,10240,512,gpu,146,A_fused,2,0.34714,0.34611,0.34714,0.05240,1410,1
ag,5120,10240,512,gpu,147,c_cublas,0,0.25395,0.25293,0.25293,0.03476,1410,1
ag,5120,10240,512,gpu,147,c_fluxgemm,2,0.27955,0.27648,0.27648,0.03236,1410,1
ag,5120,10240,512,gpu,147,c_flux_ag,3,0.08352,0.08138,0.08352,0.03711,1410,1
ag,5120,10240,512,gpu,147,A_fused,1,0.33997,0.33485,0.33485,0.05681,1410,1
ag,5120,10240,512,gpu,148,c_cublas,1,0.25395,0.25190,0.25190,0.04069,1410,1
ag,5120,10240,512,gpu,148,c_fluxgemm,3,0.27750,0.27648,0.27648,0.03415,1410,1
ag,5120,10240,512,gpu,148,c_flux_ag,2,0.08701,0.08595,0.08701,0.03900,1410,1
ag,5120,10240,512,gpu,148,A_fused,0,0.35328,0.35226,0.35226,0.05578,1410,1
ag,5120,10240,512,gpu,149,c_cublas,2,0.25293,0.25190,0.25190,0.03415,1410,1
ag,5120,10240,512,gpu,149,c_fluxgemm,1,0.27955,0.27955,0.27955,0.03156,1410,1
ag,5120,10240,512,gpu,149,c_flux_ag,3,0.08934,0.08909,0.08934,0.03943,1410,1
ag,5120,10240,512,gpu,149,A_fused,0,0.33792,0.33792,0.33792,0.05622,1410,1
ag,5120,10240,512,gpu,150,c_cublas,1,0.25293,0.25190,0.25190,0.03450,1410,1
ag,5120,10240,512,gpu,150,c_fluxgemm,2,0.27853,0.27648,0.27648,0.03618,1410,1
ag,5120,10240,512,gpu,150,c_flux_ag,0,0.06445,0.06048,0.06048,0.03691,1410,1
ag,5120,10240,512,gpu,150,A_fused,3,0.36352,0.36045,0.36352,0.05470,1410,1
ag,5120,10240,512,gpu,151,c_cublas,0,0.25395,0.25395,0.25395,0.03432,1410,1
ag,5120,10240,512,gpu,151,c_fluxgemm,1,0.28058,0.27853,0.27853,0.03580,1410,1
ag,5120,10240,512,gpu,151,c_flux_ag,3,0.06205,0.06163,0.06163,0.03446,1410,1
ag,5120,10240,512,gpu,151,A_fused,2,0.34918,0.34816,0.34918,0.05401,1410,1
ag,5120,10240,512,gpu,152,c_cublas,2,0.25293,0.25190,0.25190,0.04133,1410,1
ag,5120,10240,512,gpu,152,c_fluxgemm,3,0.27955,0.27648,0.27648,0.03495,1410,1
ag,5120,10240,512,gpu,152,c_flux_ag,0,0.06454,0.06272,0.06454,0.03920,1410,1
ag,5120,10240,512,gpu,152,A_fused,1,0.35430,0.35021,0.35021,0.06008,1410,1
ag,5120,10240,512,gpu,153,c_cublas,0,0.25190,0.25190,0.25190,0.03379,1410,1
ag,5120,10240,512,gpu,153,c_fluxgemm,1,0.27955,0.27750,0.27750,0.03484,1410,1
ag,5120,10240,512,gpu,153,c_flux_ag,2,0.08867,0.08810,0.08867,0.03700,1410,1
ag,5120,10240,512,gpu,153,A_fused,3,0.34714,0.34714,0.34714,0.05121,1410,1
ag,5120,10240,512,gpu,154,c_cublas,1,0.25498,0.25395,0.25395,0.03413,1410,1
ag,5120,10240,512,gpu,154,c_fluxgemm,3,0.27750,0.27750,0.27750,0.03526,1410,1
ag,5120,10240,512,gpu,154,c_flux_ag,2,0.07949,0.07946,0.07946,0.03735,1410,1
ag,5120,10240,512,gpu,154,A_fused,0,0.34406,0.34099,0.34099,0.05541,1410,1
ag,5120,10240,512,gpu,155,c_cublas,3,0.25395,0.25395,0.25395,0.03383,1410,1
ag,5120,10240,512,gpu,155,c_fluxgemm,2,0.27853,0.27750,0.27750,0.03381,1410,1
ag,5120,10240,512,gpu,155,c_flux_ag,1,0.09930,0.09786,0.09786,0.03333,1410,1
ag,5120,10240,512,gpu,155,A_fused,0,0.34816,0.34714,0.34816,0.05717,1410,1
ag,5120,10240,512,gpu,156,c_cublas,1,0.25293,0.25293,0.25293,0.03317,1410,1
ag,5120,10240,512,gpu,156,c_fluxgemm,3,0.27853,0.27750,0.27853,0.03873,1410,1
ag,5120,10240,512,gpu,156,c_flux_ag,0,0.07725,0.07546,0.07725,0.03895,1410,1
ag,5120,10240,512,gpu,156,A_fused,2,0.34099,0.34099,0.34099,0.05629,1410,1
ag,5120,10240,512,gpu,157,c_cublas,1,0.25293,0.25190,0.25190,0.03419,1410,1
ag,5120,10240,512,gpu,157,c_fluxgemm,2,0.27853,0.27853,0.27853,0.03502,1410,1
ag,5120,10240,512,gpu,157,c_flux_ag,0,0.08102,0.08080,0.08080,0.03817,1410,1
ag,5120,10240,512,gpu,157,A_fused,3,0.34099,0.33587,0.33587,0.05404,1410,1
ag,5120,10240,512,gpu,158,c_cublas,2,0.25293,0.25293,0.25293,0.03433,1410,1
ag,5120,10240,512,gpu,158,c_fluxgemm,1,0.27750,0.27750,0.27750,0.03314,1410,1
ag,5120,10240,512,gpu,158,c_flux_ag,0,0.08643,0.08566,0.08566,0.03690,1410,1
ag,5120,10240,512,gpu,158,A_fused,3,0.34099,0.33792,0.34099,0.05622,1410,1
ag,5120,10240,512,gpu,159,c_cublas,2,0.25293,0.25190,0.25293,0.03446,1410,1
ag,5120,10240,512,gpu,159,c_fluxgemm,0,0.27750,0.27750,0.27750,0.03540,1410,1
ag,5120,10240,512,gpu,159,c_flux_ag,1,0.08029,0.07898,0.08029,0.03835,1410,1
ag,5120,10240,512,gpu,159,A_fused,3,0.37171,0.36966,0.37171,0.05522,1410,1
ag,5120,10240,512,gpu,160,c_cublas,3,0.25190,0.25190,0.25190,0.03389,1410,1
ag,5120,10240,512,gpu,160,c_fluxgemm,2,0.27853,0.27750,0.27750,0.03364,1410,1
ag,5120,10240,512,gpu,160,c_flux_ag,1,0.06822,0.06298,0.06822,0.03333,1410,1
ag,5120,10240,512,gpu,160,A_fused,0,0.34304,0.33382,0.34304,0.05495,1410,1
ag,5120,10240,512,gpu,161,c_cublas,1,0.25293,0.25190,0.25190,0.03369,1410,1
ag,5120,10240,512,gpu,161,c_fluxgemm,0,0.27955,0.27750,0.27750,0.03600,1410,1
ag,5120,10240,512,gpu,161,c_flux_ag,2,0.08502,0.08435,0.08502,0.03853,1410,1
ag,5120,10240,512,gpu,161,A_fused,3,0.34816,0.34714,0.34714,0.05175,1410,1
ag,5120,10240,512,gpu,162,c_cublas,1,0.25293,0.25190,0.25190,0.03432,1410,1
ag,5120,10240,512,gpu,162,c_fluxgemm,3,0.28058,0.27853,0.28058,0.03200,1410,1
ag,5120,10240,512,gpu,162,c_flux_ag,0,0.06646,0.06240,0.06240,0.03627,1410,1
ag,5120,10240,512,gpu,162,A_fused,2,0.35328,0.34816,0.35328,0.05703,1410,1
ag,5120,10240,512,gpu,163,c_cublas,2,0.25293,0.25190,0.25190,0.03444,1410,1
ag,5120,10240,512,gpu,163,c_fluxgemm,1,0.27750,0.27750,0.27750,0.03273,1410,1
ag,5120,10240,512,gpu,163,c_flux_ag,0,0.06653,0.06646,0.06646,0.03791,1410,1
ag,5120,10240,512,gpu,163,A_fused,3,0.35021,0.34918,0.34918,0.05629,1410,1
ag,5120,10240,512,gpu,164,c_cublas,3,0.25293,0.25190,0.25190,0.03403,1410,1
ag,5120,10240,512,gpu,164,c_fluxgemm,2,0.27750,0.27750,0.27750,0.03275,1410,1
ag,5120,10240,512,gpu,164,c_flux_ag,0,0.06461,0.06070,0.06070,0.03675,1410,1
ag,5120,10240,512,gpu,164,A_fused,1,0.36966,0.36762,0.36966,0.05320,1410,1
ag,5120,10240,512,gpu,165,c_cublas,1,0.25190,0.25190,0.25190,0.03425,1410,1
ag,5120,10240,512,gpu,165,c_fluxgemm,3,0.27750,0.27648,0.27648,0.03261,1410,1
ag,5120,10240,512,gpu,165,c_flux_ag,0,0.06541,0.06144,0.06541,0.03927,1410,1
ag,5120,10240,512,gpu,165,A_fused,2,0.33792,0.33587,0.33792,0.06374,1410,1
ag,5120,10240,512,gpu,166,c_cublas,1,0.25293,0.25293,0.25293,0.03376,1410,1
ag,5120,10240,512,gpu,166,c_fluxgemm,0,0.28058,0.27750,0.28058,0.03185,1410,1
ag,5120,10240,512,gpu,166,c_flux_ag,2,0.08646,0.08454,0.08454,0.03905,1410,1
ag,5120,10240,512,gpu,166,A_fused,3,0.34918,0.34714,0.34918,0.05219,1410,1
ag,5120,10240,512,gpu,167,c_cublas,3,0.25395,0.25293,0.25293,0.03468,1410,1
ag,5120,10240,512,gpu,167,c_fluxgemm,1,0.27853,0.27648,0.27648,0.03457,1410,1
ag,5120,10240,512,gpu,167,c_flux_ag,0,0.07747,0.07594,0.07594,0.03746,1410,1
ag,5120,10240,512,gpu,167,A_fused,2,0.34304,0.34202,0.34304,0.05237,1410,1
ag,5120,10240,512,gpu,168,c_cublas,2,0.25395,0.25293,0.25293,0.03407,1410,1
ag,5120,10240,512,gpu,168,c_fluxgemm,0,0.27853,0.27853,0.27853,0.03632,1410,1
ag,5120,10240,512,gpu,168,c_flux_ag,1,0.08237,0.08160,0.08237,0.03753,1410,1
ag,5120,10240,512,gpu,168,A_fused,3,0.37171,0.36864,0.36864,0.05419,1410,1
ag,5120,10240,512,gpu,169,c_cublas,1,0.25293,0.25190,0.25293,0.03385,1410,1
ag,5120,10240,512,gpu,169,c_fluxgemm,3,0.27648,0.27546,0.27648,0.03445,1410,1
ag,5120,10240,512,gpu,169,c_flux_ag,2,0.06230,0.06166,0.06230,0.03884,1410,1
ag,5120,10240,512,gpu,169,A_fused,0,0.81613,0.38810,0.38810,0.05982,1410,1
ag,5120,10240,512,gpu,170,c_cublas,3,0.25293,0.25190,0.25190,0.03423,1410,1
ag,5120,10240,512,gpu,170,c_fluxgemm,0,0.27955,0.27750,0.27955,0.03329,1410,1
ag,5120,10240,512,gpu,170,c_flux_ag,1,0.06512,0.06077,0.06512,0.03758,1410,1
ag,5120,10240,512,gpu,170,A_fused,2,0.34304,0.33997,0.34304,0.05200,1410,1
ag,5120,10240,512,gpu,171,c_cublas,2,0.25395,0.25190,0.25190,0.03381,1410,1
ag,5120,10240,512,gpu,171,c_fluxgemm,0,0.27750,0.27750,0.27750,0.03552,1410,1
ag,5120,10240,512,gpu,171,c_flux_ag,3,0.06605,0.06291,0.06605,0.03747,1410,1
ag,5120,10240,512,gpu,171,A_fused,1,0.35840,0.35738,0.35738,0.05574,1410,1
ag,5120,10240,512,gpu,172,c_cublas,0,0.25293,0.25293,0.25293,0.03370,1410,1
ag,5120,10240,512,gpu,172,c_fluxgemm,3,0.28058,0.27955,0.27955,0.03320,1410,1
ag,5120,10240,512,gpu,172,c_flux_ag,2,0.08326,0.08150,0.08326,0.03465,1410,1
ag,5120,10240,512,gpu,172,A_fused,1,0.33894,0.33690,0.33690,0.05606,1410,1
ag,5120,10240,512,gpu,173,c_cublas,0,0.25293,0.25190,0.25293,0.03497,1410,1
ag,5120,10240,512,gpu,173,c_fluxgemm,3,0.27750,0.27750,0.27750,0.03305,1410,1
ag,5120,10240,512,gpu,173,c_flux_ag,2,0.07613,0.06864,0.07613,0.03416,1410,1
ag,5120,10240,512,gpu,173,A_fused,1,0.37171,0.37171,0.37171,0.06358,1410,1
ag,5120,10240,512,gpu,174,c_cublas,2,0.25293,0.25190,0.25190,0.03504,1410,1
ag,5120,10240,512,gpu,174,c_fluxgemm,0,0.27853,0.27648,0.27853,0.03216,1410,1
ag,5120,10240,512,gpu,174,c_flux_ag,1,0.06646,0.06160,0.06646,0.03792,1410,1
ag,5120,10240,512,gpu,174,A_fused,3,0.34406,0.33894,0.34406,0.05685,1410,1
ag,5120,10240,512,gpu,175,c_cublas,0,0.25395,0.25293,0.25293,0.03401,1410,1
ag,5120,10240,512,gpu,175,c_fluxgemm,3,0.27750,0.27750,0.27750,0.03343,1410,1
ag,5120,10240,512,gpu,175,c_flux_ag,2,0.07888,0.07760,0.07888,0.03397,1410,1
ag,5120,10240,512,gpu,175,A_fused,1,0.34099,0.33792,0.34099,0.05742,1410,1
ag,5120,10240,512,gpu,176,c_cublas,1,0.25395,0.25293,0.25293,0.03404,1410,1
ag,5120,10240,512,gpu,176,c_fluxgemm,3,0.27750,0.27750,0.27750,0.03481,1410,1
ag,5120,10240,512,gpu,176,c_flux_ag,2,0.07901,0.07776,0.07901,0.03759,1410,1
ag,5120,10240,512,gpu,176,A_fused,0,0.35942,0.35635,0.35942,0.05632,1410,1
ag,5120,10240,512,gpu,177,c_cublas,2,0.25293,0.25190,0.25190,0.04113,1410,1
ag,5120,10240,512,gpu,177,c_fluxgemm,3,0.27648,0.27648,0.27648,0.03574,1410,1
ag,5120,10240,512,gpu,177,c_flux_ag,0,0.07664,0.07501,0.07664,0.03750,1410,1
ag,5120,10240,512,gpu,177,A_fused,1,0.35021,0.34509,0.35021,0.05172,1410,1
ag,5120,10240,512,gpu,178,c_cublas,0,0.25293,0.25190,0.25190,0.03404,1410,1
ag,5120,10240,512,gpu,178,c_fluxgemm,1,0.27750,0.27750,0.27750,0.03475,1410,1
ag,5120,10240,512,gpu,178,c_flux_ag,3,0.07862,0.07795,0.07862,0.03337,1410,1
ag,5120,10240,512,gpu,178,A_fused,2,0.36147,0.36045,0.36147,0.05332,1410,1
ag,5120,10240,512,gpu,179,c_cublas,2,0.25395,0.25190,0.25190,0.03467,1410,1
ag,5120,10240,512,gpu,179,c_fluxgemm,0,0.27955,0.27750,0.27750,0.03569,1410,1
ag,5120,10240,512,gpu,179,c_flux_ag,1,0.06464,0.06461,0.06464,0.03756,1410,1
ag,5120,10240,512,gpu,179,A_fused,3,0.33894,0.33485,0.33894,0.06237,1410,1
ag,5120,10240,512,gpu,180,c_cublas,2,0.25293,0.25190,0.25293,0.03397,1410,1
ag,5120,10240,512,gpu,180,c_fluxgemm,1,0.27750,0.27750,0.27750,0.03221,1410,1
ag,5120,10240,512,gpu,180,c_flux_ag,3,0.09130,0.09094,0.09130,0.03803,1410,1
ag,5120,10240,512,gpu,180,A_fused,0,0.33587,0.33382,0.33382,0.05210,1410,1
ag,5120,10240,512,gpu,181,c_cublas,2,0.25293,0.25190,0.25190,0.03515,1410,1
ag,5120,10240,512,gpu,181,c_fluxgemm,1,0.27955,0.27955,0.27955,0.03553,1410,1
ag,5120,10240,512,gpu,181,c_flux_ag,0,0.08074,0.07834,0.08074,0.03836,1410,1
ag,5120,10240,512,gpu,181,A_fused,3,0.35123,0.35021,0.35123,0.05773,1410,1
ag,5120,10240,512,gpu,182,c_cublas,2,0.25395,0.25293,0.25293,0.03415,1410,1
ag,5120,10240,512,gpu,182,c_fluxgemm,0,0.27750,0.27750,0.27750,0.04022,1410,1
ag,5120,10240,512,gpu,182,c_flux_ag,3,0.06672,0.06077,0.06672,0.03785,1410,1
ag,5120,10240,512,gpu,182,A_fused,1,0.34202,0.33792,0.34202,0.05517,1410,1
ag,5120,10240,512,gpu,183,c_cublas,3,0.25395,0.25293,0.25293,0.03390,1410,1
ag,5120,10240,512,gpu,183,c_fluxgemm,2,0.27955,0.27750,0.27955,0.03274,1410,1
ag,5120,10240,512,gpu,183,c_flux_ag,1,0.08659,0.08528,0.08528,0.03346,1410,1
ag,5120,10240,512,gpu,183,A_fused,0,0.36147,0.35840,0.36147,0.05512,1410,1
ag,5120,10240,512,gpu,184,c_cublas,3,0.25293,0.25190,0.25190,0.03443,1410,1
ag,5120,10240,512,gpu,184,c_fluxgemm,0,0.27853,0.27750,0.27750,0.03621,1410,1
ag,5120,10240,512,gpu,184,c_flux_ag,2,0.06269,0.06246,0.06246,0.03397,1410,1
ag,5120,10240,512,gpu,184,A_fused,1,0.33587,0.33587,0.33587,0.05465,1410,1
ag,5120,10240,512,gpu,185,c_cublas,1,0.25293,0.25190,0.25190,0.03323,1410,1
ag,5120,10240,512,gpu,185,c_fluxgemm,3,0.27853,0.27750,0.27853,0.03232,1410,1
ag,5120,10240,512,gpu,185,c_flux_ag,0,0.06781,0.06230,0.06781,0.03806,1410,1
ag,5120,10240,512,gpu,185,A_fused,2,0.35533,0.35328,0.35533,0.05542,1410,1
ag,5120,10240,512,gpu,186,c_cublas,0,0.25293,0.25190,0.25190,0.03416,1410,1
ag,5120,10240,512,gpu,186,c_fluxgemm,3,0.27853,0.27750,0.27750,0.03316,1410,1
ag,5120,10240,512,gpu,186,c_flux_ag,2,0.07770,0.07488,0.07770,0.03691,1410,1
ag,5120,10240,512,gpu,186,A_fused,1,0.35840,0.35226,0.35840,0.05649,1410,1
ag,5120,10240,512,gpu,187,c_cublas,2,0.25395,0.25293,0.25293,0.03427,1410,1
ag,5120,10240,512,gpu,187,c_fluxgemm,3,0.27955,0.27853,0.27955,0.03648,1410,1
ag,5120,10240,512,gpu,187,c_flux_ag,0,0.06573,0.06147,0.06147,0.03858,1410,1
ag,5120,10240,512,gpu,187,A_fused,1,0.34714,0.34406,0.34714,0.05699,1410,1
ag,5120,10240,512,gpu,188,c_cublas,1,0.25498,0.25293,0.25293,0.03435,1410,1
ag,5120,10240,512,gpu,188,c_fluxgemm,2,0.27955,0.27853,0.27853,0.04127,1410,1
ag,5120,10240,512,gpu,188,c_flux_ag,0,0.09590,0.09453,0.09453,0.03895,1410,1
ag,5120,10240,512,gpu,188,A_fused,3,0.34918,0.34918,0.34918,0.05420,1410,1
ag,5120,10240,512,gpu,189,c_cublas,1,0.25293,0.25190,0.25190,0.03444,1410,1
ag,5120,10240,512,gpu,189,c_fluxgemm,3,0.27750,0.27648,0.27750,0.03678,1410,1
ag,5120,10240,512,gpu,189,c_flux_ag,0,0.06413,0.06054,0.06054,0.03707,1410,1
ag,5120,10240,512,gpu,189,A_fused,2,0.34304,0.33894,0.33894,0.05590,1410,1
ag,5120,10240,512,gpu,190,c_cublas,1,0.25395,0.25293,0.25293,0.03405,1410,1
ag,5120,10240,512,gpu,190,c_fluxgemm,3,0.27853,0.27750,0.27853,0.03592,1410,1
ag,5120,10240,512,gpu,190,c_flux_ag,2,0.07648,0.07437,0.07648,0.03902,1410,1
ag,5120,10240,512,gpu,190,A_fused,0,0.35533,0.35430,0.35430,0.05537,1410,1
ag,5120,10240,512,gpu,191,c_cublas,2,0.25395,0.25293,0.25293,0.03531,1410,1
ag,5120,10240,512,gpu,191,c_fluxgemm,3,0.27853,0.27750,0.27853,0.03568,1410,1
ag,5120,10240,512,gpu,191,c_flux_ag,1,0.07613,0.07526,0.07526,0.03447,1410,1
ag,5120,10240,512,gpu,191,A_fused,0,0.34918,0.34918,0.34918,0.05556,1410,1
ag,5120,10240,512,gpu,192,c_cublas,0,0.25293,0.25190,0.25190,0.03384,1410,1
ag,5120,10240,512,gpu,192,c_fluxgemm,2,0.27955,0.27648,0.27955,0.03173,1410,1
ag,5120,10240,512,gpu,192,c_flux_ag,3,0.09766,0.09616,0.09616,0.03631,1410,1
ag,5120,10240,512,gpu,192,A_fused,1,0.35021,0.34918,0.35021,0.05696,1410,1
ag,5120,10240,512,gpu,193,c_cublas,3,0.25293,0.25190,0.25190,0.03393,1410,1
ag,5120,10240,512,gpu,193,c_fluxgemm,0,0.27853,0.27648,0.27853,0.03406,1410,1
ag,5120,10240,512,gpu,193,c_flux_ag,1,0.07670,0.07613,0.07613,0.03735,1410,1
ag,5120,10240,512,gpu,193,A_fused,2,0.34099,0.33690,0.34099,0.05142,1410,1
ag,5120,10240,512,gpu,194,c_cublas,3,0.25293,0.25190,0.25190,0.03432,1410,1
ag,5120,10240,512,gpu,194,c_fluxgemm,2,0.27853,0.27853,0.27853,0.03215,1410,1
ag,5120,10240,512,gpu,194,c_flux_ag,0,0.06662,0.06374,0.06662,0.04108,1410,1
ag,5120,10240,512,gpu,194,A_fused,1,0.33997,0.33587,0.33587,0.05216,1410,1
ag,5120,10240,512,gpu,195,c_cublas,2,0.25395,0.25293,0.25293,0.03352,1410,1
ag,5120,10240,512,gpu,195,c_fluxgemm,3,0.27853,0.27853,0.27853,0.03447,1410,1
ag,5120,10240,512,gpu,195,c_flux_ag,0,0.08678,0.08339,0.08339,0.04031,1410,1
ag,5120,10240,512,gpu,195,A_fused,1,0.34099,0.33792,0.33792,0.05474,1410,1
ag,5120,10240,512,gpu,196,c_cublas,3,0.25190,0.25190,0.25190,0.03464,1410,1
ag,5120,10240,512,gpu,196,c_fluxgemm,1,0.27750,0.27648,0.27750,0.03222,1410,1
ag,5120,10240,512,gpu,196,c_flux_ag,2,0.07686,0.07616,0.07616,0.03619,1410,1
ag,5120,10240,512,gpu,196,A_fused,0,0.34918,0.34918,0.34918,0.05680,1410,1
ag,5120,10240,512,gpu,197,c_cublas,1,0.25293,0.25293,0.25293,0.04054,1410,1
ag,5120,10240,512,gpu,197,c_fluxgemm,0,0.28058,0.27853,0.27853,0.03633,1410,1
ag,5120,10240,512,gpu,197,c_flux_ag,2,0.09722,0.09642,0.09722,0.03951,1410,1
ag,5120,10240,512,gpu,197,A_fused,3,0.35738,0.35635,0.35738,0.05277,1410,1
ag,5120,10240,512,gpu,198,c_cublas,2,0.25498,0.25395,0.25498,0.03406,1410,1
ag,5120,10240,512,gpu,198,c_fluxgemm,0,0.27648,0.27648,0.27648,0.03422,1410,1
ag,5120,10240,512,gpu,198,c_flux_ag,3,0.06442,0.06179,0.06179,0.03773,1410,1
ag,5120,10240,512,gpu,198,A_fused,1,0.34304,0.33485,0.33485,0.05361,1410,1
ag,5120,10240,512,gpu,199,c_cublas,3,0.25395,0.25395,0.25395,0.03385,1410,1
ag,5120,10240,512,gpu,199,c_fluxgemm,2,0.27853,0.27648,0.27853,0.03306,1410,1
ag,5120,10240,512,gpu,199,c_flux_ag,0,0.07741,0.07254,0.07254,0.03650,1410,1
ag,5120,10240,512,gpu,199,A_fused,1,0.34202,0.33382,0.34202,0.05219,1410,1
ag,5120,10240,512,steady,0,c_cublas,2,0.26925,0.25856,0.26925,0.01325,0,1
ag,5120,10240,512,steady,0,c_fluxgemm,3,0.27955,0.27373,0.27955,0.01817,0,1
ag,5120,10240,512,steady,0,c_flux_ag,0,0.08310,0.06512,0.08310,0.02678,0,1
ag,5120,10240,512,steady,0,A_fused,1,0.34771,0.34739,0.34739,0.03454,0,1
ag,5120,10240,512,steady,1,c_cublas,1,0.26650,0.25862,0.26650,0.01251,0,1
ag,5120,10240,512,steady,1,c_fluxgemm,2,0.27859,0.27373,0.27859,0.01770,0,1
ag,5120,10240,512,steady,1,c_flux_ag,3,0.07431,0.07422,0.07431,0.02718,0,1
ag,5120,10240,512,steady,1,A_fused,0,0.34624,0.34605,0.34605,0.03568,0,1
ag,5120,10240,512,steady,2,c_cublas,0,0.26810,0.25990,0.26810,0.01269,1320,1
ag,5120,10240,512,steady,2,c_fluxgemm,2,0.27885,0.27405,0.27885,0.01762,1320,1
ag,5120,10240,512,steady,2,c_flux_ag,3,0.07305,0.07299,0.07305,0.02756,1320,1
ag,5120,10240,512,steady,2,A_fused,1,0.34317,0.34266,0.34317,0.03510,1320,1
ag,5120,10240,512,steady,3,c_cublas,1,0.26650,0.25747,0.26650,0.01263,1320,1
ag,5120,10240,512,steady,3,c_fluxgemm,3,0.27795,0.27290,0.27795,0.01759,1320,1
ag,5120,10240,512,steady,3,c_flux_ag,2,0.07510,0.07482,0.07482,0.02668,1320,1
ag,5120,10240,512,steady,3,A_fused,0,0.34266,0.34214,0.34214,0.03444,1320,1
ag,5120,10240,512,steady,4,c_cublas,3,0.26650,0.25754,0.26650,0.01272,1320,1
ag,5120,10240,512,steady,4,c_fluxgemm,2,0.27859,0.27379,0.27859,0.01773,1320,1
ag,5120,10240,512,steady,4,c_flux_ag,1,0.07183,0.07145,0.07145,0.02634,1320,1
ag,5120,10240,512,steady,4,A_fused,0,0.34413,0.34355,0.34355,0.03542,1320,1
ag,5120,10240,512,steady,5,c_cublas,2,0.26637,0.26003,0.26637,0.01339,1320,1
ag,5120,10240,512,steady,5,c_fluxgemm,3,0.27808,0.27443,0.27808,0.01766,1320,1
ag,5120,10240,512,steady,5,c_flux_ag,1,0.06523,0.06523,0.06523,0.02622,1320,1
ag,5120,10240,512,steady,5,A_fused,0,0.34726,0.34707,0.34726,0.03490,1320,1
ag,5120,10240,512,steady,6,c_cublas,2,0.26509,0.26016,0.26509,0.01256,1320,1
ag,5120,10240,512,steady,6,c_fluxgemm,3,0.27763,0.27462,0.27763,0.01875,1320,1
ag,5120,10240,512,steady,6,c_flux_ag,1,0.06483,0.06461,0.06461,0.02686,1320,1
ag,5120,10240,512,steady,6,A_fused,0,0.34944,0.34861,0.34861,0.03512,1320,1
ag,5120,10240,512,steady,7,c_cublas,2,0.26797,0.26080,0.26797,0.01321,1320,1
ag,5120,10240,512,steady,7,c_fluxgemm,0,0.27923,0.27501,0.27923,0.01747,1320,1
ag,5120,10240,512,steady,7,c_flux_ag,1,0.07429,0.07384,0.07429,0.02643,1320,1
ag,5120,10240,512,steady,7,A_fused,3,0.34304,0.34291,0.34304,0.03467,1320,1
ag,5120,10240,512,steady,8,c_cublas,2,0.26810,0.26323,0.26810,0.01269,1320,1
ag,5120,10240,512,steady,8,c_fluxgemm,3,0.27936,0.27610,0.27936,0.01765,1320,1
ag,5120,10240,512,steady,8,c_flux_ag,1,0.06528,0.06526,0.06528,0.02709,1320,1
ag,5120,10240,512,steady,8,A_fused,0,0.35110,0.35072,0.35072,0.03504,1320,1
ag,5120,10240,512,steady,9,c_cublas,3,0.26822,0.26029,0.26822,0.01264,1305,1
ag,5120,10240,512,steady,9,c_fluxgemm,0,0.28090,0.27475,0.28090,0.01741,1305,1
ag,5120,10240,512,steady,9,c_flux_ag,1,0.07577,0.07547,0.07577,0.02667,1305,1
ag,5120,10240,512,steady,9,A_fused,2,0.34285,0.34253,0.34253,0.03453,1305,1
ag,5120,10240,512,steady,10,c_cublas,3,0.26829,0.26010,0.26829,0.01267,1305,1
ag,5120,10240,512,steady,10,c_fluxgemm,0,0.28134,0.27539,0.28134,0.01799,1305,1
ag,5120,10240,512,steady,10,c_flux_ag,2,0.06370,0.06358,0.06358,0.02613,1305,1
ag,5120,10240,512,steady,10,A_fused,1,0.34739,0.34714,0.34739,0.03486,1305,1
ag,5120,10240,512,steady,11,c_cublas,3,0.26515,0.26010,0.26515,0.01254,1305,1
ag,5120,10240,512,steady,11,c_fluxgemm,0,0.28077,0.27462,0.28077,0.01795,1305,1
ag,5120,10240,512,steady,11,c_flux_ag,1,0.07150,0.07140,0.07150,0.02701,1305,1
ag,5120,10240,512,steady,11,A_fused,2,0.34278,0.34253,0.34278,0.03424,1305,1
ag,5120,10240,512,steady,12,c_cublas,0,0.26662,0.25997,0.26662,0.01336,1320,1
ag,5120,10240,512,steady,12,c_fluxgemm,3,0.27782,0.27469,0.27782,0.01747,1320,1
ag,5120,10240,512,steady,12,c_flux_ag,2,0.06392,0.06356,0.06392,0.02677,1320,1
ag,5120,10240,512,steady,12,A_fused,1,0.34547,0.34541,0.34547,0.03478,1320,1
ag,5120,10240,512,steady,13,c_cublas,1,0.26509,0.26016,0.26509,0.01254,1320,1
ag,5120,10240,512,steady,13,c_fluxgemm,3,0.27795,0.27494,0.27795,0.01762,1320,1
ag,5120,10240,512,steady,13,c_flux_ag,2,0.06319,0.06307,0.06307,0.02642,1320,1
ag,5120,10240,512,steady,13,A_fused,0,0.35059,0.35014,0.35014,0.03569,1320,1
ag,5120,10240,512,steady,14,c_cublas,0,0.26682,0.26003,0.26682,0.01272,1320,1
ag,5120,10240,512,steady,14,c_fluxgemm,1,0.27789,0.27443,0.27789,0.01771,1320,1
ag,5120,10240,512,steady,14,c_flux_ag,2,0.07429,0.07414,0.07414,0.02680,1320,1
ag,5120,10240,512,steady,14,A_fused,3,0.34278,0.34272,0.34272,0.03416,1320,1
ag,5120,10240,512,steady,15,c_cublas,1,0.26509,0.26016,0.26509,0.01265,1320,1
ag,5120,10240,512,steady,15,c_fluxgemm,0,0.28019,0.27667,0.28019,0.01789,1320,1
ag,5120,10240,512,steady,15,c_flux_ag,3,0.06215,0.06185,0.06215,0.02630,1320,1
ag,5120,10240,512,steady,15,A_fused,2,0.34586,0.34579,0.34586,0.03465,1320,1
ag,5120,10240,512,steady,16,c_cublas,0,0.26682,0.26118,0.26682,0.01266,1320,1
ag,5120,10240,512,steady,16,c_fluxgemm,2,0.27827,0.27501,0.27827,0.01753,1320,1
ag,5120,10240,512,steady,16,c_flux_ag,3,0.06227,0.06204,0.06204,0.02674,1320,1
ag,5120,10240,512,steady,16,A_fused,1,0.34490,0.34470,0.34490,0.03518,1320,1
ag,5120,10240,512,steady,17,c_cublas,2,0.26810,0.26144,0.26810,0.01266,1320,1
ag,5120,10240,512,steady,17,c_fluxgemm,0,0.27994,0.27648,0.27994,0.01769,1320,1
ag,5120,10240,512,steady,17,c_flux_ag,3,0.06281,0.06263,0.06263,0.02689,1320,1
ag,5120,10240,512,steady,17,A_fused,1,0.34739,0.34701,0.34739,0.03509,1320,1
ag,5120,10240,512,steady,18,c_cublas,2,0.26816,0.26330,0.26816,0.01324,1320,1
ag,5120,10240,512,steady,18,c_fluxgemm,0,0.28115,0.27795,0.28115,0.01890,1320,1
ag,5120,10240,512,steady,18,c_flux_ag,1,0.07373,0.07345,0.07345,0.02631,1320,1
ag,5120,10240,512,steady,18,A_fused,3,0.34342,0.34330,0.34330,0.03473,1320,1
ag,5120,10240,512,steady,19,c_cublas,0,0.26733,0.26496,0.26733,0.01267,1320,1
ag,5120,10240,512,steady,19,c_fluxgemm,3,0.27827,0.27578,0.27827,0.01752,1320,1
ag,5120,10240,512,steady,19,c_flux_ag,2,0.06322,0.06294,0.06322,0.02684,1320,1
ag,5120,10240,512,steady,19,A_fused,1,0.34797,0.34790,0.34790,0.03452,1320,1
ag,5120,10240,512,steady,20,c_cublas,1,0.26637,0.26317,0.26637,0.01357,1320,1
ag,5120,10240,512,steady,20,c_fluxgemm,2,0.27891,0.27501,0.27891,0.01793,1320,1
ag,5120,10240,512,steady,20,c_flux_ag,0,0.07198,0.07169,0.07169,0.02697,1320,1
ag,5120,10240,512,steady,20,A_fused,3,0.34688,0.34682,0.34682,0.03484,1320,1
ag,5120,10240,512,steady,21,c_cublas,0,0.26816,0.26202,0.26816,0.01278,1320,1
ag,5120,10240,512,steady,21,c_fluxgemm,2,0.27878,0.27539,0.27878,0.01771,1320,1
ag,5120,10240,512,steady,21,c_flux_ag,1,0.06318,0.06287,0.06318,0.02759,1320,1
ag,5120,10240,512,steady,21,A_fused,3,0.34656,0.34605,0.34656,0.03477,1320,1
ag,5120,10240,512,steady,22,c_cublas,3,0.26925,0.26016,0.26925,0.01262,1305,1
ag,5120,10240,512,steady,22,c_fluxgemm,2,0.27949,0.27526,0.27949,0.01746,1305,1
ag,5120,10240,512,steady,22,c_flux_ag,0,0.06193,0.06164,0.06164,0.02712,1305,1
ag,5120,10240,512,steady,22,A_fused,1,0.34483,0.34477,0.34477,0.03533,1305,1
ag,5120,10240,512,steady,23,c_cublas,2,0.26931,0.26330,0.26931,0.01262,1305,1
ag,5120,10240,512,steady,23,c_fluxgemm,0,0.28173,0.27629,0.28173,0.01767,1305,1
ag,5120,10240,512,steady,23,c_flux_ag,1,0.07380,0.07366,0.07380,0.02724,1305,1
ag,5120,10240,512,steady,23,A_fused,3,0.34291,0.34240,0.34291,0.03561,1305,1
ag,5120,10240,512,steady,24,c_cublas,0,0.27098,0.26483,0.27098,0.01262,1305,1
ag,5120,10240,512,steady,24,c_fluxgemm,2,0.27994,0.27622,0.27994,0.01789,1305,1
ag,5120,10240,512,steady,24,c_flux_ag,1,0.07414,0.07396,0.07396,0.02736,1305,1
ag,5120,10240,512,steady,24,A_fused,3,0.34342,0.34336,0.34342,0.03533,1305,1
ag,5120,10240,512,steady,25,c_cublas,1,0.27206,0.26317,0.27206,0.01258,1290,1
ag,5120,10240,512,steady,25,c_fluxgemm,2,0.28109,0.27616,0.28109,0.01781,1290,1
ag,5120,10240,512,steady,25,c_flux_ag,3,0.07591,0.07582,0.07582,0.02788,1290,1
ag,5120,10240,512,steady,25,A_fused,0,0.34854,0.34752,0.34752,0.03415,1290,1
ag,5120,10240,512,steady,26,c_cublas,1,0.27130,0.26317,0.27130,0.01367,1290,1
ag,5120,10240,512,steady,26,c_fluxgemm,2,0.28083,0.27648,0.28083,0.01779,1290,1
ag,5120,10240,512,steady,26,c_flux_ag,0,0.06496,0.06434,0.06434,0.02622,1290,1
ag,5120,10240,512,steady,26,A_fused,3,0.34630,0.34618,0.34630,0.03455,1290,1
ag,5120,10240,512,steady,27,c_cublas,3,0.26822,0.26534,0.26822,0.01272,1290,1
ag,5120,10240,512,steady,27,c_fluxgemm,1,0.27949,0.27597,0.27949,0.01842,1290,1
ag,5120,10240,512,steady,27,c_flux_ag,2,0.07283,0.07268,0.07283,0.02755,1290,1
ag,5120,10240,512,steady,27,A_fused,0,0.34541,0.34534,0.34534,0.03443,1290,1
ag,5120,10240,512,steady,28,c_cublas,0,0.27648,0.26630,0.27648,0.01296,1260,1
ag,5120,10240,512,steady,28,c_fluxgemm,2,0.28384,0.27712,0.28384,0.01880,1260,1
ag,5120,10240,512,steady,28,c_flux_ag,1,0.06512,0.06495,0.06495,0.02663,1260,1
ag,5120,10240,512,steady,28,A_fused,3,0.35008,0.34976,0.35008,0.03482,1260,1
ag,5120,10240,512,steady,29,c_cublas,2,0.27443,0.26163,0.27443,0.01315,1260,1
ag,5120,10240,512,steady,29,c_fluxgemm,1,0.28282,0.27680,0.28282,0.01755,1260,1
ag,5120,10240,512,steady,29,c_flux_ag,0,0.06753,0.06706,0.06706,0.02691,1260,1
ag,5120,10240,512,steady,29,A_fused,3,0.35142,0.35098,0.35142,0.03456,1260,1
ag,5120,10240,512,steady,30,c_cublas,3,0.27450,0.26746,0.27450,0.01262,1260,1
ag,5120,10240,512,steady,30,c_fluxgemm,0,0.28416,0.27718,0.28416,0.01797,1260,1
ag,5120,10240,512,steady,30,c_flux_ag,2,0.06535,0.06511,0.06511,0.02677,1260,1
ag,5120,10240,512,steady,30,A_fused,1,0.34995,0.34982,0.34995,0.03394,1260,1
ag,5120,10240,512,steady,31,c_cublas,2,0.27450,0.26726,0.27450,0.01266,1260,1
ag,5120,10240,512,steady,31,c_fluxgemm,3,0.27968,0.27750,0.27968,0.01775,1260,1
ag,5120,10240,512,steady,31,c_flux_ag,1,0.06672,0.06655,0.06655,0.02682,1260,1
ag,5120,10240,512,steady,31,A_fused,0,0.35347,0.35194,0.35194,0.03533,1260,1
ag,5120,10240,512,steady,32,c_cublas,0,0.27104,0.26541,0.27104,0.01302,1305,1
ag,5120,10240,512,steady,32,c_fluxgemm,3,0.27955,0.27635,0.27955,0.01757,1305,1
ag,5120,10240,512,steady,32,c_flux_ag,1,0.07250,0.07249,0.07249,0.02683,1305,1
ag,5120,10240,512,steady,32,A_fused,2,0.34362,0.34362,0.34362,0.03500,1305,1
ag,5120,10240,512,steady,33,c_cublas,3,0.26643,0.26554,0.26643,0.01264,1305,1
ag,5120,10240,512,steady,33,c_fluxgemm,1,0.27814,0.27622,0.27814,0.01744,1305,1
ag,5120,10240,512,steady,33,c_flux_ag,2,0.06371,0.06340,0.06340,0.02724,1305,1
ag,5120,10240,512,steady,33,A_fused,0,0.34790,0.34720,0.34720,0.03525,1305,1
ag,5120,10240,512,steady,34,c_cublas,1,0.26630,0.26195,0.26630,0.01260,1305,1
ag,5120,10240,512,steady,34,c_fluxgemm,0,0.28038,0.27738,0.28038,0.01766,1305,1
ag,5120,10240,512,steady,34,c_flux_ag,2,0.07448,0.07427,0.07427,0.02659,1305,1
ag,5120,10240,512,steady,34,A_fused,3,0.34298,0.34246,0.34298,0.03512,1305,1
ag,5120,10240,512,steady,35,c_cublas,0,0.26810,0.26362,0.26810,0.01433,1320,1
ag,5120,10240,512,steady,35,c_fluxgemm,1,0.27808,0.27558,0.27808,0.01774,1320,1
ag,5120,10240,512,steady,35,c_flux_ag,2,0.07320,0.07319,0.07319,0.02722,1320,1
ag,5120,10240,512,steady,35,A_fused,3,0.34157,0.34144,0.34157,0.03413,1320,1
ag,5120,10240,512,steady,36,c_cublas,0,0.26816,0.26362,0.26816,0.01304,1320,1
ag,5120,10240,512,steady,36,c_fluxgemm,1,0.27808,0.27571,0.27808,0.01781,1320,1
ag,5120,10240,512,steady,36,c_flux_ag,3,0.06294,0.06293,0.06293,0.02635,1320,1
ag,5120,10240,512,steady,36,A_fused,2,0.34573,0.34560,0.34573,0.03495,1320,1
ag,5120,10240,512,steady,37,c_cublas,0,0.26822,0.26362,0.26822,0.01264,1320,1
ag,5120,10240,512,steady,37,c_fluxgemm,2,0.27859,0.27629,0.27859,0.01730,1320,1
ag,5120,10240,512,steady,37,c_flux_ag,3,0.06367,0.06337,0.06367,0.02699,1320,1
ag,5120,10240,512,steady,37,A_fused,1,0.34758,0.34688,0.34758,0.03509,1320,1
ag,5120,10240,512,steady,38,c_cublas,3,0.26822,0.26202,0.26822,0.01257,1305,1
ag,5120,10240,512,steady,38,c_fluxgemm,2,0.27981,0.27642,0.27981,0.01752,1305,1
ag,5120,10240,512,steady,38,c_flux_ag,1,0.06396,0.06375,0.06396,0.02652,1305,1
ag,5120,10240,512,steady,38,A_fused,0,0.34950,0.34906,0.34906,0.03446,1305,1
ag,5120,10240,512,steady,39,c_cublas,3,0.26509,0.26202,0.26509,0.01245,1305,1
ag,5120,10240,512,steady,39,c_fluxgemm,1,0.27910,0.27546,0.27910,0.01771,1305,1
ag,5120,10240,512,steady,39,c_flux_ag,0,0.07305,0.07218,0.07218,0.02671,1305,1
ag,5120,10240,512,steady,39,A_fused,2,0.34208,0.34202,0.34208,0.03469,1305,1
ag,5120,10240,512,steady,40,c_cublas,1,0.26515,0.26195,0.26515,0.01260,1305,1
ag,5120,10240,512,steady,40,c_fluxgemm,3,0.27725,0.27578,0.27725,0.01742,1305,1
ag,5120,10240,512,steady,40,c_flux_ag,0,0.07324,0.07249,0.07249,0.02731,1305,1
ag,5120,10240,512,steady,40,A_fused,2,0.34182,0.34138,0.34138,0.03520,1305,1
ag,5120,10240,512,steady,41,c_cublas,3,0.26234,0.26010,0.26234,0.01309,1335,1
ag,5120,10240,512,steady,41,c_fluxgemm,1,0.27603,0.27430,0.27603,0.01795,1335,1
ag,5120,10240,512,steady,41,c_flux_ag,0,0.07342,0.07317,0.07317,0.02672,1335,1
ag,5120,10240,512,steady,41,A_fused,2,0.34163,0.34125,0.34163,0.03399,1335,1
ag,5120,10240,512,steady,42,c_cublas,2,0.26810,0.26003,0.26810,0.01264,1335,1
ag,5120,10240,512,steady,42,c_fluxgemm,3,0.27898,0.27488,0.27898,0.01779,1335,1
ag,5120,10240,512,steady,42,c_flux_ag,1,0.06391,0.06377,0.06377,0.02709,1335,1
ag,5120,10240,512,steady,42,A_fused,0,0.34656,0.34592,0.34592,0.03472,1335,1
ag,5120,10240,512,steady,43,c_cublas,0,0.26989,0.26003,0.26989,0.01255,1335,1
ag,5120,10240,512,steady,43,c_fluxgemm,3,0.27917,0.27469,0.27917,0.01768,1335,1
ag,5120,10240,512,steady,43,c_flux_ag,1,0.07262,0.07234,0.07262,0.02705,1335,1
ag,5120,10240,512,steady,43,A_fused,2,0.34285,0.34266,0.34285,0.03494,1335,1
ag,5120,10240,512,steady,44,c_cublas,3,0.26822,0.26010,0.26822,0.01263,1305,1
ag,5120,10240,512,steady,44,c_fluxgemm,2,0.28013,0.27520,0.28013,0.01764,1305,1
ag,5120,10240,512,steady,44,c_flux_ag,1,0.06447,0.06425,0.06425,0.02621,1305,1
ag,5120,10240,512,steady,44,A_fused,0,0.34912,0.34854,0.34854,0.03465,1305,1
ag,5120,10240,512,steady,45,c_cublas,1,0.26816,0.26016,0.26816,0.01292,1305,1
ag,5120,10240,512,steady,45,c_fluxgemm,3,0.27904,0.27456,0.27904,0.01758,1305,1
ag,5120,10240,512,steady,45,c_flux_ag,2,0.06493,0.06490,0.06493,0.02645,1305,1
ag,5120,10240,512,steady,45,A_fused,0,0.34842,0.34835,0.34842,0.03446,1305,1
ag,5120,10240,512,steady,46,c_cublas,0,0.26995,0.26010,0.26995,0.01291,1305,1
ag,5120,10240,512,steady,46,c_fluxgemm,3,0.27930,0.27469,0.27930,0.01761,1305,1
ag,5120,10240,512,steady,46,c_flux_ag,2,0.06449,0.06415,0.06449,0.02674,1305,1
ag,5120,10240,512,steady,46,A_fused,1,0.34656,0.34650,0.34656,0.03463,1305,1
ag,5120,10240,512,steady,47,c_cublas,0,0.26989,0.26010,0.26989,0.01277,1305,1
ag,5120,10240,512,steady,47,c_fluxgemm,1,0.27795,0.27456,0.27795,0.01774,1305,1
ag,5120,10240,512,steady,47,c_flux_ag,3,0.06510,0.06499,0.06499,0.02645,1305,1
ag,5120,10240,512,steady,47,A_fused,2,0.34707,0.34682,0.34682,0.03439,1305,1
ag,5120,10240,512,steady,48,c_cublas,1,0.26515,0.26010,0.26515,0.01321,1320,1
ag,5120,10240,512,steady,48,c_fluxgemm,2,0.27750,0.27488,0.27750,0.01770,1320,1
ag,5120,10240,512,steady,48,c_flux_ag,0,0.06229,0.06195,0.06195,0.02672,1320,1
ag,5120,10240,512,steady,48,A_fused,3,0.34413,0.34381,0.34413,0.03445,1320,1
ag,5120,10240,512,steady,49,c_cublas,1,0.26234,0.25766,0.26234,0.01258,1320,1
ag,5120,10240,512,steady,49,c_fluxgemm,0,0.27885,0.27539,0.27885,0.01782,1320,1
ag,5120,10240,512,steady,49,c_flux_ag,2,0.07020,0.06998,0.06998,0.02714,1320,1
ag,5120,10240,512,steady,49,A_fused,3,0.34330,0.34323,0.34323,0.03436,1320,1
ag,5120,10240,2048,gpu,0,c_cublas,1,0.75366,0.74138,0.75366,0.11373,0,1
ag,5120,10240,2048,gpu,0,c_fluxgemm,3,0.81613,0.79258,0.81613,0.05931,0,1
ag,5120,10240,2048,gpu,0,c_flux_ag,2,0.18944,0.18909,0.18944,0.04912,0,1
ag,5120,10240,2048,gpu,0,A_fused,0,1.00045,0.90726,0.90726,0.09232,0,1
ag,5120,10240,2048,gpu,1,c_cublas,3,0.75469,0.74035,0.75469,0.04104,0,1
ag,5120,10240,2048,gpu,1,c_fluxgemm,2,0.81613,0.79258,0.81613,0.03322,0,1
ag,5120,10240,2048,gpu,1,c_flux_ag,1,0.14704,0.14022,0.14704,0.03456,0,1
ag,5120,10240,2048,gpu,1,A_fused,0,0.86528,0.84173,0.86528,0.05875,0,1
ag,5120,10240,2048,gpu,2,c_cublas,3,0.75366,0.74240,0.75366,0.03472,0,1
ag,5120,10240,2048,gpu,2,c_fluxgemm,0,0.81408,0.79155,0.81408,0.03562,0,1
ag,5120,10240,2048,gpu,2,c_flux_ag,1,0.14048,0.14045,0.14045,0.03827,0,1
ag,5120,10240,2048,gpu,2,A_fused,2,0.86323,0.84070,0.86323,0.05138,0,1
ag,5120,10240,2048,gpu,3,c_cublas,1,0.75366,0.74240,0.75366,0.03391,0,1
ag,5120,10240,2048,gpu,3,c_fluxgemm,0,0.81408,0.79155,0.81408,0.03639,0,1
ag,5120,10240,2048,gpu,3,c_flux_ag,3,0.15366,0.15190,0.15366,0.03446,0,1
ag,5120,10240,2048,gpu,3,A_fused,2,0.86528,0.84173,0.86528,0.05543,0,1
ag,5120,10240,2048,gpu,4,c_cublas,3,0.75571,0.74240,0.75571,0.03484,0,1
ag,5120,10240,2048,gpu,4,c_fluxgemm,1,0.81613,0.79258,0.81613,0.03383,0,1
ag,5120,10240,2048,gpu,4,c_flux_ag,2,0.14499,0.13962,0.13962,0.03628,0,1
ag,5120,10240,2048,gpu,4,A_fused,0,0.91443,0.88166,0.88166,0.05862,0,1
ag,5120,10240,2048,gpu,5,c_cublas,1,0.75366,0.74240,0.75366,0.03376,0,1
ag,5120,10240,2048,gpu,5,c_fluxgemm,2,0.81510,0.79155,0.81510,0.04135,0,1
ag,5120,10240,2048,gpu,5,c_flux_ag,3,0.15514,0.14534,0.15514,0.03672,0,1
ag,5120,10240,2048,gpu,5,A_fused,0,0.86323,0.83968,0.86323,0.05663,0,1
ag,5120,10240,2048,gpu,6,c_cublas,3,0.75469,0.74138,0.75469,0.03483,0,1
ag,5120,10240,2048,gpu,6,c_fluxgemm,1,0.81510,0.79155,0.81510,0.03155,0,1
ag,5120,10240,2048,gpu,6,c_flux_ag,2,0.19050,0.18781,0.19050,0.03651,0,1
ag,5120,10240,2048,gpu,6,A_fused,0,0.86630,0.84173,0.86630,0.05671,0,1
ag,5120,10240,2048,gpu,7,c_cublas,0,0.75366,0.74240,0.75366,0.03185,0,1
ag,5120,10240,2048,gpu,7,c_fluxgemm,2,0.81510,0.79155,0.81510,0.03529,0,1
ag,5120,10240,2048,gpu,7,c_flux_ag,1,0.15386,0.15296,0.15386,0.03862,0,1
ag,5120,10240,2048,gpu,7,A_fused,3,0.86323,0.83968,0.86323,0.05707,0,1
ag,5120,10240,2048,gpu,8,c_cublas,1,0.75264,0.74138,0.75264,0.03537,1395,1
ag,5120,10240,2048,gpu,8,c_fluxgemm,2,0.81408,0.79155,0.81408,0.03495,1395,1
ag,5120,10240,2048,gpu,8,c_flux_ag,3,0.15552,0.15546,0.15546,0.03940,1395,1
ag,5120,10240,2048,gpu,8,A_fused,0,0.86528,0.84070,0.86528,0.05459,1395,1
ag,5120,10240,2048,gpu,9,c_cublas,3,0.75264,0.74138,0.75264,0.03452,1395,1
ag,5120,10240,2048,gpu,9,c_fluxgemm,2,0.81510,0.79155,0.81510,0.03175,1395,1
ag,5120,10240,2048,gpu,9,c_flux_ag,0,0.15472,0.14928,0.15472,0.03595,1395,1
ag,5120,10240,2048,gpu,9,A_fused,1,0.86323,0.84070,0.86323,0.05219,1395,1
ag,5120,10240,2048,gpu,10,c_cublas,1,0.75366,0.74138,0.75366,0.03446,1395,1
ag,5120,10240,2048,gpu,10,c_fluxgemm,3,0.81306,0.79258,0.81306,0.03213,1395,1
ag,5120,10240,2048,gpu,10,c_flux_ag,0,0.19517,0.19200,0.19200,0.03939,1395,1
ag,5120,10240,2048,gpu,10,A_fused,2,0.86323,0.84070,0.86323,0.05482,1395,1
ag,5120,10240,2048,gpu,11,c_cublas,0,0.75264,0.74240,0.75264,0.03432,1395,1
ag,5120,10240,2048,gpu,11,c_fluxgemm,3,0.81510,0.79360,0.81510,0.03163,1395,1
ag,5120,10240,2048,gpu,11,c_flux_ag,1,0.14323,0.14243,0.14323,0.03903,1395,1
ag,5120,10240,2048,gpu,11,A_fused,2,0.86221,0.83968,0.86221,0.05238,1395,1
ag,5120,10240,2048,gpu,12,c_cublas,1,0.75469,0.74342,0.75469,0.15148,1395,1
ag,5120,10240,2048,gpu,12,c_fluxgemm,0,0.81408,0.79155,0.81408,0.03407,1395,1
ag,5120,10240,2048,gpu,12,c_flux_ag,2,0.15840,0.15830,0.15840,0.03971,1395,1
ag,5120,10240,2048,gpu,12,A_fused,3,0.86221,0.83968,0.86221,0.05777,1395,1
ag,5120,10240,2048,gpu,13,c_cublas,1,0.75469,0.74240,0.75469,0.07616,1395,1
ag,5120,10240,2048,gpu,13,c_fluxgemm,3,0.81306,0.79155,0.81306,0.03246,1395,1
ag,5120,10240,2048,gpu,13,c_flux_ag,0,0.15482,0.15312,0.15482,0.03550,1395,1
ag,5120,10240,2048,gpu,13,A_fused,2,0.86118,0.84070,0.86118,0.06458,1395,1
ag,5120,10240,2048,gpu,14,c_cublas,2,0.75264,0.74138,0.75264,0.03528,1395,1
ag,5120,10240,2048,gpu,14,c_fluxgemm,1,0.81306,0.79053,0.81306,0.03195,1395,1
ag,5120,10240,2048,gpu,14,c_flux_ag,3,0.14275,0.14189,0.14275,0.04008,1395,1
ag,5120,10240,2048,gpu,14,A_fused,0,0.86221,0.84173,0.86221,0.05760,1395,1
ag,5120,10240,2048,gpu,15,c_cublas,0,0.75366,0.74138,0.75366,0.03476,1395,1
ag,5120,10240,2048,gpu,15,c_fluxgemm,3,0.81510,0.79360,0.81510,0.03327,1395,1
ag,5120,10240,2048,gpu,15,c_flux_ag,2,0.19171,0.18832,0.19171,0.04369,1395,1
ag,5120,10240,2048,gpu,15,A_fused,1,0.86221,0.84275,0.86221,0.05701,1395,1
ag,5120,10240,2048,gpu,16,c_cublas,3,0.75366,0.74240,0.75366,0.03502,1395,1
ag,5120,10240,2048,gpu,16,c_fluxgemm,1,0.81408,0.79258,0.81408,0.03929,1395,1
ag,5120,10240,2048,gpu,16,c_flux_ag,0,0.35021,0.17747,0.35021,0.03838,1395,1
ag,5120,10240,2048,gpu,16,A_fused,2,0.86426,0.84173,0.86426,0.05320,1395,1
ag,5120,10240,2048,gpu,17,c_cublas,2,0.75469,0.74650,0.75469,0.03464,1395,1
ag,5120,10240,2048,gpu,17,c_fluxgemm,0,0.81510,0.79360,0.81510,0.03760,1395,1
ag,5120,10240,2048,gpu,17,c_flux_ag,1,0.14144,0.13930,0.13930,0.03785,1395,1
ag,5120,10240,2048,gpu,17,A_fused,3,0.86323,0.84173,0.86323,0.05665,1395,1
ag,5120,10240,2048,gpu,18,c_cublas,0,0.75264,0.74547,0.75264,0.03435,1395,1
ag,5120,10240,2048,gpu,18,c_fluxgemm,3,0.81408,0.79360,0.81408,0.03165,1395,1
ag,5120,10240,2048,gpu,18,c_flux_ag,1,0.18931,0.18749,0.18931,0.03854,1395,1
ag,5120,10240,2048,gpu,18,A_fused,2,0.86118,0.84173,0.86118,0.05219,1395,1
ag,5120,10240,2048,gpu,19,c_cublas,2,0.75264,0.74445,0.75264,0.03502,1395,1
ag,5120,10240,2048,gpu,19,c_fluxgemm,1,0.81408,0.79258,0.81408,0.03313,1395,1
ag,5120,10240,2048,gpu,19,c_flux_ag,0,0.16781,0.16678,0.16781,0.03699,1395,1
ag,5120,10240,2048,gpu,19,A_fused,3,0.86733,0.84275,0.86733,0.05553,1395,1
ag,5120,10240,2048,gpu,20,c_cublas,2,0.75264,0.74445,0.75264,0.03607,1395,1
ag,5120,10240,2048,gpu,20,c_fluxgemm,0,0.81510,0.79462,0.81510,0.03652,1395,1
ag,5120,10240,2048,gpu,20,c_flux_ag,1,0.15318,0.15078,0.15078,0.03792,1395,1
ag,5120,10240,2048,gpu,20,A_fused,3,0.86221,0.84173,0.86221,0.05641,1395,1
ag,5120,10240,2048,gpu,21,c_cublas,1,0.75366,0.74650,0.75366,0.03501,1395,1
ag,5120,10240,2048,gpu,21,c_fluxgemm,2,0.81613,0.79565,0.81613,0.03503,1395,1
ag,5120,10240,2048,gpu,21,c_flux_ag,0,0.20317,0.20307,0.20307,0.03607,1395,1
ag,5120,10240,2048,gpu,21,A_fused,3,0.86221,0.84173,0.86221,0.05939,1395,1
ag,5120,10240,2048,gpu,22,c_cublas,1,0.75366,0.74547,0.75366,0.03474,1395,1
ag,5120,10240,2048,gpu,22,c_fluxgemm,2,0.81408,0.79462,0.81408,0.04220,1395,1
ag,5120,10240,2048,gpu,22,c_flux_ag,0,0.16848,0.16698,0.16698,0.03682,1395,1
ag,5120,10240,2048,gpu,22,A_fused,3,0.86221,0.84173,0.86221,0.05498,1395,1
ag,5120,10240,2048,gpu,23,c_cublas,0,0.75366,0.74445,0.75366,0.03450,1395,1
ag,5120,10240,2048,gpu,23,c_fluxgemm,3,0.81613,0.79462,0.81613,0.03318,1395,1
ag,5120,10240,2048,gpu,23,c_flux_ag,2,0.15539,0.15395,0.15539,0.03415,1395,1
ag,5120,10240,2048,gpu,23,A_fused,1,0.86426,0.84275,0.86426,0.06361,1395,1
ag,5120,10240,2048,gpu,24,c_cublas,3,0.75469,0.74650,0.75469,0.08367,1395,1
ag,5120,10240,2048,gpu,24,c_fluxgemm,0,0.81510,0.79360,0.81510,0.03209,1395,1
ag,5120,10240,2048,gpu,24,c_flux_ag,1,0.18442,0.18435,0.18435,0.03804,1395,1
ag,5120,10240,2048,gpu,24,A_fused,2,0.86528,0.84275,0.86528,0.05194,1395,1
ag,5120,10240,2048,gpu,25,c_cublas,3,0.75366,0.74547,0.75366,0.03475,1395,1
ag,5120,10240,2048,gpu,25,c_fluxgemm,0,0.81510,0.79462,0.81510,0.03699,1395,1
ag,5120,10240,2048,gpu,25,c_flux_ag,2,0.16234,0.16141,0.16234,0.03403,1395,1
ag,5120,10240,2048,gpu,25,A_fused,1,0.86323,0.84173,0.86323,0.05461,1395,1
ag,5120,10240,2048,gpu,26,c_cublas,1,0.75264,0.74547,0.75264,0.03433,1395,1
ag,5120,10240,2048,gpu,26,c_fluxgemm,3,0.81408,0.79462,0.81408,0.03385,1395,1
ag,5120,10240,2048,gpu,26,c_flux_ag,2,0.15370,0.14934,0.14934,0.03784,1395,1
ag,5120,10240,2048,gpu,26,A_fused,0,0.86323,0.84378,0.86323,0.05756,1395,1
ag,5120,10240,2048,gpu,27,c_cublas,0,0.75264,0.74547,0.75264,0.03506,1395,1
ag,5120,10240,2048,gpu,27,c_fluxgemm,1,0.81510,0.79462,0.81510,0.03490,1395,1
ag,5120,10240,2048,gpu,27,c_flux_ag,2,0.19165,0.19088,0.19088,0.03767,1395,1
ag,5120,10240,2048,gpu,27,A_fused,3,0.86221,0.84173,0.86221,0.05093,1395,1
ag,5120,10240,2048,gpu,28,c_cublas,3,0.75469,0.74650,0.75469,0.03501,1395,1
ag,5120,10240,2048,gpu,28,c_fluxgemm,2,0.81510,0.79462,0.81510,0.03435,1395,1
ag,5120,10240,2048,gpu,28,c_flux_ag,1,0.15478,0.15373,0.15478,0.03385,1395,1
ag,5120,10240,2048,gpu,28,A_fused,0,0.86528,0.86426,0.86528,0.05335,1395,1
ag,5120,10240,2048,gpu,29,c_cublas,3,0.75366,0.74445,0.75366,0.03463,1395,1
ag,5120,10240,2048,gpu,29,c_fluxgemm,0,0.81613,0.79360,0.81613,0.03568,1395,1
ag,5120,10240,2048,gpu,29,c_flux_ag,2,0.15776,0.15747,0.15776,0.03478,1395,1
ag,5120,10240,2048,gpu,29,A_fused,1,0.86221,0.84070,0.86221,0.05556,1395,1
ag,5120,10240,2048,gpu,30,c_cublas,0,0.75366,0.74547,0.75366,0.03146,1395,1
ag,5120,10240,2048,gpu,30,c_fluxgemm,1,0.81510,0.79360,0.81510,0.03575,1395,1
ag,5120,10240,2048,gpu,30,c_flux_ag,2,0.18966,0.18826,0.18826,0.03822,1395,1
ag,5120,10240,2048,gpu,30,A_fused,3,0.86221,0.84173,0.86221,0.05810,1395,1
ag,5120,10240,2048,gpu,31,c_cublas,1,0.75264,0.74445,0.75264,0.03437,1395,1
ag,5120,10240,2048,gpu,31,c_fluxgemm,2,0.81510,0.79462,0.81510,0.03574,1395,1
ag,5120,10240,2048,gpu,31,c_flux_ag,3,0.15498,0.15312,0.15498,0.03726,1395,1
ag,5120,10240,2048,gpu,31,A_fused,0,0.86426,0.84378,0.86426,0.05396,1395,1
ag,5120,10240,2048,gpu,32,c_cublas,1,0.75366,0.74547,0.75366,0.04328,1395,1
ag,5120,10240,2048,gpu,32,c_fluxgemm,3,0.81510,0.79462,0.81510,0.03412,1395,1
ag,5120,10240,2048,gpu,32,c_flux_ag,2,0.14013,0.13952,0.14013,0.03840,1395,1
ag,5120,10240,2048,gpu,32,A_fused,0,0.86323,0.84173,0.86323,0.05517,1395,1
ag,5120,10240,2048,gpu,33,c_cublas,1,0.75366,0.74547,0.75366,0.03480,1395,1
ag,5120,10240,2048,gpu,33,c_fluxgemm,0,0.81306,0.79360,0.81306,0.03154,1395,1
ag,5120,10240,2048,gpu,33,c_flux_ag,2,0.19357,0.19274,0.19274,0.03922,1395,1
ag,5120,10240,2048,gpu,33,A_fused,3,0.86118,0.84173,0.86118,0.05175,1395,1
ag,5120,10240,2048,gpu,34,c_cublas,2,0.75264,0.74547,0.75264,0.03460,1395,1
ag,5120,10240,2048,gpu,34,c_fluxgemm,3,0.81306,0.79360,0.81306,0.03491,1395,1
ag,5120,10240,2048,gpu,34,c_flux_ag,1,0.15501,0.15405,0.15501,0.03258,1395,1
ag,5120,10240,2048,gpu,34,A_fused,0,0.86323,0.84275,0.86323,0.05274,1395,1
ag,5120,10240,2048,gpu,35,c_cublas,1,0.75264,0.74445,0.75264,0.03397,1395,1
ag,5120,10240,2048,gpu,35,c_fluxgemm,0,0.81306,0.79360,0.81306,0.03167,1395,1
ag,5120,10240,2048,gpu,35,c_flux_ag,3,0.14525,0.14474,0.14525,0.03329,1395,1
ag,5120,10240,2048,gpu,35,A_fused,2,0.86323,0.84378,0.86323,0.05629,1395,1
ag,5120,10240,2048,gpu,36,c_cublas,1,0.75264,0.74445,0.75264,0.03498,1395,1
ag,5120,10240,2048,gpu,36,c_fluxgemm,2,0.81408,0.79462,0.81408,0.03510,1395,1
ag,5120,10240,2048,gpu,36,c_flux_ag,0,0.14451,0.14058,0.14451,0.03435,1395,1
ag,5120,10240,2048,gpu,36,A_fused,3,0.86323,0.84173,0.86323,0.05479,1395,1
ag,5120,10240,2048,gpu,37,c_cublas,3,0.75264,0.74547,0.75264,0.03493,1395,1
ag,5120,10240,2048,gpu,37,c_fluxgemm,1,0.81408,0.79258,0.81408,0.03126,1395,1
ag,5120,10240,2048,gpu,37,c_flux_ag,2,0.15434,0.15066,0.15434,0.03609,1395,1
ag,5120,10240,2048,gpu,37,A_fused,0,0.86426,0.84275,0.86426,0.05271,1395,1
ag,5120,10240,2048,gpu,38,c_cublas,1,0.75264,0.74547,0.75264,0.03460,1395,1
ag,5120,10240,2048,gpu,38,c_fluxgemm,2,0.81306,0.79360,0.81306,0.03527,1395,1
ag,5120,10240,2048,gpu,38,c_flux_ag,0,0.14035,0.13856,0.14035,0.04182,1395,1
ag,5120,10240,2048,gpu,38,A_fused,3,0.86221,0.84275,0.86221,0.05310,1395,1
ag,5120,10240,2048,gpu,39,c_cublas,3,0.75366,0.74547,0.75366,0.03497,1395,1
ag,5120,10240,2048,gpu,39,c_fluxgemm,0,0.81408,0.79565,0.81408,0.03335,1395,1
ag,5120,10240,2048,gpu,39,c_flux_ag,1,0.14355,0.13872,0.14355,0.03636,1395,1
ag,5120,10240,2048,gpu,39,A_fused,2,0.86118,0.84173,0.86118,0.05025,1395,1
ag,5120,10240,2048,gpu,40,c_cublas,2,0.75469,0.74650,0.75469,0.03526,1395,1
ag,5120,10240,2048,gpu,40,c_fluxgemm,3,0.81510,0.79360,0.81510,0.03620,1395,1
ag,5120,10240,2048,gpu,40,c_flux_ag,1,0.15322,0.15277,0.15277,0.03380,1395,1
ag,5120,10240,2048,gpu,40,A_fused,0,0.86426,0.84378,0.86426,0.05802,1395,1
ag,5120,10240,2048,gpu,41,c_cublas,0,0.75264,0.74547,0.75264,0.03417,1395,1
ag,5120,10240,2048,gpu,41,c_fluxgemm,3,0.81306,0.79258,0.81306,0.03171,1395,1
ag,5120,10240,2048,gpu,41,c_flux_ag,1,0.14077,0.14013,0.14077,0.03913,1395,1
ag,5120,10240,2048,gpu,41,A_fused,2,0.86221,0.84173,0.86221,0.05710,1395,1
ag,5120,10240,2048,gpu,42,c_cublas,0,0.75366,0.74547,0.75366,0.03456,1395,1
ag,5120,10240,2048,gpu,42,c_fluxgemm,2,0.81306,0.79258,0.81306,0.03440,1395,1
ag,5120,10240,2048,gpu,42,c_flux_ag,1,0.15930,0.15840,0.15840,0.04631,1395,1
ag,5120,10240,2048,gpu,42,A_fused,3,0.86118,0.84173,0.86118,0.05211,1395,1
ag,5120,10240,2048,gpu,43,c_cublas,3,0.75366,0.74547,0.75366,0.03508,1395,1
ag,5120,10240,2048,gpu,43,c_fluxgemm,1,0.81408,0.79360,0.81408,0.03206,1395,1
ag,5120,10240,2048,gpu,43,c_flux_ag,2,0.14208,0.13830,0.14208,0.03597,1395,1
ag,5120,10240,2048,gpu,43,A_fused,0,0.86630,0.84480,0.86630,0.05829,1395,1
ag,5120,10240,2048,gpu,44,c_cublas,1,0.75469,0.74547,0.75469,0.03552,1395,1
ag,5120,10240,2048,gpu,44,c_fluxgemm,0,0.81510,0.79360,0.81510,0.03659,1395,1
ag,5120,10240,2048,gpu,44,c_flux_ag,3,0.14163,0.13990,0.13990,0.03470,1395,1
ag,5120,10240,2048,gpu,44,A_fused,2,0.86630,0.84173,0.86630,0.05838,1395,1
ag,5120,10240,2048,gpu,45,c_cublas,1,0.75264,0.74547,0.75264,0.03479,1395,1
ag,5120,10240,2048,gpu,45,c_fluxgemm,0,0.81203,0.79258,0.81203,0.03451,1395,1
ag,5120,10240,2048,gpu,45,c_flux_ag,2,0.16858,0.16531,0.16858,0.03947,1395,1
ag,5120,10240,2048,gpu,45,A_fused,3,0.86118,0.84070,0.86118,0.05067,1395,1
ag,5120,10240,2048,gpu,46,c_cublas,0,0.75264,0.74547,0.75264,0.03443,1395,1
ag,5120,10240,2048,gpu,46,c_fluxgemm,1,0.81510,0.79360,0.81510,0.03551,1395,1
ag,5120,10240,2048,gpu,46,c_flux_ag,2,0.19392,0.19376,0.19392,0.03722,1395,1
ag,5120,10240,2048,gpu,46,A_fused,3,0.86323,0.84173,0.86323,0.05051,1395,1
ag,5120,10240,2048,gpu,47,c_cublas,3,0.75366,0.74445,0.75366,0.03462,1395,1
ag,5120,10240,2048,gpu,47,c_fluxgemm,2,0.81203,0.79258,0.81203,0.03175,1395,1
ag,5120,10240,2048,gpu,47,c_flux_ag,0,0.14032,0.14019,0.14032,0.03482,1395,1
ag,5120,10240,2048,gpu,47,A_fused,1,0.86016,0.84173,0.86016,0.05107,1395,1
ag,5120,10240,2048,gpu,48,c_cublas,2,0.75264,0.74547,0.75264,0.03418,1395,1
ag,5120,10240,2048,gpu,48,c_fluxgemm,1,0.81510,0.79360,0.81510,0.03439,1395,1
ag,5120,10240,2048,gpu,48,c_flux_ag,0,0.16749,0.16346,0.16749,0.03955,1395,1
ag,5120,10240,2048,gpu,48,A_fused,3,0.86221,0.84275,0.86221,0.05591,1395,1
ag,5120,10240,2048,gpu,49,c_cublas,2,0.75469,0.74650,0.75469,0.03478,1395,1
ag,5120,10240,2048,gpu,49,c_fluxgemm,0,0.81408,0.79360,0.81408,0.03427,1395,1
ag,5120,10240,2048,gpu,49,c_flux_ag,1,0.15421,0.15293,0.15421,0.03632,1395,1
ag,5120,10240,2048,gpu,49,A_fused,3,0.86221,0.84275,0.86221,0.05616,1395,1
ag,5120,10240,2048,gpu,50,c_cublas,3,0.75366,0.74650,0.75366,0.03501,1395,1
ag,5120,10240,2048,gpu,50,c_fluxgemm,0,0.81306,0.79258,0.81306,0.03504,1395,1
ag,5120,10240,2048,gpu,50,c_flux_ag,1,0.14163,0.13837,0.14163,0.03747,1395,1
ag,5120,10240,2048,gpu,50,A_fused,2,0.86323,0.84173,0.86323,0.04934,1395,1
ag,5120,10240,2048,gpu,51,c_cublas,1,0.75264,0.74445,0.75264,0.03385,1395,1
ag,5120,10240,2048,gpu,51,c_fluxgemm,0,0.81306,0.79258,0.81306,0.03598,1395,1
ag,5120,10240,2048,gpu,51,c_flux_ag,3,0.16099,0.15994,0.16099,0.03550,1395,1
ag,5120,10240,2048,gpu,51,A_fused,2,0.86323,0.84275,0.86323,0.06287,1395,1
ag,5120,10240,2048,gpu,52,c_cublas,1,0.75469,0.74752,0.75469,0.03470,1395,1
ag,5120,10240,2048,gpu,52,c_fluxgemm,0,0.81510,0.79462,0.81510,0.03513,1395,1
ag,5120,10240,2048,gpu,52,c_flux_ag,3,0.14147,0.13898,0.13898,0.03336,1395,1
ag,5120,10240,2048,gpu,52,A_fused,2,0.86221,0.84275,0.86221,0.05683,1395,1
ag,5120,10240,2048,gpu,53,c_cublas,2,0.75264,0.74445,0.75264,0.03429,1395,1
ag,5120,10240,2048,gpu,53,c_fluxgemm,3,0.81306,0.79258,0.81306,0.03531,1395,1
ag,5120,10240,2048,gpu,53,c_flux_ag,0,0.64218,0.17226,0.17226,0.04074,1395,1
ag,5120,10240,2048,gpu,53,A_fused,1,0.86221,0.84275,0.86221,0.05350,1395,1
ag,5120,10240,2048,gpu,54,c_cublas,1,0.75366,0.74547,0.75366,0.03473,1395,1
ag,5120,10240,2048,gpu,54,c_fluxgemm,3,0.81408,0.79258,0.81408,0.03160,1395,1
ag,5120,10240,2048,gpu,54,c_flux_ag,0,0.14621,0.13824,0.14621,0.03882,1395,1
ag,5120,10240,2048,gpu,54,A_fused,2,0.86016,0.84173,0.86016,0.05565,1395,1
ag,5120,10240,2048,gpu,55,c_cublas,3,0.75366,0.74547,0.75366,0.03564,1395,1
ag,5120,10240,2048,gpu,55,c_fluxgemm,0,0.81306,0.79360,0.81306,0.03157,1395,1
ag,5120,10240,2048,gpu,55,c_flux_ag,2,0.13891,0.13763,0.13891,0.03323,1395,1
ag,5120,10240,2048,gpu,55,A_fused,1,0.86221,0.84173,0.86221,0.05401,1395,1
ag,5120,10240,2048,gpu,56,c_cublas,3,0.75469,0.74650,0.75469,0.03733,1395,1
ag,5120,10240,2048,gpu,56,c_fluxgemm,0,0.81510,0.79462,0.81510,0.03752,1395,1
ag,5120,10240,2048,gpu,56,c_flux_ag,1,0.15350,0.15338,0.15350,0.03880,1395,1
ag,5120,10240,2048,gpu,56,A_fused,2,0.86323,0.84173,0.86323,0.05370,1395,1
ag,5120,10240,2048,gpu,57,c_cublas,1,0.75264,0.74547,0.75264,0.03395,1395,1
ag,5120,10240,2048,gpu,57,c_fluxgemm,3,0.81408,0.79360,0.81408,0.03410,1395,1
ag,5120,10240,2048,gpu,57,c_flux_ag,2,0.18442,0.18272,0.18442,0.03922,1395,1
ag,5120,10240,2048,gpu,57,A_fused,0,0.86221,0.84070,0.86221,0.05703,1395,1
ag,5120,10240,2048,gpu,58,c_cublas,2,0.75264,0.74445,0.75264,0.03476,1395,1
ag,5120,10240,2048,gpu,58,c_fluxgemm,1,0.81408,0.79462,0.81408,0.03963,1395,1
ag,5120,10240,2048,gpu,58,c_flux_ag,0,0.16454,0.16285,0.16285,0.03967,1395,1
ag,5120,10240,2048,gpu,58,A_fused,3,0.86118,0.84173,0.86118,0.05591,1395,1
ag,5120,10240,2048,gpu,59,c_cublas,3,0.75264,0.74547,0.75264,0.03500,1395,1
ag,5120,10240,2048,gpu,59,c_fluxgemm,1,0.81306,0.79360,0.81306,0.03361,1395,1
ag,5120,10240,2048,gpu,59,c_flux_ag,0,0.15590,0.15434,0.15434,0.04081,1395,1
ag,5120,10240,2048,gpu,59,A_fused,2,0.86118,0.84378,0.86118,0.05380,1395,1
ag,5120,10240,2048,gpu,60,c_cublas,2,0.75469,0.74650,0.75469,0.20186,1395,1
ag,5120,10240,2048,gpu,60,c_fluxgemm,3,0.81613,0.79565,0.81613,0.03643,1395,1
ag,5120,10240,2048,gpu,60,c_flux_ag,1,0.16909,0.16854,0.16854,0.03418,1395,1
ag,5120,10240,2048,gpu,60,A_fused,0,0.86118,0.84275,0.86118,0.05771,1395,1
ag,5120,10240,2048,gpu,61,c_cublas,1,0.75469,0.74650,0.75469,0.03482,1395,1
ag,5120,10240,2048,gpu,61,c_fluxgemm,3,0.81306,0.79360,0.81306,0.03210,1395,1
ag,5120,10240,2048,gpu,61,c_flux_ag,0,0.18774,0.18694,0.18694,0.03881,1395,1
ag,5120,10240,2048,gpu,61,A_fused,2,0.86221,0.84173,0.86221,0.05588,1395,1
ag,5120,10240,2048,gpu,62,c_cublas,0,0.75264,0.74547,0.75264,0.03441,1395,1
ag,5120,10240,2048,gpu,62,c_fluxgemm,1,0.81408,0.79462,0.81408,0.03462,1395,1
ag,5120,10240,2048,gpu,62,c_flux_ag,3,0.16048,0.15843,0.16048,0.03477,1395,1
ag,5120,10240,2048,gpu,62,A_fused,2,0.86118,0.84275,0.86118,0.05432,1395,1
ag,5120,10240,2048,gpu,63,c_cublas,1,0.75264,0.74547,0.75264,0.03470,1395,1
ag,5120,10240,2048,gpu,63,c_fluxgemm,0,0.81306,0.79258,0.81306,0.03606,1395,1
ag,5120,10240,2048,gpu,63,c_flux_ag,2,0.16973,0.16947,0.16973,0.03997,1395,1
ag,5120,10240,2048,gpu,63,A_fused,3,0.86323,0.84275,0.86323,0.05134,1395,1
ag,5120,10240,2048,gpu,64,c_cublas,3,0.75366,0.74650,0.75366,0.03516,1395,1
ag,5120,10240,2048,gpu,64,c_fluxgemm,0,0.81408,0.79360,0.81408,0.03483,1395,1
ag,5120,10240,2048,gpu,64,c_flux_ag,2,0.14477,0.13872,0.13872,0.03415,1395,1
ag,5120,10240,2048,gpu,64,A_fused,1,0.86221,0.84173,0.86221,0.05343,1395,1
ag,5120,10240,2048,gpu,65,c_cublas,3,0.75264,0.74547,0.75264,0.03519,1395,1
ag,5120,10240,2048,gpu,65,c_fluxgemm,0,0.82637,0.81510,0.81510,0.04210,1395,1
ag,5120,10240,2048,gpu,65,c_flux_ag,2,0.14186,0.14026,0.14026,0.03415,1395,1
ag,5120,10240,2048,gpu,65,A_fused,1,0.86221,0.84275,0.86221,0.05353,1395,1
ag,5120,10240,2048,gpu,66,c_cublas,3,0.75366,0.74547,0.75366,0.03470,1395,1
ag,5120,10240,2048,gpu,66,c_fluxgemm,1,0.81510,0.79360,0.81510,0.03430,1395,1
ag,5120,10240,2048,gpu,66,c_flux_ag,0,0.15366,0.14720,0.15366,0.03912,1395,1
ag,5120,10240,2048,gpu,66,A_fused,2,0.86221,0.84173,0.86221,0.05256,1395,1
ag,5120,10240,2048,gpu,67,c_cublas,2,0.75366,0.74650,0.75366,0.03447,1395,1
ag,5120,10240,2048,gpu,67,c_fluxgemm,1,0.81408,0.79258,0.81408,0.03297,1395,1
ag,5120,10240,2048,gpu,67,c_flux_ag,3,0.14624,0.13859,0.14624,0.03896,1395,1
ag,5120,10240,2048,gpu,67,A_fused,0,0.86221,0.84173,0.86221,0.05692,1395,1
ag,5120,10240,2048,gpu,68,c_cublas,0,0.75571,0.74650,0.75571,0.04098,1395,1
ag,5120,10240,2048,gpu,68,c_fluxgemm,2,0.81408,0.79462,0.81408,0.03633,1395,1
ag,5120,10240,2048,gpu,68,c_flux_ag,1,0.18819,0.18646,0.18819,0.03819,1395,1
ag,5120,10240,2048,gpu,68,A_fused,3,0.86323,0.84275,0.86323,0.05256,1395,1
ag,5120,10240,2048,gpu,69,c_cublas,3,0.75264,0.74547,0.75264,0.03493,1395,1
ag,5120,10240,2048,gpu,69,c_fluxgemm,0,0.81306,0.79462,0.81306,0.03391,1395,1
ag,5120,10240,2048,gpu,69,c_flux_ag,2,0.14141,0.13946,0.14141,0.03356,1395,1
ag,5120,10240,2048,gpu,69,A_fused,1,0.86221,0.84275,0.86221,0.05300,1395,1
ag,5120,10240,2048,gpu,70,c_cublas,3,0.75366,0.74547,0.75366,0.03443,1395,1
ag,5120,10240,2048,gpu,70,c_fluxgemm,1,0.81510,0.79360,0.81510,0.03425,1395,1
ag,5120,10240,2048,gpu,70,c_flux_ag,0,0.16010,0.15738,0.15738,0.03883,1395,1
ag,5120,10240,2048,gpu,70,A_fused,2,0.86221,0.84173,0.86221,0.05223,1395,1
ag,5120,10240,2048,gpu,71,c_cublas,2,0.75366,0.74547,0.75366,0.03421,1395,1
ag,5120,10240,2048,gpu,71,c_fluxgemm,3,0.81408,0.79565,0.81408,0.03486,1395,1
ag,5120,10240,2048,gpu,71,c_flux_ag,1,0.18666,0.18522,0.18522,0.03445,1395,1
ag,5120,10240,2048,gpu,71,A_fused,0,0.86733,0.84275,0.86733,0.05689,1395,1
ag,5120,10240,2048,gpu,72,c_cublas,2,0.75264,0.74547,0.75264,0.03463,1395,1
ag,5120,10240,2048,gpu,72,c_fluxgemm,0,0.81510,0.79360,0.81510,0.03176,1395,1
ag,5120,10240,2048,gpu,72,c_flux_ag,1,0.16912,0.16672,0.16912,0.03703,1395,1
ag,5120,10240,2048,gpu,72,A_fused,3,0.86323,0.84173,0.86323,0.05515,1395,1
ag,5120,10240,2048,gpu,73,c_cublas,2,0.75366,0.74650,0.75366,0.03470,1395,1
ag,5120,10240,2048,gpu,73,c_fluxgemm,1,0.81408,0.79462,0.81408,0.03339,1395,1
ag,5120,10240,2048,gpu,73,c_flux_ag,0,0.16730,0.16678,0.16678,0.03549,1395,1
ag,5120,10240,2048,gpu,73,A_fused,3,0.86221,0.84275,0.86221,0.05574,1395,1
ag,5120,10240,2048,gpu,74,c_cublas,2,0.75366,0.74547,0.75366,0.03505,1395,1
ag,5120,10240,2048,gpu,74,c_fluxgemm,3,0.81306,0.79360,0.81306,0.03576,1395,1
ag,5120,10240,2048,gpu,74,c_flux_ag,1,0.14534,0.14064,0.14064,0.03417,1395,1
ag,5120,10240,2048,gpu,74,A_fused,0,0.86221,0.84275,0.86221,0.05354,1395,1
ag,5120,10240,2048,gpu,75,c_cublas,2,0.75366,0.74650,0.75366,0.03993,1395,1
ag,5120,10240,2048,gpu,75,c_fluxgemm,0,0.81306,0.79258,0.81306,0.03143,1395,1
ag,5120,10240,2048,gpu,75,c_flux_ag,3,0.15885,0.15306,0.15885,0.03815,1395,1
ag,5120,10240,2048,gpu,75,A_fused,1,0.86118,0.84378,0.86118,0.05355,1395,1
ag,5120,10240,2048,gpu,76,c_cublas,3,0.75469,0.74650,0.75469,0.03436,1395,1
ag,5120,10240,2048,gpu,76,c_fluxgemm,1,0.81510,0.79258,0.81510,0.03409,1395,1
ag,5120,10240,2048,gpu,76,c_flux_ag,0,0.16653,0.16298,0.16653,0.03592,1395,1
ag,5120,10240,2048,gpu,76,A_fused,2,0.86323,0.84173,0.86323,0.05354,1395,1
ag,5120,10240,2048,gpu,77,c_cublas,0,0.75366,0.74547,0.75366,0.03161,1395,1
ag,5120,10240,2048,gpu,77,c_fluxgemm,1,0.81510,0.79360,0.81510,0.03598,1395,1
ag,5120,10240,2048,gpu,77,c_flux_ag,3,0.13955,0.13789,0.13955,0.03346,1395,1
ag,5120,10240,2048,gpu,77,A_fused,2,0.86323,0.84275,0.86323,0.05409,1395,1
ag,5120,10240,2048,gpu,78,c_cublas,1,0.75366,0.74445,0.75366,0.03553,1395,1
ag,5120,10240,2048,gpu,78,c_fluxgemm,2,0.81408,0.79360,0.81408,0.03523,1395,1
ag,5120,10240,2048,gpu,78,c_flux_ag,0,0.16845,0.16627,0.16845,0.03646,1395,1
ag,5120,10240,2048,gpu,78,A_fused,3,0.86221,0.84173,0.86221,0.05406,1395,1
ag,5120,10240,2048,gpu,79,c_cublas,3,0.75366,0.74547,0.75366,0.03676,1395,1
ag,5120,10240,2048,gpu,79,c_fluxgemm,0,0.81408,0.79258,0.81408,0.03463,1395,1
ag,5120,10240,2048,gpu,79,c_flux_ag,2,0.14390,0.13888,0.13888,0.03446,1395,1
ag,5120,10240,2048,gpu,79,A_fused,1,0.86323,0.84378,0.86323,0.05462,1395,1
ag,5120,10240,2048,gpu,80,c_cublas,1,0.75469,0.74650,0.75469,0.03444,1395,1
ag,5120,10240,2048,gpu,80,c_fluxgemm,0,0.81408,0.79360,0.81408,0.03663,1395,1
ag,5120,10240,2048,gpu,80,c_flux_ag,3,0.16835,0.16758,0.16758,0.03350,1395,1
ag,5120,10240,2048,gpu,80,A_fused,2,0.86323,0.84173,0.86323,0.05560,1395,1
ag,5120,10240,2048,gpu,81,c_cublas,3,0.75366,0.74547,0.75366,0.03509,1395,1
ag,5120,10240,2048,gpu,81,c_fluxgemm,2,0.81408,0.79462,0.81408,0.03215,1395,1
ag,5120,10240,2048,gpu,81,c_flux_ag,0,0.17200,0.16650,0.17200,0.03622,1395,1
ag,5120,10240,2048,gpu,81,A_fused,1,0.86016,0.84173,0.86016,0.05269,1395,1
ag,5120,10240,2048,gpu,82,c_cublas,1,0.75366,0.74547,0.75366,0.03394,1395,1
ag,5120,10240,2048,gpu,82,c_fluxgemm,2,0.81408,0.79360,0.81408,0.03519,1395,1
ag,5120,10240,2048,gpu,82,c_flux_ag,0,0.17232,0.17130,0.17130,0.03852,1395,1
ag,5120,10240,2048,gpu,82,A_fused,3,0.86118,0.84173,0.86118,0.05301,1395,1
ag,5120,10240,2048,gpu,83,c_cublas,1,0.75366,0.74547,0.75366,0.03491,1395,1
ag,5120,10240,2048,gpu,83,c_fluxgemm,3,0.81510,0.79360,0.81510,0.03195,1395,1
ag,5120,10240,2048,gpu,83,c_flux_ag,0,0.14416,0.14170,0.14170,0.03557,1395,1
ag,5120,10240,2048,gpu,83,A_fused,2,0.86323,0.84275,0.86323,0.05445,1395,1
ag,5120,10240,2048,gpu,84,c_cublas,1,0.75366,0.74547,0.75366,0.03459,1395,1
ag,5120,10240,2048,gpu,84,c_fluxgemm,3,0.81408,0.79462,0.81408,0.03300,1395,1
ag,5120,10240,2048,gpu,84,c_flux_ag,0,0.17690,0.17453,0.17690,0.03690,1395,1
ag,5120,10240,2048,gpu,84,A_fused,2,0.86733,0.84275,0.86733,0.05542,1395,1
ag,5120,10240,2048,gpu,85,c_cublas,0,0.75264,0.74445,0.75264,0.03531,1395,1
ag,5120,10240,2048,gpu,85,c_fluxgemm,2,0.81408,0.79360,0.81408,0.03272,1395,1
ag,5120,10240,2048,gpu,85,c_flux_ag,3,0.16032,0.16019,0.16019,0.03557,1395,1
ag,5120,10240,2048,gpu,85,A_fused,1,0.86733,0.84378,0.86733,0.05633,1395,1
ag,5120,10240,2048,gpu,86,c_cublas,2,0.75366,0.74547,0.75366,0.03517,1395,1
ag,5120,10240,2048,gpu,86,c_fluxgemm,1,0.81408,0.79360,0.81408,0.03903,1395,1
ag,5120,10240,2048,gpu,86,c_flux_ag,0,0.17155,0.16787,0.16787,0.03562,1395,1
ag,5120,10240,2048,gpu,86,A_fused,3,0.86221,0.84275,0.86221,0.05693,1395,1
ag,5120,10240,2048,gpu,87,c_cublas,0,0.75366,0.74547,0.75366,0.03900,1395,1
ag,5120,10240,2048,gpu,87,c_fluxgemm,2,0.81408,0.79360,0.81408,0.03439,1395,1
ag,5120,10240,2048,gpu,87,c_flux_ag,1,0.15453,0.15434,0.15453,0.03911,1395,1
ag,5120,10240,2048,gpu,87,A_fused,3,0.86221,0.84275,0.86221,0.05242,1395,1
ag,5120,10240,2048,gpu,88,c_cublas,2,0.75366,0.74547,0.75366,0.03594,1395,1
ag,5120,10240,2048,gpu,88,c_fluxgemm,0,0.81306,0.79360,0.81306,0.03399,1395,1
ag,5120,10240,2048,gpu,88,c_flux_ag,1,0.15658,0.15578,0.15578,0.03733,1395,1
ag,5120,10240,2048,gpu,88,A_fused,3,0.86630,0.84582,0.86630,0.05542,1395,1
ag,5120,10240,2048,gpu,89,c_cublas,1,0.75366,0.74547,0.75366,0.03441,1395,1
ag,5120,10240,2048,gpu,89,c_fluxgemm,0,0.81306,0.79360,0.81306,0.03406,1395,1
ag,5120,10240,2048,gpu,89,c_flux_ag,2,0.18829,0.18762,0.18829,0.03964,1395,1
ag,5120,10240,2048,gpu,89,A_fused,3,0.86221,0.84173,0.86221,0.05100,1395,1
ag,5120,10240,2048,gpu,90,c_cublas,3,0.75366,0.74547,0.75366,0.03543,1395,1
ag,5120,10240,2048,gpu,90,c_fluxgemm,1,0.81510,0.79360,0.81510,0.03190,1395,1
ag,5120,10240,2048,gpu,90,c_flux_ag,2,0.15936,0.15814,0.15936,0.03568,1395,1
ag,5120,10240,2048,gpu,90,A_fused,0,0.86221,0.84275,0.86221,0.05412,1395,1
ag,5120,10240,2048,gpu,91,c_cublas,1,0.75366,0.74547,0.75366,0.03568,1395,1
ag,5120,10240,2048,gpu,91,c_fluxgemm,2,0.81510,0.79565,0.81510,0.03600,1395,1
ag,5120,10240,2048,gpu,91,c_flux_ag,3,0.16205,0.16106,0.16205,0.03780,1395,1
ag,5120,10240,2048,gpu,91,A_fused,0,0.86323,0.84275,0.86323,0.05758,1395,1
ag,5120,10240,2048,gpu,92,c_cublas,2,0.75366,0.74547,0.75366,0.03505,1395,1
ag,5120,10240,2048,gpu,92,c_fluxgemm,0,0.81408,0.79462,0.81408,0.03432,1395,1
ag,5120,10240,2048,gpu,92,c_flux_ag,1,0.24595,0.24202,0.24595,0.03569,1395,1
ag,5120,10240,2048,gpu,92,A_fused,3,0.86221,0.84378,0.86221,0.05646,1395,1
ag,5120,10240,2048,gpu,93,c_cublas,1,0.75264,0.74547,0.75264,0.03371,1395,1
ag,5120,10240,2048,gpu,93,c_fluxgemm,3,0.81408,0.79360,0.81408,0.03384,1395,1
ag,5120,10240,2048,gpu,93,c_flux_ag,2,0.16026,0.15805,0.16026,0.04496,1395,1
ag,5120,10240,2048,gpu,93,A_fused,0,0.86118,0.84275,0.86118,0.05331,1395,1
ag,5120,10240,2048,gpu,94,c_cublas,2,0.75366,0.74547,0.75366,0.03461,1395,1
ag,5120,10240,2048,gpu,94,c_fluxgemm,3,0.81306,0.79462,0.81306,0.03534,1395,1
ag,5120,10240,2048,gpu,94,c_flux_ag,0,0.16813,0.16742,0.16813,0.03720,1395,1
ag,5120,10240,2048,gpu,94,A_fused,1,0.86323,0.84378,0.86323,0.05200,1395,1
ag,5120,10240,2048,gpu,95,c_cublas,1,0.75366,0.74547,0.75366,0.04226,1395,1
ag,5120,10240,2048,gpu,95,c_fluxgemm,3,0.81510,0.79667,0.81510,0.03233,1395,1
ag,5120,10240,2048,gpu,95,c_flux_ag,0,0.16282,0.16125,0.16282,0.03833,1395,1
ag,5120,10240,2048,gpu,95,A_fused,2,0.86221,0.84275,0.86221,0.05587,1395,1
ag,5120,10240,2048,gpu,96,c_cublas,3,0.75469,0.74650,0.75469,0.03470,1395,1
ag,5120,10240,2048,gpu,96,c_fluxgemm,2,0.81306,0.79360,0.81306,0.03266,1395,1
ag,5120,10240,2048,gpu,96,c_flux_ag,1,0.16131,0.15901,0.16131,0.03440,1395,1
ag,5120,10240,2048,gpu,96,A_fused,0,0.86323,0.84378,0.86323,0.05551,1395,1
ag,5120,10240,2048,gpu,97,c_cublas,0,0.75366,0.74547,0.75366,0.03227,1395,1
ag,5120,10240,2048,gpu,97,c_fluxgemm,2,0.81306,0.79360,0.81306,0.03232,1395,1
ag,5120,10240,2048,gpu,97,c_flux_ag,3,0.16554,0.16371,0.16371,0.03481,1395,1
ag,5120,10240,2048,gpu,97,A_fused,1,0.86733,0.84275,0.86733,0.05785,1395,1
ag,5120,10240,2048,gpu,98,c_cublas,0,0.75366,0.74547,0.75366,0.03537,1395,1
ag,5120,10240,2048,gpu,98,c_fluxgemm,1,0.81306,0.79258,0.81306,0.03571,1395,1
ag,5120,10240,2048,gpu,98,c_flux_ag,3,0.15469,0.14595,0.15469,0.03372,1395,1
ag,5120,10240,2048,gpu,98,A_fused,2,0.86221,0.84275,0.86221,0.05385,1395,1
ag,5120,10240,2048,gpu,99,c_cublas,3,0.75366,0.74445,0.75366,0.03498,1395,1
ag,5120,10240,2048,gpu,99,c_fluxgemm,1,0.81408,0.79258,0.81408,0.03368,1395,1
ag,5120,10240,2048,gpu,99,c_flux_ag,0,0.17664,0.17270,0.17270,0.03533,1395,1
ag,5120,10240,2048,gpu,99,A_fused,2,0.86323,0.84173,0.86323,0.05215,1395,1
ag,5120,10240,2048,gpu,100,c_cublas,3,0.75469,0.74650,0.75469,0.03437,1395,1
ag,5120,10240,2048,gpu,100,c_fluxgemm,1,0.81613,0.79258,0.81613,0.03420,1395,1
ag,5120,10240,2048,gpu,100,c_flux_ag,0,0.16090,0.16003,0.16090,0.03886,1395,1
ag,5120,10240,2048,gpu,100,A_fused,2,0.86323,0.84173,0.86323,0.05223,1395,1
ag,5120,10240,2048,gpu,101,c_cublas,2,0.75469,0.74547,0.75469,0.03389,1395,1
ag,5120,10240,2048,gpu,101,c_fluxgemm,1,0.81306,0.79258,0.81306,0.03183,1395,1
ag,5120,10240,2048,gpu,101,c_flux_ag,3,0.19206,0.18742,0.19206,0.03876,1395,1
ag,5120,10240,2048,gpu,101,A_fused,0,0.86221,0.84173,0.86221,0.05805,1395,1
ag,5120,10240,2048,gpu,102,c_cublas,1,0.75264,0.74547,0.75264,0.03530,1395,1
ag,5120,10240,2048,gpu,102,c_fluxgemm,0,0.84173,0.79462,0.84173,0.03807,1395,1
ag,5120,10240,2048,gpu,102,c_flux_ag,3,0.15693,0.15037,0.15037,0.03509,1395,1
ag,5120,10240,2048,gpu,102,A_fused,2,0.86323,0.84378,0.86323,0.05755,1395,1
ag,5120,10240,2048,gpu,103,c_cublas,2,0.75366,0.74547,0.75366,0.03479,1395,1
ag,5120,10240,2048,gpu,103,c_fluxgemm,3,0.81408,0.79462,0.81408,0.03510,1395,1
ag,5120,10240,2048,gpu,103,c_flux_ag,1,0.14435,0.14016,0.14016,0.03402,1395,1
ag,5120,10240,2048,gpu,103,A_fused,0,0.86323,0.84275,0.86323,0.05609,1395,1
ag,5120,10240,2048,gpu,104,c_cublas,0,0.75469,0.74650,0.75469,0.03403,1395,1
ag,5120,10240,2048,gpu,104,c_fluxgemm,2,0.81408,0.79462,0.81408,0.03440,1395,1
ag,5120,10240,2048,gpu,104,c_flux_ag,1,0.15942,0.15488,0.15942,0.03924,1395,1
ag,5120,10240,2048,gpu,104,A_fused,3,0.86221,0.84275,0.86221,0.05268,1395,1
ag,5120,10240,2048,gpu,105,c_cublas,3,0.75366,0.74547,0.75366,0.03514,1395,1
ag,5120,10240,2048,gpu,105,c_fluxgemm,1,0.81306,0.79360,0.81306,0.03130,1395,1
ag,5120,10240,2048,gpu,105,c_flux_ag,2,0.16000,0.15779,0.16000,0.03520,1395,1
ag,5120,10240,2048,gpu,105,A_fused,0,0.86323,0.84275,0.86323,0.05416,1395,1
ag,5120,10240,2048,gpu,106,c_cublas,0,0.75264,0.74547,0.75264,0.03153,1395,1
ag,5120,10240,2048,gpu,106,c_fluxgemm,1,0.81408,0.79258,0.81408,0.03568,1395,1
ag,5120,10240,2048,gpu,106,c_flux_ag,2,0.14128,0.13971,0.13971,0.03828,1395,1
ag,5120,10240,2048,gpu,106,A_fused,3,0.86221,0.84070,0.86221,0.05793,1395,1
ag,5120,10240,2048,gpu,107,c_cublas,2,0.75469,0.74752,0.75469,0.03428,1395,1
ag,5120,10240,2048,gpu,107,c_fluxgemm,0,0.81306,0.79258,0.81306,0.03340,1395,1
ag,5120,10240,2048,gpu,107,c_flux_ag,3,0.19242,0.19098,0.19242,0.03839,1395,1
ag,5120,10240,2048,gpu,107,A_fused,1,0.86323,0.84173,0.86323,0.05342,1395,1
ag,5120,10240,2048,gpu,108,c_cublas,0,0.75469,0.74547,0.75469,0.03454,1395,1
ag,5120,10240,2048,gpu,108,c_fluxgemm,2,0.81306,0.79258,0.81306,0.03331,1395,1
ag,5120,10240,2048,gpu,108,c_flux_ag,3,0.14378,0.14189,0.14189,0.03573,1395,1
ag,5120,10240,2048,gpu,108,A_fused,1,0.86323,0.84275,0.86323,0.06366,1395,1
ag,5120,10240,2048,gpu,109,c_cublas,1,0.75366,0.74547,0.75366,0.03524,1395,1
ag,5120,10240,2048,gpu,109,c_fluxgemm,3,0.81408,0.79360,0.81408,0.03371,1395,1
ag,5120,10240,2048,gpu,109,c_flux_ag,2,0.14064,0.13974,0.14064,0.03817,1395,1
ag,5120,10240,2048,gpu,109,A_fused,0,0.86221,0.84173,0.86221,0.05514,1395,1
ag,5120,10240,2048,gpu,110,c_cublas,0,0.75469,0.74650,0.75469,0.04073,1395,1
ag,5120,10240,2048,gpu,110,c_fluxgemm,2,0.81510,0.79360,0.81510,0.03433,1395,1
ag,5120,10240,2048,gpu,110,c_flux_ag,1,0.16381,0.16170,0.16170,0.03917,1395,1
ag,5120,10240,2048,gpu,110,A_fused,3,0.86221,0.84275,0.86221,0.05225,1395,1
ag,5120,10240,2048,gpu,111,c_cublas,3,0.75366,0.74547,0.75366,0.03502,1395,1
ag,5120,10240,2048,gpu,111,c_fluxgemm,0,0.81306,0.79258,0.81306,0.03539,1395,1
ag,5120,10240,2048,gpu,111,c_flux_ag,2,0.14470,0.14253,0.14470,0.03345,1395,1
ag,5120,10240,2048,gpu,111,A_fused,1,0.86118,0.84173,0.86118,0.05354,1395,1
ag,5120,10240,2048,gpu,112,c_cublas,2,0.75264,0.74547,0.75264,0.03421,1395,1
ag,5120,10240,2048,gpu,112,c_fluxgemm,0,0.81408,0.79462,0.81408,0.03611,1395,1
ag,5120,10240,2048,gpu,112,c_flux_ag,3,0.14163,0.14112,0.14163,0.03720,1395,1
ag,5120,10240,2048,gpu,112,A_fused,1,0.86221,0.84275,0.86221,0.05407,1395,1
ag,5120,10240,2048,gpu,113,c_cublas,1,0.75264,0.74547,0.75264,0.03463,1395,1
ag,5120,10240,2048,gpu,113,c_fluxgemm,0,0.81510,0.79462,0.81510,0.03550,1395,1
ag,5120,10240,2048,gpu,113,c_flux_ag,3,0.16707,0.16678,0.16678,0.03480,1395,1
ag,5120,10240,2048,gpu,113,A_fused,2,0.86733,0.84480,0.86733,0.05592,1395,1
ag,5120,10240,2048,gpu,114,c_cublas,3,0.75366,0.74445,0.75366,0.03509,1395,1
ag,5120,10240,2048,gpu,114,c_fluxgemm,0,0.81306,0.79565,0.81306,0.03701,1395,1
ag,5120,10240,2048,gpu,114,c_flux_ag,2,0.15440,0.15306,0.15306,0.03368,1395,1
ag,5120,10240,2048,gpu,114,A_fused,1,0.86323,0.84275,0.86323,0.05346,1395,1
ag,5120,10240,2048,gpu,115,c_cublas,1,0.75366,0.74547,0.75366,0.03454,1395,1
ag,5120,10240,2048,gpu,115,c_fluxgemm,0,0.81306,0.79360,0.81306,0.03618,1395,1
ag,5120,10240,2048,gpu,115,c_flux_ag,2,0.13878,0.13814,0.13878,0.04023,1395,1
ag,5120,10240,2048,gpu,115,A_fused,3,0.86221,0.84173,0.86221,0.05173,1395,1
ag,5120,10240,2048,gpu,116,c_cublas,2,0.75366,0.74547,0.75366,0.03409,1395,1
ag,5120,10240,2048,gpu,116,c_fluxgemm,0,0.81510,0.79462,0.81510,0.03549,1395,1
ag,5120,10240,2048,gpu,116,c_flux_ag,3,0.19363,0.19210,0.19210,0.04628,1395,1
ag,5120,10240,2048,gpu,116,A_fused,1,0.86221,0.84378,0.86221,0.05431,1395,1
ag,5120,10240,2048,gpu,117,c_cublas,2,0.75366,0.74445,0.75366,0.03429,1395,1
ag,5120,10240,2048,gpu,117,c_fluxgemm,0,0.81408,0.79360,0.81408,0.03518,1395,1
ag,5120,10240,2048,gpu,117,c_flux_ag,3,0.14390,0.13930,0.14390,0.03833,1395,1
ag,5120,10240,2048,gpu,117,A_fused,1,0.86221,0.84173,0.86221,0.05423,1395,1
ag,5120,10240,2048,gpu,118,c_cublas,0,0.75366,0.74445,0.75366,0.03525,1395,1
ag,5120,10240,2048,gpu,118,c_fluxgemm,2,0.81408,0.79360,0.81408,0.03354,1395,1
ag,5120,10240,2048,gpu,118,c_flux_ag,3,0.14589,0.14054,0.14054,0.03555,1395,1
ag,5120,10240,2048,gpu,118,A_fused,1,0.86630,0.84275,0.86630,0.05681,1395,1
ag,5120,10240,2048,gpu,119,c_cublas,2,0.75264,0.74547,0.75264,0.03479,1395,1
ag,5120,10240,2048,gpu,119,c_fluxgemm,0,0.81510,0.79258,0.81510,0.03375,1395,1
ag,5120,10240,2048,gpu,119,c_flux_ag,1,0.16771,0.16582,0.16582,0.04080,1395,1
ag,5120,10240,2048,gpu,119,A_fused,3,0.86426,0.84173,0.86426,0.05562,1395,1
ag,5120,10240,2048,gpu,120,c_cublas,0,0.75264,0.74547,0.75264,0.03963,1395,1
ag,5120,10240,2048,gpu,120,c_fluxgemm,1,0.81613,0.79462,0.81613,0.03546,1395,1
ag,5120,10240,2048,gpu,120,c_flux_ag,2,0.17062,0.16931,0.17062,0.03789,1395,1
ag,5120,10240,2048,gpu,120,A_fused,3,0.86118,0.84173,0.86118,0.05121,1395,1
ag,5120,10240,2048,gpu,121,c_cublas,3,0.75366,0.74547,0.75366,0.03496,1395,1
ag,5120,10240,2048,gpu,121,c_fluxgemm,0,0.81408,0.79462,0.81408,0.03443,1395,1
ag,5120,10240,2048,gpu,121,c_flux_ag,2,0.14435,0.13882,0.14435,0.03417,1395,1
ag,5120,10240,2048,gpu,121,A_fused,1,0.86323,0.84275,0.86323,0.05226,1395,1
ag,5120,10240,2048,gpu,122,c_cublas,0,0.75264,0.74445,0.75264,0.03210,1395,1
ag,5120,10240,2048,gpu,122,c_fluxgemm,1,0.81306,0.79258,0.81306,0.03585,1395,1
ag,5120,10240,2048,gpu,122,c_flux_ag,3,0.15536,0.15398,0.15536,0.03447,1395,1
ag,5120,10240,2048,gpu,122,A_fused,2,0.86221,0.84173,0.86221,0.05406,1395,1
ag,5120,10240,2048,gpu,123,c_cublas,2,0.75469,0.74650,0.75469,0.03507,1395,1
ag,5120,10240,2048,gpu,123,c_fluxgemm,1,0.81306,0.79360,0.81306,0.03164,1395,1
ag,5120,10240,2048,gpu,123,c_flux_ag,3,0.15997,0.15994,0.15994,0.03926,1395,1
ag,5120,10240,2048,gpu,123,A_fused,0,0.86221,0.84275,0.86221,0.05297,1395,1
ag,5120,10240,2048,gpu,124,c_cublas,0,0.75366,0.74547,0.75366,0.03470,1395,1
ag,5120,10240,2048,gpu,124,c_fluxgemm,1,0.81510,0.79462,0.81510,0.03542,1395,1
ag,5120,10240,2048,gpu,124,c_flux_ag,2,0.16534,0.16470,0.16534,0.03743,1395,1
ag,5120,10240,2048,gpu,124,A_fused,3,0.86221,0.84275,0.86221,0.05169,1395,1
ag,5120,10240,2048,gpu,125,c_cublas,1,0.75469,0.74650,0.75469,0.03503,1395,1
ag,5120,10240,2048,gpu,125,c_fluxgemm,3,0.81306,0.79258,0.81306,0.03195,1395,1
ag,5120,10240,2048,gpu,125,c_flux_ag,0,0.14611,0.14086,0.14611,0.03544,1395,1
ag,5120,10240,2048,gpu,125,A_fused,2,0.86426,0.84070,0.86426,0.05494,1395,1
ag,5120,10240,2048,gpu,126,c_cublas,3,0.75264,0.74547,0.75264,0.03436,1395,1
ag,5120,10240,2048,gpu,126,c_fluxgemm,2,0.81203,0.79258,0.81203,0.03215,1395,1
ag,5120,10240,2048,gpu,126,c_flux_ag,1,0.14339,0.14070,0.14070,0.03448,1395,1
ag,5120,10240,2048,gpu,126,A_fused,0,0.86323,0.84378,0.86323,0.05541,1395,1
ag,5120,10240,2048,gpu,127,c_cublas,1,0.75366,0.74547,0.75366,0.03444,1395,1
ag,5120,10240,2048,gpu,127,c_fluxgemm,0,0.81408,0.79360,0.81408,0.03686,1395,1
ag,5120,10240,2048,gpu,127,c_flux_ag,2,0.16310,0.16157,0.16157,0.04694,1395,1
ag,5120,10240,2048,gpu,127,A_fused,3,0.86118,0.84173,0.86118,0.05309,1395,1
ag,5120,10240,2048,gpu,128,c_cublas,0,0.75366,0.74547,0.75366,0.03503,1395,1
ag,5120,10240,2048,gpu,128,c_fluxgemm,3,0.81408,0.79462,0.81408,0.03314,1395,1
ag,5120,10240,2048,gpu,128,c_flux_ag,1,0.18950,0.18909,0.18950,0.03870,1395,1
ag,5120,10240,2048,gpu,128,A_fused,2,0.86323,0.84378,0.86323,0.05265,1395,1
ag,5120,10240,2048,gpu,129,c_cublas,2,0.75469,0.74547,0.75469,0.03581,1395,1
ag,5120,10240,2048,gpu,129,c_fluxgemm,0,0.81510,0.79360,0.81510,0.03164,1395,1
ag,5120,10240,2048,gpu,129,c_flux_ag,1,0.16093,0.16061,0.16093,0.03807,1395,1
ag,5120,10240,2048,gpu,129,A_fused,3,0.86323,0.84173,0.86323,0.05582,1395,1
ag,5120,10240,2048,gpu,130,c_cublas,3,0.75469,0.74547,0.75469,0.03470,1395,1
ag,5120,10240,2048,gpu,130,c_fluxgemm,2,0.81510,0.79462,0.81510,0.03316,1395,1
ag,5120,10240,2048,gpu,130,c_flux_ag,0,0.15958,0.15795,0.15795,0.03678,1395,1
ag,5120,10240,2048,gpu,130,A_fused,1,0.86016,0.84173,0.86016,0.05116,1395,1
ag,5120,10240,2048,gpu,131,c_cublas,2,0.75264,0.74547,0.75264,0.03424,1395,1
ag,5120,10240,2048,gpu,131,c_fluxgemm,1,0.81408,0.79360,0.81408,0.03378,1395,1
ag,5120,10240,2048,gpu,131,c_flux_ag,0,0.22170,0.21923,0.22170,0.03912,1395,1
ag,5120,10240,2048,gpu,131,A_fused,3,0.86221,0.84275,0.86221,0.05591,1395,1
ag,5120,10240,2048,gpu,132,c_cublas,1,0.75469,0.74650,0.75469,0.03458,1395,1
ag,5120,10240,2048,gpu,132,c_fluxgemm,0,0.81510,0.79565,0.81510,0.03415,1395,1
ag,5120,10240,2048,gpu,132,c_flux_ag,3,0.16304,0.16237,0.16304,0.03349,1395,1
ag,5120,10240,2048,gpu,132,A_fused,2,0.86938,0.84378,0.86938,0.05640,1395,1
ag,5120,10240,2048,gpu,133,c_cublas,3,0.75366,0.74547,0.75366,0.03433,1395,1
ag,5120,10240,2048,gpu,133,c_fluxgemm,2,0.81613,0.79462,0.81613,0.03247,1395,1
ag,5120,10240,2048,gpu,133,c_flux_ag,0,0.15075,0.15011,0.15075,0.03605,1395,1
ag,5120,10240,2048,gpu,133,A_fused,1,0.86118,0.84173,0.86118,0.05270,1395,1
ag,5120,10240,2048,gpu,134,c_cublas,0,0.75366,0.74650,0.75366,0.03212,1395,1
ag,5120,10240,2048,gpu,134,c_fluxgemm,3,0.81408,0.79360,0.81408,0.03239,1395,1
ag,5120,10240,2048,gpu,134,c_flux_ag,1,0.19331,0.18624,0.19331,0.03998,1395,1
ag,5120,10240,2048,gpu,134,A_fused,2,0.86221,0.84070,0.86221,0.05119,1395,1
ag,5120,10240,2048,gpu,135,c_cublas,1,0.75366,0.74547,0.75366,0.03717,1395,1
ag,5120,10240,2048,gpu,135,c_fluxgemm,3,0.81408,0.79462,0.81408,0.03335,1395,1
ag,5120,10240,2048,gpu,135,c_flux_ag,0,0.14531,0.13962,0.13962,0.11783,1395,1
ag,5120,10240,2048,gpu,135,A_fused,2,0.86323,0.84378,0.86323,0.06286,1395,1
ag,5120,10240,2048,gpu,136,c_cublas,2,0.75366,0.74445,0.75366,0.04188,1395,1
ag,5120,10240,2048,gpu,136,c_fluxgemm,0,0.81613,0.79360,0.81613,0.03379,1395,1
ag,5120,10240,2048,gpu,136,c_flux_ag,1,0.16285,0.16038,0.16285,0.03851,1395,1
ag,5120,10240,2048,gpu,136,A_fused,3,0.86426,0.84275,0.86426,0.05631,1395,1
ag,5120,10240,2048,gpu,137,c_cublas,3,0.75264,0.74547,0.75264,0.03453,1395,1
ag,5120,10240,2048,gpu,137,c_fluxgemm,2,0.81408,0.79360,0.81408,0.03426,1395,1
ag,5120,10240,2048,gpu,137,c_flux_ag,1,0.18573,0.18560,0.18560,0.12540,1395,1
ag,5120,10240,2048,gpu,137,A_fused,0,0.86323,0.84275,0.86323,0.05350,1395,1
ag,5120,10240,2048,gpu,138,c_cublas,3,0.75264,0.74547,0.75264,0.03493,1395,1
ag,5120,10240,2048,gpu,138,c_fluxgemm,1,0.81510,0.79462,0.81510,0.03331,1395,1
ag,5120,10240,2048,gpu,138,c_flux_ag,2,0.14550,0.14368,0.14550,0.03657,1395,1
ag,5120,10240,2048,gpu,138,A_fused,0,0.86426,0.84378,0.86426,0.06121,1395,1
ag,5120,10240,2048,gpu,139,c_cublas,0,0.75366,0.74445,0.75366,0.03283,1395,1
ag,5120,10240,2048,gpu,139,c_fluxgemm,1,0.81613,0.79462,0.81613,0.03666,1395,1
ag,5120,10240,2048,gpu,139,c_flux_ag,3,0.18493,0.18198,0.18493,0.03535,1395,1
ag,5120,10240,2048,gpu,139,A_fused,2,0.86221,0.84173,0.86221,0.05440,1395,1
ag,5120,10240,2048,gpu,140,c_cublas,3,0.75366,0.74650,0.75366,0.03404,1395,1
ag,5120,10240,2048,gpu,140,c_fluxgemm,1,0.81203,0.79360,0.81203,0.03440,1395,1
ag,5120,10240,2048,gpu,140,c_flux_ag,0,0.18374,0.18326,0.18326,0.03430,1395,1
ag,5120,10240,2048,gpu,140,A_fused,2,0.86221,0.84070,0.86221,0.05207,1395,1
ag,5120,10240,2048,gpu,141,c_cublas,0,0.75264,0.74547,0.75264,0.03154,1395,1
ag,5120,10240,2048,gpu,141,c_fluxgemm,3,0.81510,0.79360,0.81510,0.03277,1395,1
ag,5120,10240,2048,gpu,141,c_flux_ag,2,0.14278,0.14163,0.14163,0.03530,1395,1
ag,5120,10240,2048,gpu,141,A_fused,1,0.86733,0.84275,0.86733,0.05760,1395,1
ag,5120,10240,2048,gpu,142,c_cublas,0,0.75366,0.74547,0.75366,0.03504,1395,1
ag,5120,10240,2048,gpu,142,c_fluxgemm,1,0.81408,0.79360,0.81408,0.03622,1395,1
ag,5120,10240,2048,gpu,142,c_flux_ag,3,0.19181,0.19130,0.19181,0.03344,1395,1
ag,5120,10240,2048,gpu,142,A_fused,2,0.86221,0.84275,0.86221,0.05372,1395,1
ag,5120,10240,2048,gpu,143,c_cublas,3,0.75264,0.74547,0.75264,0.03512,1395,1
ag,5120,10240,2048,gpu,143,c_fluxgemm,0,0.81306,0.79360,0.81306,0.03418,1395,1
ag,5120,10240,2048,gpu,143,c_flux_ag,2,0.14534,0.14134,0.14534,0.03291,1395,1
ag,5120,10240,2048,gpu,143,A_fused,1,0.86323,0.84275,0.86323,0.05292,1395,1
ag,5120,10240,2048,gpu,144,c_cublas,1,0.75571,0.74650,0.75571,0.03395,1395,1
ag,5120,10240,2048,gpu,144,c_fluxgemm,0,0.81613,0.79462,0.81613,0.03633,1395,1
ag,5120,10240,2048,gpu,144,c_flux_ag,2,0.14448,0.13939,0.14448,0.03980,1395,1
ag,5120,10240,2048,gpu,144,A_fused,3,0.86221,0.84275,0.86221,0.05958,1395,1
ag,5120,10240,2048,gpu,145,c_cublas,3,0.75264,0.74445,0.75264,0.03478,1395,1
ag,5120,10240,2048,gpu,145,c_fluxgemm,0,0.81510,0.79462,0.81510,0.03443,1395,1
ag,5120,10240,2048,gpu,145,c_flux_ag,2,0.18586,0.18224,0.18586,0.03991,1395,1
ag,5120,10240,2048,gpu,145,A_fused,1,0.86528,0.84378,0.86528,0.05349,1395,1
ag,5120,10240,2048,gpu,146,c_cublas,3,0.75366,0.74547,0.75366,0.03432,1395,1
ag,5120,10240,2048,gpu,146,c_fluxgemm,0,0.81408,0.79360,0.81408,0.03581,1395,1
ag,5120,10240,2048,gpu,146,c_flux_ag,1,0.18877,0.18861,0.18861,0.03761,1395,1
ag,5120,10240,2048,gpu,146,A_fused,2,0.86118,0.84070,0.86118,0.05256,1395,1
ag,5120,10240,2048,gpu,147,c_cublas,1,0.75366,0.74445,0.75366,0.03441,1395,1
ag,5120,10240,2048,gpu,147,c_fluxgemm,2,0.81510,0.79565,0.81510,0.03540,1395,1
ag,5120,10240,2048,gpu,147,c_flux_ag,3,0.15878,0.15862,0.15862,0.03902,1395,1
ag,5120,10240,2048,gpu,147,A_fused,0,0.86221,0.84378,0.86221,0.06273,1395,1
ag,5120,10240,2048,gpu,148,c_cublas,1,0.75469,0.74752,0.75469,0.03454,1395,1
ag,5120,10240,2048,gpu,148,c_fluxgemm,0,0.81203,0.79360,0.81203,0.03436,1395,1
ag,5120,10240,2048,gpu,148,c_flux_ag,2,0.18522,0.18365,0.18522,0.03880,1395,1
ag,5120,10240,2048,gpu,148,A_fused,3,0.86221,0.84275,0.86221,0.05142,1395,1
ag,5120,10240,2048,gpu,149,c_cublas,2,0.75469,0.74650,0.75469,0.03452,1395,1
ag,5120,10240,2048,gpu,149,c_fluxgemm,1,0.81408,0.79462,0.81408,0.03343,1395,1
ag,5120,10240,2048,gpu,149,c_flux_ag,0,0.16694,0.16691,0.16691,0.03701,1395,1
ag,5120,10240,2048,gpu,149,A_fused,3,0.86323,0.84275,0.86323,0.05616,1395,1
ag,5120,10240,2048,gpu,150,c_cublas,2,0.75366,0.74445,0.75366,0.03408,1395,1
ag,5120,10240,2048,gpu,150,c_fluxgemm,3,0.81510,0.79360,0.81510,0.03435,1395,1
ag,5120,10240,2048,gpu,150,c_flux_ag,0,0.14544,0.14384,0.14384,0.03598,1395,1
ag,5120,10240,2048,gpu,150,A_fused,1,0.86118,0.84070,0.86118,0.05222,1395,1
ag,5120,10240,2048,gpu,151,c_cublas,0,0.75366,0.74650,0.75366,0.03462,1395,1
ag,5120,10240,2048,gpu,151,c_fluxgemm,2,0.81510,0.79462,0.81510,0.03514,1395,1
ag,5120,10240,2048,gpu,151,c_flux_ag,1,0.16835,0.16790,0.16835,0.04144,1395,1
ag,5120,10240,2048,gpu,151,A_fused,3,0.86323,0.84480,0.86323,0.05274,1395,1
ag,5120,10240,2048,gpu,152,c_cublas,0,0.75469,0.74650,0.75469,0.03475,1395,1
ag,5120,10240,2048,gpu,152,c_fluxgemm,3,0.81510,0.79462,0.81510,0.03253,1395,1
ag,5120,10240,2048,gpu,152,c_flux_ag,2,0.18893,0.18771,0.18893,0.03335,1395,1
ag,5120,10240,2048,gpu,152,A_fused,1,0.86733,0.84275,0.86733,0.05575,1395,1
ag,5120,10240,2048,gpu,153,c_cublas,0,0.75366,0.74547,0.75366,0.03473,1395,1
ag,5120,10240,2048,gpu,153,c_fluxgemm,2,0.81408,0.79155,0.81408,0.03184,1395,1
ag,5120,10240,2048,gpu,153,c_flux_ag,3,0.14419,0.13926,0.14419,0.03960,1395,1
ag,5120,10240,2048,gpu,153,A_fused,1,0.86323,0.84480,0.86323,0.05739,1395,1
ag,5120,10240,2048,gpu,154,c_cublas,2,0.75366,0.74547,0.75366,0.03499,1395,1
ag,5120,10240,2048,gpu,154,c_fluxgemm,1,0.81510,0.79565,0.81510,0.03326,1395,1
ag,5120,10240,2048,gpu,154,c_flux_ag,0,0.18035,0.17622,0.18035,0.03530,1395,1
ag,5120,10240,2048,gpu,154,A_fused,3,0.86323,0.84173,0.86323,0.05579,1395,1
ag,5120,10240,2048,gpu,155,c_cublas,3,0.75366,0.74445,0.75366,0.03526,1395,1
ag,5120,10240,2048,gpu,155,c_fluxgemm,1,0.81613,0.79565,0.81613,0.03790,1395,1
ag,5120,10240,2048,gpu,155,c_flux_ag,2,0.18646,0.18451,0.18646,0.03571,1395,1
ag,5120,10240,2048,gpu,155,A_fused,0,0.86323,0.84378,0.86323,0.05305,1395,1
ag,5120,10240,2048,gpu,156,c_cublas,0,0.75469,0.74547,0.75469,0.03268,1395,1
ag,5120,10240,2048,gpu,156,c_fluxgemm,2,0.81510,0.79565,0.81510,0.03417,1395,1
ag,5120,10240,2048,gpu,156,c_flux_ag,1,0.15962,0.15952,0.15962,0.03941,1395,1
ag,5120,10240,2048,gpu,156,A_fused,3,0.86426,0.84378,0.86426,0.05346,1395,1
ag,5120,10240,2048,gpu,157,c_cublas,1,0.75264,0.74547,0.75264,0.03529,1395,1
ag,5120,10240,2048,gpu,157,c_fluxgemm,0,0.81408,0.79462,0.81408,0.03451,1395,1
ag,5120,10240,2048,gpu,157,c_flux_ag,3,0.16259,0.16080,0.16259,0.03283,1395,1
ag,5120,10240,2048,gpu,157,A_fused,2,0.86221,0.84275,0.86221,0.05611,1395,1
ag,5120,10240,2048,gpu,158,c_cublas,1,0.75366,0.74547,0.75366,0.03515,1395,1
ag,5120,10240,2048,gpu,158,c_fluxgemm,3,0.81306,0.79360,0.81306,0.03233,1395,1
ag,5120,10240,2048,gpu,158,c_flux_ag,0,0.16246,0.16182,0.16182,0.03383,1395,1
ag,5120,10240,2048,gpu,158,A_fused,2,0.86221,0.84378,0.86221,0.05555,1395,1
ag,5120,10240,2048,gpu,159,c_cublas,2,0.75366,0.74547,0.75366,0.03442,1395,1
ag,5120,10240,2048,gpu,159,c_fluxgemm,1,0.81408,0.79155,0.81408,0.03228,1395,1
ag,5120,10240,2048,gpu,159,c_flux_ag,0,0.14310,0.14125,0.14125,0.03787,1395,1
ag,5120,10240,2048,gpu,159,A_fused,3,0.86323,0.84378,0.86323,0.05532,1395,1
ag,5120,10240,2048,gpu,160,c_cublas,2,0.75264,0.74547,0.75264,0.03469,1395,1
ag,5120,10240,2048,gpu,160,c_fluxgemm,1,0.81510,0.79258,0.81510,0.03388,1395,1
ag,5120,10240,2048,gpu,160,c_flux_ag,0,0.14106,0.13882,0.14106,0.03794,1395,1
ag,5120,10240,2048,gpu,160,A_fused,3,0.86630,0.84173,0.86630,0.05592,1395,1
ag,5120,10240,2048,gpu,161,c_cublas,1,0.75469,0.74650,0.75469,0.03499,1395,1
ag,5120,10240,2048,gpu,161,c_fluxgemm,2,0.81510,0.79462,0.81510,0.03490,1395,1
ag,5120,10240,2048,gpu,161,c_flux_ag,0,0.15933,0.15770,0.15933,0.03648,1395,1
ag,5120,10240,2048,gpu,161,A_fused,3,0.86221,0.84275,0.86221,0.05297,1395,1
ag,5120,10240,2048,gpu,162,c_cublas,3,0.75366,0.74547,0.75366,0.03477,1395,1
ag,5120,10240,2048,gpu,162,c_fluxgemm,0,0.81306,0.79360,0.81306,0.03355,1395,1
ag,5120,10240,2048,gpu,162,c_flux_ag,1,0.14451,0.13981,0.13981,0.03749,1395,1
ag,5120,10240,2048,gpu,162,A_fused,2,0.86118,0.84275,0.86118,0.05060,1395,1
ag,5120,10240,2048,gpu,163,c_cublas,3,0.75264,0.74547,0.75264,0.03580,1395,1
ag,5120,10240,2048,gpu,163,c_fluxgemm,2,0.81306,0.79258,0.81306,0.03359,1395,1
ag,5120,10240,2048,gpu,163,c_flux_ag,1,0.14506,0.14125,0.14506,0.03449,1395,1
ag,5120,10240,2048,gpu,163,A_fused,0,1.22266,0.87757,1.22266,0.05934,1395,1
ag,5120,10240,2048,gpu,164,c_cublas,3,0.75469,0.74650,0.75469,0.03448,1395,1
ag,5120,10240,2048,gpu,164,c_fluxgemm,1,0.81408,0.79258,0.81408,0.03410,1395,1
ag,5120,10240,2048,gpu,164,c_flux_ag,0,0.17542,0.17446,0.17446,0.03923,1395,1
ag,5120,10240,2048,gpu,164,A_fused,2,0.86323,0.84378,0.86323,0.05117,1395,1
ag,5120,10240,2048,gpu,165,c_cublas,3,0.75264,0.74547,0.75264,0.03459,1395,1
ag,5120,10240,2048,gpu,165,c_fluxgemm,2,0.81510,0.79462,0.81510,0.03201,1395,1
ag,5120,10240,2048,gpu,165,c_flux_ag,0,0.17040,0.17005,0.17005,0.03972,1395,1
ag,5120,10240,2048,gpu,165,A_fused,1,0.86118,0.84173,0.86118,0.05145,1395,1
ag,5120,10240,2048,gpu,166,c_cublas,0,0.75264,0.74445,0.75264,0.03145,1395,1
ag,5120,10240,2048,gpu,166,c_fluxgemm,3,0.81306,0.79360,0.81306,0.03252,1395,1
ag,5120,10240,2048,gpu,166,c_flux_ag,1,0.15984,0.14918,0.15984,0.03969,1395,1
ag,5120,10240,2048,gpu,166,A_fused,2,0.86118,0.84275,0.86118,0.05142,1395,1
ag,5120,10240,2048,gpu,167,c_cublas,1,0.75264,0.74547,0.75264,0.03550,1395,1
ag,5120,10240,2048,gpu,167,c_fluxgemm,2,0.81510,0.79360,0.81510,0.03521,1395,1
ag,5120,10240,2048,gpu,167,c_flux_ag,0,0.17123,0.17030,0.17030,0.03755,1395,1
ag,5120,10240,2048,gpu,167,A_fused,3,0.86221,0.84173,0.86221,0.05266,1395,1
ag,5120,10240,2048,gpu,168,c_cublas,2,0.75264,0.74547,0.75264,0.03444,1395,1
ag,5120,10240,2048,gpu,168,c_fluxgemm,0,0.81510,0.79360,0.81510,0.03242,1395,1
ag,5120,10240,2048,gpu,168,c_flux_ag,3,0.14688,0.14285,0.14688,0.03915,1395,1
ag,5120,10240,2048,gpu,168,A_fused,1,0.86221,0.84173,0.86221,0.05268,1395,1
ag,5120,10240,2048,gpu,169,c_cublas,1,0.75366,0.74650,0.75366,0.03481,1395,1
ag,5120,10240,2048,gpu,169,c_fluxgemm,3,0.81306,0.79360,0.81306,0.03287,1395,1
ag,5120,10240,2048,gpu,169,c_flux_ag,0,0.15818,0.15642,0.15818,0.03500,1395,1
ag,5120,10240,2048,gpu,169,A_fused,2,0.86426,0.84275,0.86426,0.05695,1395,1
ag,5120,10240,2048,gpu,170,c_cublas,2,0.75264,0.74547,0.75264,0.04138,1395,1
ag,5120,10240,2048,gpu,170,c_fluxgemm,1,0.81510,0.79462,0.81510,0.03273,1395,1
ag,5120,10240,2048,gpu,170,c_flux_ag,0,0.17014,0.16880,0.17014,0.03722,1395,1
ag,5120,10240,2048,gpu,170,A_fused,3,0.86323,0.84378,0.86323,0.05670,1395,1
ag,5120,10240,2048,gpu,171,c_cublas,3,0.75366,0.74547,0.75366,0.03444,1395,1
ag,5120,10240,2048,gpu,171,c_fluxgemm,2,0.81510,0.79462,0.81510,0.03298,1395,1
ag,5120,10240,2048,gpu,171,c_flux_ag,1,0.15658,0.15610,0.15658,0.03999,1395,1
ag,5120,10240,2048,gpu,171,A_fused,0,0.86323,0.84378,0.86323,0.05351,1395,1
ag,5120,10240,2048,gpu,172,c_cublas,1,0.75366,0.74650,0.75366,0.03382,1395,1
ag,5120,10240,2048,gpu,172,c_fluxgemm,0,0.81510,0.79565,0.81510,0.03559,1395,1
ag,5120,10240,2048,gpu,172,c_flux_ag,3,0.16054,0.15958,0.15958,0.03349,1395,1
ag,5120,10240,2048,gpu,172,A_fused,2,0.86426,0.84275,0.86426,0.05676,1395,1
ag,5120,10240,2048,gpu,173,c_cublas,2,0.75469,0.74650,0.75469,0.03495,1395,1
ag,5120,10240,2048,gpu,173,c_fluxgemm,0,0.81613,0.79462,0.81613,0.03451,1395,1
ag,5120,10240,2048,gpu,173,c_flux_ag,1,0.15485,0.15318,0.15318,0.03778,1395,1
ag,5120,10240,2048,gpu,173,A_fused,3,0.86221,0.84173,0.86221,0.05484,1395,1
ag,5120,10240,2048,gpu,174,c_cublas,3,0.75366,0.74445,0.75366,0.03467,1395,1
ag,5120,10240,2048,gpu,174,c_fluxgemm,1,0.81510,0.79462,0.81510,0.03265,1395,1
ag,5120,10240,2048,gpu,174,c_flux_ag,2,0.15901,0.15254,0.15254,0.03551,1395,1
ag,5120,10240,2048,gpu,174,A_fused,0,0.86323,0.84378,0.86323,0.05730,1395,1
ag,5120,10240,2048,gpu,175,c_cublas,0,0.75264,0.74547,0.75264,0.03193,1395,1
ag,5120,10240,2048,gpu,175,c_fluxgemm,1,0.81510,0.79462,0.81510,0.03620,1395,1
ag,5120,10240,2048,gpu,175,c_flux_ag,3,0.15654,0.15635,0.15635,0.03486,1395,1
ag,5120,10240,2048,gpu,175,A_fused,2,0.86221,0.84173,0.86221,0.05408,1395,1
ag,5120,10240,2048,gpu,176,c_cublas,2,0.75469,0.74650,0.75469,0.03438,1395,1
ag,5120,10240,2048,gpu,176,c_fluxgemm,3,0.81408,0.79462,0.81408,0.03568,1395,1
ag,5120,10240,2048,gpu,176,c_flux_ag,0,0.17050,0.16941,0.17050,0.03560,1395,1
ag,5120,10240,2048,gpu,176,A_fused,1,0.86221,0.84173,0.86221,0.05442,1395,1
ag,5120,10240,2048,gpu,177,c_cublas,0,0.75366,0.74445,0.75366,0.03395,1395,1
ag,5120,10240,2048,gpu,177,c_fluxgemm,1,0.81408,0.79360,0.81408,0.03516,1395,1
ag,5120,10240,2048,gpu,177,c_flux_ag,3,0.14246,0.13962,0.14246,0.03432,1395,1
ag,5120,10240,2048,gpu,177,A_fused,2,0.86118,0.84378,0.86118,0.05517,1395,1
ag,5120,10240,2048,gpu,178,c_cublas,2,0.75366,0.74445,0.75366,0.03442,1395,1
ag,5120,10240,2048,gpu,178,c_fluxgemm,1,0.81306,0.79258,0.81306,0.03238,1395,1
ag,5120,10240,2048,gpu,178,c_flux_ag,3,0.17187,0.16803,0.17187,0.03805,1395,1
ag,5120,10240,2048,gpu,178,A_fused,0,0.86118,0.84173,0.86118,0.05538,1395,1
ag,5120,10240,2048,gpu,179,c_cublas,1,0.75264,0.74547,0.75264,0.03460,1395,1
ag,5120,10240,2048,gpu,179,c_fluxgemm,3,0.81510,0.79360,0.81510,0.03327,1395,1
ag,5120,10240,2048,gpu,179,c_flux_ag,0,0.15802,0.15766,0.15802,0.03588,1395,1
ag,5120,10240,2048,gpu,179,A_fused,2,0.86426,0.84378,0.86426,0.05517,1395,1
ag,5120,10240,2048,gpu,180,c_cublas,0,0.75469,0.74445,0.75469,0.03454,1395,1
ag,5120,10240,2048,gpu,180,c_fluxgemm,1,0.81510,0.79462,0.81510,0.03554,1395,1
ag,5120,10240,2048,gpu,180,c_flux_ag,2,0.19296,0.18883,0.18883,0.04520,1395,1
ag,5120,10240,2048,gpu,180,A_fused,3,0.86221,0.84173,0.86221,0.05126,1395,1
ag,5120,10240,2048,gpu,181,c_cublas,3,0.75366,0.74445,0.75366,0.03412,1395,1
ag,5120,10240,2048,gpu,181,c_fluxgemm,0,0.81613,0.79462,0.81613,0.03378,1395,1
ag,5120,10240,2048,gpu,181,c_flux_ag,1,0.15795,0.15194,0.15795,0.04158,1395,1
ag,5120,10240,2048,gpu,181,A_fused,2,0.86426,0.84378,0.86426,0.05077,1395,1
ag,5120,10240,2048,gpu,182,c_cublas,0,0.75264,0.74547,0.75264,0.03655,1395,1
ag,5120,10240,2048,gpu,182,c_fluxgemm,3,0.81408,0.79258,0.81408,0.03327,1395,1
ag,5120,10240,2048,gpu,182,c_flux_ag,2,0.15846,0.15824,0.15824,0.03408,1395,1
ag,5120,10240,2048,gpu,182,A_fused,1,0.86528,0.84378,0.86528,0.05685,1395,1
ag,5120,10240,2048,gpu,183,c_cublas,0,0.75366,0.74547,0.75366,0.03488,1395,1
ag,5120,10240,2048,gpu,183,c_fluxgemm,2,0.81715,0.79462,0.81715,0.03188,1395,1
ag,5120,10240,2048,gpu,183,c_flux_ag,3,0.18755,0.18506,0.18755,0.03602,1395,1
ag,5120,10240,2048,gpu,183,A_fused,1,0.86323,0.84480,0.86323,0.05726,1395,1
ag,5120,10240,2048,gpu,184,c_cublas,2,0.75366,0.74445,0.75366,0.03461,1395,1
ag,5120,10240,2048,gpu,184,c_fluxgemm,0,0.81408,0.79360,0.81408,0.03502,1395,1
ag,5120,10240,2048,gpu,184,c_flux_ag,1,0.15501,0.14854,0.15501,0.03757,1395,1
ag,5120,10240,2048,gpu,184,A_fused,3,0.86835,0.84275,0.86835,0.05521,1395,1
ag,5120,10240,2048,gpu,185,c_cublas,1,0.75366,0.74445,0.75366,0.03321,1395,1
ag,5120,10240,2048,gpu,185,c_fluxgemm,3,0.81306,0.79360,0.81306,0.03338,1395,1
ag,5120,10240,2048,gpu,185,c_flux_ag,2,0.17136,0.16976,0.17136,0.03803,1395,1
ag,5120,10240,2048,gpu,185,A_fused,0,0.86323,0.84173,0.86323,0.05320,1395,1
ag,5120,10240,2048,gpu,186,c_cublas,0,0.75264,0.74547,0.75264,0.03447,1395,1
ag,5120,10240,2048,gpu,186,c_fluxgemm,3,0.81306,0.79360,0.81306,0.03232,1395,1
ag,5120,10240,2048,gpu,186,c_flux_ag,1,0.17430,0.17235,0.17430,0.03863,1395,1
ag,5120,10240,2048,gpu,186,A_fused,2,0.86221,0.84173,0.86221,0.05215,1395,1
ag,5120,10240,2048,gpu,187,c_cublas,0,0.75264,0.74547,0.75264,0.03466,1395,1
ag,5120,10240,2048,gpu,187,c_fluxgemm,1,0.81510,0.79462,0.81510,0.03529,1395,1
ag,5120,10240,2048,gpu,187,c_flux_ag,2,0.18928,0.18650,0.18928,0.03741,1395,1
ag,5120,10240,2048,gpu,187,A_fused,3,0.86118,0.84173,0.86118,0.05151,1395,1
ag,5120,10240,2048,gpu,188,c_cublas,0,0.75469,0.74752,0.75469,0.03533,1395,1
ag,5120,10240,2048,gpu,188,c_fluxgemm,2,0.81408,0.79462,0.81408,0.03502,1395,1
ag,5120,10240,2048,gpu,188,c_flux_ag,1,0.17315,0.16605,0.17315,0.03953,1395,1
ag,5120,10240,2048,gpu,188,A_fused,3,0.86221,0.84275,0.86221,0.05365,1395,1
ag,5120,10240,2048,gpu,189,c_cublas,0,0.75366,0.74445,0.75366,0.03481,1395,1
ag,5120,10240,2048,gpu,189,c_fluxgemm,3,0.81306,0.79462,0.81306,0.03295,1395,1
ag,5120,10240,2048,gpu,189,c_flux_ag,1,0.17414,0.17306,0.17414,0.03937,1395,1
ag,5120,10240,2048,gpu,189,A_fused,2,0.86323,0.84275,0.86323,0.05186,1395,1
ag,5120,10240,2048,gpu,190,c_cublas,0,0.75366,0.74445,0.75366,0.03469,1395,1
ag,5120,10240,2048,gpu,190,c_fluxgemm,2,0.81306,0.79360,0.81306,0.03413,1395,1
ag,5120,10240,2048,gpu,190,c_flux_ag,1,0.16381,0.15891,0.16381,0.04000,1395,1
ag,5120,10240,2048,gpu,190,A_fused,3,0.86221,0.84275,0.86221,0.05161,1395,1
ag,5120,10240,2048,gpu,191,c_cublas,3,0.75264,0.74547,0.75264,0.03468,1395,1
ag,5120,10240,2048,gpu,191,c_fluxgemm,2,0.81408,0.79360,0.81408,0.03271,1395,1
ag,5120,10240,2048,gpu,191,c_flux_ag,1,0.15661,0.15507,0.15661,0.03410,1395,1
ag,5120,10240,2048,gpu,191,A_fused,0,0.86426,0.84378,0.86426,0.05523,1395,1
ag,5120,10240,2048,gpu,192,c_cublas,3,0.75469,0.74650,0.75469,0.03493,1395,1
ag,5120,10240,2048,gpu,192,c_fluxgemm,1,0.81510,0.79462,0.81510,0.03400,1395,1
ag,5120,10240,2048,gpu,192,c_flux_ag,2,0.15619,0.15373,0.15619,0.03657,1395,1
ag,5120,10240,2048,gpu,192,A_fused,0,0.86528,0.84378,0.86528,0.05777,1395,1
ag,5120,10240,2048,gpu,193,c_cublas,0,0.75366,0.74445,0.75366,0.03143,1395,1
ag,5120,10240,2048,gpu,193,c_fluxgemm,2,0.81306,0.79462,0.81306,0.03201,1395,1
ag,5120,10240,2048,gpu,193,c_flux_ag,3,0.19309,0.19110,0.19110,0.03630,1395,1
ag,5120,10240,2048,gpu,193,A_fused,1,0.86426,0.84275,0.86426,0.05702,1395,1
ag,5120,10240,2048,gpu,194,c_cublas,1,0.75469,0.74445,0.75469,0.03471,1395,1
ag,5120,10240,2048,gpu,194,c_fluxgemm,0,0.81408,0.79360,0.81408,0.03417,1395,1
ag,5120,10240,2048,gpu,194,c_flux_ag,2,0.16288,0.15610,0.16288,0.04006,1395,1
ag,5120,10240,2048,gpu,194,A_fused,3,0.86221,0.84070,0.86221,0.05209,1395,1
ag,5120,10240,2048,gpu,195,c_cublas,1,0.75469,0.74547,0.75469,0.03414,1395,1
ag,5120,10240,2048,gpu,195,c_fluxgemm,3,0.81510,0.79565,0.81510,0.03350,1395,1
ag,5120,10240,2048,gpu,195,c_flux_ag,2,0.15622,0.15402,0.15402,0.03839,1395,1
ag,5120,10240,2048,gpu,195,A_fused,0,0.86221,0.84275,0.86221,0.05362,1395,1
ag,5120,10240,2048,gpu,196,c_cublas,3,0.75469,0.74650,0.75469,0.03467,1395,1
ag,5120,10240,2048,gpu,196,c_fluxgemm,0,0.81510,0.79462,0.81510,0.03142,1395,1
ag,5120,10240,2048,gpu,196,c_flux_ag,2,0.13946,0.13875,0.13875,0.03419,1395,1
ag,5120,10240,2048,gpu,196,A_fused,1,0.86221,0.84275,0.86221,0.05422,1395,1
ag,5120,10240,2048,gpu,197,c_cublas,3,0.75264,0.74445,0.75264,0.03460,1395,1
ag,5120,10240,2048,gpu,197,c_fluxgemm,0,0.81613,0.79462,0.81613,0.03638,1395,1
ag,5120,10240,2048,gpu,197,c_flux_ag,1,0.19062,0.19018,0.19018,0.03796,1395,1
ag,5120,10240,2048,gpu,197,A_fused,2,0.86221,0.84173,0.86221,0.05779,1395,1
ag,5120,10240,2048,gpu,198,c_cublas,3,0.75366,0.74547,0.75366,0.03413,1395,1
ag,5120,10240,2048,gpu,198,c_fluxgemm,1,0.81613,0.79462,0.81613,0.03520,1395,1
ag,5120,10240,2048,gpu,198,c_flux_ag,0,0.14688,0.14387,0.14688,0.03886,1395,1
ag,5120,10240,2048,gpu,198,A_fused,2,0.86221,0.84275,0.86221,0.05315,1395,1
ag,5120,10240,2048,gpu,199,c_cublas,1,0.75366,0.74445,0.75366,0.03344,1395,1
ag,5120,10240,2048,gpu,199,c_fluxgemm,2,0.81408,0.79462,0.81408,0.03490,1395,1
ag,5120,10240,2048,gpu,199,c_flux_ag,3,0.15437,0.15366,0.15437,0.03735,1395,1
ag,5120,10240,2048,gpu,199,A_fused,0,0.86323,0.84173,0.86323,0.06260,1395,1
ag,5120,10240,2048,steady,0,c_cublas,1,0.85805,0.82957,0.85805,0.01479,1215,1
ag,5120,10240,2048,steady,0,c_fluxgemm,2,0.90835,0.87962,0.90835,0.01792,1215,1
ag,5120,10240,2048,steady,0,c_flux_ag,3,0.15476,0.15469,0.15476,0.02679,1215,1
ag,5120,10240,2048,steady,0,A_fused,0,0.96928,0.95232,0.96928,0.03522,1215,1
ag,5120,10240,2048,steady,1,c_cublas,0,0.86022,0.82880,0.86022,0.01350,1215,1
ag,5120,10240,2048,steady,1,c_fluxgemm,3,0.89805,0.85901,0.89805,0.01729,1215,1
ag,5120,10240,2048,steady,1,c_flux_ag,1,0.15641,0.15635,0.15641,0.02657,1215,1
ag,5120,10240,2048,steady,1,A_fused,2,0.94099,0.93862,0.94099,0.03452,1215,1
ag,5120,10240,2048,steady,2,c_cublas,2,0.86835,0.83981,0.86835,0.01355,1215,1
ag,5120,10240,2048,steady,2,c_fluxgemm,0,0.90246,0.88134,0.90246,0.01768,1215,1
ag,5120,10240,2048,steady,2,c_flux_ag,3,0.15310,0.15306,0.15306,0.02649,1215,1
ag,5120,10240,2048,steady,2,A_fused,1,0.95219,0.95098,0.95219,0.03397,1215,1
ag,5120,10240,2048,steady,3,c_cublas,2,0.83686,0.82963,0.83686,0.01400,1230,1
ag,5120,10240,2048,steady,3,c_fluxgemm,0,0.90528,0.89248,0.90528,0.01869,1230,1
ag,5120,10240,2048,steady,3,c_flux_ag,1,0.15561,0.15541,0.15541,0.02713,1230,1
ag,5120,10240,2048,steady,3,A_fused,3,0.92019,0.91968,0.92019,0.03570,1230,1
ag,5120,10240,2048,steady,4,c_cublas,2,0.83757,0.81971,0.83757,0.01435,1245,1
ag,5120,10240,2048,steady,4,c_fluxgemm,3,0.89139,0.86957,0.89139,0.01799,1245,1
ag,5120,10240,2048,steady,4,c_flux_ag,0,0.14844,0.14801,0.14801,0.02728,1245,1
ag,5120,10240,2048,steady,4,A_fused,1,0.92890,0.92774,0.92890,0.03403,1245,1
ag,5120,10240,2048,steady,5,c_cublas,2,0.85805,0.81786,0.85805,0.01445,1215,1
ag,5120,10240,2048,steady,5,c_fluxgemm,0,0.89894,0.86925,0.89894,0.01738,1215,1
ag,5120,10240,2048,steady,5,c_flux_ag,1,0.15708,0.15704,0.15704,0.02673,1215,1
ag,5120,10240,2048,steady,5,A_fused,3,0.94336,0.94086,0.94336,0.03427,1215,1
ag,5120,10240,2048,steady,6,c_cublas,2,0.83450,0.81952,0.83450,0.03533,1230,1
ag,5120,10240,2048,steady,6,c_fluxgemm,3,0.90291,0.86918,0.90291,0.01805,1230,1
ag,5120,10240,2048,steady,6,c_flux_ag,0,0.15115,0.14990,0.14990,0.02666,1230,1
ag,5120,10240,2048,steady,6,A_fused,1,0.93933,0.93862,0.93933,0.03436,1230,1
ag,5120,10240,2048,steady,7,c_cublas,3,0.87226,0.81971,0.87226,0.01425,1200,1
ag,5120,10240,2048,steady,7,c_fluxgemm,1,0.91270,0.87693,0.91270,0.01752,1200,1
ag,5120,10240,2048,steady,7,c_flux_ag,2,0.15747,0.15714,0.15714,0.02723,1200,1
ag,5120,10240,2048,steady,7,A_fused,0,0.94854,0.94810,0.94810,0.03599,1200,1
ag,5120,10240,2048,steady,8,c_cublas,2,0.85402,0.79834,0.85402,0.01434,1200,1
ag,5120,10240,2048,steady,8,c_fluxgemm,3,0.89805,0.86701,0.89805,0.01806,1200,1
ag,5120,10240,2048,steady,8,c_flux_ag,0,0.15839,0.15612,0.15612,0.02748,1200,1
ag,5120,10240,2048,steady,8,A_fused,1,0.95718,0.95296,0.95718,0.03508,1200,1
ag,5120,10240,2048,steady,9,c_cublas,0,0.85018,0.81984,0.85018,0.01385,1230,1
ag,5120,10240,2048,steady,9,c_fluxgemm,1,0.89805,0.86976,0.89805,0.01762,1230,1
ag,5120,10240,2048,steady,9,c_flux_ag,3,0.14899,0.14858,0.14858,0.02648,1230,1
ag,5120,10240,2048,steady,9,A_fused,2,0.94931,0.94682,0.94931,0.03527,1230,1
ag,5120,10240,2048,steady,10,c_cublas,1,0.83974,0.83546,0.83546,0.01399,1260,1
ag,5120,10240,2048,steady,10,c_fluxgemm,2,0.87610,0.87290,0.87610,0.01751,1260,1
ag,5120,10240,2048,steady,10,c_flux_ag,0,0.14926,0.14892,0.14892,0.02729,1260,1
ag,5120,10240,2048,steady,10,A_fused,3,0.92883,0.92832,0.92883,0.03525,1260,1
ag,5120,10240,2048,steady,11,c_cublas,2,0.87955,0.85050,0.87955,0.01476,1200,1
ag,5120,10240,2048,steady,11,c_fluxgemm,0,0.91878,0.88179,0.91878,0.01869,1200,1
ag,5120,10240,2048,steady,11,c_flux_ag,3,0.15600,0.15595,0.15600,0.02691,1200,1
ag,5120,10240,2048,steady,11,A_fused,1,0.96934,0.96742,0.96934,0.03441,1200,1
ag,5120,10240,2048,steady,12,c_cublas,2,0.85798,0.81715,0.85798,0.01428,1215,1
ag,5120,10240,2048,steady,12,c_fluxgemm,3,0.90464,0.85914,0.90464,0.01779,1215,1
ag,5120,10240,2048,steady,12,c_flux_ag,1,0.14903,0.14883,0.14883,0.02680,1215,1
ag,5120,10240,2048,steady,12,A_fused,0,0.97542,0.97293,0.97542,0.03613,1215,1
ag,5120,10240,2048,steady,13,c_cublas,1,0.84755,0.82016,0.84755,0.01409,1230,1
ag,5120,10240,2048,steady,13,c_fluxgemm,0,0.89946,0.86848,0.89946,0.01763,1230,1
ag,5120,10240,2048,steady,13,c_flux_ag,3,0.14874,0.14861,0.14861,0.02632,1230,1
ag,5120,10240,2048,steady,13,A_fused,2,0.94112,0.93946,0.94112,0.03492,1230,1
ag,5120,10240,2048,steady,14,c_cublas,3,0.82714,0.81997,0.82714,0.01494,1260,1
ag,5120,10240,2048,steady,14,c_fluxgemm,0,0.90035,0.87213,0.90035,0.01878,1260,1
ag,5120,10240,2048,steady,14,c_flux_ag,1,0.15703,0.15677,0.15703,0.02710,1260,1
ag,5120,10240,2048,steady,14,A_fused,2,0.92890,0.92845,0.92890,0.03397,1260,1
ag,5120,10240,2048,steady,15,c_cublas,3,0.85709,0.82957,0.85709,0.01409,1230,1
ag,5120,10240,2048,steady,15,c_fluxgemm,0,0.89568,0.87200,0.89568,0.01893,1230,1
ag,5120,10240,2048,steady,15,c_flux_ag,1,0.15805,0.15782,0.15782,0.02688,1230,1
ag,5120,10240,2048,steady,15,A_fused,2,0.94586,0.94445,0.94586,0.03499,1230,1
ag,5120,10240,2048,steady,16,c_cublas,2,0.85248,0.81990,0.85248,0.01423,1230,1
ag,5120,10240,2048,steady,16,c_fluxgemm,1,0.91046,0.87136,0.91046,0.01798,1230,1
ag,5120,10240,2048,steady,16,c_flux_ag,0,0.15892,0.15689,0.15689,0.02797,1230,1
ag,5120,10240,2048,steady,16,A_fused,3,0.94586,0.94374,0.94586,0.03460,1230,1
ag,5120,10240,2048,steady,17,c_cublas,2,0.83763,0.81984,0.83763,0.01433,1230,1
ag,5120,10240,2048,steady,17,c_fluxgemm,1,0.89869,0.86976,0.89869,0.01842,1230,1
ag,5120,10240,2048,steady,17,c_flux_ag,0,0.14933,0.14815,0.14815,0.02724,1230,1
ag,5120,10240,2048,steady,17,A_fused,3,0.93235,0.93120,0.93235,0.03534,1230,1
ag,5120,10240,2048,steady,18,c_cublas,1,0.85805,0.83942,0.85805,0.01337,1215,1
ag,5120,10240,2048,steady,18,c_fluxgemm,2,0.90842,0.88282,0.90842,0.01829,1215,1
ag,5120,10240,2048,steady,18,c_flux_ag,3,0.15674,0.15660,0.15674,0.02705,1215,1
ag,5120,10240,2048,steady,18,A_fused,0,0.94867,0.94733,0.94867,0.03534,1215,1
ag,5120,10240,2048,steady,19,c_cublas,3,0.85069,0.82963,0.85069,0.01991,1215,1
ag,5120,10240,2048,steady,19,c_fluxgemm,1,0.90906,0.87962,0.90906,0.01832,1215,1
ag,5120,10240,2048,steady,19,c_flux_ag,2,0.15538,0.15510,0.15510,0.02665,1215,1
ag,5120,10240,2048,steady,19,A_fused,0,0.95443,0.95264,0.95443,0.03597,1215,1
ag,5120,10240,2048,steady,20,c_cublas,1,0.84781,0.82989,0.84781,0.01403,1215,1
ag,5120,10240,2048,steady,20,c_fluxgemm,0,0.89952,0.87923,0.89952,0.01799,1215,1
ag,5120,10240,2048,steady,20,c_flux_ag,2,0.15771,0.15766,0.15766,0.02693,1215,1
ag,5120,10240,2048,steady,20,A_fused,3,0.93018,0.92966,0.93018,0.03459,1215,1
ag,5120,10240,2048,steady,21,c_cublas,2,0.86490,0.83955,0.86490,0.01322,1245,1
ag,5120,10240,2048,steady,21,c_fluxgemm,1,0.89773,0.88781,0.89773,0.01778,1245,1
ag,5120,10240,2048,steady,21,c_flux_ag,3,0.15681,0.15667,0.15681,0.02851,1245,1
ag,5120,10240,2048,steady,21,A_fused,0,0.93875,0.93824,0.93875,0.03407,1245,1
ag,5120,10240,2048,steady,22,c_cublas,1,0.85798,0.82598,0.85798,0.01447,1215,1
ag,5120,10240,2048,steady,22,c_fluxgemm,0,0.91136,0.88966,0.91136,0.01875,1215,1
ag,5120,10240,2048,steady,22,c_flux_ag,3,0.14878,0.14846,0.14878,0.02680,1215,1
ag,5120,10240,2048,steady,22,A_fused,2,0.95392,0.95136,0.95392,0.03496,1215,1
ag,5120,10240,2048,steady,23,c_cublas,3,0.84314,0.80672,0.84314,0.01399,1215,1
ag,5120,10240,2048,steady,23,c_fluxgemm,1,0.90406,0.84582,0.90406,0.01798,1215,1
ag,5120,10240,2048,steady,23,c_flux_ag,0,0.14813,0.14807,0.14807,0.02758,1215,1
ag,5120,10240,2048,steady,23,A_fused,2,0.93075,0.92877,0.93075,0.03519,1215,1
ag,5120,10240,2048,steady,24,c_cublas,0,0.85498,0.82266,0.85498,0.01429,1230,1
ag,5120,10240,2048,steady,24,c_fluxgemm,3,0.90291,0.86451,0.90291,0.01794,1230,1
ag,5120,10240,2048,steady,24,c_flux_ag,1,0.15659,0.15633,0.15633,0.02808,1230,1
ag,5120,10240,2048,steady,24,A_fused,2,0.94624,0.94336,0.94624,0.03480,1230,1
ag,5120,10240,2048,steady,25,c_cublas,3,0.86189,0.83731,0.86189,0.01459,1215,1
ag,5120,10240,2048,steady,25,c_fluxgemm,2,0.91302,0.87923,0.91302,0.01779,1215,1
ag,5120,10240,2048,steady,25,c_flux_ag,0,0.15918,0.15734,0.15734,0.02791,1215,1
ag,5120,10240,2048,steady,25,A_fused,1,0.95738,0.95520,0.95738,0.03515,1215,1
ag,5120,10240,2048,steady,26,c_cublas,3,0.84454,0.83910,0.84454,0.01339,1215,1
ag,5120,10240,2048,steady,26,c_fluxgemm,1,0.90899,0.87968,0.90899,0.01754,1215,1
ag,5120,10240,2048,steady,26,c_flux_ag,2,0.15681,0.15673,0.15681,0.02721,1215,1
ag,5120,10240,2048,steady,26,A_fused,0,0.96147,0.95373,0.95373,0.03553,1215,1
ag,5120,10240,2048,steady,27,c_cublas,3,0.85805,0.82899,0.85805,0.01324,1215,1
ag,5120,10240,2048,steady,27,c_fluxgemm,0,0.88883,0.88179,0.88883,0.01832,1215,1
ag,5120,10240,2048,steady,27,c_flux_ag,2,0.14848,0.14846,0.14846,0.02700,1215,1
ag,5120,10240,2048,steady,27,A_fused,1,0.93043,0.92998,0.93043,0.03461,1215,1
ag,5120,10240,2048,steady,28,c_cublas,0,0.85818,0.81965,0.85818,0.01358,1230,1
ag,5120,10240,2048,steady,28,c_fluxgemm,3,0.89798,0.85894,0.89798,0.01811,1230,1
ag,5120,10240,2048,steady,28,c_flux_ag,2,0.14827,0.14822,0.14822,0.02645,1230,1
ag,5120,10240,2048,steady,28,A_fused,1,0.94157,0.93914,0.94157,0.03589,1230,1
ag,5120,10240,2048,steady,29,c_cublas,3,0.85933,0.83834,0.85933,0.01421,1230,1
ag,5120,10240,2048,steady,29,c_fluxgemm,1,0.91270,0.86963,0.91270,0.01780,1230,1
ag,5120,10240,2048,steady,29,c_flux_ag,2,0.15613,0.15608,0.15613,0.02649,1230,1
ag,5120,10240,2048,steady,29,A_fused,0,0.94246,0.94195,0.94246,0.03477,1230,1
ag,5120,10240,2048,steady,30,c_cublas,0,0.84998,0.83558,0.84998,0.01386,1230,1
ag,5120,10240,2048,steady,30,c_fluxgemm,3,0.89798,0.88000,0.89798,0.01791,1230,1
ag,5120,10240,2048,steady,30,c_flux_ag,2,0.14649,0.14631,0.14631,0.02809,1230,1
ag,5120,10240,2048,steady,30,A_fused,1,0.94106,0.93990,0.94106,0.03683,1230,1
ag,5120,10240,2048,steady,31,c_cublas,2,0.83840,0.82976,0.83840,0.01355,1230,1
ag,5120,10240,2048,steady,31,c_fluxgemm,3,0.89811,0.87981,0.89811,0.01835,1230,1
ag,5120,10240,2048,steady,31,c_flux_ag,0,0.15610,0.15517,0.15517,0.02698,1230,1
ag,5120,10240,2048,steady,31,A_fused,1,0.93574,0.93523,0.93574,0.03526,1230,1
ag,5120,10240,2048,steady,32,c_cublas,2,0.85741,0.83955,0.85741,0.01408,1215,1
ag,5120,10240,2048,steady,32,c_fluxgemm,3,0.89798,0.88397,0.89798,0.01775,1215,1
ag,5120,10240,2048,steady,32,c_flux_ag,1,0.14775,0.14736,0.14736,0.02697,1215,1
ag,5120,10240,2048,steady,32,A_fused,0,0.95155,0.95130,0.95130,0.03575,1215,1
ag,5120,10240,2048,steady,33,c_cublas,1,0.86259,0.83008,0.86259,0.01485,1230,1
ag,5120,10240,2048,steady,33,c_fluxgemm,3,0.90848,0.88006,0.90848,0.01797,1230,1
ag,5120,10240,2048,steady,33,c_flux_ag,2,0.15650,0.15644,0.15650,0.02683,1230,1
ag,5120,10240,2048,steady,33,A_fused,0,0.94573,0.94496,0.94496,0.03523,1230,1
ag,5120,10240,2048,steady,34,c_cublas,3,0.85190,0.82029,0.85190,0.01420,1230,1
ag,5120,10240,2048,steady,34,c_fluxgemm,0,0.89926,0.87962,0.89926,0.01760,1230,1
ag,5120,10240,2048,steady,34,c_flux_ag,1,0.15519,0.15496,0.15519,0.02718,1230,1
ag,5120,10240,2048,steady,34,A_fused,2,0.94106,0.93933,0.94106,0.03481,1230,1
ag,5120,10240,2048,steady,35,c_cublas,2,0.85024,0.82035,0.85024,0.01355,1230,1
ag,5120,10240,2048,steady,35,c_fluxgemm,3,0.89152,0.86995,0.89152,0.01766,1230,1
ag,5120,10240,2048,steady,35,c_flux_ag,1,0.14830,0.14818,0.14818,0.02649,1230,1
ag,5120,10240,2048,steady,35,A_fused,0,0.94771,0.94726,0.94771,0.03551,1230,1
ag,5120,10240,2048,steady,36,c_cublas,2,0.87475,0.83622,0.87475,0.01429,1200,1
ag,5120,10240,2048,steady,36,c_fluxgemm,1,0.92000,0.87994,0.92000,0.01748,1200,1
ag,5120,10240,2048,steady,36,c_flux_ag,3,0.15733,0.15690,0.15690,0.02769,1200,1
ag,5120,10240,2048,steady,36,A_fused,0,0.95718,0.95712,0.95712,0.03567,1200,1
ag,5120,10240,2048,steady,37,c_cublas,2,0.85811,0.81645,0.85811,0.01421,1215,1
ag,5120,10240,2048,steady,37,c_fluxgemm,0,0.92186,0.88282,0.92186,0.01827,1215,1
ag,5120,10240,2048,steady,37,c_flux_ag,3,0.15762,0.15733,0.15733,0.02725,1215,1
ag,5120,10240,2048,steady,37,A_fused,1,0.95290,0.95027,0.95290,0.03519,1215,1
ag,5120,10240,2048,steady,38,c_cublas,3,0.84749,0.81837,0.84749,0.01395,1230,1
ag,5120,10240,2048,steady,38,c_fluxgemm,1,0.89152,0.86675,0.89152,0.01784,1230,1
ag,5120,10240,2048,steady,38,c_flux_ag,0,0.14751,0.14736,0.14736,0.02788,1230,1
ag,5120,10240,2048,steady,38,A_fused,2,0.92333,0.92134,0.92333,0.03558,1230,1
ag,5120,10240,2048,steady,39,c_cublas,0,0.85312,0.82592,0.85312,0.01425,1230,1
ag,5120,10240,2048,steady,39,c_fluxgemm,1,0.90227,0.87686,0.90227,0.01853,1230,1
ag,5120,10240,2048,steady,39,c_flux_ag,2,0.15981,0.15977,0.15977,0.02696,1230,1
ag,5120,10240,2048,steady,39,A_fused,3,0.94573,0.94330,0.94573,0.03522,1230,1
ag,5120,10240,2048,steady,40,c_cublas,2,0.87482,0.85510,0.87482,0.01340,1230,1
ag,5120,10240,2048,steady,40,c_fluxgemm,1,0.91955,0.88838,0.91955,0.01734,1230,1
ag,5120,10240,2048,steady,40,c_flux_ag,3,0.15623,0.15594,0.15594,0.02815,1230,1
ag,5120,10240,2048,steady,40,A_fused,0,0.94803,0.94784,0.94784,0.03556,1230,1
ag,5120,10240,2048,steady,41,c_cublas,3,0.85523,0.82291,0.85523,0.01444,1200,1
ag,5120,10240,2048,steady,41,c_fluxgemm,1,0.92410,0.88576,0.92410,0.01828,1200,1
ag,5120,10240,2048,steady,41,c_flux_ag,0,0.14935,0.14876,0.14876,0.02688,1200,1
ag,5120,10240,2048,steady,41,A_fused,2,0.93664,0.93613,0.93664,0.03410,1200,1
ag,5120,10240,2048,steady,42,c_cublas,3,0.83680,0.82598,0.83680,0.01357,1230,1
ag,5120,10240,2048,steady,42,c_fluxgemm,0,0.90445,0.87635,0.90445,0.01862,1230,1
ag,5120,10240,2048,steady,42,c_flux_ag,1,0.15729,0.15688,0.15729,0.02698,1230,1
ag,5120,10240,2048,steady,42,A_fused,2,0.93600,0.93536,0.93600,0.03516,1230,1
ag,5120,10240,2048,steady,43,c_cublas,2,0.84742,0.82605,0.84742,0.01356,1230,1
ag,5120,10240,2048,steady,43,c_fluxgemm,3,0.89811,0.86829,0.89811,0.01941,1230,1
ag,5120,10240,2048,steady,43,c_flux_ag,1,0.14887,0.14850,0.14850,0.02651,1230,1
ag,5120,10240,2048,steady,43,A_fused,0,0.94157,0.94080,0.94080,0.03552,1230,1
ag,5120,10240,2048,steady,44,c_cublas,0,0.85024,0.81965,0.85024,0.01384,1230,1
ag,5120,10240,2048,steady,44,c_fluxgemm,2,0.89766,0.86938,0.89766,0.01793,1230,1
ag,5120,10240,2048,steady,44,c_flux_ag,1,0.15402,0.15393,0.15402,0.02725,1230,1
ag,5120,10240,2048,steady,44,A_fused,3,0.94138,0.93965,0.94138,0.03470,1230,1
ag,5120,10240,2048,steady,45,c_cublas,1,0.86867,0.82963,0.86867,0.01358,1200,1
ag,5120,10240,2048,steady,45,c_fluxgemm,0,0.90566,0.87891,0.90566,0.01766,1200,1
ag,5120,10240,2048,steady,45,c_flux_ag,3,0.14807,0.14765,0.14807,0.02646,1200,1
ag,5120,10240,2048,steady,45,A_fused,2,0.96307,0.96083,0.96307,0.03501,1200,1
ag,5120,10240,2048,steady,46,c_cublas,1,0.84672,0.82810,0.84672,0.01427,1200,1
ag,5120,10240,2048,steady,46,c_fluxgemm,3,0.89306,0.86688,0.89306,0.01756,1200,1
ag,5120,10240,2048,steady,46,c_flux_ag,0,0.14864,0.14793,0.14793,0.02735,1200,1
ag,5120,10240,2048,steady,46,A_fused,2,0.93568,0.93421,0.93568,0.03551,1200,1
ag,5120,10240,2048,steady,47,c_cublas,3,0.87277,0.83584,0.87277,0.01477,1200,1
ag,5120,10240,2048,steady,47,c_fluxgemm,0,0.92582,0.86976,0.92582,0.01742,1200,1
ag,5120,10240,2048,steady,47,c_flux_ag,2,0.14903,0.14887,0.14887,0.02638,1200,1
ag,5120,10240,2048,steady,47,A_fused,1,0.96902,0.96666,0.96902,0.03515,1200,1
ag,5120,10240,2048,steady,48,c_cublas,2,0.85485,0.83008,0.85485,0.01357,1230,1
ag,5120,10240,2048,steady,48,c_fluxgemm,0,0.90131,0.87296,0.90131,0.01864,1230,1
ag,5120,10240,2048,steady,48,c_flux_ag,3,0.15836,0.15833,0.15836,0.02739,1230,1
ag,5120,10240,2048,steady,48,A_fused,1,0.94118,0.93990,0.94118,0.03581,1230,1
ag,5120,10240,2048,steady,49,c_cublas,2,0.83974,0.83462,0.83462,0.02057,1245,1
ag,5120,10240,2048,steady,49,c_fluxgemm,3,0.88691,0.87635,0.87635,0.01852,1245,1
ag,5120,10240,2048,steady,49,c_flux_ag,1,0.14793,0.14787,0.14787,0.02650,1245,1
ag,5120,10240,2048,steady,49,A_fused,0,0.94458,0.94445,0.94445,0.03575,1245,1
ag,5120,10240,8192,gpu,0,c_cublas,0,3.32083,3.18566,3.32083,0.04112,0,1
ag,5120,10240,8192,gpu,0,c_fluxgemm,2,3.47546,3.38022,3.47546,0.03808,0,1
ag,5120,10240,8192,gpu,0,c_flux_ag,3,0.46246,0.46150,0.46150,0.03867,0,1
ag,5120,10240,8192,gpu,0,A_fused,1,3.65670,3.55021,3.65670,0.06350,0,1
ag,5120,10240,8192,gpu,1,c_cublas,1,3.29011,3.18771,3.29011,0.03613,0,1
ag,5120,10240,8192,gpu,1,c_fluxgemm,0,3.47546,3.37920,3.47546,0.03580,0,1
ag,5120,10240,8192,gpu,1,c_flux_ag,2,0.51187,0.51034,0.51034,0.04644,0,1
ag,5120,10240,8192,gpu,1,A_fused,3,3.65670,3.55738,3.65670,0.05410,0,1
ag,5120,10240,8192,gpu,2,c_cublas,0,3.30445,3.18771,3.30445,0.03555,0,1
ag,5120,10240,8192,gpu,2,c_fluxgemm,2,3.45600,3.37920,3.45600,0.03288,0,1
ag,5120,10240,8192,gpu,2,c_flux_ag,3,0.50192,0.50118,0.50192,0.03640,0,1
ag,5120,10240,8192,gpu,2,A_fused,1,3.64134,3.56147,3.64134,0.05707,0,1
ag,5120,10240,8192,gpu,3,c_cublas,1,3.26554,3.18566,3.26554,0.03554,1275,1
ag,5120,10240,8192,gpu,3,c_fluxgemm,3,3.46112,3.37818,3.46112,0.03507,1275,1
ag,5120,10240,8192,gpu,3,c_flux_ag,2,0.46646,0.46298,0.46298,0.03856,1275,1
ag,5120,10240,8192,gpu,3,A_fused,0,3.63622,3.55738,3.63622,0.05512,1275,1
ag,5120,10240,8192,gpu,4,c_cublas,2,3.26758,3.18669,3.26758,0.03544,1275,1
ag,5120,10240,8192,gpu,4,c_fluxgemm,0,3.45907,3.38330,3.45907,0.03190,1275,1
ag,5120,10240,8192,gpu,4,c_flux_ag,1,0.52720,0.52307,0.52307,0.03766,1275,1
ag,5120,10240,8192,gpu,4,A_fused,3,3.63110,3.55635,3.63110,0.05477,1275,1
ag,5120,10240,8192,gpu,5,c_cublas,2,3.26656,3.18566,3.26656,0.03606,1275,1
ag,5120,10240,8192,gpu,5,c_fluxgemm,0,3.45805,3.37920,3.45805,0.03552,1275,1
ag,5120,10240,8192,gpu,5,c_flux_ag,1,0.50787,0.50563,0.50787,0.03783,1275,1
ag,5120,10240,8192,gpu,5,A_fused,3,3.64134,3.52461,3.64134,0.05604,1275,1
ag,5120,10240,8192,gpu,6,c_cublas,3,3.34541,3.14880,3.34541,0.03579,1275,1
ag,5120,10240,8192,gpu,6,c_fluxgemm,0,3.46419,3.34131,3.46419,0.03647,1275,1
ag,5120,10240,8192,gpu,6,c_flux_ag,1,0.51094,0.50928,0.50928,0.03797,1275,1
ag,5120,10240,8192,gpu,6,A_fused,2,3.66592,3.51846,3.66592,0.05079,1275,1
ag,5120,10240,8192,gpu,7,c_cublas,2,3.34541,3.14982,3.34541,0.03564,1245,1
ag,5120,10240,8192,gpu,7,c_fluxgemm,0,3.54202,3.33722,3.54202,0.03977,1245,1
ag,5120,10240,8192,gpu,7,c_flux_ag,3,0.46573,0.46493,0.46573,0.03863,1245,1
ag,5120,10240,8192,gpu,7,A_fused,1,3.71200,3.50925,3.71200,0.05593,1245,1
ag,5120,10240,8192,gpu,8,c_cublas,0,3.34438,3.14880,3.34438,0.03625,1245,1
ag,5120,10240,8192,gpu,8,c_fluxgemm,2,3.54406,3.34336,3.54406,0.04087,1245,1
ag,5120,10240,8192,gpu,8,c_flux_ag,3,0.46240,0.46077,0.46240,0.03582,1245,1
ag,5120,10240,8192,gpu,8,A_fused,1,3.71405,3.51232,3.71405,0.05724,1245,1
ag,5120,10240,8192,gpu,9,c_cublas,0,3.34643,3.18669,3.34643,0.03765,1245,1
ag,5120,10240,8192,gpu,9,c_fluxgemm,2,3.54406,3.38227,3.54406,0.03578,1245,1
ag,5120,10240,8192,gpu,9,c_flux_ag,1,0.50451,0.50416,0.50451,0.04120,1245,1
ag,5120,10240,8192,gpu,9,A_fused,3,3.70995,3.56250,3.70995,0.05607,1245,1
ag,5120,10240,8192,gpu,10,c_cublas,2,3.28806,3.18669,3.28806,0.03698,1245,1
ag,5120,10240,8192,gpu,10,c_fluxgemm,3,3.47750,3.38022,3.47750,0.03494,1245,1
ag,5120,10240,8192,gpu,10,c_flux_ag,1,0.50803,0.50669,0.50803,0.03381,1245,1
ag,5120,10240,8192,gpu,10,A_fused,0,3.69971,3.55533,3.69971,0.05506,1245,1
ag,5120,10240,8192,gpu,11,c_cublas,1,3.28909,3.18566,3.28909,0.03546,1260,1
ag,5120,10240,8192,gpu,11,c_fluxgemm,0,3.47648,3.37920,3.47648,0.03216,1260,1
ag,5120,10240,8192,gpu,11,c_flux_ag,3,0.46125,0.45978,0.46125,0.03515,1260,1
ag,5120,10240,8192,gpu,11,A_fused,2,3.65056,3.54816,3.65056,0.06358,1260,1
ag,5120,10240,8192,gpu,12,c_cublas,2,3.28806,3.18669,3.28806,0.03578,1260,1
ag,5120,10240,8192,gpu,12,c_fluxgemm,1,3.47648,3.37920,3.47648,0.03394,1260,1
ag,5120,10240,8192,gpu,12,c_flux_ag,0,0.44694,0.44563,0.44694,0.03550,1260,1
ag,5120,10240,8192,gpu,12,A_fused,3,3.65158,3.55123,3.65158,0.05604,1260,1
ag,5120,10240,8192,gpu,13,c_cublas,1,3.28806,3.18566,3.28806,0.03588,1260,1
ag,5120,10240,8192,gpu,13,c_fluxgemm,2,3.48160,3.38022,3.48160,0.03650,1260,1
ag,5120,10240,8192,gpu,13,c_flux_ag,0,0.46509,0.46358,0.46358,0.03768,1260,1
ag,5120,10240,8192,gpu,13,A_fused,3,3.65363,3.55533,3.65363,0.05444,1260,1
ag,5120,10240,8192,gpu,14,c_cublas,2,3.32902,3.18566,3.32902,0.03624,1260,1
ag,5120,10240,8192,gpu,14,c_fluxgemm,1,3.48570,3.38125,3.48570,0.03172,1260,1
ag,5120,10240,8192,gpu,14,c_flux_ag,3,0.50451,0.50163,0.50451,0.03774,1260,1
ag,5120,10240,8192,gpu,14,A_fused,0,3.65568,3.55738,3.65568,0.05473,1260,1
ag,5120,10240,8192,gpu,15,c_cublas,3,3.32800,3.18771,3.32800,0.03623,1245,1
ag,5120,10240,8192,gpu,15,c_fluxgemm,0,3.52051,3.37920,3.52051,0.03733,1245,1
ag,5120,10240,8192,gpu,15,c_flux_ag,1,0.46448,0.46163,0.46448,0.03776,1245,1
ag,5120,10240,8192,gpu,15,A_fused,2,3.69971,3.55430,3.69971,0.05346,1245,1
ag,5120,10240,8192,gpu,16,c_cublas,3,3.32902,3.18771,3.32902,0.04278,1245,1
ag,5120,10240,8192,gpu,16,c_fluxgemm,2,3.51642,3.37920,3.51642,0.03471,1245,1
ag,5120,10240,8192,gpu,16,c_flux_ag,1,0.46749,0.46707,0.46749,0.03389,1245,1
ag,5120,10240,8192,gpu,16,A_fused,0,3.68845,3.54918,3.68845,0.05936,1245,1
ag,5120,10240,8192,gpu,17,c_cublas,1,3.32800,3.18669,3.32800,0.03625,1245,1
ag,5120,10240,8192,gpu,17,c_fluxgemm,3,3.52256,3.38022,3.52256,0.03270,1245,1
ag,5120,10240,8192,gpu,17,c_flux_ag,0,0.50781,0.50650,0.50781,0.03947,1245,1
ag,5120,10240,8192,gpu,17,A_fused,2,3.69562,3.55840,3.69562,0.05600,1245,1
ag,5120,10240,8192,gpu,18,c_cublas,0,3.32902,3.18566,3.32902,0.04172,1245,1
ag,5120,10240,8192,gpu,18,c_fluxgemm,1,3.48979,3.38125,3.48979,0.03975,1245,1
ag,5120,10240,8192,gpu,18,c_flux_ag,2,0.50768,0.50598,0.50768,0.03712,1245,1
ag,5120,10240,8192,gpu,18,A_fused,3,3.65568,3.55840,3.65568,0.05214,1245,1
ag,5120,10240,8192,gpu,19,c_cublas,2,3.28806,3.18669,3.28806,0.03651,1260,1
ag,5120,10240,8192,gpu,19,c_fluxgemm,1,3.47853,3.37818,3.47853,0.03327,1260,1
ag,5120,10240,8192,gpu,19,c_flux_ag,3,0.49949,0.49904,0.49904,0.04010,1260,1
ag,5120,10240,8192,gpu,19,A_fused,0,3.65978,3.56250,3.65978,0.05582,1260,1
ag,5120,10240,8192,gpu,20,c_cublas,1,3.28909,3.18566,3.28909,0.03512,1260,1
ag,5120,10240,8192,gpu,20,c_fluxgemm,2,3.48160,3.38022,3.48160,0.03527,1260,1
ag,5120,10240,8192,gpu,20,c_flux_ag,3,0.50096,0.49978,0.50096,0.03885,1260,1
ag,5120,10240,8192,gpu,20,A_fused,0,3.66285,3.55533,3.66285,0.05676,1260,1
ag,5120,10240,8192,gpu,21,c_cublas,3,3.29011,3.18771,3.29011,0.03654,1260,1
ag,5120,10240,8192,gpu,21,c_fluxgemm,2,3.47853,3.38022,3.47853,0.03208,1260,1
ag,5120,10240,8192,gpu,21,c_flux_ag,0,0.45158,0.45110,0.45110,0.04037,1260,1
ag,5120,10240,8192,gpu,21,A_fused,1,3.65875,3.55533,3.65875,0.05349,1260,1
ag,5120,10240,8192,gpu,22,c_cublas,1,3.28806,3.18771,3.28806,0.03501,1260,1
ag,5120,10240,8192,gpu,22,c_fluxgemm,0,3.48058,3.38227,3.48058,0.03665,1260,1
ag,5120,10240,8192,gpu,22,c_flux_ag,3,0.46198,0.46150,0.46198,0.03421,1260,1
ag,5120,10240,8192,gpu,22,A_fused,2,3.65261,3.55021,3.65261,0.05742,1260,1
ag,5120,10240,8192,gpu,23,c_cublas,0,3.28909,3.18566,3.28909,0.03759,1260,1
ag,5120,10240,8192,gpu,23,c_fluxgemm,2,3.48058,3.38022,3.48058,0.03330,1260,1
ag,5120,10240,8192,gpu,23,c_flux_ag,3,0.49904,0.49814,0.49904,0.03579,1260,1
ag,5120,10240,8192,gpu,23,A_fused,1,3.66182,3.55840,3.66182,0.05709,1260,1
ag,5120,10240,8192,gpu,24,c_cublas,2,3.28909,3.18771,3.28909,0.03591,1260,1
ag,5120,10240,8192,gpu,24,c_fluxgemm,1,3.47955,3.37920,3.47955,0.03411,1260,1
ag,5120,10240,8192,gpu,24,c_flux_ag,0,0.45334,0.45181,0.45334,0.03468,1260,1
ag,5120,10240,8192,gpu,24,A_fused,3,3.66080,3.55738,3.66080,0.05653,1260,1
ag,5120,10240,8192,gpu,25,c_cublas,1,3.29114,3.18874,3.29114,0.03646,1260,1
ag,5120,10240,8192,gpu,25,c_fluxgemm,0,3.47955,3.38330,3.47955,0.04381,1260,1
ag,5120,10240,8192,gpu,25,c_flux_ag,3,0.46330,0.46128,0.46128,0.03393,1260,1
ag,5120,10240,8192,gpu,25,A_fused,2,3.65568,3.54509,3.65568,0.05634,1260,1
ag,5120,10240,8192,gpu,26,c_cublas,0,3.28806,3.18771,3.28806,0.03609,1260,1
ag,5120,10240,8192,gpu,26,c_fluxgemm,3,3.47750,3.38022,3.47750,0.04415,1260,1
ag,5120,10240,8192,gpu,26,c_flux_ag,1,0.45472,0.45046,0.45046,0.03846,1260,1
ag,5120,10240,8192,gpu,26,A_fused,2,3.65568,3.55942,3.65568,0.05217,1260,1
ag,5120,10240,8192,gpu,27,c_cublas,3,3.28909,3.18771,3.28909,0.03523,1260,1
ag,5120,10240,8192,gpu,27,c_fluxgemm,0,3.47750,3.38227,3.47750,0.03218,1260,1
ag,5120,10240,8192,gpu,27,c_flux_ag,1,0.51485,0.51242,0.51485,0.03718,1260,1
ag,5120,10240,8192,gpu,27,A_fused,2,3.65363,3.55021,3.65363,0.05023,1260,1
ag,5120,10240,8192,gpu,28,c_cublas,1,3.29011,3.18874,3.29011,0.03452,1260,1
ag,5120,10240,8192,gpu,28,c_fluxgemm,3,3.47955,3.37920,3.47955,0.04050,1260,1
ag,5120,10240,8192,gpu,28,c_flux_ag,2,0.51622,0.51510,0.51622,0.03748,1260,1
ag,5120,10240,8192,gpu,28,A_fused,0,3.65670,3.55840,3.65670,0.05777,1260,1
ag,5120,10240,8192,gpu,29,c_cublas,3,3.25427,3.18874,3.25427,0.03527,1260,1
ag,5120,10240,8192,gpu,29,c_fluxgemm,1,3.43962,3.38022,3.43962,0.03466,1260,1
ag,5120,10240,8192,gpu,29,c_flux_ag,0,0.46976,0.46874,0.46976,0.03947,1260,1
ag,5120,10240,8192,gpu,29,A_fused,2,3.61779,3.55840,3.61779,0.05431,1260,1
ag,5120,10240,8192,gpu,30,c_cublas,1,3.25018,3.18464,3.25018,0.03455,1275,1
ag,5120,10240,8192,gpu,30,c_fluxgemm,0,3.43757,3.37920,3.43757,0.03707,1275,1
ag,5120,10240,8192,gpu,30,c_flux_ag,2,0.52675,0.52547,0.52675,0.03913,1275,1
ag,5120,10240,8192,gpu,30,A_fused,3,3.65158,3.55328,3.65158,0.05596,1275,1
ag,5120,10240,8192,gpu,31,c_cublas,1,3.28806,3.18669,3.28806,0.03698,1275,1
ag,5120,10240,8192,gpu,31,c_fluxgemm,2,3.47750,3.35872,3.47750,0.03570,1275,1
ag,5120,10240,8192,gpu,31,c_flux_ag,0,0.46515,0.46182,0.46515,0.03729,1275,1
ag,5120,10240,8192,gpu,31,A_fused,3,3.64749,3.51539,3.64749,0.05339,1275,1
ag,5120,10240,8192,gpu,32,c_cublas,1,3.28806,3.14778,3.28806,0.03544,1275,1
ag,5120,10240,8192,gpu,32,c_fluxgemm,0,3.47443,3.33722,3.47443,0.03555,1275,1
ag,5120,10240,8192,gpu,32,c_flux_ag,2,0.51242,0.51222,0.51222,0.03919,1275,1
ag,5120,10240,8192,gpu,32,A_fused,3,3.65670,3.50925,3.65670,0.05898,1275,1
ag,5120,10240,8192,gpu,33,c_cublas,1,3.28909,3.14982,3.28909,0.03695,1275,1
ag,5120,10240,8192,gpu,33,c_fluxgemm,3,3.48058,3.33926,3.48058,0.03430,1275,1
ag,5120,10240,8192,gpu,33,c_flux_ag,2,0.51002,0.50941,0.51002,0.03908,1275,1
ag,5120,10240,8192,gpu,33,A_fused,0,3.65773,3.51539,3.65773,0.05748,1275,1
ag,5120,10240,8192,gpu,34,c_cublas,1,3.31162,3.14982,3.31162,0.03570,1245,1
ag,5120,10240,8192,gpu,34,c_fluxgemm,3,3.52154,3.38022,3.52154,0.03470,1245,1
ag,5120,10240,8192,gpu,34,c_flux_ag,2,0.50579,0.50416,0.50579,0.04516,1245,1
ag,5120,10240,8192,gpu,34,A_fused,0,3.65568,3.51539,3.65568,0.05859,1245,1
ag,5120,10240,8192,gpu,35,c_cublas,2,3.32902,3.18874,3.32902,0.03687,1245,1
ag,5120,10240,8192,gpu,35,c_fluxgemm,0,3.51949,3.37715,3.51949,0.03254,1245,1
ag,5120,10240,8192,gpu,35,c_flux_ag,3,0.50032,0.49770,0.50032,0.03789,1245,1
ag,5120,10240,8192,gpu,35,A_fused,1,3.69459,3.55021,3.69459,0.05504,1245,1
ag,5120,10240,8192,gpu,36,c_cublas,2,3.33107,3.18874,3.33107,0.03586,1245,1
ag,5120,10240,8192,gpu,36,c_fluxgemm,0,3.51642,3.37715,3.51642,0.03685,1245,1
ag,5120,10240,8192,gpu,36,c_flux_ag,3,0.49875,0.49690,0.49875,0.03758,1245,1
ag,5120,10240,8192,gpu,36,A_fused,1,3.69869,3.55533,3.69869,0.05491,1245,1
ag,5120,10240,8192,gpu,37,c_cublas,3,3.36998,3.18669,3.36998,0.03623,1245,1
ag,5120,10240,8192,gpu,37,c_fluxgemm,0,3.55021,3.38022,3.55021,0.03604,1245,1
ag,5120,10240,8192,gpu,37,c_flux_ag,2,0.46173,0.44989,0.46173,0.03371,1245,1
ag,5120,10240,8192,gpu,37,A_fused,1,3.73658,3.55533,3.73658,0.05637,1245,1
ag,5120,10240,8192,gpu,38,c_cublas,1,3.36794,3.18771,3.36794,0.03518,1245,1
ag,5120,10240,8192,gpu,38,c_fluxgemm,0,3.56250,3.37920,3.56250,0.03668,1245,1
ag,5120,10240,8192,gpu,38,c_flux_ag,3,0.46326,0.46166,0.46326,0.03488,1245,1
ag,5120,10240,8192,gpu,38,A_fused,2,3.73248,3.54918,3.73248,0.06488,1245,1
ag,5120,10240,8192,gpu,39,c_cublas,3,3.37101,3.18771,3.37101,0.03592,1230,1
ag,5120,10240,8192,gpu,39,c_fluxgemm,0,3.56352,3.37920,3.56352,0.03590,1230,1
ag,5120,10240,8192,gpu,39,c_flux_ag,1,0.45462,0.45181,0.45462,0.03739,1230,1
ag,5120,10240,8192,gpu,39,A_fused,2,3.73965,3.55430,3.73965,0.05231,1230,1
ag,5120,10240,8192,gpu,40,c_cublas,3,3.36998,3.18669,3.36998,0.03572,1230,1
ag,5120,10240,8192,gpu,40,c_fluxgemm,0,3.56147,3.38125,3.56147,0.03817,1230,1
ag,5120,10240,8192,gpu,40,c_flux_ag,1,0.51078,0.50800,0.51078,0.03925,1230,1
ag,5120,10240,8192,gpu,40,A_fused,2,3.73658,3.55840,3.73658,0.05116,1230,1
ag,5120,10240,8192,gpu,41,c_cublas,1,3.36896,3.18669,3.36896,0.03643,1230,1
ag,5120,10240,8192,gpu,41,c_fluxgemm,2,3.56045,3.38022,3.56045,0.03633,1230,1
ag,5120,10240,8192,gpu,41,c_flux_ag,0,0.44842,0.44742,0.44742,0.04083,1230,1
ag,5120,10240,8192,gpu,41,A_fused,3,3.74067,3.55840,3.74067,0.05471,1230,1
ag,5120,10240,8192,gpu,42,c_cublas,3,3.28909,3.18771,3.28909,0.03592,1230,1
ag,5120,10240,8192,gpu,42,c_fluxgemm,1,3.48160,3.37920,3.48160,0.03854,1230,1
ag,5120,10240,8192,gpu,42,c_flux_ag,2,0.51894,0.51728,0.51728,0.03615,1230,1
ag,5120,10240,8192,gpu,42,A_fused,0,3.73862,3.55328,3.73862,0.05663,1230,1
ag,5120,10240,8192,gpu,43,c_cublas,2,3.28806,3.18669,3.28806,0.04218,1260,1
ag,5120,10240,8192,gpu,43,c_fluxgemm,0,3.47648,3.37818,3.47648,0.03675,1260,1
ag,5120,10240,8192,gpu,43,c_flux_ag,3,0.50077,0.49942,0.50077,0.04404,1260,1
ag,5120,10240,8192,gpu,43,A_fused,1,3.65773,3.55328,3.65773,0.05424,1260,1
ag,5120,10240,8192,gpu,44,c_cublas,1,3.28909,3.18669,3.28909,0.03620,1260,1
ag,5120,10240,8192,gpu,44,c_fluxgemm,3,3.47853,3.37818,3.47853,0.03235,1260,1
ag,5120,10240,8192,gpu,44,c_flux_ag,0,0.45389,0.45008,0.45389,0.03859,1260,1
ag,5120,10240,8192,gpu,44,A_fused,2,3.65363,3.55328,3.65363,0.05773,1260,1
ag,5120,10240,8192,gpu,45,c_cublas,2,3.25018,3.19898,3.25018,0.03542,1260,1
ag,5120,10240,8192,gpu,45,c_fluxgemm,0,3.44269,3.37818,3.44269,0.03366,1260,1
ag,5120,10240,8192,gpu,45,c_flux_ag,3,0.46403,0.46288,0.46403,0.03817,1260,1
ag,5120,10240,8192,gpu,45,A_fused,1,3.61882,3.54918,3.61882,0.05377,1260,1
ag,5120,10240,8192,gpu,46,c_cublas,3,3.28806,3.22150,3.28806,0.03541,1260,1
ag,5120,10240,8192,gpu,46,c_fluxgemm,2,3.45088,3.41299,3.45088,0.03337,1260,1
ag,5120,10240,8192,gpu,46,c_flux_ag,1,0.50944,0.50922,0.50922,0.03463,1260,1
ag,5120,10240,8192,gpu,46,A_fused,0,3.61779,3.58502,3.61779,0.05592,1260,1
ag,5120,10240,8192,gpu,47,c_cublas,1,3.28909,3.22253,3.28909,0.03500,1260,1
ag,5120,10240,8192,gpu,47,c_fluxgemm,3,3.48058,3.41094,3.48058,0.03470,1260,1
ag,5120,10240,8192,gpu,47,c_flux_ag,2,0.50538,0.50509,0.50538,0.04515,1260,1
ag,5120,10240,8192,gpu,47,A_fused,0,3.66387,3.58400,3.66387,0.05904,1260,1
ag,5120,10240,8192,gpu,48,c_cublas,3,3.28806,3.22048,3.28806,0.03595,1260,1
ag,5120,10240,8192,gpu,48,c_fluxgemm,2,3.47750,3.40890,3.47750,0.03309,1260,1
ag,5120,10240,8192,gpu,48,c_flux_ag,0,0.47190,0.47133,0.47133,0.03887,1260,1
ag,5120,10240,8192,gpu,48,A_fused,1,3.65773,3.58195,3.65773,0.05389,1260,1
ag,5120,10240,8192,gpu,49,c_cublas,1,3.28909,3.22253,3.28909,0.03931,1260,1
ag,5120,10240,8192,gpu,49,c_fluxgemm,2,3.47750,3.41094,3.47750,0.03544,1260,1
ag,5120,10240,8192,gpu,49,c_flux_ag,3,0.50157,0.50077,0.50157,0.03682,1260,1
ag,5120,10240,8192,gpu,49,A_fused,0,3.65466,3.59014,3.65466,0.05870,1260,1
ag,5120,10240,8192,gpu,50,c_cublas,0,3.28909,3.22253,3.28909,0.03611,1260,1
ag,5120,10240,8192,gpu,50,c_fluxgemm,1,3.49798,3.41197,3.49798,0.03594,1260,1
ag,5120,10240,8192,gpu,50,c_flux_ag,2,0.45395,0.45107,0.45107,0.03828,1260,1
ag,5120,10240,8192,gpu,50,A_fused,3,3.69971,3.59322,3.69971,0.05091,1260,1
ag,5120,10240,8192,gpu,51,c_cublas,0,3.32800,3.22150,3.32800,0.03725,1245,1
ag,5120,10240,8192,gpu,51,c_fluxgemm,2,3.47955,3.40787,3.47955,0.03274,1245,1
ag,5120,10240,8192,gpu,51,c_flux_ag,3,0.46179,0.46093,0.46093,0.03574,1245,1
ag,5120,10240,8192,gpu,51,A_fused,1,3.68128,3.58400,3.68128,0.05686,1245,1
ag,5120,10240,8192,gpu,52,c_cublas,1,3.28806,3.25018,3.28806,0.03573,1245,1
ag,5120,10240,8192,gpu,52,c_fluxgemm,0,3.47750,3.40582,3.47750,0.03433,1245,1
ag,5120,10240,8192,gpu,52,c_flux_ag,3,0.46730,0.46563,0.46563,0.03952,1245,1
ag,5120,10240,8192,gpu,52,A_fused,2,3.64646,3.61370,3.64646,0.05746,1245,1
ag,5120,10240,8192,gpu,53,c_cublas,2,3.29011,3.25018,3.29011,0.03749,1245,1
ag,5120,10240,8192,gpu,53,c_fluxgemm,1,3.47853,3.44166,3.47853,0.03365,1245,1
ag,5120,10240,8192,gpu,53,c_flux_ag,3,0.50096,0.50070,0.50070,0.03886,1245,1
ag,5120,10240,8192,gpu,53,A_fused,0,3.66182,3.61779,3.66182,0.05731,1245,1
ag,5120,10240,8192,gpu,54,c_cublas,0,3.28909,3.25018,3.28909,0.03558,1245,1
ag,5120,10240,8192,gpu,54,c_fluxgemm,2,3.45088,3.44064,3.45088,0.03993,1245,1
ag,5120,10240,8192,gpu,54,c_flux_ag,3,0.50387,0.49981,0.50387,0.03653,1245,1
ag,5120,10240,8192,gpu,54,A_fused,1,3.65363,3.61779,3.65363,0.05748,1245,1
ag,5120,10240,8192,gpu,55,c_cublas,3,3.25120,3.21331,3.25120,0.03576,1275,1
ag,5120,10240,8192,gpu,55,c_fluxgemm,2,3.43962,3.40480,3.43962,0.03311,1275,1
ag,5120,10240,8192,gpu,55,c_flux_ag,1,0.45539,0.45053,0.45539,0.03331,1275,1
ag,5120,10240,8192,gpu,55,A_fused,0,3.61984,3.61472,3.61472,0.05565,1275,1
ag,5120,10240,8192,gpu,56,c_cublas,2,3.28909,3.21434,3.28909,0.03510,1275,1
ag,5120,10240,8192,gpu,56,c_fluxgemm,0,3.44166,3.40480,3.44166,0.03793,1275,1
ag,5120,10240,8192,gpu,56,c_flux_ag,3,0.46371,0.46208,0.46371,0.03969,1275,1
ag,5120,10240,8192,gpu,56,A_fused,1,3.65158,3.57274,3.65158,0.05508,1275,1
ag,5120,10240,8192,gpu,57,c_cublas,2,3.29011,3.25120,3.29011,0.03529,1275,1
ag,5120,10240,8192,gpu,57,c_fluxgemm,3,3.47648,3.44166,3.47648,0.03575,1275,1
ag,5120,10240,8192,gpu,57,c_flux_ag,0,0.46224,0.46125,0.46224,0.03695,1275,1
ag,5120,10240,8192,gpu,57,A_fused,1,3.64851,3.59014,3.64851,0.05320,1275,1
ag,5120,10240,8192,gpu,58,c_cublas,3,3.28909,3.25018,3.28909,0.03643,1275,1
ag,5120,10240,8192,gpu,58,c_fluxgemm,1,3.47546,3.43962,3.47546,0.03239,1275,1
ag,5120,10240,8192,gpu,58,c_flux_ag,2,0.46506,0.46499,0.46499,0.03611,1275,1
ag,5120,10240,8192,gpu,58,A_fused,0,3.64954,3.64646,3.64954,0.05862,1275,1
ag,5120,10240,8192,gpu,59,c_cublas,0,3.28806,3.25018,3.28806,0.03282,1275,1
ag,5120,10240,8192,gpu,59,c_fluxgemm,3,3.47853,3.47341,3.47853,0.03322,1275,1
ag,5120,10240,8192,gpu,59,c_flux_ag,2,0.46835,0.46819,0.46835,0.03352,1275,1
ag,5120,10240,8192,gpu,59,A_fused,1,3.64851,3.61370,3.64851,0.05685,1275,1
ag,5120,10240,8192,gpu,60,c_cublas,1,3.29523,3.28806,3.28806,0.03666,1260,1
ag,5120,10240,8192,gpu,60,c_fluxgemm,2,3.48774,3.47546,3.47546,0.04479,1260,1
ag,5120,10240,8192,gpu,60,c_flux_ag,0,0.45309,0.44752,0.44752,0.03884,1260,1
ag,5120,10240,8192,gpu,60,A_fused,3,3.65568,3.65261,3.65261,0.05491,1260,1
ag,5120,10240,8192,gpu,61,c_cublas,1,3.29626,3.28909,3.28909,0.03507,1260,1
ag,5120,10240,8192,gpu,61,c_fluxgemm,2,3.48774,3.47955,3.47955,0.03607,1260,1
ag,5120,10240,8192,gpu,61,c_flux_ag,3,0.50829,0.50634,0.50634,0.03815,1260,1
ag,5120,10240,8192,gpu,61,A_fused,0,3.66694,3.65261,3.65261,0.05505,1260,1
ag,5120,10240,8192,gpu,62,c_cublas,0,3.33619,3.28806,3.28806,0.03609,1260,1
ag,5120,10240,8192,gpu,62,c_fluxgemm,2,3.52666,3.47853,3.47853,0.03276,1260,1
ag,5120,10240,8192,gpu,62,c_flux_ag,3,0.49901,0.49840,0.49901,0.03733,1260,1
ag,5120,10240,8192,gpu,62,A_fused,1,3.70074,3.65670,3.65670,0.06482,1260,1
ag,5120,10240,8192,gpu,63,c_cublas,0,3.33619,3.28909,3.28909,0.03728,1260,1
ag,5120,10240,8192,gpu,63,c_fluxgemm,3,3.48570,3.47853,3.47853,0.03457,1260,1
ag,5120,10240,8192,gpu,63,c_flux_ag,2,0.45152,0.44998,0.45152,0.03396,1260,1
ag,5120,10240,8192,gpu,63,A_fused,1,3.68947,3.65261,3.65261,0.06003,1260,1
ag,5120,10240,8192,gpu,64,c_cublas,0,3.29626,3.28909,3.28909,0.03770,1260,1
ag,5120,10240,8192,gpu,64,c_fluxgemm,1,3.48774,3.48365,3.48365,0.03657,1260,1
ag,5120,10240,8192,gpu,64,c_flux_ag,3,0.46774,0.46646,0.46774,0.03357,1260,1
ag,5120,10240,8192,gpu,64,A_fused,2,3.65773,3.65568,3.65568,0.05570,1260,1
ag,5120,10240,8192,gpu,65,c_cublas,2,3.29421,3.28909,3.28909,0.03627,1260,1
ag,5120,10240,8192,gpu,65,c_fluxgemm,1,3.48877,3.47955,3.47955,0.04398,1260,1
ag,5120,10240,8192,gpu,65,c_flux_ag,0,0.45002,0.44678,0.44678,0.03688,1260,1
ag,5120,10240,8192,gpu,65,A_fused,3,3.66592,3.65466,3.65466,0.05695,1260,1
ag,5120,10240,8192,gpu,66,c_cublas,1,3.29626,3.28909,3.28909,0.03580,1260,1
ag,5120,10240,8192,gpu,66,c_fluxgemm,3,3.49082,3.47648,3.47648,0.03405,1260,1
ag,5120,10240,8192,gpu,66,c_flux_ag,2,0.50960,0.50621,0.50960,0.03897,1260,1
ag,5120,10240,8192,gpu,66,A_fused,0,3.66694,3.65773,3.65773,0.05458,1260,1
ag,5120,10240,8192,gpu,67,c_cublas,2,3.28806,3.27782,3.28806,0.03611,1260,1
ag,5120,10240,8192,gpu,67,c_fluxgemm,0,3.48979,3.47853,3.47853,0.03408,1260,1
ag,5120,10240,8192,gpu,67,c_flux_ag,3,0.49907,0.49466,0.49907,0.03785,1260,1
ag,5120,10240,8192,gpu,67,A_fused,1,3.65875,3.65261,3.65261,0.05406,1260,1
ag,5120,10240,8192,gpu,68,c_cublas,1,3.28806,3.21946,3.28806,0.03607,1260,1
ag,5120,10240,8192,gpu,68,c_fluxgemm,0,3.47648,3.45190,3.47648,0.03689,1260,1
ag,5120,10240,8192,gpu,68,c_flux_ag,2,0.47386,0.47296,0.47386,0.03871,1260,1
ag,5120,10240,8192,gpu,68,A_fused,3,3.64851,3.58400,3.64851,0.06047,1260,1
ag,5120,10240,8192,gpu,69,c_cublas,1,3.28909,3.22048,3.28909,0.03610,1260,1
ag,5120,10240,8192,gpu,69,c_fluxgemm,3,3.47750,3.41197,3.47750,0.03480,1260,1
ag,5120,10240,8192,gpu,69,c_flux_ag,2,0.47171,0.46406,0.46406,0.03764,1260,1
ag,5120,10240,8192,gpu,69,A_fused,0,3.65466,3.58605,3.65466,0.05586,1260,1
ag,5120,10240,8192,gpu,70,c_cublas,0,3.28909,3.22048,3.28909,0.03644,1260,1
ag,5120,10240,8192,gpu,70,c_fluxgemm,2,3.48262,3.41197,3.48262,0.04284,1260,1
ag,5120,10240,8192,gpu,70,c_flux_ag,1,0.50515,0.50490,0.50490,0.03983,1260,1
ag,5120,10240,8192,gpu,70,A_fused,3,3.62394,3.59117,3.62394,0.05335,1260,1
ag,5120,10240,8192,gpu,71,c_cublas,1,3.25018,3.22150,3.25018,0.03633,1275,1
ag,5120,10240,8192,gpu,71,c_fluxgemm,2,3.44371,3.41709,3.44371,0.03543,1275,1
ag,5120,10240,8192,gpu,71,c_flux_ag,3,0.49901,0.49770,0.49770,0.03767,1275,1
ag,5120,10240,8192,gpu,71,A_fused,0,3.61677,3.59322,3.61677,0.05476,1275,1
ag,5120,10240,8192,gpu,72,c_cublas,3,3.25120,3.22150,3.25120,0.03728,1275,1
ag,5120,10240,8192,gpu,72,c_fluxgemm,0,3.44064,3.41504,3.44064,0.03615,1275,1
ag,5120,10240,8192,gpu,72,c_flux_ag,2,0.45248,0.44634,0.45248,0.03489,1275,1
ag,5120,10240,8192,gpu,72,A_fused,1,3.61882,3.59219,3.61882,0.05489,1275,1
ag,5120,10240,8192,gpu,73,c_cublas,3,3.25120,3.18771,3.25120,0.03653,1275,1
ag,5120,10240,8192,gpu,73,c_fluxgemm,0,3.44166,3.41197,3.44166,0.03787,1275,1
ag,5120,10240,8192,gpu,73,c_flux_ag,2,0.46122,0.46038,0.46038,0.03445,1275,1
ag,5120,10240,8192,gpu,73,A_fused,1,3.62086,3.55226,3.62086,0.05575,1275,1
ag,5120,10240,8192,gpu,74,c_cublas,2,3.34438,3.18771,3.34438,0.03521,1275,1
ag,5120,10240,8192,gpu,74,c_fluxgemm,1,3.46419,3.37818,3.46419,0.03210,1275,1
ag,5120,10240,8192,gpu,74,c_flux_ag,3,0.50141,0.49946,0.49946,0.04611,1275,1
ag,5120,10240,8192,gpu,74,A_fused,0,3.63008,3.56045,3.63008,0.05825,1275,1
ag,5120,10240,8192,gpu,75,c_cublas,2,3.34541,3.18669,3.34541,0.03657,1245,1
ag,5120,10240,8192,gpu,75,c_fluxgemm,0,3.54304,3.37920,3.54304,0.03675,1245,1
ag,5120,10240,8192,gpu,75,c_flux_ag,1,0.46266,0.46099,0.46099,0.03687,1245,1
ag,5120,10240,8192,gpu,75,A_fused,3,3.72634,3.55533,3.72634,0.05684,1245,1
ag,5120,10240,8192,gpu,76,c_cublas,2,3.34541,3.18566,3.34541,0.03610,1245,1
ag,5120,10240,8192,gpu,76,c_fluxgemm,3,3.54509,3.38022,3.54509,0.03607,1245,1
ag,5120,10240,8192,gpu,76,c_flux_ag,1,0.46906,0.46835,0.46906,0.03463,1245,1
ag,5120,10240,8192,gpu,76,A_fused,0,3.71814,3.54714,3.71814,0.05626,1245,1
ag,5120,10240,8192,gpu,77,c_cublas,2,3.34438,3.18566,3.34438,0.03620,1245,1
ag,5120,10240,8192,gpu,77,c_fluxgemm,0,3.54509,3.38022,3.54509,0.03479,1245,1
ag,5120,10240,8192,gpu,77,c_flux_ag,1,0.50774,0.50739,0.50739,0.03956,1245,1
ag,5120,10240,8192,gpu,77,A_fused,3,3.71507,3.55430,3.71507,0.05622,1245,1
ag,5120,10240,8192,gpu,78,c_cublas,2,3.34438,3.18566,3.34438,0.03570,1245,1
ag,5120,10240,8192,gpu,78,c_fluxgemm,1,3.54304,3.37920,3.54304,0.03170,1245,1
ag,5120,10240,8192,gpu,78,c_flux_ag,3,0.50403,0.50109,0.50403,0.03962,1245,1
ag,5120,10240,8192,gpu,78,A_fused,0,3.72122,3.56352,3.72122,0.05534,1245,1
ag,5120,10240,8192,gpu,79,c_cublas,3,3.34643,3.18669,3.34643,0.03606,1245,1
ag,5120,10240,8192,gpu,79,c_fluxgemm,2,3.54304,3.37715,3.54304,0.03375,1245,1
ag,5120,10240,8192,gpu,79,c_flux_ag,1,0.46410,0.46346,0.46410,0.03343,1245,1
ag,5120,10240,8192,gpu,79,A_fused,0,3.71814,3.55226,3.71814,0.06330,1245,1
ag,5120,10240,8192,gpu,80,c_cublas,3,3.34541,3.18566,3.34541,0.03630,1245,1
ag,5120,10240,8192,gpu,80,c_fluxgemm,0,3.54099,3.37715,3.54099,0.04259,1245,1
ag,5120,10240,8192,gpu,80,c_flux_ag,1,0.50938,0.50774,0.50938,0.04708,1245,1
ag,5120,10240,8192,gpu,80,A_fused,2,3.72019,3.56147,3.72019,0.05598,1245,1
ag,5120,10240,8192,gpu,81,c_cublas,1,3.34643,3.14880,3.34643,0.03590,1245,1
ag,5120,10240,8192,gpu,81,c_fluxgemm,0,3.54611,3.34950,3.54611,0.03764,1245,1
ag,5120,10240,8192,gpu,81,c_flux_ag,3,0.46464,0.46310,0.46464,0.03386,1245,1
ag,5120,10240,8192,gpu,81,A_fused,2,3.71610,3.51232,3.71610,0.06160,1245,1
ag,5120,10240,8192,gpu,82,c_cublas,2,3.34541,3.14778,3.34541,0.03532,1245,1
ag,5120,10240,8192,gpu,82,c_fluxgemm,3,3.54202,3.38022,3.54202,0.03584,1245,1
ag,5120,10240,8192,gpu,82,c_flux_ag,1,0.46288,0.46064,0.46288,0.03434,1245,1
ag,5120,10240,8192,gpu,82,A_fused,0,3.72429,3.51642,3.72429,0.05680,1245,1
ag,5120,10240,8192,gpu,83,c_cublas,2,3.30342,3.18566,3.30342,0.03529,1245,1
ag,5120,10240,8192,gpu,83,c_fluxgemm,1,3.52973,3.37818,3.52973,0.03208,1245,1
ag,5120,10240,8192,gpu,83,c_flux_ag,3,0.50192,0.50077,0.50077,0.03779,1245,1
ag,5120,10240,8192,gpu,83,A_fused,0,3.71814,3.55123,3.71814,0.05716,1245,1
ag,5120,10240,8192,gpu,84,c_cublas,3,3.30240,3.22048,3.30240,0.03721,1260,1
ag,5120,10240,8192,gpu,84,c_fluxgemm,0,3.49901,3.38125,3.49901,0.03698,1260,1
ag,5120,10240,8192,gpu,84,c_flux_ag,1,0.45187,0.44854,0.45187,0.03715,1260,1
ag,5120,10240,8192,gpu,84,A_fused,2,3.67411,3.58810,3.67411,0.05373,1260,1
ag,5120,10240,8192,gpu,85,c_cublas,0,3.29114,3.22253,3.29114,0.03342,1260,1
ag,5120,10240,8192,gpu,85,c_fluxgemm,3,3.46214,3.41299,3.46214,0.03254,1260,1
ag,5120,10240,8192,gpu,85,c_flux_ag,1,0.50653,0.50608,0.50653,0.04082,1260,1
ag,5120,10240,8192,gpu,85,A_fused,2,3.64544,3.58810,3.64544,0.05288,1260,1
ag,5120,10240,8192,gpu,86,c_cublas,0,3.26758,3.18874,3.26758,0.03977,1260,1
ag,5120,10240,8192,gpu,86,c_fluxgemm,1,3.46112,3.38125,3.46112,0.03562,1260,1
ag,5120,10240,8192,gpu,86,c_flux_ag,2,0.51523,0.51418,0.51523,0.03862,1260,1
ag,5120,10240,8192,gpu,86,A_fused,3,3.63827,3.55942,3.63827,0.05134,1260,1
ag,5120,10240,8192,gpu,87,c_cublas,1,3.26861,3.18566,3.26861,0.03746,1260,1
ag,5120,10240,8192,gpu,87,c_fluxgemm,3,3.46010,3.38125,3.46010,0.04173,1260,1
ag,5120,10240,8192,gpu,87,c_flux_ag,2,0.51248,0.50986,0.51248,0.03762,1260,1
ag,5120,10240,8192,gpu,87,A_fused,0,3.63827,3.56762,3.63827,0.06030,1260,1
ag,5120,10240,8192,gpu,88,c_cublas,2,3.30342,3.18464,3.30342,0.08154,1275,1
ag,5120,10240,8192,gpu,88,c_fluxgemm,3,3.50106,3.37818,3.50106,0.03686,1275,1
ag,5120,10240,8192,gpu,88,c_flux_ag,1,0.45405,0.45056,0.45405,0.03426,1275,1
ag,5120,10240,8192,gpu,88,A_fused,0,3.64339,3.55328,3.64339,0.05703,1275,1
ag,5120,10240,8192,gpu,89,c_cublas,2,3.30240,3.18566,3.30240,0.03717,1275,1
ag,5120,10240,8192,gpu,89,c_fluxgemm,0,3.49491,3.38125,3.49491,0.03515,1275,1
ag,5120,10240,8192,gpu,89,c_flux_ag,1,0.51030,0.50944,0.51030,0.03913,1275,1
ag,5120,10240,8192,gpu,89,A_fused,3,3.66797,3.55328,3.66797,0.06235,1275,1
ag,5120,10240,8192,gpu,90,c_cublas,0,3.29318,3.18566,3.29318,0.03543,1275,1
ag,5120,10240,8192,gpu,90,c_fluxgemm,3,3.47853,3.37715,3.47853,0.03323,1275,1
ag,5120,10240,8192,gpu,90,c_flux_ag,1,0.51117,0.50842,0.51117,0.04048,1275,1
ag,5120,10240,8192,gpu,90,A_fused,2,3.65670,3.55430,3.65670,0.05307,1275,1
ag,5120,10240,8192,gpu,91,c_cublas,0,3.28806,3.18771,3.28806,0.03688,1275,1
ag,5120,10240,8192,gpu,91,c_fluxgemm,2,3.48570,3.37920,3.48570,0.04264,1275,1
ag,5120,10240,8192,gpu,91,c_flux_ag,1,0.52214,0.52189,0.52214,0.04734,1275,1
ag,5120,10240,8192,gpu,91,A_fused,3,3.70381,3.55840,3.70381,0.05258,1275,1
ag,5120,10240,8192,gpu,92,c_cublas,0,3.32902,3.18771,3.32902,0.03629,1245,1
ag,5120,10240,8192,gpu,92,c_fluxgemm,3,3.52051,3.40992,3.52051,0.03397,1245,1
ag,5120,10240,8192,gpu,92,c_flux_ag,2,0.46678,0.46560,0.46560,0.03419,1245,1
ag,5120,10240,8192,gpu,92,A_fused,1,3.69562,3.59014,3.69562,0.05803,1245,1
ag,5120,10240,8192,gpu,93,c_cublas,3,3.29011,3.22253,3.29011,0.03534,1245,1
ag,5120,10240,8192,gpu,93,c_fluxgemm,2,3.48365,3.41299,3.48365,0.03243,1245,1
ag,5120,10240,8192,gpu,93,c_flux_ag,0,0.46342,0.45530,0.45530,0.03882,1245,1
ag,5120,10240,8192,gpu,93,A_fused,1,3.67104,3.58810,3.67104,0.05383,1245,1
ag,5120,10240,8192,gpu,94,c_cublas,0,3.28806,3.22150,3.28806,0.03336,1245,1
ag,5120,10240,8192,gpu,94,c_fluxgemm,3,3.45293,3.40992,3.45293,0.03291,1245,1
ag,5120,10240,8192,gpu,94,c_flux_ag,1,0.51923,0.51725,0.51923,0.04008,1245,1
ag,5120,10240,8192,gpu,94,A_fused,2,3.65978,3.59014,3.65978,0.06105,1245,1
ag,5120,10240,8192,gpu,95,c_cublas,1,3.25120,3.22150,3.25120,0.03609,1245,1
ag,5120,10240,8192,gpu,95,c_fluxgemm,0,3.44166,3.40992,3.44166,0.03420,1245,1
ag,5120,10240,8192,gpu,95,c_flux_ag,2,0.50666,0.50480,0.50480,0.03889,1245,1
ag,5120,10240,8192,gpu,95,A_fused,3,3.61574,3.58707,3.61574,0.05224,1245,1
ag,5120,10240,8192,gpu,96,c_cublas,0,3.24915,3.22150,3.24915,0.07287,1275,1
ag,5120,10240,8192,gpu,96,c_fluxgemm,3,3.44474,3.41504,3.44474,0.03401,1275,1
ag,5120,10240,8192,gpu,96,c_flux_ag,2,0.52378,0.52368,0.52368,0.03537,1275,1
ag,5120,10240,8192,gpu,96,A_fused,1,3.62086,3.59014,3.62086,0.05745,1275,1
ag,5120,10240,8192,gpu,97,c_cublas,3,3.25018,3.18771,3.25018,0.03557,1275,1
ag,5120,10240,8192,gpu,97,c_fluxgemm,1,3.44064,3.38125,3.44064,0.03502,1275,1
ag,5120,10240,8192,gpu,97,c_flux_ag,0,0.46317,0.46246,0.46317,0.03831,1275,1
ag,5120,10240,8192,gpu,97,A_fused,2,3.62701,3.56045,3.62701,0.05286,1275,1
ag,5120,10240,8192,gpu,98,c_cublas,2,3.25120,3.18669,3.25120,0.03681,1275,1
ag,5120,10240,8192,gpu,98,c_fluxgemm,0,3.44269,3.37920,3.44269,0.03735,1275,1
ag,5120,10240,8192,gpu,98,c_flux_ag,1,0.51414,0.51267,0.51414,0.03964,1275,1
ag,5120,10240,8192,gpu,98,A_fused,3,3.69664,3.55942,3.69664,0.06442,1275,1
ag,5120,10240,8192,gpu,99,c_cublas,1,3.32800,3.18771,3.32800,0.03536,1245,1
ag,5120,10240,8192,gpu,99,c_fluxgemm,2,3.51846,3.37306,3.51846,0.03573,1245,1
ag,5120,10240,8192,gpu,99,c_flux_ag,3,0.50211,0.50202,0.50202,0.03834,1245,1
ag,5120,10240,8192,gpu,99,A_fused,0,3.69869,3.55840,3.69869,0.05436,1245,1
ag,5120,10240,8192,gpu,100,c_cublas,2,3.32902,3.17645,3.32902,0.03593,1245,1
ag,5120,10240,8192,gpu,100,c_fluxgemm,1,3.52051,3.36486,3.52051,0.03490,1245,1
ag,5120,10240,8192,gpu,100,c_flux_ag,0,0.45459,0.45261,0.45459,0.03583,1245,1
ag,5120,10240,8192,gpu,100,A_fused,3,3.69971,3.55226,3.69971,0.05687,1245,1
ag,5120,10240,8192,gpu,101,c_cublas,3,3.33005,3.17645,3.33005,0.04332,1245,1
ag,5120,10240,8192,gpu,101,c_fluxgemm,0,3.51949,3.36794,3.51949,0.03490,1245,1
ag,5120,10240,8192,gpu,101,c_flux_ag,2,0.47453,0.47418,0.47453,0.03292,1245,1
ag,5120,10240,8192,gpu,101,A_fused,1,3.69459,3.54099,3.69459,0.05471,1245,1
ag,5120,10240,8192,gpu,102,c_cublas,3,3.32902,3.21229,3.32902,0.03541,1245,1
ag,5120,10240,8192,gpu,102,c_fluxgemm,1,3.51846,3.40070,3.51846,0.03244,1245,1
ag,5120,10240,8192,gpu,102,c_flux_ag,2,0.51485,0.51280,0.51485,0.03635,1245,1
ag,5120,10240,8192,gpu,102,A_fused,0,3.69459,3.58093,3.69459,0.05725,1245,1
ag,5120,10240,8192,gpu,103,c_cublas,3,3.32902,3.17542,3.32902,0.03555,1245,1
ag,5120,10240,8192,gpu,103,c_fluxgemm,2,3.52256,3.37715,3.52256,0.03356,1245,1
ag,5120,10240,8192,gpu,103,c_flux_ag,1,0.44797,0.44586,0.44586,0.03447,1245,1
ag,5120,10240,8192,gpu,103,A_fused,0,3.70176,3.58195,3.70176,0.06427,1245,1
ag,5120,10240,8192,gpu,104,c_cublas,3,3.28806,3.17645,3.28806,0.03601,1245,1
ag,5120,10240,8192,gpu,104,c_fluxgemm,1,3.49389,3.36589,3.49389,0.03267,1245,1
ag,5120,10240,8192,gpu,104,c_flux_ag,2,0.46355,0.46131,0.46131,0.03621,1245,1
ag,5120,10240,8192,gpu,104,A_fused,0,3.69459,3.54099,3.69459,0.05850,1245,1
ag,5120,10240,8192,gpu,105,c_cublas,0,3.29011,3.17645,3.29011,0.03601,1245,1
ag,5120,10240,8192,gpu,105,c_fluxgemm,3,3.47853,3.36794,3.47853,0.03349,1245,1
ag,5120,10240,8192,gpu,105,c_flux_ag,2,0.47261,0.46966,0.46966,0.03472,1245,1
ag,5120,10240,8192,gpu,105,A_fused,1,3.65670,3.54202,3.65670,0.05827,1245,1
ag,5120,10240,8192,gpu,106,c_cublas,2,3.28499,3.17542,3.28499,0.03736,1245,1
ag,5120,10240,8192,gpu,106,c_fluxgemm,3,3.44474,3.36589,3.44474,0.03567,1245,1
ag,5120,10240,8192,gpu,106,c_flux_ag,0,0.44739,0.44720,0.44720,0.03929,1245,1
ag,5120,10240,8192,gpu,106,A_fused,1,3.65158,3.53792,3.65158,0.05423,1245,1
ag,5120,10240,8192,gpu,107,c_cublas,3,3.25120,3.20614,3.25120,0.03582,1245,1
ag,5120,10240,8192,gpu,107,c_fluxgemm,2,3.43962,3.36384,3.43962,0.03244,1245,1
ag,5120,10240,8192,gpu,107,c_flux_ag,1,0.46589,0.46518,0.46589,0.03485,1245,1
ag,5120,10240,8192,gpu,107,A_fused,0,3.61267,3.53792,3.61267,0.05672,1245,1
ag,5120,10240,8192,gpu,108,c_cublas,3,3.25018,3.21741,3.25018,0.03621,1275,1
ag,5120,10240,8192,gpu,108,c_fluxgemm,1,3.44371,3.40685,3.44371,0.03238,1275,1
ag,5120,10240,8192,gpu,108,c_flux_ag,2,0.46320,0.46314,0.46320,0.03794,1275,1
ag,5120,10240,8192,gpu,108,A_fused,0,3.61165,3.57786,3.61165,0.05872,1275,1
ag,5120,10240,8192,gpu,109,c_cublas,3,3.28909,3.21843,3.28909,0.03670,1275,1
ag,5120,10240,8192,gpu,109,c_fluxgemm,2,3.48262,3.40890,3.48262,0.03397,1275,1
ag,5120,10240,8192,gpu,109,c_flux_ag,1,0.46736,0.46614,0.46736,0.03519,1275,1
ag,5120,10240,8192,gpu,109,A_fused,0,3.61574,3.57990,3.61574,0.06047,1275,1
ag,5120,10240,8192,gpu,110,c_cublas,3,3.30342,3.21843,3.30342,0.04493,1275,1
ag,5120,10240,8192,gpu,110,c_fluxgemm,1,3.47750,3.40685,3.47750,0.03286,1275,1
ag,5120,10240,8192,gpu,110,c_flux_ag,2,0.46419,0.46378,0.46419,0.03647,1275,1
ag,5120,10240,8192,gpu,110,A_fused,0,3.65158,3.57786,3.65158,0.06058,1275,1
ag,5120,10240,8192,gpu,111,c_cublas,2,3.36896,3.21741,3.36896,0.03752,1275,1
ag,5120,10240,8192,gpu,111,c_fluxgemm,3,3.56147,3.40582,3.56147,0.03654,1275,1
ag,5120,10240,8192,gpu,111,c_flux_ag,1,0.46557,0.45936,0.46557,0.03495,1275,1
ag,5120,10240,8192,gpu,111,A_fused,0,3.73760,3.58912,3.73760,0.06130,1275,1
ag,5120,10240,8192,gpu,112,c_cublas,2,3.34541,3.21741,3.34541,0.03741,1230,1
ag,5120,10240,8192,gpu,112,c_fluxgemm,1,3.55942,3.40890,3.55942,0.03748,1230,1
ag,5120,10240,8192,gpu,112,c_flux_ag,0,0.51046,0.51040,0.51046,0.03993,1230,1
ag,5120,10240,8192,gpu,112,A_fused,3,3.70074,3.58400,3.70074,0.05915,1230,1
ag,5120,10240,8192,gpu,113,c_cublas,3,3.33005,3.22048,3.33005,0.03614,1230,1
ag,5120,10240,8192,gpu,113,c_fluxgemm,1,3.52256,3.40582,3.52256,0.03274,1230,1
ag,5120,10240,8192,gpu,113,c_flux_ag,2,0.46218,0.46074,0.46074,0.03723,1230,1
ag,5120,10240,8192,gpu,113,A_fused,0,3.69050,3.57171,3.69050,0.05666,1230,1
ag,5120,10240,8192,gpu,114,c_cublas,2,3.34438,3.21946,3.34438,0.03476,1230,1
ag,5120,10240,8192,gpu,114,c_fluxgemm,0,3.52563,3.40685,3.52563,0.03682,1230,1
ag,5120,10240,8192,gpu,114,c_flux_ag,3,0.47709,0.47635,0.47635,0.03938,1230,1
ag,5120,10240,8192,gpu,114,A_fused,1,3.71712,3.56864,3.71712,0.05462,1230,1
ag,5120,10240,8192,gpu,115,c_cublas,1,3.34438,3.21843,3.34438,0.03500,1230,1
ag,5120,10240,8192,gpu,115,c_fluxgemm,3,3.49696,3.38125,3.49696,0.03433,1230,1
ag,5120,10240,8192,gpu,115,c_flux_ag,2,0.51069,0.50963,0.50963,0.03854,1230,1
ag,5120,10240,8192,gpu,115,A_fused,0,3.72122,3.58810,3.72122,0.05613,1230,1
ag,5120,10240,8192,gpu,116,c_cublas,2,3.30445,3.18771,3.30445,0.03633,1260,1
ag,5120,10240,8192,gpu,116,c_fluxgemm,1,3.49491,3.37818,3.49491,0.03609,1260,1
ag,5120,10240,8192,gpu,116,c_flux_ag,3,0.49904,0.49789,0.49789,0.03946,1260,1
ag,5120,10240,8192,gpu,116,A_fused,0,3.67411,3.55942,3.67411,0.06327,1260,1
ag,5120,10240,8192,gpu,117,c_cublas,3,3.30342,3.18771,3.30342,0.03636,1260,1
ag,5120,10240,8192,gpu,117,c_fluxgemm,1,3.49286,3.37818,3.49286,0.03259,1260,1
ag,5120,10240,8192,gpu,117,c_flux_ag,2,0.47306,0.47232,0.47232,0.03648,1260,1
ag,5120,10240,8192,gpu,117,A_fused,0,3.66899,3.56045,3.66899,0.05688,1260,1
ag,5120,10240,8192,gpu,118,c_cublas,0,3.30035,3.18771,3.30035,0.03297,1260,1
ag,5120,10240,8192,gpu,118,c_fluxgemm,3,3.49184,3.37510,3.49184,0.03335,1260,1
ag,5120,10240,8192,gpu,118,c_flux_ag,2,0.47315,0.47283,0.47315,0.03464,1260,1
ag,5120,10240,8192,gpu,118,A_fused,1,3.67821,3.54918,3.67821,0.05790,1260,1
ag,5120,10240,8192,gpu,119,c_cublas,1,3.30035,3.18669,3.30035,0.03639,1260,1
ag,5120,10240,8192,gpu,119,c_fluxgemm,2,3.49491,3.35667,3.49491,0.03540,1260,1
ag,5120,10240,8192,gpu,119,c_flux_ag,0,0.46746,0.46576,0.46576,0.03785,1260,1
ag,5120,10240,8192,gpu,119,A_fused,3,3.67104,3.51232,3.67104,0.05753,1260,1
ag,5120,10240,8192,gpu,120,c_cublas,2,3.34643,3.15085,3.34643,0.03542,1260,1
ag,5120,10240,8192,gpu,120,c_fluxgemm,1,3.51334,3.34029,3.51334,0.03258,1260,1
ag,5120,10240,8192,gpu,120,c_flux_ag,3,0.49958,0.49955,0.49955,0.03987,1260,1
ag,5120,10240,8192,gpu,120,A_fused,0,3.66797,3.51949,3.66797,0.05373,1260,1
ag,5120,10240,8192,gpu,121,c_cublas,3,3.34643,3.22458,3.34643,0.03570,1260,1
ag,5120,10240,8192,gpu,121,c_fluxgemm,2,3.54202,3.41197,3.54202,0.03253,1260,1
ag,5120,10240,8192,gpu,121,c_flux_ag,0,0.45779,0.45517,0.45779,0.03663,1260,1
ag,5120,10240,8192,gpu,121,A_fused,1,3.71814,3.53075,3.71814,0.05345,1260,1
ag,5120,10240,8192,gpu,122,c_cublas,3,3.34643,3.22253,3.34643,0.03538,1260,1
ag,5120,10240,8192,gpu,122,c_fluxgemm,0,3.54099,3.41402,3.54099,0.03646,1260,1
ag,5120,10240,8192,gpu,122,c_flux_ag,1,0.51763,0.51693,0.51693,0.03822,1260,1
ag,5120,10240,8192,gpu,122,A_fused,2,3.72224,3.58195,3.72224,0.05254,1260,1
ag,5120,10240,8192,gpu,123,c_cublas,1,3.34541,3.22355,3.34541,0.03457,1260,1
ag,5120,10240,8192,gpu,123,c_fluxgemm,2,3.54202,3.40582,3.54202,0.03563,1260,1
ag,5120,10240,8192,gpu,123,c_flux_ag,3,0.49878,0.49824,0.49878,0.03798,1260,1
ag,5120,10240,8192,gpu,123,A_fused,0,3.71917,3.59117,3.71917,0.05821,1260,1
ag,5120,10240,8192,gpu,124,c_cublas,1,3.34746,3.21331,3.34746,0.03521,1245,1
ag,5120,10240,8192,gpu,124,c_fluxgemm,0,3.53894,3.39866,3.53894,0.03435,1245,1
ag,5120,10240,8192,gpu,124,c_flux_ag,2,0.45104,0.44858,0.45104,0.03901,1245,1
ag,5120,10240,8192,gpu,124,A_fused,3,3.72224,3.58502,3.72224,0.05274,1245,1
ag,5120,10240,8192,gpu,125,c_cublas,1,3.30342,3.21331,3.30342,0.03737,1245,1
ag,5120,10240,8192,gpu,125,c_fluxgemm,0,3.53690,3.40070,3.53690,0.04150,1245,1
ag,5120,10240,8192,gpu,125,c_flux_ag,3,0.46518,0.46432,0.46518,0.03353,1245,1
ag,5120,10240,8192,gpu,125,A_fused,2,3.67616,3.57581,3.67616,0.05746,1245,1
ag,5120,10240,8192,gpu,126,c_cublas,3,3.28806,3.21229,3.28806,0.03614,1245,1
ag,5120,10240,8192,gpu,126,c_fluxgemm,2,3.49901,3.39866,3.49901,0.03327,1245,1
ag,5120,10240,8192,gpu,126,c_flux_ag,1,0.45024,0.44758,0.44758,0.03547,1245,1
ag,5120,10240,8192,gpu,126,A_fused,0,3.67616,3.58195,3.67616,0.05864,1245,1
ag,5120,10240,8192,gpu,127,c_cublas,2,3.26656,3.18259,3.26656,0.03614,1245,1
ag,5120,10240,8192,gpu,127,c_fluxgemm,1,3.46010,3.40173,3.46010,0.03456,1245,1
ag,5120,10240,8192,gpu,127,c_flux_ag,0,0.50560,0.50445,0.50560,0.03877,1245,1
ag,5120,10240,8192,gpu,127,A_fused,3,3.63827,3.54202,3.63827,0.05641,1245,1
ag,5120,10240,8192,gpu,128,c_cublas,3,3.30342,3.17645,3.30342,0.03569,1275,1
ag,5120,10240,8192,gpu,128,c_fluxgemm,0,3.46010,3.36486,3.46010,0.03479,1275,1
ag,5120,10240,8192,gpu,128,c_flux_ag,2,0.46822,0.46771,0.46771,0.03392,1275,1
ag,5120,10240,8192,gpu,128,A_fused,1,3.64954,3.53792,3.64954,0.05306,1275,1
ag,5120,10240,8192,gpu,129,c_cublas,1,3.30138,3.17440,3.30138,0.03751,1275,1
ag,5120,10240,8192,gpu,129,c_fluxgemm,2,3.49901,3.36896,3.49901,0.03683,1275,1
ag,5120,10240,8192,gpu,129,c_flux_ag,0,0.46490,0.46234,0.46234,0.03993,1275,1
ag,5120,10240,8192,gpu,129,A_fused,3,3.68333,3.53485,3.68333,0.05464,1275,1
ag,5120,10240,8192,gpu,130,c_cublas,3,3.28806,3.17542,3.28806,0.04263,1275,1
ag,5120,10240,8192,gpu,130,c_fluxgemm,2,3.47648,3.36589,3.47648,0.03326,1275,1
ag,5120,10240,8192,gpu,130,c_flux_ag,0,0.47165,0.46944,0.46944,0.03808,1275,1
ag,5120,10240,8192,gpu,130,A_fused,1,3.66387,3.54509,3.66387,0.06042,1275,1
ag,5120,10240,8192,gpu,131,c_cublas,3,3.28704,3.18669,3.28704,0.03715,1275,1
ag,5120,10240,8192,gpu,131,c_fluxgemm,1,3.47955,3.36794,3.47955,0.03704,1275,1
ag,5120,10240,8192,gpu,131,c_flux_ag,0,0.53494,0.53395,0.53494,0.04132,1275,1
ag,5120,10240,8192,gpu,131,A_fused,2,3.65670,3.53997,3.65670,0.05393,1275,1
ag,5120,10240,8192,gpu,132,c_cublas,1,3.28806,3.18874,3.28806,0.09842,1260,1
ag,5120,10240,8192,gpu,132,c_fluxgemm,0,3.47955,3.37408,3.47955,0.06089,1260,1
ag,5120,10240,8192,gpu,132,c_flux_ag,2,0.51498,0.51226,0.51498,0.06663,1260,1
ag,5120,10240,8192,gpu,132,A_fused,3,3.65363,3.55123,3.65363,0.05940,1260,1
ag,5120,10240,8192,gpu,133,c_cublas,3,3.29011,3.18771,3.29011,0.03738,1260,1
ag,5120,10240,8192,gpu,133,c_fluxgemm,2,3.48058,3.38022,3.48058,0.03528,1260,1
ag,5120,10240,8192,gpu,133,c_flux_ag,1,0.45203,0.44778,0.45203,0.03483,1260,1
ag,5120,10240,8192,gpu,133,A_fused,0,3.65670,3.56762,3.65670,0.05614,1260,1
ag,5120,10240,8192,gpu,134,c_cublas,3,3.28909,3.18771,3.28909,0.03564,1260,1
ag,5120,10240,8192,gpu,134,c_fluxgemm,2,3.47955,3.38227,3.47955,0.03314,1260,1
ag,5120,10240,8192,gpu,134,c_flux_ag,0,0.51245,0.51168,0.51245,0.04233,1260,1
ag,5120,10240,8192,gpu,134,A_fused,1,3.65568,3.54406,3.65568,0.05412,1260,1
ag,5120,10240,8192,gpu,135,c_cublas,3,3.28806,3.18771,3.28806,0.03560,1260,1
ag,5120,10240,8192,gpu,135,c_fluxgemm,0,3.47955,3.38022,3.47955,0.03757,1260,1
ag,5120,10240,8192,gpu,135,c_flux_ag,1,0.51091,0.51034,0.51034,0.03897,1260,1
ag,5120,10240,8192,gpu,135,A_fused,2,3.65261,3.54611,3.65261,0.05854,1260,1
ag,5120,10240,8192,gpu,136,c_cublas,2,3.28806,3.18771,3.28806,0.03554,1260,1
ag,5120,10240,8192,gpu,136,c_fluxgemm,0,3.48058,3.37818,3.48058,0.03677,1260,1
ag,5120,10240,8192,gpu,136,c_flux_ag,1,0.50646,0.50522,0.50522,0.17221,1260,1
ag,5120,10240,8192,gpu,136,A_fused,3,3.65466,3.55328,3.65466,0.05691,1260,1
ag,5120,10240,8192,gpu,137,c_cublas,2,3.29011,3.18874,3.29011,0.03608,1260,1
ag,5120,10240,8192,gpu,137,c_fluxgemm,3,3.47648,3.37818,3.47648,0.03647,1260,1
ag,5120,10240,8192,gpu,137,c_flux_ag,1,0.50710,0.50675,0.50710,0.03503,1260,1
ag,5120,10240,8192,gpu,137,A_fused,0,3.65875,3.55021,3.65875,0.06125,1260,1
ag,5120,10240,8192,gpu,138,c_cublas,1,3.29011,3.18771,3.29011,0.03480,1260,1
ag,5120,10240,8192,gpu,138,c_fluxgemm,2,3.47648,3.40480,3.47648,0.03579,1260,1
ag,5120,10240,8192,gpu,138,c_flux_ag,3,0.49866,0.49859,0.49866,0.03718,1260,1
ag,5120,10240,8192,gpu,138,A_fused,0,3.65363,3.55840,3.65363,0.05688,1260,1
ag,5120,10240,8192,gpu,139,c_cublas,0,3.28909,3.22253,3.28909,0.03596,1260,1
ag,5120,10240,8192,gpu,139,c_fluxgemm,2,3.48058,3.41094,3.48058,0.03352,1260,1
ag,5120,10240,8192,gpu,139,c_flux_ag,3,0.50173,0.50077,0.50173,0.03705,1260,1
ag,5120,10240,8192,gpu,139,A_fused,1,3.65978,3.58810,3.65978,0.05825,1260,1
ag,5120,10240,8192,gpu,140,c_cublas,2,3.29011,3.22355,3.29011,0.03499,1260,1
ag,5120,10240,8192,gpu,140,c_fluxgemm,1,3.47750,3.41197,3.47750,0.03212,1260,1
ag,5120,10240,8192,gpu,140,c_flux_ag,3,0.49952,0.49939,0.49939,0.03893,1260,1
ag,5120,10240,8192,gpu,140,A_fused,0,3.65466,3.58912,3.65466,0.05456,1260,1
ag,5120,10240,8192,gpu,141,c_cublas,3,3.32902,3.22355,3.32902,0.03569,1260,1
ag,5120,10240,8192,gpu,141,c_fluxgemm,0,3.47750,3.41197,3.47750,0.03680,1260,1
ag,5120,10240,8192,gpu,141,c_flux_ag,2,0.46205,0.45485,0.45485,0.03274,1260,1
ag,5120,10240,8192,gpu,141,A_fused,1,3.69766,3.59219,3.69766,0.05411,1260,1
ag,5120,10240,8192,gpu,142,c_cublas,0,3.32902,3.22253,3.32902,0.03313,1260,1
ag,5120,10240,8192,gpu,142,c_fluxgemm,1,3.52154,3.41094,3.52154,0.04341,1260,1
ag,5120,10240,8192,gpu,142,c_flux_ag,2,0.53462,0.53014,0.53462,0.04387,1260,1
ag,5120,10240,8192,gpu,142,A_fused,3,3.69459,3.58502,3.69459,0.05152,1260,1
ag,5120,10240,8192,gpu,143,c_cublas,2,3.32902,3.19386,3.32902,0.03722,1260,1
ag,5120,10240,8192,gpu,143,c_fluxgemm,3,3.52358,3.37920,3.52358,0.04381,1260,1
ag,5120,10240,8192,gpu,143,c_flux_ag,0,0.45750,0.45277,0.45750,0.03695,1260,1
ag,5120,10240,8192,gpu,143,A_fused,1,3.69562,3.58502,3.69562,0.05308,1260,1
ag,5120,10240,8192,gpu,144,c_cublas,2,3.30957,3.18669,3.30957,0.03536,1260,1
ag,5120,10240,8192,gpu,144,c_fluxgemm,1,3.51846,3.37613,3.51846,0.03356,1260,1
ag,5120,10240,8192,gpu,144,c_flux_ag,0,0.50762,0.50627,0.50762,0.03921,1260,1
ag,5120,10240,8192,gpu,144,A_fused,3,3.65978,3.56147,3.65978,0.05598,1260,1
ag,5120,10240,8192,gpu,145,c_cublas,3,3.29011,3.18874,3.29011,0.03598,1260,1
ag,5120,10240,8192,gpu,145,c_fluxgemm,1,3.47955,3.37715,3.47955,0.03426,1260,1
ag,5120,10240,8192,gpu,145,c_flux_ag,2,0.46221,0.46054,0.46221,0.03697,1260,1
ag,5120,10240,8192,gpu,145,A_fused,0,3.65568,3.56147,3.65568,0.06086,1260,1
ag,5120,10240,8192,gpu,146,c_cublas,2,3.29011,3.18976,3.29011,0.03541,1260,1
ag,5120,10240,8192,gpu,146,c_fluxgemm,3,3.48058,3.41094,3.48058,0.03686,1260,1
ag,5120,10240,8192,gpu,146,c_flux_ag,1,0.45043,0.44992,0.44992,0.03415,1260,1
ag,5120,10240,8192,gpu,146,A_fused,0,3.64954,3.55328,3.64954,0.05732,1260,1
ag,5120,10240,8192,gpu,147,c_cublas,0,3.28909,3.22253,3.28909,0.04064,1260,1
ag,5120,10240,8192,gpu,147,c_fluxgemm,1,3.47955,3.41299,3.47955,0.03749,1260,1
ag,5120,10240,8192,gpu,147,c_flux_ag,3,0.46115,0.45939,0.45939,0.03474,1260,1
ag,5120,10240,8192,gpu,147,A_fused,2,3.65158,3.58195,3.65158,0.05624,1260,1
ag,5120,10240,8192,gpu,148,c_cublas,0,3.28806,3.22355,3.28806,0.03664,1260,1
ag,5120,10240,8192,gpu,148,c_fluxgemm,3,3.47750,3.41094,3.47750,0.03270,1260,1
ag,5120,10240,8192,gpu,148,c_flux_ag,1,0.45011,0.44749,0.44749,0.04012,1260,1
ag,5120,10240,8192,gpu,148,A_fused,2,3.65568,3.59117,3.65568,0.05272,1260,1
ag,5120,10240,8192,gpu,149,c_cublas,1,3.29114,3.22355,3.29114,0.03603,1260,1
ag,5120,10240,8192,gpu,149,c_fluxgemm,0,3.47955,3.41504,3.47955,0.03736,1260,1
ag,5120,10240,8192,gpu,149,c_flux_ag,2,0.50854,0.50666,0.50854,0.03964,1260,1
ag,5120,10240,8192,gpu,149,A_fused,3,3.66285,3.58810,3.66285,0.05243,1260,1
ag,5120,10240,8192,gpu,150,c_cublas,0,3.28806,3.22355,3.28806,0.03607,1260,1
ag,5120,10240,8192,gpu,150,c_fluxgemm,1,3.47750,3.41299,3.47750,0.03730,1260,1
ag,5120,10240,8192,gpu,150,c_flux_ag,2,0.53178,0.53043,0.53178,0.03811,1260,1
ag,5120,10240,8192,gpu,150,A_fused,3,3.65568,3.58400,3.65568,0.05281,1260,1
ag,5120,10240,8192,gpu,151,c_cublas,1,3.28704,3.22048,3.28704,0.03807,1260,1
ag,5120,10240,8192,gpu,151,c_fluxgemm,2,3.48467,3.38534,3.48467,0.03883,1260,1
ag,5120,10240,8192,gpu,151,c_flux_ag,0,0.46275,0.46099,0.46275,0.03912,1260,1
ag,5120,10240,8192,gpu,151,A_fused,3,3.65978,3.55738,3.65978,0.05573,1260,1
ag,5120,10240,8192,gpu,152,c_cublas,2,3.30342,3.18771,3.30342,0.03610,1260,1
ag,5120,10240,8192,gpu,152,c_fluxgemm,0,3.47648,3.37818,3.47648,0.03455,1260,1
ag,5120,10240,8192,gpu,152,c_flux_ag,1,0.45315,0.44765,0.44765,0.03715,1260,1
ag,5120,10240,8192,gpu,152,A_fused,3,3.69869,3.55021,3.69869,0.05603,1260,1
ag,5120,10240,8192,gpu,153,c_cublas,3,3.32902,3.18771,3.32902,0.03544,1245,1
ag,5120,10240,8192,gpu,153,c_fluxgemm,1,3.51846,3.37715,3.51846,0.03481,1245,1
ag,5120,10240,8192,gpu,153,c_flux_ag,0,0.47277,0.47075,0.47075,0.03697,1245,1
ag,5120,10240,8192,gpu,153,A_fused,2,3.69664,3.56045,3.69664,0.05374,1245,1
ag,5120,10240,8192,gpu,154,c_cublas,0,3.32902,3.18874,3.32902,0.03237,1245,1
ag,5120,10240,8192,gpu,154,c_fluxgemm,2,3.52256,3.37920,3.52256,0.03455,1245,1
ag,5120,10240,8192,gpu,154,c_flux_ag,1,0.51334,0.51270,0.51334,0.03965,1245,1
ag,5120,10240,8192,gpu,154,A_fused,3,3.69562,3.55430,3.69562,0.05251,1245,1
ag,5120,10240,8192,gpu,155,c_cublas,0,3.32698,3.18771,3.32698,0.03644,1245,1
ag,5120,10240,8192,gpu,155,c_fluxgemm,3,3.49082,3.36691,3.49082,0.03352,1245,1
ag,5120,10240,8192,gpu,155,c_flux_ag,1,0.50685,0.50534,0.50685,0.04056,1245,1
ag,5120,10240,8192,gpu,155,A_fused,2,3.70278,3.55840,3.70278,0.05262,1245,1
ag,5120,10240,8192,gpu,156,c_cublas,3,3.28909,3.21331,3.28909,0.03538,1245,1
ag,5120,10240,8192,gpu,156,c_fluxgemm,0,3.47750,3.36896,3.47750,0.03254,1245,1
ag,5120,10240,8192,gpu,156,c_flux_ag,2,0.46467,0.46410,0.46410,0.03414,1245,1
ag,5120,10240,8192,gpu,156,A_fused,1,3.65158,3.57376,3.65158,0.05396,1245,1
ag,5120,10240,8192,gpu,157,c_cublas,1,3.29011,3.21331,3.29011,0.03495,1260,1
ag,5120,10240,8192,gpu,157,c_fluxgemm,0,3.47853,3.39763,3.47853,0.03761,1260,1
ag,5120,10240,8192,gpu,157,c_flux_ag,2,0.51494,0.51194,0.51494,0.03991,1260,1
ag,5120,10240,8192,gpu,157,A_fused,3,3.65875,3.57786,3.65875,0.05172,1260,1
ag,5120,10240,8192,gpu,158,c_cublas,0,3.28806,3.21126,3.28806,0.03536,1260,1
ag,5120,10240,8192,gpu,158,c_fluxgemm,1,3.47853,3.40378,3.47853,0.03580,1260,1
ag,5120,10240,8192,gpu,158,c_flux_ag,3,0.46266,0.45712,0.45712,0.04165,1260,1
ag,5120,10240,8192,gpu,158,A_fused,2,3.64544,3.56966,3.64544,0.05385,1260,1
ag,5120,10240,8192,gpu,159,c_cublas,3,3.32800,3.17542,3.32800,0.03531,1260,1
ag,5120,10240,8192,gpu,159,c_fluxgemm,2,3.52358,3.37203,3.52358,0.03232,1260,1
ag,5120,10240,8192,gpu,159,c_flux_ag,0,0.45216,0.44624,0.45216,0.03586,1260,1
ag,5120,10240,8192,gpu,159,A_fused,1,3.69971,3.58093,3.69971,0.05234,1260,1
ag,5120,10240,8192,gpu,160,c_cublas,2,3.31776,3.17645,3.31776,0.03591,1260,1
ag,5120,10240,8192,gpu,160,c_fluxgemm,3,3.48262,3.36794,3.48262,0.03556,1260,1
ag,5120,10240,8192,gpu,160,c_flux_ag,0,0.50934,0.50835,0.50934,0.04003,1260,1
ag,5120,10240,8192,gpu,160,A_fused,1,3.69357,3.54304,3.69357,0.05294,1260,1
ag,5120,10240,8192,gpu,161,c_cublas,1,3.28909,3.17747,3.28909,0.03714,1260,1
ag,5120,10240,8192,gpu,161,c_fluxgemm,0,3.47750,3.36384,3.47750,0.03700,1260,1
ag,5120,10240,8192,gpu,161,c_flux_ag,2,0.50611,0.50448,0.50448,0.03955,1260,1
ag,5120,10240,8192,gpu,161,A_fused,3,3.65875,3.54816,3.65875,0.05503,1260,1
ag,5120,10240,8192,gpu,162,c_cublas,3,3.28806,3.17645,3.28806,0.03554,1260,1
ag,5120,10240,8192,gpu,162,c_fluxgemm,0,3.48262,3.36486,3.48262,0.03507,1260,1
ag,5120,10240,8192,gpu,162,c_flux_ag,1,0.45990,0.45770,0.45990,0.03731,1260,1
ag,5120,10240,8192,gpu,162,A_fused,2,3.65773,3.54406,3.65773,0.05163,1260,1
ag,5120,10240,8192,gpu,163,c_cublas,2,3.30138,3.17645,3.30138,0.03601,1260,1
ag,5120,10240,8192,gpu,163,c_fluxgemm,1,3.47750,3.36179,3.47750,0.03232,1260,1
ag,5120,10240,8192,gpu,163,c_flux_ag,3,0.49882,0.49869,0.49882,0.04545,1260,1
ag,5120,10240,8192,gpu,163,A_fused,0,3.64544,3.54099,3.64544,0.05920,1260,1
ag,5120,10240,8192,gpu,164,c_cublas,0,3.32902,3.17440,3.32902,0.03602,1260,1
ag,5120,10240,8192,gpu,164,c_fluxgemm,3,3.51846,3.39968,3.51846,0.03339,1260,1
ag,5120,10240,8192,gpu,164,c_flux_ag,1,0.46499,0.45968,0.46499,0.03894,1260,1
ag,5120,10240,8192,gpu,164,A_fused,2,3.69766,3.57888,3.69766,0.05377,1260,1
ag,5120,10240,8192,gpu,165,c_cublas,2,3.28909,3.21638,3.28909,0.04377,1245,1
ag,5120,10240,8192,gpu,165,c_fluxgemm,1,3.48979,3.40070,3.48979,0.03981,1245,1
ag,5120,10240,8192,gpu,165,c_flux_ag,3,0.50128,0.50109,0.50128,0.03963,1245,1
ag,5120,10240,8192,gpu,165,A_fused,0,3.69869,3.57683,3.69869,0.05836,1245,1
ag,5120,10240,8192,gpu,166,c_cublas,1,3.28909,3.25222,3.28909,0.03485,1245,1
ag,5120,10240,8192,gpu,166,c_fluxgemm,3,3.47546,3.44166,3.47546,0.03478,1245,1
ag,5120,10240,8192,gpu,166,c_flux_ag,2,0.45146,0.44701,0.45146,0.03709,1245,1
ag,5120,10240,8192,gpu,166,A_fused,0,3.66080,3.61984,3.66080,0.05564,1245,1
ag,5120,10240,8192,gpu,167,c_cublas,1,3.25018,3.25018,3.25018,0.03585,1245,1
ag,5120,10240,8192,gpu,167,c_fluxgemm,2,3.44474,3.44269,3.44269,0.03528,1245,1
ag,5120,10240,8192,gpu,167,c_flux_ag,3,0.49770,0.49722,0.49722,0.03698,1245,1
ag,5120,10240,8192,gpu,167,A_fused,0,3.61677,3.61267,3.61677,0.06164,1245,1
ag,5120,10240,8192,gpu,168,c_cublas,0,3.25120,3.25018,3.25018,0.03638,1245,1
ag,5120,10240,8192,gpu,168,c_fluxgemm,1,3.44064,3.43757,3.44064,0.03584,1245,1
ag,5120,10240,8192,gpu,168,c_flux_ag,2,0.44656,0.44640,0.44640,0.03763,1245,1
ag,5120,10240,8192,gpu,168,A_fused,3,3.61267,3.61267,3.61267,0.05733,1245,1
ag,5120,10240,8192,gpu,169,c_cublas,2,3.25120,3.21229,3.25120,0.03673,1275,1
ag,5120,10240,8192,gpu,169,c_fluxgemm,1,3.43962,3.41811,3.43962,0.03446,1275,1
ag,5120,10240,8192,gpu,169,c_flux_ag,0,0.50726,0.50586,0.50726,0.03573,1275,1
ag,5120,10240,8192,gpu,169,A_fused,3,3.61882,3.57376,3.61882,0.05604,1275,1
ag,5120,10240,8192,gpu,170,c_cublas,2,3.25120,3.21229,3.25120,0.03772,1275,1
ag,5120,10240,8192,gpu,170,c_fluxgemm,0,3.43962,3.39866,3.43962,0.03522,1275,1
ag,5120,10240,8192,gpu,170,c_flux_ag,1,0.53203,0.53043,0.53203,0.03693,1275,1
ag,5120,10240,8192,gpu,170,A_fused,3,3.63213,3.57990,3.63213,0.05616,1275,1
ag,5120,10240,8192,gpu,171,c_cublas,0,3.28806,3.21229,3.28806,0.04948,1275,1
ag,5120,10240,8192,gpu,171,c_fluxgemm,1,3.47648,3.40275,3.47648,0.03672,1275,1
ag,5120,10240,8192,gpu,171,c_flux_ag,3,0.46147,0.46019,0.46019,0.03813,1275,1
ag,5120,10240,8192,gpu,171,A_fused,2,3.64954,3.57683,3.64954,0.05830,1275,1
ag,5120,10240,8192,gpu,172,c_cublas,2,3.33005,3.22253,3.33005,0.03645,1275,1
ag,5120,10240,8192,gpu,172,c_fluxgemm,0,3.52051,3.41299,3.52051,0.03662,1275,1
ag,5120,10240,8192,gpu,172,c_flux_ag,3,0.50253,0.50045,0.50253,0.03821,1275,1
ag,5120,10240,8192,gpu,172,A_fused,1,3.69869,3.59014,3.69869,0.05394,1275,1
ag,5120,10240,8192,gpu,173,c_cublas,0,3.33005,3.22253,3.33005,0.04066,1245,1
ag,5120,10240,8192,gpu,173,c_fluxgemm,3,3.47955,3.41197,3.47955,0.03308,1245,1
ag,5120,10240,8192,gpu,173,c_flux_ag,2,0.45459,0.45293,0.45459,0.03454,1245,1
ag,5120,10240,8192,gpu,173,A_fused,1,3.68230,3.58707,3.68230,0.05776,1245,1
ag,5120,10240,8192,gpu,174,c_cublas,1,3.28909,3.22253,3.28909,0.03742,1245,1
ag,5120,10240,8192,gpu,174,c_fluxgemm,0,3.47853,3.41402,3.47853,0.03400,1245,1
ag,5120,10240,8192,gpu,174,c_flux_ag,2,0.51424,0.51181,0.51424,0.03939,1245,1
ag,5120,10240,8192,gpu,174,A_fused,3,3.65261,3.58810,3.65261,0.06058,1245,1
ag,5120,10240,8192,gpu,175,c_cublas,3,3.25120,3.18566,3.25120,0.03704,1245,1
ag,5120,10240,8192,gpu,175,c_fluxgemm,2,3.44371,3.39763,3.44371,0.03338,1245,1
ag,5120,10240,8192,gpu,175,c_flux_ag,0,0.46701,0.46496,0.46496,0.03779,1245,1
ag,5120,10240,8192,gpu,175,A_fused,1,3.61984,3.58400,3.61984,0.05142,1245,1
ag,5120,10240,8192,gpu,176,c_cublas,1,3.25222,3.18771,3.25222,0.03556,1245,1
ag,5120,10240,8192,gpu,176,c_fluxgemm,3,3.47034,3.37920,3.47034,0.03988,1245,1
ag,5120,10240,8192,gpu,176,c_flux_ag,2,0.46256,0.46192,0.46256,0.03941,1245,1
ag,5120,10240,8192,gpu,176,A_fused,0,3.61984,3.55021,3.61984,0.05818,1245,1
ag,5120,10240,8192,gpu,177,c_cublas,2,3.29011,3.18566,3.29011,0.03744,1260,1
ag,5120,10240,8192,gpu,177,c_fluxgemm,1,3.47853,3.38022,3.47853,0.03374,1260,1
ag,5120,10240,8192,gpu,177,c_flux_ag,0,0.51040,0.50666,0.51040,0.04204,1260,1
ag,5120,10240,8192,gpu,177,A_fused,3,3.66080,3.55635,3.66080,0.05793,1260,1
ag,5120,10240,8192,gpu,178,c_cublas,3,3.28909,3.18669,3.28909,0.03622,1260,1
ag,5120,10240,8192,gpu,178,c_fluxgemm,2,3.47750,3.37920,3.47750,0.03282,1260,1
ag,5120,10240,8192,gpu,178,c_flux_ag,0,0.51002,0.50848,0.51002,0.03635,1260,1
ag,5120,10240,8192,gpu,178,A_fused,1,3.66080,3.55021,3.66080,0.05058,1260,1
ag,5120,10240,8192,gpu,179,c_cublas,1,3.28909,3.18566,3.28909,0.03487,1260,1
ag,5120,10240,8192,gpu,179,c_fluxgemm,0,3.47443,3.38022,3.47443,0.03589,1260,1
ag,5120,10240,8192,gpu,179,c_flux_ag,2,0.50544,0.50374,0.50374,0.04008,1260,1
ag,5120,10240,8192,gpu,179,A_fused,3,3.65466,3.55635,3.65466,0.05210,1260,1
ag,5120,10240,8192,gpu,180,c_cublas,3,3.28909,3.18566,3.28909,0.03701,1260,1
ag,5120,10240,8192,gpu,180,c_fluxgemm,0,3.48058,3.37818,3.48058,0.03617,1260,1
ag,5120,10240,8192,gpu,180,c_flux_ag,2,0.52554,0.52522,0.52522,0.03878,1260,1
ag,5120,10240,8192,gpu,180,A_fused,1,3.65773,3.55533,3.65773,0.05379,1260,1
ag,5120,10240,8192,gpu,181,c_cublas,3,3.32902,3.18874,3.32902,0.03643,1260,1
ag,5120,10240,8192,gpu,181,c_fluxgemm,1,3.49082,3.37920,3.49082,0.03318,1260,1
ag,5120,10240,8192,gpu,181,c_flux_ag,2,0.50640,0.50611,0.50640,0.03587,1260,1
ag,5120,10240,8192,gpu,181,A_fused,0,3.65363,3.55430,3.65363,0.05918,1260,1
ag,5120,10240,8192,gpu,182,c_cublas,3,3.32902,3.26144,3.32902,0.03588,1260,1
ag,5120,10240,8192,gpu,182,c_fluxgemm,1,3.52154,3.45702,3.52154,0.03373,1260,1
ag,5120,10240,8192,gpu,182,c_flux_ag,2,0.50931,0.50765,0.50765,0.03627,1260,1
ag,5120,10240,8192,gpu,182,A_fused,0,3.69869,3.63418,3.69869,0.05927,1260,1
ag,5120,10240,8192,gpu,183,c_cublas,2,3.32902,3.24710,3.32902,0.04351,1260,1
ag,5120,10240,8192,gpu,183,c_fluxgemm,3,3.52154,3.42016,3.52154,0.03621,1260,1
ag,5120,10240,8192,gpu,183,c_flux_ag,0,0.46752,0.46659,0.46752,0.03830,1260,1
ag,5120,10240,8192,gpu,183,A_fused,1,3.70278,3.63110,3.70278,0.05657,1260,1
ag,5120,10240,8192,gpu,184,c_cublas,1,3.32800,3.22150,3.32800,0.03589,1260,1
ag,5120,10240,8192,gpu,184,c_fluxgemm,0,3.51846,3.41504,3.51846,0.03684,1260,1
ag,5120,10240,8192,gpu,184,c_flux_ag,2,0.54851,0.54682,0.54682,0.03925,1260,1
ag,5120,10240,8192,gpu,184,A_fused,3,3.69152,3.59014,3.69152,0.05266,1260,1
ag,5120,10240,8192,gpu,185,c_cublas,0,3.33005,3.21536,3.33005,0.03585,1260,1
ag,5120,10240,8192,gpu,185,c_fluxgemm,3,3.52154,3.38227,3.52154,0.03358,1260,1
ag,5120,10240,8192,gpu,185,c_flux_ag,2,0.50595,0.50592,0.50592,0.03414,1260,1
ag,5120,10240,8192,gpu,185,A_fused,1,3.69562,3.55635,3.69562,0.05709,1260,1
ag,5120,10240,8192,gpu,186,c_cublas,2,3.33005,3.18771,3.33005,0.03670,1260,1
ag,5120,10240,8192,gpu,186,c_fluxgemm,3,3.52051,3.34336,3.52051,0.03595,1260,1
ag,5120,10240,8192,gpu,186,c_flux_ag,1,0.44742,0.44666,0.44742,0.03455,1260,1
ag,5120,10240,8192,gpu,186,A_fused,0,3.69562,3.55635,3.69562,0.05519,1260,1
ag,5120,10240,8192,gpu,187,c_cublas,1,3.32902,3.14675,3.32902,0.03472,1260,1
ag,5120,10240,8192,gpu,187,c_fluxgemm,0,3.51949,3.33926,3.51949,0.03310,1260,1
ag,5120,10240,8192,gpu,187,c_flux_ag,3,0.46464,0.46394,0.46394,0.03423,1260,1
ag,5120,10240,8192,gpu,187,A_fused,2,3.69357,3.50720,3.69357,0.05705,1260,1
ag,5120,10240,8192,gpu,188,c_cublas,3,3.34541,3.14061,3.34541,0.03546,1245,1
ag,5120,10240,8192,gpu,188,c_fluxgemm,1,3.51846,3.32493,3.51846,0.03418,1245,1
ag,5120,10240,8192,gpu,188,c_flux_ag,0,0.45571,0.45238,0.45238,0.03572,1245,1
ag,5120,10240,8192,gpu,188,A_fused,2,3.70074,3.51539,3.70074,0.05134,1245,1
ag,5120,10240,8192,gpu,189,c_cublas,3,3.30445,3.14061,3.30445,0.03579,1245,1
ag,5120,10240,8192,gpu,189,c_fluxgemm,2,3.53792,3.33005,3.53792,0.03892,1245,1
ag,5120,10240,8192,gpu,189,c_flux_ag,0,0.50979,0.50934,0.50979,0.03993,1245,1
ag,5120,10240,8192,gpu,189,A_fused,1,3.72224,3.50822,3.72224,0.05337,1245,1
ag,5120,10240,8192,gpu,190,c_cublas,3,3.30240,3.13958,3.30240,0.03589,1245,1
ag,5120,10240,8192,gpu,190,c_fluxgemm,1,3.49696,3.33107,3.49696,0.03571,1245,1
ag,5120,10240,8192,gpu,190,c_flux_ag,0,0.51229,0.50870,0.51229,0.03979,1245,1
ag,5120,10240,8192,gpu,190,A_fused,2,3.67206,3.50822,3.67206,0.05287,1245,1
ag,5120,10240,8192,gpu,191,c_cublas,2,3.30445,3.15085,3.30445,0.03558,1245,1
ag,5120,10240,8192,gpu,191,c_fluxgemm,3,3.49594,3.36384,3.49594,0.03581,1245,1
ag,5120,10240,8192,gpu,191,c_flux_ag,1,0.46752,0.46573,0.46752,0.03497,1245,1
ag,5120,10240,8192,gpu,191,A_fused,0,3.67002,3.50925,3.67002,0.05833,1245,1
ag,5120,10240,8192,gpu,192,c_cublas,1,3.30342,3.17645,3.30342,0.03562,1260,1
ag,5120,10240,8192,gpu,192,c_fluxgemm,2,3.50310,3.36282,3.50310,0.03587,1260,1
ag,5120,10240,8192,gpu,192,c_flux_ag,3,0.50202,0.50112,0.50202,0.03719,1260,1
ag,5120,10240,8192,gpu,192,A_fused,0,3.67514,3.53792,3.67514,0.05749,1260,1
ag,5120,10240,8192,gpu,193,c_cublas,2,3.34643,3.21229,3.34643,0.03628,1260,1
ag,5120,10240,8192,gpu,193,c_fluxgemm,1,3.54202,3.39149,3.54202,0.03389,1260,1
ag,5120,10240,8192,gpu,193,c_flux_ag,0,0.45667,0.45530,0.45667,0.03702,1260,1
ag,5120,10240,8192,gpu,193,A_fused,3,3.72224,3.58605,3.72224,0.05669,1260,1
ag,5120,10240,8192,gpu,194,c_cublas,1,3.34234,3.21229,3.34234,0.03535,1260,1
ag,5120,10240,8192,gpu,194,c_fluxgemm,2,3.52358,3.39968,3.52358,0.03682,1260,1
ag,5120,10240,8192,gpu,194,c_flux_ag,3,0.49917,0.49891,0.49891,0.03738,1260,1
ag,5120,10240,8192,gpu,194,A_fused,0,3.72122,3.57990,3.72122,0.05580,1260,1
ag,5120,10240,8192,gpu,195,c_cublas,3,3.28806,3.24403,3.28806,0.03616,1260,1
ag,5120,10240,8192,gpu,195,c_fluxgemm,1,3.47750,3.39866,3.47750,0.03234,1260,1
ag,5120,10240,8192,gpu,195,c_flux_ag,2,0.46509,0.46493,0.46493,0.03694,1260,1
ag,5120,10240,8192,gpu,195,A_fused,0,3.66285,3.58093,3.66285,0.06175,1260,1
ag,5120,10240,8192,gpu,196,c_cublas,3,3.28806,3.24710,3.28806,0.03531,1260,1
ag,5120,10240,8192,gpu,196,c_fluxgemm,2,3.47955,3.43450,3.47955,0.03277,1260,1
ag,5120,10240,8192,gpu,196,c_flux_ag,0,0.51002,0.50976,0.50976,0.04117,1260,1
ag,5120,10240,8192,gpu,196,A_fused,1,3.64954,3.60653,3.64954,0.05255,1260,1
ag,5120,10240,8192,gpu,197,c_cublas,3,3.28909,3.24710,3.28909,0.03563,1260,1
ag,5120,10240,8192,gpu,197,c_fluxgemm,1,3.47955,3.43347,3.47955,0.03523,1260,1
ag,5120,10240,8192,gpu,197,c_flux_ag,0,0.50960,0.50941,0.50960,0.03981,1260,1
ag,5120,10240,8192,gpu,197,A_fused,2,3.65670,3.61370,3.65670,0.05278,1260,1
ag,5120,10240,8192,gpu,198,c_cublas,2,3.28909,3.24608,3.28909,0.03475,1260,1
ag,5120,10240,8192,gpu,198,c_fluxgemm,0,3.47648,3.43245,3.47648,0.03631,1260,1
ag,5120,10240,8192,gpu,198,c_flux_ag,3,0.46096,0.46048,0.46096,0.04112,1260,1
ag,5120,10240,8192,gpu,198,A_fused,1,3.65158,3.60550,3.65158,0.05467,1260,1
ag,5120,10240,8192,gpu,199,c_cublas,3,3.32800,3.24506,3.32800,0.03587,1260,1
ag,5120,10240,8192,gpu,199,c_fluxgemm,0,3.47750,3.43142,3.47750,0.03640,1260,1
ag,5120,10240,8192,gpu,199,c_flux_ag,2,0.46269,0.45635,0.45635,0.03420,1260,1
ag,5120,10240,8192,gpu,199,A_fused,1,3.69459,3.59834,3.69459,0.05323,1260,1
ag,5120,10240,8192,steady,0,c_cublas,1,3.47443,3.34458,3.47443,0.01379,1185,1
ag,5120,10240,8192,steady,0,c_fluxgemm,3,3.55770,3.41798,3.55770,0.01864,1185,1
ag,5120,10240,8192,steady,0,c_flux_ag,2,0.45956,0.45933,0.45956,0.02655,1185,1
ag,5120,10240,8192,steady,0,A_fused,0,3.74982,3.74067,3.74982,0.03474,1185,1
ag,5120,10240,8192,steady,1,c_cublas,2,3.47878,3.38176,3.47878,0.01643,1185,1
ag,5120,10240,8192,steady,1,c_fluxgemm,3,3.64051,3.50726,3.64051,0.01824,1185,1
ag,5120,10240,8192,steady,1,c_flux_ag,0,0.46968,0.46752,0.46752,0.02788,1185,1
ag,5120,10240,8192,steady,1,A_fused,1,3.74650,3.73702,3.74650,0.03522,1185,1
ag,5120,10240,8192,steady,2,c_cublas,2,3.32269,3.20358,3.32269,0.01714,1185,1
ag,5120,10240,8192,steady,2,c_fluxgemm,0,3.69120,3.53882,3.69120,0.01821,1185,1
ag,5120,10240,8192,steady,2,c_flux_ag,1,0.46628,0.46545,0.46628,0.02836,1185,1
ag,5120,10240,8192,steady,2,A_fused,3,3.81645,3.80550,3.81645,0.03575,1185,1
ag,5120,10240,8192,steady,3,c_cublas,3,3.48819,3.34989,3.48819,0.01663,1170,1
ag,5120,10240,8192,steady,3,c_fluxgemm,1,3.59834,3.47661,3.59834,0.01889,1170,1
ag,5120,10240,8192,steady,3,c_flux_ag,0,0.47744,0.47579,0.47579,0.02817,1170,1
ag,5120,10240,8192,steady,3,A_fused,2,3.84493,3.83680,3.84493,0.03597,1170,1
ag,5120,10240,8192,steady,4,c_cublas,2,3.42957,3.38579,3.42957,0.01616,1200,1
ag,5120,10240,8192,steady,4,c_fluxgemm,1,3.53248,3.45549,3.53248,0.01886,1200,1
ag,5120,10240,8192,steady,4,c_flux_ag,0,0.46254,0.46008,0.46008,0.02874,1200,1
ag,5120,10240,8192,steady,4,A_fused,3,3.80045,3.79315,3.80045,0.03576,1200,1
ag,5120,10240,8192,steady,5,c_cublas,2,3.39494,3.19981,3.39494,0.01673,1185,1
ag,5120,10240,8192,steady,5,c_fluxgemm,0,3.68819,3.57152,3.68819,0.01919,1185,1
ag,5120,10240,8192,steady,5,c_flux_ag,1,0.46359,0.46291,0.46359,0.02724,1185,1
ag,5120,10240,8192,steady,5,A_fused,3,3.80141,3.79328,3.80141,0.03565,1185,1
ag,5120,10240,8192,steady,6,c_cublas,3,3.35571,3.24576,3.35571,0.01644,1185,1
ag,5120,10240,8192,steady,6,c_fluxgemm,1,3.68410,3.59251,3.68410,0.01827,1185,1
ag,5120,10240,8192,steady,6,c_flux_ag,2,0.46691,0.46565,0.46691,0.02719,1185,1
ag,5120,10240,8192,steady,6,A_fused,0,3.85568,3.85165,3.85568,0.03626,1185,1
ag,5120,10240,8192,steady,7,c_cublas,2,3.36371,3.32826,3.36371,0.01577,1170,1
ag,5120,10240,8192,steady,7,c_fluxgemm,3,3.63456,3.51610,3.63456,0.01865,1170,1
ag,5120,10240,8192,steady,7,c_flux_ag,1,0.47194,0.47083,0.47194,0.02743,1170,1
ag,5120,10240,8192,steady,7,A_fused,0,3.78336,3.78189,3.78336,0.03754,1170,1
ag,5120,10240,8192,steady,8,c_cublas,2,3.43155,3.31878,3.43155,0.01674,1200,1
ag,5120,10240,8192,steady,8,c_fluxgemm,1,3.59533,3.46682,3.59533,0.01839,1200,1
ag,5120,10240,8192,steady,8,c_flux_ag,0,0.46966,0.46767,0.46767,0.02796,1200,1
ag,5120,10240,8192,steady,8,A_fused,3,3.81178,3.80077,3.81178,0.03579,1200,1
ag,5120,10240,8192,steady,9,c_cublas,0,3.48429,3.34906,3.48429,0.03440,1185,1
ag,5120,10240,8192,steady,9,c_fluxgemm,1,3.62682,3.51386,3.62682,0.01898,1185,1
ag,5120,10240,8192,steady,9,c_flux_ag,2,0.46652,0.46593,0.46652,0.02769,1185,1
ag,5120,10240,8192,steady,9,A_fused,3,3.80621,3.79994,3.80621,0.03533,1185,1
ag,5120,10240,8192,steady,10,c_cublas,3,3.36902,3.22042,3.36902,0.01742,1185,1
ag,5120,10240,8192,steady,10,c_fluxgemm,1,3.70509,3.58074,3.70509,0.01845,1185,1
ag,5120,10240,8192,steady,10,c_flux_ag,2,0.46473,0.46381,0.46473,0.02702,1185,1
ag,5120,10240,8192,steady,10,A_fused,0,3.85517,3.85101,3.85517,0.03559,1185,1
ag,5120,10240,8192,steady,11,c_cublas,3,3.49965,3.35488,3.49965,0.01595,1170,1
ag,5120,10240,8192,steady,11,c_fluxgemm,1,3.50067,3.43853,3.50067,0.01884,1170,1
ag,5120,10240,8192,steady,11,c_flux_ag,0,0.46051,0.45784,0.45784,0.02775,1170,1
ag,5120,10240,8192,steady,11,A_fused,2,3.86362,3.85210,3.86362,0.03494,1170,1
ag,5120,10240,8192,steady,12,c_cublas,0,3.38451,3.26240,3.38451,0.01566,1185,1
ag,5120,10240,8192,steady,12,c_fluxgemm,2,3.55712,3.41766,3.55712,0.01893,1185,1
ag,5120,10240,8192,steady,12,c_flux_ag,1,0.45592,0.45563,0.45592,0.02799,1185,1
ag,5120,10240,8192,steady,12,A_fused,3,3.83821,3.82995,3.83821,0.03527,1185,1
ag,5120,10240,8192,steady,13,c_cublas,1,3.35507,3.24870,3.35507,0.01687,1185,1
ag,5120,10240,8192,steady,13,c_fluxgemm,2,3.58880,3.47059,3.58880,0.01933,1185,1
ag,5120,10240,8192,steady,13,c_flux_ag,0,0.47012,0.46826,0.46826,0.02786,1185,1
ag,5120,10240,8192,steady,13,A_fused,3,3.87258,3.86630,3.87258,0.03445,1185,1
ag,5120,10240,8192,steady,14,c_cublas,0,3.47418,3.36806,3.47418,0.01730,1215,1
ag,5120,10240,8192,steady,14,c_fluxgemm,1,3.60371,3.50733,3.60371,0.01908,1215,1
ag,5120,10240,8192,steady,14,c_flux_ag,2,0.46512,0.46446,0.46512,0.02798,1215,1
ag,5120,10240,8192,steady,14,A_fused,3,3.82010,3.81069,3.82010,0.03479,1215,1
ag,5120,10240,8192,steady,15,c_cublas,3,3.39392,3.27674,3.39392,0.01701,1185,1
ag,5120,10240,8192,steady,15,c_fluxgemm,0,3.71328,3.57056,3.71328,0.01928,1185,1
ag,5120,10240,8192,steady,15,c_flux_ag,2,0.46905,0.46809,0.46905,0.02677,1185,1
ag,5120,10240,8192,steady,15,A_fused,1,3.85811,3.85146,3.85811,0.03701,1185,1
ag,5120,10240,8192,steady,16,c_cublas,2,3.36582,3.23366,3.36582,0.01676,1215,1
ag,5120,10240,8192,steady,16,c_fluxgemm,0,3.62131,3.48557,3.62131,0.02003,1215,1
ag,5120,10240,8192,steady,16,c_flux_ag,1,0.46719,0.46690,0.46719,0.02755,1215,1
ag,5120,10240,8192,steady,16,A_fused,3,3.81568,3.80320,3.81568,0.03626,1215,1
ag,5120,10240,8192,steady,17,c_cublas,2,3.35539,3.32602,3.35539,0.01617,1170,1
ag,5120,10240,8192,steady,17,c_fluxgemm,3,3.59616,3.51738,3.59616,0.01865,1170,1
ag,5120,10240,8192,steady,17,c_flux_ag,1,0.46978,0.46949,0.46978,0.02673,1170,1
ag,5120,10240,8192,steady,17,A_fused,0,3.90266,3.90099,3.90266,0.03745,1170,1
ag,5120,10240,8192,steady,18,c_cublas,3,3.45178,3.34227,3.45178,0.01649,1185,1
ag,5120,10240,8192,steady,18,c_fluxgemm,2,3.68557,3.55354,3.68557,0.01811,1185,1
ag,5120,10240,8192,steady,18,c_flux_ag,0,0.46976,0.46713,0.46713,0.02827,1185,1
ag,5120,10240,8192,steady,18,A_fused,1,3.77978,3.76934,3.77978,0.03533,1185,1
ag,5120,10240,8192,steady,19,c_cublas,0,3.38406,3.24787,3.38406,0.01597,1185,1
ag,5120,10240,8192,steady,19,c_fluxgemm,2,3.54195,3.41690,3.54195,0.01877,1185,1
ag,5120,10240,8192,steady,19,c_flux_ag,1,0.45543,0.45522,0.45522,0.02831,1185,1
ag,5120,10240,8192,steady,19,A_fused,3,3.83827,3.83347,3.83827,0.03445,1185,1
ag,5120,10240,8192,steady,20,c_cublas,0,3.45370,3.37088,3.45370,0.01724,1185,1
ag,5120,10240,8192,steady,20,c_fluxgemm,1,3.61978,3.51539,3.61978,0.01872,1185,1
ag,5120,10240,8192,steady,20,c_flux_ag,3,0.46719,0.46688,0.46719,0.02666,1185,1
ag,5120,10240,8192,steady,20,A_fused,2,3.87821,3.87277,3.87821,0.03556,1185,1
ag,5120,10240,8192,steady,21,c_cublas,3,3.35373,3.26067,3.35373,0.01636,1185,1
ag,5120,10240,8192,steady,21,c_fluxgemm,0,3.64282,3.49632,3.64282,0.02063,1185,1
ag,5120,10240,8192,steady,21,c_flux_ag,2,0.46602,0.46571,0.46602,0.02685,1185,1
ag,5120,10240,8192,steady,21,A_fused,1,3.85254,3.84525,3.85254,0.03559,1185,1
ag,5120,10240,8192,steady,22,c_cublas,1,3.26573,3.18451,3.26573,0.01600,1155,1
ag,5120,10240,8192,steady,22,c_fluxgemm,2,3.61741,3.51226,3.61741,0.01902,1155,1
ag,5120,10240,8192,steady,22,c_flux_ag,0,0.46125,0.45747,0.45747,0.02850,1155,1
ag,5120,10240,8192,steady,22,A_fused,3,3.88614,3.87507,3.88614,0.03604,1155,1
ag,5120,10240,8192,steady,23,c_cublas,2,3.35315,3.28608,3.35315,0.01667,1155,1
ag,5120,10240,8192,steady,23,c_fluxgemm,3,3.61037,3.47872,3.61037,0.01860,1155,1
ag,5120,10240,8192,steady,23,c_flux_ag,1,0.47008,0.46957,0.47008,0.02681,1155,1
ag,5120,10240,8192,steady,23,A_fused,0,3.94195,3.93446,3.94195,0.03623,1155,1
ag,5120,10240,8192,steady,24,c_cublas,3,3.43501,3.39866,3.43501,0.02482,1170,1
ag,5120,10240,8192,steady,24,c_fluxgemm,2,3.61574,3.55763,3.61574,0.01775,1170,1
ag,5120,10240,8192,steady,24,c_flux_ag,1,0.47144,0.47079,0.47144,0.02760,1170,1
ag,5120,10240,8192,steady,24,A_fused,0,3.89037,3.88294,3.89037,0.03626,1170,1
ag,5120,10240,8192,steady,25,c_cublas,0,3.36883,3.27187,3.36883,0.01928,1185,1
ag,5120,10240,8192,steady,25,c_fluxgemm,1,3.60563,3.49018,3.60563,0.01938,1185,1
ag,5120,10240,8192,steady,25,c_flux_ag,2,0.46389,0.46304,0.46389,0.02805,1185,1
ag,5120,10240,8192,steady,25,A_fused,3,3.80666,3.79962,3.80666,0.03471,1185,1
ag,5120,10240,8192,steady,26,c_cublas,2,3.35680,3.20506,3.35680,0.01696,1185,1
ag,5120,10240,8192,steady,26,c_fluxgemm,0,3.68736,3.57043,3.68736,0.01926,1185,1
ag,5120,10240,8192,steady,26,c_flux_ag,1,0.46708,0.46590,0.46708,0.02787,1185,1
ag,5120,10240,8192,steady,26,A_fused,3,3.80582,3.79878,3.80582,0.03568,1185,1
ag,5120,10240,8192,steady,27,c_cublas,1,3.40973,3.27565,3.40973,0.01700,1185,1
ag,5120,10240,8192,steady,27,c_fluxgemm,3,3.68486,3.55341,3.68486,0.01831,1185,1
ag,5120,10240,8192,steady,27,c_flux_ag,0,0.47592,0.47374,0.47374,0.02754,1185,1
ag,5120,10240,8192,steady,27,A_fused,2,3.82656,3.81869,3.82656,0.03531,1185,1
ag,5120,10240,8192,steady,28,c_cublas,1,3.31782,3.22176,3.31782,0.01724,1185,1
ag,5120,10240,8192,steady,28,c_fluxgemm,2,3.59290,3.50048,3.59290,0.01885,1185,1
ag,5120,10240,8192,steady,28,c_flux_ag,0,0.47013,0.46795,0.46795,0.02810,1185,1
ag,5120,10240,8192,steady,28,A_fused,3,3.85357,3.84576,3.85357,0.03498,1185,1
ag,5120,10240,8192,steady,29,c_cublas,3,3.48083,3.38445,3.48083,0.01643,1185,1
ag,5120,10240,8192,steady,29,c_fluxgemm,0,3.68768,3.56410,3.68768,0.01897,1185,1
ag,5120,10240,8192,steady,29,c_flux_ag,1,0.46844,0.46774,0.46844,0.02759,1185,1
ag,5120,10240,8192,steady,29,A_fused,2,3.77939,3.77197,3.77939,0.03523,1185,1
ag,5120,10240,8192,steady,30,c_cublas,1,3.30534,3.19974,3.30534,0.01594,1185,1
ag,5120,10240,8192,steady,30,c_fluxgemm,2,3.59539,3.50042,3.59539,0.01904,1185,1
ag,5120,10240,8192,steady,30,c_flux_ag,0,0.46104,0.45805,0.45805,0.02829,1185,1
ag,5120,10240,8192,steady,30,A_fused,3,3.85658,3.84755,3.85658,0.03547,1185,1
ag,5120,10240,8192,steady,31,c_cublas,2,3.43686,3.31354,3.43686,0.01734,1185,1
ag,5120,10240,8192,steady,31,c_fluxgemm,1,3.62406,3.49587,3.62406,0.01889,1185,1
ag,5120,10240,8192,steady,31,c_flux_ag,0,0.47080,0.46938,0.46938,0.02757,1185,1
ag,5120,10240,8192,steady,31,A_fused,3,3.80147,3.79053,3.80147,0.03491,1185,1
ag,5120,10240,8192,steady,32,c_cublas,3,3.48691,3.35174,3.48691,0.01619,1170,1
ag,5120,10240,8192,steady,32,c_fluxgemm,0,3.73318,3.59968,3.73318,0.01933,1170,1
ag,5120,10240,8192,steady,32,c_flux_ag,1,0.47086,0.46932,0.47086,0.02709,1170,1
ag,5120,10240,8192,steady,32,A_fused,2,3.80685,3.79571,3.80685,0.03547,1170,1
ag,5120,10240,8192,steady,33,c_cublas,2,3.48346,3.35136,3.48346,0.01566,1200,1
ag,5120,10240,8192,steady,33,c_fluxgemm,3,3.61754,3.49613,3.61754,0.01943,1200,1
ag,5120,10240,8192,steady,33,c_flux_ag,0,0.46093,0.45834,0.45834,0.02816,1200,1
ag,5120,10240,8192,steady,33,A_fused,1,3.73472,3.72333,3.73472,0.03623,1200,1
ag,5120,10240,8192,steady,34,c_cublas,2,3.45338,3.35840,3.45338,0.01592,1185,1
ag,5120,10240,8192,steady,34,c_fluxgemm,0,3.68378,3.52512,3.68378,0.01797,1185,1
ag,5120,10240,8192,steady,34,c_flux_ag,3,0.45693,0.45660,0.45660,0.02786,1185,1
ag,5120,10240,8192,steady,34,A_fused,1,3.85370,3.84582,3.85370,0.03640,1185,1
ag,5120,10240,8192,steady,35,c_cublas,3,3.46662,3.34726,3.46662,0.01607,1185,1
ag,5120,10240,8192,steady,35,c_fluxgemm,2,3.68493,3.59891,3.68493,0.01818,1185,1
ag,5120,10240,8192,steady,35,c_flux_ag,0,0.45420,0.45418,0.45420,0.02836,1185,1
ag,5120,10240,8192,steady,35,A_fused,1,3.67059,3.65978,3.67059,0.03650,1185,1
ag,5120,10240,8192,steady,36,c_cublas,1,3.44762,3.33050,3.44762,0.01607,1185,1
ag,5120,10240,8192,steady,36,c_fluxgemm,0,3.62118,3.49542,3.62118,0.01953,1185,1
ag,5120,10240,8192,steady,36,c_flux_ag,3,0.46809,0.46785,0.46809,0.02687,1185,1
ag,5120,10240,8192,steady,36,A_fused,2,3.79245,3.78797,3.79245,0.03660,1185,1
ag,5120,10240,8192,steady,37,c_cublas,0,3.40294,3.25069,3.40294,0.01735,1215,1
ag,5120,10240,8192,steady,37,c_fluxgemm,1,3.60845,3.48742,3.60845,0.02003,1215,1
ag,5120,10240,8192,steady,37,c_flux_ag,2,0.46641,0.46567,0.46641,0.02719,1215,1
ag,5120,10240,8192,steady,37,A_fused,3,3.82451,3.81696,3.82451,0.03431,1215,1
ag,5120,10240,8192,steady,38,c_cublas,1,3.47450,3.38886,3.47450,0.02305,1185,1
ag,5120,10240,8192,steady,38,c_fluxgemm,3,3.55565,3.42323,3.55565,0.01881,1185,1
ag,5120,10240,8192,steady,38,c_flux_ag,2,0.45828,0.45803,0.45828,0.02673,1185,1
ag,5120,10240,8192,steady,38,A_fused,0,3.85728,3.85549,3.85728,0.03583,1185,1
ag,5120,10240,8192,steady,39,c_cublas,1,3.32864,3.23290,3.32864,0.01705,1185,1
ag,5120,10240,8192,steady,39,c_fluxgemm,3,3.71424,3.59098,3.71424,0.01807,1185,1
ag,5120,10240,8192,steady,39,c_flux_ag,0,0.46262,0.45958,0.45958,0.02760,1185,1
ag,5120,10240,8192,steady,39,A_fused,2,3.82266,3.81331,3.82266,0.03628,1185,1
ag,5120,10240,8192,steady,40,c_cublas,2,3.44262,3.31392,3.44262,0.01699,1170,1
ag,5120,10240,8192,steady,40,c_fluxgemm,1,3.68442,3.58125,3.68442,0.01768,1170,1
ag,5120,10240,8192,steady,40,c_flux_ag,3,0.45670,0.45669,0.45670,0.02714,1170,1
ag,5120,10240,8192,steady,40,A_fused,0,3.89363,3.88858,3.89363,0.03683,1170,1
ag,5120,10240,8192,steady,41,c_cublas,0,3.29306,3.17754,3.29306,0.01749,1170,1
ag,5120,10240,8192,steady,41,c_fluxgemm,2,3.75379,3.58739,3.75379,0.01884,1170,1
ag,5120,10240,8192,steady,41,c_flux_ag,3,0.47159,0.47124,0.47159,0.02646,1170,1
ag,5120,10240,8192,steady,41,A_fused,1,3.79494,3.78515,3.79494,0.03768,1170,1
ag,5120,10240,8192,steady,42,c_cublas,2,3.42867,3.37152,3.42867,0.01651,1215,1
ag,5120,10240,8192,steady,42,c_fluxgemm,1,3.51322,3.40973,3.51322,0.01997,1215,1
ag,5120,10240,8192,steady,42,c_flux_ag,0,0.46925,0.46820,0.46925,0.02842,1215,1
ag,5120,10240,8192,steady,42,A_fused,3,3.81811,3.81242,3.81811,0.03577,1215,1
ag,5120,10240,8192,steady,43,c_cublas,1,3.44493,3.31661,3.44493,0.01709,1185,1
ag,5120,10240,8192,steady,43,c_fluxgemm,0,3.70016,3.60992,3.70016,0.01922,1185,1
ag,5120,10240,8192,steady,43,c_flux_ag,3,0.46793,0.46762,0.46793,0.02703,1185,1
ag,5120,10240,8192,steady,43,A_fused,2,3.79635,3.79187,3.79635,0.03541,1185,1
ag,5120,10240,8192,steady,44,c_cublas,1,3.45325,3.32774,3.45325,0.01729,1200,1
ag,5120,10240,8192,steady,44,c_fluxgemm,0,3.61549,3.51258,3.61549,0.02033,1200,1
ag,5120,10240,8192,steady,44,c_flux_ag,3,0.46950,0.46856,0.46950,0.02717,1200,1
ag,5120,10240,8192,steady,44,A_fused,2,3.81267,3.80742,3.81267,0.03546,1200,1
ag,5120,10240,8192,steady,45,c_cublas,0,3.40013,3.23590,3.40013,0.01752,1185,1
ag,5120,10240,8192,steady,45,c_fluxgemm,2,3.68467,3.61171,3.68467,0.01869,1185,1
ag,5120,10240,8192,steady,45,c_flux_ag,3,0.46395,0.46369,0.46395,0.02734,1185,1
ag,5120,10240,8192,steady,45,A_fused,1,3.79949,3.79533,3.79949,0.03776,1185,1
ag,5120,10240,8192,steady,46,c_cublas,0,3.36288,3.22061,3.36288,0.01757,1215,1
ag,5120,10240,8192,steady,46,c_fluxgemm,1,3.61312,3.47789,3.61312,0.01990,1215,1
ag,5120,10240,8192,steady,46,c_flux_ag,2,0.46594,0.46531,0.46594,0.02694,1215,1
ag,5120,10240,8192,steady,46,A_fused,3,3.85299,3.83878,3.85299,0.03455,1215,1
ag,5120,10240,8192,steady,47,c_cublas,0,3.48550,3.33043,3.48550,0.01730,1170,1
ag,5120,10240,8192,steady,47,c_fluxgemm,2,3.54566,3.42221,3.54566,0.01922,1170,1
ag,5120,10240,8192,steady,47,c_flux_ag,1,0.45708,0.45688,0.45688,0.02737,1170,1
ag,5120,10240,8192,steady,47,A_fused,3,3.84397,3.83661,3.84397,0.03440,1170,1
ag,5120,10240,8192,steady,48,c_cublas,3,3.39296,3.34099,3.39296,0.01684,1185,1
ag,5120,10240,8192,steady,48,c_fluxgemm,2,3.56640,3.56275,3.56275,0.01984,1185,1
ag,5120,10240,8192,steady,48,c_flux_ag,1,0.47050,0.46953,0.47050,0.02744,1185,1
ag,5120,10240,8192,steady,48,A_fused,0,3.87706,3.87264,3.87706,0.03693,1185,1
ag,5120,10240,8192,steady,49,c_cublas,2,3.49107,3.32902,3.49107,0.01560,1170,1
ag,5120,10240,8192,steady,49,c_fluxgemm,0,3.64378,3.51194,3.64378,0.01964,1170,1
ag,5120,10240,8192,steady,49,c_flux_ag,3,0.45837,0.45824,0.45824,0.02687,1170,1
ag,5120,10240,8192,steady,49,A_fused,1,3.91258,3.89722,3.91258,0.03545,1170,1
