phase,mode,L,M,round,policy,order_pos,rank_max_ms,kept
prefill,eager,4,1024,0,tp_ar,0,6.69491,1
prefill,eager,4,1024,0,tp_ar_vllm,3,6.43482,1
prefill,eager,4,1024,0,sp_nccl,2,6.60890,1
prefill,eager,4,1024,0,sp_flux,5,5.83270,1
prefill,eager,4,1024,0,sp_rsflux,1,5.91462,1
prefill,eager,4,1024,0,sp_dispatch,4,5.69651,1
prefill,eager,4,1024,1,tp_ar,2,6.39898,1
prefill,eager,4,1024,1,tp_ar_vllm,0,6.37542,1
prefill,eager,4,1024,1,sp_nccl,1,6.57715,1
prefill,eager,4,1024,1,sp_flux,3,5.77126,1
prefill,eager,4,1024,1,sp_rsflux,4,5.89824,1
prefill,eager,4,1024,1,sp_dispatch,5,5.74054,1
prefill,eager,4,1024,2,tp_ar,0,6.43277,1
prefill,eager,4,1024,2,tp_ar_vllm,1,6.36518,1
prefill,eager,4,1024,2,sp_nccl,4,6.62528,1
prefill,eager,4,1024,2,sp_flux,3,5.81632,1
prefill,eager,4,1024,2,sp_rsflux,5,5.90848,1
prefill,eager,4,1024,2,sp_dispatch,2,5.74259,1
prefill,eager,4,1024,3,tp_ar,5,6.40614,1
prefill,eager,4,1024,3,tp_ar_vllm,0,6.36006,1
prefill,eager,4,1024,3,sp_nccl,1,6.70003,1
prefill,eager,4,1024,3,sp_flux,3,5.73235,1
prefill,eager,4,1024,3,sp_rsflux,2,5.92998,1
prefill,eager,4,1024,3,sp_dispatch,4,5.81530,1
prefill,eager,4,1024,4,tp_ar,2,6.41024,1
prefill,eager,4,1024,4,tp_ar_vllm,1,6.39898,1
prefill,eager,4,1024,4,sp_nccl,3,6.63962,1
prefill,eager,4,1024,4,sp_flux,0,5.73338,1
prefill,eager,4,1024,4,sp_rsflux,5,5.86138,1
prefill,eager,4,1024,4,sp_dispatch,4,5.79789,1
prefill,eager,4,1024,5,tp_ar,3,6.43277,1
prefill,eager,4,1024,5,tp_ar_vllm,2,6.38874,1
prefill,eager,4,1024,5,sp_nccl,4,6.59354,1
prefill,eager,4,1024,5,sp_flux,1,5.74054,1
prefill,eager,4,1024,5,sp_rsflux,0,5.87059,1
prefill,eager,4,1024,5,sp_dispatch,5,5.93408,1
prefill,eager,4,1024,6,tp_ar,4,6.45427,1
prefill,eager,4,1024,6,tp_ar_vllm,5,6.31603,1
prefill,eager,4,1024,6,sp_nccl,3,6.57613,1
prefill,eager,4,1024,6,sp_flux,0,5.71597,1
prefill,eager,4,1024,6,sp_rsflux,1,5.91462,1
prefill,eager,4,1024,6,sp_dispatch,2,5.74259,1
prefill,eager,4,1024,7,tp_ar,0,6.46861,1
prefill,eager,4,1024,7,tp_ar_vllm,5,6.38362,1
prefill,eager,4,1024,7,sp_nccl,1,6.59558,1
prefill,eager,4,1024,7,sp_flux,2,5.81325,1
prefill,eager,4,1024,7,sp_rsflux,4,5.91155,1
prefill,eager,4,1024,7,sp_dispatch,3,5.70573,1
prefill,eager,4,1024,8,tp_ar,2,6.39488,1
prefill,eager,4,1024,8,tp_ar_vllm,0,6.34982,1
prefill,eager,4,1024,8,sp_nccl,3,6.65293,1
prefill,eager,4,1024,8,sp_flux,4,5.74464,1
prefill,eager,4,1024,8,sp_rsflux,5,5.89722,1
prefill,eager,4,1024,8,sp_dispatch,1,5.80301,1
prefill,eager,4,1024,9,tp_ar,5,6.42150,1
prefill,eager,4,1024,9,tp_ar_vllm,2,6.40614,1
prefill,eager,4,1024,9,sp_nccl,1,6.53619,1
prefill,eager,4,1024,9,sp_flux,4,5.75590,1
prefill,eager,4,1024,9,sp_rsflux,0,5.85216,1
prefill,eager,4,1024,9,sp_dispatch,3,5.68422,1
prefill,eager,4,1024,10,tp_ar,4,6.40205,1
prefill,eager,4,1024,10,tp_ar_vllm,0,6.36416,1
prefill,eager,4,1024,10,sp_nccl,5,6.58842,1
prefill,eager,4,1024,10,sp_flux,2,5.72928,1
prefill,eager,4,1024,10,sp_rsflux,1,5.85728,1
prefill,eager,4,1024,10,sp_dispatch,3,5.77843,1
prefill,eager,4,1024,11,tp_ar,2,6.45632,1
prefill,eager,4,1024,11,tp_ar_vllm,0,6.40205,1
prefill,eager,4,1024,11,sp_nccl,5,6.58534,1
prefill,eager,4,1024,11,sp_flux,1,5.68218,1
prefill,eager,4,1024,11,sp_rsflux,3,5.85318,1
prefill,eager,4,1024,11,sp_dispatch,4,5.87264,1
prefill,eager,4,1024,12,tp_ar,0,6.43584,1
prefill,eager,4,1024,12,tp_ar_vllm,5,6.42458,1
prefill,eager,4,1024,12,sp_nccl,4,6.55360,1
prefill,eager,4,1024,12,sp_flux,1,5.76410,1
prefill,eager,4,1024,12,sp_rsflux,3,5.93306,1
prefill,eager,4,1024,12,sp_dispatch,2,5.75590,1
prefill,eager,4,1024,13,tp_ar,1,6.44915,1
prefill,eager,4,1024,13,tp_ar_vllm,0,6.35699,1
prefill,eager,4,1024,13,sp_nccl,5,6.55770,1
prefill,eager,4,1024,13,sp_flux,3,5.83578,1
prefill,eager,4,1024,13,sp_rsflux,2,5.83373,1
prefill,eager,4,1024,13,sp_dispatch,4,5.84397,1
prefill,eager,4,1024,14,tp_ar,1,6.36621,1
prefill,eager,4,1024,14,tp_ar_vllm,0,6.40205,1
prefill,eager,4,1024,14,sp_nccl,4,6.65600,1
prefill,eager,4,1024,14,sp_flux,2,5.85933,1
prefill,eager,4,1024,14,sp_rsflux,5,5.96582,1
prefill,eager,4,1024,14,sp_dispatch,3,5.73440,1
prefill,eager,4,1024,15,tp_ar,5,6.45120,1
prefill,eager,4,1024,15,tp_ar_vllm,3,6.37952,1
prefill,eager,4,1024,15,sp_nccl,4,6.60685,1
prefill,eager,4,1024,15,sp_flux,2,5.72211,1
prefill,eager,4,1024,15,sp_rsflux,1,5.89926,1
prefill,eager,4,1024,15,sp_dispatch,0,5.68218,1
prefill,eager,4,1024,16,tp_ar,4,6.44301,1
prefill,eager,4,1024,16,tp_ar_vllm,2,6.40512,1
prefill,eager,4,1024,16,sp_nccl,0,6.99085,1
prefill,eager,4,1024,16,sp_flux,5,5.77741,1
prefill,eager,4,1024,16,sp_rsflux,3,5.92998,1
prefill,eager,4,1024,16,sp_dispatch,1,5.87571,1
prefill,eager,4,1024,17,tp_ar,2,6.40922,1
prefill,eager,4,1024,17,tp_ar_vllm,0,6.59046,1
prefill,eager,4,1024,17,sp_nccl,4,6.61606,1
prefill,eager,4,1024,17,sp_flux,1,5.80710,1
prefill,eager,4,1024,17,sp_rsflux,5,5.92384,1
prefill,eager,4,1024,17,sp_dispatch,3,5.77126,1
prefill,eager,4,1024,18,tp_ar,3,6.42867,1
prefill,eager,4,1024,18,tp_ar_vllm,4,6.37952,1
prefill,eager,4,1024,18,sp_nccl,2,6.60992,1
prefill,eager,4,1024,18,sp_flux,1,5.86752,1
prefill,eager,4,1024,18,sp_rsflux,0,5.86650,1
prefill,eager,4,1024,18,sp_dispatch,5,5.76819,1
prefill,eager,4,1024,19,tp_ar,0,6.39181,1
prefill,eager,4,1024,19,tp_ar_vllm,1,6.37952,1
prefill,eager,4,1024,19,sp_nccl,2,6.62426,1
prefill,eager,4,1024,19,sp_flux,5,5.75795,1
prefill,eager,4,1024,19,sp_rsflux,3,5.96685,1
prefill,eager,4,1024,19,sp_dispatch,4,5.70675,1
prefill,eager,4,1024,20,tp_ar,1,6.42458,1
prefill,eager,4,1024,20,tp_ar_vllm,5,6.39898,1
prefill,eager,4,1024,20,sp_nccl,4,6.72563,1
prefill,eager,4,1024,20,sp_flux,2,5.86138,1
prefill,eager,4,1024,20,sp_rsflux,3,5.84602,1
prefill,eager,4,1024,20,sp_dispatch,0,5.86752,1
prefill,eager,4,1024,21,tp_ar,1,6.43379,1
prefill,eager,4,1024,21,tp_ar_vllm,2,6.39590,1
prefill,eager,4,1024,21,sp_nccl,4,6.66829,1
prefill,eager,4,1024,21,sp_flux,0,5.77229,1
prefill,eager,4,1024,21,sp_rsflux,5,5.95251,1
prefill,eager,4,1024,21,sp_dispatch,3,5.90438,1
prefill,eager,4,1024,22,tp_ar,4,6.43482,1
prefill,eager,4,1024,22,tp_ar_vllm,1,6.41536,1
prefill,eager,4,1024,22,sp_nccl,3,6.63859,1
prefill,eager,4,1024,22,sp_flux,0,5.76717,1
prefill,eager,4,1024,22,sp_rsflux,2,5.85523,1
prefill,eager,4,1024,22,sp_dispatch,5,5.70982,1
prefill,eager,4,1024,23,tp_ar,1,6.43072,1
prefill,eager,4,1024,23,tp_ar_vllm,3,6.37645,1
prefill,eager,4,1024,23,sp_nccl,0,6.68570,1
prefill,eager,4,1024,23,sp_flux,2,5.76717,1
prefill,eager,4,1024,23,sp_rsflux,5,5.93203,1
prefill,eager,4,1024,23,sp_dispatch,4,5.73850,1
prefill,eager,4,1024,24,tp_ar,4,6.41126,1
prefill,eager,4,1024,24,tp_ar_vllm,1,6.41434,1
prefill,eager,4,1024,24,sp_nccl,0,6.56282,1
prefill,eager,4,1024,24,sp_flux,5,5.75693,1
prefill,eager,4,1024,24,sp_rsflux,3,6.00986,1
prefill,eager,4,1024,24,sp_dispatch,2,5.71802,1
prefill,eager,4,1024,25,tp_ar,3,6.39386,1
prefill,eager,4,1024,25,tp_ar_vllm,2,6.42662,1
prefill,eager,4,1024,25,sp_nccl,1,6.54336,1
prefill,eager,4,1024,25,sp_flux,0,5.78048,1
prefill,eager,4,1024,25,sp_rsflux,5,5.86342,1
prefill,eager,4,1024,25,sp_dispatch,4,5.91053,1
prefill,eager,4,1024,26,tp_ar,1,6.42765,1
prefill,eager,4,1024,26,tp_ar_vllm,4,6.37645,1
prefill,eager,4,1024,26,sp_nccl,3,6.59354,1
prefill,eager,4,1024,26,sp_flux,2,5.70163,1
prefill,eager,4,1024,26,sp_rsflux,0,5.83168,1
prefill,eager,4,1024,26,sp_dispatch,5,5.84090,1
prefill,eager,4,1024,27,tp_ar,4,6.43994,1
prefill,eager,4,1024,27,tp_ar_vllm,0,6.39078,1
prefill,eager,4,1024,27,sp_nccl,1,6.59558,1
prefill,eager,4,1024,27,sp_flux,5,5.77843,1
prefill,eager,4,1024,27,sp_rsflux,2,6.01805,1
prefill,eager,4,1024,27,sp_dispatch,3,5.70266,1
prefill,eager,4,1024,28,tp_ar,4,6.40102,1
prefill,eager,4,1024,28,tp_ar_vllm,2,6.36314,1
prefill,eager,4,1024,28,sp_nccl,5,6.63245,1
prefill,eager,4,1024,28,sp_flux,1,5.85933,1
prefill,eager,4,1024,28,sp_rsflux,3,5.91667,1
prefill,eager,4,1024,28,sp_dispatch,0,5.72723,1
prefill,eager,4,1024,29,tp_ar,3,6.38976,1
prefill,eager,4,1024,29,tp_ar_vllm,4,6.41946,1
prefill,eager,4,1024,29,sp_nccl,1,6.55872,1
prefill,eager,4,1024,29,sp_flux,2,5.81530,1
prefill,eager,4,1024,29,sp_rsflux,5,5.81837,1
prefill,eager,4,1024,29,sp_dispatch,0,5.99552,1
prefill,eager,4,1024,30,tp_ar,0,6.40512,1
prefill,eager,4,1024,30,tp_ar_vllm,3,6.45530,1
prefill,eager,4,1024,30,sp_nccl,4,6.53517,1
prefill,eager,4,1024,30,sp_flux,2,5.70880,1
prefill,eager,4,1024,30,sp_rsflux,5,5.99245,1
prefill,eager,4,1024,30,sp_dispatch,1,5.78765,1
prefill,eager,4,1024,31,tp_ar,0,6.36006,1
prefill,eager,4,1024,31,tp_ar_vllm,3,6.36416,1
prefill,eager,4,1024,31,sp_nccl,4,6.73280,1
prefill,eager,4,1024,31,sp_flux,2,5.78765,1
prefill,eager,4,1024,31,sp_rsflux,5,5.89107,1
prefill,eager,4,1024,31,sp_dispatch,1,5.86138,1
prefill,eager,4,1024,32,tp_ar,2,6.45222,1
prefill,eager,4,1024,32,tp_ar_vllm,3,6.35802,1
prefill,eager,4,1024,32,sp_nccl,1,6.56896,1
prefill,eager,4,1024,32,sp_flux,0,5.76922,1
prefill,eager,4,1024,32,sp_rsflux,5,5.86240,1
prefill,eager,4,1024,32,sp_dispatch,4,5.89414,1
prefill,eager,4,1024,33,tp_ar,3,6.41126,1
prefill,eager,4,1024,33,tp_ar_vllm,2,6.39181,1
prefill,eager,4,1024,33,sp_nccl,1,6.63552,1
prefill,eager,4,1024,33,sp_flux,5,5.80915,1
prefill,eager,4,1024,33,sp_rsflux,4,5.91053,1
prefill,eager,4,1024,33,sp_dispatch,0,5.70675,1
prefill,eager,4,1024,34,tp_ar,1,6.43174,1
prefill,eager,4,1024,34,tp_ar_vllm,4,6.33958,1
prefill,eager,4,1024,34,sp_nccl,2,6.54029,1
prefill,eager,4,1024,34,sp_flux,0,5.75181,1
prefill,eager,4,1024,34,sp_rsflux,5,5.94125,1
prefill,eager,4,1024,34,sp_dispatch,3,5.83168,1
prefill,eager,4,1024,35,tp_ar,4,6.42048,1
prefill,eager,4,1024,35,tp_ar_vllm,1,6.39795,1
prefill,eager,4,1024,35,sp_nccl,0,6.70618,1
prefill,eager,4,1024,35,sp_flux,3,5.73235,1
prefill,eager,4,1024,35,sp_rsflux,2,5.87571,1
prefill,eager,4,1024,35,sp_dispatch,5,5.70982,1
prefill,eager,4,1024,36,tp_ar,0,6.44608,1
prefill,eager,4,1024,36,tp_ar_vllm,3,6.36621,1
prefill,eager,4,1024,36,sp_nccl,5,6.66726,1
prefill,eager,4,1024,36,sp_flux,2,5.87776,1
prefill,eager,4,1024,36,sp_rsflux,1,5.86752,1
prefill,eager,4,1024,36,sp_dispatch,4,5.84806,1
prefill,eager,4,1024,37,tp_ar,3,6.45837,1
prefill,eager,4,1024,37,tp_ar_vllm,5,6.42150,1
prefill,eager,4,1024,37,sp_nccl,2,6.56077,1
prefill,eager,4,1024,37,sp_flux,0,5.73440,1
prefill,eager,4,1024,37,sp_rsflux,4,5.81837,1
prefill,eager,4,1024,37,sp_dispatch,1,5.73850,1
prefill,eager,4,1024,38,tp_ar,2,6.37542,1
prefill,eager,4,1024,38,tp_ar_vllm,1,6.42150,1
prefill,eager,4,1024,38,sp_nccl,0,6.53619,1
prefill,eager,4,1024,38,sp_flux,5,5.71597,1
prefill,eager,4,1024,38,sp_rsflux,4,5.90643,1
prefill,eager,4,1024,38,sp_dispatch,3,5.80096,1
prefill,eager,4,1024,39,tp_ar,2,6.45530,1
prefill,eager,4,1024,39,tp_ar_vllm,3,6.35290,1
prefill,eager,4,1024,39,sp_nccl,1,6.53005,1
prefill,eager,4,1024,39,sp_flux,4,5.82656,1
prefill,eager,4,1024,39,sp_rsflux,0,6.06003,1
prefill,eager,4,1024,39,sp_dispatch,5,5.78970,1
prefill,eager,4,1024,40,tp_ar,5,6.46861,1
prefill,eager,4,1024,40,tp_ar_vllm,1,6.38771,1
prefill,eager,4,1024,40,sp_nccl,2,6.54029,1
prefill,eager,4,1024,40,sp_flux,4,5.67194,1
prefill,eager,4,1024,40,sp_rsflux,0,6.43174,1
prefill,eager,4,1024,40,sp_dispatch,3,5.89414,1
prefill,eager,4,1024,41,tp_ar,1,6.47475,1
prefill,eager,4,1024,41,tp_ar_vllm,3,6.37542,1
prefill,eager,4,1024,41,sp_nccl,0,6.56282,1
prefill,eager,4,1024,41,sp_flux,5,5.76102,1
prefill,eager,4,1024,41,sp_rsflux,4,6.01190,1
prefill,eager,4,1024,41,sp_dispatch,2,5.71392,1
prefill,eager,4,1024,42,tp_ar,0,6.45939,1
prefill,eager,4,1024,42,tp_ar_vllm,5,6.42458,1
prefill,eager,4,1024,42,sp_nccl,2,6.62323,1
prefill,eager,4,1024,42,sp_flux,1,5.76717,1
prefill,eager,4,1024,42,sp_rsflux,4,5.85523,1
prefill,eager,4,1024,42,sp_dispatch,3,5.80608,1
prefill,eager,4,1024,43,tp_ar,2,6.40922,1
prefill,eager,4,1024,43,tp_ar_vllm,0,6.37133,1
prefill,eager,4,1024,43,sp_nccl,3,6.59661,1
prefill,eager,4,1024,43,sp_flux,4,5.86752,1
prefill,eager,4,1024,43,sp_rsflux,5,5.82349,1
prefill,eager,4,1024,43,sp_dispatch,1,5.81939,1
prefill,eager,4,1024,44,tp_ar,5,6.43379,1
prefill,eager,4,1024,44,tp_ar_vllm,3,6.37338,1
prefill,eager,4,1024,44,sp_nccl,1,6.58432,1
prefill,eager,4,1024,44,sp_flux,2,5.82246,1
prefill,eager,4,1024,44,sp_rsflux,4,5.87469,1
prefill,eager,4,1024,44,sp_dispatch,0,5.80915,1
prefill,eager,4,1024,45,tp_ar,2,6.40717,1
prefill,eager,4,1024,45,tp_ar_vllm,4,6.38566,1
prefill,eager,4,1024,45,sp_nccl,5,6.64269,1
prefill,eager,4,1024,45,sp_flux,0,5.70880,1
prefill,eager,4,1024,45,sp_rsflux,1,5.91462,1
prefill,eager,4,1024,45,sp_dispatch,3,5.80813,1
prefill,eager,4,1024,46,tp_ar,4,6.47578,1
prefill,eager,4,1024,46,tp_ar_vllm,1,6.36723,1
prefill,eager,4,1024,46,sp_nccl,3,6.56384,1
prefill,eager,4,1024,46,sp_flux,5,5.73850,1
prefill,eager,4,1024,46,sp_rsflux,2,6.01293,1
prefill,eager,4,1024,46,sp_dispatch,0,5.78355,1
prefill,eager,4,1024,47,tp_ar,0,6.44301,1
prefill,eager,4,1024,47,tp_ar_vllm,5,6.43789,1
prefill,eager,4,1024,47,sp_nccl,4,6.59251,1
prefill,eager,4,1024,47,sp_flux,2,5.73747,1
prefill,eager,4,1024,47,sp_rsflux,1,5.91360,1
prefill,eager,4,1024,47,sp_dispatch,3,5.80813,1
prefill,eager,4,1024,48,tp_ar,3,6.44608,1
prefill,eager,4,1024,48,tp_ar_vllm,4,6.41741,1
prefill,eager,4,1024,48,sp_nccl,0,6.52288,1
prefill,eager,4,1024,48,sp_flux,1,5.81734,1
prefill,eager,4,1024,48,sp_rsflux,2,5.85011,1
prefill,eager,4,1024,48,sp_dispatch,5,5.71597,1
prefill,eager,4,1024,49,tp_ar,5,6.45632,1
prefill,eager,4,1024,49,tp_ar_vllm,1,6.35802,1
prefill,eager,4,1024,49,sp_nccl,2,6.67034,1
prefill,eager,4,1024,49,sp_flux,3,5.78662,1
prefill,eager,4,1024,49,sp_rsflux,4,5.90234,1
prefill,eager,4,1024,49,sp_dispatch,0,5.86240,1
prefill,eager,4,1024,50,tp_ar,5,6.44813,1
prefill,eager,4,1024,50,tp_ar_vllm,1,6.43379,1
prefill,eager,4,1024,50,sp_nccl,4,6.63859,1
prefill,eager,4,1024,50,sp_flux,2,5.78048,1
prefill,eager,4,1024,50,sp_rsflux,3,5.92794,1
prefill,eager,4,1024,50,sp_dispatch,0,5.71802,1
prefill,eager,4,1024,51,tp_ar,3,6.43584,1
prefill,eager,4,1024,51,tp_ar_vllm,0,7.72813,1
prefill,eager,4,1024,51,sp_nccl,4,6.60992,1
prefill,eager,4,1024,51,sp_flux,1,5.79482,1
prefill,eager,4,1024,51,sp_rsflux,5,5.94022,1
prefill,eager,4,1024,51,sp_dispatch,2,5.79789,1
prefill,eager,4,1024,52,tp_ar,2,6.42867,1
prefill,eager,4,1024,52,tp_ar_vllm,4,6.40205,1
prefill,eager,4,1024,52,sp_nccl,1,6.66522,1
prefill,eager,4,1024,52,sp_flux,0,6.15117,1
prefill,eager,4,1024,52,sp_rsflux,5,5.89107,1
prefill,eager,4,1024,52,sp_dispatch,3,5.74976,1
prefill,eager,4,1024,53,tp_ar,5,6.44301,1
prefill,eager,4,1024,53,tp_ar_vllm,0,6.40512,1
prefill,eager,4,1024,53,sp_nccl,2,6.63347,1
prefill,eager,4,1024,53,sp_flux,4,5.73338,1
prefill,eager,4,1024,53,sp_rsflux,1,5.90643,1
prefill,eager,4,1024,53,sp_dispatch,3,5.89414,1
prefill,eager,4,1024,54,tp_ar,1,6.44403,1
prefill,eager,4,1024,54,tp_ar_vllm,3,6.42458,1
prefill,eager,4,1024,54,sp_nccl,2,6.59661,1
prefill,eager,4,1024,54,sp_flux,5,5.80096,1
prefill,eager,4,1024,54,sp_rsflux,0,5.85318,1
prefill,eager,4,1024,54,sp_dispatch,4,5.74157,1
prefill,eager,4,1024,55,tp_ar,4,6.45120,1
prefill,eager,4,1024,55,tp_ar_vllm,5,6.40922,1
prefill,eager,4,1024,55,sp_nccl,1,6.66829,1
prefill,eager,4,1024,55,sp_flux,0,5.72826,1
prefill,eager,4,1024,55,sp_rsflux,3,5.83578,1
prefill,eager,4,1024,55,sp_dispatch,2,5.93818,1
prefill,eager,4,1024,56,tp_ar,2,6.44403,1
prefill,eager,4,1024,56,tp_ar_vllm,1,6.38362,1
prefill,eager,4,1024,56,sp_nccl,4,6.59763,1
prefill,eager,4,1024,56,sp_flux,5,5.87264,1
prefill,eager,4,1024,56,sp_rsflux,0,5.90848,1
prefill,eager,4,1024,56,sp_dispatch,3,5.88902,1
prefill,eager,4,1024,57,tp_ar,1,6.44198,1
prefill,eager,4,1024,57,tp_ar_vllm,3,6.44710,1
prefill,eager,4,1024,57,sp_nccl,2,6.70515,1
prefill,eager,4,1024,57,sp_flux,4,5.78150,1
prefill,eager,4,1024,57,sp_rsflux,0,5.85114,1
prefill,eager,4,1024,57,sp_dispatch,5,5.77126,1
prefill,eager,4,1024,58,tp_ar,2,6.41126,1
prefill,eager,4,1024,58,tp_ar_vllm,4,6.40717,1
prefill,eager,4,1024,58,sp_nccl,5,6.63552,1
prefill,eager,4,1024,58,sp_flux,3,5.70675,1
prefill,eager,4,1024,58,sp_rsflux,0,5.86240,1
prefill,eager,4,1024,58,sp_dispatch,1,5.73747,1
prefill,eager,4,1024,59,tp_ar,0,7.12602,1
prefill,eager,4,1024,59,tp_ar_vllm,5,6.39590,1
prefill,eager,4,1024,59,sp_nccl,1,6.57613,1
prefill,eager,4,1024,59,sp_flux,4,5.80096,1
prefill,eager,4,1024,59,sp_rsflux,3,5.81222,1
prefill,eager,4,1024,59,sp_dispatch,2,5.89005,1
prefill,eager,4,1024,60,tp_ar,5,6.42867,1
prefill,eager,4,1024,60,tp_ar_vllm,0,6.43277,1
prefill,eager,4,1024,60,sp_nccl,1,6.63552,1
prefill,eager,4,1024,60,sp_flux,3,5.80096,1
prefill,eager,4,1024,60,sp_rsflux,4,5.87366,1
prefill,eager,4,1024,60,sp_dispatch,2,5.77434,1
prefill,eager,4,1024,61,tp_ar,3,6.41331,1
prefill,eager,4,1024,61,tp_ar_vllm,0,6.37338,1
prefill,eager,4,1024,61,sp_nccl,1,6.71334,1
prefill,eager,4,1024,61,sp_flux,2,5.78970,1
prefill,eager,4,1024,61,sp_rsflux,5,5.94534,1
prefill,eager,4,1024,61,sp_dispatch,4,5.84602,1
prefill,eager,4,1024,62,tp_ar,3,6.43277,1
prefill,eager,4,1024,62,tp_ar_vllm,4,6.40205,1
prefill,eager,4,1024,62,sp_nccl,5,6.63245,1
prefill,eager,4,1024,62,sp_flux,0,5.79789,1
prefill,eager,4,1024,62,sp_rsflux,1,5.84806,1
prefill,eager,4,1024,62,sp_dispatch,2,5.79686,1
prefill,eager,4,1024,63,tp_ar,3,6.42150,1
prefill,eager,4,1024,63,tp_ar_vllm,1,6.39898,1
prefill,eager,4,1024,63,sp_nccl,4,6.64269,1
prefill,eager,4,1024,63,sp_flux,2,5.81427,1
prefill,eager,4,1024,63,sp_rsflux,5,5.96890,1
prefill,eager,4,1024,63,sp_dispatch,0,5.84704,1
prefill,eager,4,1024,64,tp_ar,1,6.45018,1
prefill,eager,4,1024,64,tp_ar_vllm,3,6.39283,1
prefill,eager,4,1024,64,sp_nccl,4,6.68262,1
prefill,eager,4,1024,64,sp_flux,2,5.71290,1
prefill,eager,4,1024,64,sp_rsflux,5,6.02010,1
prefill,eager,4,1024,64,sp_dispatch,0,5.71494,1
prefill,eager,4,1024,65,tp_ar,0,6.39590,1
prefill,eager,4,1024,65,tp_ar_vllm,4,6.42253,1
prefill,eager,4,1024,65,sp_nccl,1,6.61094,1
prefill,eager,4,1024,65,sp_flux,3,5.73952,1
prefill,eager,4,1024,65,sp_rsflux,2,5.94534,1
prefill,eager,4,1024,65,sp_dispatch,5,5.76614,1
prefill,eager,4,1024,66,tp_ar,3,6.47373,1
prefill,eager,4,1024,66,tp_ar_vllm,1,6.37235,1
prefill,eager,4,1024,66,sp_nccl,2,6.62528,1
prefill,eager,4,1024,66,sp_flux,0,5.78560,1
prefill,eager,4,1024,66,sp_rsflux,5,5.95968,1
prefill,eager,4,1024,66,sp_dispatch,4,5.72518,1
prefill,eager,4,1024,67,tp_ar,4,6.42150,1
prefill,eager,4,1024,67,tp_ar_vllm,3,6.42253,1
prefill,eager,4,1024,67,sp_nccl,2,6.65498,1
prefill,eager,4,1024,67,sp_flux,1,5.79482,1
prefill,eager,4,1024,67,sp_rsflux,0,5.90541,1
prefill,eager,4,1024,67,sp_dispatch,5,5.83987,1
prefill,eager,4,1024,68,tp_ar,4,6.43277,1
prefill,eager,4,1024,68,tp_ar_vllm,5,6.40307,1
prefill,eager,4,1024,68,sp_nccl,0,6.76864,1
prefill,eager,4,1024,68,sp_flux,1,5.80506,1
prefill,eager,4,1024,68,sp_rsflux,3,5.85421,1
prefill,eager,4,1024,68,sp_dispatch,2,5.79789,1
prefill,eager,4,1024,69,tp_ar,5,6.47475,1
prefill,eager,4,1024,69,tp_ar_vllm,2,6.42970,1
prefill,eager,4,1024,69,sp_nccl,4,6.67034,1
prefill,eager,4,1024,69,sp_flux,3,5.68013,1
prefill,eager,4,1024,69,sp_rsflux,0,5.91053,1
prefill,eager,4,1024,69,sp_dispatch,1,5.67194,1
prefill,eager,4,1024,70,tp_ar,5,6.44608,1
prefill,eager,4,1024,70,tp_ar_vllm,3,6.47168,1
prefill,eager,4,1024,70,sp_nccl,2,6.54438,1
prefill,eager,4,1024,70,sp_flux,0,5.83578,1
prefill,eager,4,1024,70,sp_rsflux,4,5.85011,1
prefill,eager,4,1024,70,sp_dispatch,1,5.77024,1
prefill,eager,4,1024,71,tp_ar,2,6.43072,1
prefill,eager,4,1024,71,tp_ar_vllm,0,6.36928,1
prefill,eager,4,1024,71,sp_nccl,1,6.69286,1
prefill,eager,4,1024,71,sp_flux,3,5.74259,1
prefill,eager,4,1024,71,sp_rsflux,5,5.79994,1
prefill,eager,4,1024,71,sp_dispatch,4,5.85011,1
prefill,eager,4,1024,72,tp_ar,2,6.46144,1
prefill,eager,4,1024,72,tp_ar_vllm,0,6.51162,1
prefill,eager,4,1024,72,sp_nccl,1,6.56794,1
prefill,eager,4,1024,72,sp_flux,3,5.70675,1
prefill,eager,4,1024,72,sp_rsflux,5,5.88288,1
prefill,eager,4,1024,72,sp_dispatch,4,5.73338,1
prefill,eager,4,1024,73,tp_ar,5,6.43174,1
prefill,eager,4,1024,73,tp_ar_vllm,4,6.39590,1
prefill,eager,4,1024,73,sp_nccl,2,6.63142,1
prefill,eager,4,1024,73,sp_flux,1,5.79686,1
prefill,eager,4,1024,73,sp_rsflux,3,5.92077,1
prefill,eager,4,1024,73,sp_dispatch,0,5.72621,1
prefill,eager,4,1024,74,tp_ar,1,6.42765,1
prefill,eager,4,1024,74,tp_ar_vllm,0,6.40717,1
prefill,eager,4,1024,74,sp_nccl,3,6.65293,1
prefill,eager,4,1024,74,sp_flux,2,5.75693,1
prefill,eager,4,1024,74,sp_rsflux,4,5.96890,1
prefill,eager,4,1024,74,sp_dispatch,5,5.76102,1
prefill,eager,4,1024,75,tp_ar,5,6.42970,1
prefill,eager,4,1024,75,tp_ar_vllm,1,6.39795,1
prefill,eager,4,1024,75,sp_nccl,0,6.85056,1
prefill,eager,4,1024,75,sp_flux,4,5.72723,1
prefill,eager,4,1024,75,sp_rsflux,2,5.89210,1
prefill,eager,4,1024,75,sp_dispatch,3,5.81632,1
prefill,eager,4,1024,76,tp_ar,0,6.40410,1
prefill,eager,4,1024,76,tp_ar_vllm,3,6.40307,1
prefill,eager,4,1024,76,sp_nccl,2,6.66624,1
prefill,eager,4,1024,76,sp_flux,1,5.81939,1
prefill,eager,4,1024,76,sp_rsflux,4,5.85011,1
prefill,eager,4,1024,76,sp_dispatch,5,5.79686,1
prefill,eager,4,1024,77,tp_ar,1,6.43584,1
prefill,eager,4,1024,77,tp_ar_vllm,3,6.40512,1
prefill,eager,4,1024,77,sp_nccl,5,6.58842,1
prefill,eager,4,1024,77,sp_flux,0,5.81222,1
prefill,eager,4,1024,77,sp_rsflux,4,5.91360,1
prefill,eager,4,1024,77,sp_dispatch,2,5.83168,1
prefill,eager,4,1024,78,tp_ar,4,6.47475,1
prefill,eager,4,1024,78,tp_ar_vllm,5,6.38566,1
prefill,eager,4,1024,78,sp_nccl,3,6.63859,1
prefill,eager,4,1024,78,sp_flux,1,5.71597,1
prefill,eager,4,1024,78,sp_rsflux,0,5.97709,1
prefill,eager,4,1024,78,sp_dispatch,2,5.76614,1
prefill,eager,4,1024,79,tp_ar,1,6.43584,1
prefill,eager,4,1024,79,tp_ar_vllm,2,6.42867,1
prefill,eager,4,1024,79,sp_nccl,5,6.69389,1
prefill,eager,4,1024,79,sp_flux,3,5.82451,1
prefill,eager,4,1024,79,sp_rsflux,4,5.88083,1
prefill,eager,4,1024,79,sp_dispatch,0,5.76717,1
prefill,eager,4,1024,80,tp_ar,4,6.41126,1
prefill,eager,4,1024,80,tp_ar_vllm,1,6.40922,1
prefill,eager,4,1024,80,sp_nccl,2,6.70208,1
prefill,eager,4,1024,80,sp_flux,0,5.81734,1
prefill,eager,4,1024,80,sp_rsflux,3,5.92998,1
prefill,eager,4,1024,80,sp_dispatch,5,5.84294,1
prefill,eager,4,1024,81,tp_ar,5,6.39386,1
prefill,eager,4,1024,81,tp_ar_vllm,4,6.44710,1
prefill,eager,4,1024,81,sp_nccl,3,6.61299,1
prefill,eager,4,1024,81,sp_flux,1,5.75590,1
prefill,eager,4,1024,81,sp_rsflux,0,5.88698,1
prefill,eager,4,1024,81,sp_dispatch,2,5.74566,1
prefill,eager,4,1024,82,tp_ar,3,6.42765,1
prefill,eager,4,1024,82,tp_ar_vllm,1,6.36109,1
prefill,eager,4,1024,82,sp_nccl,2,6.70106,1
prefill,eager,4,1024,82,sp_flux,0,5.89005,1
prefill,eager,4,1024,82,sp_rsflux,5,5.99347,1
prefill,eager,4,1024,82,sp_dispatch,4,5.68422,1
prefill,eager,4,1024,83,tp_ar,4,6.40922,1
prefill,eager,4,1024,83,tp_ar_vllm,1,6.42355,1
prefill,eager,4,1024,83,sp_nccl,2,6.60275,1
prefill,eager,4,1024,83,sp_flux,3,5.81427,1
prefill,eager,4,1024,83,sp_rsflux,5,5.91872,1
prefill,eager,4,1024,83,sp_dispatch,0,5.72109,1
prefill,eager,4,1024,84,tp_ar,0,6.39590,1
prefill,eager,4,1024,84,tp_ar_vllm,3,6.39488,1
prefill,eager,4,1024,84,sp_nccl,2,6.64576,1
prefill,eager,4,1024,84,sp_flux,5,5.85933,1
prefill,eager,4,1024,84,sp_rsflux,4,5.91770,1
prefill,eager,4,1024,84,sp_dispatch,1,5.72928,1
prefill,eager,4,1024,85,tp_ar,1,6.47782,1
prefill,eager,4,1024,85,tp_ar_vllm,5,6.38157,1
prefill,eager,4,1024,85,sp_nccl,0,6.55667,1
prefill,eager,4,1024,85,sp_flux,2,5.80096,1
prefill,eager,4,1024,85,sp_rsflux,4,5.88595,1
prefill,eager,4,1024,85,sp_dispatch,3,5.77638,1
prefill,eager,4,1024,86,tp_ar,1,6.38976,1
prefill,eager,4,1024,86,tp_ar_vllm,0,6.38157,1
prefill,eager,4,1024,86,sp_nccl,2,6.68774,1
prefill,eager,4,1024,86,sp_flux,4,5.71699,1
prefill,eager,4,1024,86,sp_rsflux,5,5.90131,1
prefill,eager,4,1024,86,sp_dispatch,3,5.83680,1
prefill,eager,4,1024,87,tp_ar,3,6.42867,1
prefill,eager,4,1024,87,tp_ar_vllm,5,6.39488,1
prefill,eager,4,1024,87,sp_nccl,0,6.54131,1
prefill,eager,4,1024,87,sp_flux,1,5.82758,1
prefill,eager,4,1024,87,sp_rsflux,4,5.87776,1
prefill,eager,4,1024,87,sp_dispatch,2,5.75181,1
prefill,eager,4,1024,88,tp_ar,5,6.44710,1
prefill,eager,4,1024,88,tp_ar_vllm,2,6.41434,1
prefill,eager,4,1024,88,sp_nccl,4,6.60173,1
prefill,eager,4,1024,88,sp_flux,0,5.79686,1
prefill,eager,4,1024,88,sp_rsflux,3,5.91258,1
prefill,eager,4,1024,88,sp_dispatch,1,5.71802,1
prefill,eager,4,1024,89,tp_ar,3,6.42970,1
prefill,eager,4,1024,89,tp_ar_vllm,4,6.42048,1
prefill,eager,4,1024,89,sp_nccl,1,6.76147,1
prefill,eager,4,1024,89,sp_flux,0,5.76307,1
prefill,eager,4,1024,89,sp_rsflux,2,5.93408,1
prefill,eager,4,1024,89,sp_dispatch,5,5.75386,1
prefill,eager,4,1024,90,tp_ar,0,6.44301,1
prefill,eager,4,1024,90,tp_ar_vllm,1,6.35699,1
prefill,eager,4,1024,90,sp_nccl,3,6.67034,1
prefill,eager,4,1024,90,sp_flux,2,5.79994,1
prefill,eager,4,1024,90,sp_rsflux,4,5.96582,1
prefill,eager,4,1024,90,sp_dispatch,5,5.80710,1
prefill,eager,4,1024,91,tp_ar,2,6.44608,1
prefill,eager,4,1024,91,tp_ar_vllm,0,6.40307,1
prefill,eager,4,1024,91,sp_nccl,1,6.66419,1
prefill,eager,4,1024,91,sp_flux,3,5.81939,1
prefill,eager,4,1024,91,sp_rsflux,4,5.88698,1
prefill,eager,4,1024,91,sp_dispatch,5,5.82554,1
prefill,eager,4,1024,92,tp_ar,0,6.39590,1
prefill,eager,4,1024,92,tp_ar_vllm,4,6.40410,1
prefill,eager,4,1024,92,sp_nccl,2,6.57101,1
prefill,eager,4,1024,92,sp_flux,5,5.82246,1
prefill,eager,4,1024,92,sp_rsflux,3,5.93510,1
prefill,eager,4,1024,92,sp_dispatch,1,5.78355,1
prefill,eager,4,1024,93,tp_ar,5,6.47475,1
prefill,eager,4,1024,93,tp_ar_vllm,1,6.39283,1
prefill,eager,4,1024,93,sp_nccl,4,6.70106,1
prefill,eager,4,1024,93,sp_flux,0,6.36006,1
prefill,eager,4,1024,93,sp_rsflux,2,5.96378,1
prefill,eager,4,1024,93,sp_dispatch,3,5.71904,1
prefill,eager,4,1024,94,tp_ar,0,6.43379,1
prefill,eager,4,1024,94,tp_ar_vllm,2,6.39693,1
prefill,eager,4,1024,94,sp_nccl,1,6.66522,1
prefill,eager,4,1024,94,sp_flux,5,5.77229,1
prefill,eager,4,1024,94,sp_rsflux,3,5.88493,1
prefill,eager,4,1024,94,sp_dispatch,4,5.76307,1
prefill,eager,4,1024,95,tp_ar,1,6.43891,1
prefill,eager,4,1024,95,tp_ar_vllm,0,6.41024,1
prefill,eager,4,1024,95,sp_nccl,2,6.68058,1
prefill,eager,4,1024,95,sp_flux,4,5.73952,1
prefill,eager,4,1024,95,sp_rsflux,3,5.99347,1
prefill,eager,4,1024,95,sp_dispatch,5,5.78458,1
prefill,eager,4,1024,96,tp_ar,1,6.46349,1
prefill,eager,4,1024,96,tp_ar_vllm,0,6.38464,1
prefill,eager,4,1024,96,sp_nccl,2,6.63040,1
prefill,eager,4,1024,96,sp_flux,5,5.73952,1
prefill,eager,4,1024,96,sp_rsflux,4,5.94330,1
prefill,eager,4,1024,96,sp_dispatch,3,5.85421,1
prefill,eager,4,1024,97,tp_ar,3,6.44813,1
prefill,eager,4,1024,97,tp_ar_vllm,5,6.44915,1
prefill,eager,4,1024,97,sp_nccl,4,6.60787,1
prefill,eager,4,1024,97,sp_flux,1,5.72826,1
prefill,eager,4,1024,97,sp_rsflux,0,5.86752,1
prefill,eager,4,1024,97,sp_dispatch,2,5.79379,1
prefill,eager,4,1024,98,tp_ar,0,6.43174,1
prefill,eager,4,1024,98,tp_ar_vllm,5,6.42560,1
prefill,eager,4,1024,98,sp_nccl,2,6.63347,1
prefill,eager,4,1024,98,sp_flux,3,5.82349,1
prefill,eager,4,1024,98,sp_rsflux,1,5.95763,1
prefill,eager,4,1024,98,sp_dispatch,4,5.74976,1
prefill,eager,4,1024,99,tp_ar,0,6.54746,1
prefill,eager,4,1024,99,tp_ar_vllm,4,6.42662,1
prefill,eager,4,1024,99,sp_nccl,1,6.63245,1
prefill,eager,4,1024,99,sp_flux,2,5.85114,1
prefill,eager,4,1024,99,sp_rsflux,5,5.88186,1
prefill,eager,4,1024,99,sp_dispatch,3,5.70163,1
prefill,eager,4,1024,100,tp_ar,1,6.46554,1
prefill,eager,4,1024,100,tp_ar_vllm,5,6.42560,1
prefill,eager,4,1024,100,sp_nccl,0,6.59866,1
prefill,eager,4,1024,100,sp_flux,4,5.69446,1
prefill,eager,4,1024,100,sp_rsflux,3,5.95968,1
prefill,eager,4,1024,100,sp_dispatch,2,5.73133,1
prefill,eager,4,1024,101,tp_ar,2,6.42560,1
prefill,eager,4,1024,101,tp_ar_vllm,1,6.40307,1
prefill,eager,4,1024,101,sp_nccl,3,6.67648,1
prefill,eager,4,1024,101,sp_flux,4,5.85114,1
prefill,eager,4,1024,101,sp_rsflux,5,5.79994,1
prefill,eager,4,1024,101,sp_dispatch,0,5.74054,1
prefill,eager,4,1024,102,tp_ar,5,6.46861,1
prefill,eager,4,1024,102,tp_ar_vllm,3,6.44710,1
prefill,eager,4,1024,102,sp_nccl,2,6.63757,1
prefill,eager,4,1024,102,sp_flux,0,5.82042,1
prefill,eager,4,1024,102,sp_rsflux,1,5.78355,1
prefill,eager,4,1024,102,sp_dispatch,4,5.67808,1
prefill,eager,4,1024,103,tp_ar,5,6.41229,1
prefill,eager,4,1024,103,tp_ar_vllm,1,6.45325,1
prefill,eager,4,1024,103,sp_nccl,3,6.61914,1
prefill,eager,4,1024,103,sp_flux,2,5.72416,1
prefill,eager,4,1024,103,sp_rsflux,0,5.79482,1
prefill,eager,4,1024,103,sp_dispatch,4,5.87571,1
prefill,eager,4,1024,104,tp_ar,0,6.47373,1
prefill,eager,4,1024,104,tp_ar_vllm,3,6.38464,1
prefill,eager,4,1024,104,sp_nccl,4,6.61094,1
prefill,eager,4,1024,104,sp_flux,2,5.77331,1
prefill,eager,4,1024,104,sp_rsflux,5,6.00678,1
prefill,eager,4,1024,104,sp_dispatch,1,5.71187,1
prefill,eager,4,1024,105,tp_ar,3,6.44608,1
prefill,eager,4,1024,105,tp_ar_vllm,1,6.41024,1
prefill,eager,4,1024,105,sp_nccl,4,6.63347,1
prefill,eager,4,1024,105,sp_flux,0,5.78355,1
prefill,eager,4,1024,105,sp_rsflux,2,5.85216,1
prefill,eager,4,1024,105,sp_dispatch,5,5.78048,1
prefill,eager,4,1024,106,tp_ar,2,6.41126,1
prefill,eager,4,1024,106,tp_ar_vllm,5,6.43482,1
prefill,eager,4,1024,106,sp_nccl,4,6.63654,1
prefill,eager,4,1024,106,sp_flux,1,5.75386,1
prefill,eager,4,1024,106,sp_rsflux,3,5.92589,1
prefill,eager,4,1024,106,sp_dispatch,0,5.80506,1
prefill,eager,4,1024,107,tp_ar,0,6.42970,1
prefill,eager,4,1024,107,tp_ar_vllm,5,6.40000,1
prefill,eager,4,1024,107,sp_nccl,1,6.71642,1
prefill,eager,4,1024,107,sp_flux,4,5.81222,1
prefill,eager,4,1024,107,sp_rsflux,3,5.87059,1
prefill,eager,4,1024,107,sp_dispatch,2,5.86650,1
prefill,eager,4,1024,108,tp_ar,5,6.46758,1
prefill,eager,4,1024,108,tp_ar_vllm,1,6.42765,1
prefill,eager,4,1024,108,sp_nccl,0,6.73997,1
prefill,eager,4,1024,108,sp_flux,3,5.81427,1
prefill,eager,4,1024,108,sp_rsflux,4,5.86445,1
prefill,eager,4,1024,108,sp_dispatch,2,5.75181,1
prefill,eager,4,1024,109,tp_ar,5,6.45427,1
prefill,eager,4,1024,109,tp_ar_vllm,3,6.43174,1
prefill,eager,4,1024,109,sp_nccl,0,6.63757,1
prefill,eager,4,1024,109,sp_flux,1,5.82144,1
prefill,eager,4,1024,109,sp_rsflux,2,5.84909,1
prefill,eager,4,1024,109,sp_dispatch,4,5.76922,1
prefill,eager,4,1024,110,tp_ar,2,6.44198,1
prefill,eager,4,1024,110,tp_ar_vllm,0,6.41024,1
prefill,eager,4,1024,110,sp_nccl,5,6.58022,1
prefill,eager,4,1024,110,sp_flux,1,5.74566,1
prefill,eager,4,1024,110,sp_rsflux,3,5.90746,1
prefill,eager,4,1024,110,sp_dispatch,4,5.79584,1
prefill,eager,4,1024,111,tp_ar,1,6.44198,1
prefill,eager,4,1024,111,tp_ar_vllm,4,6.39590,1
prefill,eager,4,1024,111,sp_nccl,0,6.76762,1
prefill,eager,4,1024,111,sp_flux,5,5.86240,1
prefill,eager,4,1024,111,sp_rsflux,2,5.91258,1
prefill,eager,4,1024,111,sp_dispatch,3,5.82144,1
prefill,eager,4,1024,112,tp_ar,1,6.44198,1
prefill,eager,4,1024,112,tp_ar_vllm,4,6.41638,1
prefill,eager,4,1024,112,sp_nccl,3,6.60070,1
prefill,eager,4,1024,112,sp_flux,2,5.81734,1
prefill,eager,4,1024,112,sp_rsflux,0,5.93818,1
prefill,eager,4,1024,112,sp_dispatch,5,5.71494,1
prefill,eager,4,1024,113,tp_ar,3,6.43277,1
prefill,eager,4,1024,113,tp_ar_vllm,1,6.39078,1
prefill,eager,4,1024,113,sp_nccl,5,6.69594,1
prefill,eager,4,1024,113,sp_flux,4,5.78765,1
prefill,eager,4,1024,113,sp_rsflux,2,5.93306,1
prefill,eager,4,1024,113,sp_dispatch,0,5.83475,1
prefill,eager,4,1024,114,tp_ar,2,6.42662,1
prefill,eager,4,1024,114,tp_ar_vllm,1,6.38566,1
prefill,eager,4,1024,114,sp_nccl,3,6.60890,1
prefill,eager,4,1024,114,sp_flux,5,5.77536,1
prefill,eager,4,1024,114,sp_rsflux,4,5.92589,1
prefill,eager,4,1024,114,sp_dispatch,0,6.19725,1
prefill,eager,4,1024,115,tp_ar,2,6.42662,1
prefill,eager,4,1024,115,tp_ar_vllm,3,6.41229,1
prefill,eager,4,1024,115,sp_nccl,5,6.66317,1
prefill,eager,4,1024,115,sp_flux,4,5.72006,1
prefill,eager,4,1024,115,sp_rsflux,1,5.91258,1
prefill,eager,4,1024,115,sp_dispatch,0,5.73645,1
prefill,eager,4,1024,116,tp_ar,3,6.45325,1
prefill,eager,4,1024,116,tp_ar_vllm,0,6.40307,1
prefill,eager,4,1024,116,sp_nccl,2,6.64781,1
prefill,eager,4,1024,116,sp_flux,1,5.76307,1
prefill,eager,4,1024,116,sp_rsflux,4,5.89619,1
prefill,eager,4,1024,116,sp_dispatch,5,5.86445,1
prefill,eager,4,1024,117,tp_ar,4,6.46554,1
prefill,eager,4,1024,117,tp_ar_vllm,1,6.42765,1
prefill,eager,4,1024,117,sp_nccl,5,6.65498,1
prefill,eager,4,1024,117,sp_flux,2,5.81427,1
prefill,eager,4,1024,117,sp_rsflux,3,5.91974,1
prefill,eager,4,1024,117,sp_dispatch,0,5.76102,1
prefill,eager,4,1024,118,tp_ar,2,6.46963,1
prefill,eager,4,1024,118,tp_ar_vllm,5,6.39078,1
prefill,eager,4,1024,118,sp_nccl,3,6.60173,1
prefill,eager,4,1024,118,sp_flux,4,5.85830,1
prefill,eager,4,1024,118,sp_rsflux,1,5.87059,1
prefill,eager,4,1024,118,sp_dispatch,0,5.91565,1
prefill,eager,4,1024,119,tp_ar,5,6.44506,1
prefill,eager,4,1024,119,tp_ar_vllm,0,6.42970,1
prefill,eager,4,1024,119,sp_nccl,1,6.60173,1
prefill,eager,4,1024,119,sp_flux,3,5.77229,1
prefill,eager,4,1024,119,sp_rsflux,4,5.85011,1
prefill,eager,4,1024,119,sp_dispatch,2,5.83680,1
prefill,eager,4,1024,120,tp_ar,0,6.41741,1
prefill,eager,4,1024,120,tp_ar_vllm,5,6.40717,1
prefill,eager,4,1024,120,sp_nccl,1,6.66931,1
prefill,eager,4,1024,120,sp_flux,4,5.81734,1
prefill,eager,4,1024,120,sp_rsflux,2,5.93920,1
prefill,eager,4,1024,120,sp_dispatch,3,5.79072,1
prefill,eager,4,1024,121,tp_ar,3,6.43072,1
prefill,eager,4,1024,121,tp_ar_vllm,0,6.41126,1
prefill,eager,4,1024,121,sp_nccl,1,6.63040,1
prefill,eager,4,1024,121,sp_flux,5,5.76819,1
prefill,eager,4,1024,121,sp_rsflux,2,5.94637,1
prefill,eager,4,1024,121,sp_dispatch,4,5.75693,1
prefill,eager,4,1024,122,tp_ar,3,6.42355,1
prefill,eager,4,1024,122,tp_ar_vllm,0,6.41946,1
prefill,eager,4,1024,122,sp_nccl,2,6.61094,1
prefill,eager,4,1024,122,sp_flux,1,5.81325,1
prefill,eager,4,1024,122,sp_rsflux,4,5.84090,1
prefill,eager,4,1024,122,sp_dispatch,5,5.79789,1
prefill,eager,4,1024,123,tp_ar,3,6.42765,1
prefill,eager,4,1024,123,tp_ar_vllm,2,6.38464,1
prefill,eager,4,1024,123,sp_nccl,0,6.58534,1
prefill,eager,4,1024,123,sp_flux,1,5.83168,1
prefill,eager,4,1024,123,sp_rsflux,5,5.87571,1
prefill,eager,4,1024,123,sp_dispatch,4,5.80198,1
prefill,eager,4,1024,124,tp_ar,0,6.41741,1
prefill,eager,4,1024,124,tp_ar_vllm,1,6.36109,1
prefill,eager,4,1024,124,sp_nccl,2,6.69389,1
prefill,eager,4,1024,124,sp_flux,3,5.81018,1
prefill,eager,4,1024,124,sp_rsflux,4,5.90131,1
prefill,eager,4,1024,124,sp_dispatch,5,5.79379,1
prefill,eager,4,1024,125,tp_ar,2,6.41331,1
prefill,eager,4,1024,125,tp_ar_vllm,0,6.42458,1
prefill,eager,4,1024,125,sp_nccl,3,6.70310,1
prefill,eager,4,1024,125,sp_flux,5,5.72928,1
prefill,eager,4,1024,125,sp_rsflux,4,5.96480,1
prefill,eager,4,1024,125,sp_dispatch,1,5.73542,1
prefill,eager,4,1024,126,tp_ar,0,6.42150,1
prefill,eager,4,1024,126,tp_ar_vllm,5,6.42048,1
prefill,eager,4,1024,126,sp_nccl,3,6.66214,1
prefill,eager,4,1024,126,sp_flux,1,5.75283,1
prefill,eager,4,1024,126,sp_rsflux,2,5.86342,1
prefill,eager,4,1024,126,sp_dispatch,4,5.81837,1
prefill,eager,4,1024,127,tp_ar,4,6.47885,1
prefill,eager,4,1024,127,tp_ar_vllm,1,6.42458,1
prefill,eager,4,1024,127,sp_nccl,3,6.66829,1
prefill,eager,4,1024,127,sp_flux,0,5.83168,1
prefill,eager,4,1024,127,sp_rsflux,2,5.87469,1
prefill,eager,4,1024,127,sp_dispatch,5,5.68525,1
prefill,eager,4,1024,128,tp_ar,2,6.48499,1
prefill,eager,4,1024,128,tp_ar_vllm,3,6.38976,1
prefill,eager,4,1024,128,sp_nccl,1,6.61504,1
prefill,eager,4,1024,128,sp_flux,5,5.78150,1
prefill,eager,4,1024,128,sp_rsflux,0,5.89005,1
prefill,eager,4,1024,128,sp_dispatch,4,5.79174,1
prefill,eager,4,1024,129,tp_ar,0,6.41536,1
prefill,eager,4,1024,129,tp_ar_vllm,2,6.37440,1
prefill,eager,4,1024,129,sp_nccl,5,6.60173,1
prefill,eager,4,1024,129,sp_flux,3,5.75078,1
prefill,eager,4,1024,129,sp_rsflux,1,5.93613,1
prefill,eager,4,1024,129,sp_dispatch,4,5.73850,1
prefill,eager,4,1024,130,tp_ar,5,6.42048,1
prefill,eager,4,1024,130,tp_ar_vllm,1,6.42970,1
prefill,eager,4,1024,130,sp_nccl,0,6.67955,1
prefill,eager,4,1024,130,sp_flux,4,5.80813,1
prefill,eager,4,1024,130,sp_rsflux,2,5.92384,1
prefill,eager,4,1024,130,sp_dispatch,3,5.80403,1
prefill,eager,4,1024,131,tp_ar,4,6.44096,1
prefill,eager,4,1024,131,tp_ar_vllm,3,6.41741,1
prefill,eager,4,1024,131,sp_nccl,2,6.61606,1
prefill,eager,4,1024,131,sp_flux,1,5.77331,1
prefill,eager,4,1024,131,sp_rsflux,0,5.88390,1
prefill,eager,4,1024,131,sp_dispatch,5,5.84090,1
prefill,eager,4,1024,132,tp_ar,1,6.41843,1
prefill,eager,4,1024,132,tp_ar_vllm,0,6.39693,1
prefill,eager,4,1024,132,sp_nccl,2,6.60070,1
prefill,eager,4,1024,132,sp_flux,3,5.87776,1
prefill,eager,4,1024,132,sp_rsflux,4,5.87571,1
prefill,eager,4,1024,132,sp_dispatch,5,5.77126,1
prefill,eager,4,1024,133,tp_ar,1,6.41331,1
prefill,eager,4,1024,133,tp_ar_vllm,0,6.39693,1
prefill,eager,4,1024,133,sp_nccl,5,6.60378,1
prefill,eager,4,1024,133,sp_flux,4,5.84704,1
prefill,eager,4,1024,133,sp_rsflux,3,5.87674,1
prefill,eager,4,1024,133,sp_dispatch,2,5.89107,1
prefill,eager,4,1024,134,tp_ar,0,6.82906,1
prefill,eager,4,1024,134,tp_ar_vllm,3,6.40819,1
prefill,eager,4,1024,134,sp_nccl,1,6.55360,1
prefill,eager,4,1024,134,sp_flux,4,5.87469,1
prefill,eager,4,1024,134,sp_rsflux,5,5.91053,1
prefill,eager,4,1024,134,sp_dispatch,2,5.84192,1
prefill,eager,4,1024,135,tp_ar,4,6.43174,1
prefill,eager,4,1024,135,tp_ar_vllm,2,6.40614,1
prefill,eager,4,1024,135,sp_nccl,1,6.67136,1
prefill,eager,4,1024,135,sp_flux,5,5.81632,1
prefill,eager,4,1024,135,sp_rsflux,3,5.94739,1
prefill,eager,4,1024,135,sp_dispatch,0,5.75078,1
prefill,eager,4,1024,136,tp_ar,1,6.46656,1
prefill,eager,4,1024,136,tp_ar_vllm,4,6.39078,1
prefill,eager,4,1024,136,sp_nccl,0,6.62733,1
prefill,eager,4,1024,136,sp_flux,5,5.85114,1
prefill,eager,4,1024,136,sp_rsflux,2,5.85626,1
prefill,eager,4,1024,136,sp_dispatch,3,5.86035,1
prefill,eager,4,1024,137,tp_ar,4,6.41331,1
prefill,eager,4,1024,137,tp_ar_vllm,1,6.42970,1
prefill,eager,4,1024,137,sp_nccl,0,6.66522,1
prefill,eager,4,1024,137,sp_flux,5,5.80608,1
prefill,eager,4,1024,137,sp_rsflux,2,5.86138,1
prefill,eager,4,1024,137,sp_dispatch,3,5.78458,1
prefill,eager,4,1024,138,tp_ar,4,6.46758,1
prefill,eager,4,1024,138,tp_ar_vllm,0,6.42458,1
prefill,eager,4,1024,138,sp_nccl,5,6.61094,1
prefill,eager,4,1024,138,sp_flux,1,5.74157,1
prefill,eager,4,1024,138,sp_rsflux,2,5.88800,1
prefill,eager,4,1024,138,sp_dispatch,3,5.70573,1
prefill,eager,4,1024,139,tp_ar,4,6.45632,1
prefill,eager,4,1024,139,tp_ar_vllm,3,6.41434,1
prefill,eager,4,1024,139,sp_nccl,1,6.53517,1
prefill,eager,4,1024,139,sp_flux,0,5.81222,1
prefill,eager,4,1024,139,sp_rsflux,2,5.96275,1
prefill,eager,4,1024,139,sp_dispatch,5,5.76307,1
prefill,eager,4,1024,140,tp_ar,5,6.48499,1
prefill,eager,4,1024,140,tp_ar_vllm,1,6.45222,1
prefill,eager,4,1024,140,sp_nccl,4,6.56691,1
prefill,eager,4,1024,140,sp_flux,2,5.73952,1
prefill,eager,4,1024,140,sp_rsflux,0,5.84294,1
prefill,eager,4,1024,140,sp_dispatch,3,5.81939,1
prefill,eager,4,1024,141,tp_ar,2,6.44198,1
prefill,eager,4,1024,141,tp_ar_vllm,3,6.38464,1
prefill,eager,4,1024,141,sp_nccl,1,6.67853,1
prefill,eager,4,1024,141,sp_flux,5,5.70573,1
prefill,eager,4,1024,141,sp_rsflux,4,5.94125,1
prefill,eager,4,1024,141,sp_dispatch,0,5.77946,1
prefill,eager,4,1024,142,tp_ar,2,6.42048,1
prefill,eager,4,1024,142,tp_ar_vllm,4,6.34982,1
prefill,eager,4,1024,142,sp_nccl,0,6.67853,1
prefill,eager,4,1024,142,sp_flux,3,5.83680,1
prefill,eager,4,1024,142,sp_rsflux,1,5.92896,1
prefill,eager,4,1024,142,sp_dispatch,5,5.78355,1
prefill,eager,4,1024,143,tp_ar,0,7.06253,1
prefill,eager,4,1024,143,tp_ar_vllm,1,6.43994,1
prefill,eager,4,1024,143,sp_nccl,4,6.65907,1
prefill,eager,4,1024,143,sp_flux,2,5.74771,1
prefill,eager,4,1024,143,sp_rsflux,5,5.95251,1
prefill,eager,4,1024,143,sp_dispatch,3,5.86650,1
prefill,eager,4,1024,144,tp_ar,0,6.41843,1
prefill,eager,4,1024,144,tp_ar_vllm,1,6.41229,1
prefill,eager,4,1024,144,sp_nccl,4,6.66214,1
prefill,eager,4,1024,144,sp_flux,2,5.78970,1
prefill,eager,4,1024,144,sp_rsflux,5,5.96378,1
prefill,eager,4,1024,144,sp_dispatch,3,5.76614,1
prefill,eager,4,1024,145,tp_ar,1,6.41843,1
prefill,eager,4,1024,145,tp_ar_vllm,2,6.38464,1
prefill,eager,4,1024,145,sp_nccl,3,6.67136,1
prefill,eager,4,1024,145,sp_flux,0,5.74464,1
prefill,eager,4,1024,145,sp_rsflux,4,5.95968,1
prefill,eager,4,1024,145,sp_dispatch,5,5.71494,1
prefill,eager,4,1024,146,tp_ar,3,6.43379,1
prefill,eager,4,1024,146,tp_ar_vllm,1,6.37952,1
prefill,eager,4,1024,146,sp_nccl,4,6.62528,1
prefill,eager,4,1024,146,sp_flux,0,5.79584,1
prefill,eager,4,1024,146,sp_rsflux,2,5.89414,1
prefill,eager,4,1024,146,sp_dispatch,5,5.85216,1
prefill,eager,4,1024,147,tp_ar,3,6.47680,1
prefill,eager,4,1024,147,tp_ar_vllm,1,6.46042,1
prefill,eager,4,1024,147,sp_nccl,2,6.61709,1
prefill,eager,4,1024,147,sp_flux,0,5.71597,1
prefill,eager,4,1024,147,sp_rsflux,5,5.92998,1
prefill,eager,4,1024,147,sp_dispatch,4,5.75693,1
prefill,eager,4,1024,148,tp_ar,5,6.38054,1
prefill,eager,4,1024,148,tp_ar_vllm,2,6.43174,1
prefill,eager,4,1024,148,sp_nccl,3,6.55462,1
prefill,eager,4,1024,148,sp_flux,0,5.86650,1
prefill,eager,4,1024,148,sp_rsflux,1,5.85421,1
prefill,eager,4,1024,148,sp_dispatch,4,5.84090,1
prefill,eager,4,1024,149,tp_ar,3,6.44813,1
prefill,eager,4,1024,149,tp_ar_vllm,2,6.38157,1
prefill,eager,4,1024,149,sp_nccl,4,6.63654,1
prefill,eager,4,1024,149,sp_flux,5,5.93510,1
prefill,eager,4,1024,149,sp_rsflux,1,5.91360,1
prefill,eager,4,1024,149,sp_dispatch,0,5.76512,1
prefill,eager,4,1024,150,tp_ar,5,6.40512,1
prefill,eager,4,1024,150,tp_ar_vllm,1,6.44198,1
prefill,eager,4,1024,150,sp_nccl,0,6.56077,1
prefill,eager,4,1024,150,sp_flux,2,5.76000,1
prefill,eager,4,1024,150,sp_rsflux,3,5.94125,1
prefill,eager,4,1024,150,sp_dispatch,4,5.76922,1
prefill,eager,4,1024,151,tp_ar,2,6.44506,1
prefill,eager,4,1024,151,tp_ar_vllm,4,6.48602,1
prefill,eager,4,1024,151,sp_nccl,3,6.67034,1
prefill,eager,4,1024,151,sp_flux,0,5.84602,1
prefill,eager,4,1024,151,sp_rsflux,5,5.88186,1
prefill,eager,4,1024,151,sp_dispatch,1,5.68320,1
prefill,eager,4,1024,152,tp_ar,1,6.47066,1
prefill,eager,4,1024,152,tp_ar_vllm,3,6.43482,1
prefill,eager,4,1024,152,sp_nccl,0,6.63347,1
prefill,eager,4,1024,152,sp_flux,4,5.77331,1
prefill,eager,4,1024,152,sp_rsflux,5,5.98733,1
prefill,eager,4,1024,152,sp_dispatch,2,5.72518,1
prefill,eager,4,1024,153,tp_ar,4,6.42867,1
prefill,eager,4,1024,153,tp_ar_vllm,2,6.42970,1
prefill,eager,4,1024,153,sp_nccl,0,6.60070,1
prefill,eager,4,1024,153,sp_flux,1,5.81837,1
prefill,eager,4,1024,153,sp_rsflux,3,5.88698,1
prefill,eager,4,1024,153,sp_dispatch,5,5.76000,1
prefill,eager,4,1024,154,tp_ar,3,6.44710,1
prefill,eager,4,1024,154,tp_ar_vllm,4,6.39795,1
prefill,eager,4,1024,154,sp_nccl,0,6.71437,1
prefill,eager,4,1024,154,sp_flux,2,5.80915,1
prefill,eager,4,1024,154,sp_rsflux,1,5.92998,1
prefill,eager,4,1024,154,sp_dispatch,5,5.83168,1
prefill,eager,4,1024,155,tp_ar,2,6.47168,1
prefill,eager,4,1024,155,tp_ar_vllm,4,6.42867,1
prefill,eager,4,1024,155,sp_nccl,5,6.58534,1
prefill,eager,4,1024,155,sp_flux,0,5.84909,1
prefill,eager,4,1024,155,sp_rsflux,1,5.84704,1
prefill,eager,4,1024,155,sp_dispatch,3,5.73850,1
prefill,eager,4,1024,156,tp_ar,1,6.40205,1
prefill,eager,4,1024,156,tp_ar_vllm,2,6.40614,1
prefill,eager,4,1024,156,sp_nccl,4,6.57818,1
prefill,eager,4,1024,156,sp_flux,5,5.86547,1
prefill,eager,4,1024,156,sp_rsflux,3,5.90848,1
prefill,eager,4,1024,156,sp_dispatch,0,5.77434,1
prefill,eager,4,1024,157,tp_ar,5,6.39488,1
prefill,eager,4,1024,157,tp_ar_vllm,4,6.42662,1
prefill,eager,4,1024,157,sp_nccl,1,6.62733,1
prefill,eager,4,1024,157,sp_flux,0,5.74976,1
prefill,eager,4,1024,157,sp_rsflux,2,5.97197,1
prefill,eager,4,1024,157,sp_dispatch,3,5.69549,1
prefill,eager,4,1024,158,tp_ar,4,6.41126,1
prefill,eager,4,1024,158,tp_ar_vllm,3,6.41946,1
prefill,eager,4,1024,158,sp_nccl,2,6.62630,1
prefill,eager,4,1024,158,sp_flux,5,5.88698,1
prefill,eager,4,1024,158,sp_rsflux,1,5.86854,1
prefill,eager,4,1024,158,sp_dispatch,0,5.73440,1
prefill,eager,4,1024,159,tp_ar,3,6.42458,1
prefill,eager,4,1024,159,tp_ar_vllm,0,6.37133,1
prefill,eager,4,1024,159,sp_nccl,4,6.64166,1
prefill,eager,4,1024,159,sp_flux,5,5.80813,1
prefill,eager,4,1024,159,sp_rsflux,2,5.86035,1
prefill,eager,4,1024,159,sp_dispatch,1,5.81530,1
prefill,eager,4,1024,160,tp_ar,0,6.40410,1
prefill,eager,4,1024,160,tp_ar_vllm,1,6.42048,1
prefill,eager,4,1024,160,sp_nccl,5,6.58534,1
prefill,eager,4,1024,160,sp_flux,4,5.77331,1
prefill,eager,4,1024,160,sp_rsflux,2,5.91770,1
prefill,eager,4,1024,160,sp_dispatch,3,5.74976,1
prefill,eager,4,1024,161,tp_ar,3,6.40102,1
prefill,eager,4,1024,161,tp_ar_vllm,0,6.43994,1
prefill,eager,4,1024,161,sp_nccl,4,6.58842,1
prefill,eager,4,1024,161,sp_flux,1,5.70061,1
prefill,eager,4,1024,161,sp_rsflux,5,6.00064,1
prefill,eager,4,1024,161,sp_dispatch,2,5.83373,1
prefill,eager,4,1024,162,tp_ar,3,6.42970,1
prefill,eager,4,1024,162,tp_ar_vllm,0,6.35904,1
prefill,eager,4,1024,162,sp_nccl,1,6.77478,1
prefill,eager,4,1024,162,sp_flux,5,5.75693,1
prefill,eager,4,1024,162,sp_rsflux,2,5.92998,1
prefill,eager,4,1024,162,sp_dispatch,4,5.76922,1
prefill,eager,4,1024,163,tp_ar,3,6.42970,1
prefill,eager,4,1024,163,tp_ar_vllm,2,6.41126,1
prefill,eager,4,1024,163,sp_nccl,1,6.57920,1
prefill,eager,4,1024,163,sp_flux,5,5.81939,1
prefill,eager,4,1024,163,sp_rsflux,4,6.00576,1
prefill,eager,4,1024,163,sp_dispatch,0,5.78662,1
prefill,eager,4,1024,164,tp_ar,2,6.41741,1
prefill,eager,4,1024,164,tp_ar_vllm,3,6.41434,1
prefill,eager,4,1024,164,sp_nccl,4,6.60378,1
prefill,eager,4,1024,164,sp_flux,0,5.74054,1
prefill,eager,4,1024,164,sp_rsflux,1,5.85626,1
prefill,eager,4,1024,164,sp_dispatch,5,5.83782,1
prefill,eager,4,1024,165,tp_ar,0,6.41024,1
prefill,eager,4,1024,165,tp_ar_vllm,2,6.41229,1
prefill,eager,4,1024,165,sp_nccl,3,6.69082,1
prefill,eager,4,1024,165,sp_flux,1,5.78355,1
prefill,eager,4,1024,165,sp_rsflux,5,5.85626,1
prefill,eager,4,1024,165,sp_dispatch,4,5.82554,1
prefill,eager,4,1024,166,tp_ar,2,6.46246,1
prefill,eager,4,1024,166,tp_ar_vllm,3,6.40307,1
prefill,eager,4,1024,166,sp_nccl,5,6.65702,1
prefill,eager,4,1024,166,sp_flux,0,5.93613,1
prefill,eager,4,1024,166,sp_rsflux,4,5.88288,1
prefill,eager,4,1024,166,sp_dispatch,1,5.70266,1
prefill,eager,4,1024,167,tp_ar,1,6.43072,1
prefill,eager,4,1024,167,tp_ar_vllm,5,6.39590,1
prefill,eager,4,1024,167,sp_nccl,3,6.68570,1
prefill,eager,4,1024,167,sp_flux,4,5.85523,1
prefill,eager,4,1024,167,sp_rsflux,0,5.85523,1
prefill,eager,4,1024,167,sp_dispatch,2,5.76614,1
prefill,eager,4,1024,168,tp_ar,0,6.43482,1
prefill,eager,4,1024,168,tp_ar_vllm,2,6.41434,1
prefill,eager,4,1024,168,sp_nccl,3,6.60992,1
prefill,eager,4,1024,168,sp_flux,4,5.82042,1
prefill,eager,4,1024,168,sp_rsflux,1,5.88800,1
prefill,eager,4,1024,168,sp_dispatch,5,5.81734,1
prefill,eager,4,1024,169,tp_ar,0,6.41229,1
prefill,eager,4,1024,169,tp_ar_vllm,1,6.39590,1
prefill,eager,4,1024,169,sp_nccl,5,6.66419,1
prefill,eager,4,1024,169,sp_flux,2,5.78765,1
prefill,eager,4,1024,169,sp_rsflux,3,5.92179,1
prefill,eager,4,1024,169,sp_dispatch,4,5.72723,1
prefill,eager,4,1024,170,tp_ar,4,6.43072,1
prefill,eager,4,1024,170,tp_ar_vllm,5,6.41638,1
prefill,eager,4,1024,170,sp_nccl,0,6.65395,1
prefill,eager,4,1024,170,sp_flux,3,5.78970,1
prefill,eager,4,1024,170,sp_rsflux,1,5.92691,1
prefill,eager,4,1024,170,sp_dispatch,2,5.79174,1
prefill,eager,4,1024,171,tp_ar,5,6.43686,1
prefill,eager,4,1024,171,tp_ar_vllm,1,6.40410,1
prefill,eager,4,1024,171,sp_nccl,2,6.62630,1
prefill,eager,4,1024,171,sp_flux,3,5.83066,1
prefill,eager,4,1024,171,sp_rsflux,0,5.98835,1
prefill,eager,4,1024,171,sp_dispatch,4,5.77741,1
prefill,eager,4,1024,172,tp_ar,1,6.43174,1
prefill,eager,4,1024,172,tp_ar_vllm,2,6.42458,1
prefill,eager,4,1024,172,sp_nccl,3,6.67750,1
prefill,eager,4,1024,172,sp_flux,0,5.81530,1
prefill,eager,4,1024,172,sp_rsflux,5,5.84294,1
prefill,eager,4,1024,172,sp_dispatch,4,5.89107,1
prefill,eager,4,1024,173,tp_ar,0,6.45222,1
prefill,eager,4,1024,173,tp_ar_vllm,3,6.42970,1
prefill,eager,4,1024,173,sp_nccl,2,6.61709,1
prefill,eager,4,1024,173,sp_flux,4,5.76000,1
prefill,eager,4,1024,173,sp_rsflux,1,5.85318,1
prefill,eager,4,1024,173,sp_dispatch,5,5.80813,1
prefill,eager,4,1024,174,tp_ar,2,6.44813,1
prefill,eager,4,1024,174,tp_ar_vllm,1,6.41741,1
prefill,eager,4,1024,174,sp_nccl,3,6.69184,1
prefill,eager,4,1024,174,sp_flux,0,5.73235,1
prefill,eager,4,1024,174,sp_rsflux,4,6.03238,1
prefill,eager,4,1024,174,sp_dispatch,5,5.68730,1
prefill,eager,4,1024,175,tp_ar,0,6.45325,1
prefill,eager,4,1024,175,tp_ar_vllm,2,6.44198,1
prefill,eager,4,1024,175,sp_nccl,4,6.62016,1
prefill,eager,4,1024,175,sp_flux,1,5.78150,1
prefill,eager,4,1024,175,sp_rsflux,5,6.05184,1
prefill,eager,4,1024,175,sp_dispatch,3,5.82656,1
prefill,eager,4,1024,176,tp_ar,0,6.40000,1
prefill,eager,4,1024,176,tp_ar_vllm,3,6.45939,1
prefill,eager,4,1024,176,sp_nccl,2,6.56486,1
prefill,eager,4,1024,176,sp_flux,4,5.73850,1
prefill,eager,4,1024,176,sp_rsflux,5,5.93203,1
prefill,eager,4,1024,176,sp_dispatch,1,6.00576,1
prefill,eager,4,1024,177,tp_ar,1,6.40410,1
prefill,eager,4,1024,177,tp_ar_vllm,0,6.41126,1
prefill,eager,4,1024,177,sp_nccl,5,6.58432,1
prefill,eager,4,1024,177,sp_flux,2,5.88902,1
prefill,eager,4,1024,177,sp_rsflux,4,5.96582,1
prefill,eager,4,1024,177,sp_dispatch,3,5.70163,1
prefill,eager,4,1024,178,tp_ar,3,6.43789,1
prefill,eager,4,1024,178,tp_ar_vllm,1,6.35494,1
prefill,eager,4,1024,178,sp_nccl,4,6.61709,1
prefill,eager,4,1024,178,sp_flux,0,5.88493,1
prefill,eager,4,1024,178,sp_rsflux,2,5.87571,1
prefill,eager,4,1024,178,sp_dispatch,5,5.88595,1
prefill,eager,4,1024,179,tp_ar,5,6.46144,1
prefill,eager,4,1024,179,tp_ar_vllm,1,6.45427,1
prefill,eager,4,1024,179,sp_nccl,4,6.58739,1
prefill,eager,4,1024,179,sp_flux,2,5.70061,1
prefill,eager,4,1024,179,sp_rsflux,3,5.92794,1
prefill,eager,4,1024,179,sp_dispatch,0,5.72109,1
prefill,eager,4,1024,180,tp_ar,4,6.46451,1
prefill,eager,4,1024,180,tp_ar_vllm,5,6.36826,1
prefill,eager,4,1024,180,sp_nccl,1,6.58739,1
prefill,eager,4,1024,180,sp_flux,0,5.80096,1
prefill,eager,4,1024,180,sp_rsflux,3,5.81734,1
prefill,eager,4,1024,180,sp_dispatch,2,5.89005,1
prefill,eager,4,1024,181,tp_ar,1,6.41126,1
prefill,eager,4,1024,181,tp_ar_vllm,4,6.42150,1
prefill,eager,4,1024,181,sp_nccl,5,6.66931,1
prefill,eager,4,1024,181,sp_flux,2,5.80608,1
prefill,eager,4,1024,181,sp_rsflux,0,6.37952,1
prefill,eager,4,1024,181,sp_dispatch,3,5.77229,1
prefill,eager,4,1024,182,tp_ar,1,6.45427,1
prefill,eager,4,1024,182,tp_ar_vllm,5,6.39181,1
prefill,eager,4,1024,182,sp_nccl,3,6.61504,1
prefill,eager,4,1024,182,sp_flux,2,5.81427,1
prefill,eager,4,1024,182,sp_rsflux,0,5.88288,1
prefill,eager,4,1024,182,sp_dispatch,4,5.88800,1
prefill,eager,4,1024,183,tp_ar,1,6.46246,1
prefill,eager,4,1024,183,tp_ar_vllm,3,6.43789,1
prefill,eager,4,1024,183,sp_nccl,2,6.64883,1
prefill,eager,4,1024,183,sp_flux,4,5.73440,1
prefill,eager,4,1024,183,sp_rsflux,0,5.87264,1
prefill,eager,4,1024,183,sp_dispatch,5,5.90541,1
prefill,eager,4,1024,184,tp_ar,5,6.40410,1
prefill,eager,4,1024,184,tp_ar_vllm,4,6.45632,1
prefill,eager,4,1024,184,sp_nccl,3,6.57818,1
prefill,eager,4,1024,184,sp_flux,2,5.73133,1
prefill,eager,4,1024,184,sp_rsflux,0,5.84397,1
prefill,eager,4,1024,184,sp_dispatch,1,5.76000,1
prefill,eager,4,1024,185,tp_ar,0,6.57306,1
prefill,eager,4,1024,185,tp_ar_vllm,3,6.42150,1
prefill,eager,4,1024,185,sp_nccl,2,6.69901,1
prefill,eager,4,1024,185,sp_flux,4,5.83578,1
prefill,eager,4,1024,185,sp_rsflux,5,5.90746,1
prefill,eager,4,1024,185,sp_dispatch,1,5.77843,1
prefill,eager,4,1024,186,tp_ar,5,6.43174,1
prefill,eager,4,1024,186,tp_ar_vllm,1,6.43686,1
prefill,eager,4,1024,186,sp_nccl,0,6.58432,1
prefill,eager,4,1024,186,sp_flux,2,5.71802,1
prefill,eager,4,1024,186,sp_rsflux,4,5.89517,1
prefill,eager,4,1024,186,sp_dispatch,3,5.77536,1
prefill,eager,4,1024,187,tp_ar,5,6.46656,1
prefill,eager,4,1024,187,tp_ar_vllm,0,6.43994,1
prefill,eager,4,1024,187,sp_nccl,2,6.66829,1
prefill,eager,4,1024,187,sp_flux,3,5.82963,1
prefill,eager,4,1024,187,sp_rsflux,1,5.88595,1
prefill,eager,4,1024,187,sp_dispatch,4,5.75590,1
prefill,eager,4,1024,188,tp_ar,3,6.45939,1
prefill,eager,4,1024,188,tp_ar_vllm,4,6.41638,1
prefill,eager,4,1024,188,sp_nccl,2,6.70618,1
prefill,eager,4,1024,188,sp_flux,0,5.75590,1
prefill,eager,4,1024,188,sp_rsflux,1,5.89824,1
prefill,eager,4,1024,188,sp_dispatch,5,5.81734,1
prefill,eager,4,1024,189,tp_ar,2,6.43686,1
prefill,eager,4,1024,189,tp_ar_vllm,0,6.41229,1
prefill,eager,4,1024,189,sp_nccl,4,6.57818,1
prefill,eager,4,1024,189,sp_flux,1,5.73030,1
prefill,eager,4,1024,189,sp_rsflux,5,5.98221,1
prefill,eager,4,1024,189,sp_dispatch,3,5.74464,1
prefill,eager,4,1024,190,tp_ar,3,6.46656,1
prefill,eager,4,1024,190,tp_ar_vllm,4,6.42355,1
prefill,eager,4,1024,190,sp_nccl,0,6.55667,1
prefill,eager,4,1024,190,sp_flux,2,5.78867,1
prefill,eager,4,1024,190,sp_rsflux,5,5.87469,1
prefill,eager,4,1024,190,sp_dispatch,1,5.87469,1
prefill,eager,4,1024,191,tp_ar,5,6.39898,1
prefill,eager,4,1024,191,tp_ar_vllm,0,6.44301,1
prefill,eager,4,1024,191,sp_nccl,3,6.58739,1
prefill,eager,4,1024,191,sp_flux,4,5.90131,1
prefill,eager,4,1024,191,sp_rsflux,1,5.84397,1
prefill,eager,4,1024,191,sp_dispatch,2,5.81222,1
prefill,eager,4,1024,192,tp_ar,2,6.41638,1
prefill,eager,4,1024,192,tp_ar_vllm,1,6.40922,1
prefill,eager,4,1024,192,sp_nccl,0,6.66214,1
prefill,eager,4,1024,192,sp_flux,4,5.73030,1
prefill,eager,4,1024,192,sp_rsflux,3,5.94022,1
prefill,eager,4,1024,192,sp_dispatch,5,5.78765,1
prefill,eager,4,1024,193,tp_ar,1,6.42253,1
prefill,eager,4,1024,193,tp_ar_vllm,2,6.41434,1
prefill,eager,4,1024,193,sp_nccl,5,6.58227,1
prefill,eager,4,1024,193,sp_flux,4,5.84704,1
prefill,eager,4,1024,193,sp_rsflux,0,5.88595,1
prefill,eager,4,1024,193,sp_dispatch,3,5.76307,1
prefill,eager,4,1024,194,tp_ar,5,6.45734,1
prefill,eager,4,1024,194,tp_ar_vllm,3,6.41638,1
prefill,eager,4,1024,194,sp_nccl,2,6.70310,1
prefill,eager,4,1024,194,sp_flux,4,5.76614,1
prefill,eager,4,1024,194,sp_rsflux,1,5.84602,1
prefill,eager,4,1024,194,sp_dispatch,0,6.39590,1
prefill,eager,4,1024,195,tp_ar,5,6.41434,1
prefill,eager,4,1024,195,tp_ar_vllm,1,6.44915,1
prefill,eager,4,1024,195,sp_nccl,0,6.59046,1
prefill,eager,4,1024,195,sp_flux,4,5.80608,1
prefill,eager,4,1024,195,sp_rsflux,2,5.81632,1
prefill,eager,4,1024,195,sp_dispatch,3,5.82042,1
prefill,eager,4,1024,196,tp_ar,4,6.48192,1
prefill,eager,4,1024,196,tp_ar_vllm,2,6.42662,1
prefill,eager,4,1024,196,sp_nccl,3,6.60582,1
prefill,eager,4,1024,196,sp_flux,0,5.89517,1
prefill,eager,4,1024,196,sp_rsflux,1,5.85114,1
prefill,eager,4,1024,196,sp_dispatch,5,5.78765,1
prefill,eager,4,1024,197,tp_ar,1,6.42867,1
prefill,eager,4,1024,197,tp_ar_vllm,2,6.40102,1
prefill,eager,4,1024,197,sp_nccl,0,6.67136,1
prefill,eager,4,1024,197,sp_flux,3,5.87776,1
prefill,eager,4,1024,197,sp_rsflux,4,5.87674,1
prefill,eager,4,1024,197,sp_dispatch,5,5.80710,1
prefill,eager,4,1024,198,tp_ar,4,6.42048,1
prefill,eager,4,1024,198,tp_ar_vllm,0,6.37338,1
prefill,eager,4,1024,198,sp_nccl,2,6.69286,1
prefill,eager,4,1024,198,sp_flux,5,5.78560,1
prefill,eager,4,1024,198,sp_rsflux,3,5.92486,1
prefill,eager,4,1024,198,sp_dispatch,1,5.77126,1
prefill,eager,4,1024,199,tp_ar,3,6.41536,1
prefill,eager,4,1024,199,tp_ar_vllm,5,6.39078,1
prefill,eager,4,1024,199,sp_nccl,1,6.57715,1
prefill,eager,4,1024,199,sp_flux,0,5.79686,1
prefill,eager,4,1024,199,sp_rsflux,2,5.97709,1
prefill,eager,4,1024,199,sp_dispatch,4,5.79277,1
prefill,eager,4,2048,0,tp_ar,0,12.08218,1
prefill,eager,4,2048,0,tp_ar_vllm,4,11.74221,1
prefill,eager,4,2048,0,sp_nccl,2,11.55994,1
prefill,eager,4,2048,0,sp_flux,1,10.38746,1
prefill,eager,4,2048,0,sp_rsflux,5,10.52058,1
prefill,eager,4,2048,0,sp_dispatch,3,10.28710,1
prefill,eager,4,2048,1,tp_ar,1,11.94598,1
prefill,eager,4,2048,1,tp_ar_vllm,3,11.95213,1
prefill,eager,4,2048,1,sp_nccl,5,11.85178,1
prefill,eager,4,2048,1,sp_flux,2,10.33933,1
prefill,eager,4,2048,1,sp_rsflux,0,10.94861,1
prefill,eager,4,2048,1,sp_dispatch,4,10.37312,1
prefill,eager,4,2048,2,tp_ar,5,12.15181,1
prefill,eager,4,2048,2,tp_ar_vllm,2,11.96851,1
prefill,eager,4,2048,2,sp_nccl,4,11.93574,1
prefill,eager,4,2048,2,sp_flux,0,10.41306,1
prefill,eager,4,2048,2,sp_rsflux,1,10.66803,1
prefill,eager,4,2048,2,sp_dispatch,3,10.35674,1
prefill,eager,4,2048,3,tp_ar,4,12.02688,1
prefill,eager,4,2048,3,tp_ar_vllm,2,12.01869,1
prefill,eager,4,2048,3,sp_nccl,0,11.89069,1
prefill,eager,4,2048,3,sp_flux,3,10.39872,1
prefill,eager,4,2048,3,sp_rsflux,1,10.74586,1
prefill,eager,4,2048,3,sp_dispatch,5,10.38541,1
prefill,eager,4,2048,4,tp_ar,3,12.00333,1
prefill,eager,4,2048,4,tp_ar_vllm,2,11.99206,1
prefill,eager,4,2048,4,sp_nccl,0,11.91014,1
prefill,eager,4,2048,4,sp_flux,4,10.43456,1
prefill,eager,4,2048,4,sp_rsflux,5,10.71923,1
prefill,eager,4,2048,4,sp_dispatch,1,10.53594,1
prefill,eager,4,2048,5,tp_ar,2,12.02483,1
prefill,eager,4,2048,5,tp_ar_vllm,0,12.01971,1
prefill,eager,4,2048,5,sp_nccl,3,11.87738,1
prefill,eager,4,2048,5,sp_flux,4,10.39462,1
prefill,eager,4,2048,5,sp_rsflux,5,10.67110,1
prefill,eager,4,2048,5,sp_dispatch,1,10.47757,1
prefill,eager,4,2048,6,tp_ar,4,12.15386,1
prefill,eager,4,2048,6,tp_ar_vllm,5,12.08115,1
prefill,eager,4,2048,6,sp_nccl,2,12.04941,1
prefill,eager,4,2048,6,sp_flux,1,10.52979,1
prefill,eager,4,2048,6,sp_rsflux,3,10.95987,1
prefill,eager,4,2048,6,sp_dispatch,0,10.44685,1
prefill,eager,4,2048,7,tp_ar,3,12.03610,1
prefill,eager,4,2048,7,tp_ar_vllm,5,12.09958,1
prefill,eager,4,2048,7,sp_nccl,0,11.88864,1
prefill,eager,4,2048,7,sp_flux,4,10.41818,1
prefill,eager,4,2048,7,sp_rsflux,1,10.67213,1
prefill,eager,4,2048,7,sp_dispatch,2,10.30758,1
prefill,eager,4,2048,8,tp_ar,4,12.07091,1
prefill,eager,4,2048,8,tp_ar_vllm,3,12.00026,1
prefill,eager,4,2048,8,sp_nccl,1,11.87328,1
prefill,eager,4,2048,8,sp_flux,0,10.52774,1
prefill,eager,4,2048,8,sp_rsflux,2,10.75610,1
prefill,eager,4,2048,8,sp_dispatch,5,10.37619,1
prefill,eager,4,2048,9,tp_ar,4,11.94803,1
prefill,eager,4,2048,9,tp_ar_vllm,1,11.95725,1
prefill,eager,4,2048,9,sp_nccl,0,11.78112,1
prefill,eager,4,2048,9,sp_flux,5,10.37722,1
prefill,eager,4,2048,9,sp_rsflux,3,10.67315,1
prefill,eager,4,2048,9,sp_dispatch,2,10.35674,1
prefill,eager,4,2048,10,tp_ar,3,12.38733,1
prefill,eager,4,2048,10,tp_ar_vllm,4,12.27162,1
prefill,eager,4,2048,10,sp_nccl,5,11.92550,1
prefill,eager,4,2048,10,sp_flux,0,10.41510,1
prefill,eager,4,2048,10,sp_rsflux,1,10.85747,1
prefill,eager,4,2048,10,sp_dispatch,2,10.59328,1
prefill,eager,4,2048,11,tp_ar,0,11.99718,1
prefill,eager,4,2048,11,tp_ar_vllm,3,11.92038,1
prefill,eager,4,2048,11,sp_nccl,2,11.75245,1
prefill,eager,4,2048,11,sp_flux,1,10.38643,1
prefill,eager,4,2048,11,sp_rsflux,4,10.61478,1
prefill,eager,4,2048,11,sp_dispatch,5,10.27789,1
prefill,eager,4,2048,12,tp_ar,5,12.10880,1
prefill,eager,4,2048,12,tp_ar_vllm,2,12.22861,1
prefill,eager,4,2048,12,sp_nccl,3,12.02586,1
prefill,eager,4,2048,12,sp_flux,1,10.42739,1
prefill,eager,4,2048,12,sp_rsflux,0,10.63731,1
prefill,eager,4,2048,12,sp_dispatch,4,10.50214,1
prefill,eager,4,2048,13,tp_ar,2,11.94598,1
prefill,eager,4,2048,13,tp_ar_vllm,1,11.96032,1
prefill,eager,4,2048,13,sp_nccl,0,11.86509,1
prefill,eager,4,2048,13,sp_flux,5,10.36800,1
prefill,eager,4,2048,13,sp_rsflux,3,10.61786,1
prefill,eager,4,2048,13,sp_dispatch,4,10.25946,1
prefill,eager,4,2048,14,tp_ar,1,12.19686,1
prefill,eager,4,2048,14,tp_ar_vllm,5,12.16922,1
prefill,eager,4,2048,14,sp_nccl,0,11.94496,1
prefill,eager,4,2048,14,sp_flux,2,10.59840,1
prefill,eager,4,2048,14,sp_rsflux,4,10.85440,1
prefill,eager,4,2048,14,sp_dispatch,3,10.43661,1
prefill,eager,4,2048,15,tp_ar,4,12.04634,1
prefill,eager,4,2048,15,tp_ar_vllm,1,12.08934,1
prefill,eager,4,2048,15,sp_nccl,3,11.84461,1
prefill,eager,4,2048,15,sp_flux,0,10.47347,1
prefill,eager,4,2048,15,sp_rsflux,5,10.70899,1
prefill,eager,4,2048,15,sp_dispatch,2,10.48781,1
prefill,eager,4,2048,16,tp_ar,4,11.94086,1
prefill,eager,4,2048,16,tp_ar_vllm,1,12.00435,1
prefill,eager,4,2048,16,sp_nccl,2,11.72890,1
prefill,eager,4,2048,16,sp_flux,5,10.40589,1
prefill,eager,4,2048,16,sp_rsflux,0,10.69670,1
prefill,eager,4,2048,16,sp_dispatch,3,10.37107,1
prefill,eager,4,2048,17,tp_ar,2,12.37504,1
prefill,eager,4,2048,17,tp_ar_vllm,3,12.32589,1
prefill,eager,4,2048,17,sp_nccl,5,11.92038,1
prefill,eager,4,2048,17,sp_flux,1,10.50419,1
prefill,eager,4,2048,17,sp_rsflux,4,10.87590,1
prefill,eager,4,2048,17,sp_dispatch,0,10.42739,1
prefill,eager,4,2048,18,tp_ar,3,12.08115,1
prefill,eager,4,2048,18,tp_ar_vllm,4,11.99309,1
prefill,eager,4,2048,18,sp_nccl,2,11.87533,1
prefill,eager,4,2048,18,sp_flux,1,10.41510,1
prefill,eager,4,2048,18,sp_rsflux,0,10.72845,1
prefill,eager,4,2048,18,sp_dispatch,5,10.43558,1
prefill,eager,4,2048,19,tp_ar,5,12.02278,1
prefill,eager,4,2048,19,tp_ar_vllm,3,12.04531,1
prefill,eager,4,2048,19,sp_nccl,2,11.91526,1
prefill,eager,4,2048,19,sp_flux,0,10.42944,1
prefill,eager,4,2048,19,sp_rsflux,1,10.72333,1
prefill,eager,4,2048,19,sp_dispatch,4,10.39872,1
prefill,eager,4,2048,20,tp_ar,1,12.00026,1
prefill,eager,4,2048,20,tp_ar_vllm,0,12.01766,1
prefill,eager,4,2048,20,sp_nccl,4,11.81696,1
prefill,eager,4,2048,20,sp_flux,2,10.43354,1
prefill,eager,4,2048,20,sp_rsflux,3,10.66701,1
prefill,eager,4,2048,20,sp_dispatch,5,10.58918,1
prefill,eager,4,2048,21,tp_ar,5,12.12006,1
prefill,eager,4,2048,21,tp_ar_vllm,2,11.97158,1
prefill,eager,4,2048,21,sp_nccl,0,11.79341,1
prefill,eager,4,2048,21,sp_flux,3,10.42842,1
prefill,eager,4,2048,21,sp_rsflux,1,10.70182,1
prefill,eager,4,2048,21,sp_dispatch,4,10.44582,1
prefill,eager,4,2048,22,tp_ar,5,12.04326,1
prefill,eager,4,2048,22,tp_ar_vllm,3,12.07501,1
prefill,eager,4,2048,22,sp_nccl,2,11.96237,1
prefill,eager,4,2048,22,sp_flux,4,10.45914,1
prefill,eager,4,2048,22,sp_rsflux,1,10.85440,1
prefill,eager,4,2048,22,sp_dispatch,0,10.48371,1
prefill,eager,4,2048,23,tp_ar,0,12.07603,1
prefill,eager,4,2048,23,tp_ar_vllm,3,11.97261,1
prefill,eager,4,2048,23,sp_nccl,4,11.80570,1
prefill,eager,4,2048,23,sp_flux,5,10.42637,1
prefill,eager,4,2048,23,sp_rsflux,1,10.71309,1
prefill,eager,4,2048,23,sp_dispatch,2,10.45504,1
prefill,eager,4,2048,24,tp_ar,1,12.06272,1
prefill,eager,4,2048,24,tp_ar_vllm,2,12.05760,1
prefill,eager,4,2048,24,sp_nccl,4,11.85280,1
prefill,eager,4,2048,24,sp_flux,3,10.41613,1
prefill,eager,4,2048,24,sp_rsflux,0,10.71821,1
prefill,eager,4,2048,24,sp_dispatch,5,10.34138,1
prefill,eager,4,2048,25,tp_ar,2,12.02381,1
prefill,eager,4,2048,25,tp_ar_vllm,5,12.05350,1
prefill,eager,4,2048,25,sp_nccl,1,11.82822,1
prefill,eager,4,2048,25,sp_flux,4,10.40486,1
prefill,eager,4,2048,25,sp_rsflux,0,10.64346,1
prefill,eager,4,2048,25,sp_dispatch,3,10.40179,1
prefill,eager,4,2048,26,tp_ar,5,12.15795,1
prefill,eager,4,2048,26,tp_ar_vllm,4,12.17946,1
prefill,eager,4,2048,26,sp_nccl,3,12.07808,1
prefill,eager,4,2048,26,sp_flux,1,10.46835,1
prefill,eager,4,2048,26,sp_rsflux,2,10.85747,1
prefill,eager,4,2048,26,sp_dispatch,0,10.42432,1
prefill,eager,4,2048,27,tp_ar,4,11.88352,1
prefill,eager,4,2048,27,tp_ar_vllm,1,11.99616,1
prefill,eager,4,2048,27,sp_nccl,2,11.81696,1
prefill,eager,4,2048,27,sp_flux,5,10.36390,1
prefill,eager,4,2048,27,sp_rsflux,0,10.75098,1
prefill,eager,4,2048,27,sp_dispatch,3,10.40486,1
prefill,eager,4,2048,28,tp_ar,5,12.22861,1
prefill,eager,4,2048,28,tp_ar_vllm,0,11.97261,1
prefill,eager,4,2048,28,sp_nccl,4,12.10778,1
prefill,eager,4,2048,28,sp_flux,1,10.43149,1
prefill,eager,4,2048,28,sp_rsflux,2,10.83597,1
prefill,eager,4,2048,28,sp_dispatch,3,10.59430,1
prefill,eager,4,2048,29,tp_ar,2,12.01664,1
prefill,eager,4,2048,29,tp_ar_vllm,0,12.10368,1
prefill,eager,4,2048,29,sp_nccl,4,11.73606,1
prefill,eager,4,2048,29,sp_flux,5,10.45402,1
prefill,eager,4,2048,29,sp_rsflux,3,10.65370,1
prefill,eager,4,2048,29,sp_dispatch,1,10.35674,1
prefill,eager,4,2048,30,tp_ar,3,12.13030,1
prefill,eager,4,2048,30,tp_ar_vllm,4,12.08832,1
prefill,eager,4,2048,30,sp_nccl,1,11.86202,1
prefill,eager,4,2048,30,sp_flux,2,10.50010,1
prefill,eager,4,2048,30,sp_rsflux,0,10.69978,1
prefill,eager,4,2048,30,sp_dispatch,5,10.37722,1
prefill,eager,4,2048,31,tp_ar,2,12.03405,1
prefill,eager,4,2048,31,tp_ar_vllm,1,12.07398,1
prefill,eager,4,2048,31,sp_nccl,5,11.88762,1
prefill,eager,4,2048,31,sp_flux,4,10.41306,1
prefill,eager,4,2048,31,sp_rsflux,0,10.66086,1
prefill,eager,4,2048,31,sp_dispatch,3,10.40486,1
prefill,eager,4,2048,32,tp_ar,3,12.01869,1
prefill,eager,4,2048,32,tp_ar_vllm,2,11.98899,1
prefill,eager,4,2048,32,sp_nccl,0,11.92755,1
prefill,eager,4,2048,32,sp_flux,4,10.34138,1
prefill,eager,4,2048,32,sp_rsflux,1,10.77760,1
prefill,eager,4,2048,32,sp_dispatch,5,10.46835,1
prefill,eager,4,2048,33,tp_ar,5,12.17331,1
prefill,eager,4,2048,33,tp_ar_vllm,2,12.26342,1
prefill,eager,4,2048,33,sp_nccl,4,11.96544,1
prefill,eager,4,2048,33,sp_flux,1,10.55642,1
prefill,eager,4,2048,33,sp_rsflux,3,10.88717,1
prefill,eager,4,2048,33,sp_dispatch,0,10.36595,1
prefill,eager,4,2048,34,tp_ar,1,11.96954,1
prefill,eager,4,2048,34,tp_ar_vllm,2,11.90707,1
prefill,eager,4,2048,34,sp_nccl,0,11.81491,1
prefill,eager,4,2048,34,sp_flux,3,10.39155,1
prefill,eager,4,2048,34,sp_rsflux,4,10.65472,1
prefill,eager,4,2048,34,sp_dispatch,5,10.44070,1
prefill,eager,4,2048,35,tp_ar,5,12.11187,1
prefill,eager,4,2048,35,tp_ar_vllm,0,12.03917,1
prefill,eager,4,2048,35,sp_nccl,2,11.88864,1
prefill,eager,4,2048,35,sp_flux,3,10.46835,1
prefill,eager,4,2048,35,sp_rsflux,1,10.76838,1
prefill,eager,4,2048,35,sp_dispatch,4,10.52262,1
prefill,eager,4,2048,36,tp_ar,3,12.07194,1
prefill,eager,4,2048,36,tp_ar_vllm,5,12.01050,1
prefill,eager,4,2048,36,sp_nccl,0,11.92038,1
prefill,eager,4,2048,36,sp_flux,1,10.50419,1
prefill,eager,4,2048,36,sp_rsflux,2,10.78682,1
prefill,eager,4,2048,36,sp_dispatch,4,10.33523,1
prefill,eager,4,2048,37,tp_ar,1,11.95110,1
prefill,eager,4,2048,37,tp_ar_vllm,2,11.92755,1
prefill,eager,4,2048,37,sp_nccl,0,11.85075,1
prefill,eager,4,2048,37,sp_flux,5,10.36800,1
prefill,eager,4,2048,37,sp_rsflux,3,10.58611,1
prefill,eager,4,2048,37,sp_dispatch,4,10.20826,1
prefill,eager,4,2048,38,tp_ar,2,12.27059,1
prefill,eager,4,2048,38,tp_ar_vllm,4,12.11904,1
prefill,eager,4,2048,38,sp_nccl,1,12.15590,1
prefill,eager,4,2048,38,sp_flux,0,10.54106,1
prefill,eager,4,2048,38,sp_rsflux,3,10.88922,1
prefill,eager,4,2048,38,sp_dispatch,5,10.44173,1
prefill,eager,4,2048,39,tp_ar,3,12.08115,1
prefill,eager,4,2048,39,tp_ar_vllm,0,11.98387,1
prefill,eager,4,2048,39,sp_nccl,5,11.86406,1
prefill,eager,4,2048,39,sp_flux,1,10.44890,1
prefill,eager,4,2048,39,sp_rsflux,4,10.87386,1
prefill,eager,4,2048,39,sp_dispatch,2,10.50522,1
prefill,eager,4,2048,40,tp_ar,3,12.03507,1
prefill,eager,4,2048,40,tp_ar_vllm,5,12.04838,1
prefill,eager,4,2048,40,sp_nccl,0,11.98285,1
prefill,eager,4,2048,40,sp_flux,2,10.38848,1
prefill,eager,4,2048,40,sp_rsflux,1,10.66906,1
prefill,eager,4,2048,40,sp_dispatch,4,10.42432,1
prefill,eager,4,2048,41,tp_ar,4,12.21530,1
prefill,eager,4,2048,41,tp_ar_vllm,5,12.10266,1
prefill,eager,4,2048,41,sp_nccl,0,11.85280,1
prefill,eager,4,2048,41,sp_flux,2,10.42227,1
prefill,eager,4,2048,41,sp_rsflux,1,10.69261,1
prefill,eager,4,2048,41,sp_dispatch,3,10.44275,1
prefill,eager,4,2048,42,tp_ar,3,12.02995,1
prefill,eager,4,2048,42,tp_ar_vllm,0,12.08525,1
prefill,eager,4,2048,42,sp_nccl,2,11.75962,1
prefill,eager,4,2048,42,sp_flux,4,10.51034,1
prefill,eager,4,2048,42,sp_rsflux,5,10.63731,1
prefill,eager,4,2048,42,sp_dispatch,1,10.41306,1
prefill,eager,4,2048,43,tp_ar,5,12.11802,1
prefill,eager,4,2048,43,tp_ar_vllm,2,11.97158,1
prefill,eager,4,2048,43,sp_nccl,0,11.82515,1
prefill,eager,4,2048,43,sp_flux,4,10.41715,1
prefill,eager,4,2048,43,sp_rsflux,3,10.66701,1
prefill,eager,4,2048,43,sp_dispatch,1,10.55437,1
prefill,eager,4,2048,44,tp_ar,4,12.03405,1
prefill,eager,4,2048,44,tp_ar_vllm,5,12.10573,1
prefill,eager,4,2048,44,sp_nccl,2,12.00333,1
prefill,eager,4,2048,44,sp_flux,0,10.53286,1
prefill,eager,4,2048,44,sp_rsflux,1,10.79706,1
prefill,eager,4,2048,44,sp_dispatch,3,10.44890,1
prefill,eager,4,2048,45,tp_ar,0,12.01562,1
prefill,eager,4,2048,45,tp_ar_vllm,4,12.17024,1
prefill,eager,4,2048,45,sp_nccl,3,11.90298,1
prefill,eager,4,2048,45,sp_flux,2,10.49498,1
prefill,eager,4,2048,45,sp_rsflux,5,10.79398,1
prefill,eager,4,2048,45,sp_dispatch,1,10.41510,1
prefill,eager,4,2048,46,tp_ar,2,11.99514,1
prefill,eager,4,2048,46,tp_ar_vllm,0,12.30950,1
prefill,eager,4,2048,46,sp_nccl,4,11.89069,1
prefill,eager,4,2048,46,sp_flux,1,10.55232,1
prefill,eager,4,2048,46,sp_rsflux,3,10.65882,1
prefill,eager,4,2048,46,sp_dispatch,5,10.40794,1
prefill,eager,4,2048,47,tp_ar,0,11.97670,1
prefill,eager,4,2048,47,tp_ar_vllm,4,12.21222,1
prefill,eager,4,2048,47,sp_nccl,5,11.99411,1
prefill,eager,4,2048,47,sp_flux,3,10.49190,1
prefill,eager,4,2048,47,sp_rsflux,2,10.72128,1
prefill,eager,4,2048,47,sp_dispatch,1,10.34752,1
prefill,eager,4,2048,48,tp_ar,0,12.09242,1
prefill,eager,4,2048,48,tp_ar_vllm,1,12.04326,1
prefill,eager,4,2048,48,sp_nccl,4,11.77293,1
prefill,eager,4,2048,48,sp_flux,5,10.51750,1
prefill,eager,4,2048,48,sp_rsflux,3,10.66394,1
prefill,eager,4,2048,48,sp_dispatch,2,10.38848,1
prefill,eager,4,2048,49,tp_ar,2,12.22554,1
prefill,eager,4,2048,49,tp_ar_vllm,5,12.14259,1
prefill,eager,4,2048,49,sp_nccl,4,11.91936,1
prefill,eager,4,2048,49,sp_flux,0,10.46118,1
prefill,eager,4,2048,49,sp_rsflux,1,10.81446,1
prefill,eager,4,2048,49,sp_dispatch,3,10.51750,1
prefill,eager,4,2048,50,tp_ar,5,12.04531,1
prefill,eager,4,2048,50,tp_ar_vllm,2,12.05555,1
prefill,eager,4,2048,50,sp_nccl,1,11.86816,1
prefill,eager,4,2048,50,sp_flux,0,10.42227,1
prefill,eager,4,2048,50,sp_rsflux,4,10.66291,1
prefill,eager,4,2048,50,sp_dispatch,3,10.40384,1
prefill,eager,4,2048,51,tp_ar,3,12.03814,1
prefill,eager,4,2048,51,tp_ar_vllm,1,12.05350,1
prefill,eager,4,2048,51,sp_nccl,2,11.95520,1
prefill,eager,4,2048,51,sp_flux,0,10.47245,1
prefill,eager,4,2048,51,sp_rsflux,4,10.68134,1
prefill,eager,4,2048,51,sp_dispatch,5,10.37312,1
prefill,eager,4,2048,52,tp_ar,0,11.97978,1
prefill,eager,4,2048,52,tp_ar_vllm,2,11.96544,1
prefill,eager,4,2048,52,sp_nccl,4,11.79648,1
prefill,eager,4,2048,52,sp_flux,5,10.42637,1
prefill,eager,4,2048,52,sp_rsflux,1,10.63322,1
prefill,eager,4,2048,52,sp_dispatch,3,10.35981,1
prefill,eager,4,2048,53,tp_ar,0,12.04531,1
prefill,eager,4,2048,53,tp_ar_vllm,4,12.02893,1
prefill,eager,4,2048,53,sp_nccl,3,11.83437,1
prefill,eager,4,2048,53,sp_flux,5,10.42739,1
prefill,eager,4,2048,53,sp_rsflux,1,10.73766,1
prefill,eager,4,2048,53,sp_dispatch,2,10.49293,1
prefill,eager,4,2048,54,tp_ar,5,12.16717,1
prefill,eager,4,2048,54,tp_ar_vllm,0,12.08013,1
prefill,eager,4,2048,54,sp_nccl,2,11.94496,1
prefill,eager,4,2048,54,sp_flux,1,10.42330,1
prefill,eager,4,2048,54,sp_rsflux,4,10.79603,1
prefill,eager,4,2048,54,sp_dispatch,3,10.47962,1
prefill,eager,4,2048,55,tp_ar,2,12.04224,1
prefill,eager,4,2048,55,tp_ar_vllm,0,12.07398,1
prefill,eager,4,2048,55,sp_nccl,4,11.82925,1
prefill,eager,4,2048,55,sp_flux,3,10.38336,1
prefill,eager,4,2048,55,sp_rsflux,5,10.75098,1
prefill,eager,4,2048,55,sp_dispatch,1,10.42637,1
prefill,eager,4,2048,56,tp_ar,0,12.09754,1
prefill,eager,4,2048,56,tp_ar_vllm,5,12.10675,1
prefill,eager,4,2048,56,sp_nccl,4,11.89274,1
prefill,eager,4,2048,56,sp_flux,3,10.40179,1
prefill,eager,4,2048,56,sp_rsflux,2,10.65882,1
prefill,eager,4,2048,56,sp_dispatch,1,10.40486,1
prefill,eager,4,2048,57,tp_ar,1,11.94394,1
prefill,eager,4,2048,57,tp_ar_vllm,0,12.02381,1
prefill,eager,4,2048,57,sp_nccl,3,11.87533,1
prefill,eager,4,2048,57,sp_flux,5,10.49293,1
prefill,eager,4,2048,57,sp_rsflux,4,10.66803,1
prefill,eager,4,2048,57,sp_dispatch,2,10.38438,1
prefill,eager,4,2048,58,tp_ar,1,12.17946,1
prefill,eager,4,2048,58,tp_ar_vllm,3,12.07398,1
prefill,eager,4,2048,58,sp_nccl,5,11.91219,1
prefill,eager,4,2048,58,sp_flux,4,10.48064,1
prefill,eager,4,2048,58,sp_rsflux,2,10.82675,1
prefill,eager,4,2048,58,sp_dispatch,0,10.33830,1
prefill,eager,4,2048,59,tp_ar,2,11.96134,1
prefill,eager,4,2048,59,tp_ar_vllm,1,12.02995,1
prefill,eager,4,2048,59,sp_nccl,0,11.92858,1
prefill,eager,4,2048,59,sp_flux,5,10.39872,1
prefill,eager,4,2048,59,sp_rsflux,4,10.66906,1
prefill,eager,4,2048,59,sp_dispatch,3,10.31475,1
prefill,eager,4,2048,60,tp_ar,4,12.19174,1
prefill,eager,4,2048,60,tp_ar_vllm,5,12.15488,1
prefill,eager,4,2048,60,sp_nccl,1,12.02074,1
prefill,eager,4,2048,60,sp_flux,2,10.47552,1
prefill,eager,4,2048,60,sp_rsflux,0,10.77248,1
prefill,eager,4,2048,60,sp_dispatch,3,10.47962,1
prefill,eager,4,2048,61,tp_ar,3,12.19994,1
prefill,eager,4,2048,61,tp_ar_vllm,5,12.05658,1
prefill,eager,4,2048,61,sp_nccl,4,11.94189,1
prefill,eager,4,2048,61,sp_flux,0,10.48986,1
prefill,eager,4,2048,61,sp_rsflux,2,10.74688,1
prefill,eager,4,2048,61,sp_dispatch,1,10.47552,1
prefill,eager,4,2048,62,tp_ar,4,12.10061,1
prefill,eager,4,2048,62,tp_ar_vllm,3,12.11597,1
prefill,eager,4,2048,62,sp_nccl,0,11.79136,1
prefill,eager,4,2048,62,sp_flux,2,10.37414,1
prefill,eager,4,2048,62,sp_rsflux,1,10.68442,1
prefill,eager,4,2048,62,sp_dispatch,5,10.43866,1
prefill,eager,4,2048,63,tp_ar,4,12.04941,1
prefill,eager,4,2048,63,tp_ar_vllm,2,12.18970,1
prefill,eager,4,2048,63,sp_nccl,3,12.19584,1
prefill,eager,4,2048,63,sp_flux,1,10.35674,1
prefill,eager,4,2048,63,sp_rsflux,0,10.69568,1
prefill,eager,4,2048,63,sp_dispatch,5,10.54515,1
prefill,eager,4,2048,64,tp_ar,5,12.07706,1
prefill,eager,4,2048,64,tp_ar_vllm,3,12.21837,1
prefill,eager,4,2048,64,sp_nccl,4,12.00947,1
prefill,eager,4,2048,64,sp_flux,0,10.35571,1
prefill,eager,4,2048,64,sp_rsflux,2,10.80422,1
prefill,eager,4,2048,64,sp_dispatch,1,10.37210,1
prefill,eager,4,2048,65,tp_ar,3,12.12109,1
prefill,eager,4,2048,65,tp_ar_vllm,4,12.04019,1
prefill,eager,4,2048,65,sp_nccl,2,11.90195,1
prefill,eager,4,2048,65,sp_flux,1,10.51341,1
prefill,eager,4,2048,65,sp_rsflux,5,10.68237,1
prefill,eager,4,2048,65,sp_dispatch,0,10.33523,1
prefill,eager,4,2048,66,tp_ar,3,12.03302,1
prefill,eager,4,2048,66,tp_ar_vllm,1,12.07091,1
prefill,eager,4,2048,66,sp_nccl,2,11.91014,1
prefill,eager,4,2048,66,sp_flux,0,10.47962,1
prefill,eager,4,2048,66,sp_rsflux,4,10.67110,1
prefill,eager,4,2048,66,sp_dispatch,5,10.30042,1
prefill,eager,4,2048,67,tp_ar,5,12.09037,1
prefill,eager,4,2048,67,tp_ar_vllm,4,12.11085,1
prefill,eager,4,2048,67,sp_nccl,1,12.04634,1
prefill,eager,4,2048,67,sp_flux,0,10.35059,1
prefill,eager,4,2048,67,sp_rsflux,2,10.95680,1
prefill,eager,4,2048,67,sp_dispatch,3,10.40486,1
prefill,eager,4,2048,68,tp_ar,1,12.01357,1
prefill,eager,4,2048,68,tp_ar_vllm,3,11.98387,1
prefill,eager,4,2048,68,sp_nccl,4,11.87328,1
prefill,eager,4,2048,68,sp_flux,5,10.40691,1
prefill,eager,4,2048,68,sp_rsflux,2,10.65472,1
prefill,eager,4,2048,68,sp_dispatch,0,10.49600,1
prefill,eager,4,2048,69,tp_ar,2,12.17024,1
prefill,eager,4,2048,69,tp_ar_vllm,1,12.09446,1
prefill,eager,4,2048,69,sp_nccl,4,11.89376,1
prefill,eager,4,2048,69,sp_flux,3,10.47757,1
prefill,eager,4,2048,69,sp_rsflux,5,10.78477,1
prefill,eager,4,2048,69,sp_dispatch,0,10.36493,1
prefill,eager,4,2048,70,tp_ar,4,12.29005,1
prefill,eager,4,2048,70,tp_ar_vllm,0,12.04326,1
prefill,eager,4,2048,70,sp_nccl,5,12.07398,1
prefill,eager,4,2048,70,sp_flux,3,10.38541,1
prefill,eager,4,2048,70,sp_rsflux,2,10.68442,1
prefill,eager,4,2048,70,sp_dispatch,1,10.37824,1
prefill,eager,4,2048,71,tp_ar,3,12.30643,1
prefill,eager,4,2048,71,tp_ar_vllm,5,12.11597,1
prefill,eager,4,2048,71,sp_nccl,4,11.99411,1
prefill,eager,4,2048,71,sp_flux,2,10.38438,1
prefill,eager,4,2048,71,sp_rsflux,1,10.76122,1
prefill,eager,4,2048,71,sp_dispatch,0,10.55027,1
prefill,eager,4,2048,72,tp_ar,0,12.11494,1
prefill,eager,4,2048,72,tp_ar_vllm,3,11.97056,1
prefill,eager,4,2048,72,sp_nccl,2,11.82413,1
prefill,eager,4,2048,72,sp_flux,4,10.32397,1
prefill,eager,4,2048,72,sp_rsflux,5,10.67315,1
prefill,eager,4,2048,72,sp_dispatch,1,10.45914,1
prefill,eager,4,2048,73,tp_ar,0,12.13645,1
prefill,eager,4,2048,73,tp_ar_vllm,4,12.16410,1
prefill,eager,4,2048,73,sp_nccl,3,11.85690,1
prefill,eager,4,2048,73,sp_flux,5,10.43456,1
prefill,eager,4,2048,73,sp_rsflux,1,10.76838,1
prefill,eager,4,2048,73,sp_dispatch,2,10.47450,1
prefill,eager,4,2048,74,tp_ar,0,12.03507,1
prefill,eager,4,2048,74,tp_ar_vllm,1,12.01254,1
prefill,eager,4,2048,74,sp_nccl,3,11.82413,1
prefill,eager,4,2048,74,sp_flux,5,10.47142,1
prefill,eager,4,2048,74,sp_rsflux,2,10.69875,1
prefill,eager,4,2048,74,sp_dispatch,4,10.33523,1
prefill,eager,4,2048,75,tp_ar,4,11.98694,1
prefill,eager,4,2048,75,tp_ar_vllm,0,12.13645,1
prefill,eager,4,2048,75,sp_nccl,2,11.88864,1
prefill,eager,4,2048,75,sp_flux,5,10.48781,1
prefill,eager,4,2048,75,sp_rsflux,1,10.81856,1
prefill,eager,4,2048,75,sp_dispatch,3,10.36595,1
prefill,eager,4,2048,76,tp_ar,4,12.23066,1
prefill,eager,4,2048,76,tp_ar_vllm,5,12.25933,1
prefill,eager,4,2048,76,sp_nccl,1,11.95827,1
prefill,eager,4,2048,76,sp_flux,3,10.51443,1
prefill,eager,4,2048,76,sp_rsflux,0,10.74074,1
prefill,eager,4,2048,76,sp_dispatch,2,10.57280,1
prefill,eager,4,2048,77,tp_ar,0,12.28083,1
prefill,eager,4,2048,77,tp_ar_vllm,2,12.26240,1
prefill,eager,4,2048,77,sp_nccl,5,12.01254,1
prefill,eager,4,2048,77,sp_flux,3,10.56358,1
prefill,eager,4,2048,77,sp_rsflux,4,10.88614,1
prefill,eager,4,2048,77,sp_dispatch,1,10.73152,1
prefill,eager,4,2048,78,tp_ar,1,12.09754,1
prefill,eager,4,2048,78,tp_ar_vllm,4,12.05658,1
prefill,eager,4,2048,78,sp_nccl,2,11.92141,1
prefill,eager,4,2048,78,sp_flux,0,10.51648,1
prefill,eager,4,2048,78,sp_rsflux,5,10.72333,1
prefill,eager,4,2048,78,sp_dispatch,3,10.40179,1
prefill,eager,4,2048,79,tp_ar,0,12.04634,1
prefill,eager,4,2048,79,tp_ar_vllm,1,11.96646,1
prefill,eager,4,2048,79,sp_nccl,2,11.77907,1
prefill,eager,4,2048,79,sp_flux,5,10.37722,1
prefill,eager,4,2048,79,sp_rsflux,4,10.60864,1
prefill,eager,4,2048,79,sp_dispatch,3,10.26867,1
prefill,eager,4,2048,80,tp_ar,4,12.12314,1
prefill,eager,4,2048,80,tp_ar_vllm,3,12.19277,1
prefill,eager,4,2048,80,sp_nccl,0,12.00333,1
prefill,eager,4,2048,80,sp_flux,1,10.51750,1
prefill,eager,4,2048,80,sp_rsflux,5,10.84109,1
prefill,eager,4,2048,80,sp_dispatch,2,10.52365,1
prefill,eager,4,2048,81,tp_ar,4,12.13952,1
prefill,eager,4,2048,81,tp_ar_vllm,1,12.01050,1
prefill,eager,4,2048,81,sp_nccl,0,11.98080,1
prefill,eager,4,2048,81,sp_flux,3,10.40179,1
prefill,eager,4,2048,81,sp_rsflux,5,10.78374,1
prefill,eager,4,2048,81,sp_dispatch,2,10.44582,1
prefill,eager,4,2048,82,tp_ar,5,12.05965,1
prefill,eager,4,2048,82,tp_ar_vllm,1,12.09754,1
prefill,eager,4,2048,82,sp_nccl,2,11.88454,1
prefill,eager,4,2048,82,sp_flux,3,10.48883,1
prefill,eager,4,2048,82,sp_rsflux,4,10.79603,1
prefill,eager,4,2048,82,sp_dispatch,0,10.36390,1
prefill,eager,4,2048,83,tp_ar,4,12.02790,1
prefill,eager,4,2048,83,tp_ar_vllm,2,12.10163,1
prefill,eager,4,2048,83,sp_nccl,3,12.00128,1
prefill,eager,4,2048,83,sp_flux,5,10.38643,1
prefill,eager,4,2048,83,sp_rsflux,0,10.71821,1
prefill,eager,4,2048,83,sp_dispatch,1,10.44480,1
prefill,eager,4,2048,84,tp_ar,3,12.09446,1
prefill,eager,4,2048,84,tp_ar_vllm,5,12.03507,1
prefill,eager,4,2048,84,sp_nccl,1,11.80672,1
prefill,eager,4,2048,84,sp_flux,2,10.41510,1
prefill,eager,4,2048,84,sp_rsflux,0,10.66598,1
prefill,eager,4,2048,84,sp_dispatch,4,10.53901,1
prefill,eager,4,2048,85,tp_ar,5,12.04122,1
prefill,eager,4,2048,85,tp_ar_vllm,2,12.01562,1
prefill,eager,4,2048,85,sp_nccl,3,11.88352,1
prefill,eager,4,2048,85,sp_flux,4,10.51648,1
prefill,eager,4,2048,85,sp_rsflux,0,10.74074,1
prefill,eager,4,2048,85,sp_dispatch,1,10.46835,1
prefill,eager,4,2048,86,tp_ar,2,12.25421,1
prefill,eager,4,2048,86,tp_ar_vllm,4,12.05146,1
prefill,eager,4,2048,86,sp_nccl,3,11.87123,1
prefill,eager,4,2048,86,sp_flux,0,10.64653,1
prefill,eager,4,2048,86,sp_rsflux,1,10.78886,1
prefill,eager,4,2048,86,sp_dispatch,5,10.46426,1
prefill,eager,4,2048,87,tp_ar,5,12.04122,1
prefill,eager,4,2048,87,tp_ar_vllm,4,12.17536,1
prefill,eager,4,2048,87,sp_nccl,1,11.75654,1
prefill,eager,4,2048,87,sp_flux,2,10.38438,1
prefill,eager,4,2048,87,sp_rsflux,0,10.78067,1
prefill,eager,4,2048,87,sp_dispatch,3,10.40794,1
prefill,eager,4,2048,88,tp_ar,5,12.16000,1
prefill,eager,4,2048,88,tp_ar_vllm,1,11.95622,1
prefill,eager,4,2048,88,sp_nccl,0,11.89990,1
prefill,eager,4,2048,88,sp_flux,4,10.37005,1
prefill,eager,4,2048,88,sp_rsflux,2,10.59840,1
prefill,eager,4,2048,88,sp_dispatch,3,10.24717,1
prefill,eager,4,2048,89,tp_ar,1,12.08832,1
prefill,eager,4,2048,89,tp_ar_vllm,5,12.09037,1
prefill,eager,4,2048,89,sp_nccl,2,11.94189,1
prefill,eager,4,2048,89,sp_flux,3,10.40691,1
prefill,eager,4,2048,89,sp_rsflux,4,10.70694,1
prefill,eager,4,2048,89,sp_dispatch,0,10.57894,1
prefill,eager,4,2048,90,tp_ar,3,12.00128,1
prefill,eager,4,2048,90,tp_ar_vllm,2,11.99104,1
prefill,eager,4,2048,90,sp_nccl,0,11.88352,1
prefill,eager,4,2048,90,sp_flux,5,10.40691,1
prefill,eager,4,2048,90,sp_rsflux,4,10.67418,1
prefill,eager,4,2048,90,sp_dispatch,1,10.58202,1
prefill,eager,4,2048,91,tp_ar,3,12.10470,1
prefill,eager,4,2048,91,tp_ar_vllm,5,12.09344,1
prefill,eager,4,2048,91,sp_nccl,1,12.02278,1
prefill,eager,4,2048,91,sp_flux,0,10.61069,1
prefill,eager,4,2048,91,sp_rsflux,4,10.73971,1
prefill,eager,4,2048,91,sp_dispatch,2,10.62093,1
prefill,eager,4,2048,92,tp_ar,0,12.04429,1
prefill,eager,4,2048,92,tp_ar_vllm,2,11.98080,1
prefill,eager,4,2048,92,sp_nccl,1,11.88557,1
prefill,eager,4,2048,92,sp_flux,4,10.34240,1
prefill,eager,4,2048,92,sp_rsflux,3,10.60966,1
prefill,eager,4,2048,92,sp_dispatch,5,10.35571,1
prefill,eager,4,2048,93,tp_ar,0,12.24602,1
prefill,eager,4,2048,93,tp_ar_vllm,4,12.24909,1
prefill,eager,4,2048,93,sp_nccl,5,12.07194,1
prefill,eager,4,2048,93,sp_flux,2,10.43558,1
prefill,eager,4,2048,93,sp_rsflux,1,10.89434,1
prefill,eager,4,2048,93,sp_dispatch,3,10.49190,1
prefill,eager,4,2048,94,tp_ar,3,11.98490,1
prefill,eager,4,2048,94,tp_ar_vllm,2,12.00435,1
prefill,eager,4,2048,94,sp_nccl,0,11.99411,1
prefill,eager,4,2048,94,sp_flux,1,10.45402,1
prefill,eager,4,2048,94,sp_rsflux,5,10.66701,1
prefill,eager,4,2048,94,sp_dispatch,4,10.40282,1
prefill,eager,4,2048,95,tp_ar,3,11.94394,1
prefill,eager,4,2048,95,tp_ar_vllm,0,11.97670,1
prefill,eager,4,2048,95,sp_nccl,1,11.79238,1
prefill,eager,4,2048,95,sp_flux,5,10.41715,1
prefill,eager,4,2048,95,sp_rsflux,2,10.65472,1
prefill,eager,4,2048,95,sp_dispatch,4,10.32499,1
prefill,eager,4,2048,96,tp_ar,1,12.28800,1
prefill,eager,4,2048,96,tp_ar_vllm,5,12.05965,1
prefill,eager,4,2048,96,sp_nccl,4,11.87430,1
prefill,eager,4,2048,96,sp_flux,3,10.46528,1
prefill,eager,4,2048,96,sp_rsflux,2,10.92506,1
prefill,eager,4,2048,96,sp_dispatch,0,10.64141,1
prefill,eager,4,2048,97,tp_ar,4,11.98490,1
prefill,eager,4,2048,97,tp_ar_vllm,2,11.97670,1
prefill,eager,4,2048,97,sp_nccl,1,11.84666,1
prefill,eager,4,2048,97,sp_flux,5,10.39565,1
prefill,eager,4,2048,97,sp_rsflux,0,10.75098,1
prefill,eager,4,2048,97,sp_dispatch,3,10.39053,1
prefill,eager,4,2048,98,tp_ar,4,12.29414,1
prefill,eager,4,2048,98,tp_ar_vllm,5,12.15590,1
prefill,eager,4,2048,98,sp_nccl,3,12.07501,1
prefill,eager,4,2048,98,sp_flux,0,10.40077,1
prefill,eager,4,2048,98,sp_rsflux,2,11.02336,1
prefill,eager,4,2048,98,sp_dispatch,1,10.55949,1
prefill,eager,4,2048,99,tp_ar,4,12.00435,1
prefill,eager,4,2048,99,tp_ar_vllm,2,11.89990,1
prefill,eager,4,2048,99,sp_nccl,0,11.81798,1
prefill,eager,4,2048,99,sp_flux,5,10.40077,1
prefill,eager,4,2048,99,sp_rsflux,1,10.63014,1
prefill,eager,4,2048,99,sp_dispatch,3,10.35571,1
prefill,eager,4,2048,100,tp_ar,4,12.26138,1
prefill,eager,4,2048,100,tp_ar_vllm,5,12.11187,1
prefill,eager,4,2048,100,sp_nccl,1,12.04531,1
prefill,eager,4,2048,100,sp_flux,2,10.61888,1
prefill,eager,4,2048,100,sp_rsflux,0,11.01210,1
prefill,eager,4,2048,100,sp_dispatch,3,10.44275,1
prefill,eager,4,2048,101,tp_ar,2,11.99309,1
prefill,eager,4,2048,101,tp_ar_vllm,0,12.05658,1
prefill,eager,4,2048,101,sp_nccl,3,11.85280,1
prefill,eager,4,2048,101,sp_flux,5,10.50214,1
prefill,eager,4,2048,101,sp_rsflux,4,10.65472,1
prefill,eager,4,2048,101,sp_dispatch,1,10.42227,1
prefill,eager,4,2048,102,tp_ar,3,12.17229,1
prefill,eager,4,2048,102,tp_ar_vllm,4,12.16205,1
prefill,eager,4,2048,102,sp_nccl,1,12.06579,1
prefill,eager,4,2048,102,sp_flux,0,10.45299,1
prefill,eager,4,2048,102,sp_rsflux,2,10.88307,1
prefill,eager,4,2048,102,sp_dispatch,5,10.45606,1
prefill,eager,4,2048,103,tp_ar,2,12.23373,1
prefill,eager,4,2048,103,tp_ar_vllm,4,12.15386,1
prefill,eager,4,2048,103,sp_nccl,5,11.87328,1
prefill,eager,4,2048,103,sp_flux,0,10.50829,1
prefill,eager,4,2048,103,sp_rsflux,3,10.85645,1
prefill,eager,4,2048,103,sp_dispatch,1,10.52262,1
prefill,eager,4,2048,104,tp_ar,5,12.15898,1
prefill,eager,4,2048,104,tp_ar_vllm,0,11.97670,1
prefill,eager,4,2048,104,sp_nccl,3,11.84973,1
prefill,eager,4,2048,104,sp_flux,4,10.51955,1
prefill,eager,4,2048,104,sp_rsflux,1,10.68134,1
prefill,eager,4,2048,104,sp_dispatch,2,10.29427,1
prefill,eager,4,2048,105,tp_ar,4,12.32077,1
prefill,eager,4,2048,105,tp_ar_vllm,5,12.15488,1
prefill,eager,4,2048,105,sp_nccl,3,12.20710,1
prefill,eager,4,2048,105,sp_flux,2,10.45606,1
prefill,eager,4,2048,105,sp_rsflux,0,10.82982,1
prefill,eager,4,2048,105,sp_dispatch,1,10.40179,1
prefill,eager,4,2048,106,tp_ar,1,12.08115,1
prefill,eager,4,2048,106,tp_ar_vllm,3,12.05658,1
prefill,eager,4,2048,106,sp_nccl,5,11.86816,1
prefill,eager,4,2048,106,sp_flux,4,10.44378,1
prefill,eager,4,2048,106,sp_rsflux,0,10.83494,1
prefill,eager,4,2048,106,sp_dispatch,2,10.39974,1
prefill,eager,4,2048,107,tp_ar,0,12.00026,1
prefill,eager,4,2048,107,tp_ar_vllm,1,11.99821,1
prefill,eager,4,2048,107,sp_nccl,5,12.08422,1
prefill,eager,4,2048,107,sp_flux,3,10.39565,1
prefill,eager,4,2048,107,sp_rsflux,2,10.68646,1
prefill,eager,4,2048,107,sp_dispatch,4,10.47142,1
prefill,eager,4,2048,108,tp_ar,1,12.10163,1
prefill,eager,4,2048,108,tp_ar_vllm,5,12.09344,1
prefill,eager,4,2048,108,sp_nccl,3,11.93267,1
prefill,eager,4,2048,108,sp_flux,2,10.45811,1
prefill,eager,4,2048,108,sp_rsflux,0,10.82061,1
prefill,eager,4,2048,108,sp_dispatch,4,10.42534,1
prefill,eager,4,2048,109,tp_ar,0,12.07398,1
prefill,eager,4,2048,109,tp_ar_vllm,1,12.01869,1
prefill,eager,4,2048,109,sp_nccl,2,11.75859,1
prefill,eager,4,2048,109,sp_flux,5,10.39360,1
prefill,eager,4,2048,109,sp_rsflux,4,10.59942,1
prefill,eager,4,2048,109,sp_dispatch,3,10.29939,1
prefill,eager,4,2048,110,tp_ar,0,12.11290,1
prefill,eager,4,2048,110,tp_ar_vllm,5,12.10061,1
prefill,eager,4,2048,110,sp_nccl,3,11.98592,1
prefill,eager,4,2048,110,sp_flux,4,10.56666,1
prefill,eager,4,2048,110,sp_rsflux,2,10.80730,1
prefill,eager,4,2048,110,sp_dispatch,1,10.54618,1
prefill,eager,4,2048,111,tp_ar,2,11.97670,1
prefill,eager,4,2048,111,tp_ar_vllm,1,12.00947,1
prefill,eager,4,2048,111,sp_nccl,0,11.90707,1
prefill,eager,4,2048,111,sp_flux,4,10.48576,1
prefill,eager,4,2048,111,sp_rsflux,5,10.73766,1
prefill,eager,4,2048,111,sp_dispatch,3,10.41920,1
prefill,eager,4,2048,112,tp_ar,1,12.19891,1
prefill,eager,4,2048,112,tp_ar_vllm,0,12.11699,1
prefill,eager,4,2048,112,sp_nccl,2,11.90400,1
prefill,eager,4,2048,112,sp_flux,5,10.40794,1
prefill,eager,4,2048,112,sp_rsflux,3,10.68954,1
prefill,eager,4,2048,112,sp_dispatch,4,10.30349,1
prefill,eager,4,2048,113,tp_ar,0,12.27366,1
prefill,eager,4,2048,113,tp_ar_vllm,1,12.20710,1
prefill,eager,4,2048,113,sp_nccl,2,12.00128,1
prefill,eager,4,2048,113,sp_flux,5,10.34854,1
prefill,eager,4,2048,113,sp_rsflux,3,10.72435,1
prefill,eager,4,2048,113,sp_dispatch,4,10.46733,1
prefill,eager,4,2048,114,tp_ar,3,12.19482,1
prefill,eager,4,2048,114,tp_ar_vllm,2,12.22451,1
prefill,eager,4,2048,114,sp_nccl,1,12.08320,1
prefill,eager,4,2048,114,sp_flux,4,10.45402,1
prefill,eager,4,2048,114,sp_rsflux,5,10.69466,1
prefill,eager,4,2048,114,sp_dispatch,0,10.55642,1
prefill,eager,4,2048,115,tp_ar,5,12.14362,1
prefill,eager,4,2048,115,tp_ar_vllm,2,12.19379,1
prefill,eager,4,2048,115,sp_nccl,1,11.93472,1
prefill,eager,4,2048,115,sp_flux,0,10.51648,1
prefill,eager,4,2048,115,sp_rsflux,4,10.75200,1
prefill,eager,4,2048,115,sp_dispatch,3,10.59840,1
prefill,eager,4,2048,116,tp_ar,5,12.16717,1
prefill,eager,4,2048,116,tp_ar_vllm,0,12.05760,1
prefill,eager,4,2048,116,sp_nccl,2,11.93574,1
prefill,eager,4,2048,116,sp_flux,4,10.45811,1
prefill,eager,4,2048,116,sp_rsflux,1,10.72538,1
prefill,eager,4,2048,116,sp_dispatch,3,10.42944,1
prefill,eager,4,2048,117,tp_ar,2,12.22861,1
prefill,eager,4,2048,117,tp_ar_vllm,4,12.00538,1
prefill,eager,4,2048,117,sp_nccl,1,12.09242,1
prefill,eager,4,2048,117,sp_flux,0,10.55949,1
prefill,eager,4,2048,117,sp_rsflux,3,10.81242,1
prefill,eager,4,2048,117,sp_dispatch,5,10.38336,1
prefill,eager,4,2048,118,tp_ar,0,11.95315,1
prefill,eager,4,2048,118,tp_ar_vllm,2,12.00845,1
prefill,eager,4,2048,118,sp_nccl,3,11.78317,1
prefill,eager,4,2048,118,sp_flux,5,10.43354,1
prefill,eager,4,2048,118,sp_rsflux,1,10.66701,1
prefill,eager,4,2048,118,sp_dispatch,4,10.31270,1
prefill,eager,4,2048,119,tp_ar,4,12.28288,1
prefill,eager,4,2048,119,tp_ar_vllm,3,12.22758,1
prefill,eager,4,2048,119,sp_nccl,5,11.95008,1
prefill,eager,4,2048,119,sp_flux,2,10.54413,1
prefill,eager,4,2048,119,sp_rsflux,1,10.95987,1
prefill,eager,4,2048,119,sp_dispatch,0,10.51136,1
prefill,eager,4,2048,120,tp_ar,5,12.18150,1
prefill,eager,4,2048,120,tp_ar_vllm,4,12.08115,1
prefill,eager,4,2048,120,sp_nccl,2,11.85997,1
prefill,eager,4,2048,120,sp_flux,1,10.42022,1
prefill,eager,4,2048,120,sp_rsflux,0,10.82573,1
prefill,eager,4,2048,120,sp_dispatch,3,10.58816,1
prefill,eager,4,2048,121,tp_ar,0,11.95930,1
prefill,eager,4,2048,121,tp_ar_vllm,4,11.98490,1
prefill,eager,4,2048,121,sp_nccl,2,11.80570,1
prefill,eager,4,2048,121,sp_flux,1,10.41306,1
prefill,eager,4,2048,121,sp_rsflux,3,10.68954,1
prefill,eager,4,2048,121,sp_dispatch,5,10.38438,1
prefill,eager,4,2048,122,tp_ar,3,12.10163,1
prefill,eager,4,2048,122,tp_ar_vllm,2,12.04634,1
prefill,eager,4,2048,122,sp_nccl,0,11.81491,1
prefill,eager,4,2048,122,sp_flux,1,10.46938,1
prefill,eager,4,2048,122,sp_rsflux,4,10.66086,1
prefill,eager,4,2048,122,sp_dispatch,5,10.32909,1
prefill,eager,4,2048,123,tp_ar,4,12.03917,1
prefill,eager,4,2048,123,tp_ar_vllm,0,12.05146,1
prefill,eager,4,2048,123,sp_nccl,1,11.91834,1
prefill,eager,4,2048,123,sp_flux,3,10.50317,1
prefill,eager,4,2048,123,sp_rsflux,2,10.72640,1
prefill,eager,4,2048,123,sp_dispatch,5,10.42022,1
prefill,eager,4,2048,124,tp_ar,5,12.11085,1
prefill,eager,4,2048,124,tp_ar_vllm,0,12.01050,1
prefill,eager,4,2048,124,sp_nccl,1,11.94803,1
prefill,eager,4,2048,124,sp_flux,2,10.44173,1
prefill,eager,4,2048,124,sp_rsflux,3,10.67315,1
prefill,eager,4,2048,124,sp_dispatch,4,10.36595,1
prefill,eager,4,2048,125,tp_ar,3,12.20915,1
prefill,eager,4,2048,125,tp_ar_vllm,4,12.20301,1
prefill,eager,4,2048,125,sp_nccl,5,11.90810,1
prefill,eager,4,2048,125,sp_flux,0,10.45299,1
prefill,eager,4,2048,125,sp_rsflux,1,10.73562,1
prefill,eager,4,2048,125,sp_dispatch,2,10.50624,1
prefill,eager,4,2048,126,tp_ar,0,12.05555,1
prefill,eager,4,2048,126,tp_ar_vllm,2,11.99309,1
prefill,eager,4,2048,126,sp_nccl,4,11.90605,1
prefill,eager,4,2048,126,sp_flux,1,10.43046,1
prefill,eager,4,2048,126,sp_rsflux,3,10.73869,1
prefill,eager,4,2048,126,sp_dispatch,5,10.40282,1
prefill,eager,4,2048,127,tp_ar,2,12.07706,1
prefill,eager,4,2048,127,tp_ar_vllm,1,12.04838,1
prefill,eager,4,2048,127,sp_nccl,5,11.83744,1
prefill,eager,4,2048,127,sp_flux,3,10.58714,1
prefill,eager,4,2048,127,sp_rsflux,4,10.76634,1
prefill,eager,4,2048,127,sp_dispatch,0,10.42842,1
prefill,eager,4,2048,128,tp_ar,4,12.12314,1
prefill,eager,4,2048,128,tp_ar_vllm,5,12.03098,1
prefill,eager,4,2048,128,sp_nccl,1,12.03098,1
prefill,eager,4,2048,128,sp_flux,0,10.46118,1
prefill,eager,4,2048,128,sp_rsflux,3,10.73766,1
prefill,eager,4,2048,128,sp_dispatch,2,10.46426,1
prefill,eager,4,2048,129,tp_ar,0,11.99718,1
prefill,eager,4,2048,129,tp_ar_vllm,5,12.14976,1
prefill,eager,4,2048,129,sp_nccl,2,11.86611,1
prefill,eager,4,2048,129,sp_flux,1,10.41101,1
prefill,eager,4,2048,129,sp_rsflux,4,10.73766,1
prefill,eager,4,2048,129,sp_dispatch,3,10.39667,1
prefill,eager,4,2048,130,tp_ar,5,12.10675,1
prefill,eager,4,2048,130,tp_ar_vllm,2,12.20301,1
prefill,eager,4,2048,130,sp_nccl,1,11.97466,1
prefill,eager,4,2048,130,sp_flux,0,10.42944,1
prefill,eager,4,2048,130,sp_rsflux,4,10.71923,1
prefill,eager,4,2048,130,sp_dispatch,3,10.46528,1
prefill,eager,4,2048,131,tp_ar,0,12.00742,1
prefill,eager,4,2048,131,tp_ar_vllm,1,11.96749,1
prefill,eager,4,2048,131,sp_nccl,5,12.02381,1
prefill,eager,4,2048,131,sp_flux,3,10.46016,1
prefill,eager,4,2048,131,sp_rsflux,4,10.84518,1
prefill,eager,4,2048,131,sp_dispatch,2,10.33318,1
prefill,eager,4,2048,132,tp_ar,0,12.13952,1
prefill,eager,4,2048,132,tp_ar_vllm,3,12.02790,1
prefill,eager,4,2048,132,sp_nccl,5,11.87533,1
prefill,eager,4,2048,132,sp_flux,4,10.46630,1
prefill,eager,4,2048,132,sp_rsflux,1,10.77043,1
prefill,eager,4,2048,132,sp_dispatch,2,10.40384,1
prefill,eager,4,2048,133,tp_ar,2,12.23578,1
prefill,eager,4,2048,133,tp_ar_vllm,5,12.05043,1
prefill,eager,4,2048,133,sp_nccl,4,11.97773,1
prefill,eager,4,2048,133,sp_flux,0,10.47757,1
prefill,eager,4,2048,133,sp_rsflux,3,10.89229,1
prefill,eager,4,2048,133,sp_dispatch,1,10.49907,1
prefill,eager,4,2048,134,tp_ar,0,12.02176,1
prefill,eager,4,2048,134,tp_ar_vllm,5,12.11699,1
prefill,eager,4,2048,134,sp_nccl,4,12.08218,1
prefill,eager,4,2048,134,sp_flux,2,10.43661,1
prefill,eager,4,2048,134,sp_rsflux,1,10.67418,1
prefill,eager,4,2048,134,sp_dispatch,3,10.44890,1
prefill,eager,4,2048,135,tp_ar,2,12.04122,1
prefill,eager,4,2048,135,tp_ar_vllm,0,12.05862,1
prefill,eager,4,2048,135,sp_nccl,3,11.91526,1
prefill,eager,4,2048,135,sp_flux,1,10.42842,1
prefill,eager,4,2048,135,sp_rsflux,4,10.70285,1
prefill,eager,4,2048,135,sp_dispatch,5,10.46221,1
prefill,eager,4,2048,136,tp_ar,4,12.31667,1
prefill,eager,4,2048,136,tp_ar_vllm,5,12.05862,1
prefill,eager,4,2048,136,sp_nccl,3,12.17024,1
prefill,eager,4,2048,136,sp_flux,0,10.39258,1
prefill,eager,4,2048,136,sp_rsflux,2,10.92710,1
prefill,eager,4,2048,136,sp_dispatch,1,10.57280,1
prefill,eager,4,2048,137,tp_ar,0,12.07398,1
prefill,eager,4,2048,137,tp_ar_vllm,4,12.10368,1
prefill,eager,4,2048,137,sp_nccl,1,11.78522,1
prefill,eager,4,2048,137,sp_flux,3,10.42227,1
prefill,eager,4,2048,137,sp_rsflux,5,10.82368,1
prefill,eager,4,2048,137,sp_dispatch,2,10.30144,1
prefill,eager,4,2048,138,tp_ar,2,11.96954,1
prefill,eager,4,2048,138,tp_ar_vllm,4,11.95930,1
prefill,eager,4,2048,138,sp_nccl,0,11.90195,1
prefill,eager,4,2048,138,sp_flux,5,10.39770,1
prefill,eager,4,2048,138,sp_rsflux,3,10.69978,1
prefill,eager,4,2048,138,sp_dispatch,1,10.53082,1
prefill,eager,4,2048,139,tp_ar,4,12.02995,1
prefill,eager,4,2048,139,tp_ar_vllm,3,12.08832,1
prefill,eager,4,2048,139,sp_nccl,2,11.86304,1
prefill,eager,4,2048,139,sp_flux,5,10.42637,1
prefill,eager,4,2048,139,sp_rsflux,0,10.70387,1
prefill,eager,4,2048,139,sp_dispatch,1,10.38950,1
prefill,eager,4,2048,140,tp_ar,1,12.09549,1
prefill,eager,4,2048,140,tp_ar_vllm,5,12.09037,1
prefill,eager,4,2048,140,sp_nccl,3,11.92858,1
prefill,eager,4,2048,140,sp_flux,2,10.45811,1
prefill,eager,4,2048,140,sp_rsflux,0,10.67827,1
prefill,eager,4,2048,140,sp_dispatch,4,10.54618,1
prefill,eager,4,2048,141,tp_ar,0,12.13030,1
prefill,eager,4,2048,141,tp_ar_vllm,3,12.03814,1
prefill,eager,4,2048,141,sp_nccl,2,11.82310,1
prefill,eager,4,2048,141,sp_flux,1,10.51853,1
prefill,eager,4,2048,141,sp_rsflux,4,10.70899,1
prefill,eager,4,2048,141,sp_dispatch,5,10.37414,1
prefill,eager,4,2048,142,tp_ar,4,12.14566,1
prefill,eager,4,2048,142,tp_ar_vllm,2,12.26752,1
prefill,eager,4,2048,142,sp_nccl,5,11.95418,1
prefill,eager,4,2048,142,sp_flux,1,10.43456,1
prefill,eager,4,2048,142,sp_rsflux,0,10.73766,1
prefill,eager,4,2048,142,sp_dispatch,3,10.60352,1
prefill,eager,4,2048,143,tp_ar,3,11.99002,1
prefill,eager,4,2048,143,tp_ar_vllm,0,12.07603,1
prefill,eager,4,2048,143,sp_nccl,4,11.89786,1
prefill,eager,4,2048,143,sp_flux,5,10.44070,1
prefill,eager,4,2048,143,sp_rsflux,2,10.65574,1
prefill,eager,4,2048,143,sp_dispatch,1,10.38029,1
prefill,eager,4,2048,144,tp_ar,2,12.29824,1
prefill,eager,4,2048,144,tp_ar_vllm,3,12.11597,1
prefill,eager,4,2048,144,sp_nccl,1,12.05453,1
prefill,eager,4,2048,144,sp_flux,0,10.43354,1
prefill,eager,4,2048,144,sp_rsflux,4,10.70592,1
prefill,eager,4,2048,144,sp_dispatch,5,10.43968,1
prefill,eager,4,2048,145,tp_ar,1,12.16102,1
prefill,eager,4,2048,145,tp_ar_vllm,2,12.15283,1
prefill,eager,4,2048,145,sp_nccl,5,11.92960,1
prefill,eager,4,2048,145,sp_flux,4,10.45811,1
prefill,eager,4,2048,145,sp_rsflux,3,10.74483,1
prefill,eager,4,2048,145,sp_dispatch,0,10.34854,1
prefill,eager,4,2048,146,tp_ar,3,12.02688,1
prefill,eager,4,2048,146,tp_ar_vllm,5,12.06477,1
prefill,eager,4,2048,146,sp_nccl,1,11.88864,1
prefill,eager,4,2048,146,sp_flux,4,10.46118,1
prefill,eager,4,2048,146,sp_rsflux,0,10.74790,1
prefill,eager,4,2048,146,sp_dispatch,2,10.48474,1
prefill,eager,4,2048,147,tp_ar,0,12.14259,1
prefill,eager,4,2048,147,tp_ar_vllm,3,11.90298,1
prefill,eager,4,2048,147,sp_nccl,1,11.90400,1
prefill,eager,4,2048,147,sp_flux,5,10.47552,1
prefill,eager,4,2048,147,sp_rsflux,2,10.73971,1
prefill,eager,4,2048,147,sp_dispatch,4,10.33421,1
prefill,eager,4,2048,148,tp_ar,3,12.17946,1
prefill,eager,4,2048,148,tp_ar_vllm,5,12.21939,1
prefill,eager,4,2048,148,sp_nccl,0,11.95418,1
prefill,eager,4,2048,148,sp_flux,4,10.49907,1
prefill,eager,4,2048,148,sp_rsflux,1,10.97933,1
prefill,eager,4,2048,148,sp_dispatch,2,10.41715,1
prefill,eager,4,2048,149,tp_ar,0,12.25523,1
prefill,eager,4,2048,149,tp_ar_vllm,5,12.19174,1
prefill,eager,4,2048,149,sp_nccl,1,11.92448,1
prefill,eager,4,2048,149,sp_flux,2,10.50317,1
prefill,eager,4,2048,149,sp_rsflux,4,10.72538,1
prefill,eager,4,2048,149,sp_dispatch,3,10.35059,1
prefill,eager,4,2048,150,tp_ar,5,12.10778,1
prefill,eager,4,2048,150,tp_ar_vllm,0,12.13030,1
prefill,eager,4,2048,150,sp_nccl,3,11.96749,1
prefill,eager,4,2048,150,sp_flux,2,10.49907,1
prefill,eager,4,2048,150,sp_rsflux,4,10.84416,1
prefill,eager,4,2048,150,sp_dispatch,1,10.47552,1
prefill,eager,4,2048,151,tp_ar,5,12.13133,1
prefill,eager,4,2048,151,tp_ar_vllm,0,12.03610,1
prefill,eager,4,2048,151,sp_nccl,2,11.97056,1
prefill,eager,4,2048,151,sp_flux,1,10.43354,1
prefill,eager,4,2048,151,sp_rsflux,3,10.85645,1
prefill,eager,4,2048,151,sp_dispatch,4,10.37210,1
prefill,eager,4,2048,152,tp_ar,0,12.02278,1
prefill,eager,4,2048,152,tp_ar_vllm,1,11.99718,1
prefill,eager,4,2048,152,sp_nccl,5,11.89888,1
prefill,eager,4,2048,152,sp_flux,2,10.43149,1
prefill,eager,4,2048,152,sp_rsflux,3,10.68032,1
prefill,eager,4,2048,152,sp_dispatch,4,10.38643,1
prefill,eager,4,2048,153,tp_ar,5,12.15795,1
prefill,eager,4,2048,153,tp_ar_vllm,4,12.10061,1
prefill,eager,4,2048,153,sp_nccl,2,11.81082,1
prefill,eager,4,2048,153,sp_flux,3,10.53184,1
prefill,eager,4,2048,153,sp_rsflux,0,10.86157,1
prefill,eager,4,2048,153,sp_dispatch,1,10.45709,1
prefill,eager,4,2048,154,tp_ar,5,12.11597,1
prefill,eager,4,2048,154,tp_ar_vllm,3,12.24397,1
prefill,eager,4,2048,154,sp_nccl,4,11.95622,1
prefill,eager,4,2048,154,sp_flux,1,10.46323,1
prefill,eager,4,2048,154,sp_rsflux,2,10.74995,1
prefill,eager,4,2048,154,sp_dispatch,0,10.42432,1
prefill,eager,4,2048,155,tp_ar,5,12.17434,1
prefill,eager,4,2048,155,tp_ar_vllm,4,12.25011,1
prefill,eager,4,2048,155,sp_nccl,3,12.02278,1
prefill,eager,4,2048,155,sp_flux,0,10.56051,1
prefill,eager,4,2048,155,sp_rsflux,2,10.77350,1
prefill,eager,4,2048,155,sp_dispatch,1,10.45197,1
prefill,eager,4,2048,156,tp_ar,0,12.22656,1
prefill,eager,4,2048,156,tp_ar_vllm,1,12.11187,1
prefill,eager,4,2048,156,sp_nccl,3,11.82515,1
prefill,eager,4,2048,156,sp_flux,2,10.45606,1
prefill,eager,4,2048,156,sp_rsflux,4,10.72742,1
prefill,eager,4,2048,156,sp_dispatch,5,10.48474,1
prefill,eager,4,2048,157,tp_ar,1,12.12518,1
prefill,eager,4,2048,157,tp_ar_vllm,2,12.09242,1
prefill,eager,4,2048,157,sp_nccl,4,11.83744,1
prefill,eager,4,2048,157,sp_flux,3,10.42842,1
prefill,eager,4,2048,157,sp_rsflux,0,10.69773,1
prefill,eager,4,2048,157,sp_dispatch,5,10.56768,1
prefill,eager,4,2048,158,tp_ar,3,12.30541,1
prefill,eager,4,2048,158,tp_ar_vllm,2,12.22349,1
prefill,eager,4,2048,158,sp_nccl,5,11.84461,1
prefill,eager,4,2048,158,sp_flux,1,10.43866,1
prefill,eager,4,2048,158,sp_rsflux,0,10.68134,1
prefill,eager,4,2048,158,sp_dispatch,4,10.55232,1
prefill,eager,4,2048,159,tp_ar,1,12.06784,1
prefill,eager,4,2048,159,tp_ar_vllm,5,12.05555,1
prefill,eager,4,2048,159,sp_nccl,3,11.96749,1
prefill,eager,4,2048,159,sp_flux,2,10.46835,1
prefill,eager,4,2048,159,sp_rsflux,4,10.79910,1
prefill,eager,4,2048,159,sp_dispatch,0,10.49190,1
prefill,eager,4,2048,160,tp_ar,1,12.03712,1
prefill,eager,4,2048,160,tp_ar_vllm,5,12.17126,1
prefill,eager,4,2048,160,sp_nccl,4,11.96339,1
prefill,eager,4,2048,160,sp_flux,2,10.36288,1
prefill,eager,4,2048,160,sp_rsflux,0,10.70285,1
prefill,eager,4,2048,160,sp_dispatch,3,10.42330,1
prefill,eager,4,2048,161,tp_ar,5,12.05760,1
prefill,eager,4,2048,161,tp_ar_vllm,4,12.04122,1
prefill,eager,4,2048,161,sp_nccl,2,11.92346,1
prefill,eager,4,2048,161,sp_flux,1,10.49805,1
prefill,eager,4,2048,161,sp_rsflux,0,10.78477,1
prefill,eager,4,2048,161,sp_dispatch,3,10.58611,1
prefill,eager,4,2048,162,tp_ar,2,12.19482,1
prefill,eager,4,2048,162,tp_ar_vllm,4,12.16717,1
prefill,eager,4,2048,162,sp_nccl,3,11.95520,1
prefill,eager,4,2048,162,sp_flux,0,10.40691,1
prefill,eager,4,2048,162,sp_rsflux,5,10.69670,1
prefill,eager,4,2048,162,sp_dispatch,1,10.51341,1
prefill,eager,4,2048,163,tp_ar,5,12.05658,1
prefill,eager,4,2048,163,tp_ar_vllm,0,11.97158,1
prefill,eager,4,2048,163,sp_nccl,2,11.84461,1
prefill,eager,4,2048,163,sp_flux,1,10.41715,1
prefill,eager,4,2048,163,sp_rsflux,3,10.76019,1
prefill,eager,4,2048,163,sp_dispatch,4,10.48678,1
prefill,eager,4,2048,164,tp_ar,1,12.05658,1
prefill,eager,4,2048,164,tp_ar_vllm,3,12.05248,1
prefill,eager,4,2048,164,sp_nccl,5,11.94701,1
prefill,eager,4,2048,164,sp_flux,4,10.47552,1
prefill,eager,4,2048,164,sp_rsflux,0,10.73459,1
prefill,eager,4,2048,164,sp_dispatch,2,10.39360,1
prefill,eager,4,2048,165,tp_ar,4,12.10061,1
prefill,eager,4,2048,165,tp_ar_vllm,3,12.19174,1
prefill,eager,4,2048,165,sp_nccl,0,11.89376,1
prefill,eager,4,2048,165,sp_flux,1,10.50214,1
prefill,eager,4,2048,165,sp_rsflux,5,10.74790,1
prefill,eager,4,2048,165,sp_dispatch,2,10.48883,1
prefill,eager,4,2048,166,tp_ar,2,12.11597,1
prefill,eager,4,2048,166,tp_ar_vllm,4,12.08115,1
prefill,eager,4,2048,166,sp_nccl,3,11.95520,1
prefill,eager,4,2048,166,sp_flux,5,10.43558,1
prefill,eager,4,2048,166,sp_rsflux,1,10.63526,1
prefill,eager,4,2048,166,sp_dispatch,0,10.43354,1
prefill,eager,4,2048,167,tp_ar,3,12.31565,1
prefill,eager,4,2048,167,tp_ar_vllm,4,12.32486,1
prefill,eager,4,2048,167,sp_nccl,5,12.00435,1
prefill,eager,4,2048,167,sp_flux,0,10.41510,1
prefill,eager,4,2048,167,sp_rsflux,1,10.83494,1
prefill,eager,4,2048,167,sp_dispatch,2,10.56870,1
prefill,eager,4,2048,168,tp_ar,1,12.07194,1
prefill,eager,4,2048,168,tp_ar_vllm,3,11.88966,1
prefill,eager,4,2048,168,sp_nccl,0,11.88045,1
prefill,eager,4,2048,168,sp_flux,5,10.46630,1
prefill,eager,4,2048,168,sp_rsflux,2,10.64141,1
prefill,eager,4,2048,168,sp_dispatch,4,10.31373,1
prefill,eager,4,2048,169,tp_ar,4,12.22451,1
prefill,eager,4,2048,169,tp_ar_vllm,3,12.23168,1
prefill,eager,4,2048,169,sp_nccl,1,12.12518,1
prefill,eager,4,2048,169,sp_flux,2,10.57075,1
prefill,eager,4,2048,169,sp_rsflux,5,10.82470,1
prefill,eager,4,2048,169,sp_dispatch,0,10.45299,1
prefill,eager,4,2048,170,tp_ar,3,12.17434,1
prefill,eager,4,2048,170,tp_ar_vllm,4,12.19891,1
prefill,eager,4,2048,170,sp_nccl,1,11.90707,1
prefill,eager,4,2048,170,sp_flux,0,10.41101,1
prefill,eager,4,2048,170,sp_rsflux,5,10.74278,1
prefill,eager,4,2048,170,sp_dispatch,2,10.47245,1
prefill,eager,4,2048,171,tp_ar,3,12.08627,1
prefill,eager,4,2048,171,tp_ar_vllm,5,12.11085,1
prefill,eager,4,2048,171,sp_nccl,0,12.10675,1
prefill,eager,4,2048,171,sp_flux,2,10.43866,1
prefill,eager,4,2048,171,sp_rsflux,1,10.70694,1
prefill,eager,4,2048,171,sp_dispatch,4,10.46221,1
prefill,eager,4,2048,172,tp_ar,3,12.11085,1
prefill,eager,4,2048,172,tp_ar_vllm,2,12.18458,1
prefill,eager,4,2048,172,sp_nccl,1,11.89478,1
prefill,eager,4,2048,172,sp_flux,0,10.50010,1
prefill,eager,4,2048,172,sp_rsflux,4,10.77658,1
prefill,eager,4,2048,172,sp_dispatch,5,10.42432,1
prefill,eager,4,2048,173,tp_ar,4,12.10778,1
prefill,eager,4,2048,173,tp_ar_vllm,5,12.06579,1
prefill,eager,4,2048,173,sp_nccl,1,11.98899,1
prefill,eager,4,2048,173,sp_flux,0,10.43149,1
prefill,eager,4,2048,173,sp_rsflux,2,10.84416,1
prefill,eager,4,2048,173,sp_dispatch,3,10.42125,1
prefill,eager,4,2048,174,tp_ar,5,12.13952,1
prefill,eager,4,2048,174,tp_ar_vllm,3,12.26342,1
prefill,eager,4,2048,174,sp_nccl,4,12.04941,1
prefill,eager,4,2048,174,sp_flux,1,10.47859,1
prefill,eager,4,2048,174,sp_rsflux,0,10.73869,1
prefill,eager,4,2048,174,sp_dispatch,2,10.43354,1
prefill,eager,4,2048,175,tp_ar,4,12.02586,1
prefill,eager,4,2048,175,tp_ar_vllm,1,12.01869,1
prefill,eager,4,2048,175,sp_nccl,2,11.92550,1
prefill,eager,4,2048,175,sp_flux,0,10.43046,1
prefill,eager,4,2048,175,sp_rsflux,3,10.70694,1
prefill,eager,4,2048,175,sp_dispatch,5,10.40077,1
prefill,eager,4,2048,176,tp_ar,1,12.20506,1
prefill,eager,4,2048,176,tp_ar_vllm,2,12.13133,1
prefill,eager,4,2048,176,sp_nccl,5,11.82822,1
prefill,eager,4,2048,176,sp_flux,0,10.46630,1
prefill,eager,4,2048,176,sp_rsflux,3,10.77965,1
prefill,eager,4,2048,176,sp_dispatch,4,10.45299,1
prefill,eager,4,2048,177,tp_ar,1,12.12621,1
prefill,eager,4,2048,177,tp_ar_vllm,2,12.09037,1
prefill,eager,4,2048,177,sp_nccl,4,11.84256,1
prefill,eager,4,2048,177,sp_flux,0,10.52160,1
prefill,eager,4,2048,177,sp_rsflux,3,10.77043,1
prefill,eager,4,2048,177,sp_dispatch,5,10.40794,1
prefill,eager,4,2048,178,tp_ar,1,12.00435,1
prefill,eager,4,2048,178,tp_ar_vllm,2,11.98490,1
prefill,eager,4,2048,178,sp_nccl,4,11.85075,1
prefill,eager,4,2048,178,sp_flux,3,10.41101,1
prefill,eager,4,2048,178,sp_rsflux,0,10.65062,1
prefill,eager,4,2048,178,sp_dispatch,5,10.47552,1
prefill,eager,4,2048,179,tp_ar,2,11.98490,1
prefill,eager,4,2048,179,tp_ar_vllm,0,12.08627,1
prefill,eager,4,2048,179,sp_nccl,4,11.93370,1
prefill,eager,4,2048,179,sp_flux,5,10.43558,1
prefill,eager,4,2048,179,sp_rsflux,1,10.70797,1
prefill,eager,4,2048,179,sp_dispatch,3,10.38541,1
prefill,eager,4,2048,180,tp_ar,0,12.10368,1
prefill,eager,4,2048,180,tp_ar_vllm,1,12.07706,1
prefill,eager,4,2048,180,sp_nccl,4,12.00640,1
prefill,eager,4,2048,180,sp_flux,2,10.47654,1
prefill,eager,4,2048,180,sp_rsflux,3,10.77453,1
prefill,eager,4,2048,180,sp_dispatch,5,10.51546,1
prefill,eager,4,2048,181,tp_ar,0,12.11597,1
prefill,eager,4,2048,181,tp_ar_vllm,1,12.05043,1
prefill,eager,4,2048,181,sp_nccl,4,11.93984,1
prefill,eager,4,2048,181,sp_flux,3,10.49395,1
prefill,eager,4,2048,181,sp_rsflux,2,10.72333,1
prefill,eager,4,2048,181,sp_dispatch,5,10.46835,1
prefill,eager,4,2048,182,tp_ar,3,12.14157,1
prefill,eager,4,2048,182,tp_ar_vllm,4,12.05658,1
prefill,eager,4,2048,182,sp_nccl,2,11.92448,1
prefill,eager,4,2048,182,sp_flux,5,10.47552,1
prefill,eager,4,2048,182,sp_rsflux,0,10.76429,1
prefill,eager,4,2048,182,sp_dispatch,1,10.38438,1
prefill,eager,4,2048,183,tp_ar,5,12.09754,1
prefill,eager,4,2048,183,tp_ar_vllm,1,12.27571,1
prefill,eager,4,2048,183,sp_nccl,2,12.11085,1
prefill,eager,4,2048,183,sp_flux,0,10.38438,1
prefill,eager,4,2048,183,sp_rsflux,3,10.77760,1
prefill,eager,4,2048,183,sp_dispatch,4,10.43763,1
prefill,eager,4,2048,184,tp_ar,0,13.55878,1
prefill,eager,4,2048,184,tp_ar_vllm,4,12.03098,1
prefill,eager,4,2048,184,sp_nccl,1,11.81286,1
prefill,eager,4,2048,184,sp_flux,3,10.39667,1
prefill,eager,4,2048,184,sp_rsflux,5,10.76224,1
prefill,eager,4,2048,184,sp_dispatch,2,10.40794,1
prefill,eager,4,2048,185,tp_ar,4,12.19891,1
prefill,eager,4,2048,185,tp_ar_vllm,2,12.33920,1
prefill,eager,4,2048,185,sp_nccl,5,12.05350,1
prefill,eager,4,2048,185,sp_flux,0,10.43661,1
prefill,eager,4,2048,185,sp_rsflux,3,10.91584,1
prefill,eager,4,2048,185,sp_dispatch,1,10.53184,1
prefill,eager,4,2048,186,tp_ar,0,11.97978,1
prefill,eager,4,2048,186,tp_ar_vllm,4,12.12416,1
prefill,eager,4,2048,186,sp_nccl,5,12.03610,1
prefill,eager,4,2048,186,sp_flux,3,10.38848,1
prefill,eager,4,2048,186,sp_rsflux,1,10.69568,1
prefill,eager,4,2048,186,sp_dispatch,2,10.47962,1
prefill,eager,4,2048,187,tp_ar,5,12.09242,1
prefill,eager,4,2048,187,tp_ar_vllm,2,12.12416,1
prefill,eager,4,2048,187,sp_nccl,3,11.91322,1
prefill,eager,4,2048,187,sp_flux,0,10.49293,1
prefill,eager,4,2048,187,sp_rsflux,4,10.79501,1
prefill,eager,4,2048,187,sp_dispatch,1,10.47347,1
prefill,eager,4,2048,188,tp_ar,4,12.19789,1
prefill,eager,4,2048,188,tp_ar_vllm,1,12.03814,1
prefill,eager,4,2048,188,sp_nccl,5,11.94598,1
prefill,eager,4,2048,188,sp_flux,3,10.45197,1
prefill,eager,4,2048,188,sp_rsflux,0,10.66906,1
prefill,eager,4,2048,188,sp_dispatch,2,10.44890,1
prefill,eager,4,2048,189,tp_ar,1,12.05043,1
prefill,eager,4,2048,189,tp_ar_vllm,0,12.06477,1
prefill,eager,4,2048,189,sp_nccl,3,11.76269,1
prefill,eager,4,2048,189,sp_flux,5,10.45606,1
prefill,eager,4,2048,189,sp_rsflux,2,10.65779,1
prefill,eager,4,2048,189,sp_dispatch,4,10.42125,1
prefill,eager,4,2048,190,tp_ar,3,12.32998,1
prefill,eager,4,2048,190,tp_ar_vllm,1,12.27059,1
prefill,eager,4,2048,190,sp_nccl,5,11.94803,1
prefill,eager,4,2048,190,sp_flux,4,10.57075,1
prefill,eager,4,2048,190,sp_rsflux,2,10.95987,1
prefill,eager,4,2048,190,sp_dispatch,0,10.45299,1
prefill,eager,4,2048,191,tp_ar,1,12.09242,1
prefill,eager,4,2048,191,tp_ar_vllm,2,12.13338,1
prefill,eager,4,2048,191,sp_nccl,4,11.79955,1
prefill,eager,4,2048,191,sp_flux,5,10.44275,1
prefill,eager,4,2048,191,sp_rsflux,0,10.79603,1
prefill,eager,4,2048,191,sp_dispatch,3,10.45709,1
prefill,eager,4,2048,192,tp_ar,3,12.19994,1
prefill,eager,4,2048,192,tp_ar_vllm,2,12.22042,1
prefill,eager,4,2048,192,sp_nccl,5,11.88966,1
prefill,eager,4,2048,192,sp_flux,0,10.51136,1
prefill,eager,4,2048,192,sp_rsflux,1,10.76941,1
prefill,eager,4,2048,192,sp_dispatch,4,10.56973,1
prefill,eager,4,2048,193,tp_ar,2,11.97056,1
prefill,eager,4,2048,193,tp_ar_vllm,5,12.06682,1
prefill,eager,4,2048,193,sp_nccl,0,11.89990,1
prefill,eager,4,2048,193,sp_flux,4,10.42739,1
prefill,eager,4,2048,193,sp_rsflux,3,10.64960,1
prefill,eager,4,2048,193,sp_dispatch,1,10.37722,1
prefill,eager,4,2048,194,tp_ar,5,12.20915,1
prefill,eager,4,2048,194,tp_ar_vllm,3,12.27469,1
prefill,eager,4,2048,194,sp_nccl,4,12.09958,1
prefill,eager,4,2048,194,sp_flux,1,10.45709,1
prefill,eager,4,2048,194,sp_rsflux,2,10.86362,1
prefill,eager,4,2048,194,sp_dispatch,0,10.44992,1
prefill,eager,4,2048,195,tp_ar,3,12.26138,1
prefill,eager,4,2048,195,tp_ar_vllm,5,12.08934,1
prefill,eager,4,2048,195,sp_nccl,4,12.03712,1
prefill,eager,4,2048,195,sp_flux,1,10.41818,1
prefill,eager,4,2048,195,sp_rsflux,0,10.64448,1
prefill,eager,4,2048,195,sp_dispatch,2,10.37210,1
prefill,eager,4,2048,196,tp_ar,1,12.02790,1
prefill,eager,4,2048,196,tp_ar_vllm,5,12.03814,1
prefill,eager,4,2048,196,sp_nccl,3,11.82106,1
prefill,eager,4,2048,196,sp_flux,0,10.45299,1
prefill,eager,4,2048,196,sp_rsflux,2,10.74483,1
prefill,eager,4,2048,196,sp_dispatch,4,10.42637,1
prefill,eager,4,2048,197,tp_ar,2,12.03507,1
prefill,eager,4,2048,197,tp_ar_vllm,1,12.02483,1
prefill,eager,4,2048,197,sp_nccl,3,11.73709,1
prefill,eager,4,2048,197,sp_flux,4,10.36800,1
prefill,eager,4,2048,197,sp_rsflux,0,10.72333,1
prefill,eager,4,2048,197,sp_dispatch,5,10.47552,1
prefill,eager,4,2048,198,tp_ar,3,12.34739,1
prefill,eager,4,2048,198,tp_ar_vllm,4,12.26547,1
prefill,eager,4,2048,198,sp_nccl,1,12.14362,1
prefill,eager,4,2048,198,sp_flux,0,10.39872,1
prefill,eager,4,2048,198,sp_rsflux,5,10.80218,1
prefill,eager,4,2048,198,sp_dispatch,2,10.60250,1
prefill,eager,4,2048,199,tp_ar,0,12.06477,1
prefill,eager,4,2048,199,tp_ar_vllm,1,12.03098,1
prefill,eager,4,2048,199,sp_nccl,3,11.84768,1
prefill,eager,4,2048,199,sp_flux,5,10.46118,1
prefill,eager,4,2048,199,sp_rsflux,4,10.68851,1
prefill,eager,4,2048,199,sp_dispatch,2,10.41306,1
prefill,eager,4,4096,0,tp_ar,2,22.21978,1
prefill,eager,4,4096,0,tp_ar_vllm,1,22.41331,1
prefill,eager,4,4096,0,sp_nccl,4,21.83782,1
prefill,eager,4,4096,0,sp_flux,5,20.39910,1
prefill,eager,4,4096,0,sp_rsflux,0,20.91520,1
prefill,eager,4,4096,0,sp_dispatch,3,18.58560,1
prefill,eager,4,4096,1,tp_ar,1,23.01235,1
prefill,eager,4,4096,1,tp_ar_vllm,2,22.69696,1
prefill,eager,4,4096,1,sp_nccl,5,22.13274,1
prefill,eager,4,4096,1,sp_flux,3,20.35610,1
prefill,eager,4,4096,1,sp_rsflux,4,20.27315,1
prefill,eager,4,4096,1,sp_dispatch,0,19.29011,1
prefill,eager,4,4096,2,tp_ar,2,22.87821,1
prefill,eager,4,4096,2,tp_ar_vllm,4,22.93658,1
prefill,eager,4,4096,2,sp_nccl,3,22.24845,1
prefill,eager,4,4096,2,sp_flux,0,20.48922,1
prefill,eager,4,4096,2,sp_rsflux,5,19.69357,1
prefill,eager,4,4096,2,sp_dispatch,1,19.17235,1
prefill,eager,4,4096,3,tp_ar,2,22.80550,1
prefill,eager,4,4096,3,tp_ar_vllm,0,22.41946,1
prefill,eager,4,4096,3,sp_nccl,4,21.66784,1
prefill,eager,4,4096,3,sp_flux,1,20.39808,1
prefill,eager,4,4096,3,sp_rsflux,3,20.04070,1
prefill,eager,4,4096,3,sp_dispatch,5,18.72896,1
prefill,eager,4,4096,4,tp_ar,4,22.81062,1
prefill,eager,4,4096,4,tp_ar_vllm,1,22.91814,1
prefill,eager,4,4096,4,sp_nccl,5,21.82042,1
prefill,eager,4,4096,4,sp_flux,0,20.60390,1
prefill,eager,4,4096,4,sp_rsflux,2,20.24448,1
prefill,eager,4,4096,4,sp_dispatch,3,19.11194,1
prefill,eager,4,4096,5,tp_ar,4,22.95091,1
prefill,eager,4,4096,5,tp_ar_vllm,0,22.29555,1
prefill,eager,4,4096,5,sp_nccl,1,21.36678,1
prefill,eager,4,4096,5,sp_flux,2,20.16256,1
prefill,eager,4,4096,5,sp_rsflux,3,20.19840,1
prefill,eager,4,4096,5,sp_dispatch,5,18.97677,1
prefill,eager,4,4096,6,tp_ar,0,22.64678,1
prefill,eager,4,4096,6,tp_ar_vllm,3,22.63757,1
prefill,eager,4,4096,6,sp_nccl,1,21.69344,1
prefill,eager,4,4096,6,sp_flux,2,20.27315,1
prefill,eager,4,4096,6,sp_rsflux,5,20.09088,1
prefill,eager,4,4096,6,sp_dispatch,4,19.08224,1
prefill,eager,4,4096,7,tp_ar,0,22.77171,1
prefill,eager,4,4096,7,tp_ar_vllm,5,23.08608,1
prefill,eager,4,4096,7,sp_nccl,2,21.81530,1
prefill,eager,4,4096,7,sp_flux,3,20.48410,1
prefill,eager,4,4096,7,sp_rsflux,1,19.95366,1
prefill,eager,4,4096,7,sp_dispatch,4,19.23891,1
prefill,eager,4,4096,8,tp_ar,2,22.59558,1
prefill,eager,4,4096,8,tp_ar_vllm,0,22.67546,1
prefill,eager,4,4096,8,sp_nccl,5,22.25357,1
prefill,eager,4,4096,8,sp_flux,4,20.66432,1
prefill,eager,4,4096,8,sp_rsflux,3,19.86560,1
prefill,eager,4,4096,8,sp_dispatch,1,18.82522,1
prefill,eager,4,4096,9,tp_ar,5,22.35494,1
prefill,eager,4,4096,9,tp_ar_vllm,2,23.03898,1
prefill,eager,4,4096,9,sp_nccl,3,21.98835,1
prefill,eager,4,4096,9,sp_flux,1,20.69811,1
prefill,eager,4,4096,9,sp_rsflux,4,19.74067,1
prefill,eager,4,4096,9,sp_dispatch,0,19.18259,1
prefill,eager,4,4096,10,tp_ar,3,22.64781,1
prefill,eager,4,4096,10,tp_ar_vllm,5,22.83110,1
prefill,eager,4,4096,10,sp_nccl,0,21.68730,1
prefill,eager,4,4096,10,sp_flux,4,20.46464,1
prefill,eager,4,4096,10,sp_rsflux,2,19.89530,1
prefill,eager,4,4096,10,sp_dispatch,1,18.61325,1
prefill,eager,4,4096,11,tp_ar,0,22.63040,1
prefill,eager,4,4096,11,tp_ar_vllm,3,22.34778,1
prefill,eager,4,4096,11,sp_nccl,2,21.68525,1
prefill,eager,4,4096,11,sp_flux,5,20.73395,1
prefill,eager,4,4096,11,sp_rsflux,1,19.76934,1
prefill,eager,4,4096,11,sp_dispatch,4,18.76582,1
prefill,eager,4,4096,12,tp_ar,3,22.43072,1
prefill,eager,4,4096,12,tp_ar_vllm,1,23.22227,1
prefill,eager,4,4096,12,sp_nccl,2,21.95661,1
prefill,eager,4,4096,12,sp_flux,5,20.53734,1
prefill,eager,4,4096,12,sp_rsflux,0,20.73088,1
prefill,eager,4,4096,12,sp_dispatch,4,18.71770,1
prefill,eager,4,4096,13,tp_ar,4,22.47987,1
prefill,eager,4,4096,13,tp_ar_vllm,1,23.47418,1
prefill,eager,4,4096,13,sp_nccl,3,21.89107,1
prefill,eager,4,4096,13,sp_flux,0,20.97254,1
prefill,eager,4,4096,13,sp_rsflux,2,20.26701,1
prefill,eager,4,4096,13,sp_dispatch,5,18.66752,1
prefill,eager,4,4096,14,tp_ar,2,22.56896,1
prefill,eager,4,4096,14,tp_ar_vllm,3,22.42355,1
prefill,eager,4,4096,14,sp_nccl,1,21.78253,1
prefill,eager,4,4096,14,sp_flux,5,20.54963,1
prefill,eager,4,4096,14,sp_rsflux,0,19.94547,1
prefill,eager,4,4096,14,sp_dispatch,4,18.65216,1
prefill,eager,4,4096,15,tp_ar,4,23.06662,1
prefill,eager,4,4096,15,tp_ar_vllm,1,23.02669,1
prefill,eager,4,4096,15,sp_nccl,5,22.00986,1
prefill,eager,4,4096,15,sp_flux,3,20.59469,1
prefill,eager,4,4096,15,sp_rsflux,0,20.58445,1
prefill,eager,4,4096,15,sp_dispatch,2,19.19795,1
prefill,eager,4,4096,16,tp_ar,5,22.81677,1
prefill,eager,4,4096,16,tp_ar_vllm,4,23.08301,1
prefill,eager,4,4096,16,sp_nccl,1,21.73030,1
prefill,eager,4,4096,16,sp_flux,3,20.70118,1
prefill,eager,4,4096,16,sp_rsflux,0,19.72634,1
prefill,eager,4,4096,16,sp_dispatch,2,18.86925,1
prefill,eager,4,4096,17,tp_ar,3,22.65293,1
prefill,eager,4,4096,17,tp_ar_vllm,1,22.39078,1
prefill,eager,4,4096,17,sp_nccl,0,21.72723,1
prefill,eager,4,4096,17,sp_flux,4,20.55782,1
prefill,eager,4,4096,17,sp_rsflux,5,20.28237,1
prefill,eager,4,4096,17,sp_dispatch,2,18.66547,1
prefill,eager,4,4096,18,tp_ar,2,23.18848,1
prefill,eager,4,4096,18,tp_ar_vllm,3,22.80755,1
prefill,eager,4,4096,18,sp_nccl,5,21.75386,1
prefill,eager,4,4096,18,sp_flux,1,20.75034,1
prefill,eager,4,4096,18,sp_rsflux,0,20.22400,1
prefill,eager,4,4096,18,sp_dispatch,4,19.03821,1
prefill,eager,4,4096,19,tp_ar,5,22.73894,1
prefill,eager,4,4096,19,tp_ar_vllm,4,22.99597,1
prefill,eager,4,4096,19,sp_nccl,1,21.58080,1
prefill,eager,4,4096,19,sp_flux,2,20.39501,1
prefill,eager,4,4096,19,sp_rsflux,0,19.86765,1
prefill,eager,4,4096,19,sp_dispatch,3,19.34950,1
prefill,eager,4,4096,20,tp_ar,4,22.41331,1
prefill,eager,4,4096,20,tp_ar_vllm,3,22.72870,1
prefill,eager,4,4096,20,sp_nccl,2,22.33139,1
prefill,eager,4,4096,20,sp_flux,1,20.25062,1
prefill,eager,4,4096,20,sp_rsflux,0,20.37760,1
prefill,eager,4,4096,20,sp_dispatch,5,18.72691,1
prefill,eager,4,4096,21,tp_ar,3,22.69901,1
prefill,eager,4,4096,21,tp_ar_vllm,4,22.43072,1
prefill,eager,4,4096,21,sp_nccl,2,22.08563,1
prefill,eager,4,4096,21,sp_flux,5,20.23424,1
prefill,eager,4,4096,21,sp_rsflux,0,19.95264,1
prefill,eager,4,4096,21,sp_dispatch,1,18.95936,1
prefill,eager,4,4096,22,tp_ar,0,22.90995,1
prefill,eager,4,4096,22,tp_ar_vllm,1,22.63450,1
prefill,eager,4,4096,22,sp_nccl,3,21.76512,1
prefill,eager,4,4096,22,sp_flux,5,20.45952,1
prefill,eager,4,4096,22,sp_rsflux,4,19.77139,1
prefill,eager,4,4096,22,sp_dispatch,2,18.83034,1
prefill,eager,4,4096,23,tp_ar,3,22.44506,1
prefill,eager,4,4096,23,tp_ar_vllm,1,22.82496,1
prefill,eager,4,4096,23,sp_nccl,0,22.14298,1
prefill,eager,4,4096,23,sp_flux,5,20.60902,1
prefill,eager,4,4096,23,sp_rsflux,2,19.86970,1
prefill,eager,4,4096,23,sp_dispatch,4,18.81600,1
prefill,eager,4,4096,24,tp_ar,1,22.89050,1
prefill,eager,4,4096,24,tp_ar_vllm,5,22.76966,1
prefill,eager,4,4096,24,sp_nccl,4,22.34266,1
prefill,eager,4,4096,24,sp_flux,2,20.59162,1
prefill,eager,4,4096,24,sp_rsflux,0,20.47795,1
prefill,eager,4,4096,24,sp_dispatch,3,19.31878,1
prefill,eager,4,4096,25,tp_ar,4,23.26323,1
prefill,eager,4,4096,25,tp_ar_vllm,0,22.45734,1
prefill,eager,4,4096,25,sp_nccl,5,22.21466,1
prefill,eager,4,4096,25,sp_flux,2,20.35302,1
prefill,eager,4,4096,25,sp_rsflux,1,19.62394,1
prefill,eager,4,4096,25,sp_dispatch,3,19.51846,1
prefill,eager,4,4096,26,tp_ar,5,23.04307,1
prefill,eager,4,4096,26,tp_ar_vllm,2,22.42458,1
prefill,eager,4,4096,26,sp_nccl,0,21.72928,1
prefill,eager,4,4096,26,sp_flux,4,20.52506,1
prefill,eager,4,4096,26,sp_rsflux,1,19.67616,1
prefill,eager,4,4096,26,sp_dispatch,3,18.80678,1
prefill,eager,4,4096,27,tp_ar,0,22.92531,1
prefill,eager,4,4096,27,tp_ar_vllm,5,22.90381,1
prefill,eager,4,4096,27,sp_nccl,2,21.84602,1
prefill,eager,4,4096,27,sp_flux,3,20.39398,1
prefill,eager,4,4096,27,sp_rsflux,4,20.19328,1
prefill,eager,4,4096,27,sp_dispatch,1,18.91738,1
prefill,eager,4,4096,28,tp_ar,4,22.79936,1
prefill,eager,4,4096,28,tp_ar_vllm,0,22.70106,1
prefill,eager,4,4096,28,sp_nccl,3,22.27712,1
prefill,eager,4,4096,28,sp_flux,2,20.65101,1
prefill,eager,4,4096,28,sp_rsflux,5,19.84102,1
prefill,eager,4,4096,28,sp_dispatch,1,18.94400,1
prefill,eager,4,4096,29,tp_ar,2,23.17210,1
prefill,eager,4,4096,29,tp_ar_vllm,3,22.94272,1
prefill,eager,4,4096,29,sp_nccl,4,21.80915,1
prefill,eager,4,4096,29,sp_flux,0,20.45338,1
prefill,eager,4,4096,29,sp_rsflux,5,19.68333,1
prefill,eager,4,4096,29,sp_dispatch,1,19.27066,1
prefill,eager,4,4096,30,tp_ar,3,22.82496,1
prefill,eager,4,4096,30,tp_ar_vllm,1,22.62733,1
prefill,eager,4,4096,30,sp_nccl,4,21.91974,1
prefill,eager,4,4096,30,sp_flux,2,20.42880,1
prefill,eager,4,4096,30,sp_rsflux,5,19.90656,1
prefill,eager,4,4096,30,sp_dispatch,0,18.63885,1
prefill,eager,4,4096,31,tp_ar,3,22.79834,1
prefill,eager,4,4096,31,tp_ar_vllm,4,22.60480,1
prefill,eager,4,4096,31,sp_nccl,0,21.69139,1
prefill,eager,4,4096,31,sp_flux,5,20.29875,1
prefill,eager,4,4096,31,sp_rsflux,2,20.01408,1
prefill,eager,4,4096,31,sp_dispatch,1,18.80166,1
prefill,eager,4,4096,32,tp_ar,3,22.58739,1
prefill,eager,4,4096,32,tp_ar_vllm,4,22.35392,1
prefill,eager,4,4096,32,sp_nccl,2,22.03546,1
prefill,eager,4,4096,32,sp_flux,5,20.27008,1
prefill,eager,4,4096,32,sp_rsflux,0,19.96698,1
prefill,eager,4,4096,32,sp_dispatch,1,19.06381,1
prefill,eager,4,4096,33,tp_ar,2,22.67443,1
prefill,eager,4,4096,33,tp_ar_vllm,3,22.63245,1
prefill,eager,4,4096,33,sp_nccl,0,22.25971,1
prefill,eager,4,4096,33,sp_flux,4,20.27930,1
prefill,eager,4,4096,33,sp_rsflux,5,20.12365,1
prefill,eager,4,4096,33,sp_dispatch,1,19.13549,1
prefill,eager,4,4096,34,tp_ar,1,22.50445,1
prefill,eager,4,4096,34,tp_ar_vllm,3,22.34675,1
prefill,eager,4,4096,34,sp_nccl,0,21.92691,1
prefill,eager,4,4096,34,sp_flux,5,20.67456,1
prefill,eager,4,4096,34,sp_rsflux,2,19.76832,1
prefill,eager,4,4096,34,sp_dispatch,4,18.68186,1
prefill,eager,4,4096,35,tp_ar,3,22.93760,1
prefill,eager,4,4096,35,tp_ar_vllm,4,22.64474,1
prefill,eager,4,4096,35,sp_nccl,5,21.54906,1
prefill,eager,4,4096,35,sp_flux,0,21.17427,1
prefill,eager,4,4096,35,sp_rsflux,2,20.59264,1
prefill,eager,4,4096,35,sp_dispatch,1,19.66490,1
prefill,eager,4,4096,36,tp_ar,3,22.24435,1
prefill,eager,4,4096,36,tp_ar_vllm,1,22.22899,1
prefill,eager,4,4096,36,sp_nccl,0,21.44563,1
prefill,eager,4,4096,36,sp_flux,4,20.40218,1
prefill,eager,4,4096,36,sp_rsflux,2,19.56864,1
prefill,eager,4,4096,36,sp_dispatch,5,19.13446,1
prefill,eager,4,4096,37,tp_ar,5,22.83213,1
prefill,eager,4,4096,37,tp_ar_vllm,3,22.53517,1
prefill,eager,4,4096,37,sp_nccl,1,22.27302,1
prefill,eager,4,4096,37,sp_flux,4,20.41549,1
prefill,eager,4,4096,37,sp_rsflux,2,20.17485,1
prefill,eager,4,4096,37,sp_dispatch,0,19.42221,1
prefill,eager,4,4096,38,tp_ar,5,22.51264,1
prefill,eager,4,4096,38,tp_ar_vllm,2,23.30624,1
prefill,eager,4,4096,38,sp_nccl,4,21.91974,1
prefill,eager,4,4096,38,sp_flux,1,20.93466,1
prefill,eager,4,4096,38,sp_rsflux,3,20.22605,1
prefill,eager,4,4096,38,sp_dispatch,0,19.34029,1
prefill,eager,4,4096,39,tp_ar,4,22.43789,1
prefill,eager,4,4096,39,tp_ar_vllm,2,22.55053,1
prefill,eager,4,4096,39,sp_nccl,1,21.78150,1
prefill,eager,4,4096,39,sp_flux,0,20.32742,1
prefill,eager,4,4096,39,sp_rsflux,3,19.81542,1
prefill,eager,4,4096,39,sp_dispatch,5,18.82419,1
prefill,eager,4,4096,40,tp_ar,1,22.75226,1
prefill,eager,4,4096,40,tp_ar_vllm,3,22.63347,1
prefill,eager,4,4096,40,sp_nccl,5,22.05594,1
prefill,eager,4,4096,40,sp_flux,4,20.42573,1
prefill,eager,4,4096,40,sp_rsflux,0,19.93933,1
prefill,eager,4,4096,40,sp_dispatch,2,18.82624,1
prefill,eager,4,4096,41,tp_ar,0,22.64474,1
prefill,eager,4,4096,41,tp_ar_vllm,5,22.76659,1
prefill,eager,4,4096,41,sp_nccl,2,21.93920,1
prefill,eager,4,4096,41,sp_flux,1,20.44928,1
prefill,eager,4,4096,41,sp_rsflux,4,20.17792,1
prefill,eager,4,4096,41,sp_dispatch,3,19.04333,1
prefill,eager,4,4096,42,tp_ar,2,22.51264,1
prefill,eager,4,4096,42,tp_ar_vllm,4,22.84134,1
prefill,eager,4,4096,42,sp_nccl,0,21.79994,1
prefill,eager,4,4096,42,sp_flux,3,20.19738,1
prefill,eager,4,4096,42,sp_rsflux,1,19.87891,1
prefill,eager,4,4096,42,sp_dispatch,5,19.04640,1
prefill,eager,4,4096,43,tp_ar,1,23.03795,1
prefill,eager,4,4096,43,tp_ar_vllm,5,22.83213,1
prefill,eager,4,4096,43,sp_nccl,2,22.03853,1
prefill,eager,4,4096,43,sp_flux,3,20.55578,1
prefill,eager,4,4096,43,sp_rsflux,4,20.14003,1
prefill,eager,4,4096,43,sp_dispatch,0,20.16051,1
prefill,eager,4,4096,44,tp_ar,5,22.62016,1
prefill,eager,4,4096,44,tp_ar_vllm,0,22.70208,1
prefill,eager,4,4096,44,sp_nccl,4,22.06720,1
prefill,eager,4,4096,44,sp_flux,2,20.60698,1
prefill,eager,4,4096,44,sp_rsflux,3,20.31616,1
prefill,eager,4,4096,44,sp_dispatch,1,18.76992,1
prefill,eager,4,4096,45,tp_ar,4,23.10963,1
prefill,eager,4,4096,45,tp_ar_vllm,5,22.82189,1
prefill,eager,4,4096,45,sp_nccl,0,21.62688,1
prefill,eager,4,4096,45,sp_flux,2,20.50355,1
prefill,eager,4,4096,45,sp_rsflux,3,20.59776,1
prefill,eager,4,4096,45,sp_dispatch,1,18.70131,1
prefill,eager,4,4096,46,tp_ar,3,22.61299,1
prefill,eager,4,4096,46,tp_ar_vllm,0,22.49830,1
prefill,eager,4,4096,46,sp_nccl,1,21.47840,1
prefill,eager,4,4096,46,sp_flux,2,20.14720,1
prefill,eager,4,4096,46,sp_rsflux,5,19.88813,1
prefill,eager,4,4096,46,sp_dispatch,4,19.05664,1
prefill,eager,4,4096,47,tp_ar,0,22.52083,1
prefill,eager,4,4096,47,tp_ar_vllm,1,22.43994,1
prefill,eager,4,4096,47,sp_nccl,5,22.34061,1
prefill,eager,4,4096,47,sp_flux,2,20.17894,1
prefill,eager,4,4096,47,sp_rsflux,4,20.45645,1
prefill,eager,4,4096,47,sp_dispatch,3,19.29011,1
prefill,eager,4,4096,48,tp_ar,0,22.70822,1
prefill,eager,4,4096,48,tp_ar_vllm,3,22.80141,1
prefill,eager,4,4096,48,sp_nccl,1,21.71494,1
prefill,eager,4,4096,48,sp_flux,2,20.27315,1
prefill,eager,4,4096,48,sp_rsflux,5,19.93011,1
prefill,eager,4,4096,48,sp_dispatch,4,18.95219,1
prefill,eager,4,4096,49,tp_ar,2,22.72666,1
prefill,eager,4,4096,49,tp_ar_vllm,4,22.53517,1
prefill,eager,4,4096,49,sp_nccl,1,22.12352,1
prefill,eager,4,4096,49,sp_flux,0,20.65101,1
prefill,eager,4,4096,49,sp_rsflux,5,19.90861,1
prefill,eager,4,4096,49,sp_dispatch,3,18.97472,1
prefill,eager,4,4096,50,tp_ar,4,22.65805,1
prefill,eager,4,4096,50,tp_ar_vllm,3,22.83725,1
prefill,eager,4,4096,50,sp_nccl,0,22.07949,1
prefill,eager,4,4096,50,sp_flux,5,20.46464,1
prefill,eager,4,4096,50,sp_rsflux,1,19.88096,1
prefill,eager,4,4096,50,sp_dispatch,2,18.91430,1
prefill,eager,4,4096,51,tp_ar,1,23.19565,1
prefill,eager,4,4096,51,tp_ar_vllm,4,22.53312,1
prefill,eager,4,4096,51,sp_nccl,2,22.12966,1
prefill,eager,4,4096,51,sp_flux,0,20.92237,1
prefill,eager,4,4096,51,sp_rsflux,5,19.81338,1
prefill,eager,4,4096,51,sp_dispatch,3,18.92045,1
prefill,eager,4,4096,52,tp_ar,3,22.68058,1
prefill,eager,4,4096,52,tp_ar_vllm,2,22.75738,1
prefill,eager,4,4096,52,sp_nccl,0,21.71699,1
prefill,eager,4,4096,52,sp_flux,1,20.26598,1
prefill,eager,4,4096,52,sp_rsflux,5,20.00486,1
prefill,eager,4,4096,52,sp_dispatch,4,18.83443,1
prefill,eager,4,4096,53,tp_ar,2,22.80141,1
prefill,eager,4,4096,53,tp_ar_vllm,5,22.80550,1
prefill,eager,4,4096,53,sp_nccl,0,22.18394,1
prefill,eager,4,4096,53,sp_flux,3,20.55782,1
prefill,eager,4,4096,53,sp_rsflux,4,20.30694,1
prefill,eager,4,4096,53,sp_dispatch,1,19.07200,1
prefill,eager,4,4096,54,tp_ar,0,22.52390,1
prefill,eager,4,4096,54,tp_ar_vllm,1,22.37440,1
prefill,eager,4,4096,54,sp_nccl,4,21.93920,1
prefill,eager,4,4096,54,sp_flux,5,20.47078,1
prefill,eager,4,4096,54,sp_rsflux,2,19.58912,1
prefill,eager,4,4096,54,sp_dispatch,3,18.77197,1
prefill,eager,4,4096,55,tp_ar,4,22.62118,1
prefill,eager,4,4096,55,tp_ar_vllm,5,22.46451,1
prefill,eager,4,4096,55,sp_nccl,2,22.48192,1
prefill,eager,4,4096,55,sp_flux,1,20.85478,1
prefill,eager,4,4096,55,sp_rsflux,3,20.27008,1
prefill,eager,4,4096,55,sp_dispatch,0,19.29933,1
prefill,eager,4,4096,56,tp_ar,4,22.88128,1
prefill,eager,4,4096,56,tp_ar_vllm,5,22.62630,1
prefill,eager,4,4096,56,sp_nccl,2,22.32730,1
prefill,eager,4,4096,56,sp_flux,1,20.44211,1
prefill,eager,4,4096,56,sp_rsflux,0,19.72838,1
prefill,eager,4,4096,56,sp_dispatch,3,19.26451,1
prefill,eager,4,4096,57,tp_ar,4,22.69184,1
prefill,eager,4,4096,57,tp_ar_vllm,2,23.11066,1
prefill,eager,4,4096,57,sp_nccl,5,21.71904,1
prefill,eager,4,4096,57,sp_flux,0,20.40832,1
prefill,eager,4,4096,57,sp_rsflux,3,20.17792,1
prefill,eager,4,4096,57,sp_dispatch,1,19.19386,1
prefill,eager,4,4096,58,tp_ar,2,22.63347,1
prefill,eager,4,4096,58,tp_ar_vllm,1,22.65190,1
prefill,eager,4,4096,58,sp_nccl,3,21.63098,1
prefill,eager,4,4096,58,sp_flux,5,20.51994,1
prefill,eager,4,4096,58,sp_rsflux,4,19.76013,1
prefill,eager,4,4096,58,sp_dispatch,0,19.07917,1
prefill,eager,4,4096,59,tp_ar,1,23.09734,1
prefill,eager,4,4096,59,tp_ar_vllm,2,22.88947,1
prefill,eager,4,4096,59,sp_nccl,4,21.50810,1
prefill,eager,4,4096,59,sp_flux,0,21.01350,1
prefill,eager,4,4096,59,sp_rsflux,3,19.84717,1
prefill,eager,4,4096,59,sp_dispatch,5,18.63270,1
prefill,eager,4,4096,60,tp_ar,4,22.85466,1
prefill,eager,4,4096,60,tp_ar_vllm,2,22.74202,1
prefill,eager,4,4096,60,sp_nccl,1,22.10611,1
prefill,eager,4,4096,60,sp_flux,3,20.32640,1
prefill,eager,4,4096,60,sp_rsflux,5,20.03866,1
prefill,eager,4,4096,60,sp_dispatch,0,19.09760,1
prefill,eager,4,4096,61,tp_ar,2,22.63757,1
prefill,eager,4,4096,61,tp_ar_vllm,4,22.31706,1
prefill,eager,4,4096,61,sp_nccl,1,22.34982,1
prefill,eager,4,4096,61,sp_flux,0,20.53120,1
prefill,eager,4,4096,61,sp_rsflux,3,19.81850,1
prefill,eager,4,4096,61,sp_dispatch,5,18.73818,1
prefill,eager,4,4096,62,tp_ar,1,22.52083,1
prefill,eager,4,4096,62,tp_ar_vllm,0,22.59149,1
prefill,eager,4,4096,62,sp_nccl,4,21.91258,1
prefill,eager,4,4096,62,sp_flux,5,20.42982,1
prefill,eager,4,4096,62,sp_rsflux,3,19.99258,1
prefill,eager,4,4096,62,sp_dispatch,2,18.71360,1
prefill,eager,4,4096,63,tp_ar,2,22.96320,1
prefill,eager,4,4096,63,tp_ar_vllm,3,22.50445,1
prefill,eager,4,4096,63,sp_nccl,1,22.65805,1
prefill,eager,4,4096,63,sp_flux,0,21.08723,1
prefill,eager,4,4096,63,sp_rsflux,4,19.71610,1
prefill,eager,4,4096,63,sp_dispatch,5,18.82419,1
prefill,eager,4,4096,64,tp_ar,4,22.61709,1
prefill,eager,4,4096,64,tp_ar_vllm,1,23.04819,1
prefill,eager,4,4096,64,sp_nccl,2,22.05184,1
prefill,eager,4,4096,64,sp_flux,0,20.92134,1
prefill,eager,4,4096,64,sp_rsflux,5,19.95469,1
prefill,eager,4,4096,64,sp_dispatch,3,18.89485,1
prefill,eager,4,4096,65,tp_ar,5,22.50035,1
prefill,eager,4,4096,65,tp_ar_vllm,1,22.95091,1
prefill,eager,4,4096,65,sp_nccl,3,21.94432,1
prefill,eager,4,4096,65,sp_flux,0,20.79539,1
prefill,eager,4,4096,65,sp_rsflux,2,20.04685,1
prefill,eager,4,4096,65,sp_dispatch,4,18.81600,1
prefill,eager,4,4096,66,tp_ar,5,22.49114,1
prefill,eager,4,4096,66,tp_ar_vllm,1,22.76454,1
prefill,eager,4,4096,66,sp_nccl,3,21.82349,1
prefill,eager,4,4096,66,sp_flux,0,20.57318,1
prefill,eager,4,4096,66,sp_rsflux,4,19.85843,1
prefill,eager,4,4096,66,sp_dispatch,2,19.14982,1
prefill,eager,4,4096,67,tp_ar,2,22.90278,1
prefill,eager,4,4096,67,tp_ar_vllm,5,22.94477,1
prefill,eager,4,4096,67,sp_nccl,0,21.56646,1
prefill,eager,4,4096,67,sp_flux,1,20.24243,1
prefill,eager,4,4096,67,sp_rsflux,3,20.27520,1
prefill,eager,4,4096,67,sp_dispatch,4,19.17440,1
prefill,eager,4,4096,68,tp_ar,2,22.67238,1
prefill,eager,4,4096,68,tp_ar_vllm,0,22.66624,1
prefill,eager,4,4096,68,sp_nccl,3,21.83168,1
prefill,eager,4,4096,68,sp_flux,1,20.41754,1
prefill,eager,4,4096,68,sp_rsflux,4,19.80621,1
prefill,eager,4,4096,68,sp_dispatch,5,18.91123,1
prefill,eager,4,4096,69,tp_ar,3,22.81779,1
prefill,eager,4,4096,69,tp_ar_vllm,1,22.87821,1
prefill,eager,4,4096,69,sp_nccl,5,22.07642,1
prefill,eager,4,4096,69,sp_flux,2,20.77184,1
prefill,eager,4,4096,69,sp_rsflux,0,20.21683,1
prefill,eager,4,4096,69,sp_dispatch,4,19.06278,1
prefill,eager,4,4096,70,tp_ar,0,22.73280,1
prefill,eager,4,4096,70,tp_ar_vllm,2,22.34368,1
prefill,eager,4,4096,70,sp_nccl,1,21.77741,1
prefill,eager,4,4096,70,sp_flux,3,20.24550,1
prefill,eager,4,4096,70,sp_rsflux,5,20.32333,1
prefill,eager,4,4096,70,sp_dispatch,4,19.09965,1
prefill,eager,4,4096,71,tp_ar,1,22.89050,1
prefill,eager,4,4096,71,tp_ar_vllm,3,22.47782,1
prefill,eager,4,4096,71,sp_nccl,2,21.94739,1
prefill,eager,4,4096,71,sp_flux,4,20.22093,1
prefill,eager,4,4096,71,sp_rsflux,5,20.13901,1
prefill,eager,4,4096,71,sp_dispatch,0,19.28602,1
prefill,eager,4,4096,72,tp_ar,4,22.93043,1
prefill,eager,4,4096,72,tp_ar_vllm,1,23.41478,1
prefill,eager,4,4096,72,sp_nccl,5,21.85216,1
prefill,eager,4,4096,72,sp_flux,0,20.97971,1
prefill,eager,4,4096,72,sp_rsflux,3,20.14515,1
prefill,eager,4,4096,72,sp_dispatch,2,19.27066,1
prefill,eager,4,4096,73,tp_ar,5,22.58944,1
prefill,eager,4,4096,73,tp_ar_vllm,3,23.31341,1
prefill,eager,4,4096,73,sp_nccl,4,22.25050,1
prefill,eager,4,4096,73,sp_flux,1,20.45542,1
prefill,eager,4,4096,73,sp_rsflux,0,19.85229,1
prefill,eager,4,4096,73,sp_dispatch,2,19.30342,1
prefill,eager,4,4096,74,tp_ar,3,22.71949,1
prefill,eager,4,4096,74,tp_ar_vllm,2,22.77990,1
prefill,eager,4,4096,74,sp_nccl,4,21.68218,1
prefill,eager,4,4096,74,sp_flux,1,20.23322,1
prefill,eager,4,4096,74,sp_rsflux,0,19.99565,1
prefill,eager,4,4096,74,sp_dispatch,5,18.73920,1
prefill,eager,4,4096,75,tp_ar,4,22.91405,1
prefill,eager,4,4096,75,tp_ar_vllm,5,22.64678,1
prefill,eager,4,4096,75,sp_nccl,0,21.74362,1
prefill,eager,4,4096,75,sp_flux,1,20.45133,1
prefill,eager,4,4096,75,sp_rsflux,2,20.33766,1
prefill,eager,4,4096,75,sp_dispatch,3,19.22253,1
prefill,eager,4,4096,76,tp_ar,1,22.22592,1
prefill,eager,4,4096,76,tp_ar_vllm,0,22.44710,1
prefill,eager,4,4096,76,sp_nccl,3,21.59104,1
prefill,eager,4,4096,76,sp_flux,5,20.56294,1
prefill,eager,4,4096,76,sp_rsflux,2,19.56762,1
prefill,eager,4,4096,76,sp_dispatch,4,18.86208,1
prefill,eager,4,4096,77,tp_ar,0,23.11680,1
prefill,eager,4,4096,77,tp_ar_vllm,2,22.41946,1
prefill,eager,4,4096,77,sp_nccl,1,22.13683,1
prefill,eager,4,4096,77,sp_flux,5,21.01965,1
prefill,eager,4,4096,77,sp_rsflux,3,19.66592,1
prefill,eager,4,4096,77,sp_dispatch,4,18.86925,1
prefill,eager,4,4096,78,tp_ar,5,22.62528,1
prefill,eager,4,4096,78,tp_ar_vllm,0,23.30214,1
prefill,eager,4,4096,78,sp_nccl,4,22.11021,1
prefill,eager,4,4096,78,sp_flux,1,20.96845,1
prefill,eager,4,4096,78,sp_rsflux,3,20.29158,1
prefill,eager,4,4096,78,sp_dispatch,2,19.29216,1
prefill,eager,4,4096,79,tp_ar,1,22.41331,1
prefill,eager,4,4096,79,tp_ar_vllm,2,22.43584,1
prefill,eager,4,4096,79,sp_nccl,4,21.70675,1
prefill,eager,4,4096,79,sp_flux,5,20.49024,1
prefill,eager,4,4096,79,sp_rsflux,3,19.67002,1
prefill,eager,4,4096,79,sp_dispatch,0,18.77094,1
prefill,eager,4,4096,80,tp_ar,4,22.77581,1
prefill,eager,4,4096,80,tp_ar_vllm,5,22.66010,1
prefill,eager,4,4096,80,sp_nccl,1,22.58432,1
prefill,eager,4,4096,80,sp_flux,0,20.97562,1
prefill,eager,4,4096,80,sp_rsflux,2,20.23219,1
prefill,eager,4,4096,80,sp_dispatch,3,19.04538,1
prefill,eager,4,4096,81,tp_ar,5,22.83418,1
prefill,eager,4,4096,81,tp_ar_vllm,1,22.44608,1
prefill,eager,4,4096,81,sp_nccl,2,21.71085,1
prefill,eager,4,4096,81,sp_flux,3,20.21990,1
prefill,eager,4,4096,81,sp_rsflux,4,20.03866,1
prefill,eager,4,4096,81,sp_dispatch,0,18.82931,1
prefill,eager,4,4096,82,tp_ar,3,22.91814,1
prefill,eager,4,4096,82,tp_ar_vllm,1,22.99494,1
prefill,eager,4,4096,82,sp_nccl,5,21.87981,1
prefill,eager,4,4096,82,sp_flux,0,20.67968,1
prefill,eager,4,4096,82,sp_rsflux,4,20.11955,1
prefill,eager,4,4096,82,sp_dispatch,2,19.22048,1
prefill,eager,4,4096,83,tp_ar,3,22.89459,1
prefill,eager,4,4096,83,tp_ar_vllm,2,23.10554,1
prefill,eager,4,4096,83,sp_nccl,4,21.68013,1
prefill,eager,4,4096,83,sp_flux,1,20.64589,1
prefill,eager,4,4096,83,sp_rsflux,5,19.64442,1
prefill,eager,4,4096,83,sp_dispatch,0,18.93376,1
prefill,eager,4,4096,84,tp_ar,4,22.56077,1
prefill,eager,4,4096,84,tp_ar_vllm,0,22.32525,1
prefill,eager,4,4096,84,sp_nccl,3,21.87162,1
prefill,eager,4,4096,84,sp_flux,5,20.22502,1
prefill,eager,4,4096,84,sp_rsflux,2,20.03968,1
prefill,eager,4,4096,84,sp_dispatch,1,18.66445,1
prefill,eager,4,4096,85,tp_ar,1,22.68774,1
prefill,eager,4,4096,85,tp_ar_vllm,0,22.88128,1
prefill,eager,4,4096,85,sp_nccl,5,22.15117,1
prefill,eager,4,4096,85,sp_flux,2,20.48512,1
prefill,eager,4,4096,85,sp_rsflux,4,20.49126,1
prefill,eager,4,4096,85,sp_dispatch,3,19.16928,1
prefill,eager,4,4096,86,tp_ar,3,22.56998,1
prefill,eager,4,4096,86,tp_ar_vllm,5,22.83418,1
prefill,eager,4,4096,86,sp_nccl,0,21.90131,1
prefill,eager,4,4096,86,sp_flux,4,20.53530,1
prefill,eager,4,4096,86,sp_rsflux,1,19.77958,1
prefill,eager,4,4096,86,sp_dispatch,2,18.76275,1
prefill,eager,4,4096,87,tp_ar,5,23.35334,1
prefill,eager,4,4096,87,tp_ar_vllm,0,22.71642,1
prefill,eager,4,4096,87,sp_nccl,4,22.59251,1
prefill,eager,4,4096,87,sp_flux,3,20.76365,1
prefill,eager,4,4096,87,sp_rsflux,1,19.80826,1
prefill,eager,4,4096,87,sp_dispatch,2,18.82931,1
prefill,eager,4,4096,88,tp_ar,1,22.90586,1
prefill,eager,4,4096,88,tp_ar_vllm,0,23.39328,1
prefill,eager,4,4096,88,sp_nccl,4,22.16960,1
prefill,eager,4,4096,88,sp_flux,3,20.48307,1
prefill,eager,4,4096,88,sp_rsflux,5,20.18202,1
prefill,eager,4,4096,88,sp_dispatch,2,18.69414,1
prefill,eager,4,4096,89,tp_ar,1,22.59251,1
prefill,eager,4,4096,89,tp_ar_vllm,0,22.73587,1
prefill,eager,4,4096,89,sp_nccl,5,22.36518,1
prefill,eager,4,4096,89,sp_flux,2,20.28749,1
prefill,eager,4,4096,89,sp_rsflux,4,20.49331,1
prefill,eager,4,4096,89,sp_dispatch,3,19.35053,1
prefill,eager,4,4096,90,tp_ar,3,22.80448,1
prefill,eager,4,4096,90,tp_ar_vllm,2,23.15981,1
prefill,eager,4,4096,90,sp_nccl,4,21.75693,1
prefill,eager,4,4096,90,sp_flux,1,20.62643,1
prefill,eager,4,4096,90,sp_rsflux,0,20.37248,1
prefill,eager,4,4096,90,sp_dispatch,5,18.72384,1
prefill,eager,4,4096,91,tp_ar,4,22.61606,1
prefill,eager,4,4096,91,tp_ar_vllm,2,22.89254,1
prefill,eager,4,4096,91,sp_nccl,1,22.29965,1
prefill,eager,4,4096,91,sp_flux,0,20.56397,1
prefill,eager,4,4096,91,sp_rsflux,3,19.82976,1
prefill,eager,4,4096,91,sp_dispatch,5,18.97165,1
prefill,eager,4,4096,92,tp_ar,4,22.45632,1
prefill,eager,4,4096,92,tp_ar_vllm,2,23.12806,1
prefill,eager,4,4096,92,sp_nccl,3,22.09690,1
prefill,eager,4,4096,92,sp_flux,0,20.73600,1
prefill,eager,4,4096,92,sp_rsflux,5,19.68230,1
prefill,eager,4,4096,92,sp_dispatch,1,19.68128,1
prefill,eager,4,4096,93,tp_ar,0,22.32115,1
prefill,eager,4,4096,93,tp_ar_vllm,1,22.43686,1
prefill,eager,4,4096,93,sp_nccl,5,22.33344,1
prefill,eager,4,4096,93,sp_flux,3,20.44621,1
prefill,eager,4,4096,93,sp_rsflux,2,19.70483,1
prefill,eager,4,4096,93,sp_dispatch,4,19.27373,1
prefill,eager,4,4096,94,tp_ar,3,22.99290,1
prefill,eager,4,4096,94,tp_ar_vllm,4,22.83622,1
prefill,eager,4,4096,94,sp_nccl,0,22.01702,1
prefill,eager,4,4096,94,sp_flux,2,20.39296,1
prefill,eager,4,4096,94,sp_rsflux,1,19.85946,1
prefill,eager,4,4096,94,sp_dispatch,5,18.92762,1
prefill,eager,4,4096,95,tp_ar,1,23.03078,1
prefill,eager,4,4096,95,tp_ar_vllm,4,22.43584,1
prefill,eager,4,4096,95,sp_nccl,2,22.07744,1
prefill,eager,4,4096,95,sp_flux,5,20.38170,1
prefill,eager,4,4096,95,sp_rsflux,3,19.84102,1
prefill,eager,4,4096,95,sp_dispatch,0,19.00237,1
prefill,eager,4,4096,96,tp_ar,5,23.44858,1
prefill,eager,4,4096,96,tp_ar_vllm,1,22.55872,1
prefill,eager,4,4096,96,sp_nccl,0,21.83885,1
prefill,eager,4,4096,96,sp_flux,4,20.74624,1
prefill,eager,4,4096,96,sp_rsflux,2,19.72326,1
prefill,eager,4,4096,96,sp_dispatch,3,18.94400,1
prefill,eager,4,4096,97,tp_ar,0,22.91507,1
prefill,eager,4,4096,97,tp_ar_vllm,4,23.42093,1
prefill,eager,4,4096,97,sp_nccl,5,22.49830,1
prefill,eager,4,4096,97,sp_flux,3,20.87117,1
prefill,eager,4,4096,97,sp_rsflux,1,20.03558,1
prefill,eager,4,4096,97,sp_dispatch,2,19.00032,1
prefill,eager,4,4096,98,tp_ar,0,22.72563,1
prefill,eager,4,4096,98,tp_ar_vllm,5,23.26221,1
prefill,eager,4,4096,98,sp_nccl,2,21.72006,1
prefill,eager,4,4096,98,sp_flux,3,20.46976,1
prefill,eager,4,4096,98,sp_rsflux,1,19.81338,1
prefill,eager,4,4096,98,sp_dispatch,4,19.31981,1
prefill,eager,4,4096,99,tp_ar,2,22.22797,1
prefill,eager,4,4096,99,tp_ar_vllm,0,22.85056,1
prefill,eager,4,4096,99,sp_nccl,1,21.69958,1
prefill,eager,4,4096,99,sp_flux,5,20.87629,1
prefill,eager,4,4096,99,sp_rsflux,3,19.60448,1
prefill,eager,4,4096,99,sp_dispatch,4,18.93376,1
prefill,eager,4,4096,100,tp_ar,2,22.64166,1
prefill,eager,4,4096,100,tp_ar_vllm,5,22.95706,1
prefill,eager,4,4096,100,sp_nccl,0,22.48499,1
prefill,eager,4,4096,100,sp_flux,3,20.60390,1
prefill,eager,4,4096,100,sp_rsflux,1,20.19328,1
prefill,eager,4,4096,100,sp_dispatch,4,19.23891,1
prefill,eager,4,4096,101,tp_ar,1,22.51571,1
prefill,eager,4,4096,101,tp_ar_vllm,0,22.66726,1
prefill,eager,4,4096,101,sp_nccl,2,21.56954,1
prefill,eager,4,4096,101,sp_flux,5,20.96845,1
prefill,eager,4,4096,101,sp_rsflux,3,19.70176,1
prefill,eager,4,4096,101,sp_dispatch,4,19.12115,1
prefill,eager,4,4096,102,tp_ar,2,23.15366,1
prefill,eager,4,4096,102,tp_ar_vllm,3,22.77581,1
prefill,eager,4,4096,102,sp_nccl,4,21.68934,1
prefill,eager,4,4096,102,sp_flux,0,21.34221,1
prefill,eager,4,4096,102,sp_rsflux,1,20.68890,1
prefill,eager,4,4096,102,sp_dispatch,5,18.71360,1
prefill,eager,4,4096,103,tp_ar,4,22.43072,1
prefill,eager,4,4096,103,tp_ar_vllm,2,22.95398,1
prefill,eager,4,4096,103,sp_nccl,3,21.93818,1
prefill,eager,4,4096,103,sp_flux,5,20.35302,1
prefill,eager,4,4096,103,sp_rsflux,0,19.86662,1
prefill,eager,4,4096,103,sp_dispatch,1,19.01773,1
prefill,eager,4,4096,104,tp_ar,4,22.49830,1
prefill,eager,4,4096,104,tp_ar_vllm,3,22.67443,1
prefill,eager,4,4096,104,sp_nccl,2,22.13478,1
prefill,eager,4,4096,104,sp_flux,5,20.35610,1
prefill,eager,4,4096,104,sp_rsflux,1,20.23117,1
prefill,eager,4,4096,104,sp_dispatch,0,19.22765,1
prefill,eager,4,4096,105,tp_ar,4,22.88230,1
prefill,eager,4,4096,105,tp_ar_vllm,3,23.13626,1
prefill,eager,4,4096,105,sp_nccl,0,22.04365,1
prefill,eager,4,4096,105,sp_flux,2,20.74931,1
prefill,eager,4,4096,105,sp_rsflux,1,20.09498,1
prefill,eager,4,4096,105,sp_dispatch,5,18.94400,1
prefill,eager,4,4096,106,tp_ar,5,22.52186,1
prefill,eager,4,4096,106,tp_ar_vllm,2,23.13830,1
prefill,eager,4,4096,106,sp_nccl,4,21.91155,1
prefill,eager,4,4096,106,sp_flux,0,20.66227,1
prefill,eager,4,4096,106,sp_rsflux,1,20.58650,1
prefill,eager,4,4096,106,sp_dispatch,3,19.12730,1
prefill,eager,4,4096,107,tp_ar,2,22.23104,1
prefill,eager,4,4096,107,tp_ar_vllm,0,22.35290,1
prefill,eager,4,4096,107,sp_nccl,1,21.51014,1
prefill,eager,4,4096,107,sp_flux,5,20.91110,1
prefill,eager,4,4096,107,sp_rsflux,3,19.59219,1
prefill,eager,4,4096,107,sp_dispatch,4,18.93478,1
prefill,eager,4,4096,108,tp_ar,1,23.05229,1
prefill,eager,4,4096,108,tp_ar_vllm,3,22.40102,1
prefill,eager,4,4096,108,sp_nccl,0,22.46144,1
prefill,eager,4,4096,108,sp_flux,5,20.52506,1
prefill,eager,4,4096,108,sp_rsflux,2,19.89222,1
prefill,eager,4,4096,108,sp_dispatch,4,18.75558,1
prefill,eager,4,4096,109,tp_ar,4,22.61811,1
prefill,eager,4,4096,109,tp_ar_vllm,1,23.21715,1
prefill,eager,4,4096,109,sp_nccl,2,22.08768,1
prefill,eager,4,4096,109,sp_flux,5,20.51174,1
prefill,eager,4,4096,109,sp_rsflux,3,19.91168,1
prefill,eager,4,4096,109,sp_dispatch,0,19.60141,1
prefill,eager,4,4096,110,tp_ar,2,22.50854,1
prefill,eager,4,4096,110,tp_ar_vllm,3,22.54848,1
prefill,eager,4,4096,110,sp_nccl,0,22.04365,1
prefill,eager,4,4096,110,sp_flux,5,20.67046,1
prefill,eager,4,4096,110,sp_rsflux,1,19.98541,1
prefill,eager,4,4096,110,sp_dispatch,4,18.72896,1
prefill,eager,4,4096,111,tp_ar,2,22.87309,1
prefill,eager,4,4096,111,tp_ar_vllm,0,23.37587,1
prefill,eager,4,4096,111,sp_nccl,5,22.09997,1
prefill,eager,4,4096,111,sp_flux,4,20.44006,1
prefill,eager,4,4096,111,sp_rsflux,3,20.03046,1
prefill,eager,4,4096,111,sp_dispatch,1,19.31059,1
prefill,eager,4,4096,112,tp_ar,0,22.68467,1
prefill,eager,4,4096,112,tp_ar_vllm,1,22.58125,1
prefill,eager,4,4096,112,sp_nccl,2,21.69242,1
prefill,eager,4,4096,112,sp_flux,3,20.25062,1
prefill,eager,4,4096,112,sp_rsflux,4,20.16973,1
prefill,eager,4,4096,112,sp_dispatch,5,19.27987,1
prefill,eager,4,4096,113,tp_ar,0,23.01133,1
prefill,eager,4,4096,113,tp_ar_vllm,5,23.07789,1
prefill,eager,4,4096,113,sp_nccl,2,21.82861,1
prefill,eager,4,4096,113,sp_flux,3,20.41037,1
prefill,eager,4,4096,113,sp_rsflux,1,20.17792,1
prefill,eager,4,4096,113,sp_dispatch,4,19.20717,1
prefill,eager,4,4096,114,tp_ar,5,23.06867,1
prefill,eager,4,4096,114,tp_ar_vllm,1,22.56691,1
prefill,eager,4,4096,114,sp_nccl,2,21.79789,1
prefill,eager,4,4096,114,sp_flux,3,20.41139,1
prefill,eager,4,4096,114,sp_rsflux,0,20.33050,1
prefill,eager,4,4096,114,sp_dispatch,4,19.15699,1
prefill,eager,4,4096,115,tp_ar,2,22.62938,1
prefill,eager,4,4096,115,tp_ar_vllm,4,22.50138,1
prefill,eager,4,4096,115,sp_nccl,1,22.11123,1
prefill,eager,4,4096,115,sp_flux,0,20.84762,1
prefill,eager,4,4096,115,sp_rsflux,5,19.84102,1
prefill,eager,4,4096,115,sp_dispatch,3,18.87130,1
prefill,eager,4,4096,116,tp_ar,2,23.21715,1
prefill,eager,4,4096,116,tp_ar_vllm,3,22.89562,1
prefill,eager,4,4096,116,sp_nccl,5,21.73235,1
prefill,eager,4,4096,116,sp_flux,1,20.73293,1
prefill,eager,4,4096,116,sp_rsflux,4,19.95366,1
prefill,eager,4,4096,116,sp_dispatch,0,19.03002,1
prefill,eager,4,4096,117,tp_ar,5,23.09222,1
prefill,eager,4,4096,117,tp_ar_vllm,0,22.54950,1
prefill,eager,4,4096,117,sp_nccl,1,21.49478,1
prefill,eager,4,4096,117,sp_flux,2,20.28032,1
prefill,eager,4,4096,117,sp_rsflux,4,20.43392,1
prefill,eager,4,4096,117,sp_dispatch,3,19.21331,1
prefill,eager,4,4096,118,tp_ar,0,22.83110,1
prefill,eager,4,4096,118,tp_ar_vllm,4,22.76557,1
prefill,eager,4,4096,118,sp_nccl,3,22.58739,1
prefill,eager,4,4096,118,sp_flux,2,20.48922,1
prefill,eager,4,4096,118,sp_rsflux,1,19.92192,1
prefill,eager,4,4096,118,sp_dispatch,5,18.90714,1
prefill,eager,4,4096,119,tp_ar,4,22.63142,1
prefill,eager,4,4096,119,tp_ar_vllm,0,22.67136,1
prefill,eager,4,4096,119,sp_nccl,2,22.07027,1
prefill,eager,4,4096,119,sp_flux,5,20.43187,1
prefill,eager,4,4096,119,sp_rsflux,1,19.88198,1
prefill,eager,4,4096,119,sp_dispatch,3,19.07712,1
prefill,eager,4,4096,120,tp_ar,5,22.85056,1
prefill,eager,4,4096,120,tp_ar_vllm,0,22.88128,1
prefill,eager,4,4096,120,sp_nccl,3,22.29862,1
prefill,eager,4,4096,120,sp_flux,2,20.68890,1
prefill,eager,4,4096,120,sp_rsflux,1,20.10010,1
prefill,eager,4,4096,120,sp_dispatch,4,19.25325,1
prefill,eager,4,4096,121,tp_ar,4,22.89971,1
prefill,eager,4,4096,121,tp_ar_vllm,5,22.75840,1
prefill,eager,4,4096,121,sp_nccl,2,22.11635,1
prefill,eager,4,4096,121,sp_flux,3,20.64282,1
prefill,eager,4,4096,121,sp_rsflux,0,20.03866,1
prefill,eager,4,4096,121,sp_dispatch,1,19.00749,1
prefill,eager,4,4096,122,tp_ar,4,22.64371,1
prefill,eager,4,4096,122,tp_ar_vllm,2,22.57715,1
prefill,eager,4,4096,122,sp_nccl,0,21.85421,1
prefill,eager,4,4096,122,sp_flux,5,20.51686,1
prefill,eager,4,4096,122,sp_rsflux,3,19.91475,1
prefill,eager,4,4096,122,sp_dispatch,1,18.81702,1
prefill,eager,4,4096,123,tp_ar,2,22.66931,1
prefill,eager,4,4096,123,tp_ar_vllm,0,23.08403,1
prefill,eager,4,4096,123,sp_nccl,5,22.23309,1
prefill,eager,4,4096,123,sp_flux,3,20.50048,1
prefill,eager,4,4096,123,sp_rsflux,1,20.28134,1
prefill,eager,4,4096,123,sp_dispatch,4,19.22970,1
prefill,eager,4,4096,124,tp_ar,1,22.37440,1
prefill,eager,4,4096,124,tp_ar_vllm,2,22.30989,1
prefill,eager,4,4096,124,sp_nccl,0,21.93818,1
prefill,eager,4,4096,124,sp_flux,3,20.18714,1
prefill,eager,4,4096,124,sp_rsflux,5,20.45235,1
prefill,eager,4,4096,124,sp_dispatch,4,19.33926,1
prefill,eager,4,4096,125,tp_ar,2,22.75328,1
prefill,eager,4,4096,125,tp_ar_vllm,1,23.09837,1
prefill,eager,4,4096,125,sp_nccl,5,22.13786,1
prefill,eager,4,4096,125,sp_flux,4,20.53530,1
prefill,eager,4,4096,125,sp_rsflux,3,19.86867,1
prefill,eager,4,4096,125,sp_dispatch,0,19.75501,1
prefill,eager,4,4096,126,tp_ar,4,23.03283,1
prefill,eager,4,4096,126,tp_ar_vllm,0,22.74304,1
prefill,eager,4,4096,126,sp_nccl,1,21.74566,1
prefill,eager,4,4096,126,sp_flux,3,20.63155,1
prefill,eager,4,4096,126,sp_rsflux,5,20.27520,1
prefill,eager,4,4096,126,sp_dispatch,2,18.70234,1
prefill,eager,4,4096,127,tp_ar,2,22.49626,1
prefill,eager,4,4096,127,tp_ar_vllm,3,22.51366,1
prefill,eager,4,4096,127,sp_nccl,1,22.09280,1
prefill,eager,4,4096,127,sp_flux,5,20.59571,1
prefill,eager,4,4096,127,sp_rsflux,4,19.69766,1
prefill,eager,4,4096,127,sp_dispatch,0,19.02387,1
prefill,eager,4,4096,128,tp_ar,4,23.06970,1
prefill,eager,4,4096,128,tp_ar_vllm,0,23.23149,1
prefill,eager,4,4096,128,sp_nccl,1,22.12864,1
prefill,eager,4,4096,128,sp_flux,3,20.56397,1
prefill,eager,4,4096,128,sp_rsflux,5,20.26189,1
prefill,eager,4,4096,128,sp_dispatch,2,18.93581,1
prefill,eager,4,4096,129,tp_ar,0,22.77069,1
prefill,eager,4,4096,129,tp_ar_vllm,2,22.78502,1
prefill,eager,4,4096,129,sp_nccl,3,22.00678,1
prefill,eager,4,4096,129,sp_flux,1,20.55270,1
prefill,eager,4,4096,129,sp_rsflux,4,19.94445,1
prefill,eager,4,4096,129,sp_dispatch,5,18.90304,1
prefill,eager,4,4096,130,tp_ar,2,22.68877,1
prefill,eager,4,4096,130,tp_ar_vllm,0,22.92838,1
prefill,eager,4,4096,130,sp_nccl,5,22.35597,1
prefill,eager,4,4096,130,sp_flux,3,20.63872,1
prefill,eager,4,4096,130,sp_rsflux,1,20.14003,1
prefill,eager,4,4096,130,sp_dispatch,4,19.23379,1
prefill,eager,4,4096,131,tp_ar,2,22.79424,1
prefill,eager,4,4096,131,tp_ar_vllm,5,22.93760,1
prefill,eager,4,4096,131,sp_nccl,0,22.02112,1
prefill,eager,4,4096,131,sp_flux,1,20.50662,1
prefill,eager,4,4096,131,sp_rsflux,4,20.10726,1
prefill,eager,4,4096,131,sp_dispatch,3,19.16621,1
prefill,eager,4,4096,132,tp_ar,5,22.77786,1
prefill,eager,4,4096,132,tp_ar_vllm,2,22.63859,1
prefill,eager,4,4096,132,sp_nccl,4,22.28941,1
prefill,eager,4,4096,132,sp_flux,3,20.44416,1
prefill,eager,4,4096,132,sp_rsflux,1,20.03558,1
prefill,eager,4,4096,132,sp_dispatch,0,19.04947,1
prefill,eager,4,4096,133,tp_ar,5,23.36358,1
prefill,eager,4,4096,133,tp_ar_vllm,0,22.43686,1
prefill,eager,4,4096,133,sp_nccl,1,21.48250,1
prefill,eager,4,4096,133,sp_flux,4,21.13946,1
prefill,eager,4,4096,133,sp_rsflux,2,19.57683,1
prefill,eager,4,4096,133,sp_dispatch,3,19.04128,1
prefill,eager,4,4096,134,tp_ar,3,22.32320,1
prefill,eager,4,4096,134,tp_ar_vllm,2,22.59354,1
prefill,eager,4,4096,134,sp_nccl,1,22.18803,1
prefill,eager,4,4096,134,sp_flux,5,20.78925,1
prefill,eager,4,4096,134,sp_rsflux,0,20.45235,1
prefill,eager,4,4096,134,sp_dispatch,4,18.73920,1
prefill,eager,4,4096,135,tp_ar,3,23.04614,1
prefill,eager,4,4096,135,tp_ar_vllm,5,22.45120,1
prefill,eager,4,4096,135,sp_nccl,4,22.04570,1
prefill,eager,4,4096,135,sp_flux,2,21.15482,1
prefill,eager,4,4096,135,sp_rsflux,0,20.87014,1
prefill,eager,4,4096,135,sp_dispatch,1,19.65466,1
prefill,eager,4,4096,136,tp_ar,0,22.31501,1
prefill,eager,4,4096,136,tp_ar_vllm,3,22.54541,1
prefill,eager,4,4096,136,sp_nccl,1,21.38112,1
prefill,eager,4,4096,136,sp_flux,4,20.43904,1
prefill,eager,4,4096,136,sp_rsflux,2,19.62086,1
prefill,eager,4,4096,136,sp_dispatch,5,19.30240,1
prefill,eager,4,4096,137,tp_ar,2,23.03181,1
prefill,eager,4,4096,137,tp_ar_vllm,4,22.47066,1
prefill,eager,4,4096,137,sp_nccl,3,22.03443,1
prefill,eager,4,4096,137,sp_flux,5,20.34278,1
prefill,eager,4,4096,137,sp_rsflux,0,20.78106,1
prefill,eager,4,4096,137,sp_dispatch,1,19.49491,1
prefill,eager,4,4096,138,tp_ar,4,22.55053,1
prefill,eager,4,4096,138,tp_ar_vllm,1,23.00826,1
prefill,eager,4,4096,138,sp_nccl,3,21.91155,1
prefill,eager,4,4096,138,sp_flux,5,20.36326,1
prefill,eager,4,4096,138,sp_rsflux,2,20.13184,1
prefill,eager,4,4096,138,sp_dispatch,0,19.15392,1
prefill,eager,4,4096,139,tp_ar,3,23.08301,1
prefill,eager,4,4096,139,tp_ar_vllm,5,22.62426,1
prefill,eager,4,4096,139,sp_nccl,1,22.64064,1
prefill,eager,4,4096,139,sp_flux,2,20.87424,1
prefill,eager,4,4096,139,sp_rsflux,4,20.21376,1
prefill,eager,4,4096,139,sp_dispatch,0,19.46419,1
prefill,eager,4,4096,140,tp_ar,5,22.76147,1
prefill,eager,4,4096,140,tp_ar_vllm,0,22.53005,1
prefill,eager,4,4096,140,sp_nccl,3,21.89312,1
prefill,eager,4,4096,140,sp_flux,4,20.46054,1
prefill,eager,4,4096,140,sp_rsflux,1,19.77754,1
prefill,eager,4,4096,140,sp_dispatch,2,18.80269,1
prefill,eager,4,4096,141,tp_ar,3,22.91917,1
prefill,eager,4,4096,141,tp_ar_vllm,4,22.79731,1
prefill,eager,4,4096,141,sp_nccl,5,21.81530,1
prefill,eager,4,4096,141,sp_flux,0,20.94899,1
prefill,eager,4,4096,141,sp_rsflux,1,20.17178,1
prefill,eager,4,4096,141,sp_dispatch,2,19.18874,1
prefill,eager,4,4096,142,tp_ar,1,22.68774,1
prefill,eager,4,4096,142,tp_ar_vllm,4,23.04614,1
prefill,eager,4,4096,142,sp_nccl,5,22.02522,1
prefill,eager,4,4096,142,sp_flux,3,20.61517,1
prefill,eager,4,4096,142,sp_rsflux,2,19.88301,1
prefill,eager,4,4096,142,sp_dispatch,0,18.88154,1
prefill,eager,4,4096,143,tp_ar,0,22.53517,1
prefill,eager,4,4096,143,tp_ar_vllm,2,22.13683,1
prefill,eager,4,4096,143,sp_nccl,1,21.48045,1
prefill,eager,4,4096,143,sp_flux,4,20.59776,1
prefill,eager,4,4096,143,sp_rsflux,5,20.76365,1
prefill,eager,4,4096,143,sp_dispatch,3,18.64090,1
prefill,eager,4,4096,144,tp_ar,5,22.69286,1
prefill,eager,4,4096,144,tp_ar_vllm,2,23.24378,1
prefill,eager,4,4096,144,sp_nccl,4,22.01498,1
prefill,eager,4,4096,144,sp_flux,1,21.14253,1
prefill,eager,4,4096,144,sp_rsflux,0,20.80563,1
prefill,eager,4,4096,144,sp_dispatch,3,19.21331,1
prefill,eager,4,4096,145,tp_ar,0,22.39898,1
prefill,eager,4,4096,145,tp_ar_vllm,3,23.00518,1
prefill,eager,4,4096,145,sp_nccl,5,21.95661,1
prefill,eager,4,4096,145,sp_flux,2,20.48922,1
prefill,eager,4,4096,145,sp_rsflux,1,19.65261,1
prefill,eager,4,4096,145,sp_dispatch,4,19.34438,1
prefill,eager,4,4096,146,tp_ar,3,22.87104,1
prefill,eager,4,4096,146,tp_ar_vllm,4,22.74509,1
prefill,eager,4,4096,146,sp_nccl,1,21.71904,1
prefill,eager,4,4096,146,sp_flux,2,20.43187,1
prefill,eager,4,4096,146,sp_rsflux,0,19.90349,1
prefill,eager,4,4096,146,sp_dispatch,5,18.92762,1
prefill,eager,4,4096,147,tp_ar,0,22.70618,1
prefill,eager,4,4096,147,tp_ar_vllm,4,22.63040,1
prefill,eager,4,4096,147,sp_nccl,3,22.17882,1
prefill,eager,4,4096,147,sp_flux,5,20.46874,1
prefill,eager,4,4096,147,sp_rsflux,2,20.12160,1
prefill,eager,4,4096,147,sp_dispatch,1,19.09453,1
prefill,eager,4,4096,148,tp_ar,2,22.57920,1
prefill,eager,4,4096,148,tp_ar_vllm,1,22.80653,1
prefill,eager,4,4096,148,sp_nccl,3,21.59514,1
prefill,eager,4,4096,148,sp_flux,4,20.17997,1
prefill,eager,4,4096,148,sp_rsflux,0,20.07962,1
prefill,eager,4,4096,148,sp_dispatch,5,19.23277,1
prefill,eager,4,4096,149,tp_ar,0,23.22022,1
prefill,eager,4,4096,149,tp_ar_vllm,3,22.64678,1
prefill,eager,4,4096,149,sp_nccl,2,22.11021,1
prefill,eager,4,4096,149,sp_flux,4,20.44109,1
prefill,eager,4,4096,149,sp_rsflux,5,20.22912,1
prefill,eager,4,4096,149,sp_dispatch,1,19.25734,1
prefill,eager,4,4096,150,tp_ar,4,23.20179,1
prefill,eager,4,4096,150,tp_ar_vllm,1,22.70003,1
prefill,eager,4,4096,150,sp_nccl,0,22.07642,1
prefill,eager,4,4096,150,sp_flux,3,20.58957,1
prefill,eager,4,4096,150,sp_rsflux,2,19.82259,1
prefill,eager,4,4096,150,sp_dispatch,5,19.32186,1
prefill,eager,4,4096,151,tp_ar,5,23.38406,1
prefill,eager,4,4096,151,tp_ar_vllm,1,23.06355,1
prefill,eager,4,4096,151,sp_nccl,2,21.98938,1
prefill,eager,4,4096,151,sp_flux,4,20.65306,1
prefill,eager,4,4096,151,sp_rsflux,3,19.89222,1
prefill,eager,4,4096,151,sp_dispatch,0,19.14163,1
prefill,eager,4,4096,152,tp_ar,1,22.82496,1
prefill,eager,4,4096,152,tp_ar_vllm,4,22.36826,1
prefill,eager,4,4096,152,sp_nccl,2,21.74874,1
prefill,eager,4,4096,152,sp_flux,5,20.22502,1
prefill,eager,4,4096,152,sp_rsflux,3,19.64851,1
prefill,eager,4,4096,152,sp_dispatch,0,19.20307,1
prefill,eager,4,4096,153,tp_ar,2,22.49626,1
prefill,eager,4,4096,153,tp_ar_vllm,0,22.95706,1
prefill,eager,4,4096,153,sp_nccl,1,21.93510,1
prefill,eager,4,4096,153,sp_flux,4,20.33050,1
prefill,eager,4,4096,153,sp_rsflux,3,19.68845,1
prefill,eager,4,4096,153,sp_dispatch,5,19.33926,1
prefill,eager,4,4096,154,tp_ar,0,23.24582,1
prefill,eager,4,4096,154,tp_ar_vllm,5,22.85568,1
prefill,eager,4,4096,154,sp_nccl,1,22.15731,1
prefill,eager,4,4096,154,sp_flux,4,20.61312,1
prefill,eager,4,4096,154,sp_rsflux,3,19.93216,1
prefill,eager,4,4096,154,sp_dispatch,2,18.88563,1
prefill,eager,4,4096,155,tp_ar,0,22.71232,1
prefill,eager,4,4096,155,tp_ar_vllm,5,23.24173,1
prefill,eager,4,4096,155,sp_nccl,2,21.72826,1
prefill,eager,4,4096,155,sp_flux,3,20.48922,1
prefill,eager,4,4096,155,sp_rsflux,1,19.89325,1
prefill,eager,4,4096,155,sp_dispatch,4,19.35565,1
prefill,eager,4,4096,156,tp_ar,3,23.21613,1
prefill,eager,4,4096,156,tp_ar_vllm,0,22.88128,1
prefill,eager,4,4096,156,sp_nccl,4,22.34880,1
prefill,eager,4,4096,156,sp_flux,2,20.60186,1
prefill,eager,4,4096,156,sp_rsflux,5,20.00896,1
prefill,eager,4,4096,156,sp_dispatch,1,19.02490,1
prefill,eager,4,4096,157,tp_ar,5,22.67341,1
prefill,eager,4,4096,157,tp_ar_vllm,3,22.71334,1
prefill,eager,4,4096,157,sp_nccl,1,22.16550,1
prefill,eager,4,4096,157,sp_flux,0,20.71552,1
prefill,eager,4,4096,157,sp_rsflux,4,19.94650,1
prefill,eager,4,4096,157,sp_dispatch,2,19.16723,1
prefill,eager,4,4096,158,tp_ar,2,22.27507,1
prefill,eager,4,4096,158,tp_ar_vllm,0,22.53210,1
prefill,eager,4,4096,158,sp_nccl,1,21.55520,1
prefill,eager,4,4096,158,sp_flux,3,20.32845,1
prefill,eager,4,4096,158,sp_rsflux,5,20.42266,1
prefill,eager,4,4096,158,sp_dispatch,4,19.35462,1
prefill,eager,4,4096,159,tp_ar,2,23.01440,1
prefill,eager,4,4096,159,tp_ar_vllm,5,22.74099,1
prefill,eager,4,4096,159,sp_nccl,4,22.13581,1
prefill,eager,4,4096,159,sp_flux,3,20.74931,1
prefill,eager,4,4096,159,sp_rsflux,0,20.28237,1
prefill,eager,4,4096,159,sp_dispatch,1,19.22662,1
prefill,eager,4,4096,160,tp_ar,3,22.40307,1
prefill,eager,4,4096,160,tp_ar_vllm,1,22.38259,1
prefill,eager,4,4096,160,sp_nccl,0,21.81837,1
prefill,eager,4,4096,160,sp_flux,4,20.42470,1
prefill,eager,4,4096,160,sp_rsflux,2,19.58400,1
prefill,eager,4,4096,160,sp_dispatch,5,19.34131,1
prefill,eager,4,4096,161,tp_ar,5,22.62733,1
prefill,eager,4,4096,161,tp_ar_vllm,0,23.24890,1
prefill,eager,4,4096,161,sp_nccl,3,22.54029,1
prefill,eager,4,4096,161,sp_flux,2,20.86298,1
prefill,eager,4,4096,161,sp_rsflux,4,20.29568,1
prefill,eager,4,4096,161,sp_dispatch,1,19.18157,1
prefill,eager,4,4096,162,tp_ar,5,22.83827,1
prefill,eager,4,4096,162,tp_ar_vllm,1,22.47987,1
prefill,eager,4,4096,162,sp_nccl,3,22.19110,1
prefill,eager,4,4096,162,sp_flux,2,20.37862,1
prefill,eager,4,4096,162,sp_rsflux,0,19.84614,1
prefill,eager,4,4096,162,sp_dispatch,4,19.22662,1
prefill,eager,4,4096,163,tp_ar,4,22.87104,1
prefill,eager,4,4096,163,tp_ar_vllm,0,22.62118,1
prefill,eager,4,4096,163,sp_nccl,1,21.67091,1
prefill,eager,4,4096,163,sp_flux,2,20.38374,1
prefill,eager,4,4096,163,sp_rsflux,3,20.24550,1
prefill,eager,4,4096,163,sp_dispatch,5,19.08736,1
prefill,eager,4,4096,164,tp_ar,1,22.80141,1
prefill,eager,4,4096,164,tp_ar_vllm,4,22.42662,1
prefill,eager,4,4096,164,sp_nccl,3,21.76000,1
prefill,eager,4,4096,164,sp_flux,5,20.36224,1
prefill,eager,4,4096,164,sp_rsflux,2,19.95366,1
prefill,eager,4,4096,164,sp_dispatch,0,19.17952,1
prefill,eager,4,4096,165,tp_ar,0,22.97242,1
prefill,eager,4,4096,165,tp_ar_vllm,5,23.01440,1
prefill,eager,4,4096,165,sp_nccl,3,22.14912,1
prefill,eager,4,4096,165,sp_flux,4,20.55987,1
prefill,eager,4,4096,165,sp_rsflux,2,20.19123,1
prefill,eager,4,4096,165,sp_dispatch,1,19.11296,1
prefill,eager,4,4096,166,tp_ar,1,23.02362,1
prefill,eager,4,4096,166,tp_ar_vllm,3,22.57510,1
prefill,eager,4,4096,166,sp_nccl,2,22.08768,1
prefill,eager,4,4096,166,sp_flux,0,20.72883,1
prefill,eager,4,4096,166,sp_rsflux,5,19.91680,1
prefill,eager,4,4096,166,sp_dispatch,4,18.78528,1
prefill,eager,4,4096,167,tp_ar,0,22.51981,1
prefill,eager,4,4096,167,tp_ar_vllm,3,23.12294,1
prefill,eager,4,4096,167,sp_nccl,4,21.95354,1
prefill,eager,4,4096,167,sp_flux,5,20.56192,1
prefill,eager,4,4096,167,sp_rsflux,2,20.28544,1
prefill,eager,4,4096,167,sp_dispatch,1,18.89280,1
prefill,eager,4,4096,168,tp_ar,1,22.70003,1
prefill,eager,4,4096,168,tp_ar_vllm,5,23.20486,1
prefill,eager,4,4096,168,sp_nccl,0,22.14502,1
prefill,eager,4,4096,168,sp_flux,4,20.86093,1
prefill,eager,4,4096,168,sp_rsflux,2,19.84614,1
prefill,eager,4,4096,168,sp_dispatch,3,19.09350,1
prefill,eager,4,4096,169,tp_ar,2,22.55360,1
prefill,eager,4,4096,169,tp_ar_vllm,0,22.83622,1
prefill,eager,4,4096,169,sp_nccl,4,21.86752,1
prefill,eager,4,4096,169,sp_flux,5,20.55168,1
prefill,eager,4,4096,169,sp_rsflux,3,19.86970,1
prefill,eager,4,4096,169,sp_dispatch,1,19.01056,1
prefill,eager,4,4096,170,tp_ar,0,22.82701,1
prefill,eager,4,4096,170,tp_ar_vllm,4,23.34822,1
prefill,eager,4,4096,170,sp_nccl,5,22.13478,1
prefill,eager,4,4096,170,sp_flux,2,20.63667,1
prefill,eager,4,4096,170,sp_rsflux,1,20.03968,1
prefill,eager,4,4096,170,sp_dispatch,3,19.71098,1
prefill,eager,4,4096,171,tp_ar,1,22.28122,1
prefill,eager,4,4096,171,tp_ar_vllm,5,22.94170,1
prefill,eager,4,4096,171,sp_nccl,0,21.68320,1
prefill,eager,4,4096,171,sp_flux,2,20.21581,1
prefill,eager,4,4096,171,sp_rsflux,4,20.46669,1
prefill,eager,4,4096,171,sp_dispatch,3,19.26349,1
prefill,eager,4,4096,172,tp_ar,2,23.11270,1
prefill,eager,4,4096,172,tp_ar_vllm,5,22.65395,1
prefill,eager,4,4096,172,sp_nccl,4,22.06106,1
prefill,eager,4,4096,172,sp_flux,1,20.69606,1
prefill,eager,4,4096,172,sp_rsflux,0,20.06118,1
prefill,eager,4,4096,172,sp_dispatch,3,19.28499,1
prefill,eager,4,4096,173,tp_ar,4,22.59558,1
prefill,eager,4,4096,173,tp_ar_vllm,2,23.26733,1
prefill,eager,4,4096,173,sp_nccl,3,22.29965,1
prefill,eager,4,4096,173,sp_flux,1,20.40013,1
prefill,eager,4,4096,173,sp_rsflux,0,20.15539,1
prefill,eager,4,4096,173,sp_dispatch,5,18.84365,1
prefill,eager,4,4096,174,tp_ar,0,22.47475,1
prefill,eager,4,4096,174,tp_ar_vllm,2,22.85875,1
prefill,eager,4,4096,174,sp_nccl,5,22.29760,1
prefill,eager,4,4096,174,sp_flux,3,20.57933,1
prefill,eager,4,4096,174,sp_rsflux,4,20.49741,1
prefill,eager,4,4096,174,sp_dispatch,1,18.84365,1
prefill,eager,4,4096,175,tp_ar,5,22.66931,1
prefill,eager,4,4096,175,tp_ar_vllm,1,22.89971,1
prefill,eager,4,4096,175,sp_nccl,4,22.05082,1
prefill,eager,4,4096,175,sp_flux,2,20.57728,1
prefill,eager,4,4096,175,sp_rsflux,3,20.19840,1
prefill,eager,4,4096,175,sp_dispatch,0,19.03718,1
prefill,eager,4,4096,176,tp_ar,5,23.22944,1
prefill,eager,4,4096,176,tp_ar_vllm,1,22.60378,1
prefill,eager,4,4096,176,sp_nccl,2,21.87776,1
prefill,eager,4,4096,176,sp_flux,4,20.52813,1
prefill,eager,4,4096,176,sp_rsflux,3,19.87174,1
prefill,eager,4,4096,176,sp_dispatch,0,18.87744,1
prefill,eager,4,4096,177,tp_ar,1,22.62938,1
prefill,eager,4,4096,177,tp_ar_vllm,0,22.83725,1
prefill,eager,4,4096,177,sp_nccl,3,21.75283,1
prefill,eager,4,4096,177,sp_flux,5,20.53530,1
prefill,eager,4,4096,177,sp_rsflux,4,19.89632,1
prefill,eager,4,4096,177,sp_dispatch,2,18.83853,1
prefill,eager,4,4096,178,tp_ar,5,22.71027,1
prefill,eager,4,4096,178,tp_ar_vllm,3,22.81370,1
prefill,eager,4,4096,178,sp_nccl,2,22.48704,1
prefill,eager,4,4096,178,sp_flux,1,21.10054,1
prefill,eager,4,4096,178,sp_rsflux,0,20.45440,1
prefill,eager,4,4096,178,sp_dispatch,4,18.93786,1
prefill,eager,4,4096,179,tp_ar,0,22.66624,1
prefill,eager,4,4096,179,tp_ar_vllm,1,22.49933,1
prefill,eager,4,4096,179,sp_nccl,3,21.97811,1
prefill,eager,4,4096,179,sp_flux,4,20.68275,1
prefill,eager,4,4096,179,sp_rsflux,5,20.39910,1
prefill,eager,4,4096,179,sp_dispatch,2,18.68493,1
prefill,eager,4,4096,180,tp_ar,4,23.00723,1
prefill,eager,4,4096,180,tp_ar_vllm,0,23.02566,1
prefill,eager,4,4096,180,sp_nccl,5,21.97094,1
prefill,eager,4,4096,180,sp_flux,1,20.81690,1
prefill,eager,4,4096,180,sp_rsflux,3,20.41651,1
prefill,eager,4,4096,180,sp_dispatch,2,19.25018,1
prefill,eager,4,4096,181,tp_ar,1,22.36928,1
prefill,eager,4,4096,181,tp_ar_vllm,3,23.02566,1
prefill,eager,4,4096,181,sp_nccl,5,22.16858,1
prefill,eager,4,4096,181,sp_flux,2,20.38886,1
prefill,eager,4,4096,181,sp_rsflux,0,19.72224,1
prefill,eager,4,4096,181,sp_dispatch,4,19.29318,1
prefill,eager,4,4096,182,tp_ar,1,22.92429,1
prefill,eager,4,4096,182,tp_ar_vllm,3,22.86182,1
prefill,eager,4,4096,182,sp_nccl,5,21.97606,1
prefill,eager,4,4096,182,sp_flux,0,20.65510,1
prefill,eager,4,4096,182,sp_rsflux,4,20.11955,1
prefill,eager,4,4096,182,sp_dispatch,2,19.10170,1
prefill,eager,4,4096,183,tp_ar,4,22.76045,1
prefill,eager,4,4096,183,tp_ar_vllm,3,23.06458,1
prefill,eager,4,4096,183,sp_nccl,5,21.71494,1
prefill,eager,4,4096,183,sp_flux,1,20.71040,1
prefill,eager,4,4096,183,sp_rsflux,2,20.46157,1
prefill,eager,4,4096,183,sp_dispatch,0,19.12525,1
prefill,eager,4,4096,184,tp_ar,0,22.38464,1
prefill,eager,4,4096,184,tp_ar_vllm,4,22.88128,1
prefill,eager,4,4096,184,sp_nccl,1,21.50400,1
prefill,eager,4,4096,184,sp_flux,5,20.63565,1
prefill,eager,4,4096,184,sp_rsflux,2,19.74682,1
prefill,eager,4,4096,184,sp_dispatch,3,18.93888,1
prefill,eager,4,4096,185,tp_ar,5,22.93658,1
prefill,eager,4,4096,185,tp_ar_vllm,1,22.65190,1
prefill,eager,4,4096,185,sp_nccl,0,22.06310,1
prefill,eager,4,4096,185,sp_flux,2,20.42368,1
prefill,eager,4,4096,185,sp_rsflux,4,20.35917,1
prefill,eager,4,4096,185,sp_dispatch,3,19.23482,1
prefill,eager,4,4096,186,tp_ar,0,22.68979,1
prefill,eager,4,4096,186,tp_ar_vllm,1,22.41638,1
prefill,eager,4,4096,186,sp_nccl,4,22.42253,1
prefill,eager,4,4096,186,sp_flux,3,20.49229,1
prefill,eager,4,4096,186,sp_rsflux,2,19.72941,1
prefill,eager,4,4096,186,sp_dispatch,5,19.31981,1
prefill,eager,4,4096,187,tp_ar,5,23.01952,1
prefill,eager,4,4096,187,tp_ar_vllm,1,23.08403,1
prefill,eager,4,4096,187,sp_nccl,2,22.14502,1
prefill,eager,4,4096,187,sp_flux,3,20.47898,1
prefill,eager,4,4096,187,sp_rsflux,4,20.19123,1
prefill,eager,4,4096,187,sp_dispatch,0,19.27270,1
prefill,eager,4,4096,188,tp_ar,2,22.48602,1
prefill,eager,4,4096,188,tp_ar_vllm,4,23.10861,1
prefill,eager,4,4096,188,sp_nccl,0,22.00474,1
prefill,eager,4,4096,188,sp_flux,3,20.50355,1
prefill,eager,4,4096,188,sp_rsflux,1,19.89837,1
prefill,eager,4,4096,188,sp_dispatch,5,19.45190,1
prefill,eager,4,4096,189,tp_ar,4,22.94477,1
prefill,eager,4,4096,189,tp_ar_vllm,0,22.91302,1
prefill,eager,4,4096,189,sp_nccl,1,21.84806,1
prefill,eager,4,4096,189,sp_flux,3,20.47181,1
prefill,eager,4,4096,189,sp_rsflux,2,19.78061,1
prefill,eager,4,4096,189,sp_dispatch,5,19.21843,1
prefill,eager,4,4096,190,tp_ar,5,23.00826,1
prefill,eager,4,4096,190,tp_ar_vllm,0,22.83315,1
prefill,eager,4,4096,190,sp_nccl,2,22.13581,1
prefill,eager,4,4096,190,sp_flux,1,20.71859,1
prefill,eager,4,4096,190,sp_rsflux,3,20.09907,1
prefill,eager,4,4096,190,sp_dispatch,4,19.05869,1
prefill,eager,4,4096,191,tp_ar,5,23.01747,1
prefill,eager,4,4096,191,tp_ar_vllm,0,22.80960,1
prefill,eager,4,4096,191,sp_nccl,3,21.91770,1
prefill,eager,4,4096,191,sp_flux,4,20.42675,1
prefill,eager,4,4096,191,sp_rsflux,2,19.97824,1
prefill,eager,4,4096,191,sp_dispatch,1,18.87334,1
prefill,eager,4,4096,192,tp_ar,5,23.13011,1
prefill,eager,4,4096,192,tp_ar_vllm,0,22.84339,1
prefill,eager,4,4096,192,sp_nccl,2,21.71904,1
prefill,eager,4,4096,192,sp_flux,4,20.70528,1
prefill,eager,4,4096,192,sp_rsflux,1,19.95674,1
prefill,eager,4,4096,192,sp_dispatch,3,18.90202,1
prefill,eager,4,4096,193,tp_ar,3,22.58739,1
prefill,eager,4,4096,193,tp_ar_vllm,0,22.86387,1
prefill,eager,4,4096,193,sp_nccl,1,21.71904,1
prefill,eager,4,4096,193,sp_flux,4,20.53427,1
prefill,eager,4,4096,193,sp_rsflux,2,19.73862,1
prefill,eager,4,4096,193,sp_dispatch,5,19.38227,1
prefill,eager,4,4096,194,tp_ar,4,23.03078,1
prefill,eager,4,4096,194,tp_ar_vllm,0,23.34310,1
prefill,eager,4,4096,194,sp_nccl,5,21.97094,1
prefill,eager,4,4096,194,sp_flux,1,20.93158,1
prefill,eager,4,4096,194,sp_rsflux,2,20.26598,1
prefill,eager,4,4096,194,sp_dispatch,3,19.25120,1
prefill,eager,4,4096,195,tp_ar,3,22.36723,1
prefill,eager,4,4096,195,tp_ar_vllm,0,22.43174,1
prefill,eager,4,4096,195,sp_nccl,2,21.64838,1
prefill,eager,4,4096,195,sp_flux,4,20.35098,1
prefill,eager,4,4096,195,sp_rsflux,1,19.67718,1
prefill,eager,4,4096,195,sp_dispatch,5,19.35974,1
prefill,eager,4,4096,196,tp_ar,3,22.87411,1
prefill,eager,4,4096,196,tp_ar_vllm,1,23.26733,1
prefill,eager,4,4096,196,sp_nccl,4,21.89005,1
prefill,eager,4,4096,196,sp_flux,5,20.62131,1
prefill,eager,4,4096,196,sp_rsflux,2,20.26291,1
prefill,eager,4,4096,196,sp_dispatch,0,19.32698,1
prefill,eager,4,4096,197,tp_ar,1,22.90688,1
prefill,eager,4,4096,197,tp_ar_vllm,4,22.71130,1
prefill,eager,4,4096,197,sp_nccl,3,22.15936,1
prefill,eager,4,4096,197,sp_flux,2,20.66432,1
prefill,eager,4,4096,197,sp_rsflux,5,19.79290,1
prefill,eager,4,4096,197,sp_dispatch,0,19.19386,1
prefill,eager,4,4096,198,tp_ar,1,22.84134,1
prefill,eager,4,4096,198,tp_ar_vllm,2,22.73075,1
prefill,eager,4,4096,198,sp_nccl,5,22.12352,1
prefill,eager,4,4096,198,sp_flux,3,20.46771,1
prefill,eager,4,4096,198,sp_rsflux,4,20.16256,1
prefill,eager,4,4096,198,sp_dispatch,0,18.79962,1
prefill,eager,4,4096,199,tp_ar,4,22.99290,1
prefill,eager,4,4096,199,tp_ar_vllm,0,22.67546,1
prefill,eager,4,4096,199,sp_nccl,1,21.67194,1
prefill,eager,4,4096,199,sp_flux,3,20.47795,1
prefill,eager,4,4096,199,sp_rsflux,2,19.64442,1
prefill,eager,4,4096,199,sp_dispatch,5,19.12115,1
prefill,eager,4,8192,0,tp_ar,0,45.56800,1
prefill,eager,4,8192,0,tp_ar_vllm,1,44.02176,1
prefill,eager,4,8192,0,sp_nccl,2,41.73414,1
prefill,eager,4,8192,0,sp_flux,4,37.38214,1
prefill,eager,4,8192,0,sp_rsflux,3,38.85159,1
prefill,eager,4,8192,0,sp_dispatch,5,38.46656,1
prefill,eager,4,8192,1,tp_ar,1,45.23111,1
prefill,eager,4,8192,1,tp_ar_vllm,5,45.75437,1
prefill,eager,4,8192,1,sp_nccl,3,43.92345,1
prefill,eager,4,8192,1,sp_flux,4,37.03296,1
prefill,eager,4,8192,1,sp_rsflux,0,41.73619,1
prefill,eager,4,8192,1,sp_dispatch,2,36.35917,1
prefill,eager,4,8192,2,tp_ar,1,43.55277,1
prefill,eager,4,8192,2,tp_ar_vllm,4,45.71955,1
prefill,eager,4,8192,2,sp_nccl,0,42.38131,1
prefill,eager,4,8192,2,sp_flux,5,36.92749,1
prefill,eager,4,8192,2,sp_rsflux,2,39.21305,1
prefill,eager,4,8192,2,sp_dispatch,3,37.14150,1
prefill,eager,4,8192,3,tp_ar,3,44.79693,1
prefill,eager,4,8192,3,tp_ar_vllm,0,45.54137,1
prefill,eager,4,8192,3,sp_nccl,1,42.51853,1
prefill,eager,4,8192,3,sp_flux,5,38.00781,1
prefill,eager,4,8192,3,sp_rsflux,2,39.28167,1
prefill,eager,4,8192,3,sp_dispatch,4,36.69913,1
prefill,eager,4,8192,4,tp_ar,2,43.98285,1
prefill,eager,4,8192,4,tp_ar_vllm,1,45.29766,1
prefill,eager,4,8192,4,sp_nccl,5,44.74368,1
prefill,eager,4,8192,4,sp_flux,4,38.41024,1
prefill,eager,4,8192,4,sp_rsflux,0,41.24979,1
prefill,eager,4,8192,4,sp_dispatch,3,36.47898,1
prefill,eager,4,8192,5,tp_ar,4,46.20390,1
prefill,eager,4,8192,5,tp_ar_vllm,1,44.67405,1
prefill,eager,4,8192,5,sp_nccl,5,42.37005,1
prefill,eager,4,8192,5,sp_flux,3,38.46349,1
prefill,eager,4,8192,5,sp_rsflux,0,39.46291,1
prefill,eager,4,8192,5,sp_dispatch,2,36.76979,1
prefill,eager,4,8192,6,tp_ar,1,45.45741,1
prefill,eager,4,8192,6,tp_ar_vllm,4,44.17126,1
prefill,eager,4,8192,6,sp_nccl,3,42.77863,1
prefill,eager,4,8192,6,sp_flux,5,36.40627,1
prefill,eager,4,8192,6,sp_rsflux,2,39.83258,1
prefill,eager,4,8192,6,sp_dispatch,0,36.65408,1
prefill,eager,4,8192,7,tp_ar,5,45.89261,1
prefill,eager,4,8192,7,tp_ar_vllm,3,45.77075,1
prefill,eager,4,8192,7,sp_nccl,0,43.93882,1
prefill,eager,4,8192,7,sp_flux,4,36.81485,1
prefill,eager,4,8192,7,sp_rsflux,1,39.90221,1
prefill,eager,4,8192,7,sp_dispatch,2,37.06368,1
prefill,eager,4,8192,8,tp_ar,1,45.84653,1
prefill,eager,4,8192,8,tp_ar_vllm,4,45.82912,1
prefill,eager,4,8192,8,sp_nccl,2,42.38541,1
prefill,eager,4,8192,8,sp_flux,0,36.52505,1
prefill,eager,4,8192,8,sp_rsflux,5,39.45677,1
prefill,eager,4,8192,8,sp_dispatch,3,36.85069,1
prefill,eager,4,8192,9,tp_ar,2,44.29107,1
prefill,eager,4,8192,9,tp_ar_vllm,4,45.76768,1
prefill,eager,4,8192,9,sp_nccl,1,44.17024,1
prefill,eager,4,8192,9,sp_flux,0,37.01760,1
prefill,eager,4,8192,9,sp_rsflux,5,39.89197,1
prefill,eager,4,8192,9,sp_dispatch,3,36.33664,1
prefill,eager,4,8192,10,tp_ar,4,45.78202,1
prefill,eager,4,8192,10,tp_ar_vllm,1,43.87635,1
prefill,eager,4,8192,10,sp_nccl,0,42.72538,1
prefill,eager,4,8192,10,sp_flux,3,37.30227,1
prefill,eager,4,8192,10,sp_rsflux,2,39.16903,1
prefill,eager,4,8192,10,sp_dispatch,5,37.27769,1
prefill,eager,4,8192,11,tp_ar,1,45.03040,1
prefill,eager,4,8192,11,tp_ar_vllm,2,43.80467,1
prefill,eager,4,8192,11,sp_nccl,3,41.94304,1
prefill,eager,4,8192,11,sp_flux,5,38.73895,1
prefill,eager,4,8192,11,sp_rsflux,0,41.60614,1
prefill,eager,4,8192,11,sp_dispatch,4,36.62541,1
prefill,eager,4,8192,12,tp_ar,4,44.06170,1
prefill,eager,4,8192,12,tp_ar_vllm,0,46.69952,1
prefill,eager,4,8192,12,sp_nccl,3,43.51078,1
prefill,eager,4,8192,12,sp_flux,5,36.09088,1
prefill,eager,4,8192,12,sp_rsflux,2,41.17094,1
prefill,eager,4,8192,12,sp_dispatch,1,36.70528,1
prefill,eager,4,8192,13,tp_ar,4,45.68064,1
prefill,eager,4,8192,13,tp_ar_vllm,0,45.76154,1
prefill,eager,4,8192,13,sp_nccl,5,42.53082,1
prefill,eager,4,8192,13,sp_flux,1,36.48717,1
prefill,eager,4,8192,13,sp_rsflux,2,40.99891,1
prefill,eager,4,8192,13,sp_dispatch,3,37.48147,1
prefill,eager,4,8192,14,tp_ar,0,43.73811,0
prefill,eager,4,8192,14,tp_ar_vllm,4,46.32166,0
prefill,eager,4,8192,14,sp_nccl,1,41.76282,0
prefill,eager,4,8192,14,sp_flux,3,38.24947,0
prefill,eager,4,8192,14,sp_rsflux,5,39.57453,0
prefill,eager,4,8192,14,sp_dispatch,2,36.15642,0
prefill,eager,4,8192,15,tp_ar,1,44.71501,1
prefill,eager,4,8192,15,tp_ar_vllm,4,44.60135,1
prefill,eager,4,8192,15,sp_nccl,3,44.25114,1
prefill,eager,4,8192,15,sp_flux,2,36.74215,1
prefill,eager,4,8192,15,sp_rsflux,0,39.60218,1
prefill,eager,4,8192,15,sp_dispatch,5,36.15027,1
prefill,eager,4,8192,16,tp_ar,4,46.24589,1
prefill,eager,4,8192,16,tp_ar_vllm,5,44.07911,1
prefill,eager,4,8192,16,sp_nccl,0,43.47597,1
prefill,eager,4,8192,16,sp_flux,2,36.94490,1
prefill,eager,4,8192,16,sp_rsflux,1,39.55098,1
prefill,eager,4,8192,16,sp_dispatch,3,38.15629,1
prefill,eager,4,8192,17,tp_ar,0,43.65824,1
prefill,eager,4,8192,17,tp_ar_vllm,4,43.80774,1
prefill,eager,4,8192,17,sp_nccl,3,43.49030,1
prefill,eager,4,8192,17,sp_flux,5,36.23322,1
prefill,eager,4,8192,17,sp_rsflux,2,41.43104,1
prefill,eager,4,8192,17,sp_dispatch,1,36.23833,1
prefill,eager,4,8192,18,tp_ar,5,44.61363,1
prefill,eager,4,8192,18,tp_ar_vllm,0,45.91923,1
prefill,eager,4,8192,18,sp_nccl,4,44.35046,1
prefill,eager,4,8192,18,sp_flux,3,37.48864,1
prefill,eager,4,8192,18,sp_rsflux,2,41.16173,1
prefill,eager,4,8192,18,sp_dispatch,1,36.91110,1
prefill,eager,4,8192,19,tp_ar,3,44.55117,1
prefill,eager,4,8192,19,tp_ar_vllm,1,45.56800,1
prefill,eager,4,8192,19,sp_nccl,5,44.09753,1
prefill,eager,4,8192,19,sp_flux,4,37.15072,1
prefill,eager,4,8192,19,sp_rsflux,2,39.83770,1
prefill,eager,4,8192,19,sp_dispatch,0,36.35917,1
prefill,eager,4,8192,20,tp_ar,5,45.75437,1
prefill,eager,4,8192,20,tp_ar_vllm,1,44.31053,1
prefill,eager,4,8192,20,sp_nccl,2,41.92973,1
prefill,eager,4,8192,20,sp_flux,3,36.68685,1
prefill,eager,4,8192,20,sp_rsflux,0,39.44038,1
prefill,eager,4,8192,20,sp_dispatch,4,38.24333,1
prefill,eager,4,8192,21,tp_ar,1,45.85881,1
prefill,eager,4,8192,21,tp_ar_vllm,3,43.52000,1
prefill,eager,4,8192,21,sp_nccl,2,42.43149,1
prefill,eager,4,8192,21,sp_flux,0,36.74726,1
prefill,eager,4,8192,21,sp_rsflux,4,39.29907,1
prefill,eager,4,8192,21,sp_dispatch,5,36.95923,1
prefill,eager,4,8192,22,tp_ar,5,43.75450,1
prefill,eager,4,8192,22,tp_ar_vllm,3,45.11130,1
prefill,eager,4,8192,22,sp_nccl,4,42.13965,1
prefill,eager,4,8192,22,sp_flux,1,38.33344,1
prefill,eager,4,8192,22,sp_rsflux,2,41.36755,1
prefill,eager,4,8192,22,sp_dispatch,0,38.14809,1
prefill,eager,4,8192,23,tp_ar,0,43.62547,1
prefill,eager,4,8192,23,tp_ar_vllm,1,43.59680,1
prefill,eager,4,8192,23,sp_nccl,2,42.03520,1
prefill,eager,4,8192,23,sp_flux,3,36.77287,1
prefill,eager,4,8192,23,sp_rsflux,4,41.64301,1
prefill,eager,4,8192,23,sp_dispatch,5,38.22285,1
prefill,eager,4,8192,24,tp_ar,5,44.07706,1
prefill,eager,4,8192,24,tp_ar_vllm,4,44.84403,1
prefill,eager,4,8192,24,sp_nccl,1,44.41088,1
prefill,eager,4,8192,24,sp_flux,2,37.18144,1
prefill,eager,4,8192,24,sp_rsflux,3,41.22931,1
prefill,eager,4,8192,24,sp_dispatch,0,38.67751,1
prefill,eager,4,8192,25,tp_ar,5,43.99309,1
prefill,eager,4,8192,25,tp_ar_vllm,2,45.91718,1
prefill,eager,4,8192,25,sp_nccl,4,42.30246,1
prefill,eager,4,8192,25,sp_flux,0,36.51072,1
prefill,eager,4,8192,25,sp_rsflux,3,40.04864,1
prefill,eager,4,8192,25,sp_dispatch,1,38.27610,1
prefill,eager,4,8192,26,tp_ar,1,44.67302,1
prefill,eager,4,8192,26,tp_ar_vllm,4,44.18457,1
prefill,eager,4,8192,26,sp_nccl,3,44.33203,1
prefill,eager,4,8192,26,sp_flux,2,36.88038,1
prefill,eager,4,8192,26,sp_rsflux,0,39.48134,1
prefill,eager,4,8192,26,sp_dispatch,5,36.41958,1
prefill,eager,4,8192,27,tp_ar,5,43.66029,1
prefill,eager,4,8192,27,tp_ar_vllm,4,44.62899,1
prefill,eager,4,8192,27,sp_nccl,3,43.80877,1
prefill,eager,4,8192,27,sp_flux,0,38.34163,1
prefill,eager,4,8192,27,sp_rsflux,1,41.38598,1
prefill,eager,4,8192,27,sp_dispatch,2,37.63405,1
prefill,eager,4,8192,28,tp_ar,1,45.79328,1
prefill,eager,4,8192,28,tp_ar_vllm,4,44.10778,1
prefill,eager,4,8192,28,sp_nccl,3,42.77453,1
prefill,eager,4,8192,28,sp_flux,5,36.33254,1
prefill,eager,4,8192,28,sp_rsflux,2,39.65338,1
prefill,eager,4,8192,28,sp_dispatch,0,36.24243,1
prefill,eager,4,8192,29,tp_ar,4,46.43942,1
prefill,eager,4,8192,29,tp_ar_vllm,5,44.27981,1
prefill,eager,4,8192,29,sp_nccl,1,43.30394,1
prefill,eager,4,8192,29,sp_flux,3,38.22797,1
prefill,eager,4,8192,29,sp_rsflux,0,41.37165,1
prefill,eager,4,8192,29,sp_dispatch,2,36.41651,1
prefill,eager,4,8192,30,tp_ar,5,44.19687,1
prefill,eager,4,8192,30,tp_ar_vllm,0,43.69101,1
prefill,eager,4,8192,30,sp_nccl,4,44.08832,1
prefill,eager,4,8192,30,sp_flux,1,36.24243,1
prefill,eager,4,8192,30,sp_rsflux,2,40.99686,1
prefill,eager,4,8192,30,sp_dispatch,3,37.29818,1
prefill,eager,4,8192,31,tp_ar,4,45.99501,1
prefill,eager,4,8192,31,tp_ar_vllm,0,43.51590,1
prefill,eager,4,8192,31,sp_nccl,5,42.45094,1
prefill,eager,4,8192,31,sp_flux,3,37.83475,1
prefill,eager,4,8192,31,sp_rsflux,2,41.36039,1
prefill,eager,4,8192,31,sp_dispatch,1,36.71962,1
prefill,eager,4,8192,32,tp_ar,2,45.92128,1
prefill,eager,4,8192,32,tp_ar_vllm,3,44.47744,1
prefill,eager,4,8192,32,sp_nccl,0,41.85805,1
prefill,eager,4,8192,32,sp_flux,4,36.35405,1
prefill,eager,4,8192,32,sp_rsflux,5,41.10746,1
prefill,eager,4,8192,32,sp_dispatch,1,36.54861,1
prefill,eager,4,8192,33,tp_ar,0,45.31917,1
prefill,eager,4,8192,33,tp_ar_vllm,4,45.87008,1
prefill,eager,4,8192,33,sp_nccl,2,42.57280,1
prefill,eager,4,8192,33,sp_flux,3,36.79949,1
prefill,eager,4,8192,33,sp_rsflux,1,39.39533,1
prefill,eager,4,8192,33,sp_dispatch,5,36.76467,1
prefill,eager,4,8192,34,tp_ar,4,45.94176,1
prefill,eager,4,8192,34,tp_ar_vllm,1,44.41395,1
prefill,eager,4,8192,34,sp_nccl,0,44.07706,1
prefill,eager,4,8192,34,sp_flux,3,37.10157,1
prefill,eager,4,8192,34,sp_rsflux,2,38.96730,1
prefill,eager,4,8192,34,sp_dispatch,5,36.78925,1
prefill,eager,4,8192,35,tp_ar,3,46.11072,1
prefill,eager,4,8192,35,tp_ar_vllm,5,43.68179,1
prefill,eager,4,8192,35,sp_nccl,4,42.41817,1
prefill,eager,4,8192,35,sp_flux,0,38.04570,1
prefill,eager,4,8192,35,sp_rsflux,1,41.45050,1
prefill,eager,4,8192,35,sp_dispatch,2,37.55827,1
prefill,eager,4,8192,36,tp_ar,5,44.29312,1
prefill,eager,4,8192,36,tp_ar_vllm,1,45.75744,1
prefill,eager,4,8192,36,sp_nccl,4,44.05658,1
prefill,eager,4,8192,36,sp_flux,0,36.63155,1
prefill,eager,4,8192,36,sp_rsflux,2,39.60218,1
prefill,eager,4,8192,36,sp_dispatch,3,37.13229,1
prefill,eager,4,8192,37,tp_ar,1,43.59987,1
prefill,eager,4,8192,37,tp_ar_vllm,4,46.73024,1
prefill,eager,4,8192,37,sp_nccl,0,41.76487,1
prefill,eager,4,8192,37,sp_flux,2,36.82202,1
prefill,eager,4,8192,37,sp_rsflux,5,40.19507,1
prefill,eager,4,8192,37,sp_dispatch,3,38.34163,1
prefill,eager,4,8192,38,tp_ar,2,43.69510,1
prefill,eager,4,8192,38,tp_ar_vllm,0,44.62182,1
prefill,eager,4,8192,38,sp_nccl,1,42.06182,1
prefill,eager,4,8192,38,sp_flux,5,38.15322,1
prefill,eager,4,8192,38,sp_rsflux,3,39.24582,1
prefill,eager,4,8192,38,sp_dispatch,4,37.34835,1
prefill,eager,4,8192,39,tp_ar,0,46.13427,1
prefill,eager,4,8192,39,tp_ar_vllm,3,46.74355,1
prefill,eager,4,8192,39,sp_nccl,4,42.26458,1
prefill,eager,4,8192,39,sp_flux,5,36.57114,1
prefill,eager,4,8192,39,sp_rsflux,1,40.05888,1
prefill,eager,4,8192,39,sp_dispatch,2,37.30739,1
prefill,eager,4,8192,40,tp_ar,5,45.77690,1
prefill,eager,4,8192,40,tp_ar_vllm,3,45.39289,1
prefill,eager,4,8192,40,sp_nccl,0,43.73606,1
prefill,eager,4,8192,40,sp_flux,4,36.49126,1
prefill,eager,4,8192,40,sp_rsflux,2,40.95590,1
prefill,eager,4,8192,40,sp_dispatch,1,36.90496,1
prefill,eager,4,8192,41,tp_ar,4,44.34023,1
prefill,eager,4,8192,41,tp_ar_vllm,3,45.97658,1
prefill,eager,4,8192,41,sp_nccl,0,42.45606,1
prefill,eager,4,8192,41,sp_flux,5,36.60083,1
prefill,eager,4,8192,41,sp_rsflux,1,39.33389,1
prefill,eager,4,8192,41,sp_dispatch,2,37.20090,1
prefill,eager,4,8192,42,tp_ar,3,43.60499,1
prefill,eager,4,8192,42,tp_ar_vllm,2,45.44000,1
prefill,eager,4,8192,42,sp_nccl,4,41.80070,1
prefill,eager,4,8192,42,sp_flux,0,38.42253,1
prefill,eager,4,8192,42,sp_rsflux,1,41.56928,1
prefill,eager,4,8192,42,sp_dispatch,5,36.91930,1
prefill,eager,4,8192,43,tp_ar,2,46.08102,1
prefill,eager,4,8192,43,tp_ar_vllm,5,44.65357,1
prefill,eager,4,8192,43,sp_nccl,3,42.40487,1
prefill,eager,4,8192,43,sp_flux,1,38.53005,1
prefill,eager,4,8192,43,sp_rsflux,4,39.15264,1
prefill,eager,4,8192,43,sp_dispatch,0,38.56691,1
prefill,eager,4,8192,44,tp_ar,4,44.31258,1
prefill,eager,4,8192,44,tp_ar_vllm,5,43.90400,1
prefill,eager,4,8192,44,sp_nccl,3,44.51533,1
prefill,eager,4,8192,44,sp_flux,1,37.03399,1
prefill,eager,4,8192,44,sp_rsflux,0,39.27449,1
prefill,eager,4,8192,44,sp_dispatch,2,38.14605,1
prefill,eager,4,8192,45,tp_ar,0,43.52307,1
prefill,eager,4,8192,45,tp_ar_vllm,3,45.93254,1
prefill,eager,4,8192,45,sp_nccl,1,41.78534,1
prefill,eager,4,8192,45,sp_flux,2,36.68685,1
prefill,eager,4,8192,45,sp_rsflux,5,41.05011,1
prefill,eager,4,8192,45,sp_dispatch,4,36.80666,1
prefill,eager,4,8192,46,tp_ar,1,45.76870,1
prefill,eager,4,8192,46,tp_ar_vllm,3,44.61363,1
prefill,eager,4,8192,46,sp_nccl,4,42.13658,1
prefill,eager,4,8192,46,sp_flux,5,36.66330,1
prefill,eager,4,8192,46,sp_rsflux,2,39.95648,1
prefill,eager,4,8192,46,sp_dispatch,0,37.73952,1
prefill,eager,4,8192,47,tp_ar,4,46.22336,1
prefill,eager,4,8192,47,tp_ar_vllm,1,46.62784,1
prefill,eager,4,8192,47,sp_nccl,5,42.18573,1
prefill,eager,4,8192,47,sp_flux,3,36.83123,1
prefill,eager,4,8192,47,sp_rsflux,2,39.62573,1
prefill,eager,4,8192,47,sp_dispatch,0,38.67751,1
prefill,eager,4,8192,48,tp_ar,3,44.12109,1
prefill,eager,4,8192,48,tp_ar_vllm,5,45.96838,1
prefill,eager,4,8192,48,sp_nccl,2,43.63571,1
prefill,eager,4,8192,48,sp_flux,0,36.88960,1
prefill,eager,4,8192,48,sp_rsflux,1,41.39111,1
prefill,eager,4,8192,48,sp_dispatch,4,36.24653,1
prefill,eager,4,8192,49,tp_ar,5,44.10675,1
prefill,eager,4,8192,49,tp_ar_vllm,0,43.96032,1
prefill,eager,4,8192,49,sp_nccl,4,44.53478,1
prefill,eager,4,8192,49,sp_flux,1,36.55066,1
prefill,eager,4,8192,49,sp_rsflux,2,41.83347,1
prefill,eager,4,8192,49,sp_dispatch,3,37.76102,1
prefill,eager,4,8192,50,tp_ar,0,43.43910,1
prefill,eager,4,8192,50,tp_ar_vllm,3,44.58086,1
prefill,eager,4,8192,50,sp_nccl,2,44.06681,1
prefill,eager,4,8192,50,sp_flux,5,37.05139,1
prefill,eager,4,8192,50,sp_rsflux,4,39.19463,1
prefill,eager,4,8192,50,sp_dispatch,1,36.74829,1
prefill,eager,4,8192,51,tp_ar,0,45.66016,1
prefill,eager,4,8192,51,tp_ar_vllm,3,45.64787,1
prefill,eager,4,8192,51,sp_nccl,1,42.42637,1
prefill,eager,4,8192,51,sp_flux,2,36.44313,1
prefill,eager,4,8192,51,sp_rsflux,5,40.93338,1
prefill,eager,4,8192,51,sp_dispatch,4,36.79847,1
prefill,eager,4,8192,52,tp_ar,5,43.76883,1
prefill,eager,4,8192,52,tp_ar_vllm,0,45.33965,1
prefill,eager,4,8192,52,sp_nccl,4,43.83334,1
prefill,eager,4,8192,52,sp_flux,1,36.56807,1
prefill,eager,4,8192,52,sp_rsflux,3,41.41158,1
prefill,eager,4,8192,52,sp_dispatch,2,38.71949,1
prefill,eager,4,8192,53,tp_ar,0,43.57427,1
prefill,eager,4,8192,53,tp_ar_vllm,5,46.25101,1
prefill,eager,4,8192,53,sp_nccl,1,41.89901,1
prefill,eager,4,8192,53,sp_flux,3,37.22342,1
prefill,eager,4,8192,53,sp_rsflux,2,39.02976,1
prefill,eager,4,8192,53,sp_dispatch,4,38.73895,1
prefill,eager,4,8192,54,tp_ar,4,44.15283,1
prefill,eager,4,8192,54,tp_ar_vllm,3,46.26534,1
prefill,eager,4,8192,54,sp_nccl,0,42.62400,1
prefill,eager,4,8192,54,sp_flux,2,38.44096,1
prefill,eager,4,8192,54,sp_rsflux,5,39.22535,1
prefill,eager,4,8192,54,sp_dispatch,1,36.23936,1
prefill,eager,4,8192,55,tp_ar,2,45.89671,1
prefill,eager,4,8192,55,tp_ar_vllm,5,43.89376,1
prefill,eager,4,8192,55,sp_nccl,4,42.69159,1
prefill,eager,4,8192,55,sp_flux,0,37.39034,1
prefill,eager,4,8192,55,sp_rsflux,3,39.70662,1
prefill,eager,4,8192,55,sp_dispatch,1,38.52902,1
prefill,eager,4,8192,56,tp_ar,5,44.92390,1
prefill,eager,4,8192,56,tp_ar_vllm,1,43.89171,1
prefill,eager,4,8192,56,sp_nccl,0,42.03008,1
prefill,eager,4,8192,56,sp_flux,2,36.34688,1
prefill,eager,4,8192,56,sp_rsflux,4,41.44538,1
prefill,eager,4,8192,56,sp_dispatch,3,38.08768,1
prefill,eager,4,8192,57,tp_ar,1,45.54035,1
prefill,eager,4,8192,57,tp_ar_vllm,4,44.39347,1
prefill,eager,4,8192,57,sp_nccl,2,42.70694,1
prefill,eager,4,8192,57,sp_flux,5,36.57114,1
prefill,eager,4,8192,57,sp_rsflux,3,39.13011,1
prefill,eager,4,8192,57,sp_dispatch,0,36.72371,1
prefill,eager,4,8192,58,tp_ar,1,45.34989,1
prefill,eager,4,8192,58,tp_ar_vllm,2,44.15283,1
prefill,eager,4,8192,58,sp_nccl,4,43.78931,1
prefill,eager,4,8192,58,sp_flux,3,36.26496,1
prefill,eager,4,8192,58,sp_rsflux,0,41.46278,1
prefill,eager,4,8192,58,sp_dispatch,5,36.75443,1
prefill,eager,4,8192,59,tp_ar,2,46.29811,1
prefill,eager,4,8192,59,tp_ar_vllm,5,44.04326,1
prefill,eager,4,8192,59,sp_nccl,4,42.81754,1
prefill,eager,4,8192,59,sp_flux,0,38.32730,1
prefill,eager,4,8192,59,sp_rsflux,3,39.27040,1
prefill,eager,4,8192,59,sp_dispatch,1,38.76250,1
prefill,eager,4,8192,60,tp_ar,3,46.09434,1
prefill,eager,4,8192,60,tp_ar_vllm,0,43.69920,1
prefill,eager,4,8192,60,sp_nccl,4,42.71821,1
prefill,eager,4,8192,60,sp_flux,2,36.97357,1
prefill,eager,4,8192,60,sp_rsflux,1,39.31955,1
prefill,eager,4,8192,60,sp_dispatch,5,36.71962,1
prefill,eager,4,8192,61,tp_ar,5,45.59360,1
prefill,eager,4,8192,61,tp_ar_vllm,3,44.34637,1
prefill,eager,4,8192,61,sp_nccl,1,44.62285,1
prefill,eager,4,8192,61,sp_flux,0,38.74202,1
prefill,eager,4,8192,61,sp_rsflux,2,40.04966,1
prefill,eager,4,8192,61,sp_dispatch,4,36.83430,1
prefill,eager,4,8192,62,tp_ar,5,46.23462,1
prefill,eager,4,8192,62,tp_ar_vllm,0,44.13440,1
prefill,eager,4,8192,62,sp_nccl,2,42.99673,1
prefill,eager,4,8192,62,sp_flux,3,36.74112,1
prefill,eager,4,8192,62,sp_rsflux,1,39.08608,1
prefill,eager,4,8192,62,sp_dispatch,4,38.34880,1
prefill,eager,4,8192,63,tp_ar,5,45.18707,1
prefill,eager,4,8192,63,tp_ar_vllm,2,45.66938,1
prefill,eager,4,8192,63,sp_nccl,0,42.29530,1
prefill,eager,4,8192,63,sp_flux,1,36.47283,1
prefill,eager,4,8192,63,sp_rsflux,4,40.99379,1
prefill,eager,4,8192,63,sp_dispatch,3,37.09338,1
prefill,eager,4,8192,64,tp_ar,2,44.84608,1
prefill,eager,4,8192,64,tp_ar_vllm,3,43.79341,1
prefill,eager,4,8192,64,sp_nccl,4,41.82426,1
prefill,eager,4,8192,64,sp_flux,5,36.36326,1
prefill,eager,4,8192,64,sp_rsflux,1,41.44435,1
prefill,eager,4,8192,64,sp_dispatch,0,36.73907,1
prefill,eager,4,8192,65,tp_ar,2,44.08422,1
prefill,eager,4,8192,65,tp_ar_vllm,1,45.40211,1
prefill,eager,4,8192,65,sp_nccl,3,42.01984,1
prefill,eager,4,8192,65,sp_flux,4,36.70733,1
prefill,eager,4,8192,65,sp_rsflux,0,41.58771,1
prefill,eager,4,8192,65,sp_dispatch,5,38.23513,1
prefill,eager,4,8192,66,tp_ar,1,45.77690,1
prefill,eager,4,8192,66,tp_ar_vllm,3,44.68634,1
prefill,eager,4,8192,66,sp_nccl,5,44.08013,1
prefill,eager,4,8192,66,sp_flux,0,38.46246,1
prefill,eager,4,8192,66,sp_rsflux,2,39.80186,1
prefill,eager,4,8192,66,sp_dispatch,4,36.98995,1
prefill,eager,4,8192,67,tp_ar,3,45.88851,1
prefill,eager,4,8192,67,tp_ar_vllm,4,44.18355,1
prefill,eager,4,8192,67,sp_nccl,5,42.00448,1
prefill,eager,4,8192,67,sp_flux,2,38.02624,1
prefill,eager,4,8192,67,sp_rsflux,0,39.69024,1
prefill,eager,4,8192,67,sp_dispatch,1,37.00429,1
prefill,eager,4,8192,68,tp_ar,5,45.03143,1
prefill,eager,4,8192,68,tp_ar_vllm,4,46.04519,1
prefill,eager,4,8192,68,sp_nccl,1,44.98534,1
prefill,eager,4,8192,68,sp_flux,3,37.30227,1
prefill,eager,4,8192,68,sp_rsflux,2,39.63597,1
prefill,eager,4,8192,68,sp_dispatch,0,36.57626,1
prefill,eager,4,8192,69,tp_ar,2,45.28333,1
prefill,eager,4,8192,69,tp_ar_vllm,4,43.52102,1
prefill,eager,4,8192,69,sp_nccl,3,42.11610,1
prefill,eager,4,8192,69,sp_flux,5,36.50355,1
prefill,eager,4,8192,69,sp_rsflux,1,41.48736,1
prefill,eager,4,8192,69,sp_dispatch,0,36.50560,1
prefill,eager,4,8192,70,tp_ar,4,45.92538,1
prefill,eager,4,8192,70,tp_ar_vllm,2,45.24134,1
prefill,eager,4,8192,70,sp_nccl,5,42.15808,1
prefill,eager,4,8192,70,sp_flux,0,38.33139,1
prefill,eager,4,8192,70,sp_rsflux,1,41.79866,1
prefill,eager,4,8192,70,sp_dispatch,3,36.75136,1
prefill,eager,4,8192,71,tp_ar,2,44.08218,1
prefill,eager,4,8192,71,tp_ar_vllm,1,45.18605,1
prefill,eager,4,8192,71,sp_nccl,4,43.96237,1
prefill,eager,4,8192,71,sp_flux,3,36.46362,1
prefill,eager,4,8192,71,sp_rsflux,5,39.80698,1
prefill,eager,4,8192,71,sp_dispatch,0,36.46566,1
prefill,eager,4,8192,72,tp_ar,2,46.29606,1
prefill,eager,4,8192,72,tp_ar_vllm,3,44.08832,1
prefill,eager,4,8192,72,sp_nccl,5,43.96851,1
prefill,eager,4,8192,72,sp_flux,4,36.64794,1
prefill,eager,4,8192,72,sp_rsflux,0,39.53152,1
prefill,eager,4,8192,72,sp_dispatch,1,37.37907,1
prefill,eager,4,8192,73,tp_ar,3,43.92755,1
prefill,eager,4,8192,73,tp_ar_vllm,2,45.30893,1
prefill,eager,4,8192,73,sp_nccl,5,44.12313,1
prefill,eager,4,8192,73,sp_flux,0,37.17325,1
prefill,eager,4,8192,73,sp_rsflux,1,41.93587,1
prefill,eager,4,8192,73,sp_dispatch,4,36.40218,1
prefill,eager,4,8192,74,tp_ar,2,43.86611,1
prefill,eager,4,8192,74,tp_ar_vllm,4,45.51578,1
prefill,eager,4,8192,74,sp_nccl,1,43.43398,1
prefill,eager,4,8192,74,sp_flux,3,36.23833,1
prefill,eager,4,8192,74,sp_rsflux,0,39.95136,1
prefill,eager,4,8192,74,sp_dispatch,5,37.03910,1
prefill,eager,4,8192,75,tp_ar,0,45.69600,1
prefill,eager,4,8192,75,tp_ar_vllm,3,44.37606,1
prefill,eager,4,8192,75,sp_nccl,2,44.23270,1
prefill,eager,4,8192,75,sp_flux,1,37.21626,1
prefill,eager,4,8192,75,sp_rsflux,4,39.17722,1
prefill,eager,4,8192,75,sp_dispatch,5,37.14970,1
prefill,eager,4,8192,76,tp_ar,3,43.96339,1
prefill,eager,4,8192,76,tp_ar_vllm,4,43.89683,1
prefill,eager,4,8192,76,sp_nccl,2,43.81286,1
prefill,eager,4,8192,76,sp_flux,1,37.80915,1
prefill,eager,4,8192,76,sp_rsflux,0,40.98253,1
prefill,eager,4,8192,76,sp_dispatch,5,36.24960,1
prefill,eager,4,8192,77,tp_ar,2,43.81594,1
prefill,eager,4,8192,77,tp_ar_vllm,1,44.03507,1
prefill,eager,4,8192,77,sp_nccl,0,44.48768,1
prefill,eager,4,8192,77,sp_flux,4,38.77785,1
prefill,eager,4,8192,77,sp_rsflux,5,42.05773,1
prefill,eager,4,8192,77,sp_dispatch,3,36.80461,1
prefill,eager,4,8192,78,tp_ar,4,45.71545,1
prefill,eager,4,8192,78,tp_ar_vllm,2,45.30381,1
prefill,eager,4,8192,78,sp_nccl,5,42.44889,1
prefill,eager,4,8192,78,sp_flux,0,37.86445,1
prefill,eager,4,8192,78,sp_rsflux,1,41.34707,1
prefill,eager,4,8192,78,sp_dispatch,3,36.60595,1
prefill,eager,4,8192,79,tp_ar,1,45.80762,1
prefill,eager,4,8192,79,tp_ar_vllm,5,46.20595,1
prefill,eager,4,8192,79,sp_nccl,2,42.70387,1
prefill,eager,4,8192,79,sp_flux,4,37.12922,1
prefill,eager,4,8192,79,sp_rsflux,3,38.99802,1
prefill,eager,4,8192,79,sp_dispatch,0,36.54963,1
prefill,eager,4,8192,80,tp_ar,4,44.45696,1
prefill,eager,4,8192,80,tp_ar_vllm,1,45.20243,1
prefill,eager,4,8192,80,sp_nccl,2,42.46119,1
prefill,eager,4,8192,80,sp_flux,0,36.87424,1
prefill,eager,4,8192,80,sp_rsflux,3,39.72198,1
prefill,eager,4,8192,80,sp_dispatch,5,36.78413,1
prefill,eager,4,8192,81,tp_ar,2,44.61773,1
prefill,eager,4,8192,81,tp_ar_vllm,4,46.16090,1
prefill,eager,4,8192,81,sp_nccl,0,43.88045,1
prefill,eager,4,8192,81,sp_flux,5,36.80973,1
prefill,eager,4,8192,81,sp_rsflux,1,39.52128,1
prefill,eager,4,8192,81,sp_dispatch,3,37.15686,1
prefill,eager,4,8192,82,tp_ar,3,44.16205,1
prefill,eager,4,8192,82,tp_ar_vllm,2,44.18457,1
prefill,eager,4,8192,82,sp_nccl,0,43.87738,1
prefill,eager,4,8192,82,sp_flux,4,36.42675,1
prefill,eager,4,8192,82,sp_rsflux,1,39.62470,1
prefill,eager,4,8192,82,sp_dispatch,5,38.38567,1
prefill,eager,4,8192,83,tp_ar,0,46.49779,1
prefill,eager,4,8192,83,tp_ar_vllm,2,44.05760,1
prefill,eager,4,8192,83,sp_nccl,1,42.48166,1
prefill,eager,4,8192,83,sp_flux,5,37.81632,1
prefill,eager,4,8192,83,sp_rsflux,4,41.41158,1
prefill,eager,4,8192,83,sp_dispatch,3,36.60390,1
prefill,eager,4,8192,84,tp_ar,3,45.93562,1
prefill,eager,4,8192,84,tp_ar_vllm,0,46.30630,1
prefill,eager,4,8192,84,sp_nccl,4,42.19187,1
prefill,eager,4,8192,84,sp_flux,2,37.18349,1
prefill,eager,4,8192,84,sp_rsflux,1,39.77933,1
prefill,eager,4,8192,84,sp_dispatch,5,36.59366,1
prefill,eager,4,8192,85,tp_ar,0,46.26534,1
prefill,eager,4,8192,85,tp_ar_vllm,4,44.20198,1
prefill,eager,4,8192,85,sp_nccl,3,44.73856,1
prefill,eager,4,8192,85,sp_flux,2,38.36416,1
prefill,eager,4,8192,85,sp_rsflux,5,39.37587,1
prefill,eager,4,8192,85,sp_dispatch,1,37.26848,1
prefill,eager,4,8192,86,tp_ar,0,44.27776,1
prefill,eager,4,8192,86,tp_ar_vllm,2,46.34726,1
prefill,eager,4,8192,86,sp_nccl,4,44.55014,1
prefill,eager,4,8192,86,sp_flux,3,37.28999,1
prefill,eager,4,8192,86,sp_rsflux,5,39.89095,1
prefill,eager,4,8192,86,sp_dispatch,1,36.75136,1
prefill,eager,4,8192,87,tp_ar,2,46.04314,1
prefill,eager,4,8192,87,tp_ar_vllm,0,44.33613,1
prefill,eager,4,8192,87,sp_nccl,4,42.24819,1
prefill,eager,4,8192,87,sp_flux,1,36.90086,1
prefill,eager,4,8192,87,sp_rsflux,3,39.84896,1
prefill,eager,4,8192,87,sp_dispatch,5,36.42573,1
prefill,eager,4,8192,88,tp_ar,0,45.71545,1
prefill,eager,4,8192,88,tp_ar_vllm,4,45.77485,1
prefill,eager,4,8192,88,sp_nccl,1,42.54208,1
prefill,eager,4,8192,88,sp_flux,2,36.50662,1
prefill,eager,4,8192,88,sp_rsflux,5,39.46087,1
prefill,eager,4,8192,88,sp_dispatch,3,38.24128,1
prefill,eager,4,8192,89,tp_ar,2,45.31815,1
prefill,eager,4,8192,89,tp_ar_vllm,5,46.35341,1
prefill,eager,4,8192,89,sp_nccl,3,42.28096,1
prefill,eager,4,8192,89,sp_flux,4,36.23629,1
prefill,eager,4,8192,89,sp_rsflux,1,41.79046,1
prefill,eager,4,8192,89,sp_dispatch,0,37.11386,1
prefill,eager,4,8192,90,tp_ar,1,45.95098,1
prefill,eager,4,8192,90,tp_ar_vllm,4,45.87622,1
prefill,eager,4,8192,90,sp_nccl,2,42.50829,1
prefill,eager,4,8192,90,sp_flux,0,37.01146,1
prefill,eager,4,8192,90,sp_rsflux,5,39.79264,1
prefill,eager,4,8192,90,sp_dispatch,3,36.34790,1
prefill,eager,4,8192,91,tp_ar,5,46.07795,1
prefill,eager,4,8192,91,tp_ar_vllm,1,44.12416,1
prefill,eager,4,8192,91,sp_nccl,0,42.58406,1
prefill,eager,4,8192,91,sp_flux,4,37.80915,1
prefill,eager,4,8192,91,sp_rsflux,3,41.48941,1
prefill,eager,4,8192,91,sp_dispatch,2,36.76262,1
prefill,eager,4,8192,92,tp_ar,4,45.88339,1
prefill,eager,4,8192,92,tp_ar_vllm,5,44.25626,1
prefill,eager,4,8192,92,sp_nccl,0,42.43661,1
prefill,eager,4,8192,92,sp_flux,3,38.18496,1
prefill,eager,4,8192,92,sp_rsflux,1,39.16083,1
prefill,eager,4,8192,92,sp_dispatch,2,37.37805,1
prefill,eager,4,8192,93,tp_ar,0,43.81594,1
prefill,eager,4,8192,93,tp_ar_vllm,2,44.61670,1
prefill,eager,4,8192,93,sp_nccl,4,44.14874,1
prefill,eager,4,8192,93,sp_flux,3,36.77082,1
prefill,eager,4,8192,93,sp_rsflux,1,39.01133,1
prefill,eager,4,8192,93,sp_dispatch,5,37.08006,1
prefill,eager,4,8192,94,tp_ar,3,43.66233,1
prefill,eager,4,8192,94,tp_ar_vllm,2,44.47846,1
prefill,eager,4,8192,94,sp_nccl,1,44.19072,1
prefill,eager,4,8192,94,sp_flux,5,37.51424,1
prefill,eager,4,8192,94,sp_rsflux,4,39.22739,1
prefill,eager,4,8192,94,sp_dispatch,0,38.60480,1
prefill,eager,4,8192,95,tp_ar,0,46.06976,1
prefill,eager,4,8192,95,tp_ar_vllm,2,43.65926,1
prefill,eager,4,8192,95,sp_nccl,1,42.59225,1
prefill,eager,4,8192,95,sp_flux,3,36.24858,1
prefill,eager,4,8192,95,sp_rsflux,5,41.90310,1
prefill,eager,4,8192,95,sp_dispatch,4,38.26688,1
prefill,eager,4,8192,96,tp_ar,5,44.95872,1
prefill,eager,4,8192,96,tp_ar_vllm,3,45.73389,1
prefill,eager,4,8192,96,sp_nccl,1,43.95930,1
prefill,eager,4,8192,96,sp_flux,2,36.72576,1
prefill,eager,4,8192,96,sp_rsflux,4,39.52742,1
prefill,eager,4,8192,96,sp_dispatch,0,37.48966,1
prefill,eager,4,8192,97,tp_ar,4,44.30029,1
prefill,eager,4,8192,97,tp_ar_vllm,5,43.57939,1
prefill,eager,4,8192,97,sp_nccl,3,44.16000,1
prefill,eager,4,8192,97,sp_flux,0,36.95821,1
prefill,eager,4,8192,97,sp_rsflux,1,41.48531,1
prefill,eager,4,8192,97,sp_dispatch,2,37.56134,1
prefill,eager,4,8192,98,tp_ar,1,43.54457,1
prefill,eager,4,8192,98,tp_ar_vllm,0,43.80262,1
prefill,eager,4,8192,98,sp_nccl,3,43.29984,1
prefill,eager,4,8192,98,sp_flux,5,38.85363,1
prefill,eager,4,8192,98,sp_rsflux,2,39.10759,1
prefill,eager,4,8192,98,sp_dispatch,4,37.04729,1
prefill,eager,4,8192,99,tp_ar,5,45.35398,1
prefill,eager,4,8192,99,tp_ar_vllm,2,45.63354,1
prefill,eager,4,8192,99,sp_nccl,0,44.49178,1
prefill,eager,4,8192,99,sp_flux,1,36.86298,1
prefill,eager,4,8192,99,sp_rsflux,4,41.50887,1
prefill,eager,4,8192,99,sp_dispatch,3,36.99814,1
prefill,eager,4,8192,100,tp_ar,0,43.82310,1
prefill,eager,4,8192,100,tp_ar_vllm,2,45.87622,1
prefill,eager,4,8192,100,sp_nccl,3,42.58202,1
prefill,eager,4,8192,100,sp_flux,1,36.67558,1
prefill,eager,4,8192,100,sp_rsflux,5,40.75623,1
prefill,eager,4,8192,100,sp_dispatch,4,36.85786,1
prefill,eager,4,8192,101,tp_ar,3,44.18662,1
prefill,eager,4,8192,101,tp_ar_vllm,2,46.64935,1
prefill,eager,4,8192,101,sp_nccl,4,41.98195,1
prefill,eager,4,8192,101,sp_flux,1,38.14707,1
prefill,eager,4,8192,101,sp_rsflux,5,39.17824,1
prefill,eager,4,8192,101,sp_dispatch,0,37.66784,1
prefill,eager,4,8192,102,tp_ar,3,45.81786,1
prefill,eager,4,8192,102,tp_ar_vllm,5,45.39392,1
prefill,eager,4,8192,102,sp_nccl,1,42.89127,1
prefill,eager,4,8192,102,sp_flux,2,36.63872,1
prefill,eager,4,8192,102,sp_rsflux,0,40.03942,1
prefill,eager,4,8192,102,sp_dispatch,4,37.04627,1
prefill,eager,4,8192,103,tp_ar,5,45.05805,1
prefill,eager,4,8192,103,tp_ar_vllm,0,44.44774,1
prefill,eager,4,8192,103,sp_nccl,2,44.00537,1
prefill,eager,4,8192,103,sp_flux,3,37.04218,1
prefill,eager,4,8192,103,sp_rsflux,4,41.25798,1
prefill,eager,4,8192,103,sp_dispatch,1,36.08883,1
prefill,eager,4,8192,104,tp_ar,0,43.95930,1
prefill,eager,4,8192,104,tp_ar_vllm,1,43.74118,1
prefill,eager,4,8192,104,sp_nccl,5,44.34944,1
prefill,eager,4,8192,104,sp_flux,3,37.13331,1
prefill,eager,4,8192,104,sp_rsflux,2,39.24992,1
prefill,eager,4,8192,104,sp_dispatch,4,38.50957,1
prefill,eager,4,8192,105,tp_ar,3,45.74310,1
prefill,eager,4,8192,105,tp_ar_vllm,4,44.00230,1
prefill,eager,4,8192,105,sp_nccl,5,42.05056,1
prefill,eager,4,8192,105,sp_flux,2,37.66989,1
prefill,eager,4,8192,105,sp_rsflux,1,41.98400,1
prefill,eager,4,8192,105,sp_dispatch,0,36.66330,1
prefill,eager,4,8192,106,tp_ar,3,43.95725,1
prefill,eager,4,8192,106,tp_ar_vllm,1,44.39245,1
prefill,eager,4,8192,106,sp_nccl,2,42.05466,1
prefill,eager,4,8192,106,sp_flux,4,36.58445,1
prefill,eager,4,8192,106,sp_rsflux,0,38.90586,1
prefill,eager,4,8192,106,sp_dispatch,5,38.18291,1
prefill,eager,4,8192,107,tp_ar,4,46.74253,1
prefill,eager,4,8192,107,tp_ar_vllm,5,44.26035,1
prefill,eager,4,8192,107,sp_nccl,0,44.42931,1
prefill,eager,4,8192,107,sp_flux,2,37.21114,1
prefill,eager,4,8192,107,sp_rsflux,1,39.90118,1
prefill,eager,4,8192,107,sp_dispatch,3,38.87206,1
prefill,eager,4,8192,108,tp_ar,3,44.47846,1
prefill,eager,4,8192,108,tp_ar_vllm,5,44.86144,1
prefill,eager,4,8192,108,sp_nccl,2,44.25011,1
prefill,eager,4,8192,108,sp_flux,0,36.29977,1
prefill,eager,4,8192,108,sp_rsflux,4,39.15571,1
prefill,eager,4,8192,108,sp_dispatch,1,38.13069,1
prefill,eager,4,8192,109,tp_ar,5,45.16557,1
prefill,eager,4,8192,109,tp_ar_vllm,0,44.06579,1
prefill,eager,4,8192,109,sp_nccl,2,44.12518,1
prefill,eager,4,8192,109,sp_flux,1,36.34483,1
prefill,eager,4,8192,109,sp_rsflux,4,41.61024,1
prefill,eager,4,8192,109,sp_dispatch,3,37.13331,1
prefill,eager,4,8192,110,tp_ar,5,45.28947,1
prefill,eager,4,8192,110,tp_ar_vllm,2,44.05350,1
prefill,eager,4,8192,110,sp_nccl,1,44.46310,1
prefill,eager,4,8192,110,sp_flux,3,36.56090,1
prefill,eager,4,8192,110,sp_rsflux,4,40.97229,1
prefill,eager,4,8192,110,sp_dispatch,0,36.57216,1
prefill,eager,4,8192,111,tp_ar,2,46.30938,1
prefill,eager,4,8192,111,tp_ar_vllm,4,44.29619,1
prefill,eager,4,8192,111,sp_nccl,5,41.85191,1
prefill,eager,4,8192,111,sp_flux,1,38.18394,1
prefill,eager,4,8192,111,sp_rsflux,3,39.68922,1
prefill,eager,4,8192,111,sp_dispatch,0,36.96333,1
prefill,eager,4,8192,112,tp_ar,2,46.45683,1
prefill,eager,4,8192,112,tp_ar_vllm,4,43.45856,1
prefill,eager,4,8192,112,sp_nccl,3,42.57792,1
prefill,eager,4,8192,112,sp_flux,1,37.34835,1
prefill,eager,4,8192,112,sp_rsflux,0,39.30009,1
prefill,eager,4,8192,112,sp_dispatch,5,36.24038,1
prefill,eager,4,8192,113,tp_ar,5,46.12403,1
prefill,eager,4,8192,113,tp_ar_vllm,3,46.15885,1
prefill,eager,4,8192,113,sp_nccl,0,44.22861,1
prefill,eager,4,8192,113,sp_flux,2,37.15072,1
prefill,eager,4,8192,113,sp_rsflux,1,39.93702,1
prefill,eager,4,8192,113,sp_dispatch,4,36.59879,1
prefill,eager,4,8192,114,tp_ar,4,45.44102,1
prefill,eager,4,8192,114,tp_ar_vllm,0,44.45594,1
prefill,eager,4,8192,114,sp_nccl,1,41.88160,1
prefill,eager,4,8192,114,sp_flux,5,36.77696,1
prefill,eager,4,8192,114,sp_rsflux,3,41.27539,1
prefill,eager,4,8192,114,sp_dispatch,2,36.39091,1
prefill,eager,4,8192,115,tp_ar,1,44.28595,1
prefill,eager,4,8192,115,tp_ar_vllm,0,45.62432,1
prefill,eager,4,8192,115,sp_nccl,3,44.74471,1
prefill,eager,4,8192,115,sp_flux,2,36.66227,1
prefill,eager,4,8192,115,sp_rsflux,5,41.05011,1
prefill,eager,4,8192,115,sp_dispatch,4,37.11898,1
prefill,eager,4,8192,116,tp_ar,3,44.45594,1
prefill,eager,4,8192,116,tp_ar_vllm,2,46.04621,1
prefill,eager,4,8192,116,sp_nccl,0,43.54765,1
prefill,eager,4,8192,116,sp_flux,1,36.59674,1
prefill,eager,4,8192,116,sp_rsflux,5,41.46176,1
prefill,eager,4,8192,116,sp_dispatch,4,36.11546,1
prefill,eager,4,8192,117,tp_ar,5,44.22963,1
prefill,eager,4,8192,117,tp_ar_vllm,0,45.45433,1
prefill,eager,4,8192,117,sp_nccl,3,44.50201,1
prefill,eager,4,8192,117,sp_flux,1,36.63155,1
prefill,eager,4,8192,117,sp_rsflux,4,39.96160,1
prefill,eager,4,8192,117,sp_dispatch,2,38.50957,1
prefill,eager,4,8192,118,tp_ar,2,43.66746,1
prefill,eager,4,8192,118,tp_ar_vllm,1,43.80467,1
prefill,eager,4,8192,118,sp_nccl,0,42.37107,1
prefill,eager,4,8192,118,sp_flux,4,37.53677,1
prefill,eager,4,8192,118,sp_rsflux,3,39.28883,1
prefill,eager,4,8192,118,sp_dispatch,5,38.31091,1
prefill,eager,4,8192,119,tp_ar,3,43.82618,1
prefill,eager,4,8192,119,tp_ar_vllm,2,44.42522,1
prefill,eager,4,8192,119,sp_nccl,1,44.09037,1
prefill,eager,4,8192,119,sp_flux,0,38.33958,1
prefill,eager,4,8192,119,sp_rsflux,4,39.16186,1
prefill,eager,4,8192,119,sp_dispatch,5,37.24186,1
prefill,eager,4,8192,120,tp_ar,3,45.48915,1
prefill,eager,4,8192,120,tp_ar_vllm,1,46.95142,1
prefill,eager,4,8192,120,sp_nccl,5,43.11449,1
prefill,eager,4,8192,120,sp_flux,0,38.17472,1
prefill,eager,4,8192,120,sp_rsflux,4,39.96877,1
prefill,eager,4,8192,120,sp_dispatch,2,36.82406,1
prefill,eager,4,8192,121,tp_ar,4,44.38016,1
prefill,eager,4,8192,121,tp_ar_vllm,0,43.89069,1
prefill,eager,4,8192,121,sp_nccl,3,44.92698,1
prefill,eager,4,8192,121,sp_flux,2,37.42105,1
prefill,eager,4,8192,121,sp_rsflux,1,39.15673,1
prefill,eager,4,8192,121,sp_dispatch,5,36.51891,1
prefill,eager,4,8192,122,tp_ar,3,43.56710,1
prefill,eager,4,8192,122,tp_ar_vllm,2,44.33920,1
prefill,eager,4,8192,122,sp_nccl,1,44.25728,1
prefill,eager,4,8192,122,sp_flux,4,36.32640,1
prefill,eager,4,8192,122,sp_rsflux,5,41.73107,1
prefill,eager,4,8192,122,sp_dispatch,0,38.33139,1
prefill,eager,4,8192,123,tp_ar,4,45.39597,1
prefill,eager,4,8192,123,tp_ar_vllm,0,45.43898,1
prefill,eager,4,8192,123,sp_nccl,5,42.13760,1
prefill,eager,4,8192,123,sp_flux,1,36.69811,1
prefill,eager,4,8192,123,sp_rsflux,3,41.84269,1
prefill,eager,4,8192,123,sp_dispatch,2,38.17677,1
prefill,eager,4,8192,124,tp_ar,0,43.86406,1
prefill,eager,4,8192,124,tp_ar_vllm,5,44.39142,1
prefill,eager,4,8192,124,sp_nccl,4,44.55424,1
prefill,eager,4,8192,124,sp_flux,3,37.77638,1
prefill,eager,4,8192,124,sp_rsflux,2,41.47200,1
prefill,eager,4,8192,124,sp_dispatch,1,37.08826,1
prefill,eager,4,8192,125,tp_ar,5,45.98375,1
prefill,eager,4,8192,125,tp_ar_vllm,3,45.85267,1
prefill,eager,4,8192,125,sp_nccl,1,42.97216,1
prefill,eager,4,8192,125,sp_flux,2,36.71552,1
prefill,eager,4,8192,125,sp_rsflux,0,39.32877,1
prefill,eager,4,8192,125,sp_dispatch,4,36.90086,1
prefill,eager,4,8192,126,tp_ar,2,45.74310,1
prefill,eager,4,8192,126,tp_ar_vllm,0,44.05862,1
prefill,eager,4,8192,126,sp_nccl,5,43.60089,1
prefill,eager,4,8192,126,sp_flux,1,36.53017,1
prefill,eager,4,8192,126,sp_rsflux,4,41.61536,1
prefill,eager,4,8192,126,sp_dispatch,3,36.92339,1
prefill,eager,4,8192,127,tp_ar,0,43.74426,1
prefill,eager,4,8192,127,tp_ar_vllm,3,44.95360,1
prefill,eager,4,8192,127,sp_nccl,1,41.92256,1
prefill,eager,4,8192,127,sp_flux,4,36.85683,1
prefill,eager,4,8192,127,sp_rsflux,2,39.34413,1
prefill,eager,4,8192,127,sp_dispatch,5,38.39181,1
prefill,eager,4,8192,128,tp_ar,4,44.15078,1
prefill,eager,4,8192,128,tp_ar_vllm,5,43.70637,1
prefill,eager,4,8192,128,sp_nccl,3,43.58861,1
prefill,eager,4,8192,128,sp_flux,0,38.60480,1
prefill,eager,4,8192,128,sp_rsflux,2,41.10848,1
prefill,eager,4,8192,128,sp_dispatch,1,38.76352,1
prefill,eager,4,8192,129,tp_ar,3,44.46515,1
prefill,eager,4,8192,129,tp_ar_vllm,4,43.69613,1
prefill,eager,4,8192,129,sp_nccl,2,43.93370,1
prefill,eager,4,8192,129,sp_flux,1,37.36371,1
prefill,eager,4,8192,129,sp_rsflux,0,39.30624,1
prefill,eager,4,8192,129,sp_dispatch,5,36.28646,1
prefill,eager,4,8192,130,tp_ar,5,44.48563,1
prefill,eager,4,8192,130,tp_ar_vllm,2,46.40461,1
prefill,eager,4,8192,130,sp_nccl,4,42.40589,1
prefill,eager,4,8192,130,sp_flux,1,38.92838,1
prefill,eager,4,8192,130,sp_rsflux,3,39.74554,1
prefill,eager,4,8192,130,sp_dispatch,0,38.37952,1
prefill,eager,4,8192,131,tp_ar,4,45.96326,1
prefill,eager,4,8192,131,tp_ar_vllm,5,44.49280,1
prefill,eager,4,8192,131,sp_nccl,1,42.98445,1
prefill,eager,4,8192,131,sp_flux,3,38.41639,1
prefill,eager,4,8192,131,sp_rsflux,0,39.16083,1
prefill,eager,4,8192,131,sp_dispatch,2,36.70630,1
prefill,eager,4,8192,132,tp_ar,4,43.61728,1
prefill,eager,4,8192,132,tp_ar_vllm,2,45.54650,1
prefill,eager,4,8192,132,sp_nccl,3,42.28506,1
prefill,eager,4,8192,132,sp_flux,5,36.70733,1
prefill,eager,4,8192,132,sp_rsflux,1,41.02349,1
prefill,eager,4,8192,132,sp_dispatch,0,36.34995,1
prefill,eager,4,8192,133,tp_ar,4,45.94790,1
prefill,eager,4,8192,133,tp_ar_vllm,1,45.27923,1
prefill,eager,4,8192,133,sp_nccl,2,42.32602,1
prefill,eager,4,8192,133,sp_flux,3,36.48103,1
prefill,eager,4,8192,133,sp_rsflux,0,41.31226,1
prefill,eager,4,8192,133,sp_dispatch,5,36.74419,1
prefill,eager,4,8192,134,tp_ar,3,46.09024,1
prefill,eager,4,8192,134,tp_ar_vllm,4,44.46413,1
prefill,eager,4,8192,134,sp_nccl,1,43.07354,1
prefill,eager,4,8192,134,sp_flux,5,36.42163,1
prefill,eager,4,8192,134,sp_rsflux,0,40.73472,1
prefill,eager,4,8192,134,sp_dispatch,2,37.07290,1
prefill,eager,4,8192,135,tp_ar,4,45.27309,1
prefill,eager,4,8192,135,tp_ar_vllm,5,44.04122,1
prefill,eager,4,8192,135,sp_nccl,0,44.30848,1
prefill,eager,4,8192,135,sp_flux,2,38.36109,1
prefill,eager,4,8192,135,sp_rsflux,3,41.75565,1
prefill,eager,4,8192,135,sp_dispatch,1,36.73702,1
prefill,eager,4,8192,136,tp_ar,3,45.95610,1
prefill,eager,4,8192,136,tp_ar_vllm,5,44.28391,1
prefill,eager,4,8192,136,sp_nccl,1,44.09139,1
prefill,eager,4,8192,136,sp_flux,2,37.25619,1
prefill,eager,4,8192,136,sp_rsflux,4,39.63494,1
prefill,eager,4,8192,136,sp_dispatch,0,36.62336,1
prefill,eager,4,8192,137,tp_ar,2,45.65197,1
prefill,eager,4,8192,137,tp_ar_vllm,5,44.05248,1
prefill,eager,4,8192,137,sp_nccl,4,42.32602,1
prefill,eager,4,8192,137,sp_flux,0,36.76365,1
prefill,eager,4,8192,137,sp_rsflux,3,39.78445,1
prefill,eager,4,8192,137,sp_dispatch,1,38.47475,1
prefill,eager,4,8192,138,tp_ar,2,45.03143,1
prefill,eager,4,8192,138,tp_ar_vllm,4,45.86189,1
prefill,eager,4,8192,138,sp_nccl,0,41.60410,1
prefill,eager,4,8192,138,sp_flux,3,37.03194,1
prefill,eager,4,8192,138,sp_rsflux,1,39.34413,1
prefill,eager,4,8192,138,sp_dispatch,5,36.85376,1
prefill,eager,4,8192,139,tp_ar,3,44.19072,1
prefill,eager,4,8192,139,tp_ar_vllm,2,45.71750,1
prefill,eager,4,8192,139,sp_nccl,4,41.83040,1
prefill,eager,4,8192,139,sp_flux,5,36.79334,1
prefill,eager,4,8192,139,sp_rsflux,1,41.54368,1
prefill,eager,4,8192,139,sp_dispatch,0,38.27712,1
prefill,eager,4,8192,140,tp_ar,0,46.13632,1
prefill,eager,4,8192,140,tp_ar_vllm,2,44.63411,1
prefill,eager,4,8192,140,sp_nccl,3,42.28506,1
prefill,eager,4,8192,140,sp_flux,4,36.51379,1
prefill,eager,4,8192,140,sp_rsflux,1,39.83872,1
prefill,eager,4,8192,140,sp_dispatch,5,38.95296,1
prefill,eager,4,8192,141,tp_ar,0,46.24794,1
prefill,eager,4,8192,141,tp_ar_vllm,3,46.15475,1
prefill,eager,4,8192,141,sp_nccl,4,42.46426,1
prefill,eager,4,8192,141,sp_flux,2,37.03706,1
prefill,eager,4,8192,141,sp_rsflux,1,39.84282,1
prefill,eager,4,8192,141,sp_dispatch,5,36.52710,1
prefill,eager,4,8192,142,tp_ar,2,45.64582,1
prefill,eager,4,8192,142,tp_ar_vllm,3,44.36070,1
prefill,eager,4,8192,142,sp_nccl,5,42.53696,1
prefill,eager,4,8192,142,sp_flux,1,38.65907,1
prefill,eager,4,8192,142,sp_rsflux,4,39.38816,1
prefill,eager,4,8192,142,sp_dispatch,0,38.34368,1
prefill,eager,4,8192,143,tp_ar,4,44.09446,1
prefill,eager,4,8192,143,tp_ar_vllm,0,43.89171,1
prefill,eager,4,8192,143,sp_nccl,3,43.61011,1
prefill,eager,4,8192,143,sp_flux,1,36.99610,1
prefill,eager,4,8192,143,sp_rsflux,2,41.35834,1
prefill,eager,4,8192,143,sp_dispatch,5,36.64589,1
prefill,eager,4,8192,144,tp_ar,5,44.17229,1
prefill,eager,4,8192,144,tp_ar_vllm,4,46.17728,1
prefill,eager,4,8192,144,sp_nccl,1,42.99673,1
prefill,eager,4,8192,144,sp_flux,3,37.87469,1
prefill,eager,4,8192,144,sp_rsflux,0,40.88832,1
prefill,eager,4,8192,144,sp_dispatch,2,36.84249,1
prefill,eager,4,8192,145,tp_ar,2,43.93779,1
prefill,eager,4,8192,145,tp_ar_vllm,5,46.18752,1
prefill,eager,4,8192,145,sp_nccl,1,42.86362,1
prefill,eager,4,8192,145,sp_flux,4,38.10202,1
prefill,eager,4,8192,145,sp_rsflux,0,39.27449,1
prefill,eager,4,8192,145,sp_dispatch,3,36.55885,1
prefill,eager,4,8192,146,tp_ar,2,44.76416,1
prefill,eager,4,8192,146,tp_ar_vllm,4,45.83014,1
prefill,eager,4,8192,146,sp_nccl,0,42.39872,1
prefill,eager,4,8192,146,sp_flux,3,36.81792,1
prefill,eager,4,8192,146,sp_rsflux,1,39.20179,1
prefill,eager,4,8192,146,sp_dispatch,5,36.90291,1
prefill,eager,4,8192,147,tp_ar,5,45.81274,0
prefill,eager,4,8192,147,tp_ar_vllm,2,45.26899,0
prefill,eager,4,8192,147,sp_nccl,3,42.09869,0
prefill,eager,4,8192,147,sp_flux,4,36.60595,0
prefill,eager,4,8192,147,sp_rsflux,1,41.30919,0
prefill,eager,4,8192,147,sp_dispatch,0,37.81837,0
prefill,eager,4,8192,148,tp_ar,1,43.71354,1
prefill,eager,4,8192,148,tp_ar_vllm,0,44.36685,1
prefill,eager,4,8192,148,sp_nccl,4,44.35763,1
prefill,eager,4,8192,148,sp_flux,3,37.41798,1
prefill,eager,4,8192,148,sp_rsflux,2,39.45779,1
prefill,eager,4,8192,148,sp_dispatch,5,36.97869,1
prefill,eager,4,8192,149,tp_ar,4,46.32678,1
prefill,eager,4,8192,149,tp_ar_vllm,5,44.13543,1
prefill,eager,4,8192,149,sp_nccl,1,43.68077,1
prefill,eager,4,8192,149,sp_flux,3,38.77274,1
prefill,eager,4,8192,149,sp_rsflux,0,41.35219,1
prefill,eager,4,8192,149,sp_dispatch,2,36.87424,1
prefill,eager,4,8192,150,tp_ar,2,44.76211,1
prefill,eager,4,8192,150,tp_ar_vllm,3,43.81594,1
prefill,eager,4,8192,150,sp_nccl,1,43.71456,1
prefill,eager,4,8192,150,sp_flux,4,36.07859,1
prefill,eager,4,8192,150,sp_rsflux,5,41.27027,1
prefill,eager,4,8192,150,sp_dispatch,0,36.28339,1
prefill,eager,4,8192,151,tp_ar,4,44.17229,1
prefill,eager,4,8192,151,tp_ar_vllm,1,44.73139,1
prefill,eager,4,8192,151,sp_nccl,3,44.17843,1
prefill,eager,4,8192,151,sp_flux,5,36.20454,1
prefill,eager,4,8192,151,sp_rsflux,0,40.58419,1
prefill,eager,4,8192,151,sp_dispatch,2,36.83430,1
prefill,eager,4,8192,152,tp_ar,3,44.45287,1
prefill,eager,4,8192,152,tp_ar_vllm,0,45.75949,1
prefill,eager,4,8192,152,sp_nccl,2,43.67463,1
prefill,eager,4,8192,152,sp_flux,1,36.73088,1
prefill,eager,4,8192,152,sp_rsflux,5,41.26413,1
prefill,eager,4,8192,152,sp_dispatch,4,36.62439,1
prefill,eager,4,8192,153,tp_ar,5,45.61818,1
prefill,eager,4,8192,153,tp_ar_vllm,3,44.37299,1
prefill,eager,4,8192,153,sp_nccl,1,44.26445,1
prefill,eager,4,8192,153,sp_flux,4,36.37146,1
prefill,eager,4,8192,153,sp_rsflux,2,39.93600,1
prefill,eager,4,8192,153,sp_dispatch,0,37.63507,1
prefill,eager,4,8192,154,tp_ar,2,44.23373,1
prefill,eager,4,8192,154,tp_ar_vllm,1,45.34170,1
prefill,eager,4,8192,154,sp_nccl,3,41.87136,1
prefill,eager,4,8192,154,sp_flux,4,36.57830,1
prefill,eager,4,8192,154,sp_rsflux,5,41.44845,1
prefill,eager,4,8192,154,sp_dispatch,0,36.89472,1
prefill,eager,4,8192,155,tp_ar,3,45.80557,1
prefill,eager,4,8192,155,tp_ar_vllm,4,44.23066,1
prefill,eager,4,8192,155,sp_nccl,1,42.65267,1
prefill,eager,4,8192,155,sp_flux,5,36.52608,1
prefill,eager,4,8192,155,sp_rsflux,0,40.21862,1
prefill,eager,4,8192,155,sp_dispatch,2,36.62336,1
prefill,eager,4,8192,156,tp_ar,1,46.83469,1
prefill,eager,4,8192,156,tp_ar_vllm,3,44.56550,1
prefill,eager,4,8192,156,sp_nccl,5,44.19789,1
prefill,eager,4,8192,156,sp_flux,4,36.53222,1
prefill,eager,4,8192,156,sp_rsflux,2,39.85715,1
prefill,eager,4,8192,156,sp_dispatch,0,38.69901,1
prefill,eager,4,8192,157,tp_ar,4,44.27674,1
prefill,eager,4,8192,157,tp_ar_vllm,5,43.63674,1
prefill,eager,4,8192,157,sp_nccl,3,43.69305,1
prefill,eager,4,8192,157,sp_flux,0,36.91725,1
prefill,eager,4,8192,157,sp_rsflux,2,41.57645,1
prefill,eager,4,8192,157,sp_dispatch,1,38.41229,1
prefill,eager,4,8192,158,tp_ar,3,46.03289,1
prefill,eager,4,8192,158,tp_ar_vllm,5,46.26739,1
prefill,eager,4,8192,158,sp_nccl,1,42.86669,1
prefill,eager,4,8192,158,sp_flux,4,36.77491,1
prefill,eager,4,8192,158,sp_rsflux,0,39.52845,1
prefill,eager,4,8192,158,sp_dispatch,2,36.96333,1
prefill,eager,4,8192,159,tp_ar,5,44.47642,1
prefill,eager,4,8192,159,tp_ar_vllm,1,44.39859,1
prefill,eager,4,8192,159,sp_nccl,4,44.49075,1
prefill,eager,4,8192,159,sp_flux,3,38.33958,1
prefill,eager,4,8192,159,sp_rsflux,0,39.60115,1
prefill,eager,4,8192,159,sp_dispatch,2,36.48819,1
prefill,eager,4,8192,160,tp_ar,1,44.87066,1
prefill,eager,4,8192,160,tp_ar_vllm,4,45.87315,1
prefill,eager,4,8192,160,sp_nccl,2,42.28915,1
prefill,eager,4,8192,160,sp_flux,3,36.73088,1
prefill,eager,4,8192,160,sp_rsflux,0,38.87411,1
prefill,eager,4,8192,160,sp_dispatch,5,36.89165,1
prefill,eager,4,8192,161,tp_ar,0,45.70522,1
prefill,eager,4,8192,161,tp_ar_vllm,5,45.80762,1
prefill,eager,4,8192,161,sp_nccl,3,43.40941,1
prefill,eager,4,8192,161,sp_flux,1,36.94695,1
prefill,eager,4,8192,161,sp_rsflux,2,41.56314,1
prefill,eager,4,8192,161,sp_dispatch,4,36.82509,1
prefill,eager,4,8192,162,tp_ar,4,44.15898,1
prefill,eager,4,8192,162,tp_ar_vllm,3,46.22643,1
prefill,eager,4,8192,162,sp_nccl,5,41.95021,1
prefill,eager,4,8192,162,sp_flux,2,37.72314,1
prefill,eager,4,8192,162,sp_rsflux,1,41.11462,1
prefill,eager,4,8192,162,sp_dispatch,0,36.46259,1
prefill,eager,4,8192,163,tp_ar,0,43.66233,1
prefill,eager,4,8192,163,tp_ar_vllm,4,46.45171,1
prefill,eager,4,8192,163,sp_nccl,1,41.95737,1
prefill,eager,4,8192,163,sp_flux,5,36.99712,1
prefill,eager,4,8192,163,sp_rsflux,2,39.38406,1
prefill,eager,4,8192,163,sp_dispatch,3,37.36781,1
prefill,eager,4,8192,164,tp_ar,4,43.79750,1
prefill,eager,4,8192,164,tp_ar_vllm,2,45.93357,1
prefill,eager,4,8192,164,sp_nccl,3,42.35571,1
prefill,eager,4,8192,164,sp_flux,0,38.05082,1
prefill,eager,4,8192,164,sp_rsflux,5,39.42400,1
prefill,eager,4,8192,164,sp_dispatch,1,38.38362,1
prefill,eager,4,8192,165,tp_ar,4,44.07808,1
prefill,eager,4,8192,165,tp_ar_vllm,5,43.62342,1
prefill,eager,4,8192,165,sp_nccl,3,43.40736,1
prefill,eager,4,8192,165,sp_flux,1,38.47578,1
prefill,eager,4,8192,165,sp_rsflux,2,41.61946,1
prefill,eager,4,8192,165,sp_dispatch,0,37.70163,1
prefill,eager,4,8192,166,tp_ar,5,44.22042,1
prefill,eager,4,8192,166,tp_ar_vllm,2,46.98317,1
prefill,eager,4,8192,166,sp_nccl,4,42.81446,1
prefill,eager,4,8192,166,sp_flux,0,36.63053,1
prefill,eager,4,8192,166,sp_rsflux,3,39.70048,1
prefill,eager,4,8192,166,sp_dispatch,1,39.15571,1
prefill,eager,4,8192,167,tp_ar,1,45.60794,1
prefill,eager,4,8192,167,tp_ar_vllm,2,44.40678,1
prefill,eager,4,8192,167,sp_nccl,3,42.03111,1
prefill,eager,4,8192,167,sp_flux,0,36.48512,1
prefill,eager,4,8192,167,sp_rsflux,5,41.65120,1
prefill,eager,4,8192,167,sp_dispatch,4,36.80973,1
prefill,eager,4,8192,168,tp_ar,4,44.65767,1
prefill,eager,4,8192,168,tp_ar_vllm,2,44.21837,1
prefill,eager,4,8192,168,sp_nccl,1,44.03917,1
prefill,eager,4,8192,168,sp_flux,5,36.80666,1
prefill,eager,4,8192,168,sp_rsflux,3,39.65338,1
prefill,eager,4,8192,168,sp_dispatch,0,37.52448,1
prefill,eager,4,8192,169,tp_ar,2,45.73184,1
prefill,eager,4,8192,169,tp_ar_vllm,3,44.23577,1
prefill,eager,4,8192,169,sp_nccl,4,42.02496,1
prefill,eager,4,8192,169,sp_flux,1,38.02522,1
prefill,eager,4,8192,169,sp_rsflux,0,41.09517,1
prefill,eager,4,8192,169,sp_dispatch,5,36.68480,1
prefill,eager,4,8192,170,tp_ar,0,45.94381,1
prefill,eager,4,8192,170,tp_ar_vllm,4,46.11584,1
prefill,eager,4,8192,170,sp_nccl,1,42.76736,1
prefill,eager,4,8192,170,sp_flux,3,38.42048,1
prefill,eager,4,8192,170,sp_rsflux,5,39.56121,1
prefill,eager,4,8192,170,sp_dispatch,2,36.48103,1
prefill,eager,4,8192,171,tp_ar,3,45.85984,1
prefill,eager,4,8192,171,tp_ar_vllm,5,45.96224,1
prefill,eager,4,8192,171,sp_nccl,0,42.80320,1
prefill,eager,4,8192,171,sp_flux,4,37.36678,1
prefill,eager,4,8192,171,sp_rsflux,1,39.67795,1
prefill,eager,4,8192,171,sp_dispatch,2,37.31456,1
prefill,eager,4,8192,172,tp_ar,0,44.16205,1
prefill,eager,4,8192,172,tp_ar_vllm,3,45.09082,1
prefill,eager,4,8192,172,sp_nccl,5,44.23270,1
prefill,eager,4,8192,172,sp_flux,1,36.24141,1
prefill,eager,4,8192,172,sp_rsflux,2,40.79718,1
prefill,eager,4,8192,172,sp_dispatch,4,37.07597,1
prefill,eager,4,8192,173,tp_ar,4,44.18048,1
prefill,eager,4,8192,173,tp_ar_vllm,3,46.40665,1
prefill,eager,4,8192,173,sp_nccl,0,42.52467,1
prefill,eager,4,8192,173,sp_flux,2,38.59866,1
prefill,eager,4,8192,173,sp_rsflux,5,39.58784,1
prefill,eager,4,8192,173,sp_dispatch,1,36.59981,1
prefill,eager,4,8192,174,tp_ar,1,44.24499,1
prefill,eager,4,8192,174,tp_ar_vllm,4,45.97555,1
prefill,eager,4,8192,174,sp_nccl,0,43.21894,1
prefill,eager,4,8192,174,sp_flux,3,36.97562,1
prefill,eager,4,8192,174,sp_rsflux,2,39.02567,1
prefill,eager,4,8192,174,sp_dispatch,5,36.79129,1
prefill,eager,4,8192,175,tp_ar,2,45.64071,1
prefill,eager,4,8192,175,tp_ar_vllm,5,46.28685,1
prefill,eager,4,8192,175,sp_nccl,0,43.53536,1
prefill,eager,4,8192,175,sp_flux,1,36.84864,1
prefill,eager,4,8192,175,sp_rsflux,3,39.97389,1
prefill,eager,4,8192,175,sp_dispatch,4,37.25005,1
prefill,eager,4,8192,176,tp_ar,1,44.29824,1
prefill,eager,4,8192,176,tp_ar_vllm,2,44.09753,1
prefill,eager,4,8192,176,sp_nccl,5,44.66483,1
prefill,eager,4,8192,176,sp_flux,4,38.77990,1
prefill,eager,4,8192,176,sp_rsflux,0,39.96672,1
prefill,eager,4,8192,176,sp_dispatch,3,36.50048,1
prefill,eager,4,8192,177,tp_ar,2,45.05702,1
prefill,eager,4,8192,177,tp_ar_vllm,3,43.74733,1
prefill,eager,4,8192,177,sp_nccl,5,44.25114,1
prefill,eager,4,8192,177,sp_flux,0,37.30534,1
prefill,eager,4,8192,177,sp_rsflux,1,41.50989,1
prefill,eager,4,8192,177,sp_dispatch,4,36.66330,1
prefill,eager,4,8192,178,tp_ar,0,44.67814,1
prefill,eager,4,8192,178,tp_ar_vllm,2,45.68781,1
prefill,eager,4,8192,178,sp_nccl,5,44.13338,1
prefill,eager,4,8192,178,sp_flux,4,36.93158,1
prefill,eager,4,8192,178,sp_rsflux,3,39.63187,1
prefill,eager,4,8192,178,sp_dispatch,1,36.12774,1
prefill,eager,4,8192,179,tp_ar,3,44.04634,1
prefill,eager,4,8192,179,tp_ar_vllm,4,43.75347,1
prefill,eager,4,8192,179,sp_nccl,2,43.34182,1
prefill,eager,4,8192,179,sp_flux,0,36.88038,1
prefill,eager,4,8192,179,sp_rsflux,1,41.05318,1
prefill,eager,4,8192,179,sp_dispatch,5,36.16666,1
prefill,eager,4,8192,180,tp_ar,5,45.80352,1
prefill,eager,4,8192,180,tp_ar_vllm,1,44.20096,1
prefill,eager,4,8192,180,sp_nccl,0,44.08934,1
prefill,eager,4,8192,180,sp_flux,4,37.51526,1
prefill,eager,4,8192,180,sp_rsflux,3,41.58054,1
prefill,eager,4,8192,180,sp_dispatch,2,36.56602,1
prefill,eager,4,8192,181,tp_ar,1,45.76768,1
prefill,eager,4,8192,181,tp_ar_vllm,5,43.92141,1
prefill,eager,4,8192,181,sp_nccl,4,43.25376,1
prefill,eager,4,8192,181,sp_flux,2,36.70425,1
prefill,eager,4,8192,181,sp_rsflux,3,41.56621,1
prefill,eager,4,8192,181,sp_dispatch,0,37.15379,1
prefill,eager,4,8192,182,tp_ar,0,43.74528,1
prefill,eager,4,8192,182,tp_ar_vllm,1,43.57222,1
prefill,eager,4,8192,182,sp_nccl,4,43.40224,1
prefill,eager,4,8192,182,sp_flux,2,36.79642,1
prefill,eager,4,8192,182,sp_rsflux,3,41.03065,1
prefill,eager,4,8192,182,sp_dispatch,5,37.56237,1
prefill,eager,4,8192,183,tp_ar,0,46.17216,1
prefill,eager,4,8192,183,tp_ar_vllm,5,46.33088,1
prefill,eager,4,8192,183,sp_nccl,2,44.22042,1
prefill,eager,4,8192,183,sp_flux,1,36.91520,1
prefill,eager,4,8192,183,sp_rsflux,3,40.06195,1
prefill,eager,4,8192,183,sp_dispatch,4,37.55520,1
prefill,eager,4,8192,184,tp_ar,3,45.88954,1
prefill,eager,4,8192,184,tp_ar_vllm,4,44.42829,1
prefill,eager,4,8192,184,sp_nccl,1,44.13235,1
prefill,eager,4,8192,184,sp_flux,0,36.64589,1
prefill,eager,4,8192,184,sp_rsflux,5,39.39226,1
prefill,eager,4,8192,184,sp_dispatch,2,36.70938,1
prefill,eager,4,8192,185,tp_ar,4,43.78214,1
prefill,eager,4,8192,185,tp_ar_vllm,2,46.18343,1
prefill,eager,4,8192,185,sp_nccl,3,42.58304,1
prefill,eager,4,8192,185,sp_flux,1,37.48147,1
prefill,eager,4,8192,185,sp_rsflux,0,40.17664,1
prefill,eager,4,8192,185,sp_dispatch,5,36.71245,1
prefill,eager,4,8192,186,tp_ar,5,45.10515,1
prefill,eager,4,8192,186,tp_ar_vllm,2,44.47744,1
prefill,eager,4,8192,186,sp_nccl,1,44.88090,1
prefill,eager,4,8192,186,sp_flux,0,38.65907,1
prefill,eager,4,8192,186,sp_rsflux,4,41.49248,1
prefill,eager,4,8192,186,sp_dispatch,3,36.38681,1
prefill,eager,4,8192,187,tp_ar,5,45.77997,1
prefill,eager,4,8192,187,tp_ar_vllm,2,46.11481,1
prefill,eager,4,8192,187,sp_nccl,0,42.11610,1
prefill,eager,4,8192,187,sp_flux,4,37.54394,1
prefill,eager,4,8192,187,sp_rsflux,3,39.61856,1
prefill,eager,4,8192,187,sp_dispatch,1,36.28851,1
prefill,eager,4,8192,188,tp_ar,3,44.54707,1
prefill,eager,4,8192,188,tp_ar_vllm,4,44.05453,1
prefill,eager,4,8192,188,sp_nccl,2,44.86451,1
prefill,eager,4,8192,188,sp_flux,1,38.37235,1
prefill,eager,4,8192,188,sp_rsflux,5,39.16800,1
prefill,eager,4,8192,188,sp_dispatch,0,36.95104,1
prefill,eager,4,8192,189,tp_ar,0,44.62490,1
prefill,eager,4,8192,189,tp_ar_vllm,5,44.02995,1
prefill,eager,4,8192,189,sp_nccl,4,43.29165,1
prefill,eager,4,8192,189,sp_flux,1,36.31411,1
prefill,eager,4,8192,189,sp_rsflux,3,41.53754,1
prefill,eager,4,8192,189,sp_dispatch,2,38.15014,1
prefill,eager,4,8192,190,tp_ar,4,45.99091,1
prefill,eager,4,8192,190,tp_ar_vllm,2,46.19469,1
prefill,eager,4,8192,190,sp_nccl,5,42.25229,1
prefill,eager,4,8192,190,sp_flux,1,37.35552,1
prefill,eager,4,8192,190,sp_rsflux,0,39.31648,1
prefill,eager,4,8192,190,sp_dispatch,3,37.19373,1
prefill,eager,4,8192,191,tp_ar,2,44.49485,1
prefill,eager,4,8192,191,tp_ar_vllm,3,43.66233,1
prefill,eager,4,8192,191,sp_nccl,1,43.01107,1
prefill,eager,4,8192,191,sp_flux,5,37.70982,1
prefill,eager,4,8192,191,sp_rsflux,0,39.38611,1
prefill,eager,4,8192,191,sp_dispatch,4,36.67661,1
prefill,eager,4,8192,192,tp_ar,0,46.06976,1
prefill,eager,4,8192,192,tp_ar_vllm,2,44.98534,1
prefill,eager,4,8192,192,sp_nccl,5,44.49689,1
prefill,eager,4,8192,192,sp_flux,4,38.62119,1
prefill,eager,4,8192,192,sp_rsflux,1,39.86023,1
prefill,eager,4,8192,192,sp_dispatch,3,36.87321,1
prefill,eager,4,8192,193,tp_ar,4,44.31258,1
prefill,eager,4,8192,193,tp_ar_vllm,0,44.50611,1
prefill,eager,4,8192,193,sp_nccl,3,43.33670,1
prefill,eager,4,8192,193,sp_flux,1,36.38272,1
prefill,eager,4,8192,193,sp_rsflux,2,41.19347,1
prefill,eager,4,8192,193,sp_dispatch,5,36.47386,1
prefill,eager,4,8192,194,tp_ar,4,45.81683,1
prefill,eager,4,8192,194,tp_ar_vllm,1,44.27366,1
prefill,eager,4,8192,194,sp_nccl,0,44.47642,1
prefill,eager,4,8192,194,sp_flux,5,37.36371,1
prefill,eager,4,8192,194,sp_rsflux,2,39.31853,1
prefill,eager,4,8192,194,sp_dispatch,3,37.35450,1
prefill,eager,4,8192,195,tp_ar,4,43.53638,1
prefill,eager,4,8192,195,tp_ar_vllm,2,45.87315,1
prefill,eager,4,8192,195,sp_nccl,3,42.78067,1
prefill,eager,4,8192,195,sp_flux,5,36.51379,1
prefill,eager,4,8192,195,sp_rsflux,0,41.12896,1
prefill,eager,4,8192,195,sp_dispatch,1,37.85728,1
prefill,eager,4,8192,196,tp_ar,4,44.42215,1
prefill,eager,4,8192,196,tp_ar_vllm,2,45.89875,1
prefill,eager,4,8192,196,sp_nccl,5,42.27379,1
prefill,eager,4,8192,196,sp_flux,0,37.94022,1
prefill,eager,4,8192,196,sp_rsflux,3,39.87558,1
prefill,eager,4,8192,196,sp_dispatch,1,38.03853,1
prefill,eager,4,8192,197,tp_ar,4,44.47539,1
prefill,eager,4,8192,197,tp_ar_vllm,2,44.32179,1
prefill,eager,4,8192,197,sp_nccl,1,44.27264,1
prefill,eager,4,8192,197,sp_flux,5,37.18554,1
prefill,eager,4,8192,197,sp_rsflux,3,39.44960,1
prefill,eager,4,8192,197,sp_dispatch,0,36.85581,1
prefill,eager,4,8192,198,tp_ar,0,45.97965,1
prefill,eager,4,8192,198,tp_ar_vllm,5,44.74266,1
prefill,eager,4,8192,198,sp_nccl,3,44.64742,1
prefill,eager,4,8192,198,sp_flux,2,38.17062,1
prefill,eager,4,8192,198,sp_rsflux,4,40.31078,1
prefill,eager,4,8192,198,sp_dispatch,1,36.80461,1
prefill,eager,4,8192,199,tp_ar,3,46.03904,1
prefill,eager,4,8192,199,tp_ar_vllm,0,43.81799,1
prefill,eager,4,8192,199,sp_nccl,1,41.89594,1
prefill,eager,4,8192,199,sp_flux,5,37.22035,1
prefill,eager,4,8192,199,sp_rsflux,4,39.96262,1
prefill,eager,4,8192,199,sp_dispatch,2,36.51379,1
