group,dim0,dim1,M,mode,round,item,order_pos,rank_max_ms,rank_min_ms,rank0_ms,cpu_launch_rank_max_ms,min_sm_clock_mhz,kept
ag,5120,10240,16,gpu,0,c_cublas,0,0.11674,0.08397,0.08602,0.40780,0,1
ag,5120,10240,16,gpu,0,c_fluxgemm,3,0.12390,0.11571,0.12390,0.03948,0,1
ag,5120,10240,16,gpu,0,c_flux_ag,1,0.07709,0.06573,0.06922,0.05274,0,1
ag,5120,10240,16,gpu,0,A_fused,2,0.18022,0.16486,0.17920,0.06639,0,1
ag,5120,10240,16,gpu,1,c_cublas,3,0.08909,0.08397,0.08909,0.03760,0,1
ag,5120,10240,16,gpu,1,c_fluxgemm,0,0.12493,0.11674,0.12493,0.03484,0,1
ag,5120,10240,16,gpu,1,c_flux_ag,2,0.06554,0.05872,0.06381,0.04252,0,1
ag,5120,10240,16,gpu,1,A_fused,1,0.18125,0.16794,0.17920,0.06445,0,1
ag,5120,10240,16,gpu,2,c_cublas,3,0.08499,0.08294,0.08499,0.03612,0,1
ag,5120,10240,16,gpu,2,c_fluxgemm,2,0.12493,0.11571,0.12493,0.03504,0,1
ag,5120,10240,16,gpu,2,c_flux_ag,1,0.07229,0.06214,0.07229,0.04115,0,1
ag,5120,10240,16,gpu,2,A_fused,0,0.18534,0.16794,0.18534,0.06818,0,1
ag,5120,10240,16,gpu,3,c_cublas,3,0.08602,0.08294,0.08602,0.03547,0,1
ag,5120,10240,16,gpu,3,c_fluxgemm,0,0.12288,0.11366,0.12288,0.03827,0,1
ag,5120,10240,16,gpu,3,c_flux_ag,2,0.06691,0.05699,0.06691,0.04391,0,1
ag,5120,10240,16,gpu,3,A_fused,1,0.17408,0.16282,0.17408,0.06395,0,1
ag,5120,10240,16,gpu,4,c_cublas,2,0.08704,0.08294,0.08704,0.03507,0,1
ag,5120,10240,16,gpu,4,c_fluxgemm,1,0.12288,0.11469,0.12288,0.03718,0,1
ag,5120,10240,16,gpu,4,c_flux_ag,0,0.06400,0.05773,0.06400,0.04762,0,1
ag,5120,10240,16,gpu,4,A_fused,3,0.17306,0.16179,0.17306,0.06698,0,1
ag,5120,10240,16,gpu,5,c_cublas,2,0.08806,0.08397,0.08806,0.08637,0,1
ag,5120,10240,16,gpu,5,c_fluxgemm,3,0.12493,0.11571,0.12493,0.05885,0,1
ag,5120,10240,16,gpu,5,c_flux_ag,0,0.90704,0.07824,0.90704,0.09423,0,1
ag,5120,10240,16,gpu,5,A_fused,1,0.17203,0.15770,0.17203,0.11428,0,1
ag,5120,10240,16,gpu,6,c_cublas,0,0.08704,0.08397,0.08704,0.04448,0,1
ag,5120,10240,16,gpu,6,c_fluxgemm,3,0.12288,0.11366,0.12288,0.03827,0,1
ag,5120,10240,16,gpu,6,c_flux_ag,2,0.06922,0.06477,0.06851,0.05164,0,1
ag,5120,10240,16,gpu,6,A_fused,1,0.19149,0.17101,0.19149,0.08022,0,1
ag,5120,10240,16,gpu,7,c_cublas,3,0.08602,0.08294,0.08602,0.04151,0,1
ag,5120,10240,16,gpu,7,c_fluxgemm,1,0.12390,0.11674,0.12390,0.03763,0,1
ag,5120,10240,16,gpu,7,c_flux_ag,0,0.06790,0.05606,0.06790,0.05102,0,1
ag,5120,10240,16,gpu,7,A_fused,2,0.17203,0.16282,0.17203,0.07212,0,1
ag,5120,10240,16,gpu,8,c_cublas,0,0.11162,0.08397,0.08602,0.03520,0,1
ag,5120,10240,16,gpu,8,c_fluxgemm,3,0.12288,0.11366,0.12288,0.03987,0,1
ag,5120,10240,16,gpu,8,c_flux_ag,1,0.06880,0.05731,0.06880,0.05265,0,1
ag,5120,10240,16,gpu,8,A_fused,2,0.17306,0.16282,0.17306,0.08089,0,1
ag,5120,10240,16,gpu,9,c_cublas,1,0.08499,0.08192,0.08499,0.04032,0,1
ag,5120,10240,16,gpu,9,c_fluxgemm,2,0.12493,0.11366,0.12493,0.03971,0,1
ag,5120,10240,16,gpu,9,c_flux_ag,3,0.07245,0.06509,0.07245,0.05092,0,1
ag,5120,10240,16,gpu,9,A_fused,0,0.17510,0.16179,0.17510,0.07587,0,1
ag,5120,10240,16,gpu,10,c_cublas,1,0.08499,0.08294,0.08499,0.03729,0,1
ag,5120,10240,16,gpu,10,c_fluxgemm,0,0.12288,0.11366,0.12288,0.03978,0,1
ag,5120,10240,16,gpu,10,c_flux_ag,2,0.07395,0.06467,0.07395,0.05358,0,1
ag,5120,10240,16,gpu,10,A_fused,3,0.16998,0.16077,0.16896,0.06850,0,1
ag,5120,10240,16,gpu,11,c_cublas,1,0.08602,0.08397,0.08602,0.03734,0,1
ag,5120,10240,16,gpu,11,c_fluxgemm,0,0.12288,0.11571,0.12288,0.03837,0,1
ag,5120,10240,16,gpu,11,c_flux_ag,3,0.06643,0.06426,0.06643,0.05471,0,1
ag,5120,10240,16,gpu,11,A_fused,2,0.18842,0.17101,0.18842,0.07238,0,1
ag,5120,10240,16,gpu,12,c_cublas,0,0.08704,0.08294,0.08704,0.03685,0,1
ag,5120,10240,16,gpu,12,c_fluxgemm,1,0.12595,0.11571,0.12595,0.04849,0,1
ag,5120,10240,16,gpu,12,c_flux_ag,2,0.06646,0.06243,0.06646,0.05079,0,1
ag,5120,10240,16,gpu,12,A_fused,3,0.17715,0.16077,0.17715,0.06770,0,1
ag,5120,10240,16,gpu,13,c_cublas,0,0.08704,0.08294,0.08704,0.03685,0,1
ag,5120,10240,16,gpu,13,c_fluxgemm,1,0.12595,0.11469,0.12595,0.04064,0,1
ag,5120,10240,16,gpu,13,c_flux_ag,2,0.07024,0.05808,0.07024,0.05114,0,1
ag,5120,10240,16,gpu,13,A_fused,3,0.18227,0.16179,0.18227,0.06851,0,1
ag,5120,10240,16,gpu,14,c_cublas,2,0.08602,0.08294,0.08602,0.03737,0,1
ag,5120,10240,16,gpu,14,c_fluxgemm,3,0.12390,0.11469,0.12390,0.03969,0,1
ag,5120,10240,16,gpu,14,c_flux_ag,1,0.06682,0.05738,0.06682,0.04630,0,1
ag,5120,10240,16,gpu,14,A_fused,0,0.18330,0.16282,0.18330,0.06883,0,1
ag,5120,10240,16,gpu,15,c_cublas,2,0.08602,0.08294,0.08602,0.03652,0,1
ag,5120,10240,16,gpu,15,c_fluxgemm,3,0.11674,0.11469,0.11571,0.03945,0,1
ag,5120,10240,16,gpu,15,c_flux_ag,0,0.07344,0.06499,0.07344,0.05045,0,1
ag,5120,10240,16,gpu,15,A_fused,1,0.17715,0.16486,0.17203,0.06787,0,1
ag,5120,10240,16,gpu,16,c_cublas,1,0.08499,0.08294,0.08397,0.03692,0,1
ag,5120,10240,16,gpu,16,c_fluxgemm,3,0.11674,0.11674,0.11674,0.03593,0,1
ag,5120,10240,16,gpu,16,c_flux_ag,0,0.06832,0.05376,0.05376,0.05185,0,1
ag,5120,10240,16,gpu,16,A_fused,2,0.16896,0.16486,0.16896,0.07296,0,1
ag,5120,10240,16,gpu,17,c_cublas,1,0.08704,0.08397,0.08602,0.04157,0,1
ag,5120,10240,16,gpu,17,c_fluxgemm,0,0.11878,0.11469,0.11571,0.03624,0,1
ag,5120,10240,16,gpu,17,c_flux_ag,3,0.07158,0.05981,0.06080,0.04571,0,1
ag,5120,10240,16,gpu,17,A_fused,2,0.16896,0.16282,0.16282,0.07320,0,1
ag,5120,10240,16,gpu,18,c_cublas,3,0.08499,0.08294,0.08397,0.04054,0,1
ag,5120,10240,16,gpu,18,c_fluxgemm,0,0.14336,0.11469,0.11469,0.03833,0,1
ag,5120,10240,16,gpu,18,c_flux_ag,1,0.06493,0.05501,0.05501,0.05858,0,1
ag,5120,10240,16,gpu,18,A_fused,2,0.16896,0.16384,0.16486,0.06919,0,1
ag,5120,10240,16,gpu,19,c_cublas,3,0.08499,0.08294,0.08499,0.03669,0,1
ag,5120,10240,16,gpu,19,c_fluxgemm,2,0.11571,0.11366,0.11469,0.03741,0,1
ag,5120,10240,16,gpu,19,c_flux_ag,1,0.05978,0.05520,0.05859,0.04855,0,1
ag,5120,10240,16,gpu,19,A_fused,0,0.16794,0.16179,0.16589,0.07326,0,1
ag,5120,10240,16,gpu,20,c_cublas,1,0.08499,0.08192,0.08499,0.03589,0,1
ag,5120,10240,16,gpu,20,c_fluxgemm,0,0.11469,0.11469,0.11469,0.03959,0,1
ag,5120,10240,16,gpu,20,c_flux_ag,3,0.06810,0.05750,0.05750,0.04690,0,1
ag,5120,10240,16,gpu,20,A_fused,2,0.17510,0.16077,0.16077,0.07241,0,1
ag,5120,10240,16,gpu,21,c_cublas,0,0.08499,0.08294,0.08499,0.03636,0,1
ag,5120,10240,16,gpu,21,c_fluxgemm,1,0.11981,0.11469,0.11571,0.03990,0,1
ag,5120,10240,16,gpu,21,c_flux_ag,2,0.06797,0.05715,0.06797,0.05136,0,1
ag,5120,10240,16,gpu,21,A_fused,3,0.16691,0.16179,0.16282,0.06710,0,1
ag,5120,10240,16,gpu,22,c_cublas,2,0.08704,0.08397,0.08602,0.04525,0,1
ag,5120,10240,16,gpu,22,c_fluxgemm,1,0.11776,0.11469,0.11674,0.03773,0,1
ag,5120,10240,16,gpu,22,c_flux_ag,0,0.07488,0.06032,0.07488,0.04788,0,1
ag,5120,10240,16,gpu,22,A_fused,3,0.16282,0.15667,0.16077,0.07233,0,1
ag,5120,10240,16,gpu,23,c_cublas,3,0.08499,0.08294,0.08499,0.03712,0,1
ag,5120,10240,16,gpu,23,c_fluxgemm,1,0.11674,0.11469,0.11469,0.03652,0,1
ag,5120,10240,16,gpu,23,c_flux_ag,2,0.05904,0.05190,0.05731,0.05791,0,1
ag,5120,10240,16,gpu,23,A_fused,0,0.16998,0.15770,0.16998,0.06727,0,1
ag,5120,10240,16,gpu,24,c_cublas,1,0.08499,0.08192,0.08499,0.03554,0,1
ag,5120,10240,16,gpu,24,c_fluxgemm,3,0.11571,0.11571,0.11571,0.03735,0,1
ag,5120,10240,16,gpu,24,c_flux_ag,0,0.06262,0.05485,0.05574,0.05111,0,1
ag,5120,10240,16,gpu,24,A_fused,2,0.16589,0.16384,0.16589,0.07187,0,1
ag,5120,10240,16,gpu,25,c_cublas,2,0.08397,0.08294,0.08397,0.03657,0,1
ag,5120,10240,16,gpu,25,c_fluxgemm,0,0.11776,0.11469,0.11571,0.03451,0,1
ag,5120,10240,16,gpu,25,c_flux_ag,3,0.06061,0.05398,0.06061,0.05840,0,1
ag,5120,10240,16,gpu,25,A_fused,1,0.17613,0.16384,0.16384,0.06920,0,1
ag,5120,10240,16,gpu,26,c_cublas,0,0.08499,0.08192,0.08499,0.03687,0,1
ag,5120,10240,16,gpu,26,c_fluxgemm,1,0.11776,0.11469,0.11571,0.03958,0,1
ag,5120,10240,16,gpu,26,c_flux_ag,3,0.07043,0.06256,0.06672,0.04884,0,1
ag,5120,10240,16,gpu,26,A_fused,2,0.17818,0.16589,0.16794,0.07427,0,1
ag,5120,10240,16,gpu,27,c_cublas,2,0.08397,0.08294,0.08397,0.03757,0,1
ag,5120,10240,16,gpu,27,c_fluxgemm,1,0.11674,0.11469,0.11674,0.03850,0,1
ag,5120,10240,16,gpu,27,c_flux_ag,0,0.06653,0.06438,0.06477,0.04815,0,1
ag,5120,10240,16,gpu,27,A_fused,3,0.18125,0.16794,0.16794,0.07267,0,1
ag,5120,10240,16,gpu,28,c_cublas,1,0.08602,0.08397,0.08499,0.03668,1410,1
ag,5120,10240,16,gpu,28,c_fluxgemm,0,0.11776,0.11469,0.11571,0.03834,1410,1
ag,5120,10240,16,gpu,28,c_flux_ag,3,0.06128,0.05936,0.06064,0.05868,1410,1
ag,5120,10240,16,gpu,28,A_fused,2,0.17510,0.16589,0.17510,0.07239,1410,1
ag,5120,10240,16,gpu,29,c_cublas,2,0.08499,0.08397,0.08499,0.03730,1410,1
ag,5120,10240,16,gpu,29,c_fluxgemm,3,0.11674,0.11571,0.11571,0.04176,1410,1
ag,5120,10240,16,gpu,29,c_flux_ag,1,0.06669,0.05946,0.05946,0.04578,1410,1
ag,5120,10240,16,gpu,29,A_fused,0,0.16794,0.15974,0.15974,0.07135,1410,1
ag,5120,10240,16,gpu,30,c_cublas,2,0.08499,0.08294,0.08499,0.03740,1410,1
ag,5120,10240,16,gpu,30,c_fluxgemm,0,0.11878,0.11571,0.11571,0.03515,1410,1
ag,5120,10240,16,gpu,30,c_flux_ag,3,0.07232,0.05936,0.06803,0.05089,1410,1
ag,5120,10240,16,gpu,30,A_fused,1,0.16589,0.16179,0.16486,0.06987,1410,1
ag,5120,10240,16,gpu,31,c_cublas,1,0.08397,0.08294,0.08397,0.03656,1410,1
ag,5120,10240,16,gpu,31,c_fluxgemm,0,0.11981,0.11366,0.11469,0.03941,1410,1
ag,5120,10240,16,gpu,31,c_flux_ag,3,0.06166,0.05741,0.05741,0.04678,1410,1
ag,5120,10240,16,gpu,31,A_fused,2,0.16794,0.16384,0.16794,0.07230,1410,1
ag,5120,10240,16,gpu,32,c_cublas,3,0.08397,0.08294,0.08397,0.03679,1410,1
ag,5120,10240,16,gpu,32,c_fluxgemm,2,0.11674,0.11469,0.11469,0.03666,1410,1
ag,5120,10240,16,gpu,32,c_flux_ag,1,0.07414,0.05645,0.05645,0.04600,1410,1
ag,5120,10240,16,gpu,32,A_fused,0,0.17613,0.16589,0.16589,0.06886,1410,1
ag,5120,10240,16,gpu,33,c_cublas,0,0.08602,0.08397,0.08602,0.03457,1410,1
ag,5120,10240,16,gpu,33,c_fluxgemm,3,0.11776,0.11571,0.11674,0.03632,1410,1
ag,5120,10240,16,gpu,33,c_flux_ag,1,0.07325,0.06070,0.07286,0.05228,1410,1
ag,5120,10240,16,gpu,33,A_fused,2,0.17306,0.16282,0.16794,0.06868,1410,1
ag,5120,10240,16,gpu,34,c_cublas,1,0.08397,0.08294,0.08397,0.03707,1410,1
ag,5120,10240,16,gpu,34,c_fluxgemm,0,0.11674,0.11469,0.11674,0.03559,1410,1
ag,5120,10240,16,gpu,34,c_flux_ag,2,0.06810,0.06458,0.06771,0.05292,1410,1
ag,5120,10240,16,gpu,34,A_fused,3,0.16179,0.15667,0.15974,0.06819,1410,1
ag,5120,10240,16,gpu,35,c_cublas,1,0.08397,0.08192,0.08397,0.03619,1410,1
ag,5120,10240,16,gpu,35,c_fluxgemm,3,0.11571,0.11469,0.11571,0.03903,1410,1
ag,5120,10240,16,gpu,35,c_flux_ag,2,0.06176,0.05670,0.05670,0.05090,1410,1
ag,5120,10240,16,gpu,35,A_fused,0,0.16896,0.15872,0.16179,0.07078,1410,1
ag,5120,10240,16,gpu,36,c_cublas,1,0.08499,0.08294,0.08499,0.03625,1410,1
ag,5120,10240,16,gpu,36,c_fluxgemm,0,0.11674,0.11469,0.11571,0.03696,1410,1
ag,5120,10240,16,gpu,36,c_flux_ag,2,0.06496,0.05638,0.05811,0.05117,1410,1
ag,5120,10240,16,gpu,36,A_fused,3,0.16589,0.16179,0.16384,0.06810,1410,1
ag,5120,10240,16,gpu,37,c_cublas,0,0.08602,0.08294,0.08602,0.03763,1410,1
ag,5120,10240,16,gpu,37,c_fluxgemm,2,0.11571,0.11366,0.11571,0.03739,1410,1
ag,5120,10240,16,gpu,37,c_flux_ag,3,0.07430,0.06726,0.06966,0.04893,1410,1
ag,5120,10240,16,gpu,37,A_fused,1,0.16998,0.16077,0.16998,0.07380,1410,1
ag,5120,10240,16,gpu,38,c_cublas,2,0.08397,0.08294,0.08397,0.03685,1410,1
ag,5120,10240,16,gpu,38,c_fluxgemm,1,0.11674,0.11469,0.11571,0.03728,1410,1
ag,5120,10240,16,gpu,38,c_flux_ag,3,0.07677,0.06474,0.06474,0.05238,1410,1
ag,5120,10240,16,gpu,38,A_fused,0,0.16384,0.16077,0.16179,0.07619,1410,1
ag,5120,10240,16,gpu,39,c_cublas,2,0.08499,0.08294,0.08397,0.03623,1410,1
ag,5120,10240,16,gpu,39,c_fluxgemm,1,0.11776,0.11469,0.11571,0.03788,1410,1
ag,5120,10240,16,gpu,39,c_flux_ag,3,0.05974,0.05459,0.05843,0.05206,1410,1
ag,5120,10240,16,gpu,39,A_fused,0,0.16794,0.15974,0.15974,0.07473,1410,1
ag,5120,10240,16,gpu,40,c_cublas,3,0.08499,0.08294,0.08397,0.03725,1410,1
ag,5120,10240,16,gpu,40,c_fluxgemm,2,0.11571,0.11264,0.11571,0.03664,1410,1
ag,5120,10240,16,gpu,40,c_flux_ag,0,0.06102,0.05843,0.06102,0.04680,1410,1
ag,5120,10240,16,gpu,40,A_fused,1,0.16384,0.15974,0.16179,0.07103,1410,1
ag,5120,10240,16,gpu,41,c_cublas,0,0.08602,0.08294,0.08602,0.03366,1410,1
ag,5120,10240,16,gpu,41,c_fluxgemm,1,0.11674,0.11571,0.11571,0.03989,1410,1
ag,5120,10240,16,gpu,41,c_flux_ag,2,0.06778,0.05843,0.06166,0.05170,1410,1
ag,5120,10240,16,gpu,41,A_fused,3,0.16282,0.15974,0.16282,0.06899,1410,1
ag,5120,10240,16,gpu,42,c_cublas,0,0.08602,0.08294,0.08499,0.03656,1410,1
ag,5120,10240,16,gpu,42,c_fluxgemm,1,0.11674,0.11469,0.11571,0.03975,1410,1
ag,5120,10240,16,gpu,42,c_flux_ag,2,0.07075,0.06208,0.06998,0.05216,1410,1
ag,5120,10240,16,gpu,42,A_fused,3,0.17613,0.16179,0.16179,0.06785,1410,1
ag,5120,10240,16,gpu,43,c_cublas,2,0.08499,0.08192,0.08397,0.04282,1410,1
ag,5120,10240,16,gpu,43,c_fluxgemm,0,0.11674,0.11469,0.11469,0.03846,1410,1
ag,5120,10240,16,gpu,43,c_flux_ag,3,0.07238,0.06144,0.06163,0.05172,1410,1
ag,5120,10240,16,gpu,43,A_fused,1,0.17510,0.16691,0.16691,0.07051,1410,1
ag,5120,10240,16,gpu,44,c_cublas,0,0.08397,0.08294,0.08294,0.03598,1410,1
ag,5120,10240,16,gpu,44,c_fluxgemm,1,0.11776,0.11674,0.11674,0.04021,1410,1
ag,5120,10240,16,gpu,44,c_flux_ag,2,0.07840,0.06688,0.07661,0.05139,1410,1
ag,5120,10240,16,gpu,44,A_fused,3,0.16077,0.15770,0.16077,0.06956,1410,1
ag,5120,10240,16,gpu,45,c_cublas,0,0.08499,0.08499,0.08499,0.03660,1410,1
ag,5120,10240,16,gpu,45,c_fluxgemm,2,0.11571,0.11469,0.11469,0.03734,1410,1
ag,5120,10240,16,gpu,45,c_flux_ag,3,0.06278,0.05437,0.05571,0.04970,1410,1
ag,5120,10240,16,gpu,45,A_fused,1,0.16691,0.15872,0.16282,0.07186,1410,1
ag,5120,10240,16,gpu,46,c_cublas,1,0.08602,0.08294,0.08602,0.03683,1410,1
ag,5120,10240,16,gpu,46,c_fluxgemm,3,0.11878,0.11366,0.11469,0.04356,1410,1
ag,5120,10240,16,gpu,46,c_flux_ag,2,0.06128,0.05501,0.06128,0.05271,1410,1
ag,5120,10240,16,gpu,46,A_fused,0,0.16896,0.15872,0.16794,0.06933,1410,1
ag,5120,10240,16,gpu,47,c_cublas,2,0.08397,0.08294,0.08294,0.03680,1410,1
ag,5120,10240,16,gpu,47,c_fluxgemm,0,0.11571,0.11469,0.11469,0.03542,1410,1
ag,5120,10240,16,gpu,47,c_flux_ag,1,0.06362,0.05587,0.05587,0.05148,1410,1
ag,5120,10240,16,gpu,47,A_fused,3,0.16282,0.16179,0.16179,0.07204,1410,1
ag,5120,10240,16,gpu,48,c_cublas,2,0.08602,0.08499,0.08602,0.03611,1410,1
ag,5120,10240,16,gpu,48,c_fluxgemm,0,0.11674,0.11366,0.11674,0.03779,1410,1
ag,5120,10240,16,gpu,48,c_flux_ag,3,0.07514,0.06442,0.06442,0.05425,1410,1
ag,5120,10240,16,gpu,48,A_fused,1,0.17613,0.16179,0.16896,0.06970,1410,1
ag,5120,10240,16,gpu,49,c_cublas,3,0.08704,0.08397,0.08499,0.03705,1410,1
ag,5120,10240,16,gpu,49,c_fluxgemm,0,0.11878,0.11571,0.11571,0.03937,1410,1
ag,5120,10240,16,gpu,49,c_flux_ag,1,0.06906,0.05469,0.06272,0.04995,1410,1
ag,5120,10240,16,gpu,49,A_fused,2,0.17715,0.16794,0.17715,0.06612,1410,1
ag,5120,10240,16,gpu,50,c_cublas,1,0.08602,0.08294,0.08499,0.03627,1410,1
ag,5120,10240,16,gpu,50,c_fluxgemm,2,0.11571,0.11469,0.11571,0.03867,1410,1
ag,5120,10240,16,gpu,50,c_flux_ag,3,0.06707,0.05888,0.06707,0.05089,1410,1
ag,5120,10240,16,gpu,50,A_fused,0,0.17715,0.16384,0.16384,0.07277,1410,1
ag,5120,10240,16,gpu,51,c_cublas,0,0.08499,0.08294,0.08499,0.03665,1410,1
ag,5120,10240,16,gpu,51,c_fluxgemm,2,0.11776,0.11674,0.11674,0.03683,1410,1
ag,5120,10240,16,gpu,51,c_flux_ag,3,0.05984,0.05376,0.05376,0.05024,1410,1
ag,5120,10240,16,gpu,51,A_fused,1,0.16691,0.16077,0.16691,0.07263,1410,1
ag,5120,10240,16,gpu,52,c_cublas,3,0.08499,0.08294,0.08397,0.03728,1410,1
ag,5120,10240,16,gpu,52,c_fluxgemm,1,0.11571,0.11469,0.11571,0.03591,1410,1
ag,5120,10240,16,gpu,52,c_flux_ag,2,0.06157,0.05440,0.05440,0.05204,1410,1
ag,5120,10240,16,gpu,52,A_fused,0,0.17510,0.16486,0.16589,0.07107,1410,1
ag,5120,10240,16,gpu,53,c_cublas,0,0.08704,0.08397,0.08704,0.03535,1410,1
ag,5120,10240,16,gpu,53,c_fluxgemm,3,0.11674,0.11571,0.11571,0.03700,1410,1
ag,5120,10240,16,gpu,53,c_flux_ag,1,0.06541,0.05872,0.06029,0.05222,1410,1
ag,5120,10240,16,gpu,53,A_fused,2,0.16691,0.16486,0.16589,0.07121,1410,1
ag,5120,10240,16,gpu,54,c_cublas,1,0.08499,0.08294,0.08397,0.03736,1410,1
ag,5120,10240,16,gpu,54,c_fluxgemm,0,0.11776,0.11571,0.11776,0.03756,1410,1
ag,5120,10240,16,gpu,54,c_flux_ag,3,0.08278,0.05693,0.06995,0.04542,1410,1
ag,5120,10240,16,gpu,54,A_fused,2,0.17920,0.17306,0.17306,0.07350,1410,1
ag,5120,10240,16,gpu,55,c_cublas,3,0.08499,0.08397,0.08397,0.03669,1410,1
ag,5120,10240,16,gpu,55,c_fluxgemm,2,0.11571,0.11366,0.11571,0.03639,1410,1
ag,5120,10240,16,gpu,55,c_flux_ag,0,0.40186,0.07517,0.39184,0.04892,1410,1
ag,5120,10240,16,gpu,55,A_fused,1,0.17818,0.16384,0.16691,0.06666,1410,1
ag,5120,10240,16,gpu,56,c_cublas,2,0.08397,0.08397,0.08397,0.03659,1410,1
ag,5120,10240,16,gpu,56,c_fluxgemm,3,0.11776,0.11571,0.11571,0.03945,1410,1
ag,5120,10240,16,gpu,56,c_flux_ag,1,0.06010,0.05866,0.06010,0.04574,1410,1
ag,5120,10240,16,gpu,56,A_fused,0,0.17203,0.15872,0.16691,0.07313,1410,1
ag,5120,10240,16,gpu,57,c_cublas,0,0.08602,0.08397,0.08602,0.03629,1410,1
ag,5120,10240,16,gpu,57,c_fluxgemm,2,0.11878,0.11571,0.11571,0.03893,1410,1
ag,5120,10240,16,gpu,57,c_flux_ag,1,0.06717,0.05859,0.06234,0.05305,1410,1
ag,5120,10240,16,gpu,57,A_fused,3,0.17408,0.15974,0.16384,0.06898,1410,1
ag,5120,10240,16,gpu,58,c_cublas,2,0.08499,0.08294,0.08499,0.03656,1410,1
ag,5120,10240,16,gpu,58,c_fluxgemm,0,0.14746,0.11469,0.11674,0.04259,1410,1
ag,5120,10240,16,gpu,58,c_flux_ag,3,0.06070,0.05555,0.06070,0.05256,1410,1
ag,5120,10240,16,gpu,58,A_fused,1,0.17101,0.16282,0.16691,0.06977,1410,1
ag,5120,10240,16,gpu,59,c_cublas,3,0.08397,0.08294,0.08397,0.03695,1410,1
ag,5120,10240,16,gpu,59,c_fluxgemm,0,0.11674,0.11469,0.11674,0.04015,1410,1
ag,5120,10240,16,gpu,59,c_flux_ag,1,0.07184,0.05933,0.06755,0.05063,1410,1
ag,5120,10240,16,gpu,59,A_fused,2,0.17306,0.16077,0.16486,0.06722,1410,1
ag,5120,10240,16,gpu,60,c_cublas,2,0.08397,0.08294,0.08397,0.03689,1410,1
ag,5120,10240,16,gpu,60,c_fluxgemm,0,0.11571,0.11366,0.11469,0.04043,1410,1
ag,5120,10240,16,gpu,60,c_flux_ag,1,0.07590,0.06342,0.07450,0.05122,1410,1
ag,5120,10240,16,gpu,60,A_fused,3,0.17408,0.16077,0.16077,0.07406,1410,1
ag,5120,10240,16,gpu,61,c_cublas,3,0.08602,0.08397,0.08602,0.03738,1410,1
ag,5120,10240,16,gpu,61,c_fluxgemm,0,0.11674,0.11571,0.11674,0.03843,1410,1
ag,5120,10240,16,gpu,61,c_flux_ag,2,0.06768,0.05757,0.05757,0.04729,1410,1
ag,5120,10240,16,gpu,61,A_fused,1,0.17101,0.16282,0.16282,0.06916,1410,1
ag,5120,10240,16,gpu,62,c_cublas,3,0.08499,0.08294,0.08499,0.03675,1410,1
ag,5120,10240,16,gpu,62,c_fluxgemm,0,0.11776,0.11469,0.11571,0.04048,1410,1
ag,5120,10240,16,gpu,62,c_flux_ag,1,0.06986,0.06269,0.06378,0.05070,1410,1
ag,5120,10240,16,gpu,62,A_fused,2,0.17613,0.16691,0.16794,0.06732,1410,1
ag,5120,10240,16,gpu,63,c_cublas,0,0.08499,0.08192,0.08499,0.03331,1410,1
ag,5120,10240,16,gpu,63,c_fluxgemm,2,0.11776,0.11469,0.11469,0.03700,1410,1
ag,5120,10240,16,gpu,63,c_flux_ag,3,0.06250,0.05645,0.05645,0.05019,1410,1
ag,5120,10240,16,gpu,63,A_fused,1,0.16896,0.16486,0.16896,0.07304,1410,1
ag,5120,10240,16,gpu,64,c_cublas,3,0.08499,0.08294,0.08499,0.03638,1410,1
ag,5120,10240,16,gpu,64,c_fluxgemm,1,0.11571,0.11366,0.11571,0.03806,1410,1
ag,5120,10240,16,gpu,64,c_flux_ag,0,0.06182,0.05376,0.05424,0.04748,1410,1
ag,5120,10240,16,gpu,64,A_fused,2,0.16896,0.16077,0.16077,0.07106,1410,1
ag,5120,10240,16,gpu,65,c_cublas,3,0.08499,0.08397,0.08397,0.03748,1410,1
ag,5120,10240,16,gpu,65,c_fluxgemm,0,0.11674,0.11571,0.11571,0.04014,1410,1
ag,5120,10240,16,gpu,65,c_flux_ag,2,0.07674,0.06390,0.06458,0.04673,1410,1
ag,5120,10240,16,gpu,65,A_fused,1,0.17510,0.16589,0.16589,0.06991,1410,1
ag,5120,10240,16,gpu,66,c_cublas,0,0.08602,0.08294,0.08602,0.03302,1410,1
ag,5120,10240,16,gpu,66,c_fluxgemm,1,0.11571,0.11469,0.11571,0.04052,1410,1
ag,5120,10240,16,gpu,66,c_flux_ag,3,0.07123,0.06163,0.06966,0.04766,1410,1
ag,5120,10240,16,gpu,66,A_fused,2,0.18227,0.17101,0.17101,0.07109,1410,1
ag,5120,10240,16,gpu,67,c_cublas,0,0.08499,0.08294,0.08499,0.03665,1410,1
ag,5120,10240,16,gpu,67,c_fluxgemm,3,0.11571,0.11366,0.11571,0.03694,1410,1
ag,5120,10240,16,gpu,67,c_flux_ag,1,0.06646,0.05808,0.06032,0.05210,1410,1
ag,5120,10240,16,gpu,67,A_fused,2,0.16179,0.15770,0.15770,0.06700,1410,1
ag,5120,10240,16,gpu,68,c_cublas,1,0.08397,0.08294,0.08397,0.03698,1410,1
ag,5120,10240,16,gpu,68,c_fluxgemm,0,0.11674,0.11469,0.11571,0.03529,1410,1
ag,5120,10240,16,gpu,68,c_flux_ag,2,0.05763,0.05507,0.05763,0.05191,1410,1
ag,5120,10240,16,gpu,68,A_fused,3,0.16384,0.15872,0.16384,0.07033,1410,1
ag,5120,10240,16,gpu,69,c_cublas,2,0.08499,0.08397,0.08499,0.03712,1410,1
ag,5120,10240,16,gpu,69,c_fluxgemm,3,0.11776,0.11571,0.11571,0.04088,1410,1
ag,5120,10240,16,gpu,69,c_flux_ag,1,0.05962,0.05520,0.05520,0.04615,1410,1
ag,5120,10240,16,gpu,69,A_fused,0,0.83354,0.18842,0.83354,0.07295,1410,1
ag,5120,10240,16,gpu,70,c_cublas,2,0.08499,0.08294,0.08499,0.04361,1410,1
ag,5120,10240,16,gpu,70,c_fluxgemm,1,0.11776,0.11469,0.11469,0.03592,1410,1
ag,5120,10240,16,gpu,70,c_flux_ag,3,0.07334,0.06096,0.06096,0.05163,1410,1
ag,5120,10240,16,gpu,70,A_fused,0,0.16589,0.15667,0.16589,0.07263,1410,1
ag,5120,10240,16,gpu,71,c_cublas,0,0.08499,0.08397,0.08499,0.03721,1410,1
ag,5120,10240,16,gpu,71,c_fluxgemm,2,0.11571,0.11469,0.11469,0.04937,1410,1
ag,5120,10240,16,gpu,71,c_flux_ag,1,0.05952,0.05296,0.05952,0.05205,1410,1
ag,5120,10240,16,gpu,71,A_fused,3,0.18125,0.16589,0.16896,0.06990,1410,1
ag,5120,10240,16,gpu,72,c_cublas,3,0.08499,0.08294,0.08499,0.03682,1410,1
ag,5120,10240,16,gpu,72,c_fluxgemm,1,0.11571,0.11366,0.11366,0.03789,1410,1
ag,5120,10240,16,gpu,72,c_flux_ag,0,0.06880,0.06358,0.06358,0.04854,1410,1
ag,5120,10240,16,gpu,72,A_fused,2,0.17101,0.16179,0.16179,0.06777,1410,1
ag,5120,10240,16,gpu,73,c_cublas,0,0.08602,0.08397,0.08602,0.03284,1410,1
ag,5120,10240,16,gpu,73,c_fluxgemm,3,0.11674,0.11469,0.11469,0.04065,1410,1
ag,5120,10240,16,gpu,73,c_flux_ag,1,0.06458,0.05629,0.06154,0.05150,1410,1
ag,5120,10240,16,gpu,73,A_fused,2,0.17101,0.16794,0.16794,0.06722,1410,1
ag,5120,10240,16,gpu,74,c_cublas,2,0.08602,0.08397,0.08499,0.03720,1410,1
ag,5120,10240,16,gpu,74,c_fluxgemm,0,0.12083,0.11571,0.11571,0.03467,1410,1
ag,5120,10240,16,gpu,74,c_flux_ag,1,0.07066,0.05891,0.05891,0.04961,1410,1
ag,5120,10240,16,gpu,74,A_fused,3,0.16486,0.15872,0.16282,0.08001,1410,1
ag,5120,10240,16,gpu,75,c_cublas,0,0.08397,0.08294,0.08397,0.03623,1410,1
ag,5120,10240,16,gpu,75,c_fluxgemm,1,0.11674,0.11366,0.11366,0.03894,1410,1
ag,5120,10240,16,gpu,75,c_flux_ag,2,0.06464,0.05994,0.06061,0.04994,1410,1
ag,5120,10240,16,gpu,75,A_fused,3,0.16486,0.15565,0.15565,0.06600,1410,1
ag,5120,10240,16,gpu,76,c_cublas,0,0.08602,0.08294,0.08499,0.03640,1410,1
ag,5120,10240,16,gpu,76,c_fluxgemm,2,0.11571,0.11366,0.11366,0.03898,1410,1
ag,5120,10240,16,gpu,76,c_flux_ag,1,0.07661,0.06323,0.07446,0.05224,1410,1
ag,5120,10240,16,gpu,76,A_fused,3,0.16998,0.16486,0.16589,0.06906,1410,1
ag,5120,10240,16,gpu,77,c_cublas,0,0.08499,0.08397,0.08397,0.03698,1410,1
ag,5120,10240,16,gpu,77,c_fluxgemm,3,0.11981,0.11469,0.11674,0.03614,1410,1
ag,5120,10240,16,gpu,77,c_flux_ag,1,0.07779,0.06272,0.06272,0.05235,1410,1
ag,5120,10240,16,gpu,77,A_fused,2,0.17203,0.16794,0.17203,0.06723,1410,1
ag,5120,10240,16,gpu,78,c_cublas,2,0.08397,0.08192,0.08397,0.03623,1410,1
ag,5120,10240,16,gpu,78,c_fluxgemm,0,0.11571,0.11571,0.11571,0.03483,1410,1
ag,5120,10240,16,gpu,78,c_flux_ag,3,0.07443,0.06128,0.07443,0.05139,1410,1
ag,5120,10240,16,gpu,78,A_fused,1,0.16384,0.15770,0.15770,0.06839,1410,1
ag,5120,10240,16,gpu,79,c_cublas,2,0.08397,0.08294,0.08397,0.03711,1410,1
ag,5120,10240,16,gpu,79,c_fluxgemm,3,0.11674,0.11469,0.11469,0.03908,1410,1
ag,5120,10240,16,gpu,79,c_flux_ag,1,0.06314,0.05667,0.05667,0.04488,1410,1
ag,5120,10240,16,gpu,79,A_fused,0,0.16486,0.15974,0.16486,0.06961,1410,1
ag,5120,10240,16,gpu,80,c_cublas,1,0.08397,0.08294,0.08397,0.03659,1410,1
ag,5120,10240,16,gpu,80,c_fluxgemm,2,0.11469,0.11469,0.11469,0.03907,1410,1
ag,5120,10240,16,gpu,80,c_flux_ag,0,0.06413,0.05632,0.06333,0.05123,1410,1
ag,5120,10240,16,gpu,80,A_fused,3,0.16486,0.16282,0.16282,0.06975,1410,1
ag,5120,10240,16,gpu,81,c_cublas,2,0.08397,0.08294,0.08294,0.03689,1410,1
ag,5120,10240,16,gpu,81,c_fluxgemm,1,0.11571,0.11469,0.11469,0.03702,1410,1
ag,5120,10240,16,gpu,81,c_flux_ag,0,0.06061,0.05517,0.05974,0.04903,1410,1
ag,5120,10240,16,gpu,81,A_fused,3,0.17920,0.16589,0.16691,0.07229,1410,1
ag,5120,10240,16,gpu,82,c_cublas,1,0.08499,0.08294,0.08499,0.03636,1410,1
ag,5120,10240,16,gpu,82,c_fluxgemm,2,0.11469,0.11469,0.11469,0.03890,1410,1
ag,5120,10240,16,gpu,82,c_flux_ag,3,0.08102,0.06054,0.06054,0.04997,1410,1
ag,5120,10240,16,gpu,82,A_fused,0,0.16691,0.15667,0.15667,0.06757,1410,1
ag,5120,10240,16,gpu,83,c_cublas,3,0.08397,0.08294,0.08397,0.03688,1410,1
ag,5120,10240,16,gpu,83,c_fluxgemm,1,0.11674,0.11366,0.11674,0.03555,1410,1
ag,5120,10240,16,gpu,83,c_flux_ag,2,0.06464,0.05379,0.05872,0.04821,1410,1
ag,5120,10240,16,gpu,83,A_fused,0,0.17408,0.16486,0.16486,0.06904,1410,1
ag,5120,10240,16,gpu,84,c_cublas,3,0.08397,0.08397,0.08397,0.03647,1410,1
ag,5120,10240,16,gpu,84,c_fluxgemm,0,0.11981,0.11469,0.11469,0.03948,1410,1
ag,5120,10240,16,gpu,84,c_flux_ag,2,0.06253,0.05462,0.05949,0.04606,1410,1
ag,5120,10240,16,gpu,84,A_fused,1,0.17715,0.16589,0.16589,0.06951,1410,1
ag,5120,10240,16,gpu,85,c_cublas,3,0.08602,0.08397,0.08602,0.03627,1410,1
ag,5120,10240,16,gpu,85,c_fluxgemm,2,0.11776,0.11571,0.11776,0.03652,1410,1
ag,5120,10240,16,gpu,85,c_flux_ag,0,0.06730,0.05453,0.05629,0.05274,1410,1
ag,5120,10240,16,gpu,85,A_fused,1,0.16486,0.15770,0.15872,0.06626,1410,1
ag,5120,10240,16,gpu,86,c_cublas,3,0.08499,0.08294,0.08499,0.03629,1410,1
ag,5120,10240,16,gpu,86,c_fluxgemm,2,0.11776,0.11469,0.11469,0.03734,1410,1
ag,5120,10240,16,gpu,86,c_flux_ag,1,0.06733,0.05856,0.05856,0.04575,1410,1
ag,5120,10240,16,gpu,86,A_fused,0,0.17408,0.16179,0.16179,0.07372,1410,1
ag,5120,10240,16,gpu,87,c_cublas,1,0.08499,0.08294,0.08499,0.03623,1410,1
ag,5120,10240,16,gpu,87,c_fluxgemm,0,0.11674,0.11469,0.11469,0.04652,1410,1
ag,5120,10240,16,gpu,87,c_flux_ag,3,0.07184,0.05949,0.06806,0.04617,1410,1
ag,5120,10240,16,gpu,87,A_fused,2,0.17818,0.16998,0.17818,0.07356,1410,1
ag,5120,10240,16,gpu,88,c_cublas,1,0.08602,0.08397,0.08499,0.03655,1410,1
ag,5120,10240,16,gpu,88,c_fluxgemm,3,0.11674,0.11571,0.11571,0.03820,1410,1
ag,5120,10240,16,gpu,88,c_flux_ag,2,0.07738,0.06509,0.06598,0.05141,1410,1
ag,5120,10240,16,gpu,88,A_fused,0,0.16384,0.15872,0.16384,0.06953,1410,1
ag,5120,10240,16,gpu,89,c_cublas,1,0.08602,0.08294,0.08602,0.03670,1410,1
ag,5120,10240,16,gpu,89,c_fluxgemm,3,0.11674,0.11571,0.11571,0.03834,1410,1
ag,5120,10240,16,gpu,89,c_flux_ag,2,0.06490,0.06077,0.06490,0.05194,1410,1
ag,5120,10240,16,gpu,89,A_fused,0,0.16998,0.16179,0.16998,0.07179,1410,1
ag,5120,10240,16,gpu,90,c_cublas,3,0.08499,0.08294,0.08499,0.03717,1410,1
ag,5120,10240,16,gpu,90,c_fluxgemm,1,0.11571,0.11469,0.11469,0.04222,1410,1
ag,5120,10240,16,gpu,90,c_flux_ag,2,0.06506,0.06045,0.06467,0.04892,1410,1
ag,5120,10240,16,gpu,90,A_fused,0,0.16998,0.16282,0.16896,0.07111,1410,1
ag,5120,10240,16,gpu,91,c_cublas,0,0.08602,0.08294,0.08294,0.03305,1410,1
ag,5120,10240,16,gpu,91,c_fluxgemm,1,0.11776,0.11571,0.11571,0.03979,1410,1
ag,5120,10240,16,gpu,91,c_flux_ag,3,0.06618,0.05834,0.05834,0.04606,1410,1
ag,5120,10240,16,gpu,91,A_fused,2,0.16998,0.16691,0.16794,0.07177,1410,1
ag,5120,10240,16,gpu,92,c_cublas,0,0.08499,0.08294,0.08397,0.03712,1410,1
ag,5120,10240,16,gpu,92,c_fluxgemm,3,0.11674,0.11571,0.11571,0.03636,1410,1
ag,5120,10240,16,gpu,92,c_flux_ag,1,0.06045,0.05555,0.05555,0.05161,1410,1
ag,5120,10240,16,gpu,92,A_fused,2,0.16998,0.16589,0.16896,0.06898,1410,1
ag,5120,10240,16,gpu,93,c_cublas,0,0.08704,0.08499,0.08704,0.03687,1410,1
ag,5120,10240,16,gpu,93,c_fluxgemm,2,0.11878,0.11469,0.11571,0.04340,1410,1
ag,5120,10240,16,gpu,93,c_flux_ag,3,0.06461,0.05418,0.05418,0.04962,1410,1
ag,5120,10240,16,gpu,93,A_fused,1,0.18125,0.16691,0.16896,0.07347,1410,1
ag,5120,10240,16,gpu,94,c_cublas,2,0.08499,0.08397,0.08499,0.04119,1410,1
ag,5120,10240,16,gpu,94,c_fluxgemm,1,0.11878,0.11366,0.11469,0.03674,1410,1
ag,5120,10240,16,gpu,94,c_flux_ag,3,0.06822,0.05674,0.05674,0.05234,1410,1
ag,5120,10240,16,gpu,94,A_fused,0,0.18227,0.16282,0.18227,0.06909,1410,1
ag,5120,10240,16,gpu,95,c_cublas,1,0.08499,0.08294,0.08397,0.03690,1410,1
ag,5120,10240,16,gpu,95,c_fluxgemm,0,0.11674,0.11469,0.11571,0.03935,1410,1
ag,5120,10240,16,gpu,95,c_flux_ag,3,0.06589,0.05843,0.06589,0.04694,1410,1
ag,5120,10240,16,gpu,95,A_fused,2,0.17306,0.16691,0.17203,0.07192,1410,1
ag,5120,10240,16,gpu,96,c_cublas,3,0.08602,0.08192,0.08602,0.04332,1410,1
ag,5120,10240,16,gpu,96,c_fluxgemm,0,0.11674,0.11469,0.11469,0.03872,1410,1
ag,5120,10240,16,gpu,96,c_flux_ag,1,0.05856,0.05542,0.05638,0.04973,1410,1
ag,5120,10240,16,gpu,96,A_fused,2,0.16589,0.16282,0.16589,0.06619,1410,1
ag,5120,10240,16,gpu,97,c_cublas,1,0.08499,0.08294,0.08499,0.03620,1410,1
ag,5120,10240,16,gpu,97,c_fluxgemm,2,0.11674,0.11469,0.11469,0.03910,1410,1
ag,5120,10240,16,gpu,97,c_flux_ag,3,0.07072,0.06314,0.06314,0.05058,1410,1
ag,5120,10240,16,gpu,97,A_fused,0,0.17101,0.15770,0.16384,0.07268,1410,1
ag,5120,10240,16,gpu,98,c_cublas,3,0.08499,0.08294,0.08499,0.03635,1410,1
ag,5120,10240,16,gpu,98,c_fluxgemm,0,0.11776,0.11469,0.11776,0.03897,1410,1
ag,5120,10240,16,gpu,98,c_flux_ag,1,0.06995,0.06240,0.06442,0.05003,1410,1
ag,5120,10240,16,gpu,98,A_fused,2,0.16486,0.15872,0.16384,0.06691,1410,1
ag,5120,10240,16,gpu,99,c_cublas,2,0.08499,0.08192,0.08499,0.03731,1410,1
ag,5120,10240,16,gpu,99,c_fluxgemm,0,0.11674,0.11571,0.11571,0.03987,1410,1
ag,5120,10240,16,gpu,99,c_flux_ag,1,0.07594,0.06403,0.06403,0.05012,1410,1
ag,5120,10240,16,gpu,99,A_fused,3,0.18022,0.16589,0.17715,0.07248,1410,1
ag,5120,10240,16,gpu,100,c_cublas,2,0.08602,0.08397,0.08602,0.03663,1410,1
ag,5120,10240,16,gpu,100,c_fluxgemm,0,0.11571,0.11469,0.11571,0.03906,1410,1
ag,5120,10240,16,gpu,100,c_flux_ag,3,0.06096,0.05421,0.06096,0.05187,1410,1
ag,5120,10240,16,gpu,100,A_fused,1,0.16384,0.15872,0.16179,0.06947,1410,1
ag,5120,10240,16,gpu,101,c_cublas,3,0.08499,0.08397,0.08499,0.03688,1410,1
ag,5120,10240,16,gpu,101,c_fluxgemm,2,0.11981,0.11571,0.11674,0.03851,1410,1
ag,5120,10240,16,gpu,101,c_flux_ag,1,0.05962,0.05277,0.05517,0.04594,1410,1
ag,5120,10240,16,gpu,101,A_fused,0,0.17101,0.16896,0.17101,0.06977,1410,1
ag,5120,10240,16,gpu,102,c_cublas,2,0.08499,0.08294,0.08499,0.03774,1410,1
ag,5120,10240,16,gpu,102,c_fluxgemm,3,0.11571,0.11469,0.11571,0.03952,1410,1
ag,5120,10240,16,gpu,102,c_flux_ag,1,0.06051,0.05558,0.05869,0.04634,1410,1
ag,5120,10240,16,gpu,102,A_fused,0,0.16998,0.15770,0.16179,0.07425,1410,1
ag,5120,10240,16,gpu,103,c_cublas,1,0.08499,0.08294,0.08499,0.03693,1410,1
ag,5120,10240,16,gpu,103,c_fluxgemm,2,0.11674,0.11366,0.11366,0.03970,1410,1
ag,5120,10240,16,gpu,103,c_flux_ag,0,0.05914,0.05824,0.05914,0.05112,1410,1
ag,5120,10240,16,gpu,103,A_fused,3,0.17101,0.16179,0.17101,0.07009,1410,1
ag,5120,10240,16,gpu,104,c_cublas,3,0.08397,0.08192,0.08397,0.03786,1410,1
ag,5120,10240,16,gpu,104,c_fluxgemm,2,0.11981,0.11469,0.11571,0.03999,1410,1
ag,5120,10240,16,gpu,104,c_flux_ag,1,0.06006,0.05661,0.05760,0.04905,1410,1
ag,5120,10240,16,gpu,104,A_fused,0,0.16691,0.15770,0.16691,0.07009,1410,1
ag,5120,10240,16,gpu,105,c_cublas,3,0.08602,0.08397,0.08602,0.03722,1410,1
ag,5120,10240,16,gpu,105,c_fluxgemm,0,0.11776,0.11469,0.11776,0.03972,1410,1
ag,5120,10240,16,gpu,105,c_flux_ag,1,0.08102,0.07309,0.07309,0.05206,1410,1
ag,5120,10240,16,gpu,105,A_fused,2,0.17306,0.16384,0.16384,0.06829,1410,1
ag,5120,10240,16,gpu,106,c_cublas,2,0.08499,0.08192,0.08499,0.03679,1410,1
ag,5120,10240,16,gpu,106,c_fluxgemm,0,0.14438,0.11674,0.11776,0.04104,1410,1
ag,5120,10240,16,gpu,106,c_flux_ag,3,0.06275,0.05568,0.05763,0.05197,1410,1
ag,5120,10240,16,gpu,106,A_fused,1,0.18022,0.16794,0.16794,0.06961,1410,1
ag,5120,10240,16,gpu,107,c_cublas,1,0.08499,0.08294,0.08499,0.03674,1410,1
ag,5120,10240,16,gpu,107,c_fluxgemm,3,0.11981,0.11366,0.11366,0.03940,1410,1
ag,5120,10240,16,gpu,107,c_flux_ag,2,0.06358,0.05808,0.06355,0.05105,1410,1
ag,5120,10240,16,gpu,107,A_fused,0,0.16589,0.15667,0.15667,0.07159,1410,1
ag,5120,10240,16,gpu,108,c_cublas,1,0.08397,0.08294,0.08397,0.03672,1410,1
ag,5120,10240,16,gpu,108,c_fluxgemm,0,0.11674,0.11469,0.11571,0.03709,1410,1
ag,5120,10240,16,gpu,108,c_flux_ag,3,0.06093,0.05318,0.05936,0.04730,1410,1
ag,5120,10240,16,gpu,108,A_fused,2,0.16998,0.16077,0.16691,0.07470,1410,1
ag,5120,10240,16,gpu,109,c_cublas,1,0.08499,0.08294,0.08499,0.03700,1410,1
ag,5120,10240,16,gpu,109,c_fluxgemm,3,0.11878,0.11571,0.11571,0.03792,1410,1
ag,5120,10240,16,gpu,109,c_flux_ag,0,1.18509,0.07510,1.17238,0.04764,1410,1
ag,5120,10240,16,gpu,109,A_fused,2,0.16486,0.15974,0.16486,0.07203,1410,1
ag,5120,10240,16,gpu,110,c_cublas,3,0.08499,0.08294,0.08499,0.03736,1410,1
ag,5120,10240,16,gpu,110,c_fluxgemm,2,0.11981,0.11469,0.11469,0.03679,1410,1
ag,5120,10240,16,gpu,110,c_flux_ag,1,0.07286,0.06096,0.06096,0.04683,1410,1
ag,5120,10240,16,gpu,110,A_fused,0,0.17920,0.16384,0.16486,0.07151,1410,1
ag,5120,10240,16,gpu,111,c_cublas,1,0.08602,0.08294,0.08602,0.03651,1410,1
ag,5120,10240,16,gpu,111,c_fluxgemm,2,0.11674,0.11469,0.11674,0.04008,1410,1
ag,5120,10240,16,gpu,111,c_flux_ag,0,0.07363,0.06198,0.06198,0.05134,1410,1
ag,5120,10240,16,gpu,111,A_fused,3,0.17306,0.16384,0.16384,0.06906,1410,1
ag,5120,10240,16,gpu,112,c_cublas,0,0.08397,0.08294,0.08397,0.03738,1410,1
ag,5120,10240,16,gpu,112,c_fluxgemm,2,0.11674,0.11571,0.11571,0.03729,1410,1
ag,5120,10240,16,gpu,112,c_flux_ag,3,0.06371,0.05408,0.05408,0.04860,1410,1
ag,5120,10240,16,gpu,112,A_fused,1,0.17306,0.16282,0.17101,0.07236,1410,1
ag,5120,10240,16,gpu,113,c_cublas,3,0.08602,0.08397,0.08602,0.03727,1410,1
ag,5120,10240,16,gpu,113,c_fluxgemm,0,0.11674,0.11469,0.11674,0.04317,1410,1
ag,5120,10240,16,gpu,113,c_flux_ag,2,0.06474,0.05533,0.06474,0.04665,1410,1
ag,5120,10240,16,gpu,113,A_fused,1,0.17510,0.16282,0.16282,0.06984,1410,1
ag,5120,10240,16,gpu,114,c_cublas,1,0.08806,0.08499,0.08602,0.03694,1410,1
ag,5120,10240,16,gpu,114,c_fluxgemm,2,0.11674,0.11571,0.11674,0.04018,1410,1
ag,5120,10240,16,gpu,114,c_flux_ag,0,0.05949,0.05574,0.05949,0.05235,1410,1
ag,5120,10240,16,gpu,114,A_fused,3,0.16794,0.16486,0.16691,0.07002,1410,1
ag,5120,10240,16,gpu,115,c_cublas,3,0.08602,0.08294,0.08602,0.03725,1410,1
ag,5120,10240,16,gpu,115,c_fluxgemm,2,0.11571,0.11469,0.11571,0.03894,1410,1
ag,5120,10240,16,gpu,115,c_flux_ag,1,0.07898,0.06736,0.07827,0.04778,1410,1
ag,5120,10240,16,gpu,115,A_fused,0,0.16589,0.16077,0.16589,0.07643,1410,1
ag,5120,10240,16,gpu,116,c_cublas,2,0.08499,0.08294,0.08499,0.03661,1410,1
ag,5120,10240,16,gpu,116,c_fluxgemm,3,0.11981,0.11571,0.11571,0.03954,1410,1
ag,5120,10240,16,gpu,116,c_flux_ag,0,0.06093,0.05859,0.05859,0.05281,1410,1
ag,5120,10240,16,gpu,116,A_fused,1,0.17101,0.16077,0.16077,0.06969,1410,1
ag,5120,10240,16,gpu,117,c_cublas,1,0.08499,0.08397,0.08499,0.03712,1410,1
ag,5120,10240,16,gpu,117,c_fluxgemm,3,0.11674,0.11469,0.11469,0.03633,1410,1
ag,5120,10240,16,gpu,117,c_flux_ag,0,0.07344,0.06208,0.06208,0.05056,1410,1
ag,5120,10240,16,gpu,117,A_fused,2,0.17715,0.16589,0.17510,0.07306,1410,1
ag,5120,10240,16,gpu,118,c_cublas,1,0.08499,0.08294,0.08499,0.04360,1410,1
ag,5120,10240,16,gpu,118,c_fluxgemm,0,0.11674,0.11469,0.11674,0.03454,1410,1
ag,5120,10240,16,gpu,118,c_flux_ag,3,0.05907,0.05450,0.05450,0.04707,1410,1
ag,5120,10240,16,gpu,118,A_fused,2,0.17203,0.16691,0.17203,0.07257,1410,1
ag,5120,10240,16,gpu,119,c_cublas,0,0.08397,0.08294,0.08397,0.03679,1410,1
ag,5120,10240,16,gpu,119,c_fluxgemm,2,0.11674,0.11469,0.11674,0.03664,1410,1
ag,5120,10240,16,gpu,119,c_flux_ag,3,0.06467,0.05920,0.06467,0.04889,1410,1
ag,5120,10240,16,gpu,119,A_fused,1,0.16691,0.16077,0.16691,0.07938,1410,1
ag,5120,10240,16,gpu,120,c_cublas,3,0.08397,0.08294,0.08397,0.04128,1410,1
ag,5120,10240,16,gpu,120,c_fluxgemm,0,0.14643,0.11366,0.11469,0.04110,1410,1
ag,5120,10240,16,gpu,120,c_flux_ag,2,0.06470,0.05974,0.06470,0.04867,1410,1
ag,5120,10240,16,gpu,120,A_fused,1,0.18022,0.16384,0.16384,0.06903,1410,1
ag,5120,10240,16,gpu,121,c_cublas,2,0.08499,0.08294,0.08499,0.03606,1410,1
ag,5120,10240,16,gpu,121,c_fluxgemm,0,0.11776,0.11571,0.11674,0.04161,1410,1
ag,5120,10240,16,gpu,121,c_flux_ag,3,0.06301,0.05763,0.05766,0.05077,1410,1
ag,5120,10240,16,gpu,121,A_fused,1,0.17408,0.16179,0.16384,0.06975,1410,1
ag,5120,10240,16,gpu,122,c_cublas,0,0.08499,0.08294,0.08499,0.03625,1410,1
ag,5120,10240,16,gpu,122,c_fluxgemm,3,0.11571,0.11469,0.11469,0.03722,1410,1
ag,5120,10240,16,gpu,122,c_flux_ag,2,0.06765,0.06614,0.06765,0.04613,1410,1
ag,5120,10240,16,gpu,122,A_fused,1,0.16896,0.16589,0.16589,0.07370,1410,1
ag,5120,10240,16,gpu,123,c_cublas,0,0.08602,0.08294,0.08602,0.03727,1410,1
ag,5120,10240,16,gpu,123,c_fluxgemm,3,0.11571,0.11366,0.11571,0.03708,1410,1
ag,5120,10240,16,gpu,123,c_flux_ag,2,0.06422,0.05603,0.05933,0.05172,1410,1
ag,5120,10240,16,gpu,123,A_fused,1,0.16691,0.15770,0.15770,0.07542,1410,1
ag,5120,10240,16,gpu,124,c_cublas,1,0.08397,0.08294,0.08294,0.03683,1410,1
ag,5120,10240,16,gpu,124,c_fluxgemm,2,0.11571,0.11366,0.11571,0.03856,1410,1
ag,5120,10240,16,gpu,124,c_flux_ag,0,0.06038,0.05859,0.05859,0.04989,1410,1
ag,5120,10240,16,gpu,124,A_fused,3,0.16896,0.15667,0.16077,0.07109,1410,1
ag,5120,10240,16,gpu,125,c_cublas,1,0.08397,0.08294,0.08397,0.03740,1410,1
ag,5120,10240,16,gpu,125,c_fluxgemm,2,0.11674,0.11469,0.11571,0.03887,1410,1
ag,5120,10240,16,gpu,125,c_flux_ag,0,0.05968,0.05514,0.05514,0.04906,1410,1
ag,5120,10240,16,gpu,125,A_fused,3,0.17715,0.16384,0.17715,0.07047,1410,1
ag,5120,10240,16,gpu,126,c_cublas,0,0.08499,0.08294,0.08499,0.03692,1410,1
ag,5120,10240,16,gpu,126,c_fluxgemm,1,0.11571,0.11469,0.11469,0.03926,1410,1
ag,5120,10240,16,gpu,126,c_flux_ag,2,0.06234,0.05853,0.05853,0.05020,1410,1
ag,5120,10240,16,gpu,126,A_fused,3,0.17408,0.16077,0.17408,0.06560,1410,1
ag,5120,10240,16,gpu,127,c_cublas,3,0.08499,0.08294,0.08499,0.03653,1410,1
ag,5120,10240,16,gpu,127,c_fluxgemm,2,0.11571,0.11469,0.11469,0.03675,1410,1
ag,5120,10240,16,gpu,127,c_flux_ag,1,0.05952,0.05286,0.05952,0.04562,1410,1
ag,5120,10240,16,gpu,127,A_fused,0,0.16486,0.15974,0.15974,0.06792,1410,1
ag,5120,10240,16,gpu,128,c_cublas,3,0.08499,0.08294,0.08499,0.03677,1410,1
ag,5120,10240,16,gpu,128,c_fluxgemm,1,0.11674,0.11571,0.11571,0.03660,1410,1
ag,5120,10240,16,gpu,128,c_flux_ag,2,0.07030,0.06374,0.06512,0.04732,1410,1
ag,5120,10240,16,gpu,128,A_fused,0,0.17408,0.16589,0.17408,0.07434,1410,1
ag,5120,10240,16,gpu,129,c_cublas,2,0.08499,0.08294,0.08397,0.03573,1410,1
ag,5120,10240,16,gpu,129,c_fluxgemm,0,0.11674,0.11571,0.11571,0.04030,1410,1
ag,5120,10240,16,gpu,129,c_flux_ag,3,0.06986,0.05846,0.06986,0.05085,1410,1
ag,5120,10240,16,gpu,129,A_fused,1,0.16282,0.16077,0.16282,0.07030,1410,1
ag,5120,10240,16,gpu,130,c_cublas,2,0.08397,0.08294,0.08397,0.03656,1410,1
ag,5120,10240,16,gpu,130,c_fluxgemm,1,0.11571,0.11469,0.11469,0.03624,1410,1
ag,5120,10240,16,gpu,130,c_flux_ag,3,0.06387,0.05654,0.05840,0.05143,1410,1
ag,5120,10240,16,gpu,130,A_fused,0,0.16179,0.15770,0.15770,0.07706,1410,1
ag,5120,10240,16,gpu,131,c_cublas,0,0.09626,0.08294,0.08397,0.22190,1410,1
ag,5120,10240,16,gpu,131,c_fluxgemm,2,0.11878,0.11571,0.11571,0.03625,1410,1
ag,5120,10240,16,gpu,131,c_flux_ag,3,0.06246,0.05798,0.06170,0.11363,1410,1
ag,5120,10240,16,gpu,131,A_fused,1,0.17818,0.17510,0.17818,0.07370,1410,1
ag,5120,10240,16,gpu,132,c_cublas,2,0.08704,0.08397,0.08704,0.03801,1410,1
ag,5120,10240,16,gpu,132,c_fluxgemm,0,0.11469,0.11469,0.11469,0.04690,1410,1
ag,5120,10240,16,gpu,132,c_flux_ag,3,0.06150,0.05424,0.06144,0.05111,1410,1
ag,5120,10240,16,gpu,132,A_fused,1,0.17510,0.16282,0.16282,0.07058,1410,1
ag,5120,10240,16,gpu,133,c_cublas,2,0.08602,0.08397,0.08602,0.03684,1410,1
ag,5120,10240,16,gpu,133,c_fluxgemm,3,0.12083,0.11571,0.11571,0.03980,1410,1
ag,5120,10240,16,gpu,133,c_flux_ag,1,0.06653,0.06077,0.06077,0.04673,1410,1
ag,5120,10240,16,gpu,133,A_fused,0,0.16384,0.15667,0.15667,0.07103,1410,1
ag,5120,10240,16,gpu,134,c_cublas,2,0.08602,0.08294,0.08499,0.03715,1410,1
ag,5120,10240,16,gpu,134,c_fluxgemm,3,0.11674,0.11469,0.11469,0.03924,1410,1
ag,5120,10240,16,gpu,134,c_flux_ag,1,0.06762,0.05837,0.06291,0.09590,1410,1
ag,5120,10240,16,gpu,134,A_fused,0,0.16179,0.15872,0.16077,0.07191,1410,1
ag,5120,10240,16,gpu,135,c_cublas,1,0.08499,0.08294,0.08397,0.03703,1410,1
ag,5120,10240,16,gpu,135,c_fluxgemm,2,0.11674,0.11571,0.11674,0.03920,1410,1
ag,5120,10240,16,gpu,135,c_flux_ag,3,0.06842,0.05926,0.06128,0.09605,1410,1
ag,5120,10240,16,gpu,135,A_fused,0,0.17101,0.15974,0.15974,0.07191,1410,1
ag,5120,10240,16,gpu,136,c_cublas,3,0.08499,0.08294,0.08499,0.03674,1410,1
ag,5120,10240,16,gpu,136,c_fluxgemm,1,0.11571,0.11366,0.11571,0.04404,1410,1
ag,5120,10240,16,gpu,136,c_flux_ag,0,0.06032,0.05334,0.05334,0.04760,1410,1
ag,5120,10240,16,gpu,136,A_fused,2,0.17408,0.16486,0.16486,0.07915,1410,1
ag,5120,10240,16,gpu,137,c_cublas,2,0.08499,0.08294,0.08499,0.04301,1410,1
ag,5120,10240,16,gpu,137,c_fluxgemm,0,0.11776,0.11674,0.11776,0.03966,1410,1
ag,5120,10240,16,gpu,137,c_flux_ag,3,0.07254,0.05955,0.05955,0.09759,1410,1
ag,5120,10240,16,gpu,137,A_fused,1,0.18022,0.16794,0.18022,0.07024,1410,1
ag,5120,10240,16,gpu,138,c_cublas,0,0.08499,0.08397,0.08499,0.03664,1410,1
ag,5120,10240,16,gpu,138,c_fluxgemm,2,0.11878,0.11571,0.11571,0.03924,1410,1
ag,5120,10240,16,gpu,138,c_flux_ag,1,0.06278,0.05613,0.06278,0.05161,1410,1
ag,5120,10240,16,gpu,138,A_fused,3,0.17613,0.16794,0.16896,0.06945,1410,1
ag,5120,10240,16,gpu,139,c_cublas,2,0.08397,0.08294,0.08397,0.03740,1410,1
ag,5120,10240,16,gpu,139,c_fluxgemm,3,0.11571,0.11264,0.11469,0.03967,1410,1
ag,5120,10240,16,gpu,139,c_flux_ag,0,0.06675,0.05773,0.05773,0.04930,1410,1
ag,5120,10240,16,gpu,139,A_fused,1,0.16691,0.16179,0.16179,0.06669,1410,1
ag,5120,10240,16,gpu,140,c_cublas,2,0.08499,0.08294,0.08397,0.03690,1410,1
ag,5120,10240,16,gpu,140,c_fluxgemm,1,0.11571,0.11366,0.11571,0.03746,1410,1
ag,5120,10240,16,gpu,140,c_flux_ag,0,0.06394,0.05478,0.05478,0.05155,1410,1
ag,5120,10240,16,gpu,140,A_fused,3,0.16896,0.16179,0.16282,0.08099,1410,1
ag,5120,10240,16,gpu,141,c_cublas,0,0.08602,0.08499,0.08602,0.03673,1410,1
ag,5120,10240,16,gpu,141,c_fluxgemm,3,0.11776,0.11571,0.11571,0.03733,1410,1
ag,5120,10240,16,gpu,141,c_flux_ag,2,0.07107,0.05296,0.05955,0.04695,1410,1
ag,5120,10240,16,gpu,141,A_fused,1,0.16896,0.16282,0.16282,0.07153,1410,1
ag,5120,10240,16,gpu,142,c_cublas,2,0.08499,0.08294,0.08294,0.03827,1410,1
ag,5120,10240,16,gpu,142,c_fluxgemm,3,0.11571,0.11366,0.11469,0.03896,1410,1
ag,5120,10240,16,gpu,142,c_flux_ag,1,0.06170,0.05613,0.05613,0.04528,1410,1
ag,5120,10240,16,gpu,142,A_fused,0,0.16691,0.15770,0.16282,0.07106,1410,1
ag,5120,10240,16,gpu,143,c_cublas,1,0.08499,0.08294,0.08499,0.21872,1410,1
ag,5120,10240,16,gpu,143,c_fluxgemm,0,0.11571,0.11469,0.11571,0.03928,1410,1
ag,5120,10240,16,gpu,143,c_flux_ag,3,0.07139,0.05907,0.05907,0.04626,1410,1
ag,5120,10240,16,gpu,143,A_fused,2,0.18330,0.16691,0.16691,0.07487,1410,1
ag,5120,10240,16,gpu,144,c_cublas,3,0.08499,0.08294,0.08499,0.03715,1410,1
ag,5120,10240,16,gpu,144,c_fluxgemm,1,0.11571,0.11571,0.11571,0.03642,1410,1
ag,5120,10240,16,gpu,144,c_flux_ag,2,0.07421,0.06512,0.07421,0.04940,1410,1
ag,5120,10240,16,gpu,144,A_fused,0,0.16589,0.15872,0.16486,0.07060,1410,1
ag,5120,10240,16,gpu,145,c_cublas,3,0.08499,0.08397,0.08397,0.03663,1410,1
ag,5120,10240,16,gpu,145,c_fluxgemm,1,0.11776,0.11366,0.11469,0.03870,1410,1
ag,5120,10240,16,gpu,145,c_flux_ag,0,0.06285,0.05754,0.06032,0.05094,1410,1
ag,5120,10240,16,gpu,145,A_fused,2,0.16589,0.16179,0.16589,0.06841,1410,1
ag,5120,10240,16,gpu,146,c_cublas,3,0.08499,0.08192,0.08499,0.03658,1410,1
ag,5120,10240,16,gpu,146,c_fluxgemm,2,0.11776,0.11366,0.11366,0.03735,1410,1
ag,5120,10240,16,gpu,146,c_flux_ag,0,0.07280,0.05568,0.05568,0.05173,1410,1
ag,5120,10240,16,gpu,146,A_fused,1,0.16486,0.15667,0.16384,0.06689,1410,1
ag,5120,10240,16,gpu,147,c_cublas,1,0.08397,0.08294,0.08397,0.03661,1410,1
ag,5120,10240,16,gpu,147,c_fluxgemm,0,0.11878,0.11571,0.11571,0.03933,1410,1
ag,5120,10240,16,gpu,147,c_flux_ag,3,0.06125,0.05741,0.05741,0.04612,1410,1
ag,5120,10240,16,gpu,147,A_fused,2,0.17613,0.16691,0.16691,0.07265,1410,1
ag,5120,10240,16,gpu,148,c_cublas,2,0.08499,0.08294,0.08499,0.03664,1410,1
ag,5120,10240,16,gpu,148,c_fluxgemm,1,0.11776,0.11366,0.11469,0.03737,1410,1
ag,5120,10240,16,gpu,148,c_flux_ag,0,0.06054,0.05574,0.05750,0.04731,1410,1
ag,5120,10240,16,gpu,148,A_fused,3,0.16691,0.16077,0.16282,0.07282,1410,1
ag,5120,10240,16,gpu,149,c_cublas,3,0.08602,0.08499,0.08602,0.03693,1410,1
ag,5120,10240,16,gpu,149,c_fluxgemm,1,0.11878,0.11469,0.11571,0.03835,1410,1
ag,5120,10240,16,gpu,149,c_flux_ag,0,0.07504,0.06304,0.06304,0.04986,1410,1
ag,5120,10240,16,gpu,149,A_fused,2,0.16794,0.15872,0.16794,0.06829,1410,1
ag,5120,10240,16,gpu,150,c_cublas,3,0.08397,0.08294,0.08397,0.05949,1410,1
ag,5120,10240,16,gpu,150,c_fluxgemm,1,0.11878,0.11469,0.11469,0.03694,1410,1
ag,5120,10240,16,gpu,150,c_flux_ag,2,0.06883,0.06266,0.06266,0.04908,1410,1
ag,5120,10240,16,gpu,150,A_fused,0,0.17306,0.16691,0.17306,0.07301,1410,1
ag,5120,10240,16,gpu,151,c_cublas,1,0.08499,0.08192,0.08499,0.03626,1410,1
ag,5120,10240,16,gpu,151,c_fluxgemm,0,0.11571,0.11366,0.11571,0.03961,1410,1
ag,5120,10240,16,gpu,151,c_flux_ag,2,0.06630,0.06218,0.06630,0.05233,1410,1
ag,5120,10240,16,gpu,151,A_fused,3,0.16486,0.16179,0.16486,0.06876,1410,1
ag,5120,10240,16,gpu,152,c_cublas,1,0.08397,0.08294,0.08397,0.03720,1410,1
ag,5120,10240,16,gpu,152,c_fluxgemm,2,0.11571,0.11469,0.11469,0.03916,1410,1
ag,5120,10240,16,gpu,152,c_flux_ag,0,0.06048,0.05472,0.05472,0.04828,1410,1
ag,5120,10240,16,gpu,152,A_fused,3,0.16384,0.15872,0.16179,0.07069,1410,1
ag,5120,10240,16,gpu,153,c_cublas,0,0.08602,0.08397,0.08602,0.04212,1410,1
ag,5120,10240,16,gpu,153,c_fluxgemm,1,0.11674,0.11571,0.11571,0.04003,1410,1
ag,5120,10240,16,gpu,153,c_flux_ag,2,0.06749,0.05917,0.06714,0.05004,1410,1
ag,5120,10240,16,gpu,153,A_fused,3,0.16589,0.15872,0.15872,0.06767,1410,1
ag,5120,10240,16,gpu,154,c_cublas,2,0.08602,0.08499,0.08602,0.03844,1410,1
ag,5120,10240,16,gpu,154,c_fluxgemm,0,0.11674,0.11571,0.11571,0.03751,1410,1
ag,5120,10240,16,gpu,154,c_flux_ag,1,0.06150,0.05782,0.05850,0.05138,1410,1
ag,5120,10240,16,gpu,154,A_fused,3,0.18022,0.16486,0.17818,0.07242,1410,1
ag,5120,10240,16,gpu,155,c_cublas,2,0.08499,0.08294,0.08499,0.03684,1410,1
ag,5120,10240,16,gpu,155,c_fluxgemm,0,0.11571,0.11469,0.11469,0.03890,1410,1
ag,5120,10240,16,gpu,155,c_flux_ag,3,0.07034,0.05926,0.05926,0.05244,1410,1
ag,5120,10240,16,gpu,155,A_fused,1,0.16896,0.15974,0.16282,0.07039,1410,1
ag,5120,10240,16,gpu,156,c_cublas,2,0.08499,0.08397,0.08499,0.03655,1410,1
ag,5120,10240,16,gpu,156,c_fluxgemm,0,0.11571,0.11571,0.11571,0.03903,1410,1
ag,5120,10240,16,gpu,156,c_flux_ag,3,0.05859,0.05434,0.05434,0.05009,1410,1
ag,5120,10240,16,gpu,156,A_fused,1,0.17101,0.16486,0.16486,0.07736,1410,1
ag,5120,10240,16,gpu,157,c_cublas,3,0.08602,0.08397,0.08499,0.03645,1410,1
ag,5120,10240,16,gpu,157,c_fluxgemm,2,0.11674,0.11469,0.11571,0.03700,1410,1
ag,5120,10240,16,gpu,157,c_flux_ag,0,0.14618,0.07142,0.14493,0.04731,1410,1
ag,5120,10240,16,gpu,157,A_fused,1,0.16384,0.15565,0.15872,0.06744,1410,1
ag,5120,10240,16,gpu,158,c_cublas,0,0.08499,0.08397,0.08397,0.03269,1410,1
ag,5120,10240,16,gpu,158,c_fluxgemm,3,0.11776,0.11469,0.11571,0.03640,1410,1
ag,5120,10240,16,gpu,158,c_flux_ag,1,0.05926,0.05328,0.05498,0.05425,1410,1
ag,5120,10240,16,gpu,158,A_fused,2,0.16077,0.15565,0.15667,0.07013,1410,1
ag,5120,10240,16,gpu,159,c_cublas,1,0.08499,0.08192,0.08499,0.03707,1410,1
ag,5120,10240,16,gpu,159,c_fluxgemm,2,0.11571,0.11469,0.11469,0.04564,1410,1
ag,5120,10240,16,gpu,159,c_flux_ag,0,0.06461,0.05632,0.05632,0.05017,1410,1
ag,5120,10240,16,gpu,159,A_fused,3,0.16179,0.15974,0.16179,0.07053,1410,1
ag,5120,10240,16,gpu,160,c_cublas,0,0.11366,0.08397,0.08397,0.03788,1410,1
ag,5120,10240,16,gpu,160,c_fluxgemm,3,0.11674,0.11571,0.11571,0.03562,1410,1
ag,5120,10240,16,gpu,160,c_flux_ag,1,0.07805,0.06499,0.07805,0.05143,1410,1
ag,5120,10240,16,gpu,160,A_fused,2,0.17408,0.16179,0.16179,0.07870,1410,1
ag,5120,10240,16,gpu,161,c_cublas,2,0.08499,0.08192,0.08397,0.03782,1410,1
ag,5120,10240,16,gpu,161,c_fluxgemm,1,0.11571,0.11366,0.11366,0.03479,1410,1
ag,5120,10240,16,gpu,161,c_flux_ag,3,0.06106,0.05933,0.05981,0.05304,1410,1
ag,5120,10240,16,gpu,161,A_fused,0,0.16998,0.16486,0.16486,0.07154,1410,1
ag,5120,10240,16,gpu,162,c_cublas,0,0.08499,0.08192,0.08499,0.03652,1410,1
ag,5120,10240,16,gpu,162,c_fluxgemm,1,0.11674,0.11469,0.11469,0.03934,1410,1
ag,5120,10240,16,gpu,162,c_flux_ag,3,0.06374,0.05232,0.05232,0.04666,1410,1
ag,5120,10240,16,gpu,162,A_fused,2,0.18432,0.16384,0.16384,0.07840,1410,1
ag,5120,10240,16,gpu,163,c_cublas,3,0.08499,0.08294,0.08397,0.03693,1410,1
ag,5120,10240,16,gpu,163,c_fluxgemm,0,0.11674,0.11469,0.11469,0.03973,1410,1
ag,5120,10240,16,gpu,163,c_flux_ag,1,0.06602,0.05776,0.06038,0.05008,1410,1
ag,5120,10240,16,gpu,163,A_fused,2,0.16384,0.15872,0.16384,0.06822,1410,1
ag,5120,10240,16,gpu,164,c_cublas,0,0.08499,0.08294,0.08499,0.03369,1410,1
ag,5120,10240,16,gpu,164,c_fluxgemm,1,0.11776,0.11571,0.11776,0.04049,1410,1
ag,5120,10240,16,gpu,164,c_flux_ag,3,0.06819,0.06150,0.06240,0.04834,1410,1
ag,5120,10240,16,gpu,164,A_fused,2,0.17510,0.17101,0.17510,0.07164,1410,1
ag,5120,10240,16,gpu,165,c_cublas,1,0.08499,0.08294,0.08499,0.03653,1410,1
ag,5120,10240,16,gpu,165,c_fluxgemm,3,0.11674,0.11469,0.11469,0.04573,1410,1
ag,5120,10240,16,gpu,165,c_flux_ag,2,0.06509,0.05606,0.06509,0.05139,1410,1
ag,5120,10240,16,gpu,165,A_fused,0,0.16384,0.15667,0.16282,0.06975,1410,1
ag,5120,10240,16,gpu,166,c_cublas,0,0.08602,0.08192,0.08397,0.03684,1410,1
ag,5120,10240,16,gpu,166,c_fluxgemm,3,0.11469,0.11366,0.11469,0.04123,1410,1
ag,5120,10240,16,gpu,166,c_flux_ag,1,0.07923,0.06499,0.07923,0.05175,1410,1
ag,5120,10240,16,gpu,166,A_fused,2,0.16589,0.16384,0.16486,0.06884,1410,1
ag,5120,10240,16,gpu,167,c_cublas,1,0.08499,0.08294,0.08499,0.03787,1410,1
ag,5120,10240,16,gpu,167,c_fluxgemm,3,0.11674,0.11469,0.11469,0.03627,1410,1
ag,5120,10240,16,gpu,167,c_flux_ag,0,0.06384,0.05798,0.06384,0.05008,1410,1
ag,5120,10240,16,gpu,167,A_fused,2,0.16691,0.16179,0.16691,0.07336,1410,1
ag,5120,10240,16,gpu,168,c_cublas,2,0.08499,0.08294,0.08499,0.03650,1410,1
ag,5120,10240,16,gpu,168,c_fluxgemm,3,0.11878,0.11674,0.11674,0.03878,1410,1
ag,5120,10240,16,gpu,168,c_flux_ag,0,0.07270,0.06262,0.07270,0.05188,1410,1
ag,5120,10240,16,gpu,168,A_fused,1,0.17818,0.16384,0.16384,0.07086,1410,1
ag,5120,10240,16,gpu,169,c_cublas,1,0.08397,0.08294,0.08397,0.03653,1410,1
ag,5120,10240,16,gpu,169,c_fluxgemm,2,0.11674,0.11571,0.11571,0.03854,1410,1
ag,5120,10240,16,gpu,169,c_flux_ag,0,0.05962,0.05770,0.05939,0.05077,1410,1
ag,5120,10240,16,gpu,169,A_fused,3,0.16691,0.16282,0.16282,0.07008,1410,1
ag,5120,10240,16,gpu,170,c_cublas,0,0.08499,0.08397,0.08499,0.03712,1410,1
ag,5120,10240,16,gpu,170,c_fluxgemm,1,0.11674,0.11469,0.11469,0.03932,1410,1
ag,5120,10240,16,gpu,170,c_flux_ag,2,0.07027,0.06198,0.06739,0.05177,1410,1
ag,5120,10240,16,gpu,170,A_fused,3,0.16896,0.15872,0.15872,0.06617,1410,1
ag,5120,10240,16,gpu,171,c_cublas,3,0.08397,0.08397,0.08397,0.03710,1410,1
ag,5120,10240,16,gpu,171,c_fluxgemm,2,0.11571,0.11469,0.11571,0.03721,1410,1
ag,5120,10240,16,gpu,171,c_flux_ag,1,0.07606,0.05978,0.06291,0.04590,1410,1
ag,5120,10240,16,gpu,171,A_fused,0,1.07930,0.18022,1.06496,0.06967,1410,1
ag,5120,10240,16,gpu,172,c_cublas,3,0.08397,0.08294,0.08397,0.03618,1410,1
ag,5120,10240,16,gpu,172,c_fluxgemm,1,0.11571,0.11469,0.11571,0.03870,1410,1
ag,5120,10240,16,gpu,172,c_flux_ag,0,0.07142,0.05901,0.07078,0.05201,1410,1
ag,5120,10240,16,gpu,172,A_fused,2,0.17101,0.16077,0.16589,0.06890,1410,1
ag,5120,10240,16,gpu,173,c_cublas,0,0.08602,0.08294,0.08602,0.03299,1410,1
ag,5120,10240,16,gpu,173,c_fluxgemm,1,0.12083,0.11571,0.11571,0.03997,1410,1
ag,5120,10240,16,gpu,173,c_flux_ag,2,0.06778,0.05990,0.06621,0.05115,1410,1
ag,5120,10240,16,gpu,173,A_fused,3,0.17408,0.16179,0.17408,0.06693,1410,1
ag,5120,10240,16,gpu,174,c_cublas,1,0.08499,0.08192,0.08499,0.03634,1410,1
ag,5120,10240,16,gpu,174,c_fluxgemm,0,0.11674,0.11571,0.11571,0.03852,1410,1
ag,5120,10240,16,gpu,174,c_flux_ag,3,0.06083,0.05606,0.06083,0.04792,1410,1
ag,5120,10240,16,gpu,174,A_fused,2,0.17101,0.16691,0.16691,0.07249,1410,1
ag,5120,10240,16,gpu,175,c_cublas,1,0.08499,0.08397,0.08499,0.03655,1410,1
ag,5120,10240,16,gpu,175,c_fluxgemm,0,0.11674,0.11469,0.11674,0.04213,1410,1
ag,5120,10240,16,gpu,175,c_flux_ag,2,0.07101,0.06234,0.06768,0.05166,1410,1
ag,5120,10240,16,gpu,175,A_fused,3,0.16077,0.15872,0.15974,0.06805,1410,1
ag,5120,10240,16,gpu,176,c_cublas,1,0.08397,0.08192,0.08397,0.03622,1410,1
ag,5120,10240,16,gpu,176,c_fluxgemm,0,0.11878,0.11469,0.11469,0.03703,1410,1
ag,5120,10240,16,gpu,176,c_flux_ag,3,0.07386,0.06416,0.06797,0.04569,1410,1
ag,5120,10240,16,gpu,176,A_fused,2,0.16794,0.16282,0.16794,0.07216,1410,1
ag,5120,10240,16,gpu,177,c_cublas,0,0.08602,0.08397,0.08602,0.03722,1410,1
ag,5120,10240,16,gpu,177,c_fluxgemm,2,0.11571,0.11366,0.11366,0.03641,1410,1
ag,5120,10240,16,gpu,177,c_flux_ag,3,0.07053,0.05645,0.06016,0.04870,1410,1
ag,5120,10240,16,gpu,177,A_fused,1,0.17408,0.16179,0.17408,0.07214,1410,1
ag,5120,10240,16,gpu,178,c_cublas,0,0.08397,0.08294,0.08294,0.03704,1410,1
ag,5120,10240,16,gpu,178,c_fluxgemm,1,0.11674,0.11469,0.11571,0.04685,1410,1
ag,5120,10240,16,gpu,178,c_flux_ag,3,0.06394,0.05789,0.05965,0.04606,1410,1
ag,5120,10240,16,gpu,178,A_fused,2,0.17715,0.16589,0.17715,0.07327,1410,1
ag,5120,10240,16,gpu,179,c_cublas,0,0.08397,0.08294,0.08397,0.03702,1410,1
ag,5120,10240,16,gpu,179,c_fluxgemm,1,0.11674,0.11469,0.11571,0.03948,1410,1
ag,5120,10240,16,gpu,179,c_flux_ag,3,0.07600,0.06358,0.06960,0.04733,1410,1
ag,5120,10240,16,gpu,179,A_fused,2,0.17203,0.16384,0.17203,0.07045,1410,1
ag,5120,10240,16,gpu,180,c_cublas,3,0.08397,0.08294,0.08397,0.03717,1410,1
ag,5120,10240,16,gpu,180,c_fluxgemm,0,0.11674,0.11366,0.11469,0.03771,1410,1
ag,5120,10240,16,gpu,180,c_flux_ag,2,0.05971,0.05347,0.05347,0.04831,1410,1
ag,5120,10240,16,gpu,180,A_fused,1,0.16384,0.15872,0.15872,0.06997,1410,1
ag,5120,10240,16,gpu,181,c_cublas,2,0.08499,0.08294,0.08499,0.04162,1410,1
ag,5120,10240,16,gpu,181,c_fluxgemm,0,0.11981,0.11571,0.11674,0.03995,1410,1
ag,5120,10240,16,gpu,181,c_flux_ag,3,0.06064,0.05494,0.06064,0.05170,1410,1
ag,5120,10240,16,gpu,181,A_fused,1,0.17203,0.16077,0.16077,0.07086,1410,1
ag,5120,10240,16,gpu,182,c_cublas,2,0.08499,0.08294,0.08499,0.04481,1410,1
ag,5120,10240,16,gpu,182,c_fluxgemm,3,0.11571,0.11366,0.11571,0.03962,1410,1
ag,5120,10240,16,gpu,182,c_flux_ag,1,0.07440,0.06221,0.06221,0.05115,1410,1
ag,5120,10240,16,gpu,182,A_fused,0,0.16691,0.15974,0.16384,0.07089,1410,1
ag,5120,10240,16,gpu,183,c_cublas,1,0.08499,0.08294,0.08499,0.03573,1410,1
ag,5120,10240,16,gpu,183,c_fluxgemm,2,0.11674,0.11571,0.11571,0.03807,1410,1
ag,5120,10240,16,gpu,183,c_flux_ag,3,0.07146,0.06358,0.06358,0.05105,1410,1
ag,5120,10240,16,gpu,183,A_fused,0,0.16486,0.15872,0.16077,0.07129,1410,1
ag,5120,10240,16,gpu,184,c_cublas,1,0.08602,0.08397,0.08602,0.03663,1410,1
ag,5120,10240,16,gpu,184,c_fluxgemm,3,0.11981,0.11571,0.11674,0.04353,1410,1
ag,5120,10240,16,gpu,184,c_flux_ag,2,0.06726,0.06230,0.06230,0.05209,1410,1
ag,5120,10240,16,gpu,184,A_fused,0,0.17408,0.15974,0.17408,0.07162,1410,1
ag,5120,10240,16,gpu,185,c_cublas,0,0.08602,0.08294,0.08602,0.03776,1410,1
ag,5120,10240,16,gpu,185,c_fluxgemm,1,0.11776,0.11469,0.11469,0.03957,1410,1
ag,5120,10240,16,gpu,185,c_flux_ag,2,0.06867,0.06646,0.06800,0.05695,1410,1
ag,5120,10240,16,gpu,185,A_fused,3,0.17715,0.16179,0.16179,0.07523,1410,1
ag,5120,10240,16,gpu,186,c_cublas,0,0.08499,0.08192,0.08499,0.03702,1410,1
ag,5120,10240,16,gpu,186,c_fluxgemm,2,0.11674,0.11571,0.11571,0.03643,1410,1
ag,5120,10240,16,gpu,186,c_flux_ag,3,0.06778,0.06160,0.06160,0.05771,1410,1
ag,5120,10240,16,gpu,186,A_fused,1,0.17715,0.16384,0.16794,0.07316,1410,1
ag,5120,10240,16,gpu,187,c_cublas,3,0.08397,0.08294,0.08397,0.03708,1410,1
ag,5120,10240,16,gpu,187,c_fluxgemm,0,0.11776,0.11366,0.11469,0.03950,1410,1
ag,5120,10240,16,gpu,187,c_flux_ag,1,0.06646,0.05952,0.06029,0.05004,1410,1
ag,5120,10240,16,gpu,187,A_fused,2,0.16794,0.16384,0.16691,0.06710,1410,1
ag,5120,10240,16,gpu,188,c_cublas,1,0.08397,0.08397,0.08397,0.11988,1410,1
ag,5120,10240,16,gpu,188,c_fluxgemm,2,0.11674,0.11366,0.11469,0.03961,1410,1
ag,5120,10240,16,gpu,188,c_flux_ag,0,0.07523,0.05824,0.06371,0.05269,1410,1
ag,5120,10240,16,gpu,188,A_fused,3,0.16896,0.15770,0.16077,0.07092,1410,1
ag,5120,10240,16,gpu,189,c_cublas,3,0.08499,0.08397,0.08499,0.03676,1410,1
ag,5120,10240,16,gpu,189,c_fluxgemm,0,0.11776,0.11571,0.11776,0.03751,1410,1
ag,5120,10240,16,gpu,189,c_flux_ag,2,0.07062,0.05709,0.05818,0.04705,1410,1
ag,5120,10240,16,gpu,189,A_fused,1,0.17203,0.16384,0.16486,0.06779,1410,1
ag,5120,10240,16,gpu,190,c_cublas,3,0.08499,0.08192,0.08499,0.03646,1410,1
ag,5120,10240,16,gpu,190,c_fluxgemm,2,0.11674,0.11571,0.11674,0.03649,1410,1
ag,5120,10240,16,gpu,190,c_flux_ag,0,0.06262,0.05728,0.06262,0.05199,1410,1
ag,5120,10240,16,gpu,190,A_fused,1,0.16077,0.15667,0.15974,0.06955,1410,1
ag,5120,10240,16,gpu,191,c_cublas,0,0.08397,0.08294,0.08397,0.03240,1410,1
ag,5120,10240,16,gpu,191,c_fluxgemm,1,0.11571,0.11469,0.11571,0.03983,1410,1
ag,5120,10240,16,gpu,191,c_flux_ag,3,0.07587,0.06323,0.07008,0.04849,1410,1
ag,5120,10240,16,gpu,191,A_fused,2,0.17408,0.16589,0.16589,0.06998,1410,1
ag,5120,10240,16,gpu,192,c_cublas,2,0.08602,0.08397,0.08499,0.03613,1410,1
ag,5120,10240,16,gpu,192,c_fluxgemm,0,0.11571,0.11366,0.11571,0.03836,1410,1
ag,5120,10240,16,gpu,192,c_flux_ag,3,0.06371,0.05846,0.06061,0.05147,1410,1
ag,5120,10240,16,gpu,192,A_fused,1,0.16896,0.16282,0.16486,0.06957,1410,1
ag,5120,10240,16,gpu,193,c_cublas,1,0.08397,0.08294,0.08397,0.03635,1410,1
ag,5120,10240,16,gpu,193,c_fluxgemm,3,0.11776,0.11571,0.11571,0.03851,1410,1
ag,5120,10240,16,gpu,193,c_flux_ag,2,0.07462,0.06435,0.06451,0.05212,1410,1
ag,5120,10240,16,gpu,193,A_fused,0,0.16896,0.15770,0.15770,0.07288,1410,1
ag,5120,10240,16,gpu,194,c_cublas,3,0.08397,0.08192,0.08397,0.03632,1410,1
ag,5120,10240,16,gpu,194,c_fluxgemm,1,0.11674,0.11571,0.11674,0.03751,1410,1
ag,5120,10240,16,gpu,194,c_flux_ag,0,0.07123,0.06256,0.06256,0.05087,1410,1
ag,5120,10240,16,gpu,194,A_fused,2,0.16384,0.16077,0.16384,0.07085,1410,1
ag,5120,10240,16,gpu,195,c_cublas,0,0.08602,0.08192,0.08499,0.03391,1410,1
ag,5120,10240,16,gpu,195,c_fluxgemm,2,0.11571,0.11366,0.11571,0.03875,1410,1
ag,5120,10240,16,gpu,195,c_flux_ag,1,0.07370,0.05901,0.07370,0.05271,1410,1
ag,5120,10240,16,gpu,195,A_fused,3,0.17408,0.16282,0.16282,0.06924,1410,1
ag,5120,10240,16,gpu,196,c_cublas,2,0.08499,0.08294,0.08499,0.03761,1410,1
ag,5120,10240,16,gpu,196,c_fluxgemm,3,0.11878,0.11571,0.11674,0.03989,1410,1
ag,5120,10240,16,gpu,196,c_flux_ag,1,0.06557,0.05738,0.05744,0.04598,1410,1
ag,5120,10240,16,gpu,196,A_fused,0,0.17203,0.16282,0.16282,0.07020,1410,1
ag,5120,10240,16,gpu,197,c_cublas,1,0.08499,0.08294,0.08499,0.03660,1410,1
ag,5120,10240,16,gpu,197,c_fluxgemm,2,0.11878,0.11469,0.11571,0.03981,1410,1
ag,5120,10240,16,gpu,197,c_flux_ag,3,0.07174,0.06102,0.06269,0.05036,1410,1
ag,5120,10240,16,gpu,197,A_fused,0,0.16998,0.16179,0.16179,0.07954,1410,1
ag,5120,10240,16,gpu,198,c_cublas,0,0.08499,0.08397,0.08397,0.03694,1410,1
ag,5120,10240,16,gpu,198,c_fluxgemm,1,0.11571,0.11469,0.11571,0.04331,1410,1
ag,5120,10240,16,gpu,198,c_flux_ag,2,0.06944,0.05907,0.06944,0.05101,1410,1
ag,5120,10240,16,gpu,198,A_fused,3,0.16486,0.15872,0.16486,0.06773,1410,1
ag,5120,10240,16,gpu,199,c_cublas,1,0.08499,0.08294,0.08499,0.03675,1410,1
ag,5120,10240,16,gpu,199,c_fluxgemm,3,0.11571,0.11469,0.11571,0.03870,1410,1
ag,5120,10240,16,gpu,199,c_flux_ag,2,0.06458,0.05520,0.05971,0.05253,1410,1
ag,5120,10240,16,gpu,199,A_fused,0,0.17613,0.16179,0.17613,0.06853,1410,1
ag,5120,10240,16,steady,0,c_cublas,2,0.06861,0.06797,0.06835,0.01747,0,1
ag,5120,10240,16,steady,0,c_fluxgemm,1,0.10554,0.10528,0.10528,0.01937,0,1
ag,5120,10240,16,steady,0,c_flux_ag,3,0.06074,0.06050,0.06074,0.03731,0,1
ag,5120,10240,16,steady,0,A_fused,0,0.16666,0.15450,0.15450,0.04794,0,1
ag,5120,10240,16,steady,1,c_cublas,0,0.07008,0.06957,0.07008,0.01301,0,1
ag,5120,10240,16,steady,1,c_fluxgemm,3,0.10560,0.10515,0.10528,0.01921,0,1
ag,5120,10240,16,steady,1,c_flux_ag,2,0.06016,0.05937,0.05937,0.03742,0,1
ag,5120,10240,16,steady,1,A_fused,1,0.15296,0.15270,0.15270,0.04733,0,1
ag,5120,10240,16,steady,2,c_cublas,3,0.06874,0.06810,0.06874,0.01357,0,1
ag,5120,10240,16,steady,2,c_fluxgemm,1,0.10541,0.10502,0.10502,0.01953,0,1
ag,5120,10240,16,steady,2,c_flux_ag,2,0.06279,0.06211,0.06226,0.03680,0,1
ag,5120,10240,16,steady,2,A_fused,0,0.15373,0.15328,0.15373,0.04659,0,1
ag,5120,10240,16,steady,3,c_cublas,3,0.06861,0.06829,0.06861,0.01291,0,1
ag,5120,10240,16,steady,3,c_fluxgemm,2,0.10618,0.10541,0.10547,0.01931,0,1
ag,5120,10240,16,steady,3,c_flux_ag,1,0.05913,0.05885,0.05913,0.03643,0,1
ag,5120,10240,16,steady,3,A_fused,0,0.15539,0.15469,0.15469,0.04697,0,1
ag,5120,10240,16,steady,4,c_cublas,2,0.06854,0.06810,0.06835,0.01280,0,1
ag,5120,10240,16,steady,4,c_fluxgemm,3,0.10573,0.10515,0.10528,0.01999,0,1
ag,5120,10240,16,steady,4,c_flux_ag,1,0.05908,0.05892,0.05908,0.03703,0,1
ag,5120,10240,16,steady,4,A_fused,0,0.15776,0.15686,0.15725,0.04612,0,1
ag,5120,10240,16,steady,5,c_cublas,0,0.07014,0.06874,0.07008,0.01287,0,1
ag,5120,10240,16,steady,5,c_fluxgemm,3,0.10547,0.10528,0.10528,0.01906,0,1
ag,5120,10240,16,steady,5,c_flux_ag,1,0.05940,0.05890,0.05890,0.03704,0,1
ag,5120,10240,16,steady,5,A_fused,2,0.15258,0.15251,0.15258,0.04599,0,1
ag,5120,10240,16,steady,6,c_cublas,2,0.06842,0.06803,0.06842,0.01298,0,1
ag,5120,10240,16,steady,6,c_fluxgemm,0,0.10694,0.10592,0.10643,0.01894,0,1
ag,5120,10240,16,steady,6,c_flux_ag,1,0.06151,0.06112,0.06112,0.03747,0,1
ag,5120,10240,16,steady,6,A_fused,3,0.15309,0.15283,0.15309,0.04649,0,1
ag,5120,10240,16,steady,7,c_cublas,0,0.07008,0.06944,0.07008,0.01325,0,1
ag,5120,10240,16,steady,7,c_fluxgemm,1,0.10579,0.10522,0.10522,0.01942,0,1
ag,5120,10240,16,steady,7,c_flux_ag,2,0.05876,0.05829,0.05837,0.03728,0,1
ag,5120,10240,16,steady,7,A_fused,3,0.15392,0.15366,0.15386,0.04608,0,1
ag,5120,10240,16,steady,8,c_cublas,0,0.07046,0.06944,0.07046,0.01289,0,1
ag,5120,10240,16,steady,8,c_fluxgemm,1,0.10592,0.10496,0.10496,0.01962,0,1
ag,5120,10240,16,steady,8,c_flux_ag,2,0.06003,0.05959,0.05959,0.03658,0,1
ag,5120,10240,16,steady,8,A_fused,3,0.15238,0.15226,0.15226,0.04589,0,1
ag,5120,10240,16,steady,9,c_cublas,0,0.07034,0.06970,0.07034,0.01291,0,1
ag,5120,10240,16,steady,9,c_fluxgemm,2,0.10605,0.10573,0.10579,0.01933,0,1
ag,5120,10240,16,steady,9,c_flux_ag,1,0.05601,0.05555,0.05555,0.03721,0,1
ag,5120,10240,16,steady,9,A_fused,3,0.15424,0.15411,0.15418,0.04666,0,1
ag,5120,10240,16,steady,10,c_cublas,2,0.06861,0.06810,0.06861,0.01284,0,1
ag,5120,10240,16,steady,10,c_fluxgemm,0,0.10739,0.10669,0.10669,0.01919,0,1
ag,5120,10240,16,steady,10,c_flux_ag,1,0.06116,0.06036,0.06062,0.03674,0,1
ag,5120,10240,16,steady,10,A_fused,3,0.15238,0.15194,0.15219,0.04594,0,1
ag,5120,10240,16,steady,11,c_cublas,2,0.06842,0.06797,0.06842,0.01276,0,1
ag,5120,10240,16,steady,11,c_fluxgemm,0,0.10739,0.10701,0.10714,0.01915,0,1
ag,5120,10240,16,steady,11,c_flux_ag,3,0.05891,0.05876,0.05880,0.03745,0,1
ag,5120,10240,16,steady,11,A_fused,1,0.15405,0.15386,0.15386,0.04571,0,1
ag,5120,10240,16,steady,12,c_cublas,1,0.06835,0.06810,0.06835,0.01287,0,1
ag,5120,10240,16,steady,12,c_fluxgemm,3,0.10566,0.10547,0.10554,0.01979,0,1
ag,5120,10240,16,steady,12,c_flux_ag,2,0.05914,0.05892,0.05895,0.03681,0,1
ag,5120,10240,16,steady,12,A_fused,0,0.15290,0.15270,0.15283,0.04654,0,1
ag,5120,10240,16,steady,13,c_cublas,3,0.06861,0.06816,0.06861,0.01294,0,1
ag,5120,10240,16,steady,13,c_fluxgemm,0,0.10746,0.10669,0.10701,0.01872,0,1
ag,5120,10240,16,steady,13,c_flux_ag,2,0.05898,0.05867,0.05884,0.03703,0,1
ag,5120,10240,16,steady,13,A_fused,1,0.15731,0.15699,0.15731,0.04611,0,1
ag,5120,10240,16,steady,14,c_cublas,0,0.07149,0.07117,0.07117,0.01245,0,1
ag,5120,10240,16,steady,14,c_fluxgemm,2,0.10579,0.10541,0.10541,0.01894,0,1
ag,5120,10240,16,steady,14,c_flux_ag,3,0.06122,0.06101,0.06120,0.03737,0,1
ag,5120,10240,16,steady,14,A_fused,1,0.15341,0.15302,0.15341,0.04667,0,1
ag,5120,10240,16,steady,15,c_cublas,2,0.06861,0.06810,0.06835,0.01356,1410,1
ag,5120,10240,16,steady,15,c_fluxgemm,0,0.10733,0.10707,0.10707,0.01960,1410,1
ag,5120,10240,16,steady,15,c_flux_ag,1,0.06004,0.05959,0.05959,0.03667,1410,1
ag,5120,10240,16,steady,15,A_fused,3,0.15142,0.15117,0.15136,0.04590,1410,1
ag,5120,10240,16,steady,16,c_cublas,0,0.07066,0.06957,0.07066,0.01299,1410,1
ag,5120,10240,16,steady,16,c_fluxgemm,3,0.10573,0.10541,0.10554,0.01914,1410,1
ag,5120,10240,16,steady,16,c_flux_ag,1,0.05795,0.05742,0.05743,0.03744,1410,1
ag,5120,10240,16,steady,16,A_fused,2,0.15373,0.15360,0.15360,0.04644,1410,1
ag,5120,10240,16,steady,17,c_cublas,3,0.06848,0.06816,0.06848,0.01406,1410,1
ag,5120,10240,16,steady,17,c_fluxgemm,2,0.10611,0.10560,0.10560,0.01895,1410,1
ag,5120,10240,16,steady,17,c_flux_ag,0,0.06432,0.06064,0.06432,0.03743,1410,1
ag,5120,10240,16,steady,17,A_fused,1,0.15270,0.15264,0.15264,0.04611,1410,1
ag,5120,10240,16,steady,18,c_cublas,1,0.06848,0.06797,0.06848,0.01282,1410,1
ag,5120,10240,16,steady,18,c_fluxgemm,0,0.10758,0.10733,0.10758,0.01940,1410,1
ag,5120,10240,16,steady,18,c_flux_ag,3,0.05956,0.05922,0.05922,0.03641,1410,1
ag,5120,10240,16,steady,18,A_fused,2,0.15712,0.15699,0.15699,0.04629,1410,1
ag,5120,10240,16,steady,19,c_cublas,0,0.06995,0.06957,0.06995,0.01283,1410,1
ag,5120,10240,16,steady,19,c_fluxgemm,1,0.10573,0.10502,0.10509,0.01932,1410,1
ag,5120,10240,16,steady,19,c_flux_ag,2,0.05899,0.05851,0.05851,0.03671,1410,1
ag,5120,10240,16,steady,19,A_fused,3,0.15302,0.15258,0.15270,0.04667,1410,1
ag,5120,10240,16,steady,20,c_cublas,3,0.06874,0.06810,0.06874,0.01351,1410,1
ag,5120,10240,16,steady,20,c_fluxgemm,2,0.10611,0.10566,0.10579,0.01921,1410,1
ag,5120,10240,16,steady,20,c_flux_ag,0,0.06103,0.05989,0.06103,0.03710,1410,1
ag,5120,10240,16,steady,20,A_fused,1,0.15437,0.15411,0.15424,0.04607,1410,1
ag,5120,10240,16,steady,21,c_cublas,1,0.06829,0.06803,0.06822,0.01294,1410,1
ag,5120,10240,16,steady,21,c_fluxgemm,2,0.10598,0.10579,0.10592,0.01950,1410,1
ag,5120,10240,16,steady,21,c_flux_ag,0,0.05910,0.05859,0.05867,0.03756,1410,1
ag,5120,10240,16,steady,21,A_fused,3,0.15674,0.15661,0.15674,0.04643,1410,1
ag,5120,10240,16,steady,22,c_cublas,1,0.06822,0.06803,0.06822,0.01292,1410,1
ag,5120,10240,16,steady,22,c_fluxgemm,0,0.10765,0.10694,0.10714,0.01929,1410,1
ag,5120,10240,16,steady,22,c_flux_ag,3,0.05952,0.05914,0.05939,0.03707,1410,1
ag,5120,10240,16,steady,22,A_fused,2,0.15430,0.15392,0.15430,0.04616,1410,1
ag,5120,10240,16,steady,23,c_cublas,0,0.07002,0.06931,0.07002,0.01294,1410,1
ag,5120,10240,16,steady,23,c_fluxgemm,1,0.10541,0.10502,0.10502,0.01937,1410,1
ag,5120,10240,16,steady,23,c_flux_ag,2,0.06266,0.06212,0.06266,0.03729,1410,1
ag,5120,10240,16,steady,23,A_fused,3,0.15270,0.15251,0.15270,0.04591,1410,1
ag,5120,10240,16,steady,24,c_cublas,3,0.06835,0.06810,0.06835,0.01301,1410,1
ag,5120,10240,16,steady,24,c_fluxgemm,2,0.10618,0.10579,0.10579,0.01967,1410,1
ag,5120,10240,16,steady,24,c_flux_ag,1,0.05895,0.05857,0.05884,0.03656,1410,1
ag,5120,10240,16,steady,24,A_fused,0,0.15411,0.15277,0.15366,0.04681,1410,1
ag,5120,10240,16,steady,25,c_cublas,0,0.07149,0.07104,0.07149,0.01280,1410,1
ag,5120,10240,16,steady,25,c_fluxgemm,1,0.10547,0.10490,0.10522,0.01966,1410,1
ag,5120,10240,16,steady,25,c_flux_ag,3,0.05799,0.05778,0.05787,0.03706,1410,1
ag,5120,10240,16,steady,25,A_fused,2,0.15507,0.15456,0.15475,0.04687,1410,1
ag,5120,10240,16,steady,26,c_cublas,3,0.06848,0.06816,0.06848,0.01296,1410,1
ag,5120,10240,16,steady,26,c_fluxgemm,2,0.10592,0.10554,0.10592,0.01924,1410,1
ag,5120,10240,16,steady,26,c_flux_ag,1,0.05882,0.05843,0.05882,0.03639,1410,1
ag,5120,10240,16,steady,26,A_fused,0,0.15450,0.15405,0.15450,0.04618,1410,1
ag,5120,10240,16,steady,27,c_cublas,3,0.06842,0.06810,0.06842,0.01295,1410,1
ag,5120,10240,16,steady,27,c_fluxgemm,2,0.10618,0.10573,0.10592,0.01950,1410,1
ag,5120,10240,16,steady,27,c_flux_ag,1,0.05897,0.05861,0.05896,0.03695,1410,1
ag,5120,10240,16,steady,27,A_fused,0,0.15571,0.15546,0.15552,0.04624,1410,1
ag,5120,10240,16,steady,28,c_cublas,1,0.06861,0.06790,0.06861,0.02678,1410,1
ag,5120,10240,16,steady,28,c_fluxgemm,0,0.10758,0.10739,0.10746,0.01984,1410,1
ag,5120,10240,16,steady,28,c_flux_ag,3,0.05896,0.05847,0.05893,0.03742,1410,1
ag,5120,10240,16,steady,28,A_fused,2,0.15578,0.15546,0.15558,0.04675,1410,1
ag,5120,10240,16,steady,29,c_cublas,0,0.07053,0.06925,0.07053,0.01305,1410,1
ag,5120,10240,16,steady,29,c_fluxgemm,2,0.10618,0.10579,0.10598,0.01970,1410,1
ag,5120,10240,16,steady,29,c_flux_ag,1,0.05695,0.05676,0.05686,0.03748,1410,1
ag,5120,10240,16,steady,29,A_fused,3,0.15302,0.15277,0.15283,0.04651,1410,1
ag,5120,10240,16,steady,30,c_cublas,3,0.06842,0.06810,0.06842,0.01360,1410,1
ag,5120,10240,16,steady,30,c_fluxgemm,2,0.10618,0.10573,0.10573,0.01935,1410,1
ag,5120,10240,16,steady,30,c_flux_ag,1,0.06022,0.06010,0.06012,0.03740,1410,1
ag,5120,10240,16,steady,30,A_fused,0,0.15648,0.15584,0.15584,0.04648,1410,1
ag,5120,10240,16,steady,31,c_cublas,1,0.06835,0.06822,0.06835,0.01295,1410,1
ag,5120,10240,16,steady,31,c_fluxgemm,3,0.10554,0.10522,0.10541,0.01955,1410,1
ag,5120,10240,16,steady,31,c_flux_ag,2,0.05883,0.05850,0.05876,0.03776,1410,1
ag,5120,10240,16,steady,31,A_fused,0,0.15360,0.15328,0.15354,0.04730,1410,1
ag,5120,10240,16,steady,32,c_cublas,2,0.06835,0.06803,0.06835,0.01291,1410,1
ag,5120,10240,16,steady,32,c_fluxgemm,1,0.10573,0.10496,0.10509,0.01989,1410,1
ag,5120,10240,16,steady,32,c_flux_ag,0,0.06116,0.06086,0.06109,0.03706,1410,1
ag,5120,10240,16,steady,32,A_fused,3,0.15194,0.15174,0.15194,0.04649,1410,1
ag,5120,10240,16,steady,33,c_cublas,3,0.06854,0.06810,0.06854,0.01288,1410,1
ag,5120,10240,16,steady,33,c_fluxgemm,2,0.10624,0.10579,0.10586,0.01936,1410,1
ag,5120,10240,16,steady,33,c_flux_ag,1,0.05857,0.05817,0.05835,0.03696,1410,1
ag,5120,10240,16,steady,33,A_fused,0,0.15418,0.15360,0.15360,0.04599,1410,1
ag,5120,10240,16,steady,34,c_cublas,1,0.06848,0.06797,0.06848,0.01281,1410,1
ag,5120,10240,16,steady,34,c_fluxgemm,0,0.10758,0.10714,0.10758,0.01946,1410,1
ag,5120,10240,16,steady,34,c_flux_ag,3,0.05842,0.05805,0.05842,0.03707,1410,1
ag,5120,10240,16,steady,34,A_fused,2,0.15712,0.15635,0.15635,0.04626,1410,1
ag,5120,10240,16,steady,35,c_cublas,3,0.06867,0.06810,0.06867,0.01337,1410,1
ag,5120,10240,16,steady,35,c_fluxgemm,0,0.10803,0.10554,0.10586,0.01983,1410,1
ag,5120,10240,16,steady,35,c_flux_ag,2,0.05897,0.05846,0.05853,0.03636,1410,1
ag,5120,10240,16,steady,35,A_fused,1,0.15200,0.15174,0.15181,0.04643,1410,1
ag,5120,10240,16,steady,36,c_cublas,0,0.07219,0.06970,0.06970,0.01235,1410,1
ag,5120,10240,16,steady,36,c_fluxgemm,2,0.10573,0.10522,0.10560,0.01965,1410,1
ag,5120,10240,16,steady,36,c_flux_ag,3,0.05934,0.05883,0.05934,0.03703,1410,1
ag,5120,10240,16,steady,36,A_fused,1,0.15750,0.15725,0.15725,0.04678,1410,1
ag,5120,10240,16,steady,37,c_cublas,3,0.06867,0.06822,0.06867,0.01312,1410,1
ag,5120,10240,16,steady,37,c_fluxgemm,1,0.10586,0.10509,0.10509,0.01917,1410,1
ag,5120,10240,16,steady,37,c_flux_ag,2,0.05944,0.05939,0.05943,0.03729,1410,1
ag,5120,10240,16,steady,37,A_fused,0,0.15411,0.15366,0.15411,0.04592,1410,1
ag,5120,10240,16,steady,38,c_cublas,1,0.06835,0.06810,0.06835,0.03334,1410,1
ag,5120,10240,16,steady,38,c_fluxgemm,0,0.10733,0.10669,0.10733,0.01996,1410,1
ag,5120,10240,16,steady,38,c_flux_ag,2,0.05975,0.05940,0.05940,0.03752,1410,1
ag,5120,10240,16,steady,38,A_fused,3,0.15290,0.15264,0.15264,0.04611,1410,1
ag,5120,10240,16,steady,39,c_cublas,1,0.06874,0.06810,0.06874,0.01291,1410,1
ag,5120,10240,16,steady,39,c_fluxgemm,3,0.10566,0.10522,0.10547,0.01926,1410,1
ag,5120,10240,16,steady,39,c_flux_ag,0,0.05775,0.05704,0.05704,0.04072,1410,1
ag,5120,10240,16,steady,39,A_fused,2,0.15398,0.15379,0.15398,0.04676,1410,1
ag,5120,10240,16,steady,40,c_cublas,3,0.06835,0.06822,0.06835,0.01334,1410,1
ag,5120,10240,16,steady,40,c_fluxgemm,1,0.10554,0.10522,0.10522,0.01918,1410,1
ag,5120,10240,16,steady,40,c_flux_ag,0,0.05799,0.05770,0.05770,0.03708,1410,1
ag,5120,10240,16,steady,40,A_fused,2,0.15334,0.15315,0.15328,0.04581,1410,1
ag,5120,10240,16,steady,41,c_cublas,1,0.06848,0.06810,0.06848,0.01308,1410,1
ag,5120,10240,16,steady,41,c_fluxgemm,3,0.10541,0.10515,0.10534,0.01963,1410,1
ag,5120,10240,16,steady,41,c_flux_ag,2,0.06075,0.06035,0.06075,0.03748,1410,1
ag,5120,10240,16,steady,41,A_fused,0,0.15482,0.15354,0.15354,0.04739,1410,1
ag,5120,10240,16,steady,42,c_cublas,2,0.06842,0.06803,0.06842,0.01295,1410,1
ag,5120,10240,16,steady,42,c_fluxgemm,1,0.10554,0.10509,0.10509,0.01981,1410,1
ag,5120,10240,16,steady,42,c_flux_ag,3,0.06119,0.06080,0.06087,0.03768,1410,1
ag,5120,10240,16,steady,42,A_fused,0,0.15379,0.15354,0.15354,0.04612,1410,1
ag,5120,10240,16,steady,43,c_cublas,3,0.06848,0.06810,0.06848,0.01952,1410,1
ag,5120,10240,16,steady,43,c_fluxgemm,2,0.10598,0.10566,0.10586,0.02621,1410,1
ag,5120,10240,16,steady,43,c_flux_ag,1,0.05865,0.05840,0.05851,0.04229,1410,1
ag,5120,10240,16,steady,43,A_fused,0,0.16051,0.15443,0.16019,0.04626,1410,1
ag,5120,10240,16,steady,44,c_cublas,1,0.06848,0.06816,0.06816,0.01364,1410,1
ag,5120,10240,16,steady,44,c_fluxgemm,0,0.10771,0.10566,0.10771,0.01962,1410,1
ag,5120,10240,16,steady,44,c_flux_ag,2,0.06240,0.06203,0.06229,0.03791,1410,1
ag,5120,10240,16,steady,44,A_fused,3,0.15405,0.15398,0.15405,0.04699,1410,1
ag,5120,10240,16,steady,45,c_cublas,2,0.06861,0.06816,0.06861,0.01298,1410,1
ag,5120,10240,16,steady,45,c_fluxgemm,3,0.10554,0.10490,0.10522,0.01950,1410,1
ag,5120,10240,16,steady,45,c_flux_ag,1,0.05886,0.05857,0.05886,0.03690,1410,1
ag,5120,10240,16,steady,45,A_fused,0,0.15379,0.15322,0.15322,0.04611,1410,1
ag,5120,10240,16,steady,46,c_cublas,0,0.07014,0.06931,0.07014,0.01289,1410,1
ag,5120,10240,16,steady,46,c_fluxgemm,1,0.10605,0.10502,0.10515,0.01950,1410,1
ag,5120,10240,16,steady,46,c_flux_ag,2,0.06273,0.06217,0.06260,0.03738,1410,1
ag,5120,10240,16,steady,46,A_fused,3,0.15200,0.15181,0.15200,0.04551,1410,1
ag,5120,10240,16,steady,47,c_cublas,1,0.06835,0.06810,0.06835,0.01315,1410,1
ag,5120,10240,16,steady,47,c_fluxgemm,3,0.10605,0.10509,0.10522,0.01930,1410,1
ag,5120,10240,16,steady,47,c_flux_ag,0,0.05909,0.05839,0.05839,0.03766,1410,1
ag,5120,10240,16,steady,47,A_fused,2,0.15373,0.15328,0.15373,0.04676,1410,1
ag,5120,10240,16,steady,48,c_cublas,1,0.06848,0.06810,0.06848,0.01626,1410,1
ag,5120,10240,16,steady,48,c_fluxgemm,0,0.10995,0.10541,0.10573,0.02297,1410,1
ag,5120,10240,16,steady,48,c_flux_ag,2,0.06188,0.06155,0.06173,0.03919,1410,1
ag,5120,10240,16,steady,48,A_fused,3,0.15290,0.15258,0.15270,0.04801,1410,1
ag,5120,10240,16,steady,49,c_cublas,3,0.06829,0.06816,0.06829,0.01350,1410,1
ag,5120,10240,16,steady,49,c_fluxgemm,0,0.10765,0.10720,0.10726,0.01958,1410,1
ag,5120,10240,16,steady,49,c_flux_ag,1,0.05877,0.05848,0.05863,0.03731,1410,1
ag,5120,10240,16,steady,49,A_fused,2,0.15238,0.15187,0.15226,0.04659,1410,1
ag,5120,10240,128,gpu,0,c_cublas,0,0.13824,0.10445,0.10650,0.18008,0,1
ag,5120,10240,128,gpu,0,c_fluxgemm,1,0.11776,0.11674,0.11674,0.04560,0,1
ag,5120,10240,128,gpu,0,c_flux_ag,3,0.08237,0.07645,0.07645,0.04363,0,1
ag,5120,10240,128,gpu,0,A_fused,2,0.21094,0.19149,0.19866,0.06713,0,1
ag,5120,10240,128,gpu,1,c_cublas,2,0.10650,0.10342,0.10650,0.03969,0,1
ag,5120,10240,128,gpu,1,c_fluxgemm,0,0.11878,0.11571,0.11571,0.03732,0,1
ag,5120,10240,128,gpu,1,c_flux_ag,1,0.10618,0.09059,0.10618,0.04349,0,1
ag,5120,10240,128,gpu,1,A_fused,3,0.17613,0.16896,0.17613,0.06498,0,1
ag,5120,10240,128,gpu,2,c_cublas,0,0.10854,0.10650,0.10752,0.03803,0,1
ag,5120,10240,128,gpu,2,c_fluxgemm,1,0.12186,0.11674,0.11878,0.03710,0,1
ag,5120,10240,128,gpu,2,c_flux_ag,3,0.08896,0.07958,0.08038,0.04256,0,1
ag,5120,10240,128,gpu,2,A_fused,2,0.18534,0.18125,0.18125,0.06367,0,1
ag,5120,10240,128,gpu,3,c_cublas,3,0.10752,0.10445,0.10650,0.03792,0,1
ag,5120,10240,128,gpu,3,c_fluxgemm,2,0.12083,0.11776,0.11776,0.03467,0,1
ag,5120,10240,128,gpu,3,c_flux_ag,1,0.07581,0.06880,0.07334,0.04096,0,1
ag,5120,10240,128,gpu,3,A_fused,0,0.18944,0.17818,0.18125,0.06487,0,1
ag,5120,10240,128,gpu,4,c_cublas,0,0.10650,0.10342,0.10547,0.03458,0,1
ag,5120,10240,128,gpu,4,c_fluxgemm,3,0.11878,0.11674,0.11776,0.03408,0,1
ag,5120,10240,128,gpu,4,c_flux_ag,1,0.08038,0.07437,0.08038,0.04813,0,1
ag,5120,10240,128,gpu,4,A_fused,2,0.18330,0.17818,0.18125,0.06393,0,1
ag,5120,10240,128,gpu,5,c_cublas,2,0.10752,0.10547,0.10650,0.03754,0,1
ag,5120,10240,128,gpu,5,c_fluxgemm,0,0.11776,0.11674,0.11674,0.03352,0,1
ag,5120,10240,128,gpu,5,c_flux_ag,3,0.11008,0.08925,0.11008,0.04467,0,1
ag,5120,10240,128,gpu,5,A_fused,1,0.17306,0.16589,0.17101,0.06304,0,1
ag,5120,10240,128,gpu,6,c_cublas,0,0.10854,0.10342,0.10854,0.03696,0,1
ag,5120,10240,128,gpu,6,c_fluxgemm,3,0.12083,0.11776,0.11776,0.03485,0,1
ag,5120,10240,128,gpu,6,c_flux_ag,2,0.10259,0.09299,0.09299,0.04026,0,1
ag,5120,10240,128,gpu,6,A_fused,1,0.18330,0.17715,0.17715,0.06437,0,1
ag,5120,10240,128,gpu,7,c_cublas,2,0.10650,0.10445,0.10547,0.03769,0,1
ag,5120,10240,128,gpu,7,c_fluxgemm,3,0.11981,0.11674,0.11776,0.03583,0,1
ag,5120,10240,128,gpu,7,c_flux_ag,0,0.07082,0.06579,0.06672,0.04401,0,1
ag,5120,10240,128,gpu,7,A_fused,1,0.18637,0.17408,0.17920,0.05953,0,1
ag,5120,10240,128,gpu,8,c_cublas,1,0.10752,0.10445,0.10752,0.03691,0,1
ag,5120,10240,128,gpu,8,c_fluxgemm,0,0.11776,0.11674,0.11674,0.03466,0,1
ag,5120,10240,128,gpu,8,c_flux_ag,3,0.08672,0.08022,0.08214,0.04111,0,1
ag,5120,10240,128,gpu,8,A_fused,2,0.19046,0.17920,0.18637,0.06492,0,1
ag,5120,10240,128,gpu,9,c_cublas,1,0.10957,0.10342,0.10957,0.03791,0,1
ag,5120,10240,128,gpu,9,c_fluxgemm,2,0.12083,0.11571,0.11878,0.03632,0,1
ag,5120,10240,128,gpu,9,c_flux_ag,0,0.08403,0.07043,0.07990,0.04377,0,1
ag,5120,10240,128,gpu,9,A_fused,3,0.18022,0.17715,0.17818,0.06269,0,1
ag,5120,10240,128,gpu,10,c_cublas,0,0.10752,0.10342,0.10752,0.03733,0,1
ag,5120,10240,128,gpu,10,c_fluxgemm,2,0.11776,0.11674,0.11674,0.03384,0,1
ag,5120,10240,128,gpu,10,c_flux_ag,3,0.07229,0.06909,0.06992,0.04219,0,1
ag,5120,10240,128,gpu,10,A_fused,1,0.17510,0.16794,0.17203,0.06439,0,1
ag,5120,10240,128,gpu,11,c_cublas,3,0.10650,0.10445,0.10547,0.03722,0,1
ag,5120,10240,128,gpu,11,c_fluxgemm,1,0.11776,0.11776,0.11776,0.03510,0,1
ag,5120,10240,128,gpu,11,c_flux_ag,0,0.10634,0.08925,0.09558,0.04173,0,1
ag,5120,10240,128,gpu,11,A_fused,2,0.18637,0.17510,0.17920,0.06016,0,1
ag,5120,10240,128,gpu,12,c_cublas,0,0.10547,0.10342,0.10547,0.03477,0,1
ag,5120,10240,128,gpu,12,c_fluxgemm,1,0.11981,0.11674,0.11674,0.03699,0,1
ag,5120,10240,128,gpu,12,c_flux_ag,3,0.07981,0.07434,0.07434,0.04042,0,1
ag,5120,10240,128,gpu,12,A_fused,2,0.19354,0.19046,0.19354,0.06568,0,1
ag,5120,10240,128,gpu,13,c_cublas,0,0.13824,0.10445,0.13824,0.03989,0,1
ag,5120,10240,128,gpu,13,c_fluxgemm,3,0.11981,0.11776,0.11981,0.03335,0,1
ag,5120,10240,128,gpu,13,c_flux_ag,1,0.08602,0.06326,0.06922,0.04699,0,1
ag,5120,10240,128,gpu,13,A_fused,2,0.18227,0.17613,0.17613,0.05964,0,1
ag,5120,10240,128,gpu,14,c_cublas,1,0.10854,0.10547,0.10752,0.03740,0,1
ag,5120,10240,128,gpu,14,c_fluxgemm,0,0.11981,0.11674,0.11674,0.03399,0,1
ag,5120,10240,128,gpu,14,c_flux_ag,2,0.07901,0.06509,0.06509,0.04575,0,1
ag,5120,10240,128,gpu,14,A_fused,3,0.19251,0.18330,0.18330,0.05962,0,1
ag,5120,10240,128,gpu,15,c_cublas,0,0.10650,0.10445,0.10650,0.03827,0,1
ag,5120,10240,128,gpu,15,c_fluxgemm,2,0.11878,0.11776,0.11776,0.03627,0,1
ag,5120,10240,128,gpu,15,c_flux_ag,1,0.08134,0.07539,0.07539,0.04446,0,1
ag,5120,10240,128,gpu,15,A_fused,3,0.17920,0.17306,0.17920,0.05996,0,1
ag,5120,10240,128,gpu,16,c_cublas,2,0.10650,0.10547,0.10547,0.03771,0,1
ag,5120,10240,128,gpu,16,c_fluxgemm,3,0.11878,0.11674,0.11674,0.03622,0,1
ag,5120,10240,128,gpu,16,c_flux_ag,1,0.06829,0.06275,0.06496,0.04004,0,1
ag,5120,10240,128,gpu,16,A_fused,0,0.20992,0.19661,0.20992,0.06167,0,1
ag,5120,10240,128,gpu,17,c_cublas,3,0.10650,0.10547,0.10650,0.03716,0,1
ag,5120,10240,128,gpu,17,c_fluxgemm,1,0.11981,0.11878,0.11878,0.03305,0,1
ag,5120,10240,128,gpu,17,c_flux_ag,2,0.09165,0.08640,0.08640,0.04295,0,1
ag,5120,10240,128,gpu,17,A_fused,0,0.18637,0.17818,0.17920,0.06478,0,1
ag,5120,10240,128,gpu,18,c_cublas,2,0.10650,0.10445,0.10650,0.03690,0,1
ag,5120,10240,128,gpu,18,c_fluxgemm,0,0.11878,0.11776,0.11878,0.03715,0,1
ag,5120,10240,128,gpu,18,c_flux_ag,1,0.08208,0.07299,0.07651,0.04502,0,1
ag,5120,10240,128,gpu,18,A_fused,3,0.19149,0.18125,0.18125,0.06351,0,1
ag,5120,10240,128,gpu,19,c_cublas,0,0.10650,0.10240,0.10650,0.03738,0,1
ag,5120,10240,128,gpu,19,c_fluxgemm,2,0.11776,0.11674,0.11776,0.03367,0,1
ag,5120,10240,128,gpu,19,c_flux_ag,3,0.07744,0.06454,0.06864,0.04237,0,1
ag,5120,10240,128,gpu,19,A_fused,1,0.18125,0.16998,0.16998,0.06456,0,1
ag,5120,10240,128,gpu,20,c_cublas,0,0.10650,0.10445,0.10650,0.03812,0,1
ag,5120,10240,128,gpu,20,c_fluxgemm,3,0.11878,0.11674,0.11776,0.03358,0,1
ag,5120,10240,128,gpu,20,c_flux_ag,1,0.08029,0.07117,0.07510,0.04417,0,1
ag,5120,10240,128,gpu,20,A_fused,2,0.19046,0.17408,0.18944,0.06032,0,1
ag,5120,10240,128,gpu,21,c_cublas,2,0.10752,0.10547,0.10752,0.05986,0,1
ag,5120,10240,128,gpu,21,c_fluxgemm,3,0.11878,0.11674,0.11878,0.03703,0,1
ag,5120,10240,128,gpu,21,c_flux_ag,1,0.09178,0.08669,0.09008,0.04012,0,1
ag,5120,10240,128,gpu,21,A_fused,0,0.17715,0.16794,0.16794,0.06377,0,1
ag,5120,10240,128,gpu,22,c_cublas,0,0.10854,0.10650,0.10854,0.03649,0,1
ag,5120,10240,128,gpu,22,c_fluxgemm,1,0.11981,0.11776,0.11776,0.03599,0,1
ag,5120,10240,128,gpu,22,c_flux_ag,3,0.09232,0.08470,0.08470,0.04010,0,1
ag,5120,10240,128,gpu,22,A_fused,2,0.18739,0.17920,0.17920,0.06258,0,1
ag,5120,10240,128,gpu,23,c_cublas,2,0.10752,0.10342,0.10650,0.03720,0,1
ag,5120,10240,128,gpu,23,c_fluxgemm,3,0.11878,0.11674,0.11674,0.03604,0,1
ag,5120,10240,128,gpu,23,c_flux_ag,0,0.08845,0.08240,0.08240,0.04105,0,1
ag,5120,10240,128,gpu,23,A_fused,1,0.16896,0.16794,0.16896,0.05940,0,1
ag,5120,10240,128,gpu,24,c_cublas,2,0.10650,0.10547,0.10650,0.03688,0,1
ag,5120,10240,128,gpu,24,c_fluxgemm,1,0.11878,0.11674,0.11878,0.03317,0,1
ag,5120,10240,128,gpu,24,c_flux_ag,3,0.07485,0.06902,0.07114,0.04440,0,1
ag,5120,10240,128,gpu,24,A_fused,0,0.18637,0.17920,0.18637,0.06468,0,1
ag,5120,10240,128,gpu,25,c_cublas,0,0.10650,0.10445,0.10650,0.03722,0,1
ag,5120,10240,128,gpu,25,c_fluxgemm,1,0.11981,0.11674,0.11776,0.03663,0,1
ag,5120,10240,128,gpu,25,c_flux_ag,3,0.07821,0.06266,0.07162,0.04028,0,1
ag,5120,10240,128,gpu,25,A_fused,2,0.18637,0.18432,0.18432,0.06191,0,1
ag,5120,10240,128,gpu,26,c_cublas,3,0.10854,0.10650,0.10650,0.03770,0,1
ag,5120,10240,128,gpu,26,c_fluxgemm,0,0.11878,0.11776,0.11878,0.03578,0,1
ag,5120,10240,128,gpu,26,c_flux_ag,2,0.09914,0.08752,0.09914,0.04000,0,1
ag,5120,10240,128,gpu,26,A_fused,1,0.17306,0.16896,0.17101,0.06140,0,1
ag,5120,10240,128,gpu,27,c_cublas,2,0.10650,0.10445,0.10650,0.03683,0,1
ag,5120,10240,128,gpu,27,c_fluxgemm,3,0.11776,0.11674,0.11776,0.03643,0,1
ag,5120,10240,128,gpu,27,c_flux_ag,1,0.08013,0.06912,0.07997,0.04020,0,1
ag,5120,10240,128,gpu,27,A_fused,0,0.18739,0.17408,0.17715,0.06523,0,1
ag,5120,10240,128,gpu,28,c_cublas,3,0.10650,0.10445,0.10650,0.03769,1410,1
ag,5120,10240,128,gpu,28,c_fluxgemm,0,0.11674,0.11571,0.11571,0.03436,1410,1
ag,5120,10240,128,gpu,28,c_flux_ag,1,0.08941,0.07539,0.08243,0.04509,1410,1
ag,5120,10240,128,gpu,28,A_fused,2,0.18739,0.18534,0.18534,0.06259,1410,1
ag,5120,10240,128,gpu,29,c_cublas,3,0.10854,0.10240,0.10854,0.03720,1410,1
ag,5120,10240,128,gpu,29,c_fluxgemm,0,0.12186,0.11776,0.11776,0.03871,1410,1
ag,5120,10240,128,gpu,29,c_flux_ag,1,0.07174,0.07078,0.07133,0.04464,1410,1
ag,5120,10240,128,gpu,29,A_fused,2,0.17408,0.16589,0.16998,0.05998,1410,1
ag,5120,10240,128,gpu,30,c_cublas,1,0.10752,0.10547,0.10752,0.03584,1410,1
ag,5120,10240,128,gpu,30,c_fluxgemm,0,0.11878,0.11674,0.11878,0.03796,1410,1
ag,5120,10240,128,gpu,30,c_flux_ag,2,0.08150,0.06774,0.06774,0.04504,1410,1
ag,5120,10240,128,gpu,30,A_fused,3,0.20173,0.18432,0.18432,0.05971,1410,1
ag,5120,10240,128,gpu,31,c_cublas,1,0.10650,0.10445,0.10650,0.03648,1410,1
ag,5120,10240,128,gpu,31,c_fluxgemm,2,0.11878,0.11674,0.11776,0.03650,1410,1
ag,5120,10240,128,gpu,31,c_flux_ag,3,0.09706,0.09024,0.09706,0.04401,1410,1
ag,5120,10240,128,gpu,31,A_fused,0,0.17613,0.17101,0.17101,0.06154,1410,1
ag,5120,10240,128,gpu,32,c_cublas,3,0.10854,0.10445,0.10854,0.03655,1410,1
ag,5120,10240,128,gpu,32,c_fluxgemm,1,0.11776,0.11776,0.11776,0.03783,1410,1
ag,5120,10240,128,gpu,32,c_flux_ag,0,0.07827,0.06931,0.07827,0.04347,1410,1
ag,5120,10240,128,gpu,32,A_fused,2,0.18022,0.16589,0.18022,0.06168,1410,1
ag,5120,10240,128,gpu,33,c_cublas,0,0.10650,0.10547,0.10650,0.03359,1410,1
ag,5120,10240,128,gpu,33,c_fluxgemm,3,0.11981,0.11674,0.11776,0.03376,1410,1
ag,5120,10240,128,gpu,33,c_flux_ag,1,0.06733,0.06038,0.06474,0.04534,1410,1
ag,5120,10240,128,gpu,33,A_fused,2,0.19354,0.17715,0.17715,0.06081,1410,1
ag,5120,10240,128,gpu,34,c_cublas,3,0.10752,0.10547,0.10547,0.03657,1410,1
ag,5120,10240,128,gpu,34,c_fluxgemm,0,0.11878,0.11776,0.11878,0.03289,1410,1
ag,5120,10240,128,gpu,34,c_flux_ag,1,0.08528,0.08205,0.08205,0.04360,1410,1
ag,5120,10240,128,gpu,34,A_fused,2,0.19149,0.18842,0.18944,0.05964,1410,1
ag,5120,10240,128,gpu,35,c_cublas,3,0.10547,0.10547,0.10547,0.03612,1410,1
ag,5120,10240,128,gpu,35,c_fluxgemm,1,0.11981,0.11776,0.11776,0.03672,1410,1
ag,5120,10240,128,gpu,35,c_flux_ag,0,0.08099,0.07338,0.07338,0.04526,1410,1
ag,5120,10240,128,gpu,35,A_fused,2,0.18842,0.17510,0.17715,0.06194,1410,1
ag,5120,10240,128,gpu,36,c_cublas,0,0.10547,0.10342,0.10547,0.03365,1410,1
ag,5120,10240,128,gpu,36,c_fluxgemm,1,0.11878,0.11776,0.11878,0.03756,1410,1
ag,5120,10240,128,gpu,36,c_flux_ag,3,0.09018,0.08285,0.08650,0.04118,1410,1
ag,5120,10240,128,gpu,36,A_fused,2,0.18637,0.17613,0.17613,0.06212,1410,1
ag,5120,10240,128,gpu,37,c_cublas,2,0.10650,0.10445,0.10547,0.03700,1410,1
ag,5120,10240,128,gpu,37,c_fluxgemm,1,0.11776,0.11571,0.11776,0.03593,1410,1
ag,5120,10240,128,gpu,37,c_flux_ag,0,0.10061,0.09085,0.09398,0.04279,1410,1
ag,5120,10240,128,gpu,37,A_fused,3,0.18125,0.16998,0.17408,0.06555,1410,1
ag,5120,10240,128,gpu,38,c_cublas,2,0.10752,0.10650,0.10650,0.03699,1410,1
ag,5120,10240,128,gpu,38,c_fluxgemm,3,0.11981,0.11776,0.11981,0.03626,1410,1
ag,5120,10240,128,gpu,38,c_flux_ag,1,0.07194,0.06800,0.06800,0.04252,1410,1
ag,5120,10240,128,gpu,38,A_fused,0,0.18227,0.17510,0.17510,0.06174,1410,1
ag,5120,10240,128,gpu,39,c_cublas,3,0.10650,0.10445,0.10650,0.06107,1410,1
ag,5120,10240,128,gpu,39,c_fluxgemm,2,0.11878,0.11674,0.11776,0.03519,1410,1
ag,5120,10240,128,gpu,39,c_flux_ag,1,0.07504,0.07120,0.07443,0.04040,1410,1
ag,5120,10240,128,gpu,39,A_fused,0,0.19456,0.18227,0.18227,0.06550,1410,1
ag,5120,10240,128,gpu,40,c_cublas,3,0.10650,0.10547,0.10650,0.03733,1410,1
ag,5120,10240,128,gpu,40,c_fluxgemm,0,0.11981,0.11674,0.11776,0.03797,1410,1
ag,5120,10240,128,gpu,40,c_flux_ag,2,0.08467,0.07754,0.08458,0.04039,1410,1
ag,5120,10240,128,gpu,40,A_fused,1,0.19558,0.18637,0.19558,0.06398,1410,1
ag,5120,10240,128,gpu,41,c_cublas,1,0.10650,0.10547,0.10547,0.03603,1410,1
ag,5120,10240,128,gpu,41,c_fluxgemm,0,0.11776,0.11674,0.11674,0.03770,1410,1
ag,5120,10240,128,gpu,41,c_flux_ag,2,0.07162,0.06490,0.06490,0.04535,1410,1
ag,5120,10240,128,gpu,41,A_fused,3,0.18125,0.17408,0.17408,0.07012,1410,1
ag,5120,10240,128,gpu,42,c_cublas,1,0.10650,0.10445,0.10650,0.03780,1410,1
ag,5120,10240,128,gpu,42,c_fluxgemm,2,0.12083,0.11878,0.11878,0.03664,1410,1
ag,5120,10240,128,gpu,42,c_flux_ag,0,0.09254,0.08154,0.09069,0.04373,1410,1
ag,5120,10240,128,gpu,42,A_fused,3,0.20480,0.18739,0.20070,0.06737,1410,1
ag,5120,10240,128,gpu,43,c_cublas,2,0.10650,0.10445,0.10650,0.03726,1410,1
ag,5120,10240,128,gpu,43,c_fluxgemm,0,0.11878,0.11776,0.11878,0.03699,1410,1
ag,5120,10240,128,gpu,43,c_flux_ag,3,0.06813,0.06525,0.06813,0.04439,1410,1
ag,5120,10240,128,gpu,43,A_fused,1,0.19046,0.17920,0.18637,0.06178,1410,1
ag,5120,10240,128,gpu,44,c_cublas,3,0.10854,0.10445,0.10445,0.03679,1410,1
ag,5120,10240,128,gpu,44,c_fluxgemm,2,0.11878,0.11571,0.11571,0.03429,1410,1
ag,5120,10240,128,gpu,44,c_flux_ag,0,0.08608,0.07728,0.08608,0.04157,1410,1
ag,5120,10240,128,gpu,44,A_fused,1,0.19558,0.17306,0.18330,0.06051,1410,1
ag,5120,10240,128,gpu,45,c_cublas,3,0.10547,0.10445,0.10547,0.03659,1410,1
ag,5120,10240,128,gpu,45,c_fluxgemm,1,0.12186,0.11571,0.11878,0.03621,1410,1
ag,5120,10240,128,gpu,45,c_flux_ag,0,0.08701,0.07946,0.08701,0.04674,1410,1
ag,5120,10240,128,gpu,45,A_fused,2,0.19558,0.18534,0.19149,0.06105,1410,1
ag,5120,10240,128,gpu,46,c_cublas,3,0.10752,0.10650,0.10752,0.03745,1410,1
ag,5120,10240,128,gpu,46,c_fluxgemm,0,0.11878,0.11674,0.11776,0.03751,1410,1
ag,5120,10240,128,gpu,46,c_flux_ag,2,0.08982,0.08195,0.08982,0.04057,1410,1
ag,5120,10240,128,gpu,46,A_fused,1,0.18944,0.17613,0.18944,0.06189,1410,1
ag,5120,10240,128,gpu,47,c_cublas,1,0.10752,0.10547,0.10650,0.03633,1410,1
ag,5120,10240,128,gpu,47,c_fluxgemm,3,0.11776,0.11674,0.11776,0.03600,1410,1
ag,5120,10240,128,gpu,47,c_flux_ag,2,0.07117,0.06346,0.06429,0.04459,1410,1
ag,5120,10240,128,gpu,47,A_fused,0,0.18330,0.17818,0.18330,0.06569,1410,1
ag,5120,10240,128,gpu,48,c_cublas,1,0.10547,0.10445,0.10547,0.03719,1410,1
ag,5120,10240,128,gpu,48,c_fluxgemm,0,0.11776,0.11674,0.11674,0.03359,1410,1
ag,5120,10240,128,gpu,48,c_flux_ag,2,0.09104,0.08429,0.09104,0.04689,1410,1
ag,5120,10240,128,gpu,48,A_fused,3,0.31744,0.20787,0.31437,0.06723,1410,1
ag,5120,10240,128,gpu,49,c_cublas,3,0.10650,0.10342,0.10650,0.04356,1410,1
ag,5120,10240,128,gpu,49,c_fluxgemm,2,0.11981,0.11571,0.11571,0.03411,1410,1
ag,5120,10240,128,gpu,49,c_flux_ag,0,0.07488,0.07053,0.07168,0.04293,1410,1
ag,5120,10240,128,gpu,49,A_fused,1,0.17408,0.16998,0.17203,0.06130,1410,1
ag,5120,10240,128,gpu,50,c_cublas,2,0.10650,0.10547,0.10650,0.03675,1410,1
ag,5120,10240,128,gpu,50,c_fluxgemm,1,0.11776,0.11776,0.11776,0.03614,1410,1
ag,5120,10240,128,gpu,50,c_flux_ag,0,0.08685,0.07661,0.07920,0.04999,1410,1
ag,5120,10240,128,gpu,50,A_fused,3,0.19251,0.18637,0.18637,0.07191,1410,1
ag,5120,10240,128,gpu,51,c_cublas,2,0.10752,0.10547,0.10547,0.03688,1410,1
ag,5120,10240,128,gpu,51,c_fluxgemm,1,0.12083,0.11776,0.11776,0.03715,1410,1
ag,5120,10240,128,gpu,51,c_flux_ag,0,0.08442,0.07501,0.07501,0.04487,1410,1
ag,5120,10240,128,gpu,51,A_fused,3,0.44032,0.21299,0.42496,0.07165,1410,1
ag,5120,10240,128,gpu,52,c_cublas,1,0.10547,0.10445,0.10547,0.03775,1410,1
ag,5120,10240,128,gpu,52,c_fluxgemm,0,0.11776,0.11571,0.11674,0.03611,1410,1
ag,5120,10240,128,gpu,52,c_flux_ag,2,0.07894,0.07053,0.07894,0.04506,1410,1
ag,5120,10240,128,gpu,52,A_fused,3,0.17613,0.16486,0.17203,0.05947,1410,1
ag,5120,10240,128,gpu,53,c_cublas,0,0.10752,0.10547,0.10752,0.03797,1410,1
ag,5120,10240,128,gpu,53,c_fluxgemm,3,0.11878,0.11776,0.11776,0.03447,1410,1
ag,5120,10240,128,gpu,53,c_flux_ag,2,0.08563,0.07898,0.08195,0.04053,1410,1
ag,5120,10240,128,gpu,53,A_fused,1,0.17203,0.16794,0.17203,0.06532,1410,1
ag,5120,10240,128,gpu,54,c_cublas,1,0.10547,0.10342,0.10547,0.03726,1410,1
ag,5120,10240,128,gpu,54,c_fluxgemm,3,0.11981,0.11674,0.11878,0.03535,1410,1
ag,5120,10240,128,gpu,54,c_flux_ag,2,0.07850,0.06746,0.07850,0.04475,1410,1
ag,5120,10240,128,gpu,54,A_fused,0,0.19661,0.19149,0.19661,0.06264,1410,1
ag,5120,10240,128,gpu,55,c_cublas,2,0.10650,0.10445,0.10650,0.03764,1410,1
ag,5120,10240,128,gpu,55,c_fluxgemm,1,0.11981,0.11571,0.11674,0.03512,1410,1
ag,5120,10240,128,gpu,55,c_flux_ag,3,0.08675,0.07955,0.08614,0.04495,1410,1
ag,5120,10240,128,gpu,55,A_fused,0,0.18022,0.17408,0.17613,0.06389,1410,1
ag,5120,10240,128,gpu,56,c_cublas,2,0.10650,0.10342,0.10650,0.03748,1410,1
ag,5120,10240,128,gpu,56,c_fluxgemm,3,0.11776,0.11776,0.11776,0.03676,1410,1
ag,5120,10240,128,gpu,56,c_flux_ag,1,0.07747,0.06634,0.07043,0.04047,1410,1
ag,5120,10240,128,gpu,56,A_fused,0,0.20173,0.19558,0.19661,0.06288,1410,1
ag,5120,10240,128,gpu,57,c_cublas,3,0.10752,0.10547,0.10547,0.03672,1410,1
ag,5120,10240,128,gpu,57,c_fluxgemm,0,0.11878,0.11571,0.11674,0.03463,1410,1
ag,5120,10240,128,gpu,57,c_flux_ag,1,0.07466,0.06925,0.07091,0.04438,1410,1
ag,5120,10240,128,gpu,57,A_fused,2,0.19046,0.17818,0.18534,0.05975,1410,1
ag,5120,10240,128,gpu,58,c_cublas,1,0.10650,0.10342,0.10650,0.03668,1410,1
ag,5120,10240,128,gpu,58,c_fluxgemm,3,0.11981,0.11674,0.11878,0.03588,1410,1
ag,5120,10240,128,gpu,58,c_flux_ag,2,0.07018,0.06579,0.07018,0.04459,1410,1
ag,5120,10240,128,gpu,58,A_fused,0,0.19046,0.18432,0.18534,0.06557,1410,1
ag,5120,10240,128,gpu,59,c_cublas,2,0.10752,0.10547,0.10650,0.03692,1410,1
ag,5120,10240,128,gpu,59,c_fluxgemm,3,0.11776,0.11674,0.11674,0.03592,1410,1
ag,5120,10240,128,gpu,59,c_flux_ag,0,0.09418,0.07990,0.09418,0.04381,1410,1
ag,5120,10240,128,gpu,59,A_fused,1,0.17408,0.16384,0.16998,0.06080,1410,1
ag,5120,10240,128,gpu,60,c_cublas,1,0.10752,0.10547,0.10547,0.03692,1410,1
ag,5120,10240,128,gpu,60,c_fluxgemm,3,0.11981,0.11674,0.11776,0.03537,1410,1
ag,5120,10240,128,gpu,60,c_flux_ag,2,0.07485,0.06608,0.07344,0.04504,1410,1
ag,5120,10240,128,gpu,60,A_fused,0,0.19354,0.18022,0.19354,0.06339,1410,1
ag,5120,10240,128,gpu,61,c_cublas,0,0.10650,0.10650,0.10650,0.03793,1410,1
ag,5120,10240,128,gpu,61,c_fluxgemm,1,0.12288,0.11878,0.11878,0.03664,1410,1
ag,5120,10240,128,gpu,61,c_flux_ag,3,0.09222,0.08605,0.08899,0.04053,1410,1
ag,5120,10240,128,gpu,61,A_fused,2,0.19661,0.19456,0.19661,0.06207,1410,1
ag,5120,10240,128,gpu,62,c_cublas,3,0.10854,0.10547,0.10854,0.03826,1410,1
ag,5120,10240,128,gpu,62,c_fluxgemm,2,0.11981,0.11674,0.11981,0.03466,1410,1
ag,5120,10240,128,gpu,62,c_flux_ag,1,0.06739,0.06486,0.06624,0.04085,1410,1
ag,5120,10240,128,gpu,62,A_fused,0,0.17715,0.17203,0.17510,0.06951,1410,1
ag,5120,10240,128,gpu,63,c_cublas,1,0.10854,0.10342,0.10854,0.03712,1410,1
ag,5120,10240,128,gpu,63,c_fluxgemm,3,0.11878,0.11571,0.11878,0.03358,1410,1
ag,5120,10240,128,gpu,63,c_flux_ag,0,0.87056,0.09974,0.09974,0.05059,1410,1
ag,5120,10240,128,gpu,63,A_fused,2,0.17613,0.16589,0.16589,0.06411,1410,1
ag,5120,10240,128,gpu,64,c_cublas,3,0.10650,0.10547,0.10547,0.03721,1410,1
ag,5120,10240,128,gpu,64,c_fluxgemm,0,0.11776,0.11571,0.11776,0.03437,1410,1
ag,5120,10240,128,gpu,64,c_flux_ag,2,0.06781,0.06246,0.06246,0.04705,1410,1
ag,5120,10240,128,gpu,64,A_fused,1,0.19046,0.18125,0.19046,0.06141,1410,1
ag,5120,10240,128,gpu,65,c_cublas,1,0.10547,0.10445,0.10547,0.03578,1410,1
ag,5120,10240,128,gpu,65,c_fluxgemm,0,0.11878,0.11674,0.11878,0.03707,1410,1
ag,5120,10240,128,gpu,65,c_flux_ag,2,0.09155,0.08291,0.08291,0.05201,1410,1
ag,5120,10240,128,gpu,65,A_fused,3,0.18330,0.17408,0.17715,0.05963,1410,1
ag,5120,10240,128,gpu,66,c_cublas,0,0.10752,0.10445,0.10752,0.03741,1410,1
ag,5120,10240,128,gpu,66,c_fluxgemm,3,0.11878,0.11674,0.11776,0.03445,1410,1
ag,5120,10240,128,gpu,66,c_flux_ag,1,0.08269,0.07040,0.08269,0.04498,1410,1
ag,5120,10240,128,gpu,66,A_fused,2,0.19251,0.18534,0.18534,0.06670,1410,1
ag,5120,10240,128,gpu,67,c_cublas,2,0.10650,0.10547,0.10650,0.20946,1410,1
ag,5120,10240,128,gpu,67,c_fluxgemm,3,0.11878,0.11571,0.11674,0.03748,1410,1
ag,5120,10240,128,gpu,67,c_flux_ag,0,0.07331,0.06579,0.06720,0.04562,1410,1
ag,5120,10240,128,gpu,67,A_fused,1,0.18944,0.18432,0.18739,0.05892,1410,1
ag,5120,10240,128,gpu,68,c_cublas,0,0.10650,0.10240,0.10650,0.03709,1410,1
ag,5120,10240,128,gpu,68,c_fluxgemm,1,0.11776,0.11674,0.11674,0.03640,1410,1
ag,5120,10240,128,gpu,68,c_flux_ag,2,0.09715,0.08314,0.08314,0.04506,1410,1
ag,5120,10240,128,gpu,68,A_fused,3,0.18534,0.17510,0.17818,0.06002,1410,1
ag,5120,10240,128,gpu,69,c_cublas,3,0.10752,0.10547,0.10547,0.03678,1410,1
ag,5120,10240,128,gpu,69,c_fluxgemm,1,0.11878,0.11571,0.11776,0.03562,1410,1
ag,5120,10240,128,gpu,69,c_flux_ag,0,0.07254,0.06483,0.07088,0.04174,1410,1
ag,5120,10240,128,gpu,69,A_fused,2,0.19968,0.19046,0.19763,0.06171,1410,1
ag,5120,10240,128,gpu,70,c_cublas,3,0.10752,0.10547,0.10752,0.03739,1410,1
ag,5120,10240,128,gpu,70,c_fluxgemm,0,0.12186,0.11776,0.11776,0.03910,1410,1
ag,5120,10240,128,gpu,70,c_flux_ag,2,0.06835,0.06365,0.06365,0.04082,1410,1
ag,5120,10240,128,gpu,70,A_fused,1,0.18022,0.17203,0.17203,0.06992,1410,1
ag,5120,10240,128,gpu,71,c_cublas,1,0.10752,0.10547,0.10547,0.03581,1410,1
ag,5120,10240,128,gpu,71,c_fluxgemm,0,0.11981,0.11776,0.11878,0.03793,1410,1
ag,5120,10240,128,gpu,71,c_flux_ag,3,0.09312,0.09120,0.09120,0.03996,1410,1
ag,5120,10240,128,gpu,71,A_fused,2,0.19866,0.18739,0.19558,0.06520,1410,1
ag,5120,10240,128,gpu,72,c_cublas,1,0.10752,0.10445,0.10752,0.04305,1410,1
ag,5120,10240,128,gpu,72,c_fluxgemm,2,0.11776,0.11571,0.11776,0.03762,1410,1
ag,5120,10240,128,gpu,72,c_flux_ag,0,0.13546,0.09290,0.13546,0.04722,1410,1
ag,5120,10240,128,gpu,72,A_fused,3,0.19149,0.18330,0.19149,0.06321,1410,1
ag,5120,10240,128,gpu,73,c_cublas,2,0.10752,0.10650,0.10752,0.03691,1410,1
ag,5120,10240,128,gpu,73,c_fluxgemm,1,0.11776,0.11571,0.11571,0.03391,1410,1
ag,5120,10240,128,gpu,73,c_flux_ag,3,0.08170,0.07501,0.08134,0.04445,1410,1
ag,5120,10240,128,gpu,73,A_fused,0,0.18125,0.17203,0.17203,0.06146,1410,1
ag,5120,10240,128,gpu,74,c_cublas,0,0.10854,0.10650,0.10650,0.03765,1410,1
ag,5120,10240,128,gpu,74,c_fluxgemm,2,0.11981,0.11674,0.11878,0.03821,1410,1
ag,5120,10240,128,gpu,74,c_flux_ag,1,0.07795,0.07379,0.07795,0.04426,1410,1
ag,5120,10240,128,gpu,74,A_fused,3,0.19456,0.18739,0.18739,0.06079,1410,1
ag,5120,10240,128,gpu,75,c_cublas,2,0.10650,0.10445,0.10650,0.03709,1410,1
ag,5120,10240,128,gpu,75,c_fluxgemm,0,0.11878,0.11776,0.11878,0.03511,1410,1
ag,5120,10240,128,gpu,75,c_flux_ag,3,0.07078,0.06461,0.07069,0.04423,1410,1
ag,5120,10240,128,gpu,75,A_fused,1,0.17408,0.16794,0.16794,0.06175,1410,1
ag,5120,10240,128,gpu,76,c_cublas,2,0.10752,0.10650,0.10650,0.03734,1410,1
ag,5120,10240,128,gpu,76,c_fluxgemm,0,0.11776,0.11674,0.11674,0.03672,1410,1
ag,5120,10240,128,gpu,76,c_flux_ag,1,0.07434,0.06944,0.06944,0.04413,1410,1
ag,5120,10240,128,gpu,76,A_fused,3,0.19251,0.18637,0.19046,0.06407,1410,1
ag,5120,10240,128,gpu,77,c_cublas,1,0.10854,0.10445,0.10752,0.03763,1410,1
ag,5120,10240,128,gpu,77,c_fluxgemm,3,0.11981,0.11674,0.11776,0.03529,1410,1
ag,5120,10240,128,gpu,77,c_flux_ag,2,0.07776,0.07120,0.07366,0.04453,1410,1
ag,5120,10240,128,gpu,77,A_fused,0,0.20275,0.19558,0.20275,0.06325,1410,1
ag,5120,10240,128,gpu,78,c_cublas,3,0.10854,0.10650,0.10752,0.03805,1410,1
ag,5120,10240,128,gpu,78,c_fluxgemm,2,0.11878,0.11776,0.11776,0.03866,1410,1
ag,5120,10240,128,gpu,78,c_flux_ag,0,0.07098,0.06208,0.07098,0.04358,1410,1
ag,5120,10240,128,gpu,78,A_fused,1,0.18739,0.17818,0.18637,0.06678,1410,1
ag,5120,10240,128,gpu,79,c_cublas,2,0.10650,0.10342,0.10547,0.03679,1410,1
ag,5120,10240,128,gpu,79,c_fluxgemm,3,0.11878,0.11674,0.11674,0.03666,1410,1
ag,5120,10240,128,gpu,79,c_flux_ag,1,0.07773,0.06195,0.07773,0.04380,1410,1
ag,5120,10240,128,gpu,79,A_fused,0,0.18534,0.18022,0.18125,0.07134,1410,1
ag,5120,10240,128,gpu,80,c_cublas,2,0.10650,0.10445,0.10650,0.03649,1410,1
ag,5120,10240,128,gpu,80,c_fluxgemm,0,0.11776,0.11571,0.11776,0.03347,1410,1
ag,5120,10240,128,gpu,80,c_flux_ag,3,0.07232,0.07053,0.07232,0.04375,1410,1
ag,5120,10240,128,gpu,80,A_fused,1,0.19046,0.18534,0.19046,0.06236,1410,1
ag,5120,10240,128,gpu,81,c_cublas,0,0.10650,0.10445,0.10547,0.03690,1410,1
ag,5120,10240,128,gpu,81,c_fluxgemm,3,0.11981,0.11776,0.11878,0.03489,1410,1
ag,5120,10240,128,gpu,81,c_flux_ag,2,0.07370,0.06576,0.07370,0.04025,1410,1
ag,5120,10240,128,gpu,81,A_fused,1,0.18330,0.16691,0.16794,0.06499,1410,1
ag,5120,10240,128,gpu,82,c_cublas,0,0.10854,0.10547,0.10854,0.03810,1410,1
ag,5120,10240,128,gpu,82,c_fluxgemm,3,0.11981,0.11776,0.11776,0.03455,1410,1
ag,5120,10240,128,gpu,82,c_flux_ag,2,0.08464,0.07398,0.08464,0.04049,1410,1
ag,5120,10240,128,gpu,82,A_fused,1,0.20480,0.19046,0.19661,0.06488,1410,1
ag,5120,10240,128,gpu,83,c_cublas,0,0.10752,0.10547,0.10547,0.03861,1410,1
ag,5120,10240,128,gpu,83,c_fluxgemm,2,0.12083,0.11776,0.11878,0.03617,1410,1
ag,5120,10240,128,gpu,83,c_flux_ag,1,0.08285,0.06976,0.07514,0.04527,1410,1
ag,5120,10240,128,gpu,83,A_fused,3,0.19046,0.18227,0.18739,0.06069,1410,1
ag,5120,10240,128,gpu,84,c_cublas,2,0.10650,0.10342,0.10547,0.03786,1410,1
ag,5120,10240,128,gpu,84,c_fluxgemm,3,0.11776,0.11674,0.11776,0.03589,1410,1
ag,5120,10240,128,gpu,84,c_flux_ag,1,0.07747,0.07075,0.07075,0.04010,1410,1
ag,5120,10240,128,gpu,84,A_fused,0,0.18330,0.18022,0.18125,0.06428,1410,1
ag,5120,10240,128,gpu,85,c_cublas,2,0.10650,0.10445,0.10650,0.03724,1410,1
ag,5120,10240,128,gpu,85,c_fluxgemm,3,0.12083,0.11776,0.11878,0.03604,1410,1
ag,5120,10240,128,gpu,85,c_flux_ag,1,0.06784,0.06352,0.06352,0.03956,1410,1
ag,5120,10240,128,gpu,85,A_fused,0,0.18739,0.17818,0.18125,0.06346,1410,1
ag,5120,10240,128,gpu,86,c_cublas,0,0.10854,0.10650,0.10752,0.03713,1410,1
ag,5120,10240,128,gpu,86,c_fluxgemm,3,0.11981,0.11776,0.11878,0.03470,1410,1
ag,5120,10240,128,gpu,86,c_flux_ag,2,0.07168,0.06093,0.06154,0.04025,1410,1
ag,5120,10240,128,gpu,86,A_fused,1,0.18944,0.18125,0.18842,0.06428,1410,1
ag,5120,10240,128,gpu,87,c_cublas,3,0.10752,0.10547,0.10752,0.03684,1410,1
ag,5120,10240,128,gpu,87,c_fluxgemm,2,0.11981,0.11776,0.11981,0.03349,1410,1
ag,5120,10240,128,gpu,87,c_flux_ag,0,0.07437,0.06662,0.07197,0.04480,1410,1
ag,5120,10240,128,gpu,87,A_fused,1,0.17715,0.17203,0.17613,0.05958,1410,1
ag,5120,10240,128,gpu,88,c_cublas,1,0.10650,0.10445,0.10650,0.03592,1410,1
ag,5120,10240,128,gpu,88,c_fluxgemm,2,0.11776,0.11571,0.11776,0.03684,1410,1
ag,5120,10240,128,gpu,88,c_flux_ag,0,0.10685,0.09203,0.10685,0.04562,1410,1
ag,5120,10240,128,gpu,88,A_fused,3,0.18534,0.16896,0.16896,0.06141,1410,1
ag,5120,10240,128,gpu,89,c_cublas,3,0.10752,0.10445,0.10650,0.03710,1410,1
ag,5120,10240,128,gpu,89,c_fluxgemm,0,0.11878,0.11674,0.11878,0.03543,1410,1
ag,5120,10240,128,gpu,89,c_flux_ag,2,0.07350,0.07069,0.07283,0.04042,1410,1
ag,5120,10240,128,gpu,89,A_fused,1,0.18739,0.18534,0.18739,0.06040,1410,1
ag,5120,10240,128,gpu,90,c_cublas,2,0.10854,0.10445,0.10854,0.03660,1410,1
ag,5120,10240,128,gpu,90,c_fluxgemm,3,0.11981,0.11776,0.11878,0.03590,1410,1
ag,5120,10240,128,gpu,90,c_flux_ag,1,0.07427,0.06109,0.07427,0.03985,1410,1
ag,5120,10240,128,gpu,90,A_fused,0,0.17715,0.16896,0.16896,0.06561,1410,1
ag,5120,10240,128,gpu,91,c_cublas,0,0.10650,0.10342,0.10650,0.03704,1410,1
ag,5120,10240,128,gpu,91,c_fluxgemm,1,0.11776,0.11571,0.11776,0.03550,1410,1
ag,5120,10240,128,gpu,91,c_flux_ag,3,0.08422,0.07376,0.07888,0.04125,1410,1
ag,5120,10240,128,gpu,91,A_fused,2,0.19251,0.18739,0.19149,0.06221,1410,1
ag,5120,10240,128,gpu,92,c_cublas,1,0.10650,0.10547,0.10547,0.03729,1410,1
ag,5120,10240,128,gpu,92,c_fluxgemm,0,0.11878,0.11571,0.11571,0.03619,1410,1
ag,5120,10240,128,gpu,92,c_flux_ag,3,0.08294,0.06589,0.08294,0.03987,1410,1
ag,5120,10240,128,gpu,92,A_fused,2,0.18534,0.17203,0.17203,0.06385,1410,1
ag,5120,10240,128,gpu,93,c_cublas,3,0.10650,0.10445,0.10650,0.03706,1410,1
ag,5120,10240,128,gpu,93,c_fluxgemm,2,0.11981,0.11571,0.11776,0.03497,1410,1
ag,5120,10240,128,gpu,93,c_flux_ag,1,0.10352,0.08733,0.10166,0.03932,1410,1
ag,5120,10240,128,gpu,93,A_fused,0,0.17510,0.16998,0.16998,0.06197,1410,1
ag,5120,10240,128,gpu,94,c_cublas,0,0.10752,0.10650,0.10752,0.03416,1410,1
ag,5120,10240,128,gpu,94,c_fluxgemm,2,0.11981,0.11776,0.11776,0.03638,1410,1
ag,5120,10240,128,gpu,94,c_flux_ag,1,0.07213,0.06240,0.07213,0.04623,1410,1
ag,5120,10240,128,gpu,94,A_fused,3,0.20173,0.18534,0.18534,0.06067,1410,1
ag,5120,10240,128,gpu,95,c_cublas,1,0.10752,0.10445,0.10752,0.03774,1410,1
ag,5120,10240,128,gpu,95,c_fluxgemm,0,0.11981,0.11776,0.11776,0.03830,1410,1
ag,5120,10240,128,gpu,95,c_flux_ag,3,0.06410,0.06240,0.06278,0.04107,1410,1
ag,5120,10240,128,gpu,95,A_fused,2,0.18944,0.18534,0.18534,0.06472,1410,1
ag,5120,10240,128,gpu,96,c_cublas,1,0.10650,0.10547,0.10650,0.03750,1410,1
ag,5120,10240,128,gpu,96,c_fluxgemm,2,0.11981,0.11571,0.11776,0.03711,1410,1
ag,5120,10240,128,gpu,96,c_flux_ag,0,0.07018,0.06586,0.06922,0.04224,1410,1
ag,5120,10240,128,gpu,96,A_fused,3,0.19866,0.18842,0.19866,0.06215,1410,1
ag,5120,10240,128,gpu,97,c_cublas,2,0.10650,0.10342,0.10547,0.03764,1410,1
ag,5120,10240,128,gpu,97,c_fluxgemm,3,0.11878,0.11776,0.11776,0.03659,1410,1
ag,5120,10240,128,gpu,97,c_flux_ag,0,0.08326,0.07424,0.08326,0.04480,1410,1
ag,5120,10240,128,gpu,97,A_fused,1,0.18227,0.16998,0.17306,0.05940,1410,1
ag,5120,10240,128,gpu,98,c_cublas,0,0.10752,0.10650,0.10752,0.03669,1410,1
ag,5120,10240,128,gpu,98,c_fluxgemm,2,0.11981,0.11776,0.11776,0.03751,1410,1
ag,5120,10240,128,gpu,98,c_flux_ag,1,1.06282,0.10320,1.06083,0.04871,1410,1
ag,5120,10240,128,gpu,98,A_fused,3,0.17203,0.16691,0.16691,0.06186,1410,1
ag,5120,10240,128,gpu,99,c_cublas,0,0.10752,0.10445,0.10752,0.03794,1410,1
ag,5120,10240,128,gpu,99,c_fluxgemm,2,0.11981,0.11674,0.11878,0.03383,1410,1
ag,5120,10240,128,gpu,99,c_flux_ag,3,0.08966,0.08054,0.08291,0.04254,1410,1
ag,5120,10240,128,gpu,99,A_fused,1,0.17408,0.16794,0.16794,0.06408,1410,1
ag,5120,10240,128,gpu,100,c_cublas,1,0.10650,0.10342,0.10650,0.03692,1410,1
ag,5120,10240,128,gpu,100,c_fluxgemm,2,0.11981,0.11776,0.11878,0.03622,1410,1
ag,5120,10240,128,gpu,100,c_flux_ag,3,0.08250,0.07398,0.08250,0.04433,1410,1
ag,5120,10240,128,gpu,100,A_fused,0,0.17818,0.16896,0.17818,0.06277,1410,1
ag,5120,10240,128,gpu,101,c_cublas,3,0.10650,0.10240,0.10445,0.03724,1410,1
ag,5120,10240,128,gpu,101,c_fluxgemm,0,0.15053,0.11776,0.11776,0.04076,1410,1
ag,5120,10240,128,gpu,101,c_flux_ag,1,0.09066,0.07965,0.09066,0.04458,1410,1
ag,5120,10240,128,gpu,101,A_fused,2,0.19149,0.19046,0.19046,0.05915,1410,1
ag,5120,10240,128,gpu,102,c_cublas,2,0.10650,0.10342,0.10650,0.03713,1410,1
ag,5120,10240,128,gpu,102,c_fluxgemm,1,0.11878,0.11776,0.11776,0.03647,1410,1
ag,5120,10240,128,gpu,102,c_flux_ag,0,0.08326,0.07411,0.08326,0.05234,1410,1
ag,5120,10240,128,gpu,102,A_fused,3,0.17510,0.17203,0.17510,0.06411,1410,1
ag,5120,10240,128,gpu,103,c_cublas,0,0.10752,0.10547,0.10752,0.03705,1410,1
ag,5120,10240,128,gpu,103,c_fluxgemm,3,0.11776,0.11571,0.11674,0.03449,1410,1
ag,5120,10240,128,gpu,103,c_flux_ag,2,0.07987,0.06435,0.07408,0.04065,1410,1
ag,5120,10240,128,gpu,103,A_fused,1,0.20685,0.19866,0.20582,0.06428,1410,1
ag,5120,10240,128,gpu,104,c_cublas,0,0.10650,0.10342,0.10547,0.04510,1410,1
ag,5120,10240,128,gpu,104,c_fluxgemm,2,0.12083,0.11878,0.11878,0.03351,1410,1
ag,5120,10240,128,gpu,104,c_flux_ag,3,0.08547,0.08003,0.08144,0.04215,1410,1
ag,5120,10240,128,gpu,104,A_fused,1,0.18842,0.17920,0.18022,0.06511,1410,1
ag,5120,10240,128,gpu,105,c_cublas,0,0.10547,0.10445,0.10445,0.04509,1410,1
ag,5120,10240,128,gpu,105,c_fluxgemm,2,0.11776,0.11674,0.11776,0.03620,1410,1
ag,5120,10240,128,gpu,105,c_flux_ag,1,0.08304,0.07072,0.07088,0.04515,1410,1
ag,5120,10240,128,gpu,105,A_fused,3,0.18739,0.18022,0.18739,0.06112,1410,1
ag,5120,10240,128,gpu,106,c_cublas,2,0.10752,0.10445,0.10752,0.03698,1410,1
ag,5120,10240,128,gpu,106,c_fluxgemm,3,0.11981,0.11674,0.11878,0.03648,1410,1
ag,5120,10240,128,gpu,106,c_flux_ag,1,0.06579,0.06128,0.06253,0.04017,1410,1
ag,5120,10240,128,gpu,106,A_fused,0,0.17408,0.16794,0.16794,0.06639,1410,1
ag,5120,10240,128,gpu,107,c_cublas,2,0.10650,0.10240,0.10650,0.03659,1410,1
ag,5120,10240,128,gpu,107,c_fluxgemm,0,0.11981,0.11776,0.11878,0.03379,1410,1
ag,5120,10240,128,gpu,107,c_flux_ag,3,0.07072,0.06995,0.07043,0.04470,1410,1
ag,5120,10240,128,gpu,107,A_fused,1,0.19456,0.18534,0.19046,0.06849,1410,1
ag,5120,10240,128,gpu,108,c_cublas,2,0.10752,0.10445,0.10752,0.03734,1410,1
ag,5120,10240,128,gpu,108,c_fluxgemm,3,0.11878,0.11674,0.11878,0.03605,1410,1
ag,5120,10240,128,gpu,108,c_flux_ag,1,0.06966,0.06224,0.06224,0.03977,1410,1
ag,5120,10240,128,gpu,108,A_fused,0,0.19558,0.18944,0.19046,0.06329,1410,1
ag,5120,10240,128,gpu,109,c_cublas,1,0.10752,0.10445,0.10752,0.03730,1410,1
ag,5120,10240,128,gpu,109,c_fluxgemm,3,0.11878,0.11674,0.11776,0.03612,1410,1
ag,5120,10240,128,gpu,109,c_flux_ag,2,0.07085,0.06301,0.07050,0.04573,1410,1
ag,5120,10240,128,gpu,109,A_fused,0,0.20480,0.19661,0.20480,0.06505,1410,1
ag,5120,10240,128,gpu,110,c_cublas,1,0.10650,0.10445,0.10547,0.03773,1410,1
ag,5120,10240,128,gpu,110,c_fluxgemm,2,0.11981,0.11776,0.11776,0.03618,1410,1
ag,5120,10240,128,gpu,110,c_flux_ag,0,0.07098,0.06557,0.06861,0.04482,1410,1
ag,5120,10240,128,gpu,110,A_fused,3,0.18739,0.18330,0.18739,0.06205,1410,1
ag,5120,10240,128,gpu,111,c_cublas,2,0.10650,0.10547,0.10650,0.03708,1410,1
ag,5120,10240,128,gpu,111,c_fluxgemm,0,0.11878,0.11776,0.11776,0.03521,1410,1
ag,5120,10240,128,gpu,111,c_flux_ag,3,0.06675,0.06442,0.06477,0.04405,1410,1
ag,5120,10240,128,gpu,111,A_fused,1,0.18637,0.17818,0.17818,0.06125,1410,1
ag,5120,10240,128,gpu,112,c_cublas,0,0.13722,0.10445,0.13414,0.03934,1410,1
ag,5120,10240,128,gpu,112,c_fluxgemm,1,0.11878,0.11571,0.11674,0.03707,1410,1
ag,5120,10240,128,gpu,112,c_flux_ag,2,0.09203,0.08461,0.08461,0.04418,1410,1
ag,5120,10240,128,gpu,112,A_fused,3,0.18432,0.17818,0.18125,0.06003,1410,1
ag,5120,10240,128,gpu,113,c_cublas,3,0.10752,0.10445,0.10650,0.03754,1410,1
ag,5120,10240,128,gpu,113,c_fluxgemm,1,0.11776,0.11571,0.11571,0.04115,1410,1
ag,5120,10240,128,gpu,113,c_flux_ag,0,0.09309,0.08362,0.08362,0.04859,1410,1
ag,5120,10240,128,gpu,113,A_fused,2,0.18227,0.16794,0.17613,0.06402,1410,1
ag,5120,10240,128,gpu,114,c_cublas,1,0.10650,0.10342,0.10547,0.03641,1410,1
ag,5120,10240,128,gpu,114,c_fluxgemm,2,0.11878,0.11878,0.11878,0.03688,1410,1
ag,5120,10240,128,gpu,114,c_flux_ag,0,0.09520,0.08582,0.09005,0.04630,1410,1
ag,5120,10240,128,gpu,114,A_fused,3,0.17203,0.16794,0.16794,0.06187,1410,1
ag,5120,10240,128,gpu,115,c_cublas,0,0.10752,0.10445,0.10650,0.03847,1410,1
ag,5120,10240,128,gpu,115,c_fluxgemm,3,0.11878,0.11776,0.11776,0.03402,1410,1
ag,5120,10240,128,gpu,115,c_flux_ag,1,0.07216,0.06435,0.07155,0.04539,1410,1
ag,5120,10240,128,gpu,115,A_fused,2,0.17306,0.16589,0.16589,0.05975,1410,1
ag,5120,10240,128,gpu,116,c_cublas,2,0.10650,0.10445,0.10650,0.05659,1410,1
ag,5120,10240,128,gpu,116,c_fluxgemm,0,0.11878,0.11571,0.11571,0.03311,1410,1
ag,5120,10240,128,gpu,116,c_flux_ag,1,0.09309,0.08413,0.08598,0.04637,1410,1
ag,5120,10240,128,gpu,116,A_fused,3,0.18227,0.17510,0.17510,0.06319,1410,1
ag,5120,10240,128,gpu,117,c_cublas,3,0.10752,0.10342,0.10752,0.03707,1410,1
ag,5120,10240,128,gpu,117,c_fluxgemm,2,0.12186,0.11674,0.11674,0.03334,1410,1
ag,5120,10240,128,gpu,117,c_flux_ag,0,0.06947,0.06230,0.06947,0.04440,1410,1
ag,5120,10240,128,gpu,117,A_fused,1,0.16794,0.16282,0.16486,0.05924,1410,1
ag,5120,10240,128,gpu,118,c_cublas,0,0.10752,0.10342,0.10752,0.03455,1410,1
ag,5120,10240,128,gpu,118,c_fluxgemm,1,0.11878,0.11878,0.11878,0.03689,1410,1
ag,5120,10240,128,gpu,118,c_flux_ag,3,0.07910,0.07155,0.07155,0.04016,1410,1
ag,5120,10240,128,gpu,118,A_fused,2,0.19046,0.18944,0.18944,0.06203,1410,1
ag,5120,10240,128,gpu,119,c_cublas,1,0.10854,0.10547,0.10854,0.03810,1410,1
ag,5120,10240,128,gpu,119,c_fluxgemm,2,0.11981,0.11776,0.11776,0.03692,1410,1
ag,5120,10240,128,gpu,119,c_flux_ag,0,0.07427,0.06742,0.06749,0.04500,1410,1
ag,5120,10240,128,gpu,119,A_fused,3,0.20275,0.19456,0.20275,0.06232,1410,1
ag,5120,10240,128,gpu,120,c_cublas,0,0.10547,0.10445,0.10547,0.03789,1410,1
ag,5120,10240,128,gpu,120,c_fluxgemm,1,0.12083,0.11674,0.11776,0.03686,1410,1
ag,5120,10240,128,gpu,120,c_flux_ag,3,0.06570,0.06160,0.06346,0.04097,1410,1
ag,5120,10240,128,gpu,120,A_fused,2,0.18227,0.18022,0.18227,0.06179,1410,1
ag,5120,10240,128,gpu,121,c_cublas,3,0.10650,0.10547,0.10650,0.03683,1410,1
ag,5120,10240,128,gpu,121,c_fluxgemm,2,0.11674,0.11674,0.11674,0.03402,1410,1
ag,5120,10240,128,gpu,121,c_flux_ag,0,0.07312,0.06573,0.06941,0.04179,1410,1
ag,5120,10240,128,gpu,121,A_fused,1,0.17101,0.16486,0.17101,0.05976,1410,1
ag,5120,10240,128,gpu,122,c_cublas,2,0.10650,0.10240,0.10547,0.03615,1410,1
ag,5120,10240,128,gpu,122,c_fluxgemm,0,0.11981,0.11674,0.11981,0.03680,1410,1
ag,5120,10240,128,gpu,122,c_flux_ag,3,0.08346,0.07571,0.08346,0.04489,1410,1
ag,5120,10240,128,gpu,122,A_fused,1,0.20890,0.19354,0.20173,0.06299,1410,1
ag,5120,10240,128,gpu,123,c_cublas,0,0.10650,0.10445,0.10650,0.03760,1410,1
ag,5120,10240,128,gpu,123,c_fluxgemm,2,0.11878,0.11571,0.11571,0.03466,1410,1
ag,5120,10240,128,gpu,123,c_flux_ag,3,0.09859,0.08499,0.09859,0.04279,1410,1
ag,5120,10240,128,gpu,123,A_fused,1,0.18534,0.17613,0.17715,0.06415,1410,1
ag,5120,10240,128,gpu,124,c_cublas,2,0.10752,0.10342,0.10547,0.03765,1410,1
ag,5120,10240,128,gpu,124,c_fluxgemm,3,0.11981,0.11571,0.11776,0.03676,1410,1
ag,5120,10240,128,gpu,124,c_flux_ag,1,0.06851,0.05984,0.06093,0.04049,1410,1
ag,5120,10240,128,gpu,124,A_fused,0,0.20378,0.19251,0.19558,0.06306,1410,1
ag,5120,10240,128,gpu,125,c_cublas,0,0.10650,0.10445,0.10445,0.03709,1410,1
ag,5120,10240,128,gpu,125,c_fluxgemm,3,0.11981,0.11776,0.11776,0.03469,1410,1
ag,5120,10240,128,gpu,125,c_flux_ag,2,0.06403,0.06061,0.06403,0.04116,1410,1
ag,5120,10240,128,gpu,125,A_fused,1,0.19968,0.19456,0.19456,0.06513,1410,1
ag,5120,10240,128,gpu,126,c_cublas,1,0.10854,0.10650,0.10854,0.03726,1410,1
ag,5120,10240,128,gpu,126,c_fluxgemm,0,0.11878,0.11776,0.11878,0.03332,1410,1
ag,5120,10240,128,gpu,126,c_flux_ag,3,0.07014,0.06310,0.07014,0.04793,1410,1
ag,5120,10240,128,gpu,126,A_fused,2,0.17920,0.17408,0.17715,0.06394,1410,1
ag,5120,10240,128,gpu,127,c_cublas,2,0.10752,0.10547,0.10650,0.03746,1410,1
ag,5120,10240,128,gpu,127,c_fluxgemm,1,0.11878,0.11674,0.11878,0.03578,1410,1
ag,5120,10240,128,gpu,127,c_flux_ag,0,0.08000,0.06832,0.07120,0.04075,1410,1
ag,5120,10240,128,gpu,127,A_fused,3,0.19149,0.18227,0.19149,0.06533,1410,1
ag,5120,10240,128,gpu,128,c_cublas,3,0.10547,0.10445,0.10547,0.03714,1410,1
ag,5120,10240,128,gpu,128,c_fluxgemm,2,0.11878,0.11571,0.11571,0.03467,1410,1
ag,5120,10240,128,gpu,128,c_flux_ag,0,0.06870,0.06458,0.06650,0.04315,1410,1
ag,5120,10240,128,gpu,128,A_fused,1,0.17920,0.16998,0.16998,0.06326,1410,1
ag,5120,10240,128,gpu,129,c_cublas,3,0.10752,0.10342,0.10752,0.03700,1410,1
ag,5120,10240,128,gpu,129,c_fluxgemm,1,0.11878,0.11674,0.11878,0.03583,1410,1
ag,5120,10240,128,gpu,129,c_flux_ag,0,0.09766,0.07904,0.09766,0.04583,1410,1
ag,5120,10240,128,gpu,129,A_fused,2,0.19763,0.19558,0.19558,0.06182,1410,1
ag,5120,10240,128,gpu,130,c_cublas,0,0.10752,0.10445,0.10752,0.03553,1410,1
ag,5120,10240,128,gpu,130,c_fluxgemm,3,0.11981,0.11776,0.11878,0.04149,1410,1
ag,5120,10240,128,gpu,130,c_flux_ag,2,0.10400,0.08858,0.09728,0.04281,1410,1
ag,5120,10240,128,gpu,130,A_fused,1,0.18432,0.17818,0.18125,0.06524,1410,1
ag,5120,10240,128,gpu,131,c_cublas,2,0.10752,0.10342,0.10547,0.03711,1410,1
ag,5120,10240,128,gpu,131,c_fluxgemm,0,0.11981,0.11776,0.11776,0.03312,1410,1
ag,5120,10240,128,gpu,131,c_flux_ag,3,0.07440,0.07178,0.07270,0.05074,1410,1
ag,5120,10240,128,gpu,131,A_fused,1,0.18534,0.17408,0.17408,0.06260,1410,1
ag,5120,10240,128,gpu,132,c_cublas,3,0.10650,0.10547,0.10650,0.03714,1410,1
ag,5120,10240,128,gpu,132,c_fluxgemm,2,0.11776,0.11674,0.11674,0.03670,1410,1
ag,5120,10240,128,gpu,132,c_flux_ag,1,0.07232,0.06982,0.07165,0.11651,1410,1
ag,5120,10240,128,gpu,132,A_fused,0,0.18637,0.18227,0.18534,0.06341,1410,1
ag,5120,10240,128,gpu,133,c_cublas,1,0.10650,0.10342,0.10547,0.03636,1410,1
ag,5120,10240,128,gpu,133,c_fluxgemm,0,0.11981,0.11674,0.11674,0.03670,1410,1
ag,5120,10240,128,gpu,133,c_flux_ag,3,0.08762,0.08019,0.08762,0.12137,1410,1
ag,5120,10240,128,gpu,133,A_fused,2,0.18944,0.18432,0.18842,0.06531,1410,1
ag,5120,10240,128,gpu,134,c_cublas,2,0.10650,0.10445,0.10547,0.03716,1410,1
ag,5120,10240,128,gpu,134,c_fluxgemm,0,0.11878,0.11776,0.11776,0.03816,1410,1
ag,5120,10240,128,gpu,134,c_flux_ag,3,0.09155,0.07731,0.08509,0.05149,1410,1
ag,5120,10240,128,gpu,134,A_fused,1,0.19354,0.18432,0.19354,0.06268,1410,1
ag,5120,10240,128,gpu,135,c_cublas,1,0.10650,0.10547,0.10547,0.03672,1410,1
ag,5120,10240,128,gpu,135,c_fluxgemm,3,0.11776,0.11674,0.11674,0.04325,1410,1
ag,5120,10240,128,gpu,135,c_flux_ag,2,0.06890,0.06006,0.06890,0.04400,1410,1
ag,5120,10240,128,gpu,135,A_fused,0,0.19456,0.18637,0.18637,0.06358,1410,1
ag,5120,10240,128,gpu,136,c_cublas,1,0.10650,0.10240,0.10650,0.22584,1410,1
ag,5120,10240,128,gpu,136,c_fluxgemm,3,0.11878,0.11674,0.11776,0.04253,1410,1
ag,5120,10240,128,gpu,136,c_flux_ag,2,0.07162,0.06448,0.07162,0.11523,1410,1
ag,5120,10240,128,gpu,136,A_fused,0,0.20787,0.20070,0.20173,0.06265,1410,1
ag,5120,10240,128,gpu,137,c_cublas,2,0.10650,0.10547,0.10650,0.03755,1410,1
ag,5120,10240,128,gpu,137,c_fluxgemm,0,0.11878,0.11571,0.11571,0.03301,1410,1
ag,5120,10240,128,gpu,137,c_flux_ag,1,0.07632,0.06957,0.07632,0.04367,1410,1
ag,5120,10240,128,gpu,137,A_fused,3,0.18534,0.16794,0.16794,0.07325,1410,1
ag,5120,10240,128,gpu,138,c_cublas,1,0.10752,0.10547,0.10650,0.03740,1410,1
ag,5120,10240,128,gpu,138,c_fluxgemm,2,0.11981,0.11776,0.11776,0.03700,1410,1
ag,5120,10240,128,gpu,138,c_flux_ag,0,0.07635,0.06794,0.07613,0.04281,1410,1
ag,5120,10240,128,gpu,138,A_fused,3,0.19661,0.18739,0.18739,0.07067,1410,1
ag,5120,10240,128,gpu,139,c_cublas,3,0.10752,0.10445,0.10752,0.03720,1410,1
ag,5120,10240,128,gpu,139,c_fluxgemm,1,0.11878,0.11776,0.11878,0.03458,1410,1
ag,5120,10240,128,gpu,139,c_flux_ag,0,0.08579,0.07053,0.07053,0.04250,1410,1
ag,5120,10240,128,gpu,139,A_fused,2,0.19046,0.18022,0.19046,0.05953,1410,1
ag,5120,10240,128,gpu,140,c_cublas,0,0.10650,0.10445,0.10547,0.03454,1410,1
ag,5120,10240,128,gpu,140,c_fluxgemm,1,0.11878,0.11674,0.11674,0.03720,1410,1
ag,5120,10240,128,gpu,140,c_flux_ag,2,0.08557,0.08230,0.08230,0.04854,1410,1
ag,5120,10240,128,gpu,140,A_fused,3,0.18944,0.17920,0.18944,0.06068,1410,1
ag,5120,10240,128,gpu,141,c_cublas,3,0.10752,0.10547,0.10650,0.03778,1410,1
ag,5120,10240,128,gpu,141,c_fluxgemm,1,0.11981,0.11776,0.11776,0.03319,1410,1
ag,5120,10240,128,gpu,141,c_flux_ag,2,0.09830,0.09248,0.09757,0.05148,1410,1
ag,5120,10240,128,gpu,141,A_fused,0,0.17306,0.16794,0.16794,0.06152,1410,1
ag,5120,10240,128,gpu,142,c_cublas,2,0.10752,0.10650,0.10752,0.04292,1410,1
ag,5120,10240,128,gpu,142,c_fluxgemm,3,0.11981,0.11674,0.11878,0.03727,1410,1
ag,5120,10240,128,gpu,142,c_flux_ag,0,0.08224,0.07709,0.08045,0.04593,1410,1
ag,5120,10240,128,gpu,142,A_fused,1,0.17613,0.16998,0.16998,0.06195,1410,1
ag,5120,10240,128,gpu,143,c_cublas,3,0.10650,0.10445,0.10650,0.03741,1410,1
ag,5120,10240,128,gpu,143,c_fluxgemm,0,0.11878,0.11674,0.11674,0.03332,1410,1
ag,5120,10240,128,gpu,143,c_flux_ag,1,0.07974,0.07270,0.07763,0.04475,1410,1
ag,5120,10240,128,gpu,143,A_fused,2,0.18227,0.17203,0.17510,0.05911,1410,1
ag,5120,10240,128,gpu,144,c_cublas,1,0.10650,0.10342,0.10445,0.03564,1410,1
ag,5120,10240,128,gpu,144,c_fluxgemm,3,0.11878,0.11571,0.11878,0.03458,1410,1
ag,5120,10240,128,gpu,144,c_flux_ag,0,0.08563,0.07776,0.08563,0.04623,1410,1
ag,5120,10240,128,gpu,144,A_fused,2,0.18842,0.16794,0.17306,0.06914,1410,1
ag,5120,10240,128,gpu,145,c_cublas,1,0.10547,0.10445,0.10445,0.03758,1410,1
ag,5120,10240,128,gpu,145,c_fluxgemm,3,0.11878,0.11776,0.11776,0.03383,1410,1
ag,5120,10240,128,gpu,145,c_flux_ag,0,0.08861,0.07933,0.08861,0.04565,1410,1
ag,5120,10240,128,gpu,145,A_fused,2,0.18330,0.17510,0.18330,0.07179,1410,1
ag,5120,10240,128,gpu,146,c_cublas,0,0.10854,0.10342,0.10650,0.05833,1410,1
ag,5120,10240,128,gpu,146,c_fluxgemm,1,0.11981,0.11878,0.11878,0.03728,1410,1
ag,5120,10240,128,gpu,146,c_flux_ag,2,0.09843,0.08768,0.08806,0.04439,1410,1
ag,5120,10240,128,gpu,146,A_fused,3,0.19354,0.18227,0.18227,0.06187,1410,1
ag,5120,10240,128,gpu,147,c_cublas,0,0.18227,0.10445,0.10650,0.08589,1410,1
ag,5120,10240,128,gpu,147,c_fluxgemm,2,0.12083,0.11776,0.11981,0.08432,1410,1
ag,5120,10240,128,gpu,147,c_flux_ag,1,0.10803,0.08893,0.10803,0.11487,1410,1
ag,5120,10240,128,gpu,147,A_fused,3,0.18432,0.17510,0.17818,0.10534,1410,1
ag,5120,10240,128,gpu,148,c_cublas,1,0.10650,0.10240,0.10445,0.03794,1410,1
ag,5120,10240,128,gpu,148,c_fluxgemm,0,0.11878,0.11571,0.11571,0.03889,1410,1
ag,5120,10240,128,gpu,148,c_flux_ag,2,0.09190,0.08282,0.08563,0.04807,1410,1
ag,5120,10240,128,gpu,148,A_fused,3,0.17920,0.16486,0.17510,0.06282,1410,1
ag,5120,10240,128,gpu,149,c_cublas,1,0.10650,0.10547,0.10650,0.03725,1410,1
ag,5120,10240,128,gpu,149,c_fluxgemm,0,0.11674,0.11674,0.11674,0.03805,1410,1
ag,5120,10240,128,gpu,149,c_flux_ag,2,0.09507,0.07920,0.08691,0.04630,1410,1
ag,5120,10240,128,gpu,149,A_fused,3,0.17510,0.16896,0.17203,0.06024,1410,1
ag,5120,10240,128,gpu,150,c_cublas,2,0.10650,0.10445,0.10547,0.03764,1410,1
ag,5120,10240,128,gpu,150,c_fluxgemm,0,0.12698,0.11878,0.11878,0.03902,1410,1
ag,5120,10240,128,gpu,150,c_flux_ag,1,0.07693,0.06979,0.07037,0.04469,1410,1
ag,5120,10240,128,gpu,150,A_fused,3,0.17306,0.16794,0.17101,0.06750,1410,1
ag,5120,10240,128,gpu,151,c_cublas,0,0.10650,0.10547,0.10650,0.03832,1410,1
ag,5120,10240,128,gpu,151,c_fluxgemm,1,0.11878,0.11674,0.11674,0.03701,1410,1
ag,5120,10240,128,gpu,151,c_flux_ag,2,0.08810,0.08355,0.08355,0.04528,1410,1
ag,5120,10240,128,gpu,151,A_fused,3,0.18637,0.18022,0.18637,0.07106,1410,1
ag,5120,10240,128,gpu,152,c_cublas,0,0.10854,0.10240,0.10854,0.03896,1410,1
ag,5120,10240,128,gpu,152,c_fluxgemm,3,0.11878,0.11674,0.11674,0.04012,1410,1
ag,5120,10240,128,gpu,152,c_flux_ag,1,0.07990,0.06813,0.07085,0.04605,1410,1
ag,5120,10240,128,gpu,152,A_fused,2,0.19968,0.18534,0.19251,0.05999,1410,1
ag,5120,10240,128,gpu,153,c_cublas,1,0.10752,0.10547,0.10752,0.03766,1410,1
ag,5120,10240,128,gpu,153,c_fluxgemm,3,0.11981,0.11776,0.11776,0.04302,1410,1
ag,5120,10240,128,gpu,153,c_flux_ag,2,0.06710,0.06198,0.06198,0.04491,1410,1
ag,5120,10240,128,gpu,153,A_fused,0,0.18022,0.17408,0.17920,0.06400,1410,1
ag,5120,10240,128,gpu,154,c_cublas,0,0.10752,0.10342,0.10752,0.04610,1410,1
ag,5120,10240,128,gpu,154,c_fluxgemm,2,0.11981,0.11674,0.11776,0.03355,1410,1
ag,5120,10240,128,gpu,154,c_flux_ag,3,0.08522,0.07309,0.08522,0.04962,1410,1
ag,5120,10240,128,gpu,154,A_fused,1,0.18534,0.18227,0.18534,0.06525,1410,1
ag,5120,10240,128,gpu,155,c_cublas,3,0.10650,0.10445,0.10445,0.04387,1410,1
ag,5120,10240,128,gpu,155,c_fluxgemm,0,0.11981,0.11674,0.11674,0.03658,1410,1
ag,5120,10240,128,gpu,155,c_flux_ag,1,0.07958,0.07088,0.07226,0.04328,1410,1
ag,5120,10240,128,gpu,155,A_fused,2,0.18227,0.16794,0.18227,0.06175,1410,1
ag,5120,10240,128,gpu,156,c_cublas,2,0.10650,0.10445,0.10650,0.03683,1410,1
ag,5120,10240,128,gpu,156,c_fluxgemm,3,0.11776,0.11674,0.11776,0.04434,1410,1
ag,5120,10240,128,gpu,156,c_flux_ag,1,0.07130,0.06454,0.07075,0.04153,1410,1
ag,5120,10240,128,gpu,156,A_fused,0,0.17408,0.16589,0.16589,0.07735,1410,1
ag,5120,10240,128,gpu,157,c_cublas,1,0.10650,0.10445,0.10445,0.03643,1410,1
ag,5120,10240,128,gpu,157,c_fluxgemm,2,0.11878,0.11776,0.11776,0.03580,1410,1
ag,5120,10240,128,gpu,157,c_flux_ag,3,0.09360,0.09242,0.09242,0.05184,1410,1
ag,5120,10240,128,gpu,157,A_fused,0,0.19354,0.18739,0.19251,0.06445,1410,1
ag,5120,10240,128,gpu,158,c_cublas,0,0.10752,0.10547,0.10752,0.03837,1410,1
ag,5120,10240,128,gpu,158,c_fluxgemm,2,0.11878,0.11674,0.11674,0.03406,1410,1
ag,5120,10240,128,gpu,158,c_flux_ag,3,0.07955,0.06806,0.06806,0.04940,1410,1
ag,5120,10240,128,gpu,158,A_fused,1,0.19866,0.18534,0.19149,0.06425,1410,1
ag,5120,10240,128,gpu,159,c_cublas,2,0.10650,0.10445,0.10650,0.03704,1410,1
ag,5120,10240,128,gpu,159,c_fluxgemm,0,0.11981,0.11674,0.11674,0.03617,1410,1
ag,5120,10240,128,gpu,159,c_flux_ag,3,0.08339,0.07286,0.07760,0.05100,1410,1
ag,5120,10240,128,gpu,159,A_fused,1,0.17306,0.16589,0.16896,0.06529,1410,1
ag,5120,10240,128,gpu,160,c_cublas,0,0.10650,0.10240,0.10650,0.03768,1410,1
ag,5120,10240,128,gpu,160,c_fluxgemm,1,0.11878,0.11674,0.11776,0.03784,1410,1
ag,5120,10240,128,gpu,160,c_flux_ag,2,0.08499,0.07558,0.08499,0.04431,1410,1
ag,5120,10240,128,gpu,160,A_fused,3,0.17818,0.16998,0.16998,0.06703,1410,1
ag,5120,10240,128,gpu,161,c_cublas,0,0.10650,0.10240,0.10650,0.03831,1410,1
ag,5120,10240,128,gpu,161,c_fluxgemm,3,0.11981,0.11878,0.11878,0.04103,1410,1
ag,5120,10240,128,gpu,161,c_flux_ag,1,1.07446,0.08160,0.19322,0.04892,1410,1
ag,5120,10240,128,gpu,161,A_fused,2,0.17203,0.16896,0.16998,0.06303,1410,1
ag,5120,10240,128,gpu,162,c_cublas,3,0.10854,0.10650,0.10752,0.04481,1410,1
ag,5120,10240,128,gpu,162,c_fluxgemm,1,0.11878,0.11878,0.11878,0.03294,1410,1
ag,5120,10240,128,gpu,162,c_flux_ag,2,0.09322,0.08570,0.08586,0.04336,1410,1
ag,5120,10240,128,gpu,162,A_fused,0,0.19661,0.19046,0.19046,0.06661,1410,1
ag,5120,10240,128,gpu,163,c_cublas,1,0.10752,0.10445,0.10752,0.04173,1410,1
ag,5120,10240,128,gpu,163,c_fluxgemm,0,0.11981,0.11776,0.11776,0.04234,1410,1
ag,5120,10240,128,gpu,163,c_flux_ag,3,0.08237,0.07427,0.07427,0.04310,1410,1
ag,5120,10240,128,gpu,163,A_fused,2,0.18739,0.17715,0.17818,0.07057,1410,1
ag,5120,10240,128,gpu,164,c_cublas,0,0.10650,0.10547,0.10547,0.03958,1410,1
ag,5120,10240,128,gpu,164,c_fluxgemm,3,0.11878,0.11571,0.11674,0.03560,1410,1
ag,5120,10240,128,gpu,164,c_flux_ag,2,0.08864,0.07296,0.08115,0.04029,1410,1
ag,5120,10240,128,gpu,164,A_fused,1,0.17306,0.16486,0.16896,0.06451,1410,1
ag,5120,10240,128,gpu,165,c_cublas,1,0.10650,0.10445,0.10650,0.03716,1410,1
ag,5120,10240,128,gpu,165,c_fluxgemm,0,0.11878,0.11674,0.11878,0.03406,1410,1
ag,5120,10240,128,gpu,165,c_flux_ag,2,0.09738,0.08650,0.09738,0.04506,1410,1
ag,5120,10240,128,gpu,165,A_fused,3,0.18330,0.17613,0.18330,0.07004,1410,1
ag,5120,10240,128,gpu,166,c_cublas,2,0.10752,0.10445,0.10650,0.03741,1410,1
ag,5120,10240,128,gpu,166,c_fluxgemm,0,0.12083,0.11571,0.11878,0.03749,1410,1
ag,5120,10240,128,gpu,166,c_flux_ag,3,0.08410,0.07504,0.08410,0.04509,1410,1
ag,5120,10240,128,gpu,166,A_fused,1,0.18330,0.17613,0.18330,0.06352,1410,1
ag,5120,10240,128,gpu,167,c_cublas,3,0.10752,0.10342,0.10650,0.03760,1410,1
ag,5120,10240,128,gpu,167,c_fluxgemm,1,0.11776,0.11674,0.11776,0.03600,1410,1
ag,5120,10240,128,gpu,167,c_flux_ag,0,0.07562,0.06170,0.06170,0.04231,1410,1
ag,5120,10240,128,gpu,167,A_fused,2,0.20275,0.19558,0.19661,0.06403,1410,1
ag,5120,10240,128,gpu,168,c_cublas,3,0.10650,0.10445,0.10547,0.03711,1410,1
ag,5120,10240,128,gpu,168,c_fluxgemm,0,0.11878,0.11776,0.11776,0.03761,1410,1
ag,5120,10240,128,gpu,168,c_flux_ag,1,0.09766,0.08899,0.08899,0.04644,1410,1
ag,5120,10240,128,gpu,168,A_fused,2,0.17613,0.16691,0.17613,0.05972,1410,1
ag,5120,10240,128,gpu,169,c_cublas,1,0.10752,0.10547,0.10547,0.03592,1410,1
ag,5120,10240,128,gpu,169,c_fluxgemm,0,0.12083,0.11674,0.11674,0.03733,1410,1
ag,5120,10240,128,gpu,169,c_flux_ag,3,0.09328,0.08019,0.08579,0.04110,1410,1
ag,5120,10240,128,gpu,169,A_fused,2,0.18637,0.17818,0.17818,0.06973,1410,1
ag,5120,10240,128,gpu,170,c_cublas,2,0.10650,0.10547,0.10650,0.04397,1410,1
ag,5120,10240,128,gpu,170,c_fluxgemm,1,0.11776,0.11674,0.11674,0.03516,1410,1
ag,5120,10240,128,gpu,170,c_flux_ag,3,0.09264,0.08099,0.09264,0.04524,1410,1
ag,5120,10240,128,gpu,170,A_fused,0,0.18022,0.17306,0.17510,0.06162,1410,1
ag,5120,10240,128,gpu,171,c_cublas,2,0.10752,0.10547,0.10650,0.16508,1410,1
ag,5120,10240,128,gpu,171,c_fluxgemm,0,0.12083,0.11776,0.11776,0.03656,1410,1
ag,5120,10240,128,gpu,171,c_flux_ag,3,0.09056,0.06806,0.07296,0.04560,1410,1
ag,5120,10240,128,gpu,171,A_fused,1,0.18125,0.17920,0.18125,0.06150,1410,1
ag,5120,10240,128,gpu,172,c_cublas,1,0.10752,0.10547,0.10547,0.03722,1410,1
ag,5120,10240,128,gpu,172,c_fluxgemm,0,0.11981,0.11674,0.11776,0.03865,1410,1
ag,5120,10240,128,gpu,172,c_flux_ag,3,0.08317,0.07290,0.08061,0.04016,1410,1
ag,5120,10240,128,gpu,172,A_fused,2,0.18432,0.16794,0.16794,0.07129,1410,1
ag,5120,10240,128,gpu,173,c_cublas,2,0.10650,0.10547,0.10547,0.04471,1410,1
ag,5120,10240,128,gpu,173,c_fluxgemm,0,0.11878,0.11674,0.11674,0.03658,1410,1
ag,5120,10240,128,gpu,173,c_flux_ag,1,0.08422,0.07206,0.07728,0.04545,1410,1
ag,5120,10240,128,gpu,173,A_fused,3,0.20173,0.18534,0.18534,0.06426,1410,1
ag,5120,10240,128,gpu,174,c_cublas,1,0.10752,0.10445,0.10547,0.03691,1410,1
ag,5120,10240,128,gpu,174,c_fluxgemm,0,0.11878,0.11776,0.11776,0.03606,1410,1
ag,5120,10240,128,gpu,174,c_flux_ag,3,0.07728,0.07245,0.07728,0.04015,1410,1
ag,5120,10240,128,gpu,174,A_fused,2,0.18944,0.18534,0.18534,0.06488,1410,1
ag,5120,10240,128,gpu,175,c_cublas,0,0.10752,0.10445,0.10752,0.03866,1410,1
ag,5120,10240,128,gpu,175,c_fluxgemm,3,0.11981,0.11674,0.11878,0.03507,1410,1
ag,5120,10240,128,gpu,175,c_flux_ag,2,0.06688,0.06211,0.06211,0.04114,1410,1
ag,5120,10240,128,gpu,175,A_fused,1,0.19866,0.19046,0.19866,0.06469,1410,1
ag,5120,10240,128,gpu,176,c_cublas,1,0.10752,0.10547,0.10752,0.05703,1410,1
ag,5120,10240,128,gpu,176,c_fluxgemm,2,0.11981,0.11878,0.11878,0.03679,1410,1
ag,5120,10240,128,gpu,176,c_flux_ag,3,0.07258,0.06874,0.06874,0.04433,1410,1
ag,5120,10240,128,gpu,176,A_fused,0,0.19558,0.18637,0.19558,0.06461,1410,1
ag,5120,10240,128,gpu,177,c_cublas,3,0.10650,0.10342,0.10547,0.03706,1410,1
ag,5120,10240,128,gpu,177,c_fluxgemm,2,0.11878,0.11571,0.11674,0.03431,1410,1
ag,5120,10240,128,gpu,177,c_flux_ag,0,0.08522,0.07085,0.07085,0.04119,1410,1
ag,5120,10240,128,gpu,177,A_fused,1,0.16794,0.16486,0.16794,0.05986,1410,1
ag,5120,10240,128,gpu,178,c_cublas,1,0.10650,0.10547,0.10650,0.03647,1410,1
ag,5120,10240,128,gpu,178,c_fluxgemm,2,0.12186,0.11878,0.11878,0.03736,1410,1
ag,5120,10240,128,gpu,178,c_flux_ag,0,0.08957,0.08179,0.08179,0.04600,1410,1
ag,5120,10240,128,gpu,178,A_fused,3,0.18330,0.16589,0.17408,0.06532,1410,1
ag,5120,10240,128,gpu,179,c_cublas,2,0.10854,0.10547,0.10547,0.03789,1410,1
ag,5120,10240,128,gpu,179,c_fluxgemm,0,0.11878,0.11674,0.11878,0.03566,1410,1
ag,5120,10240,128,gpu,179,c_flux_ag,1,0.09002,0.07632,0.08102,0.04362,1410,1
ag,5120,10240,128,gpu,179,A_fused,3,0.19558,0.17715,0.18739,0.06363,1410,1
ag,5120,10240,128,gpu,180,c_cublas,1,0.10752,0.10445,0.10752,0.04298,1410,1
ag,5120,10240,128,gpu,180,c_fluxgemm,2,0.11878,0.11776,0.11776,0.03676,1410,1
ag,5120,10240,128,gpu,180,c_flux_ag,3,0.08541,0.08166,0.08438,0.04449,1410,1
ag,5120,10240,128,gpu,180,A_fused,0,0.19866,0.18330,0.19866,0.06179,1410,1
ag,5120,10240,128,gpu,181,c_cublas,2,0.10650,0.10445,0.10650,0.03707,1410,1
ag,5120,10240,128,gpu,181,c_fluxgemm,3,0.11981,0.11776,0.11776,0.03575,1410,1
ag,5120,10240,128,gpu,181,c_flux_ag,0,0.06893,0.06118,0.06250,0.04168,1410,1
ag,5120,10240,128,gpu,181,A_fused,1,0.18842,0.18125,0.18739,0.06740,1410,1
ag,5120,10240,128,gpu,182,c_cublas,3,0.10752,0.10547,0.10752,0.03686,1410,1
ag,5120,10240,128,gpu,182,c_fluxgemm,2,0.12083,0.11776,0.11776,0.03342,1410,1
ag,5120,10240,128,gpu,182,c_flux_ag,0,0.07389,0.06624,0.07389,0.04532,1410,1
ag,5120,10240,128,gpu,182,A_fused,1,0.19968,0.16691,0.18125,0.06859,1410,1
ag,5120,10240,128,gpu,183,c_cublas,0,0.10650,0.10547,0.10650,0.03403,1410,1
ag,5120,10240,128,gpu,183,c_fluxgemm,1,0.11981,0.11674,0.11776,0.04333,1410,1
ag,5120,10240,128,gpu,183,c_flux_ag,2,0.08627,0.07757,0.08627,0.04509,1410,1
ag,5120,10240,128,gpu,183,A_fused,3,0.18534,0.16794,0.16794,0.05891,1410,1
ag,5120,10240,128,gpu,184,c_cublas,2,0.10650,0.10445,0.10547,0.07690,1410,1
ag,5120,10240,128,gpu,184,c_fluxgemm,1,0.11981,0.11776,0.11981,0.04203,1410,1
ag,5120,10240,128,gpu,184,c_flux_ag,0,0.07443,0.06950,0.06950,0.04453,1410,1
ag,5120,10240,128,gpu,184,A_fused,3,0.20787,0.19661,0.19866,0.06400,1410,1
ag,5120,10240,128,gpu,185,c_cublas,3,0.10650,0.10547,0.10650,0.03707,1410,1
ag,5120,10240,128,gpu,185,c_fluxgemm,0,0.11776,0.11674,0.11776,0.03573,1410,1
ag,5120,10240,128,gpu,185,c_flux_ag,2,0.08941,0.07741,0.08483,0.04099,1410,1
ag,5120,10240,128,gpu,185,A_fused,1,0.18534,0.17613,0.17818,0.06467,1410,1
ag,5120,10240,128,gpu,186,c_cublas,3,0.10854,0.10547,0.10854,0.03658,1410,1
ag,5120,10240,128,gpu,186,c_fluxgemm,2,0.11981,0.11571,0.11878,0.03354,1410,1
ag,5120,10240,128,gpu,186,c_flux_ag,0,0.08698,0.07680,0.08698,0.04505,1410,1
ag,5120,10240,128,gpu,186,A_fused,1,0.18842,0.17613,0.18125,0.06054,1410,1
ag,5120,10240,128,gpu,187,c_cublas,1,0.10650,0.10547,0.10547,0.03647,1410,1
ag,5120,10240,128,gpu,187,c_fluxgemm,0,0.11878,0.11776,0.11776,0.03643,1410,1
ag,5120,10240,128,gpu,187,c_flux_ag,3,0.06982,0.06650,0.06650,0.04033,1410,1
ag,5120,10240,128,gpu,187,A_fused,2,0.19354,0.18022,0.19251,0.06391,1410,1
ag,5120,10240,128,gpu,188,c_cublas,2,0.10650,0.10445,0.10650,0.03718,1410,1
ag,5120,10240,128,gpu,188,c_fluxgemm,1,0.11776,0.11571,0.11776,0.03396,1410,1
ag,5120,10240,128,gpu,188,c_flux_ag,3,0.08410,0.07488,0.08227,0.04436,1410,1
ag,5120,10240,128,gpu,188,A_fused,0,0.18534,0.17510,0.18534,0.07100,1410,1
ag,5120,10240,128,gpu,189,c_cublas,2,0.10854,0.10650,0.10854,0.03689,1410,1
ag,5120,10240,128,gpu,189,c_fluxgemm,0,0.11776,0.11571,0.11674,0.03707,1410,1
ag,5120,10240,128,gpu,189,c_flux_ag,3,0.07472,0.06803,0.06803,0.04471,1410,1
ag,5120,10240,128,gpu,189,A_fused,1,0.18534,0.18022,0.18022,0.06258,1410,1
ag,5120,10240,128,gpu,190,c_cublas,2,0.10752,0.10650,0.10650,0.03729,1410,1
ag,5120,10240,128,gpu,190,c_fluxgemm,3,0.11981,0.11776,0.11981,0.03665,1410,1
ag,5120,10240,128,gpu,190,c_flux_ag,0,0.09389,0.08762,0.08762,0.04423,1410,1
ag,5120,10240,128,gpu,190,A_fused,1,0.18944,0.18534,0.18944,0.06173,1410,1
ag,5120,10240,128,gpu,191,c_cublas,2,0.10854,0.10547,0.10547,0.03690,1410,1
ag,5120,10240,128,gpu,191,c_fluxgemm,0,0.11776,0.11674,0.11776,0.03961,1410,1
ag,5120,10240,128,gpu,191,c_flux_ag,3,0.07981,0.07514,0.07981,0.04523,1410,1
ag,5120,10240,128,gpu,191,A_fused,1,0.19251,0.18842,0.18944,0.06410,1410,1
ag,5120,10240,128,gpu,192,c_cublas,2,0.10752,0.10445,0.10752,0.03687,1410,1
ag,5120,10240,128,gpu,192,c_fluxgemm,0,0.11878,0.11571,0.11776,0.04611,1410,1
ag,5120,10240,128,gpu,192,c_flux_ag,3,0.09795,0.07984,0.09795,0.04491,1410,1
ag,5120,10240,128,gpu,192,A_fused,1,0.18022,0.17408,0.17510,0.06292,1410,1
ag,5120,10240,128,gpu,193,c_cublas,2,0.10752,0.10445,0.10650,0.03799,1410,1
ag,5120,10240,128,gpu,193,c_fluxgemm,0,0.11878,0.11776,0.11776,0.04658,1410,1
ag,5120,10240,128,gpu,193,c_flux_ag,1,0.08189,0.07203,0.08189,0.04455,1410,1
ag,5120,10240,128,gpu,193,A_fused,3,0.17203,0.16794,0.16794,0.06520,1410,1
ag,5120,10240,128,gpu,194,c_cublas,0,0.10854,0.10650,0.10752,0.04478,1410,1
ag,5120,10240,128,gpu,194,c_fluxgemm,2,0.11776,0.11776,0.11776,0.03520,1410,1
ag,5120,10240,128,gpu,194,c_flux_ag,3,0.07894,0.07395,0.07894,0.04314,1410,1
ag,5120,10240,128,gpu,194,A_fused,1,0.18125,0.17510,0.17920,0.06577,1410,1
ag,5120,10240,128,gpu,195,c_cublas,3,0.10752,0.10547,0.10752,0.03749,1410,1
ag,5120,10240,128,gpu,195,c_fluxgemm,0,0.11981,0.11776,0.11981,0.04059,1410,1
ag,5120,10240,128,gpu,195,c_flux_ag,1,0.09811,0.08301,0.08301,0.04407,1410,1
ag,5120,10240,128,gpu,195,A_fused,2,0.19251,0.18534,0.19251,0.06228,1410,1
ag,5120,10240,128,gpu,196,c_cublas,1,0.10650,0.10342,0.10650,0.03627,1410,1
ag,5120,10240,128,gpu,196,c_fluxgemm,3,0.11878,0.11571,0.11776,0.03661,1410,1
ag,5120,10240,128,gpu,196,c_flux_ag,2,0.08512,0.07798,0.07891,0.04536,1410,1
ag,5120,10240,128,gpu,196,A_fused,0,0.18022,0.17101,0.17306,0.06679,1410,1
ag,5120,10240,128,gpu,197,c_cublas,3,0.10650,0.10547,0.10547,0.03692,1410,1
ag,5120,10240,128,gpu,197,c_fluxgemm,0,0.14131,0.11571,0.11571,0.03893,1410,1
ag,5120,10240,128,gpu,197,c_flux_ag,1,0.08250,0.07485,0.08250,0.04471,1410,1
ag,5120,10240,128,gpu,197,A_fused,2,0.17715,0.16691,0.17715,0.05982,1410,1
ag,5120,10240,128,gpu,198,c_cublas,0,0.10752,0.10547,0.10752,0.03467,1410,1
ag,5120,10240,128,gpu,198,c_fluxgemm,2,0.11981,0.11674,0.11776,0.03410,1410,1
ag,5120,10240,128,gpu,198,c_flux_ag,3,0.08157,0.07286,0.07286,0.04315,1410,1
ag,5120,10240,128,gpu,198,A_fused,1,0.18944,0.18125,0.18944,0.06465,1410,1
ag,5120,10240,128,gpu,199,c_cublas,0,0.10650,0.10445,0.10547,0.03865,1410,1
ag,5120,10240,128,gpu,199,c_fluxgemm,3,0.11878,0.11674,0.11674,0.03413,1410,1
ag,5120,10240,128,gpu,199,c_flux_ag,1,0.06406,0.06147,0.06214,0.04586,1410,1
ag,5120,10240,128,gpu,199,A_fused,2,0.18330,0.17510,0.18125,0.06138,1410,1
ag,5120,10240,128,steady,0,c_cublas,3,0.09267,0.09197,0.09235,0.01593,0,1
ag,5120,10240,128,steady,0,c_fluxgemm,1,0.10810,0.10752,0.10752,0.02025,0,1
ag,5120,10240,128,steady,0,c_flux_ag,2,0.07298,0.07291,0.07295,0.03715,0,1
ag,5120,10240,128,steady,0,A_fused,0,0.19034,0.16768,0.19034,0.04854,0,1
ag,5120,10240,128,steady,1,c_cublas,0,0.09370,0.09293,0.09370,0.01463,0,1
ag,5120,10240,128,steady,1,c_fluxgemm,1,0.10784,0.10752,0.10752,0.01976,0,1
ag,5120,10240,128,steady,1,c_flux_ag,3,0.06803,0.06761,0.06761,0.03746,0,1
ag,5120,10240,128,steady,1,A_fused,2,0.16870,0.16794,0.16870,0.04712,0,1
ag,5120,10240,128,steady,2,c_cublas,1,0.09280,0.09184,0.09280,0.01508,0,1
ag,5120,10240,128,steady,2,c_fluxgemm,2,0.10746,0.10714,0.10714,0.02008,0,1
ag,5120,10240,128,steady,2,c_flux_ag,0,0.08889,0.07005,0.08782,0.03732,0,1
ag,5120,10240,128,steady,2,A_fused,3,0.16602,0.16531,0.16557,0.04666,0,1
ag,5120,10240,128,steady,3,c_cublas,3,0.09261,0.09203,0.09261,0.01501,0,1
ag,5120,10240,128,steady,3,c_fluxgemm,1,0.10784,0.10726,0.10726,0.01948,0,1
ag,5120,10240,128,steady,3,c_flux_ag,2,0.07100,0.07040,0.07040,0.03724,0,1
ag,5120,10240,128,steady,3,A_fused,0,0.16909,0.16890,0.16890,0.04698,0,1
ag,5120,10240,128,steady,4,c_cublas,1,0.09267,0.09190,0.09267,0.01492,0,1
ag,5120,10240,128,steady,4,c_fluxgemm,0,0.10874,0.10861,0.10874,0.01993,0,1
ag,5120,10240,128,steady,4,c_flux_ag,3,0.06774,0.06743,0.06774,0.03667,0,1
ag,5120,10240,128,steady,4,A_fused,2,0.17094,0.17062,0.17094,0.04714,0,1
ag,5120,10240,128,steady,5,c_cublas,2,0.09267,0.09210,0.09267,0.01512,0,1
ag,5120,10240,128,steady,5,c_fluxgemm,1,0.10810,0.10733,0.10733,0.02006,0,1
ag,5120,10240,128,steady,5,c_flux_ag,0,0.06576,0.06547,0.06562,0.03672,0,1
ag,5120,10240,128,steady,5,A_fused,3,0.16806,0.16781,0.16781,0.04699,0,1
ag,5120,10240,128,steady,6,c_cublas,2,0.09248,0.09152,0.09248,0.01546,0,1
ag,5120,10240,128,steady,6,c_fluxgemm,1,0.10778,0.10720,0.10720,0.01933,0,1
ag,5120,10240,128,steady,6,c_flux_ag,3,0.06877,0.06828,0.06865,0.03710,0,1
ag,5120,10240,128,steady,6,A_fused,0,0.16979,0.16883,0.16890,0.04772,0,1
ag,5120,10240,128,steady,7,c_cublas,2,0.09267,0.09203,0.09267,0.01513,0,1
ag,5120,10240,128,steady,7,c_fluxgemm,3,0.10822,0.10746,0.10746,0.01993,0,1
ag,5120,10240,128,steady,7,c_flux_ag,0,0.06494,0.06438,0.06449,0.03723,0,1
ag,5120,10240,128,steady,7,A_fused,1,0.16787,0.16762,0.16787,0.04719,0,1
ag,5120,10240,128,steady,8,c_cublas,1,0.09261,0.09178,0.09242,0.01494,0,1
ag,5120,10240,128,steady,8,c_fluxgemm,0,0.10861,0.10726,0.10726,0.01893,0,1
ag,5120,10240,128,steady,8,c_flux_ag,3,0.06882,0.06860,0.06882,0.03695,0,1
ag,5120,10240,128,steady,8,A_fused,2,0.17459,0.17421,0.17440,0.04712,0,1
ag,5120,10240,128,steady,9,c_cublas,0,0.09414,0.09344,0.09402,0.01503,0,1
ag,5120,10240,128,steady,9,c_fluxgemm,3,0.10835,0.10714,0.10714,0.01938,0,1
ag,5120,10240,128,steady,9,c_flux_ag,1,0.06673,0.06626,0.06673,0.03690,0,1
ag,5120,10240,128,steady,9,A_fused,2,0.16416,0.16352,0.16352,0.04674,0,1
ag,5120,10240,128,steady,10,c_cublas,1,0.09254,0.09222,0.09254,0.01502,0,1
ag,5120,10240,128,steady,10,c_fluxgemm,2,0.10797,0.10707,0.10707,0.01959,0,1
ag,5120,10240,128,steady,10,c_flux_ag,0,0.07211,0.07115,0.07189,0.03739,0,1
ag,5120,10240,128,steady,10,A_fused,3,0.16838,0.16794,0.16832,0.04681,0,1
ag,5120,10240,128,steady,11,c_cublas,0,0.09427,0.09325,0.09427,0.01493,0,1
ag,5120,10240,128,steady,11,c_fluxgemm,2,0.10765,0.10701,0.10701,0.01924,0,1
ag,5120,10240,128,steady,11,c_flux_ag,3,0.06863,0.06835,0.06863,0.03690,0,1
ag,5120,10240,128,steady,11,A_fused,1,0.16838,0.16768,0.16813,0.04693,0,1
ag,5120,10240,128,steady,12,c_cublas,1,0.09261,0.09190,0.09261,0.01495,0,1
ag,5120,10240,128,steady,12,c_fluxgemm,2,0.10778,0.10694,0.10694,0.01956,0,1
ag,5120,10240,128,steady,12,c_flux_ag,3,0.07015,0.06932,0.07015,0.03751,0,1
ag,5120,10240,128,steady,12,A_fused,0,0.16902,0.16870,0.16890,0.04721,0,1
ag,5120,10240,128,steady,13,c_cublas,3,0.09254,0.09203,0.09254,0.01508,0,1
ag,5120,10240,128,steady,13,c_fluxgemm,0,0.10925,0.10790,0.10842,0.01937,0,1
ag,5120,10240,128,steady,13,c_flux_ag,2,0.07064,0.07028,0.07049,0.03685,0,1
ag,5120,10240,128,steady,13,A_fused,1,0.16589,0.16570,0.16570,0.04729,0,1
ag,5120,10240,128,steady,14,c_cublas,3,0.09254,0.09197,0.09254,0.01487,0,1
ag,5120,10240,128,steady,14,c_fluxgemm,1,0.10784,0.10771,0.10784,0.01939,0,1
ag,5120,10240,128,steady,14,c_flux_ag,0,0.06644,0.06571,0.06571,0.03716,0,1
ag,5120,10240,128,steady,14,A_fused,2,0.16749,0.16717,0.16749,0.04649,0,1
ag,5120,10240,128,steady,15,c_cublas,3,0.09242,0.09190,0.09242,0.01544,0,1
ag,5120,10240,128,steady,15,c_fluxgemm,1,0.10810,0.10758,0.10758,0.01943,0,1
ag,5120,10240,128,steady,15,c_flux_ag,0,0.07228,0.07189,0.07228,0.03746,0,1
ag,5120,10240,128,steady,15,A_fused,2,0.16896,0.16845,0.16845,0.04674,0,1
ag,5120,10240,128,steady,16,c_cublas,2,0.09242,0.09210,0.09242,0.01493,0,1
ag,5120,10240,128,steady,16,c_fluxgemm,0,0.10950,0.10854,0.10861,0.01983,0,1
ag,5120,10240,128,steady,16,c_flux_ag,3,0.06969,0.06941,0.06960,0.03728,0,1
ag,5120,10240,128,steady,16,A_fused,1,0.17107,0.17094,0.17094,0.04733,0,1
ag,5120,10240,128,steady,17,c_cublas,1,0.09267,0.09203,0.09267,0.01507,0,1
ag,5120,10240,128,steady,17,c_fluxgemm,3,0.10790,0.10752,0.10758,0.02006,0,1
ag,5120,10240,128,steady,17,c_flux_ag,0,0.06838,0.06731,0.06838,0.03788,0,1
ag,5120,10240,128,steady,17,A_fused,2,0.16397,0.16371,0.16384,0.04803,0,1
ag,5120,10240,128,steady,18,c_cublas,0,0.09414,0.09318,0.09414,0.01515,0,1
ag,5120,10240,128,steady,18,c_fluxgemm,1,0.10778,0.10720,0.10720,0.01966,0,1
ag,5120,10240,128,steady,18,c_flux_ag,2,0.07508,0.07490,0.07508,0.03804,0,1
ag,5120,10240,128,steady,18,A_fused,3,0.16416,0.16378,0.16416,0.05722,0,1
ag,5120,10240,128,steady,19,c_cublas,2,0.09242,0.09210,0.09242,0.01573,0,1
ag,5120,10240,128,steady,19,c_fluxgemm,3,0.10867,0.10758,0.10758,0.01954,0,1
ag,5120,10240,128,steady,19,c_flux_ag,1,0.06711,0.06681,0.06711,0.03877,0,1
ag,5120,10240,128,steady,19,A_fused,0,0.16678,0.16442,0.16442,0.04857,0,1
ag,5120,10240,128,steady,20,c_cublas,1,0.09254,0.09203,0.09254,0.01708,0,1
ag,5120,10240,128,steady,20,c_fluxgemm,3,0.10816,0.10739,0.10739,0.02083,0,1
ag,5120,10240,128,steady,20,c_flux_ag,2,0.06900,0.06875,0.06881,0.03750,0,1
ag,5120,10240,128,steady,20,A_fused,0,0.17094,0.17056,0.17082,0.04798,0,1
ag,5120,10240,128,steady,21,c_cublas,2,0.09261,0.09178,0.09261,0.01708,0,1
ag,5120,10240,128,steady,21,c_fluxgemm,3,0.10822,0.10746,0.10746,0.01952,0,1
ag,5120,10240,128,steady,21,c_flux_ag,1,0.06873,0.06795,0.06795,0.03699,0,1
ag,5120,10240,128,steady,21,A_fused,0,0.16461,0.16371,0.16416,0.04767,0,1
ag,5120,10240,128,steady,22,c_cublas,3,0.09261,0.09216,0.09261,0.01520,0,1
ag,5120,10240,128,steady,22,c_fluxgemm,2,0.10765,0.10707,0.10707,0.01955,0,1
ag,5120,10240,128,steady,22,c_flux_ag,1,0.06866,0.06822,0.06822,0.03811,0,1
ag,5120,10240,128,steady,22,A_fused,0,0.17203,0.17107,0.17139,0.04869,0,1
ag,5120,10240,128,steady,23,c_cublas,3,0.09261,0.09203,0.09261,0.01510,1410,1
ag,5120,10240,128,steady,23,c_fluxgemm,1,0.10816,0.10720,0.10720,0.02132,1410,1
ag,5120,10240,128,steady,23,c_flux_ag,0,0.06934,0.06800,0.06889,0.03825,1410,1
ag,5120,10240,128,steady,23,A_fused,2,0.17139,0.17056,0.17069,0.04840,1410,1
ag,5120,10240,128,steady,24,c_cublas,2,0.09293,0.09197,0.09293,0.01525,1410,1
ag,5120,10240,128,steady,24,c_fluxgemm,1,0.10810,0.10752,0.10752,0.01971,1410,1
ag,5120,10240,128,steady,24,c_flux_ag,0,0.06760,0.06681,0.06693,0.03846,1410,1
ag,5120,10240,128,steady,24,A_fused,3,0.16794,0.16736,0.16736,0.04748,1410,1
ag,5120,10240,128,steady,25,c_cublas,2,0.09235,0.09203,0.09235,0.01531,1410,1
ag,5120,10240,128,steady,25,c_fluxgemm,0,0.10931,0.10854,0.10854,0.02199,1410,1
ag,5120,10240,128,steady,25,c_flux_ag,3,0.06812,0.06745,0.06797,0.03827,1410,1
ag,5120,10240,128,steady,25,A_fused,1,0.16883,0.16845,0.16883,0.04779,1410,1
ag,5120,10240,128,steady,26,c_cublas,3,0.09261,0.09184,0.09261,0.05258,1410,1
ag,5120,10240,128,steady,26,c_fluxgemm,1,0.10797,0.10720,0.10720,0.01942,1410,1
ag,5120,10240,128,steady,26,c_flux_ag,2,0.07162,0.07130,0.07130,0.03863,1410,1
ag,5120,10240,128,steady,26,A_fused,0,0.18886,0.16845,0.18816,0.04931,1410,1
ag,5120,10240,128,steady,27,c_cublas,3,0.09261,0.09190,0.09261,0.01529,1410,1
ag,5120,10240,128,steady,27,c_fluxgemm,1,0.10790,0.10701,0.10701,0.02163,1410,1
ag,5120,10240,128,steady,27,c_flux_ag,2,0.07176,0.07125,0.07165,0.03725,1410,1
ag,5120,10240,128,steady,27,A_fused,0,0.17018,0.16883,0.16915,0.04761,1410,1
ag,5120,10240,128,steady,28,c_cublas,1,0.09242,0.09222,0.09242,0.02727,1410,1
ag,5120,10240,128,steady,28,c_fluxgemm,2,0.10771,0.10682,0.10682,0.02160,1410,1
ag,5120,10240,128,steady,28,c_flux_ag,3,0.07106,0.07092,0.07105,0.03735,1410,1
ag,5120,10240,128,steady,28,A_fused,0,0.17075,0.16992,0.16992,0.04841,1410,1
ag,5120,10240,128,steady,29,c_cublas,0,0.09459,0.09370,0.09459,0.01616,1410,1
ag,5120,10240,128,steady,29,c_fluxgemm,3,0.10835,0.10726,0.10726,0.02216,1410,1
ag,5120,10240,128,steady,29,c_flux_ag,2,0.06975,0.06939,0.06939,0.03647,1410,1
ag,5120,10240,128,steady,29,A_fused,1,0.16922,0.16877,0.16896,0.04739,1410,1
ag,5120,10240,128,steady,30,c_cublas,0,0.09440,0.09357,0.09363,0.01514,1410,1
ag,5120,10240,128,steady,30,c_fluxgemm,3,0.10829,0.10765,0.10771,0.01983,1410,1
ag,5120,10240,128,steady,30,c_flux_ag,2,0.06866,0.06845,0.06845,0.03902,1410,1
ag,5120,10240,128,steady,30,A_fused,1,0.16730,0.16678,0.16698,0.04807,1410,1
ag,5120,10240,128,steady,31,c_cublas,1,0.09267,0.09210,0.09267,0.01504,1410,1
ag,5120,10240,128,steady,31,c_fluxgemm,0,0.10893,0.10778,0.10778,0.02055,1410,1
ag,5120,10240,128,steady,31,c_flux_ag,3,0.06917,0.06880,0.06881,0.03765,1410,1
ag,5120,10240,128,steady,31,A_fused,2,0.17158,0.17120,0.17120,0.04841,1410,1
ag,5120,10240,128,steady,32,c_cublas,0,0.09421,0.09344,0.09421,0.01507,1410,1
ag,5120,10240,128,steady,32,c_fluxgemm,3,0.10790,0.10778,0.10778,0.01945,1410,1
ag,5120,10240,128,steady,32,c_flux_ag,1,0.06839,0.06812,0.06822,0.03874,1410,1
ag,5120,10240,128,steady,32,A_fused,2,0.16493,0.16454,0.16493,0.04807,1410,1
ag,5120,10240,128,steady,33,c_cublas,3,0.09267,0.09178,0.09267,0.02665,1410,1
ag,5120,10240,128,steady,33,c_fluxgemm,0,0.10925,0.10835,0.10848,0.01935,1410,1
ag,5120,10240,128,steady,33,c_flux_ag,2,0.07012,0.06975,0.06996,0.03839,1410,1
ag,5120,10240,128,steady,33,A_fused,1,0.17210,0.17184,0.17190,0.04692,1410,1
ag,5120,10240,128,steady,34,c_cublas,2,0.09242,0.09184,0.09242,0.01509,1410,1
ag,5120,10240,128,steady,34,c_fluxgemm,1,0.10797,0.10701,0.10701,0.02130,1410,1
ag,5120,10240,128,steady,34,c_flux_ag,3,0.07547,0.07524,0.07545,0.03867,1410,1
ag,5120,10240,128,steady,34,A_fused,0,0.16614,0.16467,0.16467,0.04762,1410,1
ag,5120,10240,128,steady,35,c_cublas,0,0.09434,0.09306,0.09434,0.01525,1410,1
ag,5120,10240,128,steady,35,c_fluxgemm,1,0.10816,0.10765,0.10765,0.02058,1410,1
ag,5120,10240,128,steady,35,c_flux_ag,3,0.06744,0.06704,0.06732,0.03686,1410,1
ag,5120,10240,128,steady,35,A_fused,2,0.16646,0.16627,0.16627,0.04778,1410,1
ag,5120,10240,128,steady,36,c_cublas,2,0.09261,0.09216,0.09261,0.01572,1410,1
ag,5120,10240,128,steady,36,c_fluxgemm,0,0.10893,0.10771,0.10803,0.02096,1410,1
ag,5120,10240,128,steady,36,c_flux_ag,1,0.07169,0.07112,0.07154,0.03689,1410,1
ag,5120,10240,128,steady,36,A_fused,3,0.16902,0.16787,0.16832,0.04972,1410,1
ag,5120,10240,128,steady,37,c_cublas,3,0.09229,0.09197,0.09229,0.01513,1410,1
ag,5120,10240,128,steady,37,c_fluxgemm,0,0.10886,0.10829,0.10829,0.01959,1410,1
ag,5120,10240,128,steady,37,c_flux_ag,1,0.06973,0.06938,0.06939,0.03861,1410,1
ag,5120,10240,128,steady,37,A_fused,2,0.16435,0.16403,0.16422,0.04825,1410,1
ag,5120,10240,128,steady,38,c_cublas,1,0.09261,0.09190,0.09261,0.01507,1410,1
ag,5120,10240,128,steady,38,c_fluxgemm,0,0.10899,0.10867,0.10899,0.01959,1410,1
ag,5120,10240,128,steady,38,c_flux_ag,3,0.06800,0.06757,0.06800,0.03709,1410,1
ag,5120,10240,128,steady,38,A_fused,2,0.17331,0.17306,0.17306,0.04818,1410,1
ag,5120,10240,128,steady,39,c_cublas,1,0.09293,0.09222,0.09293,0.01610,1410,1
ag,5120,10240,128,steady,39,c_fluxgemm,3,0.10778,0.10752,0.10752,0.01936,1410,1
ag,5120,10240,128,steady,39,c_flux_ag,0,0.06845,0.06643,0.06845,0.03732,1410,1
ag,5120,10240,128,steady,39,A_fused,2,0.16371,0.16282,0.16282,0.04708,1410,1
ag,5120,10240,128,steady,40,c_cublas,3,0.09267,0.09190,0.09267,0.01509,1410,1
ag,5120,10240,128,steady,40,c_fluxgemm,1,0.10803,0.10765,0.10765,0.01957,1410,1
ag,5120,10240,128,steady,40,c_flux_ag,0,0.07245,0.07187,0.07228,0.03827,1410,1
ag,5120,10240,128,steady,40,A_fused,2,0.16902,0.16864,0.16877,0.04819,1410,1
ag,5120,10240,128,steady,41,c_cublas,1,0.09242,0.09197,0.09242,0.01493,1410,1
ag,5120,10240,128,steady,41,c_fluxgemm,0,0.10906,0.10854,0.10886,0.02072,1410,1
ag,5120,10240,128,steady,41,c_flux_ag,2,0.07587,0.07524,0.07535,0.04004,1410,1
ag,5120,10240,128,steady,41,A_fused,3,0.16576,0.16550,0.16570,0.04790,1410,1
ag,5120,10240,128,steady,42,c_cublas,1,0.09261,0.09190,0.09261,0.01499,1410,1
ag,5120,10240,128,steady,42,c_fluxgemm,0,0.10906,0.10874,0.10874,0.01969,1410,1
ag,5120,10240,128,steady,42,c_flux_ag,2,0.06860,0.06814,0.06818,0.03738,1410,1
ag,5120,10240,128,steady,42,A_fused,3,0.16621,0.16512,0.16512,0.04879,1410,1
ag,5120,10240,128,steady,43,c_cublas,1,0.09267,0.09197,0.09267,0.03495,1410,1
ag,5120,10240,128,steady,43,c_fluxgemm,3,0.10835,0.10758,0.10758,0.01987,1410,1
ag,5120,10240,128,steady,43,c_flux_ag,0,0.07371,0.07260,0.07334,0.03882,1410,1
ag,5120,10240,128,steady,43,A_fused,2,0.16634,0.16602,0.16602,0.04680,1410,1
ag,5120,10240,128,steady,44,c_cublas,0,0.09402,0.09254,0.09376,0.01524,1410,1
ag,5120,10240,128,steady,44,c_fluxgemm,1,0.10784,0.10733,0.10733,0.01965,1410,1
ag,5120,10240,128,steady,44,c_flux_ag,2,0.07619,0.07598,0.07619,0.03899,1410,1
ag,5120,10240,128,steady,44,A_fused,3,0.16749,0.16698,0.16698,0.04721,1410,1
ag,5120,10240,128,steady,45,c_cublas,2,0.09274,0.09197,0.09274,0.01615,1410,1
ag,5120,10240,128,steady,45,c_fluxgemm,0,0.10906,0.10848,0.10848,0.01971,1410,1
ag,5120,10240,128,steady,45,c_flux_ag,1,0.06692,0.06665,0.06682,0.03730,1410,1
ag,5120,10240,128,steady,45,A_fused,3,0.16506,0.16442,0.16442,0.04686,1410,1
ag,5120,10240,128,steady,46,c_cublas,2,0.09280,0.09203,0.09280,0.01508,1410,1
ag,5120,10240,128,steady,46,c_fluxgemm,0,0.10950,0.10822,0.10822,0.02124,1410,1
ag,5120,10240,128,steady,46,c_flux_ag,1,0.07455,0.07420,0.07420,0.03818,1410,1
ag,5120,10240,128,steady,46,A_fused,3,0.16518,0.16416,0.16429,0.04813,1410,1
ag,5120,10240,128,steady,47,c_cublas,2,0.09261,0.09203,0.09261,0.01523,1410,1
ag,5120,10240,128,steady,47,c_fluxgemm,0,0.10925,0.10752,0.10752,0.01971,1410,1
ag,5120,10240,128,steady,47,c_flux_ag,1,0.06707,0.06695,0.06695,0.03929,1410,1
ag,5120,10240,128,steady,47,A_fused,3,0.17242,0.17178,0.17203,0.04804,1410,1
ag,5120,10240,128,steady,48,c_cublas,1,0.09254,0.09235,0.09254,0.01535,1410,1
ag,5120,10240,128,steady,48,c_fluxgemm,3,0.10810,0.10771,0.10790,0.02052,1410,1
ag,5120,10240,128,steady,48,c_flux_ag,0,0.06912,0.06782,0.06906,0.03812,1410,1
ag,5120,10240,128,steady,48,A_fused,2,0.16448,0.16422,0.16448,0.04772,1410,1
ag,5120,10240,128,steady,49,c_cublas,2,0.09242,0.09210,0.09242,0.01517,1410,1
ag,5120,10240,128,steady,49,c_fluxgemm,0,0.10912,0.10822,0.10842,0.01927,1410,1
ag,5120,10240,128,steady,49,c_flux_ag,1,0.07524,0.07463,0.07524,0.03894,1410,1
ag,5120,10240,128,steady,49,A_fused,3,0.16582,0.16563,0.16570,0.04942,1410,1
ag,5120,10240,512,gpu,0,c_cublas,1,0.25395,0.25190,0.25293,0.04039,0,1
ag,5120,10240,512,gpu,0,c_fluxgemm,2,0.28160,0.27750,0.27750,0.04417,0,1
ag,5120,10240,512,gpu,0,c_flux_ag,3,0.12848,0.12166,0.12166,0.05251,0,1
ag,5120,10240,512,gpu,0,A_fused,0,0.44032,0.42189,0.44032,0.08355,0,1
ag,5120,10240,512,gpu,1,c_cublas,0,0.28570,0.25088,0.25088,0.03982,0,1
ag,5120,10240,512,gpu,1,c_fluxgemm,2,0.28058,0.27546,0.27546,0.03934,0,1
ag,5120,10240,512,gpu,1,c_flux_ag,1,0.12224,0.10726,0.12224,0.06742,0,1
ag,5120,10240,512,gpu,1,A_fused,3,0.39014,0.37376,0.39014,0.06983,0,1
ag,5120,10240,512,gpu,2,c_cublas,2,0.25395,0.25190,0.25190,0.03891,0,1
ag,5120,10240,512,gpu,2,c_fluxgemm,3,0.28160,0.27853,0.27853,0.03933,0,1
ag,5120,10240,512,gpu,2,c_flux_ag,1,0.12326,0.10403,0.10851,0.04925,0,1
ag,5120,10240,512,gpu,2,A_fused,0,0.42496,0.40960,0.40960,0.08509,0,1
ag,5120,10240,512,gpu,3,c_cublas,2,0.25498,0.25293,0.25293,0.03619,0,1
ag,5120,10240,512,gpu,3,c_fluxgemm,3,0.28262,0.27853,0.27853,0.04689,0,1
ag,5120,10240,512,gpu,3,c_flux_ag,0,0.09450,0.08714,0.09184,0.05113,0,1
ag,5120,10240,512,gpu,3,A_fused,1,0.39731,0.36659,0.39424,0.06647,0,1
ag,5120,10240,512,gpu,4,c_cublas,0,0.25395,0.25190,0.25293,0.03693,0,1
ag,5120,10240,512,gpu,4,c_fluxgemm,1,0.27955,0.27750,0.27853,0.03788,0,1
ag,5120,10240,512,gpu,4,c_flux_ag,2,0.14800,0.13443,0.13443,0.05071,0,1
ag,5120,10240,512,gpu,4,A_fused,3,0.40858,0.38502,0.40858,0.06710,0,1
ag,5120,10240,512,gpu,5,c_cublas,1,0.25395,0.25190,0.25190,0.03751,0,1
ag,5120,10240,512,gpu,5,c_fluxgemm,2,0.28058,0.27853,0.28058,0.04786,0,1
ag,5120,10240,512,gpu,5,c_flux_ag,0,0.13267,0.11299,0.12541,0.05087,0,1
ag,5120,10240,512,gpu,5,A_fused,3,0.40448,0.38195,0.38912,0.06876,0,1
ag,5120,10240,512,gpu,6,c_cublas,2,0.25498,0.25293,0.25395,0.03611,0,1
ag,5120,10240,512,gpu,6,c_fluxgemm,0,0.27955,0.27648,0.27648,0.03851,0,1
ag,5120,10240,512,gpu,6,c_flux_ag,3,0.10547,0.09366,0.10547,0.04991,0,1
ag,5120,10240,512,gpu,6,A_fused,1,0.41165,0.39936,0.41165,0.06800,0,1
ag,5120,10240,512,gpu,7,c_cublas,0,0.25395,0.25293,0.25395,0.03643,0,1
ag,5120,10240,512,gpu,7,c_fluxgemm,2,0.27955,0.27546,0.27546,0.03588,0,1
ag,5120,10240,512,gpu,7,c_flux_ag,3,0.09184,0.08653,0.09158,0.04860,0,1
ag,5120,10240,512,gpu,7,A_fused,1,0.39117,0.37274,0.38502,0.07235,0,1
ag,5120,10240,512,gpu,8,c_cublas,3,0.25395,0.25190,0.25190,0.03691,0,1
ag,5120,10240,512,gpu,8,c_fluxgemm,0,0.28160,0.27853,0.27853,0.03687,0,1
ag,5120,10240,512,gpu,8,c_flux_ag,1,0.10528,0.08979,0.10528,0.04917,0,1
ag,5120,10240,512,gpu,8,A_fused,2,0.40755,0.40038,0.40755,0.06779,0,1
ag,5120,10240,512,gpu,9,c_cublas,0,0.25395,0.25190,0.25190,0.04332,0,1
ag,5120,10240,512,gpu,9,c_fluxgemm,3,0.28058,0.27750,0.27853,0.03486,0,1
ag,5120,10240,512,gpu,9,c_flux_ag,2,0.10960,0.10394,0.10394,0.04509,0,1
ag,5120,10240,512,gpu,9,A_fused,1,0.45158,0.43213,0.43213,0.07351,0,1
ag,5120,10240,512,gpu,10,c_cublas,0,0.28262,0.25190,0.25190,0.03695,0,1
ag,5120,10240,512,gpu,10,c_fluxgemm,1,0.28160,0.27750,0.27750,0.03810,0,1
ag,5120,10240,512,gpu,10,c_flux_ag,3,0.10662,0.10211,0.10211,0.04658,0,1
ag,5120,10240,512,gpu,10,A_fused,2,0.42496,0.39014,0.41882,0.06906,0,1
ag,5120,10240,512,gpu,11,c_cublas,0,0.25600,0.25293,0.25395,0.03678,0,1
ag,5120,10240,512,gpu,11,c_fluxgemm,3,0.28160,0.27955,0.28160,0.03510,0,1
ag,5120,10240,512,gpu,11,c_flux_ag,1,0.10378,0.08730,0.08730,0.05256,0,1
ag,5120,10240,512,gpu,11,A_fused,2,0.40550,0.37478,0.40550,0.07877,0,1
ag,5120,10240,512,gpu,12,c_cublas,3,0.25395,0.25088,0.25088,0.03594,0,1
ag,5120,10240,512,gpu,12,c_fluxgemm,0,0.28160,0.27955,0.27955,0.03559,0,1
ag,5120,10240,512,gpu,12,c_flux_ag,1,0.08973,0.08531,0.08973,0.04956,0,1
ag,5120,10240,512,gpu,12,A_fused,2,0.40448,0.39731,0.39731,0.06576,0,1
ag,5120,10240,512,gpu,13,c_cublas,3,0.25395,0.25190,0.25190,0.03555,0,1
ag,5120,10240,512,gpu,13,c_fluxgemm,0,0.27955,0.27648,0.27750,0.03894,0,1
ag,5120,10240,512,gpu,13,c_flux_ag,1,0.13747,0.13581,0.13747,0.06451,0,1
ag,5120,10240,512,gpu,13,A_fused,2,0.39731,0.37683,0.39731,0.06954,0,1
ag,5120,10240,512,gpu,14,c_cublas,3,0.25395,0.25190,0.25190,0.04776,0,1
ag,5120,10240,512,gpu,14,c_fluxgemm,2,0.28058,0.27750,0.27750,0.03479,0,1
ag,5120,10240,512,gpu,14,c_flux_ag,0,0.12458,0.11088,0.11360,0.05214,0,1
ag,5120,10240,512,gpu,14,A_fused,1,0.38298,0.37683,0.38298,0.06760,0,1
ag,5120,10240,512,gpu,15,c_cublas,2,0.25395,0.25190,0.25293,0.03620,0,1
ag,5120,10240,512,gpu,15,c_fluxgemm,0,0.28160,0.27853,0.27853,0.03966,0,1
ag,5120,10240,512,gpu,15,c_flux_ag,1,0.15021,0.11162,0.15021,0.05010,0,1
ag,5120,10240,512,gpu,15,A_fused,3,0.41267,0.38400,0.38400,0.07004,0,1
ag,5120,10240,512,gpu,16,c_cublas,0,0.25395,0.25190,0.25190,0.03697,0,1
ag,5120,10240,512,gpu,16,c_fluxgemm,2,0.27955,0.27750,0.27750,0.03617,0,1
ag,5120,10240,512,gpu,16,c_flux_ag,3,0.10886,0.09427,0.10886,0.04877,0,1
ag,5120,10240,512,gpu,16,A_fused,1,0.40346,0.38605,0.40346,0.07008,0,1
ag,5120,10240,512,gpu,17,c_cublas,3,0.25395,0.25190,0.25190,0.03683,0,1
ag,5120,10240,512,gpu,17,c_fluxgemm,0,0.28058,0.27750,0.27853,0.03684,0,1
ag,5120,10240,512,gpu,17,c_flux_ag,1,0.16746,0.14045,0.15546,0.04918,0,1
ag,5120,10240,512,gpu,17,A_fused,2,0.42394,0.40858,0.41472,0.06309,0,1
ag,5120,10240,512,gpu,18,c_cublas,3,0.25293,0.25190,0.25190,0.03539,0,1
ag,5120,10240,512,gpu,18,c_fluxgemm,1,0.27955,0.27750,0.27853,0.03703,0,1
ag,5120,10240,512,gpu,18,c_flux_ag,0,0.09510,0.08954,0.09203,0.06342,0,1
ag,5120,10240,512,gpu,18,A_fused,2,0.40653,0.39117,0.39731,0.06677,0,1
ag,5120,10240,512,gpu,19,c_cublas,3,0.25498,0.25293,0.25293,0.03622,0,1
ag,5120,10240,512,gpu,19,c_fluxgemm,0,0.28058,0.27853,0.27853,0.03900,0,1
ag,5120,10240,512,gpu,19,c_flux_ag,2,0.10355,0.09610,0.10355,0.04465,0,1
ag,5120,10240,512,gpu,19,A_fused,1,0.39629,0.36864,0.36966,0.06696,0,1
ag,5120,10240,512,gpu,20,c_cublas,2,0.25395,0.25190,0.25190,0.03590,1410,1
ag,5120,10240,512,gpu,20,c_fluxgemm,3,0.28160,0.27648,0.27648,0.03708,1410,1
ag,5120,10240,512,gpu,20,c_flux_ag,0,0.09264,0.08454,0.09062,0.05298,1410,1
ag,5120,10240,512,gpu,20,A_fused,1,0.40141,0.39219,0.40038,0.06616,1410,1
ag,5120,10240,512,gpu,21,c_cublas,1,0.25395,0.25190,0.25190,0.03589,1410,1
ag,5120,10240,512,gpu,21,c_fluxgemm,0,0.28058,0.27648,0.27853,0.03533,1410,1
ag,5120,10240,512,gpu,21,c_flux_ag,3,0.10429,0.09968,0.10317,0.04908,1410,1
ag,5120,10240,512,gpu,21,A_fused,2,0.45158,0.44032,0.44851,0.07146,1410,1
ag,5120,10240,512,gpu,22,c_cublas,1,0.25395,0.25190,0.25190,0.03616,1410,1
ag,5120,10240,512,gpu,22,c_fluxgemm,0,0.28058,0.27750,0.27750,0.03859,1410,1
ag,5120,10240,512,gpu,22,c_flux_ag,2,0.14845,0.12608,0.13376,0.05154,1410,1
ag,5120,10240,512,gpu,22,A_fused,3,0.40448,0.38605,0.40448,0.06352,1410,1
ag,5120,10240,512,gpu,23,c_cublas,0,0.25498,0.25293,0.25293,0.03667,1410,1
ag,5120,10240,512,gpu,23,c_fluxgemm,3,0.28262,0.27853,0.27853,0.03462,1410,1
ag,5120,10240,512,gpu,23,c_flux_ag,1,0.09478,0.08458,0.09478,0.06739,1410,1
ag,5120,10240,512,gpu,23,A_fused,2,0.39936,0.37376,0.39936,0.06889,1410,1
ag,5120,10240,512,gpu,24,c_cublas,3,0.25395,0.25190,0.25190,0.03607,1410,1
ag,5120,10240,512,gpu,24,c_fluxgemm,0,0.28160,0.27853,0.28058,0.03509,1410,1
ag,5120,10240,512,gpu,24,c_flux_ag,1,0.10458,0.10160,0.10314,0.04969,1410,1
ag,5120,10240,512,gpu,24,A_fused,2,0.38400,0.37376,0.37376,0.06324,1410,1
ag,5120,10240,512,gpu,25,c_cublas,0,0.25395,0.25190,0.25190,0.03452,1410,1
ag,5120,10240,512,gpu,25,c_fluxgemm,1,0.28058,0.27648,0.27648,0.04076,1410,1
ag,5120,10240,512,gpu,25,c_flux_ag,3,0.16243,0.14742,0.15008,0.04546,1410,1
ag,5120,10240,512,gpu,25,A_fused,2,0.40448,0.37990,0.40038,0.06688,1410,1
ag,5120,10240,512,gpu,26,c_cublas,1,0.25395,0.25190,0.25190,0.03703,1410,1
ag,5120,10240,512,gpu,26,c_fluxgemm,3,0.28058,0.27955,0.28058,0.03447,1410,1
ag,5120,10240,512,gpu,26,c_flux_ag,0,0.11501,0.10045,0.11501,0.04834,1410,1
ag,5120,10240,512,gpu,26,A_fused,2,0.38502,0.37888,0.38298,0.07052,1410,1
ag,5120,10240,512,gpu,27,c_cublas,2,0.25293,0.25190,0.25190,0.03727,1410,1
ag,5120,10240,512,gpu,27,c_fluxgemm,0,0.28058,0.27750,0.27853,0.03611,1410,1
ag,5120,10240,512,gpu,27,c_flux_ag,1,0.10538,0.09414,0.09414,0.04973,1410,1
ag,5120,10240,512,gpu,27,A_fused,3,0.40755,0.38400,0.40755,0.06990,1410,1
ag,5120,10240,512,gpu,28,c_cublas,3,0.25395,0.25190,0.25190,0.03781,1410,1
ag,5120,10240,512,gpu,28,c_fluxgemm,1,0.27955,0.27853,0.27853,0.03710,1410,1
ag,5120,10240,512,gpu,28,c_flux_ag,0,0.12848,0.11299,0.12131,0.05053,1410,1
ag,5120,10240,512,gpu,28,A_fused,2,0.43315,0.39014,0.39014,0.06561,1410,1
ag,5120,10240,512,gpu,29,c_cublas,3,0.25395,0.25293,0.25293,0.03605,1410,1
ag,5120,10240,512,gpu,29,c_fluxgemm,1,0.28160,0.27750,0.27853,0.03928,1410,1
ag,5120,10240,512,gpu,29,c_flux_ag,0,0.11430,0.10006,0.10381,0.05201,1410,1
ag,5120,10240,512,gpu,29,A_fused,2,0.38605,0.37376,0.38195,0.06770,1410,1
ag,5120,10240,512,gpu,30,c_cublas,2,0.25498,0.25293,0.25293,0.03628,1410,1
ag,5120,10240,512,gpu,30,c_fluxgemm,0,0.28058,0.27750,0.27750,0.03991,1410,1
ag,5120,10240,512,gpu,30,c_flux_ag,3,0.10349,0.09296,0.09296,0.05160,1410,1
ag,5120,10240,512,gpu,30,A_fused,1,0.45056,0.44032,0.44851,0.08247,1410,1
ag,5120,10240,512,gpu,31,c_cublas,1,0.25293,0.25190,0.25190,0.03581,1410,1
ag,5120,10240,512,gpu,31,c_fluxgemm,2,0.28160,0.27648,0.27648,0.03707,1410,1
ag,5120,10240,512,gpu,31,c_flux_ag,3,0.09830,0.09133,0.09133,0.04947,1410,1
ag,5120,10240,512,gpu,31,A_fused,0,0.40346,0.38707,0.40141,0.07056,1410,1
ag,5120,10240,512,gpu,32,c_cublas,3,0.25395,0.25190,0.25190,0.03599,1410,1
ag,5120,10240,512,gpu,32,c_fluxgemm,0,0.28058,0.27853,0.27853,0.04730,1410,1
ag,5120,10240,512,gpu,32,c_flux_ag,1,0.10470,0.08893,0.08893,0.04919,1410,1
ag,5120,10240,512,gpu,32,A_fused,2,0.42496,0.41165,0.42189,0.06431,1410,1
ag,5120,10240,512,gpu,33,c_cublas,1,0.25293,0.25190,0.25190,0.03645,1410,1
ag,5120,10240,512,gpu,33,c_fluxgemm,3,0.27955,0.27648,0.27648,0.04022,1410,1
ag,5120,10240,512,gpu,33,c_flux_ag,0,0.11610,0.09370,0.11610,0.05148,1410,1
ag,5120,10240,512,gpu,33,A_fused,2,0.41472,0.39322,0.40346,0.07085,1410,1
ag,5120,10240,512,gpu,34,c_cublas,0,0.25293,0.25190,0.25190,0.03713,1410,1
ag,5120,10240,512,gpu,34,c_fluxgemm,1,0.28365,0.27853,0.27853,0.03763,1410,1
ag,5120,10240,512,gpu,34,c_flux_ag,2,0.17574,0.13453,0.14131,0.04933,1410,1
ag,5120,10240,512,gpu,34,A_fused,3,0.41574,0.38605,0.41574,0.06455,1410,1
ag,5120,10240,512,gpu,35,c_cublas,2,0.25395,0.25190,0.25190,0.03792,1410,1
ag,5120,10240,512,gpu,35,c_fluxgemm,0,0.28160,0.27955,0.27955,0.03737,1410,1
ag,5120,10240,512,gpu,35,c_flux_ag,1,0.08960,0.08822,0.08864,0.04965,1410,1
ag,5120,10240,512,gpu,35,A_fused,3,0.39424,0.37683,0.37888,0.07104,1410,1
ag,5120,10240,512,gpu,36,c_cublas,1,0.25395,0.25190,0.25190,0.03651,1410,1
ag,5120,10240,512,gpu,36,c_fluxgemm,3,0.27955,0.27648,0.27648,0.03832,1410,1
ag,5120,10240,512,gpu,36,c_flux_ag,2,0.11552,0.09405,0.10694,0.05110,1410,1
ag,5120,10240,512,gpu,36,A_fused,0,0.40550,0.37990,0.40550,0.06993,1410,1
ag,5120,10240,512,gpu,37,c_cublas,1,0.25395,0.25190,0.25190,0.03747,1410,1
ag,5120,10240,512,gpu,37,c_fluxgemm,3,0.28058,0.27750,0.27750,0.03451,1410,1
ag,5120,10240,512,gpu,37,c_flux_ag,0,1.05190,0.13494,1.05190,0.05446,1410,1
ag,5120,10240,512,gpu,37,A_fused,2,0.41370,0.39219,0.39936,0.07221,1410,1
ag,5120,10240,512,gpu,38,c_cublas,3,0.25395,0.25190,0.25190,0.03604,1410,1
ag,5120,10240,512,gpu,38,c_fluxgemm,2,0.28058,0.27750,0.27750,0.03322,1410,1
ag,5120,10240,512,gpu,38,c_flux_ag,0,0.09325,0.08880,0.09325,0.05129,1410,1
ag,5120,10240,512,gpu,38,A_fused,1,0.37683,0.36454,0.37683,0.06500,1410,1
ag,5120,10240,512,gpu,39,c_cublas,3,0.25498,0.25293,0.25293,0.03549,1410,1
ag,5120,10240,512,gpu,39,c_fluxgemm,1,0.28058,0.27750,0.27853,0.03845,1410,1
ag,5120,10240,512,gpu,39,c_flux_ag,0,0.87443,0.14806,0.87443,0.05173,1410,1
ag,5120,10240,512,gpu,39,A_fused,2,0.38707,0.37990,0.38195,0.06726,1410,1
ag,5120,10240,512,gpu,40,c_cublas,3,0.25395,0.25190,0.25190,0.03640,1410,1
ag,5120,10240,512,gpu,40,c_fluxgemm,1,0.28058,0.27750,0.27853,0.03456,1410,1
ag,5120,10240,512,gpu,40,c_flux_ag,2,0.11482,0.09533,0.10781,0.04877,1410,1
ag,5120,10240,512,gpu,40,A_fused,0,0.39834,0.37888,0.39834,0.07237,1410,1
ag,5120,10240,512,gpu,41,c_cublas,1,0.25395,0.25190,0.25190,0.03553,1410,1
ag,5120,10240,512,gpu,41,c_fluxgemm,0,0.28160,0.27648,0.27648,0.03914,1410,1
ag,5120,10240,512,gpu,41,c_flux_ag,2,0.13722,0.11680,0.13722,0.05831,1410,1
ag,5120,10240,512,gpu,41,A_fused,3,0.40243,0.38912,0.40141,0.06591,1410,1
ag,5120,10240,512,gpu,42,c_cublas,0,0.25395,0.25190,0.25190,0.03742,1410,1
ag,5120,10240,512,gpu,42,c_fluxgemm,2,0.27853,0.27750,0.27750,0.03689,1410,1
ag,5120,10240,512,gpu,42,c_flux_ag,1,0.10141,0.09360,0.09360,0.05167,1410,1
ag,5120,10240,512,gpu,42,A_fused,3,0.37581,0.36454,0.37581,0.06557,1410,1
ag,5120,10240,512,gpu,43,c_cublas,3,0.25395,0.25293,0.25395,0.03702,1410,1
ag,5120,10240,512,gpu,43,c_fluxgemm,0,0.28058,0.27750,0.27750,0.03806,1410,1
ag,5120,10240,512,gpu,43,c_flux_ag,1,0.16352,0.14656,0.16352,0.05056,1410,1
ag,5120,10240,512,gpu,43,A_fused,2,0.39526,0.38298,0.38810,0.06376,1410,1
ag,5120,10240,512,gpu,44,c_cublas,2,0.25293,0.25190,0.25190,0.03611,1410,1
ag,5120,10240,512,gpu,44,c_fluxgemm,3,0.28058,0.27750,0.27853,0.05283,1410,1
ag,5120,10240,512,gpu,44,c_flux_ag,0,0.09190,0.08771,0.09190,0.05104,1410,1
ag,5120,10240,512,gpu,44,A_fused,1,0.41882,0.39731,0.40653,0.06492,1410,1
ag,5120,10240,512,gpu,45,c_cublas,3,0.25395,0.25088,0.25190,0.03649,1410,1
ag,5120,10240,512,gpu,45,c_fluxgemm,0,0.27955,0.27750,0.27750,0.03689,1410,1
ag,5120,10240,512,gpu,45,c_flux_ag,2,0.10256,0.09133,0.09386,0.04489,1410,1
ag,5120,10240,512,gpu,45,A_fused,1,0.38707,0.37376,0.38400,0.06596,1410,1
ag,5120,10240,512,gpu,46,c_cublas,2,0.25395,0.25190,0.25190,0.03640,1410,1
ag,5120,10240,512,gpu,46,c_fluxgemm,1,0.28058,0.27648,0.27648,0.03685,1410,1
ag,5120,10240,512,gpu,46,c_flux_ag,0,0.11690,0.11165,0.11526,0.05117,1410,1
ag,5120,10240,512,gpu,46,A_fused,3,0.41574,0.39322,0.39322,0.07116,1410,1
ag,5120,10240,512,gpu,47,c_cublas,0,0.25395,0.25293,0.25293,0.03653,1410,1
ag,5120,10240,512,gpu,47,c_fluxgemm,2,0.28160,0.27853,0.27853,0.03704,1410,1
ag,5120,10240,512,gpu,47,c_flux_ag,1,0.10944,0.09344,0.09344,0.05163,1410,1
ag,5120,10240,512,gpu,47,A_fused,3,0.43622,0.43008,0.43213,0.06435,1410,1
ag,5120,10240,512,gpu,48,c_cublas,1,0.25600,0.25293,0.25293,0.04937,1410,1
ag,5120,10240,512,gpu,48,c_fluxgemm,2,0.28160,0.27853,0.27853,0.03876,1410,1
ag,5120,10240,512,gpu,48,c_flux_ag,0,0.74797,0.11955,0.74797,0.04998,1410,1
ag,5120,10240,512,gpu,48,A_fused,3,0.39526,0.38502,0.39424,0.06674,1410,1
ag,5120,10240,512,gpu,49,c_cublas,0,0.25395,0.25190,0.25190,0.03862,1410,1
ag,5120,10240,512,gpu,49,c_fluxgemm,3,0.28058,0.27648,0.27648,0.03409,1410,1
ag,5120,10240,512,gpu,49,c_flux_ag,1,0.09379,0.08650,0.08650,0.05075,1410,1
ag,5120,10240,512,gpu,49,A_fused,2,0.40755,0.37990,0.40346,0.06448,1410,1
ag,5120,10240,512,gpu,50,c_cublas,3,0.25293,0.25190,0.25190,0.04261,1410,1
ag,5120,10240,512,gpu,50,c_fluxgemm,0,0.27955,0.27648,0.27648,0.03708,1410,1
ag,5120,10240,512,gpu,50,c_flux_ag,1,0.10307,0.09446,0.10106,0.04976,1410,1
ag,5120,10240,512,gpu,50,A_fused,2,0.40960,0.40141,0.40960,0.06369,1410,1
ag,5120,10240,512,gpu,51,c_cublas,2,0.25498,0.25190,0.25395,0.03584,1410,1
ag,5120,10240,512,gpu,51,c_fluxgemm,3,0.28262,0.27853,0.27955,0.03843,1410,1
ag,5120,10240,512,gpu,51,c_flux_ag,1,0.10800,0.10330,0.10474,0.04525,1410,1
ag,5120,10240,512,gpu,51,A_fused,0,0.38605,0.37683,0.37888,0.07266,1410,1
ag,5120,10240,512,gpu,52,c_cublas,3,0.25293,0.25190,0.25190,0.03685,1410,1
ag,5120,10240,512,gpu,52,c_fluxgemm,1,0.28262,0.27750,0.27750,0.03584,1410,1
ag,5120,10240,512,gpu,52,c_flux_ag,0,0.16403,0.13843,0.15798,0.05173,1410,1
ag,5120,10240,512,gpu,52,A_fused,2,0.39424,0.37888,0.39424,0.08203,1410,1
ag,5120,10240,512,gpu,53,c_cublas,2,0.25293,0.25190,0.25190,0.03591,1410,1
ag,5120,10240,512,gpu,53,c_fluxgemm,3,0.27955,0.27750,0.27750,0.03820,1410,1
ag,5120,10240,512,gpu,53,c_flux_ag,0,0.12070,0.10000,0.10323,0.05530,1410,1
ag,5120,10240,512,gpu,53,A_fused,1,0.42291,0.39424,0.41062,0.06621,1410,1
ag,5120,10240,512,gpu,54,c_cublas,1,0.25293,0.25190,0.25190,0.04116,1410,1
ag,5120,10240,512,gpu,54,c_fluxgemm,0,0.28058,0.27853,0.27853,0.03605,1410,1
ag,5120,10240,512,gpu,54,c_flux_ag,3,0.11795,0.10086,0.11795,0.04630,1410,1
ag,5120,10240,512,gpu,54,A_fused,2,0.41574,0.40448,0.40960,0.07070,1410,1
ag,5120,10240,512,gpu,55,c_cublas,1,0.25498,0.25293,0.25395,0.03639,1410,1
ag,5120,10240,512,gpu,55,c_fluxgemm,0,0.28160,0.27853,0.27853,0.03921,1410,1
ag,5120,10240,512,gpu,55,c_flux_ag,3,0.10397,0.08707,0.10397,0.04487,1410,1
ag,5120,10240,512,gpu,55,A_fused,2,0.41677,0.40960,0.41472,0.06842,1410,1
ag,5120,10240,512,gpu,56,c_cublas,0,0.25293,0.25190,0.25190,0.03880,1410,1
ag,5120,10240,512,gpu,56,c_fluxgemm,3,0.27955,0.27750,0.27750,0.03359,1410,1
ag,5120,10240,512,gpu,56,c_flux_ag,1,0.16000,0.14275,0.15450,0.05150,1410,1
ag,5120,10240,512,gpu,56,A_fused,2,0.39526,0.37376,0.39526,0.06504,1410,1
ag,5120,10240,512,gpu,57,c_cublas,3,0.25395,0.25190,0.25190,0.04247,1410,1
ag,5120,10240,512,gpu,57,c_fluxgemm,0,0.28058,0.27648,0.27648,0.03645,1410,1
ag,5120,10240,512,gpu,57,c_flux_ag,1,0.10381,0.09059,0.10381,0.04868,1410,1
ag,5120,10240,512,gpu,57,A_fused,2,0.38605,0.37581,0.38298,0.06491,1410,1
ag,5120,10240,512,gpu,58,c_cublas,0,0.25293,0.25190,0.25190,0.03414,1410,1
ag,5120,10240,512,gpu,58,c_fluxgemm,3,0.27955,0.27750,0.27955,0.03349,1410,1
ag,5120,10240,512,gpu,58,c_flux_ag,1,0.12138,0.10685,0.12138,0.05291,1410,1
ag,5120,10240,512,gpu,58,A_fused,2,0.41267,0.37888,0.41267,0.06512,1410,1
ag,5120,10240,512,gpu,59,c_cublas,3,0.25498,0.25293,0.25293,0.03584,1410,1
ag,5120,10240,512,gpu,59,c_fluxgemm,2,0.28160,0.27853,0.27853,0.03641,1410,1
ag,5120,10240,512,gpu,59,c_flux_ag,0,0.13594,0.11926,0.13594,0.05022,1410,1
ag,5120,10240,512,gpu,59,A_fused,1,0.38502,0.37478,0.37478,0.06540,1410,1
ag,5120,10240,512,gpu,60,c_cublas,1,0.25395,0.25190,0.25190,0.03550,1410,1
ag,5120,10240,512,gpu,60,c_fluxgemm,3,0.27853,0.27648,0.27648,0.03783,1410,1
ag,5120,10240,512,gpu,60,c_flux_ag,2,0.16246,0.14611,0.15427,0.05034,1410,1
ag,5120,10240,512,gpu,60,A_fused,0,0.40858,0.40346,0.40755,0.07197,1410,1
ag,5120,10240,512,gpu,61,c_cublas,2,0.25293,0.25190,0.25190,0.03657,1410,1
ag,5120,10240,512,gpu,61,c_fluxgemm,0,0.27955,0.27648,0.27648,0.03567,1410,1
ag,5120,10240,512,gpu,61,c_flux_ag,1,0.11053,0.09405,0.09405,0.05047,1410,1
ag,5120,10240,512,gpu,61,A_fused,3,0.40653,0.39014,0.40653,0.06994,1410,1
ag,5120,10240,512,gpu,62,c_cublas,1,0.25395,0.25190,0.25293,0.03549,1410,1
ag,5120,10240,512,gpu,62,c_fluxgemm,2,0.28160,0.27853,0.27955,0.03762,1410,1
ag,5120,10240,512,gpu,62,c_flux_ag,3,0.11341,0.10227,0.11341,0.04877,1410,1
ag,5120,10240,512,gpu,62,A_fused,0,0.38195,0.37274,0.37888,0.07034,1410,1
ag,5120,10240,512,gpu,63,c_cublas,0,0.25498,0.25190,0.25190,0.03761,1410,1
ag,5120,10240,512,gpu,63,c_fluxgemm,1,0.28262,0.27750,0.27750,0.03846,1410,1
ag,5120,10240,512,gpu,63,c_flux_ag,2,0.13485,0.11824,0.13485,0.04935,1410,1
ag,5120,10240,512,gpu,63,A_fused,3,0.40243,0.39424,0.40243,0.06322,1410,1
ag,5120,10240,512,gpu,64,c_cublas,3,0.25395,0.25190,0.25190,0.03678,1410,1
ag,5120,10240,512,gpu,64,c_fluxgemm,1,0.28058,0.27648,0.27648,0.03650,1410,1
ag,5120,10240,512,gpu,64,c_flux_ag,0,0.11146,0.08691,0.08691,0.05081,1410,1
ag,5120,10240,512,gpu,64,A_fused,2,0.41574,0.40653,0.40653,0.06620,1410,1
ag,5120,10240,512,gpu,65,c_cublas,2,0.25395,0.25190,0.25293,0.03764,1410,1
ag,5120,10240,512,gpu,65,c_fluxgemm,1,0.28160,0.27853,0.27853,0.03858,1410,1
ag,5120,10240,512,gpu,65,c_flux_ag,0,0.15882,0.13270,0.13430,0.05100,1410,1
ag,5120,10240,512,gpu,65,A_fused,3,0.40653,0.39219,0.40653,0.06969,1410,1
ag,5120,10240,512,gpu,66,c_cublas,2,0.25498,0.25293,0.25293,0.06184,1410,1
ag,5120,10240,512,gpu,66,c_fluxgemm,0,0.28058,0.27750,0.27750,0.03874,1410,1
ag,5120,10240,512,gpu,66,c_flux_ag,3,0.10912,0.08893,0.10912,0.05100,1410,1
ag,5120,10240,512,gpu,66,A_fused,1,0.40448,0.38298,0.40448,0.08263,1410,1
ag,5120,10240,512,gpu,67,c_cublas,3,0.25395,0.25293,0.25293,0.03605,1410,1
ag,5120,10240,512,gpu,67,c_fluxgemm,2,0.28262,0.27750,0.27750,0.03510,1410,1
ag,5120,10240,512,gpu,67,c_flux_ag,1,0.12406,0.10218,0.11760,0.04519,1410,1
ag,5120,10240,512,gpu,67,A_fused,0,0.39936,0.36557,0.39526,0.06895,1410,1
ag,5120,10240,512,gpu,68,c_cublas,2,0.25498,0.25190,0.25293,0.03677,1410,1
ag,5120,10240,512,gpu,68,c_fluxgemm,0,0.28160,0.27955,0.27955,0.04938,1410,1
ag,5120,10240,512,gpu,68,c_flux_ag,1,0.11171,0.10010,0.10496,0.05067,1410,1
ag,5120,10240,512,gpu,68,A_fused,3,0.40858,0.39731,0.40858,0.06866,1410,1
ag,5120,10240,512,gpu,69,c_cublas,0,0.25395,0.25190,0.25190,0.03661,1410,1
ag,5120,10240,512,gpu,69,c_fluxgemm,1,0.27955,0.27750,0.27853,0.03892,1410,1
ag,5120,10240,512,gpu,69,c_flux_ag,2,0.16477,0.14291,0.16477,0.04993,1410,1
ag,5120,10240,512,gpu,69,A_fused,3,0.38605,0.36659,0.37888,0.07821,1410,1
ag,5120,10240,512,gpu,70,c_cublas,2,0.25498,0.25293,0.25293,0.03652,1410,1
ag,5120,10240,512,gpu,70,c_fluxgemm,1,0.27955,0.27750,0.27750,0.03674,1410,1
ag,5120,10240,512,gpu,70,c_flux_ag,3,0.12493,0.10378,0.12493,0.05279,1410,1
ag,5120,10240,512,gpu,70,A_fused,0,0.38810,0.37683,0.38400,0.07071,1410,1
ag,5120,10240,512,gpu,71,c_cublas,2,0.25498,0.25293,0.25293,0.04347,1410,1
ag,5120,10240,512,gpu,71,c_fluxgemm,3,0.28058,0.27853,0.27853,0.03768,1410,1
ag,5120,10240,512,gpu,71,c_flux_ag,0,0.09389,0.08541,0.09389,0.04968,1410,1
ag,5120,10240,512,gpu,71,A_fused,1,0.40141,0.39629,0.40141,0.06567,1410,1
ag,5120,10240,512,gpu,72,c_cublas,3,0.25293,0.25190,0.25190,0.03613,1410,1
ag,5120,10240,512,gpu,72,c_fluxgemm,0,0.28058,0.27853,0.27853,0.03652,1410,1
ag,5120,10240,512,gpu,72,c_flux_ag,1,0.13565,0.09997,0.12176,0.04917,1410,1
ag,5120,10240,512,gpu,72,A_fused,2,0.40141,0.38400,0.40141,0.06444,1410,1
ag,5120,10240,512,gpu,73,c_cublas,1,0.25395,0.25088,0.25190,0.03692,1410,1
ag,5120,10240,512,gpu,73,c_fluxgemm,0,0.27853,0.27648,0.27648,0.03936,1410,1
ag,5120,10240,512,gpu,73,c_flux_ag,2,0.11334,0.10144,0.10400,0.05176,1410,1
ag,5120,10240,512,gpu,73,A_fused,3,0.41574,0.40755,0.41574,0.06400,1410,1
ag,5120,10240,512,gpu,74,c_cublas,3,0.25395,0.25190,0.25190,0.03629,1410,1
ag,5120,10240,512,gpu,74,c_fluxgemm,1,0.28058,0.27750,0.28058,0.03392,1410,1
ag,5120,10240,512,gpu,74,c_flux_ag,2,0.09424,0.08765,0.08765,0.04723,1410,1
ag,5120,10240,512,gpu,74,A_fused,0,0.44339,0.41984,0.44339,0.06927,1410,1
ag,5120,10240,512,gpu,75,c_cublas,0,0.25395,0.25293,0.25395,0.03643,1410,1
ag,5120,10240,512,gpu,75,c_fluxgemm,1,0.28262,0.27750,0.27750,0.03984,1410,1
ag,5120,10240,512,gpu,75,c_flux_ag,3,0.09984,0.09162,0.09744,0.04540,1410,1
ag,5120,10240,512,gpu,75,A_fused,2,0.43110,0.39219,0.40960,0.06759,1410,1
ag,5120,10240,512,gpu,76,c_cublas,2,0.25498,0.25293,0.25395,0.05248,1410,1
ag,5120,10240,512,gpu,76,c_fluxgemm,0,0.28262,0.27853,0.27853,0.03919,1410,1
ag,5120,10240,512,gpu,76,c_flux_ag,1,0.10262,0.09283,0.09283,0.04928,1410,1
ag,5120,10240,512,gpu,76,A_fused,3,0.40858,0.39117,0.39936,0.07148,1410,1
ag,5120,10240,512,gpu,77,c_cublas,3,0.25395,0.25190,0.25190,0.03655,1410,1
ag,5120,10240,512,gpu,77,c_fluxgemm,1,0.28058,0.27853,0.27955,0.03448,1410,1
ag,5120,10240,512,gpu,77,c_flux_ag,2,0.09322,0.08534,0.09261,0.04892,1410,1
ag,5120,10240,512,gpu,77,A_fused,0,0.41165,0.38502,0.41165,0.06956,1410,1
ag,5120,10240,512,gpu,78,c_cublas,2,0.25395,0.25190,0.25190,0.03671,1410,1
ag,5120,10240,512,gpu,78,c_fluxgemm,1,0.27955,0.27750,0.27750,0.04135,1410,1
ag,5120,10240,512,gpu,78,c_flux_ag,0,0.30803,0.13619,0.30106,0.05185,1410,1
ag,5120,10240,512,gpu,78,A_fused,3,0.44954,0.43110,0.43110,0.07186,1410,1
ag,5120,10240,512,gpu,79,c_cublas,1,0.25395,0.25088,0.25088,0.03677,1410,1
ag,5120,10240,512,gpu,79,c_fluxgemm,2,0.28058,0.27853,0.27853,0.03821,1410,1
ag,5120,10240,512,gpu,79,c_flux_ag,0,0.12163,0.10147,0.12163,0.04979,1410,1
ag,5120,10240,512,gpu,79,A_fused,3,0.40141,0.39526,0.40141,0.06920,1410,1
ag,5120,10240,512,gpu,80,c_cublas,1,0.25395,0.25190,0.25190,0.03808,1410,1
ag,5120,10240,512,gpu,80,c_fluxgemm,3,0.28160,0.27750,0.27750,0.04617,1410,1
ag,5120,10240,512,gpu,80,c_flux_ag,2,0.10045,0.09312,0.09312,0.04994,1410,1
ag,5120,10240,512,gpu,80,A_fused,0,0.41165,0.38502,0.40550,0.07002,1410,1
ag,5120,10240,512,gpu,81,c_cublas,3,0.25293,0.25190,0.25190,0.03728,1410,1
ag,5120,10240,512,gpu,81,c_fluxgemm,0,0.27853,0.27648,0.27750,0.03578,1410,1
ag,5120,10240,512,gpu,81,c_flux_ag,1,0.11811,0.11462,0.11811,0.04973,1410,1
ag,5120,10240,512,gpu,81,A_fused,2,0.41574,0.38810,0.40346,0.06767,1410,1
ag,5120,10240,512,gpu,82,c_cublas,0,0.25293,0.25088,0.25088,0.03683,1410,1
ag,5120,10240,512,gpu,82,c_fluxgemm,1,0.28262,0.27853,0.27853,0.03850,1410,1
ag,5120,10240,512,gpu,82,c_flux_ag,2,0.12874,0.11712,0.12874,0.05051,1410,1
ag,5120,10240,512,gpu,82,A_fused,3,0.40243,0.38093,0.38093,0.06365,1410,1
ag,5120,10240,512,gpu,83,c_cublas,1,0.25293,0.25190,0.25190,0.03639,1410,1
ag,5120,10240,512,gpu,83,c_fluxgemm,3,0.28058,0.27853,0.27853,0.03619,1410,1
ag,5120,10240,512,gpu,83,c_flux_ag,2,0.13779,0.11021,0.13779,0.05149,1410,1
ag,5120,10240,512,gpu,83,A_fused,0,0.44646,0.43110,0.44646,0.08999,1410,1
ag,5120,10240,512,gpu,84,c_cublas,3,0.25293,0.25190,0.25190,0.03758,1410,1
ag,5120,10240,512,gpu,84,c_fluxgemm,2,0.27955,0.27750,0.27750,0.03527,1410,1
ag,5120,10240,512,gpu,84,c_flux_ag,1,0.11462,0.10435,0.11462,0.04424,1410,1
ag,5120,10240,512,gpu,84,A_fused,0,0.39834,0.38605,0.39834,0.06979,1410,1
ag,5120,10240,512,gpu,85,c_cublas,0,0.25293,0.25190,0.25190,0.03531,1410,1
ag,5120,10240,512,gpu,85,c_fluxgemm,3,0.28058,0.27750,0.27750,0.03382,1410,1
ag,5120,10240,512,gpu,85,c_flux_ag,1,0.09440,0.08717,0.09206,0.05160,1410,1
ag,5120,10240,512,gpu,85,A_fused,2,0.41062,0.39731,0.40550,0.06509,1410,1
ag,5120,10240,512,gpu,86,c_cublas,1,0.25395,0.25088,0.25190,0.03586,1410,1
ag,5120,10240,512,gpu,86,c_fluxgemm,0,0.27955,0.27648,0.27648,0.03522,1410,1
ag,5120,10240,512,gpu,86,c_flux_ag,3,0.11997,0.11149,0.11149,0.04664,1410,1
ag,5120,10240,512,gpu,86,A_fused,2,0.38605,0.37478,0.38605,0.09803,1410,1
ag,5120,10240,512,gpu,87,c_cublas,3,0.25395,0.25293,0.25293,0.03590,1410,1
ag,5120,10240,512,gpu,87,c_fluxgemm,2,0.28160,0.27750,0.27955,0.03476,1410,1
ag,5120,10240,512,gpu,87,c_flux_ag,1,0.09091,0.08490,0.08496,0.04449,1410,1
ag,5120,10240,512,gpu,87,A_fused,0,0.99226,0.45466,0.99226,0.06826,1410,1
ag,5120,10240,512,gpu,88,c_cublas,3,0.25395,0.25190,0.25190,0.03573,1410,1
ag,5120,10240,512,gpu,88,c_fluxgemm,0,0.28262,0.27853,0.27853,0.03837,1410,1
ag,5120,10240,512,gpu,88,c_flux_ag,1,0.12022,0.10547,0.11923,0.04949,1410,1
ag,5120,10240,512,gpu,88,A_fused,2,0.42291,0.40141,0.42291,0.06513,1410,1
ag,5120,10240,512,gpu,89,c_cublas,2,0.25293,0.25190,0.25190,0.03651,1410,1
ag,5120,10240,512,gpu,89,c_fluxgemm,0,0.27955,0.27853,0.27853,0.04977,1410,1
ag,5120,10240,512,gpu,89,c_flux_ag,1,0.11050,0.09066,0.11050,0.05038,1410,1
ag,5120,10240,512,gpu,89,A_fused,3,0.40653,0.39424,0.40448,0.06948,1410,1
ag,5120,10240,512,gpu,90,c_cublas,1,0.25293,0.25190,0.25190,0.03552,1410,1
ag,5120,10240,512,gpu,90,c_fluxgemm,2,0.28160,0.27955,0.27955,0.03710,1410,1
ag,5120,10240,512,gpu,90,c_flux_ag,3,0.11926,0.11133,0.11418,0.05396,1410,1
ag,5120,10240,512,gpu,90,A_fused,0,0.40243,0.37478,0.39424,0.06993,1410,1
ag,5120,10240,512,gpu,91,c_cublas,0,0.25498,0.25293,0.25293,0.03722,1410,1
ag,5120,10240,512,gpu,91,c_fluxgemm,2,0.28160,0.27750,0.27853,0.03461,1410,1
ag,5120,10240,512,gpu,91,c_flux_ag,3,0.10096,0.08816,0.08816,0.04783,1410,1
ag,5120,10240,512,gpu,91,A_fused,1,0.44339,0.43520,0.43520,0.07384,1410,1
ag,5120,10240,512,gpu,92,c_cublas,3,0.25293,0.25190,0.25293,0.03666,1410,1
ag,5120,10240,512,gpu,92,c_fluxgemm,2,0.28160,0.27853,0.27853,0.03828,1410,1
ag,5120,10240,512,gpu,92,c_flux_ag,1,0.10454,0.09277,0.10454,0.04500,1410,1
ag,5120,10240,512,gpu,92,A_fused,0,0.40653,0.39526,0.40243,0.07298,1410,1
ag,5120,10240,512,gpu,93,c_cublas,2,0.25293,0.25190,0.25190,0.03645,1410,1
ag,5120,10240,512,gpu,93,c_fluxgemm,0,0.28058,0.27750,0.27750,0.04054,1410,1
ag,5120,10240,512,gpu,93,c_flux_ag,1,0.10621,0.09904,0.10314,0.05009,1410,1
ag,5120,10240,512,gpu,93,A_fused,3,0.41677,0.38093,0.41677,0.07011,1410,1
ag,5120,10240,512,gpu,94,c_cublas,3,0.25395,0.25190,0.25190,0.03611,1410,1
ag,5120,10240,512,gpu,94,c_fluxgemm,1,0.27955,0.27546,0.27648,0.03874,1410,1
ag,5120,10240,512,gpu,94,c_flux_ag,0,0.12074,0.10032,0.12074,0.04972,1410,1
ag,5120,10240,512,gpu,94,A_fused,2,0.40653,0.38400,0.40346,0.06650,1410,1
ag,5120,10240,512,gpu,95,c_cublas,1,0.25498,0.25293,0.25293,0.03578,1410,1
ag,5120,10240,512,gpu,95,c_fluxgemm,0,0.27955,0.27750,0.27750,0.03899,1410,1
ag,5120,10240,512,gpu,95,c_flux_ag,2,0.16454,0.14755,0.16026,0.05158,1410,1
ag,5120,10240,512,gpu,95,A_fused,3,0.41062,0.38400,0.40038,0.06389,1410,1
ag,5120,10240,512,gpu,96,c_cublas,2,0.25498,0.25293,0.25293,0.03607,1410,1
ag,5120,10240,512,gpu,96,c_fluxgemm,1,0.28058,0.27955,0.27955,0.03682,1410,1
ag,5120,10240,512,gpu,96,c_flux_ag,0,0.11578,0.08829,0.10352,0.05077,1410,1
ag,5120,10240,512,gpu,96,A_fused,3,0.39731,0.37683,0.37683,0.06970,1410,1
ag,5120,10240,512,gpu,97,c_cublas,1,0.25498,0.25190,0.25190,0.03545,1410,1
ag,5120,10240,512,gpu,97,c_fluxgemm,3,0.28058,0.27546,0.27546,0.03767,1410,1
ag,5120,10240,512,gpu,97,c_flux_ag,2,0.10499,0.09152,0.10499,0.06828,1410,1
ag,5120,10240,512,gpu,97,A_fused,0,0.40755,0.39526,0.39731,0.06975,1410,1
ag,5120,10240,512,gpu,98,c_cublas,3,0.25293,0.25190,0.25190,0.03603,1410,1
ag,5120,10240,512,gpu,98,c_fluxgemm,2,0.28058,0.27648,0.27750,0.03410,1410,1
ag,5120,10240,512,gpu,98,c_flux_ag,0,0.09382,0.08630,0.09382,0.04993,1410,1
ag,5120,10240,512,gpu,98,A_fused,1,0.42906,0.40960,0.42906,0.06635,1410,1
ag,5120,10240,512,gpu,99,c_cublas,2,0.25498,0.25293,0.25293,0.03638,1410,1
ag,5120,10240,512,gpu,99,c_fluxgemm,3,0.28262,0.27750,0.27750,0.03739,1410,1
ag,5120,10240,512,gpu,99,c_flux_ag,0,0.11917,0.09098,0.11917,0.05291,1410,1
ag,5120,10240,512,gpu,99,A_fused,1,0.38502,0.37376,0.37786,0.07959,1410,1
ag,5120,10240,512,gpu,100,c_cublas,3,0.25293,0.25190,0.25190,0.03653,1410,1
ag,5120,10240,512,gpu,100,c_fluxgemm,1,0.28058,0.27648,0.27648,0.03375,1410,1
ag,5120,10240,512,gpu,100,c_flux_ag,2,0.10998,0.09552,0.10304,0.04874,1410,1
ag,5120,10240,512,gpu,100,A_fused,0,0.45158,0.41574,0.45158,0.07165,1410,1
ag,5120,10240,512,gpu,101,c_cublas,3,0.25395,0.25190,0.25190,0.03558,1410,1
ag,5120,10240,512,gpu,101,c_fluxgemm,1,0.28365,0.27853,0.27853,0.03822,1410,1
ag,5120,10240,512,gpu,101,c_flux_ag,0,0.09318,0.08698,0.08698,0.06497,1410,1
ag,5120,10240,512,gpu,101,A_fused,2,0.41062,0.40346,0.40346,0.06666,1410,1
ag,5120,10240,512,gpu,102,c_cublas,0,0.25395,0.25190,0.25190,0.03479,1410,1
ag,5120,10240,512,gpu,102,c_fluxgemm,1,0.28160,0.27750,0.27750,0.03884,1410,1
ag,5120,10240,512,gpu,102,c_flux_ag,3,0.11565,0.10102,0.10864,0.05868,1410,1
ag,5120,10240,512,gpu,102,A_fused,2,0.43827,0.40653,0.43418,0.06909,1410,1
ag,5120,10240,512,gpu,103,c_cublas,1,0.25293,0.25190,0.25190,0.03577,1410,1
ag,5120,10240,512,gpu,103,c_fluxgemm,2,0.28262,0.27648,0.27648,0.03793,1410,1
ag,5120,10240,512,gpu,103,c_flux_ag,3,0.09677,0.08973,0.08973,0.04982,1410,1
ag,5120,10240,512,gpu,103,A_fused,0,0.41574,0.37581,0.40550,0.06904,1410,1
ag,5120,10240,512,gpu,104,c_cublas,3,0.25293,0.25190,0.25190,0.03659,1410,1
ag,5120,10240,512,gpu,104,c_fluxgemm,1,0.28058,0.27750,0.27955,0.03596,1410,1
ag,5120,10240,512,gpu,104,c_flux_ag,0,0.12227,0.09504,0.12227,0.04884,1410,1
ag,5120,10240,512,gpu,104,A_fused,2,0.43725,0.43008,0.43725,0.08334,1410,1
ag,5120,10240,512,gpu,105,c_cublas,0,0.25293,0.25190,0.25293,0.03484,1410,1
ag,5120,10240,512,gpu,105,c_fluxgemm,2,0.28058,0.27853,0.27853,0.03412,1410,1
ag,5120,10240,512,gpu,105,c_flux_ag,3,0.09670,0.09123,0.09670,0.04771,1410,1
ag,5120,10240,512,gpu,105,A_fused,1,0.39834,0.38298,0.38298,0.07092,1410,1
ag,5120,10240,512,gpu,106,c_cublas,0,0.25395,0.25190,0.25190,0.03658,1410,1
ag,5120,10240,512,gpu,106,c_fluxgemm,1,0.28058,0.27955,0.28058,0.05060,1410,1
ag,5120,10240,512,gpu,106,c_flux_ag,3,0.11997,0.10282,0.11997,0.04541,1410,1
ag,5120,10240,512,gpu,106,A_fused,2,0.43315,0.40960,0.41472,0.06853,1410,1
ag,5120,10240,512,gpu,107,c_cublas,2,0.25395,0.25190,0.25190,0.03616,1410,1
ag,5120,10240,512,gpu,107,c_fluxgemm,0,0.27955,0.27853,0.27853,0.03804,1410,1
ag,5120,10240,512,gpu,107,c_flux_ag,3,0.10317,0.09027,0.09027,0.04994,1410,1
ag,5120,10240,512,gpu,107,A_fused,1,0.40858,0.39731,0.39834,0.06622,1410,1
ag,5120,10240,512,gpu,108,c_cublas,2,0.25498,0.25293,0.25293,0.03695,1410,1
ag,5120,10240,512,gpu,108,c_fluxgemm,0,0.28160,0.27750,0.27750,0.03967,1410,1
ag,5120,10240,512,gpu,108,c_flux_ag,1,0.10608,0.09514,0.10608,0.05079,1410,1
ag,5120,10240,512,gpu,108,A_fused,3,0.43213,0.42906,0.43008,0.07021,1410,1
ag,5120,10240,512,gpu,109,c_cublas,2,0.25395,0.25293,0.25293,0.03707,1410,1
ag,5120,10240,512,gpu,109,c_fluxgemm,0,0.27853,0.27648,0.27648,0.03747,1410,1
ag,5120,10240,512,gpu,109,c_flux_ag,1,0.09283,0.08768,0.09283,0.05155,1410,1
ag,5120,10240,512,gpu,109,A_fused,3,0.39219,0.38195,0.38605,0.08575,1410,1
ag,5120,10240,512,gpu,110,c_cublas,0,0.25293,0.25190,0.25190,0.03656,1410,1
ag,5120,10240,512,gpu,110,c_fluxgemm,3,0.28058,0.27853,0.27853,0.03513,1410,1
ag,5120,10240,512,gpu,110,c_flux_ag,2,0.12099,0.10525,0.11786,0.04590,1410,1
ag,5120,10240,512,gpu,110,A_fused,1,0.39834,0.38707,0.38707,0.07057,1410,1
ag,5120,10240,512,gpu,111,c_cublas,0,0.25498,0.25293,0.25395,0.04565,1410,1
ag,5120,10240,512,gpu,111,c_fluxgemm,2,0.27955,0.27853,0.27955,0.04630,1410,1
ag,5120,10240,512,gpu,111,c_flux_ag,1,0.13136,0.10861,0.13136,0.08751,1410,1
ag,5120,10240,512,gpu,111,A_fused,3,0.41267,0.39322,0.41062,0.06794,1410,1
ag,5120,10240,512,gpu,112,c_cublas,3,0.25293,0.25190,0.25190,0.03693,1410,1
ag,5120,10240,512,gpu,112,c_fluxgemm,0,0.28262,0.27648,0.27648,0.03777,1410,1
ag,5120,10240,512,gpu,112,c_flux_ag,2,0.13408,0.12128,0.13408,0.04492,1410,1
ag,5120,10240,512,gpu,112,A_fused,1,0.38707,0.38195,0.38707,0.06747,1410,1
ag,5120,10240,512,gpu,113,c_cublas,3,0.25293,0.25190,0.25190,0.03611,1410,1
ag,5120,10240,512,gpu,113,c_fluxgemm,2,0.27955,0.27648,0.27648,0.03590,1410,1
ag,5120,10240,512,gpu,113,c_flux_ag,1,0.08739,0.08342,0.08499,0.04786,1410,1
ag,5120,10240,512,gpu,113,A_fused,0,0.44749,0.41984,0.44749,0.08297,1410,1
ag,5120,10240,512,gpu,114,c_cublas,2,0.25395,0.25293,0.25395,0.03559,1410,1
ag,5120,10240,512,gpu,114,c_fluxgemm,0,0.28058,0.27750,0.27853,0.03873,1410,1
ag,5120,10240,512,gpu,114,c_flux_ag,3,0.09818,0.08794,0.09005,0.05166,1410,1
ag,5120,10240,512,gpu,114,A_fused,1,0.39117,0.37786,0.37786,0.06666,1410,1
ag,5120,10240,512,gpu,115,c_cublas,3,0.25498,0.25395,0.25395,0.03646,1410,1
ag,5120,10240,512,gpu,115,c_fluxgemm,2,0.27955,0.27853,0.27853,0.03562,1410,1
ag,5120,10240,512,gpu,115,c_flux_ag,1,0.11270,0.09030,0.09030,0.04703,1410,1
ag,5120,10240,512,gpu,115,A_fused,0,0.40960,0.39219,0.40960,0.07133,1410,1
ag,5120,10240,512,gpu,116,c_cublas,2,0.25395,0.25293,0.25293,0.03606,1410,1
ag,5120,10240,512,gpu,116,c_fluxgemm,1,0.28160,0.27750,0.27750,0.03727,1410,1
ag,5120,10240,512,gpu,116,c_flux_ag,0,0.10595,0.09040,0.10595,0.05256,1410,1
ag,5120,10240,512,gpu,116,A_fused,3,0.41574,0.40346,0.41574,0.07112,1410,1
ag,5120,10240,512,gpu,117,c_cublas,1,0.25395,0.25190,0.25190,0.03680,1410,1
ag,5120,10240,512,gpu,117,c_fluxgemm,0,0.30515,0.27750,0.27750,0.03852,1410,1
ag,5120,10240,512,gpu,117,c_flux_ag,3,0.09344,0.08870,0.09190,0.04535,1410,1
ag,5120,10240,512,gpu,117,A_fused,2,0.43827,0.42803,0.42803,0.07046,1410,1
ag,5120,10240,512,gpu,118,c_cublas,2,0.25293,0.25190,0.25190,0.03612,1410,1
ag,5120,10240,512,gpu,118,c_fluxgemm,1,0.27955,0.27546,0.27546,0.03706,1410,1
ag,5120,10240,512,gpu,118,c_flux_ag,0,0.10541,0.08406,0.10541,0.05111,1410,1
ag,5120,10240,512,gpu,118,A_fused,3,0.38298,0.37376,0.37786,0.07008,1410,1
ag,5120,10240,512,gpu,119,c_cublas,3,0.25498,0.25293,0.25395,0.03671,1410,1
ag,5120,10240,512,gpu,119,c_fluxgemm,0,0.28058,0.27750,0.27853,0.03745,1410,1
ag,5120,10240,512,gpu,119,c_flux_ag,1,0.10032,0.09187,0.09264,0.05060,1410,1
ag,5120,10240,512,gpu,119,A_fused,2,0.41677,0.39936,0.41677,0.06526,1410,1
ag,5120,10240,512,gpu,120,c_cublas,3,0.25293,0.25190,0.25190,0.03645,1410,1
ag,5120,10240,512,gpu,120,c_fluxgemm,1,0.28160,0.27853,0.27853,0.03719,1410,1
ag,5120,10240,512,gpu,120,c_flux_ag,0,0.11645,0.10000,0.10000,0.05233,1410,1
ag,5120,10240,512,gpu,120,A_fused,2,0.39219,0.37683,0.39219,0.06665,1410,1
ag,5120,10240,512,gpu,121,c_cublas,1,0.25293,0.25088,0.25088,0.03611,1410,1
ag,5120,10240,512,gpu,121,c_fluxgemm,3,0.27955,0.27648,0.27648,0.03349,1410,1
ag,5120,10240,512,gpu,121,c_flux_ag,0,0.09062,0.08778,0.08778,0.05213,1410,1
ag,5120,10240,512,gpu,121,A_fused,2,0.40755,0.38400,0.40755,0.07123,1410,1
ag,5120,10240,512,gpu,122,c_cublas,0,0.25293,0.25190,0.25293,0.03652,1410,1
ag,5120,10240,512,gpu,122,c_fluxgemm,3,0.28058,0.27750,0.27750,0.04078,1410,1
ag,5120,10240,512,gpu,122,c_flux_ag,2,0.13075,0.10758,0.11552,0.04572,1410,1
ag,5120,10240,512,gpu,122,A_fused,1,0.45773,0.43213,0.45773,0.07057,1410,1
ag,5120,10240,512,gpu,123,c_cublas,2,0.25395,0.25293,0.25293,0.03595,1410,1
ag,5120,10240,512,gpu,123,c_fluxgemm,3,0.28160,0.27853,0.27853,0.03759,1410,1
ag,5120,10240,512,gpu,123,c_flux_ag,0,0.09901,0.09306,0.09306,0.05065,1410,1
ag,5120,10240,512,gpu,123,A_fused,1,0.38912,0.36864,0.38298,0.06550,1410,1
ag,5120,10240,512,gpu,124,c_cublas,1,0.25293,0.25190,0.25190,0.03547,1410,1
ag,5120,10240,512,gpu,124,c_fluxgemm,3,0.27955,0.27648,0.27648,0.03668,1410,1
ag,5120,10240,512,gpu,124,c_flux_ag,2,0.11818,0.10342,0.10883,0.05115,1410,1
ag,5120,10240,512,gpu,124,A_fused,0,0.41165,0.39731,0.41165,0.06998,1410,1
ag,5120,10240,512,gpu,125,c_cublas,3,0.25293,0.25190,0.25190,0.04138,1410,1
ag,5120,10240,512,gpu,125,c_fluxgemm,0,0.28058,0.27546,0.27546,0.03646,1410,1
ag,5120,10240,512,gpu,125,c_flux_ag,1,0.10182,0.09104,0.09104,0.04990,1410,1
ag,5120,10240,512,gpu,125,A_fused,2,0.40346,0.36966,0.38298,0.06500,1410,1
ag,5120,10240,512,gpu,126,c_cublas,0,0.28058,0.25190,0.25190,0.03356,1410,1
ag,5120,10240,512,gpu,126,c_fluxgemm,1,0.28160,0.27853,0.27955,0.04028,1410,1
ag,5120,10240,512,gpu,126,c_flux_ag,2,0.16301,0.14758,0.15661,0.05055,1410,1
ag,5120,10240,512,gpu,126,A_fused,3,0.41370,0.40141,0.40141,0.06445,1410,1
ag,5120,10240,512,gpu,127,c_cublas,2,0.25293,0.25190,0.25190,0.03700,1410,1
ag,5120,10240,512,gpu,127,c_fluxgemm,0,0.28160,0.27750,0.27750,0.03766,1410,1
ag,5120,10240,512,gpu,127,c_flux_ag,1,0.10339,0.09395,0.09936,0.06647,1410,1
ag,5120,10240,512,gpu,127,A_fused,3,0.39014,0.37581,0.39014,0.06966,1410,1
ag,5120,10240,512,gpu,128,c_cublas,2,0.25498,0.25293,0.25395,0.03617,1410,1
ag,5120,10240,512,gpu,128,c_fluxgemm,1,0.28058,0.27853,0.27853,0.03603,1410,1
ag,5120,10240,512,gpu,128,c_flux_ag,0,0.11261,0.10003,0.10528,0.04970,1410,1
ag,5120,10240,512,gpu,128,A_fused,3,0.40243,0.38810,0.40243,0.07091,1410,1
ag,5120,10240,512,gpu,129,c_cublas,2,0.25395,0.25190,0.25190,0.03598,1410,1
ag,5120,10240,512,gpu,129,c_fluxgemm,1,0.27955,0.27648,0.27648,0.03503,1410,1
ag,5120,10240,512,gpu,129,c_flux_ag,3,0.09709,0.09123,0.09709,0.05230,1410,1
ag,5120,10240,512,gpu,129,A_fused,0,0.40960,0.40346,0.40960,0.07965,1410,1
ag,5120,10240,512,gpu,130,c_cublas,3,0.25293,0.25190,0.25293,0.04903,1410,1
ag,5120,10240,512,gpu,130,c_fluxgemm,2,0.27955,0.27750,0.27750,0.03475,1410,1
ag,5120,10240,512,gpu,130,c_flux_ag,0,0.11878,0.09558,0.10912,0.05103,1410,1
ag,5120,10240,512,gpu,130,A_fused,1,0.40755,0.38298,0.40243,0.06638,1410,1
ag,5120,10240,512,gpu,131,c_cublas,2,0.25395,0.25190,0.25190,0.03664,1410,1
ag,5120,10240,512,gpu,131,c_fluxgemm,0,0.27955,0.27853,0.27955,0.03861,1410,1
ag,5120,10240,512,gpu,131,c_flux_ag,1,0.16614,0.14698,0.16614,0.05032,1410,1
ag,5120,10240,512,gpu,131,A_fused,3,0.41472,0.39936,0.39936,0.07472,1410,1
ag,5120,10240,512,gpu,132,c_cublas,2,0.25293,0.25190,0.25190,0.03998,1410,1
ag,5120,10240,512,gpu,132,c_fluxgemm,3,0.28058,0.27750,0.27750,0.03842,1410,1
ag,5120,10240,512,gpu,132,c_flux_ag,1,0.11459,0.09040,0.10154,0.04560,1410,1
ag,5120,10240,512,gpu,132,A_fused,0,0.38605,0.37376,0.38605,0.06839,1410,1
ag,5120,10240,512,gpu,133,c_cublas,1,0.25293,0.25190,0.25190,0.03565,1410,1
ag,5120,10240,512,gpu,133,c_fluxgemm,2,0.28160,0.27853,0.27853,0.03786,1410,1
ag,5120,10240,512,gpu,133,c_flux_ag,3,0.09302,0.08742,0.09302,0.04962,1410,1
ag,5120,10240,512,gpu,133,A_fused,0,0.41574,0.39834,0.39834,0.07023,1410,1
ag,5120,10240,512,gpu,134,c_cublas,1,0.25395,0.25190,0.25190,0.04755,1410,1
ag,5120,10240,512,gpu,134,c_fluxgemm,0,0.28058,0.27750,0.27750,0.03751,1410,1
ag,5120,10240,512,gpu,134,c_flux_ag,3,0.09066,0.08624,0.09002,0.04598,1410,1
ag,5120,10240,512,gpu,134,A_fused,2,0.41472,0.41062,0.41062,0.07198,1410,1
ag,5120,10240,512,gpu,135,c_cublas,2,0.25293,0.25190,0.25190,0.03590,1410,1
ag,5120,10240,512,gpu,135,c_fluxgemm,1,0.27955,0.27648,0.27750,0.03360,1410,1
ag,5120,10240,512,gpu,135,c_flux_ag,3,0.16077,0.14310,0.16038,0.05098,1410,1
ag,5120,10240,512,gpu,135,A_fused,0,0.39117,0.37990,0.38605,0.07074,1410,1
ag,5120,10240,512,gpu,136,c_cublas,1,0.25395,0.25190,0.25190,0.03586,1410,1
ag,5120,10240,512,gpu,136,c_fluxgemm,2,0.28160,0.27750,0.27853,0.03778,1410,1
ag,5120,10240,512,gpu,136,c_flux_ag,3,0.10205,0.09030,0.09030,0.04980,1410,1
ag,5120,10240,512,gpu,136,A_fused,0,0.41267,0.37990,0.41267,0.07484,1410,1
ag,5120,10240,512,gpu,137,c_cublas,0,0.25293,0.25190,0.25190,0.03647,1410,1
ag,5120,10240,512,gpu,137,c_fluxgemm,2,0.28262,0.27955,0.27955,0.03454,1410,1
ag,5120,10240,512,gpu,137,c_flux_ag,3,0.09654,0.08790,0.09654,0.06871,1410,1
ag,5120,10240,512,gpu,137,A_fused,1,0.40243,0.39526,0.39526,0.07405,1410,1
ag,5120,10240,512,gpu,138,c_cublas,0,0.25395,0.25190,0.25190,0.03692,1410,1
ag,5120,10240,512,gpu,138,c_fluxgemm,1,0.28160,0.27955,0.27955,0.03876,1410,1
ag,5120,10240,512,gpu,138,c_flux_ag,3,0.08957,0.08624,0.08957,0.04510,1410,1
ag,5120,10240,512,gpu,138,A_fused,2,0.42189,0.39424,0.39424,0.06838,1410,1
ag,5120,10240,512,gpu,139,c_cublas,2,0.25395,0.25190,0.25293,0.04644,1410,1
ag,5120,10240,512,gpu,139,c_fluxgemm,0,0.28160,0.27750,0.27750,0.03876,1410,1
ag,5120,10240,512,gpu,139,c_flux_ag,3,0.09446,0.08445,0.09350,0.11452,1410,1
ag,5120,10240,512,gpu,139,A_fused,1,0.39014,0.38195,0.38912,0.06765,1410,1
ag,5120,10240,512,gpu,140,c_cublas,2,0.25293,0.25190,0.25190,0.03619,1410,1
ag,5120,10240,512,gpu,140,c_fluxgemm,3,0.28058,0.27648,0.27648,0.03751,1410,1
ag,5120,10240,512,gpu,140,c_flux_ag,0,0.15270,0.13587,0.15270,0.04812,1410,1
ag,5120,10240,512,gpu,140,A_fused,1,0.43622,0.43110,0.43622,0.06710,1410,1
ag,5120,10240,512,gpu,141,c_cublas,3,0.25395,0.25190,0.25190,0.03598,1410,1
ag,5120,10240,512,gpu,141,c_fluxgemm,0,0.28058,0.27546,0.27750,0.03576,1410,1
ag,5120,10240,512,gpu,141,c_flux_ag,2,0.11197,0.09344,0.10675,0.12059,1410,1
ag,5120,10240,512,gpu,141,A_fused,1,0.38298,0.37888,0.37888,0.07452,1410,1
ag,5120,10240,512,gpu,142,c_cublas,3,0.25395,0.25190,0.25293,0.03621,1410,1
ag,5120,10240,512,gpu,142,c_fluxgemm,2,0.28058,0.27750,0.27750,0.03481,1410,1
ag,5120,10240,512,gpu,142,c_flux_ag,1,0.11370,0.09101,0.09101,0.04468,1410,1
ag,5120,10240,512,gpu,142,A_fused,0,0.37990,0.37683,0.37786,0.07191,1410,1
ag,5120,10240,512,gpu,143,c_cublas,3,0.25498,0.25293,0.25293,0.03560,1410,1
ag,5120,10240,512,gpu,143,c_fluxgemm,2,0.28160,0.27648,0.27648,0.03523,1410,1
ag,5120,10240,512,gpu,143,c_flux_ag,1,0.11197,0.08854,0.08854,0.04677,1410,1
ag,5120,10240,512,gpu,143,A_fused,0,0.40755,0.38707,0.38707,0.08314,1410,1
ag,5120,10240,512,gpu,144,c_cublas,1,0.25498,0.25293,0.25293,0.03576,1410,1
ag,5120,10240,512,gpu,144,c_fluxgemm,3,0.27853,0.27750,0.27750,0.04887,1410,1
ag,5120,10240,512,gpu,144,c_flux_ag,0,0.09491,0.08768,0.09274,0.05250,1410,1
ag,5120,10240,512,gpu,144,A_fused,2,0.44544,0.42701,0.42701,0.06960,1410,1
ag,5120,10240,512,gpu,145,c_cublas,3,0.25293,0.25190,0.25190,0.03572,1410,1
ag,5120,10240,512,gpu,145,c_fluxgemm,1,0.27955,0.27955,0.27955,0.03621,1410,1
ag,5120,10240,512,gpu,145,c_flux_ag,0,0.09315,0.08710,0.08982,0.05098,1410,1
ag,5120,10240,512,gpu,145,A_fused,2,0.39219,0.38400,0.38400,0.06535,1410,1
ag,5120,10240,512,gpu,146,c_cublas,0,0.25395,0.25190,0.25293,0.07170,1410,1
ag,5120,10240,512,gpu,146,c_fluxgemm,3,0.28160,0.27955,0.27955,0.03576,1410,1
ag,5120,10240,512,gpu,146,c_flux_ag,1,0.11773,0.10694,0.11264,0.06399,1410,1
ag,5120,10240,512,gpu,146,A_fused,2,0.40038,0.37888,0.40038,0.06665,1410,1
ag,5120,10240,512,gpu,147,c_cublas,0,0.25498,0.25293,0.25293,0.03724,1410,1
ag,5120,10240,512,gpu,147,c_fluxgemm,2,0.27955,0.27648,0.27750,0.03410,1410,1
ag,5120,10240,512,gpu,147,c_flux_ag,3,0.11069,0.09098,0.09098,0.04777,1410,1
ag,5120,10240,512,gpu,147,A_fused,1,0.41882,0.38502,0.38502,0.06990,1410,1
ag,5120,10240,512,gpu,148,c_cublas,1,0.25293,0.25190,0.25190,0.04930,1410,1
ag,5120,10240,512,gpu,148,c_fluxgemm,3,0.28058,0.27750,0.27750,0.03698,1410,1
ag,5120,10240,512,gpu,148,c_flux_ag,2,0.14157,0.13750,0.14093,0.05248,1410,1
ag,5120,10240,512,gpu,148,A_fused,0,0.68813,0.42906,0.68506,0.06986,1410,1
ag,5120,10240,512,gpu,149,c_cublas,2,0.25395,0.25190,0.25190,0.04299,1410,1
ag,5120,10240,512,gpu,149,c_fluxgemm,1,0.27955,0.27750,0.27750,0.03372,1410,1
ag,5120,10240,512,gpu,149,c_flux_ag,3,0.10093,0.08896,0.08896,0.05132,1410,1
ag,5120,10240,512,gpu,149,A_fused,0,0.37683,0.37478,0.37683,0.07058,1410,1
ag,5120,10240,512,gpu,150,c_cublas,1,0.25293,0.25190,0.25190,0.03679,1410,1
ag,5120,10240,512,gpu,150,c_fluxgemm,2,0.28058,0.27853,0.27955,0.03804,1410,1
ag,5120,10240,512,gpu,150,c_flux_ag,0,0.09322,0.08730,0.08730,0.04931,1410,1
ag,5120,10240,512,gpu,150,A_fused,3,0.41165,0.40346,0.41165,0.06714,1410,1
ag,5120,10240,512,gpu,151,c_cublas,0,0.25498,0.25293,0.25293,0.03666,1410,1
ag,5120,10240,512,gpu,151,c_fluxgemm,1,0.28160,0.27955,0.27955,0.03864,1410,1
ag,5120,10240,512,gpu,151,c_flux_ag,3,0.09398,0.09040,0.09328,0.04741,1410,1
ag,5120,10240,512,gpu,151,A_fused,2,0.38605,0.38298,0.38298,0.07091,1410,1
ag,5120,10240,512,gpu,152,c_cublas,2,0.25395,0.25190,0.25190,0.03597,1410,1
ag,5120,10240,512,gpu,152,c_fluxgemm,3,0.27955,0.27750,0.27853,0.03855,1410,1
ag,5120,10240,512,gpu,152,c_flux_ag,0,0.11814,0.10534,0.11814,0.04787,1410,1
ag,5120,10240,512,gpu,152,A_fused,1,0.41984,0.37888,0.37888,0.06720,1410,1
ag,5120,10240,512,gpu,153,c_cublas,0,0.25293,0.25190,0.25190,0.03618,1410,1
ag,5120,10240,512,gpu,153,c_fluxgemm,1,0.27955,0.27750,0.27750,0.03930,1410,1
ag,5120,10240,512,gpu,153,c_flux_ag,2,0.16669,0.14032,0.14032,0.04984,1410,1
ag,5120,10240,512,gpu,153,A_fused,3,0.41882,0.40448,0.41062,0.06379,1410,1
ag,5120,10240,512,gpu,154,c_cublas,1,0.25498,0.25293,0.25395,0.03622,1410,1
ag,5120,10240,512,gpu,154,c_fluxgemm,3,0.28058,0.27853,0.27853,0.04370,1410,1
ag,5120,10240,512,gpu,154,c_flux_ag,2,0.09699,0.08752,0.09152,0.05040,1410,1
ag,5120,10240,512,gpu,154,A_fused,0,0.39014,0.37069,0.37786,0.07320,1410,1
ag,5120,10240,512,gpu,155,c_cublas,3,0.25498,0.25293,0.25395,0.03672,1410,1
ag,5120,10240,512,gpu,155,c_fluxgemm,2,0.28160,0.27750,0.27750,0.03444,1410,1
ag,5120,10240,512,gpu,155,c_flux_ag,1,0.11098,0.09418,0.10810,0.04493,1410,1
ag,5120,10240,512,gpu,155,A_fused,0,0.40346,0.38400,0.40346,0.07112,1410,1
ag,5120,10240,512,gpu,156,c_cublas,1,0.25395,0.25293,0.25293,0.03621,1410,1
ag,5120,10240,512,gpu,156,c_fluxgemm,3,0.28058,0.27750,0.27750,0.03697,1410,1
ag,5120,10240,512,gpu,156,c_flux_ag,0,0.49040,0.12602,0.47827,0.05119,1410,1
ag,5120,10240,512,gpu,156,A_fused,2,0.39731,0.37581,0.37581,0.08587,1410,1
ag,5120,10240,512,gpu,157,c_cublas,1,0.25395,0.25190,0.25190,0.03627,1410,1
ag,5120,10240,512,gpu,157,c_fluxgemm,2,0.28058,0.27750,0.27750,0.03823,1410,1
ag,5120,10240,512,gpu,157,c_flux_ag,0,0.11546,0.09094,0.11546,0.05116,1410,1
ag,5120,10240,512,gpu,157,A_fused,3,0.43520,0.42701,0.43213,0.07109,1410,1
ag,5120,10240,512,gpu,158,c_cublas,2,0.25395,0.25190,0.25293,0.03707,1410,1
ag,5120,10240,512,gpu,158,c_fluxgemm,1,0.27853,0.27750,0.27853,0.03556,1410,1
ag,5120,10240,512,gpu,158,c_flux_ag,0,0.13344,0.10682,0.11555,0.04906,1410,1
ag,5120,10240,512,gpu,158,A_fused,3,0.39526,0.38605,0.38605,0.06989,1410,1
ag,5120,10240,512,gpu,159,c_cublas,2,0.25395,0.25190,0.25190,0.03704,1410,1
ag,5120,10240,512,gpu,159,c_fluxgemm,0,0.28262,0.27853,0.27955,0.03713,1410,1
ag,5120,10240,512,gpu,159,c_flux_ag,1,0.11750,0.10051,0.10413,0.06150,1410,1
ag,5120,10240,512,gpu,159,A_fused,3,0.41062,0.38707,0.40653,0.06867,1410,1
ag,5120,10240,512,gpu,160,c_cublas,3,0.25293,0.25190,0.25190,0.03629,1410,1
ag,5120,10240,512,gpu,160,c_fluxgemm,2,0.28058,0.27853,0.27955,0.03506,1410,1
ag,5120,10240,512,gpu,160,c_flux_ag,1,0.09597,0.09197,0.09597,0.04582,1410,1
ag,5120,10240,512,gpu,160,A_fused,0,0.41165,0.38400,0.38707,0.06929,1410,1
ag,5120,10240,512,gpu,161,c_cublas,1,0.25395,0.25190,0.25190,0.03639,1410,1
ag,5120,10240,512,gpu,161,c_fluxgemm,0,0.27955,0.27750,0.27750,0.04468,1410,1
ag,5120,10240,512,gpu,161,c_flux_ag,2,0.10646,0.09744,0.09744,0.05147,1410,1
ag,5120,10240,512,gpu,161,A_fused,3,0.38400,0.36864,0.38400,0.06478,1410,1
ag,5120,10240,512,gpu,162,c_cublas,1,0.25293,0.25190,0.25293,0.03719,1410,1
ag,5120,10240,512,gpu,162,c_fluxgemm,3,0.28160,0.27853,0.27853,0.04152,1410,1
ag,5120,10240,512,gpu,162,c_flux_ag,0,0.16243,0.14986,0.14986,0.04966,1410,1
ag,5120,10240,512,gpu,162,A_fused,2,0.43725,0.41779,0.41779,0.07034,1410,1
ag,5120,10240,512,gpu,163,c_cublas,2,0.25395,0.25190,0.25190,0.03646,1410,1
ag,5120,10240,512,gpu,163,c_fluxgemm,1,0.28058,0.27648,0.27750,0.03574,1410,1
ag,5120,10240,512,gpu,163,c_flux_ag,0,0.09197,0.08746,0.08819,0.05058,1410,1
ag,5120,10240,512,gpu,163,A_fused,3,0.40243,0.39936,0.40243,0.06905,1410,1
ag,5120,10240,512,gpu,164,c_cublas,3,0.25395,0.25190,0.25190,0.03661,1410,1
ag,5120,10240,512,gpu,164,c_fluxgemm,2,0.28262,0.27853,0.27853,0.04045,1410,1
ag,5120,10240,512,gpu,164,c_flux_ag,0,0.10336,0.08752,0.09670,0.05103,1410,1
ag,5120,10240,512,gpu,164,A_fused,1,0.42598,0.39731,0.39731,0.06658,1410,1
ag,5120,10240,512,gpu,165,c_cublas,1,0.25293,0.25190,0.25190,0.03617,1410,1
ag,5120,10240,512,gpu,165,c_fluxgemm,3,0.27955,0.27648,0.27648,0.03367,1410,1
ag,5120,10240,512,gpu,165,c_flux_ag,0,0.34784,0.11318,0.33741,0.05215,1410,1
ag,5120,10240,512,gpu,165,A_fused,2,0.38400,0.36659,0.38400,0.06845,1410,1
ag,5120,10240,512,gpu,166,c_cublas,1,0.25395,0.25190,0.25190,0.03617,1410,1
ag,5120,10240,512,gpu,166,c_fluxgemm,0,0.28058,0.27648,0.27648,0.03659,1410,1
ag,5120,10240,512,gpu,166,c_flux_ag,2,0.16080,0.14275,0.14275,0.05128,1410,1
ag,5120,10240,512,gpu,166,A_fused,3,0.40858,0.38093,0.40858,0.06440,1410,1
ag,5120,10240,512,gpu,167,c_cublas,3,0.25498,0.25395,0.25395,0.03617,1410,1
ag,5120,10240,512,gpu,167,c_fluxgemm,1,0.27955,0.27648,0.27648,0.03628,1410,1
ag,5120,10240,512,gpu,167,c_flux_ag,0,0.13536,0.10461,0.13536,0.05083,1410,1
ag,5120,10240,512,gpu,167,A_fused,2,0.39629,0.37581,0.38912,0.07755,1410,1
ag,5120,10240,512,gpu,168,c_cublas,2,0.25498,0.25293,0.25293,0.03649,1410,1
ag,5120,10240,512,gpu,168,c_fluxgemm,0,0.28160,0.27853,0.27853,0.03871,1410,1
ag,5120,10240,512,gpu,168,c_flux_ag,1,0.11850,0.10150,0.10858,0.05081,1410,1
ag,5120,10240,512,gpu,168,A_fused,3,0.40346,0.36966,0.36966,0.07072,1410,1
ag,5120,10240,512,gpu,169,c_cublas,1,0.25395,0.25190,0.25190,0.04022,1410,1
ag,5120,10240,512,gpu,169,c_fluxgemm,3,0.28160,0.27853,0.27853,0.03634,1410,1
ag,5120,10240,512,gpu,169,c_flux_ag,2,0.09690,0.09098,0.09098,0.05214,1410,1
ag,5120,10240,512,gpu,169,A_fused,0,0.38195,0.36864,0.37888,0.06854,1410,1
ag,5120,10240,512,gpu,170,c_cublas,3,0.25395,0.25190,0.25190,0.09867,1410,1
ag,5120,10240,512,gpu,170,c_fluxgemm,0,0.28058,0.27750,0.27853,0.03653,1410,1
ag,5120,10240,512,gpu,170,c_flux_ag,1,0.09574,0.08963,0.08989,0.04878,1410,1
ag,5120,10240,512,gpu,170,A_fused,2,0.39014,0.37990,0.37990,0.06396,1410,1
ag,5120,10240,512,gpu,171,c_cublas,2,0.25395,0.25190,0.25190,0.03576,1410,1
ag,5120,10240,512,gpu,171,c_fluxgemm,0,0.28160,0.27853,0.27853,0.03874,1410,1
ag,5120,10240,512,gpu,171,c_flux_ag,3,0.10045,0.08742,0.09638,0.04993,1410,1
ag,5120,10240,512,gpu,171,A_fused,1,0.43725,0.43008,0.43008,0.07846,1410,1
ag,5120,10240,512,gpu,172,c_cublas,0,0.25293,0.25190,0.25293,0.03641,1410,1
ag,5120,10240,512,gpu,172,c_fluxgemm,3,0.28058,0.27750,0.27750,0.03480,1410,1
ag,5120,10240,512,gpu,172,c_flux_ag,2,0.13360,0.12848,0.13360,0.04513,1410,1
ag,5120,10240,512,gpu,172,A_fused,1,0.38810,0.37888,0.38502,0.07204,1410,1
ag,5120,10240,512,gpu,173,c_cublas,0,0.25395,0.25190,0.25190,0.03777,1410,1
ag,5120,10240,512,gpu,173,c_fluxgemm,3,0.27853,0.27648,0.27648,0.03597,1410,1
ag,5120,10240,512,gpu,173,c_flux_ag,2,0.09331,0.08486,0.09046,0.04563,1410,1
ag,5120,10240,512,gpu,173,A_fused,1,0.40653,0.40038,0.40550,0.07070,1410,1
ag,5120,10240,512,gpu,174,c_cublas,2,0.25395,0.25088,0.25293,0.03681,1410,1
ag,5120,10240,512,gpu,174,c_fluxgemm,0,0.28058,0.27546,0.27546,0.03599,1410,1
ag,5120,10240,512,gpu,174,c_flux_ag,1,0.09757,0.08659,0.09606,0.05004,1410,1
ag,5120,10240,512,gpu,174,A_fused,3,0.40550,0.37786,0.37786,0.07531,1410,1
ag,5120,10240,512,gpu,175,c_cublas,0,0.25498,0.25293,0.25293,0.03618,1410,1
ag,5120,10240,512,gpu,175,c_fluxgemm,3,0.28058,0.27750,0.27750,0.03551,1410,1
ag,5120,10240,512,gpu,175,c_flux_ag,2,0.15472,0.13210,0.13210,0.04501,1410,1
ag,5120,10240,512,gpu,175,A_fused,1,0.39629,0.37683,0.39629,0.07067,1410,1
ag,5120,10240,512,gpu,176,c_cublas,1,0.25498,0.25190,0.25190,0.04892,1410,1
ag,5120,10240,512,gpu,176,c_fluxgemm,3,0.27955,0.27750,0.27750,0.03645,1410,1
ag,5120,10240,512,gpu,176,c_flux_ag,2,0.09792,0.09219,0.09258,0.05096,1410,1
ag,5120,10240,512,gpu,176,A_fused,0,0.39936,0.37786,0.39424,0.07408,1410,1
ag,5120,10240,512,gpu,177,c_cublas,2,0.25395,0.25190,0.25190,0.03581,1410,1
ag,5120,10240,512,gpu,177,c_fluxgemm,3,0.28160,0.27750,0.27750,0.03732,1410,1
ag,5120,10240,512,gpu,177,c_flux_ag,0,0.13818,0.11392,0.11773,0.04962,1410,1
ag,5120,10240,512,gpu,177,A_fused,1,0.41677,0.38707,0.40038,0.06474,1410,1
ag,5120,10240,512,gpu,178,c_cublas,0,0.25395,0.25190,0.25190,0.04377,1410,1
ag,5120,10240,512,gpu,178,c_fluxgemm,1,0.28058,0.27955,0.27955,0.03842,1410,1
ag,5120,10240,512,gpu,178,c_flux_ag,3,0.11853,0.10630,0.11837,0.04536,1410,1
ag,5120,10240,512,gpu,178,A_fused,2,0.38707,0.38093,0.38707,0.06743,1410,1
ag,5120,10240,512,gpu,179,c_cublas,2,0.25395,0.25190,0.25190,0.03707,1410,1
ag,5120,10240,512,gpu,179,c_fluxgemm,0,0.28262,0.27750,0.27750,0.03849,1410,1
ag,5120,10240,512,gpu,179,c_flux_ag,1,0.10397,0.09270,0.09270,0.04931,1410,1
ag,5120,10240,512,gpu,179,A_fused,3,0.41267,0.37888,0.37888,0.06995,1410,1
ag,5120,10240,512,gpu,180,c_cublas,2,0.25395,0.25190,0.25190,0.03605,1410,1
ag,5120,10240,512,gpu,180,c_fluxgemm,1,0.27955,0.27750,0.27750,0.03506,1410,1
ag,5120,10240,512,gpu,180,c_flux_ag,3,0.11373,0.10454,0.11373,0.05154,1410,1
ag,5120,10240,512,gpu,180,A_fused,0,0.44749,0.43827,0.44749,0.06904,1410,1
ag,5120,10240,512,gpu,181,c_cublas,2,0.25395,0.25190,0.25190,0.03624,1410,1
ag,5120,10240,512,gpu,181,c_fluxgemm,1,0.28160,0.27955,0.27955,0.03751,1410,1
ag,5120,10240,512,gpu,181,c_flux_ag,0,0.09491,0.08733,0.08765,0.04889,1410,1
ag,5120,10240,512,gpu,181,A_fused,3,0.40550,0.39731,0.40346,0.07111,1410,1
ag,5120,10240,512,gpu,182,c_cublas,2,0.25498,0.25293,0.25395,0.03548,1410,1
ag,5120,10240,512,gpu,182,c_fluxgemm,0,0.28058,0.27750,0.27750,0.03795,1410,1
ag,5120,10240,512,gpu,182,c_flux_ag,3,0.09670,0.08630,0.09670,0.04979,1410,1
ag,5120,10240,512,gpu,182,A_fused,1,0.39936,0.38298,0.39936,0.06735,1410,1
ag,5120,10240,512,gpu,183,c_cublas,3,0.25498,0.25293,0.25293,0.03642,1410,1
ag,5120,10240,512,gpu,183,c_fluxgemm,2,0.27955,0.27853,0.27853,0.03674,1410,1
ag,5120,10240,512,gpu,183,c_flux_ag,1,0.09280,0.08797,0.09280,0.04559,1410,1
ag,5120,10240,512,gpu,183,A_fused,0,0.42803,0.40346,0.41677,0.06907,1410,1
ag,5120,10240,512,gpu,184,c_cublas,3,0.25395,0.25190,0.25293,0.03577,1410,1
ag,5120,10240,512,gpu,184,c_fluxgemm,0,0.28160,0.27750,0.27750,0.03936,1410,1
ag,5120,10240,512,gpu,184,c_flux_ag,2,0.12397,0.10646,0.11254,0.04453,1410,1
ag,5120,10240,512,gpu,184,A_fused,1,0.45261,0.43315,0.45261,0.06842,1410,1
ag,5120,10240,512,gpu,185,c_cublas,1,0.25395,0.25190,0.25190,0.03656,1410,1
ag,5120,10240,512,gpu,185,c_fluxgemm,3,0.28160,0.27648,0.27853,0.03425,1410,1
ag,5120,10240,512,gpu,185,c_flux_ag,0,0.12912,0.10858,0.11379,0.06866,1410,1
ag,5120,10240,512,gpu,185,A_fused,2,0.39322,0.38298,0.38400,0.07061,1410,1
ag,5120,10240,512,gpu,186,c_cublas,0,0.25293,0.25190,0.25190,0.03627,1410,1
ag,5120,10240,512,gpu,186,c_fluxgemm,3,0.28058,0.27750,0.27750,0.04887,1410,1
ag,5120,10240,512,gpu,186,c_flux_ag,2,0.09142,0.08538,0.08538,0.04546,1410,1
ag,5120,10240,512,gpu,186,A_fused,1,0.40755,0.39424,0.40755,0.06991,1410,1
ag,5120,10240,512,gpu,187,c_cublas,2,0.25498,0.25293,0.25395,0.03567,1410,1
ag,5120,10240,512,gpu,187,c_fluxgemm,3,0.28262,0.27853,0.27853,0.03701,1410,1
ag,5120,10240,512,gpu,187,c_flux_ag,0,0.09680,0.08778,0.09680,0.05100,1410,1
ag,5120,10240,512,gpu,187,A_fused,1,0.42803,0.41779,0.41779,0.06471,1410,1
ag,5120,10240,512,gpu,188,c_cublas,1,0.25498,0.25293,0.25395,0.03653,1410,1
ag,5120,10240,512,gpu,188,c_fluxgemm,2,0.28160,0.28058,0.28058,0.04461,1410,1
ag,5120,10240,512,gpu,188,c_flux_ag,0,0.11475,0.09037,0.11475,0.05297,1410,1
ag,5120,10240,512,gpu,188,A_fused,3,0.44954,0.43520,0.44954,0.07057,1410,1
ag,5120,10240,512,gpu,189,c_cublas,1,0.25395,0.25190,0.25190,0.03606,1410,1
ag,5120,10240,512,gpu,189,c_fluxgemm,3,0.28160,0.27546,0.27546,0.03369,1410,1
ag,5120,10240,512,gpu,189,c_flux_ag,0,0.11594,0.09616,0.11443,0.04999,1410,1
ag,5120,10240,512,gpu,189,A_fused,2,0.41165,0.40038,0.40653,0.06855,1410,1
ag,5120,10240,512,gpu,190,c_cublas,1,0.25498,0.25293,0.25293,0.03650,1410,1
ag,5120,10240,512,gpu,190,c_fluxgemm,3,0.28058,0.27853,0.27853,0.03766,1410,1
ag,5120,10240,512,gpu,190,c_flux_ag,2,0.14742,0.10762,0.10989,0.05060,1410,1
ag,5120,10240,512,gpu,190,A_fused,0,0.38502,0.37683,0.37683,0.06985,1410,1
ag,5120,10240,512,gpu,191,c_cublas,2,0.25498,0.25293,0.25293,0.03638,1410,1
ag,5120,10240,512,gpu,191,c_fluxgemm,3,0.28160,0.27853,0.27853,0.03756,1410,1
ag,5120,10240,512,gpu,191,c_flux_ag,1,0.11309,0.10102,0.10102,0.04395,1410,1
ag,5120,10240,512,gpu,191,A_fused,0,0.38605,0.37990,0.37990,0.06943,1410,1
ag,5120,10240,512,gpu,192,c_cublas,0,0.25395,0.25190,0.25190,0.03875,1410,1
ag,5120,10240,512,gpu,192,c_fluxgemm,2,0.27955,0.27750,0.27853,0.03416,1410,1
ag,5120,10240,512,gpu,192,c_flux_ag,3,0.09402,0.08746,0.08746,0.04731,1410,1
ag,5120,10240,512,gpu,192,A_fused,1,0.42394,0.39424,0.41370,0.07203,1410,1
ag,5120,10240,512,gpu,193,c_cublas,3,0.25395,0.25190,0.25190,0.04228,1410,1
ag,5120,10240,512,gpu,193,c_fluxgemm,0,0.28058,0.27648,0.27648,0.03997,1410,1
ag,5120,10240,512,gpu,193,c_flux_ag,1,0.15050,0.14813,0.14848,0.05121,1410,1
ag,5120,10240,512,gpu,193,A_fused,2,0.42598,0.40755,0.42394,0.09174,1410,1
ag,5120,10240,512,gpu,194,c_cublas,3,0.25395,0.25190,0.25190,0.03614,1410,1
ag,5120,10240,512,gpu,194,c_fluxgemm,2,0.27955,0.27750,0.27955,0.03462,1410,1
ag,5120,10240,512,gpu,194,c_flux_ag,0,0.10528,0.08906,0.10528,0.05100,1410,1
ag,5120,10240,512,gpu,194,A_fused,1,0.40448,0.37990,0.40448,0.06770,1410,1
ag,5120,10240,512,gpu,195,c_cublas,2,0.25498,0.25293,0.25293,0.04285,1410,1
ag,5120,10240,512,gpu,195,c_fluxgemm,3,0.28058,0.27955,0.27955,0.03786,1410,1
ag,5120,10240,512,gpu,195,c_flux_ag,0,0.76496,0.12045,0.76496,0.05167,1410,1
ag,5120,10240,512,gpu,195,A_fused,1,0.37888,0.37274,0.37376,0.06524,1410,1
ag,5120,10240,512,gpu,196,c_cublas,3,0.25395,0.25190,0.25190,0.09424,1410,1
ag,5120,10240,512,gpu,196,c_fluxgemm,1,0.28058,0.27750,0.27750,0.04312,1410,1
ag,5120,10240,512,gpu,196,c_flux_ag,2,0.12426,0.09584,0.12426,0.04888,1410,1
ag,5120,10240,512,gpu,196,A_fused,0,0.40960,0.38707,0.40243,0.09319,1410,1
ag,5120,10240,512,gpu,197,c_cublas,1,0.25395,0.25293,0.25293,0.03553,1410,1
ag,5120,10240,512,gpu,197,c_fluxgemm,0,0.28160,0.27750,0.27750,0.03815,1410,1
ag,5120,10240,512,gpu,197,c_flux_ag,2,0.16198,0.14848,0.15018,0.05183,1410,1
ag,5120,10240,512,gpu,197,A_fused,3,0.41779,0.39014,0.41779,0.07188,1410,1
ag,5120,10240,512,gpu,198,c_cublas,2,0.25498,0.25293,0.25395,0.03605,1410,1
ag,5120,10240,512,gpu,198,c_fluxgemm,0,0.27955,0.27648,0.27648,0.03769,1410,1
ag,5120,10240,512,gpu,198,c_flux_ag,3,0.11437,0.09043,0.11437,0.05010,1410,1
ag,5120,10240,512,gpu,198,A_fused,1,0.40550,0.38605,0.39322,0.06731,1410,1
ag,5120,10240,512,gpu,199,c_cublas,3,0.25498,0.25293,0.25293,0.03683,1410,1
ag,5120,10240,512,gpu,199,c_fluxgemm,2,0.28058,0.27955,0.28058,0.03464,1410,1
ag,5120,10240,512,gpu,199,c_flux_ag,0,0.09318,0.08566,0.08566,0.05041,1410,1
ag,5120,10240,512,gpu,199,A_fused,1,0.40653,0.39322,0.40653,0.07111,1410,1
ag,5120,10240,512,steady,0,c_cublas,2,0.25747,0.25530,0.25670,0.01374,0,1
ag,5120,10240,512,steady,0,c_fluxgemm,3,0.27482,0.27360,0.27482,0.01936,0,1
ag,5120,10240,512,steady,0,c_flux_ag,0,0.11930,0.10042,0.11906,0.03872,0,1
ag,5120,10240,512,steady,0,A_fused,1,0.39558,0.39501,0.39526,0.04708,0,1
ag,5120,10240,512,steady,1,c_cublas,1,0.25690,0.25421,0.25421,0.01307,0,1
ag,5120,10240,512,steady,1,c_fluxgemm,2,0.27533,0.27373,0.27411,0.01847,0,1
ag,5120,10240,512,steady,1,c_flux_ag,3,0.10439,0.10400,0.10437,0.03838,0,1
ag,5120,10240,512,steady,1,A_fused,0,0.39738,0.39501,0.39501,0.04515,0,1
ag,5120,10240,512,steady,2,c_cublas,0,0.25958,0.25683,0.25683,0.01331,0,1
ag,5120,10240,512,steady,2,c_fluxgemm,2,0.27642,0.27501,0.27642,0.01776,0,1
ag,5120,10240,512,steady,2,c_flux_ag,3,0.10862,0.10816,0.10816,0.03872,0,1
ag,5120,10240,512,steady,2,A_fused,1,0.39117,0.39059,0.39098,0.04728,0,1
ag,5120,10240,512,steady,3,c_cublas,1,0.26035,0.25664,0.25696,0.01415,1350,1
ag,5120,10240,512,steady,3,c_fluxgemm,3,0.27642,0.27430,0.27430,0.01901,1350,1
ag,5120,10240,512,steady,3,c_flux_ag,2,0.10495,0.10467,0.10488,0.03728,1350,1
ag,5120,10240,512,steady,3,A_fused,0,0.39251,0.39136,0.39168,0.04556,1350,1
ag,5120,10240,512,steady,4,c_cublas,3,0.25965,0.25658,0.25965,0.01492,1350,1
ag,5120,10240,512,steady,4,c_fluxgemm,2,0.27565,0.27507,0.27565,0.01785,1350,1
ag,5120,10240,512,steady,4,c_flux_ag,1,0.09857,0.09834,0.09846,0.03787,1350,1
ag,5120,10240,512,steady,4,A_fused,0,0.39616,0.39558,0.39578,0.04586,1350,1
ag,5120,10240,512,steady,5,c_cublas,2,0.26016,0.25651,0.25958,0.01312,1350,1
ag,5120,10240,512,steady,5,c_fluxgemm,3,0.27584,0.27450,0.27450,0.01911,1350,1
ag,5120,10240,512,steady,5,c_flux_ag,1,0.09451,0.09406,0.09447,0.03913,1350,1
ag,5120,10240,512,steady,5,A_fused,0,0.39629,0.39514,0.39514,0.04640,1350,1
ag,5120,10240,512,steady,6,c_cublas,2,0.26022,0.25658,0.25670,0.01313,1350,1
ag,5120,10240,512,steady,6,c_fluxgemm,3,0.27603,0.27424,0.27424,0.01834,1350,1
ag,5120,10240,512,steady,6,c_flux_ag,1,0.09473,0.09440,0.09470,0.03858,1350,1
ag,5120,10240,512,steady,6,A_fused,0,0.39821,0.39718,0.39789,0.04760,1350,1
ag,5120,10240,512,steady,7,c_cublas,2,0.26016,0.25677,0.25722,0.01297,1350,1
ag,5120,10240,512,steady,7,c_fluxgemm,0,0.27827,0.27494,0.27546,0.01812,1350,1
ag,5120,10240,512,steady,7,c_flux_ag,1,0.10571,0.10527,0.10571,0.03856,1350,1
ag,5120,10240,512,steady,7,A_fused,3,0.38701,0.38662,0.38662,0.04687,1350,1
ag,5120,10240,512,steady,8,c_cublas,2,0.26157,0.25395,0.26157,0.01461,1350,1
ag,5120,10240,512,steady,8,c_fluxgemm,3,0.27642,0.27341,0.27642,0.01812,1350,1
ag,5120,10240,512,steady,8,c_flux_ag,1,0.09424,0.09387,0.09390,0.03696,1350,1
ag,5120,10240,512,steady,8,A_fused,0,0.39558,0.39526,0.39558,0.04633,1350,1
ag,5120,10240,512,steady,9,c_cublas,3,0.26662,0.25504,0.26662,0.01311,1350,1
ag,5120,10240,512,steady,9,c_fluxgemm,0,0.27853,0.27373,0.27853,0.01805,1350,1
ag,5120,10240,512,steady,9,c_flux_ag,1,0.10506,0.10449,0.10506,0.03845,1350,1
ag,5120,10240,512,steady,9,A_fused,2,0.39258,0.39149,0.39219,0.04778,1350,1
ag,5120,10240,512,steady,10,c_cublas,3,0.26662,0.25645,0.26662,0.01335,1350,1
ag,5120,10240,512,steady,10,c_fluxgemm,0,0.28090,0.27462,0.28090,0.01838,1350,1
ag,5120,10240,512,steady,10,c_flux_ag,2,0.09352,0.09320,0.09323,0.03764,1350,1
ag,5120,10240,512,steady,10,A_fused,1,0.39718,0.39686,0.39712,0.04779,1350,1
ag,5120,10240,512,steady,11,c_cublas,3,0.26426,0.25645,0.26426,0.01297,1320,1
ag,5120,10240,512,steady,11,c_fluxgemm,0,0.28083,0.27526,0.28083,0.01816,1320,1
ag,5120,10240,512,steady,11,c_flux_ag,1,0.10653,0.10630,0.10631,0.03841,1320,1
ag,5120,10240,512,steady,11,A_fused,2,0.39168,0.39091,0.39168,0.04482,1320,1
ag,5120,10240,512,steady,12,c_cublas,0,0.26560,0.25645,0.26560,0.01305,1320,1
ag,5120,10240,512,steady,12,c_fluxgemm,3,0.27763,0.27501,0.27763,0.01828,1320,1
ag,5120,10240,512,steady,12,c_flux_ag,2,0.09378,0.09351,0.09378,0.03801,1320,1
ag,5120,10240,512,steady,12,A_fused,1,0.39712,0.39680,0.39712,0.04701,1320,1
ag,5120,10240,512,steady,13,c_cublas,1,0.26406,0.25651,0.26406,0.01303,1320,1
ag,5120,10240,512,steady,13,c_fluxgemm,3,0.27770,0.27475,0.27770,0.01807,1320,1
ag,5120,10240,512,steady,13,c_flux_ag,2,0.09677,0.09648,0.09677,0.03978,1320,1
ag,5120,10240,512,steady,13,A_fused,0,0.40166,0.39693,0.40128,0.04661,1320,1
ag,5120,10240,512,steady,14,c_cublas,0,0.26592,0.25792,0.26592,0.01320,1320,1
ag,5120,10240,512,steady,14,c_fluxgemm,1,0.27802,0.27514,0.27802,0.01819,1320,1
ag,5120,10240,512,steady,14,c_flux_ag,2,0.10608,0.10550,0.10608,0.03823,1320,1
ag,5120,10240,512,steady,14,A_fused,3,0.39398,0.39277,0.39277,0.04602,1320,1
ag,5120,10240,512,steady,15,c_cublas,1,0.26400,0.25408,0.26400,0.01437,1320,1
ag,5120,10240,512,steady,15,c_fluxgemm,0,0.27866,0.27469,0.27866,0.01823,1320,1
ag,5120,10240,512,steady,15,c_flux_ag,3,0.09310,0.09283,0.09310,0.03727,1320,1
ag,5120,10240,512,steady,15,A_fused,2,0.39994,0.39910,0.39910,0.04559,1320,1
ag,5120,10240,512,steady,16,c_cublas,0,0.26554,0.25568,0.26554,0.01314,1320,1
ag,5120,10240,512,steady,16,c_fluxgemm,2,0.27776,0.27526,0.27776,0.01805,1320,1
ag,5120,10240,512,steady,16,c_flux_ag,3,0.10633,0.10586,0.10633,0.03847,1320,1
ag,5120,10240,512,steady,16,A_fused,1,0.39744,0.39674,0.39744,0.04772,1320,1
ag,5120,10240,512,steady,17,c_cublas,2,0.26138,0.25645,0.26138,0.01389,1335,1
ag,5120,10240,512,steady,17,c_fluxgemm,0,0.27853,0.27488,0.27853,0.01851,1335,1
ag,5120,10240,512,steady,17,c_flux_ag,3,0.09981,0.09846,0.09981,0.03763,1335,1
ag,5120,10240,512,steady,17,A_fused,1,0.39962,0.39846,0.39846,0.04589,1335,1
ag,5120,10240,512,steady,18,c_cublas,2,0.26246,0.25645,0.26246,0.01302,1335,1
ag,5120,10240,512,steady,18,c_fluxgemm,0,0.27872,0.27533,0.27872,0.01830,1335,1
ag,5120,10240,512,steady,18,c_flux_ag,1,0.10319,0.10286,0.10312,0.03814,1335,1
ag,5120,10240,512,steady,18,A_fused,3,0.39558,0.39418,0.39514,0.04645,1335,1
ag,5120,10240,512,steady,19,c_cublas,0,0.26138,0.25786,0.26138,0.01323,1335,1
ag,5120,10240,512,steady,19,c_fluxgemm,3,0.27578,0.27501,0.27552,0.01800,1335,1
ag,5120,10240,512,steady,19,c_flux_ag,2,0.09645,0.09622,0.09625,0.04004,1335,1
ag,5120,10240,512,steady,19,A_fused,1,0.39565,0.39501,0.39546,0.04665,1335,1
ag,5120,10240,512,steady,20,c_cublas,1,0.25978,0.25651,0.25978,0.01308,1335,1
ag,5120,10240,512,steady,20,c_fluxgemm,2,0.27693,0.27546,0.27693,0.01821,1335,1
ag,5120,10240,512,steady,20,c_flux_ag,0,0.09980,0.09861,0.09948,0.03975,1335,1
ag,5120,10240,512,steady,20,A_fused,3,0.40064,0.40000,0.40064,0.04619,1335,1
ag,5120,10240,512,steady,21,c_cublas,0,0.26138,0.25766,0.26138,0.01299,1335,1
ag,5120,10240,512,steady,21,c_fluxgemm,2,0.27597,0.27520,0.27597,0.01807,1335,1
ag,5120,10240,512,steady,21,c_flux_ag,1,0.09434,0.09413,0.09433,0.03866,1335,1
ag,5120,10240,512,steady,21,A_fused,3,0.39712,0.39597,0.39597,0.04645,1335,1
ag,5120,10240,512,steady,22,c_cublas,3,0.25792,0.25421,0.25677,0.01310,1335,1
ag,5120,10240,512,steady,22,c_fluxgemm,2,0.27590,0.27475,0.27475,0.01842,1335,1
ag,5120,10240,512,steady,22,c_flux_ag,0,0.09493,0.09382,0.09493,0.03727,1335,1
ag,5120,10240,512,steady,22,A_fused,1,0.39162,0.39034,0.39104,0.04627,1335,1
ag,5120,10240,512,steady,23,c_cublas,2,0.26598,0.25376,0.25677,0.01402,1335,1
ag,5120,10240,512,steady,23,c_fluxgemm,0,0.27827,0.27494,0.27494,0.02391,1335,1
ag,5120,10240,512,steady,23,c_flux_ag,1,0.10766,0.10739,0.10739,0.03840,1335,1
ag,5120,10240,512,steady,23,A_fused,3,0.39565,0.39469,0.39546,0.04830,1335,1
ag,5120,10240,512,steady,24,c_cublas,0,0.27411,0.25574,0.25837,0.01304,1335,1
ag,5120,10240,512,steady,24,c_fluxgemm,2,0.28230,0.27373,0.27482,0.01810,1335,1
ag,5120,10240,512,steady,24,c_flux_ag,1,0.10582,0.10536,0.10582,0.03856,1335,1
ag,5120,10240,512,steady,24,A_fused,3,0.39987,0.39885,0.39949,0.04803,1335,1
ag,5120,10240,512,steady,25,c_cublas,1,0.27226,0.25395,0.26432,0.01451,1350,1
ag,5120,10240,512,steady,25,c_fluxgemm,2,0.28211,0.27347,0.27782,0.01850,1350,1
ag,5120,10240,512,steady,25,c_flux_ag,3,0.11110,0.10875,0.10875,0.03831,1350,1
ag,5120,10240,512,steady,25,A_fused,0,0.39994,0.39821,0.39891,0.04712,1350,1
ag,5120,10240,512,steady,26,c_cublas,1,0.26893,0.25389,0.26694,0.01339,1305,1
ag,5120,10240,512,steady,26,c_fluxgemm,2,0.28115,0.27437,0.27962,0.01852,1305,1
ag,5120,10240,512,steady,26,c_flux_ag,0,0.09442,0.09398,0.09442,0.03742,1305,1
ag,5120,10240,512,steady,26,A_fused,3,0.39872,0.39795,0.39821,0.04664,1305,1
ag,5120,10240,512,steady,27,c_cublas,3,0.26682,0.25382,0.26682,0.01307,1305,1
ag,5120,10240,512,steady,27,c_fluxgemm,1,0.27923,0.27373,0.27891,0.01823,1305,1
ag,5120,10240,512,steady,27,c_flux_ag,2,0.09812,0.09768,0.09812,0.03856,1305,1
ag,5120,10240,512,steady,27,A_fused,0,0.39603,0.39443,0.39546,0.04672,1305,1
ag,5120,10240,512,steady,28,c_cublas,0,0.26822,0.25389,0.26822,0.01384,1305,1
ag,5120,10240,512,steady,28,c_fluxgemm,2,0.27949,0.27386,0.27949,0.01833,1305,1
ag,5120,10240,512,steady,28,c_flux_ag,1,0.10422,0.10395,0.10408,0.03915,1305,1
ag,5120,10240,512,steady,28,A_fused,3,0.39398,0.39386,0.39392,0.04790,1305,1
ag,5120,10240,512,steady,29,c_cublas,2,0.26662,0.25107,0.26662,0.01337,1305,1
ag,5120,10240,512,steady,29,c_fluxgemm,1,0.27898,0.27226,0.27898,0.01815,1305,1
ag,5120,10240,512,steady,29,c_flux_ag,0,0.10093,0.09866,0.10013,0.03971,1305,1
ag,5120,10240,512,steady,29,A_fused,3,0.39987,0.39885,0.39942,0.04574,1305,1
ag,5120,10240,512,steady,30,c_cublas,3,0.26682,0.25651,0.26682,0.01766,1320,1
ag,5120,10240,512,steady,30,c_fluxgemm,0,0.28032,0.27539,0.27974,0.02209,1320,1
ag,5120,10240,512,steady,30,c_flux_ag,2,0.09524,0.09479,0.09524,0.03939,1320,1
ag,5120,10240,512,steady,30,A_fused,1,0.39942,0.39891,0.39891,0.04852,1320,1
ag,5120,10240,512,steady,31,c_cublas,2,0.26675,0.25658,0.26675,0.01476,1320,1
ag,5120,10240,512,steady,31,c_fluxgemm,3,0.27782,0.27482,0.27782,0.01863,1320,1
ag,5120,10240,512,steady,31,c_flux_ag,1,0.09590,0.09573,0.09573,0.03757,1320,1
ag,5120,10240,512,steady,31,A_fused,0,0.39930,0.39840,0.39840,0.04617,1320,1
ag,5120,10240,512,steady,32,c_cublas,0,0.26278,0.25786,0.26278,0.01307,1320,1
ag,5120,10240,512,steady,32,c_fluxgemm,3,0.27616,0.27270,0.27616,0.01799,1320,1
ag,5120,10240,512,steady,32,c_flux_ag,1,0.10545,0.10491,0.10545,0.04039,1320,1
ag,5120,10240,512,steady,32,A_fused,2,0.38950,0.38925,0.38925,0.04674,1320,1
ag,5120,10240,512,steady,33,c_cublas,3,0.26106,0.25645,0.26106,0.01319,1320,1
ag,5120,10240,512,steady,33,c_fluxgemm,1,0.27610,0.27277,0.27610,0.01823,1320,1
ag,5120,10240,512,steady,33,c_flux_ag,2,0.10383,0.10370,0.10382,0.03846,1320,1
ag,5120,10240,512,steady,33,A_fused,0,0.39597,0.39386,0.39539,0.04601,1320,1
ag,5120,10240,512,steady,34,c_cublas,1,0.26349,0.25939,0.26118,0.01320,1320,1
ag,5120,10240,512,steady,34,c_fluxgemm,0,0.27846,0.27552,0.27840,0.01820,1320,1
ag,5120,10240,512,steady,34,c_flux_ag,2,0.10650,0.10622,0.10650,0.03740,1320,1
ag,5120,10240,512,steady,34,A_fused,3,0.39232,0.39136,0.39136,0.04677,1320,1
ag,5120,10240,512,steady,35,c_cublas,0,0.26419,0.25997,0.26234,0.01323,1335,1
ag,5120,10240,512,steady,35,c_fluxgemm,1,0.27744,0.27462,0.27610,0.01828,1335,1
ag,5120,10240,512,steady,35,c_flux_ag,2,0.10992,0.10930,0.10992,0.03848,1335,1
ag,5120,10240,512,steady,35,A_fused,3,0.38726,0.38688,0.38701,0.04738,1335,1
ag,5120,10240,512,steady,36,c_cublas,0,0.26528,0.25734,0.26157,0.01439,1335,1
ag,5120,10240,512,steady,36,c_fluxgemm,1,0.27770,0.27526,0.27603,0.01844,1335,1
ag,5120,10240,512,steady,36,c_flux_ag,3,0.09500,0.09461,0.09493,0.03922,1335,1
ag,5120,10240,512,steady,36,A_fused,2,0.39635,0.39558,0.39610,0.04557,1335,1
ag,5120,10240,512,steady,37,c_cublas,0,0.26534,0.25830,0.26534,0.01637,1335,1
ag,5120,10240,512,steady,37,c_fluxgemm,2,0.27782,0.27507,0.27744,0.01804,1335,1
ag,5120,10240,512,steady,37,c_flux_ag,3,0.10506,0.10474,0.10504,0.03863,1335,1
ag,5120,10240,512,steady,37,A_fused,1,0.39578,0.39482,0.39578,0.04660,1335,1
ag,5120,10240,512,steady,38,c_cublas,3,0.26240,0.25427,0.26240,0.02642,1335,1
ag,5120,10240,512,steady,38,c_fluxgemm,2,0.27808,0.27494,0.27706,0.02253,1335,1
ag,5120,10240,512,steady,38,c_flux_ag,1,0.09295,0.09264,0.09295,0.03862,1335,1
ag,5120,10240,512,steady,38,A_fused,0,0.41766,0.39814,0.41766,0.04935,1335,1
ag,5120,10240,512,steady,39,c_cublas,3,0.26240,0.25395,0.26240,0.01341,1335,1
ag,5120,10240,512,steady,39,c_fluxgemm,1,0.27744,0.27405,0.27744,0.02005,1335,1
ag,5120,10240,512,steady,39,c_flux_ag,0,0.10645,0.10412,0.10553,0.03747,1335,1
ag,5120,10240,512,steady,39,A_fused,2,0.39232,0.39155,0.39232,0.04650,1335,1
ag,5120,10240,512,steady,40,c_cublas,1,0.26266,0.25402,0.26266,0.01307,1335,1
ag,5120,10240,512,steady,40,c_fluxgemm,3,0.27667,0.27334,0.27667,0.01911,1335,1
ag,5120,10240,512,steady,40,c_flux_ag,0,0.10502,0.10422,0.10422,0.03903,1335,1
ag,5120,10240,512,steady,40,A_fused,2,0.39302,0.39213,0.39258,0.04561,1335,1
ag,5120,10240,512,steady,41,c_cublas,3,0.25958,0.25389,0.25958,0.01400,1335,1
ag,5120,10240,512,steady,41,c_fluxgemm,1,0.27718,0.27322,0.27718,0.01818,1335,1
ag,5120,10240,512,steady,41,c_flux_ag,0,0.10455,0.10423,0.10434,0.03832,1335,1
ag,5120,10240,512,steady,41,A_fused,2,0.38765,0.38746,0.38758,0.04503,1335,1
ag,5120,10240,512,steady,42,c_cublas,2,0.26067,0.25670,0.25965,0.01319,1335,1
ag,5120,10240,512,steady,42,c_fluxgemm,3,0.27674,0.27392,0.27578,0.01886,1335,1
ag,5120,10240,512,steady,42,c_flux_ag,1,0.09644,0.09604,0.09640,0.03836,1335,1
ag,5120,10240,512,steady,42,A_fused,0,0.40006,0.39904,0.39904,0.04698,1335,1
ag,5120,10240,512,steady,43,c_cublas,0,0.26240,0.25664,0.26240,0.01327,1350,1
ag,5120,10240,512,steady,43,c_fluxgemm,3,0.27622,0.27354,0.27526,0.01779,1350,1
ag,5120,10240,512,steady,43,c_flux_ag,1,0.10672,0.10617,0.10624,0.03714,1350,1
ag,5120,10240,512,steady,43,A_fused,2,0.39162,0.39123,0.39123,0.04727,1350,1
ag,5120,10240,512,steady,44,c_cublas,3,0.26061,0.25504,0.25914,0.01300,1350,1
ag,5120,10240,512,steady,44,c_fluxgemm,2,0.27667,0.27469,0.27520,0.01801,1350,1
ag,5120,10240,512,steady,44,c_flux_ag,1,0.09442,0.09417,0.09429,0.03803,1350,1
ag,5120,10240,512,steady,44,A_fused,0,0.39597,0.39494,0.39494,0.04780,1350,1
ag,5120,10240,512,steady,45,c_cublas,1,0.26413,0.25792,0.26413,0.01292,1335,1
ag,5120,10240,512,steady,45,c_fluxgemm,3,0.27776,0.27507,0.27776,0.01816,1335,1
ag,5120,10240,512,steady,45,c_flux_ag,2,0.10052,0.09991,0.10052,0.03866,1335,1
ag,5120,10240,512,steady,45,A_fused,0,0.39616,0.39507,0.39616,0.04731,1335,1
ag,5120,10240,512,steady,46,c_cublas,0,0.26490,0.25786,0.26490,0.01325,1335,1
ag,5120,10240,512,steady,46,c_fluxgemm,3,0.27744,0.27482,0.27578,0.01787,1335,1
ag,5120,10240,512,steady,46,c_flux_ag,2,0.09450,0.09425,0.09425,0.03863,1335,1
ag,5120,10240,512,steady,46,A_fused,1,0.39821,0.39699,0.39821,0.04768,1335,1
ag,5120,10240,512,steady,47,c_cublas,0,0.26208,0.25792,0.26208,0.01318,1335,1
ag,5120,10240,512,steady,47,c_fluxgemm,1,0.27693,0.27520,0.27693,0.01922,1335,1
ag,5120,10240,512,steady,47,c_flux_ag,3,0.09336,0.09319,0.09322,0.04034,1335,1
ag,5120,10240,512,steady,47,A_fused,2,0.39821,0.39795,0.39808,0.04557,1335,1
ag,5120,10240,512,steady,48,c_cublas,1,0.26400,0.25651,0.26400,0.01545,1335,1
ag,5120,10240,512,steady,48,c_fluxgemm,2,0.27821,0.27462,0.27821,0.01831,1335,1
ag,5120,10240,512,steady,48,c_flux_ag,0,0.09284,0.09197,0.09268,0.03728,1335,1
ag,5120,10240,512,steady,48,A_fused,3,0.39994,0.39923,0.39994,0.04616,1335,1
ag,5120,10240,512,steady,49,c_cublas,1,0.25965,0.25498,0.25965,0.01308,1335,1
ag,5120,10240,512,steady,49,c_fluxgemm,0,0.27802,0.27546,0.27802,0.01838,1335,1
ag,5120,10240,512,steady,49,c_flux_ag,2,0.10316,0.10254,0.10316,0.03719,1335,1
ag,5120,10240,512,steady,49,A_fused,3,0.39283,0.39066,0.39283,0.04638,1335,1
ag,5120,10240,2048,gpu,0,c_cublas,1,0.75674,0.74547,0.74854,0.04513,0,1
ag,5120,10240,2048,gpu,0,c_fluxgemm,3,0.80896,0.79565,0.80896,0.04152,0,1
ag,5120,10240,2048,gpu,0,c_flux_ag,2,0.19722,0.18861,0.19722,0.05289,0,1
ag,5120,10240,2048,gpu,0,A_fused,0,1.02912,0.96563,1.02912,0.08391,0,1
ag,5120,10240,2048,gpu,1,c_cublas,3,0.75571,0.74547,0.74957,0.03940,0,1
ag,5120,10240,2048,gpu,1,c_fluxgemm,2,0.80896,0.79565,0.80896,0.03504,0,1
ag,5120,10240,2048,gpu,1,c_flux_ag,1,0.21037,0.19757,0.20563,0.04693,0,1
ag,5120,10240,2048,gpu,1,A_fused,0,0.95539,0.94003,0.95539,0.07361,0,1
ag,5120,10240,2048,gpu,2,c_cublas,3,0.75571,0.74445,0.74854,0.03931,0,1
ag,5120,10240,2048,gpu,2,c_fluxgemm,0,0.80794,0.79258,0.80794,0.04021,0,1
ag,5120,10240,2048,gpu,2,c_flux_ag,1,0.20685,0.18630,0.18630,0.05103,0,1
ag,5120,10240,2048,gpu,2,A_fused,2,0.90214,0.88678,0.90214,0.06632,0,1
ag,5120,10240,2048,gpu,3,c_cublas,1,0.75674,0.74445,0.74854,0.03658,0,1
ag,5120,10240,2048,gpu,3,c_fluxgemm,0,0.80794,0.79258,0.80794,0.03900,0,1
ag,5120,10240,2048,gpu,3,c_flux_ag,3,0.28858,0.24755,0.26061,0.04543,0,1
ag,5120,10240,2048,gpu,3,A_fused,2,0.93901,0.91955,0.93901,0.07202,0,1
ag,5120,10240,2048,gpu,4,c_cublas,3,0.75674,0.74547,0.75059,0.03780,0,1
ag,5120,10240,2048,gpu,4,c_fluxgemm,1,0.80896,0.79462,0.80896,0.03421,0,1
ag,5120,10240,2048,gpu,4,c_flux_ag,2,0.19309,0.18493,0.19130,0.04816,0,1
ag,5120,10240,2048,gpu,4,A_fused,0,0.94720,0.92979,0.93594,0.06995,0,1
ag,5120,10240,2048,gpu,5,c_cublas,1,0.75571,0.74547,0.74854,0.03713,0,1
ag,5120,10240,2048,gpu,5,c_fluxgemm,2,0.80896,0.79258,0.80896,0.03799,0,1
ag,5120,10240,2048,gpu,5,c_flux_ag,3,0.20938,0.19350,0.20314,0.04987,0,1
ag,5120,10240,2048,gpu,5,A_fused,0,0.91546,0.89293,0.90624,0.07303,0,1
ag,5120,10240,2048,gpu,6,c_cublas,3,0.75674,0.74547,0.74854,0.04639,0,1
ag,5120,10240,2048,gpu,6,c_fluxgemm,1,0.80794,0.79360,0.80794,0.03552,0,1
ag,5120,10240,2048,gpu,6,c_flux_ag,2,0.23002,0.22243,0.22394,0.04898,0,1
ag,5120,10240,2048,gpu,6,A_fused,0,0.91546,0.88781,0.91136,0.07160,0,1
ag,5120,10240,2048,gpu,7,c_cublas,0,0.75674,0.74547,0.74854,0.03528,0,1
ag,5120,10240,2048,gpu,7,c_fluxgemm,2,0.80896,0.79360,0.80896,0.03930,0,1
ag,5120,10240,2048,gpu,7,c_flux_ag,1,0.26339,0.24515,0.25792,0.05295,0,1
ag,5120,10240,2048,gpu,7,A_fused,3,0.90419,0.88883,0.90419,0.06781,0,1
ag,5120,10240,2048,gpu,8,c_cublas,1,0.75674,0.74650,0.74752,0.03692,0,1
ag,5120,10240,2048,gpu,8,c_fluxgemm,2,0.80896,0.79360,0.80896,0.03749,0,1
ag,5120,10240,2048,gpu,8,c_flux_ag,3,0.22234,0.19693,0.21110,0.04948,0,1
ag,5120,10240,2048,gpu,8,A_fused,0,0.95437,0.91750,0.95437,0.06961,0,1
ag,5120,10240,2048,gpu,9,c_cublas,3,0.75571,0.74445,0.74854,0.03735,0,1
ag,5120,10240,2048,gpu,9,c_fluxgemm,2,0.80998,0.79462,0.80998,0.03390,0,1
ag,5120,10240,2048,gpu,9,c_flux_ag,0,0.22445,0.19322,0.20826,0.04892,0,1
ag,5120,10240,2048,gpu,9,A_fused,1,0.91443,0.90112,0.91443,0.06494,0,1
ag,5120,10240,2048,gpu,10,c_cublas,1,0.75571,0.74445,0.74854,0.04989,0,1
ag,5120,10240,2048,gpu,10,c_fluxgemm,3,0.80896,0.79360,0.80896,0.03627,0,1
ag,5120,10240,2048,gpu,10,c_flux_ag,0,0.26259,0.22458,0.22458,0.05061,0,1
ag,5120,10240,2048,gpu,10,A_fused,2,0.95232,0.93901,0.95232,0.07033,0,1
ag,5120,10240,2048,gpu,11,c_cublas,0,0.75674,0.74650,0.74854,0.03730,0,1
ag,5120,10240,2048,gpu,11,c_fluxgemm,3,0.80896,0.79462,0.80896,0.03394,0,1
ag,5120,10240,2048,gpu,11,c_flux_ag,1,0.19334,0.18675,0.18832,0.05254,0,1
ag,5120,10240,2048,gpu,11,A_fused,2,0.93286,0.91546,0.93184,0.06563,0,1
ag,5120,10240,2048,gpu,12,c_cublas,1,0.75776,0.74650,0.75059,0.03663,0,1
ag,5120,10240,2048,gpu,12,c_fluxgemm,0,0.80896,0.79360,0.80896,0.03609,0,1
ag,5120,10240,2048,gpu,12,c_flux_ag,2,0.19949,0.18509,0.19949,0.05237,0,1
ag,5120,10240,2048,gpu,12,A_fused,3,0.94413,0.93286,0.94310,0.06609,0,1
ag,5120,10240,2048,gpu,13,c_cublas,1,0.75878,0.74650,0.75059,0.03813,1395,1
ag,5120,10240,2048,gpu,13,c_fluxgemm,3,0.80794,0.79258,0.80794,0.03373,1395,1
ag,5120,10240,2048,gpu,13,c_flux_ag,0,0.20445,0.19088,0.19814,0.05024,1395,1
ag,5120,10240,2048,gpu,13,A_fused,2,0.95744,0.94413,0.95744,0.07152,1395,1
ag,5120,10240,2048,gpu,14,c_cublas,2,0.74957,0.74650,0.74957,0.04109,1395,1
ag,5120,10240,2048,gpu,14,c_fluxgemm,1,0.80691,0.79258,0.80691,0.03687,1395,1
ag,5120,10240,2048,gpu,14,c_flux_ag,3,0.19331,0.18685,0.19155,0.05306,1395,1
ag,5120,10240,2048,gpu,14,A_fused,0,0.90931,0.89293,0.90931,0.06998,1395,1
ag,5120,10240,2048,gpu,15,c_cublas,0,0.74854,0.74445,0.74854,0.03739,1395,1
ag,5120,10240,2048,gpu,15,c_fluxgemm,3,0.81306,0.79462,0.81306,0.03594,1395,1
ag,5120,10240,2048,gpu,15,c_flux_ag,2,0.23446,0.22691,0.23427,0.04897,1395,1
ag,5120,10240,2048,gpu,15,A_fused,1,0.92160,0.89395,0.92160,0.07001,1395,1
ag,5120,10240,2048,gpu,16,c_cublas,3,0.75264,0.74547,0.75264,0.03647,1395,1
ag,5120,10240,2048,gpu,16,c_fluxgemm,1,0.81101,0.79360,0.81101,0.03624,1395,1
ag,5120,10240,2048,gpu,16,c_flux_ag,0,0.21990,0.19286,0.21990,0.06343,1395,1
ag,5120,10240,2048,gpu,16,A_fused,2,0.95642,0.93901,0.95642,0.06639,1395,1
ag,5120,10240,2048,gpu,17,c_cublas,2,0.75366,0.74547,0.75366,0.03708,1395,1
ag,5120,10240,2048,gpu,17,c_fluxgemm,0,0.81306,0.79462,0.81306,0.03836,1395,1
ag,5120,10240,2048,gpu,17,c_flux_ag,1,0.21258,0.19930,0.20902,0.05006,1395,1
ag,5120,10240,2048,gpu,17,A_fused,3,0.90829,0.88883,0.90829,0.07120,1395,1
ag,5120,10240,2048,gpu,18,c_cublas,0,0.75264,0.74445,0.75264,0.03804,1395,1
ag,5120,10240,2048,gpu,18,c_fluxgemm,3,0.81306,0.79360,0.81306,0.03406,1395,1
ag,5120,10240,2048,gpu,18,c_flux_ag,1,0.26278,0.22458,0.22458,0.05098,1395,1
ag,5120,10240,2048,gpu,18,A_fused,2,0.93286,0.92058,0.92877,0.06474,1395,1
ag,5120,10240,2048,gpu,19,c_cublas,2,0.75264,0.74445,0.75264,0.04336,1395,1
ag,5120,10240,2048,gpu,19,c_fluxgemm,1,0.81203,0.79462,0.81203,0.03818,1395,1
ag,5120,10240,2048,gpu,19,c_flux_ag,0,0.21520,0.20211,0.20950,0.05281,1395,1
ag,5120,10240,2048,gpu,19,A_fused,3,0.95130,0.93696,0.95130,0.07278,1395,1
ag,5120,10240,2048,gpu,20,c_cublas,2,0.75162,0.74547,0.75162,0.03768,1395,1
ag,5120,10240,2048,gpu,20,c_fluxgemm,0,0.81306,0.79565,0.81306,0.03993,1395,1
ag,5120,10240,2048,gpu,20,c_flux_ag,1,0.22016,0.20576,0.22016,0.05102,1395,1
ag,5120,10240,2048,gpu,20,A_fused,3,0.91034,0.89293,0.90624,0.06934,1395,1
ag,5120,10240,2048,gpu,21,c_cublas,1,0.77005,0.74650,0.75366,0.03802,1395,1
ag,5120,10240,2048,gpu,21,c_fluxgemm,2,0.81203,0.79360,0.81203,0.03764,1395,1
ag,5120,10240,2048,gpu,21,c_flux_ag,0,0.23104,0.21290,0.21290,0.05111,1395,1
ag,5120,10240,2048,gpu,21,A_fused,3,0.91853,0.90010,0.91853,0.06790,1395,1
ag,5120,10240,2048,gpu,22,c_cublas,1,0.75162,0.74445,0.75162,0.03758,1395,1
ag,5120,10240,2048,gpu,22,c_fluxgemm,2,0.81101,0.79360,0.81101,0.03747,1395,1
ag,5120,10240,2048,gpu,22,c_flux_ag,0,0.24838,0.21706,0.24838,0.05101,1395,1
ag,5120,10240,2048,gpu,22,A_fused,3,0.95437,0.93901,0.95437,0.06621,1395,1
ag,5120,10240,2048,gpu,23,c_cublas,0,0.75162,0.74445,0.75162,0.03811,1395,1
ag,5120,10240,2048,gpu,23,c_fluxgemm,3,0.81203,0.79565,0.81203,0.03610,1395,1
ag,5120,10240,2048,gpu,23,c_flux_ag,2,0.19466,0.19094,0.19210,0.04790,1395,1
ag,5120,10240,2048,gpu,23,A_fused,1,0.92262,0.91136,0.92262,0.06983,1395,1
ag,5120,10240,2048,gpu,24,c_cublas,3,0.75264,0.74547,0.75264,0.03671,1395,1
ag,5120,10240,2048,gpu,24,c_fluxgemm,0,0.81306,0.79360,0.81306,0.04605,1395,1
ag,5120,10240,2048,gpu,24,c_flux_ag,1,0.23171,0.22346,0.22346,0.05064,1395,1
ag,5120,10240,2048,gpu,24,A_fused,2,0.91648,0.89088,0.91648,0.06315,1395,1
ag,5120,10240,2048,gpu,25,c_cublas,3,0.75162,0.74445,0.75162,0.03693,1395,1
ag,5120,10240,2048,gpu,25,c_fluxgemm,0,0.81203,0.79462,0.81203,0.03889,1395,1
ag,5120,10240,2048,gpu,25,c_flux_ag,2,0.24413,0.23638,0.23843,0.04581,1395,1
ag,5120,10240,2048,gpu,25,A_fused,1,0.91853,0.88986,0.91853,0.06762,1395,1
ag,5120,10240,2048,gpu,26,c_cublas,1,0.75264,0.74445,0.75264,0.03638,1395,1
ag,5120,10240,2048,gpu,26,c_fluxgemm,3,0.80998,0.79462,0.80998,0.03566,1395,1
ag,5120,10240,2048,gpu,26,c_flux_ag,2,0.19571,0.18822,0.19571,0.05066,1395,1
ag,5120,10240,2048,gpu,26,A_fused,0,0.92365,0.90624,0.92365,0.07097,1395,1
ag,5120,10240,2048,gpu,27,c_cublas,0,0.75162,0.74547,0.75162,0.03718,1395,1
ag,5120,10240,2048,gpu,27,c_fluxgemm,1,0.81101,0.79462,0.81101,0.03750,1395,1
ag,5120,10240,2048,gpu,27,c_flux_ag,2,0.23005,0.22429,0.22682,0.04933,1395,1
ag,5120,10240,2048,gpu,27,A_fused,3,0.92058,0.90829,0.91853,0.06598,1395,1
ag,5120,10240,2048,gpu,28,c_cublas,3,0.75264,0.74650,0.75264,0.03983,1395,1
ag,5120,10240,2048,gpu,28,c_fluxgemm,2,0.81101,0.79462,0.81101,0.03528,1395,1
ag,5120,10240,2048,gpu,28,c_flux_ag,1,0.21773,0.18678,0.20278,0.04805,1395,1
ag,5120,10240,2048,gpu,28,A_fused,0,0.91853,0.88678,0.91853,0.07020,1395,1
ag,5120,10240,2048,gpu,29,c_cublas,3,0.75162,0.74445,0.75162,0.03766,1395,1
ag,5120,10240,2048,gpu,29,c_fluxgemm,0,0.81203,0.79360,0.81203,0.03900,1395,1
ag,5120,10240,2048,gpu,29,c_flux_ag,2,0.22029,0.21072,0.21187,0.04626,1395,1
ag,5120,10240,2048,gpu,29,A_fused,1,0.95130,0.94208,0.95130,0.07061,1395,1
ag,5120,10240,2048,gpu,30,c_cublas,0,0.75162,0.74445,0.75162,0.03535,1395,1
ag,5120,10240,2048,gpu,30,c_fluxgemm,1,0.81101,0.79360,0.81101,0.03901,1395,1
ag,5120,10240,2048,gpu,30,c_flux_ag,2,0.24861,0.22749,0.22749,0.04955,1395,1
ag,5120,10240,2048,gpu,30,A_fused,3,0.91955,0.90522,0.91648,0.06580,1395,1
ag,5120,10240,2048,gpu,31,c_cublas,1,0.75162,0.74445,0.75162,0.03608,1395,1
ag,5120,10240,2048,gpu,31,c_fluxgemm,2,0.81203,0.79565,0.81203,0.03803,1395,1
ag,5120,10240,2048,gpu,31,c_flux_ag,3,0.19251,0.18688,0.18688,0.04971,1395,1
ag,5120,10240,2048,gpu,31,A_fused,0,0.90624,0.89498,0.90624,0.06943,1395,1
ag,5120,10240,2048,gpu,32,c_cublas,1,0.75162,0.74445,0.75162,0.03691,1395,1
ag,5120,10240,2048,gpu,32,c_fluxgemm,3,0.81203,0.79565,0.81203,0.03622,1395,1
ag,5120,10240,2048,gpu,32,c_flux_ag,2,0.24854,0.23670,0.23843,0.05018,1395,1
ag,5120,10240,2048,gpu,32,A_fused,0,0.90829,0.89088,0.90829,0.08746,1395,1
ag,5120,10240,2048,gpu,33,c_cublas,1,0.75059,0.74445,0.75059,0.03696,1395,1
ag,5120,10240,2048,gpu,33,c_fluxgemm,0,0.80998,0.79360,0.80998,0.03668,1395,1
ag,5120,10240,2048,gpu,33,c_flux_ag,2,0.24979,0.22051,0.23104,0.05128,1395,1
ag,5120,10240,2048,gpu,33,A_fused,3,0.91853,0.90726,0.91853,0.06567,1395,1
ag,5120,10240,2048,gpu,34,c_cublas,2,0.75162,0.74547,0.75162,0.03811,1395,1
ag,5120,10240,2048,gpu,34,c_fluxgemm,3,0.81101,0.79462,0.81101,0.03805,1395,1
ag,5120,10240,2048,gpu,34,c_flux_ag,1,0.22448,0.19203,0.19203,0.04455,1395,1
ag,5120,10240,2048,gpu,34,A_fused,0,0.92262,0.89702,0.92262,0.06970,1395,1
ag,5120,10240,2048,gpu,35,c_cublas,1,0.75162,0.74547,0.75162,0.03713,1395,1
ag,5120,10240,2048,gpu,35,c_fluxgemm,0,0.80998,0.79360,0.80998,0.03639,1395,1
ag,5120,10240,2048,gpu,35,c_flux_ag,3,0.19498,0.18707,0.19117,0.04588,1395,1
ag,5120,10240,2048,gpu,35,A_fused,2,0.95437,0.94208,0.95437,0.07897,1395,1
ag,5120,10240,2048,gpu,36,c_cublas,1,0.75059,0.74445,0.75059,0.03760,1395,1
ag,5120,10240,2048,gpu,36,c_fluxgemm,2,0.81203,0.79462,0.81203,0.03758,1395,1
ag,5120,10240,2048,gpu,36,c_flux_ag,0,0.23142,0.19514,0.23142,0.04863,1395,1
ag,5120,10240,2048,gpu,36,A_fused,3,0.94720,0.91955,0.94720,0.06773,1395,1
ag,5120,10240,2048,gpu,37,c_cublas,3,0.75162,0.74547,0.75162,0.03731,1395,1
ag,5120,10240,2048,gpu,37,c_fluxgemm,1,0.80998,0.79258,0.80998,0.03376,1395,1
ag,5120,10240,2048,gpu,37,c_flux_ag,2,0.19414,0.18742,0.19414,0.04797,1395,1
ag,5120,10240,2048,gpu,37,A_fused,0,0.91750,0.90112,0.91750,0.07002,1395,1
ag,5120,10240,2048,gpu,38,c_cublas,1,0.75162,0.74547,0.75162,0.05551,1395,1
ag,5120,10240,2048,gpu,38,c_fluxgemm,2,0.80998,0.79360,0.80998,0.03855,1395,1
ag,5120,10240,2048,gpu,38,c_flux_ag,0,0.19379,0.19056,0.19379,0.05252,1395,1
ag,5120,10240,2048,gpu,38,A_fused,3,0.95949,0.94720,0.95642,0.06728,1395,1
ag,5120,10240,2048,gpu,39,c_cublas,3,0.75059,0.74445,0.75059,0.04077,1395,1
ag,5120,10240,2048,gpu,39,c_fluxgemm,0,0.80998,0.79258,0.80998,0.03798,1395,1
ag,5120,10240,2048,gpu,39,c_flux_ag,1,0.20262,0.19174,0.19440,0.05137,1395,1
ag,5120,10240,2048,gpu,39,A_fused,2,0.96768,0.93389,0.96563,0.06514,1395,1
ag,5120,10240,2048,gpu,40,c_cublas,2,0.75264,0.74650,0.75264,0.03740,1395,1
ag,5120,10240,2048,gpu,40,c_fluxgemm,3,0.81101,0.79462,0.81101,0.03727,1395,1
ag,5120,10240,2048,gpu,40,c_flux_ag,1,0.19155,0.18819,0.19155,0.05256,1395,1
ag,5120,10240,2048,gpu,40,A_fused,0,0.91034,0.90010,0.91034,0.07178,1395,1
ag,5120,10240,2048,gpu,41,c_cublas,0,0.79667,0.74547,0.79667,0.05243,1395,1
ag,5120,10240,2048,gpu,41,c_fluxgemm,3,0.80998,0.79258,0.80998,0.04385,1395,1
ag,5120,10240,2048,gpu,41,c_flux_ag,1,0.22285,0.19766,0.19766,0.06605,1395,1
ag,5120,10240,2048,gpu,41,A_fused,2,0.90419,0.88678,0.90419,0.06300,1395,1
ag,5120,10240,2048,gpu,42,c_cublas,0,0.75162,0.74547,0.75162,0.03763,1395,1
ag,5120,10240,2048,gpu,42,c_fluxgemm,2,0.80998,0.79258,0.80998,0.03673,1395,1
ag,5120,10240,2048,gpu,42,c_flux_ag,1,0.26870,0.25674,0.26870,0.05136,1395,1
ag,5120,10240,2048,gpu,42,A_fused,3,0.92877,0.90214,0.92877,0.06537,1395,1
ag,5120,10240,2048,gpu,43,c_cublas,3,0.75264,0.74445,0.75264,0.03714,1395,1
ag,5120,10240,2048,gpu,43,c_fluxgemm,1,0.81101,0.79565,0.81101,0.03374,1395,1
ag,5120,10240,2048,gpu,43,c_flux_ag,2,0.19194,0.18298,0.18672,0.04778,1395,1
ag,5120,10240,2048,gpu,43,A_fused,0,0.94515,0.92774,0.94515,0.07076,1395,1
ag,5120,10240,2048,gpu,44,c_cublas,1,0.75162,0.74650,0.75162,0.03698,1395,1
ag,5120,10240,2048,gpu,44,c_fluxgemm,0,0.81203,0.79565,0.81203,0.04683,1395,1
ag,5120,10240,2048,gpu,44,c_flux_ag,3,0.19261,0.19021,0.19187,0.04440,1395,1
ag,5120,10240,2048,gpu,44,A_fused,2,0.90624,0.88371,0.90624,0.06922,1395,1
ag,5120,10240,2048,gpu,45,c_cublas,1,0.75162,0.74445,0.75162,0.03717,1395,1
ag,5120,10240,2048,gpu,45,c_fluxgemm,0,0.80998,0.79462,0.80998,0.03791,1395,1
ag,5120,10240,2048,gpu,45,c_flux_ag,2,0.27312,0.25462,0.26314,0.05002,1395,1
ag,5120,10240,2048,gpu,45,A_fused,3,0.94310,0.91546,0.94310,0.06497,1395,1
ag,5120,10240,2048,gpu,46,c_cublas,0,0.75162,0.74445,0.75162,0.03757,1395,1
ag,5120,10240,2048,gpu,46,c_fluxgemm,1,0.80998,0.79360,0.80998,0.03796,1395,1
ag,5120,10240,2048,gpu,46,c_flux_ag,2,0.20330,0.19197,0.19859,0.05071,1395,1
ag,5120,10240,2048,gpu,46,A_fused,3,0.90726,0.88269,0.90726,0.06450,1395,1
ag,5120,10240,2048,gpu,47,c_cublas,3,0.75162,0.74547,0.75162,0.04036,1395,1
ag,5120,10240,2048,gpu,47,c_fluxgemm,2,0.81101,0.79360,0.81101,0.03374,1395,1
ag,5120,10240,2048,gpu,47,c_flux_ag,0,0.19594,0.18790,0.18851,0.05236,1395,1
ag,5120,10240,2048,gpu,47,A_fused,1,0.90726,0.88986,0.90419,0.06499,1395,1
ag,5120,10240,2048,gpu,48,c_cublas,2,0.75162,0.74445,0.75162,0.03758,1395,1
ag,5120,10240,2048,gpu,48,c_fluxgemm,1,0.80998,0.79360,0.80998,0.04424,1395,1
ag,5120,10240,2048,gpu,48,c_flux_ag,0,0.18886,0.18643,0.18646,0.05195,1395,1
ag,5120,10240,2048,gpu,48,A_fused,3,0.97075,0.94310,0.97075,0.07025,1395,1
ag,5120,10240,2048,gpu,49,c_cublas,2,0.75264,0.74547,0.75264,0.03774,1395,1
ag,5120,10240,2048,gpu,49,c_fluxgemm,0,0.81101,0.79462,0.81101,0.03863,1395,1
ag,5120,10240,2048,gpu,49,c_flux_ag,1,0.20528,0.19098,0.19670,0.04883,1395,1
ag,5120,10240,2048,gpu,49,A_fused,3,0.91136,0.88986,0.91136,0.07272,1395,1
ag,5120,10240,2048,gpu,50,c_cublas,3,0.75162,0.74547,0.75162,0.03665,1395,1
ag,5120,10240,2048,gpu,50,c_fluxgemm,0,0.80998,0.79360,0.80998,0.03787,1395,1
ag,5120,10240,2048,gpu,50,c_flux_ag,1,0.21709,0.20387,0.21072,0.04987,1395,1
ag,5120,10240,2048,gpu,50,A_fused,2,0.93491,0.91341,0.93491,0.06272,1395,1
ag,5120,10240,2048,gpu,51,c_cublas,1,0.75162,0.74547,0.75162,0.03556,1395,1
ag,5120,10240,2048,gpu,51,c_fluxgemm,0,0.81101,0.79462,0.81101,0.03941,1395,1
ag,5120,10240,2048,gpu,51,c_flux_ag,3,0.21274,0.20269,0.20269,0.04512,1395,1
ag,5120,10240,2048,gpu,51,A_fused,2,0.96358,0.95027,0.95027,0.06827,1395,1
ag,5120,10240,2048,gpu,52,c_cublas,1,0.75366,0.74547,0.75366,0.03648,1395,1
ag,5120,10240,2048,gpu,52,c_fluxgemm,0,0.81101,0.79462,0.81101,0.03767,1395,1
ag,5120,10240,2048,gpu,52,c_flux_ag,3,0.19520,0.18845,0.19011,0.04490,1395,1
ag,5120,10240,2048,gpu,52,A_fused,2,0.91648,0.90112,0.90522,0.07156,1395,1
ag,5120,10240,2048,gpu,53,c_cublas,2,0.75571,0.74547,0.75162,0.03634,1395,1
ag,5120,10240,2048,gpu,53,c_fluxgemm,3,0.81101,0.79360,0.81101,0.03694,1395,1
ag,5120,10240,2048,gpu,53,c_flux_ag,0,0.21523,0.19069,0.21523,0.05800,1395,1
ag,5120,10240,2048,gpu,53,A_fused,1,0.92365,0.90522,0.92365,0.06600,1395,1
ag,5120,10240,2048,gpu,54,c_cublas,1,0.75674,0.74445,0.75162,0.03755,1395,1
ag,5120,10240,2048,gpu,54,c_fluxgemm,3,0.81101,0.79360,0.81101,0.03391,1395,1
ag,5120,10240,2048,gpu,54,c_flux_ag,0,0.22909,0.21901,0.22771,0.05115,1395,1
ag,5120,10240,2048,gpu,54,A_fused,2,0.95846,0.94208,0.95846,0.06880,1395,1
ag,5120,10240,2048,gpu,55,c_cublas,3,0.75571,0.74445,0.75162,0.03649,1395,1
ag,5120,10240,2048,gpu,55,c_fluxgemm,0,0.80896,0.79360,0.80896,0.03537,1395,1
ag,5120,10240,2048,gpu,55,c_flux_ag,2,0.19424,0.18701,0.18701,0.04517,1395,1
ag,5120,10240,2048,gpu,55,A_fused,1,0.92570,0.91238,0.92570,0.06637,1395,1
ag,5120,10240,2048,gpu,56,c_cublas,3,0.75674,0.74547,0.75264,0.03756,1395,1
ag,5120,10240,2048,gpu,56,c_fluxgemm,0,0.81203,0.79462,0.81203,0.03861,1395,1
ag,5120,10240,2048,gpu,56,c_flux_ag,1,0.21069,0.19443,0.21069,0.05016,1395,1
ag,5120,10240,2048,gpu,56,A_fused,2,0.91238,0.88883,0.91238,0.08912,1395,1
ag,5120,10240,2048,gpu,57,c_cublas,1,0.75571,0.74547,0.75264,0.03899,1395,1
ag,5120,10240,2048,gpu,57,c_fluxgemm,3,0.80998,0.79360,0.80998,0.03658,1395,1
ag,5120,10240,2048,gpu,57,c_flux_ag,2,0.28704,0.26301,0.26301,0.05067,1395,1
ag,5120,10240,2048,gpu,57,A_fused,0,0.94720,0.92262,0.93696,0.07105,1395,1
ag,5120,10240,2048,gpu,58,c_cublas,2,0.75674,0.74547,0.75162,0.03714,1395,1
ag,5120,10240,2048,gpu,58,c_fluxgemm,1,0.81203,0.79462,0.81203,0.03637,1395,1
ag,5120,10240,2048,gpu,58,c_flux_ag,0,0.21366,0.20787,0.20938,0.05020,1395,1
ag,5120,10240,2048,gpu,58,A_fused,3,0.91648,0.88269,0.90829,0.06912,1395,1
ag,5120,10240,2048,gpu,59,c_cublas,3,0.75571,0.74547,0.75059,0.03673,1395,1
ag,5120,10240,2048,gpu,59,c_fluxgemm,1,0.81101,0.79360,0.81101,0.03617,1395,1
ag,5120,10240,2048,gpu,59,c_flux_ag,0,0.21050,0.19555,0.20157,0.04981,1395,1
ag,5120,10240,2048,gpu,59,A_fused,2,0.90726,0.88576,0.90726,0.06415,1395,1
ag,5120,10240,2048,gpu,60,c_cublas,2,0.75776,0.74547,0.75366,0.04956,1395,1
ag,5120,10240,2048,gpu,60,c_fluxgemm,3,0.81306,0.79462,0.81306,0.03738,1395,1
ag,5120,10240,2048,gpu,60,c_flux_ag,1,0.23821,0.22234,0.23821,0.04517,1395,1
ag,5120,10240,2048,gpu,60,A_fused,0,0.93696,0.91955,0.93696,0.07050,1395,1
ag,5120,10240,2048,gpu,61,c_cublas,1,0.75776,0.74650,0.75366,0.03779,1395,1
ag,5120,10240,2048,gpu,61,c_fluxgemm,3,0.81101,0.79258,0.81101,0.03282,1395,1
ag,5120,10240,2048,gpu,61,c_flux_ag,0,0.26400,0.24768,0.26400,0.05062,1395,1
ag,5120,10240,2048,gpu,61,A_fused,2,0.91034,0.88883,0.91034,0.07084,1395,1
ag,5120,10240,2048,gpu,62,c_cublas,0,0.75571,0.74547,0.75162,0.03771,1395,1
ag,5120,10240,2048,gpu,62,c_fluxgemm,1,0.81203,0.79462,0.81203,0.03947,1395,1
ag,5120,10240,2048,gpu,62,c_flux_ag,3,0.22739,0.20150,0.21491,0.04521,1395,1
ag,5120,10240,2048,gpu,62,A_fused,2,0.91136,0.89805,0.91136,0.06787,1395,1
ag,5120,10240,2048,gpu,63,c_cublas,1,0.75571,0.74547,0.75264,0.03713,1395,1
ag,5120,10240,2048,gpu,63,c_fluxgemm,0,0.83558,0.79258,0.81101,0.04301,1395,1
ag,5120,10240,2048,gpu,63,c_flux_ag,2,0.23216,0.22406,0.22406,0.05069,1395,1
ag,5120,10240,2048,gpu,63,A_fused,3,0.95334,0.93491,0.95334,0.06631,1395,1
ag,5120,10240,2048,gpu,64,c_cublas,3,0.75878,0.74650,0.75264,0.03736,1395,1
ag,5120,10240,2048,gpu,64,c_fluxgemm,0,0.81203,0.79462,0.81203,0.04437,1395,1
ag,5120,10240,2048,gpu,64,c_flux_ag,2,0.21709,0.19258,0.20352,0.04526,1395,1
ag,5120,10240,2048,gpu,64,A_fused,1,0.91341,0.88781,0.90931,0.06805,1395,1
ag,5120,10240,2048,gpu,65,c_cublas,3,0.75571,0.74445,0.75162,0.03651,1395,1
ag,5120,10240,2048,gpu,65,c_fluxgemm,0,0.81306,0.79462,0.81306,0.03912,1395,1
ag,5120,10240,2048,gpu,65,c_flux_ag,2,0.21344,0.18611,0.20435,0.04436,1395,1
ag,5120,10240,2048,gpu,65,A_fused,1,0.91136,0.89293,0.91136,0.06689,1395,1
ag,5120,10240,2048,gpu,66,c_cublas,3,0.75571,0.74547,0.75162,0.03701,1395,1
ag,5120,10240,2048,gpu,66,c_fluxgemm,1,0.81203,0.79360,0.81203,0.03631,1395,1
ag,5120,10240,2048,gpu,66,c_flux_ag,0,0.19645,0.19059,0.19446,0.05094,1395,1
ag,5120,10240,2048,gpu,66,A_fused,2,0.94106,0.92672,0.93389,0.06632,1395,1
ag,5120,10240,2048,gpu,67,c_cublas,2,0.75674,0.74650,0.75366,0.05188,1395,1
ag,5120,10240,2048,gpu,67,c_fluxgemm,1,0.81101,0.79360,0.81101,0.03446,1395,1
ag,5120,10240,2048,gpu,67,c_flux_ag,3,0.21190,0.19766,0.20573,0.05155,1395,1
ag,5120,10240,2048,gpu,67,A_fused,0,0.96666,0.94413,0.96666,0.07305,1395,1
ag,5120,10240,2048,gpu,68,c_cublas,0,0.75776,0.74650,0.75366,0.04429,1395,1
ag,5120,10240,2048,gpu,68,c_fluxgemm,2,0.81306,0.79462,0.81306,0.03696,1395,1
ag,5120,10240,2048,gpu,68,c_flux_ag,1,0.21693,0.20406,0.21693,0.05275,1395,1
ag,5120,10240,2048,gpu,68,A_fused,3,0.90726,0.88371,0.90726,0.06653,1395,1
ag,5120,10240,2048,gpu,69,c_cublas,3,0.75674,0.74342,0.75264,0.03676,1395,1
ag,5120,10240,2048,gpu,69,c_fluxgemm,0,0.81203,0.79565,0.81203,0.03874,1395,1
ag,5120,10240,2048,gpu,69,c_flux_ag,2,0.24173,0.22240,0.24173,0.04583,1395,1
ag,5120,10240,2048,gpu,69,A_fused,1,0.95027,0.92058,0.95027,0.06740,1395,1
ag,5120,10240,2048,gpu,70,c_cublas,3,0.75571,0.74445,0.75162,0.03668,1395,1
ag,5120,10240,2048,gpu,70,c_fluxgemm,1,0.81306,0.79565,0.81306,0.03666,1395,1
ag,5120,10240,2048,gpu,70,c_flux_ag,0,0.26512,0.23904,0.26019,0.05189,1395,1
ag,5120,10240,2048,gpu,70,A_fused,2,0.90624,0.88269,0.90624,0.06540,1395,1
ag,5120,10240,2048,gpu,71,c_cublas,2,0.75674,0.74547,0.75162,0.04244,1395,1
ag,5120,10240,2048,gpu,71,c_fluxgemm,3,0.81306,0.79462,0.81306,0.03765,1395,1
ag,5120,10240,2048,gpu,71,c_flux_ag,1,0.21536,0.20515,0.20515,0.04534,1395,1
ag,5120,10240,2048,gpu,71,A_fused,0,0.91955,0.90214,0.91955,0.07160,1395,1
ag,5120,10240,2048,gpu,72,c_cublas,2,0.75674,0.74547,0.75162,0.03801,1395,1
ag,5120,10240,2048,gpu,72,c_fluxgemm,0,0.81203,0.79462,0.81203,0.03490,1395,1
ag,5120,10240,2048,gpu,72,c_flux_ag,1,0.25146,0.22563,0.22563,0.05219,1395,1
ag,5120,10240,2048,gpu,72,A_fused,3,0.92058,0.90010,0.91955,0.06915,1395,1
ag,5120,10240,2048,gpu,73,c_cublas,2,0.75776,0.74650,0.75366,0.03674,1395,1
ag,5120,10240,2048,gpu,73,c_fluxgemm,1,0.81203,0.79462,0.81203,0.03675,1395,1
ag,5120,10240,2048,gpu,73,c_flux_ag,0,0.25488,0.23955,0.24381,0.06161,1395,1
ag,5120,10240,2048,gpu,73,A_fused,3,0.91034,0.89293,0.90624,0.06964,1395,1
ag,5120,10240,2048,gpu,74,c_cublas,2,0.75571,0.74547,0.75264,0.03694,1395,1
ag,5120,10240,2048,gpu,74,c_fluxgemm,3,0.81203,0.79360,0.81203,0.03689,1395,1
ag,5120,10240,2048,gpu,74,c_flux_ag,1,0.21462,0.20022,0.20253,0.04520,1395,1
ag,5120,10240,2048,gpu,74,A_fused,0,0.92467,0.90010,0.92467,0.07231,1395,1
ag,5120,10240,2048,gpu,75,c_cublas,2,0.75776,0.74650,0.75469,0.04282,1395,1
ag,5120,10240,2048,gpu,75,c_fluxgemm,0,0.80998,0.79360,0.80998,0.03699,1395,1
ag,5120,10240,2048,gpu,75,c_flux_ag,3,0.24339,0.23901,0.24102,0.05054,1395,1
ag,5120,10240,2048,gpu,75,A_fused,1,0.94413,0.91546,0.94413,0.07067,1395,1
ag,5120,10240,2048,gpu,76,c_cublas,3,0.75878,0.74650,0.75366,0.03668,1395,1
ag,5120,10240,2048,gpu,76,c_fluxgemm,1,0.81203,0.79360,0.81203,0.03680,1395,1
ag,5120,10240,2048,gpu,76,c_flux_ag,0,0.24947,0.21997,0.24947,0.05378,1395,1
ag,5120,10240,2048,gpu,76,A_fused,2,0.90829,0.89395,0.90726,0.06587,1395,1
ag,5120,10240,2048,gpu,77,c_cublas,0,0.75571,0.74445,0.75162,0.03524,1395,1
ag,5120,10240,2048,gpu,77,c_fluxgemm,1,0.81101,0.79360,0.81101,0.03842,1395,1
ag,5120,10240,2048,gpu,77,c_flux_ag,3,0.22842,0.20966,0.22842,0.04410,1395,1
ag,5120,10240,2048,gpu,77,A_fused,2,0.91853,0.89702,0.91853,0.06764,1395,1
ag,5120,10240,2048,gpu,78,c_cublas,1,0.75674,0.74445,0.75162,0.03694,1395,1
ag,5120,10240,2048,gpu,78,c_fluxgemm,2,0.81101,0.79360,0.81101,0.03735,1395,1
ag,5120,10240,2048,gpu,78,c_flux_ag,0,0.23136,0.21635,0.21635,0.05071,1395,1
ag,5120,10240,2048,gpu,78,A_fused,3,0.95846,0.94106,0.95846,0.06629,1395,1
ag,5120,10240,2048,gpu,79,c_cublas,3,0.75674,0.74445,0.75264,0.03673,1395,1
ag,5120,10240,2048,gpu,79,c_fluxgemm,0,0.80998,0.79360,0.80998,0.03777,1395,1
ag,5120,10240,2048,gpu,79,c_flux_ag,2,0.25475,0.22582,0.25475,0.04795,1395,1
ag,5120,10240,2048,gpu,79,A_fused,1,0.91546,0.90419,0.91443,0.06820,1395,1
ag,5120,10240,2048,gpu,80,c_cublas,1,0.75674,0.74650,0.75366,0.16084,1395,1
ag,5120,10240,2048,gpu,80,c_fluxgemm,0,0.91443,0.79667,0.91443,0.11434,1395,1
ag,5120,10240,2048,gpu,80,c_flux_ag,3,0.21562,0.20029,0.20282,0.05840,1395,1
ag,5120,10240,2048,gpu,80,A_fused,2,0.94106,0.91443,0.93286,0.10005,1395,1
ag,5120,10240,2048,gpu,81,c_cublas,3,0.75571,0.74547,0.75264,0.03932,1395,1
ag,5120,10240,2048,gpu,81,c_fluxgemm,2,0.81101,0.79462,0.81101,0.03344,1395,1
ag,5120,10240,2048,gpu,81,c_flux_ag,0,0.21446,0.19088,0.20822,0.04957,1395,1
ag,5120,10240,2048,gpu,81,A_fused,1,0.92262,0.89907,0.92262,0.06486,1395,1
ag,5120,10240,2048,gpu,82,c_cublas,1,0.75571,0.74547,0.74854,0.03680,1395,1
ag,5120,10240,2048,gpu,82,c_fluxgemm,2,0.80691,0.79360,0.80691,0.03734,1395,1
ag,5120,10240,2048,gpu,82,c_flux_ag,0,0.27533,0.25302,0.27533,0.05219,1395,1
ag,5120,10240,2048,gpu,82,A_fused,3,0.92570,0.88371,0.90317,0.06698,1395,1
ag,5120,10240,2048,gpu,83,c_cublas,1,0.75571,0.74445,0.74854,0.03741,1395,1
ag,5120,10240,2048,gpu,83,c_fluxgemm,3,0.80896,0.79667,0.80896,0.04441,1395,1
ag,5120,10240,2048,gpu,83,c_flux_ag,0,0.24186,0.22211,0.22954,0.05058,1395,1
ag,5120,10240,2048,gpu,83,A_fused,2,0.94515,0.91341,0.94515,0.06923,1395,1
ag,5120,10240,2048,gpu,84,c_cublas,1,0.75674,0.74445,0.74854,0.04418,1395,1
ag,5120,10240,2048,gpu,84,c_fluxgemm,3,0.80896,0.79462,0.80896,0.03403,1395,1
ag,5120,10240,2048,gpu,84,c_flux_ag,0,0.20624,0.19184,0.19184,0.05033,1395,1
ag,5120,10240,2048,gpu,84,A_fused,2,0.90214,0.88474,0.90214,0.07084,1395,1
ag,5120,10240,2048,gpu,85,c_cublas,0,0.75571,0.74445,0.74854,0.03903,1395,1
ag,5120,10240,2048,gpu,85,c_fluxgemm,2,0.80691,0.79360,0.80691,0.03914,1395,1
ag,5120,10240,2048,gpu,85,c_flux_ag,3,0.21296,0.19642,0.20691,0.05104,1395,1
ag,5120,10240,2048,gpu,85,A_fused,1,0.96051,0.94106,0.96051,0.07074,1395,1
ag,5120,10240,2048,gpu,86,c_cublas,2,0.74854,0.74445,0.74854,0.03713,1395,1
ag,5120,10240,2048,gpu,86,c_fluxgemm,1,0.81101,0.79462,0.81101,0.03637,1395,1
ag,5120,10240,2048,gpu,86,c_flux_ag,0,0.25539,0.22016,0.23837,0.04936,1395,1
ag,5120,10240,2048,gpu,86,A_fused,3,0.94106,0.91443,0.94106,0.07019,1395,1
ag,5120,10240,2048,gpu,87,c_cublas,0,0.74957,0.74547,0.74854,0.03721,1395,1
ag,5120,10240,2048,gpu,87,c_fluxgemm,2,0.80691,0.79360,0.80691,0.03703,1395,1
ag,5120,10240,2048,gpu,87,c_flux_ag,1,0.20214,0.19059,0.19731,0.05164,1395,1
ag,5120,10240,2048,gpu,87,A_fused,3,0.89907,0.88269,0.89805,0.07180,1395,1
ag,5120,10240,2048,gpu,88,c_cublas,2,0.74854,0.74445,0.74854,0.04285,1395,1
ag,5120,10240,2048,gpu,88,c_fluxgemm,0,0.80896,0.79462,0.80896,0.03724,1395,1
ag,5120,10240,2048,gpu,88,c_flux_ag,1,0.29661,0.25942,0.28150,0.05039,1395,1
ag,5120,10240,2048,gpu,88,A_fused,3,0.91853,0.90010,0.91034,0.06956,1395,1
ag,5120,10240,2048,gpu,89,c_cublas,1,0.74854,0.74445,0.74854,0.03741,1395,1
ag,5120,10240,2048,gpu,89,c_fluxgemm,0,0.80896,0.79462,0.80896,0.03760,1395,1
ag,5120,10240,2048,gpu,89,c_flux_ag,2,0.23094,0.22010,0.23094,0.05161,1395,1
ag,5120,10240,2048,gpu,89,A_fused,3,0.91443,0.88576,0.91034,0.06362,1395,1
ag,5120,10240,2048,gpu,90,c_cublas,3,0.74854,0.74547,0.74854,0.03751,1410,1
ag,5120,10240,2048,gpu,90,c_fluxgemm,1,0.80794,0.79462,0.80794,0.03382,1410,1
ag,5120,10240,2048,gpu,90,c_flux_ag,2,0.19085,0.18666,0.18746,0.04805,1410,1
ag,5120,10240,2048,gpu,90,A_fused,0,0.95027,0.89395,0.95027,0.07203,1410,1
ag,5120,10240,2048,gpu,91,c_cublas,1,0.74854,0.74445,0.74854,0.03776,1410,1
ag,5120,10240,2048,gpu,91,c_fluxgemm,2,0.81101,0.79565,0.81101,0.03677,1410,1
ag,5120,10240,2048,gpu,91,c_flux_ag,3,0.26947,0.24982,0.25859,0.06139,1410,1
ag,5120,10240,2048,gpu,91,A_fused,0,0.91136,0.89293,0.91136,0.07221,1410,1
ag,5120,10240,2048,gpu,92,c_cublas,2,0.74957,0.74445,0.74854,0.04695,1410,1
ag,5120,10240,2048,gpu,92,c_fluxgemm,0,0.81101,0.79462,0.81101,0.03819,1410,1
ag,5120,10240,2048,gpu,92,c_flux_ag,1,0.23933,0.22826,0.22845,0.04951,1410,1
ag,5120,10240,2048,gpu,92,A_fused,3,0.91853,0.88986,0.90419,0.07109,1410,1
ag,5120,10240,2048,gpu,93,c_cublas,1,0.74854,0.74547,0.74854,0.03706,1410,1
ag,5120,10240,2048,gpu,93,c_fluxgemm,3,0.80896,0.79360,0.80896,0.03612,1410,1
ag,5120,10240,2048,gpu,93,c_flux_ag,2,0.19546,0.18832,0.18902,0.04990,1410,1
ag,5120,10240,2048,gpu,93,A_fused,0,0.94310,0.89600,0.93594,0.07243,1410,1
ag,5120,10240,2048,gpu,94,c_cublas,2,0.74957,0.74547,0.74854,0.03824,1410,1
ag,5120,10240,2048,gpu,94,c_fluxgemm,3,0.80794,0.79462,0.80794,0.03716,1410,1
ag,5120,10240,2048,gpu,94,c_flux_ag,0,0.19648,0.19130,0.19648,0.05219,1410,1
ag,5120,10240,2048,gpu,94,A_fused,1,0.90419,0.88474,0.90419,0.06681,1410,1
ag,5120,10240,2048,gpu,95,c_cublas,1,0.74854,0.74445,0.74854,0.03734,1410,1
ag,5120,10240,2048,gpu,95,c_fluxgemm,3,0.80998,0.79360,0.80998,0.03315,1410,1
ag,5120,10240,2048,gpu,95,c_flux_ag,0,0.27290,0.24995,0.27290,0.05151,1410,1
ag,5120,10240,2048,gpu,95,A_fused,2,0.94208,0.92262,0.94208,0.06802,1410,1
ag,5120,10240,2048,gpu,96,c_cublas,3,0.75059,0.74547,0.75059,0.03695,1410,1
ag,5120,10240,2048,gpu,96,c_fluxgemm,2,0.80896,0.79462,0.80896,0.05060,1410,1
ag,5120,10240,2048,gpu,96,c_flux_ag,1,0.21395,0.20314,0.20605,0.04436,1410,1
ag,5120,10240,2048,gpu,96,A_fused,0,0.93184,0.90726,0.93184,0.07112,1410,1
ag,5120,10240,2048,gpu,97,c_cublas,0,0.74957,0.74547,0.74854,0.03529,1410,1
ag,5120,10240,2048,gpu,97,c_fluxgemm,2,0.80896,0.79360,0.80896,0.03409,1410,1
ag,5120,10240,2048,gpu,97,c_flux_ag,3,0.24758,0.24445,0.24682,0.04859,1410,1
ag,5120,10240,2048,gpu,97,A_fused,1,0.90214,0.88883,0.90214,0.07411,1410,1
ag,5120,10240,2048,gpu,98,c_cublas,0,0.74854,0.74445,0.74854,0.03737,1410,1
ag,5120,10240,2048,gpu,98,c_fluxgemm,1,0.80896,0.79360,0.80896,0.03994,1410,1
ag,5120,10240,2048,gpu,98,c_flux_ag,3,0.20454,0.19062,0.19062,0.04435,1410,1
ag,5120,10240,2048,gpu,98,A_fused,2,0.93901,0.92160,0.93901,0.06679,1410,1
ag,5120,10240,2048,gpu,99,c_cublas,3,0.75366,0.74547,0.74854,0.03640,1410,1
ag,5120,10240,2048,gpu,99,c_fluxgemm,1,0.80794,0.79360,0.80794,0.03610,1410,1
ag,5120,10240,2048,gpu,99,c_flux_ag,0,0.23408,0.20330,0.21539,0.04923,1410,1
ag,5120,10240,2048,gpu,99,A_fused,2,0.90624,0.88576,0.90624,0.06416,1410,1
ag,5120,10240,2048,gpu,100,c_cublas,3,0.75674,0.74650,0.74957,0.03732,1410,1
ag,5120,10240,2048,gpu,100,c_fluxgemm,1,0.80794,0.79258,0.80794,0.03654,1410,1
ag,5120,10240,2048,gpu,100,c_flux_ag,0,0.19779,0.19027,0.19139,0.05385,1410,1
ag,5120,10240,2048,gpu,100,A_fused,2,0.90829,0.88986,0.90829,0.08310,1410,1
ag,5120,10240,2048,gpu,101,c_cublas,2,0.75674,0.74445,0.74854,0.03675,1410,1
ag,5120,10240,2048,gpu,101,c_fluxgemm,1,0.80794,0.79360,0.80794,0.04274,1410,1
ag,5120,10240,2048,gpu,101,c_flux_ag,3,0.23712,0.22970,0.22970,0.05187,1410,1
ag,5120,10240,2048,gpu,101,A_fused,0,0.96051,0.94618,0.95437,0.07166,1410,1
ag,5120,10240,2048,gpu,102,c_cublas,1,0.75674,0.74547,0.74957,0.03678,1395,1
ag,5120,10240,2048,gpu,102,c_fluxgemm,0,0.80794,0.79360,0.80794,0.03789,1395,1
ag,5120,10240,2048,gpu,102,c_flux_ag,3,0.21581,0.19216,0.19914,0.04531,1395,1
ag,5120,10240,2048,gpu,102,A_fused,2,0.93901,0.91853,0.93901,0.06927,1395,1
ag,5120,10240,2048,gpu,103,c_cublas,2,0.75674,0.74547,0.74854,0.03720,1395,1
ag,5120,10240,2048,gpu,103,c_fluxgemm,3,0.80998,0.79360,0.80998,0.04311,1395,1
ag,5120,10240,2048,gpu,103,c_flux_ag,1,0.20179,0.18730,0.18742,0.04529,1395,1
ag,5120,10240,2048,gpu,103,A_fused,0,0.90419,0.88986,0.90419,0.07014,1395,1
ag,5120,10240,2048,gpu,104,c_cublas,0,0.75878,0.74650,0.74957,0.03800,1395,1
ag,5120,10240,2048,gpu,104,c_fluxgemm,2,0.80794,0.79462,0.80794,0.04097,1395,1
ag,5120,10240,2048,gpu,104,c_flux_ag,1,0.24138,0.23907,0.24038,0.05187,1395,1
ag,5120,10240,2048,gpu,104,A_fused,3,0.94720,0.92467,0.94720,0.06608,1395,1
ag,5120,10240,2048,gpu,105,c_cublas,3,0.75674,0.74547,0.74854,0.03782,1395,1
ag,5120,10240,2048,gpu,105,c_fluxgemm,1,0.80691,0.79360,0.80691,0.03433,1395,1
ag,5120,10240,2048,gpu,105,c_flux_ag,2,0.24906,0.21766,0.24906,0.04848,1395,1
ag,5120,10240,2048,gpu,105,A_fused,0,0.90931,0.88883,0.90931,0.08406,1395,1
ag,5120,10240,2048,gpu,106,c_cublas,0,0.75674,0.74445,0.74854,0.03585,1395,1
ag,5120,10240,2048,gpu,106,c_fluxgemm,1,0.80896,0.79360,0.80896,0.03793,1395,1
ag,5120,10240,2048,gpu,106,c_flux_ag,2,0.19091,0.18717,0.18883,0.05003,1395,1
ag,5120,10240,2048,gpu,106,A_fused,3,0.90522,0.88474,0.90522,0.06388,1395,1
ag,5120,10240,2048,gpu,107,c_cublas,2,0.75878,0.74650,0.74957,0.03629,1395,1
ag,5120,10240,2048,gpu,107,c_fluxgemm,0,0.80794,0.79360,0.80794,0.03760,1395,1
ag,5120,10240,2048,gpu,107,c_flux_ag,3,0.23670,0.23053,0.23376,0.05017,1395,1
ag,5120,10240,2048,gpu,107,A_fused,1,0.95437,0.93696,0.95437,0.06722,1395,1
ag,5120,10240,2048,gpu,108,c_cublas,0,0.75674,0.74650,0.74957,0.03795,1395,1
ag,5120,10240,2048,gpu,108,c_fluxgemm,2,0.80896,0.79360,0.80896,0.04048,1395,1
ag,5120,10240,2048,gpu,108,c_flux_ag,3,0.19210,0.18605,0.19210,0.05004,1395,1
ag,5120,10240,2048,gpu,108,A_fused,1,0.92774,0.91034,0.92774,0.07114,1395,1
ag,5120,10240,2048,gpu,109,c_cublas,1,0.75674,0.74547,0.74957,0.03765,1395,1
ag,5120,10240,2048,gpu,109,c_fluxgemm,3,0.80794,0.79360,0.80794,0.03652,1395,1
ag,5120,10240,2048,gpu,109,c_flux_ag,2,0.19322,0.18576,0.18576,0.05164,1395,1
ag,5120,10240,2048,gpu,109,A_fused,0,0.92365,0.90624,0.92365,0.07422,1395,1
ag,5120,10240,2048,gpu,110,c_cublas,0,0.75571,0.74547,0.74957,0.03781,1395,1
ag,5120,10240,2048,gpu,110,c_fluxgemm,2,0.80691,0.79360,0.80691,0.03722,1395,1
ag,5120,10240,2048,gpu,110,c_flux_ag,1,0.24730,0.24112,0.24112,0.05150,1395,1
ag,5120,10240,2048,gpu,110,A_fused,3,0.94720,0.92672,0.94720,0.06593,1395,1
ag,5120,10240,2048,gpu,111,c_cublas,3,0.75674,0.74650,0.74854,0.03692,1395,1
ag,5120,10240,2048,gpu,111,c_fluxgemm,0,0.80691,0.79360,0.80691,0.03793,1395,1
ag,5120,10240,2048,gpu,111,c_flux_ag,2,0.21709,0.21139,0.21709,0.04587,1395,1
ag,5120,10240,2048,gpu,111,A_fused,1,0.91750,0.89190,0.91750,0.06727,1395,1
ag,5120,10240,2048,gpu,112,c_cublas,2,0.75571,0.74547,0.74752,0.04215,1395,1
ag,5120,10240,2048,gpu,112,c_fluxgemm,0,0.80896,0.79462,0.80896,0.04155,1395,1
ag,5120,10240,2048,gpu,112,c_flux_ag,3,0.19549,0.18781,0.18899,0.05249,1395,1
ag,5120,10240,2048,gpu,112,A_fused,1,0.92262,0.88883,0.92058,0.07037,1395,1
ag,5120,10240,2048,gpu,113,c_cublas,1,0.75674,0.74445,0.74854,0.04072,1395,1
ag,5120,10240,2048,gpu,113,c_fluxgemm,0,0.80896,0.79360,0.80896,0.03953,1395,1
ag,5120,10240,2048,gpu,113,c_flux_ag,3,0.21744,0.20310,0.20877,0.04527,1395,1
ag,5120,10240,2048,gpu,113,A_fused,2,0.95437,0.94618,0.95437,0.07110,1395,1
ag,5120,10240,2048,gpu,114,c_cublas,3,0.75571,0.74547,0.74854,0.03740,1395,1
ag,5120,10240,2048,gpu,114,c_fluxgemm,0,0.80794,0.79258,0.80794,0.03879,1395,1
ag,5120,10240,2048,gpu,114,c_flux_ag,2,0.21245,0.20237,0.21245,0.04599,1395,1
ag,5120,10240,2048,gpu,114,A_fused,1,0.92058,0.89907,0.91136,0.06734,1395,1
ag,5120,10240,2048,gpu,115,c_cublas,1,0.75674,0.74547,0.74854,0.03715,1395,1
ag,5120,10240,2048,gpu,115,c_fluxgemm,0,0.80896,0.79360,0.80896,0.03973,1395,1
ag,5120,10240,2048,gpu,115,c_flux_ag,2,0.22755,0.19392,0.20298,0.05267,1395,1
ag,5120,10240,2048,gpu,115,A_fused,3,0.91341,0.88576,0.91341,0.06571,1395,1
ag,5120,10240,2048,gpu,116,c_cublas,2,0.75674,0.74547,0.74854,0.03705,1395,1
ag,5120,10240,2048,gpu,116,c_fluxgemm,0,0.80896,0.79462,0.80896,0.03827,1395,1
ag,5120,10240,2048,gpu,116,c_flux_ag,3,0.30186,0.26026,0.30186,0.06524,1395,1
ag,5120,10240,2048,gpu,116,A_fused,1,0.97075,0.88576,0.90214,0.06867,1395,1
ag,5120,10240,2048,gpu,117,c_cublas,2,0.75674,0.74445,0.74752,0.03717,1395,1
ag,5120,10240,2048,gpu,117,c_fluxgemm,0,0.80896,0.79360,0.80896,0.03907,1395,1
ag,5120,10240,2048,gpu,117,c_flux_ag,3,0.19322,0.18784,0.18784,0.05047,1395,1
ag,5120,10240,2048,gpu,117,A_fused,1,0.91955,0.90112,0.91853,0.07673,1395,1
ag,5120,10240,2048,gpu,118,c_cublas,0,0.75571,0.74445,0.74854,0.03799,1395,1
ag,5120,10240,2048,gpu,118,c_fluxgemm,2,0.80794,0.79360,0.80794,0.03451,1395,1
ag,5120,10240,2048,gpu,118,c_flux_ag,3,0.20179,0.19453,0.20141,0.04768,1395,1
ag,5120,10240,2048,gpu,118,A_fused,1,0.91546,0.89907,0.91546,0.07221,1395,1
ag,5120,10240,2048,gpu,119,c_cublas,2,0.75571,0.74650,0.74752,0.03783,1395,1
ag,5120,10240,2048,gpu,119,c_fluxgemm,0,0.80794,0.79360,0.80794,0.03843,1395,1
ag,5120,10240,2048,gpu,119,c_flux_ag,1,0.22598,0.21696,0.21709,0.05066,1395,1
ag,5120,10240,2048,gpu,119,A_fused,3,0.96051,0.94515,0.96051,0.06918,1395,1
ag,5120,10240,2048,gpu,120,c_cublas,0,0.75776,0.74650,0.74957,0.03759,1395,1
ag,5120,10240,2048,gpu,120,c_fluxgemm,1,0.80896,0.79565,0.80896,0.03841,1395,1
ag,5120,10240,2048,gpu,120,c_flux_ag,2,0.24291,0.21872,0.24291,0.05111,1395,1
ag,5120,10240,2048,gpu,120,A_fused,3,0.91648,0.88986,0.91648,0.06695,1395,1
ag,5120,10240,2048,gpu,121,c_cublas,3,0.75674,0.74547,0.74854,0.03744,1395,1
ag,5120,10240,2048,gpu,121,c_fluxgemm,0,0.80998,0.79462,0.80998,0.03719,1395,1
ag,5120,10240,2048,gpu,121,c_flux_ag,2,0.19162,0.18570,0.19162,0.04788,1395,1
ag,5120,10240,2048,gpu,121,A_fused,1,0.92262,0.88371,0.90112,0.08151,1395,1
ag,5120,10240,2048,gpu,122,c_cublas,0,0.75674,0.74547,0.74752,0.03571,1395,1
ag,5120,10240,2048,gpu,122,c_fluxgemm,1,0.80794,0.79360,0.80794,0.03966,1395,1
ag,5120,10240,2048,gpu,122,c_flux_ag,3,0.21376,0.20570,0.20570,0.04589,1395,1
ag,5120,10240,2048,gpu,122,A_fused,2,0.97894,0.96051,0.97894,0.06807,1395,1
ag,5120,10240,2048,gpu,123,c_cublas,2,0.75674,0.74650,0.74957,0.03657,1395,1
ag,5120,10240,2048,gpu,123,c_fluxgemm,1,0.80691,0.79462,0.80691,0.03346,1395,1
ag,5120,10240,2048,gpu,123,c_flux_ag,3,0.22685,0.19059,0.20682,0.04994,1395,1
ag,5120,10240,2048,gpu,123,A_fused,0,0.90726,0.89395,0.90726,0.07080,1395,1
ag,5120,10240,2048,gpu,124,c_cublas,0,0.75469,0.74650,0.74854,0.19462,1395,1
ag,5120,10240,2048,gpu,124,c_fluxgemm,1,0.80794,0.79565,0.80794,0.03817,1395,1
ag,5120,10240,2048,gpu,124,c_flux_ag,2,0.24230,0.21616,0.24230,0.04956,1395,1
ag,5120,10240,2048,gpu,124,A_fused,3,0.91750,0.88883,0.90931,0.06659,1395,1
ag,5120,10240,2048,gpu,125,c_cublas,1,0.75674,0.74547,0.74854,0.03785,1395,1
ag,5120,10240,2048,gpu,125,c_fluxgemm,3,0.80691,0.79258,0.80691,0.03471,1395,1
ag,5120,10240,2048,gpu,125,c_flux_ag,0,0.20944,0.20061,0.20627,0.04986,1395,1
ag,5120,10240,2048,gpu,125,A_fused,2,0.97075,0.94310,0.95539,0.07234,1395,1
ag,5120,10240,2048,gpu,126,c_cublas,3,0.75571,0.74445,0.74854,0.09658,1395,1
ag,5120,10240,2048,gpu,126,c_fluxgemm,2,0.80589,0.79360,0.80589,0.03412,1395,1
ag,5120,10240,2048,gpu,126,c_flux_ag,1,0.20726,0.20019,0.20602,0.04610,1395,1
ag,5120,10240,2048,gpu,126,A_fused,0,0.91750,0.88781,0.91750,0.07167,1395,1
ag,5120,10240,2048,gpu,127,c_cublas,1,0.75674,0.74547,0.74854,0.05987,1395,1
ag,5120,10240,2048,gpu,127,c_fluxgemm,0,0.80691,0.79360,0.80691,0.07722,1395,1
ag,5120,10240,2048,gpu,127,c_flux_ag,2,0.23139,0.21546,0.22787,0.08821,1395,1
ag,5120,10240,2048,gpu,127,A_fused,3,0.91955,0.88166,0.91750,0.09442,1395,1
ag,5120,10240,2048,gpu,128,c_cublas,0,0.75776,0.74650,0.75059,0.03720,1395,1
ag,5120,10240,2048,gpu,128,c_fluxgemm,3,0.80896,0.79462,0.80896,0.03410,1395,1
ag,5120,10240,2048,gpu,128,c_flux_ag,1,0.26003,0.24560,0.26003,0.05276,1395,1
ag,5120,10240,2048,gpu,128,A_fused,2,0.93286,0.89498,0.93286,0.06652,1395,1
ag,5120,10240,2048,gpu,129,c_cublas,2,0.75674,0.74650,0.74957,0.03787,1395,1
ag,5120,10240,2048,gpu,129,c_fluxgemm,0,0.80794,0.79462,0.80794,0.03638,1395,1
ag,5120,10240,2048,gpu,129,c_flux_ag,1,0.20960,0.20746,0.20746,0.05004,1395,1
ag,5120,10240,2048,gpu,129,A_fused,3,0.90624,0.89293,0.90214,0.06891,1395,1
ag,5120,10240,2048,gpu,130,c_cublas,3,0.75571,0.74445,0.74854,0.03687,1395,1
ag,5120,10240,2048,gpu,130,c_fluxgemm,2,0.80794,0.79360,0.80794,0.03360,1395,1
ag,5120,10240,2048,gpu,130,c_flux_ag,0,0.20205,0.19517,0.19642,0.04978,1395,1
ag,5120,10240,2048,gpu,130,A_fused,1,0.91238,0.88474,0.90010,0.06341,1395,1
ag,5120,10240,2048,gpu,131,c_cublas,2,0.75571,0.74445,0.74854,0.03722,1395,1
ag,5120,10240,2048,gpu,131,c_fluxgemm,1,0.80794,0.79360,0.80794,0.03721,1395,1
ag,5120,10240,2048,gpu,131,c_flux_ag,0,0.24077,0.23053,0.23088,0.05242,1395,1
ag,5120,10240,2048,gpu,131,A_fused,3,0.95539,0.93594,0.95539,0.06936,1395,1
ag,5120,10240,2048,gpu,132,c_cublas,1,0.75776,0.74547,0.74957,0.03724,1395,1
ag,5120,10240,2048,gpu,132,c_fluxgemm,0,0.80896,0.79462,0.80896,0.03736,1395,1
ag,5120,10240,2048,gpu,132,c_flux_ag,3,0.21373,0.20237,0.20426,0.04478,1395,1
ag,5120,10240,2048,gpu,132,A_fused,2,0.90419,0.88269,0.90419,0.07068,1395,1
ag,5120,10240,2048,gpu,133,c_cublas,3,0.75571,0.74547,0.74854,0.03692,1395,1
ag,5120,10240,2048,gpu,133,c_fluxgemm,2,0.80896,0.79360,0.80896,0.03435,1395,1
ag,5120,10240,2048,gpu,133,c_flux_ag,0,0.21315,0.19216,0.20102,0.06473,1395,1
ag,5120,10240,2048,gpu,133,A_fused,1,0.91341,0.90214,0.91341,0.06753,1395,1
ag,5120,10240,2048,gpu,134,c_cublas,0,0.75571,0.74445,0.74854,0.03616,1395,1
ag,5120,10240,2048,gpu,134,c_fluxgemm,3,0.80794,0.79258,0.80794,0.03415,1395,1
ag,5120,10240,2048,gpu,134,c_flux_ag,1,0.24048,0.22614,0.23405,0.18143,1395,1
ag,5120,10240,2048,gpu,134,A_fused,2,0.94003,0.92365,0.92877,0.06581,1395,1
ag,5120,10240,2048,gpu,135,c_cublas,1,0.75571,0.74445,0.74752,0.03820,1395,1
ag,5120,10240,2048,gpu,135,c_fluxgemm,3,0.80998,0.79462,0.80998,0.04290,1395,1
ag,5120,10240,2048,gpu,135,c_flux_ag,0,0.27427,0.24986,0.27427,0.12558,1395,1
ag,5120,10240,2048,gpu,135,A_fused,2,0.90214,0.88986,0.90214,0.07002,1395,1
ag,5120,10240,2048,gpu,136,c_cublas,2,0.75571,0.74547,0.74854,0.04293,1395,1
ag,5120,10240,2048,gpu,136,c_fluxgemm,0,0.80794,0.79667,0.80794,0.03801,1395,1
ag,5120,10240,2048,gpu,136,c_flux_ag,1,0.21158,0.20787,0.21011,0.05135,1395,1
ag,5120,10240,2048,gpu,136,A_fused,3,0.91238,0.89907,0.91136,0.07005,1395,1
ag,5120,10240,2048,gpu,137,c_cublas,3,0.74854,0.74547,0.74854,0.03727,1395,1
ag,5120,10240,2048,gpu,137,c_fluxgemm,2,0.80794,0.79360,0.80794,0.03522,1395,1
ag,5120,10240,2048,gpu,137,c_flux_ag,1,0.19053,0.18397,0.19053,0.11760,1395,1
ag,5120,10240,2048,gpu,137,A_fused,0,0.94208,0.91546,0.93798,0.07063,1395,1
ag,5120,10240,2048,gpu,138,c_cublas,3,0.74854,0.74547,0.74854,0.04505,1395,1
ag,5120,10240,2048,gpu,138,c_fluxgemm,1,0.80896,0.79258,0.80896,0.04644,1395,1
ag,5120,10240,2048,gpu,138,c_flux_ag,2,0.19430,0.19040,0.19430,0.06729,1395,1
ag,5120,10240,2048,gpu,138,A_fused,0,0.95744,0.94310,0.95744,0.07252,1395,1
ag,5120,10240,2048,gpu,139,c_cublas,0,0.74854,0.74445,0.74854,0.03639,1395,1
ag,5120,10240,2048,gpu,139,c_fluxgemm,1,0.80896,0.79360,0.80896,0.03901,1395,1
ag,5120,10240,2048,gpu,139,c_flux_ag,3,0.23766,0.23050,0.23130,0.04555,1395,1
ag,5120,10240,2048,gpu,139,A_fused,2,0.90624,0.88883,0.90624,0.06796,1395,1
ag,5120,10240,2048,gpu,140,c_cublas,3,0.75059,0.74547,0.74854,0.03649,1395,1
ag,5120,10240,2048,gpu,140,c_fluxgemm,1,0.80691,0.79258,0.80691,0.04033,1395,1
ag,5120,10240,2048,gpu,140,c_flux_ag,0,0.22707,0.20630,0.20838,0.05281,1395,1
ag,5120,10240,2048,gpu,140,A_fused,2,0.90624,0.88986,0.90624,0.06636,1395,1
ag,5120,10240,2048,gpu,141,c_cublas,0,0.74854,0.74547,0.74752,0.03735,1410,1
ag,5120,10240,2048,gpu,141,c_fluxgemm,3,0.80691,0.79258,0.80691,0.03530,1410,1
ag,5120,10240,2048,gpu,141,c_flux_ag,2,0.25120,0.21661,0.24115,0.04694,1410,1
ag,5120,10240,2048,gpu,141,A_fused,1,0.95642,0.94208,0.95642,0.07513,1410,1
ag,5120,10240,2048,gpu,142,c_cublas,0,0.74854,0.74547,0.74752,0.03765,1410,1
ag,5120,10240,2048,gpu,142,c_fluxgemm,1,0.80691,0.79360,0.80691,0.03786,1410,1
ag,5120,10240,2048,gpu,142,c_flux_ag,3,0.21088,0.20640,0.20790,0.04582,1410,1
ag,5120,10240,2048,gpu,142,A_fused,2,0.94515,0.91034,0.94515,0.06661,1410,1
ag,5120,10240,2048,gpu,143,c_cublas,3,0.74854,0.74547,0.74854,0.03716,1410,1
ag,5120,10240,2048,gpu,143,c_fluxgemm,0,0.80589,0.79462,0.80589,0.03855,1410,1
ag,5120,10240,2048,gpu,143,c_flux_ag,2,0.19091,0.18595,0.19091,0.04462,1410,1
ag,5120,10240,2048,gpu,143,A_fused,1,0.91341,0.89907,0.91341,0.06740,1410,1
ag,5120,10240,2048,gpu,144,c_cublas,1,0.75366,0.74547,0.75366,0.03673,1410,1
ag,5120,10240,2048,gpu,144,c_fluxgemm,0,0.81203,0.79360,0.81203,0.03886,1410,1
ag,5120,10240,2048,gpu,144,c_flux_ag,2,0.25248,0.24061,0.24160,0.05009,1410,1
ag,5120,10240,2048,gpu,144,A_fused,3,0.91546,0.89395,0.91546,0.07037,1410,1
ag,5120,10240,2048,gpu,145,c_cublas,3,0.75162,0.74650,0.75162,0.03691,1410,1
ag,5120,10240,2048,gpu,145,c_fluxgemm,0,0.81203,0.79360,0.81203,0.03771,1410,1
ag,5120,10240,2048,gpu,145,c_flux_ag,2,0.21821,0.20755,0.20755,0.04490,1410,1
ag,5120,10240,2048,gpu,145,A_fused,1,0.94822,0.91034,0.93798,0.08525,1410,1
ag,5120,10240,2048,gpu,146,c_cublas,3,0.75059,0.74445,0.75059,0.03626,1410,1
ag,5120,10240,2048,gpu,146,c_fluxgemm,0,0.80998,0.79360,0.80998,0.03936,1410,1
ag,5120,10240,2048,gpu,146,c_flux_ag,1,0.21853,0.19341,0.21853,0.04913,1410,1
ag,5120,10240,2048,gpu,146,A_fused,2,0.91648,0.88371,0.90317,0.06317,1410,1
ag,5120,10240,2048,gpu,147,c_cublas,1,0.75162,0.74547,0.75162,0.03589,1410,1
ag,5120,10240,2048,gpu,147,c_fluxgemm,2,0.81203,0.79565,0.81203,0.03652,1410,1
ag,5120,10240,2048,gpu,147,c_flux_ag,3,0.24272,0.23914,0.23965,0.04928,1410,1
ag,5120,10240,2048,gpu,147,A_fused,0,0.91750,0.89907,0.91750,0.07102,1410,1
ag,5120,10240,2048,gpu,148,c_cublas,1,0.75264,0.74547,0.75264,0.03627,1410,1
ag,5120,10240,2048,gpu,148,c_fluxgemm,0,0.81203,0.79360,0.81203,0.03823,1410,1
ag,5120,10240,2048,gpu,148,c_flux_ag,2,0.23328,0.22931,0.23030,0.05114,1410,1
ag,5120,10240,2048,gpu,148,A_fused,3,0.92877,0.91136,0.92877,0.08302,1410,1
ag,5120,10240,2048,gpu,149,c_cublas,2,0.75264,0.74650,0.75264,0.03705,1410,1
ag,5120,10240,2048,gpu,149,c_fluxgemm,1,0.80998,0.79462,0.80998,0.05222,1410,1
ag,5120,10240,2048,gpu,149,c_flux_ag,0,0.21504,0.19792,0.21075,0.04986,1410,1
ag,5120,10240,2048,gpu,149,A_fused,3,0.90419,0.88986,0.90419,0.07003,1410,1
ag,5120,10240,2048,gpu,150,c_cublas,2,0.75059,0.74547,0.75059,0.03621,1410,1
ag,5120,10240,2048,gpu,150,c_fluxgemm,3,0.80998,0.79462,0.80998,0.03684,1410,1
ag,5120,10240,2048,gpu,150,c_flux_ag,0,0.18925,0.18544,0.18675,0.05034,1410,1
ag,5120,10240,2048,gpu,150,A_fused,1,0.91238,0.88781,0.90726,0.06546,1410,1
ag,5120,10240,2048,gpu,151,c_cublas,0,0.75162,0.74445,0.75162,0.03787,1410,1
ag,5120,10240,2048,gpu,151,c_fluxgemm,2,0.81101,0.79462,0.81101,0.03646,1410,1
ag,5120,10240,2048,gpu,151,c_flux_ag,1,0.24662,0.24131,0.24362,0.05253,1410,1
ag,5120,10240,2048,gpu,151,A_fused,3,0.94720,0.92774,0.94720,0.06636,1410,1
ag,5120,10240,2048,gpu,152,c_cublas,0,0.75366,0.74650,0.75366,0.03733,1410,1
ag,5120,10240,2048,gpu,152,c_fluxgemm,3,0.80998,0.79462,0.80998,0.04397,1410,1
ag,5120,10240,2048,gpu,152,c_flux_ag,2,0.24672,0.21251,0.23382,0.04521,1410,1
ag,5120,10240,2048,gpu,152,A_fused,1,0.90624,0.89088,0.90624,0.06983,1410,1
ag,5120,10240,2048,gpu,153,c_cublas,0,0.75162,0.74445,0.75162,0.03720,1410,1
ag,5120,10240,2048,gpu,153,c_fluxgemm,2,0.80998,0.79462,0.80998,0.03589,1410,1
ag,5120,10240,2048,gpu,153,c_flux_ag,3,0.19453,0.18720,0.19453,0.04767,1410,1
ag,5120,10240,2048,gpu,153,A_fused,1,0.91238,0.89395,0.90317,0.07077,1410,1
ag,5120,10240,2048,gpu,154,c_cublas,2,0.75059,0.74445,0.75059,0.03691,1410,1
ag,5120,10240,2048,gpu,154,c_fluxgemm,1,0.81203,0.79462,0.81203,0.03732,1410,1
ag,5120,10240,2048,gpu,154,c_flux_ag,0,0.21565,0.19197,0.19779,0.04764,1410,1
ag,5120,10240,2048,gpu,154,A_fused,3,0.97075,0.95437,0.97075,0.07005,1410,1
ag,5120,10240,2048,gpu,155,c_cublas,3,0.75059,0.74547,0.75059,0.03728,1410,1
ag,5120,10240,2048,gpu,155,c_fluxgemm,1,0.81101,0.79462,0.81101,0.03397,1410,1
ag,5120,10240,2048,gpu,155,c_flux_ag,2,0.24810,0.21299,0.24810,0.04804,1410,1
ag,5120,10240,2048,gpu,155,A_fused,0,0.93798,0.88986,0.93798,0.06950,1410,1
ag,5120,10240,2048,gpu,156,c_cublas,0,0.75264,0.74650,0.75264,0.03565,1410,1
ag,5120,10240,2048,gpu,156,c_fluxgemm,2,0.81203,0.79462,0.81203,0.03653,1410,1
ag,5120,10240,2048,gpu,156,c_flux_ag,1,0.19830,0.19539,0.19830,0.05128,1410,1
ag,5120,10240,2048,gpu,156,A_fused,3,0.90214,0.88576,0.90214,0.06436,1410,1
ag,5120,10240,2048,gpu,157,c_cublas,1,0.75162,0.74547,0.75162,0.03740,1410,1
ag,5120,10240,2048,gpu,157,c_fluxgemm,0,0.81101,0.79462,0.81101,0.03881,1410,1
ag,5120,10240,2048,gpu,157,c_flux_ag,3,0.21030,0.20243,0.20243,0.04584,1410,1
ag,5120,10240,2048,gpu,157,A_fused,2,0.95334,0.93594,0.95334,0.08951,1410,1
ag,5120,10240,2048,gpu,158,c_cublas,1,0.75162,0.74547,0.75162,0.03839,1410,1
ag,5120,10240,2048,gpu,158,c_fluxgemm,3,0.81101,0.79360,0.81101,0.03426,1410,1
ag,5120,10240,2048,gpu,158,c_flux_ag,0,0.21712,0.20054,0.20480,0.04767,1410,1
ag,5120,10240,2048,gpu,158,A_fused,2,0.93594,0.92570,0.93389,0.07221,1410,1
ag,5120,10240,2048,gpu,159,c_cublas,2,0.75162,0.74445,0.75162,0.03712,1410,1
ag,5120,10240,2048,gpu,159,c_fluxgemm,1,0.80998,0.79462,0.80998,0.03602,1410,1
ag,5120,10240,2048,gpu,159,c_flux_ag,0,0.21123,0.19174,0.19174,0.05148,1410,1
ag,5120,10240,2048,gpu,159,A_fused,3,0.90726,0.88474,0.90726,0.06969,1410,1
ag,5120,10240,2048,gpu,160,c_cublas,2,0.75162,0.74445,0.75162,0.03722,1410,1
ag,5120,10240,2048,gpu,160,c_fluxgemm,1,0.80998,0.79258,0.80998,0.03592,1410,1
ag,5120,10240,2048,gpu,160,c_flux_ag,0,0.19072,0.18506,0.18506,0.05023,1410,1
ag,5120,10240,2048,gpu,160,A_fused,3,0.98099,0.94310,0.98099,0.06908,1410,1
ag,5120,10240,2048,gpu,161,c_cublas,1,0.75264,0.74650,0.75264,0.03794,1410,1
ag,5120,10240,2048,gpu,161,c_fluxgemm,2,0.81203,0.79565,0.81203,0.03766,1410,1
ag,5120,10240,2048,gpu,161,c_flux_ag,0,0.19901,0.18902,0.19226,0.05046,1410,1
ag,5120,10240,2048,gpu,161,A_fused,3,0.91238,0.89190,0.90624,0.07274,1410,1
ag,5120,10240,2048,gpu,162,c_cublas,3,0.75162,0.74547,0.75162,0.03689,1410,1
ag,5120,10240,2048,gpu,162,c_fluxgemm,0,0.81101,0.79360,0.81101,0.03955,1410,1
ag,5120,10240,2048,gpu,162,c_flux_ag,1,0.19514,0.18714,0.19514,0.06707,1410,1
ag,5120,10240,2048,gpu,162,A_fused,2,0.94720,0.92058,0.94720,0.06660,1410,1
ag,5120,10240,2048,gpu,163,c_cublas,3,0.75059,0.74445,0.75059,0.03687,1410,1
ag,5120,10240,2048,gpu,163,c_fluxgemm,2,0.81101,0.79360,0.81101,0.03510,1410,1
ag,5120,10240,2048,gpu,163,c_flux_ag,1,0.18688,0.18454,0.18454,0.04503,1410,1
ag,5120,10240,2048,gpu,163,A_fused,0,0.90931,0.88883,0.90931,0.07209,1410,1
ag,5120,10240,2048,gpu,164,c_cublas,3,0.75366,0.74650,0.75366,0.03666,1410,1
ag,5120,10240,2048,gpu,164,c_fluxgemm,1,0.80998,0.79258,0.80998,0.03683,1410,1
ag,5120,10240,2048,gpu,164,c_flux_ag,0,0.29130,0.25939,0.25939,0.05153,1410,1
ag,5120,10240,2048,gpu,164,A_fused,2,0.90726,0.89190,0.90726,0.06529,1410,1
ag,5120,10240,2048,gpu,165,c_cublas,3,0.75264,0.74445,0.75264,0.04432,1410,1
ag,5120,10240,2048,gpu,165,c_fluxgemm,2,0.81101,0.79360,0.81101,0.03415,1410,1
ag,5120,10240,2048,gpu,165,c_flux_ag,0,0.19165,0.18768,0.19165,0.05133,1410,1
ag,5120,10240,2048,gpu,165,A_fused,1,0.91546,0.90829,0.91546,0.06625,1410,1
ag,5120,10240,2048,gpu,166,c_cublas,0,0.75469,0.74445,0.75264,0.03558,1410,1
ag,5120,10240,2048,gpu,166,c_fluxgemm,3,0.81203,0.79360,0.81203,0.03437,1410,1
ag,5120,10240,2048,gpu,166,c_flux_ag,1,0.19174,0.18851,0.19174,0.05224,1410,1
ag,5120,10240,2048,gpu,166,A_fused,2,0.94720,0.92467,0.94720,0.07574,1410,1
ag,5120,10240,2048,gpu,167,c_cublas,1,0.75674,0.74445,0.75162,0.03791,1395,1
ag,5120,10240,2048,gpu,167,c_fluxgemm,2,0.81101,0.79360,0.81101,0.03754,1395,1
ag,5120,10240,2048,gpu,167,c_flux_ag,0,0.26723,0.24141,0.24595,0.05941,1395,1
ag,5120,10240,2048,gpu,167,A_fused,3,0.91341,0.88678,0.90624,0.06697,1395,1
ag,5120,10240,2048,gpu,168,c_cublas,2,0.75571,0.74445,0.75162,0.03643,1395,1
ag,5120,10240,2048,gpu,168,c_fluxgemm,0,0.81101,0.79462,0.81101,0.03773,1395,1
ag,5120,10240,2048,gpu,168,c_flux_ag,3,0.18768,0.18464,0.18691,0.04952,1395,1
ag,5120,10240,2048,gpu,168,A_fused,1,0.92160,0.90829,0.91546,0.06699,1395,1
ag,5120,10240,2048,gpu,169,c_cublas,1,0.75674,0.74547,0.75264,0.03702,1395,1
ag,5120,10240,2048,gpu,169,c_fluxgemm,3,0.81101,0.79360,0.81101,0.03372,1395,1
ag,5120,10240,2048,gpu,169,c_flux_ag,0,0.19325,0.18384,0.19325,0.05098,1395,1
ag,5120,10240,2048,gpu,169,A_fused,2,0.95334,0.91853,0.95334,0.06995,1395,1
ag,5120,10240,2048,gpu,170,c_cublas,2,0.75571,0.74547,0.75162,0.03673,1395,1
ag,5120,10240,2048,gpu,170,c_fluxgemm,1,0.81101,0.79565,0.81101,0.03728,1395,1
ag,5120,10240,2048,gpu,170,c_flux_ag,0,0.27629,0.25754,0.27629,0.05117,1395,1
ag,5120,10240,2048,gpu,170,A_fused,3,0.91136,0.88986,0.90624,0.07035,1395,1
ag,5120,10240,2048,gpu,171,c_cublas,3,0.75674,0.74445,0.75264,0.03687,1395,1
ag,5120,10240,2048,gpu,171,c_fluxgemm,2,0.80998,0.79565,0.80998,0.03552,1395,1
ag,5120,10240,2048,gpu,171,c_flux_ag,1,0.21750,0.19110,0.21750,0.04736,1395,1
ag,5120,10240,2048,gpu,171,A_fused,0,0.92160,0.90317,0.90317,0.08761,1395,1
ag,5120,10240,2048,gpu,172,c_cublas,1,0.75776,0.74650,0.75264,0.03644,1395,1
ag,5120,10240,2048,gpu,172,c_fluxgemm,0,0.81203,0.79565,0.81203,0.03893,1395,1
ag,5120,10240,2048,gpu,172,c_flux_ag,3,0.24147,0.23696,0.23696,0.04655,1395,1
ag,5120,10240,2048,gpu,172,A_fused,2,0.93901,0.93082,0.93082,0.06941,1395,1
ag,5120,10240,2048,gpu,173,c_cublas,2,0.75674,0.74547,0.75264,0.03762,1395,1
ag,5120,10240,2048,gpu,173,c_fluxgemm,0,0.81203,0.79462,0.81203,0.03835,1395,1
ag,5120,10240,2048,gpu,173,c_flux_ag,1,0.20262,0.18771,0.19466,0.04982,1395,1
ag,5120,10240,2048,gpu,173,A_fused,3,0.92774,0.90522,0.90522,0.06879,1395,1
ag,5120,10240,2048,gpu,174,c_cublas,3,0.75571,0.74445,0.75162,0.03719,1395,1
ag,5120,10240,2048,gpu,174,c_fluxgemm,1,0.81101,0.79462,0.81101,0.03360,1395,1
ag,5120,10240,2048,gpu,174,c_flux_ag,2,0.19062,0.18819,0.19062,0.05464,1395,1
ag,5120,10240,2048,gpu,174,A_fused,0,0.90829,0.88986,0.90829,0.07058,1395,1
ag,5120,10240,2048,gpu,175,c_cublas,0,0.75571,0.74650,0.75162,0.03735,1395,1
ag,5120,10240,2048,gpu,175,c_fluxgemm,1,0.81408,0.79462,0.81408,0.04118,1395,1
ag,5120,10240,2048,gpu,175,c_flux_ag,3,0.24243,0.23469,0.23974,0.04529,1395,1
ag,5120,10240,2048,gpu,175,A_fused,2,0.94515,0.93389,0.94515,0.06890,1395,1
ag,5120,10240,2048,gpu,176,c_cublas,2,0.75776,0.74547,0.75366,0.03657,1395,1
ag,5120,10240,2048,gpu,176,c_fluxgemm,3,0.81203,0.79565,0.81203,0.03723,1395,1
ag,5120,10240,2048,gpu,176,c_flux_ag,0,0.20298,0.18621,0.19434,0.04983,1395,1
ag,5120,10240,2048,gpu,176,A_fused,1,0.90931,0.88678,0.90522,0.06624,1395,1
ag,5120,10240,2048,gpu,177,c_cublas,0,0.75571,0.74547,0.75162,0.03706,1395,1
ag,5120,10240,2048,gpu,177,c_fluxgemm,1,0.81101,0.79462,0.81101,0.03838,1395,1
ag,5120,10240,2048,gpu,177,c_flux_ag,3,0.25475,0.20051,0.23091,0.04571,1395,1
ag,5120,10240,2048,gpu,177,A_fused,2,0.94515,0.90419,0.94515,0.06729,1395,1
ag,5120,10240,2048,gpu,178,c_cublas,2,0.75776,0.74445,0.75264,0.03644,1395,1
ag,5120,10240,2048,gpu,178,c_fluxgemm,1,0.80998,0.79258,0.80998,0.03367,1395,1
ag,5120,10240,2048,gpu,178,c_flux_ag,3,0.24656,0.24192,0.24630,0.05504,1395,1
ag,5120,10240,2048,gpu,178,A_fused,0,0.92160,0.88781,0.91238,0.06942,1395,1
ag,5120,10240,2048,gpu,179,c_cublas,1,0.75674,0.74547,0.75162,0.03830,1395,1
ag,5120,10240,2048,gpu,179,c_fluxgemm,3,0.81306,0.79462,0.81306,0.03349,1395,1
ag,5120,10240,2048,gpu,179,c_flux_ag,0,0.24102,0.22368,0.22982,0.05442,1395,1
ag,5120,10240,2048,gpu,179,A_fused,2,0.90829,0.88371,0.90829,0.07115,1395,1
ag,5120,10240,2048,gpu,180,c_cublas,0,0.75571,0.74547,0.75366,0.03753,1395,1
ag,5120,10240,2048,gpu,180,c_fluxgemm,1,0.81306,0.79462,0.81306,0.03792,1395,1
ag,5120,10240,2048,gpu,180,c_flux_ag,2,0.24336,0.19558,0.24336,0.05814,1395,1
ag,5120,10240,2048,gpu,180,A_fused,3,0.91853,0.90214,0.90214,0.07435,1395,1
ag,5120,10240,2048,gpu,181,c_cublas,3,0.75674,0.74547,0.75162,0.03750,1395,1
ag,5120,10240,2048,gpu,181,c_fluxgemm,0,0.81101,0.79565,0.81101,0.03828,1395,1
ag,5120,10240,2048,gpu,181,c_flux_ag,1,0.21878,0.19402,0.19402,0.04966,1395,1
ag,5120,10240,2048,gpu,181,A_fused,2,0.90419,0.88576,0.90419,0.06386,1395,1
ag,5120,10240,2048,gpu,182,c_cublas,0,0.75571,0.74547,0.75162,0.03592,1395,1
ag,5120,10240,2048,gpu,182,c_fluxgemm,3,0.81101,0.79258,0.81101,0.03548,1395,1
ag,5120,10240,2048,gpu,182,c_flux_ag,2,0.23280,0.21318,0.23280,0.05582,1395,1
ag,5120,10240,2048,gpu,182,A_fused,1,0.95949,0.93491,0.95949,0.07229,1395,1
ag,5120,10240,2048,gpu,183,c_cublas,0,0.75674,0.74547,0.75162,0.03794,1395,1
ag,5120,10240,2048,gpu,183,c_fluxgemm,2,0.80998,0.79565,0.80998,0.03390,1395,1
ag,5120,10240,2048,gpu,183,c_flux_ag,3,0.24163,0.21238,0.21405,0.04840,1395,1
ag,5120,10240,2048,gpu,183,A_fused,1,0.92979,0.90112,0.92979,0.07199,1395,1
ag,5120,10240,2048,gpu,184,c_cublas,2,0.75674,0.74445,0.75162,0.03778,1395,1
ag,5120,10240,2048,gpu,184,c_fluxgemm,0,0.81203,0.79667,0.81203,0.03802,1395,1
ag,5120,10240,2048,gpu,184,c_flux_ag,1,0.20291,0.18739,0.18739,0.04986,1395,1
ag,5120,10240,2048,gpu,184,A_fused,3,0.90522,0.88986,0.90522,0.06926,1395,1
ag,5120,10240,2048,gpu,185,c_cublas,1,0.75776,0.74547,0.75162,0.03644,1395,1
ag,5120,10240,2048,gpu,185,c_fluxgemm,3,0.81101,0.79360,0.81101,0.03654,1395,1
ag,5120,10240,2048,gpu,185,c_flux_ag,2,0.29798,0.25312,0.26074,0.05100,1395,1
ag,5120,10240,2048,gpu,185,A_fused,0,0.94720,0.91750,0.94720,0.07077,1395,1
ag,5120,10240,2048,gpu,186,c_cublas,0,0.75776,0.74445,0.75162,0.03731,1395,1
ag,5120,10240,2048,gpu,186,c_fluxgemm,3,0.80998,0.79462,0.80998,0.03412,1395,1
ag,5120,10240,2048,gpu,186,c_flux_ag,1,0.21968,0.19373,0.21968,0.05305,1395,1
ag,5120,10240,2048,gpu,186,A_fused,2,0.91648,0.88371,0.91648,0.06811,1395,1
ag,5120,10240,2048,gpu,187,c_cublas,0,0.75776,0.74547,0.75264,0.04943,1395,1
ag,5120,10240,2048,gpu,187,c_fluxgemm,1,0.81203,0.79462,0.81203,0.03741,1395,1
ag,5120,10240,2048,gpu,187,c_flux_ag,2,0.23581,0.19664,0.23581,0.05086,1395,1
ag,5120,10240,2048,gpu,187,A_fused,3,0.94720,0.92774,0.94720,0.06479,1395,1
ag,5120,10240,2048,gpu,188,c_cublas,0,0.75776,0.74650,0.75366,0.03808,1395,1
ag,5120,10240,2048,gpu,188,c_fluxgemm,2,0.81306,0.79360,0.81306,0.03792,1395,1
ag,5120,10240,2048,gpu,188,c_flux_ag,1,0.29338,0.26922,0.28029,0.05176,1395,1
ag,5120,10240,2048,gpu,188,A_fused,3,0.91034,0.89395,0.91034,0.06672,1395,1
ag,5120,10240,2048,gpu,189,c_cublas,0,0.75674,0.74445,0.75162,0.03730,1395,1
ag,5120,10240,2048,gpu,189,c_fluxgemm,3,0.81306,0.79360,0.81306,0.03940,1395,1
ag,5120,10240,2048,gpu,189,c_flux_ag,1,0.20742,0.19008,0.20486,0.05223,1395,1
ag,5120,10240,2048,gpu,189,A_fused,2,0.93696,0.91853,0.93184,0.06488,1395,1
ag,5120,10240,2048,gpu,190,c_cublas,0,0.75674,0.74547,0.75264,0.03776,1395,1
ag,5120,10240,2048,gpu,190,c_fluxgemm,2,0.81203,0.79258,0.81203,0.03745,1395,1
ag,5120,10240,2048,gpu,190,c_flux_ag,1,0.19472,0.18886,0.19424,0.05132,1395,1
ag,5120,10240,2048,gpu,190,A_fused,3,0.95232,0.93082,0.95232,0.06525,1395,1
ag,5120,10240,2048,gpu,191,c_cublas,3,0.75571,0.74547,0.74854,0.03670,1395,1
ag,5120,10240,2048,gpu,191,c_fluxgemm,2,0.80794,0.79360,0.80794,0.03452,1395,1
ag,5120,10240,2048,gpu,191,c_flux_ag,1,0.26560,0.24291,0.25907,0.04440,1395,1
ag,5120,10240,2048,gpu,191,A_fused,0,0.92262,0.90010,0.91955,0.06942,1395,1
ag,5120,10240,2048,gpu,192,c_cublas,3,0.75776,0.74650,0.74957,0.03747,1395,1
ag,5120,10240,2048,gpu,192,c_fluxgemm,1,0.80896,0.79462,0.80896,0.04766,1395,1
ag,5120,10240,2048,gpu,192,c_flux_ag,2,0.24266,0.21206,0.23472,0.04909,1395,1
ag,5120,10240,2048,gpu,192,A_fused,0,0.93184,0.89907,0.93184,0.07094,1395,1
ag,5120,10240,2048,gpu,193,c_cublas,0,0.75571,0.74547,0.74854,0.03528,1395,1
ag,5120,10240,2048,gpu,193,c_fluxgemm,2,0.80896,0.79360,0.80896,0.04940,1395,1
ag,5120,10240,2048,gpu,193,c_flux_ag,3,0.25302,0.23078,0.23078,0.05165,1395,1
ag,5120,10240,2048,gpu,193,A_fused,1,0.90829,0.88678,0.90829,0.07150,1395,1
ag,5120,10240,2048,gpu,194,c_cublas,1,0.75776,0.74547,0.74854,0.04627,1395,1
ag,5120,10240,2048,gpu,194,c_fluxgemm,0,0.80794,0.79360,0.80794,0.03792,1395,1
ag,5120,10240,2048,gpu,194,c_flux_ag,2,0.25536,0.24326,0.24582,0.05217,1395,1
ag,5120,10240,2048,gpu,194,A_fused,3,0.92570,0.89395,0.92570,0.06609,1395,1
ag,5120,10240,2048,gpu,195,c_cublas,1,0.75776,0.74650,0.74957,0.03660,1395,1
ag,5120,10240,2048,gpu,195,c_fluxgemm,3,0.80896,0.79462,0.80896,0.03573,1395,1
ag,5120,10240,2048,gpu,195,c_flux_ag,2,0.24752,0.21344,0.23613,0.05132,1395,1
ag,5120,10240,2048,gpu,195,A_fused,0,0.90214,0.88576,0.90214,0.07035,1395,1
ag,5120,10240,2048,gpu,196,c_cublas,3,0.75776,0.74547,0.74957,0.03706,1395,1
ag,5120,10240,2048,gpu,196,c_fluxgemm,0,0.80998,0.79360,0.80998,0.03649,1395,1
ag,5120,10240,2048,gpu,196,c_flux_ag,2,0.25242,0.23427,0.24275,0.04548,1395,1
ag,5120,10240,2048,gpu,196,A_fused,1,0.91750,0.88474,0.90317,0.06573,1395,1
ag,5120,10240,2048,gpu,197,c_cublas,3,0.75571,0.74445,0.74854,0.03970,1395,1
ag,5120,10240,2048,gpu,197,c_fluxgemm,0,0.80998,0.79565,0.80998,0.03781,1395,1
ag,5120,10240,2048,gpu,197,c_flux_ag,1,0.22576,0.20464,0.22576,0.04982,1395,1
ag,5120,10240,2048,gpu,197,A_fused,2,0.95027,0.93594,0.95027,0.06374,1395,1
ag,5120,10240,2048,gpu,198,c_cublas,3,0.75571,0.74547,0.74854,0.08829,1395,1
ag,5120,10240,2048,gpu,198,c_fluxgemm,1,0.80998,0.79462,0.80998,0.04072,1395,1
ag,5120,10240,2048,gpu,198,c_flux_ag,0,0.19539,0.19088,0.19539,0.05178,1395,1
ag,5120,10240,2048,gpu,198,A_fused,2,0.94822,0.92160,0.94822,0.06784,1395,1
ag,5120,10240,2048,gpu,199,c_cublas,1,0.75571,0.74547,0.74854,0.03645,1395,1
ag,5120,10240,2048,gpu,199,c_fluxgemm,2,0.81101,0.79462,0.81101,0.03771,1395,1
ag,5120,10240,2048,gpu,199,c_flux_ag,3,0.23754,0.23200,0.23638,0.04981,1395,1
ag,5120,10240,2048,gpu,199,A_fused,0,0.92058,0.89600,0.91136,0.07210,1395,1
ag,5120,10240,2048,steady,0,c_cublas,1,0.84294,0.79565,0.84294,0.01726,0,1
ag,5120,10240,2048,steady,0,c_fluxgemm,2,0.89197,0.85562,0.89197,0.02092,0,1
ag,5120,10240,2048,steady,0,c_flux_ag,3,0.20138,0.20115,0.20116,0.04220,0,1
ag,5120,10240,2048,steady,0,A_fused,0,1.04288,1.01254,1.04288,0.06801,0,1
ag,5120,10240,2048,steady,1,c_cublas,0,0.83763,0.81728,0.83763,0.01460,1260,1
ag,5120,10240,2048,steady,1,c_fluxgemm,3,0.87085,0.84813,0.86682,0.01972,1260,1
ag,5120,10240,2048,steady,1,c_flux_ag,1,0.20105,0.20069,0.20105,0.03972,1260,1
ag,5120,10240,2048,steady,1,A_fused,2,0.96390,0.96275,0.96390,0.06641,1260,1
ag,5120,10240,2048,steady,2,c_cublas,2,0.85830,0.83750,0.85830,0.01503,1230,1
ag,5120,10240,2048,steady,2,c_fluxgemm,0,0.89389,0.88077,0.89389,0.02292,1230,1
ag,5120,10240,2048,steady,2,c_flux_ag,3,0.20591,0.20561,0.20566,0.03860,1230,1
ag,5120,10240,2048,steady,2,A_fused,1,1.00755,1.00659,1.00755,0.04742,1230,1
ag,5120,10240,2048,steady,3,c_cublas,2,0.84781,0.81197,0.84768,0.01384,1215,1
ag,5120,10240,2048,steady,3,c_fluxgemm,0,0.91110,0.88653,0.90995,0.01891,1215,1
ag,5120,10240,2048,steady,3,c_flux_ag,1,0.20425,0.20394,0.20425,0.03928,1215,1
ag,5120,10240,2048,steady,3,A_fused,3,0.98944,0.98739,0.98938,0.04789,1215,1
ag,5120,10240,2048,steady,4,c_cublas,2,0.83744,0.80198,0.82490,0.01385,1215,1
ag,5120,10240,2048,steady,4,c_fluxgemm,3,0.88749,0.85542,0.88749,0.01809,1215,1
ag,5120,10240,2048,steady,4,c_flux_ag,0,0.19578,0.19358,0.19526,0.03881,1215,1
ag,5120,10240,2048,steady,4,A_fused,1,0.98214,0.97958,0.98118,0.04657,1215,1
ag,5120,10240,2048,steady,5,c_cublas,2,0.84134,0.82490,0.84083,0.01380,1230,1
ag,5120,10240,2048,steady,5,c_fluxgemm,0,0.89843,0.86406,0.89843,0.01815,1230,1
ag,5120,10240,2048,steady,5,c_flux_ag,1,0.20600,0.20548,0.20600,0.03824,1230,1
ag,5120,10240,2048,steady,5,A_fused,3,0.98739,0.98637,0.98726,0.04689,1230,1
ag,5120,10240,2048,steady,6,c_cublas,2,0.82739,0.81766,0.82739,0.01402,1245,1
ag,5120,10240,2048,steady,6,c_fluxgemm,3,0.88621,0.86701,0.88621,0.02025,1245,1
ag,5120,10240,2048,steady,6,c_flux_ag,0,0.19323,0.19222,0.19228,0.03876,1245,1
ag,5120,10240,2048,steady,6,A_fused,1,0.98221,0.98163,0.98221,0.04779,1245,1
ag,5120,10240,2048,steady,7,c_cublas,3,0.87962,0.81760,0.87962,0.01719,1230,1
ag,5120,10240,2048,steady,7,c_fluxgemm,1,0.90394,0.86694,0.90394,0.01778,1230,1
ag,5120,10240,2048,steady,7,c_flux_ag,2,0.20286,0.20248,0.20286,0.03919,1230,1
ag,5120,10240,2048,steady,7,A_fused,0,0.99475,0.99302,0.99437,0.04630,1230,1
ag,5120,10240,2048,steady,8,c_cublas,2,0.84800,0.79622,0.84800,0.01362,1215,1
ag,5120,10240,2048,steady,8,c_fluxgemm,3,0.89805,0.85862,0.89805,0.01797,1215,1
ag,5120,10240,2048,steady,8,c_flux_ag,0,0.20391,0.20253,0.20253,0.04001,1215,1
ag,5120,10240,2048,steady,8,A_fused,1,1.00557,1.00051,1.00557,0.04649,1215,1
ag,5120,10240,2048,steady,9,c_cublas,0,0.84979,0.82752,0.84979,0.01444,1230,1
ag,5120,10240,2048,steady,9,c_fluxgemm,1,0.89824,0.87725,0.89824,0.01822,1230,1
ag,5120,10240,2048,steady,9,c_flux_ag,3,0.19293,0.19251,0.19254,0.03896,1230,1
ag,5120,10240,2048,steady,9,A_fused,2,0.99642,0.99494,0.99642,0.04759,1230,1
ag,5120,10240,2048,steady,10,c_cublas,1,0.83002,0.81306,0.82336,0.01448,1230,1
ag,5120,10240,2048,steady,10,c_fluxgemm,2,0.86778,0.83859,0.86778,0.01919,1230,1
ag,5120,10240,2048,steady,10,c_flux_ag,0,0.19307,0.19172,0.19295,0.03941,1230,1
ag,5120,10240,2048,steady,10,A_fused,3,0.97626,0.97530,0.97626,0.04800,1230,1
ag,5120,10240,2048,steady,11,c_cublas,2,0.85760,0.84858,0.85760,0.01381,1230,1
ag,5120,10240,2048,steady,11,c_fluxgemm,0,0.90758,0.88262,0.90758,0.01828,1230,1
ag,5120,10240,2048,steady,11,c_flux_ag,3,0.20634,0.20607,0.20630,0.03871,1230,1
ag,5120,10240,2048,steady,11,A_fused,1,1.01094,1.00954,1.01082,0.04709,1230,1
ag,5120,10240,2048,steady,12,c_cublas,2,0.84781,0.82714,0.83718,0.01518,1215,1
ag,5120,10240,2048,steady,12,c_fluxgemm,3,0.88198,0.86560,0.87642,0.01809,1215,1
ag,5120,10240,2048,steady,12,c_flux_ag,1,0.19349,0.19319,0.19335,0.03718,1215,1
ag,5120,10240,2048,steady,12,A_fused,0,1.01005,1.00851,1.00960,0.04815,1215,1
ag,5120,10240,2048,steady,13,c_cublas,1,0.83891,0.82707,0.83891,0.01402,1230,1
ag,5120,10240,2048,steady,13,c_fluxgemm,0,0.88294,0.86925,0.88294,0.01806,1230,1
ag,5120,10240,2048,steady,13,c_flux_ag,3,0.19828,0.19799,0.19820,0.03795,1230,1
ag,5120,10240,2048,steady,13,A_fused,2,0.99501,0.99366,0.99501,0.04664,1230,1
ag,5120,10240,2048,steady,14,c_cublas,3,0.85126,0.80224,0.85126,0.01381,1215,1
ag,5120,10240,2048,steady,14,c_fluxgemm,0,0.92192,0.87290,0.92192,0.01991,1215,1
ag,5120,10240,2048,steady,14,c_flux_ag,1,0.20323,0.20280,0.20323,0.03685,1215,1
ag,5120,10240,2048,steady,14,A_fused,2,1.00326,0.99891,1.00326,0.04687,1215,1
ag,5120,10240,2048,steady,15,c_cublas,3,0.83738,0.81574,0.83738,0.01455,1245,1
ag,5120,10240,2048,steady,15,c_fluxgemm,0,0.90016,0.86669,0.90016,0.01845,1245,1
ag,5120,10240,2048,steady,15,c_flux_ag,1,0.20208,0.20180,0.20208,0.03846,1245,1
ag,5120,10240,2048,steady,15,A_fused,2,0.98970,0.98816,0.98970,0.04519,1245,1
ag,5120,10240,2048,steady,16,c_cublas,2,0.84307,0.79834,0.84307,0.01391,1245,1
ag,5120,10240,2048,steady,16,c_fluxgemm,1,0.88986,0.85613,0.88986,0.01902,1245,1
ag,5120,10240,2048,steady,16,c_flux_ag,0,0.20396,0.20281,0.20281,0.03805,1245,1
ag,5120,10240,2048,steady,16,A_fused,3,0.99322,0.98893,0.99322,0.04779,1245,1
ag,5120,10240,2048,steady,17,c_cublas,2,0.85325,0.79898,0.85325,0.01372,1215,1
ag,5120,10240,2048,steady,17,c_fluxgemm,1,0.91443,0.85229,0.91443,0.01795,1215,1
ag,5120,10240,2048,steady,17,c_flux_ag,0,0.19287,0.19200,0.19200,0.03837,1215,1
ag,5120,10240,2048,steady,17,A_fused,3,0.99866,0.99578,0.99866,0.04705,1215,1
ag,5120,10240,2048,steady,18,c_cublas,1,0.86963,0.81536,0.86963,0.01424,1230,1
ag,5120,10240,2048,steady,18,c_fluxgemm,2,0.92019,0.86611,0.92019,0.01826,1230,1
ag,5120,10240,2048,steady,18,c_flux_ag,3,0.20171,0.20118,0.20171,0.03866,1230,1
ag,5120,10240,2048,steady,18,A_fused,0,1.00659,1.00230,1.00659,0.04650,1230,1
ag,5120,10240,2048,steady,19,c_cublas,3,0.84442,0.81773,0.84070,0.01381,1230,1
ag,5120,10240,2048,steady,19,c_fluxgemm,1,0.89811,0.86618,0.89811,0.01771,1230,1
ag,5120,10240,2048,steady,19,c_flux_ag,2,0.20112,0.20087,0.20110,0.03833,1230,1
ag,5120,10240,2048,steady,19,A_fused,0,0.99923,0.99661,0.99923,0.04684,1230,1
ag,5120,10240,2048,steady,20,c_cublas,1,0.83974,0.82714,0.83642,0.01362,1245,1
ag,5120,10240,2048,steady,20,c_fluxgemm,0,0.87974,0.86214,0.87616,0.01813,1245,1
ag,5120,10240,2048,steady,20,c_flux_ag,2,0.20369,0.20355,0.20369,0.03904,1245,1
ag,5120,10240,2048,steady,20,A_fused,3,0.97709,0.97574,0.97600,0.04531,1245,1
ag,5120,10240,2048,steady,21,c_cublas,2,0.86893,0.84051,0.86893,0.02710,1215,1
ag,5120,10240,2048,steady,21,c_fluxgemm,1,0.88947,0.88422,0.88819,0.01893,1215,1
ag,5120,10240,2048,steady,21,c_flux_ag,3,0.20455,0.20436,0.20455,0.03835,1215,1
ag,5120,10240,2048,steady,21,A_fused,0,0.97434,0.97050,0.97050,0.04676,1215,1
ag,5120,10240,2048,steady,22,c_cublas,1,0.85478,0.81773,0.85478,0.01467,1200,1
ag,5120,10240,2048,steady,22,c_fluxgemm,0,0.91264,0.88262,0.91264,0.01837,1200,1
ag,5120,10240,2048,steady,22,c_flux_ag,3,0.19386,0.19324,0.19386,0.03725,1200,1
ag,5120,10240,2048,steady,22,A_fused,2,0.99750,0.99488,0.99648,0.04821,1200,1
ag,5120,10240,2048,steady,23,c_cublas,3,0.84301,0.80250,0.84301,0.01407,1230,1
ag,5120,10240,2048,steady,23,c_fluxgemm,1,0.89498,0.84403,0.89498,0.01895,1230,1
ag,5120,10240,2048,steady,23,c_flux_ag,0,0.19099,0.19027,0.19086,0.03731,1230,1
ag,5120,10240,2048,steady,23,A_fused,2,0.97376,0.97248,0.97376,0.04525,1230,1
ag,5120,10240,2048,steady,24,c_cublas,0,0.84966,0.82067,0.84966,0.01868,1230,1
ag,5120,10240,2048,steady,24,c_fluxgemm,3,0.88742,0.86464,0.88742,0.01894,1230,1
ag,5120,10240,2048,steady,24,c_flux_ag,1,0.20481,0.20452,0.20481,0.03737,1230,1
ag,5120,10240,2048,steady,24,A_fused,2,0.99072,0.98899,0.99072,0.04753,1230,1
ag,5120,10240,2048,steady,25,c_cublas,3,0.84762,0.82746,0.84762,0.01508,1230,1
ag,5120,10240,2048,steady,25,c_fluxgemm,2,0.89965,0.85990,0.89965,0.01994,1230,1
ag,5120,10240,2048,steady,25,c_flux_ag,0,0.20241,0.20079,0.20079,0.03760,1230,1
ag,5120,10240,2048,steady,25,A_fused,1,1.00442,1.00134,1.00442,0.04667,1230,1
ag,5120,10240,2048,steady,26,c_cublas,3,0.86413,0.82406,0.86413,0.01383,1230,1
ag,5120,10240,2048,steady,26,c_fluxgemm,1,0.89824,0.88346,0.89824,0.01787,1230,1
ag,5120,10240,2048,steady,26,c_flux_ag,2,0.20156,0.20125,0.20145,0.03720,1230,1
ag,5120,10240,2048,steady,26,A_fused,0,0.99750,0.99616,0.99750,0.04786,1230,1
ag,5120,10240,2048,steady,27,c_cublas,3,0.85818,0.81350,0.85818,0.01391,1215,1
ag,5120,10240,2048,steady,27,c_fluxgemm,0,0.91648,0.86662,0.91648,0.01855,1215,1
ag,5120,10240,2048,steady,27,c_flux_ag,2,0.19323,0.19231,0.19323,0.03837,1215,1
ag,5120,10240,2048,steady,27,A_fused,1,1.00954,1.00717,1.00954,0.04656,1215,1
ag,5120,10240,2048,steady,28,c_cublas,0,0.85024,0.81082,0.85024,0.01362,1215,1
ag,5120,10240,2048,steady,28,c_fluxgemm,3,0.88710,0.86355,0.88710,0.01775,1215,1
ag,5120,10240,2048,steady,28,c_flux_ag,2,0.19543,0.19493,0.19543,0.03799,1215,1
ag,5120,10240,2048,steady,28,A_fused,1,0.99482,0.99219,0.99482,0.04706,1215,1
ag,5120,10240,2048,steady,29,c_cublas,3,0.86406,0.83002,0.86406,0.01420,1260,1
ag,5120,10240,2048,steady,29,c_fluxgemm,1,0.90381,0.87936,0.90381,0.01764,1260,1
ag,5120,10240,2048,steady,29,c_flux_ag,2,0.20582,0.20550,0.20563,0.03972,1260,1
ag,5120,10240,2048,steady,29,A_fused,0,0.98560,0.98355,0.98560,0.04682,1260,1
ag,5120,10240,2048,steady,30,c_cublas,0,0.86176,0.82118,0.86176,0.01443,1230,1
ag,5120,10240,2048,steady,30,c_fluxgemm,3,0.90355,0.86086,0.90355,0.01796,1230,1
ag,5120,10240,2048,steady,30,c_flux_ag,2,0.19291,0.19252,0.19261,0.03861,1230,1
ag,5120,10240,2048,steady,30,A_fused,1,1.00173,0.99936,1.00122,0.04591,1230,1
ag,5120,10240,2048,steady,31,c_cublas,2,0.83738,0.80026,0.83738,0.01586,1245,1
ag,5120,10240,2048,steady,31,c_fluxgemm,3,0.88742,0.86963,0.88742,0.01888,1245,1
ag,5120,10240,2048,steady,31,c_flux_ag,0,0.20385,0.20298,0.20298,0.03984,1245,1
ag,5120,10240,2048,steady,31,A_fused,1,0.99034,0.98746,0.99034,0.04652,1245,1
ag,5120,10240,2048,steady,32,c_cublas,2,0.85715,0.83066,0.85715,0.01388,1230,1
ag,5120,10240,2048,steady,32,c_fluxgemm,3,0.89798,0.87597,0.89798,0.01807,1230,1
ag,5120,10240,2048,steady,32,c_flux_ag,1,0.19791,0.19757,0.19791,0.03974,1230,1
ag,5120,10240,2048,steady,32,A_fused,0,0.99194,0.99046,0.99142,0.04649,1230,1
ag,5120,10240,2048,steady,33,c_cublas,1,0.85184,0.82099,0.85184,0.01420,1230,1
ag,5120,10240,2048,steady,33,c_fluxgemm,3,0.90688,0.86758,0.90688,0.01923,1230,1
ag,5120,10240,2048,steady,33,c_flux_ag,2,0.20520,0.20484,0.20520,0.03750,1230,1
ag,5120,10240,2048,steady,33,A_fused,0,0.99930,0.99782,0.99782,0.04808,1230,1
ag,5120,10240,2048,steady,34,c_cublas,3,0.84774,0.79885,0.84774,0.01439,1230,1
ag,5120,10240,2048,steady,34,c_fluxgemm,0,0.89952,0.86605,0.89952,0.01805,1230,1
ag,5120,10240,2048,steady,34,c_flux_ag,1,0.20497,0.20463,0.20497,0.04015,1230,1
ag,5120,10240,2048,steady,34,A_fused,2,0.99034,0.98739,0.99034,0.04628,1230,1
ag,5120,10240,2048,steady,35,c_cublas,2,0.84550,0.82669,0.84550,0.01570,1230,1
ag,5120,10240,2048,steady,35,c_fluxgemm,3,0.88736,0.86963,0.88736,0.01955,1230,1
ag,5120,10240,2048,steady,35,c_flux_ag,1,0.19415,0.19388,0.19415,0.03947,1230,1
ag,5120,10240,2048,steady,35,A_fused,0,1.00390,0.99942,1.00390,0.04709,1230,1
ag,5120,10240,2048,steady,36,c_cublas,2,0.85805,0.84538,0.85805,0.01450,1215,1
ag,5120,10240,2048,steady,36,c_fluxgemm,1,0.90362,0.87949,0.90362,0.01797,1215,1
ag,5120,10240,2048,steady,36,c_flux_ag,3,0.20570,0.20539,0.20567,0.03878,1215,1
ag,5120,10240,2048,steady,36,A_fused,0,0.99469,0.99366,0.99392,0.04625,1215,1
ag,5120,10240,2048,steady,37,c_cublas,2,0.85395,0.82093,0.85395,0.01509,1215,1
ag,5120,10240,2048,steady,37,c_fluxgemm,0,0.91034,0.88486,0.91034,0.01815,1215,1
ag,5120,10240,2048,steady,37,c_flux_ag,3,0.20230,0.20209,0.20209,0.03861,1215,1
ag,5120,10240,2048,steady,37,A_fused,1,0.99430,0.99277,0.99430,0.04627,1215,1
ag,5120,10240,2048,steady,38,c_cublas,3,0.83725,0.82477,0.83725,0.01378,1215,1
ag,5120,10240,2048,steady,38,c_fluxgemm,1,0.87962,0.86829,0.87642,0.02069,1215,1
ag,5120,10240,2048,steady,38,c_flux_ag,0,0.19660,0.19445,0.19642,0.03745,1215,1
ag,5120,10240,2048,steady,38,A_fused,2,0.97562,0.97382,0.97562,0.04584,1215,1
ag,5120,10240,2048,steady,39,c_cublas,0,0.84781,0.83072,0.84781,0.01403,1230,1
ag,5120,10240,2048,steady,39,c_fluxgemm,1,0.89824,0.87962,0.89824,0.01815,1230,1
ag,5120,10240,2048,steady,39,c_flux_ag,2,0.20508,0.20492,0.20492,0.03933,1230,1
ag,5120,10240,2048,steady,39,A_fused,3,0.98893,0.98797,0.98893,0.04531,1230,1
ag,5120,10240,2048,steady,40,c_cublas,2,0.85805,0.84070,0.85805,0.02801,1215,1
ag,5120,10240,2048,steady,40,c_fluxgemm,1,0.90886,0.88243,0.90886,0.01803,1215,1
ag,5120,10240,2048,steady,40,c_flux_ag,3,0.20409,0.20364,0.20395,0.03843,1215,1
ag,5120,10240,2048,steady,40,A_fused,0,0.98419,0.98266,0.98330,0.04557,1215,1
ag,5120,10240,2048,steady,41,c_cublas,3,0.83130,0.82170,0.83130,0.01478,1230,1
ag,5120,10240,2048,steady,41,c_fluxgemm,1,0.88915,0.86970,0.86970,0.01832,1230,1
ag,5120,10240,2048,steady,41,c_flux_ag,0,0.19530,0.19372,0.19431,0.04004,1230,1
ag,5120,10240,2048,steady,41,A_fused,2,0.96454,0.96294,0.96378,0.04493,1230,1
ag,5120,10240,2048,steady,42,c_cublas,3,0.83597,0.81760,0.83597,0.01361,1260,1
ag,5120,10240,2048,steady,42,c_fluxgemm,0,0.90189,0.87898,0.90189,0.01852,1260,1
ag,5120,10240,2048,steady,42,c_flux_ag,1,0.20592,0.20557,0.20592,0.03860,1260,1
ag,5120,10240,2048,steady,42,A_fused,2,0.98208,0.98138,0.98208,0.04637,1260,1
ag,5120,10240,2048,steady,43,c_cublas,2,0.86445,0.80845,0.86445,0.01356,1230,1
ag,5120,10240,2048,steady,43,c_fluxgemm,3,0.90432,0.84723,0.90432,0.01796,1230,1
ag,5120,10240,2048,steady,43,c_flux_ag,1,0.19423,0.19383,0.19423,0.04046,1230,1
ag,5120,10240,2048,steady,43,A_fused,0,0.98950,0.98784,0.98950,0.04865,1230,1
ag,5120,10240,2048,steady,44,c_cublas,0,0.84979,0.80826,0.84979,0.01389,1230,1
ag,5120,10240,2048,steady,44,c_fluxgemm,2,0.89536,0.85728,0.89536,0.01874,1230,1
ag,5120,10240,2048,steady,44,c_flux_ag,1,0.20301,0.20282,0.20301,0.03753,1230,1
ag,5120,10240,2048,steady,44,A_fused,3,0.98336,0.98195,0.98336,0.04623,1230,1
ag,5120,10240,2048,steady,45,c_cublas,1,0.85798,0.83731,0.85798,0.01414,1215,1
ag,5120,10240,2048,steady,45,c_fluxgemm,0,0.90886,0.86541,0.90886,0.01830,1215,1
ag,5120,10240,2048,steady,45,c_flux_ag,3,0.19678,0.19655,0.19672,0.03750,1215,1
ag,5120,10240,2048,steady,45,A_fused,2,1.00774,1.00627,1.00774,0.04672,1215,1
ag,5120,10240,2048,steady,46,c_cublas,1,0.85094,0.82131,0.85094,0.01974,1245,1
ag,5120,10240,2048,steady,46,c_fluxgemm,3,0.89645,0.86253,0.89645,0.01908,1245,1
ag,5120,10240,2048,steady,46,c_flux_ag,0,0.19924,0.19326,0.19924,0.03951,1245,1
ag,5120,10240,2048,steady,46,A_fused,2,0.97952,0.97837,0.97894,0.04776,1245,1
ag,5120,10240,2048,steady,47,c_cublas,3,0.86144,0.82579,0.85798,0.01378,1215,1
ag,5120,10240,2048,steady,47,c_fluxgemm,0,0.90509,0.87942,0.90509,0.01802,1215,1
ag,5120,10240,2048,steady,47,c_flux_ag,2,0.19634,0.19599,0.19612,0.03993,1215,1
ag,5120,10240,2048,steady,47,A_fused,1,1.01229,1.01101,1.01216,0.04503,1215,1
ag,5120,10240,2048,steady,48,c_cublas,2,0.85114,0.82765,0.85114,0.01414,1215,1
ag,5120,10240,2048,steady,48,c_fluxgemm,0,0.89760,0.86938,0.89760,0.01936,1215,1
ag,5120,10240,2048,steady,48,c_flux_ag,3,0.20328,0.20308,0.20312,0.03757,1215,1
ag,5120,10240,2048,steady,48,A_fused,1,0.99731,0.99520,0.99731,0.04525,1215,1
ag,5120,10240,2048,steady,49,c_cublas,2,0.84717,0.81946,0.84717,0.01374,1215,1
ag,5120,10240,2048,steady,49,c_fluxgemm,3,0.88742,0.86432,0.88742,0.01790,1215,1
ag,5120,10240,2048,steady,49,c_flux_ag,1,0.19422,0.19382,0.19422,0.03844,1215,1
ag,5120,10240,2048,steady,49,A_fused,0,1.00262,1.00026,1.00262,0.04654,1215,1
ag,5120,10240,8192,gpu,0,c_cublas,0,3.28909,3.14675,3.28909,0.05838,0,1
ag,5120,10240,8192,gpu,0,c_fluxgemm,2,3.48467,3.31674,3.48467,0.04263,0,1
ag,5120,10240,8192,gpu,0,c_flux_ag,3,0.60352,0.59770,0.59770,0.06826,0,1
ag,5120,10240,8192,gpu,0,A_fused,1,3.61267,3.47648,3.61267,0.09093,0,1
ag,5120,10240,8192,gpu,1,c_cublas,1,3.28090,3.11501,3.28090,0.04310,0,1
ag,5120,10240,8192,gpu,1,c_fluxgemm,0,3.48365,3.30650,3.48365,0.04230,0,1
ag,5120,10240,8192,gpu,1,c_flux_ag,2,0.65107,0.63648,0.64013,0.05557,0,1
ag,5120,10240,8192,gpu,1,A_fused,3,3.57581,3.43962,3.57581,0.06768,0,1
ag,5120,10240,8192,gpu,2,c_cublas,0,3.27066,3.11296,3.27066,0.03949,0,1
ag,5120,10240,8192,gpu,2,c_fluxgemm,2,3.46317,3.30752,3.46317,0.03498,0,1
ag,5120,10240,8192,gpu,2,c_flux_ag,3,0.64547,0.63632,0.64102,0.04922,0,1
ag,5120,10240,8192,gpu,2,A_fused,1,3.60653,3.45190,3.60653,0.07251,0,1
ag,5120,10240,8192,gpu,3,c_cublas,1,3.27168,3.11398,3.27168,0.03828,0,1
ag,5120,10240,8192,gpu,3,c_fluxgemm,3,3.47034,3.32493,3.47034,0.03668,0,1
ag,5120,10240,8192,gpu,3,c_flux_ag,2,0.60678,0.59245,0.59821,0.05081,0,1
ag,5120,10240,8192,gpu,3,A_fused,0,3.60550,3.44678,3.60550,0.07360,0,1
ag,5120,10240,8192,gpu,4,c_cublas,2,3.26963,3.13958,3.26963,0.05174,1275,1
ag,5120,10240,8192,gpu,4,c_fluxgemm,0,3.46522,3.33210,3.46522,0.03746,1275,1
ag,5120,10240,8192,gpu,4,c_flux_ag,1,0.65002,0.63587,0.64234,0.05043,1275,1
ag,5120,10240,8192,gpu,4,A_fused,3,3.60755,3.45498,3.60755,0.07342,1275,1
ag,5120,10240,8192,gpu,5,c_cublas,2,3.27066,3.17030,3.27066,0.04945,1275,1
ag,5120,10240,8192,gpu,5,c_fluxgemm,0,3.46726,3.33210,3.46726,0.05107,1275,1
ag,5120,10240,8192,gpu,5,c_flux_ag,1,0.64915,0.63962,0.64915,0.06542,1275,1
ag,5120,10240,8192,gpu,5,A_fused,3,3.60243,3.50413,3.60243,0.07040,1275,1
ag,5120,10240,8192,gpu,6,c_cublas,3,3.27168,3.17542,3.27168,0.03734,1275,1
ag,5120,10240,8192,gpu,6,c_fluxgemm,0,3.46829,3.36896,3.46829,0.03935,1275,1
ag,5120,10240,8192,gpu,6,c_flux_ag,1,0.65741,0.64269,0.65741,0.04997,1275,1
ag,5120,10240,8192,gpu,6,A_fused,2,3.60346,3.50003,3.60346,0.06505,1275,1
ag,5120,10240,8192,gpu,7,c_cublas,2,3.28294,3.17542,3.28294,0.04436,1275,1
ag,5120,10240,8192,gpu,7,c_fluxgemm,0,3.47034,3.36179,3.47034,0.03978,1275,1
ag,5120,10240,8192,gpu,7,c_flux_ag,3,0.60358,0.58771,0.60358,0.05111,1275,1
ag,5120,10240,8192,gpu,7,A_fused,1,3.60243,3.50106,3.60243,0.06956,1275,1
ag,5120,10240,8192,gpu,8,c_cublas,0,3.30650,3.17542,3.30650,0.03864,1275,1
ag,5120,10240,8192,gpu,8,c_fluxgemm,2,3.50618,3.36589,3.50618,0.03418,1275,1
ag,5120,10240,8192,gpu,8,c_flux_ag,3,0.61034,0.59997,0.59997,0.04811,1275,1
ag,5120,10240,8192,gpu,8,A_fused,1,3.62906,3.49594,3.62906,0.07254,1275,1
ag,5120,10240,8192,gpu,9,c_cublas,0,3.30752,3.17645,3.30752,0.04021,1275,1
ag,5120,10240,8192,gpu,9,c_fluxgemm,2,3.47238,3.36794,3.47238,0.03781,1275,1
ag,5120,10240,8192,gpu,9,c_flux_ag,1,0.63846,0.63251,0.63846,0.05188,1275,1
ag,5120,10240,8192,gpu,9,A_fused,3,3.60141,3.50003,3.60141,0.06875,1275,1
ag,5120,10240,8192,gpu,10,c_cublas,2,3.25939,3.17542,3.25018,0.04009,1275,1
ag,5120,10240,8192,gpu,10,c_fluxgemm,3,3.44781,3.36486,3.44678,0.03817,1275,1
ag,5120,10240,8192,gpu,10,c_flux_ag,1,0.63590,0.63133,0.63133,0.04831,1275,1
ag,5120,10240,8192,gpu,10,A_fused,0,3.58912,3.50822,3.58093,0.07109,1275,1
ag,5120,10240,8192,gpu,11,c_cublas,1,3.25120,3.17542,3.25120,0.03805,1275,1
ag,5120,10240,8192,gpu,11,c_fluxgemm,0,3.44576,3.36282,3.44371,0.03683,1275,1
ag,5120,10240,8192,gpu,11,c_flux_ag,3,0.60278,0.59427,0.59773,0.04477,1275,1
ag,5120,10240,8192,gpu,11,A_fused,2,3.58400,3.51642,3.58195,0.07043,1275,1
ag,5120,10240,8192,gpu,12,c_cublas,2,3.25120,3.18669,3.25120,0.03867,1275,1
ag,5120,10240,8192,gpu,12,c_fluxgemm,1,3.44371,3.37613,3.44371,0.03917,1275,1
ag,5120,10240,8192,gpu,12,c_flux_ag,0,0.59501,0.58083,0.58714,0.06459,1275,1
ag,5120,10240,8192,gpu,12,A_fused,3,3.58502,3.50720,3.58502,0.06974,1275,1
ag,5120,10240,8192,gpu,13,c_cublas,1,3.25120,3.18566,3.25120,0.03823,1275,1
ag,5120,10240,8192,gpu,13,c_fluxgemm,2,3.44781,3.34746,3.44678,0.03858,1275,1
ag,5120,10240,8192,gpu,13,c_flux_ag,0,0.61491,0.60518,0.61082,0.05138,1275,1
ag,5120,10240,8192,gpu,13,A_fused,3,3.57888,3.46624,3.57171,0.06717,1275,1
ag,5120,10240,8192,gpu,14,c_cublas,2,3.28909,3.14880,3.28909,0.03786,1275,1
ag,5120,10240,8192,gpu,14,c_fluxgemm,1,3.48160,3.34029,3.48160,0.03573,1275,1
ag,5120,10240,8192,gpu,14,c_flux_ag,3,0.64426,0.63626,0.64384,0.05184,1275,1
ag,5120,10240,8192,gpu,14,A_fused,0,3.59424,3.48467,3.59424,0.07356,1275,1
ag,5120,10240,8192,gpu,15,c_cublas,3,3.29011,3.21331,3.26554,0.03805,1260,1
ag,5120,10240,8192,gpu,15,c_fluxgemm,0,3.48058,3.40685,3.48058,0.04038,1260,1
ag,5120,10240,8192,gpu,15,c_flux_ag,1,0.61091,0.59366,0.60272,0.04951,1260,1
ag,5120,10240,8192,gpu,15,A_fused,2,3.61779,3.54509,3.61574,0.06920,1260,1
ag,5120,10240,8192,gpu,16,c_cublas,3,3.25018,3.21229,3.25018,0.03844,1260,1
ag,5120,10240,8192,gpu,16,c_fluxgemm,2,3.45702,3.40480,3.45088,0.03520,1260,1
ag,5120,10240,8192,gpu,16,c_flux_ag,1,0.61475,0.60688,0.61200,0.04564,1260,1
ag,5120,10240,8192,gpu,16,A_fused,0,3.61677,3.54304,3.57888,0.07298,1260,1
ag,5120,10240,8192,gpu,17,c_cublas,1,3.25120,3.21126,3.25120,0.09432,1260,1
ag,5120,10240,8192,gpu,17,c_fluxgemm,3,3.44576,3.36691,3.44576,0.04009,1260,1
ag,5120,10240,8192,gpu,17,c_flux_ag,0,0.64237,0.63245,0.63245,0.05327,1260,1
ag,5120,10240,8192,gpu,17,A_fused,2,3.58298,3.53485,3.58298,0.07154,1260,1
ag,5120,10240,8192,gpu,18,c_cublas,0,3.25530,3.17542,3.25018,0.04019,1260,1
ag,5120,10240,8192,gpu,18,c_fluxgemm,1,3.44269,3.36486,3.44269,0.03866,1260,1
ag,5120,10240,8192,gpu,18,c_flux_ag,2,0.64778,0.64102,0.64778,0.05086,1260,1
ag,5120,10240,8192,gpu,18,A_fused,3,3.58912,3.51232,3.58912,0.07764,1260,1
ag,5120,10240,8192,gpu,19,c_cublas,2,3.25222,3.18874,3.25222,0.03805,1275,1
ag,5120,10240,8192,gpu,19,c_fluxgemm,1,3.44883,3.37715,3.44883,0.03459,1275,1
ag,5120,10240,8192,gpu,19,c_flux_ag,3,0.64042,0.63312,0.64042,0.05038,1275,1
ag,5120,10240,8192,gpu,19,A_fused,0,3.58707,3.51846,3.58707,0.07117,1275,1
ag,5120,10240,8192,gpu,20,c_cublas,1,3.25120,3.18976,3.25120,0.03823,1275,1
ag,5120,10240,8192,gpu,20,c_fluxgemm,2,3.44781,3.40070,3.44781,0.03753,1275,1
ag,5120,10240,8192,gpu,20,c_flux_ag,3,0.64128,0.63443,0.63664,0.04895,1275,1
ag,5120,10240,8192,gpu,20,A_fused,0,3.57683,3.51744,3.57581,0.07192,1275,1
ag,5120,10240,8192,gpu,21,c_cublas,3,3.25222,3.18669,3.25222,0.04034,1275,1
ag,5120,10240,8192,gpu,21,c_fluxgemm,2,3.44678,3.38227,3.44678,0.05056,1275,1
ag,5120,10240,8192,gpu,21,c_flux_ag,0,0.62384,0.61024,0.62384,0.05490,1275,1
ag,5120,10240,8192,gpu,21,A_fused,1,3.57888,3.54714,3.57888,0.06919,1275,1
ag,5120,10240,8192,gpu,22,c_cublas,1,3.25018,3.18771,3.25018,0.03811,1275,1
ag,5120,10240,8192,gpu,22,c_fluxgemm,0,3.44576,3.38022,3.44576,0.04067,1275,1
ag,5120,10240,8192,gpu,22,c_flux_ag,3,0.61043,0.59373,0.60029,0.04618,1275,1
ag,5120,10240,8192,gpu,22,A_fused,2,3.57990,3.51027,3.57990,0.07257,1275,1
ag,5120,10240,8192,gpu,23,c_cublas,0,3.25120,3.18771,3.25120,0.04084,1275,1
ag,5120,10240,8192,gpu,23,c_fluxgemm,2,3.44781,3.37818,3.44781,0.03727,1275,1
ag,5120,10240,8192,gpu,23,c_flux_ag,3,0.65280,0.63504,0.65280,0.04882,1275,1
ag,5120,10240,8192,gpu,23,A_fused,1,3.57888,3.51744,3.57888,0.07271,1275,1
ag,5120,10240,8192,gpu,24,c_cublas,2,3.26144,3.18566,3.25120,0.03877,1275,1
ag,5120,10240,8192,gpu,24,c_fluxgemm,1,3.45088,3.37818,3.44576,0.03720,1275,1
ag,5120,10240,8192,gpu,24,c_flux_ag,0,0.60662,0.60426,0.60662,0.05161,1275,1
ag,5120,10240,8192,gpu,24,A_fused,3,3.59014,3.47750,3.58298,0.07051,1275,1
ag,5120,10240,8192,gpu,25,c_cublas,1,3.26349,3.14880,3.25222,0.04550,1275,1
ag,5120,10240,8192,gpu,25,c_fluxgemm,0,3.44883,3.33824,3.44474,0.03956,1275,1
ag,5120,10240,8192,gpu,25,c_flux_ag,3,0.60630,0.59638,0.59946,0.04452,1275,1
ag,5120,10240,8192,gpu,25,A_fused,2,3.58605,3.46829,3.58298,0.07224,1275,1
ag,5120,10240,8192,gpu,26,c_cublas,0,3.26144,3.16109,3.25120,0.05890,1275,1
ag,5120,10240,8192,gpu,26,c_fluxgemm,3,3.44678,3.40070,3.44678,0.04350,1275,1
ag,5120,10240,8192,gpu,26,c_flux_ag,1,0.60288,0.58230,0.58230,0.09180,1275,1
ag,5120,10240,8192,gpu,26,A_fused,2,3.59834,3.54202,3.57888,0.09480,1275,1
ag,5120,10240,8192,gpu,27,c_cublas,3,3.25120,3.19898,3.25120,0.03872,1275,1
ag,5120,10240,8192,gpu,27,c_fluxgemm,0,3.44474,3.40070,3.44474,0.03822,1275,1
ag,5120,10240,8192,gpu,27,c_flux_ag,1,0.63958,0.63616,0.63616,0.05114,1275,1
ag,5120,10240,8192,gpu,27,A_fused,2,3.58605,3.54304,3.58093,0.06406,1275,1
ag,5120,10240,8192,gpu,28,c_cublas,1,3.25222,3.18771,3.25222,0.04608,1275,1
ag,5120,10240,8192,gpu,28,c_fluxgemm,3,3.48365,3.38842,3.48365,0.03851,1275,1
ag,5120,10240,8192,gpu,28,c_flux_ag,2,0.63392,0.63053,0.63053,0.05204,1275,1
ag,5120,10240,8192,gpu,28,A_fused,0,3.58912,3.51232,3.57990,0.07593,1275,1
ag,5120,10240,8192,gpu,29,c_cublas,3,3.28909,3.14880,3.28909,0.03786,1260,1
ag,5120,10240,8192,gpu,29,c_fluxgemm,1,3.48570,3.38022,3.48570,0.03728,1260,1
ag,5120,10240,8192,gpu,29,c_flux_ag,0,0.59747,0.59664,0.59744,0.05298,1260,1
ag,5120,10240,8192,gpu,29,A_fused,2,3.62291,3.47750,3.62291,0.06601,1260,1
ag,5120,10240,8192,gpu,30,c_cublas,1,3.28909,3.14778,3.28909,0.03808,1260,1
ag,5120,10240,8192,gpu,30,c_fluxgemm,0,3.48365,3.34131,3.48365,0.04020,1260,1
ag,5120,10240,8192,gpu,30,c_flux_ag,2,0.64986,0.64131,0.64986,0.07122,1260,1
ag,5120,10240,8192,gpu,30,A_fused,3,3.61779,3.47648,3.61779,0.07149,1260,1
ag,5120,10240,8192,gpu,31,c_cublas,1,3.28806,3.14778,3.28806,0.04311,1260,1
ag,5120,10240,8192,gpu,31,c_fluxgemm,2,3.48262,3.33926,3.48262,0.03995,1260,1
ag,5120,10240,8192,gpu,31,c_flux_ag,0,0.58941,0.58506,0.58941,0.05082,1260,1
ag,5120,10240,8192,gpu,31,A_fused,3,3.57888,3.47136,3.57888,0.06822,1260,1
ag,5120,10240,8192,gpu,32,c_cublas,1,3.25120,3.14778,3.25120,0.03786,1260,1
ag,5120,10240,8192,gpu,32,c_fluxgemm,0,3.45190,3.34131,3.45190,0.03797,1260,1
ag,5120,10240,8192,gpu,32,c_flux_ag,2,0.65117,0.63968,0.65117,0.05248,1260,1
ag,5120,10240,8192,gpu,32,A_fused,3,3.57990,3.51130,3.57990,0.06371,1260,1
ag,5120,10240,8192,gpu,33,c_cublas,1,3.25018,3.18566,3.25018,0.03851,1275,1
ag,5120,10240,8192,gpu,33,c_fluxgemm,3,3.45395,3.37818,3.45395,0.03827,1275,1
ag,5120,10240,8192,gpu,33,c_flux_ag,2,0.71114,0.69606,0.69997,0.05058,1275,1
ag,5120,10240,8192,gpu,33,A_fused,0,3.58093,3.51437,3.58093,0.08732,1275,1
ag,5120,10240,8192,gpu,34,c_cublas,1,3.27066,3.18566,3.27066,0.03782,1275,1
ag,5120,10240,8192,gpu,34,c_fluxgemm,3,3.46931,3.38022,3.46931,0.03834,1275,1
ag,5120,10240,8192,gpu,34,c_flux_ag,2,0.64541,0.63558,0.64051,0.05918,1275,1
ag,5120,10240,8192,gpu,34,A_fused,0,3.60858,3.50925,3.60858,0.07234,1275,1
ag,5120,10240,8192,gpu,35,c_cublas,2,3.30547,3.18669,3.30547,0.03852,1275,1
ag,5120,10240,8192,gpu,35,c_fluxgemm,0,3.50310,3.38022,3.50310,0.03777,1275,1
ag,5120,10240,8192,gpu,35,c_flux_ag,3,0.65786,0.64506,0.65786,0.05115,1275,1
ag,5120,10240,8192,gpu,35,A_fused,1,3.63315,3.50822,3.63315,0.06862,1275,1
ag,5120,10240,8192,gpu,36,c_cublas,2,3.35155,3.18669,3.35155,0.03784,1275,1
ag,5120,10240,8192,gpu,36,c_fluxgemm,0,3.50208,3.37715,3.50208,0.03937,1275,1
ag,5120,10240,8192,gpu,36,c_flux_ag,3,0.64163,0.63491,0.64144,0.04969,1275,1
ag,5120,10240,8192,gpu,36,A_fused,1,3.64032,3.51232,3.64032,0.06863,1275,1
ag,5120,10240,8192,gpu,37,c_cublas,3,3.35155,3.18771,3.35155,0.03873,1245,1
ag,5120,10240,8192,gpu,37,c_fluxgemm,0,3.55533,3.38022,3.55533,0.04709,1245,1
ag,5120,10240,8192,gpu,37,c_flux_ag,2,0.60838,0.58682,0.60838,0.04492,1245,1
ag,5120,10240,8192,gpu,37,A_fused,1,3.68640,3.51130,3.68640,0.07121,1245,1
ag,5120,10240,8192,gpu,38,c_cublas,1,3.34950,3.18566,3.34950,0.04813,1245,1
ag,5120,10240,8192,gpu,38,c_fluxgemm,0,3.55226,3.37715,3.55226,0.04073,1245,1
ag,5120,10240,8192,gpu,38,c_flux_ag,3,0.60630,0.59632,0.59683,0.04512,1245,1
ag,5120,10240,8192,gpu,38,A_fused,2,3.67821,3.51232,3.67821,0.07196,1245,1
ag,5120,10240,8192,gpu,39,c_cublas,3,3.35053,3.26042,3.35053,0.03856,1245,1
ag,5120,10240,8192,gpu,39,c_fluxgemm,0,3.54918,3.45702,3.54918,0.03947,1245,1
ag,5120,10240,8192,gpu,39,c_flux_ag,1,0.61043,0.59110,0.60323,0.04980,1245,1
ag,5120,10240,8192,gpu,39,A_fused,2,3.68128,3.59731,3.68128,0.10328,1245,1
ag,5120,10240,8192,gpu,40,c_cublas,3,3.35053,3.22150,3.35053,0.03958,1245,1
ag,5120,10240,8192,gpu,40,c_fluxgemm,0,3.54918,3.45395,3.54918,0.04085,1245,1
ag,5120,10240,8192,gpu,40,c_flux_ag,1,0.65258,0.63914,0.64019,0.05112,1245,1
ag,5120,10240,8192,gpu,40,A_fused,2,3.68947,3.56045,3.68947,0.06461,1245,1
ag,5120,10240,8192,gpu,41,c_cublas,1,3.33005,3.22048,3.33005,0.03848,1245,1
ag,5120,10240,8192,gpu,41,c_fluxgemm,2,3.51949,3.41197,3.50208,0.03830,1245,1
ag,5120,10240,8192,gpu,41,c_flux_ag,0,0.59770,0.58883,0.58883,0.05275,1245,1
ag,5120,10240,8192,gpu,41,A_fused,3,3.61882,3.54406,3.61882,0.07825,1245,1
ag,5120,10240,8192,gpu,42,c_cublas,3,3.31264,3.18771,3.31264,0.03869,1245,1
ag,5120,10240,8192,gpu,42,c_fluxgemm,1,3.48365,3.37613,3.48365,0.03470,1245,1
ag,5120,10240,8192,gpu,42,c_flux_ag,2,0.63946,0.63238,0.63946,0.04722,1245,1
ag,5120,10240,8192,gpu,42,A_fused,0,3.61984,3.52256,3.61984,0.07156,1245,1
ag,5120,10240,8192,gpu,43,c_cublas,2,3.32902,3.18669,3.32902,0.03755,1245,1
ag,5120,10240,8192,gpu,43,c_fluxgemm,0,3.52870,3.37715,3.52870,0.04131,1245,1
ag,5120,10240,8192,gpu,43,c_flux_ag,3,0.64195,0.63632,0.63891,0.05077,1245,1
ag,5120,10240,8192,gpu,43,A_fused,1,3.65875,3.51232,3.65875,0.07123,1245,1
ag,5120,10240,8192,gpu,44,c_cublas,1,3.32800,3.18566,3.32800,0.04241,1245,1
ag,5120,10240,8192,gpu,44,c_fluxgemm,3,3.44883,3.38125,3.44883,0.03407,1245,1
ag,5120,10240,8192,gpu,44,c_flux_ag,0,0.60986,0.58570,0.60330,0.05088,1245,1
ag,5120,10240,8192,gpu,44,A_fused,2,3.58298,3.51232,3.58298,0.07002,1245,1
ag,5120,10240,8192,gpu,45,c_cublas,2,3.25120,3.18669,3.25120,0.03787,1245,1
ag,5120,10240,8192,gpu,45,c_fluxgemm,0,3.44576,3.37818,3.44576,0.03852,1245,1
ag,5120,10240,8192,gpu,45,c_flux_ag,3,0.59920,0.58202,0.59210,0.05012,1245,1
ag,5120,10240,8192,gpu,45,A_fused,1,3.57888,3.50310,3.57888,0.06898,1245,1
ag,5120,10240,8192,gpu,46,c_cublas,3,3.28806,3.16416,3.28806,0.03851,1260,1
ag,5120,10240,8192,gpu,46,c_fluxgemm,2,3.48672,3.38022,3.48672,0.03852,1260,1
ag,5120,10240,8192,gpu,46,c_flux_ag,1,0.66006,0.62579,0.66006,0.04688,1260,1
ag,5120,10240,8192,gpu,46,A_fused,0,3.61882,3.51437,3.61882,0.07548,1260,1
ag,5120,10240,8192,gpu,47,c_cublas,1,3.28909,3.14778,3.28909,0.03761,1260,1
ag,5120,10240,8192,gpu,47,c_fluxgemm,3,3.48570,3.34029,3.48570,0.03753,1260,1
ag,5120,10240,8192,gpu,47,c_flux_ag,2,0.65939,0.63933,0.64029,0.05475,1260,1
ag,5120,10240,8192,gpu,47,A_fused,0,3.61574,3.47546,3.61574,0.07311,1260,1
ag,5120,10240,8192,gpu,48,c_cublas,3,3.28806,3.11398,3.28806,0.03763,1260,1
ag,5120,10240,8192,gpu,48,c_fluxgemm,2,3.48774,3.30752,3.48774,0.03393,1260,1
ag,5120,10240,8192,gpu,48,c_flux_ag,0,0.63782,0.62650,0.62995,0.05175,1260,1
ag,5120,10240,8192,gpu,48,A_fused,1,3.60858,3.49184,3.60858,0.06577,1260,1
ag,5120,10240,8192,gpu,49,c_cublas,1,3.29011,3.11398,3.29011,0.03743,1260,1
ag,5120,10240,8192,gpu,49,c_fluxgemm,2,3.48262,3.30854,3.48262,0.03745,1260,1
ag,5120,10240,8192,gpu,49,c_flux_ag,3,0.65574,0.64803,0.64970,0.05735,1260,1
ag,5120,10240,8192,gpu,49,A_fused,0,3.61165,3.44371,3.61165,0.07472,1260,1
ag,5120,10240,8192,gpu,50,c_cublas,0,3.28909,3.14880,3.28909,0.03910,1260,1
ag,5120,10240,8192,gpu,50,c_fluxgemm,1,3.48467,3.34131,3.48467,0.03998,1260,1
ag,5120,10240,8192,gpu,50,c_flux_ag,2,0.61088,0.60659,0.61088,0.04998,1260,1
ag,5120,10240,8192,gpu,50,A_fused,3,3.61882,3.48058,3.61882,0.06526,1260,1
ag,5120,10240,8192,gpu,51,c_cublas,0,3.28909,3.14778,3.28909,0.03980,1260,1
ag,5120,10240,8192,gpu,51,c_fluxgemm,2,3.48262,3.34029,3.48262,0.03450,1260,1
ag,5120,10240,8192,gpu,51,c_flux_ag,3,0.60707,0.59405,0.60131,0.06003,1260,1
ag,5120,10240,8192,gpu,51,A_fused,1,3.61984,3.47238,3.61984,0.07273,1260,1
ag,5120,10240,8192,gpu,52,c_cublas,1,3.25734,3.14880,3.25734,0.03819,1260,1
ag,5120,10240,8192,gpu,52,c_fluxgemm,0,3.48467,3.33824,3.48467,0.03941,1260,1
ag,5120,10240,8192,gpu,52,c_flux_ag,3,0.60963,0.60038,0.60038,0.04637,1260,1
ag,5120,10240,8192,gpu,52,A_fused,2,3.58810,3.47238,3.58195,0.07087,1260,1
ag,5120,10240,8192,gpu,53,c_cublas,2,3.25120,3.18771,3.25120,0.03845,1260,1
ag,5120,10240,8192,gpu,53,c_fluxgemm,1,3.44371,3.37818,3.44371,0.03711,1260,1
ag,5120,10240,8192,gpu,53,c_flux_ag,3,0.64330,0.63139,0.63392,0.05071,1260,1
ag,5120,10240,8192,gpu,53,A_fused,0,3.60858,3.49184,3.58195,0.07386,1260,1
ag,5120,10240,8192,gpu,54,c_cublas,0,3.28909,3.18362,3.28909,0.03985,1260,1
ag,5120,10240,8192,gpu,54,c_fluxgemm,2,3.48570,3.37818,3.48570,0.03514,1260,1
ag,5120,10240,8192,gpu,54,c_flux_ag,3,0.64797,0.63830,0.64502,0.04799,1260,1
ag,5120,10240,8192,gpu,54,A_fused,1,3.61574,3.51027,3.61574,0.07220,1260,1
ag,5120,10240,8192,gpu,55,c_cublas,3,3.28909,3.18669,3.28909,0.03839,1260,1
ag,5120,10240,8192,gpu,55,c_fluxgemm,2,3.48365,3.37613,3.48365,0.03590,1260,1
ag,5120,10240,8192,gpu,55,c_flux_ag,1,0.60608,0.59555,0.59555,0.04652,1260,1
ag,5120,10240,8192,gpu,55,A_fused,0,3.61472,3.50925,3.61472,0.07271,1260,1
ag,5120,10240,8192,gpu,56,c_cublas,2,3.28909,3.18771,3.28909,0.03795,1260,1
ag,5120,10240,8192,gpu,56,c_fluxgemm,0,3.48774,3.38022,3.48774,0.03942,1260,1
ag,5120,10240,8192,gpu,56,c_flux_ag,3,0.60461,0.59552,0.59552,0.05089,1260,1
ag,5120,10240,8192,gpu,56,A_fused,1,3.61062,3.50003,3.61062,0.06851,1260,1
ag,5120,10240,8192,gpu,57,c_cublas,2,3.29011,3.18669,3.29011,0.03791,1260,1
ag,5120,10240,8192,gpu,57,c_fluxgemm,3,3.48467,3.37101,3.48467,0.04546,1260,1
ag,5120,10240,8192,gpu,57,c_flux_ag,0,0.60813,0.59453,0.59846,0.05150,1260,1
ag,5120,10240,8192,gpu,57,A_fused,1,3.61882,3.51027,3.61882,0.06572,1260,1
ag,5120,10240,8192,gpu,58,c_cublas,3,3.28909,3.17542,3.28909,0.03805,1260,1
ag,5120,10240,8192,gpu,58,c_fluxgemm,1,3.48467,3.36486,3.48467,0.03605,1260,1
ag,5120,10240,8192,gpu,58,c_flux_ag,2,0.59555,0.58346,0.59555,0.04919,1260,1
ag,5120,10240,8192,gpu,58,A_fused,0,3.61574,3.49901,3.61574,0.07911,1260,1
ag,5120,10240,8192,gpu,59,c_cublas,0,3.28909,3.17542,3.28909,0.03697,1260,1
ag,5120,10240,8192,gpu,59,c_fluxgemm,3,3.48058,3.36179,3.48058,0.03728,1260,1
ag,5120,10240,8192,gpu,59,c_flux_ag,2,0.62698,0.61411,0.61654,0.04905,1260,1
ag,5120,10240,8192,gpu,59,A_fused,1,3.61779,3.50720,3.61779,0.07136,1260,1
ag,5120,10240,8192,gpu,60,c_cublas,1,3.28909,3.17542,3.28909,0.08376,1260,1
ag,5120,10240,8192,gpu,60,c_fluxgemm,2,3.48262,3.36589,3.48262,0.04557,1260,1
ag,5120,10240,8192,gpu,60,c_flux_ag,0,0.58323,0.57965,0.57965,0.05284,1260,1
ag,5120,10240,8192,gpu,60,A_fused,3,3.60960,3.49696,3.60960,0.07348,1260,1
ag,5120,10240,8192,gpu,61,c_cublas,1,3.28909,3.17440,3.28909,0.03782,1260,1
ag,5120,10240,8192,gpu,61,c_fluxgemm,2,3.47955,3.36282,3.47955,0.03754,1260,1
ag,5120,10240,8192,gpu,61,c_flux_ag,3,0.64710,0.63837,0.64509,0.04914,1260,1
ag,5120,10240,8192,gpu,61,A_fused,0,3.61574,3.50720,3.61574,0.07111,1260,1
ag,5120,10240,8192,gpu,62,c_cublas,0,3.32902,3.17542,3.32902,0.05346,1260,1
ag,5120,10240,8192,gpu,62,c_fluxgemm,2,3.52563,3.36179,3.52563,0.03477,1260,1
ag,5120,10240,8192,gpu,62,c_flux_ag,3,0.64566,0.63658,0.64566,0.04792,1260,1
ag,5120,10240,8192,gpu,62,A_fused,1,3.65670,3.50618,3.65670,0.07263,1260,1
ag,5120,10240,8192,gpu,63,c_cublas,0,3.32902,3.17645,3.32902,0.03943,1260,1
ag,5120,10240,8192,gpu,63,c_fluxgemm,3,3.48365,3.36384,3.48365,0.03627,1260,1
ag,5120,10240,8192,gpu,63,c_flux_ag,2,0.60419,0.59670,0.60218,0.04708,1260,1
ag,5120,10240,8192,gpu,63,A_fused,1,3.64339,3.50106,3.64339,0.08758,1260,1
ag,5120,10240,8192,gpu,64,c_cublas,0,3.29011,3.15699,3.29011,0.03995,1260,1
ag,5120,10240,8192,gpu,64,c_fluxgemm,1,3.48160,3.33107,3.48160,0.03957,1260,1
ag,5120,10240,8192,gpu,64,c_flux_ag,3,0.60336,0.59392,0.60003,0.04650,1260,1
ag,5120,10240,8192,gpu,64,A_fused,2,3.61165,3.45395,3.61165,0.06994,1260,1
ag,5120,10240,8192,gpu,65,c_cublas,2,3.30342,3.13856,3.28909,0.03792,1260,1
ag,5120,10240,8192,gpu,65,c_fluxgemm,1,3.48160,3.32595,3.48160,0.03733,1260,1
ag,5120,10240,8192,gpu,65,c_flux_ag,0,0.59952,0.58704,0.58979,0.05053,1260,1
ag,5120,10240,8192,gpu,65,A_fused,3,3.62496,3.46317,3.62189,0.06922,1260,1
ag,5120,10240,8192,gpu,66,c_cublas,1,3.30240,3.13958,3.28806,0.03765,1260,1
ag,5120,10240,8192,gpu,66,c_fluxgemm,3,3.49389,3.32595,3.48160,0.03704,1260,1
ag,5120,10240,8192,gpu,66,c_flux_ag,2,0.65197,0.63728,0.65197,0.05284,1260,1
ag,5120,10240,8192,gpu,66,A_fused,0,3.62701,3.46624,3.61677,0.07214,1260,1
ag,5120,10240,8192,gpu,67,c_cublas,2,3.30342,3.14573,3.28806,0.03727,1260,1
ag,5120,10240,8192,gpu,67,c_fluxgemm,0,3.49184,3.32288,3.48877,0.03902,1260,1
ag,5120,10240,8192,gpu,67,c_flux_ag,3,0.63437,0.62934,0.63347,0.06264,1260,1
ag,5120,10240,8192,gpu,67,A_fused,1,3.62701,3.46829,3.61267,0.06693,1260,1
ag,5120,10240,8192,gpu,68,c_cublas,1,3.28806,3.14778,3.28806,0.03893,1260,1
ag,5120,10240,8192,gpu,68,c_fluxgemm,0,3.49491,3.33824,3.48160,0.04021,1260,1
ag,5120,10240,8192,gpu,68,c_flux_ag,2,0.61875,0.60576,0.61875,0.05084,1260,1
ag,5120,10240,8192,gpu,68,A_fused,3,3.61779,3.48160,3.61779,0.06588,1260,1
ag,5120,10240,8192,gpu,69,c_cublas,1,3.28806,3.14778,3.28806,0.03824,1260,1
ag,5120,10240,8192,gpu,69,c_fluxgemm,3,3.48365,3.34234,3.48365,0.03685,1260,1
ag,5120,10240,8192,gpu,69,c_flux_ag,2,0.63062,0.61722,0.62189,0.05052,1260,1
ag,5120,10240,8192,gpu,69,A_fused,0,3.62189,3.46624,3.62189,0.07217,1260,1
ag,5120,10240,8192,gpu,70,c_cublas,0,3.28806,3.14880,3.28806,0.03878,1260,1
ag,5120,10240,8192,gpu,70,c_fluxgemm,2,3.48467,3.34029,3.48467,0.03872,1260,1
ag,5120,10240,8192,gpu,70,c_flux_ag,1,0.65104,0.63859,0.64864,0.05221,1260,1
ag,5120,10240,8192,gpu,70,A_fused,3,3.63622,3.47750,3.63622,0.06753,1260,1
ag,5120,10240,8192,gpu,71,c_cublas,1,3.28806,3.14982,3.28806,0.03787,1260,1
ag,5120,10240,8192,gpu,71,c_fluxgemm,2,3.48365,3.33926,3.48365,0.03795,1260,1
ag,5120,10240,8192,gpu,71,c_flux_ag,3,0.66819,0.65290,0.65290,0.05140,1260,1
ag,5120,10240,8192,gpu,71,A_fused,0,3.61779,3.47341,3.61779,0.07057,1260,1
ag,5120,10240,8192,gpu,72,c_cublas,3,3.28806,3.22253,3.28806,0.03844,1260,1
ag,5120,10240,8192,gpu,72,c_fluxgemm,0,3.48365,3.34950,3.48365,0.03964,1260,1
ag,5120,10240,8192,gpu,72,c_flux_ag,2,0.60717,0.59248,0.59510,0.04551,1260,1
ag,5120,10240,8192,gpu,72,A_fused,1,3.61472,3.54611,3.61472,0.06831,1260,1
ag,5120,10240,8192,gpu,73,c_cublas,3,3.29011,3.22253,3.29011,0.03803,1260,1
ag,5120,10240,8192,gpu,73,c_fluxgemm,0,3.48570,3.41504,3.48570,0.04011,1260,1
ag,5120,10240,8192,gpu,73,c_flux_ag,2,0.61661,0.60285,0.60877,0.04540,1260,1
ag,5120,10240,8192,gpu,73,A_fused,1,3.60653,3.53587,3.60653,0.07634,1260,1
ag,5120,10240,8192,gpu,74,c_cublas,2,3.28909,3.22048,3.28909,0.03731,1260,1
ag,5120,10240,8192,gpu,74,c_fluxgemm,1,3.48467,3.41197,3.48467,0.03448,1260,1
ag,5120,10240,8192,gpu,74,c_flux_ag,3,0.63584,0.63184,0.63347,0.06433,1260,1
ag,5120,10240,8192,gpu,74,A_fused,0,3.62291,3.55328,3.62291,0.07370,1260,1
ag,5120,10240,8192,gpu,75,c_cublas,2,3.28909,3.19078,3.28909,0.03827,1260,1
ag,5120,10240,8192,gpu,75,c_fluxgemm,0,3.48262,3.41402,3.48262,0.04067,1260,1
ag,5120,10240,8192,gpu,75,c_flux_ag,1,0.61014,0.59584,0.59584,0.05206,1260,1
ag,5120,10240,8192,gpu,75,A_fused,3,3.61574,3.51232,3.61574,0.07088,1260,1
ag,5120,10240,8192,gpu,76,c_cublas,2,3.26144,3.18566,3.25018,0.03859,1260,1
ag,5120,10240,8192,gpu,76,c_fluxgemm,3,3.44781,3.37920,3.44781,0.03738,1260,1
ag,5120,10240,8192,gpu,76,c_flux_ag,1,0.60867,0.59462,0.60704,0.04706,1260,1
ag,5120,10240,8192,gpu,76,A_fused,0,3.59936,3.50618,3.59936,0.08403,1260,1
ag,5120,10240,8192,gpu,77,c_cublas,2,3.25120,3.14982,3.25120,0.03972,1275,1
ag,5120,10240,8192,gpu,77,c_fluxgemm,0,3.44678,3.34131,3.44678,0.03830,1275,1
ag,5120,10240,8192,gpu,77,c_flux_ag,1,0.64701,0.63642,0.64557,0.05068,1275,1
ag,5120,10240,8192,gpu,77,A_fused,3,3.58400,3.47034,3.58400,0.09671,1275,1
ag,5120,10240,8192,gpu,78,c_cublas,2,3.25222,3.18669,3.25222,0.03844,1275,1
ag,5120,10240,8192,gpu,78,c_fluxgemm,1,3.44781,3.34029,3.44781,0.03492,1275,1
ag,5120,10240,8192,gpu,78,c_flux_ag,3,0.63594,0.63258,0.63258,0.05057,1275,1
ag,5120,10240,8192,gpu,78,A_fused,0,3.57990,3.48160,3.57990,0.07322,1275,1
ag,5120,10240,8192,gpu,79,c_cublas,3,3.22970,3.18566,3.21434,0.03885,1275,1
ag,5120,10240,8192,gpu,79,c_fluxgemm,2,3.42118,3.37818,3.40582,0.04337,1275,1
ag,5120,10240,8192,gpu,79,c_flux_ag,1,0.60371,0.58003,0.58003,0.04449,1275,1
ag,5120,10240,8192,gpu,79,A_fused,0,3.57274,3.51027,3.57274,0.07377,1275,1
ag,5120,10240,8192,gpu,80,c_cublas,3,3.22867,3.18566,3.21331,0.03793,1275,1
ag,5120,10240,8192,gpu,80,c_fluxgemm,0,3.41811,3.37613,3.41299,0.04046,1275,1
ag,5120,10240,8192,gpu,80,c_flux_ag,1,0.64810,0.63514,0.64810,0.05112,1275,1
ag,5120,10240,8192,gpu,80,A_fused,2,3.55635,3.50925,3.54202,0.06636,1275,1
ag,5120,10240,8192,gpu,81,c_cublas,1,3.22662,3.18771,3.21434,0.03885,1290,1
ag,5120,10240,8192,gpu,81,c_fluxgemm,0,3.41709,3.38022,3.41197,0.04086,1290,1
ag,5120,10240,8192,gpu,81,c_flux_ag,3,0.60864,0.59434,0.60128,0.04696,1290,1
ag,5120,10240,8192,gpu,81,A_fused,2,3.55123,3.50413,3.54099,0.09183,1290,1
ag,5120,10240,8192,gpu,82,c_cublas,2,3.22662,3.18771,3.21843,0.03980,1290,1
ag,5120,10240,8192,gpu,82,c_fluxgemm,3,3.45395,3.38125,3.45395,0.03823,1290,1
ag,5120,10240,8192,gpu,82,c_flux_ag,1,0.58646,0.57872,0.57872,0.04530,1290,1
ag,5120,10240,8192,gpu,82,A_fused,0,3.55840,3.51232,3.55021,0.07338,1290,1
ag,5120,10240,8192,gpu,83,c_cublas,2,3.25120,3.18464,3.25120,0.03832,1290,1
ag,5120,10240,8192,gpu,83,c_fluxgemm,1,3.44781,3.37715,3.44781,0.03364,1290,1
ag,5120,10240,8192,gpu,83,c_flux_ag,3,0.63990,0.63072,0.63990,0.05758,1290,1
ag,5120,10240,8192,gpu,83,A_fused,0,3.57990,3.51539,3.57990,0.07275,1290,1
ag,5120,10240,8192,gpu,84,c_cublas,3,3.28909,3.18771,3.28909,0.03735,1290,1
ag,5120,10240,8192,gpu,84,c_fluxgemm,0,3.45190,3.37818,3.45190,0.04077,1290,1
ag,5120,10240,8192,gpu,84,c_flux_ag,1,0.60749,0.59498,0.60621,0.05026,1290,1
ag,5120,10240,8192,gpu,84,A_fused,2,3.62291,3.51232,3.62291,0.06575,1290,1
ag,5120,10240,8192,gpu,85,c_cublas,0,3.29011,3.17747,3.29011,0.03814,1290,1
ag,5120,10240,8192,gpu,85,c_fluxgemm,3,3.45805,3.36691,3.45805,0.03501,1290,1
ag,5120,10240,8192,gpu,85,c_flux_ag,1,0.64819,0.63917,0.64819,0.05319,1290,1
ag,5120,10240,8192,gpu,85,A_fused,2,3.62086,3.50618,3.62086,0.07038,1290,1
ag,5120,10240,8192,gpu,86,c_cublas,0,3.25018,3.17645,3.25018,0.04014,1275,1
ag,5120,10240,8192,gpu,86,c_fluxgemm,1,3.45190,3.36384,3.45190,0.03884,1275,1
ag,5120,10240,8192,gpu,86,c_flux_ag,2,0.64141,0.63322,0.63440,0.05089,1275,1
ag,5120,10240,8192,gpu,86,A_fused,3,3.58400,3.50003,3.58400,0.06583,1275,1
ag,5120,10240,8192,gpu,87,c_cublas,1,3.25120,3.17542,3.25120,0.03855,1275,1
ag,5120,10240,8192,gpu,87,c_fluxgemm,3,3.45088,3.36384,3.45088,0.03736,1275,1
ag,5120,10240,8192,gpu,87,c_flux_ag,2,0.67904,0.67002,0.67002,0.05087,1275,1
ag,5120,10240,8192,gpu,87,A_fused,0,3.58093,3.51232,3.58093,0.07351,1275,1
ag,5120,10240,8192,gpu,88,c_cublas,2,3.25120,3.17542,3.25120,0.05120,1275,1
ag,5120,10240,8192,gpu,88,c_fluxgemm,3,3.44576,3.36589,3.44576,0.04044,1275,1
ag,5120,10240,8192,gpu,88,c_flux_ag,1,0.58464,0.57795,0.58000,0.04658,1275,1
ag,5120,10240,8192,gpu,88,A_fused,0,3.58298,3.51130,3.58298,0.07596,1275,1
ag,5120,10240,8192,gpu,89,c_cublas,2,3.25018,3.17645,3.25018,0.03947,1275,1
ag,5120,10240,8192,gpu,89,c_fluxgemm,0,3.44474,3.36794,3.44474,0.03844,1275,1
ag,5120,10240,8192,gpu,89,c_flux_ag,1,0.64582,0.63558,0.64582,0.05058,1275,1
ag,5120,10240,8192,gpu,89,A_fused,3,3.58298,3.48877,3.58298,0.07128,1275,1
ag,5120,10240,8192,gpu,90,c_cublas,0,3.25120,3.14880,3.25120,0.03883,1275,1
ag,5120,10240,8192,gpu,90,c_fluxgemm,3,3.44781,3.34029,3.44781,0.03483,1275,1
ag,5120,10240,8192,gpu,90,c_flux_ag,1,0.65315,0.64240,0.65248,0.06006,1275,1
ag,5120,10240,8192,gpu,90,A_fused,2,3.57683,3.47136,3.57683,0.06888,1275,1
ag,5120,10240,8192,gpu,91,c_cublas,0,3.25120,3.14778,3.25120,0.03959,1275,1
ag,5120,10240,8192,gpu,91,c_fluxgemm,2,3.44576,3.37203,3.44576,0.03656,1275,1
ag,5120,10240,8192,gpu,91,c_flux_ag,1,0.65178,0.63411,0.65178,0.05251,1275,1
ag,5120,10240,8192,gpu,91,A_fused,3,3.57786,3.51334,3.57786,0.06617,1275,1
ag,5120,10240,8192,gpu,92,c_cublas,0,3.25427,3.17542,3.25427,0.04317,1275,1
ag,5120,10240,8192,gpu,92,c_fluxgemm,3,3.48672,3.36691,3.48672,0.03534,1275,1
ag,5120,10240,8192,gpu,92,c_flux_ag,2,0.62614,0.60784,0.60784,0.04588,1275,1
ag,5120,10240,8192,gpu,92,A_fused,1,3.61779,3.49901,3.61779,0.07306,1275,1
ag,5120,10240,8192,gpu,93,c_cublas,3,3.29011,3.17747,3.29011,0.04483,1275,1
ag,5120,10240,8192,gpu,93,c_fluxgemm,2,3.48467,3.36896,3.48467,0.03420,1275,1
ag,5120,10240,8192,gpu,93,c_flux_ag,0,0.58538,0.57974,0.58266,0.05349,1275,1
ag,5120,10240,8192,gpu,93,A_fused,1,3.61370,3.50822,3.61370,0.06660,1275,1
ag,5120,10240,8192,gpu,94,c_cublas,0,3.28806,3.17542,3.28806,0.03798,1275,1
ag,5120,10240,8192,gpu,94,c_fluxgemm,3,3.48365,3.32902,3.48365,0.03425,1275,1
ag,5120,10240,8192,gpu,94,c_flux_ag,1,0.64010,0.63427,0.63917,0.05301,1275,1
ag,5120,10240,8192,gpu,94,A_fused,2,3.61779,3.50822,3.61779,0.06480,1275,1
ag,5120,10240,8192,gpu,95,c_cublas,1,3.29011,3.13958,3.29011,0.06126,1260,1
ag,5120,10240,8192,gpu,95,c_fluxgemm,0,3.48570,3.32493,3.48570,0.07654,1260,1
ag,5120,10240,8192,gpu,95,c_flux_ag,2,0.63728,0.63235,0.63235,0.08592,1260,1
ag,5120,10240,8192,gpu,95,A_fused,3,3.61472,3.46829,3.61472,0.07424,1260,1
ag,5120,10240,8192,gpu,96,c_cublas,0,3.28909,3.13856,3.28909,0.03875,1260,1
ag,5120,10240,8192,gpu,96,c_fluxgemm,3,3.48365,3.32902,3.48365,0.03548,1260,1
ag,5120,10240,8192,gpu,96,c_flux_ag,2,0.64365,0.63798,0.64058,0.04780,1260,1
ag,5120,10240,8192,gpu,96,A_fused,1,3.61882,3.46931,3.61882,0.07216,1260,1
ag,5120,10240,8192,gpu,97,c_cublas,3,3.30752,3.13958,3.30752,0.04509,1260,1
ag,5120,10240,8192,gpu,97,c_fluxgemm,1,3.48058,3.33005,3.48058,0.03731,1260,1
ag,5120,10240,8192,gpu,97,c_flux_ag,0,0.60326,0.58403,0.58778,0.05224,1260,1
ag,5120,10240,8192,gpu,97,A_fused,2,3.63520,3.46829,3.63520,0.06579,1260,1
ag,5120,10240,8192,gpu,98,c_cublas,2,3.29626,3.14061,3.29626,0.03822,1260,1
ag,5120,10240,8192,gpu,98,c_fluxgemm,0,3.50003,3.32800,3.50003,0.03998,1260,1
ag,5120,10240,8192,gpu,98,c_flux_ag,1,0.65171,0.63491,0.65171,0.04979,1260,1
ag,5120,10240,8192,gpu,98,A_fused,3,3.60141,3.46112,3.60141,0.06881,1260,1
ag,5120,10240,8192,gpu,99,c_cublas,1,3.27168,3.14061,3.27168,0.03844,1275,1
ag,5120,10240,8192,gpu,99,c_fluxgemm,2,3.46829,3.34131,3.46829,0.03814,1275,1
ag,5120,10240,8192,gpu,99,c_flux_ag,3,0.64096,0.63626,0.63997,0.05032,1275,1
ag,5120,10240,8192,gpu,99,A_fused,0,3.60243,3.46522,3.60243,0.07091,1275,1
ag,5120,10240,8192,gpu,100,c_cublas,2,3.35053,3.14778,3.35053,0.03990,1275,1
ag,5120,10240,8192,gpu,100,c_fluxgemm,1,3.52154,3.33824,3.52154,0.03924,1275,1
ag,5120,10240,8192,gpu,100,c_flux_ag,0,0.61274,0.60470,0.61274,0.05519,1275,1
ag,5120,10240,8192,gpu,100,A_fused,3,3.68640,3.47648,3.68640,0.08358,1275,1
ag,5120,10240,8192,gpu,101,c_cublas,3,3.35053,3.15085,3.35053,0.03855,1275,1
ag,5120,10240,8192,gpu,101,c_fluxgemm,0,3.55328,3.33926,3.55328,0.04039,1275,1
ag,5120,10240,8192,gpu,101,c_flux_ag,2,0.60576,0.59542,0.59542,0.04629,1275,1
ag,5120,10240,8192,gpu,101,A_fused,1,3.67514,3.47648,3.67514,0.06782,1275,1
ag,5120,10240,8192,gpu,102,c_cublas,3,3.35053,3.17542,3.35053,0.03922,1275,1
ag,5120,10240,8192,gpu,102,c_fluxgemm,1,3.55123,3.34643,3.55123,0.03535,1275,1
ag,5120,10240,8192,gpu,102,c_flux_ag,2,0.63750,0.63363,0.63430,0.04857,1275,1
ag,5120,10240,8192,gpu,102,A_fused,0,3.68845,3.48262,3.68845,0.07447,1275,1
ag,5120,10240,8192,gpu,103,c_cublas,3,3.30650,3.17645,3.30650,0.04024,1275,1
ag,5120,10240,8192,gpu,103,c_fluxgemm,2,3.49696,3.36589,3.49696,0.03684,1275,1
ag,5120,10240,8192,gpu,103,c_flux_ag,1,0.60883,0.59322,0.60883,0.04671,1275,1
ag,5120,10240,8192,gpu,103,A_fused,0,3.68640,3.50413,3.68640,0.07560,1275,1
ag,5120,10240,8192,gpu,104,c_cublas,3,3.30547,3.14778,3.30547,0.03831,1260,1
ag,5120,10240,8192,gpu,104,c_fluxgemm,1,3.50310,3.34234,3.50310,0.03605,1260,1
ag,5120,10240,8192,gpu,104,c_flux_ag,2,0.63213,0.60198,0.62365,0.04886,1260,1
ag,5120,10240,8192,gpu,104,A_fused,0,3.64954,3.48774,3.64954,0.07433,1260,1
ag,5120,10240,8192,gpu,105,c_cublas,0,3.35155,3.14778,3.35155,0.03857,1260,1
ag,5120,10240,8192,gpu,105,c_fluxgemm,3,3.52358,3.34234,3.52358,0.03705,1260,1
ag,5120,10240,8192,gpu,105,c_flux_ag,2,0.61133,0.60307,0.60307,0.06719,1260,1
ag,5120,10240,8192,gpu,105,A_fused,1,3.65978,3.47546,3.65978,0.07439,1260,1
ag,5120,10240,8192,gpu,106,c_cublas,2,3.27475,3.14880,3.27475,0.03871,1260,1
ag,5120,10240,8192,gpu,106,c_fluxgemm,3,3.44678,3.34029,3.44678,0.03798,1260,1
ag,5120,10240,8192,gpu,106,c_flux_ag,0,0.58742,0.58134,0.58349,0.05076,1260,1
ag,5120,10240,8192,gpu,106,A_fused,1,3.66080,3.47648,3.66080,0.06819,1260,1
ag,5120,10240,8192,gpu,107,c_cublas,3,3.25120,3.17542,3.25120,0.03874,1260,1
ag,5120,10240,8192,gpu,107,c_fluxgemm,2,3.44371,3.36486,3.44371,0.03498,1260,1
ag,5120,10240,8192,gpu,107,c_flux_ag,1,0.61142,0.59875,0.59875,0.04511,1260,1
ag,5120,10240,8192,gpu,107,A_fused,0,3.57683,3.47955,3.57683,0.07392,1260,1
ag,5120,10240,8192,gpu,108,c_cublas,3,3.25120,3.18054,3.25120,0.03859,1275,1
ag,5120,10240,8192,gpu,108,c_fluxgemm,1,3.44781,3.36589,3.44781,0.04350,1275,1
ag,5120,10240,8192,gpu,108,c_flux_ag,2,0.60797,0.59261,0.59430,0.05032,1275,1
ag,5120,10240,8192,gpu,108,A_fused,0,3.58195,3.50208,3.58195,0.07334,1275,1
ag,5120,10240,8192,gpu,109,c_cublas,3,3.33005,3.21331,3.33005,0.04985,1275,1
ag,5120,10240,8192,gpu,109,c_fluxgemm,2,3.44474,3.40582,3.44474,0.03613,1275,1
ag,5120,10240,8192,gpu,109,c_flux_ag,1,0.60771,0.59856,0.59914,0.04477,1275,1
ag,5120,10240,8192,gpu,109,A_fused,0,3.57786,3.53690,3.57786,0.07650,1275,1
ag,5120,10240,8192,gpu,110,c_cublas,3,3.33005,3.22662,3.33005,0.04050,1275,1
ag,5120,10240,8192,gpu,110,c_fluxgemm,1,3.52461,3.41606,3.52461,0.03682,1275,1
ag,5120,10240,8192,gpu,110,c_flux_ag,2,0.59741,0.58842,0.59738,0.04830,1275,1
ag,5120,10240,8192,gpu,110,A_fused,0,3.66080,3.54406,3.66080,0.08392,1275,1
ag,5120,10240,8192,gpu,111,c_cublas,2,3.32902,3.22560,3.32902,0.04471,1275,1
ag,5120,10240,8192,gpu,111,c_fluxgemm,3,3.52256,3.41811,3.52256,0.03934,1275,1
ag,5120,10240,8192,gpu,111,c_flux_ag,1,0.60643,0.59613,0.59613,0.04725,1275,1
ag,5120,10240,8192,gpu,111,A_fused,0,3.65363,3.54918,3.65363,0.07431,1275,1
ag,5120,10240,8192,gpu,112,c_cublas,2,3.32902,3.21229,3.32902,0.03893,1275,1
ag,5120,10240,8192,gpu,112,c_fluxgemm,1,3.52358,3.40378,3.52358,0.03745,1275,1
ag,5120,10240,8192,gpu,112,c_flux_ag,0,0.66947,0.63504,0.63504,0.05314,1275,1
ag,5120,10240,8192,gpu,112,A_fused,3,3.65466,3.54304,3.65466,0.08919,1275,1
ag,5120,10240,8192,gpu,113,c_cublas,3,3.32800,3.21331,3.32800,0.03952,1245,1
ag,5120,10240,8192,gpu,113,c_fluxgemm,1,3.52358,3.40173,3.52358,0.03430,1245,1
ag,5120,10240,8192,gpu,113,c_flux_ag,2,0.59718,0.59178,0.59466,0.04742,1245,1
ag,5120,10240,8192,gpu,113,A_fused,0,3.65466,3.53485,3.65466,0.07289,1245,1
ag,5120,10240,8192,gpu,114,c_cublas,2,3.28806,3.21229,3.28806,0.04240,1245,1
ag,5120,10240,8192,gpu,114,c_fluxgemm,0,3.52563,3.40582,3.52563,0.04156,1245,1
ag,5120,10240,8192,gpu,114,c_flux_ag,3,0.60429,0.59696,0.59843,0.05120,1245,1
ag,5120,10240,8192,gpu,114,A_fused,1,3.61165,3.53280,3.61165,0.06867,1245,1
ag,5120,10240,8192,gpu,115,c_cublas,1,3.28909,3.21638,3.28806,0.03870,1245,1
ag,5120,10240,8192,gpu,115,c_fluxgemm,3,3.48262,3.41094,3.47853,0.03851,1245,1
ag,5120,10240,8192,gpu,115,c_flux_ag,2,0.63696,0.63008,0.63008,0.05071,1245,1
ag,5120,10240,8192,gpu,115,A_fused,0,3.61779,3.53894,3.61779,0.07960,1245,1
ag,5120,10240,8192,gpu,116,c_cublas,2,3.29114,3.18874,3.25018,0.04607,1245,1
ag,5120,10240,8192,gpu,116,c_fluxgemm,1,3.47853,3.37920,3.44474,0.03435,1245,1
ag,5120,10240,8192,gpu,116,c_flux_ag,3,0.64064,0.63325,0.64064,0.05176,1245,1
ag,5120,10240,8192,gpu,116,A_fused,0,3.61574,3.53178,3.57683,0.07529,1245,1
ag,5120,10240,8192,gpu,117,c_cublas,3,3.29114,3.18976,3.25120,0.04012,1260,1
ag,5120,10240,8192,gpu,117,c_fluxgemm,1,3.47955,3.38125,3.44781,0.03606,1260,1
ag,5120,10240,8192,gpu,117,c_flux_ag,2,0.60086,0.59293,0.60086,0.04876,1260,1
ag,5120,10240,8192,gpu,117,A_fused,0,3.61574,3.52154,3.56864,0.07417,1260,1
ag,5120,10240,8192,gpu,118,c_cublas,0,3.28909,3.18874,3.24915,0.03938,1260,1
ag,5120,10240,8192,gpu,118,c_fluxgemm,3,3.43962,3.37818,3.43962,0.03600,1260,1
ag,5120,10240,8192,gpu,118,c_flux_ag,2,0.64000,0.61942,0.64000,0.04423,1260,1
ag,5120,10240,8192,gpu,118,A_fused,1,3.58810,3.50925,3.57376,0.07150,1260,1
ag,5120,10240,8192,gpu,119,c_cublas,1,3.25018,3.18874,3.25018,0.03884,1260,1
ag,5120,10240,8192,gpu,119,c_fluxgemm,2,3.44064,3.37715,3.44064,0.03924,1260,1
ag,5120,10240,8192,gpu,119,c_flux_ag,0,0.58611,0.58173,0.58560,0.05156,1260,1
ag,5120,10240,8192,gpu,119,A_fused,3,3.56864,3.52461,3.56864,0.07229,1260,1
ag,5120,10240,8192,gpu,120,c_cublas,2,3.26042,3.19181,3.26042,0.03846,1260,1
ag,5120,10240,8192,gpu,120,c_fluxgemm,1,3.44371,3.37715,3.44371,0.03411,1260,1
ag,5120,10240,8192,gpu,120,c_flux_ag,3,0.64605,0.64458,0.64486,0.05098,1260,1
ag,5120,10240,8192,gpu,120,A_fused,0,3.56864,3.53997,3.56864,0.07228,1260,1
ag,5120,10240,8192,gpu,121,c_cublas,3,3.30650,3.17542,3.30650,0.03817,1275,1
ag,5120,10240,8192,gpu,121,c_fluxgemm,2,3.50208,3.38227,3.50208,0.03659,1275,1
ag,5120,10240,8192,gpu,121,c_flux_ag,0,0.61626,0.60394,0.60678,0.05039,1275,1
ag,5120,10240,8192,gpu,121,A_fused,1,3.62496,3.53690,3.62394,0.06700,1275,1
ag,5120,10240,8192,gpu,122,c_cublas,3,3.30650,3.17338,3.30650,0.03750,1260,1
ag,5120,10240,8192,gpu,122,c_fluxgemm,0,3.50618,3.36384,3.50618,0.03985,1260,1
ag,5120,10240,8192,gpu,122,c_flux_ag,1,0.66701,0.64285,0.66701,0.05088,1260,1
ag,5120,10240,8192,gpu,122,A_fused,2,3.63520,3.49491,3.63520,0.06669,1260,1
ag,5120,10240,8192,gpu,123,c_cublas,1,3.30547,3.17440,3.30547,0.03732,1260,1
ag,5120,10240,8192,gpu,123,c_fluxgemm,2,3.49901,3.36486,3.49901,0.03822,1260,1
ag,5120,10240,8192,gpu,123,c_flux_ag,3,0.64371,0.63629,0.64371,0.04969,1260,1
ag,5120,10240,8192,gpu,123,A_fused,0,3.63315,3.50720,3.63315,0.07317,1260,1
ag,5120,10240,8192,gpu,124,c_cublas,1,3.30650,3.17542,3.30650,0.03876,1260,1
ag,5120,10240,8192,gpu,124,c_fluxgemm,0,3.50003,3.35872,3.50003,0.04902,1260,1
ag,5120,10240,8192,gpu,124,c_flux_ag,2,0.60918,0.60547,0.60918,0.05386,1260,1
ag,5120,10240,8192,gpu,124,A_fused,3,3.63418,3.51232,3.63418,0.07240,1260,1
ag,5120,10240,8192,gpu,125,c_cublas,1,3.30650,3.18669,3.30650,0.03863,1260,1
ag,5120,10240,8192,gpu,125,c_fluxgemm,0,3.50413,3.37715,3.50413,0.04028,1260,1
ag,5120,10240,8192,gpu,125,c_flux_ag,3,0.60890,0.59654,0.60243,0.04855,1260,1
ag,5120,10240,8192,gpu,125,A_fused,2,3.64237,3.51334,3.64237,0.07727,1260,1
ag,5120,10240,8192,gpu,126,c_cublas,3,3.30650,3.14778,3.30650,0.03970,1260,1
ag,5120,10240,8192,gpu,126,c_fluxgemm,2,3.50208,3.34131,3.50208,0.03659,1260,1
ag,5120,10240,8192,gpu,126,c_flux_ag,1,0.59306,0.58512,0.58602,0.04498,1260,1
ag,5120,10240,8192,gpu,126,A_fused,0,3.63930,3.50822,3.63930,0.07371,1260,1
ag,5120,10240,8192,gpu,127,c_cublas,2,3.30650,3.14778,3.30650,0.03787,1260,1
ag,5120,10240,8192,gpu,127,c_fluxgemm,1,3.50003,3.34234,3.50003,0.03701,1260,1
ag,5120,10240,8192,gpu,127,c_flux_ag,0,0.64867,0.63869,0.64867,0.05392,1260,1
ag,5120,10240,8192,gpu,127,A_fused,3,3.63725,3.47750,3.63725,0.07614,1260,1
ag,5120,10240,8192,gpu,128,c_cublas,3,3.30547,3.14675,3.30547,0.03875,1260,1
ag,5120,10240,8192,gpu,128,c_fluxgemm,0,3.50003,3.34029,3.50003,0.03993,1260,1
ag,5120,10240,8192,gpu,128,c_flux_ag,2,0.61738,0.60842,0.61686,0.04556,1260,1
ag,5120,10240,8192,gpu,128,A_fused,1,3.63213,3.47443,3.63213,0.06992,1260,1
ag,5120,10240,8192,gpu,129,c_cublas,1,3.32800,3.14778,3.29523,0.03812,1260,1
ag,5120,10240,8192,gpu,129,c_fluxgemm,2,3.52051,3.33824,3.48467,0.04161,1260,1
ag,5120,10240,8192,gpu,129,c_flux_ag,0,0.60442,0.59075,0.60442,0.05190,1260,1
ag,5120,10240,8192,gpu,129,A_fused,3,3.66694,3.47034,3.61779,0.08033,1260,1
ag,5120,10240,8192,gpu,130,c_cublas,3,3.30240,3.14982,3.25222,0.03991,1260,1
ag,5120,10240,8192,gpu,130,c_fluxgemm,2,3.53178,3.33926,3.44576,0.03475,1260,1
ag,5120,10240,8192,gpu,130,c_flux_ag,0,0.60954,0.60237,0.60954,0.05258,1260,1
ag,5120,10240,8192,gpu,130,A_fused,1,3.67104,3.46829,3.59936,0.06769,1260,1
ag,5120,10240,8192,gpu,131,c_cublas,3,3.30342,3.18464,3.25018,0.03787,1275,1
ag,5120,10240,8192,gpu,131,c_fluxgemm,1,3.49286,3.36589,3.44986,0.03768,1275,1
ag,5120,10240,8192,gpu,131,c_flux_ag,0,0.64045,0.63408,0.63997,0.05271,1275,1
ag,5120,10240,8192,gpu,131,A_fused,2,3.63418,3.51334,3.59014,0.06594,1275,1
ag,5120,10240,8192,gpu,132,c_cublas,1,3.26144,3.18464,3.25120,0.03791,1275,1
ag,5120,10240,8192,gpu,132,c_fluxgemm,0,3.45498,3.38022,3.44883,0.05360,1275,1
ag,5120,10240,8192,gpu,132,c_flux_ag,2,0.64378,0.63693,0.63763,0.05238,1275,1
ag,5120,10240,8192,gpu,132,A_fused,3,3.59117,3.51334,3.58605,0.06615,1275,1
ag,5120,10240,8192,gpu,133,c_cublas,3,3.30445,3.18566,3.25222,0.05635,1275,1
ag,5120,10240,8192,gpu,133,c_fluxgemm,2,3.45395,3.37818,3.44781,0.03718,1275,1
ag,5120,10240,8192,gpu,133,c_flux_ag,1,0.59850,0.58045,0.58045,0.04637,1275,1
ag,5120,10240,8192,gpu,133,A_fused,0,3.59731,3.51437,3.57990,0.10494,1275,1
ag,5120,10240,8192,gpu,134,c_cublas,3,3.30342,3.18566,3.25120,0.03814,1275,1
ag,5120,10240,8192,gpu,134,c_fluxgemm,2,3.49286,3.37920,3.44474,0.03532,1275,1
ag,5120,10240,8192,gpu,134,c_flux_ag,0,0.65568,0.64058,0.65037,0.05253,1275,1
ag,5120,10240,8192,gpu,134,A_fused,1,3.62803,3.51539,3.58400,0.06639,1275,1
ag,5120,10240,8192,gpu,135,c_cublas,3,3.30342,3.18566,3.28806,0.03725,1260,1
ag,5120,10240,8192,gpu,135,c_fluxgemm,0,3.49082,3.38022,3.48160,0.04052,1260,1
ag,5120,10240,8192,gpu,135,c_flux_ag,1,0.64675,0.63798,0.64064,0.05293,1260,1
ag,5120,10240,8192,gpu,135,A_fused,2,3.63008,3.51437,3.62189,0.06533,1260,1
ag,5120,10240,8192,gpu,136,c_cublas,2,3.30342,3.18464,3.29830,0.03979,1260,1
ag,5120,10240,8192,gpu,136,c_fluxgemm,0,3.49286,3.37818,3.48467,0.03974,1260,1
ag,5120,10240,8192,gpu,136,c_flux_ag,1,0.64605,0.64086,0.64605,0.15917,1260,1
ag,5120,10240,8192,gpu,136,A_fused,3,3.65466,3.52870,3.65466,0.07171,1260,1
ag,5120,10240,8192,gpu,137,c_cublas,2,3.35053,3.18669,3.35053,0.03842,1260,1
ag,5120,10240,8192,gpu,137,c_fluxgemm,3,3.55226,3.37920,3.55226,0.03795,1260,1
ag,5120,10240,8192,gpu,137,c_flux_ag,1,0.63830,0.63542,0.63795,0.04585,1260,1
ag,5120,10240,8192,gpu,137,A_fused,0,3.68230,3.50822,3.68230,0.07079,1260,1
ag,5120,10240,8192,gpu,138,c_cublas,1,3.30650,3.18464,3.30650,0.03758,1260,1
ag,5120,10240,8192,gpu,138,c_fluxgemm,2,3.50208,3.37715,3.50208,0.03699,1260,1
ag,5120,10240,8192,gpu,138,c_flux_ag,3,0.64528,0.63526,0.64528,0.05044,1260,1
ag,5120,10240,8192,gpu,138,A_fused,0,3.65875,3.51334,3.65875,0.07275,1260,1
ag,5120,10240,8192,gpu,139,c_cublas,0,3.30650,3.21126,3.30650,0.04003,1260,1
ag,5120,10240,8192,gpu,139,c_fluxgemm,2,3.48467,3.39968,3.48467,0.03568,1260,1
ag,5120,10240,8192,gpu,139,c_flux_ag,3,0.65645,0.63632,0.65645,0.04954,1260,1
ag,5120,10240,8192,gpu,139,A_fused,1,3.63725,3.54202,3.63725,0.07321,1260,1
ag,5120,10240,8192,gpu,140,c_cublas,2,3.27270,3.21536,3.27270,0.03849,1275,1
ag,5120,10240,8192,gpu,140,c_fluxgemm,1,3.46829,3.39968,3.46829,0.03511,1275,1
ag,5120,10240,8192,gpu,140,c_flux_ag,3,0.64394,0.63757,0.64387,0.05106,1275,1
ag,5120,10240,8192,gpu,140,A_fused,0,3.60448,3.54099,3.60448,0.07523,1275,1
ag,5120,10240,8192,gpu,141,c_cublas,3,3.26042,3.21434,3.23174,0.03907,1275,1
ag,5120,10240,8192,gpu,141,c_fluxgemm,0,3.46829,3.39763,3.46829,0.04080,1275,1
ag,5120,10240,8192,gpu,141,c_flux_ag,2,0.62870,0.61603,0.62752,0.04782,1275,1
ag,5120,10240,8192,gpu,141,A_fused,1,3.59322,3.54304,3.56454,0.06840,1275,1
ag,5120,10240,8192,gpu,142,c_cublas,0,3.25939,3.21331,3.23072,0.03804,1275,1
ag,5120,10240,8192,gpu,142,c_fluxgemm,1,3.45088,3.38330,3.42938,0.03964,1275,1
ag,5120,10240,8192,gpu,142,c_flux_ag,2,0.65517,0.63997,0.64275,0.04995,1275,1
ag,5120,10240,8192,gpu,142,A_fused,3,3.58298,3.51539,3.56250,0.06402,1275,1
ag,5120,10240,8192,gpu,143,c_cublas,2,3.23174,3.18464,3.23174,0.03903,1275,1
ag,5120,10240,8192,gpu,143,c_fluxgemm,3,3.43040,3.37920,3.43040,0.03858,1275,1
ag,5120,10240,8192,gpu,143,c_flux_ag,0,0.58886,0.58266,0.58512,0.05296,1275,1
ag,5120,10240,8192,gpu,143,A_fused,1,3.57478,3.52154,3.56864,0.06988,1275,1
ag,5120,10240,8192,gpu,144,c_cublas,2,3.23174,3.18464,3.23174,0.03828,1275,1
ag,5120,10240,8192,gpu,144,c_fluxgemm,1,3.43245,3.38022,3.43245,0.03685,1275,1
ag,5120,10240,8192,gpu,144,c_flux_ag,0,0.63328,0.63085,0.63328,0.05194,1275,1
ag,5120,10240,8192,gpu,144,A_fused,3,3.56454,3.51232,3.56454,0.07073,1275,1
ag,5120,10240,8192,gpu,145,c_cublas,3,3.22765,3.21434,3.21434,0.03892,1275,1
ag,5120,10240,8192,gpu,145,c_fluxgemm,1,3.42221,3.38432,3.41197,0.04016,1275,1
ag,5120,10240,8192,gpu,145,c_flux_ag,2,0.60803,0.60365,0.60662,0.04997,1275,1
ag,5120,10240,8192,gpu,145,A_fused,0,3.55430,3.50106,3.54816,0.07227,1275,1
ag,5120,10240,8192,gpu,146,c_cublas,2,3.25018,3.21229,3.25018,0.08859,1290,1
ag,5120,10240,8192,gpu,146,c_fluxgemm,3,3.44678,3.40173,3.44678,0.03719,1290,1
ag,5120,10240,8192,gpu,146,c_flux_ag,1,0.60653,0.59706,0.59706,0.04566,1290,1
ag,5120,10240,8192,gpu,146,A_fused,0,3.56250,3.53485,3.56250,0.07309,1290,1
ag,5120,10240,8192,gpu,147,c_cublas,0,3.25018,3.21229,3.25018,0.03843,1290,1
ag,5120,10240,8192,gpu,147,c_fluxgemm,1,3.44474,3.40275,3.44474,0.04992,1290,1
ag,5120,10240,8192,gpu,147,c_flux_ag,3,0.61661,0.59587,0.60550,0.04788,1290,1
ag,5120,10240,8192,gpu,147,A_fused,2,3.58707,3.53690,3.58707,0.06856,1290,1
ag,5120,10240,8192,gpu,148,c_cublas,0,3.28806,3.21229,3.28806,0.03973,1260,1
ag,5120,10240,8192,gpu,148,c_fluxgemm,3,3.48262,3.38637,3.48262,0.03428,1260,1
ag,5120,10240,8192,gpu,148,c_flux_ag,1,0.59530,0.58461,0.58614,0.05218,1260,1
ag,5120,10240,8192,gpu,148,A_fused,2,3.61267,3.54611,3.61267,0.06668,1260,1
ag,5120,10240,8192,gpu,149,c_cublas,1,3.29011,3.18669,3.29011,0.03992,1260,1
ag,5120,10240,8192,gpu,149,c_fluxgemm,0,3.48570,3.38227,3.48570,0.04256,1260,1
ag,5120,10240,8192,gpu,149,c_flux_ag,2,0.65450,0.64522,0.64819,0.05433,1260,1
ag,5120,10240,8192,gpu,149,A_fused,3,3.61370,3.51334,3.61370,0.06790,1260,1
ag,5120,10240,8192,gpu,150,c_cublas,0,3.29011,3.18669,3.29011,0.03976,1260,1
ag,5120,10240,8192,gpu,150,c_fluxgemm,1,3.48979,3.36896,3.48979,0.03923,1260,1
ag,5120,10240,8192,gpu,150,c_flux_ag,2,0.64730,0.63766,0.63818,0.05202,1260,1
ag,5120,10240,8192,gpu,150,A_fused,3,3.61472,3.50310,3.61472,0.06628,1260,1
ag,5120,10240,8192,gpu,151,c_cublas,1,3.28909,3.17542,3.28909,0.03912,1260,1
ag,5120,10240,8192,gpu,151,c_fluxgemm,2,3.48262,3.35974,3.48262,0.03860,1260,1
ag,5120,10240,8192,gpu,151,c_flux_ag,0,0.58611,0.58080,0.58611,0.05266,1260,1
ag,5120,10240,8192,gpu,151,A_fused,3,3.60858,3.49901,3.60858,0.06763,1260,1
ag,5120,10240,8192,gpu,152,c_cublas,2,3.28909,3.14675,3.28909,0.07865,1260,1
ag,5120,10240,8192,gpu,152,c_fluxgemm,0,3.48262,3.34131,3.48262,0.04948,1260,1
ag,5120,10240,8192,gpu,152,c_flux_ag,1,0.60672,0.59670,0.60365,0.05087,1260,1
ag,5120,10240,8192,gpu,152,A_fused,3,3.61062,3.46112,3.61062,0.06994,1260,1
ag,5120,10240,8192,gpu,153,c_cublas,3,3.29011,3.14982,3.29011,0.03780,1260,1
ag,5120,10240,8192,gpu,153,c_fluxgemm,1,3.48262,3.34234,3.48262,0.05045,1260,1
ag,5120,10240,8192,gpu,153,c_flux_ag,0,0.61088,0.58746,0.61088,0.05197,1260,1
ag,5120,10240,8192,gpu,153,A_fused,2,3.61165,3.47443,3.61165,0.06965,1260,1
ag,5120,10240,8192,gpu,154,c_cublas,0,3.29011,3.14675,3.29011,0.03799,1260,1
ag,5120,10240,8192,gpu,154,c_fluxgemm,2,3.48467,3.33926,3.48467,0.03680,1260,1
ag,5120,10240,8192,gpu,154,c_flux_ag,1,0.64688,0.63955,0.64688,0.05211,1260,1
ag,5120,10240,8192,gpu,154,A_fused,3,3.61165,3.47341,3.61165,0.08778,1260,1
ag,5120,10240,8192,gpu,155,c_cublas,0,3.29011,3.14778,3.29011,0.03893,1260,1
ag,5120,10240,8192,gpu,155,c_fluxgemm,3,3.45498,3.33005,3.45498,0.03533,1260,1
ag,5120,10240,8192,gpu,155,c_flux_ag,1,0.64707,0.64246,0.64499,0.05288,1260,1
ag,5120,10240,8192,gpu,155,A_fused,2,3.61882,3.47750,3.61882,0.06658,1260,1
ag,5120,10240,8192,gpu,156,c_cublas,3,3.26144,3.17542,3.25018,0.03873,1260,1
ag,5120,10240,8192,gpu,156,c_fluxgemm,0,3.45395,3.32390,3.44474,0.03978,1260,1
ag,5120,10240,8192,gpu,156,c_flux_ag,2,0.61152,0.60518,0.60886,0.04604,1260,1
ag,5120,10240,8192,gpu,156,A_fused,1,3.60243,3.46317,3.57376,0.07736,1260,1
ag,5120,10240,8192,gpu,157,c_cublas,1,3.26144,3.17747,3.25120,0.03826,1275,1
ag,5120,10240,8192,gpu,157,c_fluxgemm,0,3.45293,3.36691,3.44781,0.04297,1275,1
ag,5120,10240,8192,gpu,157,c_flux_ag,2,0.64621,0.63504,0.63504,0.05231,1275,1
ag,5120,10240,8192,gpu,157,A_fused,3,3.60038,3.50413,3.58502,0.08483,1275,1
ag,5120,10240,8192,gpu,158,c_cublas,0,3.26246,3.17542,3.25120,0.03915,1275,1
ag,5120,10240,8192,gpu,158,c_fluxgemm,1,3.45190,3.36794,3.44986,0.03861,1275,1
ag,5120,10240,8192,gpu,158,c_flux_ag,3,0.61958,0.59440,0.60678,0.04652,1275,1
ag,5120,10240,8192,gpu,158,A_fused,2,3.58810,3.50003,3.58400,0.06790,1275,1
ag,5120,10240,8192,gpu,159,c_cublas,3,3.30138,3.17645,3.25120,0.03830,1275,1
ag,5120,10240,8192,gpu,159,c_fluxgemm,2,3.49184,3.36691,3.44576,0.03765,1275,1
ag,5120,10240,8192,gpu,159,c_flux_ag,0,0.61392,0.58963,0.59856,0.05216,1275,1
ag,5120,10240,8192,gpu,159,A_fused,1,3.62086,3.50310,3.57990,0.07575,1275,1
ag,5120,10240,8192,gpu,160,c_cublas,2,3.30342,3.17542,3.25120,0.03773,1275,1
ag,5120,10240,8192,gpu,160,c_fluxgemm,3,3.46214,3.36794,3.44576,0.03771,1275,1
ag,5120,10240,8192,gpu,160,c_flux_ag,0,0.64778,0.64125,0.64778,0.05230,1275,1
ag,5120,10240,8192,gpu,160,A_fused,1,3.62598,3.50515,3.57683,0.06642,1275,1
ag,5120,10240,8192,gpu,161,c_cublas,1,3.26963,3.17645,3.26963,0.03939,1275,1
ag,5120,10240,8192,gpu,161,c_fluxgemm,0,3.46419,3.36794,3.46419,0.03952,1275,1
ag,5120,10240,8192,gpu,161,c_flux_ag,2,0.64003,0.63178,0.63923,0.05362,1275,1
ag,5120,10240,8192,gpu,161,A_fused,3,3.59834,3.49696,3.59834,0.06847,1275,1
ag,5120,10240,8192,gpu,162,c_cublas,3,3.26963,3.17440,3.26963,0.03889,1275,1
ag,5120,10240,8192,gpu,162,c_fluxgemm,0,3.46829,3.36282,3.46829,0.03980,1275,1
ag,5120,10240,8192,gpu,162,c_flux_ag,1,0.58490,0.57811,0.58102,0.05248,1275,1
ag,5120,10240,8192,gpu,162,A_fused,2,3.60550,3.50413,3.60550,0.06595,1275,1
ag,5120,10240,8192,gpu,163,c_cublas,2,3.28909,3.18669,3.28909,0.03816,1275,1
ag,5120,10240,8192,gpu,163,c_fluxgemm,1,3.46726,3.38022,3.46726,0.03432,1275,1
ag,5120,10240,8192,gpu,163,c_flux_ag,3,0.65373,0.63843,0.65075,0.05155,1275,1
ag,5120,10240,8192,gpu,163,A_fused,0,3.59834,3.50003,3.59834,0.07357,1275,1
ag,5120,10240,8192,gpu,164,c_cublas,0,3.30650,3.18362,3.30650,0.03955,1275,1
ag,5120,10240,8192,gpu,164,c_fluxgemm,3,3.50413,3.34029,3.50413,0.03406,1275,1
ag,5120,10240,8192,gpu,164,c_flux_ag,1,0.60259,0.59395,0.60259,0.05220,1275,1
ag,5120,10240,8192,gpu,164,A_fused,2,3.63930,3.50515,3.63930,0.06562,1275,1
ag,5120,10240,8192,gpu,165,c_cublas,2,3.30547,3.14880,3.30547,0.04194,1275,1
ag,5120,10240,8192,gpu,165,c_fluxgemm,1,3.49901,3.33926,3.49901,0.04053,1275,1
ag,5120,10240,8192,gpu,165,c_flux_ag,3,0.64224,0.64058,0.64224,0.05118,1275,1
ag,5120,10240,8192,gpu,165,A_fused,0,3.63930,3.47034,3.63930,0.07400,1275,1
ag,5120,10240,8192,gpu,166,c_cublas,1,3.30547,3.21331,3.30547,0.03795,1260,1
ag,5120,10240,8192,gpu,166,c_fluxgemm,3,3.50106,3.40378,3.50106,0.04213,1260,1
ag,5120,10240,8192,gpu,166,c_flux_ag,2,0.60576,0.59011,0.60576,0.05099,1260,1
ag,5120,10240,8192,gpu,166,A_fused,0,3.63725,3.47136,3.63725,0.07224,1260,1
ag,5120,10240,8192,gpu,167,c_cublas,1,3.30547,3.21229,3.30547,0.03842,1260,1
ag,5120,10240,8192,gpu,167,c_fluxgemm,2,3.50413,3.40275,3.50413,0.03662,1260,1
ag,5120,10240,8192,gpu,167,c_flux_ag,3,0.63693,0.63235,0.63299,0.04970,1260,1
ag,5120,10240,8192,gpu,167,A_fused,0,3.63520,3.54611,3.63520,0.07274,1260,1
ag,5120,10240,8192,gpu,168,c_cublas,0,3.30650,3.21126,3.30650,0.03920,1260,1
ag,5120,10240,8192,gpu,168,c_fluxgemm,1,3.49286,3.40173,3.49286,0.03960,1260,1
ag,5120,10240,8192,gpu,168,c_flux_ag,2,0.60704,0.60304,0.60704,0.05049,1260,1
ag,5120,10240,8192,gpu,168,A_fused,3,3.60755,3.55021,3.60755,0.06704,1260,1
ag,5120,10240,8192,gpu,169,c_cublas,2,3.25120,3.17645,3.25120,0.04536,1260,1
ag,5120,10240,8192,gpu,169,c_fluxgemm,1,3.44678,3.37613,3.44678,0.03816,1260,1
ag,5120,10240,8192,gpu,169,c_flux_ag,0,0.63485,0.63018,0.63485,0.05202,1260,1
ag,5120,10240,8192,gpu,169,A_fused,3,3.58400,3.50413,3.58400,0.07153,1260,1
ag,5120,10240,8192,gpu,170,c_cublas,2,3.25120,3.17747,3.25120,0.09572,1275,1
ag,5120,10240,8192,gpu,170,c_fluxgemm,0,3.44474,3.36589,3.44474,0.03934,1275,1
ag,5120,10240,8192,gpu,170,c_flux_ag,1,0.63978,0.63552,0.63658,0.04919,1275,1
ag,5120,10240,8192,gpu,170,A_fused,3,3.57683,3.50413,3.57683,0.07314,1275,1
ag,5120,10240,8192,gpu,171,c_cublas,0,3.25018,3.17542,3.25018,0.03965,1275,1
ag,5120,10240,8192,gpu,171,c_fluxgemm,1,3.44371,3.36384,3.44371,0.05209,1275,1
ag,5120,10240,8192,gpu,171,c_flux_ag,3,0.60294,0.59926,0.59926,0.04483,1275,1
ag,5120,10240,8192,gpu,171,A_fused,2,3.57888,3.51027,3.57888,0.06910,1275,1
ag,5120,10240,8192,gpu,172,c_cublas,2,3.25325,3.17645,3.25325,0.03825,1275,1
ag,5120,10240,8192,gpu,172,c_fluxgemm,0,3.44781,3.36179,3.44781,0.03974,1275,1
ag,5120,10240,8192,gpu,172,c_flux_ag,3,0.66992,0.63546,0.65357,0.05383,1275,1
ag,5120,10240,8192,gpu,172,A_fused,1,3.58298,3.50822,3.58298,0.06778,1275,1
ag,5120,10240,8192,gpu,173,c_cublas,0,3.25325,3.17645,3.25325,0.04258,1275,1
ag,5120,10240,8192,gpu,173,c_fluxgemm,3,3.44576,3.36589,3.44576,0.03533,1275,1
ag,5120,10240,8192,gpu,173,c_flux_ag,2,0.63373,0.61453,0.63373,0.04511,1275,1
ag,5120,10240,8192,gpu,173,A_fused,1,3.57581,3.50106,3.57581,0.07417,1275,1
ag,5120,10240,8192,gpu,174,c_cublas,1,3.25018,3.17645,3.25018,0.03910,1275,1
ag,5120,10240,8192,gpu,174,c_fluxgemm,0,3.44986,3.36282,3.44986,0.03929,1275,1
ag,5120,10240,8192,gpu,174,c_flux_ag,2,0.64467,0.63654,0.63834,0.05211,1275,1
ag,5120,10240,8192,gpu,174,A_fused,3,3.58195,3.49901,3.58195,0.08846,1275,1
ag,5120,10240,8192,gpu,175,c_cublas,3,3.25018,3.17542,3.25018,0.03862,1275,1
ag,5120,10240,8192,gpu,175,c_fluxgemm,2,3.44474,3.36282,3.44474,0.03411,1275,1
ag,5120,10240,8192,gpu,175,c_flux_ag,0,0.58579,0.57757,0.58579,0.05128,1275,1
ag,5120,10240,8192,gpu,175,A_fused,1,3.58605,3.51130,3.58605,0.06641,1275,1
ag,5120,10240,8192,gpu,176,c_cublas,1,3.25120,3.17645,3.25120,0.03872,1275,1
ag,5120,10240,8192,gpu,176,c_fluxgemm,3,3.44986,3.36589,3.44986,0.03733,1275,1
ag,5120,10240,8192,gpu,176,c_flux_ag,2,0.65078,0.59779,0.59779,0.05842,1275,1
ag,5120,10240,8192,gpu,176,A_fused,0,3.57786,3.49389,3.57786,0.07325,1275,1
ag,5120,10240,8192,gpu,177,c_cublas,2,3.25120,3.15392,3.25120,0.03914,1275,1
ag,5120,10240,8192,gpu,177,c_fluxgemm,1,3.44371,3.36384,3.44371,0.03798,1275,1
ag,5120,10240,8192,gpu,177,c_flux_ag,0,0.63635,0.62976,0.63635,0.05265,1275,1
ag,5120,10240,8192,gpu,177,A_fused,3,3.57478,3.47955,3.57478,0.07389,1275,1
ag,5120,10240,8192,gpu,178,c_cublas,3,3.25120,3.14778,3.25120,0.03910,1275,1
ag,5120,10240,8192,gpu,178,c_fluxgemm,2,3.44781,3.34131,3.44781,0.03576,1275,1
ag,5120,10240,8192,gpu,178,c_flux_ag,0,0.63315,0.62851,0.63149,0.05431,1275,1
ag,5120,10240,8192,gpu,178,A_fused,1,3.57990,3.46726,3.57990,0.08207,1275,1
ag,5120,10240,8192,gpu,179,c_cublas,1,3.25120,3.17542,3.25120,0.03881,1275,1
ag,5120,10240,8192,gpu,179,c_fluxgemm,0,3.44371,3.37510,3.44371,0.04079,1275,1
ag,5120,10240,8192,gpu,179,c_flux_ag,2,0.63920,0.63174,0.63318,0.05173,1275,1
ag,5120,10240,8192,gpu,179,A_fused,3,3.57888,3.50106,3.57888,0.06520,1275,1
ag,5120,10240,8192,gpu,180,c_cublas,3,3.26246,3.17542,3.25120,0.03873,1275,1
ag,5120,10240,8192,gpu,180,c_fluxgemm,0,3.44986,3.36589,3.44883,0.05215,1275,1
ag,5120,10240,8192,gpu,180,c_flux_ag,2,0.64077,0.63808,0.63808,0.04588,1275,1
ag,5120,10240,8192,gpu,180,A_fused,1,3.59219,3.50413,3.58195,0.07008,1275,1
ag,5120,10240,8192,gpu,181,c_cublas,3,3.26246,3.17645,3.25325,0.04663,1275,1
ag,5120,10240,8192,gpu,181,c_fluxgemm,1,3.45293,3.36794,3.45293,0.03476,1275,1
ag,5120,10240,8192,gpu,181,c_flux_ag,2,0.64157,0.63386,0.64019,0.04735,1275,1
ag,5120,10240,8192,gpu,181,A_fused,0,3.60243,3.50310,3.58912,0.07303,1275,1
ag,5120,10240,8192,gpu,182,c_cublas,3,3.26042,3.17542,3.25120,0.03820,1275,1
ag,5120,10240,8192,gpu,182,c_fluxgemm,1,3.45088,3.36896,3.44883,0.03504,1275,1
ag,5120,10240,8192,gpu,182,c_flux_ag,2,0.65232,0.64150,0.64432,0.04795,1275,1
ag,5120,10240,8192,gpu,182,A_fused,0,3.59629,3.51539,3.58298,0.07408,1275,1
ag,5120,10240,8192,gpu,183,c_cublas,2,3.25120,3.17542,3.25120,0.03804,1275,1
ag,5120,10240,8192,gpu,183,c_fluxgemm,3,3.44678,3.36589,3.44678,0.03728,1275,1
ag,5120,10240,8192,gpu,183,c_flux_ag,0,0.58726,0.58224,0.58461,0.05168,1275,1
ag,5120,10240,8192,gpu,183,A_fused,1,3.57888,3.50515,3.57888,0.07376,1275,1
ag,5120,10240,8192,gpu,184,c_cublas,1,3.25018,3.17440,3.25018,0.03859,1275,1
ag,5120,10240,8192,gpu,184,c_fluxgemm,0,3.44474,3.36282,3.44474,0.03937,1275,1
ag,5120,10240,8192,gpu,184,c_flux_ag,2,0.63587,0.62883,0.63261,0.05169,1275,1
ag,5120,10240,8192,gpu,184,A_fused,3,3.57888,3.50720,3.57888,0.06598,1275,1
ag,5120,10240,8192,gpu,185,c_cublas,0,3.25222,3.17747,3.25222,0.03901,1275,1
ag,5120,10240,8192,gpu,185,c_fluxgemm,3,3.44576,3.36589,3.44576,0.03512,1275,1
ag,5120,10240,8192,gpu,185,c_flux_ag,2,0.72093,0.66691,0.68806,0.04533,1275,1
ag,5120,10240,8192,gpu,185,A_fused,1,3.58707,3.50413,3.58707,0.07354,1275,1
ag,5120,10240,8192,gpu,186,c_cublas,2,3.25120,3.17542,3.25120,0.04428,1275,1
ag,5120,10240,8192,gpu,186,c_fluxgemm,3,3.44678,3.36794,3.44678,0.03892,1275,1
ag,5120,10240,8192,gpu,186,c_flux_ag,1,0.59821,0.58496,0.58496,0.04563,1275,1
ag,5120,10240,8192,gpu,186,A_fused,0,3.57171,3.49184,3.57171,0.07346,1275,1
ag,5120,10240,8192,gpu,187,c_cublas,1,3.25120,3.14573,3.25120,0.03818,1275,1
ag,5120,10240,8192,gpu,187,c_fluxgemm,0,3.44474,3.33107,3.44474,0.03829,1275,1
ag,5120,10240,8192,gpu,187,c_flux_ag,3,0.60573,0.59581,0.60573,0.04557,1275,1
ag,5120,10240,8192,gpu,187,A_fused,2,3.58195,3.46829,3.58195,0.07081,1275,1
ag,5120,10240,8192,gpu,188,c_cublas,3,3.28909,3.14778,3.28909,0.03858,1275,1
ag,5120,10240,8192,gpu,188,c_fluxgemm,1,3.48570,3.34131,3.48570,0.03757,1275,1
ag,5120,10240,8192,gpu,188,c_flux_ag,0,0.59568,0.58442,0.59568,0.05188,1275,1
ag,5120,10240,8192,gpu,188,A_fused,2,3.62496,3.47648,3.62496,0.07954,1275,1
ag,5120,10240,8192,gpu,189,c_cublas,3,3.25120,3.14778,3.25120,0.03803,1275,1
ag,5120,10240,8192,gpu,189,c_fluxgemm,2,3.45088,3.34131,3.45088,0.03416,1275,1
ag,5120,10240,8192,gpu,189,c_flux_ag,0,0.64294,0.63395,0.64080,0.05264,1275,1
ag,5120,10240,8192,gpu,189,A_fused,1,3.62803,3.46726,3.62803,0.06658,1275,1
ag,5120,10240,8192,gpu,190,c_cublas,3,3.25120,3.17542,3.25120,0.03762,1275,1
ag,5120,10240,8192,gpu,190,c_fluxgemm,1,3.44474,3.34848,3.44474,0.03868,1275,1
ag,5120,10240,8192,gpu,190,c_flux_ag,0,0.65056,0.63514,0.65056,0.05331,1275,1
ag,5120,10240,8192,gpu,190,A_fused,2,3.57990,3.50925,3.57990,0.06730,1275,1
ag,5120,10240,8192,gpu,191,c_cublas,2,3.29011,3.18566,3.29011,0.03793,1275,1
ag,5120,10240,8192,gpu,191,c_fluxgemm,3,3.49184,3.37510,3.48467,0.03994,1275,1
ag,5120,10240,8192,gpu,191,c_flux_ag,1,0.62374,0.59818,0.61133,0.04610,1275,1
ag,5120,10240,8192,gpu,191,A_fused,0,3.60550,3.50515,3.60550,0.07346,1275,1
ag,5120,10240,8192,gpu,192,c_cublas,1,3.28806,3.18771,3.28806,0.06159,1275,1
ag,5120,10240,8192,gpu,192,c_fluxgemm,2,3.50003,3.37818,3.50003,0.04302,1275,1
ag,5120,10240,8192,gpu,192,c_flux_ag,3,0.64723,0.63811,0.64723,0.05072,1275,1
ag,5120,10240,8192,gpu,192,A_fused,0,3.61267,3.50925,3.61267,0.12253,1275,1
ag,5120,10240,8192,gpu,193,c_cublas,2,3.34950,3.15290,3.34950,0.03861,1275,1
ag,5120,10240,8192,gpu,193,c_fluxgemm,1,3.54406,3.37818,3.54406,0.03779,1275,1
ag,5120,10240,8192,gpu,193,c_flux_ag,0,0.61555,0.60416,0.61555,0.05235,1275,1
ag,5120,10240,8192,gpu,193,A_fused,3,3.69050,3.47853,3.69050,0.06996,1275,1
ag,5120,10240,8192,gpu,194,c_cublas,1,3.34848,3.14778,3.34848,0.03847,1275,1
ag,5120,10240,8192,gpu,194,c_fluxgemm,2,3.54406,3.34131,3.54406,0.03746,1275,1
ag,5120,10240,8192,gpu,194,c_flux_ag,3,0.67450,0.64275,0.66198,0.05042,1275,1
ag,5120,10240,8192,gpu,194,A_fused,0,3.67718,3.47443,3.67718,0.08029,1275,1
ag,5120,10240,8192,gpu,195,c_cublas,3,3.34848,3.18362,3.34848,0.05319,1275,1
ag,5120,10240,8192,gpu,195,c_fluxgemm,1,3.54714,3.37818,3.54714,0.04563,1275,1
ag,5120,10240,8192,gpu,195,c_flux_ag,2,0.59885,0.58733,0.59030,0.05392,1275,1
ag,5120,10240,8192,gpu,195,A_fused,0,3.68230,3.51130,3.68230,0.14382,1275,1
ag,5120,10240,8192,gpu,196,c_cublas,3,3.34950,3.14675,3.34950,0.03809,1275,1
ag,5120,10240,8192,gpu,196,c_fluxgemm,2,3.55226,3.36384,3.55226,0.03986,1275,1
ag,5120,10240,8192,gpu,196,c_flux_ag,0,0.67971,0.63952,0.63952,0.05235,1275,1
ag,5120,10240,8192,gpu,196,A_fused,1,3.68128,3.50925,3.68128,0.06682,1275,1
ag,5120,10240,8192,gpu,197,c_cublas,3,3.30650,3.14880,3.30650,0.03761,1245,1
ag,5120,10240,8192,gpu,197,c_fluxgemm,1,3.54714,3.34029,3.54714,0.03746,1245,1
ag,5120,10240,8192,gpu,197,c_flux_ag,0,0.65619,0.64054,0.64054,0.05282,1245,1
ag,5120,10240,8192,gpu,197,A_fused,2,3.63315,3.47136,3.63315,0.08406,1245,1
ag,5120,10240,8192,gpu,198,c_cublas,2,3.30445,3.14982,3.30445,0.03757,1245,1
ag,5120,10240,8192,gpu,198,c_fluxgemm,0,3.50310,3.33824,3.50310,0.04015,1245,1
ag,5120,10240,8192,gpu,198,c_flux_ag,3,0.60794,0.59523,0.60528,0.07026,1245,1
ag,5120,10240,8192,gpu,198,A_fused,1,3.62803,3.47034,3.62803,0.06960,1245,1
ag,5120,10240,8192,gpu,199,c_cublas,3,3.34950,3.14573,3.34950,0.03914,1245,1
ag,5120,10240,8192,gpu,199,c_fluxgemm,0,3.54816,3.33824,3.54816,0.04124,1245,1
ag,5120,10240,8192,gpu,199,c_flux_ag,2,0.59622,0.58563,0.59622,0.04674,1245,1
ag,5120,10240,8192,gpu,199,A_fused,1,3.67616,3.46829,3.67616,0.06865,1245,1
ag,5120,10240,8192,steady,0,c_cublas,1,3.49050,3.39213,3.49050,0.01714,1170,1
ag,5120,10240,8192,steady,0,c_fluxgemm,3,3.50022,3.42778,3.50022,0.01861,1170,1
ag,5120,10240,8192,steady,0,c_flux_ag,2,0.59954,0.59903,0.59954,0.03909,1170,1
ag,5120,10240,8192,steady,0,A_fused,0,3.68864,3.66330,3.66861,0.05011,1170,1
ag,5120,10240,8192,steady,1,c_cublas,2,3.48928,3.35482,3.48928,0.01936,1170,1
ag,5120,10240,8192,steady,1,c_fluxgemm,3,3.60090,3.50125,3.60090,0.01912,1170,1
ag,5120,10240,8192,steady,1,c_flux_ag,0,0.60662,0.59979,0.60548,0.03971,1170,1
ag,5120,10240,8192,steady,1,A_fused,1,3.76979,3.75539,3.76979,0.04900,1170,1
ag,5120,10240,8192,steady,2,c_cublas,2,3.37741,3.25107,3.33478,0.01715,1185,1
ag,5120,10240,8192,steady,2,c_fluxgemm,0,3.68698,3.55501,3.68698,0.02066,1185,1
ag,5120,10240,8192,steady,2,c_flux_ag,1,0.61046,0.60917,0.61046,0.04107,1185,1
ag,5120,10240,8192,steady,2,A_fused,3,3.74438,3.73613,3.74438,0.04814,1185,1
ag,5120,10240,8192,steady,3,c_cublas,3,3.46541,3.34995,3.46541,0.01636,1170,1
ag,5120,10240,8192,steady,3,c_fluxgemm,1,3.58310,3.42784,3.58310,0.02012,1170,1
ag,5120,10240,8192,steady,3,c_flux_ag,0,0.61755,0.61353,0.61353,0.03859,1170,1
ag,5120,10240,8192,steady,3,A_fused,2,3.82368,3.81331,3.82368,0.04725,1170,1
ag,5120,10240,8192,steady,4,c_cublas,2,3.43078,3.36826,3.43078,0.01673,1170,1
ag,5120,10240,8192,steady,4,c_fluxgemm,1,3.49286,3.42330,3.49286,0.02107,1170,1
ag,5120,10240,8192,steady,4,c_flux_ag,0,0.59806,0.59504,0.59504,0.04203,1170,1
ag,5120,10240,8192,steady,4,A_fused,3,3.79283,3.78189,3.79283,0.04893,1170,1
ag,5120,10240,8192,steady,5,c_cublas,2,3.31814,3.20064,3.31814,0.01638,1170,1
ag,5120,10240,8192,steady,5,c_fluxgemm,0,3.74310,3.55942,3.74310,0.01978,1170,1
ag,5120,10240,8192,steady,5,c_flux_ag,1,0.60604,0.60470,0.60604,0.04128,1170,1
ag,5120,10240,8192,steady,5,A_fused,3,3.77101,3.76378,3.77101,0.04764,1170,1
ag,5120,10240,8192,steady,6,c_cublas,3,3.28435,3.19085,3.28435,0.01845,1170,1
ag,5120,10240,8192,steady,6,c_fluxgemm,1,3.72736,3.61133,3.72736,0.01884,1170,1
ag,5120,10240,8192,steady,6,c_flux_ag,2,0.60938,0.60836,0.60938,0.03756,1170,1
ag,5120,10240,8192,steady,6,A_fused,0,3.86317,3.85824,3.86317,0.04952,1170,1
ag,5120,10240,8192,steady,7,c_cublas,2,3.28646,3.23891,3.28646,0.01718,1200,1
ag,5120,10240,8192,steady,7,c_fluxgemm,3,3.59155,3.49984,3.59155,0.01888,1200,1
ag,5120,10240,8192,steady,7,c_flux_ag,1,0.61800,0.61639,0.61755,0.03762,1200,1
ag,5120,10240,8192,steady,7,A_fused,0,3.75686,3.75411,3.75578,0.04976,1200,1
ag,5120,10240,8192,steady,8,c_cublas,2,3.42534,3.33146,3.42534,0.01790,1200,1
ag,5120,10240,8192,steady,8,c_fluxgemm,1,3.51283,3.44461,3.51283,0.01868,1200,1
ag,5120,10240,8192,steady,8,c_flux_ag,0,0.61649,0.61266,0.61266,0.04169,1200,1
ag,5120,10240,8192,steady,8,A_fused,3,3.77901,3.77165,3.77888,0.04619,1200,1
ag,5120,10240,8192,steady,9,c_cublas,0,3.47590,3.35699,3.47590,0.01789,1170,1
ag,5120,10240,8192,steady,9,c_fluxgemm,1,3.59974,3.48922,3.59974,0.02186,1170,1
ag,5120,10240,8192,steady,9,c_flux_ag,2,0.61130,0.61037,0.61130,0.04289,1170,1
ag,5120,10240,8192,steady,9,A_fused,3,3.74195,3.73190,3.74195,0.04848,1170,1
ag,5120,10240,8192,steady,10,c_cublas,3,3.28154,3.20096,3.28154,0.01725,1170,1
ag,5120,10240,8192,steady,10,c_fluxgemm,1,3.72666,3.61069,3.72666,0.01911,1170,1
ag,5120,10240,8192,steady,10,c_flux_ag,2,0.61496,0.61365,0.61422,0.03739,1170,1
ag,5120,10240,8192,steady,10,A_fused,0,3.84230,3.83456,3.83840,0.04904,1170,1
ag,5120,10240,8192,steady,11,c_cublas,3,3.53498,3.38240,3.53498,0.01532,1170,1
ag,5120,10240,8192,steady,11,c_fluxgemm,1,3.48422,3.40640,3.48422,0.02034,1170,1
ag,5120,10240,8192,steady,11,c_flux_ag,0,0.60212,0.59808,0.59808,0.03903,1170,1
ag,5120,10240,8192,steady,11,A_fused,2,3.85504,3.84301,3.85504,0.04638,1170,1
ag,5120,10240,8192,steady,12,c_cublas,0,3.38688,3.25402,3.38688,0.01610,1170,1
ag,5120,10240,8192,steady,12,c_fluxgemm,2,3.47731,3.41690,3.47731,0.01939,1170,1
ag,5120,10240,8192,steady,12,c_flux_ag,1,0.59939,0.59899,0.59939,0.04057,1170,1
ag,5120,10240,8192,steady,12,A_fused,3,3.82656,3.81850,3.82656,0.04690,1170,1
ag,5120,10240,8192,steady,13,c_cublas,1,3.34042,3.26106,3.34042,0.01773,1170,1
ag,5120,10240,8192,steady,13,c_fluxgemm,2,3.58342,3.50278,3.58342,0.01901,1170,1
ag,5120,10240,8192,steady,13,c_flux_ag,0,0.61318,0.61103,0.61199,0.03833,1170,1
ag,5120,10240,8192,steady,13,A_fused,3,3.83091,3.82106,3.83091,0.04773,1170,1
ag,5120,10240,8192,steady,14,c_cublas,0,3.45907,3.34938,3.45907,0.01742,1200,1
ag,5120,10240,8192,steady,14,c_fluxgemm,1,3.60909,3.49331,3.60909,0.02081,1200,1
ag,5120,10240,8192,steady,14,c_flux_ag,2,0.60760,0.60680,0.60760,0.03784,1200,1
ag,5120,10240,8192,steady,14,A_fused,3,3.70835,3.69862,3.70835,0.04561,1200,1
ag,5120,10240,8192,steady,15,c_cublas,3,3.37222,3.23194,3.37222,0.02042,1170,1
ag,5120,10240,8192,steady,15,c_fluxgemm,0,3.72122,3.60576,3.72122,0.02023,1170,1
ag,5120,10240,8192,steady,15,c_flux_ag,2,0.61602,0.61450,0.61602,0.03879,1170,1
ag,5120,10240,8192,steady,15,A_fused,1,3.84826,3.83821,3.84826,0.04915,1170,1
ag,5120,10240,8192,steady,16,c_cublas,2,3.31936,3.22739,3.31123,0.01716,1170,1
ag,5120,10240,8192,steady,16,c_fluxgemm,0,3.57632,3.49728,3.57632,0.02084,1170,1
ag,5120,10240,8192,steady,16,c_flux_ag,1,0.60123,0.60074,0.60091,0.03864,1170,1
ag,5120,10240,8192,steady,16,A_fused,3,3.75846,3.74752,3.75834,0.04771,1170,1
ag,5120,10240,8192,steady,17,c_cublas,2,3.40390,3.25869,3.40390,0.01647,1155,1
ag,5120,10240,8192,steady,17,c_fluxgemm,3,3.59469,3.47891,3.59469,0.01866,1155,1
ag,5120,10240,8192,steady,17,c_flux_ag,1,0.62439,0.62305,0.62439,0.03697,1155,1
ag,5120,10240,8192,steady,17,A_fused,0,3.91750,3.90982,3.91750,0.04901,1155,1
ag,5120,10240,8192,steady,18,c_cublas,3,3.44486,3.33690,3.44486,0.01641,1170,1
ag,5120,10240,8192,steady,18,c_fluxgemm,2,3.68154,3.59840,3.68154,0.01840,1170,1
ag,5120,10240,8192,steady,18,c_flux_ag,0,0.61878,0.61771,0.61771,0.04136,1170,1
ag,5120,10240,8192,steady,18,A_fused,1,3.76339,3.75546,3.76339,0.04679,1170,1
ag,5120,10240,8192,steady,19,c_cublas,0,3.37043,3.25914,3.37043,0.01610,1200,1
ag,5120,10240,8192,steady,19,c_fluxgemm,2,3.55072,3.42554,3.55072,0.01954,1200,1
ag,5120,10240,8192,steady,19,c_flux_ag,1,0.59970,0.59936,0.59967,0.04057,1200,1
ag,5120,10240,8192,steady,19,A_fused,3,3.84909,3.83853,3.84909,0.04744,1200,1
ag,5120,10240,8192,steady,20,c_cublas,0,3.50074,3.33594,3.50074,0.01750,1170,1
ag,5120,10240,8192,steady,20,c_fluxgemm,1,3.61286,3.50605,3.61286,0.01948,1170,1
ag,5120,10240,8192,steady,20,c_flux_ag,3,0.61071,0.61001,0.61071,0.03873,1170,1
ag,5120,10240,8192,steady,20,A_fused,2,3.83238,3.82496,3.83238,0.04875,1170,1
ag,5120,10240,8192,steady,21,c_cublas,3,3.34291,3.25114,3.34291,0.01648,1170,1
ag,5120,10240,8192,steady,21,c_fluxgemm,0,3.61082,3.51322,3.61082,0.02017,1170,1
ag,5120,10240,8192,steady,21,c_flux_ag,2,0.60765,0.60650,0.60765,0.03845,1170,1
ag,5120,10240,8192,steady,21,A_fused,1,3.83085,3.82291,3.83085,0.04756,1170,1
ag,5120,10240,8192,steady,22,c_cublas,1,3.21658,3.14266,3.21658,0.01765,1170,1
ag,5120,10240,8192,steady,22,c_fluxgemm,2,3.61203,3.49549,3.61203,0.02248,1170,1
ag,5120,10240,8192,steady,22,c_flux_ag,0,0.61603,0.59524,0.59524,0.03978,1170,1
ag,5120,10240,8192,steady,22,A_fused,3,3.82835,3.81997,3.82835,0.04720,1170,1
ag,5120,10240,8192,steady,23,c_cublas,2,3.37798,3.23872,3.37798,0.01613,1170,1
ag,5120,10240,8192,steady,23,c_fluxgemm,3,3.60749,3.44358,3.60749,0.02028,1170,1
ag,5120,10240,8192,steady,23,c_flux_ag,1,0.61995,0.61766,0.61995,0.03818,1170,1
ag,5120,10240,8192,steady,23,A_fused,0,3.86310,3.85882,3.86227,0.04991,1170,1
ag,5120,10240,8192,steady,24,c_cublas,3,3.43539,3.35021,3.43539,0.01659,1170,1
ag,5120,10240,8192,steady,24,c_fluxgemm,2,3.55347,3.47411,3.55072,0.01872,1170,1
ag,5120,10240,8192,steady,24,c_flux_ag,1,0.62068,0.61908,0.62068,0.03936,1170,1
ag,5120,10240,8192,steady,24,A_fused,0,3.85594,3.84794,3.85421,0.04825,1170,1
ag,5120,10240,8192,steady,25,c_cublas,0,3.36749,3.27949,3.36749,0.01590,1185,1
ag,5120,10240,8192,steady,25,c_fluxgemm,1,3.59469,3.50496,3.59469,0.02130,1185,1
ag,5120,10240,8192,steady,25,c_flux_ag,2,0.60903,0.60784,0.60897,0.03824,1185,1
ag,5120,10240,8192,steady,25,A_fused,3,3.77037,3.76006,3.77037,0.04578,1185,1
ag,5120,10240,8192,steady,26,c_cublas,2,3.27475,3.18611,3.27424,0.01783,1185,1
ag,5120,10240,8192,steady,26,c_fluxgemm,0,3.68768,3.55680,3.68768,0.02121,1185,1
ag,5120,10240,8192,steady,26,c_flux_ag,1,0.60717,0.60615,0.60717,0.03803,1185,1
ag,5120,10240,8192,steady,26,A_fused,3,3.79021,3.77830,3.79021,0.04680,1185,1
ag,5120,10240,8192,steady,27,c_cublas,1,3.36397,3.23795,3.31264,0.01713,1155,1
ag,5120,10240,8192,steady,27,c_fluxgemm,3,3.73190,3.61165,3.73190,0.02135,1155,1
ag,5120,10240,8192,steady,27,c_flux_ag,0,0.62915,0.62328,0.62915,0.03912,1155,1
ag,5120,10240,8192,steady,27,A_fused,2,3.74528,3.73773,3.74528,0.04644,1155,1
ag,5120,10240,8192,steady,28,c_cublas,1,3.29939,3.20870,3.28627,0.01770,1170,1
ag,5120,10240,8192,steady,28,c_fluxgemm,2,3.58304,3.48166,3.58304,0.01885,1170,1
ag,5120,10240,8192,steady,28,c_flux_ag,0,0.61988,0.61661,0.61661,0.03801,1170,1
ag,5120,10240,8192,steady,28,A_fused,3,3.83366,3.82502,3.83366,0.04661,1170,1
ag,5120,10240,8192,steady,29,c_cublas,3,3.48813,3.37933,3.48813,0.01641,1170,1
ag,5120,10240,8192,steady,29,c_fluxgemm,0,3.73331,3.59802,3.73331,0.02052,1170,1
ag,5120,10240,8192,steady,29,c_flux_ag,1,0.61673,0.61489,0.61673,0.03979,1170,1
ag,5120,10240,8192,steady,29,A_fused,2,3.71155,3.70125,3.70874,0.04578,1170,1
ag,5120,10240,8192,steady,30,c_cublas,1,3.26918,3.19418,3.26874,0.01588,1170,1
ag,5120,10240,8192,steady,30,c_fluxgemm,2,3.58266,3.50566,3.58266,0.02191,1170,1
ag,5120,10240,8192,steady,30,c_flux_ag,0,0.60063,0.59855,0.59855,0.03988,1170,1
ag,5120,10240,8192,steady,30,A_fused,3,3.83085,3.82208,3.83085,0.04770,1170,1
ag,5120,10240,8192,steady,31,c_cublas,2,3.46355,3.35021,3.46355,0.01655,1185,1
ag,5120,10240,8192,steady,31,c_fluxgemm,1,3.60717,3.51424,3.60717,0.01930,1185,1
ag,5120,10240,8192,steady,31,c_flux_ag,0,0.61888,0.61619,0.61619,0.03853,1185,1
ag,5120,10240,8192,steady,31,A_fused,3,3.78490,3.77645,3.78490,0.04711,1185,1
ag,5120,10240,8192,steady,32,c_cublas,3,3.49555,3.38106,3.49555,0.01654,1170,1
ag,5120,10240,8192,steady,32,c_fluxgemm,0,3.73414,3.59731,3.73414,0.01993,1170,1
ag,5120,10240,8192,steady,32,c_flux_ag,1,0.61632,0.61499,0.61591,0.03945,1170,1
ag,5120,10240,8192,steady,32,A_fused,2,3.74374,3.73536,3.74374,0.04664,1170,1
ag,5120,10240,8192,steady,33,c_cublas,2,3.49024,3.39475,3.49024,0.01567,1170,1
ag,5120,10240,8192,steady,33,c_fluxgemm,3,3.59411,3.52563,3.59411,0.02128,1170,1
ag,5120,10240,8192,steady,33,c_flux_ag,0,0.60474,0.60166,0.60166,0.03993,1170,1
ag,5120,10240,8192,steady,33,A_fused,1,3.72627,3.71488,3.72627,0.04755,1170,1
ag,5120,10240,8192,steady,34,c_cublas,2,3.49139,3.38394,3.49139,0.01644,1170,1
ag,5120,10240,8192,steady,34,c_fluxgemm,0,3.68326,3.55418,3.68326,0.01923,1170,1
ag,5120,10240,8192,steady,34,c_flux_ag,3,0.60068,0.60053,0.60055,0.03727,1170,1
ag,5120,10240,8192,steady,34,A_fused,1,3.83789,3.82995,3.83789,0.04744,1170,1
ag,5120,10240,8192,steady,35,c_cublas,3,3.47085,3.34054,3.47085,0.01576,1170,1
ag,5120,10240,8192,steady,35,c_fluxgemm,2,3.72320,3.59520,3.72320,0.01831,1170,1
ag,5120,10240,8192,steady,35,c_flux_ag,0,0.59322,0.58974,0.58974,0.03902,1170,1
ag,5120,10240,8192,steady,35,A_fused,1,3.61818,3.61011,3.61818,0.04743,1170,1
ag,5120,10240,8192,steady,36,c_cublas,1,3.45984,3.35328,3.45984,0.01576,1185,1
ag,5120,10240,8192,steady,36,c_fluxgemm,0,3.63046,3.51648,3.63046,0.02052,1185,1
ag,5120,10240,8192,steady,36,c_flux_ag,3,0.61348,0.61163,0.61348,0.03822,1185,1
ag,5120,10240,8192,steady,36,A_fused,2,3.77619,3.76819,3.77619,0.04671,1185,1
ag,5120,10240,8192,steady,37,c_cublas,0,3.41798,3.23296,3.41798,0.01752,1200,1
ag,5120,10240,8192,steady,37,c_fluxgemm,1,3.60800,3.48998,3.60800,0.01943,1200,1
ag,5120,10240,8192,steady,37,c_flux_ag,2,0.61299,0.61247,0.61299,0.04055,1200,1
ag,5120,10240,8192,steady,37,A_fused,3,3.76467,3.75398,3.76467,0.04697,1200,1
ag,5120,10240,8192,steady,38,c_cublas,1,3.46758,3.37434,3.46758,0.01733,1170,1
ag,5120,10240,8192,steady,38,c_fluxgemm,3,3.49990,3.40902,3.49990,0.02016,1170,1
ag,5120,10240,8192,steady,38,c_flux_ag,2,0.59887,0.59866,0.59866,0.03746,1170,1
ag,5120,10240,8192,steady,38,A_fused,0,3.86240,3.85645,3.86240,0.04802,1170,1
ag,5120,10240,8192,steady,39,c_cublas,1,3.33350,3.21254,3.27770,0.01935,1170,1
ag,5120,10240,8192,steady,39,c_fluxgemm,3,3.73114,3.62643,3.73114,0.01870,1170,1
ag,5120,10240,8192,steady,39,c_flux_ag,0,0.60663,0.60380,0.60380,0.04025,1170,1
ag,5120,10240,8192,steady,39,A_fused,2,3.75187,3.74438,3.75187,0.04825,1170,1
ag,5120,10240,8192,steady,40,c_cublas,2,3.44717,3.34419,3.44717,0.01732,1170,1
ag,5120,10240,8192,steady,40,c_fluxgemm,1,3.73146,3.59590,3.73146,0.01955,1170,1
ag,5120,10240,8192,steady,40,c_flux_ag,3,0.59780,0.59735,0.59761,0.03870,1170,1
ag,5120,10240,8192,steady,40,A_fused,0,3.85997,3.85318,3.85997,0.04804,1170,1
ag,5120,10240,8192,steady,41,c_cublas,0,3.27245,3.20736,3.25414,0.01674,1170,1
ag,5120,10240,8192,steady,41,c_fluxgemm,2,3.73216,3.61088,3.73216,0.01813,1170,1
ag,5120,10240,8192,steady,41,c_flux_ag,3,0.61613,0.61369,0.61613,0.03884,1170,1
ag,5120,10240,8192,steady,41,A_fused,1,3.75328,3.74822,3.75328,0.04830,1170,1
ag,5120,10240,8192,steady,42,c_cublas,2,3.45395,3.34899,3.45395,0.02388,1185,1
ag,5120,10240,8192,steady,42,c_fluxgemm,1,3.46317,3.41408,3.46285,0.01873,1185,1
ag,5120,10240,8192,steady,42,c_flux_ag,0,0.60431,0.60218,0.60218,0.03978,1185,1
ag,5120,10240,8192,steady,42,A_fused,3,3.78374,3.77664,3.78374,0.04647,1185,1
ag,5120,10240,8192,steady,43,c_cublas,1,3.45037,3.33606,3.45037,0.01637,1170,1
ag,5120,10240,8192,steady,43,c_fluxgemm,0,3.73357,3.61491,3.73357,0.02042,1170,1
ag,5120,10240,8192,steady,43,c_flux_ag,3,0.61382,0.61300,0.61382,0.03830,1170,1
ag,5120,10240,8192,steady,43,A_fused,2,3.77376,3.76826,3.77376,0.04715,1170,1
ag,5120,10240,8192,steady,44,c_cublas,1,3.45734,3.36499,3.45734,0.01734,1170,1
ag,5120,10240,8192,steady,44,c_fluxgemm,0,3.54829,3.50394,3.54829,0.02022,1170,1
ag,5120,10240,8192,steady,44,c_flux_ag,3,0.61483,0.61377,0.61483,0.03729,1170,1
ag,5120,10240,8192,steady,44,A_fused,2,3.78675,3.77645,3.78675,0.04870,1170,1
ag,5120,10240,8192,steady,45,c_cublas,0,3.31104,3.22803,3.31104,0.01769,1170,1
ag,5120,10240,8192,steady,45,c_fluxgemm,2,3.73158,3.59725,3.73158,0.01972,1170,1
ag,5120,10240,8192,steady,45,c_flux_ag,3,0.61596,0.61441,0.61596,0.03934,1170,1
ag,5120,10240,8192,steady,45,A_fused,1,3.76454,3.75424,3.76454,0.04841,1170,1
ag,5120,10240,8192,steady,46,c_cublas,0,3.31770,3.22886,3.31770,0.01789,1200,1
ag,5120,10240,8192,steady,46,c_fluxgemm,1,3.59725,3.50707,3.59725,0.01937,1200,1
ag,5120,10240,8192,steady,46,c_flux_ag,2,0.60929,0.60869,0.60929,0.03954,1200,1
ag,5120,10240,8192,steady,46,A_fused,3,3.72595,3.71526,3.72352,0.04684,1200,1
ag,5120,10240,8192,steady,47,c_cublas,0,3.50586,3.35776,3.50586,0.01753,1170,1
ag,5120,10240,8192,steady,47,c_fluxgemm,2,3.52998,3.42605,3.52998,0.01858,1170,1
ag,5120,10240,8192,steady,47,c_flux_ag,1,0.59667,0.59618,0.59667,0.03886,1170,1
ag,5120,10240,8192,steady,47,A_fused,3,3.82227,3.81350,3.82227,0.04669,1170,1
ag,5120,10240,8192,steady,48,c_cublas,3,3.43181,3.33965,3.43181,0.01707,1170,1
ag,5120,10240,8192,steady,48,c_fluxgemm,2,3.59322,3.54048,3.59322,0.01857,1170,1
ag,5120,10240,8192,steady,48,c_flux_ag,1,0.61128,0.61036,0.61128,0.03801,1170,1
ag,5120,10240,8192,steady,48,A_fused,0,3.86394,3.86080,3.86278,0.05092,1170,1
ag,5120,10240,8192,steady,49,c_cublas,2,3.49971,3.35712,3.49971,0.01551,1170,1
ag,5120,10240,8192,steady,49,c_fluxgemm,0,3.61459,3.49587,3.61459,0.02206,1170,1
ag,5120,10240,8192,steady,49,c_flux_ag,3,0.60143,0.60107,0.60143,0.03880,1170,1
ag,5120,10240,8192,steady,49,A_fused,1,3.84397,3.83418,3.84397,0.04644,1170,1
