group,dim0,dim1,M,mode,round,item,order_pos,rank_max_ms,rank_min_ms,rank0_ms,cpu_launch_rank_max_ms,min_sm_clock_mhz,kept
rs,10240,1280,16,gpu,0,c_cublas,0,0.07066,0.03277,0.03277,0.04854,0,1
rs,10240,1280,16,gpu,0,A_gemmrs,1,0.07680,0.07578,0.07680,0.10344,0,1
rs,10240,1280,16,gpu,1,c_cublas,1,0.03379,0.03174,0.03379,0.03728,0,1
rs,10240,1280,16,gpu,1,A_gemmrs,0,0.07680,0.07373,0.07680,0.07039,0,1
rs,10240,1280,16,gpu,2,c_cublas,1,0.03482,0.03277,0.03277,0.03467,0,1
rs,10240,1280,16,gpu,2,A_gemmrs,0,0.07680,0.07475,0.07578,0.07982,0,1
rs,10240,1280,16,gpu,3,c_cublas,1,0.03379,0.03277,0.03379,0.03523,0,1
rs,10240,1280,16,gpu,3,A_gemmrs,0,0.07680,0.07475,0.07578,0.06996,0,1
rs,10240,1280,16,gpu,4,c_cublas,0,0.03379,0.03174,0.03379,0.03296,0,1
rs,10240,1280,16,gpu,4,A_gemmrs,1,0.07987,0.07680,0.07782,0.06962,0,1
rs,10240,1280,16,gpu,5,c_cublas,1,0.03379,0.03174,0.03379,0.03482,0,1
rs,10240,1280,16,gpu,5,A_gemmrs,0,0.07680,0.07578,0.07578,0.06708,0,1
rs,10240,1280,16,gpu,6,c_cublas,0,0.03379,0.03174,0.03277,0.03372,0,1
rs,10240,1280,16,gpu,6,A_gemmrs,1,0.07680,0.07578,0.07680,0.06674,0,1
rs,10240,1280,16,gpu,7,c_cublas,1,0.03379,0.03174,0.03379,0.03430,0,1
rs,10240,1280,16,gpu,7,A_gemmrs,0,0.07680,0.07578,0.07680,0.06572,0,1
rs,10240,1280,16,gpu,8,c_cublas,0,0.03277,0.03174,0.03277,0.03387,0,1
rs,10240,1280,16,gpu,8,A_gemmrs,1,0.07680,0.07475,0.07680,0.06948,0,1
rs,10240,1280,16,gpu,9,c_cublas,1,0.03379,0.03174,0.03379,0.03530,0,1
rs,10240,1280,16,gpu,9,A_gemmrs,0,0.07782,0.07680,0.07782,0.06611,0,1
rs,10240,1280,16,gpu,10,c_cublas,1,0.03379,0.03174,0.03379,0.03430,0,1
rs,10240,1280,16,gpu,10,A_gemmrs,0,0.07782,0.07578,0.07680,0.07054,0,1
rs,10240,1280,16,gpu,11,c_cublas,0,0.03379,0.03277,0.03277,0.03196,0,1
rs,10240,1280,16,gpu,11,A_gemmrs,1,0.07680,0.07578,0.07680,0.07022,0,1
rs,10240,1280,16,gpu,12,c_cublas,0,0.03379,0.03277,0.03277,0.03528,0,1
rs,10240,1280,16,gpu,12,A_gemmrs,1,0.07782,0.07578,0.07680,0.06869,0,1
rs,10240,1280,16,gpu,13,c_cublas,1,0.03482,0.03277,0.03482,0.03456,0,1
rs,10240,1280,16,gpu,13,A_gemmrs,0,0.07782,0.07578,0.07680,0.06622,0,1
rs,10240,1280,16,gpu,14,c_cublas,0,0.03277,0.03277,0.03277,0.03301,0,1
rs,10240,1280,16,gpu,14,A_gemmrs,1,0.07885,0.07578,0.07680,0.06663,0,1
rs,10240,1280,16,gpu,15,c_cublas,0,0.03482,0.03277,0.03482,0.03532,0,1
rs,10240,1280,16,gpu,15,A_gemmrs,1,0.07885,0.07680,0.07885,0.06809,0,1
rs,10240,1280,16,gpu,16,c_cublas,0,0.03277,0.03277,0.03277,0.03516,0,1
rs,10240,1280,16,gpu,16,A_gemmrs,1,0.07885,0.07578,0.07578,0.06634,0,1
rs,10240,1280,16,gpu,17,c_cublas,0,0.03482,0.03277,0.03482,0.03527,0,1
rs,10240,1280,16,gpu,17,A_gemmrs,1,0.07782,0.07578,0.07578,0.06896,0,1
rs,10240,1280,16,gpu,18,c_cublas,1,0.03379,0.03277,0.03379,0.03474,0,1
rs,10240,1280,16,gpu,18,A_gemmrs,0,0.07987,0.07578,0.07782,0.07026,0,1
rs,10240,1280,16,gpu,19,c_cublas,0,0.03379,0.03174,0.03379,0.03262,0,1
rs,10240,1280,16,gpu,19,A_gemmrs,1,0.07782,0.07578,0.07782,0.06935,0,1
rs,10240,1280,16,gpu,20,c_cublas,0,0.03379,0.03277,0.03379,0.03554,0,1
rs,10240,1280,16,gpu,20,A_gemmrs,1,0.07782,0.07680,0.07782,0.06877,0,1
rs,10240,1280,16,gpu,21,c_cublas,1,0.03379,0.03277,0.03379,0.03512,0,1
rs,10240,1280,16,gpu,21,A_gemmrs,0,0.07680,0.07578,0.07680,0.06958,0,1
rs,10240,1280,16,gpu,22,c_cublas,0,0.03379,0.03174,0.03277,0.03351,0,1
rs,10240,1280,16,gpu,22,A_gemmrs,1,0.07782,0.07578,0.07578,0.06935,0,1
rs,10240,1280,16,gpu,23,c_cublas,0,0.03379,0.03277,0.03379,0.03631,0,1
rs,10240,1280,16,gpu,23,A_gemmrs,1,0.07782,0.07578,0.07680,0.06912,0,1
rs,10240,1280,16,gpu,24,c_cublas,0,0.03379,0.03277,0.03379,0.03721,0,1
rs,10240,1280,16,gpu,24,A_gemmrs,1,0.07987,0.07680,0.07782,0.07081,0,1
rs,10240,1280,16,gpu,25,c_cublas,0,0.03379,0.03277,0.03277,0.03600,0,1
rs,10240,1280,16,gpu,25,A_gemmrs,1,0.07680,0.07680,0.07680,0.06658,0,1
rs,10240,1280,16,gpu,26,c_cublas,0,0.03482,0.03174,0.03482,0.03597,0,1
rs,10240,1280,16,gpu,26,A_gemmrs,1,0.07885,0.07680,0.07885,0.06769,0,1
rs,10240,1280,16,gpu,27,c_cublas,0,0.03379,0.03277,0.03379,0.03598,0,1
rs,10240,1280,16,gpu,27,A_gemmrs,1,0.07782,0.07578,0.07680,0.07683,0,1
rs,10240,1280,16,gpu,28,c_cublas,1,0.03379,0.03277,0.03379,0.04651,0,1
rs,10240,1280,16,gpu,28,A_gemmrs,0,0.07782,0.07578,0.07782,0.06542,0,1
rs,10240,1280,16,gpu,29,c_cublas,1,0.03379,0.03174,0.03379,0.03526,0,1
rs,10240,1280,16,gpu,29,A_gemmrs,0,0.07782,0.07578,0.07782,0.06821,0,1
rs,10240,1280,16,gpu,30,c_cublas,1,0.03379,0.03277,0.03379,0.03467,0,1
rs,10240,1280,16,gpu,30,A_gemmrs,0,0.07680,0.07475,0.07578,0.06976,0,1
rs,10240,1280,16,gpu,31,c_cublas,0,0.03277,0.03277,0.03277,0.03130,0,1
rs,10240,1280,16,gpu,31,A_gemmrs,1,0.07680,0.07578,0.07680,0.06738,0,1
rs,10240,1280,16,gpu,32,c_cublas,0,0.03379,0.03277,0.03379,0.03567,0,1
rs,10240,1280,16,gpu,32,A_gemmrs,1,0.07578,0.07578,0.07578,0.06989,0,1
rs,10240,1280,16,gpu,33,c_cublas,1,0.03482,0.03277,0.03482,0.03478,0,1
rs,10240,1280,16,gpu,33,A_gemmrs,0,0.07782,0.07578,0.07578,0.07779,0,1
rs,10240,1280,16,gpu,34,c_cublas,0,0.03379,0.03174,0.03277,0.04280,0,1
rs,10240,1280,16,gpu,34,A_gemmrs,1,0.07885,0.07578,0.07782,0.07221,0,1
rs,10240,1280,16,gpu,35,c_cublas,0,0.03379,0.03174,0.03379,0.03757,0,1
rs,10240,1280,16,gpu,35,A_gemmrs,1,0.07680,0.07578,0.07578,0.07165,0,1
rs,10240,1280,16,gpu,36,c_cublas,0,0.03482,0.03174,0.03277,0.03644,0,1
rs,10240,1280,16,gpu,36,A_gemmrs,1,0.07987,0.07578,0.07885,0.07165,0,1
rs,10240,1280,16,gpu,37,c_cublas,0,0.03482,0.03277,0.03277,0.03585,0,1
rs,10240,1280,16,gpu,37,A_gemmrs,1,0.07987,0.07578,0.07987,0.07603,0,1
rs,10240,1280,16,gpu,38,c_cublas,0,0.06246,0.03174,0.06246,0.03607,0,1
rs,10240,1280,16,gpu,38,A_gemmrs,1,0.07782,0.07578,0.07680,0.09534,0,1
rs,10240,1280,16,gpu,39,c_cublas,1,0.03482,0.03174,0.03482,0.03449,0,1
rs,10240,1280,16,gpu,39,A_gemmrs,0,0.07680,0.07578,0.07680,0.06777,0,1
rs,10240,1280,16,gpu,40,c_cublas,0,0.03379,0.03277,0.03379,0.03409,0,1
rs,10240,1280,16,gpu,40,A_gemmrs,1,0.07885,0.07680,0.07782,0.07061,0,1
rs,10240,1280,16,gpu,41,c_cublas,1,0.03482,0.03277,0.03482,0.03566,0,1
rs,10240,1280,16,gpu,41,A_gemmrs,0,0.07680,0.07578,0.07680,0.07180,0,1
rs,10240,1280,16,gpu,42,c_cublas,0,0.17408,0.03174,0.03379,0.14392,0,1
rs,10240,1280,16,gpu,42,A_gemmrs,1,0.07782,0.07680,0.07782,0.14451,0,1
rs,10240,1280,16,gpu,43,c_cublas,1,0.03379,0.03277,0.03379,0.03771,0,1
rs,10240,1280,16,gpu,43,A_gemmrs,0,0.07680,0.07578,0.07578,0.06870,0,1
rs,10240,1280,16,gpu,44,c_cublas,0,0.06656,0.03277,0.03277,0.04011,0,1
rs,10240,1280,16,gpu,44,A_gemmrs,1,0.07680,0.07578,0.07578,0.09911,0,1
rs,10240,1280,16,gpu,45,c_cublas,0,0.03482,0.03174,0.03482,0.03676,0,1
rs,10240,1280,16,gpu,45,A_gemmrs,1,0.07782,0.07578,0.07680,0.06719,0,1
rs,10240,1280,16,gpu,46,c_cublas,0,0.03277,0.03277,0.03277,0.03728,0,1
rs,10240,1280,16,gpu,46,A_gemmrs,1,0.07680,0.07578,0.07680,0.07009,0,1
rs,10240,1280,16,gpu,47,c_cublas,0,0.03379,0.03277,0.03379,0.04050,0,1
rs,10240,1280,16,gpu,47,A_gemmrs,1,0.07680,0.07475,0.07578,0.07510,0,1
rs,10240,1280,16,gpu,48,c_cublas,1,0.03379,0.03174,0.03379,0.21889,0,1
rs,10240,1280,16,gpu,48,A_gemmrs,0,0.07782,0.07578,0.07578,0.07132,0,1
rs,10240,1280,16,gpu,49,c_cublas,0,0.03379,0.03277,0.03379,0.03457,0,1
rs,10240,1280,16,gpu,49,A_gemmrs,1,0.07782,0.07578,0.07680,0.06884,0,1
rs,10240,1280,16,gpu,50,c_cublas,1,0.03379,0.03277,0.03379,0.03544,0,1
rs,10240,1280,16,gpu,50,A_gemmrs,0,0.07782,0.07680,0.07782,0.06748,0,1
rs,10240,1280,16,gpu,51,c_cublas,0,0.03379,0.03174,0.03379,0.03419,0,1
rs,10240,1280,16,gpu,51,A_gemmrs,1,0.07987,0.07782,0.07885,0.07157,0,1
rs,10240,1280,16,gpu,52,c_cublas,1,0.03379,0.03277,0.03379,0.03545,0,1
rs,10240,1280,16,gpu,52,A_gemmrs,0,0.07782,0.07578,0.07680,0.06776,0,1
rs,10240,1280,16,gpu,53,c_cublas,1,0.03379,0.03277,0.03379,0.04221,0,1
rs,10240,1280,16,gpu,53,A_gemmrs,0,0.07782,0.07475,0.07578,0.06985,0,1
rs,10240,1280,16,gpu,54,c_cublas,1,0.03379,0.03277,0.03379,0.04442,0,1
rs,10240,1280,16,gpu,54,A_gemmrs,0,0.08090,0.07578,0.08090,0.06967,0,1
rs,10240,1280,16,gpu,55,c_cublas,0,0.03379,0.03174,0.03277,0.03344,0,1
rs,10240,1280,16,gpu,55,A_gemmrs,1,0.07680,0.07578,0.07680,0.07904,0,1
rs,10240,1280,16,gpu,56,c_cublas,1,0.03379,0.03277,0.03379,0.03531,0,1
rs,10240,1280,16,gpu,56,A_gemmrs,0,0.07680,0.07578,0.07680,0.06510,0,1
rs,10240,1280,16,gpu,57,c_cublas,1,0.03379,0.03174,0.03379,0.03503,0,1
rs,10240,1280,16,gpu,57,A_gemmrs,0,0.07680,0.07475,0.07680,0.06927,0,1
rs,10240,1280,16,gpu,58,c_cublas,0,0.03379,0.03174,0.03379,0.03048,0,1
rs,10240,1280,16,gpu,58,A_gemmrs,1,0.07680,0.07475,0.07578,0.07000,0,1
rs,10240,1280,16,gpu,59,c_cublas,0,0.03379,0.03174,0.03277,0.04136,0,1
rs,10240,1280,16,gpu,59,A_gemmrs,1,0.07680,0.07578,0.07578,0.06660,0,1
rs,10240,1280,16,gpu,60,c_cublas,0,0.03379,0.03277,0.03379,0.04672,0,1
rs,10240,1280,16,gpu,60,A_gemmrs,1,0.07782,0.07680,0.07782,0.07030,0,1
rs,10240,1280,16,gpu,61,c_cublas,1,0.03379,0.03174,0.03277,0.03553,0,1
rs,10240,1280,16,gpu,61,A_gemmrs,0,0.07782,0.07578,0.07782,0.07571,0,1
rs,10240,1280,16,gpu,62,c_cublas,0,0.03277,0.03277,0.03277,0.03350,0,1
rs,10240,1280,16,gpu,62,A_gemmrs,1,0.07885,0.07578,0.07885,0.07221,0,1
rs,10240,1280,16,gpu,63,c_cublas,0,0.03379,0.03174,0.03379,0.03533,0,1
rs,10240,1280,16,gpu,63,A_gemmrs,1,0.07782,0.07578,0.07782,0.06998,0,1
rs,10240,1280,16,gpu,64,c_cublas,0,0.03379,0.03174,0.03379,0.03576,0,1
rs,10240,1280,16,gpu,64,A_gemmrs,1,0.07680,0.07578,0.07680,0.07035,0,1
rs,10240,1280,16,gpu,65,c_cublas,0,0.03379,0.03277,0.03379,0.03648,0,1
rs,10240,1280,16,gpu,65,A_gemmrs,1,0.07885,0.07680,0.07782,0.06989,0,1
rs,10240,1280,16,gpu,66,c_cublas,0,0.03379,0.03174,0.03379,0.03575,0,1
rs,10240,1280,16,gpu,66,A_gemmrs,1,0.07782,0.07680,0.07782,0.06914,0,1
rs,10240,1280,16,gpu,67,c_cublas,0,0.03379,0.03174,0.03379,0.03592,0,1
rs,10240,1280,16,gpu,67,A_gemmrs,1,0.07782,0.07578,0.07680,0.06816,0,1
rs,10240,1280,16,gpu,68,c_cublas,1,0.03379,0.03277,0.03379,0.04892,0,1
rs,10240,1280,16,gpu,68,A_gemmrs,0,0.07578,0.07475,0.07578,0.07105,0,1
rs,10240,1280,16,gpu,69,c_cublas,0,0.03379,0.03174,0.03379,0.03307,0,1
rs,10240,1280,16,gpu,69,A_gemmrs,1,0.07782,0.07578,0.07680,0.07016,0,1
rs,10240,1280,16,gpu,70,c_cublas,0,0.03379,0.03174,0.03379,0.03573,0,1
rs,10240,1280,16,gpu,70,A_gemmrs,1,0.07885,0.07578,0.07578,0.07230,0,1
rs,10240,1280,16,gpu,71,c_cublas,0,0.03379,0.03277,0.03277,0.03545,0,1
rs,10240,1280,16,gpu,71,A_gemmrs,1,0.07885,0.07578,0.07578,0.07312,0,1
rs,10240,1280,16,gpu,72,c_cublas,0,0.03482,0.03277,0.03482,0.03494,0,1
rs,10240,1280,16,gpu,72,A_gemmrs,1,0.07680,0.07578,0.07680,0.07703,0,1
rs,10240,1280,16,gpu,73,c_cublas,0,0.03277,0.03277,0.03277,0.03545,1155,0
rs,10240,1280,16,gpu,73,A_gemmrs,1,0.07885,0.07578,0.07578,0.07100,1155,0
rs,10240,1280,16,gpu,74,c_cublas,1,0.03379,0.03277,0.03379,0.03444,1155,0
rs,10240,1280,16,gpu,74,A_gemmrs,0,0.07680,0.07578,0.07578,0.06724,1155,0
rs,10240,1280,16,gpu,75,c_cublas,0,0.03277,0.03174,0.03277,0.03620,1155,0
rs,10240,1280,16,gpu,75,A_gemmrs,1,0.08192,0.07680,0.08192,0.07654,1155,0
rs,10240,1280,16,gpu,76,c_cublas,1,0.03379,0.03174,0.03379,0.03440,1155,0
rs,10240,1280,16,gpu,76,A_gemmrs,0,0.07680,0.07578,0.07680,0.06581,1155,0
rs,10240,1280,16,gpu,77,c_cublas,0,0.03379,0.03277,0.03379,0.03345,1155,0
rs,10240,1280,16,gpu,77,A_gemmrs,1,0.07782,0.07680,0.07782,0.07013,1155,0
rs,10240,1280,16,gpu,78,c_cublas,0,0.03379,0.03174,0.03277,0.03593,1155,0
rs,10240,1280,16,gpu,78,A_gemmrs,1,0.07987,0.07680,0.07680,0.07157,1155,0
rs,10240,1280,16,gpu,79,c_cublas,0,0.03379,0.03277,0.03379,0.03665,1155,0
rs,10240,1280,16,gpu,79,A_gemmrs,1,0.07782,0.07578,0.07782,0.07076,1155,0
rs,10240,1280,16,gpu,80,c_cublas,0,0.03379,0.03174,0.03277,0.03506,1155,0
rs,10240,1280,16,gpu,80,A_gemmrs,1,0.07680,0.07578,0.07578,0.06785,1155,0
rs,10240,1280,16,gpu,81,c_cublas,0,0.03379,0.03174,0.03379,0.03591,1155,0
rs,10240,1280,16,gpu,81,A_gemmrs,1,0.07680,0.07578,0.07578,0.07179,1155,0
rs,10240,1280,16,gpu,82,c_cublas,0,0.03379,0.03379,0.03379,0.03557,1155,0
rs,10240,1280,16,gpu,82,A_gemmrs,1,0.07680,0.07578,0.07680,0.06888,1155,0
rs,10240,1280,16,gpu,83,c_cublas,0,0.03379,0.03277,0.03277,0.03575,1155,0
rs,10240,1280,16,gpu,83,A_gemmrs,1,0.07782,0.07578,0.07578,0.08026,1155,0
rs,10240,1280,16,gpu,84,c_cublas,0,0.06554,0.03277,0.03379,0.03829,1155,0
rs,10240,1280,16,gpu,84,A_gemmrs,1,0.07782,0.07578,0.07782,0.10051,1155,0
rs,10240,1280,16,gpu,85,c_cublas,1,0.03379,0.03277,0.03379,0.03455,1155,0
rs,10240,1280,16,gpu,85,A_gemmrs,0,0.07987,0.07578,0.07885,0.06488,1155,0
rs,10240,1280,16,gpu,86,c_cublas,1,0.03379,0.03174,0.03379,0.03535,1155,0
rs,10240,1280,16,gpu,86,A_gemmrs,0,0.07578,0.07578,0.07578,0.06952,1155,0
rs,10240,1280,16,gpu,87,c_cublas,1,0.03379,0.03277,0.03379,0.03391,1155,0
rs,10240,1280,16,gpu,87,A_gemmrs,0,0.67174,0.10138,0.66867,0.07830,1155,0
rs,10240,1280,16,gpu,88,c_cublas,0,0.03379,0.03174,0.03379,0.03411,1155,0
rs,10240,1280,16,gpu,88,A_gemmrs,1,0.07782,0.07680,0.07782,0.06980,1155,0
rs,10240,1280,16,gpu,89,c_cublas,0,0.03482,0.03174,0.03482,0.03504,1155,0
rs,10240,1280,16,gpu,89,A_gemmrs,1,0.07680,0.07680,0.07680,0.06968,1155,0
rs,10240,1280,16,gpu,90,c_cublas,1,0.03482,0.03277,0.03482,0.03447,1155,0
rs,10240,1280,16,gpu,90,A_gemmrs,0,0.07680,0.07578,0.07680,0.06599,1155,0
rs,10240,1280,16,gpu,91,c_cublas,0,0.03482,0.03277,0.03379,0.03417,1155,0
rs,10240,1280,16,gpu,91,A_gemmrs,1,0.07782,0.07578,0.07578,0.07243,1155,0
rs,10240,1280,16,gpu,92,c_cublas,1,0.03379,0.03174,0.03277,0.03515,1155,0
rs,10240,1280,16,gpu,92,A_gemmrs,0,0.07680,0.07578,0.07578,0.06773,1155,0
rs,10240,1280,16,gpu,93,c_cublas,0,0.03379,0.03174,0.03174,0.03184,1155,0
rs,10240,1280,16,gpu,93,A_gemmrs,1,0.07680,0.07270,0.07270,0.06656,1155,0
rs,10240,1280,16,gpu,94,c_cublas,1,0.03379,0.03174,0.03174,0.03471,1155,0
rs,10240,1280,16,gpu,94,A_gemmrs,0,0.07680,0.07475,0.07475,0.06989,1155,0
rs,10240,1280,16,gpu,95,c_cublas,0,0.03379,0.03174,0.03174,0.03227,1155,0
rs,10240,1280,16,gpu,95,A_gemmrs,1,0.07680,0.07373,0.07373,0.06866,1155,0
rs,10240,1280,16,gpu,96,c_cublas,0,0.03379,0.03174,0.03174,0.03491,1155,0
rs,10240,1280,16,gpu,96,A_gemmrs,1,0.07680,0.07475,0.07475,0.06783,1155,0
rs,10240,1280,16,gpu,97,c_cublas,0,0.03379,0.03277,0.03277,0.03485,1155,0
rs,10240,1280,16,gpu,97,A_gemmrs,1,0.07680,0.07475,0.07475,0.06907,1155,0
rs,10240,1280,16,gpu,98,c_cublas,1,0.03379,0.03174,0.03174,0.03542,1155,0
rs,10240,1280,16,gpu,98,A_gemmrs,0,0.07782,0.07680,0.07680,0.06669,1155,0
rs,10240,1280,16,gpu,99,c_cublas,1,0.03379,0.03174,0.03174,0.03386,1155,0
rs,10240,1280,16,gpu,99,A_gemmrs,0,0.07680,0.07373,0.07373,0.06974,1155,0
rs,10240,1280,16,gpu,100,c_cublas,1,0.03379,0.03174,0.03174,0.03521,1155,0
rs,10240,1280,16,gpu,100,A_gemmrs,0,0.08192,0.07680,0.07680,0.07140,1155,0
rs,10240,1280,16,gpu,101,c_cublas,0,0.03277,0.03174,0.03174,0.03322,1155,0
rs,10240,1280,16,gpu,101,A_gemmrs,1,0.07680,0.07270,0.07270,0.07125,1155,0
rs,10240,1280,16,gpu,102,c_cublas,0,0.03379,0.03174,0.03174,0.03471,1155,0
rs,10240,1280,16,gpu,102,A_gemmrs,1,0.07782,0.07270,0.07270,0.07132,1155,0
rs,10240,1280,16,gpu,103,c_cublas,1,0.03277,0.03277,0.03277,0.03427,1155,0
rs,10240,1280,16,gpu,103,A_gemmrs,0,0.07578,0.07475,0.07475,0.06457,1155,0
rs,10240,1280,16,gpu,104,c_cublas,0,0.03379,0.03174,0.03174,0.03390,1155,0
rs,10240,1280,16,gpu,104,A_gemmrs,1,0.07782,0.07475,0.07475,0.07203,1155,0
rs,10240,1280,16,gpu,105,c_cublas,0,0.03379,0.03174,0.03174,0.03508,1155,0
rs,10240,1280,16,gpu,105,A_gemmrs,1,0.07782,0.07373,0.07373,0.07158,1155,0
rs,10240,1280,16,gpu,106,c_cublas,0,0.03379,0.03174,0.03174,0.03526,1155,0
rs,10240,1280,16,gpu,106,A_gemmrs,1,0.07885,0.07578,0.07578,0.07217,1155,0
rs,10240,1280,16,gpu,107,c_cublas,0,0.03379,0.03174,0.03277,0.03610,1155,0
rs,10240,1280,16,gpu,107,A_gemmrs,1,0.08090,0.07475,0.07475,0.07170,1155,0
rs,10240,1280,16,gpu,108,c_cublas,1,0.03379,0.03174,0.03174,0.03543,1155,0
rs,10240,1280,16,gpu,108,A_gemmrs,0,0.07782,0.07475,0.07578,0.07019,1155,0
rs,10240,1280,16,gpu,109,c_cublas,0,0.03277,0.03174,0.03174,0.03441,1155,0
rs,10240,1280,16,gpu,109,A_gemmrs,1,0.07680,0.07578,0.07578,0.08102,1155,0
rs,10240,1280,16,gpu,110,c_cublas,1,0.03379,0.03072,0.03072,0.04091,1155,0
rs,10240,1280,16,gpu,110,A_gemmrs,0,0.07680,0.07475,0.07475,0.06679,1155,0
rs,10240,1280,16,gpu,111,c_cublas,0,0.03277,0.03174,0.03277,0.03269,1155,0
rs,10240,1280,16,gpu,111,A_gemmrs,1,0.07782,0.07373,0.07373,0.09346,1155,0
rs,10240,1280,16,gpu,112,c_cublas,0,0.03482,0.03174,0.03174,0.03542,1155,0
rs,10240,1280,16,gpu,112,A_gemmrs,1,0.07680,0.07578,0.07578,0.07194,1155,0
rs,10240,1280,16,gpu,113,c_cublas,1,0.03277,0.03174,0.03174,0.03526,1155,0
rs,10240,1280,16,gpu,113,A_gemmrs,0,0.07680,0.07475,0.07475,0.06484,1155,0
rs,10240,1280,16,gpu,114,c_cublas,0,0.03379,0.03174,0.03174,0.03178,1155,0
rs,10240,1280,16,gpu,114,A_gemmrs,1,0.07885,0.07475,0.07475,0.07311,1155,0
rs,10240,1280,16,gpu,115,c_cublas,0,0.03379,0.03174,0.03174,0.04482,1155,0
rs,10240,1280,16,gpu,115,A_gemmrs,1,0.07885,0.07270,0.07270,0.06971,1155,0
rs,10240,1280,16,gpu,116,c_cublas,0,0.03277,0.03277,0.03277,0.04606,1155,0
rs,10240,1280,16,gpu,116,A_gemmrs,1,0.07782,0.07373,0.07373,0.07093,1155,0
rs,10240,1280,16,gpu,117,c_cublas,1,0.03482,0.03174,0.03277,0.03485,1155,0
rs,10240,1280,16,gpu,117,A_gemmrs,0,0.07680,0.07475,0.07475,0.06744,1155,0
rs,10240,1280,16,gpu,118,c_cublas,1,0.03379,0.03174,0.03174,0.03468,1155,0
rs,10240,1280,16,gpu,118,A_gemmrs,0,0.08704,0.08192,0.08294,0.06996,1155,0
rs,10240,1280,16,gpu,119,c_cublas,1,0.03379,0.03174,0.03174,0.03511,1155,0
rs,10240,1280,16,gpu,119,A_gemmrs,0,0.07782,0.07680,0.07782,0.12442,1155,0
rs,10240,1280,16,gpu,120,c_cublas,0,0.03379,0.03174,0.03174,0.03351,1155,0
rs,10240,1280,16,gpu,120,A_gemmrs,1,0.07680,0.07373,0.07373,0.07067,1155,0
rs,10240,1280,16,gpu,121,c_cublas,1,0.03277,0.03174,0.03174,0.03546,1155,0
rs,10240,1280,16,gpu,121,A_gemmrs,0,0.07578,0.07475,0.07475,0.07633,1155,0
rs,10240,1280,16,gpu,122,c_cublas,0,0.03277,0.03174,0.03277,0.03357,1155,0
rs,10240,1280,16,gpu,122,A_gemmrs,1,0.07578,0.07475,0.07475,0.06834,1155,0
rs,10240,1280,16,gpu,123,c_cublas,1,0.03277,0.03072,0.03174,0.03509,1155,1
rs,10240,1280,16,gpu,123,A_gemmrs,0,0.07578,0.07475,0.07475,0.07183,1155,1
rs,10240,1280,16,gpu,124,c_cublas,1,0.03277,0.03174,0.03174,0.03372,1155,1
rs,10240,1280,16,gpu,124,A_gemmrs,0,0.07578,0.07373,0.07373,0.07186,1155,1
rs,10240,1280,16,gpu,125,c_cublas,1,0.03277,0.03072,0.03174,0.03464,1155,1
rs,10240,1280,16,gpu,125,A_gemmrs,0,0.07578,0.07475,0.07475,0.07262,1155,1
rs,10240,1280,16,gpu,126,c_cublas,0,0.03277,0.03174,0.03174,0.03240,1155,1
rs,10240,1280,16,gpu,126,A_gemmrs,1,0.07578,0.07475,0.07475,0.06973,1155,1
rs,10240,1280,16,gpu,127,c_cublas,1,0.03277,0.03174,0.03174,0.03463,1155,1
rs,10240,1280,16,gpu,127,A_gemmrs,0,0.07578,0.07475,0.07475,0.06721,1155,1
rs,10240,1280,16,gpu,128,c_cublas,0,0.03379,0.03174,0.03174,0.03409,1155,1
rs,10240,1280,16,gpu,128,A_gemmrs,1,0.07578,0.07578,0.07578,0.07166,1155,1
rs,10240,1280,16,gpu,129,c_cublas,1,0.03379,0.03072,0.03072,0.03497,1155,1
rs,10240,1280,16,gpu,129,A_gemmrs,0,0.07782,0.07578,0.07578,0.06586,1155,1
rs,10240,1280,16,gpu,130,c_cublas,0,0.03277,0.03072,0.03072,0.03323,1155,1
rs,10240,1280,16,gpu,130,A_gemmrs,1,0.07578,0.07475,0.07475,0.06831,1155,1
rs,10240,1280,16,gpu,131,c_cublas,0,0.03277,0.03174,0.03174,0.04415,1155,1
rs,10240,1280,16,gpu,131,A_gemmrs,1,0.07680,0.07578,0.07578,0.07967,1155,1
rs,10240,1280,16,gpu,132,c_cublas,0,0.03277,0.03072,0.03174,0.05141,1155,1
rs,10240,1280,16,gpu,132,A_gemmrs,1,0.07680,0.07475,0.07475,0.07073,1155,1
rs,10240,1280,16,gpu,133,c_cublas,0,0.07987,0.03174,0.07987,0.05525,1155,1
rs,10240,1280,16,gpu,133,A_gemmrs,1,0.07680,0.07578,0.07578,0.08788,1155,1
rs,10240,1280,16,gpu,134,c_cublas,0,0.03379,0.03174,0.03277,0.03502,1155,1
rs,10240,1280,16,gpu,134,A_gemmrs,1,0.07680,0.07578,0.07680,0.07127,1155,1
rs,10240,1280,16,gpu,135,c_cublas,0,0.03277,0.03174,0.03277,0.03519,1155,1
rs,10240,1280,16,gpu,135,A_gemmrs,1,0.07680,0.07578,0.07578,0.07341,1155,1
rs,10240,1280,16,gpu,136,c_cublas,1,0.03379,0.03072,0.03174,0.03507,1155,1
rs,10240,1280,16,gpu,136,A_gemmrs,0,0.07782,0.07680,0.07680,0.06514,1155,1
rs,10240,1280,16,gpu,137,c_cublas,1,0.03379,0.03174,0.03277,0.03386,1155,1
rs,10240,1280,16,gpu,137,A_gemmrs,0,0.07578,0.07578,0.07578,0.06725,1155,1
rs,10240,1280,16,gpu,138,c_cublas,0,0.03277,0.03174,0.03174,0.03398,1155,1
rs,10240,1280,16,gpu,138,A_gemmrs,1,0.07578,0.07578,0.07578,0.07314,1155,1
rs,10240,1280,16,gpu,139,c_cublas,0,0.03277,0.03174,0.03174,0.03512,1155,1
rs,10240,1280,16,gpu,139,A_gemmrs,1,0.07578,0.07475,0.07475,0.06794,1155,1
rs,10240,1280,16,gpu,140,c_cublas,0,0.06451,0.03174,0.03174,0.03797,1155,1
rs,10240,1280,16,gpu,140,A_gemmrs,1,0.07578,0.07373,0.07475,0.08157,1155,1
rs,10240,1280,16,gpu,141,c_cublas,1,0.03277,0.03174,0.03174,0.03546,1155,1
rs,10240,1280,16,gpu,141,A_gemmrs,0,0.07578,0.07475,0.07475,0.06852,1155,1
rs,10240,1280,16,gpu,142,c_cublas,0,0.03277,0.03174,0.03174,0.03748,1155,1
rs,10240,1280,16,gpu,142,A_gemmrs,1,0.07680,0.07475,0.07475,0.06963,1155,1
rs,10240,1280,16,gpu,143,c_cublas,1,0.03379,0.03174,0.03174,0.03504,1155,1
rs,10240,1280,16,gpu,143,A_gemmrs,0,0.07680,0.07578,0.07578,0.06593,1155,1
rs,10240,1280,16,gpu,144,c_cublas,0,0.03379,0.03174,0.03174,0.03353,1155,1
rs,10240,1280,16,gpu,144,A_gemmrs,1,0.07680,0.07475,0.07475,0.06977,1155,1
rs,10240,1280,16,gpu,145,c_cublas,1,0.03379,0.03174,0.03277,0.03558,1155,1
rs,10240,1280,16,gpu,145,A_gemmrs,0,0.07578,0.07475,0.07475,0.06511,1155,1
rs,10240,1280,16,gpu,146,c_cublas,1,0.03174,0.03174,0.03174,0.03551,1155,1
rs,10240,1280,16,gpu,146,A_gemmrs,0,0.07782,0.07680,0.07680,0.07225,1155,1
rs,10240,1280,16,gpu,147,c_cublas,1,0.03277,0.03072,0.03277,0.03461,1155,1
rs,10240,1280,16,gpu,147,A_gemmrs,0,0.06963,0.06963,0.06963,0.07167,1155,1
rs,10240,1280,16,gpu,148,c_cublas,0,0.03277,0.03174,0.03174,0.02998,1155,1
rs,10240,1280,16,gpu,148,A_gemmrs,1,0.07578,0.06963,0.07066,0.06822,1155,1
rs,10240,1280,16,gpu,149,c_cublas,0,0.03277,0.03174,0.03174,0.03563,1155,1
rs,10240,1280,16,gpu,149,A_gemmrs,1,0.07168,0.07066,0.07066,0.06881,1155,1
rs,10240,1280,16,gpu,150,c_cublas,0,0.03277,0.03174,0.03174,0.03499,1155,1
rs,10240,1280,16,gpu,150,A_gemmrs,1,0.07066,0.06963,0.07066,0.07383,1155,1
rs,10240,1280,16,gpu,151,c_cublas,1,0.03277,0.03174,0.03174,0.03459,1155,1
rs,10240,1280,16,gpu,151,A_gemmrs,0,0.07066,0.06861,0.07066,0.06386,1155,1
rs,10240,1280,16,gpu,152,c_cublas,0,0.03277,0.03174,0.03174,0.03356,1155,1
rs,10240,1280,16,gpu,152,A_gemmrs,1,0.07066,0.06963,0.06963,0.06826,1155,1
rs,10240,1280,16,gpu,153,c_cublas,0,0.03379,0.03174,0.03174,0.03494,1155,1
rs,10240,1280,16,gpu,153,A_gemmrs,1,0.07066,0.06963,0.06963,0.06812,1155,1
rs,10240,1280,16,gpu,154,c_cublas,0,0.03277,0.03174,0.03277,0.03576,1155,1
rs,10240,1280,16,gpu,154,A_gemmrs,1,0.07066,0.06963,0.06963,0.07156,1155,1
rs,10240,1280,16,gpu,155,c_cublas,1,0.03277,0.03174,0.03174,0.03462,1155,1
rs,10240,1280,16,gpu,155,A_gemmrs,0,0.06963,0.06758,0.06963,0.06312,1155,1
rs,10240,1280,16,gpu,156,c_cublas,1,0.03277,0.03072,0.03174,0.03386,1155,1
rs,10240,1280,16,gpu,156,A_gemmrs,0,0.07066,0.06861,0.06963,0.06721,1155,1
rs,10240,1280,16,gpu,157,c_cublas,0,0.03277,0.03174,0.03174,0.03222,1155,1
rs,10240,1280,16,gpu,157,A_gemmrs,1,0.07168,0.06963,0.06963,0.07100,1155,1
rs,10240,1280,16,gpu,158,c_cublas,0,0.03174,0.03072,0.03174,0.03492,1155,1
rs,10240,1280,16,gpu,158,A_gemmrs,1,0.06963,0.06861,0.06963,0.07094,1155,1
rs,10240,1280,16,gpu,159,c_cublas,1,0.03174,0.03174,0.03174,0.03449,1155,1
rs,10240,1280,16,gpu,159,A_gemmrs,0,0.07066,0.07066,0.07066,0.06693,1155,1
rs,10240,1280,16,gpu,160,c_cublas,0,0.03277,0.03174,0.03277,0.03149,1155,1
rs,10240,1280,16,gpu,160,A_gemmrs,1,0.07475,0.06861,0.07475,0.06697,1155,1
rs,10240,1280,16,gpu,161,c_cublas,0,0.03277,0.03174,0.03277,0.03395,1155,1
rs,10240,1280,16,gpu,161,A_gemmrs,1,0.07168,0.06963,0.06963,0.06774,1155,1
rs,10240,1280,16,gpu,162,c_cublas,0,0.03277,0.03072,0.03277,0.03467,1155,1
rs,10240,1280,16,gpu,162,A_gemmrs,1,0.07066,0.06861,0.07066,0.07222,1155,1
rs,10240,1280,16,gpu,163,c_cublas,1,0.03277,0.03174,0.03174,0.03396,1155,1
rs,10240,1280,16,gpu,163,A_gemmrs,0,0.06963,0.06963,0.06963,0.06473,1155,1
rs,10240,1280,16,gpu,164,c_cublas,0,0.03277,0.03072,0.03277,0.03290,1155,1
rs,10240,1280,16,gpu,164,A_gemmrs,1,0.07066,0.06861,0.06963,0.06776,1155,1
rs,10240,1280,16,gpu,165,c_cublas,0,0.03277,0.03072,0.03174,0.03482,1155,1
rs,10240,1280,16,gpu,165,A_gemmrs,1,0.06963,0.06758,0.06861,0.06691,1155,1
rs,10240,1280,16,gpu,166,c_cublas,1,0.03277,0.03174,0.03174,0.03497,1155,1
rs,10240,1280,16,gpu,166,A_gemmrs,0,0.06963,0.06963,0.06963,0.06712,1155,1
rs,10240,1280,16,gpu,167,c_cublas,1,0.03277,0.03174,0.03174,0.03377,1155,1
rs,10240,1280,16,gpu,167,A_gemmrs,0,0.07066,0.06963,0.07066,0.07067,1155,1
rs,10240,1280,16,gpu,168,c_cublas,1,0.03174,0.03174,0.03174,0.03480,1155,1
rs,10240,1280,16,gpu,168,A_gemmrs,0,0.07168,0.06963,0.07168,0.07035,1155,1
rs,10240,1280,16,gpu,169,c_cublas,0,0.03174,0.03174,0.03174,0.03321,1155,1
rs,10240,1280,16,gpu,169,A_gemmrs,1,0.07066,0.06963,0.07066,0.06823,1155,1
rs,10240,1280,16,gpu,170,c_cublas,0,0.03277,0.03174,0.03174,0.03477,1155,1
rs,10240,1280,16,gpu,170,A_gemmrs,1,0.07168,0.06963,0.07066,0.06598,1155,1
rs,10240,1280,16,gpu,171,c_cublas,1,0.03277,0.03174,0.03277,0.03514,1155,1
rs,10240,1280,16,gpu,171,A_gemmrs,0,0.07168,0.06861,0.06861,0.06691,1155,1
rs,10240,1280,16,gpu,172,c_cublas,1,0.03277,0.03072,0.03174,0.03435,1155,1
rs,10240,1280,16,gpu,172,A_gemmrs,0,0.07168,0.06963,0.07066,0.08375,1155,1
rs,10240,1280,16,gpu,173,c_cublas,0,0.03277,0.03072,0.03174,0.03277,1155,1
rs,10240,1280,16,gpu,173,A_gemmrs,1,0.07168,0.06963,0.07066,0.07178,1155,1
rs,10240,1280,16,gpu,174,c_cublas,1,0.03277,0.03174,0.03174,0.03993,1155,1
rs,10240,1280,16,gpu,174,A_gemmrs,0,0.07066,0.06963,0.06963,0.06215,1155,1
rs,10240,1280,16,gpu,175,c_cublas,0,0.03277,0.03174,0.03174,0.03339,1155,1
rs,10240,1280,16,gpu,175,A_gemmrs,1,0.06963,0.06861,0.06963,0.07124,1155,1
rs,10240,1280,16,gpu,176,c_cublas,1,0.03277,0.03174,0.03277,0.03570,1155,1
rs,10240,1280,16,gpu,176,A_gemmrs,0,0.07066,0.06861,0.06963,0.06751,1155,1
rs,10240,1280,16,gpu,177,c_cublas,1,0.03277,0.03174,0.03174,0.09815,1155,1
rs,10240,1280,16,gpu,177,A_gemmrs,0,0.07066,0.06963,0.07066,0.06715,1155,1
rs,10240,1280,16,gpu,178,c_cublas,0,0.03174,0.03072,0.03174,0.03397,1155,1
rs,10240,1280,16,gpu,178,A_gemmrs,1,0.07168,0.06861,0.06861,0.07464,1155,1
rs,10240,1280,16,gpu,179,c_cublas,1,0.03277,0.03174,0.03174,0.03470,1155,1
rs,10240,1280,16,gpu,179,A_gemmrs,0,0.06861,0.06758,0.06758,0.06456,1155,1
rs,10240,1280,16,gpu,180,c_cublas,0,0.03174,0.03072,0.03174,0.03237,1155,1
rs,10240,1280,16,gpu,180,A_gemmrs,1,0.06861,0.06758,0.06861,0.06988,1155,1
rs,10240,1280,16,gpu,181,c_cublas,1,0.03174,0.03072,0.03174,0.03517,1155,1
rs,10240,1280,16,gpu,181,A_gemmrs,0,0.07066,0.06963,0.06963,0.06375,1155,1
rs,10240,1280,16,gpu,182,c_cublas,1,0.03277,0.03072,0.03174,0.03526,1155,1
rs,10240,1280,16,gpu,182,A_gemmrs,0,0.06861,0.06758,0.06861,0.06927,1155,1
rs,10240,1280,16,gpu,183,c_cublas,0,0.03174,0.03174,0.03174,0.03080,1155,1
rs,10240,1280,16,gpu,183,A_gemmrs,1,0.06861,0.06861,0.06861,0.07095,1155,1
rs,10240,1280,16,gpu,184,c_cublas,1,0.06349,0.03174,0.03277,0.03865,1155,1
rs,10240,1280,16,gpu,184,A_gemmrs,0,0.07066,0.06963,0.07066,0.06953,1155,1
rs,10240,1280,16,gpu,185,c_cublas,0,0.03277,0.03072,0.03174,0.03329,1155,1
rs,10240,1280,16,gpu,185,A_gemmrs,1,0.07168,0.06758,0.07168,0.09273,1155,1
rs,10240,1280,16,gpu,186,c_cublas,0,0.03277,0.03174,0.03174,0.03591,1155,1
rs,10240,1280,16,gpu,186,A_gemmrs,1,0.06963,0.06861,0.06963,0.06976,1155,1
rs,10240,1280,16,gpu,187,c_cublas,0,0.03277,0.03174,0.03277,0.03440,1155,1
rs,10240,1280,16,gpu,187,A_gemmrs,1,0.06963,0.06758,0.06758,0.06933,1155,1
rs,10240,1280,16,gpu,188,c_cublas,0,0.06349,0.03174,0.03174,0.03688,1155,1
rs,10240,1280,16,gpu,188,A_gemmrs,1,0.06861,0.06758,0.06758,0.08007,1155,1
rs,10240,1280,16,gpu,189,c_cublas,1,0.03277,0.03174,0.03277,0.03431,1155,1
rs,10240,1280,16,gpu,189,A_gemmrs,0,0.06861,0.06758,0.06861,0.06625,1155,1
rs,10240,1280,16,gpu,190,c_cublas,0,0.03174,0.03072,0.03174,0.03299,1155,1
rs,10240,1280,16,gpu,190,A_gemmrs,1,0.06861,0.06758,0.06861,0.06787,1155,1
rs,10240,1280,16,gpu,191,c_cublas,1,0.03277,0.03174,0.03174,0.17532,1305,1
rs,10240,1280,16,gpu,191,A_gemmrs,0,0.06861,0.06758,0.06758,0.06652,1305,1
rs,10240,1280,16,gpu,192,c_cublas,0,0.03174,0.03174,0.03174,0.03233,1305,1
rs,10240,1280,16,gpu,192,A_gemmrs,1,0.07680,0.06963,0.06963,0.06755,1305,1
rs,10240,1280,16,gpu,193,c_cublas,1,0.03277,0.03174,0.03174,0.03394,1305,1
rs,10240,1280,16,gpu,193,A_gemmrs,0,0.06861,0.06758,0.06758,0.06480,1305,1
rs,10240,1280,16,gpu,194,c_cublas,0,0.03174,0.03072,0.03174,0.03202,1305,1
rs,10240,1280,16,gpu,194,A_gemmrs,1,0.07066,0.06963,0.06963,0.06763,1305,1
rs,10240,1280,16,gpu,195,c_cublas,0,0.03174,0.03174,0.03174,0.03467,1305,1
rs,10240,1280,16,gpu,195,A_gemmrs,1,0.06963,0.06758,0.06861,0.06714,1305,1
rs,10240,1280,16,gpu,196,c_cublas,0,0.03277,0.03072,0.03277,0.03437,1305,1
rs,10240,1280,16,gpu,196,A_gemmrs,1,0.06861,0.06758,0.06861,0.06591,1305,1
rs,10240,1280,16,gpu,197,c_cublas,0,0.03174,0.03174,0.03174,0.03426,1305,1
rs,10240,1280,16,gpu,197,A_gemmrs,1,0.07168,0.06861,0.07168,0.06584,1305,1
rs,10240,1280,16,gpu,198,c_cublas,1,0.03174,0.03174,0.03174,0.03423,1305,1
rs,10240,1280,16,gpu,198,A_gemmrs,0,0.06963,0.06758,0.06861,0.06867,1305,1
rs,10240,1280,16,gpu,199,c_cublas,1,0.03174,0.03174,0.03174,0.03393,1305,1
rs,10240,1280,16,gpu,199,A_gemmrs,0,0.06963,0.06758,0.06861,0.07027,1305,1
rs,10240,1280,16,steady,0,c_cublas,0,0.05152,0.02234,0.04365,0.04167,0,1
rs,10240,1280,16,steady,0,A_gemmrs,1,0.05818,0.05811,0.05811,0.03607,0,1
rs,10240,1280,16,steady,1,c_cublas,0,0.02490,0.02304,0.02336,0.01392,0,1
rs,10240,1280,16,steady,1,A_gemmrs,1,0.05830,0.05818,0.05830,0.03720,0,1
rs,10240,1280,16,steady,2,c_cublas,0,0.02426,0.02400,0.02406,0.01292,0,1
rs,10240,1280,16,steady,2,A_gemmrs,1,0.05830,0.05824,0.05830,0.03443,0,1
rs,10240,1280,16,steady,3,c_cublas,1,0.02253,0.02246,0.02253,0.01271,0,1
rs,10240,1280,16,steady,3,A_gemmrs,0,0.06112,0.05946,0.06080,0.03436,0,1
rs,10240,1280,16,steady,4,c_cublas,0,0.02464,0.02432,0.02438,0.01257,0,1
rs,10240,1280,16,steady,4,A_gemmrs,1,0.05843,0.05837,0.05837,0.03459,0,1
rs,10240,1280,16,steady,5,c_cublas,0,0.02419,0.02387,0.02406,0.01275,0,1
rs,10240,1280,16,steady,5,A_gemmrs,1,0.05914,0.05907,0.05914,0.03385,0,1
rs,10240,1280,16,steady,6,c_cublas,1,0.02246,0.02240,0.02246,0.01324,0,1
rs,10240,1280,16,steady,6,A_gemmrs,0,0.05933,0.05907,0.05926,0.03338,0,1
rs,10240,1280,16,steady,7,c_cublas,1,0.02259,0.02246,0.02246,0.01277,0,1
rs,10240,1280,16,steady,7,A_gemmrs,0,0.06035,0.05939,0.06035,0.03458,0,1
rs,10240,1280,16,steady,8,c_cublas,1,0.02253,0.02240,0.02246,0.01318,0,1
rs,10240,1280,16,steady,8,A_gemmrs,0,0.05914,0.05901,0.05914,0.03382,0,1
rs,10240,1280,16,steady,9,c_cublas,1,0.02266,0.02240,0.02246,0.01269,0,1
rs,10240,1280,16,steady,9,A_gemmrs,0,0.05952,0.05939,0.05952,0.03445,0,1
rs,10240,1280,16,steady,10,c_cublas,0,0.02464,0.02406,0.02413,0.01224,0,1
rs,10240,1280,16,steady,10,A_gemmrs,1,0.05850,0.05843,0.05850,0.03451,0,1
rs,10240,1280,16,steady,11,c_cublas,1,0.02259,0.02240,0.02259,0.01258,0,1
rs,10240,1280,16,steady,11,A_gemmrs,0,0.05926,0.05894,0.05894,0.03402,0,1
rs,10240,1280,16,steady,12,c_cublas,1,0.02253,0.02246,0.02253,0.01320,0,1
rs,10240,1280,16,steady,12,A_gemmrs,0,0.06112,0.05997,0.06099,0.03379,0,1
rs,10240,1280,16,steady,13,c_cublas,0,0.02432,0.02406,0.02432,0.01223,0,1
rs,10240,1280,16,steady,13,A_gemmrs,1,0.05837,0.05824,0.05837,0.03385,0,1
rs,10240,1280,16,steady,14,c_cublas,1,0.02253,0.02234,0.02253,0.01332,0,1
rs,10240,1280,16,steady,14,A_gemmrs,0,0.05901,0.05894,0.05894,0.03340,0,1
rs,10240,1280,16,steady,15,c_cublas,1,0.02253,0.02246,0.02253,0.01285,0,1
rs,10240,1280,16,steady,15,A_gemmrs,0,0.05958,0.05939,0.05939,0.03443,0,1
rs,10240,1280,16,steady,16,c_cublas,0,0.02477,0.02381,0.02477,0.01244,0,1
rs,10240,1280,16,steady,16,A_gemmrs,1,0.05856,0.05843,0.05850,0.03484,0,1
rs,10240,1280,16,steady,17,c_cublas,0,0.02413,0.02394,0.02413,0.01316,0,1
rs,10240,1280,16,steady,17,A_gemmrs,1,0.05850,0.05837,0.05850,0.03394,0,1
rs,10240,1280,16,steady,18,c_cublas,1,0.02259,0.02240,0.02240,0.01323,0,1
rs,10240,1280,16,steady,18,A_gemmrs,0,0.05920,0.05914,0.05920,0.03361,0,1
rs,10240,1280,16,steady,19,c_cublas,0,0.02413,0.02368,0.02387,0.01281,0,1
rs,10240,1280,16,steady,19,A_gemmrs,1,0.05875,0.05869,0.05875,0.03436,0,1
rs,10240,1280,16,steady,20,c_cublas,0,0.02419,0.02374,0.02400,0.01283,0,1
rs,10240,1280,16,steady,20,A_gemmrs,1,0.05824,0.05824,0.05824,0.03429,0,1
rs,10240,1280,16,steady,21,c_cublas,0,0.02413,0.02387,0.02394,0.01322,0,1
rs,10240,1280,16,steady,21,A_gemmrs,1,0.05818,0.05811,0.05818,0.03400,0,1
rs,10240,1280,16,steady,22,c_cublas,1,0.02253,0.02246,0.02246,0.01281,0,1
rs,10240,1280,16,steady,22,A_gemmrs,0,0.05894,0.05875,0.05888,0.03340,0,1
rs,10240,1280,16,steady,23,c_cublas,1,0.02253,0.02246,0.02253,0.01311,0,1
rs,10240,1280,16,steady,23,A_gemmrs,0,0.06080,0.05965,0.06080,0.03465,0,1
rs,10240,1280,16,steady,24,c_cublas,1,0.02266,0.02234,0.02253,0.01262,0,1
rs,10240,1280,16,steady,24,A_gemmrs,0,0.07123,0.06048,0.06048,0.03412,0,1
rs,10240,1280,16,steady,25,c_cublas,0,0.02445,0.02400,0.02400,0.01288,0,1
rs,10240,1280,16,steady,25,A_gemmrs,1,0.05818,0.05811,0.05818,0.03426,0,1
rs,10240,1280,16,steady,26,c_cublas,1,0.02259,0.02240,0.02246,0.01267,0,1
rs,10240,1280,16,steady,26,A_gemmrs,0,0.05946,0.05926,0.05939,0.03392,0,1
rs,10240,1280,16,steady,27,c_cublas,0,0.02451,0.02426,0.02451,0.01231,0,1
rs,10240,1280,16,steady,27,A_gemmrs,1,0.05843,0.05837,0.05843,0.03408,0,1
rs,10240,1280,16,steady,28,c_cublas,0,0.02406,0.02400,0.02400,0.01263,0,1
rs,10240,1280,16,steady,28,A_gemmrs,1,0.05824,0.05818,0.05824,0.03548,0,1
rs,10240,1280,16,steady,29,c_cublas,0,0.02426,0.02400,0.02400,0.01542,0,1
rs,10240,1280,16,steady,29,A_gemmrs,1,0.05824,0.05811,0.05824,0.03534,0,1
rs,10240,1280,16,steady,30,c_cublas,0,0.02432,0.02400,0.02419,0.01326,0,1
rs,10240,1280,16,steady,30,A_gemmrs,1,0.05830,0.05818,0.05830,0.03400,0,1
rs,10240,1280,16,steady,31,c_cublas,1,0.02259,0.02246,0.02246,0.01278,0,1
rs,10240,1280,16,steady,31,A_gemmrs,0,0.05952,0.05926,0.05952,0.03378,0,1
rs,10240,1280,16,steady,32,c_cublas,0,0.02413,0.02400,0.02400,0.01264,0,1
rs,10240,1280,16,steady,32,A_gemmrs,1,0.05843,0.05837,0.05837,0.03421,0,1
rs,10240,1280,16,steady,33,c_cublas,0,0.02413,0.02394,0.02413,0.01269,0,1
rs,10240,1280,16,steady,33,A_gemmrs,1,0.05830,0.05830,0.05830,0.03457,0,1
rs,10240,1280,16,steady,34,c_cublas,1,0.02246,0.02240,0.02246,0.01428,0,1
rs,10240,1280,16,steady,34,A_gemmrs,0,0.05958,0.05946,0.05958,0.03416,0,1
rs,10240,1280,16,steady,35,c_cublas,0,0.02426,0.02394,0.02419,0.01222,0,1
rs,10240,1280,16,steady,35,A_gemmrs,1,0.05862,0.05856,0.05862,0.03443,0,1
rs,10240,1280,16,steady,36,c_cublas,1,0.02259,0.02240,0.02259,0.01278,0,1
rs,10240,1280,16,steady,36,A_gemmrs,0,0.05920,0.05914,0.05914,0.03369,0,1
rs,10240,1280,16,steady,37,c_cublas,0,0.02432,0.02406,0.02419,0.01225,0,1
rs,10240,1280,16,steady,37,A_gemmrs,1,0.05818,0.05811,0.05818,0.03467,0,1
rs,10240,1280,16,steady,38,c_cublas,1,0.02246,0.02234,0.02234,0.01305,0,1
rs,10240,1280,16,steady,38,A_gemmrs,0,0.06099,0.05933,0.06099,0.03498,0,1
rs,10240,1280,16,steady,39,c_cublas,0,0.02445,0.02419,0.02432,0.01228,0,1
rs,10240,1280,16,steady,39,A_gemmrs,1,0.05856,0.05843,0.05856,0.03453,0,1
rs,10240,1280,16,steady,40,c_cublas,0,0.02406,0.02394,0.02400,0.01282,0,1
rs,10240,1280,16,steady,40,A_gemmrs,1,0.05837,0.05824,0.05837,0.03400,0,1
rs,10240,1280,16,steady,41,c_cublas,0,0.02419,0.02400,0.02406,0.01276,0,1
rs,10240,1280,16,steady,41,A_gemmrs,1,0.05830,0.05824,0.05830,0.03455,0,1
rs,10240,1280,16,steady,42,c_cublas,0,0.02419,0.02381,0.02419,0.01279,0,1
rs,10240,1280,16,steady,42,A_gemmrs,1,0.05824,0.05818,0.05824,0.03472,0,1
rs,10240,1280,16,steady,43,c_cublas,0,0.02432,0.02381,0.02432,0.01279,1410,1
rs,10240,1280,16,steady,43,A_gemmrs,1,0.05811,0.05805,0.05811,0.03641,1410,1
rs,10240,1280,16,steady,44,c_cublas,1,0.02259,0.02240,0.02246,0.01329,1410,1
rs,10240,1280,16,steady,44,A_gemmrs,0,0.05984,0.05946,0.05971,0.03403,1410,1
rs,10240,1280,16,steady,45,c_cublas,1,0.02266,0.02246,0.02246,0.01277,1410,1
rs,10240,1280,16,steady,45,A_gemmrs,0,0.05946,0.05933,0.05946,0.03482,1410,1
rs,10240,1280,16,steady,46,c_cublas,0,0.02458,0.02374,0.02381,0.01233,1410,1
rs,10240,1280,16,steady,46,A_gemmrs,1,0.05830,0.05824,0.05830,0.03473,1410,1
rs,10240,1280,16,steady,47,c_cublas,0,0.02426,0.02381,0.02400,0.01273,1410,1
rs,10240,1280,16,steady,47,A_gemmrs,1,0.05862,0.05856,0.05862,0.03404,1410,1
rs,10240,1280,16,steady,48,c_cublas,0,0.02413,0.02381,0.02387,0.01288,1410,1
rs,10240,1280,16,steady,48,A_gemmrs,1,0.05818,0.05805,0.05818,0.03464,1410,1
rs,10240,1280,16,steady,49,c_cublas,0,0.02406,0.02387,0.02387,0.01273,1410,1
rs,10240,1280,16,steady,49,A_gemmrs,1,0.05824,0.05818,0.05824,0.03414,1410,1
rs,10240,1280,128,gpu,0,c_cublas,1,0.03584,0.03584,0.03584,0.03656,0,1
rs,10240,1280,128,gpu,0,A_gemmrs,0,0.31232,0.09523,0.31232,0.08205,0,1
rs,10240,1280,128,gpu,1,c_cublas,0,0.03891,0.03686,0.03686,0.04298,0,1
rs,10240,1280,128,gpu,1,A_gemmrs,1,0.09933,0.09830,0.09933,0.07375,0,1
rs,10240,1280,128,gpu,2,c_cublas,0,0.03789,0.03789,0.03789,0.03575,0,1
rs,10240,1280,128,gpu,2,A_gemmrs,1,0.10752,0.10650,0.10752,0.07319,0,1
rs,10240,1280,128,gpu,3,c_cublas,0,0.03789,0.03789,0.03789,0.03390,0,1
rs,10240,1280,128,gpu,3,A_gemmrs,1,0.08909,0.08806,0.08909,0.07397,0,1
rs,10240,1280,128,gpu,4,c_cublas,0,0.03789,0.03686,0.03789,0.03325,0,1
rs,10240,1280,128,gpu,4,A_gemmrs,1,0.09830,0.09830,0.09830,0.06594,0,1
rs,10240,1280,128,gpu,5,c_cublas,1,0.03686,0.03584,0.03686,0.03254,0,1
rs,10240,1280,128,gpu,5,A_gemmrs,0,0.08806,0.08704,0.08806,0.06370,0,1
rs,10240,1280,128,gpu,6,c_cublas,1,0.03686,0.03686,0.03686,0.03224,0,1
rs,10240,1280,128,gpu,6,A_gemmrs,0,0.08602,0.08397,0.08499,0.06596,0,1
rs,10240,1280,128,gpu,7,c_cublas,1,0.03686,0.03584,0.03686,0.03228,0,1
rs,10240,1280,128,gpu,7,A_gemmrs,0,0.09830,0.09728,0.09830,0.06758,0,1
rs,10240,1280,128,gpu,8,c_cublas,1,0.03686,0.03584,0.03686,0.03196,0,1
rs,10240,1280,128,gpu,8,A_gemmrs,0,0.08806,0.08704,0.08806,0.06616,0,1
rs,10240,1280,128,gpu,9,c_cublas,1,0.03686,0.03584,0.03686,0.03181,0,1
rs,10240,1280,128,gpu,9,A_gemmrs,0,0.08909,0.08704,0.08909,0.06681,0,1
rs,10240,1280,128,gpu,10,c_cublas,0,0.03789,0.03584,0.03789,0.03155,0,1
rs,10240,1280,128,gpu,10,A_gemmrs,1,0.08499,0.08499,0.08499,0.06890,0,1
rs,10240,1280,128,gpu,11,c_cublas,1,0.03686,0.03584,0.03584,0.03374,0,1
rs,10240,1280,128,gpu,11,A_gemmrs,0,0.07475,0.07475,0.07475,0.06068,0,1
rs,10240,1280,128,gpu,12,c_cublas,1,0.03686,0.03584,0.03686,0.03247,0,1
rs,10240,1280,128,gpu,12,A_gemmrs,0,0.11264,0.11162,0.11162,0.06632,0,1
rs,10240,1280,128,gpu,13,c_cublas,1,0.03686,0.03584,0.03686,0.03320,0,1
rs,10240,1280,128,gpu,13,A_gemmrs,0,0.08806,0.08499,0.08806,0.06778,0,1
rs,10240,1280,128,gpu,14,c_cublas,1,0.03686,0.03584,0.03584,0.03224,0,1
rs,10240,1280,128,gpu,14,A_gemmrs,0,0.09216,0.09114,0.09216,0.06656,0,1
rs,10240,1280,128,gpu,15,c_cublas,1,0.03686,0.03584,0.03584,0.03242,0,1
rs,10240,1280,128,gpu,15,A_gemmrs,0,0.10854,0.10547,0.10854,0.06702,0,1
rs,10240,1280,128,gpu,16,c_cublas,1,0.03686,0.03584,0.03686,0.03235,0,1
rs,10240,1280,128,gpu,16,A_gemmrs,0,0.08806,0.08704,0.08704,0.06667,0,1
rs,10240,1280,128,gpu,17,c_cublas,1,0.03686,0.03482,0.03584,0.03291,0,1
rs,10240,1280,128,gpu,17,A_gemmrs,0,0.69018,0.13619,0.69018,0.08603,0,1
rs,10240,1280,128,gpu,18,c_cublas,0,0.03789,0.03686,0.03789,0.02880,0,1
rs,10240,1280,128,gpu,18,A_gemmrs,1,0.08704,0.08602,0.08602,0.06731,0,1
rs,10240,1280,128,gpu,19,c_cublas,0,0.03789,0.03686,0.03686,0.03337,0,1
rs,10240,1280,128,gpu,19,A_gemmrs,1,0.09216,0.09114,0.09216,0.06575,0,1
rs,10240,1280,128,gpu,20,c_cublas,0,0.06349,0.03686,0.03686,0.03389,0,1
rs,10240,1280,128,gpu,20,A_gemmrs,1,0.09933,0.09728,0.09933,0.07101,0,1
rs,10240,1280,128,gpu,21,c_cublas,1,0.03686,0.03584,0.03686,0.03834,0,1
rs,10240,1280,128,gpu,21,A_gemmrs,0,0.09728,0.09523,0.09728,0.06545,0,1
rs,10240,1280,128,gpu,22,c_cublas,1,0.03686,0.03584,0.03686,0.03234,0,1
rs,10240,1280,128,gpu,22,A_gemmrs,0,0.07475,0.07373,0.07475,0.06604,0,1
rs,10240,1280,128,gpu,23,c_cublas,0,0.03789,0.03686,0.03686,0.03273,0,1
rs,10240,1280,128,gpu,23,A_gemmrs,1,0.11264,0.11162,0.11162,0.06687,0,1
rs,10240,1280,128,gpu,24,c_cublas,1,0.03686,0.03584,0.03686,0.03289,0,1
rs,10240,1280,128,gpu,24,A_gemmrs,0,0.08704,0.08499,0.08602,0.06298,0,1
rs,10240,1280,128,gpu,25,c_cublas,1,0.03686,0.03584,0.03584,0.03224,0,1
rs,10240,1280,128,gpu,25,A_gemmrs,0,0.09114,0.09011,0.09114,0.06594,0,1
rs,10240,1280,128,gpu,26,c_cublas,0,0.03686,0.03686,0.03686,0.03192,0,1
rs,10240,1280,128,gpu,26,A_gemmrs,1,0.11059,0.10957,0.11059,0.06698,0,1
rs,10240,1280,128,gpu,27,c_cublas,0,0.03789,0.03686,0.03789,0.03302,0,1
rs,10240,1280,128,gpu,27,A_gemmrs,1,0.08806,0.08704,0.08806,0.06598,0,1
rs,10240,1280,128,gpu,28,c_cublas,1,0.03686,0.03686,0.03686,0.03387,0,1
rs,10240,1280,128,gpu,28,A_gemmrs,0,0.08806,0.08704,0.08806,0.06493,0,1
rs,10240,1280,128,gpu,29,c_cublas,0,0.03789,0.03686,0.03789,0.03593,0,1
rs,10240,1280,128,gpu,29,A_gemmrs,1,0.09830,0.09728,0.09830,0.06661,0,1
rs,10240,1280,128,gpu,30,c_cublas,0,0.03789,0.03584,0.03584,0.03257,0,1
rs,10240,1280,128,gpu,30,A_gemmrs,1,0.07475,0.07270,0.07475,0.07319,0,1
rs,10240,1280,128,gpu,31,c_cublas,0,0.03789,0.03789,0.03789,0.03252,0,1
rs,10240,1280,128,gpu,31,A_gemmrs,1,0.09318,0.09216,0.09318,0.06485,0,1
rs,10240,1280,128,gpu,32,c_cublas,1,0.03789,0.03482,0.03789,0.03259,0,1
rs,10240,1280,128,gpu,32,A_gemmrs,0,0.08806,0.08704,0.08704,0.06253,0,1
rs,10240,1280,128,gpu,33,c_cublas,1,0.03686,0.03584,0.03584,0.03205,0,1
rs,10240,1280,128,gpu,33,A_gemmrs,0,0.11059,0.10957,0.10957,0.06629,0,1
rs,10240,1280,128,gpu,34,c_cublas,1,0.03686,0.03584,0.03686,0.03317,0,1
rs,10240,1280,128,gpu,34,A_gemmrs,0,0.07578,0.07373,0.07475,0.06652,0,1
rs,10240,1280,128,gpu,35,c_cublas,1,0.03686,0.03584,0.03584,0.03189,0,1
rs,10240,1280,128,gpu,35,A_gemmrs,0,0.07475,0.07373,0.07475,0.06744,0,1
rs,10240,1280,128,gpu,36,c_cublas,0,0.03686,0.03686,0.03686,0.03217,0,1
rs,10240,1280,128,gpu,36,A_gemmrs,1,0.11162,0.11059,0.11162,0.06593,0,1
rs,10240,1280,128,gpu,37,c_cublas,1,0.03686,0.03584,0.03584,0.03299,0,1
rs,10240,1280,128,gpu,37,A_gemmrs,0,0.09114,0.09114,0.09114,0.06344,0,1
rs,10240,1280,128,gpu,38,c_cublas,0,0.03789,0.03686,0.03789,0.03350,0,1
rs,10240,1280,128,gpu,38,A_gemmrs,1,0.11059,0.10854,0.10957,0.06691,0,1
rs,10240,1280,128,gpu,39,c_cublas,0,0.03891,0.03584,0.03789,0.03329,0,1
rs,10240,1280,128,gpu,39,A_gemmrs,1,0.08806,0.08704,0.08704,0.06723,0,1
rs,10240,1280,128,gpu,40,c_cublas,0,0.03789,0.03686,0.03789,0.03261,0,1
rs,10240,1280,128,gpu,40,A_gemmrs,1,0.08909,0.08704,0.08909,0.07380,0,1
rs,10240,1280,128,gpu,41,c_cublas,0,0.03789,0.03584,0.03584,0.03303,0,1
rs,10240,1280,128,gpu,41,A_gemmrs,1,0.09830,0.09728,0.09830,0.06575,0,1
rs,10240,1280,128,gpu,42,c_cublas,1,0.03686,0.03584,0.03584,0.03256,0,1
rs,10240,1280,128,gpu,42,A_gemmrs,0,0.08909,0.08704,0.08806,0.06273,0,1
rs,10240,1280,128,gpu,43,c_cublas,1,0.03686,0.03584,0.03686,0.03230,0,1
rs,10240,1280,128,gpu,43,A_gemmrs,0,0.07475,0.07373,0.07475,0.06608,0,1
rs,10240,1280,128,gpu,44,c_cublas,0,0.03789,0.03686,0.03789,0.03119,0,1
rs,10240,1280,128,gpu,44,A_gemmrs,1,0.08806,0.08602,0.08704,0.06650,0,1
rs,10240,1280,128,gpu,45,c_cublas,1,0.03686,0.03584,0.03584,0.03260,0,1
rs,10240,1280,128,gpu,45,A_gemmrs,0,0.10650,0.10547,0.10650,0.06331,0,1
rs,10240,1280,128,gpu,46,c_cublas,0,0.03789,0.03686,0.03789,0.03239,0,1
rs,10240,1280,128,gpu,46,A_gemmrs,1,0.07578,0.07475,0.07475,0.06687,0,1
rs,10240,1280,128,gpu,47,c_cublas,0,0.03789,0.03686,0.03789,0.03339,0,1
rs,10240,1280,128,gpu,47,A_gemmrs,1,0.07680,0.07475,0.07680,0.06724,0,1
rs,10240,1280,128,gpu,48,c_cublas,0,0.03789,0.03686,0.03789,0.03310,0,1
rs,10240,1280,128,gpu,48,A_gemmrs,1,0.11059,0.11059,0.11059,0.06628,0,1
rs,10240,1280,128,gpu,49,c_cublas,1,0.03686,0.03584,0.03686,0.04580,0,1
rs,10240,1280,128,gpu,49,A_gemmrs,0,0.09114,0.09011,0.09114,0.06124,0,1
rs,10240,1280,128,gpu,50,c_cublas,1,0.03686,0.03584,0.03686,0.03250,0,1
rs,10240,1280,128,gpu,50,A_gemmrs,0,0.07475,0.07373,0.07475,0.06655,0,1
rs,10240,1280,128,gpu,51,c_cublas,0,0.03789,0.03584,0.03789,0.03134,0,1
rs,10240,1280,128,gpu,51,A_gemmrs,1,0.10752,0.10650,0.10752,0.06692,0,1
rs,10240,1280,128,gpu,52,c_cublas,0,0.03789,0.03686,0.03686,0.03352,0,1
rs,10240,1280,128,gpu,52,A_gemmrs,1,0.09011,0.08806,0.08806,0.06675,0,1
rs,10240,1280,128,gpu,53,c_cublas,0,0.03891,0.03686,0.03686,0.03348,0,1
rs,10240,1280,128,gpu,53,A_gemmrs,1,0.09830,0.09728,0.09830,0.06731,0,1
rs,10240,1280,128,gpu,54,c_cublas,0,0.03891,0.03686,0.03891,0.03334,0,1
rs,10240,1280,128,gpu,54,A_gemmrs,1,0.07475,0.07475,0.07475,0.06565,0,1
rs,10240,1280,128,gpu,55,c_cublas,0,0.03789,0.03686,0.03789,0.03297,0,1
rs,10240,1280,128,gpu,55,A_gemmrs,1,0.07680,0.07475,0.07475,0.06665,0,1
rs,10240,1280,128,gpu,56,c_cublas,1,0.03686,0.03584,0.03686,0.03246,0,1
rs,10240,1280,128,gpu,56,A_gemmrs,0,0.08806,0.08704,0.08806,0.06285,0,1
rs,10240,1280,128,gpu,57,c_cublas,0,0.03686,0.03686,0.03686,0.02836,0,1
rs,10240,1280,128,gpu,57,A_gemmrs,1,0.09216,0.09011,0.09216,0.06768,0,1
rs,10240,1280,128,gpu,58,c_cublas,0,0.03789,0.03686,0.03789,0.03242,0,1
rs,10240,1280,128,gpu,58,A_gemmrs,1,0.07475,0.07373,0.07475,0.07651,0,1
rs,10240,1280,128,gpu,59,c_cublas,0,0.03891,0.03584,0.03891,0.03327,0,1
rs,10240,1280,128,gpu,59,A_gemmrs,1,0.07475,0.07373,0.07475,0.06669,0,1
rs,10240,1280,128,gpu,60,c_cublas,1,0.03686,0.03584,0.03584,0.03262,0,1
rs,10240,1280,128,gpu,60,A_gemmrs,0,0.10752,0.10650,0.10752,0.06270,0,1
rs,10240,1280,128,gpu,61,c_cublas,1,0.03686,0.03482,0.03686,0.03222,0,1
rs,10240,1280,128,gpu,61,A_gemmrs,0,0.11366,0.11162,0.11366,0.06810,0,1
rs,10240,1280,128,gpu,62,c_cublas,1,0.03789,0.03482,0.03686,0.03250,1410,1
rs,10240,1280,128,gpu,62,A_gemmrs,0,0.07475,0.07270,0.07373,0.06833,1410,1
rs,10240,1280,128,gpu,63,c_cublas,1,0.03686,0.03584,0.03686,0.03216,1410,1
rs,10240,1280,128,gpu,63,A_gemmrs,0,0.07475,0.07475,0.07475,0.06651,1410,1
rs,10240,1280,128,gpu,64,c_cublas,1,0.03686,0.03482,0.03584,0.03235,1410,1
rs,10240,1280,128,gpu,64,A_gemmrs,0,0.10957,0.10854,0.10854,0.06611,1410,1
rs,10240,1280,128,gpu,65,c_cublas,0,0.03789,0.03584,0.03584,0.03190,1410,1
rs,10240,1280,128,gpu,65,A_gemmrs,1,0.10342,0.10240,0.10342,0.06799,1410,1
rs,10240,1280,128,gpu,66,c_cublas,0,0.03891,0.03686,0.03891,0.04224,1410,1
rs,10240,1280,128,gpu,66,A_gemmrs,1,0.08909,0.08704,0.08806,0.06576,1410,1
rs,10240,1280,128,gpu,67,c_cublas,1,0.03686,0.03584,0.03584,0.03828,1410,1
rs,10240,1280,128,gpu,67,A_gemmrs,0,0.07578,0.07373,0.07578,0.06237,1410,1
rs,10240,1280,128,gpu,68,c_cublas,0,0.03789,0.03584,0.03789,0.02918,1410,1
rs,10240,1280,128,gpu,68,A_gemmrs,1,0.07475,0.07373,0.07373,0.06645,1410,1
rs,10240,1280,128,gpu,69,c_cublas,1,0.03686,0.03482,0.03686,0.03296,1410,1
rs,10240,1280,128,gpu,69,A_gemmrs,0,0.08806,0.08602,0.08704,0.06410,1410,1
rs,10240,1280,128,gpu,70,c_cublas,0,0.03789,0.03686,0.03686,0.03101,1410,1
rs,10240,1280,128,gpu,70,A_gemmrs,1,0.08806,0.08704,0.08806,0.06745,1410,1
rs,10240,1280,128,gpu,71,c_cublas,0,0.03789,0.03686,0.03789,0.03312,1410,1
rs,10240,1280,128,gpu,71,A_gemmrs,1,0.08806,0.08704,0.08704,0.06707,1410,1
rs,10240,1280,128,gpu,72,c_cublas,0,0.03891,0.03789,0.03789,0.03303,1410,1
rs,10240,1280,128,gpu,72,A_gemmrs,1,0.07578,0.07373,0.07578,0.06472,1410,1
rs,10240,1280,128,gpu,73,c_cublas,1,0.06554,0.03584,0.06554,0.03517,1410,1
rs,10240,1280,128,gpu,73,A_gemmrs,0,0.11878,0.11674,0.11878,0.06526,1410,1
rs,10240,1280,128,gpu,74,c_cublas,1,0.03686,0.03584,0.03584,0.03302,1410,1
rs,10240,1280,128,gpu,74,A_gemmrs,0,0.08602,0.08397,0.08499,0.08693,1410,1
rs,10240,1280,128,gpu,75,c_cublas,0,0.03789,0.03584,0.03686,0.04286,1410,1
rs,10240,1280,128,gpu,75,A_gemmrs,1,0.10854,0.10752,0.10854,0.06795,1410,1
rs,10240,1280,128,gpu,76,c_cublas,1,0.03686,0.03584,0.03686,0.03601,1410,1
rs,10240,1280,128,gpu,76,A_gemmrs,0,0.08602,0.08602,0.08602,0.06023,1410,1
rs,10240,1280,128,gpu,77,c_cublas,1,0.03686,0.03584,0.03686,0.03283,1410,1
rs,10240,1280,128,gpu,77,A_gemmrs,0,0.08806,0.08602,0.08806,0.06889,1410,1
rs,10240,1280,128,gpu,78,c_cublas,1,0.03686,0.03584,0.03686,0.03182,1410,1
rs,10240,1280,128,gpu,78,A_gemmrs,0,0.08806,0.08704,0.08806,0.06716,1410,1
rs,10240,1280,128,gpu,79,c_cublas,0,0.03789,0.03686,0.03789,0.03240,1410,1
rs,10240,1280,128,gpu,79,A_gemmrs,1,0.10240,0.10138,0.10240,0.06712,1410,1
rs,10240,1280,128,gpu,80,c_cublas,1,0.03789,0.03482,0.03584,0.03229,1410,1
rs,10240,1280,128,gpu,80,A_gemmrs,0,0.08806,0.08704,0.08704,0.06289,1410,1
rs,10240,1280,128,gpu,81,c_cublas,1,0.03789,0.03584,0.03789,0.03227,1410,1
rs,10240,1280,128,gpu,81,A_gemmrs,0,1.16122,0.11264,1.16122,0.08397,1410,1
rs,10240,1280,128,gpu,82,c_cublas,0,0.03789,0.03686,0.03789,0.03155,1410,1
rs,10240,1280,128,gpu,82,A_gemmrs,1,0.11366,0.11264,0.11264,0.06598,1410,1
rs,10240,1280,128,gpu,83,c_cublas,0,0.04506,0.03789,0.03891,0.03486,1410,1
rs,10240,1280,128,gpu,83,A_gemmrs,1,0.08602,0.08499,0.08602,0.06767,1410,1
rs,10240,1280,128,gpu,84,c_cublas,0,0.03789,0.03686,0.03686,0.03436,1410,1
rs,10240,1280,128,gpu,84,A_gemmrs,1,0.07578,0.07475,0.07475,0.06502,1410,1
rs,10240,1280,128,gpu,85,c_cublas,1,0.03686,0.03584,0.03584,0.05736,1410,1
rs,10240,1280,128,gpu,85,A_gemmrs,0,0.08806,0.08704,0.08806,0.07690,1410,1
rs,10240,1280,128,gpu,86,c_cublas,1,0.03686,0.03584,0.03584,0.03588,1410,1
rs,10240,1280,128,gpu,86,A_gemmrs,0,0.09216,0.09011,0.09216,0.06575,1410,1
rs,10240,1280,128,gpu,87,c_cublas,1,0.03686,0.03584,0.03686,0.03253,1410,1
rs,10240,1280,128,gpu,87,A_gemmrs,0,0.10035,0.09830,0.09933,0.06658,1410,1
rs,10240,1280,128,gpu,88,c_cublas,1,0.03686,0.03584,0.03584,0.03292,1410,1
rs,10240,1280,128,gpu,88,A_gemmrs,0,0.09011,0.08909,0.08909,0.06708,1410,1
rs,10240,1280,128,gpu,89,c_cublas,1,0.03686,0.03686,0.03686,0.03339,1410,1
rs,10240,1280,128,gpu,89,A_gemmrs,0,0.09318,0.09114,0.09318,0.07003,1410,1
rs,10240,1280,128,gpu,90,c_cublas,1,0.03686,0.03584,0.03686,0.03352,1410,1
rs,10240,1280,128,gpu,90,A_gemmrs,0,0.09933,0.09830,0.09933,0.06669,1410,1
rs,10240,1280,128,gpu,91,c_cublas,0,0.03789,0.03686,0.03686,0.03078,1410,1
rs,10240,1280,128,gpu,91,A_gemmrs,1,0.09626,0.09421,0.09523,0.06725,1410,1
rs,10240,1280,128,gpu,92,c_cublas,0,0.03789,0.03584,0.03686,0.03648,1410,1
rs,10240,1280,128,gpu,92,A_gemmrs,1,0.07475,0.07373,0.07475,0.06783,1410,1
rs,10240,1280,128,gpu,93,c_cublas,0,0.03789,0.03686,0.03789,0.03377,1410,1
rs,10240,1280,128,gpu,93,A_gemmrs,1,0.09216,0.09114,0.09216,0.06861,1410,1
rs,10240,1280,128,gpu,94,c_cublas,1,0.03686,0.03584,0.03686,0.03277,1410,1
rs,10240,1280,128,gpu,94,A_gemmrs,0,0.08806,0.08602,0.08704,0.06456,1410,1
rs,10240,1280,128,gpu,95,c_cublas,0,0.03789,0.03584,0.03584,0.03177,1410,1
rs,10240,1280,128,gpu,95,A_gemmrs,1,0.11264,0.11059,0.11162,0.06810,1410,1
rs,10240,1280,128,gpu,96,c_cublas,0,0.03789,0.03686,0.03789,0.03273,1410,1
rs,10240,1280,128,gpu,96,A_gemmrs,1,0.08909,0.08704,0.08806,0.07761,1410,1
rs,10240,1280,128,gpu,97,c_cublas,0,0.03891,0.03686,0.03789,0.03308,1410,1
rs,10240,1280,128,gpu,97,A_gemmrs,1,0.08499,0.08397,0.08499,0.06606,1410,1
rs,10240,1280,128,gpu,98,c_cublas,0,0.03891,0.03686,0.03789,0.03403,1410,1
rs,10240,1280,128,gpu,98,A_gemmrs,1,0.09216,0.09114,0.09114,0.06531,1410,1
rs,10240,1280,128,gpu,99,c_cublas,0,0.03789,0.03686,0.03789,0.03342,1410,1
rs,10240,1280,128,gpu,99,A_gemmrs,1,0.10547,0.10445,0.10547,0.06818,1410,1
rs,10240,1280,128,gpu,100,c_cublas,0,0.03789,0.03686,0.03686,0.03344,1410,1
rs,10240,1280,128,gpu,100,A_gemmrs,1,0.08909,0.08704,0.08704,0.06569,1410,1
rs,10240,1280,128,gpu,101,c_cublas,1,0.03686,0.03584,0.03686,0.03326,1410,1
rs,10240,1280,128,gpu,101,A_gemmrs,0,0.10650,0.10547,0.10650,0.06295,1410,1
rs,10240,1280,128,gpu,102,c_cublas,0,0.03789,0.03686,0.03789,0.03034,1410,1
rs,10240,1280,128,gpu,102,A_gemmrs,1,0.09728,0.09728,0.09728,0.06644,1410,1
rs,10240,1280,128,gpu,103,c_cublas,0,0.03686,0.03686,0.03686,0.03424,1410,1
rs,10240,1280,128,gpu,103,A_gemmrs,1,0.09626,0.09523,0.09626,0.06727,1410,1
rs,10240,1280,128,gpu,104,c_cublas,1,0.03891,0.03584,0.03584,0.03298,1410,1
rs,10240,1280,128,gpu,104,A_gemmrs,0,0.07578,0.07475,0.07475,0.08141,1410,1
rs,10240,1280,128,gpu,105,c_cublas,1,0.03584,0.03584,0.03584,0.03744,1410,1
rs,10240,1280,128,gpu,105,A_gemmrs,0,0.07578,0.07373,0.07578,0.06501,1410,1
rs,10240,1280,128,gpu,106,c_cublas,1,0.03686,0.03584,0.03686,0.03216,1410,1
rs,10240,1280,128,gpu,106,A_gemmrs,0,0.09318,0.09216,0.09318,0.06668,1410,1
rs,10240,1280,128,gpu,107,c_cublas,1,0.03686,0.03584,0.03686,0.03230,1410,1
rs,10240,1280,128,gpu,107,A_gemmrs,0,0.08806,0.08704,0.08806,0.06712,1410,1
rs,10240,1280,128,gpu,108,c_cublas,0,0.03789,0.03686,0.03686,0.03185,1410,1
rs,10240,1280,128,gpu,108,A_gemmrs,1,0.11469,0.11366,0.11366,0.06907,1410,1
rs,10240,1280,128,gpu,109,c_cublas,0,0.03789,0.03686,0.03789,0.03368,1410,1
rs,10240,1280,128,gpu,109,A_gemmrs,1,0.08602,0.08397,0.08602,0.06758,1410,1
rs,10240,1280,128,gpu,110,c_cublas,1,0.03686,0.03584,0.03584,0.03276,1410,1
rs,10240,1280,128,gpu,110,A_gemmrs,0,0.08909,0.08704,0.08806,0.06502,1410,1
rs,10240,1280,128,gpu,111,c_cublas,1,0.03686,0.03686,0.03686,0.03237,1410,1
rs,10240,1280,128,gpu,111,A_gemmrs,0,0.08806,0.08704,0.08806,0.07502,1410,1
rs,10240,1280,128,gpu,112,c_cublas,1,0.03686,0.03584,0.03686,0.03236,1410,1
rs,10240,1280,128,gpu,112,A_gemmrs,0,0.10650,0.10547,0.10650,0.06580,1410,1
rs,10240,1280,128,gpu,113,c_cublas,1,0.03686,0.03584,0.03584,0.03255,1410,1
rs,10240,1280,128,gpu,113,A_gemmrs,0,0.10854,0.10650,0.10854,0.07508,1410,1
rs,10240,1280,128,gpu,114,c_cublas,0,0.03789,0.03686,0.03686,0.02908,1410,1
rs,10240,1280,128,gpu,114,A_gemmrs,1,0.09933,0.09830,0.09830,0.07096,1410,1
rs,10240,1280,128,gpu,115,c_cublas,1,0.03789,0.03584,0.03789,0.05441,1410,1
rs,10240,1280,128,gpu,115,A_gemmrs,0,0.07475,0.07373,0.07475,0.06053,1410,1
rs,10240,1280,128,gpu,116,c_cublas,1,0.03686,0.03584,0.03584,0.03236,1410,1
rs,10240,1280,128,gpu,116,A_gemmrs,0,0.07475,0.07373,0.07475,0.06617,1410,1
rs,10240,1280,128,gpu,117,c_cublas,0,0.03789,0.03686,0.03789,0.03036,1410,1
rs,10240,1280,128,gpu,117,A_gemmrs,1,0.09626,0.09523,0.09626,0.06815,1410,1
rs,10240,1280,128,gpu,118,c_cublas,1,0.03686,0.03482,0.03584,0.03273,1410,1
rs,10240,1280,128,gpu,118,A_gemmrs,0,0.09318,0.09216,0.09216,0.06429,1410,1
rs,10240,1280,128,gpu,119,c_cublas,1,0.03686,0.03584,0.03584,0.03246,1410,1
rs,10240,1280,128,gpu,119,A_gemmrs,0,0.08909,0.08806,0.08909,0.06648,1410,1
rs,10240,1280,128,gpu,120,c_cublas,1,0.03584,0.03584,0.03584,0.03261,1410,1
rs,10240,1280,128,gpu,120,A_gemmrs,0,0.07475,0.07373,0.07475,0.06801,1410,1
rs,10240,1280,128,gpu,121,c_cublas,0,0.03789,0.03686,0.03686,0.03211,1410,1
rs,10240,1280,128,gpu,121,A_gemmrs,1,0.11162,0.11059,0.11162,0.06861,1410,1
rs,10240,1280,128,gpu,122,c_cublas,0,0.03789,0.03686,0.03686,0.03373,1410,1
rs,10240,1280,128,gpu,122,A_gemmrs,1,0.07475,0.07475,0.07475,0.06546,1410,1
rs,10240,1280,128,gpu,123,c_cublas,1,0.03686,0.03584,0.03686,0.05234,1410,1
rs,10240,1280,128,gpu,123,A_gemmrs,0,0.08806,0.08704,0.08704,0.06006,1410,1
rs,10240,1280,128,gpu,124,c_cublas,1,0.03789,0.03482,0.03584,0.03957,1410,1
rs,10240,1280,128,gpu,124,A_gemmrs,0,0.10650,0.10547,0.10547,0.06577,1410,1
rs,10240,1280,128,gpu,125,c_cublas,1,0.03686,0.03584,0.03584,0.03259,1410,1
rs,10240,1280,128,gpu,125,A_gemmrs,0,0.10138,0.09830,0.10138,0.06770,1410,1
rs,10240,1280,128,gpu,126,c_cublas,0,0.03789,0.03686,0.03686,0.03016,1410,1
rs,10240,1280,128,gpu,126,A_gemmrs,1,0.09933,0.09728,0.09830,0.06676,1410,1
rs,10240,1280,128,gpu,127,c_cublas,0,0.06963,0.03686,0.03789,0.03972,1410,1
rs,10240,1280,128,gpu,127,A_gemmrs,1,0.07475,0.07373,0.07475,0.09845,1410,1
rs,10240,1280,128,gpu,128,c_cublas,1,0.03686,0.03584,0.03584,0.03282,1410,1
rs,10240,1280,128,gpu,128,A_gemmrs,0,0.07475,0.07373,0.07373,0.06356,1410,1
rs,10240,1280,128,gpu,129,c_cublas,1,0.03686,0.03584,0.03686,0.10116,1410,1
rs,10240,1280,128,gpu,129,A_gemmrs,0,1.25030,0.11674,1.25030,0.08259,1410,1
rs,10240,1280,128,gpu,130,c_cublas,0,0.03891,0.03686,0.03789,0.03287,1410,1
rs,10240,1280,128,gpu,130,A_gemmrs,1,0.07578,0.07373,0.07578,0.06726,1410,1
rs,10240,1280,128,gpu,131,c_cublas,0,0.03789,0.03686,0.03789,0.03356,1410,1
rs,10240,1280,128,gpu,131,A_gemmrs,1,0.11264,0.11162,0.11264,0.06720,1410,1
rs,10240,1280,128,gpu,132,c_cublas,1,0.03686,0.03584,0.03584,0.03300,1410,1
rs,10240,1280,128,gpu,132,A_gemmrs,0,0.09011,0.09011,0.09011,0.06484,1410,1
rs,10240,1280,128,gpu,133,c_cublas,1,0.03686,0.03584,0.03584,0.03241,1410,1
rs,10240,1280,128,gpu,133,A_gemmrs,0,0.07475,0.07373,0.07475,0.06777,1410,1
rs,10240,1280,128,gpu,134,c_cublas,1,0.03686,0.03584,0.03686,0.03225,1410,1
rs,10240,1280,128,gpu,134,A_gemmrs,0,0.09933,0.09830,0.09933,0.06684,1410,1
rs,10240,1280,128,gpu,135,c_cublas,0,0.03686,0.03686,0.03686,0.03122,1410,1
rs,10240,1280,128,gpu,135,A_gemmrs,1,0.08909,0.08704,0.08909,0.06709,1410,1
rs,10240,1280,128,gpu,136,c_cublas,1,0.03789,0.03584,0.03584,0.03329,1410,1
rs,10240,1280,128,gpu,136,A_gemmrs,0,0.10957,0.10854,0.10854,0.06817,1410,1
rs,10240,1280,128,gpu,137,c_cublas,1,0.03686,0.03584,0.03584,0.03832,1410,1
rs,10240,1280,128,gpu,137,A_gemmrs,0,0.07475,0.07373,0.07475,0.06609,1410,1
rs,10240,1280,128,gpu,138,c_cublas,1,0.03686,0.03584,0.03584,0.03270,1410,1
rs,10240,1280,128,gpu,138,A_gemmrs,0,0.07475,0.07373,0.07373,0.06573,1410,1
rs,10240,1280,128,gpu,139,c_cublas,1,0.03789,0.03584,0.03789,0.03313,1410,1
rs,10240,1280,128,gpu,139,A_gemmrs,0,0.07475,0.07373,0.07373,0.06602,1410,1
rs,10240,1280,128,gpu,140,c_cublas,0,0.03789,0.03686,0.03686,0.03101,1410,1
rs,10240,1280,128,gpu,140,A_gemmrs,1,0.09728,0.09626,0.09728,0.06610,1410,1
rs,10240,1280,128,gpu,141,c_cublas,1,0.03686,0.03584,0.03686,0.03268,1410,1
rs,10240,1280,128,gpu,141,A_gemmrs,0,0.08806,0.08704,0.08806,0.06338,1410,1
rs,10240,1280,128,gpu,142,c_cublas,1,0.03686,0.03584,0.03584,0.03275,1410,1
rs,10240,1280,128,gpu,142,A_gemmrs,0,0.07475,0.07373,0.07475,0.06664,1410,1
rs,10240,1280,128,gpu,143,c_cublas,0,0.03789,0.03686,0.03789,0.03107,1410,1
rs,10240,1280,128,gpu,143,A_gemmrs,1,0.11162,0.11059,0.11162,0.06657,1410,1
rs,10240,1280,128,gpu,144,c_cublas,1,0.03686,0.03482,0.03584,0.03311,1410,1
rs,10240,1280,128,gpu,144,A_gemmrs,0,0.08909,0.08704,0.08909,0.06566,1410,1
rs,10240,1280,128,gpu,145,c_cublas,1,0.03686,0.03584,0.03584,0.03243,1410,1
rs,10240,1280,128,gpu,145,A_gemmrs,0,0.07680,0.07270,0.07475,0.06591,1410,1
rs,10240,1280,128,gpu,146,c_cublas,0,0.03789,0.03686,0.03789,0.02890,1410,1
rs,10240,1280,128,gpu,146,A_gemmrs,1,0.10650,0.10445,0.10650,0.07352,1410,1
rs,10240,1280,128,gpu,147,c_cublas,0,0.03789,0.03686,0.03789,0.03378,1410,1
rs,10240,1280,128,gpu,147,A_gemmrs,1,0.08806,0.08704,0.08806,0.06579,1410,1
rs,10240,1280,128,gpu,148,c_cublas,0,0.03686,0.03686,0.03686,0.03360,1410,1
rs,10240,1280,128,gpu,148,A_gemmrs,1,0.08909,0.08806,0.08909,0.06568,1410,1
rs,10240,1280,128,gpu,149,c_cublas,0,0.03789,0.03686,0.03686,0.03325,1410,1
rs,10240,1280,128,gpu,149,A_gemmrs,1,0.07475,0.07373,0.07475,0.06651,1410,1
rs,10240,1280,128,gpu,150,c_cublas,1,0.03686,0.03584,0.03584,0.03302,1410,1
rs,10240,1280,128,gpu,150,A_gemmrs,0,0.10752,0.10650,0.10752,0.06525,1410,1
rs,10240,1280,128,gpu,151,c_cublas,0,0.03789,0.03686,0.03789,0.03152,1410,1
rs,10240,1280,128,gpu,151,A_gemmrs,1,0.07578,0.07373,0.07578,0.06785,1410,1
rs,10240,1280,128,gpu,152,c_cublas,0,0.03789,0.03584,0.03789,0.03360,1410,1
rs,10240,1280,128,gpu,152,A_gemmrs,1,0.09933,0.09830,0.09933,0.06611,1410,1
rs,10240,1280,128,gpu,153,c_cublas,0,0.03891,0.03789,0.03789,0.03312,1410,1
rs,10240,1280,128,gpu,153,A_gemmrs,1,0.08909,0.08704,0.08909,0.06577,1410,1
rs,10240,1280,128,gpu,154,c_cublas,1,0.03686,0.03584,0.03584,0.03426,1410,1
rs,10240,1280,128,gpu,154,A_gemmrs,0,0.09318,0.09011,0.09318,0.06802,1410,1
rs,10240,1280,128,gpu,155,c_cublas,1,0.03686,0.03584,0.03686,0.03406,1410,1
rs,10240,1280,128,gpu,155,A_gemmrs,0,0.07475,0.07270,0.07475,0.06839,1410,1
rs,10240,1280,128,gpu,156,c_cublas,0,0.03789,0.03686,0.03686,0.02937,1410,1
rs,10240,1280,128,gpu,156,A_gemmrs,1,0.12186,0.11981,0.12186,0.06570,1410,1
rs,10240,1280,128,gpu,157,c_cublas,0,0.03789,0.03584,0.03789,0.03283,1410,1
rs,10240,1280,128,gpu,157,A_gemmrs,1,0.08602,0.08499,0.08499,0.06661,1410,1
rs,10240,1280,128,gpu,158,c_cublas,1,0.03686,0.03482,0.03584,0.03288,1410,1
rs,10240,1280,128,gpu,158,A_gemmrs,0,0.08704,0.08602,0.08704,0.06359,1410,1
rs,10240,1280,128,gpu,159,c_cublas,1,0.03686,0.03584,0.03584,0.03267,1410,1
rs,10240,1280,128,gpu,159,A_gemmrs,0,0.10547,0.10445,0.10547,0.06717,1410,1
rs,10240,1280,128,gpu,160,c_cublas,0,0.03789,0.03686,0.03686,0.03180,1410,1
rs,10240,1280,128,gpu,160,A_gemmrs,1,0.09728,0.09626,0.09626,0.06650,1410,1
rs,10240,1280,128,gpu,161,c_cublas,0,0.03891,0.03686,0.03686,0.03337,1410,1
rs,10240,1280,128,gpu,161,A_gemmrs,1,0.08806,0.08806,0.08806,0.06672,1410,1
rs,10240,1280,128,gpu,162,c_cublas,1,0.03686,0.03584,0.03686,0.03287,1410,1
rs,10240,1280,128,gpu,162,A_gemmrs,0,0.09626,0.09626,0.09626,0.06319,1410,1
rs,10240,1280,128,gpu,163,c_cublas,1,0.03686,0.03482,0.03584,0.07088,1410,1
rs,10240,1280,128,gpu,163,A_gemmrs,0,0.07578,0.07373,0.07475,0.06689,1410,1
rs,10240,1280,128,gpu,164,c_cublas,0,0.03789,0.03686,0.03686,0.03165,1410,1
rs,10240,1280,128,gpu,164,A_gemmrs,1,0.09933,0.09830,0.09933,0.06874,1410,1
rs,10240,1280,128,gpu,165,c_cublas,1,0.03686,0.03584,0.03584,0.04514,1410,1
rs,10240,1280,128,gpu,165,A_gemmrs,0,0.08602,0.08499,0.08602,0.06440,1410,1
rs,10240,1280,128,gpu,166,c_cublas,0,0.03789,0.03686,0.03686,0.03035,1410,1
rs,10240,1280,128,gpu,166,A_gemmrs,1,0.07475,0.07373,0.07475,0.06691,1410,1
rs,10240,1280,128,gpu,167,c_cublas,1,0.03686,0.03482,0.03686,0.03249,1410,1
rs,10240,1280,128,gpu,167,A_gemmrs,0,0.08909,0.08806,0.08806,0.06373,1410,1
rs,10240,1280,128,gpu,168,c_cublas,0,0.03891,0.03686,0.03891,0.03042,1410,1
rs,10240,1280,128,gpu,168,A_gemmrs,1,0.11878,0.11776,0.11878,0.06672,1410,1
rs,10240,1280,128,gpu,169,c_cublas,1,0.03686,0.03584,0.03584,0.03420,1410,1
rs,10240,1280,128,gpu,169,A_gemmrs,0,0.07475,0.07270,0.07475,0.06290,1410,1
rs,10240,1280,128,gpu,170,c_cublas,0,0.03789,0.03584,0.03584,0.03227,1410,1
rs,10240,1280,128,gpu,170,A_gemmrs,1,0.08806,0.08602,0.08602,0.06942,1410,1
rs,10240,1280,128,gpu,171,c_cublas,0,0.03789,0.03686,0.03686,0.03367,1410,1
rs,10240,1280,128,gpu,171,A_gemmrs,1,0.10035,0.09830,0.10035,0.06919,1410,1
rs,10240,1280,128,gpu,172,c_cublas,0,0.03789,0.03686,0.03686,0.03357,1410,1
rs,10240,1280,128,gpu,172,A_gemmrs,1,0.09830,0.09626,0.09728,0.06756,1410,1
rs,10240,1280,128,gpu,173,c_cublas,1,0.03686,0.03482,0.03584,0.03338,1410,1
rs,10240,1280,128,gpu,173,A_gemmrs,0,0.08704,0.08602,0.08602,0.06407,1410,1
rs,10240,1280,128,gpu,174,c_cublas,1,0.03686,0.03584,0.03584,0.03323,1410,1
rs,10240,1280,128,gpu,174,A_gemmrs,0,0.09728,0.09626,0.09728,0.06691,1410,1
rs,10240,1280,128,gpu,175,c_cublas,0,0.03789,0.03584,0.03789,0.02856,1410,1
rs,10240,1280,128,gpu,175,A_gemmrs,1,0.07475,0.07373,0.07475,0.06877,1410,1
rs,10240,1280,128,gpu,176,c_cublas,1,0.03686,0.03584,0.03584,0.03833,1410,1
rs,10240,1280,128,gpu,176,A_gemmrs,0,0.07578,0.07373,0.07475,0.06523,1410,1
rs,10240,1280,128,gpu,177,c_cublas,1,0.03686,0.03482,0.03686,0.03280,1410,1
rs,10240,1280,128,gpu,177,A_gemmrs,0,0.08806,0.08704,0.08806,0.07115,1410,1
rs,10240,1280,128,gpu,178,c_cublas,1,0.03686,0.03584,0.03584,0.03222,1410,1
rs,10240,1280,128,gpu,178,A_gemmrs,0,0.07578,0.07373,0.07475,0.07066,1410,1
rs,10240,1280,128,gpu,179,c_cublas,0,0.03789,0.03686,0.03686,0.03168,1410,1
rs,10240,1280,128,gpu,179,A_gemmrs,1,0.10547,0.10445,0.10445,0.06706,1410,1
rs,10240,1280,128,gpu,180,c_cublas,1,0.03686,0.03482,0.03584,0.03310,1410,1
rs,10240,1280,128,gpu,180,A_gemmrs,0,0.08909,0.08704,0.08704,0.06839,1410,1
rs,10240,1280,128,gpu,181,c_cublas,0,0.03789,0.03686,0.03789,0.03191,1410,1
rs,10240,1280,128,gpu,181,A_gemmrs,1,0.11366,0.11264,0.11366,0.06761,1410,1
rs,10240,1280,128,gpu,182,c_cublas,0,0.06451,0.03686,0.06451,0.03565,1410,1
rs,10240,1280,128,gpu,182,A_gemmrs,1,0.09933,0.09830,0.09933,0.09164,1410,1
rs,10240,1280,128,gpu,183,c_cublas,0,0.03891,0.03686,0.03789,0.03368,1410,1
rs,10240,1280,128,gpu,183,A_gemmrs,1,0.09728,0.09626,0.09728,0.06697,1410,1
rs,10240,1280,128,gpu,184,c_cublas,1,0.03686,0.03482,0.03686,0.03304,1410,1
rs,10240,1280,128,gpu,184,A_gemmrs,0,0.08806,0.08602,0.08806,0.06318,1410,1
rs,10240,1280,128,gpu,185,c_cublas,0,0.03789,0.03686,0.03789,0.03390,1410,1
rs,10240,1280,128,gpu,185,A_gemmrs,1,0.08806,0.08704,0.08806,0.06778,1410,1
rs,10240,1280,128,gpu,186,c_cublas,0,0.03789,0.03584,0.03789,0.03426,1410,1
rs,10240,1280,128,gpu,186,A_gemmrs,1,0.07475,0.07475,0.07475,0.06697,1410,1
rs,10240,1280,128,gpu,187,c_cublas,1,0.03686,0.03584,0.03686,0.03363,1410,1
rs,10240,1280,128,gpu,187,A_gemmrs,0,0.10752,0.10650,0.10650,0.06603,1410,1
rs,10240,1280,128,gpu,188,c_cublas,0,0.03789,0.03686,0.03789,0.03275,1410,1
rs,10240,1280,128,gpu,188,A_gemmrs,1,0.07475,0.07373,0.07373,0.06701,1410,1
rs,10240,1280,128,gpu,189,c_cublas,0,0.06758,0.03789,0.03789,0.04037,1410,1
rs,10240,1280,128,gpu,189,A_gemmrs,1,0.09933,0.09728,0.09830,0.08829,1410,1
rs,10240,1280,128,gpu,190,c_cublas,1,0.03686,0.03584,0.03584,0.03269,1410,1
rs,10240,1280,128,gpu,190,A_gemmrs,0,0.07578,0.07373,0.07475,0.06454,1410,1
rs,10240,1280,128,gpu,191,c_cublas,0,0.03891,0.03686,0.03686,0.05073,1410,1
rs,10240,1280,128,gpu,191,A_gemmrs,1,0.12288,0.12288,0.12288,0.07228,1410,1
rs,10240,1280,128,gpu,192,c_cublas,0,0.03789,0.03686,0.03686,0.03311,1410,1
rs,10240,1280,128,gpu,192,A_gemmrs,1,0.07578,0.07475,0.07578,0.07972,1410,1
rs,10240,1280,128,gpu,193,c_cublas,1,0.03686,0.03584,0.03584,0.03252,1410,1
rs,10240,1280,128,gpu,193,A_gemmrs,0,0.09933,0.09830,0.09933,0.06276,1410,1
rs,10240,1280,128,gpu,194,c_cublas,0,0.03789,0.03686,0.03789,0.03197,1410,1
rs,10240,1280,128,gpu,194,A_gemmrs,1,0.09728,0.09626,0.09728,0.07134,1410,1
rs,10240,1280,128,gpu,195,c_cublas,0,0.03789,0.03686,0.03789,0.03317,1410,1
rs,10240,1280,128,gpu,195,A_gemmrs,1,0.07475,0.07270,0.07475,0.07198,1410,1
rs,10240,1280,128,gpu,196,c_cublas,1,0.03789,0.03584,0.03584,0.03249,1410,1
rs,10240,1280,128,gpu,196,A_gemmrs,0,0.08806,0.08806,0.08806,0.06498,1410,1
rs,10240,1280,128,gpu,197,c_cublas,1,0.03686,0.03584,0.03686,0.03247,1410,1
rs,10240,1280,128,gpu,197,A_gemmrs,0,0.07475,0.07270,0.07475,0.06722,1410,1
rs,10240,1280,128,gpu,198,c_cublas,0,0.03789,0.03686,0.03789,0.03145,1410,1
rs,10240,1280,128,gpu,198,A_gemmrs,1,0.08806,0.08704,0.08806,0.07146,1410,1
rs,10240,1280,128,gpu,199,c_cublas,1,0.03686,0.03584,0.03584,0.03233,1410,1
rs,10240,1280,128,gpu,199,A_gemmrs,0,0.09728,0.09626,0.09728,0.06359,1410,1
rs,10240,1280,128,steady,0,c_cublas,0,0.04531,0.03398,0.04531,0.02958,0,1
rs,10240,1280,128,steady,0,A_gemmrs,1,0.07354,0.07341,0.07354,0.03522,0,1
rs,10240,1280,128,steady,1,c_cublas,1,0.02726,0.02682,0.02701,0.01229,0,1
rs,10240,1280,128,steady,1,A_gemmrs,0,0.06976,0.06938,0.06938,0.03671,0,1
rs,10240,1280,128,steady,2,c_cublas,0,0.02874,0.02752,0.02803,0.01188,0,1
rs,10240,1280,128,steady,2,A_gemmrs,1,0.06899,0.06893,0.06899,0.03629,0,1
rs,10240,1280,128,steady,3,c_cublas,1,0.02739,0.02688,0.02701,0.01221,0,1
rs,10240,1280,128,steady,3,A_gemmrs,0,0.06835,0.06784,0.06810,0.03452,0,1
rs,10240,1280,128,steady,4,c_cublas,1,0.02746,0.02669,0.02701,0.01336,0,1
rs,10240,1280,128,steady,4,A_gemmrs,0,0.06854,0.06797,0.06854,0.03593,0,1
rs,10240,1280,128,steady,5,c_cublas,1,0.02720,0.02675,0.02675,0.01209,0,1
rs,10240,1280,128,steady,5,A_gemmrs,0,0.06822,0.06784,0.06822,0.03699,0,1
rs,10240,1280,128,steady,6,c_cublas,0,0.02867,0.02733,0.02784,0.01252,0,1
rs,10240,1280,128,steady,6,A_gemmrs,1,0.07091,0.07085,0.07085,0.03571,0,1
rs,10240,1280,128,steady,7,c_cublas,1,0.02758,0.02675,0.02688,0.01234,0,1
rs,10240,1280,128,steady,7,A_gemmrs,0,0.07546,0.07494,0.07526,0.03509,0,1
rs,10240,1280,128,steady,8,c_cublas,1,0.02720,0.02662,0.02694,0.01354,0,1
rs,10240,1280,128,steady,8,A_gemmrs,0,0.07149,0.07098,0.07149,0.03526,0,1
rs,10240,1280,128,steady,9,c_cublas,0,0.02912,0.02720,0.02829,0.01439,0,1
rs,10240,1280,128,steady,9,A_gemmrs,1,0.06835,0.06822,0.06835,0.03425,0,1
rs,10240,1280,128,steady,10,c_cublas,1,0.02726,0.02669,0.02707,0.01223,0,1
rs,10240,1280,128,steady,10,A_gemmrs,0,0.06829,0.06778,0.06822,0.03614,0,1
rs,10240,1280,128,steady,11,c_cublas,1,0.02739,0.02682,0.02707,0.01210,0,1
rs,10240,1280,128,steady,11,A_gemmrs,0,0.06918,0.06880,0.06918,0.03782,0,1
rs,10240,1280,128,steady,12,c_cublas,0,0.02886,0.02733,0.02816,0.01236,0,1
rs,10240,1280,128,steady,12,A_gemmrs,1,0.06682,0.06675,0.06682,0.03526,0,1
rs,10240,1280,128,steady,13,c_cublas,1,0.02733,0.02669,0.02701,0.01207,0,1
rs,10240,1280,128,steady,13,A_gemmrs,0,0.07386,0.07302,0.07302,0.03608,0,1
rs,10240,1280,128,steady,14,c_cublas,0,0.02880,0.02707,0.02816,0.01235,0,1
rs,10240,1280,128,steady,14,A_gemmrs,1,0.07226,0.07200,0.07226,0.03612,0,1
rs,10240,1280,128,steady,15,c_cublas,1,0.02739,0.02662,0.02707,0.01221,0,1
rs,10240,1280,128,steady,15,A_gemmrs,0,0.07174,0.07155,0.07168,0.03623,0,1
rs,10240,1280,128,steady,16,c_cublas,0,0.02874,0.02714,0.02803,0.01236,0,1
rs,10240,1280,128,steady,16,A_gemmrs,1,0.06822,0.06810,0.06822,0.03540,0,1
rs,10240,1280,128,steady,17,c_cublas,1,0.02906,0.02682,0.02701,0.01218,0,1
rs,10240,1280,128,steady,17,A_gemmrs,0,0.07027,0.06912,0.06976,0.04081,0,1
rs,10240,1280,128,steady,18,c_cublas,0,0.02861,0.02694,0.02861,0.01395,0,1
rs,10240,1280,128,steady,18,A_gemmrs,1,0.06765,0.06758,0.06758,0.03523,0,1
rs,10240,1280,128,steady,19,c_cublas,1,0.02739,0.02669,0.02701,0.01219,0,1
rs,10240,1280,128,steady,19,A_gemmrs,0,0.09286,0.06726,0.09286,0.03651,0,1
rs,10240,1280,128,steady,20,c_cublas,0,0.02880,0.02733,0.02861,0.01194,0,1
rs,10240,1280,128,steady,20,A_gemmrs,1,0.07238,0.07232,0.07238,0.03605,0,1
rs,10240,1280,128,steady,21,c_cublas,1,0.02733,0.02688,0.02688,0.01460,0,1
rs,10240,1280,128,steady,21,A_gemmrs,0,0.07462,0.07373,0.07398,0.03665,0,1
rs,10240,1280,128,steady,22,c_cublas,1,0.02720,0.02682,0.02688,0.01435,0,1
rs,10240,1280,128,steady,22,A_gemmrs,0,0.07213,0.07130,0.07187,0.03526,0,1
rs,10240,1280,128,steady,23,c_cublas,0,0.02874,0.02739,0.02822,0.01241,0,1
rs,10240,1280,128,steady,23,A_gemmrs,1,0.06989,0.06976,0.06989,0.03433,0,1
rs,10240,1280,128,steady,24,c_cublas,1,0.02739,0.02694,0.02701,0.01223,0,1
rs,10240,1280,128,steady,24,A_gemmrs,0,0.06925,0.06874,0.06918,0.03668,0,1
rs,10240,1280,128,steady,25,c_cublas,0,0.02880,0.02746,0.02778,0.01264,0,1
rs,10240,1280,128,steady,25,A_gemmrs,1,0.07008,0.06989,0.07002,0.03490,0,1
rs,10240,1280,128,steady,26,c_cublas,0,0.02918,0.02848,0.02874,0.01271,0,1
rs,10240,1280,128,steady,26,A_gemmrs,1,0.06605,0.06598,0.06605,0.03561,0,1
rs,10240,1280,128,steady,27,c_cublas,1,0.02726,0.02675,0.02714,0.01336,0,1
rs,10240,1280,128,steady,27,A_gemmrs,0,0.07379,0.07315,0.07354,0.03485,0,1
rs,10240,1280,128,steady,28,c_cublas,0,0.02906,0.02771,0.02822,0.01259,0,1
rs,10240,1280,128,steady,28,A_gemmrs,1,0.07334,0.07328,0.07334,0.03434,0,1
rs,10240,1280,128,steady,29,c_cublas,0,0.02906,0.02835,0.02861,0.01435,0,1
rs,10240,1280,128,steady,29,A_gemmrs,1,0.06835,0.06822,0.06835,0.03458,0,1
rs,10240,1280,128,steady,30,c_cublas,1,0.02733,0.02675,0.02701,0.01436,0,1
rs,10240,1280,128,steady,30,A_gemmrs,0,0.07046,0.06995,0.07002,0.03608,0,1
rs,10240,1280,128,steady,31,c_cublas,0,0.02867,0.02790,0.02803,0.01251,0,1
rs,10240,1280,128,steady,31,A_gemmrs,1,0.06662,0.06650,0.06662,0.03630,0,1
rs,10240,1280,128,steady,32,c_cublas,0,0.02906,0.02829,0.02861,0.01282,0,1
rs,10240,1280,128,steady,32,A_gemmrs,1,0.07072,0.07066,0.07066,0.03416,0,1
rs,10240,1280,128,steady,33,c_cublas,0,0.02906,0.02835,0.02854,0.01389,0,1
rs,10240,1280,128,steady,33,A_gemmrs,1,0.06752,0.06752,0.06752,0.03560,0,1
rs,10240,1280,128,steady,34,c_cublas,1,0.02739,0.02675,0.02701,0.01207,1410,1
rs,10240,1280,128,steady,34,A_gemmrs,0,0.07354,0.07258,0.07341,0.03720,1410,1
rs,10240,1280,128,steady,35,c_cublas,1,0.02726,0.02675,0.02694,0.01218,1410,1
rs,10240,1280,128,steady,35,A_gemmrs,0,0.07578,0.07494,0.07578,0.03614,1410,1
rs,10240,1280,128,steady,36,c_cublas,0,0.02918,0.02714,0.02816,0.01231,1410,1
rs,10240,1280,128,steady,36,A_gemmrs,1,0.07046,0.07040,0.07046,0.03465,1410,1
rs,10240,1280,128,steady,37,c_cublas,1,0.02739,0.02669,0.02707,0.02573,1410,1
rs,10240,1280,128,steady,37,A_gemmrs,0,0.06957,0.06867,0.06944,0.03449,1410,1
rs,10240,1280,128,steady,38,c_cublas,1,0.02733,0.02675,0.02694,0.01204,1410,1
rs,10240,1280,128,steady,38,A_gemmrs,0,0.06989,0.06854,0.06918,0.03801,1410,1
rs,10240,1280,128,steady,39,c_cublas,0,0.02854,0.02714,0.02797,0.01227,1410,1
rs,10240,1280,128,steady,39,A_gemmrs,1,0.06854,0.06842,0.06854,0.03539,1410,1
rs,10240,1280,128,steady,40,c_cublas,1,0.02733,0.02675,0.02707,0.01301,1410,1
rs,10240,1280,128,steady,40,A_gemmrs,0,0.06912,0.06867,0.06886,0.03524,1410,1
rs,10240,1280,128,steady,41,c_cublas,1,0.02720,0.02682,0.02714,0.01206,1410,1
rs,10240,1280,128,steady,41,A_gemmrs,0,0.07328,0.07258,0.07309,0.03614,1410,1
rs,10240,1280,128,steady,42,c_cublas,1,0.02739,0.02675,0.02714,0.01206,1410,1
rs,10240,1280,128,steady,42,A_gemmrs,0,0.07552,0.07379,0.07552,0.03677,1410,1
rs,10240,1280,128,steady,43,c_cublas,0,0.02880,0.02707,0.02790,0.01328,1410,1
rs,10240,1280,128,steady,43,A_gemmrs,1,0.06842,0.06835,0.06842,0.03516,1410,1
rs,10240,1280,128,steady,44,c_cublas,1,0.02733,0.02688,0.02688,0.01213,1410,1
rs,10240,1280,128,steady,44,A_gemmrs,0,0.06938,0.06874,0.06874,0.03635,1410,1
rs,10240,1280,128,steady,45,c_cublas,1,0.02733,0.02675,0.02714,0.01216,1410,1
rs,10240,1280,128,steady,45,A_gemmrs,0,0.06970,0.06803,0.06970,0.03556,1410,1
rs,10240,1280,128,steady,46,c_cublas,0,0.02912,0.02682,0.02867,0.01270,1410,1
rs,10240,1280,128,steady,46,A_gemmrs,1,0.06944,0.06944,0.06944,0.03511,1410,1
rs,10240,1280,128,steady,47,c_cublas,0,0.02912,0.02829,0.02867,0.01231,1410,1
rs,10240,1280,128,steady,47,A_gemmrs,1,0.07328,0.07315,0.07328,0.03529,1410,1
rs,10240,1280,128,steady,48,c_cublas,0,0.02906,0.02842,0.02861,0.01242,1410,1
rs,10240,1280,128,steady,48,A_gemmrs,1,0.07770,0.07757,0.07770,0.03408,1410,1
rs,10240,1280,128,steady,49,c_cublas,0,0.02938,0.02835,0.02861,0.01466,1410,1
rs,10240,1280,128,steady,49,A_gemmrs,1,0.06746,0.06739,0.06746,0.03432,1410,1
rs,10240,1280,512,gpu,0,c_cublas,1,0.08294,0.08294,0.08294,0.10729,0,1
rs,10240,1280,512,gpu,0,A_gemmrs,0,0.44442,0.23040,0.23040,0.29585,0,1
rs,10240,1280,512,gpu,1,c_cublas,0,0.08397,0.08294,0.08397,0.03545,0,1
rs,10240,1280,512,gpu,1,A_gemmrs,1,0.15872,0.15770,0.15872,0.06793,0,1
rs,10240,1280,512,gpu,2,c_cublas,0,0.08397,0.08397,0.08397,0.03520,0,1
rs,10240,1280,512,gpu,2,A_gemmrs,1,0.18022,0.17920,0.17920,0.06468,0,1
rs,10240,1280,512,gpu,3,c_cublas,1,0.08294,0.08192,0.08294,0.03320,0,1
rs,10240,1280,512,gpu,3,A_gemmrs,0,0.13722,0.13722,0.13722,0.06267,0,1
rs,10240,1280,512,gpu,4,c_cublas,1,0.08397,0.08294,0.08397,0.03325,0,1
rs,10240,1280,512,gpu,4,A_gemmrs,0,0.15667,0.15462,0.15462,0.06454,0,1
rs,10240,1280,512,gpu,5,c_cublas,0,0.08499,0.08397,0.08397,0.03347,0,1
rs,10240,1280,512,gpu,5,A_gemmrs,1,0.13824,0.13619,0.13722,0.06491,0,1
rs,10240,1280,512,gpu,6,c_cublas,0,0.08499,0.08294,0.08499,0.03393,0,1
rs,10240,1280,512,gpu,6,A_gemmrs,1,0.12493,0.12390,0.12493,0.06096,0,1
rs,10240,1280,512,gpu,7,c_cublas,0,0.08499,0.08294,0.08397,0.03514,0,1
rs,10240,1280,512,gpu,7,A_gemmrs,1,0.12493,0.12390,0.12493,0.06379,0,1
rs,10240,1280,512,gpu,8,c_cublas,0,0.08499,0.08397,0.08397,0.03417,0,1
rs,10240,1280,512,gpu,8,A_gemmrs,1,0.12902,0.12800,0.12902,0.06931,0,1
rs,10240,1280,512,gpu,9,c_cublas,1,0.08397,0.08294,0.08397,0.03391,0,1
rs,10240,1280,512,gpu,9,A_gemmrs,0,0.13824,0.13722,0.13824,0.06657,0,1
rs,10240,1280,512,gpu,10,c_cublas,0,0.08499,0.08397,0.08499,0.03243,0,1
rs,10240,1280,512,gpu,10,A_gemmrs,1,0.13824,0.13722,0.13824,0.06148,0,1
rs,10240,1280,512,gpu,11,c_cublas,1,0.08397,0.08294,0.08397,0.03383,0,1
rs,10240,1280,512,gpu,11,A_gemmrs,0,0.15360,0.15258,0.15360,0.06476,0,1
rs,10240,1280,512,gpu,12,c_cublas,0,0.08499,0.08397,0.08397,0.03383,0,1
rs,10240,1280,512,gpu,12,A_gemmrs,1,0.12698,0.12493,0.12698,0.06364,0,1
rs,10240,1280,512,gpu,13,c_cublas,1,0.08294,0.08294,0.08294,0.03330,0,1
rs,10240,1280,512,gpu,13,A_gemmrs,0,0.13722,0.13619,0.13619,0.06047,0,1
rs,10240,1280,512,gpu,14,c_cublas,0,0.08397,0.08397,0.08397,0.03297,0,1
rs,10240,1280,512,gpu,14,A_gemmrs,1,0.19251,0.19251,0.19251,0.06245,0,1
rs,10240,1280,512,gpu,15,c_cublas,0,0.08499,0.08397,0.08499,0.03490,0,1
rs,10240,1280,512,gpu,15,A_gemmrs,1,0.14029,0.13824,0.13926,0.06378,0,1
rs,10240,1280,512,gpu,16,c_cublas,0,0.08499,0.08397,0.08397,0.03522,0,1
rs,10240,1280,512,gpu,16,A_gemmrs,1,0.12595,0.12390,0.12493,0.06263,0,1
rs,10240,1280,512,gpu,17,c_cublas,0,0.08499,0.08397,0.08499,0.03411,0,1
rs,10240,1280,512,gpu,17,A_gemmrs,1,0.13722,0.13619,0.13619,0.06376,0,1
rs,10240,1280,512,gpu,18,c_cublas,0,0.08499,0.08294,0.08499,0.03422,0,1
rs,10240,1280,512,gpu,18,A_gemmrs,1,0.12800,0.12698,0.12698,0.06200,0,1
rs,10240,1280,512,gpu,19,c_cublas,0,0.08499,0.08397,0.08499,0.03462,0,1
rs,10240,1280,512,gpu,19,A_gemmrs,1,0.13926,0.13926,0.13926,0.06319,0,1
rs,10240,1280,512,gpu,20,c_cublas,0,0.08397,0.08397,0.08397,0.03400,0,1
rs,10240,1280,512,gpu,20,A_gemmrs,1,0.12493,0.12288,0.12390,0.06145,0,1
rs,10240,1280,512,gpu,21,c_cublas,1,0.08499,0.08294,0.08294,0.03374,0,1
rs,10240,1280,512,gpu,21,A_gemmrs,0,0.15462,0.15258,0.15360,0.06131,0,1
rs,10240,1280,512,gpu,22,c_cublas,1,0.08397,0.08294,0.08294,0.03282,0,1
rs,10240,1280,512,gpu,22,A_gemmrs,0,0.27853,0.15258,0.15258,0.07356,0,1
rs,10240,1280,512,gpu,23,c_cublas,0,0.08499,0.08397,0.08397,0.03366,0,1
rs,10240,1280,512,gpu,23,A_gemmrs,1,0.14950,0.14643,0.14848,0.06449,0,1
rs,10240,1280,512,gpu,24,c_cublas,1,0.08397,0.08294,0.08397,0.04815,0,1
rs,10240,1280,512,gpu,24,A_gemmrs,0,0.13926,0.13722,0.13926,0.12093,0,1
rs,10240,1280,512,gpu,25,c_cublas,1,0.08397,0.08294,0.08397,0.03312,0,1
rs,10240,1280,512,gpu,25,A_gemmrs,0,0.17715,0.17613,0.17715,0.06302,0,1
rs,10240,1280,512,gpu,26,c_cublas,1,0.08397,0.08294,0.08397,0.03339,0,1
rs,10240,1280,512,gpu,26,A_gemmrs,0,0.13926,0.13824,0.13926,0.06515,0,1
rs,10240,1280,512,gpu,27,c_cublas,1,0.08397,0.08294,0.08294,0.03304,0,1
rs,10240,1280,512,gpu,27,A_gemmrs,0,0.13824,0.13722,0.13824,0.06418,0,1
rs,10240,1280,512,gpu,28,c_cublas,1,0.08294,0.08294,0.08294,0.03334,0,1
rs,10240,1280,512,gpu,28,A_gemmrs,0,0.29389,0.15053,0.29389,0.07030,0,1
rs,10240,1280,512,gpu,29,c_cublas,0,0.08499,0.08294,0.08397,0.03263,0,1
rs,10240,1280,512,gpu,29,A_gemmrs,1,0.16077,0.15872,0.15974,0.06475,0,1
rs,10240,1280,512,gpu,30,c_cublas,0,0.08499,0.08397,0.08397,0.03548,0,1
rs,10240,1280,512,gpu,30,A_gemmrs,1,0.12595,0.12390,0.12493,0.06362,0,1
rs,10240,1280,512,gpu,31,c_cublas,1,0.08397,0.08294,0.08397,0.03320,0,1
rs,10240,1280,512,gpu,31,A_gemmrs,0,0.14950,0.14848,0.14950,0.05874,0,1
rs,10240,1280,512,gpu,32,c_cublas,1,0.08397,0.08294,0.08294,0.03385,0,1
rs,10240,1280,512,gpu,32,A_gemmrs,0,0.14234,0.14131,0.14234,0.06543,0,1
rs,10240,1280,512,gpu,33,c_cublas,1,0.08397,0.08192,0.08294,0.03307,0,1
rs,10240,1280,512,gpu,33,A_gemmrs,0,0.12390,0.12288,0.12390,0.06469,0,1
rs,10240,1280,512,gpu,34,c_cublas,0,0.08397,0.08294,0.08397,0.03333,0,1
rs,10240,1280,512,gpu,34,A_gemmrs,1,0.15053,0.14848,0.15053,0.07840,0,1
rs,10240,1280,512,gpu,35,c_cublas,0,0.08499,0.08397,0.08397,0.03454,0,1
rs,10240,1280,512,gpu,35,A_gemmrs,1,0.14029,0.13926,0.13926,0.06499,0,1
rs,10240,1280,512,gpu,36,c_cublas,0,0.08499,0.08397,0.08499,0.03480,0,1
rs,10240,1280,512,gpu,36,A_gemmrs,1,0.19456,0.19354,0.19456,0.06288,0,1
rs,10240,1280,512,gpu,37,c_cublas,0,0.08499,0.08397,0.08397,0.03402,0,1
rs,10240,1280,512,gpu,37,A_gemmrs,1,0.14029,0.13926,0.14029,0.06111,0,1
rs,10240,1280,512,gpu,38,c_cublas,0,0.08499,0.08397,0.08397,0.03487,0,1
rs,10240,1280,512,gpu,38,A_gemmrs,1,0.12390,0.12288,0.12390,0.06320,0,1
rs,10240,1280,512,gpu,39,c_cublas,1,0.08294,0.08294,0.08294,0.03330,0,1
rs,10240,1280,512,gpu,39,A_gemmrs,0,0.14029,0.13926,0.14029,0.05914,0,1
rs,10240,1280,512,gpu,40,c_cublas,1,0.08397,0.08294,0.08294,0.03394,0,1
rs,10240,1280,512,gpu,40,A_gemmrs,0,0.12390,0.12288,0.12288,0.06366,0,1
rs,10240,1280,512,gpu,41,c_cublas,1,0.08397,0.08294,0.08294,0.03239,0,1
rs,10240,1280,512,gpu,41,A_gemmrs,0,0.12493,0.12493,0.12493,0.06193,0,1
rs,10240,1280,512,gpu,42,c_cublas,0,0.08499,0.08397,0.08397,0.03417,0,1
rs,10240,1280,512,gpu,42,A_gemmrs,1,0.15770,0.15565,0.15770,0.06391,0,1
rs,10240,1280,512,gpu,43,c_cublas,0,0.08499,0.08397,0.08397,0.03352,0,1
rs,10240,1280,512,gpu,43,A_gemmrs,1,0.14336,0.14131,0.14336,0.06302,0,1
rs,10240,1280,512,gpu,44,c_cublas,1,0.08294,0.08294,0.08294,0.03488,0,1
rs,10240,1280,512,gpu,44,A_gemmrs,0,0.14541,0.14438,0.14541,0.06154,0,1
rs,10240,1280,512,gpu,45,c_cublas,1,0.08397,0.08192,0.08294,0.03305,0,1
rs,10240,1280,512,gpu,45,A_gemmrs,0,0.13824,0.13824,0.13824,0.06582,0,1
rs,10240,1280,512,gpu,46,c_cublas,1,0.08294,0.08294,0.08294,0.03608,0,1
rs,10240,1280,512,gpu,46,A_gemmrs,0,0.14746,0.14746,0.14746,0.06235,0,1
rs,10240,1280,512,gpu,47,c_cublas,1,0.08397,0.08294,0.08294,0.03388,0,1
rs,10240,1280,512,gpu,47,A_gemmrs,0,0.13824,0.13824,0.13824,0.06420,0,1
rs,10240,1280,512,gpu,48,c_cublas,0,0.08499,0.08397,0.08499,0.03119,0,1
rs,10240,1280,512,gpu,48,A_gemmrs,1,0.18842,0.18842,0.18842,0.06216,0,1
rs,10240,1280,512,gpu,49,c_cublas,1,0.08397,0.08192,0.08192,0.03362,0,1
rs,10240,1280,512,gpu,49,A_gemmrs,0,0.13926,0.13824,0.13926,0.06331,0,1
rs,10240,1280,512,gpu,50,c_cublas,0,0.08499,0.08397,0.08397,0.03366,0,1
rs,10240,1280,512,gpu,50,A_gemmrs,1,0.13824,0.13824,0.13824,0.06462,0,1
rs,10240,1280,512,gpu,51,c_cublas,0,0.08397,0.08397,0.08397,0.03434,0,1
rs,10240,1280,512,gpu,51,A_gemmrs,1,0.12493,0.12390,0.12493,0.06378,0,1
rs,10240,1280,512,gpu,52,c_cublas,0,0.08499,0.08397,0.08397,0.03400,0,1
rs,10240,1280,512,gpu,52,A_gemmrs,1,0.12902,0.12698,0.12800,0.06111,0,1
rs,10240,1280,512,gpu,53,c_cublas,1,0.08397,0.08192,0.08294,0.03370,0,1
rs,10240,1280,512,gpu,53,A_gemmrs,0,0.13824,0.13722,0.13722,0.06297,0,1
rs,10240,1280,512,gpu,54,c_cublas,1,0.08294,0.08294,0.08294,0.03366,0,1
rs,10240,1280,512,gpu,54,A_gemmrs,0,0.12698,0.12493,0.12595,0.06481,0,1
rs,10240,1280,512,gpu,55,c_cublas,1,0.08294,0.08192,0.08192,0.03270,0,1
rs,10240,1280,512,gpu,55,A_gemmrs,0,0.14438,0.14234,0.14234,0.06190,0,1
rs,10240,1280,512,gpu,56,c_cublas,1,0.08294,0.08294,0.08294,0.03345,0,1
rs,10240,1280,512,gpu,56,A_gemmrs,0,0.14848,0.14848,0.14848,0.06376,0,1
rs,10240,1280,512,gpu,57,c_cublas,1,0.08294,0.08192,0.08294,0.03268,0,1
rs,10240,1280,512,gpu,57,A_gemmrs,0,0.13824,0.13722,0.13722,0.06230,0,1
rs,10240,1280,512,gpu,58,c_cublas,1,0.08397,0.08192,0.08294,0.03321,0,1
rs,10240,1280,512,gpu,58,A_gemmrs,0,0.14950,0.14746,0.14848,0.07004,0,1
rs,10240,1280,512,gpu,59,c_cublas,0,0.08397,0.08397,0.08397,0.03796,0,1
rs,10240,1280,512,gpu,59,A_gemmrs,1,0.15770,0.15565,0.15770,0.06244,0,1
rs,10240,1280,512,gpu,60,c_cublas,0,0.08397,0.08397,0.08397,0.04067,0,1
rs,10240,1280,512,gpu,60,A_gemmrs,1,0.19763,0.19661,0.19661,0.06359,0,1
rs,10240,1280,512,gpu,61,c_cublas,0,0.08499,0.08397,0.08397,0.03415,0,1
rs,10240,1280,512,gpu,61,A_gemmrs,1,0.13722,0.13619,0.13619,0.06312,0,1
rs,10240,1280,512,gpu,62,c_cublas,0,0.08499,0.08294,0.08499,0.03420,0,1
rs,10240,1280,512,gpu,62,A_gemmrs,1,0.13926,0.13824,0.13926,0.06307,0,1
rs,10240,1280,512,gpu,63,c_cublas,1,0.08294,0.08294,0.08294,0.03263,0,1
rs,10240,1280,512,gpu,63,A_gemmrs,0,0.12288,0.12186,0.12288,0.05934,0,1
rs,10240,1280,512,gpu,64,c_cublas,1,0.08294,0.08192,0.08294,0.03344,0,1
rs,10240,1280,512,gpu,64,A_gemmrs,0,0.12493,0.12390,0.12493,0.07075,0,1
rs,10240,1280,512,gpu,65,c_cublas,1,0.08397,0.08294,0.08397,0.03309,0,1
rs,10240,1280,512,gpu,65,A_gemmrs,0,0.13926,0.13722,0.13824,0.07150,0,1
rs,10240,1280,512,gpu,66,c_cublas,0,0.08499,0.08294,0.08397,0.03009,0,1
rs,10240,1280,512,gpu,66,A_gemmrs,1,0.14438,0.14234,0.14336,0.06505,0,1
rs,10240,1280,512,gpu,67,c_cublas,0,0.08397,0.08397,0.08397,0.03268,0,1
rs,10240,1280,512,gpu,67,A_gemmrs,1,0.12493,0.12390,0.12390,0.06443,0,1
rs,10240,1280,512,gpu,68,c_cublas,1,0.08397,0.08294,0.08294,0.03394,0,1
rs,10240,1280,512,gpu,68,A_gemmrs,0,0.14746,0.14541,0.14746,0.05867,0,1
rs,10240,1280,512,gpu,69,c_cublas,0,0.08397,0.08397,0.08397,0.03040,0,1
rs,10240,1280,512,gpu,69,A_gemmrs,1,0.14746,0.14643,0.14746,0.06362,0,1
rs,10240,1280,512,gpu,70,c_cublas,0,0.08397,0.08397,0.08397,0.03341,0,1
rs,10240,1280,512,gpu,70,A_gemmrs,1,0.12595,0.12390,0.12595,0.06919,0,1
rs,10240,1280,512,gpu,71,c_cublas,1,0.08397,0.08294,0.08397,0.03970,0,1
rs,10240,1280,512,gpu,71,A_gemmrs,0,0.85299,0.23142,0.85299,0.08937,0,1
rs,10240,1280,512,gpu,72,c_cublas,1,0.08294,0.08294,0.08294,0.03246,0,1
rs,10240,1280,512,gpu,72,A_gemmrs,0,0.12390,0.12288,0.12390,0.06149,0,1
rs,10240,1280,512,gpu,73,c_cublas,0,0.11162,0.08397,0.08499,0.03451,0,1
rs,10240,1280,512,gpu,73,A_gemmrs,1,0.14746,0.14541,0.14746,0.07174,0,1
rs,10240,1280,512,gpu,74,c_cublas,0,0.08499,0.08397,0.08499,0.03331,0,1
rs,10240,1280,512,gpu,74,A_gemmrs,1,0.13926,0.13824,0.13926,0.06073,0,1
rs,10240,1280,512,gpu,75,c_cublas,1,0.08397,0.08294,0.08397,0.03352,0,1
rs,10240,1280,512,gpu,75,A_gemmrs,0,0.12288,0.12186,0.12288,0.06022,0,1
rs,10240,1280,512,gpu,76,c_cublas,0,0.08499,0.08397,0.08499,0.03102,0,1
rs,10240,1280,512,gpu,76,A_gemmrs,1,0.15667,0.15462,0.15565,0.06174,0,1
rs,10240,1280,512,gpu,77,c_cublas,1,0.08397,0.08294,0.08294,0.03323,0,1
rs,10240,1280,512,gpu,77,A_gemmrs,0,0.12288,0.12186,0.12186,0.06123,0,1
rs,10240,1280,512,gpu,78,c_cublas,1,0.08294,0.08294,0.08294,0.03340,0,1
rs,10240,1280,512,gpu,78,A_gemmrs,0,0.14950,0.14848,0.14950,0.06978,0,1
rs,10240,1280,512,gpu,79,c_cublas,0,0.08397,0.08397,0.08397,0.03743,0,1
rs,10240,1280,512,gpu,79,A_gemmrs,1,0.15258,0.15258,0.15258,0.06179,0,1
rs,10240,1280,512,gpu,80,c_cublas,0,0.08397,0.08397,0.08397,0.03975,0,1
rs,10240,1280,512,gpu,80,A_gemmrs,1,0.13824,0.13824,0.13824,0.06311,0,1
rs,10240,1280,512,gpu,81,c_cublas,0,0.08499,0.08294,0.08499,0.03319,0,1
rs,10240,1280,512,gpu,81,A_gemmrs,1,0.17613,0.17510,0.17613,0.06304,0,1
rs,10240,1280,512,gpu,82,c_cublas,1,0.08397,0.08294,0.08397,0.03273,0,1
rs,10240,1280,512,gpu,82,A_gemmrs,0,0.18534,0.18534,0.18534,0.06369,0,1
rs,10240,1280,512,gpu,83,c_cublas,1,0.08397,0.08294,0.08294,0.03334,0,1
rs,10240,1280,512,gpu,83,A_gemmrs,0,0.13722,0.13722,0.13722,0.06311,0,1
rs,10240,1280,512,gpu,84,c_cublas,1,0.08397,0.08294,0.08294,0.03302,0,1
rs,10240,1280,512,gpu,84,A_gemmrs,0,0.12493,0.12390,0.12493,0.06974,0,1
rs,10240,1280,512,gpu,85,c_cublas,1,0.08294,0.08294,0.08294,0.03221,0,1
rs,10240,1280,512,gpu,85,A_gemmrs,0,0.13824,0.13722,0.13824,0.06822,0,1
rs,10240,1280,512,gpu,86,c_cublas,1,0.08294,0.08294,0.08294,0.03336,0,1
rs,10240,1280,512,gpu,86,A_gemmrs,0,0.14234,0.14234,0.14234,0.06985,0,1
rs,10240,1280,512,gpu,87,c_cublas,0,0.08397,0.08397,0.08397,0.04352,0,1
rs,10240,1280,512,gpu,87,A_gemmrs,1,0.13619,0.13517,0.13619,0.06297,0,1
rs,10240,1280,512,gpu,88,c_cublas,1,0.08294,0.08192,0.08294,0.03338,0,1
rs,10240,1280,512,gpu,88,A_gemmrs,0,0.14438,0.14234,0.14234,0.05872,0,1
rs,10240,1280,512,gpu,89,c_cublas,0,0.08499,0.08397,0.08499,0.03282,0,1
rs,10240,1280,512,gpu,89,A_gemmrs,1,0.13824,0.13824,0.13824,0.06435,0,1
rs,10240,1280,512,gpu,90,c_cublas,0,0.08499,0.08397,0.08397,0.03366,0,1
rs,10240,1280,512,gpu,90,A_gemmrs,1,0.12390,0.12288,0.12390,0.06130,0,1
rs,10240,1280,512,gpu,91,c_cublas,0,0.08499,0.08397,0.08499,0.03423,0,1
rs,10240,1280,512,gpu,91,A_gemmrs,1,0.15360,0.15155,0.15360,0.06627,0,1
rs,10240,1280,512,gpu,92,c_cublas,0,0.08499,0.08397,0.08499,0.03335,0,1
rs,10240,1280,512,gpu,92,A_gemmrs,1,0.14336,0.14131,0.14336,0.06730,0,1
rs,10240,1280,512,gpu,93,c_cublas,1,0.08397,0.08294,0.08294,0.03349,0,1
rs,10240,1280,512,gpu,93,A_gemmrs,0,0.16794,0.16691,0.16691,0.05919,0,1
rs,10240,1280,512,gpu,94,c_cublas,0,0.08397,0.08294,0.08397,0.03051,0,1
rs,10240,1280,512,gpu,94,A_gemmrs,1,0.18534,0.18330,0.18330,0.06511,0,1
rs,10240,1280,512,gpu,95,c_cublas,0,0.08499,0.08397,0.08397,0.03319,0,1
rs,10240,1280,512,gpu,95,A_gemmrs,1,0.13824,0.13824,0.13824,0.06296,0,1
rs,10240,1280,512,gpu,96,c_cublas,0,0.08499,0.08397,0.08499,0.03347,0,1
rs,10240,1280,512,gpu,96,A_gemmrs,1,0.13824,0.13824,0.13824,0.06322,0,1
rs,10240,1280,512,gpu,97,c_cublas,1,0.08397,0.08294,0.08294,0.03279,0,1
rs,10240,1280,512,gpu,97,A_gemmrs,0,0.14950,0.14746,0.14848,0.05581,0,1
rs,10240,1280,512,gpu,98,c_cublas,0,0.08397,0.08397,0.08397,0.03067,0,1
rs,10240,1280,512,gpu,98,A_gemmrs,1,0.14234,0.14029,0.14234,0.06805,0,1
rs,10240,1280,512,gpu,99,c_cublas,1,0.08294,0.08294,0.08294,0.03974,0,1
rs,10240,1280,512,gpu,99,A_gemmrs,0,0.12595,0.12493,0.12493,0.05794,0,1
rs,10240,1280,512,gpu,100,c_cublas,0,0.08397,0.08397,0.08397,0.03132,0,1
rs,10240,1280,512,gpu,100,A_gemmrs,1,0.14541,0.14438,0.14541,0.07658,0,1
rs,10240,1280,512,gpu,101,c_cublas,1,0.08397,0.08294,0.08294,0.04685,0,1
rs,10240,1280,512,gpu,101,A_gemmrs,0,0.13824,0.13619,0.13722,0.06103,0,1
rs,10240,1280,512,gpu,102,c_cublas,0,0.08397,0.08294,0.08294,0.03225,0,1
rs,10240,1280,512,gpu,102,A_gemmrs,1,0.12595,0.12288,0.12595,0.06890,0,1
rs,10240,1280,512,gpu,103,c_cublas,0,0.08499,0.08397,0.08397,0.03465,0,1
rs,10240,1280,512,gpu,103,A_gemmrs,1,0.15155,0.15053,0.15053,0.07538,0,1
rs,10240,1280,512,gpu,104,c_cublas,1,0.08397,0.08294,0.08294,0.03333,0,1
rs,10240,1280,512,gpu,104,A_gemmrs,0,0.13824,0.13722,0.13722,0.05971,0,1
rs,10240,1280,512,gpu,105,c_cublas,0,0.08499,0.08294,0.08499,0.03332,0,1
rs,10240,1280,512,gpu,105,A_gemmrs,1,0.16998,0.16896,0.16896,0.07266,0,1
rs,10240,1280,512,gpu,106,c_cublas,0,0.08499,0.08397,0.08499,0.03443,0,1
rs,10240,1280,512,gpu,106,A_gemmrs,1,0.18125,0.18022,0.18022,0.06264,0,1
rs,10240,1280,512,gpu,107,c_cublas,0,0.08499,0.08294,0.08499,0.03391,0,1
rs,10240,1280,512,gpu,107,A_gemmrs,1,0.13824,0.13722,0.13824,0.07611,0,1
rs,10240,1280,512,gpu,108,c_cublas,1,0.08397,0.08294,0.08397,0.04062,0,1
rs,10240,1280,512,gpu,108,A_gemmrs,0,0.14746,0.14746,0.14746,0.06164,0,1
rs,10240,1280,512,gpu,109,c_cublas,1,0.08397,0.08294,0.08397,0.04266,0,1
rs,10240,1280,512,gpu,109,A_gemmrs,0,0.15667,0.15667,0.15667,0.06594,0,1
rs,10240,1280,512,gpu,110,c_cublas,0,0.08499,0.08397,0.08397,0.03240,0,1
rs,10240,1280,512,gpu,110,A_gemmrs,1,0.14336,0.14234,0.14336,0.07383,0,1
rs,10240,1280,512,gpu,111,c_cublas,1,0.08294,0.08294,0.08294,0.04157,0,1
rs,10240,1280,512,gpu,111,A_gemmrs,0,0.12493,0.12390,0.12390,0.06136,0,1
rs,10240,1280,512,gpu,112,c_cublas,0,0.08397,0.08397,0.08397,0.03263,0,1
rs,10240,1280,512,gpu,112,A_gemmrs,1,0.15258,0.15258,0.15258,0.06150,0,1
rs,10240,1280,512,gpu,113,c_cublas,0,0.08499,0.08397,0.08499,0.03413,0,1
rs,10240,1280,512,gpu,113,A_gemmrs,1,0.12493,0.12493,0.12493,0.06512,0,1
rs,10240,1280,512,gpu,114,c_cublas,1,0.08397,0.08192,0.08294,0.03319,0,1
rs,10240,1280,512,gpu,114,A_gemmrs,0,0.12595,0.12493,0.12493,0.05991,0,1
rs,10240,1280,512,gpu,115,c_cublas,0,0.08499,0.08397,0.08499,0.03464,0,1
rs,10240,1280,512,gpu,115,A_gemmrs,1,0.15872,0.15770,0.15872,0.06269,0,1
rs,10240,1280,512,gpu,116,c_cublas,0,0.08499,0.08397,0.08499,0.03552,0,1
rs,10240,1280,512,gpu,116,A_gemmrs,1,0.12390,0.12390,0.12390,0.06480,0,1
rs,10240,1280,512,gpu,117,c_cublas,0,0.08499,0.08397,0.08397,0.03380,0,1
rs,10240,1280,512,gpu,117,A_gemmrs,1,0.17510,0.17306,0.17408,0.06214,0,1
rs,10240,1280,512,gpu,118,c_cublas,1,0.08397,0.08192,0.08397,0.03396,0,1
rs,10240,1280,512,gpu,118,A_gemmrs,0,0.18330,0.18227,0.18227,0.06126,0,1
rs,10240,1280,512,gpu,119,c_cublas,1,0.08397,0.08294,0.08397,0.03353,0,1
rs,10240,1280,512,gpu,119,A_gemmrs,0,0.12493,0.12390,0.12493,0.06473,0,1
rs,10240,1280,512,gpu,120,c_cublas,1,0.08294,0.08294,0.08294,0.03269,0,1
rs,10240,1280,512,gpu,120,A_gemmrs,0,0.14848,0.14746,0.14848,0.06285,0,1
rs,10240,1280,512,gpu,121,c_cublas,0,0.10957,0.08397,0.10957,0.03304,0,1
rs,10240,1280,512,gpu,121,A_gemmrs,1,0.15770,0.15565,0.15770,0.07739,0,1
rs,10240,1280,512,gpu,122,c_cublas,1,0.08294,0.08192,0.08294,0.03299,0,1
rs,10240,1280,512,gpu,122,A_gemmrs,0,0.13517,0.13517,0.13517,0.06109,0,1
rs,10240,1280,512,gpu,123,c_cublas,1,0.08397,0.08192,0.08397,0.03386,0,1
rs,10240,1280,512,gpu,123,A_gemmrs,0,0.15667,0.15462,0.15565,0.06590,0,1
rs,10240,1280,512,gpu,124,c_cublas,1,0.08397,0.08294,0.08397,0.03375,1410,1
rs,10240,1280,512,gpu,124,A_gemmrs,0,0.12800,0.12595,0.12698,0.06463,1410,1
rs,10240,1280,512,gpu,125,c_cublas,0,0.08499,0.08397,0.08397,0.03211,1410,1
rs,10240,1280,512,gpu,125,A_gemmrs,1,0.13619,0.13517,0.13619,0.06173,1410,1
rs,10240,1280,512,gpu,126,c_cublas,1,0.08397,0.08294,0.08294,0.03344,1410,1
rs,10240,1280,512,gpu,126,A_gemmrs,0,0.15770,0.15770,0.15770,0.06207,1410,1
rs,10240,1280,512,gpu,127,c_cublas,1,0.08294,0.08294,0.08294,0.03454,1410,1
rs,10240,1280,512,gpu,127,A_gemmrs,0,0.13824,0.13824,0.13824,0.06307,1410,1
rs,10240,1280,512,gpu,128,c_cublas,1,0.08294,0.08192,0.08294,0.03359,1410,1
rs,10240,1280,512,gpu,128,A_gemmrs,0,0.18022,0.17818,0.17920,0.06875,1410,1
rs,10240,1280,512,gpu,129,c_cublas,1,0.08397,0.08294,0.08294,0.03289,1410,1
rs,10240,1280,512,gpu,129,A_gemmrs,0,0.18330,0.18330,0.18330,0.06309,1410,1
rs,10240,1280,512,gpu,130,c_cublas,1,0.08294,0.08294,0.08294,0.03359,1410,1
rs,10240,1280,512,gpu,130,A_gemmrs,0,0.13722,0.13517,0.13619,0.06495,1410,1
rs,10240,1280,512,gpu,131,c_cublas,1,0.08294,0.08294,0.08294,0.03391,1410,1
rs,10240,1280,512,gpu,131,A_gemmrs,0,0.14746,0.14643,0.14643,0.06537,1410,1
rs,10240,1280,512,gpu,132,c_cublas,1,0.08294,0.08294,0.08294,0.03262,1410,1
rs,10240,1280,512,gpu,132,A_gemmrs,0,0.12493,0.12390,0.12493,0.06175,1410,1
rs,10240,1280,512,gpu,133,c_cublas,1,0.08294,0.08192,0.08294,0.03406,1410,1
rs,10240,1280,512,gpu,133,A_gemmrs,0,0.13824,0.13722,0.13824,0.06569,1410,1
rs,10240,1280,512,gpu,134,c_cublas,0,0.08397,0.08397,0.08397,0.03171,1410,1
rs,10240,1280,512,gpu,134,A_gemmrs,1,0.15667,0.15462,0.15565,0.06101,1410,1
rs,10240,1280,512,gpu,135,c_cublas,1,0.08397,0.08294,0.08294,0.03391,1410,1
rs,10240,1280,512,gpu,135,A_gemmrs,0,0.13722,0.13619,0.13722,0.06135,1410,1
rs,10240,1280,512,gpu,136,c_cublas,1,0.08294,0.08294,0.08294,0.03299,1410,1
rs,10240,1280,512,gpu,136,A_gemmrs,0,0.12595,0.12390,0.12595,0.06382,1410,1
rs,10240,1280,512,gpu,137,c_cublas,1,0.08397,0.08294,0.08294,0.03385,1410,1
rs,10240,1280,512,gpu,137,A_gemmrs,0,0.12493,0.12390,0.12390,0.06605,1410,1
rs,10240,1280,512,gpu,138,c_cublas,1,0.08294,0.08192,0.08294,0.03294,1410,1
rs,10240,1280,512,gpu,138,A_gemmrs,0,0.16179,0.16077,0.16077,0.06323,1410,1
rs,10240,1280,512,gpu,139,c_cublas,0,0.08499,0.08397,0.08397,0.03252,1410,1
rs,10240,1280,512,gpu,139,A_gemmrs,1,0.16794,0.16589,0.16794,0.06469,1410,1
rs,10240,1280,512,gpu,140,c_cublas,0,0.08397,0.08397,0.08397,0.03488,1410,1
rs,10240,1280,512,gpu,140,A_gemmrs,1,0.14950,0.14848,0.14950,0.06332,1410,1
rs,10240,1280,512,gpu,141,c_cublas,0,0.08499,0.08397,0.08397,0.03472,1410,1
rs,10240,1280,512,gpu,141,A_gemmrs,1,0.13722,0.13619,0.13722,0.06360,1410,1
rs,10240,1280,512,gpu,142,c_cublas,0,0.08499,0.08397,0.08397,0.03442,1410,1
rs,10240,1280,512,gpu,142,A_gemmrs,1,0.13926,0.13824,0.13926,0.06161,1410,1
rs,10240,1280,512,gpu,143,c_cublas,1,0.08397,0.08294,0.08294,0.03320,1410,1
rs,10240,1280,512,gpu,143,A_gemmrs,0,0.15258,0.15258,0.15258,0.05986,1410,1
rs,10240,1280,512,gpu,144,c_cublas,1,0.08397,0.08192,0.08294,0.03322,1410,1
rs,10240,1280,512,gpu,144,A_gemmrs,0,0.13619,0.13517,0.13619,0.06254,1410,1
rs,10240,1280,512,gpu,145,c_cublas,0,0.08397,0.08397,0.08397,0.03220,1410,1
rs,10240,1280,512,gpu,145,A_gemmrs,1,0.13926,0.13926,0.13926,0.06382,1410,1
rs,10240,1280,512,gpu,146,c_cublas,1,0.08294,0.08294,0.08294,0.03284,1410,1
rs,10240,1280,512,gpu,146,A_gemmrs,0,0.15155,0.15053,0.15053,0.05895,1410,1
rs,10240,1280,512,gpu,147,c_cublas,0,0.08499,0.08397,0.08499,0.03098,1410,1
rs,10240,1280,512,gpu,147,A_gemmrs,1,0.15770,0.15667,0.15667,0.06141,1410,1
rs,10240,1280,512,gpu,148,c_cublas,1,0.08294,0.08294,0.08294,0.03326,1410,1
rs,10240,1280,512,gpu,148,A_gemmrs,0,0.13722,0.13517,0.13619,0.06029,1410,1
rs,10240,1280,512,gpu,149,c_cublas,0,0.08499,0.08397,0.08499,0.03288,1410,1
rs,10240,1280,512,gpu,149,A_gemmrs,1,0.15872,0.15667,0.15770,0.06371,1410,1
rs,10240,1280,512,gpu,150,c_cublas,1,0.08294,0.08294,0.08294,0.03330,1410,1
rs,10240,1280,512,gpu,150,A_gemmrs,0,0.12390,0.12083,0.12390,0.05722,1410,1
rs,10240,1280,512,gpu,151,c_cublas,1,0.08294,0.08294,0.08294,0.03308,1410,1
rs,10240,1280,512,gpu,151,A_gemmrs,0,0.16998,0.16896,0.16896,0.06337,1410,1
rs,10240,1280,512,gpu,152,c_cublas,0,0.08499,0.08294,0.08499,0.03074,1410,1
rs,10240,1280,512,gpu,152,A_gemmrs,1,0.15053,0.14950,0.14950,0.06184,1410,1
rs,10240,1280,512,gpu,153,c_cublas,1,0.08294,0.08294,0.08294,0.03335,1410,1
rs,10240,1280,512,gpu,153,A_gemmrs,0,0.12698,0.12493,0.12493,0.06057,1410,1
rs,10240,1280,512,gpu,154,c_cublas,0,0.08397,0.08397,0.08397,0.03110,1410,1
rs,10240,1280,512,gpu,154,A_gemmrs,1,0.14746,0.14643,0.14643,0.06419,1410,1
rs,10240,1280,512,gpu,155,c_cublas,1,0.08294,0.08192,0.08294,0.03284,1410,1
rs,10240,1280,512,gpu,155,A_gemmrs,0,0.15155,0.15053,0.15155,0.05998,1410,1
rs,10240,1280,512,gpu,156,c_cublas,0,0.08397,0.08397,0.08397,0.03224,1410,1
rs,10240,1280,512,gpu,156,A_gemmrs,1,0.12390,0.12288,0.12288,0.06425,1410,1
rs,10240,1280,512,gpu,157,c_cublas,1,0.08397,0.08192,0.08397,0.03264,1410,1
rs,10240,1280,512,gpu,157,A_gemmrs,0,0.13722,0.13619,0.13722,0.05782,1410,1
rs,10240,1280,512,gpu,158,c_cublas,0,0.08499,0.08294,0.08397,0.07747,1410,1
rs,10240,1280,512,gpu,158,A_gemmrs,1,0.16691,0.16589,0.16589,0.06393,1410,1
rs,10240,1280,512,gpu,159,c_cublas,1,0.08397,0.08294,0.08294,0.03530,1410,1
rs,10240,1280,512,gpu,159,A_gemmrs,0,0.12288,0.12186,0.12288,0.05825,1410,1
rs,10240,1280,512,gpu,160,c_cublas,0,0.08499,0.08397,0.08499,0.03142,1410,1
rs,10240,1280,512,gpu,160,A_gemmrs,1,0.15770,0.15565,0.15667,0.06376,1410,1
rs,10240,1280,512,gpu,161,c_cublas,0,0.08499,0.08397,0.08397,0.03424,1410,1
rs,10240,1280,512,gpu,161,A_gemmrs,1,0.15667,0.15667,0.15667,0.06135,1410,1
rs,10240,1280,512,gpu,162,c_cublas,1,0.08397,0.08294,0.08294,0.03339,1410,1
rs,10240,1280,512,gpu,162,A_gemmrs,0,0.13824,0.13722,0.13824,0.05951,1410,1
rs,10240,1280,512,gpu,163,c_cublas,1,0.08397,0.08294,0.08294,0.03331,1410,1
rs,10240,1280,512,gpu,163,A_gemmrs,0,0.16384,0.16384,0.16384,0.06405,1410,1
rs,10240,1280,512,gpu,164,c_cublas,1,0.08397,0.08294,0.08397,0.03265,1410,1
rs,10240,1280,512,gpu,164,A_gemmrs,0,0.14746,0.14643,0.14643,0.06157,1410,1
rs,10240,1280,512,gpu,165,c_cublas,1,0.08397,0.08192,0.08397,0.03313,1410,1
rs,10240,1280,512,gpu,165,A_gemmrs,0,0.13722,0.13619,0.13722,0.06433,1410,1
rs,10240,1280,512,gpu,166,c_cublas,0,0.08397,0.08397,0.08397,0.03131,1410,1
rs,10240,1280,512,gpu,166,A_gemmrs,1,0.14541,0.14541,0.14541,0.06118,1410,1
rs,10240,1280,512,gpu,167,c_cublas,0,0.08499,0.08397,0.08499,0.03384,1410,1
rs,10240,1280,512,gpu,167,A_gemmrs,1,0.14029,0.13824,0.14029,0.06427,1410,1
rs,10240,1280,512,gpu,168,c_cublas,0,0.08397,0.08397,0.08397,0.03276,1410,1
rs,10240,1280,512,gpu,168,A_gemmrs,1,0.13824,0.13619,0.13722,0.06117,1410,1
rs,10240,1280,512,gpu,169,c_cublas,1,0.08397,0.08294,0.08397,0.03309,1410,1
rs,10240,1280,512,gpu,169,A_gemmrs,0,0.15258,0.15155,0.15258,0.06007,1410,1
rs,10240,1280,512,gpu,170,c_cublas,1,0.08397,0.08294,0.08294,0.03199,1410,1
rs,10240,1280,512,gpu,170,A_gemmrs,0,0.15258,0.15155,0.15258,0.06003,1410,1
rs,10240,1280,512,gpu,171,c_cublas,0,0.11059,0.08397,0.08397,0.03417,1410,1
rs,10240,1280,512,gpu,171,A_gemmrs,1,0.16998,0.16794,0.16998,0.08897,1410,1
rs,10240,1280,512,gpu,172,c_cublas,0,0.08499,0.08397,0.08499,0.03419,1410,1
rs,10240,1280,512,gpu,172,A_gemmrs,1,1.03731,0.17920,1.03629,0.08109,1410,1
rs,10240,1280,512,gpu,173,c_cublas,0,0.08499,0.08397,0.08499,0.04652,1410,1
rs,10240,1280,512,gpu,173,A_gemmrs,1,0.14848,0.14746,0.14848,0.07651,1410,1
rs,10240,1280,512,gpu,174,c_cublas,0,0.08499,0.08397,0.08397,0.03303,1410,1
rs,10240,1280,512,gpu,174,A_gemmrs,1,0.14541,0.14438,0.14541,0.06092,1410,1
rs,10240,1280,512,gpu,175,c_cublas,0,0.08499,0.08397,0.08499,0.03360,1410,1
rs,10240,1280,512,gpu,175,A_gemmrs,1,0.12493,0.12390,0.12493,0.06769,1410,1
rs,10240,1280,512,gpu,176,c_cublas,0,0.08499,0.08397,0.08499,0.03304,1410,1
rs,10240,1280,512,gpu,176,A_gemmrs,1,0.13926,0.13824,0.13824,0.06248,1410,1
rs,10240,1280,512,gpu,177,c_cublas,0,0.08499,0.08294,0.08499,0.03461,1410,1
rs,10240,1280,512,gpu,177,A_gemmrs,1,0.13722,0.13619,0.13722,0.06350,1410,1
rs,10240,1280,512,gpu,178,c_cublas,0,0.08499,0.08397,0.08499,0.03386,1410,1
rs,10240,1280,512,gpu,178,A_gemmrs,1,0.15155,0.15053,0.15053,0.06034,1410,1
rs,10240,1280,512,gpu,179,c_cublas,1,0.08397,0.08192,0.08397,0.03322,1410,1
rs,10240,1280,512,gpu,179,A_gemmrs,0,0.15155,0.15155,0.15155,0.06246,1410,1
rs,10240,1280,512,gpu,180,c_cublas,1,0.08294,0.08294,0.08294,0.03286,1410,1
rs,10240,1280,512,gpu,180,A_gemmrs,0,0.12698,0.12595,0.12595,0.06427,1410,1
rs,10240,1280,512,gpu,181,c_cublas,0,0.08499,0.08397,0.08397,0.03087,1410,1
rs,10240,1280,512,gpu,181,A_gemmrs,1,0.16691,0.16691,0.16691,0.06149,1410,1
rs,10240,1280,512,gpu,182,c_cublas,1,0.08397,0.08192,0.08294,0.03318,1410,1
rs,10240,1280,512,gpu,182,A_gemmrs,0,0.12698,0.12493,0.12595,0.06062,1410,1
rs,10240,1280,512,gpu,183,c_cublas,1,0.08397,0.08294,0.08294,0.03222,1410,1
rs,10240,1280,512,gpu,183,A_gemmrs,0,0.16896,0.16794,0.16794,0.06148,1410,1
rs,10240,1280,512,gpu,184,c_cublas,1,0.08397,0.08294,0.08397,0.03387,1410,1
rs,10240,1280,512,gpu,184,A_gemmrs,0,0.13926,0.13824,0.13824,0.06301,1410,1
rs,10240,1280,512,gpu,185,c_cublas,1,0.08397,0.08294,0.08294,0.03294,1410,1
rs,10240,1280,512,gpu,185,A_gemmrs,0,0.14950,0.14848,0.14848,0.06358,1410,1
rs,10240,1280,512,gpu,186,c_cublas,1,0.08294,0.08294,0.08294,0.03279,1410,1
rs,10240,1280,512,gpu,186,A_gemmrs,0,0.14029,0.13824,0.13824,0.06167,1410,1
rs,10240,1280,512,gpu,187,c_cublas,1,0.08294,0.08294,0.08294,0.03270,1410,1
rs,10240,1280,512,gpu,187,A_gemmrs,0,0.12595,0.12390,0.12493,0.06301,1410,1
rs,10240,1280,512,gpu,188,c_cublas,0,0.08397,0.08397,0.08397,0.03097,1410,1
rs,10240,1280,512,gpu,188,A_gemmrs,1,0.14848,0.14746,0.14848,0.06219,1410,1
rs,10240,1280,512,gpu,189,c_cublas,0,0.08499,0.08397,0.08499,0.03391,1410,1
rs,10240,1280,512,gpu,189,A_gemmrs,1,0.12595,0.12493,0.12493,0.06379,1410,1
rs,10240,1280,512,gpu,190,c_cublas,0,0.08499,0.08397,0.08397,0.03308,1410,1
rs,10240,1280,512,gpu,190,A_gemmrs,1,0.15258,0.15155,0.15258,0.06091,1410,1
rs,10240,1280,512,gpu,191,c_cublas,0,0.08499,0.08397,0.08397,0.03330,1410,1
rs,10240,1280,512,gpu,191,A_gemmrs,1,0.12493,0.12288,0.12390,0.06293,1410,1
rs,10240,1280,512,gpu,192,c_cublas,1,0.08294,0.08294,0.08294,0.03282,1410,1
rs,10240,1280,512,gpu,192,A_gemmrs,0,0.15258,0.15155,0.15258,0.05962,1410,1
rs,10240,1280,512,gpu,193,c_cublas,1,0.08294,0.08192,0.08294,0.03300,1410,1
rs,10240,1280,512,gpu,193,A_gemmrs,0,0.17101,0.16998,0.16998,0.06530,1410,1
rs,10240,1280,512,gpu,194,c_cublas,1,0.08397,0.08294,0.08294,0.03278,1410,1
rs,10240,1280,512,gpu,194,A_gemmrs,0,0.12493,0.12390,0.12493,0.06250,1410,1
rs,10240,1280,512,gpu,195,c_cublas,0,0.08499,0.08397,0.08397,0.03064,1410,1
rs,10240,1280,512,gpu,195,A_gemmrs,1,0.16998,0.16896,0.16998,0.06225,1410,1
rs,10240,1280,512,gpu,196,c_cublas,0,0.08397,0.08397,0.08397,0.03345,1410,1
rs,10240,1280,512,gpu,196,A_gemmrs,1,0.14848,0.14746,0.14848,0.06283,1410,1
rs,10240,1280,512,gpu,197,c_cublas,1,0.08397,0.08294,0.08294,0.03348,1410,1
rs,10240,1280,512,gpu,197,A_gemmrs,0,0.13722,0.13619,0.13722,0.06017,1410,1
rs,10240,1280,512,gpu,198,c_cublas,0,0.08499,0.08397,0.08499,0.03067,1410,1
rs,10240,1280,512,gpu,198,A_gemmrs,1,0.14029,0.13824,0.13926,0.06529,1410,1
rs,10240,1280,512,gpu,199,c_cublas,1,0.08294,0.08294,0.08294,0.03315,1410,1
rs,10240,1280,512,gpu,199,A_gemmrs,0,0.13722,0.13619,0.13619,0.05943,1410,1
rs,10240,1280,512,steady,0,c_cublas,1,0.07552,0.07526,0.07552,0.01304,0,1
rs,10240,1280,512,steady,0,A_gemmrs,0,0.13005,0.12294,0.12403,0.03395,0,1
rs,10240,1280,512,steady,1,c_cublas,0,0.07680,0.07642,0.07642,0.01287,0,1
rs,10240,1280,512,steady,1,A_gemmrs,1,0.11968,0.11962,0.11968,0.03093,0,1
rs,10240,1280,512,steady,2,c_cublas,0,0.07738,0.07686,0.07686,0.01288,0,1
rs,10240,1280,512,steady,2,A_gemmrs,1,0.11802,0.11795,0.11802,0.03083,0,1
rs,10240,1280,512,steady,3,c_cublas,1,0.07558,0.07514,0.07539,0.01287,0,1
rs,10240,1280,512,steady,3,A_gemmrs,0,0.11994,0.11878,0.11878,0.03053,0,1
rs,10240,1280,512,steady,4,c_cublas,1,0.07546,0.07533,0.07533,0.01277,0,1
rs,10240,1280,512,steady,4,A_gemmrs,0,0.12960,0.12941,0.12960,0.03128,0,1
rs,10240,1280,512,steady,5,c_cublas,0,0.07699,0.07622,0.07629,0.01250,0,1
rs,10240,1280,512,steady,5,A_gemmrs,1,0.12064,0.12064,0.12064,0.03174,0,1
rs,10240,1280,512,steady,6,c_cublas,1,0.07552,0.07539,0.07539,0.01285,0,1
rs,10240,1280,512,steady,6,A_gemmrs,0,0.12083,0.12064,0.12083,0.03090,0,1
rs,10240,1280,512,steady,7,c_cublas,0,0.07718,0.07635,0.07635,0.01287,0,1
rs,10240,1280,512,steady,7,A_gemmrs,1,0.11840,0.11834,0.11834,0.03102,0,1
rs,10240,1280,512,steady,8,c_cublas,1,0.07552,0.07533,0.07539,0.01337,0,1
rs,10240,1280,512,steady,8,A_gemmrs,0,0.12608,0.12486,0.12486,0.03081,0,1
rs,10240,1280,512,steady,9,c_cublas,0,0.07674,0.07629,0.07667,0.01245,0,1
rs,10240,1280,512,steady,9,A_gemmrs,1,0.12218,0.12218,0.12218,0.03094,0,1
rs,10240,1280,512,steady,10,c_cublas,0,0.07718,0.07686,0.07699,0.01271,0,1
rs,10240,1280,512,steady,10,A_gemmrs,1,0.12083,0.12077,0.12077,0.03082,0,1
rs,10240,1280,512,steady,11,c_cublas,0,0.07706,0.07680,0.07693,0.01272,0,1
rs,10240,1280,512,steady,11,A_gemmrs,1,0.11923,0.11910,0.11910,0.03150,0,1
rs,10240,1280,512,steady,12,c_cublas,1,0.07552,0.07533,0.07539,0.01262,0,1
rs,10240,1280,512,steady,12,A_gemmrs,0,0.12141,0.12115,0.12141,0.03092,0,1
rs,10240,1280,512,steady,13,c_cublas,1,0.07552,0.07520,0.07539,0.01272,0,1
rs,10240,1280,512,steady,13,A_gemmrs,0,0.12173,0.12173,0.12173,0.03066,0,1
rs,10240,1280,512,steady,14,c_cublas,1,0.07558,0.07520,0.07533,0.01275,0,1
rs,10240,1280,512,steady,14,A_gemmrs,0,0.12582,0.12576,0.12582,0.03066,0,1
rs,10240,1280,512,steady,15,c_cublas,0,0.07674,0.07616,0.07629,0.01282,0,1
rs,10240,1280,512,steady,15,A_gemmrs,1,0.12134,0.12128,0.12134,0.03069,0,1
rs,10240,1280,512,steady,16,c_cublas,0,0.07731,0.07699,0.07699,0.01286,0,1
rs,10240,1280,512,steady,16,A_gemmrs,1,0.11923,0.11891,0.11923,0.03142,0,1
rs,10240,1280,512,steady,17,c_cublas,0,0.07706,0.07686,0.07686,0.01284,0,1
rs,10240,1280,512,steady,17,A_gemmrs,1,0.12486,0.12474,0.12486,0.03134,0,1
rs,10240,1280,512,steady,18,c_cublas,1,0.07558,0.07526,0.07539,0.01275,0,1
rs,10240,1280,512,steady,18,A_gemmrs,0,0.14861,0.12570,0.14861,0.03081,0,1
rs,10240,1280,512,steady,19,c_cublas,0,0.07693,0.07610,0.07610,0.01277,0,1
rs,10240,1280,512,steady,19,A_gemmrs,1,0.12083,0.12077,0.12083,0.03103,0,1
rs,10240,1280,512,steady,20,c_cublas,0,0.07738,0.07693,0.07693,0.01292,0,1
rs,10240,1280,512,steady,20,A_gemmrs,1,0.11898,0.11891,0.11898,0.03139,0,1
rs,10240,1280,512,steady,21,c_cublas,1,0.07558,0.07520,0.07552,0.01272,0,1
rs,10240,1280,512,steady,21,A_gemmrs,0,0.11840,0.11821,0.11840,0.03092,0,1
rs,10240,1280,512,steady,22,c_cublas,1,0.07552,0.07514,0.07533,0.01263,0,1
rs,10240,1280,512,steady,22,A_gemmrs,0,0.12435,0.12429,0.12429,0.03140,0,1
rs,10240,1280,512,steady,23,c_cublas,0,0.07693,0.07597,0.07661,0.01227,0,1
rs,10240,1280,512,steady,23,A_gemmrs,1,0.12224,0.12218,0.12224,0.03131,0,1
rs,10240,1280,512,steady,24,c_cublas,1,0.07558,0.07539,0.07539,0.01266,0,1
rs,10240,1280,512,steady,24,A_gemmrs,0,0.12186,0.12166,0.12186,0.03089,0,1
rs,10240,1280,512,steady,25,c_cublas,1,0.07558,0.07520,0.07539,0.01268,0,1
rs,10240,1280,512,steady,25,A_gemmrs,0,0.12006,0.11987,0.12006,0.03098,0,1
rs,10240,1280,512,steady,26,c_cublas,1,0.07552,0.07526,0.07546,0.01635,0,1
rs,10240,1280,512,steady,26,A_gemmrs,0,0.12576,0.12563,0.12576,0.03243,0,1
rs,10240,1280,512,steady,27,c_cublas,0,0.07686,0.07610,0.07642,0.01248,0,1
rs,10240,1280,512,steady,27,A_gemmrs,1,0.12646,0.12640,0.12646,0.03111,0,1
rs,10240,1280,512,steady,28,c_cublas,1,0.07571,0.07533,0.07539,0.01272,0,1
rs,10240,1280,512,steady,28,A_gemmrs,0,0.12006,0.11974,0.11981,0.03055,0,1
rs,10240,1280,512,steady,29,c_cublas,1,0.07558,0.07514,0.07546,0.01271,0,1
rs,10240,1280,512,steady,29,A_gemmrs,0,0.12019,0.12000,0.12019,0.03063,0,1
rs,10240,1280,512,steady,30,c_cublas,0,0.07718,0.07597,0.07622,0.01313,0,1
rs,10240,1280,512,steady,30,A_gemmrs,1,0.12429,0.12422,0.12422,0.03192,0,1
rs,10240,1280,512,steady,31,c_cublas,1,0.07546,0.07539,0.07539,0.01332,0,1
rs,10240,1280,512,steady,31,A_gemmrs,0,0.11891,0.11872,0.11891,0.03170,0,1
rs,10240,1280,512,steady,32,c_cublas,0,0.07686,0.07629,0.07648,0.01250,0,1
rs,10240,1280,512,steady,32,A_gemmrs,1,0.12314,0.12307,0.12307,0.03203,0,1
rs,10240,1280,512,steady,33,c_cublas,1,0.07546,0.07514,0.07546,0.01277,1410,1
rs,10240,1280,512,steady,33,A_gemmrs,0,0.11885,0.11840,0.11885,0.03054,1410,1
rs,10240,1280,512,steady,34,c_cublas,0,0.07693,0.07635,0.07654,0.01249,1410,1
rs,10240,1280,512,steady,34,A_gemmrs,1,0.12595,0.12570,0.12576,0.03545,1410,1
rs,10240,1280,512,steady,35,c_cublas,0,0.07718,0.07686,0.07686,0.01286,1410,1
rs,10240,1280,512,steady,35,A_gemmrs,1,0.12218,0.12211,0.12211,0.03151,1410,1
rs,10240,1280,512,steady,36,c_cublas,0,0.07763,0.07699,0.07699,0.01291,1410,1
rs,10240,1280,512,steady,36,A_gemmrs,1,0.12634,0.12627,0.12627,0.03152,1410,1
rs,10240,1280,512,steady,37,c_cublas,1,0.07558,0.07533,0.07546,0.01266,1410,1
rs,10240,1280,512,steady,37,A_gemmrs,0,0.12026,0.12006,0.12026,0.03125,1410,1
rs,10240,1280,512,steady,38,c_cublas,1,0.07546,0.07526,0.07546,0.01285,1410,1
rs,10240,1280,512,steady,38,A_gemmrs,0,0.11987,0.11981,0.11987,0.03156,1410,1
rs,10240,1280,512,steady,39,c_cublas,1,0.07552,0.07533,0.07539,0.01276,1410,1
rs,10240,1280,512,steady,39,A_gemmrs,0,0.12486,0.12480,0.12486,0.03084,1410,1
rs,10240,1280,512,steady,40,c_cublas,1,0.07552,0.07533,0.07546,0.01276,1410,1
rs,10240,1280,512,steady,40,A_gemmrs,0,0.12198,0.12192,0.12198,0.03131,1410,1
rs,10240,1280,512,steady,41,c_cublas,0,0.07706,0.07654,0.07706,0.01273,1410,1
rs,10240,1280,512,steady,41,A_gemmrs,1,0.12442,0.12422,0.12435,0.03148,1410,1
rs,10240,1280,512,steady,42,c_cublas,0,0.07750,0.07680,0.07686,0.01289,1410,1
rs,10240,1280,512,steady,42,A_gemmrs,1,0.12064,0.12058,0.12058,0.03171,1410,1
rs,10240,1280,512,steady,43,c_cublas,1,0.07578,0.07533,0.07546,0.01266,1410,1
rs,10240,1280,512,steady,43,A_gemmrs,0,0.12634,0.12602,0.12634,0.03113,1410,1
rs,10240,1280,512,steady,44,c_cublas,0,0.07686,0.07597,0.07597,0.01244,1410,1
rs,10240,1280,512,steady,44,A_gemmrs,1,0.12211,0.12205,0.12211,0.03101,1410,1
rs,10240,1280,512,steady,45,c_cublas,1,0.07552,0.07514,0.07533,0.01272,1410,1
rs,10240,1280,512,steady,45,A_gemmrs,0,0.11910,0.11885,0.11910,0.03093,1410,1
rs,10240,1280,512,steady,46,c_cublas,0,0.07712,0.07603,0.07629,0.01316,1410,1
rs,10240,1280,512,steady,46,A_gemmrs,1,0.12397,0.12390,0.12397,0.03112,1410,1
rs,10240,1280,512,steady,47,c_cublas,1,0.07558,0.07526,0.07533,0.01331,1410,1
rs,10240,1280,512,steady,47,A_gemmrs,0,0.14931,0.11942,0.14925,0.03164,1410,1
rs,10240,1280,512,steady,48,c_cublas,1,0.07552,0.07520,0.07533,0.01278,1410,1
rs,10240,1280,512,steady,48,A_gemmrs,0,0.12250,0.12192,0.12250,0.03080,1410,1
rs,10240,1280,512,steady,49,c_cublas,1,0.07552,0.07526,0.07533,0.01323,1410,1
rs,10240,1280,512,steady,49,A_gemmrs,0,0.12218,0.12186,0.12218,0.03080,1410,1
rs,10240,1280,2048,gpu,0,c_cublas,1,0.22323,0.22221,0.22221,0.03847,0,1
rs,10240,1280,2048,gpu,0,A_gemmrs,0,0.34099,0.33178,0.34099,0.08169,0,1
rs,10240,1280,2048,gpu,1,c_cublas,0,0.22426,0.22323,0.22323,0.06025,0,1
rs,10240,1280,2048,gpu,1,A_gemmrs,1,0.32563,0.32461,0.32461,0.07303,0,1
rs,10240,1280,2048,gpu,2,c_cublas,1,0.22426,0.22221,0.22221,0.03682,0,1
rs,10240,1280,2048,gpu,2,A_gemmrs,0,0.31334,0.31232,0.31334,0.06840,0,1
rs,10240,1280,2048,gpu,3,c_cublas,1,0.22323,0.22221,0.22221,0.03627,0,1
rs,10240,1280,2048,gpu,3,A_gemmrs,0,0.31949,0.31744,0.31949,0.07785,0,1
rs,10240,1280,2048,gpu,4,c_cublas,1,0.22426,0.22118,0.22118,0.03620,0,1
rs,10240,1280,2048,gpu,4,A_gemmrs,0,0.31846,0.31642,0.31846,0.07126,0,1
rs,10240,1280,2048,gpu,5,c_cublas,0,0.22528,0.22323,0.22323,0.03422,0,1
rs,10240,1280,2048,gpu,5,A_gemmrs,1,0.31744,0.31642,0.31642,0.07084,0,1
rs,10240,1280,2048,gpu,6,c_cublas,1,0.22426,0.22221,0.22221,0.03715,0,1
rs,10240,1280,2048,gpu,6,A_gemmrs,0,0.31334,0.31232,0.31334,0.06716,0,1
rs,10240,1280,2048,gpu,7,c_cublas,0,0.22426,0.22221,0.22221,0.03470,0,1
rs,10240,1280,2048,gpu,7,A_gemmrs,1,0.35840,0.35430,0.35840,0.07089,0,1
rs,10240,1280,2048,gpu,8,c_cublas,1,0.22426,0.22221,0.22221,0.03688,0,1
rs,10240,1280,2048,gpu,8,A_gemmrs,0,0.32666,0.32461,0.32666,0.06691,0,1
rs,10240,1280,2048,gpu,9,c_cublas,0,0.22528,0.22221,0.22221,0.03407,0,1
rs,10240,1280,2048,gpu,9,A_gemmrs,1,0.32666,0.32461,0.32666,0.08222,0,1
rs,10240,1280,2048,gpu,10,c_cublas,1,0.22426,0.22221,0.22221,0.03639,0,1
rs,10240,1280,2048,gpu,10,A_gemmrs,0,0.32256,0.32051,0.32154,0.06739,0,1
rs,10240,1280,2048,gpu,11,c_cublas,0,0.22528,0.22221,0.22221,0.03434,0,1
rs,10240,1280,2048,gpu,11,A_gemmrs,1,0.32461,0.32256,0.32461,0.07067,0,1
rs,10240,1280,2048,gpu,12,c_cublas,0,0.22528,0.22323,0.22323,0.03733,0,1
rs,10240,1280,2048,gpu,12,A_gemmrs,1,0.31539,0.31334,0.31437,0.06974,0,1
rs,10240,1280,2048,gpu,13,c_cublas,0,0.22528,0.22323,0.22426,0.03698,0,1
rs,10240,1280,2048,gpu,13,A_gemmrs,1,0.32461,0.32358,0.32461,0.07097,0,1
rs,10240,1280,2048,gpu,14,c_cublas,1,0.22426,0.22118,0.22118,0.03643,0,1
rs,10240,1280,2048,gpu,14,A_gemmrs,0,0.32154,0.31949,0.32154,0.06667,0,1
rs,10240,1280,2048,gpu,15,c_cublas,0,0.22426,0.22221,0.22221,0.03489,0,1
rs,10240,1280,2048,gpu,15,A_gemmrs,1,0.32051,0.31846,0.32051,0.07125,0,1
rs,10240,1280,2048,gpu,16,c_cublas,0,0.22630,0.22323,0.22323,0.03880,0,1
rs,10240,1280,2048,gpu,16,A_gemmrs,1,0.31539,0.31437,0.31539,0.07055,0,1
rs,10240,1280,2048,gpu,17,c_cublas,0,0.22528,0.22323,0.22323,0.03679,0,1
rs,10240,1280,2048,gpu,17,A_gemmrs,1,0.35430,0.35226,0.35430,0.06857,0,1
rs,10240,1280,2048,gpu,18,c_cublas,1,0.22426,0.22118,0.22118,0.03618,0,1
rs,10240,1280,2048,gpu,18,A_gemmrs,0,0.32051,0.31846,0.32051,0.06505,0,1
rs,10240,1280,2048,gpu,19,c_cublas,1,0.22426,0.22118,0.22221,0.03558,0,1
rs,10240,1280,2048,gpu,19,A_gemmrs,0,0.32154,0.32051,0.32154,0.07789,0,1
rs,10240,1280,2048,gpu,20,c_cublas,0,0.22528,0.22323,0.22323,0.03205,0,1
rs,10240,1280,2048,gpu,20,A_gemmrs,1,0.32768,0.32666,0.32768,0.06697,0,1
rs,10240,1280,2048,gpu,21,c_cublas,0,0.22528,0.22323,0.22323,0.03483,0,1
rs,10240,1280,2048,gpu,21,A_gemmrs,1,0.32563,0.32461,0.32563,0.06689,0,1
rs,10240,1280,2048,gpu,22,c_cublas,1,0.22323,0.22221,0.22221,0.03505,0,1
rs,10240,1280,2048,gpu,22,A_gemmrs,0,0.32461,0.32256,0.32461,0.06325,0,1
rs,10240,1280,2048,gpu,23,c_cublas,0,0.22426,0.22323,0.22323,0.03329,0,1
rs,10240,1280,2048,gpu,23,A_gemmrs,1,0.32358,0.32154,0.32358,0.06740,0,1
rs,10240,1280,2048,gpu,24,c_cublas,1,0.22426,0.22221,0.22221,0.03507,0,1
rs,10240,1280,2048,gpu,24,A_gemmrs,0,0.32256,0.32051,0.32256,0.06478,0,1
rs,10240,1280,2048,gpu,25,c_cublas,0,0.22426,0.22221,0.22323,0.03497,0,1
rs,10240,1280,2048,gpu,25,A_gemmrs,1,0.31744,0.31642,0.31744,0.07081,0,1
rs,10240,1280,2048,gpu,26,c_cublas,0,0.22630,0.22323,0.22323,0.03542,0,1
rs,10240,1280,2048,gpu,26,A_gemmrs,1,0.31846,0.31744,0.31846,0.06568,0,1
rs,10240,1280,2048,gpu,27,c_cublas,0,0.22528,0.22323,0.22323,0.03412,0,1
rs,10240,1280,2048,gpu,27,A_gemmrs,1,0.35328,0.35226,0.35328,0.06435,0,1
rs,10240,1280,2048,gpu,28,c_cublas,1,0.22426,0.22221,0.22221,0.03374,0,1
rs,10240,1280,2048,gpu,28,A_gemmrs,0,0.32461,0.32256,0.32358,0.06060,0,1
rs,10240,1280,2048,gpu,29,c_cublas,1,0.22323,0.22221,0.22221,0.03330,0,1
rs,10240,1280,2048,gpu,29,A_gemmrs,0,0.32256,0.32051,0.32256,0.06562,0,1
rs,10240,1280,2048,gpu,30,c_cublas,0,0.25088,0.22323,0.22323,0.03450,0,1
rs,10240,1280,2048,gpu,30,A_gemmrs,1,0.32461,0.32256,0.32461,0.08526,0,1
rs,10240,1280,2048,gpu,31,c_cublas,0,0.22426,0.22221,0.22323,0.03460,0,1
rs,10240,1280,2048,gpu,31,A_gemmrs,1,0.32563,0.32461,0.32563,0.07162,0,1
rs,10240,1280,2048,gpu,32,c_cublas,0,0.22426,0.22323,0.22323,0.03390,0,1
rs,10240,1280,2048,gpu,32,A_gemmrs,1,0.31437,0.31232,0.31437,0.06504,0,1
rs,10240,1280,2048,gpu,33,c_cublas,1,0.22426,0.22221,0.22221,0.03348,0,1
rs,10240,1280,2048,gpu,33,A_gemmrs,0,0.32051,0.31949,0.32051,0.06225,0,1
rs,10240,1280,2048,gpu,34,c_cublas,1,0.22426,0.22118,0.22221,0.03325,0,1
rs,10240,1280,2048,gpu,34,A_gemmrs,0,0.31949,0.31744,0.31846,0.07039,0,1
rs,10240,1280,2048,gpu,35,c_cublas,0,0.22528,0.22323,0.22323,0.03107,0,1
rs,10240,1280,2048,gpu,35,A_gemmrs,1,0.32358,0.32256,0.32358,0.06624,0,1
rs,10240,1280,2048,gpu,36,c_cublas,0,0.22528,0.22323,0.22323,0.03364,0,1
rs,10240,1280,2048,gpu,36,A_gemmrs,1,0.31744,0.31539,0.31744,0.06412,0,1
rs,10240,1280,2048,gpu,37,c_cublas,0,0.22630,0.22323,0.22426,0.03362,0,1
rs,10240,1280,2048,gpu,37,A_gemmrs,1,0.35226,0.34918,0.35226,0.06452,0,1
rs,10240,1280,2048,gpu,38,c_cublas,1,0.22426,0.22221,0.22221,0.03289,0,1
rs,10240,1280,2048,gpu,38,A_gemmrs,0,0.32358,0.32256,0.32358,0.06097,0,1
rs,10240,1280,2048,gpu,39,c_cublas,1,0.22323,0.22221,0.22221,0.03276,0,1
rs,10240,1280,2048,gpu,39,A_gemmrs,0,0.31744,0.31539,0.31744,0.06543,0,1
rs,10240,1280,2048,gpu,40,c_cublas,1,0.22426,0.22221,0.22221,0.03400,0,1
rs,10240,1280,2048,gpu,40,A_gemmrs,0,0.31437,0.31334,0.31437,0.06444,0,1
rs,10240,1280,2048,gpu,41,c_cublas,1,0.22323,0.22221,0.22221,0.03299,0,1
rs,10240,1280,2048,gpu,41,A_gemmrs,0,0.32768,0.32461,0.32768,0.06862,0,1
rs,10240,1280,2048,gpu,42,c_cublas,0,0.22528,0.22221,0.22323,0.04904,0,1
rs,10240,1280,2048,gpu,42,A_gemmrs,1,0.32973,0.32768,0.32870,0.10278,0,1
rs,10240,1280,2048,gpu,43,c_cublas,1,0.22426,0.22221,0.22323,0.03909,0,1
rs,10240,1280,2048,gpu,43,A_gemmrs,0,0.32563,0.32358,0.32563,0.06339,0,1
rs,10240,1280,2048,gpu,44,c_cublas,1,0.22426,0.22221,0.22221,0.03294,1410,1
rs,10240,1280,2048,gpu,44,A_gemmrs,0,0.31846,0.31744,0.31846,0.06534,1410,1
rs,10240,1280,2048,gpu,45,c_cublas,0,0.22426,0.22221,0.22323,0.03087,1410,1
rs,10240,1280,2048,gpu,45,A_gemmrs,1,0.32461,0.32256,0.32461,0.06439,1410,1
rs,10240,1280,2048,gpu,46,c_cublas,1,0.22426,0.22221,0.22221,0.03309,1410,1
rs,10240,1280,2048,gpu,46,A_gemmrs,0,0.31437,0.31334,0.31334,0.06103,1410,1
rs,10240,1280,2048,gpu,47,c_cublas,1,0.22426,0.22221,0.22221,0.03362,1410,1
rs,10240,1280,2048,gpu,47,A_gemmrs,0,0.32256,0.32256,0.32256,0.06746,1410,1
rs,10240,1280,2048,gpu,48,c_cublas,0,0.22426,0.22221,0.22221,0.03129,1410,1
rs,10240,1280,2048,gpu,48,A_gemmrs,1,0.35430,0.35328,0.35430,0.06432,1410,1
rs,10240,1280,2048,gpu,49,c_cublas,1,0.22323,0.22221,0.22221,0.03395,1410,1
rs,10240,1280,2048,gpu,49,A_gemmrs,0,0.32256,0.32154,0.32256,0.06101,1410,1
rs,10240,1280,2048,gpu,50,c_cublas,0,0.22426,0.22323,0.22323,0.03321,1410,1
rs,10240,1280,2048,gpu,50,A_gemmrs,1,0.32154,0.32051,0.32154,0.06381,1410,1
rs,10240,1280,2048,gpu,51,c_cublas,0,0.22528,0.22323,0.22323,0.03328,1410,1
rs,10240,1280,2048,gpu,51,A_gemmrs,1,0.31642,0.31539,0.31642,0.06496,1410,1
rs,10240,1280,2048,gpu,52,c_cublas,0,0.22426,0.22323,0.22323,0.03410,1410,1
rs,10240,1280,2048,gpu,52,A_gemmrs,1,0.32870,0.32768,0.32870,0.06460,1410,1
rs,10240,1280,2048,gpu,53,c_cublas,0,0.22426,0.22323,0.22426,0.03350,1410,1
rs,10240,1280,2048,gpu,53,A_gemmrs,1,0.32051,0.31744,0.31949,0.06427,1410,1
rs,10240,1280,2048,gpu,54,c_cublas,0,0.22528,0.22323,0.22323,0.03325,1410,1
rs,10240,1280,2048,gpu,54,A_gemmrs,1,0.31232,0.31130,0.31232,0.06331,1410,1
rs,10240,1280,2048,gpu,55,c_cublas,0,0.22528,0.22323,0.22323,0.03458,1410,1
rs,10240,1280,2048,gpu,55,A_gemmrs,1,0.31846,0.31744,0.31846,0.06458,1410,1
rs,10240,1280,2048,gpu,56,c_cublas,0,0.22528,0.22323,0.22426,0.03599,1410,1
rs,10240,1280,2048,gpu,56,A_gemmrs,1,0.31334,0.31232,0.31334,0.07197,1410,1
rs,10240,1280,2048,gpu,57,c_cublas,1,0.22426,0.22221,0.22323,0.03291,1410,1
rs,10240,1280,2048,gpu,57,A_gemmrs,0,0.31846,0.31642,0.31744,0.06041,1410,1
rs,10240,1280,2048,gpu,58,c_cublas,1,0.22323,0.22221,0.22221,0.03291,1410,1
rs,10240,1280,2048,gpu,58,A_gemmrs,0,0.31539,0.31437,0.31437,0.06416,1410,1
rs,10240,1280,2048,gpu,59,c_cublas,0,0.22426,0.22221,0.22221,0.03428,1410,1
rs,10240,1280,2048,gpu,59,A_gemmrs,1,0.35021,0.34918,0.35021,0.06956,1410,1
rs,10240,1280,2048,gpu,60,c_cublas,0,0.22528,0.22323,0.22323,0.03464,1410,1
rs,10240,1280,2048,gpu,60,A_gemmrs,1,0.32051,0.31846,0.31949,0.06796,1410,1
rs,10240,1280,2048,gpu,61,c_cublas,1,0.22426,0.22221,0.22221,0.03310,1410,1
rs,10240,1280,2048,gpu,61,A_gemmrs,0,0.32256,0.32051,0.32256,0.06330,1410,1
rs,10240,1280,2048,gpu,62,c_cublas,0,0.22528,0.22221,0.22221,0.03260,1410,1
rs,10240,1280,2048,gpu,62,A_gemmrs,1,0.33280,0.32973,0.33280,0.06511,1410,1
rs,10240,1280,2048,gpu,63,c_cublas,0,0.22426,0.22323,0.22323,0.03437,1410,1
rs,10240,1280,2048,gpu,63,A_gemmrs,1,0.32358,0.32256,0.32358,0.06472,1410,1
rs,10240,1280,2048,gpu,64,c_cublas,1,0.22426,0.22221,0.22221,0.03376,1410,1
rs,10240,1280,2048,gpu,64,A_gemmrs,0,0.31232,0.31130,0.31232,0.06207,1410,1
rs,10240,1280,2048,gpu,65,c_cublas,0,0.22528,0.22323,0.22323,0.03141,1410,1
rs,10240,1280,2048,gpu,65,A_gemmrs,1,0.31642,0.31539,0.31539,0.06414,1410,1
rs,10240,1280,2048,gpu,66,c_cublas,0,0.22528,0.22323,0.22323,0.04058,1410,1
rs,10240,1280,2048,gpu,66,A_gemmrs,1,0.35021,0.34816,0.34816,0.06442,1410,1
rs,10240,1280,2048,gpu,67,c_cublas,0,0.22528,0.22323,0.22323,0.03451,1410,1
rs,10240,1280,2048,gpu,67,A_gemmrs,1,0.31437,0.31334,0.31437,0.06467,1410,1
rs,10240,1280,2048,gpu,68,c_cublas,1,0.22323,0.22323,0.22323,0.03345,1410,1
rs,10240,1280,2048,gpu,68,A_gemmrs,0,0.96870,0.34611,0.34611,0.08268,1410,1
rs,10240,1280,2048,gpu,69,c_cublas,1,0.22426,0.22221,0.22221,0.03354,1410,1
rs,10240,1280,2048,gpu,69,A_gemmrs,0,0.35738,0.35430,0.35738,0.06475,1410,1
rs,10240,1280,2048,gpu,70,c_cublas,1,0.22426,0.22221,0.22221,0.03370,1410,1
rs,10240,1280,2048,gpu,70,A_gemmrs,0,0.32768,0.32666,0.32768,0.08049,1410,1
rs,10240,1280,2048,gpu,71,c_cublas,0,0.22426,0.22323,0.22323,0.03344,1410,1
rs,10240,1280,2048,gpu,71,A_gemmrs,1,0.32973,0.32768,0.32973,0.06603,1410,1
rs,10240,1280,2048,gpu,72,c_cublas,1,0.22426,0.22221,0.22221,0.03391,1410,1
rs,10240,1280,2048,gpu,72,A_gemmrs,0,0.32154,0.31949,0.32051,0.06200,1410,1
rs,10240,1280,2048,gpu,73,c_cublas,1,0.22323,0.22221,0.22221,0.03398,1410,1
rs,10240,1280,2048,gpu,73,A_gemmrs,0,0.36454,0.33280,0.36352,0.07977,1410,1
rs,10240,1280,2048,gpu,74,c_cublas,0,0.22426,0.22221,0.22221,0.03385,1410,1
rs,10240,1280,2048,gpu,74,A_gemmrs,1,0.31642,0.31437,0.31642,0.06776,1410,1
rs,10240,1280,2048,gpu,75,c_cublas,0,0.22528,0.22323,0.22323,0.03451,1410,1
rs,10240,1280,2048,gpu,75,A_gemmrs,1,0.31846,0.31744,0.31846,0.06405,1410,1
rs,10240,1280,2048,gpu,76,c_cublas,1,0.22323,0.22118,0.22118,0.04102,1410,1
rs,10240,1280,2048,gpu,76,A_gemmrs,0,0.31744,0.31642,0.31744,0.06321,1410,1
rs,10240,1280,2048,gpu,77,c_cublas,0,0.22426,0.22323,0.22323,0.03362,1410,1
rs,10240,1280,2048,gpu,77,A_gemmrs,1,0.32563,0.32461,0.32563,0.06546,1410,1
rs,10240,1280,2048,gpu,78,c_cublas,0,0.22528,0.22323,0.22323,0.03413,1410,1
rs,10240,1280,2048,gpu,78,A_gemmrs,1,0.35738,0.35533,0.35635,0.06467,1410,1
rs,10240,1280,2048,gpu,79,c_cublas,1,0.22426,0.22221,0.22221,0.04274,1410,1
rs,10240,1280,2048,gpu,79,A_gemmrs,0,0.35635,0.35533,0.35635,0.06364,1410,1
rs,10240,1280,2048,gpu,80,c_cublas,0,0.22528,0.22221,0.22323,0.03415,1410,1
rs,10240,1280,2048,gpu,80,A_gemmrs,1,0.31949,0.31846,0.31949,0.06505,1410,1
rs,10240,1280,2048,gpu,81,c_cublas,0,0.22528,0.22323,0.22323,0.03431,1410,1
rs,10240,1280,2048,gpu,81,A_gemmrs,1,0.32666,0.32563,0.32666,0.06358,1410,1
rs,10240,1280,2048,gpu,82,c_cublas,0,0.22528,0.22323,0.22323,0.03476,1410,1
rs,10240,1280,2048,gpu,82,A_gemmrs,1,0.31846,0.31744,0.31846,0.06395,1410,1
rs,10240,1280,2048,gpu,83,c_cublas,1,0.22323,0.22221,0.22221,0.03382,1410,1
rs,10240,1280,2048,gpu,83,A_gemmrs,0,0.32563,0.32358,0.32563,0.06286,1410,1
rs,10240,1280,2048,gpu,84,c_cublas,1,0.22426,0.22221,0.22221,0.03402,1410,1
rs,10240,1280,2048,gpu,84,A_gemmrs,0,0.32256,0.32051,0.32154,0.06541,1410,1
rs,10240,1280,2048,gpu,85,c_cublas,0,0.22426,0.22323,0.22323,0.03306,1410,1
rs,10240,1280,2048,gpu,85,A_gemmrs,1,0.31949,0.31846,0.31949,0.06517,1410,1
rs,10240,1280,2048,gpu,86,c_cublas,0,0.22528,0.22323,0.22323,0.03504,1410,1
rs,10240,1280,2048,gpu,86,A_gemmrs,1,0.31539,0.31334,0.31437,0.06454,1410,1
rs,10240,1280,2048,gpu,87,c_cublas,0,0.22528,0.22323,0.22323,0.03441,1410,1
rs,10240,1280,2048,gpu,87,A_gemmrs,1,0.31437,0.31334,0.31437,0.06388,1410,1
rs,10240,1280,2048,gpu,88,c_cublas,1,0.22323,0.22221,0.22221,0.03385,1410,1
rs,10240,1280,2048,gpu,88,A_gemmrs,0,0.32051,0.31744,0.31949,0.06515,1410,1
rs,10240,1280,2048,gpu,89,c_cublas,0,0.22528,0.22221,0.22221,0.03279,1410,1
rs,10240,1280,2048,gpu,89,A_gemmrs,1,0.35430,0.35226,0.35328,0.06478,1410,1
rs,10240,1280,2048,gpu,90,c_cublas,0,0.22426,0.22221,0.22221,0.03426,1410,1
rs,10240,1280,2048,gpu,90,A_gemmrs,1,0.32051,0.31949,0.32051,0.06345,1410,1
rs,10240,1280,2048,gpu,91,c_cublas,0,0.22528,0.22323,0.22426,0.03443,1410,1
rs,10240,1280,2048,gpu,91,A_gemmrs,1,0.33178,0.32973,0.33178,0.06344,1410,1
rs,10240,1280,2048,gpu,92,c_cublas,1,0.22426,0.22221,0.22221,0.03414,1410,1
rs,10240,1280,2048,gpu,92,A_gemmrs,0,0.31334,0.31232,0.31334,0.06170,1410,1
rs,10240,1280,2048,gpu,93,c_cublas,0,0.22528,0.22221,0.22323,0.03223,1410,1
rs,10240,1280,2048,gpu,93,A_gemmrs,1,0.32051,0.31949,0.32051,0.06499,1410,1
rs,10240,1280,2048,gpu,94,c_cublas,0,0.22528,0.22323,0.22323,0.03489,1410,1
rs,10240,1280,2048,gpu,94,A_gemmrs,1,0.31437,0.31232,0.31437,0.06448,1410,1
rs,10240,1280,2048,gpu,95,c_cublas,0,0.22528,0.22323,0.22323,0.03435,1410,1
rs,10240,1280,2048,gpu,95,A_gemmrs,1,0.31642,0.31539,0.31642,0.07550,1410,1
rs,10240,1280,2048,gpu,96,c_cublas,1,0.22323,0.22118,0.22221,0.03353,1410,1
rs,10240,1280,2048,gpu,96,A_gemmrs,0,0.32154,0.31846,0.32154,0.06637,1410,1
rs,10240,1280,2048,gpu,97,c_cublas,1,0.22323,0.22221,0.22221,0.03456,1410,1
rs,10240,1280,2048,gpu,97,A_gemmrs,0,0.31949,0.31744,0.31846,0.06755,1410,1
rs,10240,1280,2048,gpu,98,c_cublas,1,0.22426,0.22118,0.22118,0.04521,1410,1
rs,10240,1280,2048,gpu,98,A_gemmrs,0,0.32358,0.32256,0.32358,0.06685,1410,1
rs,10240,1280,2048,gpu,99,c_cublas,1,0.22426,0.22118,0.22118,0.03306,1410,1
rs,10240,1280,2048,gpu,99,A_gemmrs,0,0.31232,0.31232,0.31232,0.06657,1410,1
rs,10240,1280,2048,gpu,100,c_cublas,0,0.22528,0.22221,0.22221,0.03349,1410,1
rs,10240,1280,2048,gpu,100,A_gemmrs,1,0.35840,0.35635,0.35840,0.06502,1410,1
rs,10240,1280,2048,gpu,101,c_cublas,0,0.22528,0.22323,0.22426,0.03632,1410,1
rs,10240,1280,2048,gpu,101,A_gemmrs,1,0.32768,0.32666,0.32768,0.06522,1410,1
rs,10240,1280,2048,gpu,102,c_cublas,1,0.22426,0.22118,0.22118,0.03347,1410,1
rs,10240,1280,2048,gpu,102,A_gemmrs,0,0.32154,0.32051,0.32154,0.06386,1410,1
rs,10240,1280,2048,gpu,103,c_cublas,1,0.22323,0.22221,0.22221,0.03282,1410,1
rs,10240,1280,2048,gpu,103,A_gemmrs,0,0.31949,0.31846,0.31949,0.06648,1410,1
rs,10240,1280,2048,gpu,104,c_cublas,0,0.22528,0.22221,0.22323,0.03100,1410,1
rs,10240,1280,2048,gpu,104,A_gemmrs,1,0.31744,0.31642,0.31642,0.06398,1410,1
rs,10240,1280,2048,gpu,105,c_cublas,0,0.22528,0.22323,0.22323,0.03422,1410,1
rs,10240,1280,2048,gpu,105,A_gemmrs,1,0.31846,0.31642,0.31846,0.06500,1410,1
rs,10240,1280,2048,gpu,106,c_cublas,0,0.25293,0.22323,0.22323,0.03595,1410,1
rs,10240,1280,2048,gpu,106,A_gemmrs,1,0.31949,0.31846,0.31949,0.08573,1410,1
rs,10240,1280,2048,gpu,107,c_cublas,1,0.22426,0.22118,0.22118,0.03357,1410,1
rs,10240,1280,2048,gpu,107,A_gemmrs,0,0.74854,0.34202,0.74752,0.07541,1410,1
rs,10240,1280,2048,gpu,108,c_cublas,0,0.22426,0.22323,0.22323,0.03154,1410,1
rs,10240,1280,2048,gpu,108,A_gemmrs,1,0.31437,0.31334,0.31437,0.06392,1410,1
rs,10240,1280,2048,gpu,109,c_cublas,0,0.22528,0.22221,0.22221,0.03367,1410,1
rs,10240,1280,2048,gpu,109,A_gemmrs,1,0.35635,0.35430,0.35635,0.06401,1410,1
rs,10240,1280,2048,gpu,110,c_cublas,1,0.22323,0.22221,0.22221,0.04125,1410,1
rs,10240,1280,2048,gpu,110,A_gemmrs,0,0.32666,0.32461,0.32666,0.06200,1410,1
rs,10240,1280,2048,gpu,111,c_cublas,1,0.22323,0.22221,0.22221,0.03296,1410,1
rs,10240,1280,2048,gpu,111,A_gemmrs,0,0.32154,0.32051,0.32154,0.06599,1410,1
rs,10240,1280,2048,gpu,112,c_cublas,1,0.22426,0.22118,0.22221,0.03312,1410,1
rs,10240,1280,2048,gpu,112,A_gemmrs,0,0.32154,0.32051,0.32154,0.06577,1410,1
rs,10240,1280,2048,gpu,113,c_cublas,0,0.22426,0.22221,0.22221,0.03265,1410,1
rs,10240,1280,2048,gpu,113,A_gemmrs,1,0.31846,0.31642,0.31846,0.07149,1410,1
rs,10240,1280,2048,gpu,114,c_cublas,0,0.22528,0.22323,0.22426,0.03440,1410,1
rs,10240,1280,2048,gpu,114,A_gemmrs,1,0.31846,0.31642,0.31642,0.06432,1410,1
rs,10240,1280,2048,gpu,115,c_cublas,1,0.22426,0.22221,0.22221,0.03292,1410,1
rs,10240,1280,2048,gpu,115,A_gemmrs,0,0.31334,0.31232,0.31334,0.06031,1410,1
rs,10240,1280,2048,gpu,116,c_cublas,1,0.22323,0.22221,0.22221,0.03466,1410,1
rs,10240,1280,2048,gpu,116,A_gemmrs,0,0.31642,0.31334,0.31539,0.06532,1410,1
rs,10240,1280,2048,gpu,117,c_cublas,0,0.22426,0.22323,0.22323,0.03228,1410,1
rs,10240,1280,2048,gpu,117,A_gemmrs,1,0.31539,0.31437,0.31539,0.06533,1410,1
rs,10240,1280,2048,gpu,118,c_cublas,0,0.22528,0.22323,0.22323,0.03431,1410,1
rs,10240,1280,2048,gpu,118,A_gemmrs,1,0.31232,0.31130,0.31130,0.06402,1410,1
rs,10240,1280,2048,gpu,119,c_cublas,1,0.22323,0.22221,0.22221,0.03300,1410,1
rs,10240,1280,2048,gpu,119,A_gemmrs,0,0.32358,0.31949,0.32358,0.06001,1410,1
rs,10240,1280,2048,gpu,120,c_cublas,0,0.22528,0.22221,0.22323,0.03764,1410,1
rs,10240,1280,2048,gpu,120,A_gemmrs,1,0.35840,0.35635,0.35840,0.06436,1410,1
rs,10240,1280,2048,gpu,121,c_cublas,0,0.22426,0.22323,0.22323,0.03384,1410,1
rs,10240,1280,2048,gpu,121,A_gemmrs,1,0.32563,0.32461,0.32461,0.06469,1410,1
rs,10240,1280,2048,gpu,122,c_cublas,0,0.22528,0.22221,0.22426,0.03368,1410,1
rs,10240,1280,2048,gpu,122,A_gemmrs,1,0.31334,0.31130,0.31334,0.06363,1410,1
rs,10240,1280,2048,gpu,123,c_cublas,1,0.22426,0.22221,0.22221,0.03315,1410,1
rs,10240,1280,2048,gpu,123,A_gemmrs,0,0.31232,0.31027,0.31130,0.06628,1410,1
rs,10240,1280,2048,gpu,124,c_cublas,1,0.22426,0.22221,0.22221,0.03309,1410,1
rs,10240,1280,2048,gpu,124,A_gemmrs,0,0.32051,0.31949,0.32051,0.06510,1410,1
rs,10240,1280,2048,gpu,125,c_cublas,1,0.22323,0.22221,0.22221,0.03295,1410,1
rs,10240,1280,2048,gpu,125,A_gemmrs,0,0.31437,0.31437,0.31437,0.06435,1410,1
rs,10240,1280,2048,gpu,126,c_cublas,1,0.22426,0.22221,0.22221,0.03358,1410,1
rs,10240,1280,2048,gpu,126,A_gemmrs,0,0.32461,0.32461,0.32461,0.06422,1410,1
rs,10240,1280,2048,gpu,127,c_cublas,1,0.22426,0.22221,0.22221,0.03258,1410,1
rs,10240,1280,2048,gpu,127,A_gemmrs,0,0.31437,0.31334,0.31437,0.06395,1410,1
rs,10240,1280,2048,gpu,128,c_cublas,1,0.22323,0.22118,0.22118,0.03274,1410,1
rs,10240,1280,2048,gpu,128,A_gemmrs,0,0.31846,0.31744,0.31846,0.06559,1410,1
rs,10240,1280,2048,gpu,129,c_cublas,1,0.22323,0.22221,0.22221,0.03248,1410,1
rs,10240,1280,2048,gpu,129,A_gemmrs,0,0.32154,0.32051,0.32154,0.06582,1410,1
rs,10240,1280,2048,gpu,130,c_cublas,1,0.22426,0.22118,0.22118,0.03452,1410,1
rs,10240,1280,2048,gpu,130,A_gemmrs,0,0.31232,0.31130,0.31130,0.06678,1410,1
rs,10240,1280,2048,gpu,131,c_cublas,1,0.22323,0.22221,0.22323,0.03254,1410,1
rs,10240,1280,2048,gpu,131,A_gemmrs,0,0.36045,0.35840,0.36045,0.06457,1410,1
rs,10240,1280,2048,gpu,132,c_cublas,1,0.22323,0.22221,0.22221,0.03254,1410,1
rs,10240,1280,2048,gpu,132,A_gemmrs,0,0.32563,0.32461,0.32461,0.06468,1410,1
rs,10240,1280,2048,gpu,133,c_cublas,1,0.22323,0.22118,0.22118,0.03325,1410,1
rs,10240,1280,2048,gpu,133,A_gemmrs,0,0.32358,0.32256,0.32358,0.06724,1410,1
rs,10240,1280,2048,gpu,134,c_cublas,0,0.22426,0.22221,0.22323,0.03168,1410,1
rs,10240,1280,2048,gpu,134,A_gemmrs,1,0.32666,0.32461,0.32666,0.06426,1410,1
rs,10240,1280,2048,gpu,135,c_cublas,1,0.22426,0.22221,0.22221,0.03570,1410,1
rs,10240,1280,2048,gpu,135,A_gemmrs,0,0.32051,0.31949,0.32051,0.06324,1410,1
rs,10240,1280,2048,gpu,136,c_cublas,0,0.22323,0.22323,0.22323,0.04963,1410,1
rs,10240,1280,2048,gpu,136,A_gemmrs,1,0.32154,0.32051,0.32051,0.06540,1410,1
rs,10240,1280,2048,gpu,137,c_cublas,0,0.22426,0.22323,0.22323,0.03425,1410,1
rs,10240,1280,2048,gpu,137,A_gemmrs,1,0.31949,0.31744,0.31949,0.06379,1410,1
rs,10240,1280,2048,gpu,138,c_cublas,1,0.22323,0.22118,0.22118,0.03299,1410,1
rs,10240,1280,2048,gpu,138,A_gemmrs,0,0.31744,0.31642,0.31744,0.06154,1410,1
rs,10240,1280,2048,gpu,139,c_cublas,1,0.22323,0.22221,0.22221,0.04940,1410,1
rs,10240,1280,2048,gpu,139,A_gemmrs,0,0.31846,0.31744,0.31846,0.07119,1410,1
rs,10240,1280,2048,gpu,140,c_cublas,1,0.22323,0.22118,0.22118,0.03317,1410,1
rs,10240,1280,2048,gpu,140,A_gemmrs,0,0.31437,0.31232,0.31437,0.06538,1410,1
rs,10240,1280,2048,gpu,141,c_cublas,0,0.22323,0.22323,0.22323,0.03025,1410,1
rs,10240,1280,2048,gpu,141,A_gemmrs,1,0.35840,0.35635,0.35840,0.06472,1410,1
rs,10240,1280,2048,gpu,142,c_cublas,1,0.22323,0.22221,0.22221,0.03320,1410,1
rs,10240,1280,2048,gpu,142,A_gemmrs,0,0.31539,0.31437,0.31539,0.06118,1410,1
rs,10240,1280,2048,gpu,143,c_cublas,0,0.22426,0.22221,0.22323,0.03052,1410,1
rs,10240,1280,2048,gpu,143,A_gemmrs,1,0.31846,0.31642,0.31846,0.06358,1410,1
rs,10240,1280,2048,gpu,144,c_cublas,0,0.24986,0.22323,0.24986,0.03408,1410,1
rs,10240,1280,2048,gpu,144,A_gemmrs,1,0.35123,0.35021,0.35123,0.09059,1410,1
rs,10240,1280,2048,gpu,145,c_cublas,1,0.22323,0.22221,0.22221,0.03353,1410,1
rs,10240,1280,2048,gpu,145,A_gemmrs,0,0.31744,0.31642,0.31642,0.05925,1410,1
rs,10240,1280,2048,gpu,146,c_cublas,1,0.22323,0.22221,0.22221,0.03246,1410,1
rs,10240,1280,2048,gpu,146,A_gemmrs,0,0.31334,0.31232,0.31334,0.06483,1410,1
rs,10240,1280,2048,gpu,147,c_cublas,1,0.22323,0.22118,0.22221,0.03294,1410,1
rs,10240,1280,2048,gpu,147,A_gemmrs,0,0.31437,0.31334,0.31437,0.06485,1410,1
rs,10240,1280,2048,gpu,148,c_cublas,1,0.22323,0.22118,0.22221,0.03359,1410,1
rs,10240,1280,2048,gpu,148,A_gemmrs,0,0.32051,0.31949,0.31949,0.06447,1410,1
rs,10240,1280,2048,gpu,149,c_cublas,1,0.22323,0.22118,0.22118,0.03378,1410,1
rs,10240,1280,2048,gpu,149,A_gemmrs,0,0.32461,0.32256,0.32461,0.08179,1410,1
rs,10240,1280,2048,gpu,150,c_cublas,0,0.22323,0.22221,0.22221,0.03058,1410,1
rs,10240,1280,2048,gpu,150,A_gemmrs,1,0.31437,0.31232,0.31334,0.06511,1410,1
rs,10240,1280,2048,gpu,151,c_cublas,0,0.22426,0.22323,0.22426,0.03487,1410,1
rs,10240,1280,2048,gpu,151,A_gemmrs,1,0.35533,0.35328,0.35533,0.07148,1410,1
rs,10240,1280,2048,gpu,152,c_cublas,0,0.22528,0.22221,0.22221,0.03394,1410,1
rs,10240,1280,2048,gpu,152,A_gemmrs,1,0.31334,0.31027,0.31334,0.06646,1410,1
rs,10240,1280,2048,gpu,153,c_cublas,0,0.22426,0.22221,0.22221,0.03370,1410,1
rs,10240,1280,2048,gpu,153,A_gemmrs,1,0.31846,0.31744,0.31846,0.06463,1410,1
rs,10240,1280,2048,gpu,154,c_cublas,1,0.22323,0.22221,0.22221,0.03328,1410,1
rs,10240,1280,2048,gpu,154,A_gemmrs,0,0.31539,0.31437,0.31539,0.06086,1410,1
rs,10240,1280,2048,gpu,155,c_cublas,0,0.22426,0.22221,0.22221,0.03240,1410,1
rs,10240,1280,2048,gpu,155,A_gemmrs,1,0.32768,0.32666,0.32768,0.06447,1410,1
rs,10240,1280,2048,gpu,156,c_cublas,1,0.22323,0.22221,0.22323,0.03468,1410,1
rs,10240,1280,2048,gpu,156,A_gemmrs,0,0.31642,0.31539,0.31642,0.06249,1410,1
rs,10240,1280,2048,gpu,157,c_cublas,1,0.22323,0.22221,0.22323,0.03980,1410,1
rs,10240,1280,2048,gpu,157,A_gemmrs,0,0.32358,0.32154,0.32358,0.06522,1410,1
rs,10240,1280,2048,gpu,158,c_cublas,1,0.22323,0.22221,0.22221,0.03302,1410,1
rs,10240,1280,2048,gpu,158,A_gemmrs,0,0.32154,0.32051,0.32154,0.06610,1410,1
rs,10240,1280,2048,gpu,159,c_cublas,1,0.22323,0.22221,0.22221,0.03284,1410,1
rs,10240,1280,2048,gpu,159,A_gemmrs,0,0.31846,0.31744,0.31846,0.06486,1410,1
rs,10240,1280,2048,gpu,160,c_cublas,0,0.22426,0.22221,0.22323,0.03126,1410,1
rs,10240,1280,2048,gpu,160,A_gemmrs,1,0.31642,0.31437,0.31539,0.06519,1410,1
rs,10240,1280,2048,gpu,161,c_cublas,0,0.22528,0.22323,0.22323,0.03364,1410,1
rs,10240,1280,2048,gpu,161,A_gemmrs,1,0.35328,0.35123,0.35328,0.06544,1410,1
rs,10240,1280,2048,gpu,162,c_cublas,1,0.22323,0.22221,0.22221,0.03372,1410,1
rs,10240,1280,2048,gpu,162,A_gemmrs,0,0.31334,0.31232,0.31334,0.06076,1410,1
rs,10240,1280,2048,gpu,163,c_cublas,1,0.22323,0.22221,0.22221,0.03269,1410,1
rs,10240,1280,2048,gpu,163,A_gemmrs,0,0.31232,0.31130,0.31130,0.06523,1410,1
rs,10240,1280,2048,gpu,164,c_cublas,0,0.22426,0.22323,0.22323,0.03049,1410,1
rs,10240,1280,2048,gpu,164,A_gemmrs,1,0.32563,0.32358,0.32461,0.06537,1410,1
rs,10240,1280,2048,gpu,165,c_cublas,1,0.22323,0.22221,0.22221,0.03287,1410,1
rs,10240,1280,2048,gpu,165,A_gemmrs,0,0.31334,0.31232,0.31334,0.06124,1410,1
rs,10240,1280,2048,gpu,166,c_cublas,0,0.22426,0.22323,0.22323,0.03128,1410,1
rs,10240,1280,2048,gpu,166,A_gemmrs,1,0.32563,0.32461,0.32563,0.06420,1410,1
rs,10240,1280,2048,gpu,167,c_cublas,0,0.22426,0.22323,0.22323,0.03382,1410,1
rs,10240,1280,2048,gpu,167,A_gemmrs,1,0.31539,0.31437,0.31539,0.07260,1410,1
rs,10240,1280,2048,gpu,168,c_cublas,1,0.22323,0.22221,0.22221,0.03292,1410,1
rs,10240,1280,2048,gpu,168,A_gemmrs,0,0.32666,0.32461,0.32666,0.06253,1410,1
rs,10240,1280,2048,gpu,169,c_cublas,0,0.22426,0.22221,0.22221,0.06930,1410,1
rs,10240,1280,2048,gpu,169,A_gemmrs,1,0.31334,0.31232,0.31334,0.06630,1410,1
rs,10240,1280,2048,gpu,170,c_cublas,1,0.22323,0.22118,0.22118,0.03366,1410,1
rs,10240,1280,2048,gpu,170,A_gemmrs,0,0.31744,0.31539,0.31642,0.06311,1410,1
rs,10240,1280,2048,gpu,171,c_cublas,1,0.22323,0.22221,0.22221,0.03421,1410,1
rs,10240,1280,2048,gpu,171,A_gemmrs,0,0.32461,0.32256,0.32461,0.06484,1410,1
rs,10240,1280,2048,gpu,172,c_cublas,1,0.22221,0.22221,0.22221,0.03366,1410,1
rs,10240,1280,2048,gpu,172,A_gemmrs,0,0.35226,0.35123,0.35226,0.06414,1410,1
rs,10240,1280,2048,gpu,173,c_cublas,0,0.22323,0.22323,0.22323,0.03227,1410,1
rs,10240,1280,2048,gpu,173,A_gemmrs,1,0.32154,0.31949,0.32154,0.06462,1410,1
rs,10240,1280,2048,gpu,174,c_cublas,1,0.22323,0.22221,0.22221,0.03347,1410,1
rs,10240,1280,2048,gpu,174,A_gemmrs,0,0.31232,0.31130,0.31130,0.06229,1410,1
rs,10240,1280,2048,gpu,175,c_cublas,1,0.22323,0.22221,0.22221,0.03225,1410,1
rs,10240,1280,2048,gpu,175,A_gemmrs,0,0.31949,0.31846,0.31949,0.06554,1410,1
rs,10240,1280,2048,gpu,176,c_cublas,1,0.22323,0.22118,0.22118,0.03293,1410,1
rs,10240,1280,2048,gpu,176,A_gemmrs,0,0.31232,0.31130,0.31232,0.06835,1410,1
rs,10240,1280,2048,gpu,177,c_cublas,0,0.22426,0.22221,0.22221,0.03253,1410,1
rs,10240,1280,2048,gpu,177,A_gemmrs,1,0.32666,0.32666,0.32666,0.06517,1410,1
rs,10240,1280,2048,gpu,178,c_cublas,1,0.22323,0.22118,0.22118,0.03309,1410,1
rs,10240,1280,2048,gpu,178,A_gemmrs,0,0.32461,0.32358,0.32358,0.06339,1410,1
rs,10240,1280,2048,gpu,179,c_cublas,1,0.22323,0.22221,0.22221,0.03273,1410,1
rs,10240,1280,2048,gpu,179,A_gemmrs,0,0.31846,0.31846,0.31846,0.06721,1410,1
rs,10240,1280,2048,gpu,180,c_cublas,1,0.22323,0.22221,0.22221,0.03306,1410,1
rs,10240,1280,2048,gpu,180,A_gemmrs,0,0.31949,0.31744,0.31949,0.06435,1410,1
rs,10240,1280,2048,gpu,181,c_cublas,1,0.22323,0.22221,0.22221,0.03289,1410,1
rs,10240,1280,2048,gpu,181,A_gemmrs,0,0.32461,0.32358,0.32461,0.06492,1410,1
rs,10240,1280,2048,gpu,182,c_cublas,0,0.25293,0.22323,0.22323,0.03627,1410,1
rs,10240,1280,2048,gpu,182,A_gemmrs,1,0.35533,0.35226,0.35533,0.08841,1410,1
rs,10240,1280,2048,gpu,183,c_cublas,1,0.22323,0.22221,0.22221,0.04051,1410,1
rs,10240,1280,2048,gpu,183,A_gemmrs,0,0.64819,0.33178,0.64819,0.07741,1410,1
rs,10240,1280,2048,gpu,184,c_cublas,1,0.22323,0.22118,0.22118,0.03293,1410,1
rs,10240,1280,2048,gpu,184,A_gemmrs,0,0.31437,0.31334,0.31334,0.06455,1410,1
rs,10240,1280,2048,gpu,185,c_cublas,0,0.22426,0.22221,0.22323,0.03113,1410,1
rs,10240,1280,2048,gpu,185,A_gemmrs,1,0.31949,0.31846,0.31949,0.06524,1410,1
rs,10240,1280,2048,gpu,186,c_cublas,1,0.22323,0.22118,0.22118,0.03347,1410,1
rs,10240,1280,2048,gpu,186,A_gemmrs,0,0.31334,0.31334,0.31334,0.06103,1410,1
rs,10240,1280,2048,gpu,187,c_cublas,0,0.22323,0.22221,0.22221,0.03080,1410,1
rs,10240,1280,2048,gpu,187,A_gemmrs,1,0.31949,0.31744,0.31949,0.06384,1410,1
rs,10240,1280,2048,gpu,188,c_cublas,1,0.22323,0.22221,0.22221,0.03439,1410,1
rs,10240,1280,2048,gpu,188,A_gemmrs,0,0.31846,0.31642,0.31744,0.06376,1410,1
rs,10240,1280,2048,gpu,189,c_cublas,0,0.22426,0.22221,0.22221,0.03584,1410,1
rs,10240,1280,2048,gpu,189,A_gemmrs,1,0.31334,0.31232,0.31232,0.06568,1410,1
rs,10240,1280,2048,gpu,190,c_cublas,0,0.22426,0.22323,0.22323,0.03504,1410,1
rs,10240,1280,2048,gpu,190,A_gemmrs,1,0.31130,0.30925,0.31027,0.06408,1410,1
rs,10240,1280,2048,gpu,191,c_cublas,1,0.22323,0.22221,0.22221,0.03321,1410,1
rs,10240,1280,2048,gpu,191,A_gemmrs,0,0.31949,0.31846,0.31949,0.06033,1410,1
rs,10240,1280,2048,gpu,192,c_cublas,0,0.22323,0.22221,0.22323,0.03251,1410,1
rs,10240,1280,2048,gpu,192,A_gemmrs,1,0.35635,0.35430,0.35635,0.06653,1410,1
rs,10240,1280,2048,gpu,193,c_cublas,0,0.22426,0.22323,0.22323,0.03487,1410,1
rs,10240,1280,2048,gpu,193,A_gemmrs,1,0.31232,0.31027,0.31232,0.06592,1410,1
rs,10240,1280,2048,gpu,194,c_cublas,1,0.22323,0.22221,0.22221,0.03367,1410,1
rs,10240,1280,2048,gpu,194,A_gemmrs,0,0.31437,0.31232,0.31437,0.06292,1410,1
rs,10240,1280,2048,gpu,195,c_cublas,1,0.22323,0.22221,0.22221,0.03360,1410,1
rs,10240,1280,2048,gpu,195,A_gemmrs,0,0.31744,0.31642,0.31744,0.06423,1410,1
rs,10240,1280,2048,gpu,196,c_cublas,0,0.22426,0.22323,0.22323,0.03136,1410,1
rs,10240,1280,2048,gpu,196,A_gemmrs,1,0.32256,0.32051,0.32154,0.06545,1410,1
rs,10240,1280,2048,gpu,197,c_cublas,1,0.22323,0.22221,0.22323,0.05124,1410,1
rs,10240,1280,2048,gpu,197,A_gemmrs,0,0.31437,0.31334,0.31334,0.06258,1410,1
rs,10240,1280,2048,gpu,198,c_cublas,1,0.22323,0.22221,0.22323,0.04114,1410,1
rs,10240,1280,2048,gpu,198,A_gemmrs,0,0.32256,0.32256,0.32256,0.06607,1410,1
rs,10240,1280,2048,gpu,199,c_cublas,0,0.22426,0.22323,0.22323,0.03137,1410,1
rs,10240,1280,2048,gpu,199,A_gemmrs,1,0.31334,0.31232,0.31334,0.06381,1410,1
rs,10240,1280,2048,steady,0,c_cublas,1,0.23610,0.22925,0.23610,0.01344,0,1
rs,10240,1280,2048,steady,0,A_gemmrs,0,0.34214,0.32928,0.34086,0.03739,0,1
rs,10240,1280,2048,steady,1,c_cublas,1,0.23616,0.22906,0.23616,0.01324,0,1
rs,10240,1280,2048,steady,1,A_gemmrs,0,0.33389,0.33325,0.33325,0.03456,0,1
rs,10240,1280,2048,steady,2,c_cublas,0,0.23718,0.22912,0.23718,0.01278,0,1
rs,10240,1280,2048,steady,2,A_gemmrs,1,0.33773,0.33766,0.33773,0.03410,0,1
rs,10240,1280,2048,steady,3,c_cublas,0,0.23725,0.23290,0.23725,0.01324,0,1
rs,10240,1280,2048,steady,3,A_gemmrs,1,0.33139,0.33133,0.33139,0.03469,0,1
rs,10240,1280,2048,steady,4,c_cublas,0,0.23789,0.23251,0.23789,0.01360,0,1
rs,10240,1280,2048,steady,4,A_gemmrs,1,0.33581,0.33555,0.33581,0.03369,0,1
rs,10240,1280,2048,steady,5,c_cublas,1,0.23622,0.23123,0.23622,0.01356,0,1
rs,10240,1280,2048,steady,5,A_gemmrs,0,0.32992,0.32947,0.32992,0.03374,0,1
rs,10240,1280,2048,steady,6,c_cublas,1,0.23616,0.23123,0.23616,0.01328,1305,1
rs,10240,1280,2048,steady,6,A_gemmrs,0,0.33344,0.33338,0.33344,0.03507,1305,1
rs,10240,1280,2048,steady,7,c_cublas,0,0.23731,0.23110,0.23731,0.01277,1305,1
rs,10240,1280,2048,steady,7,A_gemmrs,1,0.33568,0.33549,0.33555,0.03495,1305,1
rs,10240,1280,2048,steady,8,c_cublas,1,0.23610,0.23110,0.23610,0.01361,1305,1
rs,10240,1280,2048,steady,8,A_gemmrs,0,0.33216,0.33184,0.33216,0.03366,1305,1
rs,10240,1280,2048,steady,9,c_cublas,1,0.23616,0.23104,0.23616,0.01303,1305,1
rs,10240,1280,2048,steady,9,A_gemmrs,0,0.33037,0.32966,0.32966,0.03404,1305,1
rs,10240,1280,2048,steady,10,c_cublas,0,0.23712,0.23104,0.23712,0.01302,1305,1
rs,10240,1280,2048,steady,10,A_gemmrs,1,0.33402,0.33389,0.33402,0.03409,1305,1
rs,10240,1280,2048,steady,11,c_cublas,1,0.23622,0.23117,0.23622,0.01308,1305,1
rs,10240,1280,2048,steady,11,A_gemmrs,0,0.32896,0.32864,0.32883,0.03355,1305,1
rs,10240,1280,2048,steady,12,c_cublas,0,0.23725,0.23123,0.23725,0.01284,1305,1
rs,10240,1280,2048,steady,12,A_gemmrs,1,0.33242,0.33235,0.33242,0.03473,1305,1
rs,10240,1280,2048,steady,13,c_cublas,0,0.23782,0.23290,0.23782,0.01322,1305,1
rs,10240,1280,2048,steady,13,A_gemmrs,1,0.32909,0.32896,0.32909,0.03428,1305,1
rs,10240,1280,2048,steady,14,c_cublas,1,0.23917,0.23142,0.23917,0.01320,1305,1
rs,10240,1280,2048,steady,14,A_gemmrs,0,0.33261,0.33229,0.33261,0.03394,1305,1
rs,10240,1280,2048,steady,15,c_cublas,0,0.24026,0.23181,0.24026,0.01281,1305,1
rs,10240,1280,2048,steady,15,A_gemmrs,1,0.33760,0.33747,0.33760,0.03444,1305,1
rs,10240,1280,2048,steady,16,c_cublas,1,0.23904,0.23194,0.23904,0.01322,1305,1
rs,10240,1280,2048,steady,16,A_gemmrs,0,0.33254,0.33197,0.33254,0.03412,1305,1
rs,10240,1280,2048,steady,17,c_cublas,0,0.24000,0.23200,0.24000,0.01315,1305,1
rs,10240,1280,2048,steady,17,A_gemmrs,1,0.33734,0.33728,0.33734,0.03407,1305,1
rs,10240,1280,2048,steady,18,c_cublas,0,0.24058,0.23315,0.24058,0.01315,1305,1
rs,10240,1280,2048,steady,18,A_gemmrs,1,0.33184,0.33178,0.33184,0.03446,1305,1
rs,10240,1280,2048,steady,19,c_cublas,0,0.24154,0.23226,0.24154,0.01359,1305,1
rs,10240,1280,2048,steady,19,A_gemmrs,1,0.33920,0.33914,0.33920,0.03391,1305,1
rs,10240,1280,2048,steady,20,c_cublas,0,0.24198,0.23328,0.24198,0.01321,1305,1
rs,10240,1280,2048,steady,20,A_gemmrs,1,0.33286,0.33280,0.33286,0.03439,1305,1
rs,10240,1280,2048,steady,21,c_cublas,0,0.24186,0.23354,0.24186,0.01365,1305,1
rs,10240,1280,2048,steady,21,A_gemmrs,1,0.33888,0.33882,0.33888,0.03396,1305,1
rs,10240,1280,2048,steady,22,c_cublas,1,0.23731,0.23187,0.23731,0.01364,1290,1
rs,10240,1280,2048,steady,22,A_gemmrs,0,0.33376,0.33325,0.33325,0.03367,1290,1
rs,10240,1280,2048,steady,23,c_cublas,1,0.23706,0.23194,0.23706,0.01321,1290,1
rs,10240,1280,2048,steady,23,A_gemmrs,0,0.33043,0.33037,0.33043,0.03572,1290,1
rs,10240,1280,2048,steady,24,c_cublas,0,0.23802,0.23200,0.23802,0.01305,1290,1
rs,10240,1280,2048,steady,24,A_gemmrs,1,0.33427,0.33421,0.33427,0.03387,1290,1
rs,10240,1280,2048,steady,25,c_cublas,1,0.23699,0.23194,0.23699,0.01748,1290,1
rs,10240,1280,2048,steady,25,A_gemmrs,0,0.33037,0.33005,0.33037,0.03334,1290,1
rs,10240,1280,2048,steady,26,c_cublas,1,0.23699,0.23187,0.23699,0.01316,1290,1
rs,10240,1280,2048,steady,26,A_gemmrs,0,0.33050,0.33037,0.33043,0.03486,1290,1
rs,10240,1280,2048,steady,27,c_cublas,1,0.23699,0.23194,0.23699,0.01318,1290,1
rs,10240,1280,2048,steady,27,A_gemmrs,0,0.33459,0.33446,0.33453,0.03428,1290,1
rs,10240,1280,2048,steady,28,c_cublas,1,0.23699,0.23187,0.23699,0.01316,1290,1
rs,10240,1280,2048,steady,28,A_gemmrs,0,0.33094,0.33088,0.33094,0.03441,1290,1
rs,10240,1280,2048,steady,29,c_cublas,1,0.23693,0.23187,0.23693,0.01311,1305,1
rs,10240,1280,2048,steady,29,A_gemmrs,0,0.33734,0.33722,0.33728,0.03393,1305,1
rs,10240,1280,2048,steady,30,c_cublas,0,0.23814,0.23194,0.23814,0.01334,1305,1
rs,10240,1280,2048,steady,30,A_gemmrs,1,0.33901,0.33888,0.33901,0.03378,1305,1
rs,10240,1280,2048,steady,31,c_cublas,1,0.23706,0.23187,0.23706,0.02401,1305,1
rs,10240,1280,2048,steady,31,A_gemmrs,0,0.33222,0.33094,0.33216,0.03398,1305,1
rs,10240,1280,2048,steady,32,c_cublas,1,0.23699,0.23200,0.23699,0.01329,1305,1
rs,10240,1280,2048,steady,32,A_gemmrs,0,0.33082,0.33069,0.33069,0.03460,1305,1
rs,10240,1280,2048,steady,33,c_cublas,1,0.24019,0.23200,0.24019,0.01353,1305,1
rs,10240,1280,2048,steady,33,A_gemmrs,0,0.33651,0.33600,0.33600,0.03443,1305,1
rs,10240,1280,2048,steady,34,c_cublas,1,0.24019,0.23200,0.24019,0.01366,1305,1
rs,10240,1280,2048,steady,34,A_gemmrs,0,0.33408,0.33376,0.33376,0.03399,1305,1
rs,10240,1280,2048,steady,35,c_cublas,0,0.24128,0.23181,0.24128,0.01288,1305,1
rs,10240,1280,2048,steady,35,A_gemmrs,1,0.33856,0.33850,0.33856,0.03480,1305,1
rs,10240,1280,2048,steady,36,c_cublas,1,0.24006,0.23194,0.24006,0.01364,1290,1
rs,10240,1280,2048,steady,36,A_gemmrs,0,0.33389,0.33370,0.33389,0.03333,1290,1
rs,10240,1280,2048,steady,37,c_cublas,1,0.24019,0.23206,0.24019,0.01320,1290,1
rs,10240,1280,2048,steady,37,A_gemmrs,0,0.33306,0.33293,0.33306,0.03426,1290,1
rs,10240,1280,2048,steady,38,c_cublas,1,0.24019,0.23174,0.24019,0.01303,1290,1
rs,10240,1280,2048,steady,38,A_gemmrs,0,0.33907,0.33901,0.33901,0.03418,1290,1
rs,10240,1280,2048,steady,39,c_cublas,0,0.24122,0.23187,0.24122,0.01292,1290,1
rs,10240,1280,2048,steady,39,A_gemmrs,1,0.34099,0.34080,0.34099,0.03463,1290,1
rs,10240,1280,2048,steady,40,c_cublas,1,0.23923,0.23187,0.23923,0.01308,1290,1
rs,10240,1280,2048,steady,40,A_gemmrs,0,0.33363,0.33331,0.33357,0.03374,1290,1
rs,10240,1280,2048,steady,41,c_cublas,0,0.24038,0.23181,0.24038,0.01290,1290,1
rs,10240,1280,2048,steady,41,A_gemmrs,1,0.33978,0.33971,0.33978,0.03464,1290,1
rs,10240,1280,2048,steady,42,c_cublas,0,0.24051,0.23366,0.24051,0.01385,1290,1
rs,10240,1280,2048,steady,42,A_gemmrs,1,0.33165,0.33158,0.33165,0.03407,1290,1
rs,10240,1280,2048,steady,43,c_cublas,0,0.24064,0.23360,0.24064,0.01326,1290,1
rs,10240,1280,2048,steady,43,A_gemmrs,1,0.33798,0.33792,0.33798,0.03495,1290,1
rs,10240,1280,2048,steady,44,c_cublas,0,0.24058,0.23366,0.24058,0.01314,1290,1
rs,10240,1280,2048,steady,44,A_gemmrs,1,0.33126,0.33120,0.33126,0.03481,1290,1
rs,10240,1280,2048,steady,45,c_cublas,1,0.23898,0.23200,0.23898,0.03116,1290,1
rs,10240,1280,2048,steady,45,A_gemmrs,0,0.33254,0.33235,0.33254,0.03372,1290,1
rs,10240,1280,2048,steady,46,c_cublas,1,0.23917,0.23194,0.23917,0.01355,1290,1
rs,10240,1280,2048,steady,46,A_gemmrs,0,0.33619,0.33613,0.33613,0.03395,1290,1
rs,10240,1280,2048,steady,47,c_cublas,1,0.23904,0.23200,0.23904,0.01316,1290,1
rs,10240,1280,2048,steady,47,A_gemmrs,0,0.33235,0.33222,0.33235,0.03450,1290,1
rs,10240,1280,2048,steady,48,c_cublas,1,0.23910,0.23194,0.23910,0.01306,1290,1
rs,10240,1280,2048,steady,48,A_gemmrs,0,0.33690,0.33677,0.33690,0.03427,1290,1
rs,10240,1280,2048,steady,49,c_cublas,1,0.23910,0.23206,0.23910,0.02680,1290,1
rs,10240,1280,2048,steady,49,A_gemmrs,0,0.33216,0.33203,0.33216,0.03506,1290,1
rs,10240,1280,8192,gpu,0,c_cublas,1,0.88371,0.86323,0.87245,0.05181,0,1
rs,10240,1280,8192,gpu,0,A_gemmrs,0,1.15302,1.12538,1.15302,0.09027,0,1
rs,10240,1280,8192,gpu,1,c_cublas,0,0.88474,0.86221,0.87245,0.03386,0,1
rs,10240,1280,8192,gpu,1,A_gemmrs,1,1.12538,1.12538,1.12538,0.06512,0,1
rs,10240,1280,8192,gpu,2,c_cublas,0,0.88576,0.86426,0.87347,0.03498,0,1
rs,10240,1280,8192,gpu,2,A_gemmrs,1,1.11718,1.11616,1.11718,0.06316,0,1
rs,10240,1280,8192,gpu,3,c_cublas,0,0.88678,0.86323,0.87347,0.03464,0,1
rs,10240,1280,8192,gpu,3,A_gemmrs,1,1.11821,1.11616,1.11821,0.06377,0,1
rs,10240,1280,8192,gpu,4,c_cublas,0,0.88576,0.86426,0.87450,0.03454,0,1
rs,10240,1280,8192,gpu,4,A_gemmrs,1,1.12333,1.12026,1.12333,0.06360,0,1
rs,10240,1280,8192,gpu,5,c_cublas,0,0.88474,0.86426,0.87552,0.03429,0,1
rs,10240,1280,8192,gpu,5,A_gemmrs,1,1.14586,1.14278,1.14586,0.06957,0,1
rs,10240,1280,8192,gpu,6,c_cublas,0,0.88064,0.86323,0.87347,0.03479,0,1
rs,10240,1280,8192,gpu,6,A_gemmrs,1,1.10387,1.10285,1.10387,0.06237,0,1
rs,10240,1280,8192,gpu,7,c_cublas,0,0.87552,0.86426,0.87552,0.03428,0,1
rs,10240,1280,8192,gpu,7,A_gemmrs,1,1.11821,1.11616,1.11821,0.06275,0,1
rs,10240,1280,8192,gpu,8,c_cublas,0,0.87552,0.86426,0.87347,0.03504,0,1
rs,10240,1280,8192,gpu,8,A_gemmrs,1,1.12026,1.11923,1.11923,0.06269,0,1
rs,10240,1280,8192,gpu,9,c_cublas,0,0.87450,0.86426,0.87347,0.03912,0,1
rs,10240,1280,8192,gpu,9,A_gemmrs,1,1.09466,1.09363,1.09363,0.06354,0,1
rs,10240,1280,8192,gpu,10,c_cublas,1,0.87450,0.86323,0.87142,0.03450,0,1
rs,10240,1280,8192,gpu,10,A_gemmrs,0,1.09158,1.08851,1.09056,0.06118,0,1
rs,10240,1280,8192,gpu,11,c_cublas,1,0.87347,0.86426,0.87142,0.03406,0,1
rs,10240,1280,8192,gpu,11,A_gemmrs,0,1.13459,1.13152,1.13357,0.06361,0,1
rs,10240,1280,8192,gpu,12,c_cublas,1,0.87450,0.86323,0.87245,0.03412,0,1
rs,10240,1280,8192,gpu,12,A_gemmrs,0,1.14381,1.13971,1.14381,0.06386,0,1
rs,10240,1280,8192,gpu,13,c_cublas,1,0.87552,0.86221,0.87245,0.03462,0,1
rs,10240,1280,8192,gpu,13,A_gemmrs,0,1.53907,1.28717,1.53907,0.07226,0,1
rs,10240,1280,8192,gpu,14,c_cublas,0,0.87450,0.86323,0.87245,0.03325,0,1
rs,10240,1280,8192,gpu,14,A_gemmrs,1,1.11821,1.11718,1.11821,0.06444,0,1
rs,10240,1280,8192,gpu,15,c_cublas,1,0.87450,0.86323,0.87450,0.03433,0,1
rs,10240,1280,8192,gpu,15,A_gemmrs,0,1.09466,1.09363,1.09466,0.06435,0,1
rs,10240,1280,8192,gpu,16,c_cublas,0,0.87450,0.86323,0.87450,0.03247,0,1
rs,10240,1280,8192,gpu,16,A_gemmrs,1,1.13152,1.12742,1.13050,0.06498,0,1
rs,10240,1280,8192,gpu,17,c_cublas,1,0.87347,0.86221,0.87245,0.03406,0,1
rs,10240,1280,8192,gpu,17,A_gemmrs,0,1.10080,1.09773,1.10080,0.05940,0,1
rs,10240,1280,8192,gpu,18,c_cublas,0,0.87450,0.86323,0.87347,0.03277,0,1
rs,10240,1280,8192,gpu,18,A_gemmrs,1,1.13357,1.13152,1.13357,0.06406,0,1
rs,10240,1280,8192,gpu,19,c_cublas,0,0.87347,0.86426,0.87347,0.03602,0,1
rs,10240,1280,8192,gpu,19,A_gemmrs,1,1.08237,1.08032,1.08134,0.06287,0,1
rs,10240,1280,8192,gpu,20,c_cublas,0,0.87245,0.86426,0.87245,0.03501,1380,1
rs,10240,1280,8192,gpu,20,A_gemmrs,1,1.11718,1.11411,1.11718,0.06386,1380,1
rs,10240,1280,8192,gpu,21,c_cublas,0,0.87450,0.86323,0.87450,0.03514,1380,1
rs,10240,1280,8192,gpu,21,A_gemmrs,1,1.08954,1.08749,1.08954,0.06292,1380,1
rs,10240,1280,8192,gpu,22,c_cublas,0,0.87347,0.86323,0.87347,0.03486,1380,1
rs,10240,1280,8192,gpu,22,A_gemmrs,1,1.13459,1.13152,1.13357,0.06249,1380,1
rs,10240,1280,8192,gpu,23,c_cublas,0,0.87450,0.86426,0.87450,0.03572,1380,1
rs,10240,1280,8192,gpu,23,A_gemmrs,1,1.10694,1.10490,1.10490,0.06263,1380,1
rs,10240,1280,8192,gpu,24,c_cublas,0,0.87347,0.86323,0.87347,0.03514,1380,1
rs,10240,1280,8192,gpu,24,A_gemmrs,1,1.14995,1.14688,1.14995,0.06924,1380,1
rs,10240,1280,8192,gpu,25,c_cublas,1,0.87347,0.86323,0.87347,0.03566,1380,1
rs,10240,1280,8192,gpu,25,A_gemmrs,0,1.09568,1.09568,1.09568,0.06888,1380,1
rs,10240,1280,8192,gpu,26,c_cublas,1,0.87347,0.86323,0.87347,0.06762,1380,1
rs,10240,1280,8192,gpu,26,A_gemmrs,0,1.11514,1.11411,1.11411,0.06568,1380,1
rs,10240,1280,8192,gpu,27,c_cublas,1,0.87347,0.86323,0.87347,0.03486,1380,1
rs,10240,1280,8192,gpu,27,A_gemmrs,0,1.13766,1.13050,1.13050,0.06423,1380,1
rs,10240,1280,8192,gpu,28,c_cublas,0,0.87347,0.86426,0.87347,0.07179,1380,1
rs,10240,1280,8192,gpu,28,A_gemmrs,1,1.11923,1.11616,1.11821,0.06460,1380,1
rs,10240,1280,8192,gpu,29,c_cublas,1,0.87245,0.86221,0.87245,0.03505,1380,1
rs,10240,1280,8192,gpu,29,A_gemmrs,0,1.09978,1.09875,1.09875,0.06165,1380,1
rs,10240,1280,8192,gpu,30,c_cublas,1,0.87245,0.86221,0.87245,0.03446,1380,1
rs,10240,1280,8192,gpu,30,A_gemmrs,0,1.11616,1.11411,1.11616,0.06470,1380,1
rs,10240,1280,8192,gpu,31,c_cublas,1,0.87142,0.86221,0.87142,0.03522,1380,1
rs,10240,1280,8192,gpu,31,A_gemmrs,0,1.13562,1.13050,1.13562,0.06842,1380,1
rs,10240,1280,8192,gpu,32,c_cublas,1,0.87245,0.86323,0.87245,0.03445,1380,1
rs,10240,1280,8192,gpu,32,A_gemmrs,0,1.11104,1.10899,1.11104,0.06617,1380,1
rs,10240,1280,8192,gpu,33,c_cublas,1,0.87245,0.86426,0.87245,0.04218,1380,1
rs,10240,1280,8192,gpu,33,A_gemmrs,0,1.11718,1.11514,1.11514,0.07222,1380,1
rs,10240,1280,8192,gpu,34,c_cublas,1,0.88269,0.86528,0.88269,0.03422,1380,1
rs,10240,1280,8192,gpu,34,A_gemmrs,0,1.13459,1.13152,1.13459,0.06568,1380,1
rs,10240,1280,8192,gpu,35,c_cublas,1,0.88269,0.86426,0.88269,0.03445,1380,1
rs,10240,1280,8192,gpu,35,A_gemmrs,0,1.09978,1.09670,1.09875,0.06611,1380,1
rs,10240,1280,8192,gpu,36,c_cublas,0,0.88269,0.86630,0.88269,0.03260,1380,1
rs,10240,1280,8192,gpu,36,A_gemmrs,1,1.14381,1.14278,1.14381,0.06369,1380,1
rs,10240,1280,8192,gpu,37,c_cublas,0,0.88269,0.86630,0.88269,0.03489,1380,1
rs,10240,1280,8192,gpu,37,A_gemmrs,1,1.13766,1.13357,1.13766,0.06365,1380,1
rs,10240,1280,8192,gpu,38,c_cublas,1,0.88166,0.86630,0.88166,0.03461,1380,1
rs,10240,1280,8192,gpu,38,A_gemmrs,0,1.10592,1.10387,1.10387,0.05973,1380,1
rs,10240,1280,8192,gpu,39,c_cublas,0,0.88166,0.86733,0.88166,0.03418,1380,1
rs,10240,1280,8192,gpu,39,A_gemmrs,1,1.14278,1.13971,1.14278,0.06468,1380,1
rs,10240,1280,8192,gpu,40,c_cublas,1,0.88166,0.86528,0.88166,0.03438,1380,1
rs,10240,1280,8192,gpu,40,A_gemmrs,0,1.10080,1.09978,1.09978,0.06083,1380,1
rs,10240,1280,8192,gpu,41,c_cublas,1,0.88166,0.86528,0.88166,0.03440,1380,1
rs,10240,1280,8192,gpu,41,A_gemmrs,0,1.09978,1.09875,1.09875,0.06460,1380,1
rs,10240,1280,8192,gpu,42,c_cublas,0,0.88269,0.86630,0.88269,0.03259,1365,1
rs,10240,1280,8192,gpu,42,A_gemmrs,1,1.13766,1.13459,1.13562,0.07049,1365,1
rs,10240,1280,8192,gpu,43,c_cublas,0,0.88371,0.86630,0.88371,0.03543,1365,1
rs,10240,1280,8192,gpu,43,A_gemmrs,1,1.12742,1.12435,1.12742,0.06368,1365,1
rs,10240,1280,8192,gpu,44,c_cublas,1,0.88166,0.86528,0.88166,0.03480,1365,1
rs,10240,1280,8192,gpu,44,A_gemmrs,0,1.10285,1.10080,1.10285,0.05980,1365,1
rs,10240,1280,8192,gpu,45,c_cublas,1,0.88269,0.86528,0.88269,0.03443,1365,1
rs,10240,1280,8192,gpu,45,A_gemmrs,0,1.13869,1.13459,1.13664,0.06546,1365,1
rs,10240,1280,8192,gpu,46,c_cublas,0,0.88166,0.86630,0.88166,0.03664,1365,1
rs,10240,1280,8192,gpu,46,A_gemmrs,1,1.14074,1.13562,1.13562,0.06449,1365,1
rs,10240,1280,8192,gpu,47,c_cublas,0,0.88371,0.86733,0.88371,0.03507,1365,1
rs,10240,1280,8192,gpu,47,A_gemmrs,1,1.10387,1.09978,1.10387,0.06913,1365,1
rs,10240,1280,8192,gpu,48,c_cublas,0,0.88371,0.86528,0.88371,0.03478,1365,1
rs,10240,1280,8192,gpu,48,A_gemmrs,1,1.14483,1.14483,1.14483,0.06347,1365,1
rs,10240,1280,8192,gpu,49,c_cublas,1,0.88269,0.86426,0.88269,0.07580,1365,1
rs,10240,1280,8192,gpu,49,A_gemmrs,0,1.13050,1.12845,1.12845,0.07098,1365,1
rs,10240,1280,8192,gpu,50,c_cublas,1,0.88166,0.86528,0.88166,0.09513,1365,1
rs,10240,1280,8192,gpu,50,A_gemmrs,0,1.11206,1.11104,1.11206,0.06991,1365,1
rs,10240,1280,8192,gpu,51,c_cublas,0,0.88166,0.86630,0.88166,0.04096,1365,1
rs,10240,1280,8192,gpu,51,A_gemmrs,1,1.14483,1.14176,1.14381,0.06413,1365,1
rs,10240,1280,8192,gpu,52,c_cublas,0,0.88371,0.86733,0.88371,0.03549,1365,1
rs,10240,1280,8192,gpu,52,A_gemmrs,1,1.12947,1.12742,1.12947,0.06400,1365,1
rs,10240,1280,8192,gpu,53,c_cublas,0,0.88269,0.86528,0.88166,0.03504,1365,1
rs,10240,1280,8192,gpu,53,A_gemmrs,1,1.11206,1.11002,1.11104,0.06281,1365,1
rs,10240,1280,8192,gpu,54,c_cublas,1,0.88474,0.86630,0.88064,0.03466,1365,1
rs,10240,1280,8192,gpu,54,A_gemmrs,0,1.11206,1.10899,1.11206,0.06057,1365,1
rs,10240,1280,8192,gpu,55,c_cublas,1,0.88474,0.86528,0.88269,0.03399,1365,1
rs,10240,1280,8192,gpu,55,A_gemmrs,0,1.14278,1.13971,1.14278,0.06394,1365,1
rs,10240,1280,8192,gpu,56,c_cublas,1,0.88474,0.86528,0.88269,0.03457,1365,1
rs,10240,1280,8192,gpu,56,A_gemmrs,0,1.11718,1.11514,1.11718,0.07084,1365,1
rs,10240,1280,8192,gpu,57,c_cublas,0,0.88474,0.86630,0.88166,0.03245,1365,1
rs,10240,1280,8192,gpu,57,A_gemmrs,1,1.14278,1.13971,1.14176,0.06395,1365,1
rs,10240,1280,8192,gpu,58,c_cublas,1,0.88474,0.86528,0.88166,0.03446,1365,1
rs,10240,1280,8192,gpu,58,A_gemmrs,0,1.10490,1.10182,1.10490,0.06055,1365,1
rs,10240,1280,8192,gpu,59,c_cublas,0,0.88474,0.86630,0.88269,0.03457,1365,1
rs,10240,1280,8192,gpu,59,A_gemmrs,1,1.13869,1.13766,1.13766,0.06442,1365,1
rs,10240,1280,8192,gpu,60,c_cublas,0,0.88474,0.86630,0.88269,0.03493,1365,1
rs,10240,1280,8192,gpu,60,A_gemmrs,1,1.16531,1.15814,1.16531,0.06271,1365,1
rs,10240,1280,8192,gpu,61,c_cublas,0,0.88678,0.86733,0.88371,0.04065,1365,1
rs,10240,1280,8192,gpu,61,A_gemmrs,1,1.11411,1.11206,1.11411,0.06386,1365,1
rs,10240,1280,8192,gpu,62,c_cublas,0,0.88576,0.86630,0.88371,0.03521,1365,1
rs,10240,1280,8192,gpu,62,A_gemmrs,1,1.11104,1.10899,1.10899,0.06373,1365,1
rs,10240,1280,8192,gpu,63,c_cublas,1,0.88371,0.86528,0.88166,0.03495,1365,1
rs,10240,1280,8192,gpu,63,A_gemmrs,0,1.14381,1.14176,1.14381,0.06003,1365,1
rs,10240,1280,8192,gpu,64,c_cublas,0,0.88474,0.86630,0.88269,0.03263,1365,1
rs,10240,1280,8192,gpu,64,A_gemmrs,1,1.12230,1.11821,1.12230,0.06436,1365,1
rs,10240,1280,8192,gpu,65,c_cublas,0,0.88576,0.86630,0.88269,0.03535,1365,1
rs,10240,1280,8192,gpu,65,A_gemmrs,1,1.14381,1.14176,1.14176,0.06291,1365,1
rs,10240,1280,8192,gpu,66,c_cublas,1,0.88371,0.86630,0.88166,0.03464,1365,1
rs,10240,1280,8192,gpu,66,A_gemmrs,0,1.12128,1.11923,1.12128,0.06996,1365,1
rs,10240,1280,8192,gpu,67,c_cublas,0,0.88576,0.86630,0.88269,0.03268,1365,1
rs,10240,1280,8192,gpu,67,A_gemmrs,1,1.14790,1.14483,1.14790,0.06979,1365,1
rs,10240,1280,8192,gpu,68,c_cublas,1,0.88371,0.86528,0.88166,0.03492,1365,1
rs,10240,1280,8192,gpu,68,A_gemmrs,0,1.10899,1.10797,1.10797,0.05951,1365,1
rs,10240,1280,8192,gpu,69,c_cublas,0,0.88576,0.86528,0.88269,0.03436,1365,1
rs,10240,1280,8192,gpu,69,A_gemmrs,1,1.14483,1.14176,1.14381,0.07018,1365,1
rs,10240,1280,8192,gpu,70,c_cublas,1,0.88371,0.86528,0.88166,0.03542,1365,1
rs,10240,1280,8192,gpu,70,A_gemmrs,0,1.10797,1.10490,1.10490,0.06320,1365,1
rs,10240,1280,8192,gpu,71,c_cublas,1,0.88166,0.86630,0.88166,0.03498,1365,1
rs,10240,1280,8192,gpu,71,A_gemmrs,0,1.12230,1.11923,1.12230,0.06354,1365,1
rs,10240,1280,8192,gpu,72,c_cublas,0,0.88269,0.86528,0.88269,0.03288,1365,1
rs,10240,1280,8192,gpu,72,A_gemmrs,1,1.13664,1.13562,1.13562,0.06785,1365,1
rs,10240,1280,8192,gpu,73,c_cublas,0,0.88371,0.86630,0.88371,0.03519,1365,1
rs,10240,1280,8192,gpu,73,A_gemmrs,1,1.13050,1.12742,1.13050,0.06321,1365,1
rs,10240,1280,8192,gpu,74,c_cublas,0,0.88371,0.86733,0.88371,0.09449,1365,1
rs,10240,1280,8192,gpu,74,A_gemmrs,1,1.10490,1.10387,1.10387,0.06421,1365,1
rs,10240,1280,8192,gpu,75,c_cublas,1,0.88269,0.86733,0.88269,0.03520,1365,1
rs,10240,1280,8192,gpu,75,A_gemmrs,0,1.12742,1.12435,1.12435,0.06076,1365,1
rs,10240,1280,8192,gpu,76,c_cublas,1,0.88166,0.86528,0.88166,0.03434,1365,1
rs,10240,1280,8192,gpu,76,A_gemmrs,0,1.10182,1.09773,1.09978,0.06855,1365,1
rs,10240,1280,8192,gpu,77,c_cublas,1,0.87450,0.86528,0.87347,0.03962,1365,1
rs,10240,1280,8192,gpu,77,A_gemmrs,0,1.13869,1.13357,1.13357,0.06674,1365,1
rs,10240,1280,8192,gpu,78,c_cublas,1,0.87450,0.86528,0.87450,0.03457,1365,1
rs,10240,1280,8192,gpu,78,A_gemmrs,0,1.11821,1.11616,1.11616,0.06500,1365,1
rs,10240,1280,8192,gpu,79,c_cublas,0,0.87552,0.86630,0.87245,0.03261,1365,1
rs,10240,1280,8192,gpu,79,A_gemmrs,1,1.14995,1.14483,1.14893,0.06346,1365,1
rs,10240,1280,8192,gpu,80,c_cublas,0,0.87552,0.86630,0.87347,0.03482,1365,1
rs,10240,1280,8192,gpu,80,A_gemmrs,1,1.13869,1.13459,1.13869,0.06281,1365,1
rs,10240,1280,8192,gpu,81,c_cublas,1,0.87450,0.86528,0.87347,0.03544,1365,1
rs,10240,1280,8192,gpu,81,A_gemmrs,0,1.08339,1.08237,1.08237,0.06135,1365,1
rs,10240,1280,8192,gpu,82,c_cublas,0,0.87552,0.86630,0.87245,0.03278,1365,1
rs,10240,1280,8192,gpu,82,A_gemmrs,1,1.12026,1.11616,1.12026,0.06503,1365,1
rs,10240,1280,8192,gpu,83,c_cublas,1,0.87450,0.86630,0.87347,0.03496,1365,1
rs,10240,1280,8192,gpu,83,A_gemmrs,0,1.09261,1.09261,1.09261,0.05982,1365,1
rs,10240,1280,8192,gpu,84,c_cublas,0,0.87552,0.86733,0.87347,0.03240,1365,1
rs,10240,1280,8192,gpu,84,A_gemmrs,1,1.11923,1.11616,1.11923,0.06344,1365,1
rs,10240,1280,8192,gpu,85,c_cublas,1,0.87450,0.86528,0.87245,0.03440,1365,1
rs,10240,1280,8192,gpu,85,A_gemmrs,0,1.09670,1.09670,1.09670,0.07780,1365,1
rs,10240,1280,8192,gpu,86,c_cublas,0,0.87552,0.86528,0.87245,0.03307,1365,1
rs,10240,1280,8192,gpu,86,A_gemmrs,1,1.16838,1.16224,1.16838,0.06789,1365,1
rs,10240,1280,8192,gpu,87,c_cublas,1,0.87450,0.86528,0.87245,0.03458,1365,1
rs,10240,1280,8192,gpu,87,A_gemmrs,0,1.09261,1.09158,1.09261,0.05928,1365,1
rs,10240,1280,8192,gpu,88,c_cublas,1,0.87450,0.86630,0.87245,0.03455,1365,1
rs,10240,1280,8192,gpu,88,A_gemmrs,0,1.12128,1.12026,1.12026,0.06471,1365,1
rs,10240,1280,8192,gpu,89,c_cublas,1,0.87450,0.86528,0.87245,0.03448,1365,1
rs,10240,1280,8192,gpu,89,A_gemmrs,0,1.10592,1.10285,1.10592,0.06396,1365,1
rs,10240,1280,8192,gpu,90,c_cublas,0,0.87450,0.86630,0.87245,0.03411,1380,1
rs,10240,1280,8192,gpu,90,A_gemmrs,1,1.11309,1.11104,1.11309,0.06945,1380,1
rs,10240,1280,8192,gpu,91,c_cublas,1,0.87245,0.86528,0.87245,0.03440,1380,1
rs,10240,1280,8192,gpu,91,A_gemmrs,0,1.10797,1.10592,1.10694,0.06112,1380,1
rs,10240,1280,8192,gpu,92,c_cublas,0,0.87347,0.86528,0.87245,0.03259,1380,1
rs,10240,1280,8192,gpu,92,A_gemmrs,1,1.15200,1.14790,1.15098,0.06395,1380,1
rs,10240,1280,8192,gpu,93,c_cublas,0,0.88269,0.86630,0.87347,0.03514,1380,1
rs,10240,1280,8192,gpu,93,A_gemmrs,1,1.11616,1.11411,1.11411,0.06267,1380,1
rs,10240,1280,8192,gpu,94,c_cublas,1,0.88166,0.86528,0.87245,0.03462,1380,1
rs,10240,1280,8192,gpu,94,A_gemmrs,0,1.11411,1.11206,1.11411,0.06018,1380,1
rs,10240,1280,8192,gpu,95,c_cublas,1,0.88166,0.86528,0.87347,0.03470,1380,1
rs,10240,1280,8192,gpu,95,A_gemmrs,0,1.09466,1.09363,1.09466,0.06513,1380,1
rs,10240,1280,8192,gpu,96,c_cublas,1,0.88166,0.86528,0.87347,0.03402,1380,1
rs,10240,1280,8192,gpu,96,A_gemmrs,0,1.12333,1.12128,1.12333,0.06406,1380,1
rs,10240,1280,8192,gpu,97,c_cublas,0,0.88166,0.86528,0.87347,0.03604,1380,1
rs,10240,1280,8192,gpu,97,A_gemmrs,1,1.09568,1.09466,1.09568,0.06448,1380,1
rs,10240,1280,8192,gpu,98,c_cublas,0,0.88269,0.86528,0.87450,0.04081,1380,1
rs,10240,1280,8192,gpu,98,A_gemmrs,1,1.14995,1.14893,1.14893,0.06327,1380,1
rs,10240,1280,8192,gpu,99,c_cublas,0,0.88371,0.86630,0.87450,0.03498,1380,1
rs,10240,1280,8192,gpu,99,A_gemmrs,1,1.13050,1.12435,1.13050,0.06351,1380,1
rs,10240,1280,8192,gpu,100,c_cublas,1,0.88166,0.86630,0.87245,0.03397,1380,1
rs,10240,1280,8192,gpu,100,A_gemmrs,0,1.09670,1.09568,1.09568,0.06079,1380,1
rs,10240,1280,8192,gpu,101,c_cublas,0,0.88166,0.86630,0.87245,0.03259,1380,1
rs,10240,1280,8192,gpu,101,A_gemmrs,1,1.12538,1.12230,1.12333,0.06379,1380,1
rs,10240,1280,8192,gpu,102,c_cublas,1,0.88064,0.86426,0.87245,0.03435,1380,1
rs,10240,1280,8192,gpu,102,A_gemmrs,0,1.11411,1.11002,1.11411,0.06037,1380,1
rs,10240,1280,8192,gpu,103,c_cublas,1,0.88166,0.86630,0.87245,0.07578,1380,1
rs,10240,1280,8192,gpu,103,A_gemmrs,0,1.09363,1.09261,1.09261,0.06876,1380,1
rs,10240,1280,8192,gpu,104,c_cublas,1,0.88064,0.86630,0.87245,0.03429,1380,1
rs,10240,1280,8192,gpu,104,A_gemmrs,0,1.14074,1.13766,1.13971,0.06489,1380,1
rs,10240,1280,8192,gpu,105,c_cublas,1,0.88166,0.86528,0.87347,0.03373,1380,1
rs,10240,1280,8192,gpu,105,A_gemmrs,0,1.14381,1.14278,1.14278,0.06895,1380,1
rs,10240,1280,8192,gpu,106,c_cublas,1,0.88166,0.86426,0.87245,0.03546,1380,1
rs,10240,1280,8192,gpu,106,A_gemmrs,0,1.09568,1.09466,1.09466,0.07621,1380,1
rs,10240,1280,8192,gpu,107,c_cublas,1,0.88166,0.86528,0.87245,0.03442,1380,1
rs,10240,1280,8192,gpu,107,A_gemmrs,0,1.12026,1.11923,1.12026,0.06497,1380,1
rs,10240,1280,8192,gpu,108,c_cublas,0,0.88269,0.86528,0.87347,0.03223,1380,1
rs,10240,1280,8192,gpu,108,A_gemmrs,1,1.11206,1.10797,1.11206,0.06316,1380,1
rs,10240,1280,8192,gpu,109,c_cublas,1,0.88064,0.86426,0.87347,0.03468,1380,1
rs,10240,1280,8192,gpu,109,A_gemmrs,0,1.11206,1.10899,1.11104,0.05957,1380,1
rs,10240,1280,8192,gpu,110,c_cublas,1,0.88166,0.86528,0.87245,0.03451,1380,1
rs,10240,1280,8192,gpu,110,A_gemmrs,0,1.11718,1.11616,1.11616,0.06420,1380,1
rs,10240,1280,8192,gpu,111,c_cublas,0,0.88166,0.86630,0.87347,0.03181,1380,1
rs,10240,1280,8192,gpu,111,A_gemmrs,1,1.13869,1.13766,1.13869,0.06387,1380,1
rs,10240,1280,8192,gpu,112,c_cublas,0,0.88269,0.86630,0.87450,0.03447,1380,1
rs,10240,1280,8192,gpu,112,A_gemmrs,1,1.11514,1.11411,1.11514,0.06377,1380,1
rs,10240,1280,8192,gpu,113,c_cublas,1,0.88166,0.86528,0.87245,0.03480,1365,1
rs,10240,1280,8192,gpu,113,A_gemmrs,0,1.11616,1.11411,1.11514,0.05942,1365,1
rs,10240,1280,8192,gpu,114,c_cublas,1,0.88166,0.86528,0.87245,0.03369,1365,1
rs,10240,1280,8192,gpu,114,A_gemmrs,0,1.09978,1.09773,1.09978,0.06384,1365,1
rs,10240,1280,8192,gpu,115,c_cublas,1,0.88064,0.86528,0.87347,0.03432,1365,1
rs,10240,1280,8192,gpu,115,A_gemmrs,0,1.09261,1.09158,1.09158,0.06281,1365,1
rs,10240,1280,8192,gpu,116,c_cublas,0,0.88269,0.86630,0.87347,0.03252,1365,1
rs,10240,1280,8192,gpu,116,A_gemmrs,1,1.12947,1.12845,1.12845,0.06395,1365,1
rs,10240,1280,8192,gpu,117,c_cublas,0,0.88166,0.86528,0.87347,0.03582,1365,1
rs,10240,1280,8192,gpu,117,A_gemmrs,1,1.14176,1.13766,1.14074,0.07177,1365,1
rs,10240,1280,8192,gpu,118,c_cublas,0,0.88166,0.86630,0.87347,0.03474,1365,1
rs,10240,1280,8192,gpu,118,A_gemmrs,1,1.12435,1.12128,1.12435,0.06337,1365,1
rs,10240,1280,8192,gpu,119,c_cublas,1,0.87962,0.86528,0.87245,0.03475,1365,1
rs,10240,1280,8192,gpu,119,A_gemmrs,0,1.11206,1.11104,1.11206,0.05974,1365,1
rs,10240,1280,8192,gpu,120,c_cublas,0,0.88166,0.86630,0.87347,0.03404,1365,1
rs,10240,1280,8192,gpu,120,A_gemmrs,1,1.10490,1.10387,1.10490,0.06476,1365,1
rs,10240,1280,8192,gpu,121,c_cublas,1,0.87962,0.86426,0.87245,0.06129,1365,1
rs,10240,1280,8192,gpu,121,A_gemmrs,0,1.11104,1.10899,1.10899,0.14218,1365,1
rs,10240,1280,8192,gpu,122,c_cublas,1,0.87245,0.86528,0.87245,0.03417,1365,1
rs,10240,1280,8192,gpu,122,A_gemmrs,0,1.13050,1.12640,1.12947,0.06848,1365,1
rs,10240,1280,8192,gpu,123,c_cublas,0,0.87347,0.86630,0.87347,0.03315,1365,1
rs,10240,1280,8192,gpu,123,A_gemmrs,1,1.16736,1.16122,1.16736,0.06304,1365,1
rs,10240,1280,8192,gpu,124,c_cublas,1,0.87245,0.86426,0.87245,0.03561,1365,1
rs,10240,1280,8192,gpu,124,A_gemmrs,0,1.11104,1.11002,1.11104,0.06431,1365,1
rs,10240,1280,8192,gpu,125,c_cublas,1,0.87245,0.86426,0.87245,0.03438,1365,1
rs,10240,1280,8192,gpu,125,A_gemmrs,0,1.09363,1.09158,1.09363,0.06434,1365,1
rs,10240,1280,8192,gpu,126,c_cublas,1,0.87245,0.86426,0.87245,0.03451,1365,1
rs,10240,1280,8192,gpu,126,A_gemmrs,0,1.08544,1.08032,1.08339,0.06870,1365,1
rs,10240,1280,8192,gpu,127,c_cublas,1,0.87245,0.86528,0.87245,0.03419,1365,1
rs,10240,1280,8192,gpu,127,A_gemmrs,0,1.08339,1.07930,1.08237,0.06347,1365,1
rs,10240,1280,8192,gpu,128,c_cublas,0,0.87347,0.86630,0.87245,0.03294,1365,1
rs,10240,1280,8192,gpu,128,A_gemmrs,1,1.12435,1.12128,1.12435,0.06402,1365,1
rs,10240,1280,8192,gpu,129,c_cublas,1,0.88166,0.86528,0.88166,0.03573,1365,1
rs,10240,1280,8192,gpu,129,A_gemmrs,0,1.12333,1.12026,1.12128,0.06011,1365,1
rs,10240,1280,8192,gpu,130,c_cublas,1,0.88166,0.86426,0.88166,0.03575,1365,1
rs,10240,1280,8192,gpu,130,A_gemmrs,0,1.14586,1.13869,1.14586,0.06512,1365,1
rs,10240,1280,8192,gpu,131,c_cublas,0,0.88269,0.86630,0.88269,0.03450,1365,1
rs,10240,1280,8192,gpu,131,A_gemmrs,1,1.10694,1.10490,1.10694,0.07231,1365,1
rs,10240,1280,8192,gpu,132,c_cublas,1,0.88166,0.86528,0.88166,0.03461,1365,1
rs,10240,1280,8192,gpu,132,A_gemmrs,0,1.08646,1.08544,1.08646,0.05990,1365,1
rs,10240,1280,8192,gpu,133,c_cublas,0,0.88166,0.86630,0.88166,0.03502,1380,1
rs,10240,1280,8192,gpu,133,A_gemmrs,1,1.09056,1.08851,1.09056,0.06433,1380,1
rs,10240,1280,8192,gpu,134,c_cublas,0,0.88166,0.86630,0.88166,0.03520,1380,1
rs,10240,1280,8192,gpu,134,A_gemmrs,1,1.12845,1.12538,1.12845,0.06404,1380,1
rs,10240,1280,8192,gpu,135,c_cublas,0,0.88371,0.86528,0.88371,0.03492,1380,1
rs,10240,1280,8192,gpu,135,A_gemmrs,1,1.14074,1.13766,1.14074,0.06492,1380,1
rs,10240,1280,8192,gpu,136,c_cublas,0,0.88371,0.86630,0.88371,0.03433,1380,1
rs,10240,1280,8192,gpu,136,A_gemmrs,1,1.10080,1.09773,1.10080,0.06373,1380,1
rs,10240,1280,8192,gpu,137,c_cublas,0,0.88269,0.86630,0.88269,0.03508,1380,1
rs,10240,1280,8192,gpu,137,A_gemmrs,1,1.10490,1.10387,1.10490,0.06218,1380,1
rs,10240,1280,8192,gpu,138,c_cublas,0,0.88269,0.86733,0.88269,0.03511,1380,1
rs,10240,1280,8192,gpu,138,A_gemmrs,1,1.08954,1.08749,1.08954,0.06295,1380,1
rs,10240,1280,8192,gpu,139,c_cublas,1,0.88269,0.86528,0.88269,0.03444,1380,1
rs,10240,1280,8192,gpu,139,A_gemmrs,0,1.10080,1.09978,1.10080,0.07318,1380,1
rs,10240,1280,8192,gpu,140,c_cublas,0,0.88371,0.86630,0.88371,0.03213,1380,1
rs,10240,1280,8192,gpu,140,A_gemmrs,1,1.12640,1.12435,1.12538,0.06347,1380,1
rs,10240,1280,8192,gpu,141,c_cublas,1,0.88166,0.86528,0.88166,0.03471,1380,1
rs,10240,1280,8192,gpu,141,A_gemmrs,0,1.28819,1.17760,1.28410,0.07753,1380,1
rs,10240,1280,8192,gpu,142,c_cublas,0,0.88269,0.86528,0.88269,0.03290,1365,1
rs,10240,1280,8192,gpu,142,A_gemmrs,1,1.13971,1.13664,1.13971,0.06343,1365,1
rs,10240,1280,8192,gpu,143,c_cublas,1,0.88064,0.86528,0.88064,0.04809,1365,1
rs,10240,1280,8192,gpu,143,A_gemmrs,0,1.10182,1.10080,1.10182,0.08429,1365,1
rs,10240,1280,8192,gpu,144,c_cublas,1,0.88166,0.86528,0.88166,0.03572,1365,1
rs,10240,1280,8192,gpu,144,A_gemmrs,0,1.10490,1.10080,1.10490,0.06752,1365,1
rs,10240,1280,8192,gpu,145,c_cublas,0,0.88269,0.86630,0.88269,0.03288,1365,1
rs,10240,1280,8192,gpu,145,A_gemmrs,1,1.13869,1.13357,1.13869,0.06430,1365,1
rs,10240,1280,8192,gpu,146,c_cublas,0,0.88269,0.86733,0.88269,0.03608,1365,1
rs,10240,1280,8192,gpu,146,A_gemmrs,1,1.11206,1.11002,1.11002,0.06492,1365,1
rs,10240,1280,8192,gpu,147,c_cublas,1,0.88269,0.86528,0.88269,0.04143,1365,1
rs,10240,1280,8192,gpu,147,A_gemmrs,0,1.09978,1.09978,1.09978,0.06069,1365,1
rs,10240,1280,8192,gpu,148,c_cublas,0,0.88269,0.86630,0.88269,0.03380,1365,1
rs,10240,1280,8192,gpu,148,A_gemmrs,1,1.13869,1.13459,1.13869,0.06537,1365,1
rs,10240,1280,8192,gpu,149,c_cublas,0,0.88371,0.86630,0.88371,0.03545,1365,1
rs,10240,1280,8192,gpu,149,A_gemmrs,1,1.10797,1.10285,1.10797,0.06584,1365,1
rs,10240,1280,8192,gpu,150,c_cublas,1,0.88166,0.86528,0.88166,0.03494,1365,1
rs,10240,1280,8192,gpu,150,A_gemmrs,0,1.09261,1.09261,1.09261,0.06291,1365,1
rs,10240,1280,8192,gpu,151,c_cublas,1,0.88166,0.86426,0.88166,0.03519,1365,1
rs,10240,1280,8192,gpu,151,A_gemmrs,0,1.13152,1.13050,1.13152,0.06397,1365,1
rs,10240,1280,8192,gpu,152,c_cublas,0,0.88269,0.86733,0.88269,0.03371,1365,1
rs,10240,1280,8192,gpu,152,A_gemmrs,1,1.09670,1.09466,1.09466,0.06728,1365,1
rs,10240,1280,8192,gpu,153,c_cublas,0,0.88269,0.86630,0.88269,0.04957,1365,1
rs,10240,1280,8192,gpu,153,A_gemmrs,1,1.09261,1.08749,1.09261,0.06417,1365,1
rs,10240,1280,8192,gpu,154,c_cublas,0,0.88269,0.86733,0.88269,0.03505,1365,1
rs,10240,1280,8192,gpu,154,A_gemmrs,1,1.14790,1.14381,1.14688,0.06407,1365,1
rs,10240,1280,8192,gpu,155,c_cublas,1,0.88166,0.86528,0.88166,0.03484,1365,1
rs,10240,1280,8192,gpu,155,A_gemmrs,0,1.09978,1.09875,1.09978,0.06177,1365,1
rs,10240,1280,8192,gpu,156,c_cublas,1,0.88166,0.86528,0.88166,0.03411,1365,1
rs,10240,1280,8192,gpu,156,A_gemmrs,0,1.10797,1.10592,1.10592,0.06325,1365,1
rs,10240,1280,8192,gpu,157,c_cublas,1,0.88166,0.86528,0.88166,0.03574,1365,1
rs,10240,1280,8192,gpu,157,A_gemmrs,0,1.13869,1.13459,1.13459,0.07569,1365,1
rs,10240,1280,8192,gpu,158,c_cublas,1,0.88166,0.86528,0.88166,0.03415,1365,1
rs,10240,1280,8192,gpu,158,A_gemmrs,0,1.09773,1.09568,1.09670,0.06828,1365,1
rs,10240,1280,8192,gpu,159,c_cublas,1,0.88269,0.86630,0.88269,0.06446,1365,1
rs,10240,1280,8192,gpu,159,A_gemmrs,0,1.09056,1.08749,1.08954,0.06457,1365,1
rs,10240,1280,8192,gpu,160,c_cublas,1,0.88166,0.86528,0.88166,0.03450,1365,1
rs,10240,1280,8192,gpu,160,A_gemmrs,0,1.11411,1.11309,1.11411,0.06445,1365,1
rs,10240,1280,8192,gpu,161,c_cublas,0,0.88269,0.86630,0.88269,0.04450,1365,1
rs,10240,1280,8192,gpu,161,A_gemmrs,1,1.14995,1.14688,1.14688,0.08666,1365,1
rs,10240,1280,8192,gpu,162,c_cublas,0,0.88269,0.86733,0.88269,0.03470,1365,1
rs,10240,1280,8192,gpu,162,A_gemmrs,1,1.12845,1.12742,1.12742,0.06944,1365,1
rs,10240,1280,8192,gpu,163,c_cublas,1,0.88166,0.86528,0.88166,0.03451,1365,1
rs,10240,1280,8192,gpu,163,A_gemmrs,0,1.09670,1.09363,1.09568,0.06086,1365,1
rs,10240,1280,8192,gpu,164,c_cublas,0,0.88371,0.86630,0.88371,0.03282,1365,1
rs,10240,1280,8192,gpu,164,A_gemmrs,1,1.11616,1.11411,1.11411,0.06678,1365,1
rs,10240,1280,8192,gpu,165,c_cublas,0,0.88371,0.86630,0.88371,0.03493,1365,1
rs,10240,1280,8192,gpu,165,A_gemmrs,1,1.10694,1.10592,1.10592,0.06694,1365,1
rs,10240,1280,8192,gpu,166,c_cublas,0,0.88371,0.86528,0.88371,0.03650,1365,1
rs,10240,1280,8192,gpu,166,A_gemmrs,1,1.09158,1.09056,1.09158,0.06620,1365,1
rs,10240,1280,8192,gpu,167,c_cublas,0,0.88269,0.86733,0.88269,0.03608,1365,1
rs,10240,1280,8192,gpu,167,A_gemmrs,1,1.14278,1.13766,1.14176,0.06279,1365,1
rs,10240,1280,8192,gpu,168,c_cublas,1,0.88166,0.86528,0.88166,0.03474,1365,1
rs,10240,1280,8192,gpu,168,A_gemmrs,0,1.12230,1.12128,1.12230,0.06402,1365,1
rs,10240,1280,8192,gpu,169,c_cublas,1,0.88166,0.86528,0.88166,0.03485,1365,1
rs,10240,1280,8192,gpu,169,A_gemmrs,0,1.10080,1.09978,1.10080,0.06617,1365,1
rs,10240,1280,8192,gpu,170,c_cublas,0,0.88371,0.86733,0.88371,0.03257,1365,1
rs,10240,1280,8192,gpu,170,A_gemmrs,1,1.10592,1.10387,1.10387,0.06589,1365,1
rs,10240,1280,8192,gpu,171,c_cublas,0,0.88269,0.86528,0.88269,0.03471,1365,1
rs,10240,1280,8192,gpu,171,A_gemmrs,1,1.10592,1.10285,1.10592,0.06962,1365,1
rs,10240,1280,8192,gpu,172,c_cublas,1,0.88166,0.86630,0.88166,0.03537,1365,1
rs,10240,1280,8192,gpu,172,A_gemmrs,0,1.11514,1.11206,1.11206,0.06325,1365,1
rs,10240,1280,8192,gpu,173,c_cublas,0,0.88269,0.86630,0.88269,0.03244,1365,1
rs,10240,1280,8192,gpu,173,A_gemmrs,1,1.14176,1.14074,1.14176,0.06369,1365,1
rs,10240,1280,8192,gpu,174,c_cublas,0,0.88371,0.86630,0.88371,0.03572,1365,1
rs,10240,1280,8192,gpu,174,A_gemmrs,1,1.10387,1.10285,1.10285,0.06265,1365,1
rs,10240,1280,8192,gpu,175,c_cublas,1,0.88166,0.86426,0.88166,0.03516,1365,1
rs,10240,1280,8192,gpu,175,A_gemmrs,0,1.09568,1.09466,1.09568,0.07229,1365,1
rs,10240,1280,8192,gpu,176,c_cublas,0,0.88166,0.86630,0.88166,0.03327,1365,1
rs,10240,1280,8192,gpu,176,A_gemmrs,1,1.10387,1.10285,1.10387,0.06351,1365,1
rs,10240,1280,8192,gpu,177,c_cublas,0,0.88269,0.86528,0.88269,0.03509,1365,1
rs,10240,1280,8192,gpu,177,A_gemmrs,1,1.10592,1.10490,1.10490,0.07313,1365,1
rs,10240,1280,8192,gpu,178,c_cublas,1,0.88166,0.86426,0.88166,0.03456,1365,1
rs,10240,1280,8192,gpu,178,A_gemmrs,0,1.11309,1.11002,1.11002,0.06047,1365,1
rs,10240,1280,8192,gpu,179,c_cublas,1,0.88269,0.86426,0.88269,0.03578,1365,1
rs,10240,1280,8192,gpu,179,A_gemmrs,0,1.12230,1.12026,1.12230,0.06814,1365,1
rs,10240,1280,8192,gpu,180,c_cublas,0,0.88269,0.86630,0.88269,0.03295,1365,1
rs,10240,1280,8192,gpu,180,A_gemmrs,1,1.14483,1.14278,1.14483,0.06319,1365,1
rs,10240,1280,8192,gpu,181,c_cublas,0,0.88269,0.86630,0.88269,0.03531,1365,1
rs,10240,1280,8192,gpu,181,A_gemmrs,1,1.09158,1.08954,1.09158,0.06312,1365,1
rs,10240,1280,8192,gpu,182,c_cublas,1,0.88166,0.86528,0.88166,0.03481,1365,1
rs,10240,1280,8192,gpu,182,A_gemmrs,0,1.10797,1.10694,1.10694,0.06015,1365,1
rs,10240,1280,8192,gpu,183,c_cublas,0,0.88269,0.86528,0.88269,0.03314,1365,1
rs,10240,1280,8192,gpu,183,A_gemmrs,1,1.10797,1.10592,1.10694,0.06496,1365,1
rs,10240,1280,8192,gpu,184,c_cublas,1,0.88166,0.86528,0.88166,0.03465,1365,1
rs,10240,1280,8192,gpu,184,A_gemmrs,0,1.10899,1.10694,1.10797,0.05955,1365,1
rs,10240,1280,8192,gpu,185,c_cublas,1,0.88269,0.86630,0.88269,0.03410,1365,1
rs,10240,1280,8192,gpu,185,A_gemmrs,0,1.13152,1.12845,1.12845,0.06302,1365,1
rs,10240,1280,8192,gpu,186,c_cublas,1,0.88269,0.86426,0.88269,0.03363,1365,1
rs,10240,1280,8192,gpu,186,A_gemmrs,0,1.10285,1.10182,1.10285,0.06343,1365,1
rs,10240,1280,8192,gpu,187,c_cublas,1,0.88371,0.86528,0.88371,0.03507,1365,1
rs,10240,1280,8192,gpu,187,A_gemmrs,0,1.14176,1.13971,1.13971,0.06477,1365,1
rs,10240,1280,8192,gpu,188,c_cublas,0,0.88269,0.86630,0.88269,0.03470,1365,1
rs,10240,1280,8192,gpu,188,A_gemmrs,1,1.10182,1.09875,1.09978,0.06426,1365,1
rs,10240,1280,8192,gpu,189,c_cublas,1,0.88166,0.86528,0.88166,0.04119,1365,1
rs,10240,1280,8192,gpu,189,A_gemmrs,0,1.11104,1.11002,1.11002,0.06057,1365,1
rs,10240,1280,8192,gpu,190,c_cublas,1,0.88166,0.86528,0.88166,0.03417,1365,1
rs,10240,1280,8192,gpu,190,A_gemmrs,0,1.09158,1.08851,1.09056,0.06437,1365,1
rs,10240,1280,8192,gpu,191,c_cublas,1,0.88166,0.86528,0.88166,0.03433,1365,1
rs,10240,1280,8192,gpu,191,A_gemmrs,0,1.12435,1.12333,1.12435,0.06398,1365,1
rs,10240,1280,8192,gpu,192,c_cublas,0,0.88166,0.86630,0.88166,0.03314,1365,1
rs,10240,1280,8192,gpu,192,A_gemmrs,1,1.13971,1.13869,1.13971,0.06312,1365,1
rs,10240,1280,8192,gpu,193,c_cublas,1,0.88166,0.86528,0.88166,0.03488,1365,1
rs,10240,1280,8192,gpu,193,A_gemmrs,0,1.12435,1.12128,1.12333,0.08224,1365,1
rs,10240,1280,8192,gpu,194,c_cublas,0,0.88371,0.86630,0.88371,0.03427,1365,1
rs,10240,1280,8192,gpu,194,A_gemmrs,1,1.10694,1.10592,1.10694,0.06767,1365,1
rs,10240,1280,8192,gpu,195,c_cublas,1,0.88269,0.86426,0.88269,0.04160,1365,1
rs,10240,1280,8192,gpu,195,A_gemmrs,0,1.09670,1.09466,1.09670,0.06244,1365,1
rs,10240,1280,8192,gpu,196,c_cublas,0,0.88269,0.86630,0.88269,0.03330,1365,1
rs,10240,1280,8192,gpu,196,A_gemmrs,1,1.12947,1.12742,1.12947,0.06556,1365,1
rs,10240,1280,8192,gpu,197,c_cublas,0,0.88371,0.86733,0.88371,0.03560,1365,1
rs,10240,1280,8192,gpu,197,A_gemmrs,1,1.08954,1.08851,1.08851,0.06334,1365,1
rs,10240,1280,8192,gpu,198,c_cublas,1,0.88166,0.86426,0.88166,0.04015,1365,1
rs,10240,1280,8192,gpu,198,A_gemmrs,0,1.11514,1.11206,1.11514,0.05889,1365,1
rs,10240,1280,8192,gpu,199,c_cublas,1,0.88269,0.86630,0.88269,0.03425,1365,1
rs,10240,1280,8192,gpu,199,A_gemmrs,0,1.14995,1.14790,1.14995,0.06700,1365,1
rs,10240,1280,8192,steady,0,c_cublas,0,0.96646,0.93741,0.96646,0.02309,0,1
rs,10240,1280,8192,steady,0,A_gemmrs,1,1.18234,1.18214,1.18234,0.03667,0,1
rs,10240,1280,8192,steady,1,c_cublas,0,0.95213,0.91936,0.95213,0.01443,1260,1
rs,10240,1280,8192,steady,1,A_gemmrs,1,1.18266,1.18253,1.18266,0.03314,1260,1
rs,10240,1280,8192,steady,2,c_cublas,0,0.95757,0.93613,0.95757,0.01443,1260,1
rs,10240,1280,8192,steady,2,A_gemmrs,1,1.19622,1.19610,1.19622,0.03323,1260,1
rs,10240,1280,8192,steady,3,c_cublas,1,0.96627,0.94221,0.96627,0.01438,1245,1
rs,10240,1280,8192,steady,3,A_gemmrs,0,1.19405,1.19296,1.19405,0.03343,1245,1
rs,10240,1280,8192,steady,4,c_cublas,0,0.96819,0.94189,0.96819,0.01430,1245,1
rs,10240,1280,8192,steady,4,A_gemmrs,1,1.18432,1.18419,1.18432,0.03414,1245,1
rs,10240,1280,8192,steady,5,c_cublas,1,0.96621,0.93798,0.96621,0.01496,1245,1
rs,10240,1280,8192,steady,5,A_gemmrs,0,1.19251,1.19085,1.19251,0.03358,1245,1
rs,10240,1280,8192,steady,6,c_cublas,1,0.96198,0.93018,0.96198,0.01741,1245,1
rs,10240,1280,8192,steady,6,A_gemmrs,0,1.19789,1.19782,1.19789,0.03665,1245,1
rs,10240,1280,8192,steady,7,c_cublas,1,0.96218,0.92794,0.96218,0.01477,1245,1
rs,10240,1280,8192,steady,7,A_gemmrs,0,1.19437,1.19366,1.19366,0.03479,1245,1
rs,10240,1280,8192,steady,8,c_cublas,0,0.95322,0.92806,0.95322,0.01788,1245,1
rs,10240,1280,8192,steady,8,A_gemmrs,1,1.16877,1.16864,1.16877,0.03463,1245,1
rs,10240,1280,8192,steady,9,c_cublas,1,0.96192,0.93498,0.96192,0.01503,1245,1
rs,10240,1280,8192,steady,9,A_gemmrs,0,1.17581,1.17510,1.17581,0.03470,1245,1
rs,10240,1280,8192,steady,10,c_cublas,0,0.96326,0.93645,0.96326,0.01491,1245,1
rs,10240,1280,8192,steady,10,A_gemmrs,1,1.18202,1.18189,1.18202,0.03497,1245,1
rs,10240,1280,8192,steady,11,c_cublas,1,0.96141,0.94246,0.96141,0.01440,1260,1
rs,10240,1280,8192,steady,11,A_gemmrs,0,1.18362,1.18099,1.18362,0.03548,1260,1
rs,10240,1280,8192,steady,12,c_cublas,0,0.95680,0.93683,0.95654,0.01482,1260,1
rs,10240,1280,8192,steady,12,A_gemmrs,1,1.18374,1.18368,1.18374,0.03462,1260,1
rs,10240,1280,8192,steady,13,c_cublas,1,0.96205,0.93011,0.96205,0.01487,1260,1
rs,10240,1280,8192,steady,13,A_gemmrs,0,1.19142,1.18950,1.19136,0.03439,1260,1
rs,10240,1280,8192,steady,14,c_cublas,0,0.96422,0.93011,0.96422,0.01444,1245,1
rs,10240,1280,8192,steady,14,A_gemmrs,1,1.18432,1.18419,1.18432,0.03389,1245,1
rs,10240,1280,8192,steady,15,c_cublas,0,0.96474,0.92339,0.96474,0.01633,1245,1
rs,10240,1280,8192,steady,15,A_gemmrs,1,1.19789,1.19770,1.19789,0.03457,1245,1
rs,10240,1280,8192,steady,16,c_cublas,1,0.96653,0.92800,0.96653,0.01468,1245,1
rs,10240,1280,8192,steady,16,A_gemmrs,0,1.19987,1.19942,1.19968,0.03344,1245,1
rs,10240,1280,8192,steady,17,c_cublas,1,0.96653,0.92806,0.96653,0.01482,1245,1
rs,10240,1280,8192,steady,17,A_gemmrs,0,1.20339,1.20282,1.20282,0.03488,1245,1
rs,10240,1280,8192,steady,18,c_cublas,1,0.96218,0.92794,0.96218,0.01483,1245,1
rs,10240,1280,8192,steady,18,A_gemmrs,0,1.19514,1.19443,1.19443,0.03453,1245,1
rs,10240,1280,8192,steady,19,c_cublas,1,0.95795,0.92781,0.95795,0.01434,1245,1
rs,10240,1280,8192,steady,19,A_gemmrs,0,1.18074,1.17958,1.17958,0.03463,1245,1
rs,10240,1280,8192,steady,20,c_cublas,0,0.96006,0.92858,0.96006,0.01412,1245,1
rs,10240,1280,8192,steady,20,A_gemmrs,1,1.18234,1.18227,1.18234,0.03369,1245,1
rs,10240,1280,8192,steady,21,c_cublas,0,0.95219,0.93107,0.95219,0.01438,1260,1
rs,10240,1280,8192,steady,21,A_gemmrs,1,1.18170,1.18157,1.18170,0.03376,1260,1
rs,10240,1280,8192,steady,22,c_cublas,1,0.97152,0.94093,0.96230,0.01442,1245,1
rs,10240,1280,8192,steady,22,A_gemmrs,0,1.19206,1.19155,1.19168,0.03374,1245,1
rs,10240,1280,8192,steady,23,c_cublas,1,0.96224,0.93024,0.96224,0.01763,1245,1
rs,10240,1280,8192,steady,23,A_gemmrs,0,1.20448,1.20403,1.20448,0.03415,1245,1
rs,10240,1280,8192,steady,24,c_cublas,0,0.96403,0.92915,0.96403,0.01434,1245,1
rs,10240,1280,8192,steady,24,A_gemmrs,1,1.19251,1.19219,1.19245,0.03402,1245,1
rs,10240,1280,8192,steady,25,c_cublas,1,0.97638,0.94925,0.97638,0.03259,1245,1
rs,10240,1280,8192,steady,25,A_gemmrs,0,1.18445,1.18387,1.18445,0.03295,1245,1
rs,10240,1280,8192,steady,26,c_cublas,1,0.96525,0.94912,0.96525,0.01434,1245,1
rs,10240,1280,8192,steady,26,A_gemmrs,0,1.19539,1.19526,1.19526,0.03409,1245,1
rs,10240,1280,8192,steady,27,c_cublas,0,0.96051,0.94208,0.96051,0.01439,1245,1
rs,10240,1280,8192,steady,27,A_gemmrs,1,1.17523,1.17510,1.17523,0.03419,1245,1
rs,10240,1280,8192,steady,28,c_cublas,1,0.96307,0.94182,0.96211,0.01508,1245,1
rs,10240,1280,8192,steady,28,A_gemmrs,0,1.17293,1.17171,1.17235,0.03323,1245,1
rs,10240,1280,8192,steady,29,c_cublas,1,0.96045,0.94182,0.96045,0.01453,1245,1
rs,10240,1280,8192,steady,29,A_gemmrs,0,1.18240,1.18227,1.18234,0.03374,1245,1
rs,10240,1280,8192,steady,30,c_cublas,0,0.96275,0.93677,0.96275,0.01473,1245,1
rs,10240,1280,8192,steady,30,A_gemmrs,1,1.18867,1.18854,1.18867,0.03549,1245,1
rs,10240,1280,8192,steady,31,c_cublas,0,0.95526,0.93235,0.95526,0.01577,1245,1
rs,10240,1280,8192,steady,31,A_gemmrs,1,1.17619,1.17606,1.17619,0.03347,1245,1
rs,10240,1280,8192,steady,32,c_cublas,0,0.96845,0.93254,0.96845,0.01523,1260,1
rs,10240,1280,8192,steady,32,A_gemmrs,1,1.18355,1.18342,1.18355,0.03583,1260,1
rs,10240,1280,8192,steady,33,c_cublas,1,0.96602,0.93958,0.96602,0.01470,1260,1
rs,10240,1280,8192,steady,33,A_gemmrs,0,1.18413,1.18272,1.18362,0.03401,1260,1
rs,10240,1280,8192,steady,34,c_cublas,1,0.96602,0.92800,0.96602,0.01500,1245,1
rs,10240,1280,8192,steady,34,A_gemmrs,0,1.20230,1.20211,1.20230,0.03416,1245,1
rs,10240,1280,8192,steady,35,c_cublas,1,0.96301,0.92787,0.96301,0.01455,1245,1
rs,10240,1280,8192,steady,35,A_gemmrs,0,1.20058,1.20045,1.20045,0.03458,1245,1
rs,10240,1280,8192,steady,36,c_cublas,1,0.95898,0.92998,0.95898,0.01446,1260,1
rs,10240,1280,8192,steady,36,A_gemmrs,0,1.18509,1.18483,1.18483,0.03458,1260,1
rs,10240,1280,8192,steady,37,c_cublas,1,0.95462,0.92378,0.95462,0.01755,1260,1
rs,10240,1280,8192,steady,37,A_gemmrs,0,1.18643,1.18509,1.18509,0.03600,1260,1
rs,10240,1280,8192,steady,38,c_cublas,1,0.96608,0.93011,0.96608,0.01425,1245,1
rs,10240,1280,8192,steady,38,A_gemmrs,0,1.19597,1.19533,1.19533,0.03422,1245,1
rs,10240,1280,8192,steady,39,c_cublas,1,0.96634,0.92781,0.96634,0.01452,1245,1
rs,10240,1280,8192,steady,39,A_gemmrs,0,1.19635,1.19552,1.19552,0.03468,1245,1
rs,10240,1280,8192,steady,40,c_cublas,1,0.96058,0.93434,0.96058,0.01456,1260,1
rs,10240,1280,8192,steady,40,A_gemmrs,0,1.18592,1.18336,1.18336,0.03454,1260,1
rs,10240,1280,8192,steady,41,c_cublas,0,0.96403,0.93363,0.96403,0.01675,1260,1
rs,10240,1280,8192,steady,41,A_gemmrs,1,1.18419,1.18413,1.18419,0.03359,1260,1
rs,10240,1280,8192,steady,42,c_cublas,0,0.95270,0.93011,0.95270,0.01491,1260,1
rs,10240,1280,8192,steady,42,A_gemmrs,1,1.18189,1.18182,1.18182,0.03350,1260,1
rs,10240,1280,8192,steady,43,c_cublas,0,0.96166,0.93862,0.96166,0.01506,1260,1
rs,10240,1280,8192,steady,43,A_gemmrs,1,1.18144,1.18131,1.18144,0.03409,1260,1
rs,10240,1280,8192,steady,44,c_cublas,1,0.96646,0.94176,0.96646,0.01449,1245,1
rs,10240,1280,8192,steady,44,A_gemmrs,0,1.18547,1.18374,1.18528,0.03417,1245,1
rs,10240,1280,8192,steady,45,c_cublas,0,0.96685,0.93990,0.96685,0.01405,1245,1
rs,10240,1280,8192,steady,45,A_gemmrs,1,1.18656,1.18637,1.18656,0.03568,1245,1
rs,10240,1280,8192,steady,46,c_cublas,0,0.96941,0.93005,0.96941,0.01511,1245,1
rs,10240,1280,8192,steady,46,A_gemmrs,1,1.18349,1.18342,1.18349,0.03375,1245,1
rs,10240,1280,8192,steady,47,c_cublas,0,0.96237,0.93248,0.96237,0.01841,1245,1
rs,10240,1280,8192,steady,47,A_gemmrs,1,1.19117,1.19091,1.19117,0.03321,1245,1
rs,10240,1280,8192,steady,48,c_cublas,0,0.96416,0.92256,0.96416,0.01474,1245,1
rs,10240,1280,8192,steady,48,A_gemmrs,1,1.19475,1.19456,1.19475,0.03347,1245,1
rs,10240,1280,8192,steady,49,c_cublas,1,0.96211,0.94176,0.96211,0.01439,1245,1
rs,10240,1280,8192,steady,49,A_gemmrs,0,1.19309,1.19277,1.19309,0.03331,1245,1
