side,layer,dim0,dim1,M,mode,round,item,rank_max_ms,min_sm_clock_mhz,kept
ag,qkv,1536,4096,24,gpu,0,c_cublas,0.02662,0,1
ag,qkv,1536,4096,24,gpu,0,c_fluxgemm,0.06656,0,1
ag,qkv,1536,4096,24,gpu,1,c_cublas,0.02662,0,1
ag,qkv,1536,4096,24,gpu,1,c_fluxgemm,0.06656,0,1
ag,qkv,1536,4096,24,gpu,2,c_cublas,0.02662,0,1
ag,qkv,1536,4096,24,gpu,2,c_fluxgemm,0.06656,0,1
ag,qkv,1536,4096,24,gpu,3,c_cublas,0.02662,0,1
ag,qkv,1536,4096,24,gpu,3,c_fluxgemm,0.06656,0,1
ag,qkv,1536,4096,24,gpu,4,c_cublas,0.02662,0,1
ag,qkv,1536,4096,24,gpu,4,c_fluxgemm,0.06656,0,1
ag,qkv,1536,4096,24,gpu,5,c_cublas,0.02560,0,1
ag,qkv,1536,4096,24,gpu,5,c_fluxgemm,0.06861,0,1
ag,qkv,1536,4096,24,gpu,6,c_cublas,0.02560,0,1
ag,qkv,1536,4096,24,gpu,6,c_fluxgemm,0.06656,0,1
ag,qkv,1536,4096,24,gpu,7,c_cublas,0.02560,0,1
ag,qkv,1536,4096,24,gpu,7,c_fluxgemm,0.06656,0,1
ag,qkv,1536,4096,24,gpu,8,c_cublas,0.02662,0,1
ag,qkv,1536,4096,24,gpu,8,c_fluxgemm,0.06656,0,1
ag,qkv,1536,4096,24,gpu,9,c_cublas,0.02662,0,1
ag,qkv,1536,4096,24,gpu,9,c_fluxgemm,0.06758,0,1
ag,qkv,1536,4096,24,gpu,10,c_cublas,0.02662,0,1
ag,qkv,1536,4096,24,gpu,10,c_fluxgemm,0.06656,0,1
ag,qkv,1536,4096,24,gpu,11,c_cublas,0.02662,0,1
ag,qkv,1536,4096,24,gpu,11,c_fluxgemm,0.06758,0,1
ag,qkv,1536,4096,24,gpu,12,c_cublas,0.02662,0,1
ag,qkv,1536,4096,24,gpu,12,c_fluxgemm,0.06554,0,1
ag,qkv,1536,4096,24,gpu,13,c_cublas,0.02662,0,1
ag,qkv,1536,4096,24,gpu,13,c_fluxgemm,0.06656,0,1
ag,qkv,1536,4096,24,gpu,14,c_cublas,0.02662,0,1
ag,qkv,1536,4096,24,gpu,14,c_fluxgemm,0.06656,0,1
ag,qkv,1536,4096,24,gpu,15,c_cublas,0.02662,0,1
ag,qkv,1536,4096,24,gpu,15,c_fluxgemm,0.06758,0,1
ag,qkv,1536,4096,24,gpu,16,c_cublas,0.02662,0,1
ag,qkv,1536,4096,24,gpu,16,c_fluxgemm,0.06656,0,1
ag,qkv,1536,4096,24,gpu,17,c_cublas,0.02560,0,1
ag,qkv,1536,4096,24,gpu,17,c_fluxgemm,0.06758,0,1
ag,qkv,1536,4096,24,gpu,18,c_cublas,0.02662,0,1
ag,qkv,1536,4096,24,gpu,18,c_fluxgemm,0.06656,0,1
ag,qkv,1536,4096,24,gpu,19,c_cublas,0.02560,0,1
ag,qkv,1536,4096,24,gpu,19,c_fluxgemm,0.06656,0,1
ag,qkv,1536,4096,24,gpu,20,c_cublas,0.02662,0,1
ag,qkv,1536,4096,24,gpu,20,c_fluxgemm,0.06758,0,1
ag,qkv,1536,4096,24,gpu,21,c_cublas,0.02662,0,1
ag,qkv,1536,4096,24,gpu,21,c_fluxgemm,0.06758,0,1
ag,qkv,1536,4096,24,gpu,22,c_cublas,0.02662,0,1
ag,qkv,1536,4096,24,gpu,22,c_fluxgemm,0.06758,0,1
ag,qkv,1536,4096,24,gpu,23,c_cublas,0.02560,0,1
ag,qkv,1536,4096,24,gpu,23,c_fluxgemm,0.06554,0,1
ag,qkv,1536,4096,24,gpu,24,c_cublas,0.02662,0,1
ag,qkv,1536,4096,24,gpu,24,c_fluxgemm,0.06656,0,1
ag,qkv,1536,4096,24,gpu,25,c_cublas,0.02662,0,1
ag,qkv,1536,4096,24,gpu,25,c_fluxgemm,0.06758,0,1
ag,qkv,1536,4096,24,gpu,26,c_cublas,0.02662,0,1
ag,qkv,1536,4096,24,gpu,26,c_fluxgemm,0.06758,0,1
ag,qkv,1536,4096,24,gpu,27,c_cublas,0.02662,0,1
ag,qkv,1536,4096,24,gpu,27,c_fluxgemm,0.06656,0,1
ag,qkv,1536,4096,24,gpu,28,c_cublas,0.02560,0,1
ag,qkv,1536,4096,24,gpu,28,c_fluxgemm,0.06656,0,1
ag,qkv,1536,4096,24,gpu,29,c_cublas,0.02662,0,1
ag,qkv,1536,4096,24,gpu,29,c_fluxgemm,0.06656,0,1
ag,qkv,1536,4096,24,gpu,30,c_cublas,0.02662,0,1
ag,qkv,1536,4096,24,gpu,30,c_fluxgemm,0.06554,0,1
ag,qkv,1536,4096,24,gpu,31,c_cublas,0.02662,0,1
ag,qkv,1536,4096,24,gpu,31,c_fluxgemm,0.06656,0,1
ag,qkv,1536,4096,24,gpu,32,c_cublas,0.02662,0,1
ag,qkv,1536,4096,24,gpu,32,c_fluxgemm,0.06656,0,1
ag,qkv,1536,4096,24,gpu,33,c_cublas,0.02662,0,1
ag,qkv,1536,4096,24,gpu,33,c_fluxgemm,0.06758,0,1
ag,qkv,1536,4096,24,gpu,34,c_cublas,0.02662,0,1
ag,qkv,1536,4096,24,gpu,34,c_fluxgemm,0.06656,0,1
ag,qkv,1536,4096,24,gpu,35,c_cublas,0.02662,0,1
ag,qkv,1536,4096,24,gpu,35,c_fluxgemm,0.06656,0,1
ag,qkv,1536,4096,24,gpu,36,c_cublas,0.02662,0,1
ag,qkv,1536,4096,24,gpu,36,c_fluxgemm,0.06656,0,1
ag,qkv,1536,4096,24,gpu,37,c_cublas,0.02662,0,1
ag,qkv,1536,4096,24,gpu,37,c_fluxgemm,0.06656,0,1
ag,qkv,1536,4096,24,gpu,38,c_cublas,0.02662,0,1
ag,qkv,1536,4096,24,gpu,38,c_fluxgemm,0.06758,0,1
ag,qkv,1536,4096,24,gpu,39,c_cublas,0.02662,0,1
ag,qkv,1536,4096,24,gpu,39,c_fluxgemm,0.06758,0,1
ag,qkv,1536,4096,24,gpu,40,c_cublas,0.02662,0,1
ag,qkv,1536,4096,24,gpu,40,c_fluxgemm,0.06656,0,1
ag,qkv,1536,4096,24,gpu,41,c_cublas,0.02662,0,1
ag,qkv,1536,4096,24,gpu,41,c_fluxgemm,0.06656,0,1
ag,qkv,1536,4096,24,gpu,42,c_cublas,0.02662,0,1
ag,qkv,1536,4096,24,gpu,42,c_fluxgemm,0.06656,0,1
ag,qkv,1536,4096,24,gpu,43,c_cublas,0.02662,0,1
ag,qkv,1536,4096,24,gpu,43,c_fluxgemm,0.06963,0,1
ag,qkv,1536,4096,24,gpu,44,c_cublas,0.02662,0,1
ag,qkv,1536,4096,24,gpu,44,c_fluxgemm,0.06758,0,1
ag,qkv,1536,4096,24,gpu,45,c_cublas,0.02662,0,1
ag,qkv,1536,4096,24,gpu,45,c_fluxgemm,0.09318,0,1
ag,qkv,1536,4096,24,gpu,46,c_cublas,0.02662,0,1
ag,qkv,1536,4096,24,gpu,46,c_fluxgemm,0.06758,0,1
ag,qkv,1536,4096,24,gpu,47,c_cublas,0.02662,0,1
ag,qkv,1536,4096,24,gpu,47,c_fluxgemm,0.06758,0,1
ag,qkv,1536,4096,24,gpu,48,c_cublas,0.02560,0,1
ag,qkv,1536,4096,24,gpu,48,c_fluxgemm,0.06758,0,1
ag,qkv,1536,4096,24,gpu,49,c_cublas,0.02662,0,1
ag,qkv,1536,4096,24,gpu,49,c_fluxgemm,0.06758,0,1
ag,qkv,1536,4096,24,steady,0,c_cublas,0.01875,0,1
ag,qkv,1536,4096,24,steady,0,c_fluxgemm,0.07149,0,1
ag,qkv,1536,4096,24,steady,1,c_cublas,0.01875,0,1
ag,qkv,1536,4096,24,steady,1,c_fluxgemm,0.06131,0,1
ag,qkv,1536,4096,24,steady,2,c_cublas,0.01933,0,1
ag,qkv,1536,4096,24,steady,2,c_fluxgemm,0.05958,0,1
ag,qkv,1536,4096,24,steady,3,c_cublas,0.01869,0,1
ag,qkv,1536,4096,24,steady,3,c_fluxgemm,0.06144,0,1
ag,qkv,1536,4096,24,steady,4,c_cublas,0.01939,0,1
ag,qkv,1536,4096,24,steady,4,c_fluxgemm,0.05990,0,1
ag,qkv,1536,4096,24,steady,5,c_cublas,0.02016,0,1
ag,qkv,1536,4096,24,steady,5,c_fluxgemm,0.06010,0,1
ag,qkv,1536,4096,24,steady,6,c_cublas,0.01862,0,1
ag,qkv,1536,4096,24,steady,6,c_fluxgemm,0.06138,0,1
ag,qkv,1536,4096,24,steady,7,c_cublas,0.01869,0,1
ag,qkv,1536,4096,24,steady,7,c_fluxgemm,0.06125,0,1
ag,qkv,1536,4096,24,steady,8,c_cublas,0.01862,0,1
ag,qkv,1536,4096,24,steady,8,c_fluxgemm,0.06099,0,1
ag,qkv,1536,4096,24,steady,9,c_cublas,0.01933,0,1
ag,qkv,1536,4096,24,steady,9,c_fluxgemm,0.05978,0,1
ag,qkv,1536,4096,24,steady,10,c_cublas,0.01958,0,1
ag,qkv,1536,4096,24,steady,10,c_fluxgemm,0.06003,0,1
ag,qkv,1536,4096,24,steady,11,c_cublas,0.01862,0,1
ag,qkv,1536,4096,24,steady,11,c_fluxgemm,0.06086,0,1
ag,qkv,1536,4096,24,steady,12,c_cublas,0.01939,0,1
ag,qkv,1536,4096,24,steady,12,c_fluxgemm,0.05997,0,1
ag,qkv,1536,4096,24,steady,13,c_cublas,0.01869,0,1
ag,qkv,1536,4096,24,steady,13,c_fluxgemm,0.06048,0,1
ag,qkv,1536,4096,24,steady,14,c_cublas,0.01926,0,1
ag,qkv,1536,4096,24,steady,14,c_fluxgemm,0.05978,0,1
ag,qkv,1536,4096,24,steady,15,c_cublas,0.01856,0,1
ag,qkv,1536,4096,24,steady,15,c_fluxgemm,0.06048,0,1
ag,qkv,1536,4096,24,steady,16,c_cublas,0.01926,0,1
ag,qkv,1536,4096,24,steady,16,c_fluxgemm,0.05978,0,1
ag,qkv,1536,4096,24,steady,17,c_cublas,0.01862,0,1
ag,qkv,1536,4096,24,steady,17,c_fluxgemm,0.06042,0,1
ag,qkv,1536,4096,24,steady,18,c_cublas,0.01875,0,1
ag,qkv,1536,4096,24,steady,18,c_fluxgemm,0.06150,0,1
ag,qkv,1536,4096,24,steady,19,c_cublas,0.01926,0,1
ag,qkv,1536,4096,24,steady,19,c_fluxgemm,0.05939,0,1
ag,qkv,1536,4096,96,gpu,0,c_cublas,0.02765,0,1
ag,qkv,1536,4096,96,gpu,0,c_fluxgemm,0.05939,0,1
ag,qkv,1536,4096,96,gpu,1,c_cublas,0.02765,0,1
ag,qkv,1536,4096,96,gpu,1,c_fluxgemm,0.05939,0,1
ag,qkv,1536,4096,96,gpu,2,c_cublas,0.02867,0,1
ag,qkv,1536,4096,96,gpu,2,c_fluxgemm,0.05837,0,1
ag,qkv,1536,4096,96,gpu,3,c_cublas,0.02765,0,1
ag,qkv,1536,4096,96,gpu,3,c_fluxgemm,0.05837,0,1
ag,qkv,1536,4096,96,gpu,4,c_cublas,0.02765,0,1
ag,qkv,1536,4096,96,gpu,4,c_fluxgemm,0.05939,0,1
ag,qkv,1536,4096,96,gpu,5,c_cublas,0.02867,0,1
ag,qkv,1536,4096,96,gpu,5,c_fluxgemm,0.05939,0,1
ag,qkv,1536,4096,96,gpu,6,c_cublas,0.02867,0,1
ag,qkv,1536,4096,96,gpu,6,c_fluxgemm,0.05939,0,1
ag,qkv,1536,4096,96,gpu,7,c_cublas,0.02867,0,1
ag,qkv,1536,4096,96,gpu,7,c_fluxgemm,0.06042,0,1
ag,qkv,1536,4096,96,gpu,8,c_cublas,0.02765,0,1
ag,qkv,1536,4096,96,gpu,8,c_fluxgemm,0.05939,0,1
ag,qkv,1536,4096,96,gpu,9,c_cublas,0.02765,0,1
ag,qkv,1536,4096,96,gpu,9,c_fluxgemm,0.05939,0,1
ag,qkv,1536,4096,96,gpu,10,c_cublas,0.02765,0,1
ag,qkv,1536,4096,96,gpu,10,c_fluxgemm,0.05939,0,1
ag,qkv,1536,4096,96,gpu,11,c_cublas,0.02765,0,1
ag,qkv,1536,4096,96,gpu,11,c_fluxgemm,0.05837,0,1
ag,qkv,1536,4096,96,gpu,12,c_cublas,0.02765,0,1
ag,qkv,1536,4096,96,gpu,12,c_fluxgemm,0.05939,0,1
ag,qkv,1536,4096,96,gpu,13,c_cublas,0.02867,0,1
ag,qkv,1536,4096,96,gpu,13,c_fluxgemm,0.05939,0,1
ag,qkv,1536,4096,96,gpu,14,c_cublas,0.02765,0,1
ag,qkv,1536,4096,96,gpu,14,c_fluxgemm,0.05939,0,1
ag,qkv,1536,4096,96,gpu,15,c_cublas,0.02765,0,1
ag,qkv,1536,4096,96,gpu,15,c_fluxgemm,0.05837,0,1
ag,qkv,1536,4096,96,gpu,16,c_cublas,0.05734,0,1
ag,qkv,1536,4096,96,gpu,16,c_fluxgemm,0.05939,0,1
ag,qkv,1536,4096,96,gpu,17,c_cublas,0.02765,0,1
ag,qkv,1536,4096,96,gpu,17,c_fluxgemm,0.05939,0,1
ag,qkv,1536,4096,96,gpu,18,c_cublas,0.02765,0,1
ag,qkv,1536,4096,96,gpu,18,c_fluxgemm,0.05837,0,1
ag,qkv,1536,4096,96,gpu,19,c_cublas,0.02765,0,1
ag,qkv,1536,4096,96,gpu,19,c_fluxgemm,0.05837,0,1
ag,qkv,1536,4096,96,gpu,20,c_cublas,0.02867,0,1
ag,qkv,1536,4096,96,gpu,20,c_fluxgemm,0.05939,0,1
ag,qkv,1536,4096,96,gpu,21,c_cublas,0.02765,0,1
ag,qkv,1536,4096,96,gpu,21,c_fluxgemm,0.05837,0,1
ag,qkv,1536,4096,96,gpu,22,c_cublas,0.02765,0,1
ag,qkv,1536,4096,96,gpu,22,c_fluxgemm,0.05939,0,1
ag,qkv,1536,4096,96,gpu,23,c_cublas,0.02765,0,1
ag,qkv,1536,4096,96,gpu,23,c_fluxgemm,0.05939,0,1
ag,qkv,1536,4096,96,gpu,24,c_cublas,0.02765,0,1
ag,qkv,1536,4096,96,gpu,24,c_fluxgemm,0.05632,0,1
ag,qkv,1536,4096,96,gpu,25,c_cublas,0.02765,0,1
ag,qkv,1536,4096,96,gpu,25,c_fluxgemm,0.05734,0,1
ag,qkv,1536,4096,96,gpu,26,c_cublas,0.02765,0,1
ag,qkv,1536,4096,96,gpu,26,c_fluxgemm,0.05734,0,1
ag,qkv,1536,4096,96,gpu,27,c_cublas,0.02765,0,1
ag,qkv,1536,4096,96,gpu,27,c_fluxgemm,0.05632,0,1
ag,qkv,1536,4096,96,gpu,28,c_cublas,0.02662,0,1
ag,qkv,1536,4096,96,gpu,28,c_fluxgemm,0.08294,0,1
ag,qkv,1536,4096,96,gpu,29,c_cublas,0.02765,0,1
ag,qkv,1536,4096,96,gpu,29,c_fluxgemm,0.05632,0,1
ag,qkv,1536,4096,96,gpu,30,c_cublas,0.02662,0,1
ag,qkv,1536,4096,96,gpu,30,c_fluxgemm,0.05530,0,1
ag,qkv,1536,4096,96,gpu,31,c_cublas,0.02662,0,1
ag,qkv,1536,4096,96,gpu,31,c_fluxgemm,0.05530,0,1
ag,qkv,1536,4096,96,gpu,32,c_cublas,0.02765,0,1
ag,qkv,1536,4096,96,gpu,32,c_fluxgemm,0.05632,0,1
ag,qkv,1536,4096,96,gpu,33,c_cublas,0.02867,0,1
ag,qkv,1536,4096,96,gpu,33,c_fluxgemm,0.05734,0,1
ag,qkv,1536,4096,96,gpu,34,c_cublas,0.02662,0,1
ag,qkv,1536,4096,96,gpu,34,c_fluxgemm,0.05530,0,1
ag,qkv,1536,4096,96,gpu,35,c_cublas,0.02662,0,1
ag,qkv,1536,4096,96,gpu,35,c_fluxgemm,0.05632,0,1
ag,qkv,1536,4096,96,gpu,36,c_cublas,0.02765,0,1
ag,qkv,1536,4096,96,gpu,36,c_fluxgemm,0.05632,0,1
ag,qkv,1536,4096,96,gpu,37,c_cublas,0.02765,0,1
ag,qkv,1536,4096,96,gpu,37,c_fluxgemm,0.05837,0,1
ag,qkv,1536,4096,96,gpu,38,c_cublas,0.02765,0,1
ag,qkv,1536,4096,96,gpu,38,c_fluxgemm,0.05632,0,1
ag,qkv,1536,4096,96,gpu,39,c_cublas,0.02765,0,1
ag,qkv,1536,4096,96,gpu,39,c_fluxgemm,0.05632,0,1
ag,qkv,1536,4096,96,gpu,40,c_cublas,0.02765,0,1
ag,qkv,1536,4096,96,gpu,40,c_fluxgemm,0.05734,0,1
ag,qkv,1536,4096,96,gpu,41,c_cublas,0.02765,0,1
ag,qkv,1536,4096,96,gpu,41,c_fluxgemm,0.05632,0,1
ag,qkv,1536,4096,96,gpu,42,c_cublas,0.02765,0,1
ag,qkv,1536,4096,96,gpu,42,c_fluxgemm,0.05632,0,1
ag,qkv,1536,4096,96,gpu,43,c_cublas,0.02662,0,1
ag,qkv,1536,4096,96,gpu,43,c_fluxgemm,0.05530,0,1
ag,qkv,1536,4096,96,gpu,44,c_cublas,0.02765,0,1
ag,qkv,1536,4096,96,gpu,44,c_fluxgemm,0.05734,0,1
ag,qkv,1536,4096,96,gpu,45,c_cublas,0.02765,0,1
ag,qkv,1536,4096,96,gpu,45,c_fluxgemm,0.05632,0,1
ag,qkv,1536,4096,96,gpu,46,c_cublas,0.02765,0,1
ag,qkv,1536,4096,96,gpu,46,c_fluxgemm,0.05632,0,1
ag,qkv,1536,4096,96,gpu,47,c_cublas,0.02765,0,1
ag,qkv,1536,4096,96,gpu,47,c_fluxgemm,0.05837,0,1
ag,qkv,1536,4096,96,gpu,48,c_cublas,0.02765,0,1
ag,qkv,1536,4096,96,gpu,48,c_fluxgemm,0.05837,0,1
ag,qkv,1536,4096,96,gpu,49,c_cublas,0.02765,0,1
ag,qkv,1536,4096,96,gpu,49,c_fluxgemm,0.05632,0,1
ag,qkv,1536,4096,96,steady,0,c_cublas,0.01978,0,1
ag,qkv,1536,4096,96,steady,0,c_fluxgemm,0.05312,0,1
ag,qkv,1536,4096,96,steady,1,c_cublas,0.02560,0,1
ag,qkv,1536,4096,96,steady,1,c_fluxgemm,0.05018,0,1
ag,qkv,1536,4096,96,steady,2,c_cublas,0.02131,0,1
ag,qkv,1536,4096,96,steady,2,c_fluxgemm,0.04973,0,1
ag,qkv,1536,4096,96,steady,3,c_cublas,0.01990,0,1
ag,qkv,1536,4096,96,steady,3,c_fluxgemm,0.05165,0,1
ag,qkv,1536,4096,96,steady,4,c_cublas,0.02208,0,1
ag,qkv,1536,4096,96,steady,4,c_fluxgemm,0.04998,0,1
ag,qkv,1536,4096,96,steady,5,c_cublas,0.02099,0,1
ag,qkv,1536,4096,96,steady,5,c_fluxgemm,0.05018,0,1
ag,qkv,1536,4096,96,steady,6,c_cublas,0.01978,0,1
ag,qkv,1536,4096,96,steady,6,c_fluxgemm,0.05139,0,1
ag,qkv,1536,4096,96,steady,7,c_cublas,0.01984,0,1
ag,qkv,1536,4096,96,steady,7,c_fluxgemm,0.05242,0,1
ag,qkv,1536,4096,96,steady,8,c_cublas,0.02118,0,1
ag,qkv,1536,4096,96,steady,8,c_fluxgemm,0.05011,0,1
ag,qkv,1536,4096,96,steady,9,c_cublas,0.01978,0,1
ag,qkv,1536,4096,96,steady,9,c_fluxgemm,0.05075,0,1
ag,qkv,1536,4096,96,steady,10,c_cublas,0.01978,0,1
ag,qkv,1536,4096,96,steady,10,c_fluxgemm,0.05216,0,1
ag,qkv,1536,4096,96,steady,11,c_cublas,0.01984,0,1
ag,qkv,1536,4096,96,steady,11,c_fluxgemm,0.05222,0,1
ag,qkv,1536,4096,96,steady,12,c_cublas,0.02080,0,1
ag,qkv,1536,4096,96,steady,12,c_fluxgemm,0.04979,0,1
ag,qkv,1536,4096,96,steady,13,c_cublas,0.02118,0,1
ag,qkv,1536,4096,96,steady,13,c_fluxgemm,0.05018,0,1
ag,qkv,1536,4096,96,steady,14,c_cublas,0.02144,0,1
ag,qkv,1536,4096,96,steady,14,c_fluxgemm,0.04992,0,1
ag,qkv,1536,4096,96,steady,15,c_cublas,0.02093,0,1
ag,qkv,1536,4096,96,steady,15,c_fluxgemm,0.05005,0,1
ag,qkv,1536,4096,96,steady,16,c_cublas,0.02144,0,1
ag,qkv,1536,4096,96,steady,16,c_fluxgemm,0.04998,0,1
ag,qkv,1536,4096,96,steady,17,c_cublas,0.01978,0,1
ag,qkv,1536,4096,96,steady,17,c_fluxgemm,0.05152,0,1
ag,qkv,1536,4096,96,steady,18,c_cublas,0.01978,0,1
ag,qkv,1536,4096,96,steady,18,c_fluxgemm,0.05229,0,1
ag,qkv,1536,4096,96,steady,19,c_cublas,0.02080,0,1
ag,qkv,1536,4096,96,steady,19,c_fluxgemm,0.04992,0,1
ag,qkv,1536,4096,200,gpu,0,c_cublas,0.03379,0,1
ag,qkv,1536,4096,200,gpu,0,c_fluxgemm,0.05222,0,1
ag,qkv,1536,4096,200,gpu,1,c_cublas,0.03379,0,1
ag,qkv,1536,4096,200,gpu,1,c_fluxgemm,0.05427,0,1
ag,qkv,1536,4096,200,gpu,2,c_cublas,0.03379,0,1
ag,qkv,1536,4096,200,gpu,2,c_fluxgemm,0.05427,0,1
ag,qkv,1536,4096,200,gpu,3,c_cublas,0.03379,0,1
ag,qkv,1536,4096,200,gpu,3,c_fluxgemm,0.05222,0,1
ag,qkv,1536,4096,200,gpu,4,c_cublas,0.03379,0,1
ag,qkv,1536,4096,200,gpu,4,c_fluxgemm,0.05222,0,1
ag,qkv,1536,4096,200,gpu,5,c_cublas,0.03379,0,1
ag,qkv,1536,4096,200,gpu,5,c_fluxgemm,0.05632,0,1
ag,qkv,1536,4096,200,gpu,6,c_cublas,0.03379,0,1
ag,qkv,1536,4096,200,gpu,6,c_fluxgemm,0.05325,0,1
ag,qkv,1536,4096,200,gpu,7,c_cublas,0.03482,0,1
ag,qkv,1536,4096,200,gpu,7,c_fluxgemm,0.05325,0,1
ag,qkv,1536,4096,200,gpu,8,c_cublas,0.03379,0,1
ag,qkv,1536,4096,200,gpu,8,c_fluxgemm,0.05222,0,1
ag,qkv,1536,4096,200,gpu,9,c_cublas,0.03379,0,1
ag,qkv,1536,4096,200,gpu,9,c_fluxgemm,0.05222,0,1
ag,qkv,1536,4096,200,gpu,10,c_cublas,0.03379,0,1
ag,qkv,1536,4096,200,gpu,10,c_fluxgemm,0.05427,0,1
ag,qkv,1536,4096,200,gpu,11,c_cublas,0.03482,0,1
ag,qkv,1536,4096,200,gpu,11,c_fluxgemm,0.05325,0,1
ag,qkv,1536,4096,200,gpu,12,c_cublas,0.03379,0,1
ag,qkv,1536,4096,200,gpu,12,c_fluxgemm,0.05325,0,1
ag,qkv,1536,4096,200,gpu,13,c_cublas,0.03379,0,1
ag,qkv,1536,4096,200,gpu,13,c_fluxgemm,0.05222,0,1
ag,qkv,1536,4096,200,gpu,14,c_cublas,0.03379,0,1
ag,qkv,1536,4096,200,gpu,14,c_fluxgemm,0.05427,0,1
ag,qkv,1536,4096,200,gpu,15,c_cublas,0.03379,0,1
ag,qkv,1536,4096,200,gpu,15,c_fluxgemm,0.05222,0,1
ag,qkv,1536,4096,200,gpu,16,c_cublas,0.03482,0,1
ag,qkv,1536,4096,200,gpu,16,c_fluxgemm,0.05325,0,1
ag,qkv,1536,4096,200,gpu,17,c_cublas,0.03482,0,1
ag,qkv,1536,4096,200,gpu,17,c_fluxgemm,0.05222,0,1
ag,qkv,1536,4096,200,gpu,18,c_cublas,0.03379,0,1
ag,qkv,1536,4096,200,gpu,18,c_fluxgemm,0.05427,0,1
ag,qkv,1536,4096,200,gpu,19,c_cublas,0.03379,0,1
ag,qkv,1536,4096,200,gpu,19,c_fluxgemm,0.05530,0,1
ag,qkv,1536,4096,200,gpu,20,c_cublas,0.03379,0,1
ag,qkv,1536,4096,200,gpu,20,c_fluxgemm,0.05222,0,1
ag,qkv,1536,4096,200,gpu,21,c_cublas,0.03482,0,1
ag,qkv,1536,4096,200,gpu,21,c_fluxgemm,0.05325,0,1
ag,qkv,1536,4096,200,gpu,22,c_cublas,0.03482,0,1
ag,qkv,1536,4096,200,gpu,22,c_fluxgemm,0.05325,0,1
ag,qkv,1536,4096,200,gpu,23,c_cublas,0.03379,0,1
ag,qkv,1536,4096,200,gpu,23,c_fluxgemm,0.05530,0,1
ag,qkv,1536,4096,200,gpu,24,c_cublas,0.03379,0,1
ag,qkv,1536,4096,200,gpu,24,c_fluxgemm,0.05427,0,1
ag,qkv,1536,4096,200,gpu,25,c_cublas,0.03482,0,1
ag,qkv,1536,4096,200,gpu,25,c_fluxgemm,0.05222,0,1
ag,qkv,1536,4096,200,gpu,26,c_cublas,0.03379,0,1
ag,qkv,1536,4096,200,gpu,26,c_fluxgemm,0.05325,0,1
ag,qkv,1536,4096,200,gpu,27,c_cublas,0.03379,0,1
ag,qkv,1536,4096,200,gpu,27,c_fluxgemm,0.05530,0,1
ag,qkv,1536,4096,200,gpu,28,c_cublas,0.03379,0,1
ag,qkv,1536,4096,200,gpu,28,c_fluxgemm,0.05325,0,1
ag,qkv,1536,4096,200,gpu,29,c_cublas,0.03379,0,1
ag,qkv,1536,4096,200,gpu,29,c_fluxgemm,0.05325,0,1
ag,qkv,1536,4096,200,gpu,30,c_cublas,0.03379,0,1
ag,qkv,1536,4096,200,gpu,30,c_fluxgemm,0.05325,0,1
ag,qkv,1536,4096,200,gpu,31,c_cublas,0.03379,0,1
ag,qkv,1536,4096,200,gpu,31,c_fluxgemm,0.05325,0,1
ag,qkv,1536,4096,200,gpu,32,c_cublas,0.03379,0,1
ag,qkv,1536,4096,200,gpu,32,c_fluxgemm,0.05222,0,1
ag,qkv,1536,4096,200,gpu,33,c_cublas,0.03482,0,1
ag,qkv,1536,4096,200,gpu,33,c_fluxgemm,0.05222,0,1
ag,qkv,1536,4096,200,gpu,34,c_cublas,0.03379,0,1
ag,qkv,1536,4096,200,gpu,34,c_fluxgemm,0.05222,0,1
ag,qkv,1536,4096,200,gpu,35,c_cublas,0.03379,0,1
ag,qkv,1536,4096,200,gpu,35,c_fluxgemm,0.05427,0,1
ag,qkv,1536,4096,200,gpu,36,c_cublas,0.03379,0,1
ag,qkv,1536,4096,200,gpu,36,c_fluxgemm,0.05427,0,1
ag,qkv,1536,4096,200,gpu,37,c_cublas,0.03379,0,1
ag,qkv,1536,4096,200,gpu,37,c_fluxgemm,0.05325,0,1
ag,qkv,1536,4096,200,gpu,38,c_cublas,0.03482,0,1
ag,qkv,1536,4096,200,gpu,38,c_fluxgemm,0.05222,0,1
ag,qkv,1536,4096,200,gpu,39,c_cublas,0.03379,0,1
ag,qkv,1536,4096,200,gpu,39,c_fluxgemm,0.05427,0,1
ag,qkv,1536,4096,200,gpu,40,c_cublas,0.03379,0,1
ag,qkv,1536,4096,200,gpu,40,c_fluxgemm,0.05325,0,1
ag,qkv,1536,4096,200,gpu,41,c_cublas,0.03379,0,1
ag,qkv,1536,4096,200,gpu,41,c_fluxgemm,0.05632,0,1
ag,qkv,1536,4096,200,gpu,42,c_cublas,0.03379,0,1
ag,qkv,1536,4096,200,gpu,42,c_fluxgemm,0.05325,0,1
ag,qkv,1536,4096,200,gpu,43,c_cublas,0.03379,0,1
ag,qkv,1536,4096,200,gpu,43,c_fluxgemm,0.05325,0,1
ag,qkv,1536,4096,200,gpu,44,c_cublas,0.03379,0,1
ag,qkv,1536,4096,200,gpu,44,c_fluxgemm,0.05222,0,1
ag,qkv,1536,4096,200,gpu,45,c_cublas,0.03482,0,1
ag,qkv,1536,4096,200,gpu,45,c_fluxgemm,0.05427,0,1
ag,qkv,1536,4096,200,gpu,46,c_cublas,0.06144,0,1
ag,qkv,1536,4096,200,gpu,46,c_fluxgemm,0.05427,0,1
ag,qkv,1536,4096,200,gpu,47,c_cublas,0.03379,0,1
ag,qkv,1536,4096,200,gpu,47,c_fluxgemm,0.05530,0,1
ag,qkv,1536,4096,200,gpu,48,c_cublas,0.03379,0,1
ag,qkv,1536,4096,200,gpu,48,c_fluxgemm,0.05325,0,1
ag,qkv,1536,4096,200,gpu,49,c_cublas,0.03379,0,1
ag,qkv,1536,4096,200,gpu,49,c_fluxgemm,0.05325,0,1
ag,qkv,1536,4096,200,steady,0,c_cublas,0.02720,0,1
ag,qkv,1536,4096,200,steady,0,c_fluxgemm,0.04614,0,1
ag,qkv,1536,4096,200,steady,1,c_cublas,0.02707,0,1
ag,qkv,1536,4096,200,steady,1,c_fluxgemm,0.04467,0,1
ag,qkv,1536,4096,200,steady,2,c_cublas,0.02554,0,1
ag,qkv,1536,4096,200,steady,2,c_fluxgemm,0.04627,0,1
ag,qkv,1536,4096,200,steady,3,c_cublas,0.02541,0,1
ag,qkv,1536,4096,200,steady,3,c_fluxgemm,0.04685,0,1
ag,qkv,1536,4096,200,steady,4,c_cublas,0.02637,0,1
ag,qkv,1536,4096,200,steady,4,c_fluxgemm,0.04454,0,1
ag,qkv,1536,4096,200,steady,5,c_cublas,0.02534,0,1
ag,qkv,1536,4096,200,steady,5,c_fluxgemm,0.04608,0,1
ag,qkv,1536,4096,200,steady,6,c_cublas,0.02547,0,1
ag,qkv,1536,4096,200,steady,6,c_fluxgemm,0.04691,0,1
ag,qkv,1536,4096,200,steady,7,c_cublas,0.02541,0,1
ag,qkv,1536,4096,200,steady,7,c_fluxgemm,0.04710,0,1
ag,qkv,1536,4096,200,steady,8,c_cublas,0.02547,0,1
ag,qkv,1536,4096,200,steady,8,c_fluxgemm,0.04646,0,1
ag,qkv,1536,4096,200,steady,9,c_cublas,0.02534,0,1
ag,qkv,1536,4096,200,steady,9,c_fluxgemm,0.04659,0,1
ag,qkv,1536,4096,200,steady,10,c_cublas,0.02547,0,1
ag,qkv,1536,4096,200,steady,10,c_fluxgemm,0.04666,0,1
ag,qkv,1536,4096,200,steady,11,c_cublas,0.02662,0,1
ag,qkv,1536,4096,200,steady,11,c_fluxgemm,0.04474,0,1
ag,qkv,1536,4096,200,steady,12,c_cublas,0.02688,0,1
ag,qkv,1536,4096,200,steady,12,c_fluxgemm,0.04480,0,1
ag,qkv,1536,4096,200,steady,13,c_cublas,0.02541,0,1
ag,qkv,1536,4096,200,steady,13,c_fluxgemm,0.04608,0,1
ag,qkv,1536,4096,200,steady,14,c_cublas,0.02662,0,1
ag,qkv,1536,4096,200,steady,14,c_fluxgemm,0.04454,0,1
ag,qkv,1536,4096,200,steady,15,c_cublas,0.02650,0,1
ag,qkv,1536,4096,200,steady,15,c_fluxgemm,0.04448,0,1
ag,qkv,1536,4096,200,steady,16,c_cublas,0.02560,0,1
ag,qkv,1536,4096,200,steady,16,c_fluxgemm,0.04602,0,1
ag,qkv,1536,4096,200,steady,17,c_cublas,0.02611,0,1
ag,qkv,1536,4096,200,steady,17,c_fluxgemm,0.04448,0,1
ag,qkv,1536,4096,200,steady,18,c_cublas,0.02554,0,1
ag,qkv,1536,4096,200,steady,18,c_fluxgemm,0.04614,0,1
ag,qkv,1536,4096,200,steady,19,c_cublas,0.02650,0,1
ag,qkv,1536,4096,200,steady,19,c_fluxgemm,0.04474,0,1
ag,qkv,1536,4096,384,gpu,0,c_cublas,0.03789,0,1
ag,qkv,1536,4096,384,gpu,0,c_fluxgemm,0.05427,0,1
ag,qkv,1536,4096,384,gpu,1,c_cublas,0.03891,0,1
ag,qkv,1536,4096,384,gpu,1,c_fluxgemm,0.05427,0,1
ag,qkv,1536,4096,384,gpu,2,c_cublas,0.03789,0,1
ag,qkv,1536,4096,384,gpu,2,c_fluxgemm,0.05325,0,1
ag,qkv,1536,4096,384,gpu,3,c_cublas,0.03891,0,1
ag,qkv,1536,4096,384,gpu,3,c_fluxgemm,0.05325,0,1
ag,qkv,1536,4096,384,gpu,4,c_cublas,0.03789,0,1
ag,qkv,1536,4096,384,gpu,4,c_fluxgemm,0.05325,0,1
ag,qkv,1536,4096,384,gpu,5,c_cublas,0.03891,0,1
ag,qkv,1536,4096,384,gpu,5,c_fluxgemm,0.05632,0,1
ag,qkv,1536,4096,384,gpu,6,c_cublas,0.03789,0,1
ag,qkv,1536,4096,384,gpu,6,c_fluxgemm,0.05325,0,1
ag,qkv,1536,4096,384,gpu,7,c_cublas,0.03789,0,1
ag,qkv,1536,4096,384,gpu,7,c_fluxgemm,0.05325,0,1
ag,qkv,1536,4096,384,gpu,8,c_cublas,0.03891,0,1
ag,qkv,1536,4096,384,gpu,8,c_fluxgemm,0.05325,0,1
ag,qkv,1536,4096,384,gpu,9,c_cublas,0.03891,0,1
ag,qkv,1536,4096,384,gpu,9,c_fluxgemm,0.05325,0,1
ag,qkv,1536,4096,384,gpu,10,c_cublas,0.03891,0,1
ag,qkv,1536,4096,384,gpu,10,c_fluxgemm,0.05530,0,1
ag,qkv,1536,4096,384,gpu,11,c_cublas,0.03891,0,1
ag,qkv,1536,4096,384,gpu,11,c_fluxgemm,0.05325,0,1
ag,qkv,1536,4096,384,gpu,12,c_cublas,0.03891,0,1
ag,qkv,1536,4096,384,gpu,12,c_fluxgemm,0.05325,0,1
ag,qkv,1536,4096,384,gpu,13,c_cublas,0.03789,0,1
ag,qkv,1536,4096,384,gpu,13,c_fluxgemm,0.05325,0,1
ag,qkv,1536,4096,384,gpu,14,c_cublas,0.03789,0,1
ag,qkv,1536,4096,384,gpu,14,c_fluxgemm,0.05325,0,1
ag,qkv,1536,4096,384,gpu,15,c_cublas,0.03789,0,1
ag,qkv,1536,4096,384,gpu,15,c_fluxgemm,0.05530,0,1
ag,qkv,1536,4096,384,gpu,16,c_cublas,0.03891,0,1
ag,qkv,1536,4096,384,gpu,16,c_fluxgemm,0.05325,0,1
ag,qkv,1536,4096,384,gpu,17,c_cublas,0.03891,0,1
ag,qkv,1536,4096,384,gpu,17,c_fluxgemm,0.05325,0,1
ag,qkv,1536,4096,384,gpu,18,c_cublas,0.03891,0,1
ag,qkv,1536,4096,384,gpu,18,c_fluxgemm,0.05632,0,1
ag,qkv,1536,4096,384,gpu,19,c_cublas,0.03789,0,1
ag,qkv,1536,4096,384,gpu,19,c_fluxgemm,0.05325,0,1
ag,qkv,1536,4096,384,gpu,20,c_cublas,0.06963,0,1
ag,qkv,1536,4096,384,gpu,20,c_fluxgemm,0.05325,0,1
ag,qkv,1536,4096,384,gpu,21,c_cublas,0.03789,0,1
ag,qkv,1536,4096,384,gpu,21,c_fluxgemm,0.05530,0,1
ag,qkv,1536,4096,384,gpu,22,c_cublas,0.03789,0,1
ag,qkv,1536,4096,384,gpu,22,c_fluxgemm,0.05222,0,1
ag,qkv,1536,4096,384,gpu,23,c_cublas,0.03891,0,1
ag,qkv,1536,4096,384,gpu,23,c_fluxgemm,0.05530,0,1
ag,qkv,1536,4096,384,gpu,24,c_cublas,0.03891,0,1
ag,qkv,1536,4096,384,gpu,24,c_fluxgemm,0.05427,0,1
ag,qkv,1536,4096,384,gpu,25,c_cublas,0.03891,0,1
ag,qkv,1536,4096,384,gpu,25,c_fluxgemm,0.05325,0,1
ag,qkv,1536,4096,384,gpu,26,c_cublas,0.03789,0,1
ag,qkv,1536,4096,384,gpu,26,c_fluxgemm,0.05325,0,1
ag,qkv,1536,4096,384,gpu,27,c_cublas,0.03891,0,1
ag,qkv,1536,4096,384,gpu,27,c_fluxgemm,0.05325,0,1
ag,qkv,1536,4096,384,gpu,28,c_cublas,0.03891,0,1
ag,qkv,1536,4096,384,gpu,28,c_fluxgemm,0.05325,0,1
ag,qkv,1536,4096,384,gpu,29,c_cublas,0.03891,0,1
ag,qkv,1536,4096,384,gpu,29,c_fluxgemm,0.05427,0,1
ag,qkv,1536,4096,384,gpu,30,c_cublas,0.03891,0,1
ag,qkv,1536,4096,384,gpu,30,c_fluxgemm,0.05530,0,1
ag,qkv,1536,4096,384,gpu,31,c_cublas,0.03891,0,1
ag,qkv,1536,4096,384,gpu,31,c_fluxgemm,0.05325,0,1
ag,qkv,1536,4096,384,gpu,32,c_cublas,0.03891,0,1
ag,qkv,1536,4096,384,gpu,32,c_fluxgemm,0.07885,0,1
ag,qkv,1536,4096,384,gpu,33,c_cublas,0.03891,0,1
ag,qkv,1536,4096,384,gpu,33,c_fluxgemm,0.05530,0,1
ag,qkv,1536,4096,384,gpu,34,c_cublas,0.03789,0,1
ag,qkv,1536,4096,384,gpu,34,c_fluxgemm,0.05530,0,1
ag,qkv,1536,4096,384,gpu,35,c_cublas,0.03891,0,1
ag,qkv,1536,4096,384,gpu,35,c_fluxgemm,0.05325,0,1
ag,qkv,1536,4096,384,gpu,36,c_cublas,0.03891,0,1
ag,qkv,1536,4096,384,gpu,36,c_fluxgemm,0.05325,0,1
ag,qkv,1536,4096,384,gpu,37,c_cublas,0.03891,0,1
ag,qkv,1536,4096,384,gpu,37,c_fluxgemm,0.05427,0,1
ag,qkv,1536,4096,384,gpu,38,c_cublas,0.03891,0,1
ag,qkv,1536,4096,384,gpu,38,c_fluxgemm,0.05222,0,1
ag,qkv,1536,4096,384,gpu,39,c_cublas,0.03789,0,1
ag,qkv,1536,4096,384,gpu,39,c_fluxgemm,0.05222,0,1
ag,qkv,1536,4096,384,gpu,40,c_cublas,0.03994,0,1
ag,qkv,1536,4096,384,gpu,40,c_fluxgemm,0.05222,0,1
ag,qkv,1536,4096,384,gpu,41,c_cublas,0.03891,0,1
ag,qkv,1536,4096,384,gpu,41,c_fluxgemm,0.05632,0,1
ag,qkv,1536,4096,384,gpu,42,c_cublas,0.03891,0,1
ag,qkv,1536,4096,384,gpu,42,c_fluxgemm,0.05325,0,1
ag,qkv,1536,4096,384,gpu,43,c_cublas,0.03891,0,1
ag,qkv,1536,4096,384,gpu,43,c_fluxgemm,0.05530,0,1
ag,qkv,1536,4096,384,gpu,44,c_cublas,0.03891,0,1
ag,qkv,1536,4096,384,gpu,44,c_fluxgemm,0.05325,0,1
ag,qkv,1536,4096,384,gpu,45,c_cublas,0.03891,0,1
ag,qkv,1536,4096,384,gpu,45,c_fluxgemm,0.05222,0,1
ag,qkv,1536,4096,384,gpu,46,c_cublas,0.03891,0,1
ag,qkv,1536,4096,384,gpu,46,c_fluxgemm,0.05325,0,1
ag,qkv,1536,4096,384,gpu,47,c_cublas,0.03891,0,1
ag,qkv,1536,4096,384,gpu,47,c_fluxgemm,0.05325,0,1
ag,qkv,1536,4096,384,gpu,48,c_cublas,0.03789,0,1
ag,qkv,1536,4096,384,gpu,48,c_fluxgemm,0.05325,0,1
ag,qkv,1536,4096,384,gpu,49,c_cublas,0.03789,0,1
ag,qkv,1536,4096,384,gpu,49,c_fluxgemm,0.05325,0,1
ag,qkv,1536,4096,384,steady,0,c_cublas,0.03366,0,1
ag,qkv,1536,4096,384,steady,0,c_fluxgemm,0.04570,0,1
ag,qkv,1536,4096,384,steady,1,c_cublas,0.03187,0,1
ag,qkv,1536,4096,384,steady,1,c_fluxgemm,0.04646,0,1
ag,qkv,1536,4096,384,steady,2,c_cublas,0.03328,0,1
ag,qkv,1536,4096,384,steady,2,c_fluxgemm,0.04557,0,1
ag,qkv,1536,4096,384,steady,3,c_cublas,0.03194,0,1
ag,qkv,1536,4096,384,steady,3,c_fluxgemm,0.04614,0,1
ag,qkv,1536,4096,384,steady,4,c_cublas,0.03341,0,1
ag,qkv,1536,4096,384,steady,4,c_fluxgemm,0.04538,0,1
ag,qkv,1536,4096,384,steady,5,c_cublas,0.03366,0,1
ag,qkv,1536,4096,384,steady,5,c_fluxgemm,0.04576,0,1
ag,qkv,1536,4096,384,steady,6,c_cublas,0.03187,0,1
ag,qkv,1536,4096,384,steady,6,c_fluxgemm,0.04614,0,1
ag,qkv,1536,4096,384,steady,7,c_cublas,0.03322,0,1
ag,qkv,1536,4096,384,steady,7,c_fluxgemm,0.04570,0,1
ag,qkv,1536,4096,384,steady,8,c_cublas,0.03354,0,1
ag,qkv,1536,4096,384,steady,8,c_fluxgemm,0.04570,0,1
ag,qkv,1536,4096,384,steady,9,c_cublas,0.03334,0,1
ag,qkv,1536,4096,384,steady,9,c_fluxgemm,0.04570,0,1
ag,qkv,1536,4096,384,steady,10,c_cublas,0.03328,0,1
ag,qkv,1536,4096,384,steady,10,c_fluxgemm,0.04576,0,1
ag,qkv,1536,4096,384,steady,11,c_cublas,0.03194,0,1
ag,qkv,1536,4096,384,steady,11,c_fluxgemm,0.04595,0,1
ag,qkv,1536,4096,384,steady,12,c_cublas,0.03187,0,1
ag,qkv,1536,4096,384,steady,12,c_fluxgemm,0.04672,0,1
ag,qkv,1536,4096,384,steady,13,c_cublas,0.03194,0,1
ag,qkv,1536,4096,384,steady,13,c_fluxgemm,0.04678,0,1
ag,qkv,1536,4096,384,steady,14,c_cublas,0.03187,0,1
ag,qkv,1536,4096,384,steady,14,c_fluxgemm,0.04704,0,1
ag,qkv,1536,4096,384,steady,15,c_cublas,0.03322,0,1
ag,qkv,1536,4096,384,steady,15,c_fluxgemm,0.04563,0,1
ag,qkv,1536,4096,384,steady,16,c_cublas,0.03354,0,1
ag,qkv,1536,4096,384,steady,16,c_fluxgemm,0.04576,0,1
ag,qkv,1536,4096,384,steady,17,c_cublas,0.03194,0,1
ag,qkv,1536,4096,384,steady,17,c_fluxgemm,0.04595,0,1
ag,qkv,1536,4096,384,steady,18,c_cublas,0.03181,0,1
ag,qkv,1536,4096,384,steady,18,c_fluxgemm,0.04672,0,1
ag,qkv,1536,4096,384,steady,19,c_cublas,0.03194,0,1
ag,qkv,1536,4096,384,steady,19,c_fluxgemm,0.04634,0,1
ag,qkv,1536,4096,768,gpu,0,c_cublas,0.06042,0,1
ag,qkv,1536,4096,768,gpu,0,c_fluxgemm,0.10035,0,1
ag,qkv,1536,4096,768,gpu,1,c_cublas,0.06144,0,1
ag,qkv,1536,4096,768,gpu,1,c_fluxgemm,0.06656,0,1
ag,qkv,1536,4096,768,gpu,2,c_cublas,0.06144,0,1
ag,qkv,1536,4096,768,gpu,2,c_fluxgemm,0.06656,0,1
ag,qkv,1536,4096,768,gpu,3,c_cublas,0.06042,0,1
ag,qkv,1536,4096,768,gpu,3,c_fluxgemm,0.06656,0,1
ag,qkv,1536,4096,768,gpu,4,c_cublas,0.05939,0,1
ag,qkv,1536,4096,768,gpu,4,c_fluxgemm,0.06554,0,1
ag,qkv,1536,4096,768,gpu,5,c_cublas,0.05939,0,1
ag,qkv,1536,4096,768,gpu,5,c_fluxgemm,0.06656,0,1
ag,qkv,1536,4096,768,gpu,6,c_cublas,0.06144,0,1
ag,qkv,1536,4096,768,gpu,6,c_fluxgemm,0.06656,0,1
ag,qkv,1536,4096,768,gpu,7,c_cublas,0.06042,0,1
ag,qkv,1536,4096,768,gpu,7,c_fluxgemm,0.06656,0,1
ag,qkv,1536,4096,768,gpu,8,c_cublas,0.06042,0,1
ag,qkv,1536,4096,768,gpu,8,c_fluxgemm,0.06554,0,1
ag,qkv,1536,4096,768,gpu,9,c_cublas,0.06042,0,1
ag,qkv,1536,4096,768,gpu,9,c_fluxgemm,0.06554,0,1
ag,qkv,1536,4096,768,gpu,10,c_cublas,0.06144,0,1
ag,qkv,1536,4096,768,gpu,10,c_fluxgemm,0.06656,0,1
ag,qkv,1536,4096,768,gpu,11,c_cublas,0.06042,0,1
ag,qkv,1536,4096,768,gpu,11,c_fluxgemm,0.06554,0,1
ag,qkv,1536,4096,768,gpu,12,c_cublas,0.05939,0,1
ag,qkv,1536,4096,768,gpu,12,c_fluxgemm,0.06554,0,1
ag,qkv,1536,4096,768,gpu,13,c_cublas,0.06042,0,1
ag,qkv,1536,4096,768,gpu,13,c_fluxgemm,0.06656,0,1
ag,qkv,1536,4096,768,gpu,14,c_cublas,0.06144,0,1
ag,qkv,1536,4096,768,gpu,14,c_fluxgemm,0.06656,0,1
ag,qkv,1536,4096,768,gpu,15,c_cublas,0.06042,0,1
ag,qkv,1536,4096,768,gpu,15,c_fluxgemm,0.06861,0,1
ag,qkv,1536,4096,768,gpu,16,c_cublas,0.06042,0,1
ag,qkv,1536,4096,768,gpu,16,c_fluxgemm,0.06656,0,1
ag,qkv,1536,4096,768,gpu,17,c_cublas,0.06042,0,1
ag,qkv,1536,4096,768,gpu,17,c_fluxgemm,0.06554,0,1
ag,qkv,1536,4096,768,gpu,18,c_cublas,0.06144,0,1
ag,qkv,1536,4096,768,gpu,18,c_fluxgemm,0.06656,0,1
ag,qkv,1536,4096,768,gpu,19,c_cublas,0.06042,0,1
ag,qkv,1536,4096,768,gpu,19,c_fluxgemm,0.06656,0,1
ag,qkv,1536,4096,768,gpu,20,c_cublas,0.06042,0,1
ag,qkv,1536,4096,768,gpu,20,c_fluxgemm,0.06554,0,1
ag,qkv,1536,4096,768,gpu,21,c_cublas,0.05939,0,1
ag,qkv,1536,4096,768,gpu,21,c_fluxgemm,0.06554,0,1
ag,qkv,1536,4096,768,gpu,22,c_cublas,0.06144,0,1
ag,qkv,1536,4096,768,gpu,22,c_fluxgemm,0.06758,0,1
ag,qkv,1536,4096,768,gpu,23,c_cublas,0.05939,0,1
ag,qkv,1536,4096,768,gpu,23,c_fluxgemm,0.06554,0,1
ag,qkv,1536,4096,768,gpu,24,c_cublas,0.06042,0,1
ag,qkv,1536,4096,768,gpu,24,c_fluxgemm,0.06451,0,1
ag,qkv,1536,4096,768,gpu,25,c_cublas,0.06042,0,1
ag,qkv,1536,4096,768,gpu,25,c_fluxgemm,0.06656,0,1
ag,qkv,1536,4096,768,gpu,26,c_cublas,0.06144,0,1
ag,qkv,1536,4096,768,gpu,26,c_fluxgemm,0.06656,0,1
ag,qkv,1536,4096,768,gpu,27,c_cublas,0.05939,0,1
ag,qkv,1536,4096,768,gpu,27,c_fluxgemm,0.06656,0,1
ag,qkv,1536,4096,768,gpu,28,c_cublas,0.05939,0,1
ag,qkv,1536,4096,768,gpu,28,c_fluxgemm,0.06554,0,1
ag,qkv,1536,4096,768,gpu,29,c_cublas,0.05939,0,1
ag,qkv,1536,4096,768,gpu,29,c_fluxgemm,0.06656,0,1
ag,qkv,1536,4096,768,gpu,30,c_cublas,0.06144,0,1
ag,qkv,1536,4096,768,gpu,30,c_fluxgemm,0.06656,0,1
ag,qkv,1536,4096,768,gpu,31,c_cublas,0.05939,0,1
ag,qkv,1536,4096,768,gpu,31,c_fluxgemm,0.06554,0,1
ag,qkv,1536,4096,768,gpu,32,c_cublas,0.06042,0,1
ag,qkv,1536,4096,768,gpu,32,c_fluxgemm,0.06554,0,1
ag,qkv,1536,4096,768,gpu,33,c_cublas,0.06042,0,1
ag,qkv,1536,4096,768,gpu,33,c_fluxgemm,0.06656,0,1
ag,qkv,1536,4096,768,gpu,34,c_cublas,0.06144,0,1
ag,qkv,1536,4096,768,gpu,34,c_fluxgemm,0.06656,0,1
ag,qkv,1536,4096,768,gpu,35,c_cublas,0.06042,0,1
ag,qkv,1536,4096,768,gpu,35,c_fluxgemm,0.06656,0,1
ag,qkv,1536,4096,768,gpu,36,c_cublas,0.06042,0,1
ag,qkv,1536,4096,768,gpu,36,c_fluxgemm,0.06451,0,1
ag,qkv,1536,4096,768,gpu,37,c_cublas,0.06042,0,1
ag,qkv,1536,4096,768,gpu,37,c_fluxgemm,0.06451,0,1
ag,qkv,1536,4096,768,gpu,38,c_cublas,0.06144,0,1
ag,qkv,1536,4096,768,gpu,38,c_fluxgemm,0.06656,0,1
ag,qkv,1536,4096,768,gpu,39,c_cublas,0.06042,0,1
ag,qkv,1536,4096,768,gpu,39,c_fluxgemm,0.06656,0,1
ag,qkv,1536,4096,768,gpu,40,c_cublas,0.05939,0,1
ag,qkv,1536,4096,768,gpu,40,c_fluxgemm,0.06554,0,1
ag,qkv,1536,4096,768,gpu,41,c_cublas,0.05939,0,1
ag,qkv,1536,4096,768,gpu,41,c_fluxgemm,0.06656,0,1
ag,qkv,1536,4096,768,gpu,42,c_cublas,0.06042,0,1
ag,qkv,1536,4096,768,gpu,42,c_fluxgemm,0.06758,0,1
ag,qkv,1536,4096,768,gpu,43,c_cublas,0.08806,0,1
ag,qkv,1536,4096,768,gpu,43,c_fluxgemm,0.06554,0,1
ag,qkv,1536,4096,768,gpu,44,c_cublas,0.06042,0,1
ag,qkv,1536,4096,768,gpu,44,c_fluxgemm,0.06554,0,1
ag,qkv,1536,4096,768,gpu,45,c_cublas,0.06042,0,1
ag,qkv,1536,4096,768,gpu,45,c_fluxgemm,0.06656,0,1
ag,qkv,1536,4096,768,gpu,46,c_cublas,0.06144,0,1
ag,qkv,1536,4096,768,gpu,46,c_fluxgemm,0.06656,0,1
ag,qkv,1536,4096,768,gpu,47,c_cublas,0.05939,0,1
ag,qkv,1536,4096,768,gpu,47,c_fluxgemm,0.06656,0,1
ag,qkv,1536,4096,768,gpu,48,c_cublas,0.06042,0,1
ag,qkv,1536,4096,768,gpu,48,c_fluxgemm,0.06554,0,1
ag,qkv,1536,4096,768,gpu,49,c_cublas,0.06042,0,1
ag,qkv,1536,4096,768,gpu,49,c_fluxgemm,0.06656,0,1
ag,qkv,1536,4096,768,steady,0,c_cublas,0.07053,0,1
ag,qkv,1536,4096,768,steady,0,c_fluxgemm,0.06035,0,1
ag,qkv,1536,4096,768,steady,1,c_cublas,0.05792,0,1
ag,qkv,1536,4096,768,steady,1,c_fluxgemm,0.06029,0,1
ag,qkv,1536,4096,768,steady,2,c_cublas,0.05786,0,1
ag,qkv,1536,4096,768,steady,2,c_fluxgemm,0.06042,0,1
ag,qkv,1536,4096,768,steady,3,c_cublas,0.05779,0,1
ag,qkv,1536,4096,768,steady,3,c_fluxgemm,0.06042,0,1
ag,qkv,1536,4096,768,steady,4,c_cublas,0.05779,0,1
ag,qkv,1536,4096,768,steady,4,c_fluxgemm,0.06035,0,1
ag,qkv,1536,4096,768,steady,5,c_cublas,0.05786,0,1
ag,qkv,1536,4096,768,steady,5,c_fluxgemm,0.06029,0,1
ag,qkv,1536,4096,768,steady,6,c_cublas,0.05805,0,1
ag,qkv,1536,4096,768,steady,6,c_fluxgemm,0.06022,0,1
ag,qkv,1536,4096,768,steady,7,c_cublas,0.05619,0,1
ag,qkv,1536,4096,768,steady,7,c_fluxgemm,0.06048,0,1
ag,qkv,1536,4096,768,steady,8,c_cublas,0.05773,0,1
ag,qkv,1536,4096,768,steady,8,c_fluxgemm,0.06048,0,1
ag,qkv,1536,4096,768,steady,9,c_cublas,0.05632,0,1
ag,qkv,1536,4096,768,steady,9,c_fluxgemm,0.06080,0,1
ag,qkv,1536,4096,768,steady,10,c_cublas,0.05747,0,1
ag,qkv,1536,4096,768,steady,10,c_fluxgemm,0.06029,0,1
ag,qkv,1536,4096,768,steady,11,c_cublas,0.05626,0,1
ag,qkv,1536,4096,768,steady,11,c_fluxgemm,0.06061,0,1
ag,qkv,1536,4096,768,steady,12,c_cublas,0.05747,0,1
ag,qkv,1536,4096,768,steady,12,c_fluxgemm,0.06022,0,1
ag,qkv,1536,4096,768,steady,13,c_cublas,0.05760,0,1
ag,qkv,1536,4096,768,steady,13,c_fluxgemm,0.06035,0,1
ag,qkv,1536,4096,768,steady,14,c_cublas,0.05626,0,1
ag,qkv,1536,4096,768,steady,14,c_fluxgemm,0.06048,0,1
ag,qkv,1536,4096,768,steady,15,c_cublas,0.05728,0,1
ag,qkv,1536,4096,768,steady,15,c_fluxgemm,0.06029,0,1
ag,qkv,1536,4096,768,steady,16,c_cublas,0.05805,0,1
ag,qkv,1536,4096,768,steady,16,c_fluxgemm,0.06029,0,1
ag,qkv,1536,4096,768,steady,17,c_cublas,0.05779,0,1
ag,qkv,1536,4096,768,steady,17,c_fluxgemm,0.06022,0,1
ag,qkv,1536,4096,768,steady,18,c_cublas,0.05632,0,1
ag,qkv,1536,4096,768,steady,18,c_fluxgemm,0.06054,0,1
ag,qkv,1536,4096,768,steady,19,c_cublas,0.05734,0,1
ag,qkv,1536,4096,768,steady,19,c_fluxgemm,0.06035,0,1
ag,qkv,1536,4096,1536,gpu,0,c_cublas,0.09523,0,1
ag,qkv,1536,4096,1536,gpu,0,c_fluxgemm,0.10445,0,1
ag,qkv,1536,4096,1536,gpu,1,c_cublas,0.09523,0,1
ag,qkv,1536,4096,1536,gpu,1,c_fluxgemm,0.10547,0,1
ag,qkv,1536,4096,1536,gpu,2,c_cublas,0.09728,0,1
ag,qkv,1536,4096,1536,gpu,2,c_fluxgemm,0.10650,0,1
ag,qkv,1536,4096,1536,gpu,3,c_cublas,0.09523,0,1
ag,qkv,1536,4096,1536,gpu,3,c_fluxgemm,0.10547,0,1
ag,qkv,1536,4096,1536,gpu,4,c_cublas,0.09626,0,1
ag,qkv,1536,4096,1536,gpu,4,c_fluxgemm,0.10445,0,1
ag,qkv,1536,4096,1536,gpu,5,c_cublas,0.09523,0,1
ag,qkv,1536,4096,1536,gpu,5,c_fluxgemm,0.10547,0,1
ag,qkv,1536,4096,1536,gpu,6,c_cublas,0.09626,0,1
ag,qkv,1536,4096,1536,gpu,6,c_fluxgemm,0.10547,0,1
ag,qkv,1536,4096,1536,gpu,7,c_cublas,0.09830,0,1
ag,qkv,1536,4096,1536,gpu,7,c_fluxgemm,0.10547,0,1
ag,qkv,1536,4096,1536,gpu,8,c_cublas,0.09626,0,1
ag,qkv,1536,4096,1536,gpu,8,c_fluxgemm,0.10547,0,1
ag,qkv,1536,4096,1536,gpu,9,c_cublas,0.09523,0,1
ag,qkv,1536,4096,1536,gpu,9,c_fluxgemm,0.10547,0,1
ag,qkv,1536,4096,1536,gpu,10,c_cublas,0.09728,0,1
ag,qkv,1536,4096,1536,gpu,10,c_fluxgemm,0.10547,0,1
ag,qkv,1536,4096,1536,gpu,11,c_cublas,0.09523,0,1
ag,qkv,1536,4096,1536,gpu,11,c_fluxgemm,0.10445,0,1
ag,qkv,1536,4096,1536,gpu,12,c_cublas,0.09626,0,1
ag,qkv,1536,4096,1536,gpu,12,c_fluxgemm,0.10445,0,1
ag,qkv,1536,4096,1536,gpu,13,c_cublas,0.09523,0,1
ag,qkv,1536,4096,1536,gpu,13,c_fluxgemm,0.10445,0,1
ag,qkv,1536,4096,1536,gpu,14,c_cublas,0.09626,0,1
ag,qkv,1536,4096,1536,gpu,14,c_fluxgemm,0.10650,0,1
ag,qkv,1536,4096,1536,gpu,15,c_cublas,0.09523,0,1
ag,qkv,1536,4096,1536,gpu,15,c_fluxgemm,0.13005,0,1
ag,qkv,1536,4096,1536,gpu,16,c_cublas,0.09523,0,1
ag,qkv,1536,4096,1536,gpu,16,c_fluxgemm,0.10445,0,1
ag,qkv,1536,4096,1536,gpu,17,c_cublas,0.09626,0,1
ag,qkv,1536,4096,1536,gpu,17,c_fluxgemm,0.10547,0,1
ag,qkv,1536,4096,1536,gpu,18,c_cublas,0.09728,0,1
ag,qkv,1536,4096,1536,gpu,18,c_fluxgemm,0.10547,0,1
ag,qkv,1536,4096,1536,gpu,19,c_cublas,0.09523,0,1
ag,qkv,1536,4096,1536,gpu,19,c_fluxgemm,0.10445,0,1
ag,qkv,1536,4096,1536,gpu,20,c_cublas,0.09523,0,1
ag,qkv,1536,4096,1536,gpu,20,c_fluxgemm,0.10445,0,1
ag,qkv,1536,4096,1536,gpu,21,c_cublas,0.09523,0,1
ag,qkv,1536,4096,1536,gpu,21,c_fluxgemm,0.10445,0,1
ag,qkv,1536,4096,1536,gpu,22,c_cublas,0.09728,0,1
ag,qkv,1536,4096,1536,gpu,22,c_fluxgemm,0.10547,0,1
ag,qkv,1536,4096,1536,gpu,23,c_cublas,0.09830,0,1
ag,qkv,1536,4096,1536,gpu,23,c_fluxgemm,0.10445,0,1
ag,qkv,1536,4096,1536,gpu,24,c_cublas,0.09626,0,1
ag,qkv,1536,4096,1536,gpu,24,c_fluxgemm,0.10445,0,1
ag,qkv,1536,4096,1536,gpu,25,c_cublas,0.12595,0,1
ag,qkv,1536,4096,1536,gpu,25,c_fluxgemm,0.10650,0,1
ag,qkv,1536,4096,1536,gpu,26,c_cublas,0.09728,0,1
ag,qkv,1536,4096,1536,gpu,26,c_fluxgemm,0.10650,0,1
ag,qkv,1536,4096,1536,gpu,27,c_cublas,0.09830,0,1
ag,qkv,1536,4096,1536,gpu,27,c_fluxgemm,0.10547,0,1
ag,qkv,1536,4096,1536,gpu,28,c_cublas,0.09523,0,1
ag,qkv,1536,4096,1536,gpu,28,c_fluxgemm,0.10445,0,1
ag,qkv,1536,4096,1536,gpu,29,c_cublas,0.09523,0,1
ag,qkv,1536,4096,1536,gpu,29,c_fluxgemm,0.10547,0,1
ag,qkv,1536,4096,1536,gpu,30,c_cublas,0.09728,0,1
ag,qkv,1536,4096,1536,gpu,30,c_fluxgemm,0.10650,0,1
ag,qkv,1536,4096,1536,gpu,31,c_cublas,0.09626,0,1
ag,qkv,1536,4096,1536,gpu,31,c_fluxgemm,0.10445,0,1
ag,qkv,1536,4096,1536,gpu,32,c_cublas,0.09523,0,1
ag,qkv,1536,4096,1536,gpu,32,c_fluxgemm,0.10445,0,1
ag,qkv,1536,4096,1536,gpu,33,c_cublas,0.09626,0,1
ag,qkv,1536,4096,1536,gpu,33,c_fluxgemm,0.10547,0,1
ag,qkv,1536,4096,1536,gpu,34,c_cublas,0.09728,0,1
ag,qkv,1536,4096,1536,gpu,34,c_fluxgemm,0.10547,0,1
ag,qkv,1536,4096,1536,gpu,35,c_cublas,0.10035,0,1
ag,qkv,1536,4096,1536,gpu,35,c_fluxgemm,0.10547,0,1
ag,qkv,1536,4096,1536,gpu,36,c_cublas,0.09626,0,1
ag,qkv,1536,4096,1536,gpu,36,c_fluxgemm,0.10445,0,1
ag,qkv,1536,4096,1536,gpu,37,c_cublas,0.09626,0,1
ag,qkv,1536,4096,1536,gpu,37,c_fluxgemm,0.10547,0,1
ag,qkv,1536,4096,1536,gpu,38,c_cublas,0.09626,0,1
ag,qkv,1536,4096,1536,gpu,38,c_fluxgemm,0.10547,0,1
ag,qkv,1536,4096,1536,gpu,39,c_cublas,0.09523,0,1
ag,qkv,1536,4096,1536,gpu,39,c_fluxgemm,0.10547,0,1
ag,qkv,1536,4096,1536,gpu,40,c_cublas,0.09626,0,1
ag,qkv,1536,4096,1536,gpu,40,c_fluxgemm,0.10547,0,1
ag,qkv,1536,4096,1536,gpu,41,c_cublas,0.09523,0,1
ag,qkv,1536,4096,1536,gpu,41,c_fluxgemm,0.10650,0,1
ag,qkv,1536,4096,1536,gpu,42,c_cublas,0.10035,0,1
ag,qkv,1536,4096,1536,gpu,42,c_fluxgemm,0.10547,0,1
ag,qkv,1536,4096,1536,gpu,43,c_cublas,0.09728,0,1
ag,qkv,1536,4096,1536,gpu,43,c_fluxgemm,0.10547,0,1
ag,qkv,1536,4096,1536,gpu,44,c_cublas,0.09523,0,1
ag,qkv,1536,4096,1536,gpu,44,c_fluxgemm,0.10547,0,1
ag,qkv,1536,4096,1536,gpu,45,c_cublas,0.09523,0,1
ag,qkv,1536,4096,1536,gpu,45,c_fluxgemm,0.10547,0,1
ag,qkv,1536,4096,1536,gpu,46,c_cublas,0.09626,0,1
ag,qkv,1536,4096,1536,gpu,46,c_fluxgemm,0.10650,0,1
ag,qkv,1536,4096,1536,gpu,47,c_cublas,0.09626,0,1
ag,qkv,1536,4096,1536,gpu,47,c_fluxgemm,0.10547,0,1
ag,qkv,1536,4096,1536,gpu,48,c_cublas,0.09523,0,1
ag,qkv,1536,4096,1536,gpu,48,c_fluxgemm,0.10445,0,1
ag,qkv,1536,4096,1536,gpu,49,c_cublas,0.09626,0,1
ag,qkv,1536,4096,1536,gpu,49,c_fluxgemm,0.10445,0,1
ag,qkv,1536,4096,1536,steady,0,c_cublas,0.09382,0,1
ag,qkv,1536,4096,1536,steady,0,c_fluxgemm,0.10106,0,1
ag,qkv,1536,4096,1536,steady,1,c_cublas,0.09549,0,1
ag,qkv,1536,4096,1536,steady,1,c_fluxgemm,0.10176,0,1
ag,qkv,1536,4096,1536,steady,2,c_cublas,0.09395,0,1
ag,qkv,1536,4096,1536,steady,2,c_fluxgemm,0.10240,0,1
ag,qkv,1536,4096,1536,steady,3,c_cublas,0.09402,0,1
ag,qkv,1536,4096,1536,steady,3,c_fluxgemm,0.10272,0,1
ag,qkv,1536,4096,1536,steady,4,c_cublas,0.09574,0,1
ag,qkv,1536,4096,1536,steady,4,c_fluxgemm,0.10176,0,1
ag,qkv,1536,4096,1536,steady,5,c_cublas,0.09382,0,1
ag,qkv,1536,4096,1536,steady,5,c_fluxgemm,0.10234,0,1
ag,qkv,1536,4096,1536,steady,6,c_cublas,0.09414,0,1
ag,qkv,1536,4096,1536,steady,6,c_fluxgemm,0.10298,0,1
ag,qkv,1536,4096,1536,steady,7,c_cublas,0.09421,0,1
ag,qkv,1536,4096,1536,steady,7,c_fluxgemm,0.10291,0,1
ag,qkv,1536,4096,1536,steady,8,c_cublas,0.09402,0,1
ag,qkv,1536,4096,1536,steady,8,c_fluxgemm,0.10278,0,1
ag,qkv,1536,4096,1536,steady,9,c_cublas,0.09402,0,1
ag,qkv,1536,4096,1536,steady,9,c_fluxgemm,0.10278,0,1
ag,qkv,1536,4096,1536,steady,10,c_cublas,0.09389,0,1
ag,qkv,1536,4096,1536,steady,10,c_fluxgemm,0.10298,0,1
ag,qkv,1536,4096,1536,steady,11,c_cublas,0.09670,0,1
ag,qkv,1536,4096,1536,steady,11,c_fluxgemm,0.10240,0,1
ag,qkv,1536,4096,1536,steady,12,c_cublas,0.09626,0,1
ag,qkv,1536,4096,1536,steady,12,c_fluxgemm,0.10240,0,1
ag,qkv,1536,4096,1536,steady,13,c_cublas,0.09466,0,1
ag,qkv,1536,4096,1536,steady,13,c_fluxgemm,0.10304,0,1
ag,qkv,1536,4096,1536,steady,14,c_cublas,0.09466,0,1
ag,qkv,1536,4096,1536,steady,14,c_fluxgemm,0.10349,0,1
ag,qkv,1536,4096,1536,steady,15,c_cublas,0.09453,0,1
ag,qkv,1536,4096,1536,steady,15,c_fluxgemm,0.10342,0,1
ag,qkv,1536,4096,1536,steady,16,c_cublas,0.09594,0,1
ag,qkv,1536,4096,1536,steady,16,c_fluxgemm,0.10253,0,1
ag,qkv,1536,4096,1536,steady,17,c_cublas,0.09632,0,1
ag,qkv,1536,4096,1536,steady,17,c_fluxgemm,0.10240,0,1
ag,qkv,1536,4096,1536,steady,18,c_cublas,0.09504,0,1
ag,qkv,1536,4096,1536,steady,18,c_fluxgemm,0.10317,0,1
ag,qkv,1536,4096,1536,steady,19,c_cublas,0.09504,0,1
ag,qkv,1536,4096,1536,steady,19,c_fluxgemm,0.10368,0,1
ag,qkv,1536,4096,2560,gpu,0,c_cublas,0.21094,0,1
ag,qkv,1536,4096,2560,gpu,0,c_fluxgemm,0.15974,0,1
ag,qkv,1536,4096,2560,gpu,1,c_cublas,0.21197,0,1
ag,qkv,1536,4096,2560,gpu,1,c_fluxgemm,0.15565,0,1
ag,qkv,1536,4096,2560,gpu,2,c_cublas,0.21299,0,1
ag,qkv,1536,4096,2560,gpu,2,c_fluxgemm,0.15565,0,1
ag,qkv,1536,4096,2560,gpu,3,c_cublas,0.21094,0,1
ag,qkv,1536,4096,2560,gpu,3,c_fluxgemm,0.15462,0,1
ag,qkv,1536,4096,2560,gpu,4,c_cublas,0.21094,0,1
ag,qkv,1536,4096,2560,gpu,4,c_fluxgemm,0.15360,0,1
ag,qkv,1536,4096,2560,gpu,5,c_cublas,0.21197,0,1
ag,qkv,1536,4096,2560,gpu,5,c_fluxgemm,0.15462,0,1
ag,qkv,1536,4096,2560,gpu,6,c_cublas,0.21299,0,1
ag,qkv,1536,4096,2560,gpu,6,c_fluxgemm,0.15565,0,1
ag,qkv,1536,4096,2560,gpu,7,c_cublas,0.21094,0,1
ag,qkv,1536,4096,2560,gpu,7,c_fluxgemm,0.15462,0,1
ag,qkv,1536,4096,2560,gpu,8,c_cublas,0.21094,0,1
ag,qkv,1536,4096,2560,gpu,8,c_fluxgemm,0.15360,0,1
ag,qkv,1536,4096,2560,gpu,9,c_cublas,0.21094,0,1
ag,qkv,1536,4096,2560,gpu,9,c_fluxgemm,0.15462,0,1
ag,qkv,1536,4096,2560,gpu,10,c_cublas,0.21299,0,1
ag,qkv,1536,4096,2560,gpu,10,c_fluxgemm,0.15565,0,1
ag,qkv,1536,4096,2560,gpu,11,c_cublas,0.21094,0,1
ag,qkv,1536,4096,2560,gpu,11,c_fluxgemm,0.15565,0,1
ag,qkv,1536,4096,2560,gpu,12,c_cublas,0.21094,0,1
ag,qkv,1536,4096,2560,gpu,12,c_fluxgemm,0.15462,0,1
ag,qkv,1536,4096,2560,gpu,13,c_cublas,0.21094,0,1
ag,qkv,1536,4096,2560,gpu,13,c_fluxgemm,0.15565,0,1
ag,qkv,1536,4096,2560,gpu,14,c_cublas,0.21402,0,1
ag,qkv,1536,4096,2560,gpu,14,c_fluxgemm,0.15565,0,1
ag,qkv,1536,4096,2560,gpu,15,c_cublas,0.21094,0,1
ag,qkv,1536,4096,2560,gpu,15,c_fluxgemm,0.15360,0,1
ag,qkv,1536,4096,2560,gpu,16,c_cublas,0.21094,0,1
ag,qkv,1536,4096,2560,gpu,16,c_fluxgemm,0.15462,0,1
ag,qkv,1536,4096,2560,gpu,17,c_cublas,0.21094,0,1
ag,qkv,1536,4096,2560,gpu,17,c_fluxgemm,0.15462,0,1
ag,qkv,1536,4096,2560,gpu,18,c_cublas,0.21299,0,1
ag,qkv,1536,4096,2560,gpu,18,c_fluxgemm,0.15565,0,1
ag,qkv,1536,4096,2560,gpu,19,c_cublas,0.21094,0,1
ag,qkv,1536,4096,2560,gpu,19,c_fluxgemm,0.15462,0,1
ag,qkv,1536,4096,2560,gpu,20,c_cublas,0.21197,0,1
ag,qkv,1536,4096,2560,gpu,20,c_fluxgemm,0.15462,0,1
ag,qkv,1536,4096,2560,gpu,21,c_cublas,0.21094,0,1
ag,qkv,1536,4096,2560,gpu,21,c_fluxgemm,0.15565,0,1
ag,qkv,1536,4096,2560,gpu,22,c_cublas,0.21197,0,1
ag,qkv,1536,4096,2560,gpu,22,c_fluxgemm,0.15565,0,1
ag,qkv,1536,4096,2560,gpu,23,c_cublas,0.21094,0,1
ag,qkv,1536,4096,2560,gpu,23,c_fluxgemm,0.15360,0,1
ag,qkv,1536,4096,2560,gpu,24,c_cublas,0.21094,0,1
ag,qkv,1536,4096,2560,gpu,24,c_fluxgemm,0.15462,0,1
ag,qkv,1536,4096,2560,gpu,25,c_cublas,0.21094,0,1
ag,qkv,1536,4096,2560,gpu,25,c_fluxgemm,0.15565,0,1
ag,qkv,1536,4096,2560,gpu,26,c_cublas,0.21299,0,1
ag,qkv,1536,4096,2560,gpu,26,c_fluxgemm,0.15462,0,1
ag,qkv,1536,4096,2560,gpu,27,c_cublas,0.21197,0,1
ag,qkv,1536,4096,2560,gpu,27,c_fluxgemm,0.15462,0,1
ag,qkv,1536,4096,2560,gpu,28,c_cublas,0.21197,0,1
ag,qkv,1536,4096,2560,gpu,28,c_fluxgemm,0.15462,0,1
ag,qkv,1536,4096,2560,gpu,29,c_cublas,0.21197,0,1
ag,qkv,1536,4096,2560,gpu,29,c_fluxgemm,0.15462,0,1
ag,qkv,1536,4096,2560,gpu,30,c_cublas,0.23450,0,1
ag,qkv,1536,4096,2560,gpu,30,c_fluxgemm,0.15565,0,1
ag,qkv,1536,4096,2560,gpu,31,c_cublas,0.21197,0,1
ag,qkv,1536,4096,2560,gpu,31,c_fluxgemm,0.15360,0,1
ag,qkv,1536,4096,2560,gpu,32,c_cublas,0.21197,0,1
ag,qkv,1536,4096,2560,gpu,32,c_fluxgemm,0.15360,0,1
ag,qkv,1536,4096,2560,gpu,33,c_cublas,0.21197,0,1
ag,qkv,1536,4096,2560,gpu,33,c_fluxgemm,0.15360,0,1
ag,qkv,1536,4096,2560,gpu,34,c_cublas,0.21197,0,1
ag,qkv,1536,4096,2560,gpu,34,c_fluxgemm,0.15360,0,1
ag,qkv,1536,4096,2560,gpu,35,c_cublas,0.20890,0,1
ag,qkv,1536,4096,2560,gpu,35,c_fluxgemm,0.15360,0,1
ag,qkv,1536,4096,2560,gpu,36,c_cublas,0.20890,0,1
ag,qkv,1536,4096,2560,gpu,36,c_fluxgemm,0.15360,0,1
ag,qkv,1536,4096,2560,gpu,37,c_cublas,0.20890,0,1
ag,qkv,1536,4096,2560,gpu,37,c_fluxgemm,0.15462,0,1
ag,qkv,1536,4096,2560,gpu,38,c_cublas,0.21094,0,1
ag,qkv,1536,4096,2560,gpu,38,c_fluxgemm,0.15360,0,1
ag,qkv,1536,4096,2560,gpu,39,c_cublas,0.20890,0,1
ag,qkv,1536,4096,2560,gpu,39,c_fluxgemm,0.15462,0,1
ag,qkv,1536,4096,2560,gpu,40,c_cublas,0.20890,0,1
ag,qkv,1536,4096,2560,gpu,40,c_fluxgemm,0.15258,0,1
ag,qkv,1536,4096,2560,gpu,41,c_cublas,0.20890,0,1
ag,qkv,1536,4096,2560,gpu,41,c_fluxgemm,0.15258,0,1
ag,qkv,1536,4096,2560,gpu,42,c_cublas,0.20992,0,1
ag,qkv,1536,4096,2560,gpu,42,c_fluxgemm,0.15462,0,1
ag,qkv,1536,4096,2560,gpu,43,c_cublas,0.20890,0,1
ag,qkv,1536,4096,2560,gpu,43,c_fluxgemm,0.15360,0,1
ag,qkv,1536,4096,2560,gpu,44,c_cublas,0.20992,0,1
ag,qkv,1536,4096,2560,gpu,44,c_fluxgemm,0.15258,0,1
ag,qkv,1536,4096,2560,gpu,45,c_cublas,0.20992,0,1
ag,qkv,1536,4096,2560,gpu,45,c_fluxgemm,0.15462,0,1
ag,qkv,1536,4096,2560,gpu,46,c_cublas,0.21094,0,1
ag,qkv,1536,4096,2560,gpu,46,c_fluxgemm,0.15462,0,1
ag,qkv,1536,4096,2560,gpu,47,c_cublas,0.20890,0,1
ag,qkv,1536,4096,2560,gpu,47,c_fluxgemm,0.15258,0,1
ag,qkv,1536,4096,2560,gpu,48,c_cublas,0.20890,0,1
ag,qkv,1536,4096,2560,gpu,48,c_fluxgemm,0.15258,0,1
ag,qkv,1536,4096,2560,gpu,49,c_cublas,0.20890,1395,1
ag,qkv,1536,4096,2560,gpu,49,c_fluxgemm,0.15360,1395,1
ag,qkv,1536,4096,2560,steady,0,c_cublas,0.20768,0,1
ag,qkv,1536,4096,2560,steady,0,c_fluxgemm,0.15155,0,1
ag,qkv,1536,4096,2560,steady,1,c_cublas,0.20922,0,1
ag,qkv,1536,4096,2560,steady,1,c_fluxgemm,0.14989,0,1
ag,qkv,1536,4096,2560,steady,2,c_cublas,0.20960,0,1
ag,qkv,1536,4096,2560,steady,2,c_fluxgemm,0.14982,0,1
ag,qkv,1536,4096,2560,steady,3,c_cublas,0.20768,0,1
ag,qkv,1536,4096,2560,steady,3,c_fluxgemm,0.15034,0,1
ag,qkv,1536,4096,2560,steady,4,c_cublas,0.20922,0,1
ag,qkv,1536,4096,2560,steady,4,c_fluxgemm,0.14995,0,1
ag,qkv,1536,4096,2560,steady,5,c_cublas,0.20947,0,1
ag,qkv,1536,4096,2560,steady,5,c_fluxgemm,0.14989,0,1
ag,qkv,1536,4096,2560,steady,6,c_cublas,0.20762,0,1
ag,qkv,1536,4096,2560,steady,6,c_fluxgemm,0.15040,0,1
ag,qkv,1536,4096,2560,steady,7,c_cublas,0.20768,0,1
ag,qkv,1536,4096,2560,steady,7,c_fluxgemm,0.15066,0,1
ag,qkv,1536,4096,2560,steady,8,c_cublas,0.20915,0,1
ag,qkv,1536,4096,2560,steady,8,c_fluxgemm,0.14995,0,1
ag,qkv,1536,4096,2560,steady,9,c_cublas,0.20787,0,1
ag,qkv,1536,4096,2560,steady,9,c_fluxgemm,0.14989,0,1
ag,qkv,1536,4096,2560,steady,10,c_cublas,0.20915,0,1
ag,qkv,1536,4096,2560,steady,10,c_fluxgemm,0.15014,0,1
ag,qkv,1536,4096,2560,steady,11,c_cublas,0.20787,0,1
ag,qkv,1536,4096,2560,steady,11,c_fluxgemm,0.15091,0,1
ag,qkv,1536,4096,2560,steady,12,c_cublas,0.20947,0,1
ag,qkv,1536,4096,2560,steady,12,c_fluxgemm,0.14995,0,1
ag,qkv,1536,4096,2560,steady,13,c_cublas,0.21158,0,1
ag,qkv,1536,4096,2560,steady,13,c_fluxgemm,0.15136,0,1
ag,qkv,1536,4096,2560,steady,14,c_cublas,0.21370,1395,1
ag,qkv,1536,4096,2560,steady,14,c_fluxgemm,0.15117,1395,1
ag,qkv,1536,4096,2560,steady,15,c_cublas,0.21178,1395,1
ag,qkv,1536,4096,2560,steady,15,c_fluxgemm,0.15130,1395,1
ag,qkv,1536,4096,2560,steady,16,c_cublas,0.20992,1395,1
ag,qkv,1536,4096,2560,steady,16,c_fluxgemm,0.15181,1395,1
ag,qkv,1536,4096,2560,steady,17,c_cublas,0.20992,1395,1
ag,qkv,1536,4096,2560,steady,17,c_fluxgemm,0.15085,1395,1
ag,qkv,1536,4096,2560,steady,18,c_cublas,0.20992,1395,1
ag,qkv,1536,4096,2560,steady,18,c_fluxgemm,0.15245,1395,1
ag,qkv,1536,4096,2560,steady,19,c_cublas,0.20992,1395,1
ag,qkv,1536,4096,2560,steady,19,c_fluxgemm,0.15251,1395,1
ag,qkv,1536,4096,6144,gpu,0,c_cublas,0.34816,0,1
ag,qkv,1536,4096,6144,gpu,0,c_fluxgemm,0.32768,0,1
ag,qkv,1536,4096,6144,gpu,1,c_cublas,0.31232,0,1
ag,qkv,1536,4096,6144,gpu,1,c_fluxgemm,0.32870,0,1
ag,qkv,1536,4096,6144,gpu,2,c_cublas,0.31334,0,1
ag,qkv,1536,4096,6144,gpu,2,c_fluxgemm,0.32973,0,1
ag,qkv,1536,4096,6144,gpu,3,c_cublas,0.31232,0,1
ag,qkv,1536,4096,6144,gpu,3,c_fluxgemm,0.32870,0,1
ag,qkv,1536,4096,6144,gpu,4,c_cublas,0.31232,0,1
ag,qkv,1536,4096,6144,gpu,4,c_fluxgemm,0.32768,0,1
ag,qkv,1536,4096,6144,gpu,5,c_cublas,0.31232,0,1
ag,qkv,1536,4096,6144,gpu,5,c_fluxgemm,0.32768,0,1
ag,qkv,1536,4096,6144,gpu,6,c_cublas,0.31437,0,1
ag,qkv,1536,4096,6144,gpu,6,c_fluxgemm,0.32973,0,1
ag,qkv,1536,4096,6144,gpu,7,c_cublas,0.31334,0,1
ag,qkv,1536,4096,6144,gpu,7,c_fluxgemm,0.32870,0,1
ag,qkv,1536,4096,6144,gpu,8,c_cublas,0.31334,0,1
ag,qkv,1536,4096,6144,gpu,8,c_fluxgemm,0.32870,0,1
ag,qkv,1536,4096,6144,gpu,9,c_cublas,0.31334,0,1
ag,qkv,1536,4096,6144,gpu,9,c_fluxgemm,0.32870,0,1
ag,qkv,1536,4096,6144,gpu,10,c_cublas,0.31539,0,1
ag,qkv,1536,4096,6144,gpu,10,c_fluxgemm,0.33075,0,1
ag,qkv,1536,4096,6144,gpu,11,c_cublas,0.31334,0,1
ag,qkv,1536,4096,6144,gpu,11,c_fluxgemm,0.33075,0,1
ag,qkv,1536,4096,6144,gpu,12,c_cublas,0.31334,0,1
ag,qkv,1536,4096,6144,gpu,12,c_fluxgemm,0.32870,0,1
ag,qkv,1536,4096,6144,gpu,13,c_cublas,0.31334,0,1
ag,qkv,1536,4096,6144,gpu,13,c_fluxgemm,0.32973,0,1
ag,qkv,1536,4096,6144,gpu,14,c_cublas,0.31539,0,1
ag,qkv,1536,4096,6144,gpu,14,c_fluxgemm,0.32870,0,1
ag,qkv,1536,4096,6144,gpu,15,c_cublas,0.31334,0,1
ag,qkv,1536,4096,6144,gpu,15,c_fluxgemm,0.32870,0,1
ag,qkv,1536,4096,6144,gpu,16,c_cublas,0.31334,0,1
ag,qkv,1536,4096,6144,gpu,16,c_fluxgemm,0.32768,0,1
ag,qkv,1536,4096,6144,gpu,17,c_cublas,0.31334,0,1
ag,qkv,1536,4096,6144,gpu,17,c_fluxgemm,0.32973,0,1
ag,qkv,1536,4096,6144,gpu,18,c_cublas,0.31437,0,1
ag,qkv,1536,4096,6144,gpu,18,c_fluxgemm,0.32973,0,1
ag,qkv,1536,4096,6144,gpu,19,c_cublas,0.31232,0,1
ag,qkv,1536,4096,6144,gpu,19,c_fluxgemm,0.32973,0,1
ag,qkv,1536,4096,6144,gpu,20,c_cublas,0.31334,0,1
ag,qkv,1536,4096,6144,gpu,20,c_fluxgemm,0.32870,0,1
ag,qkv,1536,4096,6144,gpu,21,c_cublas,0.31334,0,1
ag,qkv,1536,4096,6144,gpu,21,c_fluxgemm,0.32768,0,1
ag,qkv,1536,4096,6144,gpu,22,c_cublas,0.31539,0,1
ag,qkv,1536,4096,6144,gpu,22,c_fluxgemm,0.32870,0,1
ag,qkv,1536,4096,6144,gpu,23,c_cublas,0.31334,0,1
ag,qkv,1536,4096,6144,gpu,23,c_fluxgemm,0.32973,0,1
ag,qkv,1536,4096,6144,gpu,24,c_cublas,0.31334,0,1
ag,qkv,1536,4096,6144,gpu,24,c_fluxgemm,0.32870,0,1
ag,qkv,1536,4096,6144,gpu,25,c_cublas,0.31334,0,1
ag,qkv,1536,4096,6144,gpu,25,c_fluxgemm,0.32870,0,1
ag,qkv,1536,4096,6144,gpu,26,c_cublas,0.31437,0,1
ag,qkv,1536,4096,6144,gpu,26,c_fluxgemm,0.32973,0,1
ag,qkv,1536,4096,6144,gpu,27,c_cublas,0.31334,0,1
ag,qkv,1536,4096,6144,gpu,27,c_fluxgemm,0.32973,0,1
ag,qkv,1536,4096,6144,gpu,28,c_cublas,0.31232,0,1
ag,qkv,1536,4096,6144,gpu,28,c_fluxgemm,0.32870,0,1
ag,qkv,1536,4096,6144,gpu,29,c_cublas,0.31334,0,1
ag,qkv,1536,4096,6144,gpu,29,c_fluxgemm,0.32973,0,1
ag,qkv,1536,4096,6144,gpu,30,c_cublas,0.31437,0,1
ag,qkv,1536,4096,6144,gpu,30,c_fluxgemm,0.32973,0,1
ag,qkv,1536,4096,6144,gpu,31,c_cublas,0.31334,0,1
ag,qkv,1536,4096,6144,gpu,31,c_fluxgemm,0.32973,0,1
ag,qkv,1536,4096,6144,gpu,32,c_cublas,0.31334,0,1
ag,qkv,1536,4096,6144,gpu,32,c_fluxgemm,0.32768,0,1
ag,qkv,1536,4096,6144,gpu,33,c_cublas,0.31334,0,1
ag,qkv,1536,4096,6144,gpu,33,c_fluxgemm,0.32973,0,1
ag,qkv,1536,4096,6144,gpu,34,c_cublas,0.31437,0,1
ag,qkv,1536,4096,6144,gpu,34,c_fluxgemm,0.32973,0,1
ag,qkv,1536,4096,6144,gpu,35,c_cublas,0.31334,0,1
ag,qkv,1536,4096,6144,gpu,35,c_fluxgemm,0.32973,0,1
ag,qkv,1536,4096,6144,gpu,36,c_cublas,0.31334,0,1
ag,qkv,1536,4096,6144,gpu,36,c_fluxgemm,0.32870,0,1
ag,qkv,1536,4096,6144,gpu,37,c_cublas,0.31437,0,1
ag,qkv,1536,4096,6144,gpu,37,c_fluxgemm,0.32973,0,1
ag,qkv,1536,4096,6144,gpu,38,c_cublas,0.31437,0,1
ag,qkv,1536,4096,6144,gpu,38,c_fluxgemm,0.32973,0,1
ag,qkv,1536,4096,6144,gpu,39,c_cublas,0.31334,0,1
ag,qkv,1536,4096,6144,gpu,39,c_fluxgemm,0.32973,0,1
ag,qkv,1536,4096,6144,gpu,40,c_cublas,0.31334,1410,1
ag,qkv,1536,4096,6144,gpu,40,c_fluxgemm,0.32768,1410,1
ag,qkv,1536,4096,6144,gpu,41,c_cublas,0.31334,1410,1
ag,qkv,1536,4096,6144,gpu,41,c_fluxgemm,0.32870,1410,1
ag,qkv,1536,4096,6144,gpu,42,c_cublas,0.31437,1410,1
ag,qkv,1536,4096,6144,gpu,42,c_fluxgemm,0.32973,1410,1
ag,qkv,1536,4096,6144,gpu,43,c_cublas,0.31437,1410,1
ag,qkv,1536,4096,6144,gpu,43,c_fluxgemm,0.33075,1410,1
ag,qkv,1536,4096,6144,gpu,44,c_cublas,0.31334,1410,1
ag,qkv,1536,4096,6144,gpu,44,c_fluxgemm,0.32768,1410,1
ag,qkv,1536,4096,6144,gpu,45,c_cublas,0.31334,1410,1
ag,qkv,1536,4096,6144,gpu,45,c_fluxgemm,0.32973,1410,1
ag,qkv,1536,4096,6144,gpu,46,c_cublas,0.31437,1410,1
ag,qkv,1536,4096,6144,gpu,46,c_fluxgemm,0.33075,1410,1
ag,qkv,1536,4096,6144,gpu,47,c_cublas,0.31334,1410,1
ag,qkv,1536,4096,6144,gpu,47,c_fluxgemm,0.32973,1410,1
ag,qkv,1536,4096,6144,gpu,48,c_cublas,0.31437,1410,1
ag,qkv,1536,4096,6144,gpu,48,c_fluxgemm,0.32870,1410,1
ag,qkv,1536,4096,6144,gpu,49,c_cublas,0.31334,1410,1
ag,qkv,1536,4096,6144,gpu,49,c_fluxgemm,0.32870,1410,1
ag,qkv,1536,4096,6144,steady,0,c_cublas,0.33882,0,1
ag,qkv,1536,4096,6144,steady,0,c_fluxgemm,0.34765,0,1
ag,qkv,1536,4096,6144,steady,1,c_cublas,0.33402,0,1
ag,qkv,1536,4096,6144,steady,1,c_fluxgemm,0.34848,0,1
ag,qkv,1536,4096,6144,steady,2,c_cublas,0.33683,0,1
ag,qkv,1536,4096,6144,steady,2,c_fluxgemm,0.34822,0,1
ag,qkv,1536,4096,6144,steady,3,c_cublas,0.33683,0,1
ag,qkv,1536,4096,6144,steady,3,c_fluxgemm,0.35168,0,1
ag,qkv,1536,4096,6144,steady,4,c_cublas,0.33690,0,1
ag,qkv,1536,4096,6144,steady,4,c_fluxgemm,0.35168,0,1
ag,qkv,1536,4096,6144,steady,5,c_cublas,0.33818,0,1
ag,qkv,1536,4096,6144,steady,5,c_fluxgemm,0.35059,0,1
ag,qkv,1536,4096,6144,steady,6,c_cublas,0.33690,1290,1
ag,qkv,1536,4096,6144,steady,6,c_fluxgemm,0.35104,1290,1
ag,qkv,1536,4096,6144,steady,7,c_cublas,0.33690,1290,1
ag,qkv,1536,4096,6144,steady,7,c_fluxgemm,0.35149,1290,1
ag,qkv,1536,4096,6144,steady,8,c_cublas,0.33824,1290,1
ag,qkv,1536,4096,6144,steady,8,c_fluxgemm,0.35066,1290,1
ag,qkv,1536,4096,6144,steady,9,c_cublas,0.33696,1290,1
ag,qkv,1536,4096,6144,steady,9,c_fluxgemm,0.35098,1290,1
ag,qkv,1536,4096,6144,steady,10,c_cublas,0.33811,1290,1
ag,qkv,1536,4096,6144,steady,10,c_fluxgemm,0.35059,1290,1
ag,qkv,1536,4096,6144,steady,11,c_cublas,0.33683,1290,1
ag,qkv,1536,4096,6144,steady,11,c_fluxgemm,0.35123,1290,1
ag,qkv,1536,4096,6144,steady,12,c_cublas,0.33818,1290,1
ag,qkv,1536,4096,6144,steady,12,c_fluxgemm,0.35059,1290,1
ag,qkv,1536,4096,6144,steady,13,c_cublas,0.33856,1290,1
ag,qkv,1536,4096,6144,steady,13,c_fluxgemm,0.35072,1290,1
ag,qkv,1536,4096,6144,steady,14,c_cublas,0.33683,1290,1
ag,qkv,1536,4096,6144,steady,14,c_fluxgemm,0.35155,1290,1
ag,qkv,1536,4096,6144,steady,15,c_cublas,0.33805,1290,1
ag,qkv,1536,4096,6144,steady,15,c_fluxgemm,0.35072,1290,1
ag,qkv,1536,4096,6144,steady,16,c_cublas,0.33683,1290,1
ag,qkv,1536,4096,6144,steady,16,c_fluxgemm,0.35098,1290,1
ag,qkv,1536,4096,6144,steady,17,c_cublas,0.33811,1290,1
ag,qkv,1536,4096,6144,steady,17,c_fluxgemm,0.35066,1290,1
ag,qkv,1536,4096,6144,steady,18,c_cublas,0.33830,1290,1
ag,qkv,1536,4096,6144,steady,18,c_fluxgemm,0.35040,1290,1
ag,qkv,1536,4096,6144,steady,19,c_cublas,0.33690,1290,1
ag,qkv,1536,4096,6144,steady,19,c_fluxgemm,0.35098,1290,1
ag,gate_up,7168,4096,24,gpu,0,c_cublas,0.06758,0,1
ag,gate_up,7168,4096,24,gpu,0,c_fluxgemm,0.11878,0,1
ag,gate_up,7168,4096,24,gpu,1,c_cublas,0.06758,0,1
ag,gate_up,7168,4096,24,gpu,1,c_fluxgemm,0.07782,0,1
ag,gate_up,7168,4096,24,gpu,2,c_cublas,0.06861,0,1
ag,gate_up,7168,4096,24,gpu,2,c_fluxgemm,0.07782,0,1
ag,gate_up,7168,4096,24,gpu,3,c_cublas,0.06758,0,1
ag,gate_up,7168,4096,24,gpu,3,c_fluxgemm,0.07680,0,1
ag,gate_up,7168,4096,24,gpu,4,c_cublas,0.06656,0,1
ag,gate_up,7168,4096,24,gpu,4,c_fluxgemm,0.07782,0,1
ag,gate_up,7168,4096,24,gpu,5,c_cublas,0.06758,0,1
ag,gate_up,7168,4096,24,gpu,5,c_fluxgemm,0.07885,0,1
ag,gate_up,7168,4096,24,gpu,6,c_cublas,0.06861,0,1
ag,gate_up,7168,4096,24,gpu,6,c_fluxgemm,0.07885,0,1
ag,gate_up,7168,4096,24,gpu,7,c_cublas,0.06758,0,1
ag,gate_up,7168,4096,24,gpu,7,c_fluxgemm,0.07680,0,1
ag,gate_up,7168,4096,24,gpu,8,c_cublas,0.06758,0,1
ag,gate_up,7168,4096,24,gpu,8,c_fluxgemm,0.07782,0,1
ag,gate_up,7168,4096,24,gpu,9,c_cublas,0.06758,0,1
ag,gate_up,7168,4096,24,gpu,9,c_fluxgemm,0.07987,0,1
ag,gate_up,7168,4096,24,gpu,10,c_cublas,0.06963,0,1
ag,gate_up,7168,4096,24,gpu,10,c_fluxgemm,0.07885,0,1
ag,gate_up,7168,4096,24,gpu,11,c_cublas,0.06758,0,1
ag,gate_up,7168,4096,24,gpu,11,c_fluxgemm,0.07680,0,1
ag,gate_up,7168,4096,24,gpu,12,c_cublas,0.06861,0,1
ag,gate_up,7168,4096,24,gpu,12,c_fluxgemm,0.07885,0,1
ag,gate_up,7168,4096,24,gpu,13,c_cublas,0.06861,0,1
ag,gate_up,7168,4096,24,gpu,13,c_fluxgemm,0.07885,0,1
ag,gate_up,7168,4096,24,gpu,14,c_cublas,0.06963,0,1
ag,gate_up,7168,4096,24,gpu,14,c_fluxgemm,0.07987,0,1
ag,gate_up,7168,4096,24,gpu,15,c_cublas,0.06758,0,1
ag,gate_up,7168,4096,24,gpu,15,c_fluxgemm,0.07782,0,1
ag,gate_up,7168,4096,24,gpu,16,c_cublas,0.06758,0,1
ag,gate_up,7168,4096,24,gpu,16,c_fluxgemm,0.07782,0,1
ag,gate_up,7168,4096,24,gpu,17,c_cublas,0.06758,0,1
ag,gate_up,7168,4096,24,gpu,17,c_fluxgemm,0.07782,0,1
ag,gate_up,7168,4096,24,gpu,18,c_cublas,0.06861,0,1
ag,gate_up,7168,4096,24,gpu,18,c_fluxgemm,0.07987,0,1
ag,gate_up,7168,4096,24,gpu,19,c_cublas,0.06758,0,1
ag,gate_up,7168,4096,24,gpu,19,c_fluxgemm,0.07782,0,1
ag,gate_up,7168,4096,24,gpu,20,c_cublas,0.06758,0,1
ag,gate_up,7168,4096,24,gpu,20,c_fluxgemm,0.07782,0,1
ag,gate_up,7168,4096,24,gpu,21,c_cublas,0.06758,0,1
ag,gate_up,7168,4096,24,gpu,21,c_fluxgemm,0.07782,0,1
ag,gate_up,7168,4096,24,gpu,22,c_cublas,0.06861,0,1
ag,gate_up,7168,4096,24,gpu,22,c_fluxgemm,0.07885,0,1
ag,gate_up,7168,4096,24,gpu,23,c_cublas,0.06758,0,1
ag,gate_up,7168,4096,24,gpu,23,c_fluxgemm,0.07782,0,1
ag,gate_up,7168,4096,24,gpu,24,c_cublas,0.06758,0,1
ag,gate_up,7168,4096,24,gpu,24,c_fluxgemm,0.07782,0,1
ag,gate_up,7168,4096,24,gpu,25,c_cublas,0.06758,0,1
ag,gate_up,7168,4096,24,gpu,25,c_fluxgemm,0.07782,0,1
ag,gate_up,7168,4096,24,gpu,26,c_cublas,0.06861,0,1
ag,gate_up,7168,4096,24,gpu,26,c_fluxgemm,0.07987,0,1
ag,gate_up,7168,4096,24,gpu,27,c_cublas,0.06758,0,1
ag,gate_up,7168,4096,24,gpu,27,c_fluxgemm,0.07782,0,1
ag,gate_up,7168,4096,24,gpu,28,c_cublas,0.06758,0,1
ag,gate_up,7168,4096,24,gpu,28,c_fluxgemm,0.07885,0,1
ag,gate_up,7168,4096,24,gpu,29,c_cublas,0.06758,0,1
ag,gate_up,7168,4096,24,gpu,29,c_fluxgemm,0.07782,0,1
ag,gate_up,7168,4096,24,gpu,30,c_cublas,0.06861,0,1
ag,gate_up,7168,4096,24,gpu,30,c_fluxgemm,0.07885,0,1
ag,gate_up,7168,4096,24,gpu,31,c_cublas,0.06758,0,1
ag,gate_up,7168,4096,24,gpu,31,c_fluxgemm,0.07885,0,1
ag,gate_up,7168,4096,24,gpu,32,c_cublas,0.06758,0,1
ag,gate_up,7168,4096,24,gpu,32,c_fluxgemm,0.07782,0,1
ag,gate_up,7168,4096,24,gpu,33,c_cublas,0.06758,0,1
ag,gate_up,7168,4096,24,gpu,33,c_fluxgemm,0.07680,0,1
ag,gate_up,7168,4096,24,gpu,34,c_cublas,0.06963,0,1
ag,gate_up,7168,4096,24,gpu,34,c_fluxgemm,0.07987,0,1
ag,gate_up,7168,4096,24,gpu,35,c_cublas,0.06656,0,1
ag,gate_up,7168,4096,24,gpu,35,c_fluxgemm,0.07680,0,1
ag,gate_up,7168,4096,24,gpu,36,c_cublas,0.06758,0,1
ag,gate_up,7168,4096,24,gpu,36,c_fluxgemm,0.07680,0,1
ag,gate_up,7168,4096,24,gpu,37,c_cublas,0.06656,0,1
ag,gate_up,7168,4096,24,gpu,37,c_fluxgemm,0.07782,0,1
ag,gate_up,7168,4096,24,gpu,38,c_cublas,0.06861,0,1
ag,gate_up,7168,4096,24,gpu,38,c_fluxgemm,0.07885,0,1
ag,gate_up,7168,4096,24,gpu,39,c_cublas,0.06758,0,1
ag,gate_up,7168,4096,24,gpu,39,c_fluxgemm,0.07782,0,1
ag,gate_up,7168,4096,24,gpu,40,c_cublas,0.06758,0,1
ag,gate_up,7168,4096,24,gpu,40,c_fluxgemm,0.07680,0,1
ag,gate_up,7168,4096,24,gpu,41,c_cublas,0.06656,0,1
ag,gate_up,7168,4096,24,gpu,41,c_fluxgemm,0.07885,0,1
ag,gate_up,7168,4096,24,gpu,42,c_cublas,0.06963,0,1
ag,gate_up,7168,4096,24,gpu,42,c_fluxgemm,0.07885,0,1
ag,gate_up,7168,4096,24,gpu,43,c_cublas,0.06656,0,1
ag,gate_up,7168,4096,24,gpu,43,c_fluxgemm,0.07782,0,1
ag,gate_up,7168,4096,24,gpu,44,c_cublas,0.06758,0,1
ag,gate_up,7168,4096,24,gpu,44,c_fluxgemm,0.07680,0,1
ag,gate_up,7168,4096,24,gpu,45,c_cublas,0.06758,0,1
ag,gate_up,7168,4096,24,gpu,45,c_fluxgemm,0.07885,0,1
ag,gate_up,7168,4096,24,gpu,46,c_cublas,0.06861,0,1
ag,gate_up,7168,4096,24,gpu,46,c_fluxgemm,0.07885,0,1
ag,gate_up,7168,4096,24,gpu,47,c_cublas,0.06758,0,1
ag,gate_up,7168,4096,24,gpu,47,c_fluxgemm,0.07782,0,1
ag,gate_up,7168,4096,24,gpu,48,c_cublas,0.06758,0,1
ag,gate_up,7168,4096,24,gpu,48,c_fluxgemm,0.07578,0,1
ag,gate_up,7168,4096,24,gpu,49,c_cublas,0.06656,0,1
ag,gate_up,7168,4096,24,gpu,49,c_fluxgemm,0.07782,0,1
ag,gate_up,7168,4096,24,steady,0,c_cublas,0.05235,0,1
ag,gate_up,7168,4096,24,steady,0,c_fluxgemm,0.07437,0,1
ag,gate_up,7168,4096,24,steady,1,c_cublas,0.05466,0,1
ag,gate_up,7168,4096,24,steady,1,c_fluxgemm,0.06803,0,1
ag,gate_up,7168,4096,24,steady,2,c_cublas,0.05222,0,1
ag,gate_up,7168,4096,24,steady,2,c_fluxgemm,0.06912,0,1
ag,gate_up,7168,4096,24,steady,3,c_cublas,0.05248,0,1
ag,gate_up,7168,4096,24,steady,3,c_fluxgemm,0.06931,0,1
ag,gate_up,7168,4096,24,steady,4,c_cublas,0.05267,0,1
ag,gate_up,7168,4096,24,steady,4,c_fluxgemm,0.06925,0,1
ag,gate_up,7168,4096,24,steady,5,c_cublas,0.05267,0,1
ag,gate_up,7168,4096,24,steady,5,c_fluxgemm,0.06912,0,1
ag,gate_up,7168,4096,24,steady,6,c_cublas,0.05229,0,1
ag,gate_up,7168,4096,24,steady,6,c_fluxgemm,0.06938,0,1
ag,gate_up,7168,4096,24,steady,7,c_cublas,0.05267,0,1
ag,gate_up,7168,4096,24,steady,7,c_fluxgemm,0.06918,0,1
ag,gate_up,7168,4096,24,steady,8,c_cublas,0.05446,0,1
ag,gate_up,7168,4096,24,steady,8,c_fluxgemm,0.06822,0,1
ag,gate_up,7168,4096,24,steady,9,c_cublas,0.05242,0,1
ag,gate_up,7168,4096,24,steady,9,c_fluxgemm,0.06842,0,1
ag,gate_up,7168,4096,24,steady,10,c_cublas,0.05472,0,1
ag,gate_up,7168,4096,24,steady,10,c_fluxgemm,0.06822,0,1
ag,gate_up,7168,4096,24,steady,11,c_cublas,0.05382,0,1
ag,gate_up,7168,4096,24,steady,11,c_fluxgemm,0.06816,0,1
ag,gate_up,7168,4096,24,steady,12,c_cublas,0.05229,0,1
ag,gate_up,7168,4096,24,steady,12,c_fluxgemm,0.06861,0,1
ag,gate_up,7168,4096,24,steady,13,c_cublas,0.05491,0,1
ag,gate_up,7168,4096,24,steady,13,c_fluxgemm,0.06797,0,1
ag,gate_up,7168,4096,24,steady,14,c_cublas,0.05216,0,1
ag,gate_up,7168,4096,24,steady,14,c_fluxgemm,0.06899,0,1
ag,gate_up,7168,4096,24,steady,15,c_cublas,0.05472,0,1
ag,gate_up,7168,4096,24,steady,15,c_fluxgemm,0.06829,0,1
ag,gate_up,7168,4096,24,steady,16,c_cublas,0.05466,0,1
ag,gate_up,7168,4096,24,steady,16,c_fluxgemm,0.06810,0,1
ag,gate_up,7168,4096,24,steady,17,c_cublas,0.05210,0,1
ag,gate_up,7168,4096,24,steady,17,c_fluxgemm,0.06848,0,1
ag,gate_up,7168,4096,24,steady,18,c_cublas,0.05248,0,1
ag,gate_up,7168,4096,24,steady,18,c_fluxgemm,0.06925,0,1
ag,gate_up,7168,4096,24,steady,19,c_cublas,0.05248,0,1
ag,gate_up,7168,4096,24,steady,19,c_fluxgemm,0.06918,0,1
ag,gate_up,7168,4096,96,gpu,0,c_cublas,0.09114,0,1
ag,gate_up,7168,4096,96,gpu,0,c_fluxgemm,0.10957,0,1
ag,gate_up,7168,4096,96,gpu,1,c_cublas,0.09011,0,1
ag,gate_up,7168,4096,96,gpu,1,c_fluxgemm,0.07885,0,1
ag,gate_up,7168,4096,96,gpu,2,c_cublas,0.09318,0,1
ag,gate_up,7168,4096,96,gpu,2,c_fluxgemm,0.07885,0,1
ag,gate_up,7168,4096,96,gpu,3,c_cublas,0.09011,0,1
ag,gate_up,7168,4096,96,gpu,3,c_fluxgemm,0.07782,0,1
ag,gate_up,7168,4096,96,gpu,4,c_cublas,0.09011,0,1
ag,gate_up,7168,4096,96,gpu,4,c_fluxgemm,0.07885,0,1
ag,gate_up,7168,4096,96,gpu,5,c_cublas,0.09114,0,1
ag,gate_up,7168,4096,96,gpu,5,c_fluxgemm,0.07885,0,1
ag,gate_up,7168,4096,96,gpu,6,c_cublas,0.09216,0,1
ag,gate_up,7168,4096,96,gpu,6,c_fluxgemm,0.07885,0,1
ag,gate_up,7168,4096,96,gpu,7,c_cublas,0.09114,0,1
ag,gate_up,7168,4096,96,gpu,7,c_fluxgemm,0.07885,0,1
ag,gate_up,7168,4096,96,gpu,8,c_cublas,0.09114,0,1
ag,gate_up,7168,4096,96,gpu,8,c_fluxgemm,0.07680,0,1
ag,gate_up,7168,4096,96,gpu,9,c_cublas,0.09114,0,1
ag,gate_up,7168,4096,96,gpu,9,c_fluxgemm,0.08090,0,1
ag,gate_up,7168,4096,96,gpu,10,c_cublas,0.09216,0,1
ag,gate_up,7168,4096,96,gpu,10,c_fluxgemm,0.08090,0,1
ag,gate_up,7168,4096,96,gpu,11,c_cublas,0.09011,0,1
ag,gate_up,7168,4096,96,gpu,11,c_fluxgemm,0.07885,0,1
ag,gate_up,7168,4096,96,gpu,12,c_cublas,0.09114,0,1
ag,gate_up,7168,4096,96,gpu,12,c_fluxgemm,0.07987,0,1
ag,gate_up,7168,4096,96,gpu,13,c_cublas,0.09114,0,1
ag,gate_up,7168,4096,96,gpu,13,c_fluxgemm,0.07782,0,1
ag,gate_up,7168,4096,96,gpu,14,c_cublas,0.10752,0,1
ag,gate_up,7168,4096,96,gpu,14,c_fluxgemm,0.07885,0,1
ag,gate_up,7168,4096,96,gpu,15,c_cublas,0.08909,0,1
ag,gate_up,7168,4096,96,gpu,15,c_fluxgemm,0.07885,0,1
ag,gate_up,7168,4096,96,gpu,16,c_cublas,0.09216,0,1
ag,gate_up,7168,4096,96,gpu,16,c_fluxgemm,0.07782,0,1
ag,gate_up,7168,4096,96,gpu,17,c_cublas,0.09011,0,1
ag,gate_up,7168,4096,96,gpu,17,c_fluxgemm,0.07782,0,1
ag,gate_up,7168,4096,96,gpu,18,c_cublas,0.09114,0,1
ag,gate_up,7168,4096,96,gpu,18,c_fluxgemm,0.07885,0,1
ag,gate_up,7168,4096,96,gpu,19,c_cublas,0.09114,0,1
ag,gate_up,7168,4096,96,gpu,19,c_fluxgemm,0.07885,0,1
ag,gate_up,7168,4096,96,gpu,20,c_cublas,0.09011,0,1
ag,gate_up,7168,4096,96,gpu,20,c_fluxgemm,0.07782,0,1
ag,gate_up,7168,4096,96,gpu,21,c_cublas,0.09011,0,1
ag,gate_up,7168,4096,96,gpu,21,c_fluxgemm,0.07885,0,1
ag,gate_up,7168,4096,96,gpu,22,c_cublas,0.09114,0,1
ag,gate_up,7168,4096,96,gpu,22,c_fluxgemm,0.07987,0,1
ag,gate_up,7168,4096,96,gpu,23,c_cublas,0.09114,0,1
ag,gate_up,7168,4096,96,gpu,23,c_fluxgemm,0.07987,0,1
ag,gate_up,7168,4096,96,gpu,24,c_cublas,0.09114,0,1
ag,gate_up,7168,4096,96,gpu,24,c_fluxgemm,0.07987,0,1
ag,gate_up,7168,4096,96,gpu,25,c_cublas,0.09114,0,1
ag,gate_up,7168,4096,96,gpu,25,c_fluxgemm,0.07987,0,1
ag,gate_up,7168,4096,96,gpu,26,c_cublas,0.09216,0,1
ag,gate_up,7168,4096,96,gpu,26,c_fluxgemm,0.07782,0,1
ag,gate_up,7168,4096,96,gpu,27,c_cublas,0.09216,0,1
ag,gate_up,7168,4096,96,gpu,27,c_fluxgemm,0.07782,0,1
ag,gate_up,7168,4096,96,gpu,28,c_cublas,0.09011,0,1
ag,gate_up,7168,4096,96,gpu,28,c_fluxgemm,0.07782,0,1
ag,gate_up,7168,4096,96,gpu,29,c_cublas,0.09011,0,1
ag,gate_up,7168,4096,96,gpu,29,c_fluxgemm,0.07782,0,1
ag,gate_up,7168,4096,96,gpu,30,c_cublas,0.09318,0,1
ag,gate_up,7168,4096,96,gpu,30,c_fluxgemm,0.07987,0,1
ag,gate_up,7168,4096,96,gpu,31,c_cublas,0.09011,0,1
ag,gate_up,7168,4096,96,gpu,31,c_fluxgemm,0.07987,0,1
ag,gate_up,7168,4096,96,gpu,32,c_cublas,0.09011,0,1
ag,gate_up,7168,4096,96,gpu,32,c_fluxgemm,0.07987,0,1
ag,gate_up,7168,4096,96,gpu,33,c_cublas,0.09011,0,1
ag,gate_up,7168,4096,96,gpu,33,c_fluxgemm,0.08090,0,1
ag,gate_up,7168,4096,96,gpu,34,c_cublas,0.09318,0,1
ag,gate_up,7168,4096,96,gpu,34,c_fluxgemm,0.07987,0,1
ag,gate_up,7168,4096,96,gpu,35,c_cublas,0.08909,0,1
ag,gate_up,7168,4096,96,gpu,35,c_fluxgemm,0.07987,0,1
ag,gate_up,7168,4096,96,gpu,36,c_cublas,0.09114,0,1
ag,gate_up,7168,4096,96,gpu,36,c_fluxgemm,0.07782,0,1
ag,gate_up,7168,4096,96,gpu,37,c_cublas,0.09011,0,1
ag,gate_up,7168,4096,96,gpu,37,c_fluxgemm,0.07782,0,1
ag,gate_up,7168,4096,96,gpu,38,c_cublas,0.09216,0,1
ag,gate_up,7168,4096,96,gpu,38,c_fluxgemm,0.07987,0,1
ag,gate_up,7168,4096,96,gpu,39,c_cublas,0.09114,0,1
ag,gate_up,7168,4096,96,gpu,39,c_fluxgemm,0.07987,0,1
ag,gate_up,7168,4096,96,gpu,40,c_cublas,0.09011,0,1
ag,gate_up,7168,4096,96,gpu,40,c_fluxgemm,0.07782,0,1
ag,gate_up,7168,4096,96,gpu,41,c_cublas,0.09114,0,1
ag,gate_up,7168,4096,96,gpu,41,c_fluxgemm,0.07782,0,1
ag,gate_up,7168,4096,96,gpu,42,c_cublas,0.09114,0,1
ag,gate_up,7168,4096,96,gpu,42,c_fluxgemm,0.08090,0,1
ag,gate_up,7168,4096,96,gpu,43,c_cublas,0.09011,0,1
ag,gate_up,7168,4096,96,gpu,43,c_fluxgemm,0.07987,0,1
ag,gate_up,7168,4096,96,gpu,44,c_cublas,0.09011,0,1
ag,gate_up,7168,4096,96,gpu,44,c_fluxgemm,0.07782,0,1
ag,gate_up,7168,4096,96,gpu,45,c_cublas,0.09011,0,1
ag,gate_up,7168,4096,96,gpu,45,c_fluxgemm,0.07782,0,1
ag,gate_up,7168,4096,96,gpu,46,c_cublas,0.09216,0,1
ag,gate_up,7168,4096,96,gpu,46,c_fluxgemm,0.07987,0,1
ag,gate_up,7168,4096,96,gpu,47,c_cublas,0.09114,0,1
ag,gate_up,7168,4096,96,gpu,47,c_fluxgemm,0.07885,0,1
ag,gate_up,7168,4096,96,gpu,48,c_cublas,0.09114,0,1
ag,gate_up,7168,4096,96,gpu,48,c_fluxgemm,0.07782,0,1
ag,gate_up,7168,4096,96,gpu,49,c_cublas,0.09114,0,1
ag,gate_up,7168,4096,96,gpu,49,c_fluxgemm,0.07782,0,1
ag,gate_up,7168,4096,96,steady,0,c_cublas,0.07571,0,1
ag,gate_up,7168,4096,96,steady,0,c_fluxgemm,0.07021,0,1
ag,gate_up,7168,4096,96,steady,1,c_cublas,0.07763,0,1
ag,gate_up,7168,4096,96,steady,1,c_fluxgemm,0.06906,0,1
ag,gate_up,7168,4096,96,steady,2,c_cublas,0.07597,0,1
ag,gate_up,7168,4096,96,steady,2,c_fluxgemm,0.07002,0,1
ag,gate_up,7168,4096,96,steady,3,c_cublas,0.07738,0,1
ag,gate_up,7168,4096,96,steady,3,c_fluxgemm,0.06938,0,1
ag,gate_up,7168,4096,96,steady,4,c_cublas,0.07750,0,1
ag,gate_up,7168,4096,96,steady,4,c_fluxgemm,0.06918,0,1
ag,gate_up,7168,4096,96,steady,5,c_cublas,0.07718,0,1
ag,gate_up,7168,4096,96,steady,5,c_fluxgemm,0.06938,0,1
ag,gate_up,7168,4096,96,steady,6,c_cublas,0.07738,0,1
ag,gate_up,7168,4096,96,steady,6,c_fluxgemm,0.06938,0,1
ag,gate_up,7168,4096,96,steady,7,c_cublas,0.07757,0,1
ag,gate_up,7168,4096,96,steady,7,c_fluxgemm,0.06918,0,1
ag,gate_up,7168,4096,96,steady,8,c_cublas,0.07757,0,1
ag,gate_up,7168,4096,96,steady,8,c_fluxgemm,0.06912,0,1
ag,gate_up,7168,4096,96,steady,9,c_cublas,0.07584,0,1
ag,gate_up,7168,4096,96,steady,9,c_fluxgemm,0.07008,0,1
ag,gate_up,7168,4096,96,steady,10,c_cublas,0.07590,0,1
ag,gate_up,7168,4096,96,steady,10,c_fluxgemm,0.07008,0,1
ag,gate_up,7168,4096,96,steady,11,c_cublas,0.07590,0,1
ag,gate_up,7168,4096,96,steady,11,c_fluxgemm,0.07014,0,1
ag,gate_up,7168,4096,96,steady,12,c_cublas,0.07597,0,1
ag,gate_up,7168,4096,96,steady,12,c_fluxgemm,0.07021,0,1
ag,gate_up,7168,4096,96,steady,13,c_cublas,0.07725,0,1
ag,gate_up,7168,4096,96,steady,13,c_fluxgemm,0.06918,0,1
ag,gate_up,7168,4096,96,steady,14,c_cublas,0.07571,0,1
ag,gate_up,7168,4096,96,steady,14,c_fluxgemm,0.06989,0,1
ag,gate_up,7168,4096,96,steady,15,c_cublas,0.07718,0,1
ag,gate_up,7168,4096,96,steady,15,c_fluxgemm,0.06912,0,1
ag,gate_up,7168,4096,96,steady,16,c_cublas,0.07584,0,1
ag,gate_up,7168,4096,96,steady,16,c_fluxgemm,0.06989,0,1
ag,gate_up,7168,4096,96,steady,17,c_cublas,0.07718,0,1
ag,gate_up,7168,4096,96,steady,17,c_fluxgemm,0.06899,0,1
ag,gate_up,7168,4096,96,steady,18,c_cublas,0.07770,0,1
ag,gate_up,7168,4096,96,steady,18,c_fluxgemm,0.06899,0,1
ag,gate_up,7168,4096,96,steady,19,c_cublas,0.07750,0,1
ag,gate_up,7168,4096,96,steady,19,c_fluxgemm,0.06906,0,1
ag,gate_up,7168,4096,200,gpu,0,c_cublas,0.09830,0,1
ag,gate_up,7168,4096,200,gpu,0,c_fluxgemm,0.09523,0,1
ag,gate_up,7168,4096,200,gpu,1,c_cublas,0.09830,0,1
ag,gate_up,7168,4096,200,gpu,1,c_fluxgemm,0.09523,0,1
ag,gate_up,7168,4096,200,gpu,2,c_cublas,0.10035,0,1
ag,gate_up,7168,4096,200,gpu,2,c_fluxgemm,0.09626,0,1
ag,gate_up,7168,4096,200,gpu,3,c_cublas,0.09728,0,1
ag,gate_up,7168,4096,200,gpu,3,c_fluxgemm,0.09523,0,1
ag,gate_up,7168,4096,200,gpu,4,c_cublas,0.10035,0,1
ag,gate_up,7168,4096,200,gpu,4,c_fluxgemm,0.09523,0,1
ag,gate_up,7168,4096,200,gpu,5,c_cublas,0.09830,0,1
ag,gate_up,7168,4096,200,gpu,5,c_fluxgemm,0.09626,0,1
ag,gate_up,7168,4096,200,gpu,6,c_cublas,0.10035,0,1
ag,gate_up,7168,4096,200,gpu,6,c_fluxgemm,0.09626,0,1
ag,gate_up,7168,4096,200,gpu,7,c_cublas,0.09830,0,1
ag,gate_up,7168,4096,200,gpu,7,c_fluxgemm,0.09523,0,1
ag,gate_up,7168,4096,200,gpu,8,c_cublas,0.10035,0,1
ag,gate_up,7168,4096,200,gpu,8,c_fluxgemm,0.09523,0,1
ag,gate_up,7168,4096,200,gpu,9,c_cublas,0.09830,0,1
ag,gate_up,7168,4096,200,gpu,9,c_fluxgemm,0.09626,0,1
ag,gate_up,7168,4096,200,gpu,10,c_cublas,0.10035,0,1
ag,gate_up,7168,4096,200,gpu,10,c_fluxgemm,0.09728,0,1
ag,gate_up,7168,4096,200,gpu,11,c_cublas,0.09933,0,1
ag,gate_up,7168,4096,200,gpu,11,c_fluxgemm,0.09626,0,1
ag,gate_up,7168,4096,200,gpu,12,c_cublas,0.12800,0,1
ag,gate_up,7168,4096,200,gpu,12,c_fluxgemm,0.09523,0,1
ag,gate_up,7168,4096,200,gpu,13,c_cublas,0.10035,0,1
ag,gate_up,7168,4096,200,gpu,13,c_fluxgemm,0.09523,0,1
ag,gate_up,7168,4096,200,gpu,14,c_cublas,0.10138,0,1
ag,gate_up,7168,4096,200,gpu,14,c_fluxgemm,0.09626,0,1
ag,gate_up,7168,4096,200,gpu,15,c_cublas,0.10035,0,1
ag,gate_up,7168,4096,200,gpu,15,c_fluxgemm,0.09728,0,1
ag,gate_up,7168,4096,200,gpu,16,c_cublas,0.10138,0,1
ag,gate_up,7168,4096,200,gpu,16,c_fluxgemm,0.09523,0,1
ag,gate_up,7168,4096,200,gpu,17,c_cublas,0.10035,0,1
ag,gate_up,7168,4096,200,gpu,17,c_fluxgemm,0.09626,0,1
ag,gate_up,7168,4096,200,gpu,18,c_cublas,0.09830,0,1
ag,gate_up,7168,4096,200,gpu,18,c_fluxgemm,0.09523,0,1
ag,gate_up,7168,4096,200,gpu,19,c_cublas,0.09728,0,1
ag,gate_up,7168,4096,200,gpu,19,c_fluxgemm,0.09523,0,1
ag,gate_up,7168,4096,200,gpu,20,c_cublas,0.09933,0,1
ag,gate_up,7168,4096,200,gpu,20,c_fluxgemm,0.09523,0,1
ag,gate_up,7168,4096,200,gpu,21,c_cublas,0.09830,0,1
ag,gate_up,7168,4096,200,gpu,21,c_fluxgemm,0.09626,0,1
ag,gate_up,7168,4096,200,gpu,22,c_cublas,0.09933,0,1
ag,gate_up,7168,4096,200,gpu,22,c_fluxgemm,0.09626,0,1
ag,gate_up,7168,4096,200,gpu,23,c_cublas,0.10035,0,1
ag,gate_up,7168,4096,200,gpu,23,c_fluxgemm,0.09523,0,1
ag,gate_up,7168,4096,200,gpu,24,c_cublas,0.09933,0,1
ag,gate_up,7168,4096,200,gpu,24,c_fluxgemm,0.11981,0,1
ag,gate_up,7168,4096,200,gpu,25,c_cublas,0.09933,0,1
ag,gate_up,7168,4096,200,gpu,25,c_fluxgemm,0.09626,0,1
ag,gate_up,7168,4096,200,gpu,26,c_cublas,0.09933,0,1
ag,gate_up,7168,4096,200,gpu,26,c_fluxgemm,0.09626,0,1
ag,gate_up,7168,4096,200,gpu,27,c_cublas,0.10035,0,1
ag,gate_up,7168,4096,200,gpu,27,c_fluxgemm,0.09523,0,1
ag,gate_up,7168,4096,200,gpu,28,c_cublas,0.09933,0,1
ag,gate_up,7168,4096,200,gpu,28,c_fluxgemm,0.09523,0,1
ag,gate_up,7168,4096,200,gpu,29,c_cublas,0.09933,0,1
ag,gate_up,7168,4096,200,gpu,29,c_fluxgemm,0.09626,0,1
ag,gate_up,7168,4096,200,gpu,30,c_cublas,0.10035,0,1
ag,gate_up,7168,4096,200,gpu,30,c_fluxgemm,0.09626,0,1
ag,gate_up,7168,4096,200,gpu,31,c_cublas,0.09933,0,1
ag,gate_up,7168,4096,200,gpu,31,c_fluxgemm,0.09626,0,1
ag,gate_up,7168,4096,200,gpu,32,c_cublas,0.09830,0,1
ag,gate_up,7168,4096,200,gpu,32,c_fluxgemm,0.09421,0,1
ag,gate_up,7168,4096,200,gpu,33,c_cublas,0.09830,0,1
ag,gate_up,7168,4096,200,gpu,33,c_fluxgemm,0.09728,0,1
ag,gate_up,7168,4096,200,gpu,34,c_cublas,0.09933,0,1
ag,gate_up,7168,4096,200,gpu,34,c_fluxgemm,0.09626,0,1
ag,gate_up,7168,4096,200,gpu,35,c_cublas,0.09933,0,1
ag,gate_up,7168,4096,200,gpu,35,c_fluxgemm,0.09626,0,1
ag,gate_up,7168,4096,200,gpu,36,c_cublas,0.09933,0,1
ag,gate_up,7168,4096,200,gpu,36,c_fluxgemm,0.09523,0,1
ag,gate_up,7168,4096,200,gpu,37,c_cublas,0.09830,0,1
ag,gate_up,7168,4096,200,gpu,37,c_fluxgemm,0.09421,0,1
ag,gate_up,7168,4096,200,gpu,38,c_cublas,0.10138,0,1
ag,gate_up,7168,4096,200,gpu,38,c_fluxgemm,0.09626,0,1
ag,gate_up,7168,4096,200,gpu,39,c_cublas,0.09933,0,1
ag,gate_up,7168,4096,200,gpu,39,c_fluxgemm,0.09626,0,1
ag,gate_up,7168,4096,200,gpu,40,c_cublas,0.09830,0,1
ag,gate_up,7168,4096,200,gpu,40,c_fluxgemm,0.09421,0,1
ag,gate_up,7168,4096,200,gpu,41,c_cublas,0.09933,0,1
ag,gate_up,7168,4096,200,gpu,41,c_fluxgemm,0.09728,0,1
ag,gate_up,7168,4096,200,gpu,42,c_cublas,0.10138,0,1
ag,gate_up,7168,4096,200,gpu,42,c_fluxgemm,0.09626,0,1
ag,gate_up,7168,4096,200,gpu,43,c_cublas,0.10035,0,1
ag,gate_up,7168,4096,200,gpu,43,c_fluxgemm,0.09626,0,1
ag,gate_up,7168,4096,200,gpu,44,c_cublas,0.09830,0,1
ag,gate_up,7168,4096,200,gpu,44,c_fluxgemm,0.12493,0,1
ag,gate_up,7168,4096,200,gpu,45,c_cublas,0.09830,0,1
ag,gate_up,7168,4096,200,gpu,45,c_fluxgemm,0.09523,0,1
ag,gate_up,7168,4096,200,gpu,46,c_cublas,0.09933,0,1
ag,gate_up,7168,4096,200,gpu,46,c_fluxgemm,0.09626,0,1
ag,gate_up,7168,4096,200,gpu,47,c_cublas,0.09830,0,1
ag,gate_up,7168,4096,200,gpu,47,c_fluxgemm,0.09626,0,1
ag,gate_up,7168,4096,200,gpu,48,c_cublas,0.09830,0,1
ag,gate_up,7168,4096,200,gpu,48,c_fluxgemm,0.09523,0,1
ag,gate_up,7168,4096,200,gpu,49,c_cublas,0.10035,0,1
ag,gate_up,7168,4096,200,gpu,49,c_fluxgemm,0.09523,0,1
ag,gate_up,7168,4096,200,steady,0,c_cublas,0.09997,0,1
ag,gate_up,7168,4096,200,steady,0,c_fluxgemm,0.08768,0,1
ag,gate_up,7168,4096,200,steady,1,c_cublas,0.09338,0,1
ag,gate_up,7168,4096,200,steady,1,c_fluxgemm,0.08749,0,1
ag,gate_up,7168,4096,200,steady,2,c_cublas,0.09318,0,1
ag,gate_up,7168,4096,200,steady,2,c_fluxgemm,0.08762,0,1
ag,gate_up,7168,4096,200,steady,3,c_cublas,0.09312,0,1
ag,gate_up,7168,4096,200,steady,3,c_fluxgemm,0.08749,0,1
ag,gate_up,7168,4096,200,steady,4,c_cublas,0.09293,0,1
ag,gate_up,7168,4096,200,steady,4,c_fluxgemm,0.08755,0,1
ag,gate_up,7168,4096,200,steady,5,c_cublas,0.09293,0,1
ag,gate_up,7168,4096,200,steady,5,c_fluxgemm,0.08755,0,1
ag,gate_up,7168,4096,200,steady,6,c_cublas,0.09306,0,1
ag,gate_up,7168,4096,200,steady,6,c_fluxgemm,0.08755,0,1
ag,gate_up,7168,4096,200,steady,7,c_cublas,0.09293,0,1
ag,gate_up,7168,4096,200,steady,7,c_fluxgemm,0.08736,0,1
ag,gate_up,7168,4096,200,steady,8,c_cublas,0.09274,0,1
ag,gate_up,7168,4096,200,steady,8,c_fluxgemm,0.08762,0,1
ag,gate_up,7168,4096,200,steady,9,c_cublas,0.09146,0,1
ag,gate_up,7168,4096,200,steady,9,c_fluxgemm,0.08781,0,1
ag,gate_up,7168,4096,200,steady,10,c_cublas,0.09274,0,1
ag,gate_up,7168,4096,200,steady,10,c_fluxgemm,0.08742,0,1
ag,gate_up,7168,4096,200,steady,11,c_cublas,0.09312,0,1
ag,gate_up,7168,4096,200,steady,11,c_fluxgemm,0.08768,0,1
ag,gate_up,7168,4096,200,steady,12,c_cublas,0.09318,0,1
ag,gate_up,7168,4096,200,steady,12,c_fluxgemm,0.08774,0,1
ag,gate_up,7168,4096,200,steady,13,c_cublas,0.09325,0,1
ag,gate_up,7168,4096,200,steady,13,c_fluxgemm,0.08768,0,1
ag,gate_up,7168,4096,200,steady,14,c_cublas,0.09178,0,1
ag,gate_up,7168,4096,200,steady,14,c_fluxgemm,0.08819,0,1
ag,gate_up,7168,4096,200,steady,15,c_cublas,0.09171,0,1
ag,gate_up,7168,4096,200,steady,15,c_fluxgemm,0.08864,0,1
ag,gate_up,7168,4096,200,steady,16,c_cublas,0.09312,0,1
ag,gate_up,7168,4096,200,steady,16,c_fluxgemm,0.08787,0,1
ag,gate_up,7168,4096,200,steady,17,c_cublas,0.09325,0,1
ag,gate_up,7168,4096,200,steady,17,c_fluxgemm,0.08774,0,1
ag,gate_up,7168,4096,200,steady,18,c_cublas,0.09350,1395,1
ag,gate_up,7168,4096,200,steady,18,c_fluxgemm,0.08774,1395,1
ag,gate_up,7168,4096,200,steady,19,c_cublas,0.09350,1395,1
ag,gate_up,7168,4096,200,steady,19,c_fluxgemm,0.08768,1395,1
ag,gate_up,7168,4096,384,gpu,0,c_cublas,0.11366,0,1
ag,gate_up,7168,4096,384,gpu,0,c_fluxgemm,0.14438,0,1
ag,gate_up,7168,4096,384,gpu,1,c_cublas,0.11059,0,1
ag,gate_up,7168,4096,384,gpu,1,c_fluxgemm,0.14541,0,1
ag,gate_up,7168,4096,384,gpu,2,c_cublas,0.11162,0,1
ag,gate_up,7168,4096,384,gpu,2,c_fluxgemm,0.14541,0,1
ag,gate_up,7168,4096,384,gpu,3,c_cublas,0.11059,0,1
ag,gate_up,7168,4096,384,gpu,3,c_fluxgemm,0.14438,0,1
ag,gate_up,7168,4096,384,gpu,4,c_cublas,0.11059,0,1
ag,gate_up,7168,4096,384,gpu,4,c_fluxgemm,0.14336,0,1
ag,gate_up,7168,4096,384,gpu,5,c_cublas,0.11059,0,1
ag,gate_up,7168,4096,384,gpu,5,c_fluxgemm,0.14438,0,1
ag,gate_up,7168,4096,384,gpu,6,c_cublas,0.11162,0,1
ag,gate_up,7168,4096,384,gpu,6,c_fluxgemm,0.14643,0,1
ag,gate_up,7168,4096,384,gpu,7,c_cublas,0.11059,0,1
ag,gate_up,7168,4096,384,gpu,7,c_fluxgemm,0.14438,0,1
ag,gate_up,7168,4096,384,gpu,8,c_cublas,0.10957,0,1
ag,gate_up,7168,4096,384,gpu,8,c_fluxgemm,0.14438,0,1
ag,gate_up,7168,4096,384,gpu,9,c_cublas,0.10957,0,1
ag,gate_up,7168,4096,384,gpu,9,c_fluxgemm,0.14541,0,1
ag,gate_up,7168,4096,384,gpu,10,c_cublas,0.11162,0,1
ag,gate_up,7168,4096,384,gpu,10,c_fluxgemm,0.14541,0,1
ag,gate_up,7168,4096,384,gpu,11,c_cublas,0.11059,0,1
ag,gate_up,7168,4096,384,gpu,11,c_fluxgemm,0.14438,0,1
ag,gate_up,7168,4096,384,gpu,12,c_cublas,0.11059,0,1
ag,gate_up,7168,4096,384,gpu,12,c_fluxgemm,0.17101,0,1
ag,gate_up,7168,4096,384,gpu,13,c_cublas,0.11059,0,1
ag,gate_up,7168,4096,384,gpu,13,c_fluxgemm,0.14541,0,1
ag,gate_up,7168,4096,384,gpu,14,c_cublas,0.11059,0,1
ag,gate_up,7168,4096,384,gpu,14,c_fluxgemm,0.14541,0,1
ag,gate_up,7168,4096,384,gpu,15,c_cublas,0.11059,0,1
ag,gate_up,7168,4096,384,gpu,15,c_fluxgemm,0.14541,0,1
ag,gate_up,7168,4096,384,gpu,16,c_cublas,0.11059,0,1
ag,gate_up,7168,4096,384,gpu,16,c_fluxgemm,0.14438,0,1
ag,gate_up,7168,4096,384,gpu,17,c_cublas,0.10957,0,1
ag,gate_up,7168,4096,384,gpu,17,c_fluxgemm,0.14643,0,1
ag,gate_up,7168,4096,384,gpu,18,c_cublas,0.11059,0,1
ag,gate_up,7168,4096,384,gpu,18,c_fluxgemm,0.14541,0,1
ag,gate_up,7168,4096,384,gpu,19,c_cublas,0.11059,0,1
ag,gate_up,7168,4096,384,gpu,19,c_fluxgemm,0.14541,0,1
ag,gate_up,7168,4096,384,gpu,20,c_cublas,0.10957,0,1
ag,gate_up,7168,4096,384,gpu,20,c_fluxgemm,0.14438,0,1
ag,gate_up,7168,4096,384,gpu,21,c_cublas,0.11059,0,1
ag,gate_up,7168,4096,384,gpu,21,c_fluxgemm,0.14438,0,1
ag,gate_up,7168,4096,384,gpu,22,c_cublas,0.11162,0,1
ag,gate_up,7168,4096,384,gpu,22,c_fluxgemm,0.14643,0,1
ag,gate_up,7168,4096,384,gpu,23,c_cublas,0.10957,0,1
ag,gate_up,7168,4096,384,gpu,23,c_fluxgemm,0.14541,0,1
ag,gate_up,7168,4096,384,gpu,24,c_cublas,0.11059,0,1
ag,gate_up,7168,4096,384,gpu,24,c_fluxgemm,0.14541,0,1
ag,gate_up,7168,4096,384,gpu,25,c_cublas,0.10957,0,1
ag,gate_up,7168,4096,384,gpu,25,c_fluxgemm,0.14541,0,1
ag,gate_up,7168,4096,384,gpu,26,c_cublas,0.11162,0,1
ag,gate_up,7168,4096,384,gpu,26,c_fluxgemm,0.14541,0,1
ag,gate_up,7168,4096,384,gpu,27,c_cublas,0.11059,0,1
ag,gate_up,7168,4096,384,gpu,27,c_fluxgemm,0.14438,0,1
ag,gate_up,7168,4096,384,gpu,28,c_cublas,0.10957,0,1
ag,gate_up,7168,4096,384,gpu,28,c_fluxgemm,0.14541,0,1
ag,gate_up,7168,4096,384,gpu,29,c_cublas,0.10957,0,1
ag,gate_up,7168,4096,384,gpu,29,c_fluxgemm,0.14438,0,1
ag,gate_up,7168,4096,384,gpu,30,c_cublas,0.11059,0,1
ag,gate_up,7168,4096,384,gpu,30,c_fluxgemm,0.14541,0,1
ag,gate_up,7168,4096,384,gpu,31,c_cublas,0.10957,0,1
ag,gate_up,7168,4096,384,gpu,31,c_fluxgemm,0.14643,0,1
ag,gate_up,7168,4096,384,gpu,32,c_cublas,0.10957,0,1
ag,gate_up,7168,4096,384,gpu,32,c_fluxgemm,0.14336,0,1
ag,gate_up,7168,4096,384,gpu,33,c_cublas,0.10957,0,1
ag,gate_up,7168,4096,384,gpu,33,c_fluxgemm,0.14438,0,1
ag,gate_up,7168,4096,384,gpu,34,c_cublas,0.11059,0,1
ag,gate_up,7168,4096,384,gpu,34,c_fluxgemm,0.14541,0,1
ag,gate_up,7168,4096,384,gpu,35,c_cublas,0.10957,0,1
ag,gate_up,7168,4096,384,gpu,35,c_fluxgemm,0.14438,0,1
ag,gate_up,7168,4096,384,gpu,36,c_cublas,0.10957,0,1
ag,gate_up,7168,4096,384,gpu,36,c_fluxgemm,0.14438,0,1
ag,gate_up,7168,4096,384,gpu,37,c_cublas,0.10957,0,1
ag,gate_up,7168,4096,384,gpu,37,c_fluxgemm,0.14541,0,1
ag,gate_up,7168,4096,384,gpu,38,c_cublas,0.11059,0,1
ag,gate_up,7168,4096,384,gpu,38,c_fluxgemm,0.14541,0,1
ag,gate_up,7168,4096,384,gpu,39,c_cublas,0.10957,0,1
ag,gate_up,7168,4096,384,gpu,39,c_fluxgemm,0.14541,0,1
ag,gate_up,7168,4096,384,gpu,40,c_cublas,0.10854,0,1
ag,gate_up,7168,4096,384,gpu,40,c_fluxgemm,0.14438,0,1
ag,gate_up,7168,4096,384,gpu,41,c_cublas,0.10854,0,1
ag,gate_up,7168,4096,384,gpu,41,c_fluxgemm,0.14438,0,1
ag,gate_up,7168,4096,384,gpu,42,c_cublas,0.11059,0,1
ag,gate_up,7168,4096,384,gpu,42,c_fluxgemm,0.14438,0,1
ag,gate_up,7168,4096,384,gpu,43,c_cublas,0.14029,0,1
ag,gate_up,7168,4096,384,gpu,43,c_fluxgemm,0.14438,0,1
ag,gate_up,7168,4096,384,gpu,44,c_cublas,0.10957,0,1
ag,gate_up,7168,4096,384,gpu,44,c_fluxgemm,0.14438,0,1
ag,gate_up,7168,4096,384,gpu,45,c_cublas,0.10957,0,1
ag,gate_up,7168,4096,384,gpu,45,c_fluxgemm,0.14336,0,1
ag,gate_up,7168,4096,384,gpu,46,c_cublas,0.11059,0,1
ag,gate_up,7168,4096,384,gpu,46,c_fluxgemm,0.14438,0,1
ag,gate_up,7168,4096,384,gpu,47,c_cublas,0.10957,0,1
ag,gate_up,7168,4096,384,gpu,47,c_fluxgemm,0.14541,0,1
ag,gate_up,7168,4096,384,gpu,48,c_cublas,0.10957,0,1
ag,gate_up,7168,4096,384,gpu,48,c_fluxgemm,0.14336,0,1
ag,gate_up,7168,4096,384,gpu,49,c_cublas,0.10957,0,1
ag,gate_up,7168,4096,384,gpu,49,c_fluxgemm,0.14541,0,1
ag,gate_up,7168,4096,384,steady,0,c_cublas,0.10918,0,1
ag,gate_up,7168,4096,384,steady,0,c_fluxgemm,0.13677,0,1
ag,gate_up,7168,4096,384,steady,1,c_cublas,0.10893,0,1
ag,gate_up,7168,4096,384,steady,1,c_fluxgemm,0.13773,0,1
ag,gate_up,7168,4096,384,steady,2,c_cublas,0.11155,0,1
ag,gate_up,7168,4096,384,steady,2,c_fluxgemm,0.13798,0,1
ag,gate_up,7168,4096,384,steady,3,c_cublas,0.11123,0,1
ag,gate_up,7168,4096,384,steady,3,c_fluxgemm,0.13818,0,1
ag,gate_up,7168,4096,384,steady,4,c_cublas,0.10963,0,1
ag,gate_up,7168,4096,384,steady,4,c_fluxgemm,0.13850,0,1
ag,gate_up,7168,4096,384,steady,5,c_cublas,0.11072,0,1
ag,gate_up,7168,4096,384,steady,5,c_fluxgemm,0.13786,0,1
ag,gate_up,7168,4096,384,steady,6,c_cublas,0.11245,0,1
ag,gate_up,7168,4096,384,steady,6,c_fluxgemm,0.13856,0,1
ag,gate_up,7168,4096,384,steady,7,c_cublas,0.11232,0,1
ag,gate_up,7168,4096,384,steady,7,c_fluxgemm,0.13843,0,1
ag,gate_up,7168,4096,384,steady,8,c_cublas,0.11238,0,1
ag,gate_up,7168,4096,384,steady,8,c_fluxgemm,0.13856,0,1
ag,gate_up,7168,4096,384,steady,9,c_cublas,0.11264,0,1
ag,gate_up,7168,4096,384,steady,9,c_fluxgemm,0.13862,0,1
ag,gate_up,7168,4096,384,steady,10,c_cublas,0.11078,0,1
ag,gate_up,7168,4096,384,steady,10,c_fluxgemm,0.13882,0,1
ag,gate_up,7168,4096,384,steady,11,c_cublas,0.11219,0,1
ag,gate_up,7168,4096,384,steady,11,c_fluxgemm,0.13856,0,1
ag,gate_up,7168,4096,384,steady,12,c_cublas,0.11258,0,1
ag,gate_up,7168,4096,384,steady,12,c_fluxgemm,0.13894,0,1
ag,gate_up,7168,4096,384,steady,13,c_cublas,0.11078,0,1
ag,gate_up,7168,4096,384,steady,13,c_fluxgemm,0.13920,0,1
ag,gate_up,7168,4096,384,steady,14,c_cublas,0.11194,0,1
ag,gate_up,7168,4096,384,steady,14,c_fluxgemm,0.13869,0,1
ag,gate_up,7168,4096,384,steady,15,c_cublas,0.11238,1335,1
ag,gate_up,7168,4096,384,steady,15,c_fluxgemm,0.13914,1335,1
ag,gate_up,7168,4096,384,steady,16,c_cublas,0.11354,1335,1
ag,gate_up,7168,4096,384,steady,16,c_fluxgemm,0.13997,1335,1
ag,gate_up,7168,4096,384,steady,17,c_cublas,0.11328,1335,1
ag,gate_up,7168,4096,384,steady,17,c_fluxgemm,0.13978,1335,1
ag,gate_up,7168,4096,384,steady,18,c_cublas,0.11206,1335,1
ag,gate_up,7168,4096,384,steady,18,c_fluxgemm,0.13984,1335,1
ag,gate_up,7168,4096,384,steady,19,c_cublas,0.11206,1335,1
ag,gate_up,7168,4096,384,steady,19,c_fluxgemm,0.14029,1335,1
ag,gate_up,7168,4096,768,gpu,0,c_cublas,0.21402,0,1
ag,gate_up,7168,4096,768,gpu,0,c_fluxgemm,0.20685,0,1
ag,gate_up,7168,4096,768,gpu,1,c_cublas,0.21606,0,1
ag,gate_up,7168,4096,768,gpu,1,c_fluxgemm,0.20582,0,1
ag,gate_up,7168,4096,768,gpu,2,c_cublas,0.21709,0,1
ag,gate_up,7168,4096,768,gpu,2,c_fluxgemm,0.20685,0,1
ag,gate_up,7168,4096,768,gpu,3,c_cublas,0.21504,0,1
ag,gate_up,7168,4096,768,gpu,3,c_fluxgemm,0.20685,0,1
ag,gate_up,7168,4096,768,gpu,4,c_cublas,0.21606,0,1
ag,gate_up,7168,4096,768,gpu,4,c_fluxgemm,0.20582,0,1
ag,gate_up,7168,4096,768,gpu,5,c_cublas,0.21504,0,1
ag,gate_up,7168,4096,768,gpu,5,c_fluxgemm,0.20582,0,1
ag,gate_up,7168,4096,768,gpu,6,c_cublas,0.21606,0,1
ag,gate_up,7168,4096,768,gpu,6,c_fluxgemm,0.20685,0,1
ag,gate_up,7168,4096,768,gpu,7,c_cublas,0.21402,0,1
ag,gate_up,7168,4096,768,gpu,7,c_fluxgemm,0.20685,0,1
ag,gate_up,7168,4096,768,gpu,8,c_cublas,0.21504,0,1
ag,gate_up,7168,4096,768,gpu,8,c_fluxgemm,0.20582,0,1
ag,gate_up,7168,4096,768,gpu,9,c_cublas,0.21606,0,1
ag,gate_up,7168,4096,768,gpu,9,c_fluxgemm,0.20685,0,1
ag,gate_up,7168,4096,768,gpu,10,c_cublas,0.21606,0,1
ag,gate_up,7168,4096,768,gpu,10,c_fluxgemm,0.20787,0,1
ag,gate_up,7168,4096,768,gpu,11,c_cublas,0.21504,0,1
ag,gate_up,7168,4096,768,gpu,11,c_fluxgemm,0.20582,0,1
ag,gate_up,7168,4096,768,gpu,12,c_cublas,0.21504,0,1
ag,gate_up,7168,4096,768,gpu,12,c_fluxgemm,0.20582,0,1
ag,gate_up,7168,4096,768,gpu,13,c_cublas,0.21504,0,1
ag,gate_up,7168,4096,768,gpu,13,c_fluxgemm,0.20685,0,1
ag,gate_up,7168,4096,768,gpu,14,c_cublas,0.21606,0,1
ag,gate_up,7168,4096,768,gpu,14,c_fluxgemm,0.20685,0,1
ag,gate_up,7168,4096,768,gpu,15,c_cublas,0.21299,0,1
ag,gate_up,7168,4096,768,gpu,15,c_fluxgemm,0.20582,0,1
ag,gate_up,7168,4096,768,gpu,16,c_cublas,0.21299,0,1
ag,gate_up,7168,4096,768,gpu,16,c_fluxgemm,0.20480,0,1
ag,gate_up,7168,4096,768,gpu,17,c_cublas,0.21402,0,1
ag,gate_up,7168,4096,768,gpu,17,c_fluxgemm,0.23040,0,1
ag,gate_up,7168,4096,768,gpu,18,c_cublas,0.21504,0,1
ag,gate_up,7168,4096,768,gpu,18,c_fluxgemm,0.20582,0,1
ag,gate_up,7168,4096,768,gpu,19,c_cublas,0.21299,0,1
ag,gate_up,7168,4096,768,gpu,19,c_fluxgemm,0.20582,0,1
ag,gate_up,7168,4096,768,gpu,20,c_cublas,0.21299,0,1
ag,gate_up,7168,4096,768,gpu,20,c_fluxgemm,0.20582,0,1
ag,gate_up,7168,4096,768,gpu,21,c_cublas,0.21299,0,1
ag,gate_up,7168,4096,768,gpu,21,c_fluxgemm,0.20480,0,1
ag,gate_up,7168,4096,768,gpu,22,c_cublas,0.21504,0,1
ag,gate_up,7168,4096,768,gpu,22,c_fluxgemm,0.20685,0,1
ag,gate_up,7168,4096,768,gpu,23,c_cublas,0.21402,0,1
ag,gate_up,7168,4096,768,gpu,23,c_fluxgemm,0.20685,0,1
ag,gate_up,7168,4096,768,gpu,24,c_cublas,0.21299,0,1
ag,gate_up,7168,4096,768,gpu,24,c_fluxgemm,0.20582,0,1
ag,gate_up,7168,4096,768,gpu,25,c_cublas,0.21299,0,1
ag,gate_up,7168,4096,768,gpu,25,c_fluxgemm,0.20582,0,1
ag,gate_up,7168,4096,768,gpu,26,c_cublas,0.21402,0,1
ag,gate_up,7168,4096,768,gpu,26,c_fluxgemm,0.20582,0,1
ag,gate_up,7168,4096,768,gpu,27,c_cublas,0.21299,0,1
ag,gate_up,7168,4096,768,gpu,27,c_fluxgemm,0.20582,0,1
ag,gate_up,7168,4096,768,gpu,28,c_cublas,0.21299,0,1
ag,gate_up,7168,4096,768,gpu,28,c_fluxgemm,0.20480,0,1
ag,gate_up,7168,4096,768,gpu,29,c_cublas,0.21299,0,1
ag,gate_up,7168,4096,768,gpu,29,c_fluxgemm,0.20480,0,1
ag,gate_up,7168,4096,768,gpu,30,c_cublas,0.21402,0,1
ag,gate_up,7168,4096,768,gpu,30,c_fluxgemm,0.20582,0,1
ag,gate_up,7168,4096,768,gpu,31,c_cublas,0.21402,0,1
ag,gate_up,7168,4096,768,gpu,31,c_fluxgemm,0.20480,0,1
ag,gate_up,7168,4096,768,gpu,32,c_cublas,0.21402,0,1
ag,gate_up,7168,4096,768,gpu,32,c_fluxgemm,0.20480,0,1
ag,gate_up,7168,4096,768,gpu,33,c_cublas,0.21299,0,1
ag,gate_up,7168,4096,768,gpu,33,c_fluxgemm,0.20480,0,1
ag,gate_up,7168,4096,768,gpu,34,c_cublas,0.21402,0,1
ag,gate_up,7168,4096,768,gpu,34,c_fluxgemm,0.20685,0,1
ag,gate_up,7168,4096,768,gpu,35,c_cublas,0.21299,0,1
ag,gate_up,7168,4096,768,gpu,35,c_fluxgemm,0.20582,0,1
ag,gate_up,7168,4096,768,gpu,36,c_cublas,0.21299,0,1
ag,gate_up,7168,4096,768,gpu,36,c_fluxgemm,0.20480,0,1
ag,gate_up,7168,4096,768,gpu,37,c_cublas,0.21299,0,1
ag,gate_up,7168,4096,768,gpu,37,c_fluxgemm,0.20582,0,1
ag,gate_up,7168,4096,768,gpu,38,c_cublas,0.21504,0,1
ag,gate_up,7168,4096,768,gpu,38,c_fluxgemm,0.20582,0,1
ag,gate_up,7168,4096,768,gpu,39,c_cublas,0.21299,0,1
ag,gate_up,7168,4096,768,gpu,39,c_fluxgemm,0.20480,0,1
ag,gate_up,7168,4096,768,gpu,40,c_cublas,0.21402,0,1
ag,gate_up,7168,4096,768,gpu,40,c_fluxgemm,0.20480,0,1
ag,gate_up,7168,4096,768,gpu,41,c_cublas,0.21299,0,1
ag,gate_up,7168,4096,768,gpu,41,c_fluxgemm,0.20685,0,1
ag,gate_up,7168,4096,768,gpu,42,c_cublas,0.21504,0,1
ag,gate_up,7168,4096,768,gpu,42,c_fluxgemm,0.20685,0,1
ag,gate_up,7168,4096,768,gpu,43,c_cublas,0.21299,0,1
ag,gate_up,7168,4096,768,gpu,43,c_fluxgemm,0.20582,0,1
ag,gate_up,7168,4096,768,gpu,44,c_cublas,0.21299,0,1
ag,gate_up,7168,4096,768,gpu,44,c_fluxgemm,0.20480,0,1
ag,gate_up,7168,4096,768,gpu,45,c_cublas,0.21299,0,1
ag,gate_up,7168,4096,768,gpu,45,c_fluxgemm,0.20582,0,1
ag,gate_up,7168,4096,768,gpu,46,c_cublas,0.21402,1395,1
ag,gate_up,7168,4096,768,gpu,46,c_fluxgemm,0.20582,1395,1
ag,gate_up,7168,4096,768,gpu,47,c_cublas,0.21402,1395,1
ag,gate_up,7168,4096,768,gpu,47,c_fluxgemm,0.20685,1395,1
ag,gate_up,7168,4096,768,gpu,48,c_cublas,0.21402,1395,1
ag,gate_up,7168,4096,768,gpu,48,c_fluxgemm,0.20582,1395,1
ag,gate_up,7168,4096,768,gpu,49,c_cublas,0.21402,1395,1
ag,gate_up,7168,4096,768,gpu,49,c_fluxgemm,0.20480,1395,1
ag,gate_up,7168,4096,768,steady,0,c_cublas,0.22323,0,1
ag,gate_up,7168,4096,768,steady,0,c_fluxgemm,0.21549,0,1
ag,gate_up,7168,4096,768,steady,1,c_cublas,0.22458,0,1
ag,gate_up,7168,4096,768,steady,1,c_fluxgemm,0.21395,0,1
ag,gate_up,7168,4096,768,steady,2,c_cublas,0.22317,0,1
ag,gate_up,7168,4096,768,steady,2,c_fluxgemm,0.21427,0,1
ag,gate_up,7168,4096,768,steady,3,c_cublas,0.22317,0,1
ag,gate_up,7168,4096,768,steady,3,c_fluxgemm,0.21478,0,1
ag,gate_up,7168,4096,768,steady,4,c_cublas,0.22323,0,1
ag,gate_up,7168,4096,768,steady,4,c_fluxgemm,0.21472,0,1
ag,gate_up,7168,4096,768,steady,5,c_cublas,0.22438,0,1
ag,gate_up,7168,4096,768,steady,5,c_fluxgemm,0.21382,0,1
ag,gate_up,7168,4096,768,steady,6,c_cublas,0.22317,0,1
ag,gate_up,7168,4096,768,steady,6,c_fluxgemm,0.21408,0,1
ag,gate_up,7168,4096,768,steady,7,c_cublas,0.22317,0,1
ag,gate_up,7168,4096,768,steady,7,c_fluxgemm,0.21459,0,1
ag,gate_up,7168,4096,768,steady,8,c_cublas,0.22458,1305,1
ag,gate_up,7168,4096,768,steady,8,c_fluxgemm,0.21382,1305,1
ag,gate_up,7168,4096,768,steady,9,c_cublas,0.22483,1305,1
ag,gate_up,7168,4096,768,steady,9,c_fluxgemm,0.21389,1305,1
ag,gate_up,7168,4096,768,steady,10,c_cublas,0.22426,1305,1
ag,gate_up,7168,4096,768,steady,10,c_fluxgemm,0.21440,1305,1
ag,gate_up,7168,4096,768,steady,11,c_cublas,0.22554,1305,1
ag,gate_up,7168,4096,768,steady,11,c_fluxgemm,0.21485,1305,1
ag,gate_up,7168,4096,768,steady,12,c_cublas,0.22643,1305,1
ag,gate_up,7168,4096,768,steady,12,c_fluxgemm,0.21466,1305,1
ag,gate_up,7168,4096,768,steady,13,c_cublas,0.22445,1305,1
ag,gate_up,7168,4096,768,steady,13,c_fluxgemm,0.21498,1305,1
ag,gate_up,7168,4096,768,steady,14,c_cublas,0.22560,1305,1
ag,gate_up,7168,4096,768,steady,14,c_fluxgemm,0.21466,1305,1
ag,gate_up,7168,4096,768,steady,15,c_cublas,0.22586,1305,1
ag,gate_up,7168,4096,768,steady,15,c_fluxgemm,0.21485,1305,1
ag,gate_up,7168,4096,768,steady,16,c_cublas,0.22573,1305,1
ag,gate_up,7168,4096,768,steady,16,c_fluxgemm,0.21491,1305,1
ag,gate_up,7168,4096,768,steady,17,c_cublas,0.22605,1305,1
ag,gate_up,7168,4096,768,steady,17,c_fluxgemm,0.21485,1305,1
ag,gate_up,7168,4096,768,steady,18,c_cublas,0.22419,1305,1
ag,gate_up,7168,4096,768,steady,18,c_fluxgemm,0.21504,1305,1
ag,gate_up,7168,4096,768,steady,19,c_cublas,0.22432,1305,1
ag,gate_up,7168,4096,768,steady,19,c_fluxgemm,0.21523,1305,1
ag,gate_up,7168,4096,1536,gpu,0,c_cublas,0.41574,0,1
ag,gate_up,7168,4096,1536,gpu,0,c_fluxgemm,0.39936,0,1
ag,gate_up,7168,4096,1536,gpu,1,c_cublas,0.41574,0,1
ag,gate_up,7168,4096,1536,gpu,1,c_fluxgemm,0.38093,0,1
ag,gate_up,7168,4096,1536,gpu,2,c_cublas,0.41779,0,1
ag,gate_up,7168,4096,1536,gpu,2,c_fluxgemm,0.38093,0,1
ag,gate_up,7168,4096,1536,gpu,3,c_cublas,0.41574,0,1
ag,gate_up,7168,4096,1536,gpu,3,c_fluxgemm,0.38093,0,1
ag,gate_up,7168,4096,1536,gpu,4,c_cublas,0.41677,0,1
ag,gate_up,7168,4096,1536,gpu,4,c_fluxgemm,0.37990,0,1
ag,gate_up,7168,4096,1536,gpu,5,c_cublas,0.41574,0,1
ag,gate_up,7168,4096,1536,gpu,5,c_fluxgemm,0.37990,0,1
ag,gate_up,7168,4096,1536,gpu,6,c_cublas,0.41677,0,1
ag,gate_up,7168,4096,1536,gpu,6,c_fluxgemm,0.38093,0,1
ag,gate_up,7168,4096,1536,gpu,7,c_cublas,0.41677,0,1
ag,gate_up,7168,4096,1536,gpu,7,c_fluxgemm,0.38093,0,1
ag,gate_up,7168,4096,1536,gpu,8,c_cublas,0.41574,0,1
ag,gate_up,7168,4096,1536,gpu,8,c_fluxgemm,0.37990,0,1
ag,gate_up,7168,4096,1536,gpu,9,c_cublas,0.41574,0,1
ag,gate_up,7168,4096,1536,gpu,9,c_fluxgemm,0.37990,0,1
ag,gate_up,7168,4096,1536,gpu,10,c_cublas,0.41779,0,1
ag,gate_up,7168,4096,1536,gpu,10,c_fluxgemm,0.38093,0,1
ag,gate_up,7168,4096,1536,gpu,11,c_cublas,0.41574,0,1
ag,gate_up,7168,4096,1536,gpu,11,c_fluxgemm,0.37990,0,1
ag,gate_up,7168,4096,1536,gpu,12,c_cublas,0.41677,0,1
ag,gate_up,7168,4096,1536,gpu,12,c_fluxgemm,0.38093,0,1
ag,gate_up,7168,4096,1536,gpu,13,c_cublas,0.41574,0,1
ag,gate_up,7168,4096,1536,gpu,13,c_fluxgemm,0.38093,0,1
ag,gate_up,7168,4096,1536,gpu,14,c_cublas,0.41779,0,1
ag,gate_up,7168,4096,1536,gpu,14,c_fluxgemm,0.38093,0,1
ag,gate_up,7168,4096,1536,gpu,15,c_cublas,0.41574,0,1
ag,gate_up,7168,4096,1536,gpu,15,c_fluxgemm,0.37990,0,1
ag,gate_up,7168,4096,1536,gpu,16,c_cublas,0.41574,0,1
ag,gate_up,7168,4096,1536,gpu,16,c_fluxgemm,0.37888,0,1
ag,gate_up,7168,4096,1536,gpu,17,c_cublas,0.41574,0,1
ag,gate_up,7168,4096,1536,gpu,17,c_fluxgemm,0.38093,0,1
ag,gate_up,7168,4096,1536,gpu,18,c_cublas,0.41779,0,1
ag,gate_up,7168,4096,1536,gpu,18,c_fluxgemm,0.38093,0,1
ag,gate_up,7168,4096,1536,gpu,19,c_cublas,0.41677,0,1
ag,gate_up,7168,4096,1536,gpu,19,c_fluxgemm,0.38093,0,1
ag,gate_up,7168,4096,1536,gpu,20,c_cublas,0.41574,0,1
ag,gate_up,7168,4096,1536,gpu,20,c_fluxgemm,0.37888,0,1
ag,gate_up,7168,4096,1536,gpu,21,c_cublas,0.41574,0,1
ag,gate_up,7168,4096,1536,gpu,21,c_fluxgemm,0.37990,0,1
ag,gate_up,7168,4096,1536,gpu,22,c_cublas,0.41779,0,1
ag,gate_up,7168,4096,1536,gpu,22,c_fluxgemm,0.38195,0,1
ag,gate_up,7168,4096,1536,gpu,23,c_cublas,0.41574,0,1
ag,gate_up,7168,4096,1536,gpu,23,c_fluxgemm,0.37990,0,1
ag,gate_up,7168,4096,1536,gpu,24,c_cublas,0.41677,0,1
ag,gate_up,7168,4096,1536,gpu,24,c_fluxgemm,0.37990,0,1
ag,gate_up,7168,4096,1536,gpu,25,c_cublas,0.41574,0,1
ag,gate_up,7168,4096,1536,gpu,25,c_fluxgemm,0.38093,0,1
ag,gate_up,7168,4096,1536,gpu,26,c_cublas,0.41677,0,1
ag,gate_up,7168,4096,1536,gpu,26,c_fluxgemm,0.37990,0,1
ag,gate_up,7168,4096,1536,gpu,27,c_cublas,0.41574,0,1
ag,gate_up,7168,4096,1536,gpu,27,c_fluxgemm,0.38093,0,1
ag,gate_up,7168,4096,1536,gpu,28,c_cublas,0.41677,0,1
ag,gate_up,7168,4096,1536,gpu,28,c_fluxgemm,0.37990,0,1
ag,gate_up,7168,4096,1536,gpu,29,c_cublas,0.41677,0,1
ag,gate_up,7168,4096,1536,gpu,29,c_fluxgemm,0.37990,0,1
ag,gate_up,7168,4096,1536,gpu,30,c_cublas,0.41677,0,1
ag,gate_up,7168,4096,1536,gpu,30,c_fluxgemm,0.37990,0,1
ag,gate_up,7168,4096,1536,gpu,31,c_cublas,0.41370,0,1
ag,gate_up,7168,4096,1536,gpu,31,c_fluxgemm,0.37888,0,1
ag,gate_up,7168,4096,1536,gpu,32,c_cublas,0.41370,0,1
ag,gate_up,7168,4096,1536,gpu,32,c_fluxgemm,0.37786,0,1
ag,gate_up,7168,4096,1536,gpu,33,c_cublas,0.41370,0,1
ag,gate_up,7168,4096,1536,gpu,33,c_fluxgemm,0.37888,0,1
ag,gate_up,7168,4096,1536,gpu,34,c_cublas,0.41574,0,1
ag,gate_up,7168,4096,1536,gpu,34,c_fluxgemm,0.37990,0,1
ag,gate_up,7168,4096,1536,gpu,35,c_cublas,0.41370,0,1
ag,gate_up,7168,4096,1536,gpu,35,c_fluxgemm,0.37990,0,1
ag,gate_up,7168,4096,1536,gpu,36,c_cublas,0.41472,0,1
ag,gate_up,7168,4096,1536,gpu,36,c_fluxgemm,0.37786,0,1
ag,gate_up,7168,4096,1536,gpu,37,c_cublas,0.41370,1395,1
ag,gate_up,7168,4096,1536,gpu,37,c_fluxgemm,0.37888,1395,1
ag,gate_up,7168,4096,1536,gpu,38,c_cublas,0.41472,1395,1
ag,gate_up,7168,4096,1536,gpu,38,c_fluxgemm,0.37990,1395,1
ag,gate_up,7168,4096,1536,gpu,39,c_cublas,0.41370,1395,1
ag,gate_up,7168,4096,1536,gpu,39,c_fluxgemm,0.37990,1395,1
ag,gate_up,7168,4096,1536,gpu,40,c_cublas,0.41472,1395,1
ag,gate_up,7168,4096,1536,gpu,40,c_fluxgemm,0.37786,1395,1
ag,gate_up,7168,4096,1536,gpu,41,c_cublas,0.41370,1395,1
ag,gate_up,7168,4096,1536,gpu,41,c_fluxgemm,0.37888,1395,1
ag,gate_up,7168,4096,1536,gpu,42,c_cublas,0.41574,1395,1
ag,gate_up,7168,4096,1536,gpu,42,c_fluxgemm,0.37888,1395,1
ag,gate_up,7168,4096,1536,gpu,43,c_cublas,0.41472,1395,1
ag,gate_up,7168,4096,1536,gpu,43,c_fluxgemm,0.37888,1395,1
ag,gate_up,7168,4096,1536,gpu,44,c_cublas,0.41370,1395,1
ag,gate_up,7168,4096,1536,gpu,44,c_fluxgemm,0.37888,1395,1
ag,gate_up,7168,4096,1536,gpu,45,c_cublas,0.41472,1395,1
ag,gate_up,7168,4096,1536,gpu,45,c_fluxgemm,0.37786,1395,1
ag,gate_up,7168,4096,1536,gpu,46,c_cublas,0.41472,1395,1
ag,gate_up,7168,4096,1536,gpu,46,c_fluxgemm,0.37888,1395,1
ag,gate_up,7168,4096,1536,gpu,47,c_cublas,0.41370,1395,1
ag,gate_up,7168,4096,1536,gpu,47,c_fluxgemm,0.37888,1395,1
ag,gate_up,7168,4096,1536,gpu,48,c_cublas,0.41370,1395,1
ag,gate_up,7168,4096,1536,gpu,48,c_fluxgemm,0.37888,1395,1
ag,gate_up,7168,4096,1536,gpu,49,c_cublas,0.41370,1395,1
ag,gate_up,7168,4096,1536,gpu,49,c_fluxgemm,0.37990,1395,1
ag,gate_up,7168,4096,1536,steady,0,c_cublas,0.44499,0,1
ag,gate_up,7168,4096,1536,steady,0,c_fluxgemm,0.40570,0,1
ag,gate_up,7168,4096,1536,steady,1,c_cublas,0.44659,0,1
ag,gate_up,7168,4096,1536,steady,1,c_fluxgemm,0.39994,0,1
ag,gate_up,7168,4096,1536,steady,2,c_cublas,0.44166,0,1
ag,gate_up,7168,4096,1536,steady,2,c_fluxgemm,0.39942,0,1
ag,gate_up,7168,4096,1536,steady,3,c_cublas,0.43987,0,1
ag,gate_up,7168,4096,1536,steady,3,c_fluxgemm,0.40109,0,1
ag,gate_up,7168,4096,1536,steady,4,c_cublas,0.44109,1305,1
ag,gate_up,7168,4096,1536,steady,4,c_fluxgemm,0.40038,1305,1
ag,gate_up,7168,4096,1536,steady,5,c_cublas,0.44134,1305,1
ag,gate_up,7168,4096,1536,steady,5,c_fluxgemm,0.40230,1305,1
ag,gate_up,7168,4096,1536,steady,6,c_cublas,0.44262,1305,1
ag,gate_up,7168,4096,1536,steady,6,c_fluxgemm,0.40128,1305,1
ag,gate_up,7168,4096,1536,steady,7,c_cublas,0.44326,1305,1
ag,gate_up,7168,4096,1536,steady,7,c_fluxgemm,0.40096,1305,1
ag,gate_up,7168,4096,1536,steady,8,c_cublas,0.44326,1305,1
ag,gate_up,7168,4096,1536,steady,8,c_fluxgemm,0.40115,1305,1
ag,gate_up,7168,4096,1536,steady,9,c_cublas,0.44128,1305,1
ag,gate_up,7168,4096,1536,steady,9,c_fluxgemm,0.40531,1305,1
ag,gate_up,7168,4096,1536,steady,10,c_cublas,0.44333,1305,1
ag,gate_up,7168,4096,1536,steady,10,c_fluxgemm,0.40122,1305,1
ag,gate_up,7168,4096,1536,steady,11,c_cublas,0.44320,1305,1
ag,gate_up,7168,4096,1536,steady,11,c_fluxgemm,0.40083,1305,1
ag,gate_up,7168,4096,1536,steady,12,c_cublas,0.44013,1305,1
ag,gate_up,7168,4096,1536,steady,12,c_fluxgemm,0.40070,1305,1
ag,gate_up,7168,4096,1536,steady,13,c_cublas,0.44013,1305,1
ag,gate_up,7168,4096,1536,steady,13,c_fluxgemm,0.40064,1305,1
ag,gate_up,7168,4096,1536,steady,14,c_cublas,0.44013,1305,1
ag,gate_up,7168,4096,1536,steady,14,c_fluxgemm,0.40115,1305,1
ag,gate_up,7168,4096,1536,steady,15,c_cublas,0.44147,1305,1
ag,gate_up,7168,4096,1536,steady,15,c_fluxgemm,0.39955,1305,1
ag,gate_up,7168,4096,1536,steady,16,c_cublas,0.44019,1305,1
ag,gate_up,7168,4096,1536,steady,16,c_fluxgemm,0.40058,1305,1
ag,gate_up,7168,4096,1536,steady,17,c_cublas,0.44128,1305,1
ag,gate_up,7168,4096,1536,steady,17,c_fluxgemm,0.39974,1305,1
ag,gate_up,7168,4096,1536,steady,18,c_cublas,0.44192,1305,1
ag,gate_up,7168,4096,1536,steady,18,c_fluxgemm,0.39955,1305,1
ag,gate_up,7168,4096,1536,steady,19,c_cublas,0.44352,1305,1
ag,gate_up,7168,4096,1536,steady,19,c_fluxgemm,0.40486,1305,1
ag,gate_up,7168,4096,2560,gpu,0,c_cublas,1.24518,0,1
ag,gate_up,7168,4096,2560,gpu,0,c_fluxgemm,0.61850,0,1
ag,gate_up,7168,4096,2560,gpu,1,c_cublas,0.62054,0,1
ag,gate_up,7168,4096,2560,gpu,1,c_fluxgemm,0.61850,0,1
ag,gate_up,7168,4096,2560,gpu,2,c_cublas,0.62259,0,1
ag,gate_up,7168,4096,2560,gpu,2,c_fluxgemm,0.61952,0,1
ag,gate_up,7168,4096,2560,gpu,3,c_cublas,0.62157,0,1
ag,gate_up,7168,4096,2560,gpu,3,c_fluxgemm,0.61952,0,1
ag,gate_up,7168,4096,2560,gpu,4,c_cublas,0.62157,0,1
ag,gate_up,7168,4096,2560,gpu,4,c_fluxgemm,0.61952,0,1
ag,gate_up,7168,4096,2560,gpu,5,c_cublas,0.62157,0,1
ag,gate_up,7168,4096,2560,gpu,5,c_fluxgemm,0.61952,0,1
ag,gate_up,7168,4096,2560,gpu,6,c_cublas,0.62259,0,1
ag,gate_up,7168,4096,2560,gpu,6,c_fluxgemm,0.62054,0,1
ag,gate_up,7168,4096,2560,gpu,7,c_cublas,0.62054,0,1
ag,gate_up,7168,4096,2560,gpu,7,c_fluxgemm,0.61952,0,1
ag,gate_up,7168,4096,2560,gpu,8,c_cublas,0.62157,0,1
ag,gate_up,7168,4096,2560,gpu,8,c_fluxgemm,0.61952,0,1
ag,gate_up,7168,4096,2560,gpu,9,c_cublas,0.62157,0,1
ag,gate_up,7168,4096,2560,gpu,9,c_fluxgemm,0.62054,0,1
ag,gate_up,7168,4096,2560,gpu,10,c_cublas,0.62259,0,1
ag,gate_up,7168,4096,2560,gpu,10,c_fluxgemm,0.61952,0,1
ag,gate_up,7168,4096,2560,gpu,11,c_cublas,0.62157,0,1
ag,gate_up,7168,4096,2560,gpu,11,c_fluxgemm,0.62054,0,1
ag,gate_up,7168,4096,2560,gpu,12,c_cublas,0.62157,0,1
ag,gate_up,7168,4096,2560,gpu,12,c_fluxgemm,0.62054,0,1
ag,gate_up,7168,4096,2560,gpu,13,c_cublas,0.62259,0,1
ag,gate_up,7168,4096,2560,gpu,13,c_fluxgemm,0.62054,0,1
ag,gate_up,7168,4096,2560,gpu,14,c_cublas,0.62259,0,1
ag,gate_up,7168,4096,2560,gpu,14,c_fluxgemm,0.62054,0,1
ag,gate_up,7168,4096,2560,gpu,15,c_cublas,0.62157,0,1
ag,gate_up,7168,4096,2560,gpu,15,c_fluxgemm,0.61850,0,1
ag,gate_up,7168,4096,2560,gpu,16,c_cublas,0.62054,0,1
ag,gate_up,7168,4096,2560,gpu,16,c_fluxgemm,0.61952,0,1
ag,gate_up,7168,4096,2560,gpu,17,c_cublas,0.62054,0,1
ag,gate_up,7168,4096,2560,gpu,17,c_fluxgemm,0.61952,0,1
ag,gate_up,7168,4096,2560,gpu,18,c_cublas,0.62259,0,1
ag,gate_up,7168,4096,2560,gpu,18,c_fluxgemm,0.62054,0,1
ag,gate_up,7168,4096,2560,gpu,19,c_cublas,0.62157,0,1
ag,gate_up,7168,4096,2560,gpu,19,c_fluxgemm,0.62054,0,1
ag,gate_up,7168,4096,2560,gpu,20,c_cublas,0.62157,0,1
ag,gate_up,7168,4096,2560,gpu,20,c_fluxgemm,0.61952,0,1
ag,gate_up,7168,4096,2560,gpu,21,c_cublas,0.62157,0,1
ag,gate_up,7168,4096,2560,gpu,21,c_fluxgemm,0.62054,0,1
ag,gate_up,7168,4096,2560,gpu,22,c_cublas,0.62259,0,1
ag,gate_up,7168,4096,2560,gpu,22,c_fluxgemm,0.62054,0,1
ag,gate_up,7168,4096,2560,gpu,23,c_cublas,0.62157,0,1
ag,gate_up,7168,4096,2560,gpu,23,c_fluxgemm,0.62054,0,1
ag,gate_up,7168,4096,2560,gpu,24,c_cublas,0.62157,0,1
ag,gate_up,7168,4096,2560,gpu,24,c_fluxgemm,0.61952,0,1
ag,gate_up,7168,4096,2560,gpu,25,c_cublas,0.62157,0,1
ag,gate_up,7168,4096,2560,gpu,25,c_fluxgemm,0.61952,0,1
ag,gate_up,7168,4096,2560,gpu,26,c_cublas,0.62259,0,1
ag,gate_up,7168,4096,2560,gpu,26,c_fluxgemm,0.62054,0,1
ag,gate_up,7168,4096,2560,gpu,27,c_cublas,0.62157,0,1
ag,gate_up,7168,4096,2560,gpu,27,c_fluxgemm,0.61952,0,1
ag,gate_up,7168,4096,2560,gpu,28,c_cublas,0.62157,0,1
ag,gate_up,7168,4096,2560,gpu,28,c_fluxgemm,0.61952,0,1
ag,gate_up,7168,4096,2560,gpu,29,c_cublas,0.62054,0,1
ag,gate_up,7168,4096,2560,gpu,29,c_fluxgemm,0.61952,0,1
ag,gate_up,7168,4096,2560,gpu,30,c_cublas,0.62259,0,1
ag,gate_up,7168,4096,2560,gpu,30,c_fluxgemm,0.62054,0,1
ag,gate_up,7168,4096,2560,gpu,31,c_cublas,0.62157,1395,1
ag,gate_up,7168,4096,2560,gpu,31,c_fluxgemm,0.61850,1395,1
ag,gate_up,7168,4096,2560,gpu,32,c_cublas,0.62054,1395,1
ag,gate_up,7168,4096,2560,gpu,32,c_fluxgemm,0.61952,1395,1
ag,gate_up,7168,4096,2560,gpu,33,c_cublas,0.62157,1395,1
ag,gate_up,7168,4096,2560,gpu,33,c_fluxgemm,0.62054,1395,1
ag,gate_up,7168,4096,2560,gpu,34,c_cublas,0.62259,1395,1
ag,gate_up,7168,4096,2560,gpu,34,c_fluxgemm,0.61952,1395,1
ag,gate_up,7168,4096,2560,gpu,35,c_cublas,0.62054,1395,1
ag,gate_up,7168,4096,2560,gpu,35,c_fluxgemm,0.61952,1395,1
ag,gate_up,7168,4096,2560,gpu,36,c_cublas,0.62054,1395,1
ag,gate_up,7168,4096,2560,gpu,36,c_fluxgemm,0.61645,1395,1
ag,gate_up,7168,4096,2560,gpu,37,c_cublas,0.62157,1395,1
ag,gate_up,7168,4096,2560,gpu,37,c_fluxgemm,0.61645,1395,1
ag,gate_up,7168,4096,2560,gpu,38,c_cublas,0.62259,1395,1
ag,gate_up,7168,4096,2560,gpu,38,c_fluxgemm,0.61850,1395,1
ag,gate_up,7168,4096,2560,gpu,39,c_cublas,0.62157,1395,1
ag,gate_up,7168,4096,2560,gpu,39,c_fluxgemm,0.61645,1395,1
ag,gate_up,7168,4096,2560,gpu,40,c_cublas,0.61952,1395,1
ag,gate_up,7168,4096,2560,gpu,40,c_fluxgemm,0.61747,1395,1
ag,gate_up,7168,4096,2560,gpu,41,c_cublas,0.61747,1395,1
ag,gate_up,7168,4096,2560,gpu,41,c_fluxgemm,0.61645,1395,1
ag,gate_up,7168,4096,2560,gpu,42,c_cublas,0.61850,1395,1
ag,gate_up,7168,4096,2560,gpu,42,c_fluxgemm,0.61747,1395,1
ag,gate_up,7168,4096,2560,gpu,43,c_cublas,0.61747,1395,1
ag,gate_up,7168,4096,2560,gpu,43,c_fluxgemm,0.61645,1395,1
ag,gate_up,7168,4096,2560,gpu,44,c_cublas,0.61645,1395,1
ag,gate_up,7168,4096,2560,gpu,44,c_fluxgemm,0.61645,1395,1
ag,gate_up,7168,4096,2560,gpu,45,c_cublas,0.61645,1395,1
ag,gate_up,7168,4096,2560,gpu,45,c_fluxgemm,0.61850,1395,1
ag,gate_up,7168,4096,2560,gpu,46,c_cublas,0.61850,1395,1
ag,gate_up,7168,4096,2560,gpu,46,c_fluxgemm,0.61747,1395,1
ag,gate_up,7168,4096,2560,gpu,47,c_cublas,0.61747,1395,1
ag,gate_up,7168,4096,2560,gpu,47,c_fluxgemm,0.61645,1395,1
ag,gate_up,7168,4096,2560,gpu,48,c_cublas,0.61747,1395,1
ag,gate_up,7168,4096,2560,gpu,48,c_fluxgemm,0.61645,1395,1
ag,gate_up,7168,4096,2560,gpu,49,c_cublas,0.61747,1395,1
ag,gate_up,7168,4096,2560,gpu,49,c_fluxgemm,0.61747,1395,1
ag,gate_up,7168,4096,2560,steady,0,c_cublas,0.68742,0,1
ag,gate_up,7168,4096,2560,steady,0,c_fluxgemm,0.65702,0,1
ag,gate_up,7168,4096,2560,steady,1,c_cublas,0.66810,0,1
ag,gate_up,7168,4096,2560,steady,1,c_fluxgemm,0.65734,0,1
ag,gate_up,7168,4096,2560,steady,2,c_cublas,0.67424,0,1
ag,gate_up,7168,4096,2560,steady,2,c_fluxgemm,0.66464,0,1
ag,gate_up,7168,4096,2560,steady,3,c_cublas,0.68320,1275,1
ag,gate_up,7168,4096,2560,steady,3,c_fluxgemm,0.67232,1275,1
ag,gate_up,7168,4096,2560,steady,4,c_cublas,0.68410,1275,1
ag,gate_up,7168,4096,2560,steady,4,c_fluxgemm,0.67520,1275,1
ag,gate_up,7168,4096,2560,steady,5,c_cublas,0.68410,1275,1
ag,gate_up,7168,4096,2560,steady,5,c_fluxgemm,0.67584,1275,1
ag,gate_up,7168,4096,2560,steady,6,c_cublas,0.68397,1260,1
ag,gate_up,7168,4096,2560,steady,6,c_fluxgemm,0.67584,1260,1
ag,gate_up,7168,4096,2560,steady,7,c_cublas,0.68384,1260,1
ag,gate_up,7168,4096,2560,steady,7,c_fluxgemm,0.67635,1260,1
ag,gate_up,7168,4096,2560,steady,8,c_cublas,0.68218,1260,1
ag,gate_up,7168,4096,2560,steady,8,c_fluxgemm,0.67571,1260,1
ag,gate_up,7168,4096,2560,steady,9,c_cublas,0.68192,1260,1
ag,gate_up,7168,4096,2560,steady,9,c_fluxgemm,0.67270,1260,1
ag,gate_up,7168,4096,2560,steady,10,c_cublas,0.68186,1260,1
ag,gate_up,7168,4096,2560,steady,10,c_fluxgemm,0.67360,1260,1
ag,gate_up,7168,4096,2560,steady,11,c_cublas,0.68192,1260,1
ag,gate_up,7168,4096,2560,steady,11,c_fluxgemm,0.67315,1260,1
ag,gate_up,7168,4096,2560,steady,12,c_cublas,0.67418,1260,1
ag,gate_up,7168,4096,2560,steady,12,c_fluxgemm,0.66931,1260,1
ag,gate_up,7168,4096,2560,steady,13,c_cublas,0.67405,1260,1
ag,gate_up,7168,4096,2560,steady,13,c_fluxgemm,0.66560,1260,1
ag,gate_up,7168,4096,2560,steady,14,c_cublas,0.67405,1260,1
ag,gate_up,7168,4096,2560,steady,14,c_fluxgemm,0.66566,1260,1
ag,gate_up,7168,4096,2560,steady,15,c_cublas,0.67411,1260,1
ag,gate_up,7168,4096,2560,steady,15,c_fluxgemm,0.66560,1260,1
ag,gate_up,7168,4096,2560,steady,16,c_cublas,0.67546,1275,1
ag,gate_up,7168,4096,2560,steady,16,c_fluxgemm,0.66464,1275,1
ag,gate_up,7168,4096,2560,steady,17,c_cublas,0.67424,1275,1
ag,gate_up,7168,4096,2560,steady,17,c_fluxgemm,0.66445,1275,1
ag,gate_up,7168,4096,2560,steady,18,c_cublas,0.67597,1275,1
ag,gate_up,7168,4096,2560,steady,18,c_fluxgemm,0.66464,1275,1
ag,gate_up,7168,4096,2560,steady,19,c_cublas,0.67603,1275,1
ag,gate_up,7168,4096,2560,steady,19,c_fluxgemm,0.66099,1275,1
ag,gate_up,7168,4096,6144,gpu,0,c_cublas,1.47354,0,1
ag,gate_up,7168,4096,6144,gpu,0,c_fluxgemm,1.46330,0,1
ag,gate_up,7168,4096,6144,gpu,1,c_cublas,1.36192,0,1
ag,gate_up,7168,4096,6144,gpu,1,c_fluxgemm,1.46637,0,1
ag,gate_up,7168,4096,6144,gpu,2,c_cublas,1.36397,0,1
ag,gate_up,7168,4096,6144,gpu,2,c_fluxgemm,1.46637,0,1
ag,gate_up,7168,4096,6144,gpu,3,c_cublas,1.36397,0,1
ag,gate_up,7168,4096,6144,gpu,3,c_fluxgemm,1.46637,0,1
ag,gate_up,7168,4096,6144,gpu,4,c_cublas,1.36499,0,1
ag,gate_up,7168,4096,6144,gpu,4,c_fluxgemm,1.47763,0,1
ag,gate_up,7168,4096,6144,gpu,5,c_cublas,1.37728,0,1
ag,gate_up,7168,4096,6144,gpu,5,c_fluxgemm,1.47763,0,1
ag,gate_up,7168,4096,6144,gpu,6,c_cublas,1.37933,0,1
ag,gate_up,7168,4096,6144,gpu,6,c_fluxgemm,1.47866,0,1
ag,gate_up,7168,4096,6144,gpu,7,c_cublas,1.37728,0,1
ag,gate_up,7168,4096,6144,gpu,7,c_fluxgemm,1.47763,0,1
ag,gate_up,7168,4096,6144,gpu,8,c_cublas,1.37830,0,1
ag,gate_up,7168,4096,6144,gpu,8,c_fluxgemm,1.47763,0,1
ag,gate_up,7168,4096,6144,gpu,9,c_cublas,1.37830,0,1
ag,gate_up,7168,4096,6144,gpu,9,c_fluxgemm,1.48480,0,1
ag,gate_up,7168,4096,6144,gpu,10,c_cublas,1.39469,0,1
ag,gate_up,7168,4096,6144,gpu,10,c_fluxgemm,1.49299,0,1
ag,gate_up,7168,4096,6144,gpu,11,c_cublas,1.39366,0,1
ag,gate_up,7168,4096,6144,gpu,11,c_fluxgemm,1.49197,0,1
ag,gate_up,7168,4096,6144,gpu,12,c_cublas,1.39366,0,1
ag,gate_up,7168,4096,6144,gpu,12,c_fluxgemm,1.49402,0,1
ag,gate_up,7168,4096,6144,gpu,13,c_cublas,1.39366,0,1
ag,gate_up,7168,4096,6144,gpu,13,c_fluxgemm,1.49504,0,1
ag,gate_up,7168,4096,6144,gpu,14,c_cublas,1.39469,0,1
ag,gate_up,7168,4096,6144,gpu,14,c_fluxgemm,1.49299,0,1
ag,gate_up,7168,4096,6144,gpu,15,c_cublas,1.39469,1335,1
ag,gate_up,7168,4096,6144,gpu,15,c_fluxgemm,1.49504,1335,1
ag,gate_up,7168,4096,6144,gpu,16,c_cublas,1.39366,1335,1
ag,gate_up,7168,4096,6144,gpu,16,c_fluxgemm,1.49504,1335,1
ag,gate_up,7168,4096,6144,gpu,17,c_cublas,1.39469,1335,1
ag,gate_up,7168,4096,6144,gpu,17,c_fluxgemm,1.49606,1335,1
ag,gate_up,7168,4096,6144,gpu,18,c_cublas,1.39674,1335,1
ag,gate_up,7168,4096,6144,gpu,18,c_fluxgemm,1.49606,1335,1
ag,gate_up,7168,4096,6144,gpu,19,c_cublas,1.39469,1335,1
ag,gate_up,7168,4096,6144,gpu,19,c_fluxgemm,1.49606,1335,1
ag,gate_up,7168,4096,6144,gpu,20,c_cublas,1.39469,1335,1
ag,gate_up,7168,4096,6144,gpu,20,c_fluxgemm,1.49606,1335,1
ag,gate_up,7168,4096,6144,gpu,21,c_cublas,1.39469,1335,1
ag,gate_up,7168,4096,6144,gpu,21,c_fluxgemm,1.49402,1335,1
ag,gate_up,7168,4096,6144,gpu,22,c_cublas,1.39469,1335,1
ag,gate_up,7168,4096,6144,gpu,22,c_fluxgemm,1.49402,1335,1
ag,gate_up,7168,4096,6144,gpu,23,c_cublas,1.39469,1335,1
ag,gate_up,7168,4096,6144,gpu,23,c_fluxgemm,1.49299,1335,1
ag,gate_up,7168,4096,6144,gpu,24,c_cublas,1.39366,1335,1
ag,gate_up,7168,4096,6144,gpu,24,c_fluxgemm,1.49402,1335,1
ag,gate_up,7168,4096,6144,gpu,25,c_cublas,1.39264,1335,1
ag,gate_up,7168,4096,6144,gpu,25,c_fluxgemm,1.49402,1335,1
ag,gate_up,7168,4096,6144,gpu,26,c_cublas,1.39469,1335,1
ag,gate_up,7168,4096,6144,gpu,26,c_fluxgemm,1.49402,1335,1
ag,gate_up,7168,4096,6144,gpu,27,c_cublas,1.39469,1335,1
ag,gate_up,7168,4096,6144,gpu,27,c_fluxgemm,1.49504,1335,1
ag,gate_up,7168,4096,6144,gpu,28,c_cublas,1.39366,1335,1
ag,gate_up,7168,4096,6144,gpu,28,c_fluxgemm,1.49299,1335,1
ag,gate_up,7168,4096,6144,gpu,29,c_cublas,1.39264,1335,1
ag,gate_up,7168,4096,6144,gpu,29,c_fluxgemm,1.49197,1335,1
ag,gate_up,7168,4096,6144,gpu,30,c_cublas,1.39469,1335,1
ag,gate_up,7168,4096,6144,gpu,30,c_fluxgemm,1.49606,1335,1
ag,gate_up,7168,4096,6144,gpu,31,c_cublas,1.39366,1335,1
ag,gate_up,7168,4096,6144,gpu,31,c_fluxgemm,1.49299,1335,1
ag,gate_up,7168,4096,6144,gpu,32,c_cublas,1.39366,1335,1
ag,gate_up,7168,4096,6144,gpu,32,c_fluxgemm,1.49402,1335,1
ag,gate_up,7168,4096,6144,gpu,33,c_cublas,1.39366,1335,1
ag,gate_up,7168,4096,6144,gpu,33,c_fluxgemm,1.49402,1335,1
ag,gate_up,7168,4096,6144,gpu,34,c_cublas,1.39571,1335,1
ag,gate_up,7168,4096,6144,gpu,34,c_fluxgemm,1.49299,1335,1
ag,gate_up,7168,4096,6144,gpu,35,c_cublas,1.39366,1335,1
ag,gate_up,7168,4096,6144,gpu,35,c_fluxgemm,1.49299,1335,1
ag,gate_up,7168,4096,6144,gpu,36,c_cublas,1.39264,1335,1
ag,gate_up,7168,4096,6144,gpu,36,c_fluxgemm,1.49197,1335,1
ag,gate_up,7168,4096,6144,gpu,37,c_cublas,1.39264,1335,1
ag,gate_up,7168,4096,6144,gpu,37,c_fluxgemm,1.49402,1335,1
ag,gate_up,7168,4096,6144,gpu,38,c_cublas,1.39469,1335,1
ag,gate_up,7168,4096,6144,gpu,38,c_fluxgemm,1.49197,1335,1
ag,gate_up,7168,4096,6144,gpu,39,c_cublas,1.39264,1335,1
ag,gate_up,7168,4096,6144,gpu,39,c_fluxgemm,1.49299,1335,1
ag,gate_up,7168,4096,6144,gpu,40,c_cublas,1.39469,1335,1
ag,gate_up,7168,4096,6144,gpu,40,c_fluxgemm,1.49299,1335,1
ag,gate_up,7168,4096,6144,gpu,41,c_cublas,1.39264,1335,1
ag,gate_up,7168,4096,6144,gpu,41,c_fluxgemm,1.49402,1335,1
ag,gate_up,7168,4096,6144,gpu,42,c_cublas,1.39469,1335,1
ag,gate_up,7168,4096,6144,gpu,42,c_fluxgemm,1.49402,1335,1
ag,gate_up,7168,4096,6144,gpu,43,c_cublas,1.39366,1335,1
ag,gate_up,7168,4096,6144,gpu,43,c_fluxgemm,1.49402,1335,1
ag,gate_up,7168,4096,6144,gpu,44,c_cublas,1.39264,1335,1
ag,gate_up,7168,4096,6144,gpu,44,c_fluxgemm,1.49299,1335,1
ag,gate_up,7168,4096,6144,gpu,45,c_cublas,1.39366,1335,1
ag,gate_up,7168,4096,6144,gpu,45,c_fluxgemm,1.49606,1335,1
ag,gate_up,7168,4096,6144,gpu,46,c_cublas,1.39366,1335,1
ag,gate_up,7168,4096,6144,gpu,46,c_fluxgemm,1.49402,1335,1
ag,gate_up,7168,4096,6144,gpu,47,c_cublas,1.39366,1335,1
ag,gate_up,7168,4096,6144,gpu,47,c_fluxgemm,1.49504,1335,1
ag,gate_up,7168,4096,6144,gpu,48,c_cublas,1.39264,1335,1
ag,gate_up,7168,4096,6144,gpu,48,c_fluxgemm,1.49299,1335,1
ag,gate_up,7168,4096,6144,gpu,49,c_cublas,1.39264,1335,1
ag,gate_up,7168,4096,6144,gpu,49,c_fluxgemm,1.49197,1335,1
ag,gate_up,7168,4096,6144,steady,0,c_cublas,1.51283,0,1
ag,gate_up,7168,4096,6144,steady,0,c_fluxgemm,1.62272,0,1
ag,gate_up,7168,4096,6144,steady,1,c_cublas,1.50163,1230,1
ag,gate_up,7168,4096,6144,steady,1,c_fluxgemm,1.57882,1230,1
ag,gate_up,7168,4096,6144,steady,2,c_cublas,1.48934,1245,1
ag,gate_up,7168,4096,6144,steady,2,c_fluxgemm,1.59194,1245,1
ag,gate_up,7168,4096,6144,steady,3,c_cublas,1.48915,1245,1
ag,gate_up,7168,4096,6144,steady,3,c_fluxgemm,1.59661,1245,1
ag,gate_up,7168,4096,6144,steady,4,c_cublas,1.48922,1245,1
ag,gate_up,7168,4096,6144,steady,4,c_fluxgemm,1.59622,1245,1
ag,gate_up,7168,4096,6144,steady,5,c_cublas,1.48922,1245,1
ag,gate_up,7168,4096,6144,steady,5,c_fluxgemm,1.59648,1245,1
ag,gate_up,7168,4096,6144,steady,6,c_cublas,1.49146,1245,1
ag,gate_up,7168,4096,6144,steady,6,c_fluxgemm,1.59379,1245,1
ag,gate_up,7168,4096,6144,steady,7,c_cublas,1.49171,1245,1
ag,gate_up,7168,4096,6144,steady,7,c_fluxgemm,1.60518,1245,1
ag,gate_up,7168,4096,6144,steady,8,c_cublas,1.50733,1230,1
ag,gate_up,7168,4096,6144,steady,8,c_fluxgemm,1.61434,1230,1
ag,gate_up,7168,4096,6144,steady,9,c_cublas,1.50490,1245,1
ag,gate_up,7168,4096,6144,steady,9,c_fluxgemm,1.59392,1245,1
ag,gate_up,7168,4096,6144,steady,10,c_cublas,1.49139,1245,1
ag,gate_up,7168,4096,6144,steady,10,c_fluxgemm,1.59430,1245,1
ag,gate_up,7168,4096,6144,steady,11,c_cublas,1.49165,1245,1
ag,gate_up,7168,4096,6144,steady,11,c_fluxgemm,1.59443,1245,1
ag,gate_up,7168,4096,6144,steady,12,c_cublas,1.50534,1245,1
ag,gate_up,7168,4096,6144,steady,12,c_fluxgemm,1.59571,1245,1
ag,gate_up,7168,4096,6144,steady,13,c_cublas,1.50586,1230,1
ag,gate_up,7168,4096,6144,steady,13,c_fluxgemm,1.59411,1230,1
ag,gate_up,7168,4096,6144,steady,14,c_cublas,1.49274,1245,1
ag,gate_up,7168,4096,6144,steady,14,c_fluxgemm,1.59424,1245,1
ag,gate_up,7168,4096,6144,steady,15,c_cublas,1.50752,1245,1
ag,gate_up,7168,4096,6144,steady,15,c_fluxgemm,1.59802,1245,1
ag,gate_up,7168,4096,6144,steady,16,c_cublas,1.50131,1245,1
ag,gate_up,7168,4096,6144,steady,16,c_fluxgemm,1.59443,1245,1
ag,gate_up,7168,4096,6144,steady,17,c_cublas,1.49158,1245,1
ag,gate_up,7168,4096,6144,steady,17,c_fluxgemm,1.60218,1245,1
ag,gate_up,7168,4096,6144,steady,18,c_cublas,1.49683,1245,1
ag,gate_up,7168,4096,6144,steady,18,c_fluxgemm,1.60198,1245,1
ag,gate_up,7168,4096,6144,steady,19,c_cublas,1.50746,1230,1
ag,gate_up,7168,4096,6144,steady,19,c_fluxgemm,1.61952,1230,1
rs,o,4096,1024,24,gpu,0,c_cublas,0.01741,0,1
rs,o,4096,1024,24,gpu,0,c_fluxgemm_only,0.04608,0,1
rs,o,4096,1024,24,gpu,1,c_cublas,0.01741,0,1
rs,o,4096,1024,24,gpu,1,c_fluxgemm_only,0.02458,0,1
rs,o,4096,1024,24,gpu,2,c_cublas,0.01741,0,1
rs,o,4096,1024,24,gpu,2,c_fluxgemm_only,0.02662,0,1
rs,o,4096,1024,24,gpu,3,c_cublas,0.01741,0,1
rs,o,4096,1024,24,gpu,3,c_fluxgemm_only,0.02560,0,1
rs,o,4096,1024,24,gpu,4,c_cublas,0.01741,0,1
rs,o,4096,1024,24,gpu,4,c_fluxgemm_only,0.02560,0,1
rs,o,4096,1024,24,gpu,5,c_cublas,0.01638,0,1
rs,o,4096,1024,24,gpu,5,c_fluxgemm_only,0.02458,0,1
rs,o,4096,1024,24,gpu,6,c_cublas,0.01638,0,1
rs,o,4096,1024,24,gpu,6,c_fluxgemm_only,0.02560,0,1
rs,o,4096,1024,24,gpu,7,c_cublas,0.01741,0,1
rs,o,4096,1024,24,gpu,7,c_fluxgemm_only,0.02560,0,1
rs,o,4096,1024,24,gpu,8,c_cublas,0.01638,0,1
rs,o,4096,1024,24,gpu,8,c_fluxgemm_only,0.02662,0,1
rs,o,4096,1024,24,gpu,9,c_cublas,0.01638,0,1
rs,o,4096,1024,24,gpu,9,c_fluxgemm_only,0.02560,0,1
rs,o,4096,1024,24,gpu,10,c_cublas,0.01741,0,1
rs,o,4096,1024,24,gpu,10,c_fluxgemm_only,0.02662,0,1
rs,o,4096,1024,24,gpu,11,c_cublas,0.01638,0,1
rs,o,4096,1024,24,gpu,11,c_fluxgemm_only,0.02560,0,1
rs,o,4096,1024,24,gpu,12,c_cublas,0.01741,0,1
rs,o,4096,1024,24,gpu,12,c_fluxgemm_only,0.02560,0,1
rs,o,4096,1024,24,gpu,13,c_cublas,0.01741,0,1
rs,o,4096,1024,24,gpu,13,c_fluxgemm_only,0.02560,0,1
rs,o,4096,1024,24,gpu,14,c_cublas,0.01741,0,1
rs,o,4096,1024,24,gpu,14,c_fluxgemm_only,0.02560,0,1
rs,o,4096,1024,24,gpu,15,c_cublas,0.01741,0,1
rs,o,4096,1024,24,gpu,15,c_fluxgemm_only,0.02458,0,1
rs,o,4096,1024,24,gpu,16,c_cublas,0.01741,0,1
rs,o,4096,1024,24,gpu,16,c_fluxgemm_only,0.02560,0,1
rs,o,4096,1024,24,gpu,17,c_cublas,0.01638,0,1
rs,o,4096,1024,24,gpu,17,c_fluxgemm_only,0.02560,0,1
rs,o,4096,1024,24,gpu,18,c_cublas,0.01843,0,1
rs,o,4096,1024,24,gpu,18,c_fluxgemm_only,0.02560,0,1
rs,o,4096,1024,24,gpu,19,c_cublas,0.01741,0,1
rs,o,4096,1024,24,gpu,19,c_fluxgemm_only,0.02458,0,1
rs,o,4096,1024,24,gpu,20,c_cublas,0.01843,0,1
rs,o,4096,1024,24,gpu,20,c_fluxgemm_only,0.02458,0,1
rs,o,4096,1024,24,gpu,21,c_cublas,0.01638,0,1
rs,o,4096,1024,24,gpu,21,c_fluxgemm_only,0.02560,0,1
rs,o,4096,1024,24,gpu,22,c_cublas,0.01741,0,1
rs,o,4096,1024,24,gpu,22,c_fluxgemm_only,0.02662,0,1
rs,o,4096,1024,24,gpu,23,c_cublas,0.01638,0,1
rs,o,4096,1024,24,gpu,23,c_fluxgemm_only,0.02458,0,1
rs,o,4096,1024,24,gpu,24,c_cublas,0.01843,0,1
rs,o,4096,1024,24,gpu,24,c_fluxgemm_only,0.02458,0,1
rs,o,4096,1024,24,gpu,25,c_cublas,0.01638,0,1
rs,o,4096,1024,24,gpu,25,c_fluxgemm_only,0.02458,0,1
rs,o,4096,1024,24,gpu,26,c_cublas,0.01638,0,1
rs,o,4096,1024,24,gpu,26,c_fluxgemm_only,0.02662,0,1
rs,o,4096,1024,24,gpu,27,c_cublas,0.01638,0,1
rs,o,4096,1024,24,gpu,27,c_fluxgemm_only,0.02458,0,1
rs,o,4096,1024,24,gpu,28,c_cublas,0.01843,0,1
rs,o,4096,1024,24,gpu,28,c_fluxgemm_only,0.02560,0,1
rs,o,4096,1024,24,gpu,29,c_cublas,0.01741,0,1
rs,o,4096,1024,24,gpu,29,c_fluxgemm_only,0.02560,0,1
rs,o,4096,1024,24,gpu,30,c_cublas,0.01638,0,1
rs,o,4096,1024,24,gpu,30,c_fluxgemm_only,0.02662,0,1
rs,o,4096,1024,24,gpu,31,c_cublas,0.01638,0,1
rs,o,4096,1024,24,gpu,31,c_fluxgemm_only,0.02560,0,1
rs,o,4096,1024,24,gpu,32,c_cublas,0.01638,0,1
rs,o,4096,1024,24,gpu,32,c_fluxgemm_only,0.02560,0,1
rs,o,4096,1024,24,gpu,33,c_cublas,0.01741,0,1
rs,o,4096,1024,24,gpu,33,c_fluxgemm_only,0.02458,0,1
rs,o,4096,1024,24,gpu,34,c_cublas,0.01741,0,1
rs,o,4096,1024,24,gpu,34,c_fluxgemm_only,0.02458,0,1
rs,o,4096,1024,24,gpu,35,c_cublas,0.01638,0,1
rs,o,4096,1024,24,gpu,35,c_fluxgemm_only,0.02458,0,1
rs,o,4096,1024,24,gpu,36,c_cublas,0.01741,0,1
rs,o,4096,1024,24,gpu,36,c_fluxgemm_only,0.02662,0,1
rs,o,4096,1024,24,gpu,37,c_cublas,0.01741,0,1
rs,o,4096,1024,24,gpu,37,c_fluxgemm_only,0.02458,0,1
rs,o,4096,1024,24,gpu,38,c_cublas,0.01638,0,1
rs,o,4096,1024,24,gpu,38,c_fluxgemm_only,0.02560,0,1
rs,o,4096,1024,24,gpu,39,c_cublas,0.01638,0,1
rs,o,4096,1024,24,gpu,39,c_fluxgemm_only,0.02458,0,1
rs,o,4096,1024,24,gpu,40,c_cublas,0.01638,0,1
rs,o,4096,1024,24,gpu,40,c_fluxgemm_only,0.02560,0,1
rs,o,4096,1024,24,gpu,41,c_cublas,0.01741,0,1
rs,o,4096,1024,24,gpu,41,c_fluxgemm_only,0.02458,0,1
rs,o,4096,1024,24,gpu,42,c_cublas,0.01843,0,1
rs,o,4096,1024,24,gpu,42,c_fluxgemm_only,0.02560,0,1
rs,o,4096,1024,24,gpu,43,c_cublas,0.01638,0,1
rs,o,4096,1024,24,gpu,43,c_fluxgemm_only,0.02458,0,1
rs,o,4096,1024,24,gpu,44,c_cublas,0.01638,0,1
rs,o,4096,1024,24,gpu,44,c_fluxgemm_only,0.02560,0,1
rs,o,4096,1024,24,gpu,45,c_cublas,0.01638,0,1
rs,o,4096,1024,24,gpu,45,c_fluxgemm_only,0.02560,0,1
rs,o,4096,1024,24,gpu,46,c_cublas,0.01638,0,1
rs,o,4096,1024,24,gpu,46,c_fluxgemm_only,0.02662,0,1
rs,o,4096,1024,24,gpu,47,c_cublas,0.01638,0,1
rs,o,4096,1024,24,gpu,47,c_fluxgemm_only,0.02458,0,1
rs,o,4096,1024,24,gpu,48,c_cublas,0.01638,0,1
rs,o,4096,1024,24,gpu,48,c_fluxgemm_only,0.02560,0,1
rs,o,4096,1024,24,gpu,49,c_cublas,0.01638,0,1
rs,o,4096,1024,24,gpu,49,c_fluxgemm_only,0.02458,0,1
rs,o,4096,1024,24,steady,0,c_cublas,0.01165,0,1
rs,o,4096,1024,24,steady,0,c_fluxgemm_only,0.02163,0,1
rs,o,4096,1024,24,steady,1,c_cublas,0.01280,0,1
rs,o,4096,1024,24,steady,1,c_fluxgemm_only,0.02125,0,1
rs,o,4096,1024,24,steady,2,c_cublas,0.01165,0,1
rs,o,4096,1024,24,steady,2,c_fluxgemm_only,0.02131,0,1
rs,o,4096,1024,24,steady,3,c_cublas,0.01293,0,1
rs,o,4096,1024,24,steady,3,c_fluxgemm_only,0.02086,0,1
rs,o,4096,1024,24,steady,4,c_cublas,0.01325,0,1
rs,o,4096,1024,24,steady,4,c_fluxgemm_only,0.02125,0,1
rs,o,4096,1024,24,steady,5,c_cublas,0.01274,0,1
rs,o,4096,1024,24,steady,5,c_fluxgemm_only,0.02118,0,1
rs,o,4096,1024,24,steady,6,c_cublas,0.01165,0,1
rs,o,4096,1024,24,steady,6,c_fluxgemm_only,0.02112,0,1
rs,o,4096,1024,24,steady,7,c_cublas,0.01171,0,1
rs,o,4096,1024,24,steady,7,c_fluxgemm_only,0.02106,0,1
rs,o,4096,1024,24,steady,8,c_cublas,0.01171,0,1
rs,o,4096,1024,24,steady,8,c_fluxgemm_only,0.02106,0,1
rs,o,4096,1024,24,steady,9,c_cublas,0.01267,0,1
rs,o,4096,1024,24,steady,9,c_fluxgemm_only,0.02099,0,1
rs,o,4096,1024,24,steady,10,c_cublas,0.01331,0,1
rs,o,4096,1024,24,steady,10,c_fluxgemm_only,0.02086,0,1
rs,o,4096,1024,24,steady,11,c_cublas,0.01216,0,1
rs,o,4096,1024,24,steady,11,c_fluxgemm_only,0.02106,0,1
rs,o,4096,1024,24,steady,12,c_cublas,0.01165,0,1
rs,o,4096,1024,24,steady,12,c_fluxgemm_only,0.02099,0,1
rs,o,4096,1024,24,steady,13,c_cublas,0.01171,0,1
rs,o,4096,1024,24,steady,13,c_fluxgemm_only,0.02138,0,1
rs,o,4096,1024,24,steady,14,c_cublas,0.01350,0,1
rs,o,4096,1024,24,steady,14,c_fluxgemm_only,0.02099,0,1
rs,o,4096,1024,24,steady,15,c_cublas,0.01248,0,1
rs,o,4096,1024,24,steady,15,c_fluxgemm_only,0.02067,0,1
rs,o,4096,1024,24,steady,16,c_cublas,0.01338,0,1
rs,o,4096,1024,24,steady,16,c_fluxgemm_only,0.02138,0,1
rs,o,4096,1024,24,steady,17,c_cublas,0.01286,0,1
rs,o,4096,1024,24,steady,17,c_fluxgemm_only,0.02131,0,1
rs,o,4096,1024,24,steady,18,c_cublas,0.01363,0,1
rs,o,4096,1024,24,steady,18,c_fluxgemm_only,0.02125,0,1
rs,o,4096,1024,24,steady,19,c_cublas,0.01235,0,1
rs,o,4096,1024,24,steady,19,c_fluxgemm_only,0.02150,0,1
rs,o,4096,1024,96,gpu,0,c_cublas,0.01946,0,1
rs,o,4096,1024,96,gpu,0,c_fluxgemm_only,0.05018,0,1
rs,o,4096,1024,96,gpu,1,c_cublas,0.02048,0,1
rs,o,4096,1024,96,gpu,1,c_fluxgemm_only,0.02560,0,1
rs,o,4096,1024,96,gpu,2,c_cublas,0.01946,0,1
rs,o,4096,1024,96,gpu,2,c_fluxgemm_only,0.02458,0,1
rs,o,4096,1024,96,gpu,3,c_cublas,0.01843,0,1
rs,o,4096,1024,96,gpu,3,c_fluxgemm_only,0.02662,0,1
rs,o,4096,1024,96,gpu,4,c_cublas,0.01843,0,1
rs,o,4096,1024,96,gpu,4,c_fluxgemm_only,0.02458,0,1
rs,o,4096,1024,96,gpu,5,c_cublas,0.01843,0,1
rs,o,4096,1024,96,gpu,5,c_fluxgemm_only,0.02662,0,1
rs,o,4096,1024,96,gpu,6,c_cublas,0.01843,0,1
rs,o,4096,1024,96,gpu,6,c_fluxgemm_only,0.02458,0,1
rs,o,4096,1024,96,gpu,7,c_cublas,0.01946,0,1
rs,o,4096,1024,96,gpu,7,c_fluxgemm_only,0.02458,0,1
rs,o,4096,1024,96,gpu,8,c_cublas,0.01843,0,1
rs,o,4096,1024,96,gpu,8,c_fluxgemm_only,0.02458,0,1
rs,o,4096,1024,96,gpu,9,c_cublas,0.02048,0,1
rs,o,4096,1024,96,gpu,9,c_fluxgemm_only,0.02458,0,1
rs,o,4096,1024,96,gpu,10,c_cublas,0.01843,0,1
rs,o,4096,1024,96,gpu,10,c_fluxgemm_only,0.02560,0,1
rs,o,4096,1024,96,gpu,11,c_cublas,0.01843,0,1
rs,o,4096,1024,96,gpu,11,c_fluxgemm_only,0.02662,0,1
rs,o,4096,1024,96,gpu,12,c_cublas,0.01843,0,1
rs,o,4096,1024,96,gpu,12,c_fluxgemm_only,0.02560,0,1
rs,o,4096,1024,96,gpu,13,c_cublas,0.02048,0,1
rs,o,4096,1024,96,gpu,13,c_fluxgemm_only,0.02560,0,1
rs,o,4096,1024,96,gpu,14,c_cublas,0.01843,0,1
rs,o,4096,1024,96,gpu,14,c_fluxgemm_only,0.02458,0,1
rs,o,4096,1024,96,gpu,15,c_cublas,0.01946,0,1
rs,o,4096,1024,96,gpu,15,c_fluxgemm_only,0.02458,0,1
rs,o,4096,1024,96,gpu,16,c_cublas,0.01946,0,1
rs,o,4096,1024,96,gpu,16,c_fluxgemm_only,0.02458,0,1
rs,o,4096,1024,96,gpu,17,c_cublas,0.01946,0,1
rs,o,4096,1024,96,gpu,17,c_fluxgemm_only,0.02662,0,1
rs,o,4096,1024,96,gpu,18,c_cublas,0.01843,0,1
rs,o,4096,1024,96,gpu,18,c_fluxgemm_only,0.02458,0,1
rs,o,4096,1024,96,gpu,19,c_cublas,0.01946,0,1
rs,o,4096,1024,96,gpu,19,c_fluxgemm_only,0.02560,0,1
rs,o,4096,1024,96,gpu,20,c_cublas,0.01843,0,1
rs,o,4096,1024,96,gpu,20,c_fluxgemm_only,0.02458,0,1
rs,o,4096,1024,96,gpu,21,c_cublas,0.01843,0,1
rs,o,4096,1024,96,gpu,21,c_fluxgemm_only,0.02662,0,1
rs,o,4096,1024,96,gpu,22,c_cublas,0.01946,0,1
rs,o,4096,1024,96,gpu,22,c_fluxgemm_only,0.02458,0,1
rs,o,4096,1024,96,gpu,23,c_cublas,0.01946,0,1
rs,o,4096,1024,96,gpu,23,c_fluxgemm_only,0.02560,0,1
rs,o,4096,1024,96,gpu,24,c_cublas,0.01946,0,1
rs,o,4096,1024,96,gpu,24,c_fluxgemm_only,0.02560,0,1
rs,o,4096,1024,96,gpu,25,c_cublas,0.01843,0,1
rs,o,4096,1024,96,gpu,25,c_fluxgemm_only,0.02662,0,1
rs,o,4096,1024,96,gpu,26,c_cublas,0.01946,0,1
rs,o,4096,1024,96,gpu,26,c_fluxgemm_only,0.02560,0,1
rs,o,4096,1024,96,gpu,27,c_cublas,0.01946,0,1
rs,o,4096,1024,96,gpu,27,c_fluxgemm_only,0.02458,0,1
rs,o,4096,1024,96,gpu,28,c_cublas,0.01843,0,1
rs,o,4096,1024,96,gpu,28,c_fluxgemm_only,0.02560,0,1
rs,o,4096,1024,96,gpu,29,c_cublas,0.01843,0,1
rs,o,4096,1024,96,gpu,29,c_fluxgemm_only,0.02662,0,1
rs,o,4096,1024,96,gpu,30,c_cublas,0.10752,0,1
rs,o,4096,1024,96,gpu,30,c_fluxgemm_only,0.02560,0,1
rs,o,4096,1024,96,gpu,31,c_cublas,0.01843,0,1
rs,o,4096,1024,96,gpu,31,c_fluxgemm_only,0.02560,0,1
rs,o,4096,1024,96,gpu,32,c_cublas,0.01843,0,1
rs,o,4096,1024,96,gpu,32,c_fluxgemm_only,0.02560,0,1
rs,o,4096,1024,96,gpu,33,c_cublas,0.01946,0,1
rs,o,4096,1024,96,gpu,33,c_fluxgemm_only,0.02458,0,1
rs,o,4096,1024,96,gpu,34,c_cublas,0.01843,0,1
rs,o,4096,1024,96,gpu,34,c_fluxgemm_only,0.02560,0,1
rs,o,4096,1024,96,gpu,35,c_cublas,0.02048,0,1
rs,o,4096,1024,96,gpu,35,c_fluxgemm_only,0.02560,0,1
rs,o,4096,1024,96,gpu,36,c_cublas,0.01946,0,1
rs,o,4096,1024,96,gpu,36,c_fluxgemm_only,0.02560,0,1
rs,o,4096,1024,96,gpu,37,c_cublas,0.01946,0,1
rs,o,4096,1024,96,gpu,37,c_fluxgemm_only,0.02458,0,1
rs,o,4096,1024,96,gpu,38,c_cublas,0.01843,0,1
rs,o,4096,1024,96,gpu,38,c_fluxgemm_only,0.02560,0,1
rs,o,4096,1024,96,gpu,39,c_cublas,0.01946,0,1
rs,o,4096,1024,96,gpu,39,c_fluxgemm_only,0.04301,0,1
rs,o,4096,1024,96,gpu,40,c_cublas,0.01946,0,1
rs,o,4096,1024,96,gpu,40,c_fluxgemm_only,0.02458,0,1
rs,o,4096,1024,96,gpu,41,c_cublas,0.01946,0,1
rs,o,4096,1024,96,gpu,41,c_fluxgemm_only,0.02560,0,1
rs,o,4096,1024,96,gpu,42,c_cublas,0.01946,0,1
rs,o,4096,1024,96,gpu,42,c_fluxgemm_only,0.02560,0,1
rs,o,4096,1024,96,gpu,43,c_cublas,0.01843,0,1
rs,o,4096,1024,96,gpu,43,c_fluxgemm_only,0.02662,0,1
rs,o,4096,1024,96,gpu,44,c_cublas,0.01843,0,1
rs,o,4096,1024,96,gpu,44,c_fluxgemm_only,0.02560,0,1
rs,o,4096,1024,96,gpu,45,c_cublas,0.02048,0,1
rs,o,4096,1024,96,gpu,45,c_fluxgemm_only,0.02560,0,1
rs,o,4096,1024,96,gpu,46,c_cublas,0.01946,0,1
rs,o,4096,1024,96,gpu,46,c_fluxgemm_only,0.02458,0,1
rs,o,4096,1024,96,gpu,47,c_cublas,0.01946,0,1
rs,o,4096,1024,96,gpu,47,c_fluxgemm_only,0.02458,0,1
rs,o,4096,1024,96,gpu,48,c_cublas,0.01843,0,1
rs,o,4096,1024,96,gpu,48,c_fluxgemm_only,0.02560,0,1
rs,o,4096,1024,96,gpu,49,c_cublas,0.02048,0,1
rs,o,4096,1024,96,gpu,49,c_fluxgemm_only,0.02458,0,1
rs,o,4096,1024,96,steady,0,c_cublas,0.01952,0,1
rs,o,4096,1024,96,steady,0,c_fluxgemm_only,0.02208,0,1
rs,o,4096,1024,96,steady,1,c_cublas,0.01914,0,1
rs,o,4096,1024,96,steady,1,c_fluxgemm_only,0.02195,0,1
rs,o,4096,1024,96,steady,2,c_cublas,0.01869,0,1
rs,o,4096,1024,96,steady,2,c_fluxgemm_only,0.02240,0,1
rs,o,4096,1024,96,steady,3,c_cublas,0.01850,0,1
rs,o,4096,1024,96,steady,3,c_fluxgemm_only,0.02182,0,1
rs,o,4096,1024,96,steady,4,c_cublas,0.01811,0,1
rs,o,4096,1024,96,steady,4,c_fluxgemm_only,0.02285,0,1
rs,o,4096,1024,96,steady,5,c_cublas,0.01862,0,1
rs,o,4096,1024,96,steady,5,c_fluxgemm_only,0.02138,0,1
rs,o,4096,1024,96,steady,6,c_cublas,0.01862,0,1
rs,o,4096,1024,96,steady,6,c_fluxgemm_only,0.02150,0,1
rs,o,4096,1024,96,steady,7,c_cublas,0.01862,0,1
rs,o,4096,1024,96,steady,7,c_fluxgemm_only,0.02144,0,1
rs,o,4096,1024,96,steady,8,c_cublas,0.01875,0,1
rs,o,4096,1024,96,steady,8,c_fluxgemm_only,0.02150,0,1
rs,o,4096,1024,96,steady,9,c_cublas,0.01894,0,1
rs,o,4096,1024,96,steady,9,c_fluxgemm_only,0.02150,0,1
rs,o,4096,1024,96,steady,10,c_cublas,0.01805,0,1
rs,o,4096,1024,96,steady,10,c_fluxgemm_only,0.02170,0,1
rs,o,4096,1024,96,steady,11,c_cublas,0.01850,0,1
rs,o,4096,1024,96,steady,11,c_fluxgemm_only,0.02099,0,1
rs,o,4096,1024,96,steady,12,c_cublas,0.01811,0,1
rs,o,4096,1024,96,steady,12,c_fluxgemm_only,0.02150,0,1
rs,o,4096,1024,96,steady,13,c_cublas,0.01773,0,1
rs,o,4096,1024,96,steady,13,c_fluxgemm_only,0.02131,0,1
rs,o,4096,1024,96,steady,14,c_cublas,0.01850,0,1
rs,o,4096,1024,96,steady,14,c_fluxgemm_only,0.02144,0,1
rs,o,4096,1024,96,steady,15,c_cublas,0.01856,0,1
rs,o,4096,1024,96,steady,15,c_fluxgemm_only,0.02138,0,1
rs,o,4096,1024,96,steady,16,c_cublas,0.01862,0,1
rs,o,4096,1024,96,steady,16,c_fluxgemm_only,0.02093,0,1
rs,o,4096,1024,96,steady,17,c_cublas,0.01773,0,1
rs,o,4096,1024,96,steady,17,c_fluxgemm_only,0.02144,0,1
rs,o,4096,1024,96,steady,18,c_cublas,0.01824,0,1
rs,o,4096,1024,96,steady,18,c_fluxgemm_only,0.02131,0,1
rs,o,4096,1024,96,steady,19,c_cublas,0.01747,0,1
rs,o,4096,1024,96,steady,19,c_fluxgemm_only,0.02099,0,1
rs,o,4096,1024,200,gpu,0,c_cublas,0.02355,0,1
rs,o,4096,1024,200,gpu,0,c_fluxgemm_only,0.03174,0,1
rs,o,4096,1024,200,gpu,1,c_cublas,0.02355,0,1
rs,o,4096,1024,200,gpu,1,c_fluxgemm_only,0.03277,0,1
rs,o,4096,1024,200,gpu,2,c_cublas,0.02458,0,1
rs,o,4096,1024,200,gpu,2,c_fluxgemm_only,0.03174,0,1
rs,o,4096,1024,200,gpu,3,c_cublas,0.02560,0,1
rs,o,4096,1024,200,gpu,3,c_fluxgemm_only,0.03174,0,1
rs,o,4096,1024,200,gpu,4,c_cublas,0.02355,0,1
rs,o,4096,1024,200,gpu,4,c_fluxgemm_only,0.03072,0,1
rs,o,4096,1024,200,gpu,5,c_cublas,0.02355,0,1
rs,o,4096,1024,200,gpu,5,c_fluxgemm_only,0.03277,0,1
rs,o,4096,1024,200,gpu,6,c_cublas,0.02355,0,1
rs,o,4096,1024,200,gpu,6,c_fluxgemm_only,0.03174,0,1
rs,o,4096,1024,200,gpu,7,c_cublas,0.02458,0,1
rs,o,4096,1024,200,gpu,7,c_fluxgemm_only,0.03174,0,1
rs,o,4096,1024,200,gpu,8,c_cublas,0.02458,0,1
rs,o,4096,1024,200,gpu,8,c_fluxgemm_only,0.03174,0,1
rs,o,4096,1024,200,gpu,9,c_cublas,0.02355,0,1
rs,o,4096,1024,200,gpu,9,c_fluxgemm_only,0.03277,0,1
rs,o,4096,1024,200,gpu,10,c_cublas,0.02355,0,1
rs,o,4096,1024,200,gpu,10,c_fluxgemm_only,0.03174,0,1
rs,o,4096,1024,200,gpu,11,c_cublas,0.02355,0,1
rs,o,4096,1024,200,gpu,11,c_fluxgemm_only,0.03277,0,1
rs,o,4096,1024,200,gpu,12,c_cublas,0.02355,0,1
rs,o,4096,1024,200,gpu,12,c_fluxgemm_only,0.03174,0,1
rs,o,4096,1024,200,gpu,13,c_cublas,0.02355,0,1
rs,o,4096,1024,200,gpu,13,c_fluxgemm_only,0.03277,0,1
rs,o,4096,1024,200,gpu,14,c_cublas,0.02355,0,1
rs,o,4096,1024,200,gpu,14,c_fluxgemm_only,0.03174,0,1
rs,o,4096,1024,200,gpu,15,c_cublas,0.02355,0,1
rs,o,4096,1024,200,gpu,15,c_fluxgemm_only,0.03277,0,1
rs,o,4096,1024,200,gpu,16,c_cublas,0.02458,0,1
rs,o,4096,1024,200,gpu,16,c_fluxgemm_only,0.03174,0,1
rs,o,4096,1024,200,gpu,17,c_cublas,0.02458,0,1
rs,o,4096,1024,200,gpu,17,c_fluxgemm_only,0.03174,0,1
rs,o,4096,1024,200,gpu,18,c_cublas,0.02355,0,1
rs,o,4096,1024,200,gpu,18,c_fluxgemm_only,0.03174,0,1
rs,o,4096,1024,200,gpu,19,c_cublas,0.02458,0,1
rs,o,4096,1024,200,gpu,19,c_fluxgemm_only,0.03277,0,1
rs,o,4096,1024,200,gpu,20,c_cublas,0.02355,0,1
rs,o,4096,1024,200,gpu,20,c_fluxgemm_only,0.03174,0,1
rs,o,4096,1024,200,gpu,21,c_cublas,0.02560,0,1
rs,o,4096,1024,200,gpu,21,c_fluxgemm_only,0.03174,0,1
rs,o,4096,1024,200,gpu,22,c_cublas,0.02458,0,1
rs,o,4096,1024,200,gpu,22,c_fluxgemm_only,0.03174,0,1
rs,o,4096,1024,200,gpu,23,c_cublas,0.02355,0,1
rs,o,4096,1024,200,gpu,23,c_fluxgemm_only,0.03277,0,1
rs,o,4096,1024,200,gpu,24,c_cublas,0.02458,0,1
rs,o,4096,1024,200,gpu,24,c_fluxgemm_only,0.03174,0,1
rs,o,4096,1024,200,gpu,25,c_cublas,0.02458,0,1
rs,o,4096,1024,200,gpu,25,c_fluxgemm_only,0.03174,0,1
rs,o,4096,1024,200,gpu,26,c_cublas,0.02355,0,1
rs,o,4096,1024,200,gpu,26,c_fluxgemm_only,0.03174,0,1
rs,o,4096,1024,200,gpu,27,c_cublas,0.02560,0,1
rs,o,4096,1024,200,gpu,27,c_fluxgemm_only,0.03174,0,1
rs,o,4096,1024,200,gpu,28,c_cublas,0.02458,0,1
rs,o,4096,1024,200,gpu,28,c_fluxgemm_only,0.03174,0,1
rs,o,4096,1024,200,gpu,29,c_cublas,0.02458,0,1
rs,o,4096,1024,200,gpu,29,c_fluxgemm_only,0.03277,0,1
rs,o,4096,1024,200,gpu,30,c_cublas,0.02355,0,1
rs,o,4096,1024,200,gpu,30,c_fluxgemm_only,0.03174,0,1
rs,o,4096,1024,200,gpu,31,c_cublas,0.02560,0,1
rs,o,4096,1024,200,gpu,31,c_fluxgemm_only,0.03174,0,1
rs,o,4096,1024,200,gpu,32,c_cublas,0.02355,0,1
rs,o,4096,1024,200,gpu,32,c_fluxgemm_only,0.03277,0,1
rs,o,4096,1024,200,gpu,33,c_cublas,0.05427,0,1
rs,o,4096,1024,200,gpu,33,c_fluxgemm_only,0.03174,0,1
rs,o,4096,1024,200,gpu,34,c_cublas,0.02458,0,1
rs,o,4096,1024,200,gpu,34,c_fluxgemm_only,0.03072,0,1
rs,o,4096,1024,200,gpu,35,c_cublas,0.02355,0,1
rs,o,4096,1024,200,gpu,35,c_fluxgemm_only,0.03277,0,1
rs,o,4096,1024,200,gpu,36,c_cublas,0.02355,0,1
rs,o,4096,1024,200,gpu,36,c_fluxgemm_only,0.03072,0,1
rs,o,4096,1024,200,gpu,37,c_cublas,0.02458,0,1
rs,o,4096,1024,200,gpu,37,c_fluxgemm_only,0.03277,0,1
rs,o,4096,1024,200,gpu,38,c_cublas,0.02355,0,1
rs,o,4096,1024,200,gpu,38,c_fluxgemm_only,0.03277,0,1
rs,o,4096,1024,200,gpu,39,c_cublas,0.02355,0,1
rs,o,4096,1024,200,gpu,39,c_fluxgemm_only,0.03277,0,1
rs,o,4096,1024,200,gpu,40,c_cublas,0.02355,0,1
rs,o,4096,1024,200,gpu,40,c_fluxgemm_only,0.03174,0,1
rs,o,4096,1024,200,gpu,41,c_cublas,0.02560,0,1
rs,o,4096,1024,200,gpu,41,c_fluxgemm_only,0.03174,0,1
rs,o,4096,1024,200,gpu,42,c_cublas,0.02458,0,1
rs,o,4096,1024,200,gpu,42,c_fluxgemm_only,0.04813,0,1
rs,o,4096,1024,200,gpu,43,c_cublas,0.02355,0,1
rs,o,4096,1024,200,gpu,43,c_fluxgemm_only,0.03174,0,1
rs,o,4096,1024,200,gpu,44,c_cublas,0.02355,0,1
rs,o,4096,1024,200,gpu,44,c_fluxgemm_only,0.03174,0,1
rs,o,4096,1024,200,gpu,45,c_cublas,0.02458,0,1
rs,o,4096,1024,200,gpu,45,c_fluxgemm_only,0.03072,0,1
rs,o,4096,1024,200,gpu,46,c_cublas,0.02355,0,1
rs,o,4096,1024,200,gpu,46,c_fluxgemm_only,0.03072,0,1
rs,o,4096,1024,200,gpu,47,c_cublas,0.02355,0,1
rs,o,4096,1024,200,gpu,47,c_fluxgemm_only,0.03277,0,1
rs,o,4096,1024,200,gpu,48,c_cublas,0.02355,0,1
rs,o,4096,1024,200,gpu,48,c_fluxgemm_only,0.03174,0,1
rs,o,4096,1024,200,gpu,49,c_cublas,0.02458,0,1
rs,o,4096,1024,200,gpu,49,c_fluxgemm_only,0.03277,0,1
rs,o,4096,1024,200,steady,0,c_cublas,0.02227,0,1
rs,o,4096,1024,200,steady,0,c_fluxgemm_only,0.02848,0,1
rs,o,4096,1024,200,steady,1,c_cublas,0.02144,0,1
rs,o,4096,1024,200,steady,1,c_fluxgemm_only,0.02867,0,1
rs,o,4096,1024,200,steady,2,c_cublas,0.01952,0,1
rs,o,4096,1024,200,steady,2,c_fluxgemm_only,0.02829,0,1
rs,o,4096,1024,200,steady,3,c_cublas,0.01958,0,1
rs,o,4096,1024,200,steady,3,c_fluxgemm_only,0.02861,0,1
rs,o,4096,1024,200,steady,4,c_cublas,0.01958,0,1
rs,o,4096,1024,200,steady,4,c_fluxgemm_only,0.02854,0,1
rs,o,4096,1024,200,steady,5,c_cublas,0.02157,0,1
rs,o,4096,1024,200,steady,5,c_fluxgemm_only,0.02867,0,1
rs,o,4096,1024,200,steady,6,c_cublas,0.02195,0,1
rs,o,4096,1024,200,steady,6,c_fluxgemm_only,0.02854,0,1
rs,o,4096,1024,200,steady,7,c_cublas,0.02240,0,1
rs,o,4096,1024,200,steady,7,c_fluxgemm_only,0.02854,0,1
rs,o,4096,1024,200,steady,8,c_cublas,0.01958,0,1
rs,o,4096,1024,200,steady,8,c_fluxgemm_only,0.02810,0,1
rs,o,4096,1024,200,steady,9,c_cublas,0.02189,0,1
rs,o,4096,1024,200,steady,9,c_fluxgemm_only,0.02854,0,1
rs,o,4096,1024,200,steady,10,c_cublas,0.01958,0,1
rs,o,4096,1024,200,steady,10,c_fluxgemm_only,0.02822,0,1
rs,o,4096,1024,200,steady,11,c_cublas,0.01952,0,1
rs,o,4096,1024,200,steady,11,c_fluxgemm_only,0.02912,0,1
rs,o,4096,1024,200,steady,12,c_cublas,0.02118,0,1
rs,o,4096,1024,200,steady,12,c_fluxgemm_only,0.02803,0,1
rs,o,4096,1024,200,steady,13,c_cublas,0.02182,0,1
rs,o,4096,1024,200,steady,13,c_fluxgemm_only,0.02829,0,1
rs,o,4096,1024,200,steady,14,c_cublas,0.02202,0,1
rs,o,4096,1024,200,steady,14,c_fluxgemm_only,0.02765,0,1
rs,o,4096,1024,200,steady,15,c_cublas,0.01952,0,1
rs,o,4096,1024,200,steady,15,c_fluxgemm_only,0.02803,0,1
rs,o,4096,1024,200,steady,16,c_cublas,0.02118,0,1
rs,o,4096,1024,200,steady,16,c_fluxgemm_only,0.02733,0,1
rs,o,4096,1024,200,steady,17,c_cublas,0.01952,0,1
rs,o,4096,1024,200,steady,17,c_fluxgemm_only,0.02803,0,1
rs,o,4096,1024,200,steady,18,c_cublas,0.01952,0,1
rs,o,4096,1024,200,steady,18,c_fluxgemm_only,0.02835,0,1
rs,o,4096,1024,200,steady,19,c_cublas,0.01958,0,1
rs,o,4096,1024,200,steady,19,c_fluxgemm_only,0.02848,0,1
rs,o,4096,1024,384,gpu,0,c_cublas,0.03482,0,1
rs,o,4096,1024,384,gpu,0,c_fluxgemm_only,0.03072,0,1
rs,o,4096,1024,384,gpu,1,c_cublas,0.02458,0,1
rs,o,4096,1024,384,gpu,1,c_fluxgemm_only,0.02970,0,1
rs,o,4096,1024,384,gpu,2,c_cublas,0.02458,0,1
rs,o,4096,1024,384,gpu,2,c_fluxgemm_only,0.03072,0,1
rs,o,4096,1024,384,gpu,3,c_cublas,0.02458,0,1
rs,o,4096,1024,384,gpu,3,c_fluxgemm_only,0.02970,0,1
rs,o,4096,1024,384,gpu,4,c_cublas,0.02458,0,1
rs,o,4096,1024,384,gpu,4,c_fluxgemm_only,0.03072,0,1
rs,o,4096,1024,384,gpu,5,c_cublas,0.02458,0,1
rs,o,4096,1024,384,gpu,5,c_fluxgemm_only,0.02867,0,1
rs,o,4096,1024,384,gpu,6,c_cublas,0.02560,0,1
rs,o,4096,1024,384,gpu,6,c_fluxgemm_only,0.02970,0,1
rs,o,4096,1024,384,gpu,7,c_cublas,0.02458,0,1
rs,o,4096,1024,384,gpu,7,c_fluxgemm_only,0.02970,0,1
rs,o,4096,1024,384,gpu,8,c_cublas,0.02560,0,1
rs,o,4096,1024,384,gpu,8,c_fluxgemm_only,0.02867,0,1
rs,o,4096,1024,384,gpu,9,c_cublas,0.02458,0,1
rs,o,4096,1024,384,gpu,9,c_fluxgemm_only,0.02970,0,1
rs,o,4096,1024,384,gpu,10,c_cublas,0.02560,0,1
rs,o,4096,1024,384,gpu,10,c_fluxgemm_only,0.02867,0,1
rs,o,4096,1024,384,gpu,11,c_cublas,0.02355,0,1
rs,o,4096,1024,384,gpu,11,c_fluxgemm_only,0.02970,0,1
rs,o,4096,1024,384,gpu,12,c_cublas,0.02458,0,1
rs,o,4096,1024,384,gpu,12,c_fluxgemm_only,0.03072,0,1
rs,o,4096,1024,384,gpu,13,c_cublas,0.02458,0,1
rs,o,4096,1024,384,gpu,13,c_fluxgemm_only,0.02970,0,1
rs,o,4096,1024,384,gpu,14,c_cublas,0.02560,0,1
rs,o,4096,1024,384,gpu,14,c_fluxgemm_only,0.02970,0,1
rs,o,4096,1024,384,gpu,15,c_cublas,0.02458,0,1
rs,o,4096,1024,384,gpu,15,c_fluxgemm_only,0.02970,0,1
rs,o,4096,1024,384,gpu,16,c_cublas,0.02458,0,1
rs,o,4096,1024,384,gpu,16,c_fluxgemm_only,0.03072,0,1
rs,o,4096,1024,384,gpu,17,c_cublas,0.02458,0,1
rs,o,4096,1024,384,gpu,17,c_fluxgemm_only,0.02867,0,1
rs,o,4096,1024,384,gpu,18,c_cublas,0.06246,0,1
rs,o,4096,1024,384,gpu,18,c_fluxgemm_only,0.03174,0,1
rs,o,4096,1024,384,gpu,19,c_cublas,0.02458,0,1
rs,o,4096,1024,384,gpu,19,c_fluxgemm_only,0.02970,0,1
rs,o,4096,1024,384,gpu,20,c_cublas,0.02560,0,1
rs,o,4096,1024,384,gpu,20,c_fluxgemm_only,0.02867,0,1
rs,o,4096,1024,384,gpu,21,c_cublas,0.02458,0,1
rs,o,4096,1024,384,gpu,21,c_fluxgemm_only,0.02970,0,1
rs,o,4096,1024,384,gpu,22,c_cublas,0.02560,0,1
rs,o,4096,1024,384,gpu,22,c_fluxgemm_only,0.02970,0,1
rs,o,4096,1024,384,gpu,23,c_cublas,0.02458,0,1
rs,o,4096,1024,384,gpu,23,c_fluxgemm_only,0.02970,0,1
rs,o,4096,1024,384,gpu,24,c_cublas,0.02560,0,1
rs,o,4096,1024,384,gpu,24,c_fluxgemm_only,0.02970,0,1
rs,o,4096,1024,384,gpu,25,c_cublas,0.02458,0,1
rs,o,4096,1024,384,gpu,25,c_fluxgemm_only,0.02970,0,1
rs,o,4096,1024,384,gpu,26,c_cublas,0.02560,0,1
rs,o,4096,1024,384,gpu,26,c_fluxgemm_only,0.02970,0,1
rs,o,4096,1024,384,gpu,27,c_cublas,0.02458,0,1
rs,o,4096,1024,384,gpu,27,c_fluxgemm_only,0.02970,0,1
rs,o,4096,1024,384,gpu,28,c_cublas,0.06042,0,1
rs,o,4096,1024,384,gpu,28,c_fluxgemm_only,0.03072,0,1
rs,o,4096,1024,384,gpu,29,c_cublas,0.02458,0,1
rs,o,4096,1024,384,gpu,29,c_fluxgemm_only,0.02970,0,1
rs,o,4096,1024,384,gpu,30,c_cublas,0.02458,0,1
rs,o,4096,1024,384,gpu,30,c_fluxgemm_only,0.03072,0,1
rs,o,4096,1024,384,gpu,31,c_cublas,0.02458,0,1
rs,o,4096,1024,384,gpu,31,c_fluxgemm_only,0.02970,0,1
rs,o,4096,1024,384,gpu,32,c_cublas,0.02560,0,1
rs,o,4096,1024,384,gpu,32,c_fluxgemm_only,0.02970,0,1
rs,o,4096,1024,384,gpu,33,c_cublas,0.02458,0,1
rs,o,4096,1024,384,gpu,33,c_fluxgemm_only,0.02970,0,1
rs,o,4096,1024,384,gpu,34,c_cublas,0.02458,0,1
rs,o,4096,1024,384,gpu,34,c_fluxgemm_only,0.03072,0,1
rs,o,4096,1024,384,gpu,35,c_cublas,0.02458,0,1
rs,o,4096,1024,384,gpu,35,c_fluxgemm_only,0.02970,0,1
rs,o,4096,1024,384,gpu,36,c_cublas,0.02560,0,1
rs,o,4096,1024,384,gpu,36,c_fluxgemm_only,0.02970,0,1
rs,o,4096,1024,384,gpu,37,c_cublas,0.02458,0,1
rs,o,4096,1024,384,gpu,37,c_fluxgemm_only,0.02970,0,1
rs,o,4096,1024,384,gpu,38,c_cublas,0.02355,0,1
rs,o,4096,1024,384,gpu,38,c_fluxgemm_only,0.03072,0,1
rs,o,4096,1024,384,gpu,39,c_cublas,0.02458,0,1
rs,o,4096,1024,384,gpu,39,c_fluxgemm_only,0.02970,0,1
rs,o,4096,1024,384,gpu,40,c_cublas,0.02458,0,1
rs,o,4096,1024,384,gpu,40,c_fluxgemm_only,0.03072,0,1
rs,o,4096,1024,384,gpu,41,c_cublas,0.02458,0,1
rs,o,4096,1024,384,gpu,41,c_fluxgemm_only,0.02970,0,1
rs,o,4096,1024,384,gpu,42,c_cublas,0.02560,0,1
rs,o,4096,1024,384,gpu,42,c_fluxgemm_only,0.02970,0,1
rs,o,4096,1024,384,gpu,43,c_cublas,0.02458,0,1
rs,o,4096,1024,384,gpu,43,c_fluxgemm_only,0.02970,0,1
rs,o,4096,1024,384,gpu,44,c_cublas,0.02458,0,1
rs,o,4096,1024,384,gpu,44,c_fluxgemm_only,0.03072,0,1
rs,o,4096,1024,384,gpu,45,c_cublas,0.02458,0,1
rs,o,4096,1024,384,gpu,45,c_fluxgemm_only,0.02970,0,1
rs,o,4096,1024,384,gpu,46,c_cublas,0.02560,0,1
rs,o,4096,1024,384,gpu,46,c_fluxgemm_only,0.02970,0,1
rs,o,4096,1024,384,gpu,47,c_cublas,0.02458,0,1
rs,o,4096,1024,384,gpu,47,c_fluxgemm_only,0.02970,0,1
rs,o,4096,1024,384,gpu,48,c_cublas,0.02560,0,1
rs,o,4096,1024,384,gpu,48,c_fluxgemm_only,0.02970,0,1
rs,o,4096,1024,384,gpu,49,c_cublas,0.02458,0,1
rs,o,4096,1024,384,gpu,49,c_fluxgemm_only,0.02970,0,1
rs,o,4096,1024,384,steady,0,c_cublas,0.02010,0,1
rs,o,4096,1024,384,steady,0,c_fluxgemm_only,0.03066,0,1
rs,o,4096,1024,384,steady,1,c_cublas,0.02170,0,1
rs,o,4096,1024,384,steady,1,c_fluxgemm_only,0.02931,0,1
rs,o,4096,1024,384,steady,2,c_cublas,0.02016,0,1
rs,o,4096,1024,384,steady,2,c_fluxgemm_only,0.03021,0,1
rs,o,4096,1024,384,steady,3,c_cublas,0.02016,0,1
rs,o,4096,1024,384,steady,3,c_fluxgemm_only,0.03053,0,1
rs,o,4096,1024,384,steady,4,c_cublas,0.02010,0,1
rs,o,4096,1024,384,steady,4,c_fluxgemm_only,0.03046,0,1
rs,o,4096,1024,384,steady,5,c_cublas,0.02221,0,1
rs,o,4096,1024,384,steady,5,c_fluxgemm_only,0.02944,0,1
rs,o,4096,1024,384,steady,6,c_cublas,0.02214,0,1
rs,o,4096,1024,384,steady,6,c_fluxgemm_only,0.02938,0,1
rs,o,4096,1024,384,steady,7,c_cublas,0.02016,0,1
rs,o,4096,1024,384,steady,7,c_fluxgemm_only,0.03021,0,1
rs,o,4096,1024,384,steady,8,c_cublas,0.02010,0,1
rs,o,4096,1024,384,steady,8,c_fluxgemm_only,0.03053,0,1
rs,o,4096,1024,384,steady,9,c_cublas,0.02016,0,1
rs,o,4096,1024,384,steady,9,c_fluxgemm_only,0.03046,0,1
rs,o,4096,1024,384,steady,10,c_cublas,0.02163,0,1
rs,o,4096,1024,384,steady,10,c_fluxgemm_only,0.02931,0,1
rs,o,4096,1024,384,steady,11,c_cublas,0.02214,0,1
rs,o,4096,1024,384,steady,11,c_fluxgemm_only,0.02944,0,1
rs,o,4096,1024,384,steady,12,c_cublas,0.02208,0,1
rs,o,4096,1024,384,steady,12,c_fluxgemm_only,0.02938,0,1
rs,o,4096,1024,384,steady,13,c_cublas,0.02202,0,1
rs,o,4096,1024,384,steady,13,c_fluxgemm_only,0.02938,0,1
rs,o,4096,1024,384,steady,14,c_cublas,0.02202,0,1
rs,o,4096,1024,384,steady,14,c_fluxgemm_only,0.02931,0,1
rs,o,4096,1024,384,steady,15,c_cublas,0.02195,0,1
rs,o,4096,1024,384,steady,15,c_fluxgemm_only,0.02938,0,1
rs,o,4096,1024,384,steady,16,c_cublas,0.02182,0,1
rs,o,4096,1024,384,steady,16,c_fluxgemm_only,0.02944,0,1
rs,o,4096,1024,384,steady,17,c_cublas,0.02138,0,1
rs,o,4096,1024,384,steady,17,c_fluxgemm_only,0.02944,0,1
rs,o,4096,1024,384,steady,18,c_cublas,0.02010,0,1
rs,o,4096,1024,384,steady,18,c_fluxgemm_only,0.03014,0,1
rs,o,4096,1024,384,steady,19,c_cublas,0.02157,0,1
rs,o,4096,1024,384,steady,19,c_fluxgemm_only,0.02944,0,1
rs,o,4096,1024,768,gpu,0,c_cublas,0.03789,0,1
rs,o,4096,1024,768,gpu,0,c_fluxgemm_only,0.04403,0,1
rs,o,4096,1024,768,gpu,1,c_cublas,0.03789,0,1
rs,o,4096,1024,768,gpu,1,c_fluxgemm_only,0.04301,0,1
rs,o,4096,1024,768,gpu,2,c_cublas,0.03891,0,1
rs,o,4096,1024,768,gpu,2,c_fluxgemm_only,0.04301,0,1
rs,o,4096,1024,768,gpu,3,c_cublas,0.03789,0,1
rs,o,4096,1024,768,gpu,3,c_fluxgemm_only,0.04301,0,1
rs,o,4096,1024,768,gpu,4,c_cublas,0.03891,0,1
rs,o,4096,1024,768,gpu,4,c_fluxgemm_only,0.04301,0,1
rs,o,4096,1024,768,gpu,5,c_cublas,0.03686,0,1
rs,o,4096,1024,768,gpu,5,c_fluxgemm_only,0.04301,0,1
rs,o,4096,1024,768,gpu,6,c_cublas,0.03891,0,1
rs,o,4096,1024,768,gpu,6,c_fluxgemm_only,0.04301,0,1
rs,o,4096,1024,768,gpu,7,c_cublas,0.03686,0,1
rs,o,4096,1024,768,gpu,7,c_fluxgemm_only,0.04301,0,1
rs,o,4096,1024,768,gpu,8,c_cublas,0.03686,0,1
rs,o,4096,1024,768,gpu,8,c_fluxgemm_only,0.04403,0,1
rs,o,4096,1024,768,gpu,9,c_cublas,0.03789,0,1
rs,o,4096,1024,768,gpu,9,c_fluxgemm_only,0.04301,0,1
rs,o,4096,1024,768,gpu,10,c_cublas,0.03891,0,1
rs,o,4096,1024,768,gpu,10,c_fluxgemm_only,0.04301,0,1
rs,o,4096,1024,768,gpu,11,c_cublas,0.03789,0,1
rs,o,4096,1024,768,gpu,11,c_fluxgemm_only,0.04198,0,1
rs,o,4096,1024,768,gpu,12,c_cublas,0.03789,0,1
rs,o,4096,1024,768,gpu,12,c_fluxgemm_only,0.04403,0,1
rs,o,4096,1024,768,gpu,13,c_cublas,0.03789,0,1
rs,o,4096,1024,768,gpu,13,c_fluxgemm_only,0.04301,0,1
rs,o,4096,1024,768,gpu,14,c_cublas,0.03891,0,1
rs,o,4096,1024,768,gpu,14,c_fluxgemm_only,0.04301,0,1
rs,o,4096,1024,768,gpu,15,c_cublas,0.03789,0,1
rs,o,4096,1024,768,gpu,15,c_fluxgemm_only,0.04403,0,1
rs,o,4096,1024,768,gpu,16,c_cublas,0.03891,0,1
rs,o,4096,1024,768,gpu,16,c_fluxgemm_only,0.04301,0,1
rs,o,4096,1024,768,gpu,17,c_cublas,0.03789,0,1
rs,o,4096,1024,768,gpu,17,c_fluxgemm_only,0.04301,0,1
rs,o,4096,1024,768,gpu,18,c_cublas,0.03789,0,1
rs,o,4096,1024,768,gpu,18,c_fluxgemm_only,0.04403,0,1
rs,o,4096,1024,768,gpu,19,c_cublas,0.03789,0,1
rs,o,4096,1024,768,gpu,19,c_fluxgemm_only,0.04301,0,1
rs,o,4096,1024,768,gpu,20,c_cublas,0.03891,0,1
rs,o,4096,1024,768,gpu,20,c_fluxgemm_only,0.04301,0,1
rs,o,4096,1024,768,gpu,21,c_cublas,0.03789,0,1
rs,o,4096,1024,768,gpu,21,c_fluxgemm_only,0.04301,0,1
rs,o,4096,1024,768,gpu,22,c_cublas,0.03891,0,1
rs,o,4096,1024,768,gpu,22,c_fluxgemm_only,0.04301,0,1
rs,o,4096,1024,768,gpu,23,c_cublas,0.03789,0,1
rs,o,4096,1024,768,gpu,23,c_fluxgemm_only,0.04301,0,1
rs,o,4096,1024,768,gpu,24,c_cublas,0.03789,0,1
rs,o,4096,1024,768,gpu,24,c_fluxgemm_only,0.04403,0,1
rs,o,4096,1024,768,gpu,25,c_cublas,0.03686,0,1
rs,o,4096,1024,768,gpu,25,c_fluxgemm_only,0.04301,0,1
rs,o,4096,1024,768,gpu,26,c_cublas,0.03789,0,1
rs,o,4096,1024,768,gpu,26,c_fluxgemm_only,0.04403,0,1
rs,o,4096,1024,768,gpu,27,c_cublas,0.03789,0,1
rs,o,4096,1024,768,gpu,27,c_fluxgemm_only,0.04301,0,1
rs,o,4096,1024,768,gpu,28,c_cublas,0.03891,0,1
rs,o,4096,1024,768,gpu,28,c_fluxgemm_only,0.04301,0,1
rs,o,4096,1024,768,gpu,29,c_cublas,0.03789,0,1
rs,o,4096,1024,768,gpu,29,c_fluxgemm_only,0.04301,0,1
rs,o,4096,1024,768,gpu,30,c_cublas,0.03686,0,1
rs,o,4096,1024,768,gpu,30,c_fluxgemm_only,0.04403,0,1
rs,o,4096,1024,768,gpu,31,c_cublas,0.03686,0,1
rs,o,4096,1024,768,gpu,31,c_fluxgemm_only,0.04301,0,1
rs,o,4096,1024,768,gpu,32,c_cublas,0.03789,0,1
rs,o,4096,1024,768,gpu,32,c_fluxgemm_only,0.04301,0,1
rs,o,4096,1024,768,gpu,33,c_cublas,0.03789,0,1
rs,o,4096,1024,768,gpu,33,c_fluxgemm_only,0.04301,0,1
rs,o,4096,1024,768,gpu,34,c_cublas,0.03789,0,1
rs,o,4096,1024,768,gpu,34,c_fluxgemm_only,0.04301,0,1
rs,o,4096,1024,768,gpu,35,c_cublas,0.03789,0,1
rs,o,4096,1024,768,gpu,35,c_fluxgemm_only,0.04301,0,1
rs,o,4096,1024,768,gpu,36,c_cublas,0.03891,0,1
rs,o,4096,1024,768,gpu,36,c_fluxgemm_only,0.04301,0,1
rs,o,4096,1024,768,gpu,37,c_cublas,0.03686,0,1
rs,o,4096,1024,768,gpu,37,c_fluxgemm_only,0.04301,0,1
rs,o,4096,1024,768,gpu,38,c_cublas,0.03789,0,1
rs,o,4096,1024,768,gpu,38,c_fluxgemm_only,0.04403,0,1
rs,o,4096,1024,768,gpu,39,c_cublas,0.03686,0,1
rs,o,4096,1024,768,gpu,39,c_fluxgemm_only,0.04301,0,1
rs,o,4096,1024,768,gpu,40,c_cublas,0.03686,0,1
rs,o,4096,1024,768,gpu,40,c_fluxgemm_only,0.04403,0,1
rs,o,4096,1024,768,gpu,41,c_cublas,0.03686,0,1
rs,o,4096,1024,768,gpu,41,c_fluxgemm_only,0.04301,0,1
rs,o,4096,1024,768,gpu,42,c_cublas,0.03891,0,1
rs,o,4096,1024,768,gpu,42,c_fluxgemm_only,0.04198,0,1
rs,o,4096,1024,768,gpu,43,c_cublas,0.03789,0,1
rs,o,4096,1024,768,gpu,43,c_fluxgemm_only,0.04301,0,1
rs,o,4096,1024,768,gpu,44,c_cublas,0.03789,0,1
rs,o,4096,1024,768,gpu,44,c_fluxgemm_only,0.04403,0,1
rs,o,4096,1024,768,gpu,45,c_cublas,0.03789,0,1
rs,o,4096,1024,768,gpu,45,c_fluxgemm_only,0.04301,0,1
rs,o,4096,1024,768,gpu,46,c_cublas,0.03891,0,1
rs,o,4096,1024,768,gpu,46,c_fluxgemm_only,0.04301,0,1
rs,o,4096,1024,768,gpu,47,c_cublas,0.03789,0,1
rs,o,4096,1024,768,gpu,47,c_fluxgemm_only,0.04301,0,1
rs,o,4096,1024,768,gpu,48,c_cublas,0.03789,0,1
rs,o,4096,1024,768,gpu,48,c_fluxgemm_only,0.04403,0,1
rs,o,4096,1024,768,gpu,49,c_cublas,0.03789,0,1
rs,o,4096,1024,768,gpu,49,c_fluxgemm_only,0.04301,0,1
rs,o,4096,1024,768,steady,0,c_cublas,0.03341,0,1
rs,o,4096,1024,768,steady,0,c_fluxgemm_only,0.04461,0,1
rs,o,4096,1024,768,steady,1,c_cublas,0.03334,0,1
rs,o,4096,1024,768,steady,1,c_fluxgemm_only,0.04448,0,1
rs,o,4096,1024,768,steady,2,c_cublas,0.03488,0,1
rs,o,4096,1024,768,steady,2,c_fluxgemm_only,0.04365,0,1
rs,o,4096,1024,768,steady,3,c_cublas,0.03482,0,1
rs,o,4096,1024,768,steady,3,c_fluxgemm_only,0.04358,0,1
rs,o,4096,1024,768,steady,4,c_cublas,0.03334,0,1
rs,o,4096,1024,768,steady,4,c_fluxgemm_only,0.04384,0,1
rs,o,4096,1024,768,steady,5,c_cublas,0.03334,0,1
rs,o,4096,1024,768,steady,5,c_fluxgemm_only,0.04435,0,1
rs,o,4096,1024,768,steady,6,c_cublas,0.03334,0,1
rs,o,4096,1024,768,steady,6,c_fluxgemm_only,0.04435,0,1
rs,o,4096,1024,768,steady,7,c_cublas,0.03341,0,1
rs,o,4096,1024,768,steady,7,c_fluxgemm_only,0.04435,0,1
rs,o,4096,1024,768,steady,8,c_cublas,0.03456,0,1
rs,o,4096,1024,768,steady,8,c_fluxgemm_only,0.04358,0,1
rs,o,4096,1024,768,steady,9,c_cublas,0.03341,0,1
rs,o,4096,1024,768,steady,9,c_fluxgemm_only,0.04365,0,1
rs,o,4096,1024,768,steady,10,c_cublas,0.03334,0,1
rs,o,4096,1024,768,steady,10,c_fluxgemm_only,0.04435,0,1
rs,o,4096,1024,768,steady,11,c_cublas,0.03341,0,1
rs,o,4096,1024,768,steady,11,c_fluxgemm_only,0.04461,0,1
rs,o,4096,1024,768,steady,12,c_cublas,0.03334,0,1
rs,o,4096,1024,768,steady,12,c_fluxgemm_only,0.04448,0,1
rs,o,4096,1024,768,steady,13,c_cublas,0.03469,0,1
rs,o,4096,1024,768,steady,13,c_fluxgemm_only,0.04365,0,1
rs,o,4096,1024,768,steady,14,c_cublas,0.03488,0,1
rs,o,4096,1024,768,steady,14,c_fluxgemm_only,0.04365,0,1
rs,o,4096,1024,768,steady,15,c_cublas,0.03334,0,1
rs,o,4096,1024,768,steady,15,c_fluxgemm_only,0.04416,0,1
rs,o,4096,1024,768,steady,16,c_cublas,0.03482,0,1
rs,o,4096,1024,768,steady,16,c_fluxgemm_only,0.04346,0,1
rs,o,4096,1024,768,steady,17,c_cublas,0.03462,0,1
rs,o,4096,1024,768,steady,17,c_fluxgemm_only,0.04365,0,1
rs,o,4096,1024,768,steady,18,c_cublas,0.03469,0,1
rs,o,4096,1024,768,steady,18,c_fluxgemm_only,0.04358,0,1
rs,o,4096,1024,768,steady,19,c_cublas,0.03341,0,1
rs,o,4096,1024,768,steady,19,c_fluxgemm_only,0.04390,0,1
rs,o,4096,1024,1536,gpu,0,c_cublas,0.06656,0,1
rs,o,4096,1024,1536,gpu,0,c_fluxgemm_only,0.07475,0,1
rs,o,4096,1024,1536,gpu,1,c_cublas,0.06861,0,1
rs,o,4096,1024,1536,gpu,1,c_fluxgemm_only,0.07475,0,1
rs,o,4096,1024,1536,gpu,2,c_cublas,0.06656,0,1
rs,o,4096,1024,1536,gpu,2,c_fluxgemm_only,0.07475,0,1
rs,o,4096,1024,1536,gpu,3,c_cublas,0.06861,0,1
rs,o,4096,1024,1536,gpu,3,c_fluxgemm_only,0.07373,0,1
rs,o,4096,1024,1536,gpu,4,c_cublas,0.06758,0,1
rs,o,4096,1024,1536,gpu,4,c_fluxgemm_only,0.07373,0,1
rs,o,4096,1024,1536,gpu,5,c_cublas,0.06861,0,1
rs,o,4096,1024,1536,gpu,5,c_fluxgemm_only,0.07373,0,1
rs,o,4096,1024,1536,gpu,6,c_cublas,0.06758,0,1
rs,o,4096,1024,1536,gpu,6,c_fluxgemm_only,0.07475,0,1
rs,o,4096,1024,1536,gpu,7,c_cublas,0.09421,0,1
rs,o,4096,1024,1536,gpu,7,c_fluxgemm_only,0.07475,0,1
rs,o,4096,1024,1536,gpu,8,c_cublas,0.06758,0,1
rs,o,4096,1024,1536,gpu,8,c_fluxgemm_only,0.07373,0,1
rs,o,4096,1024,1536,gpu,9,c_cublas,0.06758,0,1
rs,o,4096,1024,1536,gpu,9,c_fluxgemm_only,0.07578,0,1
rs,o,4096,1024,1536,gpu,10,c_cublas,0.06758,0,1
rs,o,4096,1024,1536,gpu,10,c_fluxgemm_only,0.07475,0,1
rs,o,4096,1024,1536,gpu,11,c_cublas,0.06758,0,1
rs,o,4096,1024,1536,gpu,11,c_fluxgemm_only,0.07680,0,1
rs,o,4096,1024,1536,gpu,12,c_cublas,0.06758,0,1
rs,o,4096,1024,1536,gpu,12,c_fluxgemm_only,0.07373,0,1
rs,o,4096,1024,1536,gpu,13,c_cublas,0.06758,0,1
rs,o,4096,1024,1536,gpu,13,c_fluxgemm_only,0.07578,0,1
rs,o,4096,1024,1536,gpu,14,c_cublas,0.06758,0,1
rs,o,4096,1024,1536,gpu,14,c_fluxgemm_only,0.07373,0,1
rs,o,4096,1024,1536,gpu,15,c_cublas,0.06861,0,1
rs,o,4096,1024,1536,gpu,15,c_fluxgemm_only,0.07475,0,1
rs,o,4096,1024,1536,gpu,16,c_cublas,0.06758,0,1
rs,o,4096,1024,1536,gpu,16,c_fluxgemm_only,0.07373,0,1
rs,o,4096,1024,1536,gpu,17,c_cublas,0.06861,0,1
rs,o,4096,1024,1536,gpu,17,c_fluxgemm_only,0.07578,0,1
rs,o,4096,1024,1536,gpu,18,c_cublas,0.06758,0,1
rs,o,4096,1024,1536,gpu,18,c_fluxgemm_only,0.07373,0,1
rs,o,4096,1024,1536,gpu,19,c_cublas,0.06758,0,1
rs,o,4096,1024,1536,gpu,19,c_fluxgemm_only,0.07578,0,1
rs,o,4096,1024,1536,gpu,20,c_cublas,0.06758,0,1
rs,o,4096,1024,1536,gpu,20,c_fluxgemm_only,0.07373,0,1
rs,o,4096,1024,1536,gpu,21,c_cublas,0.06758,0,1
rs,o,4096,1024,1536,gpu,21,c_fluxgemm_only,0.07475,0,1
rs,o,4096,1024,1536,gpu,22,c_cublas,0.06758,0,1
rs,o,4096,1024,1536,gpu,22,c_fluxgemm_only,0.07475,0,1
rs,o,4096,1024,1536,gpu,23,c_cublas,0.06758,0,1
rs,o,4096,1024,1536,gpu,23,c_fluxgemm_only,0.07475,0,1
rs,o,4096,1024,1536,gpu,24,c_cublas,0.06656,0,1
rs,o,4096,1024,1536,gpu,24,c_fluxgemm_only,0.07475,0,1
rs,o,4096,1024,1536,gpu,25,c_cublas,0.06758,0,1
rs,o,4096,1024,1536,gpu,25,c_fluxgemm_only,0.07475,0,1
rs,o,4096,1024,1536,gpu,26,c_cublas,0.06656,0,1
rs,o,4096,1024,1536,gpu,26,c_fluxgemm_only,0.07475,0,1
rs,o,4096,1024,1536,gpu,27,c_cublas,0.06758,0,1
rs,o,4096,1024,1536,gpu,27,c_fluxgemm_only,0.07578,0,1
rs,o,4096,1024,1536,gpu,28,c_cublas,0.06758,0,1
rs,o,4096,1024,1536,gpu,28,c_fluxgemm_only,0.07475,0,1
rs,o,4096,1024,1536,gpu,29,c_cublas,0.06758,0,1
rs,o,4096,1024,1536,gpu,29,c_fluxgemm_only,0.07475,0,1
rs,o,4096,1024,1536,gpu,30,c_cublas,0.06758,0,1
rs,o,4096,1024,1536,gpu,30,c_fluxgemm_only,0.07373,0,1
rs,o,4096,1024,1536,gpu,31,c_cublas,0.06861,0,1
rs,o,4096,1024,1536,gpu,31,c_fluxgemm_only,0.07373,0,1
rs,o,4096,1024,1536,gpu,32,c_cublas,0.06758,0,1
rs,o,4096,1024,1536,gpu,32,c_fluxgemm_only,0.07475,0,1
rs,o,4096,1024,1536,gpu,33,c_cublas,0.06656,0,1
rs,o,4096,1024,1536,gpu,33,c_fluxgemm_only,0.07475,0,1
rs,o,4096,1024,1536,gpu,34,c_cublas,0.06758,0,1
rs,o,4096,1024,1536,gpu,34,c_fluxgemm_only,0.08909,0,1
rs,o,4096,1024,1536,gpu,35,c_cublas,0.06656,0,1
rs,o,4096,1024,1536,gpu,35,c_fluxgemm_only,0.07578,0,1
rs,o,4096,1024,1536,gpu,36,c_cublas,0.06758,0,1
rs,o,4096,1024,1536,gpu,36,c_fluxgemm_only,0.07475,0,1
rs,o,4096,1024,1536,gpu,37,c_cublas,0.06861,0,1
rs,o,4096,1024,1536,gpu,37,c_fluxgemm_only,0.07475,0,1
rs,o,4096,1024,1536,gpu,38,c_cublas,0.06758,0,1
rs,o,4096,1024,1536,gpu,38,c_fluxgemm_only,0.07475,0,1
rs,o,4096,1024,1536,gpu,39,c_cublas,0.06861,0,1
rs,o,4096,1024,1536,gpu,39,c_fluxgemm_only,0.07475,0,1
rs,o,4096,1024,1536,gpu,40,c_cublas,0.06758,0,1
rs,o,4096,1024,1536,gpu,40,c_fluxgemm_only,0.07373,0,1
rs,o,4096,1024,1536,gpu,41,c_cublas,0.06758,0,1
rs,o,4096,1024,1536,gpu,41,c_fluxgemm_only,0.07475,0,1
rs,o,4096,1024,1536,gpu,42,c_cublas,0.06656,0,1
rs,o,4096,1024,1536,gpu,42,c_fluxgemm_only,0.07373,0,1
rs,o,4096,1024,1536,gpu,43,c_cublas,0.09626,0,1
rs,o,4096,1024,1536,gpu,43,c_fluxgemm_only,0.07578,0,1
rs,o,4096,1024,1536,gpu,44,c_cublas,0.06656,0,1
rs,o,4096,1024,1536,gpu,44,c_fluxgemm_only,0.07475,0,1
rs,o,4096,1024,1536,gpu,45,c_cublas,0.06861,0,1
rs,o,4096,1024,1536,gpu,45,c_fluxgemm_only,0.07475,0,1
rs,o,4096,1024,1536,gpu,46,c_cublas,0.06656,0,1
rs,o,4096,1024,1536,gpu,46,c_fluxgemm_only,0.07373,0,1
rs,o,4096,1024,1536,gpu,47,c_cublas,0.06758,0,1
rs,o,4096,1024,1536,gpu,47,c_fluxgemm_only,0.07475,0,1
rs,o,4096,1024,1536,gpu,48,c_cublas,0.06758,0,1
rs,o,4096,1024,1536,gpu,48,c_fluxgemm_only,0.07475,0,1
rs,o,4096,1024,1536,gpu,49,c_cublas,0.06861,0,1
rs,o,4096,1024,1536,gpu,49,c_fluxgemm_only,0.07475,0,1
rs,o,4096,1024,1536,steady,0,c_cublas,0.06342,0,1
rs,o,4096,1024,1536,steady,0,c_fluxgemm_only,0.07597,0,1
rs,o,4096,1024,1536,steady,1,c_cublas,0.06458,0,1
rs,o,4096,1024,1536,steady,1,c_fluxgemm_only,0.07514,0,1
rs,o,4096,1024,1536,steady,2,c_cublas,0.06336,0,1
rs,o,4096,1024,1536,steady,2,c_fluxgemm_only,0.07546,0,1
rs,o,4096,1024,1536,steady,3,c_cublas,0.06458,0,1
rs,o,4096,1024,1536,steady,3,c_fluxgemm_only,0.07514,0,1
rs,o,4096,1024,1536,steady,4,c_cublas,0.06342,0,1
rs,o,4096,1024,1536,steady,4,c_fluxgemm_only,0.07552,0,1
rs,o,4096,1024,1536,steady,5,c_cublas,0.06330,0,1
rs,o,4096,1024,1536,steady,5,c_fluxgemm_only,0.07590,0,1
rs,o,4096,1024,1536,steady,6,c_cublas,0.06438,0,1
rs,o,4096,1024,1536,steady,6,c_fluxgemm_only,0.07514,0,1
rs,o,4096,1024,1536,steady,7,c_cublas,0.06509,0,1
rs,o,4096,1024,1536,steady,7,c_fluxgemm_only,0.07526,0,1
rs,o,4096,1024,1536,steady,8,c_cublas,0.06445,0,1
rs,o,4096,1024,1536,steady,8,c_fluxgemm_only,0.07526,0,1
rs,o,4096,1024,1536,steady,9,c_cublas,0.06464,0,1
rs,o,4096,1024,1536,steady,9,c_fluxgemm_only,0.07520,0,1
rs,o,4096,1024,1536,steady,10,c_cublas,0.06342,0,1
rs,o,4096,1024,1536,steady,10,c_fluxgemm_only,0.07539,0,1
rs,o,4096,1024,1536,steady,11,c_cublas,0.06451,0,1
rs,o,4096,1024,1536,steady,11,c_fluxgemm_only,0.07514,0,1
rs,o,4096,1024,1536,steady,12,c_cublas,0.06330,0,1
rs,o,4096,1024,1536,steady,12,c_fluxgemm_only,0.07552,0,1
rs,o,4096,1024,1536,steady,13,c_cublas,0.06451,0,1
rs,o,4096,1024,1536,steady,13,c_fluxgemm_only,0.07526,0,1
rs,o,4096,1024,1536,steady,14,c_cublas,0.06330,0,1
rs,o,4096,1024,1536,steady,14,c_fluxgemm_only,0.07533,0,1
rs,o,4096,1024,1536,steady,15,c_cublas,0.06330,0,1
rs,o,4096,1024,1536,steady,15,c_fluxgemm_only,0.07584,0,1
rs,o,4096,1024,1536,steady,16,c_cublas,0.06336,0,1
rs,o,4096,1024,1536,steady,16,c_fluxgemm_only,0.07584,0,1
rs,o,4096,1024,1536,steady,17,c_cublas,0.06451,0,1
rs,o,4096,1024,1536,steady,17,c_fluxgemm_only,0.07514,0,1
rs,o,4096,1024,1536,steady,18,c_cublas,0.06458,0,1
rs,o,4096,1024,1536,steady,18,c_fluxgemm_only,0.07526,0,1
rs,o,4096,1024,1536,steady,19,c_cublas,0.06336,0,1
rs,o,4096,1024,1536,steady,19,c_fluxgemm_only,0.07533,0,1
rs,o,4096,1024,2560,gpu,0,c_cublas,0.13414,0,1
rs,o,4096,1024,2560,gpu,0,c_fluxgemm_only,0.10445,0,1
rs,o,4096,1024,2560,gpu,1,c_cublas,0.09830,0,1
rs,o,4096,1024,2560,gpu,1,c_fluxgemm_only,0.10445,0,1
rs,o,4096,1024,2560,gpu,2,c_cublas,0.09830,0,1
rs,o,4096,1024,2560,gpu,2,c_fluxgemm_only,0.10445,0,1
rs,o,4096,1024,2560,gpu,3,c_cublas,0.09933,0,1
rs,o,4096,1024,2560,gpu,3,c_fluxgemm_only,0.10547,0,1
rs,o,4096,1024,2560,gpu,4,c_cublas,0.09830,0,1
rs,o,4096,1024,2560,gpu,4,c_fluxgemm_only,0.10445,0,1
rs,o,4096,1024,2560,gpu,5,c_cublas,0.09830,0,1
rs,o,4096,1024,2560,gpu,5,c_fluxgemm_only,0.10547,0,1
rs,o,4096,1024,2560,gpu,6,c_cublas,0.09830,0,1
rs,o,4096,1024,2560,gpu,6,c_fluxgemm_only,0.10445,0,1
rs,o,4096,1024,2560,gpu,7,c_cublas,0.09933,0,1
rs,o,4096,1024,2560,gpu,7,c_fluxgemm_only,0.10445,0,1
rs,o,4096,1024,2560,gpu,8,c_cublas,0.09830,0,1
rs,o,4096,1024,2560,gpu,8,c_fluxgemm_only,0.10445,0,1
rs,o,4096,1024,2560,gpu,9,c_cublas,0.09933,0,1
rs,o,4096,1024,2560,gpu,9,c_fluxgemm_only,0.10445,0,1
rs,o,4096,1024,2560,gpu,10,c_cublas,0.09728,0,1
rs,o,4096,1024,2560,gpu,10,c_fluxgemm_only,0.10547,0,1
rs,o,4096,1024,2560,gpu,11,c_cublas,0.09933,0,1
rs,o,4096,1024,2560,gpu,11,c_fluxgemm_only,0.10445,0,1
rs,o,4096,1024,2560,gpu,12,c_cublas,0.09830,0,1
rs,o,4096,1024,2560,gpu,12,c_fluxgemm_only,0.10445,0,1
rs,o,4096,1024,2560,gpu,13,c_cublas,0.09830,0,1
rs,o,4096,1024,2560,gpu,13,c_fluxgemm_only,0.10445,0,1
rs,o,4096,1024,2560,gpu,14,c_cublas,0.09830,0,1
rs,o,4096,1024,2560,gpu,14,c_fluxgemm_only,0.10445,0,1
rs,o,4096,1024,2560,gpu,15,c_cublas,0.09933,0,1
rs,o,4096,1024,2560,gpu,15,c_fluxgemm_only,0.10445,0,1
rs,o,4096,1024,2560,gpu,16,c_cublas,0.09830,0,1
rs,o,4096,1024,2560,gpu,16,c_fluxgemm_only,0.10547,0,1
rs,o,4096,1024,2560,gpu,17,c_cublas,0.09933,0,1
rs,o,4096,1024,2560,gpu,17,c_fluxgemm_only,0.10547,0,1
rs,o,4096,1024,2560,gpu,18,c_cublas,0.09728,0,1
rs,o,4096,1024,2560,gpu,18,c_fluxgemm_only,0.10445,0,1
rs,o,4096,1024,2560,gpu,19,c_cublas,0.09830,0,1
rs,o,4096,1024,2560,gpu,19,c_fluxgemm_only,0.10445,0,1
rs,o,4096,1024,2560,gpu,20,c_cublas,0.09728,0,1
rs,o,4096,1024,2560,gpu,20,c_fluxgemm_only,0.10445,0,1
rs,o,4096,1024,2560,gpu,21,c_cublas,0.09830,0,1
rs,o,4096,1024,2560,gpu,21,c_fluxgemm_only,0.10650,0,1
rs,o,4096,1024,2560,gpu,22,c_cublas,0.09728,0,1
rs,o,4096,1024,2560,gpu,22,c_fluxgemm_only,0.10650,0,1
rs,o,4096,1024,2560,gpu,23,c_cublas,0.09728,0,1
rs,o,4096,1024,2560,gpu,23,c_fluxgemm_only,0.10547,0,1
rs,o,4096,1024,2560,gpu,24,c_cublas,0.09728,0,1
rs,o,4096,1024,2560,gpu,24,c_fluxgemm_only,0.10547,0,1
rs,o,4096,1024,2560,gpu,25,c_cublas,0.09728,0,1
rs,o,4096,1024,2560,gpu,25,c_fluxgemm_only,0.10650,0,1
rs,o,4096,1024,2560,gpu,26,c_cublas,0.09728,0,1
rs,o,4096,1024,2560,gpu,26,c_fluxgemm_only,0.10445,0,1
rs,o,4096,1024,2560,gpu,27,c_cublas,0.09933,0,1
rs,o,4096,1024,2560,gpu,27,c_fluxgemm_only,0.10445,0,1
rs,o,4096,1024,2560,gpu,28,c_cublas,0.09830,0,1
rs,o,4096,1024,2560,gpu,28,c_fluxgemm_only,0.10547,0,1
rs,o,4096,1024,2560,gpu,29,c_cublas,0.09933,0,1
rs,o,4096,1024,2560,gpu,29,c_fluxgemm_only,0.10547,0,1
rs,o,4096,1024,2560,gpu,30,c_cublas,0.09830,0,1
rs,o,4096,1024,2560,gpu,30,c_fluxgemm_only,0.10547,0,1
rs,o,4096,1024,2560,gpu,31,c_cublas,0.09830,0,1
rs,o,4096,1024,2560,gpu,31,c_fluxgemm_only,0.10445,0,1
rs,o,4096,1024,2560,gpu,32,c_cublas,0.09830,0,1
rs,o,4096,1024,2560,gpu,32,c_fluxgemm_only,0.10445,0,1
rs,o,4096,1024,2560,gpu,33,c_cublas,0.09830,0,1
rs,o,4096,1024,2560,gpu,33,c_fluxgemm_only,0.10445,0,1
rs,o,4096,1024,2560,gpu,34,c_cublas,0.09728,0,1
rs,o,4096,1024,2560,gpu,34,c_fluxgemm_only,0.10547,0,1
rs,o,4096,1024,2560,gpu,35,c_cublas,0.09830,0,1
rs,o,4096,1024,2560,gpu,35,c_fluxgemm_only,0.10445,0,1
rs,o,4096,1024,2560,gpu,36,c_cublas,0.09728,0,1
rs,o,4096,1024,2560,gpu,36,c_fluxgemm_only,0.10445,0,1
rs,o,4096,1024,2560,gpu,37,c_cublas,0.09728,0,1
rs,o,4096,1024,2560,gpu,37,c_fluxgemm_only,0.10547,0,1
rs,o,4096,1024,2560,gpu,38,c_cublas,0.09728,0,1
rs,o,4096,1024,2560,gpu,38,c_fluxgemm_only,0.10445,0,1
rs,o,4096,1024,2560,gpu,39,c_cublas,0.09728,0,1
rs,o,4096,1024,2560,gpu,39,c_fluxgemm_only,0.10650,0,1
rs,o,4096,1024,2560,gpu,40,c_cublas,0.09728,0,1
rs,o,4096,1024,2560,gpu,40,c_fluxgemm_only,0.10445,0,1
rs,o,4096,1024,2560,gpu,41,c_cublas,0.09830,0,1
rs,o,4096,1024,2560,gpu,41,c_fluxgemm_only,0.10547,0,1
rs,o,4096,1024,2560,gpu,42,c_cublas,0.12698,0,1
rs,o,4096,1024,2560,gpu,42,c_fluxgemm_only,0.10547,0,1
rs,o,4096,1024,2560,gpu,43,c_cublas,0.09933,0,1
rs,o,4096,1024,2560,gpu,43,c_fluxgemm_only,0.10445,0,1
rs,o,4096,1024,2560,gpu,44,c_cublas,0.09728,0,1
rs,o,4096,1024,2560,gpu,44,c_fluxgemm_only,0.10445,0,1
rs,o,4096,1024,2560,gpu,45,c_cublas,0.09830,0,1
rs,o,4096,1024,2560,gpu,45,c_fluxgemm_only,0.10445,0,1
rs,o,4096,1024,2560,gpu,46,c_cublas,0.09728,0,1
rs,o,4096,1024,2560,gpu,46,c_fluxgemm_only,0.10547,0,1
rs,o,4096,1024,2560,gpu,47,c_cublas,0.09830,0,1
rs,o,4096,1024,2560,gpu,47,c_fluxgemm_only,0.10650,0,1
rs,o,4096,1024,2560,gpu,48,c_cublas,0.09728,0,1
rs,o,4096,1024,2560,gpu,48,c_fluxgemm_only,0.10445,0,1
rs,o,4096,1024,2560,gpu,49,c_cublas,0.09830,0,1
rs,o,4096,1024,2560,gpu,49,c_fluxgemm_only,0.11981,0,1
rs,o,4096,1024,2560,steady,0,c_cublas,0.10374,0,1
rs,o,4096,1024,2560,steady,0,c_fluxgemm_only,0.10726,0,1
rs,o,4096,1024,2560,steady,1,c_cublas,0.09779,0,1
rs,o,4096,1024,2560,steady,1,c_fluxgemm_only,0.10880,0,1
rs,o,4096,1024,2560,steady,2,c_cublas,0.09869,0,1
rs,o,4096,1024,2560,steady,2,c_fluxgemm_only,0.10880,0,1
rs,o,4096,1024,2560,steady,3,c_cublas,0.09926,0,1
rs,o,4096,1024,2560,steady,3,c_fluxgemm_only,0.10874,0,1
rs,o,4096,1024,2560,steady,4,c_cublas,0.09888,0,1
rs,o,4096,1024,2560,steady,4,c_fluxgemm_only,0.10880,0,1
rs,o,4096,1024,2560,steady,5,c_cublas,0.09850,0,1
rs,o,4096,1024,2560,steady,5,c_fluxgemm_only,0.10880,0,1
rs,o,4096,1024,2560,steady,6,c_cublas,0.09773,0,1
rs,o,4096,1024,2560,steady,6,c_fluxgemm_only,0.10893,0,1
rs,o,4096,1024,2560,steady,7,c_cublas,0.09990,0,1
rs,o,4096,1024,2560,steady,7,c_fluxgemm_only,0.11002,0,1
rs,o,4096,1024,2560,steady,8,c_cublas,0.09990,0,1
rs,o,4096,1024,2560,steady,8,c_fluxgemm_only,0.10995,0,1
rs,o,4096,1024,2560,steady,9,c_cublas,0.09984,0,1
rs,o,4096,1024,2560,steady,9,c_fluxgemm_only,0.11002,0,1
rs,o,4096,1024,2560,steady,10,c_cublas,0.09856,0,1
rs,o,4096,1024,2560,steady,10,c_fluxgemm_only,0.11008,0,1
rs,o,4096,1024,2560,steady,11,c_cublas,0.09856,0,1
rs,o,4096,1024,2560,steady,11,c_fluxgemm_only,0.11078,0,1
rs,o,4096,1024,2560,steady,12,c_cublas,0.09952,0,1
rs,o,4096,1024,2560,steady,12,c_fluxgemm_only,0.11117,0,1
rs,o,4096,1024,2560,steady,13,c_cublas,0.09958,0,1
rs,o,4096,1024,2560,steady,13,c_fluxgemm_only,0.11187,0,1
rs,o,4096,1024,2560,steady,14,c_cublas,0.10074,0,1
rs,o,4096,1024,2560,steady,14,c_fluxgemm_only,0.11098,0,1
rs,o,4096,1024,2560,steady,15,c_cublas,0.09958,0,1
rs,o,4096,1024,2560,steady,15,c_fluxgemm_only,0.11162,0,1
rs,o,4096,1024,2560,steady,16,c_cublas,0.09946,0,1
rs,o,4096,1024,2560,steady,16,c_fluxgemm_only,0.11187,0,1
rs,o,4096,1024,2560,steady,17,c_cublas,0.09952,0,1
rs,o,4096,1024,2560,steady,17,c_fluxgemm_only,0.11200,0,1
rs,o,4096,1024,2560,steady,18,c_cublas,0.10080,0,1
rs,o,4096,1024,2560,steady,18,c_fluxgemm_only,0.11117,0,1
rs,o,4096,1024,2560,steady,19,c_cublas,0.10067,0,1
rs,o,4096,1024,2560,steady,19,c_fluxgemm_only,0.11110,0,1
rs,o,4096,1024,6144,gpu,0,c_cublas,0.22118,0,1
rs,o,4096,1024,6144,gpu,0,c_fluxgemm_only,0.26010,0,1
rs,o,4096,1024,6144,gpu,1,c_cublas,0.22016,0,1
rs,o,4096,1024,6144,gpu,1,c_fluxgemm_only,0.24474,0,1
rs,o,4096,1024,6144,gpu,2,c_cublas,0.21914,0,1
rs,o,4096,1024,6144,gpu,2,c_fluxgemm_only,0.24576,0,1
rs,o,4096,1024,6144,gpu,3,c_cublas,0.22016,0,1
rs,o,4096,1024,6144,gpu,3,c_fluxgemm_only,0.24474,0,1
rs,o,4096,1024,6144,gpu,4,c_cublas,0.22016,0,1
rs,o,4096,1024,6144,gpu,4,c_fluxgemm_only,0.24678,0,1
rs,o,4096,1024,6144,gpu,5,c_cublas,0.22016,0,1
rs,o,4096,1024,6144,gpu,5,c_fluxgemm_only,0.24474,0,1
rs,o,4096,1024,6144,gpu,6,c_cublas,0.22016,0,1
rs,o,4096,1024,6144,gpu,6,c_fluxgemm_only,0.24576,0,1
rs,o,4096,1024,6144,gpu,7,c_cublas,0.21914,0,1
rs,o,4096,1024,6144,gpu,7,c_fluxgemm_only,0.24474,0,1
rs,o,4096,1024,6144,gpu,8,c_cublas,0.22016,0,1
rs,o,4096,1024,6144,gpu,8,c_fluxgemm_only,0.24576,0,1
rs,o,4096,1024,6144,gpu,9,c_cublas,0.22016,0,1
rs,o,4096,1024,6144,gpu,9,c_fluxgemm_only,0.24474,0,1
rs,o,4096,1024,6144,gpu,10,c_cublas,0.22016,0,1
rs,o,4096,1024,6144,gpu,10,c_fluxgemm_only,0.24576,0,1
rs,o,4096,1024,6144,gpu,11,c_cublas,0.21914,0,1
rs,o,4096,1024,6144,gpu,11,c_fluxgemm_only,0.24474,0,1
rs,o,4096,1024,6144,gpu,12,c_cublas,0.22016,0,1
rs,o,4096,1024,6144,gpu,12,c_fluxgemm_only,0.24474,0,1
rs,o,4096,1024,6144,gpu,13,c_cublas,0.22016,0,1
rs,o,4096,1024,6144,gpu,13,c_fluxgemm_only,0.24474,0,1
rs,o,4096,1024,6144,gpu,14,c_cublas,0.21914,0,1
rs,o,4096,1024,6144,gpu,14,c_fluxgemm_only,0.24576,0,1
rs,o,4096,1024,6144,gpu,15,c_cublas,0.21914,0,1
rs,o,4096,1024,6144,gpu,15,c_fluxgemm_only,0.24474,0,1
rs,o,4096,1024,6144,gpu,16,c_cublas,0.21914,0,1
rs,o,4096,1024,6144,gpu,16,c_fluxgemm_only,0.24576,0,1
rs,o,4096,1024,6144,gpu,17,c_cublas,0.21914,0,1
rs,o,4096,1024,6144,gpu,17,c_fluxgemm_only,0.24474,0,1
rs,o,4096,1024,6144,gpu,18,c_cublas,0.22016,0,1
rs,o,4096,1024,6144,gpu,18,c_fluxgemm_only,0.24474,0,1
rs,o,4096,1024,6144,gpu,19,c_cublas,0.21914,0,1
rs,o,4096,1024,6144,gpu,19,c_fluxgemm_only,0.24474,0,1
rs,o,4096,1024,6144,gpu,20,c_cublas,0.21914,0,1
rs,o,4096,1024,6144,gpu,20,c_fluxgemm_only,0.24474,0,1
rs,o,4096,1024,6144,gpu,21,c_cublas,0.21811,0,1
rs,o,4096,1024,6144,gpu,21,c_fluxgemm_only,0.24269,0,1
rs,o,4096,1024,6144,gpu,22,c_cublas,0.21811,0,1
rs,o,4096,1024,6144,gpu,22,c_fluxgemm_only,0.24371,0,1
rs,o,4096,1024,6144,gpu,23,c_cublas,0.21811,0,1
rs,o,4096,1024,6144,gpu,23,c_fluxgemm_only,0.24269,0,1
rs,o,4096,1024,6144,gpu,24,c_cublas,0.21914,0,1
rs,o,4096,1024,6144,gpu,24,c_fluxgemm_only,0.24269,0,1
rs,o,4096,1024,6144,gpu,25,c_cublas,0.21811,0,1
rs,o,4096,1024,6144,gpu,25,c_fluxgemm_only,0.24269,0,1
rs,o,4096,1024,6144,gpu,26,c_cublas,0.21914,0,1
rs,o,4096,1024,6144,gpu,26,c_fluxgemm_only,0.24474,0,1
rs,o,4096,1024,6144,gpu,27,c_cublas,0.21914,0,1
rs,o,4096,1024,6144,gpu,27,c_fluxgemm_only,0.24269,0,1
rs,o,4096,1024,6144,gpu,28,c_cublas,0.21811,0,1
rs,o,4096,1024,6144,gpu,28,c_fluxgemm_only,0.24371,0,1
rs,o,4096,1024,6144,gpu,29,c_cublas,0.21811,0,1
rs,o,4096,1024,6144,gpu,29,c_fluxgemm_only,0.24269,0,1
rs,o,4096,1024,6144,gpu,30,c_cublas,0.22016,0,1
rs,o,4096,1024,6144,gpu,30,c_fluxgemm_only,0.24269,0,1
rs,o,4096,1024,6144,gpu,31,c_cublas,0.21914,0,1
rs,o,4096,1024,6144,gpu,31,c_fluxgemm_only,0.24269,0,1
rs,o,4096,1024,6144,gpu,32,c_cublas,0.21914,0,1
rs,o,4096,1024,6144,gpu,32,c_fluxgemm_only,0.24269,0,1
rs,o,4096,1024,6144,gpu,33,c_cublas,0.21811,0,1
rs,o,4096,1024,6144,gpu,33,c_fluxgemm_only,0.24269,0,1
rs,o,4096,1024,6144,gpu,34,c_cublas,0.21811,0,1
rs,o,4096,1024,6144,gpu,34,c_fluxgemm_only,0.24371,0,1
rs,o,4096,1024,6144,gpu,35,c_cublas,0.21811,0,1
rs,o,4096,1024,6144,gpu,35,c_fluxgemm_only,0.24269,0,1
rs,o,4096,1024,6144,gpu,36,c_cublas,0.21914,0,1
rs,o,4096,1024,6144,gpu,36,c_fluxgemm_only,0.24269,0,1
rs,o,4096,1024,6144,gpu,37,c_cublas,0.21811,0,1
rs,o,4096,1024,6144,gpu,37,c_fluxgemm_only,0.24269,0,1
rs,o,4096,1024,6144,gpu,38,c_cublas,0.22016,0,1
rs,o,4096,1024,6144,gpu,38,c_fluxgemm_only,0.24269,0,1
rs,o,4096,1024,6144,gpu,39,c_cublas,0.21811,0,1
rs,o,4096,1024,6144,gpu,39,c_fluxgemm_only,0.24269,0,1
rs,o,4096,1024,6144,gpu,40,c_cublas,0.22016,0,1
rs,o,4096,1024,6144,gpu,40,c_fluxgemm_only,0.24269,0,1
rs,o,4096,1024,6144,gpu,41,c_cublas,0.21914,0,1
rs,o,4096,1024,6144,gpu,41,c_fluxgemm_only,0.24269,0,1
rs,o,4096,1024,6144,gpu,42,c_cublas,0.21914,0,1
rs,o,4096,1024,6144,gpu,42,c_fluxgemm_only,0.24269,0,1
rs,o,4096,1024,6144,gpu,43,c_cublas,0.21914,0,1
rs,o,4096,1024,6144,gpu,43,c_fluxgemm_only,0.25702,0,1
rs,o,4096,1024,6144,gpu,44,c_cublas,0.21914,1410,1
rs,o,4096,1024,6144,gpu,44,c_fluxgemm_only,0.24269,1410,1
rs,o,4096,1024,6144,gpu,45,c_cublas,0.21811,1410,1
rs,o,4096,1024,6144,gpu,45,c_fluxgemm_only,0.24269,1410,1
rs,o,4096,1024,6144,gpu,46,c_cublas,0.22016,1410,1
rs,o,4096,1024,6144,gpu,46,c_fluxgemm_only,0.24269,1410,1
rs,o,4096,1024,6144,gpu,47,c_cublas,0.21811,1410,1
rs,o,4096,1024,6144,gpu,47,c_fluxgemm_only,0.24269,1410,1
rs,o,4096,1024,6144,gpu,48,c_cublas,0.21811,1410,1
rs,o,4096,1024,6144,gpu,48,c_fluxgemm_only,0.24269,1410,1
rs,o,4096,1024,6144,gpu,49,c_cublas,0.21811,1410,1
rs,o,4096,1024,6144,gpu,49,c_fluxgemm_only,0.25498,1410,1
rs,o,4096,1024,6144,steady,0,c_cublas,0.23750,0,1
rs,o,4096,1024,6144,steady,0,c_fluxgemm_only,0.26464,0,1
rs,o,4096,1024,6144,steady,1,c_cublas,0.23718,0,1
rs,o,4096,1024,6144,steady,1,c_fluxgemm_only,0.26490,0,1
rs,o,4096,1024,6144,steady,2,c_cublas,0.23520,0,1
rs,o,4096,1024,6144,steady,2,c_fluxgemm_only,0.26490,0,1
rs,o,4096,1024,6144,steady,3,c_cublas,0.23539,0,1
rs,o,4096,1024,6144,steady,3,c_fluxgemm_only,0.26528,0,1
rs,o,4096,1024,6144,steady,4,c_cublas,0.23526,0,1
rs,o,4096,1024,6144,steady,4,c_fluxgemm_only,0.26541,0,1
rs,o,4096,1024,6144,steady,5,c_cublas,0.23533,0,1
rs,o,4096,1024,6144,steady,5,c_fluxgemm_only,0.26534,0,1
rs,o,4096,1024,6144,steady,6,c_cublas,0.23539,0,1
rs,o,4096,1024,6144,steady,6,c_fluxgemm_only,0.26522,0,1
rs,o,4096,1024,6144,steady,7,c_cublas,0.23565,0,1
rs,o,4096,1024,6144,steady,7,c_fluxgemm_only,0.26509,0,1
rs,o,4096,1024,6144,steady,8,c_cublas,0.23558,0,1
rs,o,4096,1024,6144,steady,8,c_fluxgemm_only,0.26528,0,1
rs,o,4096,1024,6144,steady,9,c_cublas,0.23546,0,1
rs,o,4096,1024,6144,steady,9,c_fluxgemm_only,0.26547,0,1
rs,o,4096,1024,6144,steady,10,c_cublas,0.23552,0,1
rs,o,4096,1024,6144,steady,10,c_fluxgemm_only,0.26592,0,1
rs,o,4096,1024,6144,steady,11,c_cublas,0.23558,0,1
rs,o,4096,1024,6144,steady,11,c_fluxgemm_only,0.26554,0,1
rs,o,4096,1024,6144,steady,12,c_cublas,0.23635,0,1
rs,o,4096,1024,6144,steady,12,c_fluxgemm_only,0.26509,0,1
rs,o,4096,1024,6144,steady,13,c_cublas,0.23571,0,1
rs,o,4096,1024,6144,steady,13,c_fluxgemm_only,0.26496,0,1
rs,o,4096,1024,6144,steady,14,c_cublas,0.23661,0,1
rs,o,4096,1024,6144,steady,14,c_fluxgemm_only,0.26502,0,1
rs,o,4096,1024,6144,steady,15,c_cublas,0.23558,0,1
rs,o,4096,1024,6144,steady,15,c_fluxgemm_only,0.26490,0,1
rs,o,4096,1024,6144,steady,16,c_cublas,0.23552,0,1
rs,o,4096,1024,6144,steady,16,c_fluxgemm_only,0.26541,0,1
rs,o,4096,1024,6144,steady,17,c_cublas,0.23526,0,1
rs,o,4096,1024,6144,steady,17,c_fluxgemm_only,0.26534,0,1
rs,o,4096,1024,6144,steady,18,c_cublas,0.23552,0,1
rs,o,4096,1024,6144,steady,18,c_fluxgemm_only,0.26534,0,1
rs,o,4096,1024,6144,steady,19,c_cublas,0.23565,0,1
rs,o,4096,1024,6144,steady,19,c_fluxgemm_only,0.26560,0,1
rs,down,4096,3584,24,gpu,0,c_cublas,0.03686,0,1
rs,down,4096,3584,24,gpu,0,c_fluxgemm_only,0.04710,0,1
rs,down,4096,3584,24,gpu,1,c_cublas,0.03686,0,1
rs,down,4096,3584,24,gpu,1,c_fluxgemm_only,0.04608,0,1
rs,down,4096,3584,24,gpu,2,c_cublas,0.03891,0,1
rs,down,4096,3584,24,gpu,2,c_fluxgemm_only,0.04608,0,1
rs,down,4096,3584,24,gpu,3,c_cublas,0.03686,0,1
rs,down,4096,3584,24,gpu,3,c_fluxgemm_only,0.04608,0,1
rs,down,4096,3584,24,gpu,4,c_cublas,0.03686,0,1
rs,down,4096,3584,24,gpu,4,c_fluxgemm_only,0.04710,0,1
rs,down,4096,3584,24,gpu,5,c_cublas,0.03686,0,1
rs,down,4096,3584,24,gpu,5,c_fluxgemm_only,0.04608,0,1
rs,down,4096,3584,24,gpu,6,c_cublas,0.03789,0,1
rs,down,4096,3584,24,gpu,6,c_fluxgemm_only,0.04608,0,1
rs,down,4096,3584,24,gpu,7,c_cublas,0.03686,0,1
rs,down,4096,3584,24,gpu,7,c_fluxgemm_only,0.04608,0,1
rs,down,4096,3584,24,gpu,8,c_cublas,0.03789,0,1
rs,down,4096,3584,24,gpu,8,c_fluxgemm_only,0.04608,0,1
rs,down,4096,3584,24,gpu,9,c_cublas,0.03584,0,1
rs,down,4096,3584,24,gpu,9,c_fluxgemm_only,0.04608,0,1
rs,down,4096,3584,24,gpu,10,c_cublas,0.03686,0,1
rs,down,4096,3584,24,gpu,10,c_fluxgemm_only,0.04710,0,1
rs,down,4096,3584,24,gpu,11,c_cublas,0.03686,0,1
rs,down,4096,3584,24,gpu,11,c_fluxgemm_only,0.04710,0,1
rs,down,4096,3584,24,gpu,12,c_cublas,0.03789,0,1
rs,down,4096,3584,24,gpu,12,c_fluxgemm_only,0.04608,0,1
rs,down,4096,3584,24,gpu,13,c_cublas,0.03686,0,1
rs,down,4096,3584,24,gpu,13,c_fluxgemm_only,0.04608,0,1
rs,down,4096,3584,24,gpu,14,c_cublas,0.03686,0,1
rs,down,4096,3584,24,gpu,14,c_fluxgemm_only,0.04710,0,1
rs,down,4096,3584,24,gpu,15,c_cublas,0.03584,0,1
rs,down,4096,3584,24,gpu,15,c_fluxgemm_only,0.04608,0,1
rs,down,4096,3584,24,gpu,16,c_cublas,0.03686,0,1
rs,down,4096,3584,24,gpu,16,c_fluxgemm_only,0.04710,0,1
rs,down,4096,3584,24,gpu,17,c_cublas,0.03686,0,1
rs,down,4096,3584,24,gpu,17,c_fluxgemm_only,0.04608,0,1
rs,down,4096,3584,24,gpu,18,c_cublas,0.03686,0,1
rs,down,4096,3584,24,gpu,18,c_fluxgemm_only,0.04710,0,1
rs,down,4096,3584,24,gpu,19,c_cublas,0.03686,0,1
rs,down,4096,3584,24,gpu,19,c_fluxgemm_only,0.04608,0,1
rs,down,4096,3584,24,gpu,20,c_cublas,0.03686,0,1
rs,down,4096,3584,24,gpu,20,c_fluxgemm_only,0.04710,0,1
rs,down,4096,3584,24,gpu,21,c_cublas,0.03686,0,1
rs,down,4096,3584,24,gpu,21,c_fluxgemm_only,0.04608,0,1
rs,down,4096,3584,24,gpu,22,c_cublas,0.03686,0,1
rs,down,4096,3584,24,gpu,22,c_fluxgemm_only,0.04710,0,1
rs,down,4096,3584,24,gpu,23,c_cublas,0.03686,0,1
rs,down,4096,3584,24,gpu,23,c_fluxgemm_only,0.04506,0,1
rs,down,4096,3584,24,gpu,24,c_cublas,0.03789,0,1
rs,down,4096,3584,24,gpu,24,c_fluxgemm_only,0.04608,0,1
rs,down,4096,3584,24,gpu,25,c_cublas,0.03686,0,1
rs,down,4096,3584,24,gpu,25,c_fluxgemm_only,0.04608,0,1
rs,down,4096,3584,24,gpu,26,c_cublas,0.03686,0,1
rs,down,4096,3584,24,gpu,26,c_fluxgemm_only,0.04710,0,1
rs,down,4096,3584,24,gpu,27,c_cublas,0.03686,0,1
rs,down,4096,3584,24,gpu,27,c_fluxgemm_only,0.04608,0,1
rs,down,4096,3584,24,gpu,28,c_cublas,0.03789,0,1
rs,down,4096,3584,24,gpu,28,c_fluxgemm_only,0.04506,0,1
rs,down,4096,3584,24,gpu,29,c_cublas,0.03789,0,1
rs,down,4096,3584,24,gpu,29,c_fluxgemm_only,0.04608,0,1
rs,down,4096,3584,24,gpu,30,c_cublas,0.03686,0,1
rs,down,4096,3584,24,gpu,30,c_fluxgemm_only,0.04710,0,1
rs,down,4096,3584,24,gpu,31,c_cublas,0.03584,0,1
rs,down,4096,3584,24,gpu,31,c_fluxgemm_only,0.04608,0,1
rs,down,4096,3584,24,gpu,32,c_cublas,0.03686,0,1
rs,down,4096,3584,24,gpu,32,c_fluxgemm_only,0.04506,0,1
rs,down,4096,3584,24,gpu,33,c_cublas,0.03686,0,1
rs,down,4096,3584,24,gpu,33,c_fluxgemm_only,0.04608,0,1
rs,down,4096,3584,24,gpu,34,c_cublas,0.03686,0,1
rs,down,4096,3584,24,gpu,34,c_fluxgemm_only,0.04710,0,1
rs,down,4096,3584,24,gpu,35,c_cublas,0.03584,0,1
rs,down,4096,3584,24,gpu,35,c_fluxgemm_only,0.04608,0,1
rs,down,4096,3584,24,gpu,36,c_cublas,0.03686,0,1
rs,down,4096,3584,24,gpu,36,c_fluxgemm_only,0.04710,0,1
rs,down,4096,3584,24,gpu,37,c_cublas,0.03584,0,1
rs,down,4096,3584,24,gpu,37,c_fluxgemm_only,0.04608,0,1
rs,down,4096,3584,24,gpu,38,c_cublas,0.03686,0,1
rs,down,4096,3584,24,gpu,38,c_fluxgemm_only,0.04710,0,1
rs,down,4096,3584,24,gpu,39,c_cublas,0.03686,0,1
rs,down,4096,3584,24,gpu,39,c_fluxgemm_only,0.04608,0,1
rs,down,4096,3584,24,gpu,40,c_cublas,0.03686,0,1
rs,down,4096,3584,24,gpu,40,c_fluxgemm_only,0.04813,0,1
rs,down,4096,3584,24,gpu,41,c_cublas,0.03686,0,1
rs,down,4096,3584,24,gpu,41,c_fluxgemm_only,0.06451,0,1
rs,down,4096,3584,24,gpu,42,c_cublas,0.03789,0,1
rs,down,4096,3584,24,gpu,42,c_fluxgemm_only,0.04506,0,1
rs,down,4096,3584,24,gpu,43,c_cublas,0.03686,0,1
rs,down,4096,3584,24,gpu,43,c_fluxgemm_only,0.04608,0,1
rs,down,4096,3584,24,gpu,44,c_cublas,0.03686,0,1
rs,down,4096,3584,24,gpu,44,c_fluxgemm_only,0.04710,0,1
rs,down,4096,3584,24,gpu,45,c_cublas,0.03686,0,1
rs,down,4096,3584,24,gpu,45,c_fluxgemm_only,0.04506,0,1
rs,down,4096,3584,24,gpu,46,c_cublas,0.03686,0,1
rs,down,4096,3584,24,gpu,46,c_fluxgemm_only,0.04710,0,1
rs,down,4096,3584,24,gpu,47,c_cublas,0.03686,0,1
rs,down,4096,3584,24,gpu,47,c_fluxgemm_only,0.04608,0,1
rs,down,4096,3584,24,gpu,48,c_cublas,0.03789,0,1
rs,down,4096,3584,24,gpu,48,c_fluxgemm_only,0.04506,0,1
rs,down,4096,3584,24,gpu,49,c_cublas,0.03584,0,1
rs,down,4096,3584,24,gpu,49,c_fluxgemm_only,0.04608,0,1
rs,down,4096,3584,24,steady,0,c_cublas,0.02701,0,1
rs,down,4096,3584,24,steady,0,c_fluxgemm_only,0.03750,0,1
rs,down,4096,3584,24,steady,1,c_cublas,0.02528,0,1
rs,down,4096,3584,24,steady,1,c_fluxgemm_only,0.03827,0,1
rs,down,4096,3584,24,steady,2,c_cublas,0.02688,0,1
rs,down,4096,3584,24,steady,2,c_fluxgemm_only,0.03763,0,1
rs,down,4096,3584,24,steady,3,c_cublas,0.02528,0,1
rs,down,4096,3584,24,steady,3,c_fluxgemm_only,0.03821,0,1
rs,down,4096,3584,24,steady,4,c_cublas,0.02522,0,1
rs,down,4096,3584,24,steady,4,c_fluxgemm_only,0.03859,0,1
rs,down,4096,3584,24,steady,5,c_cublas,0.02656,0,1
rs,down,4096,3584,24,steady,5,c_fluxgemm_only,0.03750,0,1
rs,down,4096,3584,24,steady,6,c_cublas,0.02528,0,1
rs,down,4096,3584,24,steady,6,c_fluxgemm_only,0.03821,0,1
rs,down,4096,3584,24,steady,7,c_cublas,0.02528,0,1
rs,down,4096,3584,24,steady,7,c_fluxgemm_only,0.03859,0,1
rs,down,4096,3584,24,steady,8,c_cublas,0.02528,0,1
rs,down,4096,3584,24,steady,8,c_fluxgemm_only,0.03853,0,1
rs,down,4096,3584,24,steady,9,c_cublas,0.02522,0,1
rs,down,4096,3584,24,steady,9,c_fluxgemm_only,0.03853,0,1
rs,down,4096,3584,24,steady,10,c_cublas,0.02522,0,1
rs,down,4096,3584,24,steady,10,c_fluxgemm_only,0.03872,0,1
rs,down,4096,3584,24,steady,11,c_cublas,0.02624,0,1
rs,down,4096,3584,24,steady,11,c_fluxgemm_only,0.03750,0,1
rs,down,4096,3584,24,steady,12,c_cublas,0.02656,0,1
rs,down,4096,3584,24,steady,12,c_fluxgemm_only,0.03763,0,1
rs,down,4096,3584,24,steady,13,c_cublas,0.02675,0,1
rs,down,4096,3584,24,steady,13,c_fluxgemm_only,0.03750,0,1
rs,down,4096,3584,24,steady,14,c_cublas,0.02522,0,1
rs,down,4096,3584,24,steady,14,c_fluxgemm_only,0.03821,0,1
rs,down,4096,3584,24,steady,15,c_cublas,0.02528,0,1
rs,down,4096,3584,24,steady,15,c_fluxgemm_only,0.03859,0,1
rs,down,4096,3584,24,steady,16,c_cublas,0.02522,0,1
rs,down,4096,3584,24,steady,16,c_fluxgemm_only,0.03859,0,1
rs,down,4096,3584,24,steady,17,c_cublas,0.02528,0,1
rs,down,4096,3584,24,steady,17,c_fluxgemm_only,0.03840,0,1
rs,down,4096,3584,24,steady,18,c_cublas,0.02669,0,1
rs,down,4096,3584,24,steady,18,c_fluxgemm_only,0.03744,0,1
rs,down,4096,3584,24,steady,19,c_cublas,0.02534,0,1
rs,down,4096,3584,24,steady,19,c_fluxgemm_only,0.03814,0,1
rs,down,4096,3584,96,gpu,0,c_cublas,0.04506,0,1
rs,down,4096,3584,96,gpu,0,c_fluxgemm_only,0.04710,0,1
rs,down,4096,3584,96,gpu,1,c_cublas,0.04403,0,1
rs,down,4096,3584,96,gpu,1,c_fluxgemm_only,0.04813,0,1
rs,down,4096,3584,96,gpu,2,c_cublas,0.04403,0,1
rs,down,4096,3584,96,gpu,2,c_fluxgemm_only,0.04813,0,1
rs,down,4096,3584,96,gpu,3,c_cublas,0.04403,0,1
rs,down,4096,3584,96,gpu,3,c_fluxgemm_only,0.04915,0,1
rs,down,4096,3584,96,gpu,4,c_cublas,0.04403,0,1
rs,down,4096,3584,96,gpu,4,c_fluxgemm_only,0.04813,0,1
rs,down,4096,3584,96,gpu,5,c_cublas,0.04403,0,1
rs,down,4096,3584,96,gpu,5,c_fluxgemm_only,0.04710,0,1
rs,down,4096,3584,96,gpu,6,c_cublas,0.04403,0,1
rs,down,4096,3584,96,gpu,6,c_fluxgemm_only,0.04710,0,1
rs,down,4096,3584,96,gpu,7,c_cublas,0.04301,0,1
rs,down,4096,3584,96,gpu,7,c_fluxgemm_only,0.04915,0,1
rs,down,4096,3584,96,gpu,8,c_cublas,0.04506,0,1
rs,down,4096,3584,96,gpu,8,c_fluxgemm_only,0.04813,0,1
rs,down,4096,3584,96,gpu,9,c_cublas,0.04403,0,1
rs,down,4096,3584,96,gpu,9,c_fluxgemm_only,0.04813,0,1
rs,down,4096,3584,96,gpu,10,c_cublas,0.04403,0,1
rs,down,4096,3584,96,gpu,10,c_fluxgemm_only,0.04710,0,1
rs,down,4096,3584,96,gpu,11,c_cublas,0.04301,0,1
rs,down,4096,3584,96,gpu,11,c_fluxgemm_only,0.04915,0,1
rs,down,4096,3584,96,gpu,12,c_cublas,0.04506,0,1
rs,down,4096,3584,96,gpu,12,c_fluxgemm_only,0.04813,0,1
rs,down,4096,3584,96,gpu,13,c_cublas,0.04506,0,1
rs,down,4096,3584,96,gpu,13,c_fluxgemm_only,0.04710,0,1
rs,down,4096,3584,96,gpu,14,c_cublas,0.04301,0,1
rs,down,4096,3584,96,gpu,14,c_fluxgemm_only,0.04710,0,1
rs,down,4096,3584,96,gpu,15,c_cublas,0.04301,0,1
rs,down,4096,3584,96,gpu,15,c_fluxgemm_only,0.04915,0,1
rs,down,4096,3584,96,gpu,16,c_cublas,0.04403,0,1
rs,down,4096,3584,96,gpu,16,c_fluxgemm_only,0.04710,0,1
rs,down,4096,3584,96,gpu,17,c_cublas,0.04301,0,1
rs,down,4096,3584,96,gpu,17,c_fluxgemm_only,0.04813,0,1
rs,down,4096,3584,96,gpu,18,c_cublas,0.04403,0,1
rs,down,4096,3584,96,gpu,18,c_fluxgemm_only,0.04813,0,1
rs,down,4096,3584,96,gpu,19,c_cublas,0.04506,0,1
rs,down,4096,3584,96,gpu,19,c_fluxgemm_only,0.04915,0,1
rs,down,4096,3584,96,gpu,20,c_cublas,0.04506,0,1
rs,down,4096,3584,96,gpu,20,c_fluxgemm_only,0.04813,0,1
rs,down,4096,3584,96,gpu,21,c_cublas,0.04506,0,1
rs,down,4096,3584,96,gpu,21,c_fluxgemm_only,0.04813,0,1
rs,down,4096,3584,96,gpu,22,c_cublas,0.04506,0,1
rs,down,4096,3584,96,gpu,22,c_fluxgemm_only,0.04813,0,1
rs,down,4096,3584,96,gpu,23,c_cublas,0.04403,0,1
rs,down,4096,3584,96,gpu,23,c_fluxgemm_only,0.04915,0,1
rs,down,4096,3584,96,gpu,24,c_cublas,0.04403,0,1
rs,down,4096,3584,96,gpu,24,c_fluxgemm_only,0.04710,0,1
rs,down,4096,3584,96,gpu,25,c_cublas,0.04403,0,1
rs,down,4096,3584,96,gpu,25,c_fluxgemm_only,0.04813,0,1
rs,down,4096,3584,96,gpu,26,c_cublas,0.04403,0,1
rs,down,4096,3584,96,gpu,26,c_fluxgemm_only,0.07987,0,1
rs,down,4096,3584,96,gpu,27,c_cublas,0.04301,0,1
rs,down,4096,3584,96,gpu,27,c_fluxgemm_only,0.04915,0,1
rs,down,4096,3584,96,gpu,28,c_cublas,0.04506,0,1
rs,down,4096,3584,96,gpu,28,c_fluxgemm_only,0.04813,0,1
rs,down,4096,3584,96,gpu,29,c_cublas,0.04403,0,1
rs,down,4096,3584,96,gpu,29,c_fluxgemm_only,0.04813,0,1
rs,down,4096,3584,96,gpu,30,c_cublas,0.04301,0,1
rs,down,4096,3584,96,gpu,30,c_fluxgemm_only,0.04710,0,1
rs,down,4096,3584,96,gpu,31,c_cublas,0.04608,0,1
rs,down,4096,3584,96,gpu,31,c_fluxgemm_only,0.04915,0,1
rs,down,4096,3584,96,gpu,32,c_cublas,0.04506,0,1
rs,down,4096,3584,96,gpu,32,c_fluxgemm_only,0.04813,0,1
rs,down,4096,3584,96,gpu,33,c_cublas,0.07373,0,1
rs,down,4096,3584,96,gpu,33,c_fluxgemm_only,0.04813,0,1
rs,down,4096,3584,96,gpu,34,c_cublas,0.04403,0,1
rs,down,4096,3584,96,gpu,34,c_fluxgemm_only,0.04813,0,1
rs,down,4096,3584,96,gpu,35,c_cublas,0.04506,0,1
rs,down,4096,3584,96,gpu,35,c_fluxgemm_only,0.04915,0,1
rs,down,4096,3584,96,gpu,36,c_cublas,0.04403,0,1
rs,down,4096,3584,96,gpu,36,c_fluxgemm_only,0.04813,0,1
rs,down,4096,3584,96,gpu,37,c_cublas,0.04301,0,1
rs,down,4096,3584,96,gpu,37,c_fluxgemm_only,0.04710,0,1
rs,down,4096,3584,96,gpu,38,c_cublas,0.04301,0,1
rs,down,4096,3584,96,gpu,38,c_fluxgemm_only,0.04710,0,1
rs,down,4096,3584,96,gpu,39,c_cublas,0.04301,0,1
rs,down,4096,3584,96,gpu,39,c_fluxgemm_only,0.04915,0,1
rs,down,4096,3584,96,gpu,40,c_cublas,0.04506,0,1
rs,down,4096,3584,96,gpu,40,c_fluxgemm_only,0.04813,0,1
rs,down,4096,3584,96,gpu,41,c_cublas,0.04403,0,1
rs,down,4096,3584,96,gpu,41,c_fluxgemm_only,0.04813,0,1
rs,down,4096,3584,96,gpu,42,c_cublas,0.04301,0,1
rs,down,4096,3584,96,gpu,42,c_fluxgemm_only,0.04710,0,1
rs,down,4096,3584,96,gpu,43,c_cublas,0.04403,0,1
rs,down,4096,3584,96,gpu,43,c_fluxgemm_only,0.04915,0,1
rs,down,4096,3584,96,gpu,44,c_cublas,0.04301,0,1
rs,down,4096,3584,96,gpu,44,c_fluxgemm_only,0.04813,0,1
rs,down,4096,3584,96,gpu,45,c_cublas,0.04403,0,1
rs,down,4096,3584,96,gpu,45,c_fluxgemm_only,0.04710,0,1
rs,down,4096,3584,96,gpu,46,c_cublas,0.04403,0,1
rs,down,4096,3584,96,gpu,46,c_fluxgemm_only,0.04710,0,1
rs,down,4096,3584,96,gpu,47,c_cublas,0.04608,0,1
rs,down,4096,3584,96,gpu,47,c_fluxgemm_only,0.04915,0,1
rs,down,4096,3584,96,gpu,48,c_cublas,0.04403,0,1
rs,down,4096,3584,96,gpu,48,c_fluxgemm_only,0.04813,0,1
rs,down,4096,3584,96,gpu,49,c_cublas,0.04301,0,1
rs,down,4096,3584,96,gpu,49,c_fluxgemm_only,0.04813,0,1
rs,down,4096,3584,96,steady,0,c_cublas,0.03482,0,1
rs,down,4096,3584,96,steady,0,c_fluxgemm_only,0.04096,0,1
rs,down,4096,3584,96,steady,1,c_cublas,0.03494,0,1
rs,down,4096,3584,96,steady,1,c_fluxgemm_only,0.04083,0,1
rs,down,4096,3584,96,steady,2,c_cublas,0.03642,0,1
rs,down,4096,3584,96,steady,2,c_fluxgemm_only,0.03942,0,1
rs,down,4096,3584,96,steady,3,c_cublas,0.03488,0,1
rs,down,4096,3584,96,steady,3,c_fluxgemm_only,0.04058,0,1
rs,down,4096,3584,96,steady,4,c_cublas,0.03488,0,1
rs,down,4096,3584,96,steady,4,c_fluxgemm_only,0.04090,0,1
rs,down,4096,3584,96,steady,5,c_cublas,0.03482,0,1
rs,down,4096,3584,96,steady,5,c_fluxgemm_only,0.04109,0,1
rs,down,4096,3584,96,steady,6,c_cublas,0.03642,0,1
rs,down,4096,3584,96,steady,6,c_fluxgemm_only,0.03949,0,1
rs,down,4096,3584,96,steady,7,c_cublas,0.03507,0,1
rs,down,4096,3584,96,steady,7,c_fluxgemm_only,0.04038,0,1
rs,down,4096,3584,96,steady,8,c_cublas,0.03482,0,1
rs,down,4096,3584,96,steady,8,c_fluxgemm_only,0.04102,0,1
rs,down,4096,3584,96,steady,9,c_cublas,0.03501,0,1
rs,down,4096,3584,96,steady,9,c_fluxgemm_only,0.04083,0,1
rs,down,4096,3584,96,steady,10,c_cublas,0.03488,0,1
rs,down,4096,3584,96,steady,10,c_fluxgemm_only,0.04090,0,1
rs,down,4096,3584,96,steady,11,c_cublas,0.03501,0,1
rs,down,4096,3584,96,steady,11,c_fluxgemm_only,0.04051,0,1
rs,down,4096,3584,96,steady,12,c_cublas,0.03488,0,1
rs,down,4096,3584,96,steady,12,c_fluxgemm_only,0.04064,0,1
rs,down,4096,3584,96,steady,13,c_cublas,0.03494,0,1
rs,down,4096,3584,96,steady,13,c_fluxgemm_only,0.04064,0,1
rs,down,4096,3584,96,steady,14,c_cublas,0.03475,0,1
rs,down,4096,3584,96,steady,14,c_fluxgemm_only,0.04077,0,1
rs,down,4096,3584,96,steady,15,c_cublas,0.03501,0,1
rs,down,4096,3584,96,steady,15,c_fluxgemm_only,0.04058,0,1
rs,down,4096,3584,96,steady,16,c_cublas,0.03488,0,1
rs,down,4096,3584,96,steady,16,c_fluxgemm_only,0.04064,0,1
rs,down,4096,3584,96,steady,17,c_cublas,0.03635,0,1
rs,down,4096,3584,96,steady,17,c_fluxgemm_only,0.03949,0,1
rs,down,4096,3584,96,steady,18,c_cublas,0.03635,0,1
rs,down,4096,3584,96,steady,18,c_fluxgemm_only,0.03949,0,1
rs,down,4096,3584,96,steady,19,c_cublas,0.03642,0,1
rs,down,4096,3584,96,steady,19,c_fluxgemm_only,0.03936,0,1
rs,down,4096,3584,200,gpu,0,c_cublas,0.05939,0,1
rs,down,4096,3584,200,gpu,0,c_fluxgemm_only,0.06554,0,1
rs,down,4096,3584,200,gpu,1,c_cublas,0.05837,0,1
rs,down,4096,3584,200,gpu,1,c_fluxgemm_only,0.06451,0,1
rs,down,4096,3584,200,gpu,2,c_cublas,0.05837,0,1
rs,down,4096,3584,200,gpu,2,c_fluxgemm_only,0.06554,0,1
rs,down,4096,3584,200,gpu,3,c_cublas,0.05734,0,1
rs,down,4096,3584,200,gpu,3,c_fluxgemm_only,0.06554,0,1
rs,down,4096,3584,200,gpu,4,c_cublas,0.05939,0,1
rs,down,4096,3584,200,gpu,4,c_fluxgemm_only,0.06656,0,1
rs,down,4096,3584,200,gpu,5,c_cublas,0.05939,0,1
rs,down,4096,3584,200,gpu,5,c_fluxgemm_only,0.06554,0,1
rs,down,4096,3584,200,gpu,6,c_cublas,0.05837,0,1
rs,down,4096,3584,200,gpu,6,c_fluxgemm_only,0.06656,0,1
rs,down,4096,3584,200,gpu,7,c_cublas,0.05734,0,1
rs,down,4096,3584,200,gpu,7,c_fluxgemm_only,0.06554,0,1
rs,down,4096,3584,200,gpu,8,c_cublas,0.06042,0,1
rs,down,4096,3584,200,gpu,8,c_fluxgemm_only,0.08294,0,1
rs,down,4096,3584,200,gpu,9,c_cublas,0.05837,0,1
rs,down,4096,3584,200,gpu,9,c_fluxgemm_only,0.06554,0,1
rs,down,4096,3584,200,gpu,10,c_cublas,0.05939,0,1
rs,down,4096,3584,200,gpu,10,c_fluxgemm_only,0.06451,0,1
rs,down,4096,3584,200,gpu,11,c_cublas,0.05837,0,1
rs,down,4096,3584,200,gpu,11,c_fluxgemm_only,0.06554,0,1
rs,down,4096,3584,200,gpu,12,c_cublas,0.05837,0,1
rs,down,4096,3584,200,gpu,12,c_fluxgemm_only,0.06554,0,1
rs,down,4096,3584,200,gpu,13,c_cublas,0.05734,0,1
rs,down,4096,3584,200,gpu,13,c_fluxgemm_only,0.06451,0,1
rs,down,4096,3584,200,gpu,14,c_cublas,0.05837,0,1
rs,down,4096,3584,200,gpu,14,c_fluxgemm_only,0.06554,0,1
rs,down,4096,3584,200,gpu,15,c_cublas,0.05837,0,1
rs,down,4096,3584,200,gpu,15,c_fluxgemm_only,0.06451,0,1
rs,down,4096,3584,200,gpu,16,c_cublas,0.05939,0,1
rs,down,4096,3584,200,gpu,16,c_fluxgemm_only,0.06554,0,1
rs,down,4096,3584,200,gpu,17,c_cublas,0.05837,0,1
rs,down,4096,3584,200,gpu,17,c_fluxgemm_only,0.06451,0,1
rs,down,4096,3584,200,gpu,18,c_cublas,0.05837,0,1
rs,down,4096,3584,200,gpu,18,c_fluxgemm_only,0.08294,0,1
rs,down,4096,3584,200,gpu,19,c_cublas,0.05734,0,1
rs,down,4096,3584,200,gpu,19,c_fluxgemm_only,0.06451,0,1
rs,down,4096,3584,200,gpu,20,c_cublas,0.05939,0,1
rs,down,4096,3584,200,gpu,20,c_fluxgemm_only,0.06656,0,1
rs,down,4096,3584,200,gpu,21,c_cublas,0.05939,0,1
rs,down,4096,3584,200,gpu,21,c_fluxgemm_only,0.06554,0,1
rs,down,4096,3584,200,gpu,22,c_cublas,0.05837,0,1
rs,down,4096,3584,200,gpu,22,c_fluxgemm_only,0.06554,0,1
rs,down,4096,3584,200,gpu,23,c_cublas,0.05837,0,1
rs,down,4096,3584,200,gpu,23,c_fluxgemm_only,0.06554,0,1
rs,down,4096,3584,200,gpu,24,c_cublas,0.05837,0,1
rs,down,4096,3584,200,gpu,24,c_fluxgemm_only,0.06554,0,1
rs,down,4096,3584,200,gpu,25,c_cublas,0.05939,0,1
rs,down,4096,3584,200,gpu,25,c_fluxgemm_only,0.06554,0,1
rs,down,4096,3584,200,gpu,26,c_cublas,0.05837,0,1
rs,down,4096,3584,200,gpu,26,c_fluxgemm_only,0.06656,0,1
rs,down,4096,3584,200,gpu,27,c_cublas,0.05837,0,1
rs,down,4096,3584,200,gpu,27,c_fluxgemm_only,0.06451,0,1
rs,down,4096,3584,200,gpu,28,c_cublas,0.05734,0,1
rs,down,4096,3584,200,gpu,28,c_fluxgemm_only,0.06656,0,1
rs,down,4096,3584,200,gpu,29,c_cublas,0.05837,0,1
rs,down,4096,3584,200,gpu,29,c_fluxgemm_only,0.06451,0,1
rs,down,4096,3584,200,gpu,30,c_cublas,0.05837,0,1
rs,down,4096,3584,200,gpu,30,c_fluxgemm_only,0.06758,0,1
rs,down,4096,3584,200,gpu,31,c_cublas,0.05734,0,1
rs,down,4096,3584,200,gpu,31,c_fluxgemm_only,0.06554,0,1
rs,down,4096,3584,200,gpu,32,c_cublas,0.05939,0,1
rs,down,4096,3584,200,gpu,32,c_fluxgemm_only,0.06554,0,1
rs,down,4096,3584,200,gpu,33,c_cublas,0.05837,0,1
rs,down,4096,3584,200,gpu,33,c_fluxgemm_only,0.06656,0,1
rs,down,4096,3584,200,gpu,34,c_cublas,0.05734,0,1
rs,down,4096,3584,200,gpu,34,c_fluxgemm_only,0.06554,0,1
rs,down,4096,3584,200,gpu,35,c_cublas,0.05837,0,1
rs,down,4096,3584,200,gpu,35,c_fluxgemm_only,0.06451,0,1
rs,down,4096,3584,200,gpu,36,c_cublas,0.05939,0,1
rs,down,4096,3584,200,gpu,36,c_fluxgemm_only,0.06554,0,1
rs,down,4096,3584,200,gpu,37,c_cublas,0.05837,0,1
rs,down,4096,3584,200,gpu,37,c_fluxgemm_only,0.06554,0,1
rs,down,4096,3584,200,gpu,38,c_cublas,0.05734,0,1
rs,down,4096,3584,200,gpu,38,c_fluxgemm_only,0.06656,0,1
rs,down,4096,3584,200,gpu,39,c_cublas,0.05837,0,1
rs,down,4096,3584,200,gpu,39,c_fluxgemm_only,0.06554,0,1
rs,down,4096,3584,200,gpu,40,c_cublas,0.05734,0,1
rs,down,4096,3584,200,gpu,40,c_fluxgemm_only,0.06554,0,1
rs,down,4096,3584,200,gpu,41,c_cublas,0.05837,0,1
rs,down,4096,3584,200,gpu,41,c_fluxgemm_only,0.06451,0,1
rs,down,4096,3584,200,gpu,42,c_cublas,0.05734,0,1
rs,down,4096,3584,200,gpu,42,c_fluxgemm_only,0.06758,0,1
rs,down,4096,3584,200,gpu,43,c_cublas,0.05734,0,1
rs,down,4096,3584,200,gpu,43,c_fluxgemm_only,0.06554,0,1
rs,down,4096,3584,200,gpu,44,c_cublas,0.05837,0,1
rs,down,4096,3584,200,gpu,44,c_fluxgemm_only,0.06758,0,1
rs,down,4096,3584,200,gpu,45,c_cublas,0.05837,0,1
rs,down,4096,3584,200,gpu,45,c_fluxgemm_only,0.06451,0,1
rs,down,4096,3584,200,gpu,46,c_cublas,0.05939,0,1
rs,down,4096,3584,200,gpu,46,c_fluxgemm_only,0.06451,0,1
rs,down,4096,3584,200,gpu,47,c_cublas,0.05734,0,1
rs,down,4096,3584,200,gpu,47,c_fluxgemm_only,0.06656,0,1
rs,down,4096,3584,200,gpu,48,c_cublas,0.06042,0,1
rs,down,4096,3584,200,gpu,48,c_fluxgemm_only,0.06451,0,1
rs,down,4096,3584,200,gpu,49,c_cublas,0.05939,0,1
rs,down,4096,3584,200,gpu,49,c_fluxgemm_only,0.06554,0,1
rs,down,4096,3584,200,steady,0,c_cublas,0.05242,0,1
rs,down,4096,3584,200,steady,0,c_fluxgemm_only,0.05766,0,1
rs,down,4096,3584,200,steady,1,c_cublas,0.05203,0,1
rs,down,4096,3584,200,steady,1,c_fluxgemm_only,0.05658,0,1
rs,down,4096,3584,200,steady,2,c_cublas,0.05165,0,1
rs,down,4096,3584,200,steady,2,c_fluxgemm_only,0.05632,0,1
rs,down,4096,3584,200,steady,3,c_cublas,0.05043,0,1
rs,down,4096,3584,200,steady,3,c_fluxgemm_only,0.05709,0,1
rs,down,4096,3584,200,steady,4,c_cublas,0.05190,0,1
rs,down,4096,3584,200,steady,4,c_fluxgemm_only,0.05651,0,1
rs,down,4096,3584,200,steady,5,c_cublas,0.05146,0,1
rs,down,4096,3584,200,steady,5,c_fluxgemm_only,0.05638,0,1
rs,down,4096,3584,200,steady,6,c_cublas,0.05043,0,1
rs,down,4096,3584,200,steady,6,c_fluxgemm_only,0.05645,0,1
rs,down,4096,3584,200,steady,7,c_cublas,0.05037,0,1
rs,down,4096,3584,200,steady,7,c_fluxgemm_only,0.05715,0,1
rs,down,4096,3584,200,steady,8,c_cublas,0.05030,0,1
rs,down,4096,3584,200,steady,8,c_fluxgemm_only,0.05722,0,1
rs,down,4096,3584,200,steady,9,c_cublas,0.05158,0,1
rs,down,4096,3584,200,steady,9,c_fluxgemm_only,0.05658,0,1
rs,down,4096,3584,200,steady,10,c_cublas,0.05120,0,1
rs,down,4096,3584,200,steady,10,c_fluxgemm_only,0.05651,0,1
rs,down,4096,3584,200,steady,11,c_cublas,0.05146,0,1
rs,down,4096,3584,200,steady,11,c_fluxgemm_only,0.05645,0,1
rs,down,4096,3584,200,steady,12,c_cublas,0.05037,0,1
rs,down,4096,3584,200,steady,12,c_fluxgemm_only,0.05658,0,1
rs,down,4096,3584,200,steady,13,c_cublas,0.05037,0,1
rs,down,4096,3584,200,steady,13,c_fluxgemm_only,0.05715,0,1
rs,down,4096,3584,200,steady,14,c_cublas,0.05210,0,1
rs,down,4096,3584,200,steady,14,c_fluxgemm_only,0.05658,0,1
rs,down,4096,3584,200,steady,15,c_cublas,0.05139,0,1
rs,down,4096,3584,200,steady,15,c_fluxgemm_only,0.05658,0,1
rs,down,4096,3584,200,steady,16,c_cublas,0.05216,0,1
rs,down,4096,3584,200,steady,16,c_fluxgemm_only,0.05658,0,1
rs,down,4096,3584,200,steady,17,c_cublas,0.05203,0,1
rs,down,4096,3584,200,steady,17,c_fluxgemm_only,0.05638,0,1
rs,down,4096,3584,200,steady,18,c_cublas,0.05210,0,1
rs,down,4096,3584,200,steady,18,c_fluxgemm_only,0.05651,0,1
rs,down,4096,3584,200,steady,19,c_cublas,0.05037,0,1
rs,down,4096,3584,200,steady,19,c_fluxgemm_only,0.05696,0,1
rs,down,4096,3584,384,gpu,0,c_cublas,0.05939,0,1
rs,down,4096,3584,384,gpu,0,c_fluxgemm_only,0.07270,0,1
rs,down,4096,3584,384,gpu,1,c_cublas,0.05939,0,1
rs,down,4096,3584,384,gpu,1,c_fluxgemm_only,0.07373,0,1
rs,down,4096,3584,384,gpu,2,c_cublas,0.05939,0,1
rs,down,4096,3584,384,gpu,2,c_fluxgemm_only,0.07066,0,1
rs,down,4096,3584,384,gpu,3,c_cublas,0.05939,0,1
rs,down,4096,3584,384,gpu,3,c_fluxgemm_only,0.07373,0,1
rs,down,4096,3584,384,gpu,4,c_cublas,0.05939,0,1
rs,down,4096,3584,384,gpu,4,c_fluxgemm_only,0.07270,0,1
rs,down,4096,3584,384,gpu,5,c_cublas,0.06042,0,1
rs,down,4096,3584,384,gpu,5,c_fluxgemm_only,0.07168,0,1
rs,down,4096,3584,384,gpu,6,c_cublas,0.05837,0,1
rs,down,4096,3584,384,gpu,6,c_fluxgemm_only,0.07168,0,1
rs,down,4096,3584,384,gpu,7,c_cublas,0.06042,0,1
rs,down,4096,3584,384,gpu,7,c_fluxgemm_only,0.07168,0,1
rs,down,4096,3584,384,gpu,8,c_cublas,0.05939,0,1
rs,down,4096,3584,384,gpu,8,c_fluxgemm_only,0.07168,0,1
rs,down,4096,3584,384,gpu,9,c_cublas,0.06042,0,1
rs,down,4096,3584,384,gpu,9,c_fluxgemm_only,0.07168,0,1
rs,down,4096,3584,384,gpu,10,c_cublas,0.05939,0,1
rs,down,4096,3584,384,gpu,10,c_fluxgemm_only,0.07168,0,1
rs,down,4096,3584,384,gpu,11,c_cublas,0.05837,0,1
rs,down,4096,3584,384,gpu,11,c_fluxgemm_only,0.07270,0,1
rs,down,4096,3584,384,gpu,12,c_cublas,0.05939,0,1
rs,down,4096,3584,384,gpu,12,c_fluxgemm_only,0.07168,0,1
rs,down,4096,3584,384,gpu,13,c_cublas,0.05939,0,1
rs,down,4096,3584,384,gpu,13,c_fluxgemm_only,0.07270,0,1
rs,down,4096,3584,384,gpu,14,c_cublas,0.05939,0,1
rs,down,4096,3584,384,gpu,14,c_fluxgemm_only,0.07168,0,1
rs,down,4096,3584,384,gpu,15,c_cublas,0.06042,0,1
rs,down,4096,3584,384,gpu,15,c_fluxgemm_only,0.07168,0,1
rs,down,4096,3584,384,gpu,16,c_cublas,0.06042,0,1
rs,down,4096,3584,384,gpu,16,c_fluxgemm_only,0.07270,0,1
rs,down,4096,3584,384,gpu,17,c_cublas,0.06042,0,1
rs,down,4096,3584,384,gpu,17,c_fluxgemm_only,0.07168,0,1
rs,down,4096,3584,384,gpu,18,c_cublas,0.05939,0,1
rs,down,4096,3584,384,gpu,18,c_fluxgemm_only,0.07168,0,1
rs,down,4096,3584,384,gpu,19,c_cublas,0.05939,0,1
rs,down,4096,3584,384,gpu,19,c_fluxgemm_only,0.07270,0,1
rs,down,4096,3584,384,gpu,20,c_cublas,0.05939,0,1
rs,down,4096,3584,384,gpu,20,c_fluxgemm_only,0.07168,0,1
rs,down,4096,3584,384,gpu,21,c_cublas,0.05939,0,1
rs,down,4096,3584,384,gpu,21,c_fluxgemm_only,0.07270,0,1
rs,down,4096,3584,384,gpu,22,c_cublas,0.05939,0,1
rs,down,4096,3584,384,gpu,22,c_fluxgemm_only,0.07168,0,1
rs,down,4096,3584,384,gpu,23,c_cublas,0.05939,0,1
rs,down,4096,3584,384,gpu,23,c_fluxgemm_only,0.07270,0,1
rs,down,4096,3584,384,gpu,24,c_cublas,0.05939,0,1
rs,down,4096,3584,384,gpu,24,c_fluxgemm_only,0.07270,0,1
rs,down,4096,3584,384,gpu,25,c_cublas,0.06042,0,1
rs,down,4096,3584,384,gpu,25,c_fluxgemm_only,0.07168,0,1
rs,down,4096,3584,384,gpu,26,c_cublas,0.05939,0,1
rs,down,4096,3584,384,gpu,26,c_fluxgemm_only,0.07270,0,1
rs,down,4096,3584,384,gpu,27,c_cublas,0.08806,0,1
rs,down,4096,3584,384,gpu,27,c_fluxgemm_only,0.07373,0,1
rs,down,4096,3584,384,gpu,28,c_cublas,0.05837,0,1
rs,down,4096,3584,384,gpu,28,c_fluxgemm_only,0.07066,0,1
rs,down,4096,3584,384,gpu,29,c_cublas,0.06042,0,1
rs,down,4096,3584,384,gpu,29,c_fluxgemm_only,0.07168,0,1
rs,down,4096,3584,384,gpu,30,c_cublas,0.05837,0,1
rs,down,4096,3584,384,gpu,30,c_fluxgemm_only,0.07168,0,1
rs,down,4096,3584,384,gpu,31,c_cublas,0.06042,0,1
rs,down,4096,3584,384,gpu,31,c_fluxgemm_only,0.07168,0,1
rs,down,4096,3584,384,gpu,32,c_cublas,0.05939,0,1
rs,down,4096,3584,384,gpu,32,c_fluxgemm_only,0.07168,0,1
rs,down,4096,3584,384,gpu,33,c_cublas,0.08704,0,1
rs,down,4096,3584,384,gpu,33,c_fluxgemm_only,0.07270,0,1
rs,down,4096,3584,384,gpu,34,c_cublas,0.05939,0,1
rs,down,4096,3584,384,gpu,34,c_fluxgemm_only,0.07270,0,1
rs,down,4096,3584,384,gpu,35,c_cublas,0.06042,0,1
rs,down,4096,3584,384,gpu,35,c_fluxgemm_only,0.07168,0,1
rs,down,4096,3584,384,gpu,36,c_cublas,0.05939,0,1
rs,down,4096,3584,384,gpu,36,c_fluxgemm_only,0.07270,0,1
rs,down,4096,3584,384,gpu,37,c_cublas,0.06042,0,1
rs,down,4096,3584,384,gpu,37,c_fluxgemm_only,0.07270,0,1
rs,down,4096,3584,384,gpu,38,c_cublas,0.05939,0,1
rs,down,4096,3584,384,gpu,38,c_fluxgemm_only,0.07168,0,1
rs,down,4096,3584,384,gpu,39,c_cublas,0.06144,0,1
rs,down,4096,3584,384,gpu,39,c_fluxgemm_only,0.07270,0,1
rs,down,4096,3584,384,gpu,40,c_cublas,0.05939,0,1
rs,down,4096,3584,384,gpu,40,c_fluxgemm_only,0.07168,0,1
rs,down,4096,3584,384,gpu,41,c_cublas,0.06042,0,1
rs,down,4096,3584,384,gpu,41,c_fluxgemm_only,0.07270,0,1
rs,down,4096,3584,384,gpu,42,c_cublas,0.05837,0,1
rs,down,4096,3584,384,gpu,42,c_fluxgemm_only,0.07270,0,1
rs,down,4096,3584,384,gpu,43,c_cublas,0.06042,0,1
rs,down,4096,3584,384,gpu,43,c_fluxgemm_only,0.07168,0,1
rs,down,4096,3584,384,gpu,44,c_cublas,0.05939,0,1
rs,down,4096,3584,384,gpu,44,c_fluxgemm_only,0.07168,0,1
rs,down,4096,3584,384,gpu,45,c_cublas,0.05837,0,1
rs,down,4096,3584,384,gpu,45,c_fluxgemm_only,0.07270,0,1
rs,down,4096,3584,384,gpu,46,c_cublas,0.05837,0,1
rs,down,4096,3584,384,gpu,46,c_fluxgemm_only,0.07270,0,1
rs,down,4096,3584,384,gpu,47,c_cublas,0.06042,0,1
rs,down,4096,3584,384,gpu,47,c_fluxgemm_only,0.07168,0,1
rs,down,4096,3584,384,gpu,48,c_cublas,0.05939,0,1
rs,down,4096,3584,384,gpu,48,c_fluxgemm_only,0.07168,0,1
rs,down,4096,3584,384,gpu,49,c_cublas,0.05939,0,1
rs,down,4096,3584,384,gpu,49,c_fluxgemm_only,0.07168,0,1
rs,down,4096,3584,384,steady,0,c_cublas,0.05152,0,1
rs,down,4096,3584,384,steady,0,c_fluxgemm_only,0.07853,0,1
rs,down,4096,3584,384,steady,1,c_cublas,0.05293,0,1
rs,down,4096,3584,384,steady,1,c_fluxgemm_only,0.07802,0,1
rs,down,4096,3584,384,steady,2,c_cublas,0.05165,0,1
rs,down,4096,3584,384,steady,2,c_fluxgemm_only,0.07859,0,1
rs,down,4096,3584,384,steady,3,c_cublas,0.05306,0,1
rs,down,4096,3584,384,steady,3,c_fluxgemm_only,0.07808,0,1
rs,down,4096,3584,384,steady,4,c_cublas,0.05306,0,1
rs,down,4096,3584,384,steady,4,c_fluxgemm_only,0.07808,0,1
rs,down,4096,3584,384,steady,5,c_cublas,0.05152,0,1
rs,down,4096,3584,384,steady,5,c_fluxgemm_only,0.07846,0,1
rs,down,4096,3584,384,steady,6,c_cublas,0.05165,0,1
rs,down,4096,3584,384,steady,6,c_fluxgemm_only,0.07872,0,1
rs,down,4096,3584,384,steady,7,c_cublas,0.05267,0,1
rs,down,4096,3584,384,steady,7,c_fluxgemm_only,0.07802,0,1
rs,down,4096,3584,384,steady,8,c_cublas,0.05171,0,1
rs,down,4096,3584,384,steady,8,c_fluxgemm_only,0.07846,0,1
rs,down,4096,3584,384,steady,9,c_cublas,0.05267,0,1
rs,down,4096,3584,384,steady,9,c_fluxgemm_only,0.07808,0,1
rs,down,4096,3584,384,steady,10,c_cublas,0.05152,0,1
rs,down,4096,3584,384,steady,10,c_fluxgemm_only,0.07840,0,1
rs,down,4096,3584,384,steady,11,c_cublas,0.05146,0,1
rs,down,4096,3584,384,steady,11,c_fluxgemm_only,0.07910,0,1
rs,down,4096,3584,384,steady,12,c_cublas,0.05286,0,1
rs,down,4096,3584,384,steady,12,c_fluxgemm_only,0.07808,0,1
rs,down,4096,3584,384,steady,13,c_cublas,0.05293,0,1
rs,down,4096,3584,384,steady,13,c_fluxgemm_only,0.07802,0,1
rs,down,4096,3584,384,steady,14,c_cublas,0.05158,0,1
rs,down,4096,3584,384,steady,14,c_fluxgemm_only,0.07834,0,1
rs,down,4096,3584,384,steady,15,c_cublas,0.05158,0,1
rs,down,4096,3584,384,steady,15,c_fluxgemm_only,0.07898,0,1
rs,down,4096,3584,384,steady,16,c_cublas,0.05158,0,1
rs,down,4096,3584,384,steady,16,c_fluxgemm_only,0.07866,0,1
rs,down,4096,3584,384,steady,17,c_cublas,0.05306,0,1
rs,down,4096,3584,384,steady,17,c_fluxgemm_only,0.07808,0,1
rs,down,4096,3584,384,steady,18,c_cublas,0.05158,0,1
rs,down,4096,3584,384,steady,18,c_fluxgemm_only,0.07853,0,1
rs,down,4096,3584,384,steady,19,c_cublas,0.05280,0,1
rs,down,4096,3584,384,steady,19,c_fluxgemm_only,0.07802,0,1
rs,down,4096,3584,768,gpu,0,c_cublas,0.09728,0,1
rs,down,4096,3584,768,gpu,0,c_fluxgemm_only,0.11571,0,1
rs,down,4096,3584,768,gpu,1,c_cublas,0.09830,0,1
rs,down,4096,3584,768,gpu,1,c_fluxgemm_only,0.11571,0,1
rs,down,4096,3584,768,gpu,2,c_cublas,0.09728,0,1
rs,down,4096,3584,768,gpu,2,c_fluxgemm_only,0.11571,0,1
rs,down,4096,3584,768,gpu,3,c_cublas,0.09728,0,1
rs,down,4096,3584,768,gpu,3,c_fluxgemm_only,0.11571,0,1
rs,down,4096,3584,768,gpu,4,c_cublas,0.09728,0,1
rs,down,4096,3584,768,gpu,4,c_fluxgemm_only,0.11571,0,1
rs,down,4096,3584,768,gpu,5,c_cublas,0.09830,0,1
rs,down,4096,3584,768,gpu,5,c_fluxgemm_only,0.11571,0,1
rs,down,4096,3584,768,gpu,6,c_cublas,0.09728,0,1
rs,down,4096,3584,768,gpu,6,c_fluxgemm_only,0.11571,0,1
rs,down,4096,3584,768,gpu,7,c_cublas,0.09830,0,1
rs,down,4096,3584,768,gpu,7,c_fluxgemm_only,0.11674,0,1
rs,down,4096,3584,768,gpu,8,c_cublas,0.09728,0,1
rs,down,4096,3584,768,gpu,8,c_fluxgemm_only,0.11571,0,1
rs,down,4096,3584,768,gpu,9,c_cublas,0.09728,0,1
rs,down,4096,3584,768,gpu,9,c_fluxgemm_only,0.11674,0,1
rs,down,4096,3584,768,gpu,10,c_cublas,0.09728,0,1
rs,down,4096,3584,768,gpu,10,c_fluxgemm_only,0.11571,0,1
rs,down,4096,3584,768,gpu,11,c_cublas,0.09933,0,1
rs,down,4096,3584,768,gpu,11,c_fluxgemm_only,0.11571,0,1
rs,down,4096,3584,768,gpu,12,c_cublas,0.09830,0,1
rs,down,4096,3584,768,gpu,12,c_fluxgemm_only,0.12902,0,1
rs,down,4096,3584,768,gpu,13,c_cublas,0.09830,0,1
rs,down,4096,3584,768,gpu,13,c_fluxgemm_only,0.11571,0,1
rs,down,4096,3584,768,gpu,14,c_cublas,0.09830,0,1
rs,down,4096,3584,768,gpu,14,c_fluxgemm_only,0.11571,0,1
rs,down,4096,3584,768,gpu,15,c_cublas,0.09830,0,1
rs,down,4096,3584,768,gpu,15,c_fluxgemm_only,0.11571,0,1
rs,down,4096,3584,768,gpu,16,c_cublas,0.09728,0,1
rs,down,4096,3584,768,gpu,16,c_fluxgemm_only,0.11469,0,1
rs,down,4096,3584,768,gpu,17,c_cublas,0.09728,0,1
rs,down,4096,3584,768,gpu,17,c_fluxgemm_only,0.11674,0,1
rs,down,4096,3584,768,gpu,18,c_cublas,0.09728,0,1
rs,down,4096,3584,768,gpu,18,c_fluxgemm_only,0.11571,0,1
rs,down,4096,3584,768,gpu,19,c_cublas,0.09933,0,1
rs,down,4096,3584,768,gpu,19,c_fluxgemm_only,0.11469,0,1
rs,down,4096,3584,768,gpu,20,c_cublas,0.09728,0,1
rs,down,4096,3584,768,gpu,20,c_fluxgemm_only,0.11571,0,1
rs,down,4096,3584,768,gpu,21,c_cublas,0.09830,0,1
rs,down,4096,3584,768,gpu,21,c_fluxgemm_only,0.11571,0,1
rs,down,4096,3584,768,gpu,22,c_cublas,0.09728,0,1
rs,down,4096,3584,768,gpu,22,c_fluxgemm_only,0.11571,0,1
rs,down,4096,3584,768,gpu,23,c_cublas,0.09830,0,1
rs,down,4096,3584,768,gpu,23,c_fluxgemm_only,0.11571,0,1
rs,down,4096,3584,768,gpu,24,c_cublas,0.09830,0,1
rs,down,4096,3584,768,gpu,24,c_fluxgemm_only,0.11469,0,1
rs,down,4096,3584,768,gpu,25,c_cublas,0.09830,0,1
rs,down,4096,3584,768,gpu,25,c_fluxgemm_only,0.11571,0,1
rs,down,4096,3584,768,gpu,26,c_cublas,0.09728,0,1
rs,down,4096,3584,768,gpu,26,c_fluxgemm_only,0.11469,0,1
rs,down,4096,3584,768,gpu,27,c_cublas,0.09728,0,1
rs,down,4096,3584,768,gpu,27,c_fluxgemm_only,0.11674,0,1
rs,down,4096,3584,768,gpu,28,c_cublas,0.09728,0,1
rs,down,4096,3584,768,gpu,28,c_fluxgemm_only,0.11469,0,1
rs,down,4096,3584,768,gpu,29,c_cublas,0.09728,0,1
rs,down,4096,3584,768,gpu,29,c_fluxgemm_only,0.11571,0,1
rs,down,4096,3584,768,gpu,30,c_cublas,0.09728,0,1
rs,down,4096,3584,768,gpu,30,c_fluxgemm_only,0.11469,0,1
rs,down,4096,3584,768,gpu,31,c_cublas,0.09728,0,1
rs,down,4096,3584,768,gpu,31,c_fluxgemm_only,0.11571,0,1
rs,down,4096,3584,768,gpu,32,c_cublas,0.09728,0,1
rs,down,4096,3584,768,gpu,32,c_fluxgemm_only,0.11571,0,1
rs,down,4096,3584,768,gpu,33,c_cublas,0.09728,0,1
rs,down,4096,3584,768,gpu,33,c_fluxgemm_only,0.11674,0,1
rs,down,4096,3584,768,gpu,34,c_cublas,0.09728,0,1
rs,down,4096,3584,768,gpu,34,c_fluxgemm_only,0.11571,0,1
rs,down,4096,3584,768,gpu,35,c_cublas,0.09830,0,1
rs,down,4096,3584,768,gpu,35,c_fluxgemm_only,0.11571,0,1
rs,down,4096,3584,768,gpu,36,c_cublas,0.09728,0,1
rs,down,4096,3584,768,gpu,36,c_fluxgemm_only,0.11469,0,1
rs,down,4096,3584,768,gpu,37,c_cublas,0.09728,0,1
rs,down,4096,3584,768,gpu,37,c_fluxgemm_only,0.11674,0,1
rs,down,4096,3584,768,gpu,38,c_cublas,0.09830,0,1
rs,down,4096,3584,768,gpu,38,c_fluxgemm_only,0.11571,0,1
rs,down,4096,3584,768,gpu,39,c_cublas,0.09728,0,1
rs,down,4096,3584,768,gpu,39,c_fluxgemm_only,0.11674,0,1
rs,down,4096,3584,768,gpu,40,c_cublas,0.09728,0,1
rs,down,4096,3584,768,gpu,40,c_fluxgemm_only,0.11571,0,1
rs,down,4096,3584,768,gpu,41,c_cublas,0.09830,0,1
rs,down,4096,3584,768,gpu,41,c_fluxgemm_only,0.11674,0,1
rs,down,4096,3584,768,gpu,42,c_cublas,0.09830,0,1
rs,down,4096,3584,768,gpu,42,c_fluxgemm_only,0.11571,0,1
rs,down,4096,3584,768,gpu,43,c_cublas,0.09830,0,1
rs,down,4096,3584,768,gpu,43,c_fluxgemm_only,0.11469,0,1
rs,down,4096,3584,768,gpu,44,c_cublas,0.09728,0,1
rs,down,4096,3584,768,gpu,44,c_fluxgemm_only,0.11469,0,1
rs,down,4096,3584,768,gpu,45,c_cublas,0.09728,0,1
rs,down,4096,3584,768,gpu,45,c_fluxgemm_only,0.11571,0,1
rs,down,4096,3584,768,gpu,46,c_cublas,0.09728,0,1
rs,down,4096,3584,768,gpu,46,c_fluxgemm_only,0.11571,0,1
rs,down,4096,3584,768,gpu,47,c_cublas,0.09728,0,1
rs,down,4096,3584,768,gpu,47,c_fluxgemm_only,0.11674,0,1
rs,down,4096,3584,768,gpu,48,c_cublas,0.09728,0,1
rs,down,4096,3584,768,gpu,48,c_fluxgemm_only,0.11469,0,1
rs,down,4096,3584,768,gpu,49,c_cublas,0.09830,0,1
rs,down,4096,3584,768,gpu,49,c_fluxgemm_only,0.11571,0,1
rs,down,4096,3584,768,steady,0,c_cublas,0.09811,0,1
rs,down,4096,3584,768,steady,0,c_fluxgemm_only,0.11757,0,1
rs,down,4096,3584,768,steady,1,c_cublas,0.09843,0,1
rs,down,4096,3584,768,steady,1,c_fluxgemm_only,0.11731,0,1
rs,down,4096,3584,768,steady,2,c_cublas,0.09677,0,1
rs,down,4096,3584,768,steady,2,c_fluxgemm_only,0.11770,0,1
rs,down,4096,3584,768,steady,3,c_cublas,0.09818,0,1
rs,down,4096,3584,768,steady,3,c_fluxgemm_only,0.11795,0,1
rs,down,4096,3584,768,steady,4,c_cublas,0.09792,0,1
rs,down,4096,3584,768,steady,4,c_fluxgemm_only,0.11898,0,1
rs,down,4096,3584,768,steady,5,c_cublas,0.09914,0,1
rs,down,4096,3584,768,steady,5,c_fluxgemm_only,0.12051,0,1
rs,down,4096,3584,768,steady,6,c_cublas,0.10016,0,1
rs,down,4096,3584,768,steady,6,c_fluxgemm_only,0.12032,0,1
rs,down,4096,3584,768,steady,7,c_cublas,0.09888,0,1
rs,down,4096,3584,768,steady,7,c_fluxgemm_only,0.12038,0,1
rs,down,4096,3584,768,steady,8,c_cublas,0.09888,0,1
rs,down,4096,3584,768,steady,8,c_fluxgemm_only,0.12262,0,1
rs,down,4096,3584,768,steady,9,c_cublas,0.09888,0,1
rs,down,4096,3584,768,steady,9,c_fluxgemm_only,0.12122,0,1
rs,down,4096,3584,768,steady,10,c_cublas,0.09888,0,1
rs,down,4096,3584,768,steady,10,c_fluxgemm_only,0.12109,0,1
rs,down,4096,3584,768,steady,11,c_cublas,0.09888,0,1
rs,down,4096,3584,768,steady,11,c_fluxgemm_only,0.12102,0,1
rs,down,4096,3584,768,steady,12,c_cublas,0.09984,0,1
rs,down,4096,3584,768,steady,12,c_fluxgemm_only,0.12006,0,1
rs,down,4096,3584,768,steady,13,c_cublas,0.09984,0,1
rs,down,4096,3584,768,steady,13,c_fluxgemm_only,0.12070,0,1
rs,down,4096,3584,768,steady,14,c_cublas,0.10022,0,1
rs,down,4096,3584,768,steady,14,c_fluxgemm_only,0.12058,0,1
rs,down,4096,3584,768,steady,15,c_cublas,0.10022,0,1
rs,down,4096,3584,768,steady,15,c_fluxgemm_only,0.12045,0,1
rs,down,4096,3584,768,steady,16,c_cublas,0.10112,0,1
rs,down,4096,3584,768,steady,16,c_fluxgemm_only,0.12205,0,1
rs,down,4096,3584,768,steady,17,c_cublas,0.10035,0,1
rs,down,4096,3584,768,steady,17,c_fluxgemm_only,0.12179,0,1
rs,down,4096,3584,768,steady,18,c_cublas,0.10144,0,1
rs,down,4096,3584,768,steady,18,c_fluxgemm_only,0.12218,0,1
rs,down,4096,3584,768,steady,19,c_cublas,0.10150,0,1
rs,down,4096,3584,768,steady,19,c_fluxgemm_only,0.12205,0,1
rs,down,4096,3584,1536,gpu,0,c_cublas,0.18944,0,1
rs,down,4096,3584,1536,gpu,0,c_fluxgemm_only,0.21094,0,1
rs,down,4096,3584,1536,gpu,1,c_cublas,0.18944,0,1
rs,down,4096,3584,1536,gpu,1,c_fluxgemm_only,0.20992,0,1
rs,down,4096,3584,1536,gpu,2,c_cublas,0.19046,0,1
rs,down,4096,3584,1536,gpu,2,c_fluxgemm_only,0.21094,0,1
rs,down,4096,3584,1536,gpu,3,c_cublas,0.19046,0,1
rs,down,4096,3584,1536,gpu,3,c_fluxgemm_only,0.21094,0,1
rs,down,4096,3584,1536,gpu,4,c_cublas,0.18944,0,1
rs,down,4096,3584,1536,gpu,4,c_fluxgemm_only,0.21094,0,1
rs,down,4096,3584,1536,gpu,5,c_cublas,0.18944,0,1
rs,down,4096,3584,1536,gpu,5,c_fluxgemm_only,0.20992,0,1
rs,down,4096,3584,1536,gpu,6,c_cublas,0.19046,0,1
rs,down,4096,3584,1536,gpu,6,c_fluxgemm_only,0.21094,0,1
rs,down,4096,3584,1536,gpu,7,c_cublas,0.18944,0,1
rs,down,4096,3584,1536,gpu,7,c_fluxgemm_only,0.20992,0,1
rs,down,4096,3584,1536,gpu,8,c_cublas,0.19046,0,1
rs,down,4096,3584,1536,gpu,8,c_fluxgemm_only,0.20992,0,1
rs,down,4096,3584,1536,gpu,9,c_cublas,0.18944,0,1
rs,down,4096,3584,1536,gpu,9,c_fluxgemm_only,0.21094,0,1
rs,down,4096,3584,1536,gpu,10,c_cublas,0.19046,0,1
rs,down,4096,3584,1536,gpu,10,c_fluxgemm_only,0.20992,0,1
rs,down,4096,3584,1536,gpu,11,c_cublas,0.18842,0,1
rs,down,4096,3584,1536,gpu,11,c_fluxgemm_only,0.20992,0,1
rs,down,4096,3584,1536,gpu,12,c_cublas,0.19046,0,1
rs,down,4096,3584,1536,gpu,12,c_fluxgemm_only,0.20992,0,1
rs,down,4096,3584,1536,gpu,13,c_cublas,0.18842,0,1
rs,down,4096,3584,1536,gpu,13,c_fluxgemm_only,0.20992,0,1
rs,down,4096,3584,1536,gpu,14,c_cublas,0.19046,0,1
rs,down,4096,3584,1536,gpu,14,c_fluxgemm_only,0.20992,0,1
rs,down,4096,3584,1536,gpu,15,c_cublas,0.18944,0,1
rs,down,4096,3584,1536,gpu,15,c_fluxgemm_only,0.20992,0,1
rs,down,4096,3584,1536,gpu,16,c_cublas,0.18944,0,1
rs,down,4096,3584,1536,gpu,16,c_fluxgemm_only,0.21094,0,1
rs,down,4096,3584,1536,gpu,17,c_cublas,0.18944,0,1
rs,down,4096,3584,1536,gpu,17,c_fluxgemm_only,0.20890,0,1
rs,down,4096,3584,1536,gpu,18,c_cublas,0.19046,0,1
rs,down,4096,3584,1536,gpu,18,c_fluxgemm_only,0.20992,0,1
rs,down,4096,3584,1536,gpu,19,c_cublas,0.18944,0,1
rs,down,4096,3584,1536,gpu,19,c_fluxgemm_only,0.20992,0,1
rs,down,4096,3584,1536,gpu,20,c_cublas,0.19046,0,1
rs,down,4096,3584,1536,gpu,20,c_fluxgemm_only,0.20992,0,1
rs,down,4096,3584,1536,gpu,21,c_cublas,0.18842,0,1
rs,down,4096,3584,1536,gpu,21,c_fluxgemm_only,0.20992,0,1
rs,down,4096,3584,1536,gpu,22,c_cublas,0.19046,0,1
rs,down,4096,3584,1536,gpu,22,c_fluxgemm_only,0.20890,0,1
rs,down,4096,3584,1536,gpu,23,c_cublas,0.18944,0,1
rs,down,4096,3584,1536,gpu,23,c_fluxgemm_only,0.20992,0,1
rs,down,4096,3584,1536,gpu,24,c_cublas,0.19046,0,1
rs,down,4096,3584,1536,gpu,24,c_fluxgemm_only,0.21094,0,1
rs,down,4096,3584,1536,gpu,25,c_cublas,0.18944,0,1
rs,down,4096,3584,1536,gpu,25,c_fluxgemm_only,0.20992,0,1
rs,down,4096,3584,1536,gpu,26,c_cublas,0.19046,0,1
rs,down,4096,3584,1536,gpu,26,c_fluxgemm_only,0.20890,0,1
rs,down,4096,3584,1536,gpu,27,c_cublas,0.18842,0,1
rs,down,4096,3584,1536,gpu,27,c_fluxgemm_only,0.20992,0,1
rs,down,4096,3584,1536,gpu,28,c_cublas,0.19046,0,1
rs,down,4096,3584,1536,gpu,28,c_fluxgemm_only,0.20992,0,1
rs,down,4096,3584,1536,gpu,29,c_cublas,0.18944,0,1
rs,down,4096,3584,1536,gpu,29,c_fluxgemm_only,0.20890,0,1
rs,down,4096,3584,1536,gpu,30,c_cublas,0.18842,0,1
rs,down,4096,3584,1536,gpu,30,c_fluxgemm_only,0.21094,0,1
rs,down,4096,3584,1536,gpu,31,c_cublas,0.18944,0,1
rs,down,4096,3584,1536,gpu,31,c_fluxgemm_only,0.20992,0,1
rs,down,4096,3584,1536,gpu,32,c_cublas,0.19046,0,1
rs,down,4096,3584,1536,gpu,32,c_fluxgemm_only,0.20992,0,1
rs,down,4096,3584,1536,gpu,33,c_cublas,0.18944,0,1
rs,down,4096,3584,1536,gpu,33,c_fluxgemm_only,0.20992,0,1
rs,down,4096,3584,1536,gpu,34,c_cublas,0.19046,0,1
rs,down,4096,3584,1536,gpu,34,c_fluxgemm_only,0.20992,0,1
rs,down,4096,3584,1536,gpu,35,c_cublas,0.18944,0,1
rs,down,4096,3584,1536,gpu,35,c_fluxgemm_only,0.20992,0,1
rs,down,4096,3584,1536,gpu,36,c_cublas,0.19149,0,1
rs,down,4096,3584,1536,gpu,36,c_fluxgemm_only,0.20992,0,1
rs,down,4096,3584,1536,gpu,37,c_cublas,0.18842,0,1
rs,down,4096,3584,1536,gpu,37,c_fluxgemm_only,0.20992,0,1
rs,down,4096,3584,1536,gpu,38,c_cublas,0.18944,0,1
rs,down,4096,3584,1536,gpu,38,c_fluxgemm_only,0.21094,0,1
rs,down,4096,3584,1536,gpu,39,c_cublas,0.18944,0,1
rs,down,4096,3584,1536,gpu,39,c_fluxgemm_only,0.20890,0,1
rs,down,4096,3584,1536,gpu,40,c_cublas,0.19046,0,1
rs,down,4096,3584,1536,gpu,40,c_fluxgemm_only,0.21094,0,1
rs,down,4096,3584,1536,gpu,41,c_cublas,0.18944,0,1
rs,down,4096,3584,1536,gpu,41,c_fluxgemm_only,0.20992,0,1
rs,down,4096,3584,1536,gpu,42,c_cublas,0.18944,0,1
rs,down,4096,3584,1536,gpu,42,c_fluxgemm_only,0.21094,0,1
rs,down,4096,3584,1536,gpu,43,c_cublas,0.18944,0,1
rs,down,4096,3584,1536,gpu,43,c_fluxgemm_only,0.20992,0,1
rs,down,4096,3584,1536,gpu,44,c_cublas,0.19046,0,1
rs,down,4096,3584,1536,gpu,44,c_fluxgemm_only,0.20992,0,1
rs,down,4096,3584,1536,gpu,45,c_cublas,0.18842,0,1
rs,down,4096,3584,1536,gpu,45,c_fluxgemm_only,0.20992,0,1
rs,down,4096,3584,1536,gpu,46,c_cublas,0.19046,0,1
rs,down,4096,3584,1536,gpu,46,c_fluxgemm_only,0.22733,0,1
rs,down,4096,3584,1536,gpu,47,c_cublas,0.18944,0,1
rs,down,4096,3584,1536,gpu,47,c_fluxgemm_only,0.20992,0,1
rs,down,4096,3584,1536,gpu,48,c_cublas,0.18944,1395,1
rs,down,4096,3584,1536,gpu,48,c_fluxgemm_only,0.21197,1395,1
rs,down,4096,3584,1536,gpu,49,c_cublas,0.18944,1395,1
rs,down,4096,3584,1536,gpu,49,c_fluxgemm_only,0.21094,1395,1
rs,down,4096,3584,1536,steady,0,c_cublas,0.19597,0,1
rs,down,4096,3584,1536,steady,0,c_fluxgemm_only,0.23827,0,1
rs,down,4096,3584,1536,steady,1,c_cublas,0.19610,0,1
rs,down,4096,3584,1536,steady,1,c_fluxgemm_only,0.23251,0,1
rs,down,4096,3584,1536,steady,2,c_cublas,0.19738,0,1
rs,down,4096,3584,1536,steady,2,c_fluxgemm_only,0.23187,0,1
rs,down,4096,3584,1536,steady,3,c_cublas,0.19610,0,1
rs,down,4096,3584,1536,steady,3,c_fluxgemm_only,0.23181,0,1
rs,down,4096,3584,1536,steady,4,c_cublas,0.19725,0,1
rs,down,4096,3584,1536,steady,4,c_fluxgemm_only,0.23168,0,1
rs,down,4096,3584,1536,steady,5,c_cublas,0.19744,0,1
rs,down,4096,3584,1536,steady,5,c_fluxgemm_only,0.23174,0,1
rs,down,4096,3584,1536,steady,6,c_cublas,0.19603,0,1
rs,down,4096,3584,1536,steady,6,c_fluxgemm_only,0.23181,0,1
rs,down,4096,3584,1536,steady,7,c_cublas,0.19718,0,1
rs,down,4096,3584,1536,steady,7,c_fluxgemm_only,0.23174,0,1
rs,down,4096,3584,1536,steady,8,c_cublas,0.19718,0,1
rs,down,4096,3584,1536,steady,8,c_fluxgemm_only,0.23174,0,1
rs,down,4096,3584,1536,steady,9,c_cublas,0.19597,0,1
rs,down,4096,3584,1536,steady,9,c_fluxgemm_only,0.23194,0,1
rs,down,4096,3584,1536,steady,10,c_cublas,0.19603,0,1
rs,down,4096,3584,1536,steady,10,c_fluxgemm_only,0.23283,0,1
rs,down,4096,3584,1536,steady,11,c_cublas,0.19712,0,1
rs,down,4096,3584,1536,steady,11,c_fluxgemm_only,0.23187,0,1
rs,down,4096,3584,1536,steady,12,c_cublas,0.19603,0,1
rs,down,4096,3584,1536,steady,12,c_fluxgemm_only,0.23181,0,1
rs,down,4096,3584,1536,steady,13,c_cublas,0.19603,0,1
rs,down,4096,3584,1536,steady,13,c_fluxgemm_only,0.23232,0,1
rs,down,4096,3584,1536,steady,14,c_cublas,0.19725,0,1
rs,down,4096,3584,1536,steady,14,c_fluxgemm_only,0.23174,0,1
rs,down,4096,3584,1536,steady,15,c_cublas,0.19610,0,1
rs,down,4096,3584,1536,steady,15,c_fluxgemm_only,0.23245,0,1
rs,down,4096,3584,1536,steady,16,c_cublas,0.19597,0,1
rs,down,4096,3584,1536,steady,16,c_fluxgemm_only,0.23232,0,1
rs,down,4096,3584,1536,steady,17,c_cublas,0.19603,0,1
rs,down,4096,3584,1536,steady,17,c_fluxgemm_only,0.23213,0,1
rs,down,4096,3584,1536,steady,18,c_cublas,0.19603,0,1
rs,down,4096,3584,1536,steady,18,c_fluxgemm_only,0.23213,0,1
rs,down,4096,3584,1536,steady,19,c_cublas,0.19706,0,1
rs,down,4096,3584,1536,steady,19,c_fluxgemm_only,0.23168,0,1
rs,down,4096,3584,2560,gpu,0,c_cublas,0.28467,0,1
rs,down,4096,3584,2560,gpu,0,c_fluxgemm_only,0.31642,0,1
rs,down,4096,3584,2560,gpu,1,c_cublas,0.28570,0,1
rs,down,4096,3584,2560,gpu,1,c_fluxgemm_only,0.31642,0,1
rs,down,4096,3584,2560,gpu,2,c_cublas,0.28467,0,1
rs,down,4096,3584,2560,gpu,2,c_fluxgemm_only,0.31539,0,1
rs,down,4096,3584,2560,gpu,3,c_cublas,0.28262,0,1
rs,down,4096,3584,2560,gpu,3,c_fluxgemm_only,0.31539,0,1
rs,down,4096,3584,2560,gpu,4,c_cublas,0.28365,0,1
rs,down,4096,3584,2560,gpu,4,c_fluxgemm_only,0.31642,0,1
rs,down,4096,3584,2560,gpu,5,c_cublas,0.28262,0,1
rs,down,4096,3584,2560,gpu,5,c_fluxgemm_only,0.31539,0,1
rs,down,4096,3584,2560,gpu,6,c_cublas,0.28262,0,1
rs,down,4096,3584,2560,gpu,6,c_fluxgemm_only,0.31334,0,1
rs,down,4096,3584,2560,gpu,7,c_cublas,0.28365,0,1
rs,down,4096,3584,2560,gpu,7,c_fluxgemm_only,0.31334,0,1
rs,down,4096,3584,2560,gpu,8,c_cublas,0.28160,0,1
rs,down,4096,3584,2560,gpu,8,c_fluxgemm_only,0.31539,0,1
rs,down,4096,3584,2560,gpu,9,c_cublas,0.28262,0,1
rs,down,4096,3584,2560,gpu,9,c_fluxgemm_only,0.31334,0,1
rs,down,4096,3584,2560,gpu,10,c_cublas,0.28262,0,1
rs,down,4096,3584,2560,gpu,10,c_fluxgemm_only,0.31334,0,1
rs,down,4096,3584,2560,gpu,11,c_cublas,0.28262,0,1
rs,down,4096,3584,2560,gpu,11,c_fluxgemm_only,0.31334,0,1
rs,down,4096,3584,2560,gpu,12,c_cublas,0.28262,0,1
rs,down,4096,3584,2560,gpu,12,c_fluxgemm_only,0.31437,0,1
rs,down,4096,3584,2560,gpu,13,c_cublas,0.28262,0,1
rs,down,4096,3584,2560,gpu,13,c_fluxgemm_only,0.31334,0,1
rs,down,4096,3584,2560,gpu,14,c_cublas,0.28262,0,1
rs,down,4096,3584,2560,gpu,14,c_fluxgemm_only,0.31334,0,1
rs,down,4096,3584,2560,gpu,15,c_cublas,0.28262,0,1
rs,down,4096,3584,2560,gpu,15,c_fluxgemm_only,0.31232,0,1
rs,down,4096,3584,2560,gpu,16,c_cublas,0.28262,0,1
rs,down,4096,3584,2560,gpu,16,c_fluxgemm_only,0.31539,0,1
rs,down,4096,3584,2560,gpu,17,c_cublas,0.28262,0,1
rs,down,4096,3584,2560,gpu,17,c_fluxgemm_only,0.31232,0,1
rs,down,4096,3584,2560,gpu,18,c_cublas,0.28262,0,1
rs,down,4096,3584,2560,gpu,18,c_fluxgemm_only,0.31437,0,1
rs,down,4096,3584,2560,gpu,19,c_cublas,0.28262,0,1
rs,down,4096,3584,2560,gpu,19,c_fluxgemm_only,0.31437,0,1
rs,down,4096,3584,2560,gpu,20,c_cublas,0.28365,0,1
rs,down,4096,3584,2560,gpu,20,c_fluxgemm_only,0.31334,0,1
rs,down,4096,3584,2560,gpu,21,c_cublas,0.28262,0,1
rs,down,4096,3584,2560,gpu,21,c_fluxgemm_only,0.31334,0,1
rs,down,4096,3584,2560,gpu,22,c_cublas,0.28160,0,1
rs,down,4096,3584,2560,gpu,22,c_fluxgemm_only,0.31539,0,1
rs,down,4096,3584,2560,gpu,23,c_cublas,0.28160,0,1
rs,down,4096,3584,2560,gpu,23,c_fluxgemm_only,0.31334,0,1
rs,down,4096,3584,2560,gpu,24,c_cublas,0.28262,0,1
rs,down,4096,3584,2560,gpu,24,c_fluxgemm_only,0.31334,0,1
rs,down,4096,3584,2560,gpu,25,c_cublas,0.28262,0,1
rs,down,4096,3584,2560,gpu,25,c_fluxgemm_only,0.31334,0,1
rs,down,4096,3584,2560,gpu,26,c_cublas,0.28262,0,1
rs,down,4096,3584,2560,gpu,26,c_fluxgemm_only,0.31334,0,1
rs,down,4096,3584,2560,gpu,27,c_cublas,0.28262,0,1
rs,down,4096,3584,2560,gpu,27,c_fluxgemm_only,0.31334,0,1
rs,down,4096,3584,2560,gpu,28,c_cublas,0.28262,0,1
rs,down,4096,3584,2560,gpu,28,c_fluxgemm_only,0.31437,0,1
rs,down,4096,3584,2560,gpu,29,c_cublas,0.28160,0,1
rs,down,4096,3584,2560,gpu,29,c_fluxgemm_only,0.31334,0,1
rs,down,4096,3584,2560,gpu,30,c_cublas,0.28262,0,1
rs,down,4096,3584,2560,gpu,30,c_fluxgemm_only,0.31334,0,1
rs,down,4096,3584,2560,gpu,31,c_cublas,0.28160,0,1
rs,down,4096,3584,2560,gpu,31,c_fluxgemm_only,0.31437,0,1
rs,down,4096,3584,2560,gpu,32,c_cublas,0.28262,0,1
rs,down,4096,3584,2560,gpu,32,c_fluxgemm_only,0.31437,0,1
rs,down,4096,3584,2560,gpu,33,c_cublas,0.28262,0,1
rs,down,4096,3584,2560,gpu,33,c_fluxgemm_only,0.31334,0,1
rs,down,4096,3584,2560,gpu,34,c_cublas,0.28262,0,1
rs,down,4096,3584,2560,gpu,34,c_fluxgemm_only,0.31334,0,1
rs,down,4096,3584,2560,gpu,35,c_cublas,0.28262,0,1
rs,down,4096,3584,2560,gpu,35,c_fluxgemm_only,0.31232,0,1
rs,down,4096,3584,2560,gpu,36,c_cublas,0.28262,0,1
rs,down,4096,3584,2560,gpu,36,c_fluxgemm_only,0.31334,0,1
rs,down,4096,3584,2560,gpu,37,c_cublas,0.28160,0,1
rs,down,4096,3584,2560,gpu,37,c_fluxgemm_only,0.31437,0,1
rs,down,4096,3584,2560,gpu,38,c_cublas,0.28262,0,1
rs,down,4096,3584,2560,gpu,38,c_fluxgemm_only,0.31437,0,1
rs,down,4096,3584,2560,gpu,39,c_cublas,0.28160,0,1
rs,down,4096,3584,2560,gpu,39,c_fluxgemm_only,0.31334,0,1
rs,down,4096,3584,2560,gpu,40,c_cublas,0.28262,1395,1
rs,down,4096,3584,2560,gpu,40,c_fluxgemm_only,0.31437,1395,1
rs,down,4096,3584,2560,gpu,41,c_cublas,0.28160,1395,1
rs,down,4096,3584,2560,gpu,41,c_fluxgemm_only,0.31334,1395,1
rs,down,4096,3584,2560,gpu,42,c_cublas,0.28262,1395,1
rs,down,4096,3584,2560,gpu,42,c_fluxgemm_only,0.31334,1395,1
rs,down,4096,3584,2560,gpu,43,c_cublas,0.28262,1395,1
rs,down,4096,3584,2560,gpu,43,c_fluxgemm_only,0.31334,1395,1
rs,down,4096,3584,2560,gpu,44,c_cublas,0.28365,1395,1
rs,down,4096,3584,2560,gpu,44,c_fluxgemm_only,0.31334,1395,1
rs,down,4096,3584,2560,gpu,45,c_cublas,0.28262,1395,1
rs,down,4096,3584,2560,gpu,45,c_fluxgemm_only,0.31334,1395,1
rs,down,4096,3584,2560,gpu,46,c_cublas,0.28365,1395,1
rs,down,4096,3584,2560,gpu,46,c_fluxgemm_only,0.31334,1395,1
rs,down,4096,3584,2560,gpu,47,c_cublas,0.28262,1395,1
rs,down,4096,3584,2560,gpu,47,c_fluxgemm_only,0.31334,1395,1
rs,down,4096,3584,2560,gpu,48,c_cublas,0.28365,1395,1
rs,down,4096,3584,2560,gpu,48,c_fluxgemm_only,0.31334,1395,1
rs,down,4096,3584,2560,gpu,49,c_cublas,0.28262,1395,1
rs,down,4096,3584,2560,gpu,49,c_fluxgemm_only,0.31334,1395,1
rs,down,4096,3584,2560,steady,0,c_cublas,0.30304,0,1
rs,down,4096,3584,2560,steady,0,c_fluxgemm_only,0.35155,0,1
rs,down,4096,3584,2560,steady,1,c_cublas,0.30310,0,1
rs,down,4096,3584,2560,steady,1,c_fluxgemm_only,0.34842,0,1
rs,down,4096,3584,2560,steady,2,c_cublas,0.30310,0,1
rs,down,4096,3584,2560,steady,2,c_fluxgemm_only,0.34822,0,1
rs,down,4096,3584,2560,steady,3,c_cublas,0.30310,0,1
rs,down,4096,3584,2560,steady,3,c_fluxgemm_only,0.34848,0,1
rs,down,4096,3584,2560,steady,4,c_cublas,0.30611,0,1
rs,down,4096,3584,2560,steady,4,c_fluxgemm_only,0.34726,0,1
rs,down,4096,3584,2560,steady,5,c_cublas,0.30451,0,1
rs,down,4096,3584,2560,steady,5,c_fluxgemm_only,0.34733,0,1
rs,down,4096,3584,2560,steady,6,c_cublas,0.30477,0,1
rs,down,4096,3584,2560,steady,6,c_fluxgemm_only,0.34752,0,1
rs,down,4096,3584,2560,steady,7,c_cublas,0.30304,0,1
rs,down,4096,3584,2560,steady,7,c_fluxgemm_only,0.34746,0,1
rs,down,4096,3584,2560,steady,8,c_cublas,0.30317,0,1
rs,down,4096,3584,2560,steady,8,c_fluxgemm_only,0.34810,0,1
rs,down,4096,3584,2560,steady,9,c_cublas,0.30310,0,1
rs,down,4096,3584,2560,steady,9,c_fluxgemm_only,0.34778,0,1
rs,down,4096,3584,2560,steady,10,c_cublas,0.30458,0,1
rs,down,4096,3584,2560,steady,10,c_fluxgemm_only,0.34746,0,1
rs,down,4096,3584,2560,steady,11,c_cublas,0.30470,0,1
rs,down,4096,3584,2560,steady,11,c_fluxgemm_only,0.34726,0,1
rs,down,4096,3584,2560,steady,12,c_cublas,0.30483,0,1
rs,down,4096,3584,2560,steady,12,c_fluxgemm_only,0.34733,0,1
rs,down,4096,3584,2560,steady,13,c_cublas,0.30656,0,1
rs,down,4096,3584,2560,steady,13,c_fluxgemm_only,0.34893,0,1
rs,down,4096,3584,2560,steady,14,c_cublas,0.30771,1275,1
rs,down,4096,3584,2560,steady,14,c_fluxgemm_only,0.35110,1275,1
rs,down,4096,3584,2560,steady,15,c_cublas,0.30765,1275,1
rs,down,4096,3584,2560,steady,15,c_fluxgemm_only,0.35104,1275,1
rs,down,4096,3584,2560,steady,16,c_cublas,0.30650,1275,1
rs,down,4096,3584,2560,steady,16,c_fluxgemm_only,0.35130,1275,1
rs,down,4096,3584,2560,steady,17,c_cublas,0.30650,1275,1
rs,down,4096,3584,2560,steady,17,c_fluxgemm_only,0.35213,1275,1
rs,down,4096,3584,2560,steady,18,c_cublas,0.30650,1260,1
rs,down,4096,3584,2560,steady,18,c_fluxgemm_only,0.35206,1260,1
rs,down,4096,3584,2560,steady,19,c_cublas,0.30778,1260,1
rs,down,4096,3584,2560,steady,19,c_fluxgemm_only,0.35123,1260,1
rs,down,4096,3584,6144,gpu,0,c_cublas,0.76698,0,1
rs,down,4096,3584,6144,gpu,0,c_fluxgemm_only,0.75366,0,1
rs,down,4096,3584,6144,gpu,1,c_cublas,0.72909,0,1
rs,down,4096,3584,6144,gpu,1,c_fluxgemm_only,0.75264,0,1
rs,down,4096,3584,6144,gpu,2,c_cublas,0.72806,0,1
rs,down,4096,3584,6144,gpu,2,c_fluxgemm_only,0.75264,0,1
rs,down,4096,3584,6144,gpu,3,c_cublas,0.72909,0,1
rs,down,4096,3584,6144,gpu,3,c_fluxgemm_only,0.75162,0,1
rs,down,4096,3584,6144,gpu,4,c_cublas,0.72704,0,1
rs,down,4096,3584,6144,gpu,4,c_fluxgemm_only,0.75366,0,1
rs,down,4096,3584,6144,gpu,5,c_cublas,0.72909,0,1
rs,down,4096,3584,6144,gpu,5,c_fluxgemm_only,0.75162,0,1
rs,down,4096,3584,6144,gpu,6,c_cublas,0.72704,0,1
rs,down,4096,3584,6144,gpu,6,c_fluxgemm_only,0.75162,0,1
rs,down,4096,3584,6144,gpu,7,c_cublas,0.72909,0,1
rs,down,4096,3584,6144,gpu,7,c_fluxgemm_only,0.75264,0,1
rs,down,4096,3584,6144,gpu,8,c_cublas,0.72704,0,1
rs,down,4096,3584,6144,gpu,8,c_fluxgemm_only,0.75264,0,1
rs,down,4096,3584,6144,gpu,9,c_cublas,0.72909,0,1
rs,down,4096,3584,6144,gpu,9,c_fluxgemm_only,0.75162,0,1
rs,down,4096,3584,6144,gpu,10,c_cublas,0.72704,0,1
rs,down,4096,3584,6144,gpu,10,c_fluxgemm_only,0.75059,0,1
rs,down,4096,3584,6144,gpu,11,c_cublas,0.72909,0,1
rs,down,4096,3584,6144,gpu,11,c_fluxgemm_only,0.75162,0,1
rs,down,4096,3584,6144,gpu,12,c_cublas,0.72806,0,1
rs,down,4096,3584,6144,gpu,12,c_fluxgemm_only,0.75162,0,1
rs,down,4096,3584,6144,gpu,13,c_cublas,0.72909,0,1
rs,down,4096,3584,6144,gpu,13,c_fluxgemm_only,0.75366,0,1
rs,down,4096,3584,6144,gpu,14,c_cublas,0.72806,0,1
rs,down,4096,3584,6144,gpu,14,c_fluxgemm_only,0.75264,0,1
rs,down,4096,3584,6144,gpu,15,c_cublas,0.72704,0,1
rs,down,4096,3584,6144,gpu,15,c_fluxgemm_only,0.75366,0,1
rs,down,4096,3584,6144,gpu,16,c_cublas,0.72806,0,1
rs,down,4096,3584,6144,gpu,16,c_fluxgemm_only,0.75264,0,1
rs,down,4096,3584,6144,gpu,17,c_cublas,0.72806,0,1
rs,down,4096,3584,6144,gpu,17,c_fluxgemm_only,0.75469,0,1
rs,down,4096,3584,6144,gpu,18,c_cublas,0.72704,0,1
rs,down,4096,3584,6144,gpu,18,c_fluxgemm_only,0.75264,0,1
rs,down,4096,3584,6144,gpu,19,c_cublas,0.72704,0,1
rs,down,4096,3584,6144,gpu,19,c_fluxgemm_only,0.75366,0,1
rs,down,4096,3584,6144,gpu,20,c_cublas,0.72806,0,1
rs,down,4096,3584,6144,gpu,20,c_fluxgemm_only,0.75059,0,1
rs,down,4096,3584,6144,gpu,21,c_cublas,0.72806,0,1
rs,down,4096,3584,6144,gpu,21,c_fluxgemm_only,0.75264,0,1
rs,down,4096,3584,6144,gpu,22,c_cublas,0.72704,0,1
rs,down,4096,3584,6144,gpu,22,c_fluxgemm_only,0.75264,0,1
rs,down,4096,3584,6144,gpu,23,c_cublas,0.72909,0,1
rs,down,4096,3584,6144,gpu,23,c_fluxgemm_only,0.75366,0,1
rs,down,4096,3584,6144,gpu,24,c_cublas,0.72704,0,1
rs,down,4096,3584,6144,gpu,24,c_fluxgemm_only,0.75162,0,1
rs,down,4096,3584,6144,gpu,25,c_cublas,0.72909,1395,1
rs,down,4096,3584,6144,gpu,25,c_fluxgemm_only,0.75264,1395,1
rs,down,4096,3584,6144,gpu,26,c_cublas,0.72704,1395,1
rs,down,4096,3584,6144,gpu,26,c_fluxgemm_only,0.75264,1395,1
rs,down,4096,3584,6144,gpu,27,c_cublas,0.72909,1395,1
rs,down,4096,3584,6144,gpu,27,c_fluxgemm_only,0.75162,1395,1
rs,down,4096,3584,6144,gpu,28,c_cublas,0.72806,1395,1
rs,down,4096,3584,6144,gpu,28,c_fluxgemm_only,0.75162,1395,1
rs,down,4096,3584,6144,gpu,29,c_cublas,0.72909,1395,1
rs,down,4096,3584,6144,gpu,29,c_fluxgemm_only,0.75264,1395,1
rs,down,4096,3584,6144,gpu,30,c_cublas,0.72704,1395,1
rs,down,4096,3584,6144,gpu,30,c_fluxgemm_only,0.75162,1395,1
rs,down,4096,3584,6144,gpu,31,c_cublas,0.72704,1395,1
rs,down,4096,3584,6144,gpu,31,c_fluxgemm_only,0.75366,1395,1
rs,down,4096,3584,6144,gpu,32,c_cublas,0.72806,1395,1
rs,down,4096,3584,6144,gpu,32,c_fluxgemm_only,0.75264,1395,1
rs,down,4096,3584,6144,gpu,33,c_cublas,0.72909,1395,1
rs,down,4096,3584,6144,gpu,33,c_fluxgemm_only,0.75264,1395,1
rs,down,4096,3584,6144,gpu,34,c_cublas,0.72806,1395,1
rs,down,4096,3584,6144,gpu,34,c_fluxgemm_only,0.75059,1395,1
rs,down,4096,3584,6144,gpu,35,c_cublas,0.72704,1395,1
rs,down,4096,3584,6144,gpu,35,c_fluxgemm_only,0.75469,1395,1
rs,down,4096,3584,6144,gpu,36,c_cublas,0.72806,1395,1
rs,down,4096,3584,6144,gpu,36,c_fluxgemm_only,0.75162,1395,1
rs,down,4096,3584,6144,gpu,37,c_cublas,0.72704,1395,1
rs,down,4096,3584,6144,gpu,37,c_fluxgemm_only,0.75264,1395,1
rs,down,4096,3584,6144,gpu,38,c_cublas,0.72704,1395,1
rs,down,4096,3584,6144,gpu,38,c_fluxgemm_only,0.75264,1395,1
rs,down,4096,3584,6144,gpu,39,c_cublas,0.72909,1395,1
rs,down,4096,3584,6144,gpu,39,c_fluxgemm_only,0.75162,1395,1
rs,down,4096,3584,6144,gpu,40,c_cublas,0.72806,1395,1
rs,down,4096,3584,6144,gpu,40,c_fluxgemm_only,0.75162,1395,1
rs,down,4096,3584,6144,gpu,41,c_cublas,0.72806,1395,1
rs,down,4096,3584,6144,gpu,41,c_fluxgemm_only,0.75366,1395,1
rs,down,4096,3584,6144,gpu,42,c_cublas,0.72806,1395,1
rs,down,4096,3584,6144,gpu,42,c_fluxgemm_only,0.75264,1395,1
rs,down,4096,3584,6144,gpu,43,c_cublas,0.72704,1395,1
rs,down,4096,3584,6144,gpu,43,c_fluxgemm_only,0.75366,1395,1
rs,down,4096,3584,6144,gpu,44,c_cublas,0.76390,1395,1
rs,down,4096,3584,6144,gpu,44,c_fluxgemm_only,0.75059,1395,1
rs,down,4096,3584,6144,gpu,45,c_cublas,0.72806,1395,1
rs,down,4096,3584,6144,gpu,45,c_fluxgemm_only,0.75366,1395,1
rs,down,4096,3584,6144,gpu,46,c_cublas,0.72806,1395,1
rs,down,4096,3584,6144,gpu,46,c_fluxgemm_only,0.75366,1395,1
rs,down,4096,3584,6144,gpu,47,c_cublas,0.72806,1395,1
rs,down,4096,3584,6144,gpu,47,c_fluxgemm_only,0.75366,1395,1
rs,down,4096,3584,6144,gpu,48,c_cublas,0.72909,1395,1
rs,down,4096,3584,6144,gpu,48,c_fluxgemm_only,0.75264,1395,1
rs,down,4096,3584,6144,gpu,49,c_cublas,0.72704,1395,1
rs,down,4096,3584,6144,gpu,49,c_fluxgemm_only,0.75366,1395,1
rs,down,4096,3584,6144,steady,0,c_cublas,0.79053,0,1
rs,down,4096,3584,6144,steady,0,c_fluxgemm_only,0.80237,0,1
rs,down,4096,3584,6144,steady,1,c_cublas,0.79859,0,1
rs,down,4096,3584,6144,steady,1,c_fluxgemm_only,0.81203,0,1
rs,down,4096,3584,6144,steady,2,c_cublas,0.80941,1260,1
rs,down,4096,3584,6144,steady,2,c_fluxgemm_only,0.81971,1260,1
rs,down,4096,3584,6144,steady,3,c_cublas,0.81069,1260,1
rs,down,4096,3584,6144,steady,3,c_fluxgemm_only,0.81152,1260,1
rs,down,4096,3584,6144,steady,4,c_cublas,0.80730,1260,1
rs,down,4096,3584,6144,steady,4,c_fluxgemm_only,0.81926,1260,1
rs,down,4096,3584,6144,steady,5,c_cublas,0.80928,1260,1
rs,down,4096,3584,6144,steady,5,c_fluxgemm_only,0.81971,1260,1
rs,down,4096,3584,6144,steady,6,c_cublas,0.80947,1245,1
rs,down,4096,3584,6144,steady,6,c_fluxgemm_only,0.81997,1245,1
rs,down,4096,3584,6144,steady,7,c_cublas,0.81190,1245,1
rs,down,4096,3584,6144,steady,7,c_fluxgemm_only,0.82035,1245,1
rs,down,4096,3584,6144,steady,8,c_cublas,0.81363,1245,1
rs,down,4096,3584,6144,steady,8,c_fluxgemm_only,0.81894,1245,1
rs,down,4096,3584,6144,steady,9,c_cublas,0.81037,1245,1
rs,down,4096,3584,6144,steady,9,c_fluxgemm_only,0.81306,1245,1
rs,down,4096,3584,6144,steady,10,c_cublas,0.80147,1245,1
rs,down,4096,3584,6144,steady,10,c_fluxgemm_only,0.81984,1245,1
rs,down,4096,3584,6144,steady,11,c_cublas,0.79846,1245,1
rs,down,4096,3584,6144,steady,11,c_fluxgemm_only,0.80096,1245,1
rs,down,4096,3584,6144,steady,12,c_cublas,0.80083,1245,1
rs,down,4096,3584,6144,steady,12,c_fluxgemm_only,0.80179,1245,1
rs,down,4096,3584,6144,steady,13,c_cublas,0.81043,1245,1
rs,down,4096,3584,6144,steady,13,c_fluxgemm_only,0.81939,1245,1
rs,down,4096,3584,6144,steady,14,c_cublas,0.81043,1245,1
rs,down,4096,3584,6144,steady,14,c_fluxgemm_only,0.81901,1245,1
rs,down,4096,3584,6144,steady,15,c_cublas,0.81120,1245,1
rs,down,4096,3584,6144,steady,15,c_fluxgemm_only,0.81920,1245,1
rs,down,4096,3584,6144,steady,16,c_cublas,0.80947,1245,1
rs,down,4096,3584,6144,steady,16,c_fluxgemm_only,0.81965,1245,1
rs,down,4096,3584,6144,steady,17,c_cublas,0.80691,1245,1
rs,down,4096,3584,6144,steady,17,c_fluxgemm_only,0.80998,1245,1
rs,down,4096,3584,6144,steady,18,c_cublas,0.80102,1260,1
rs,down,4096,3584,6144,steady,18,c_fluxgemm_only,0.80979,1260,1
rs,down,4096,3584,6144,steady,19,c_cublas,0.80928,1260,1
rs,down,4096,3584,6144,steady,19,c_fluxgemm_only,0.81805,1260,1
