layer,N,K,M,mode,round,item,order_pos,rank_max_ms,rank_min_ms,rank0_ms,cpu_launch_rank_max_ms,min_sm_clock_mhz,kept
Q32-GU,55296,5120,384,gpu,0,A_fused,1,0.36659,0.35226,0.35840,0.08221,0,1
Q32-GU,55296,5120,384,gpu,0,B_nccl_cublas,0,0.48640,0.44134,0.47821,0.11659,0,1
Q32-GU,55296,5120,384,gpu,0,C_fluxag_cublas,3,0.41984,0.41062,0.41882,0.08905,0,1
Q32-GU,55296,5120,384,gpu,0,D_fluxag_fluxgemm,2,0.36659,0.36250,0.36352,0.09801,0,1
Q32-GU,55296,5120,384,gpu,1,A_fused,3,0.35328,0.33997,0.35226,0.08464,0,1
Q32-GU,55296,5120,384,gpu,1,B_nccl_cublas,1,0.40858,0.40550,0.40653,0.11059,0,1
Q32-GU,55296,5120,384,gpu,1,C_fluxag_cublas,2,0.43315,0.42189,0.42189,0.09541,0,1
Q32-GU,55296,5120,384,gpu,1,D_fluxag_fluxgemm,0,0.37274,0.36147,0.36864,0.08990,0,1
Q32-GU,55296,5120,384,gpu,2,A_fused,0,0.36250,0.35123,0.35123,0.07536,0,1
Q32-GU,55296,5120,384,gpu,2,B_nccl_cublas,2,0.39731,0.39424,0.39731,0.10523,0,1
Q32-GU,55296,5120,384,gpu,2,C_fluxag_cublas,3,0.41062,0.40038,0.40755,0.08600,0,1
Q32-GU,55296,5120,384,gpu,2,D_fluxag_fluxgemm,1,0.36352,0.34509,0.35533,0.09134,0,1
Q32-GU,55296,5120,384,gpu,3,A_fused,2,0.37683,0.36454,0.36454,0.07332,0,1
Q32-GU,55296,5120,384,gpu,3,B_nccl_cublas,1,0.39936,0.39424,0.39629,0.10277,0,1
Q32-GU,55296,5120,384,gpu,3,C_fluxag_cublas,3,0.40960,0.39117,0.40653,0.08069,0,1
Q32-GU,55296,5120,384,gpu,3,D_fluxag_fluxgemm,0,0.79155,0.37171,0.78950,0.09100,0,1
Q32-GU,55296,5120,384,gpu,4,A_fused,1,0.36864,0.35226,0.36250,0.07912,0,1
Q32-GU,55296,5120,384,gpu,4,B_nccl_cublas,3,0.40755,0.40550,0.40550,0.09027,0,1
Q32-GU,55296,5120,384,gpu,4,C_fluxag_cublas,0,0.42496,0.41267,0.42086,0.08506,0,1
Q32-GU,55296,5120,384,gpu,4,D_fluxag_fluxgemm,2,0.38093,0.36454,0.37274,0.07784,0,1
Q32-GU,55296,5120,384,gpu,5,A_fused,2,0.35430,0.33894,0.35430,0.06897,0,1
Q32-GU,55296,5120,384,gpu,5,B_nccl_cublas,0,0.42189,0.41677,0.41677,0.09911,0,1
Q32-GU,55296,5120,384,gpu,5,C_fluxag_cublas,1,0.42496,0.41677,0.42496,0.08671,0,1
Q32-GU,55296,5120,384,gpu,5,D_fluxag_fluxgemm,3,0.36557,0.34918,0.36557,0.08975,0,1
Q32-GU,55296,5120,384,gpu,6,A_fused,3,0.35635,0.35021,0.35021,0.06482,0,1
Q32-GU,55296,5120,384,gpu,6,B_nccl_cublas,0,0.39834,0.39526,0.39731,0.08347,0,1
Q32-GU,55296,5120,384,gpu,6,C_fluxag_cublas,1,0.41165,0.40243,0.41165,0.08498,0,1
Q32-GU,55296,5120,384,gpu,6,D_fluxag_fluxgemm,2,0.36966,0.36557,0.36966,0.08705,0,1
Q32-GU,55296,5120,384,gpu,7,A_fused,2,0.38195,0.36454,0.36864,0.07109,0,1
Q32-GU,55296,5120,384,gpu,7,B_nccl_cublas,1,0.40858,0.40550,0.40550,0.08588,0,1
Q32-GU,55296,5120,384,gpu,7,C_fluxag_cublas,3,0.40960,0.40755,0.40755,0.08226,0,1
Q32-GU,55296,5120,384,gpu,7,D_fluxag_fluxgemm,0,0.37171,0.36250,0.36557,0.08260,0,1
Q32-GU,55296,5120,384,gpu,8,A_fused,3,0.35123,0.33997,0.34918,0.07014,0,1
Q32-GU,55296,5120,384,gpu,8,B_nccl_cublas,1,0.40858,0.40243,0.40448,0.08348,0,1
Q32-GU,55296,5120,384,gpu,8,C_fluxag_cublas,2,0.43520,0.40858,0.40858,0.09353,0,1
Q32-GU,55296,5120,384,gpu,8,D_fluxag_fluxgemm,0,0.36966,0.34918,0.36966,0.08640,0,1
Q32-GU,55296,5120,384,gpu,9,A_fused,1,0.35123,0.33587,0.33997,0.06564,0,1
Q32-GU,55296,5120,384,gpu,9,B_nccl_cublas,2,0.40038,0.39731,0.39834,0.09775,0,1
Q32-GU,55296,5120,384,gpu,9,C_fluxag_cublas,3,0.41267,0.39629,0.39629,0.09289,0,1
Q32-GU,55296,5120,384,gpu,9,D_fluxag_fluxgemm,0,0.37274,0.35533,0.37171,0.08468,0,1
Q32-GU,55296,5120,384,gpu,10,A_fused,0,0.36045,0.34918,0.35840,0.06999,0,1
Q32-GU,55296,5120,384,gpu,10,B_nccl_cublas,2,0.40653,0.40141,0.40653,0.08305,0,1
Q32-GU,55296,5120,384,gpu,10,C_fluxag_cublas,1,0.43418,0.40653,0.41062,0.08120,0,1
Q32-GU,55296,5120,384,gpu,10,D_fluxag_fluxgemm,3,0.39014,0.37376,0.39014,0.08653,0,1
Q32-GU,55296,5120,384,gpu,11,A_fused,2,0.35123,0.33690,0.35123,0.07271,0,1
Q32-GU,55296,5120,384,gpu,11,B_nccl_cublas,3,0.40448,0.40141,0.40448,0.08113,0,1
Q32-GU,55296,5120,384,gpu,11,C_fluxag_cublas,0,0.42291,0.40858,0.41267,0.08632,0,1
Q32-GU,55296,5120,384,gpu,11,D_fluxag_fluxgemm,1,0.37581,0.36454,0.37581,0.08591,0,1
Q32-GU,55296,5120,384,gpu,12,A_fused,1,0.36762,0.31334,0.35226,0.06846,0,1
Q32-GU,55296,5120,384,gpu,12,B_nccl_cublas,3,0.40448,0.34304,0.40448,0.09175,0,1
Q32-GU,55296,5120,384,gpu,12,C_fluxag_cublas,0,0.41267,0.35533,0.41267,0.09531,0,1
Q32-GU,55296,5120,384,gpu,12,D_fluxag_fluxgemm,2,0.37274,0.31027,0.37274,0.09014,0,1
Q32-GU,55296,5120,384,gpu,13,A_fused,3,0.35021,0.31027,0.34918,0.07460,0,1
Q32-GU,55296,5120,384,gpu,13,B_nccl_cublas,1,0.40755,0.34816,0.40755,0.08323,0,1
Q32-GU,55296,5120,384,gpu,13,C_fluxag_cublas,0,0.39322,0.33587,0.39219,0.08727,0,1
Q32-GU,55296,5120,384,gpu,13,D_fluxag_fluxgemm,2,0.38195,0.32154,0.36659,0.08589,0,1
Q32-GU,55296,5120,384,gpu,14,A_fused,2,0.35840,0.32154,0.34816,0.06554,0,1
Q32-GU,55296,5120,384,gpu,14,B_nccl_cublas,0,0.41472,0.35430,0.41370,0.08688,0,1
Q32-GU,55296,5120,384,gpu,14,C_fluxag_cublas,3,0.41882,0.36250,0.40960,0.08302,0,1
Q32-GU,55296,5120,384,gpu,14,D_fluxag_fluxgemm,1,0.36762,0.33690,0.36557,0.08618,0,1
Q32-GU,55296,5120,384,gpu,15,A_fused,1,0.35430,0.30925,0.34611,0.06811,0,1
Q32-GU,55296,5120,384,gpu,15,B_nccl_cublas,3,0.39834,0.33382,0.33792,0.10451,0,1
Q32-GU,55296,5120,384,gpu,15,C_fluxag_cublas,0,0.42189,0.32973,0.40755,0.08534,0,1
Q32-GU,55296,5120,384,gpu,15,D_fluxag_fluxgemm,2,0.36557,0.31539,0.36147,0.07812,0,1
Q32-GU,55296,5120,384,gpu,16,A_fused,0,0.35226,0.30003,0.32563,0.07140,0,1
Q32-GU,55296,5120,384,gpu,16,B_nccl_cublas,3,0.39526,0.33690,0.34099,0.09204,0,1
Q32-GU,55296,5120,384,gpu,16,C_fluxag_cublas,1,0.39936,0.33280,0.33280,0.08231,0,1
Q32-GU,55296,5120,384,gpu,16,D_fluxag_fluxgemm,2,0.38093,0.32154,0.32358,0.08981,0,1
Q32-GU,55296,5120,384,gpu,17,A_fused,1,0.35123,0.31437,0.31437,0.06634,0,1
Q32-GU,55296,5120,384,gpu,17,B_nccl_cublas,3,0.40243,0.34304,0.34509,0.08169,0,1
Q32-GU,55296,5120,384,gpu,17,C_fluxag_cublas,2,0.41574,0.34918,0.35942,0.09116,0,1
Q32-GU,55296,5120,384,gpu,17,D_fluxag_fluxgemm,0,0.38093,0.32461,0.32461,0.08700,0,1
Q32-GU,55296,5120,384,gpu,18,A_fused,2,0.34816,0.30822,0.30822,0.06531,0,1
Q32-GU,55296,5120,384,gpu,18,B_nccl_cublas,3,0.40141,0.34202,0.34202,0.08203,0,1
Q32-GU,55296,5120,384,gpu,18,C_fluxag_cublas,0,1.13869,0.44032,0.47718,0.09273,0,1
Q32-GU,55296,5120,384,gpu,18,D_fluxag_fluxgemm,1,0.36557,0.32051,0.32154,0.08784,0,1
Q32-GU,55296,5120,384,gpu,19,A_fused,2,0.36352,0.31130,0.31232,0.06689,0,1
Q32-GU,55296,5120,384,gpu,19,B_nccl_cublas,3,0.39731,0.33690,0.34099,0.08472,0,1
Q32-GU,55296,5120,384,gpu,19,C_fluxag_cublas,1,0.40960,0.35021,0.35328,0.08461,0,1
Q32-GU,55296,5120,384,gpu,19,D_fluxag_fluxgemm,0,0.36045,0.30515,0.30515,0.08718,0,1
Q32-GU,55296,5120,384,gpu,20,A_fused,2,0.37581,0.31539,0.31539,0.08204,1155,1
Q32-GU,55296,5120,384,gpu,20,B_nccl_cublas,3,0.40346,0.34202,0.34714,0.08562,1155,1
Q32-GU,55296,5120,384,gpu,20,C_fluxag_cublas,0,0.41472,0.34611,0.34611,0.08654,1155,1
Q32-GU,55296,5120,384,gpu,20,D_fluxag_fluxgemm,1,0.37376,0.32563,0.33075,0.08181,1155,1
Q32-GU,55296,5120,384,gpu,21,A_fused,3,0.35021,0.30515,0.30925,0.06766,1155,1
Q32-GU,55296,5120,384,gpu,21,B_nccl_cublas,1,0.40960,0.35021,0.35226,0.07935,1155,1
Q32-GU,55296,5120,384,gpu,21,C_fluxag_cublas,0,0.39834,0.33894,0.33894,0.08889,1155,1
Q32-GU,55296,5120,384,gpu,21,D_fluxag_fluxgemm,2,0.36762,0.31334,0.31642,0.08699,1155,1
Q32-GU,55296,5120,384,gpu,22,A_fused,2,0.34611,0.29798,0.29798,0.06707,1155,1
Q32-GU,55296,5120,384,gpu,22,B_nccl_cublas,3,0.39936,0.33894,0.34304,0.08370,1155,1
Q32-GU,55296,5120,384,gpu,22,C_fluxag_cublas,1,0.41062,0.35840,0.36147,0.08153,1155,1
Q32-GU,55296,5120,384,gpu,22,D_fluxag_fluxgemm,0,0.36659,0.31334,0.31334,0.08137,1155,1
Q32-GU,55296,5120,384,gpu,23,A_fused,1,0.35430,0.32051,0.32154,0.07068,1155,1
Q32-GU,55296,5120,384,gpu,23,B_nccl_cublas,0,0.39424,0.33382,0.33690,0.07801,1155,1
Q32-GU,55296,5120,384,gpu,23,C_fluxag_cublas,2,0.40960,0.35840,0.35840,0.08016,1155,1
Q32-GU,55296,5120,384,gpu,23,D_fluxag_fluxgemm,3,0.39219,0.32870,0.34714,0.08482,1155,1
Q32-GU,55296,5120,384,gpu,24,A_fused,2,0.34918,0.31437,0.31437,0.06341,1155,1
Q32-GU,55296,5120,384,gpu,24,B_nccl_cublas,3,0.40243,0.34099,0.34509,0.08085,1155,1
Q32-GU,55296,5120,384,gpu,24,C_fluxag_cublas,0,0.39834,0.33997,0.34304,0.08447,1155,1
Q32-GU,55296,5120,384,gpu,24,D_fluxag_fluxgemm,1,0.37171,0.31846,0.32154,0.08263,1155,1
Q32-GU,55296,5120,384,gpu,25,A_fused,2,0.33997,0.30925,0.31027,0.07006,1155,1
Q32-GU,55296,5120,384,gpu,25,B_nccl_cublas,1,0.39731,0.33382,0.33997,0.08249,1155,1
Q32-GU,55296,5120,384,gpu,25,C_fluxag_cublas,3,0.40755,0.35021,0.35226,0.08408,1155,1
Q32-GU,55296,5120,384,gpu,25,D_fluxag_fluxgemm,0,0.37069,0.32973,0.33075,0.09073,1155,1
Q32-GU,55296,5120,384,gpu,26,A_fused,0,0.34714,0.31027,0.31027,0.07093,1155,1
Q32-GU,55296,5120,384,gpu,26,B_nccl_cublas,1,0.39424,0.33485,0.33690,0.08267,1155,1
Q32-GU,55296,5120,384,gpu,26,C_fluxag_cublas,3,0.42394,0.35635,0.36762,0.08314,1155,1
Q32-GU,55296,5120,384,gpu,26,D_fluxag_fluxgemm,2,0.36762,0.32051,0.32256,0.09456,1155,1
Q32-GU,55296,5120,384,gpu,27,A_fused,2,0.34202,0.29901,0.29901,0.07007,1155,1
Q32-GU,55296,5120,384,gpu,27,B_nccl_cublas,0,0.41370,0.34816,0.35840,0.08736,1155,1
Q32-GU,55296,5120,384,gpu,27,C_fluxag_cublas,1,0.40960,0.34918,0.34918,0.08477,1155,1
Q32-GU,55296,5120,384,gpu,27,D_fluxag_fluxgemm,3,0.35738,0.31949,0.31949,0.07899,1155,1
Q32-GU,55296,5120,384,gpu,28,A_fused,3,0.34406,0.28467,0.30208,0.06854,1155,1
Q32-GU,55296,5120,384,gpu,28,B_nccl_cublas,1,0.40243,0.33997,0.34406,0.09720,1155,1
Q32-GU,55296,5120,384,gpu,28,C_fluxag_cublas,2,0.40038,0.34509,0.34509,0.08331,1155,1
Q32-GU,55296,5120,384,gpu,28,D_fluxag_fluxgemm,0,0.35226,0.31744,0.32256,0.08233,1155,1
Q32-GU,55296,5120,384,gpu,29,A_fused,3,0.35328,0.30925,0.32563,0.06576,1155,1
Q32-GU,55296,5120,384,gpu,29,B_nccl_cublas,1,0.40141,0.33894,0.34304,0.07809,1155,1
Q32-GU,55296,5120,384,gpu,29,C_fluxag_cublas,0,0.41267,0.34714,0.35430,0.08440,1155,1
Q32-GU,55296,5120,384,gpu,29,D_fluxag_fluxgemm,2,0.36659,0.30413,0.30822,0.08713,1155,1
Q32-GU,55296,5120,768,gpu,0,A_fused,2,0.49459,0.48845,0.49459,0.06969,0,1
Q32-GU,55296,5120,768,gpu,0,B_nccl_cublas,3,0.47206,0.46592,0.47206,0.10037,0,1
Q32-GU,55296,5120,768,gpu,0,C_fluxag_cublas,0,0.53453,0.49971,0.50381,0.30362,0,1
Q32-GU,55296,5120,768,gpu,0,D_fluxag_fluxgemm,1,0.52634,0.50688,0.52019,0.09091,0,1
Q32-GU,55296,5120,768,gpu,1,A_fused,0,0.51405,0.50381,0.51302,0.07393,0,1
Q32-GU,55296,5120,768,gpu,1,B_nccl_cublas,2,0.47309,0.46592,0.47309,0.09462,0,1
Q32-GU,55296,5120,768,gpu,1,C_fluxag_cublas,1,0.52019,0.49664,0.51712,0.08279,0,1
Q32-GU,55296,5120,768,gpu,1,D_fluxag_fluxgemm,3,0.53862,0.52634,0.53862,0.09507,0,1
Q32-GU,55296,5120,768,gpu,2,A_fused,3,0.51405,0.49766,0.51405,0.06831,0,1
Q32-GU,55296,5120,768,gpu,2,B_nccl_cublas,0,0.48435,0.47616,0.48435,0.10707,0,1
Q32-GU,55296,5120,768,gpu,2,C_fluxag_cublas,2,0.49357,0.48128,0.49357,0.08076,0,1
Q32-GU,55296,5120,768,gpu,2,D_fluxag_fluxgemm,1,0.53146,0.51610,0.51814,0.08931,0,1
Q32-GU,55296,5120,768,gpu,3,A_fused,3,0.51712,0.50483,0.51712,0.06852,0,1
Q32-GU,55296,5120,768,gpu,3,B_nccl_cublas,1,0.49459,0.48333,0.49459,0.07718,0,1
Q32-GU,55296,5120,768,gpu,3,C_fluxag_cublas,0,0.47616,0.46490,0.47616,0.08418,0,1
Q32-GU,55296,5120,768,gpu,3,D_fluxag_fluxgemm,2,0.54374,0.52531,0.52941,0.08660,0,1
Q32-GU,55296,5120,768,gpu,4,A_fused,0,0.52122,0.51302,0.51302,0.06953,0,1
Q32-GU,55296,5120,768,gpu,4,B_nccl_cublas,3,0.47309,0.46899,0.47309,0.07873,0,1
Q32-GU,55296,5120,768,gpu,4,C_fluxag_cublas,2,0.52838,0.50176,0.51302,0.08105,0,1
Q32-GU,55296,5120,768,gpu,4,D_fluxag_fluxgemm,1,0.53555,0.52736,0.53555,0.07791,0,1
Q32-GU,55296,5120,768,gpu,5,A_fused,1,0.53146,0.50586,0.51712,0.06761,0,1
Q32-GU,55296,5120,768,gpu,5,B_nccl_cublas,3,0.47411,0.47002,0.47411,0.09773,0,1
Q32-GU,55296,5120,768,gpu,5,C_fluxag_cublas,0,0.49357,0.48333,0.48947,0.08605,0,1
Q32-GU,55296,5120,768,gpu,5,D_fluxag_fluxgemm,2,0.53350,0.51712,0.53146,0.08457,0,1
Q32-GU,55296,5120,768,gpu,6,A_fused,2,0.51917,0.50893,0.50893,0.06778,0,1
Q32-GU,55296,5120,768,gpu,6,B_nccl_cublas,3,0.48640,0.48128,0.48640,0.09767,0,1
Q32-GU,55296,5120,768,gpu,6,C_fluxag_cublas,1,0.49459,0.48026,0.48947,0.08359,0,1
Q32-GU,55296,5120,768,gpu,6,D_fluxag_fluxgemm,0,0.54579,0.51917,0.53862,0.08512,0,1
Q32-GU,55296,5120,768,gpu,7,A_fused,1,0.52326,0.51302,0.52019,0.06496,0,1
Q32-GU,55296,5120,768,gpu,7,B_nccl_cublas,2,0.47206,0.46899,0.47206,0.10370,0,1
Q32-GU,55296,5120,768,gpu,7,C_fluxag_cublas,3,0.51507,0.50278,0.51507,0.08493,0,1
Q32-GU,55296,5120,768,gpu,7,D_fluxag_fluxgemm,0,0.52941,0.52224,0.52941,0.08659,0,1
Q32-GU,55296,5120,768,gpu,8,A_fused,2,0.53043,0.50586,0.52224,0.07261,0,1
Q32-GU,55296,5120,768,gpu,8,B_nccl_cublas,3,0.47206,0.47002,0.47104,0.08629,0,1
Q32-GU,55296,5120,768,gpu,8,C_fluxag_cublas,1,0.50176,0.48845,0.50176,0.08548,0,1
Q32-GU,55296,5120,768,gpu,8,D_fluxag_fluxgemm,0,0.51814,0.50483,0.51814,0.08566,0,1
Q32-GU,55296,5120,768,gpu,9,A_fused,1,0.51405,0.50176,0.50995,0.07149,0,1
Q32-GU,55296,5120,768,gpu,9,B_nccl_cublas,3,0.48435,0.47821,0.48435,0.07856,0,1
Q32-GU,55296,5120,768,gpu,9,C_fluxag_cublas,2,0.49152,0.47923,0.49152,0.08112,0,1
Q32-GU,55296,5120,768,gpu,9,D_fluxag_fluxgemm,0,0.53760,0.51507,0.53555,0.08818,0,1
Q32-GU,55296,5120,768,gpu,10,A_fused,3,0.51405,0.49254,0.51098,0.06781,0,1
Q32-GU,55296,5120,768,gpu,10,B_nccl_cublas,0,0.48333,0.48128,0.48333,0.07692,0,1
Q32-GU,55296,5120,768,gpu,10,C_fluxag_cublas,2,0.51200,0.48538,0.51200,0.08200,0,1
Q32-GU,55296,5120,768,gpu,10,D_fluxag_fluxgemm,1,0.54682,0.53350,0.54067,0.08770,0,1
Q32-GU,55296,5120,768,gpu,11,A_fused,0,0.55194,0.53043,0.55194,0.06729,0,1
Q32-GU,55296,5120,768,gpu,11,B_nccl_cublas,3,0.47206,0.46899,0.47206,0.07730,0,1
Q32-GU,55296,5120,768,gpu,11,C_fluxag_cublas,2,0.49152,0.47718,0.49152,0.08251,0,1
Q32-GU,55296,5120,768,gpu,11,D_fluxag_fluxgemm,1,0.52838,0.52224,0.52224,0.08049,0,1
Q32-GU,55296,5120,768,gpu,12,A_fused,0,0.51610,0.50074,0.50074,0.07280,0,1
Q32-GU,55296,5120,768,gpu,12,B_nccl_cublas,1,0.47309,0.47104,0.47309,0.08393,0,1
Q32-GU,55296,5120,768,gpu,12,C_fluxag_cublas,2,0.49971,0.48742,0.49971,0.08259,0,1
Q32-GU,55296,5120,768,gpu,12,D_fluxag_fluxgemm,3,0.53350,0.52531,0.52634,0.08880,0,1
Q32-GU,55296,5120,768,gpu,13,A_fused,3,0.53862,0.50790,0.50790,0.07154,0,1
Q32-GU,55296,5120,768,gpu,13,B_nccl_cublas,2,0.48435,0.48026,0.48435,0.08447,0,1
Q32-GU,55296,5120,768,gpu,13,C_fluxag_cublas,0,0.49766,0.48640,0.48640,0.09176,0,1
Q32-GU,55296,5120,768,gpu,13,D_fluxag_fluxgemm,1,0.53862,0.50893,0.53862,0.08125,0,1
Q32-GU,55296,5120,768,gpu,14,A_fused,2,0.53965,0.51405,0.51405,0.07169,0,1
Q32-GU,55296,5120,768,gpu,14,B_nccl_cublas,1,0.50278,0.49459,0.50074,0.09314,0,1
Q32-GU,55296,5120,768,gpu,14,C_fluxag_cublas,0,0.49869,0.48538,0.49562,0.08624,0,1
Q32-GU,55296,5120,768,gpu,14,D_fluxag_fluxgemm,3,0.53862,0.53043,0.53555,0.07989,0,1
Q32-GU,55296,5120,768,gpu,15,A_fused,2,0.50995,0.49562,0.49562,0.06507,0,1
Q32-GU,55296,5120,768,gpu,15,B_nccl_cublas,0,0.47514,0.47206,0.47206,0.08523,0,1
Q32-GU,55296,5120,768,gpu,15,C_fluxag_cublas,3,0.50483,0.48947,0.50176,0.08046,0,1
Q32-GU,55296,5120,768,gpu,15,D_fluxag_fluxgemm,1,0.52736,0.51814,0.52122,0.08834,0,1
Q32-GU,55296,5120,768,gpu,16,A_fused,3,0.51610,0.50381,0.50381,0.06509,0,1
Q32-GU,55296,5120,768,gpu,16,B_nccl_cublas,1,0.47104,0.46899,0.47104,0.07920,0,1
Q32-GU,55296,5120,768,gpu,16,C_fluxag_cublas,0,0.50586,0.48742,0.49050,0.08450,0,1
Q32-GU,55296,5120,768,gpu,16,D_fluxag_fluxgemm,2,0.53555,0.51917,0.53043,0.09506,0,1
Q32-GU,55296,5120,768,gpu,17,A_fused,2,0.53862,0.51302,0.53862,0.07182,1410,1
Q32-GU,55296,5120,768,gpu,17,B_nccl_cublas,1,0.48333,0.47718,0.48333,0.07805,1410,1
Q32-GU,55296,5120,768,gpu,17,C_fluxag_cublas,0,0.51507,0.49869,0.49869,0.12146,1410,1
Q32-GU,55296,5120,768,gpu,17,D_fluxag_fluxgemm,3,0.53555,0.53146,0.53555,0.07759,1410,1
Q32-GU,55296,5120,768,gpu,18,A_fused,3,0.51507,0.49459,0.49459,0.06707,1410,1
Q32-GU,55296,5120,768,gpu,18,B_nccl_cublas,1,0.48026,0.47718,0.47821,0.10229,1410,1
Q32-GU,55296,5120,768,gpu,18,C_fluxag_cublas,2,0.48742,0.47411,0.47411,0.08334,1410,1
Q32-GU,55296,5120,768,gpu,18,D_fluxag_fluxgemm,0,0.53862,0.52224,0.53760,0.08254,1410,1
Q32-GU,55296,5120,768,gpu,19,A_fused,0,0.52224,0.51200,0.51917,0.06761,1410,1
Q32-GU,55296,5120,768,gpu,19,B_nccl_cublas,2,0.47206,0.47104,0.47104,0.08356,1410,1
Q32-GU,55296,5120,768,gpu,19,C_fluxag_cublas,1,0.49562,0.48640,0.48845,0.08277,1410,1
Q32-GU,55296,5120,768,gpu,19,D_fluxag_fluxgemm,3,0.53043,0.52531,0.53043,0.08618,1410,1
Q32-GU,55296,5120,768,gpu,20,A_fused,1,0.55091,0.52941,0.52941,0.07410,1410,1
Q32-GU,55296,5120,768,gpu,20,B_nccl_cublas,3,0.48947,0.48128,0.48947,0.08845,1410,1
Q32-GU,55296,5120,768,gpu,20,C_fluxag_cublas,0,0.49562,0.48026,0.48026,0.08508,1410,1
Q32-GU,55296,5120,768,gpu,20,D_fluxag_fluxgemm,2,0.53658,0.52326,0.52838,0.08438,1410,1
Q32-GU,55296,5120,768,gpu,21,A_fused,2,0.51610,0.50790,0.51405,0.06840,1410,1
Q32-GU,55296,5120,768,gpu,21,B_nccl_cublas,0,0.48333,0.48128,0.48333,0.07812,1410,1
Q32-GU,55296,5120,768,gpu,21,C_fluxag_cublas,1,0.52122,0.50483,0.50893,0.08885,1410,1
Q32-GU,55296,5120,768,gpu,21,D_fluxag_fluxgemm,3,0.54067,0.52224,0.52224,0.08976,1410,1
Q32-GU,55296,5120,768,gpu,22,A_fused,3,0.49766,0.49050,0.49766,0.06460,1410,1
Q32-GU,55296,5120,768,gpu,22,B_nccl_cublas,0,0.48947,0.48333,0.48640,0.08861,1410,1
Q32-GU,55296,5120,768,gpu,22,C_fluxag_cublas,1,0.50278,0.49357,0.49357,0.08710,1410,1
Q32-GU,55296,5120,768,gpu,22,D_fluxag_fluxgemm,2,0.53350,0.52429,0.52736,0.08499,1410,1
Q32-GU,55296,5120,768,gpu,23,A_fused,3,0.52634,0.51507,0.52634,0.07187,1410,1
Q32-GU,55296,5120,768,gpu,23,B_nccl_cublas,2,0.48742,0.48128,0.48742,0.08767,1410,1
Q32-GU,55296,5120,768,gpu,23,C_fluxag_cublas,0,0.48538,0.47821,0.48333,0.13770,1410,1
Q32-GU,55296,5120,768,gpu,23,D_fluxag_fluxgemm,1,0.53350,0.51917,0.51917,0.08191,1410,1
Q32-GU,55296,5120,768,gpu,24,A_fused,0,0.52736,0.51200,0.51302,0.06753,1410,1
Q32-GU,55296,5120,768,gpu,24,B_nccl_cublas,1,0.47514,0.47206,0.47309,0.08217,1410,1
Q32-GU,55296,5120,768,gpu,24,C_fluxag_cublas,3,0.49766,0.48640,0.49766,0.08292,1410,1
Q32-GU,55296,5120,768,gpu,24,D_fluxag_fluxgemm,2,0.56320,0.53555,0.56320,0.08762,1410,1
Q32-GU,55296,5120,768,gpu,25,A_fused,3,0.52634,0.51200,0.51200,0.06677,1410,1
Q32-GU,55296,5120,768,gpu,25,B_nccl_cublas,1,0.47104,0.46899,0.47104,0.07767,1410,1
Q32-GU,55296,5120,768,gpu,25,C_fluxag_cublas,0,0.48947,0.47821,0.48947,0.08481,1410,1
Q32-GU,55296,5120,768,gpu,25,D_fluxag_fluxgemm,2,0.53453,0.52429,0.52941,0.09420,1410,1
Q32-GU,55296,5120,768,gpu,26,A_fused,1,0.52531,0.50688,0.51507,0.06708,1410,1
Q32-GU,55296,5120,768,gpu,26,B_nccl_cublas,3,0.48230,0.47923,0.47923,0.08319,1410,1
Q32-GU,55296,5120,768,gpu,26,C_fluxag_cublas,0,0.47616,0.47309,0.47616,0.08400,1410,1
Q32-GU,55296,5120,768,gpu,26,D_fluxag_fluxgemm,2,0.53248,0.52326,0.52326,0.07828,1410,1
Q32-GU,55296,5120,768,gpu,27,A_fused,1,0.51610,0.50790,0.50790,0.06409,1410,1
Q32-GU,55296,5120,768,gpu,27,B_nccl_cublas,3,0.50995,0.50278,0.50995,0.07855,1410,1
Q32-GU,55296,5120,768,gpu,27,C_fluxag_cublas,2,0.49664,0.47718,0.49664,0.08350,1410,1
Q32-GU,55296,5120,768,gpu,27,D_fluxag_fluxgemm,0,0.53658,0.52736,0.53658,0.08773,1410,1
Q32-GU,55296,5120,768,gpu,28,A_fused,1,0.52634,0.52122,0.52634,0.06430,1410,1
Q32-GU,55296,5120,768,gpu,28,B_nccl_cublas,3,0.47616,0.47002,0.47616,0.07635,1410,1
Q32-GU,55296,5120,768,gpu,28,C_fluxag_cublas,2,0.48947,0.47718,0.48947,0.08028,1410,1
Q32-GU,55296,5120,768,gpu,28,D_fluxag_fluxgemm,0,0.55091,0.53146,0.53350,0.08952,1410,1
Q32-GU,55296,5120,768,gpu,29,A_fused,3,0.52122,0.51200,0.51200,0.07106,1410,1
Q32-GU,55296,5120,768,gpu,29,B_nccl_cublas,2,0.47514,0.47002,0.47514,0.09252,1410,1
Q32-GU,55296,5120,768,gpu,29,C_fluxag_cublas,1,0.49562,0.48640,0.49254,0.08967,1410,1
Q32-GU,55296,5120,768,gpu,29,D_fluxag_fluxgemm,0,0.53555,0.52634,0.53555,0.08719,1410,1
Q32-GU,55296,5120,1536,gpu,0,A_fused,3,0.94618,0.92672,0.93798,0.07463,0,1
Q32-GU,55296,5120,1536,gpu,0,B_nccl_cublas,1,0.90112,0.89088,0.90112,0.08863,0,1
Q32-GU,55296,5120,1536,gpu,0,C_fluxag_cublas,2,0.89805,0.89088,0.89293,0.08797,0,1
Q32-GU,55296,5120,1536,gpu,0,D_fluxag_fluxgemm,0,1.05882,1.00557,1.04448,0.10628,0,1
Q32-GU,55296,5120,1536,gpu,1,A_fused,2,0.94515,0.93798,0.94208,0.07129,0,1
Q32-GU,55296,5120,1536,gpu,1,B_nccl_cublas,1,0.89702,0.89293,0.89498,0.08487,0,1
Q32-GU,55296,5120,1536,gpu,1,C_fluxag_cublas,3,0.89702,0.88474,0.89702,0.08113,0,1
Q32-GU,55296,5120,1536,gpu,1,D_fluxag_fluxgemm,0,1.00250,0.97178,1.00147,0.08695,0,1
Q32-GU,55296,5120,1536,gpu,2,A_fused,2,0.96666,0.93901,0.96666,0.06987,0,1
Q32-GU,55296,5120,1536,gpu,2,B_nccl_cublas,0,0.88986,0.88269,0.88986,0.08995,0,1
Q32-GU,55296,5120,1536,gpu,2,C_fluxag_cublas,1,0.93696,0.92672,0.93696,0.08451,0,1
Q32-GU,55296,5120,1536,gpu,2,D_fluxag_fluxgemm,3,0.99328,0.97485,0.99328,0.08700,0,1
Q32-GU,55296,5120,1536,gpu,3,A_fused,2,0.94822,0.93082,0.94822,0.07048,0,1
Q32-GU,55296,5120,1536,gpu,3,B_nccl_cublas,1,0.89600,0.89088,0.89190,0.09542,0,1
Q32-GU,55296,5120,1536,gpu,3,C_fluxag_cublas,3,0.89907,0.88781,0.89907,0.08059,0,1
Q32-GU,55296,5120,1536,gpu,3,D_fluxag_fluxgemm,0,0.97485,0.96563,0.97382,0.08152,0,1
Q32-GU,55296,5120,1536,gpu,4,A_fused,2,0.98918,0.96870,0.98918,0.07142,0,1
Q32-GU,55296,5120,1536,gpu,4,B_nccl_cublas,1,0.90112,0.89293,0.89805,0.08076,0,1
Q32-GU,55296,5120,1536,gpu,4,C_fluxag_cublas,0,0.90112,0.89600,0.89805,0.08609,0,1
Q32-GU,55296,5120,1536,gpu,4,D_fluxag_fluxgemm,3,0.98509,0.96973,0.98099,0.08083,0,1
Q32-GU,55296,5120,1536,gpu,5,A_fused,0,0.96563,0.94925,0.96563,0.06995,0,1
Q32-GU,55296,5120,1536,gpu,5,B_nccl_cublas,3,0.89600,0.88883,0.89600,0.08213,0,1
Q32-GU,55296,5120,1536,gpu,5,C_fluxag_cublas,1,0.89702,0.87552,0.89190,0.08094,0,1
Q32-GU,55296,5120,1536,gpu,5,D_fluxag_fluxgemm,2,0.96358,0.94925,0.96358,0.08098,0,1
Q32-GU,55296,5120,1536,gpu,6,A_fused,1,0.95027,0.93184,0.95027,0.06711,0,1
Q32-GU,55296,5120,1536,gpu,6,B_nccl_cublas,3,0.92160,0.90317,0.91136,0.08214,0,1
Q32-GU,55296,5120,1536,gpu,6,C_fluxag_cublas,0,0.94106,0.90829,0.92160,0.08724,0,1
Q32-GU,55296,5120,1536,gpu,6,D_fluxag_fluxgemm,2,0.97075,0.95334,0.95949,0.07840,0,1
Q32-GU,55296,5120,1536,gpu,7,A_fused,3,0.97280,0.94413,0.95130,0.06764,0,1
Q32-GU,55296,5120,1536,gpu,7,B_nccl_cublas,1,0.90726,0.89498,0.90214,0.08340,0,1
Q32-GU,55296,5120,1536,gpu,7,C_fluxag_cublas,2,0.90214,0.89088,0.90214,0.08544,0,1
Q32-GU,55296,5120,1536,gpu,7,D_fluxag_fluxgemm,0,0.99430,0.98611,0.98714,0.08669,0,1
Q32-GU,55296,5120,1536,gpu,8,A_fused,1,0.95642,0.93798,0.95130,0.06770,0,1
Q32-GU,55296,5120,1536,gpu,8,B_nccl_cublas,3,0.89293,0.88166,0.88474,0.09607,0,1
Q32-GU,55296,5120,1536,gpu,8,C_fluxag_cublas,0,0.90624,0.88371,0.89600,0.08674,0,1
Q32-GU,55296,5120,1536,gpu,8,D_fluxag_fluxgemm,2,0.97382,0.95949,0.96563,0.07741,0,1
Q32-GU,55296,5120,1536,gpu,9,A_fused,1,1.00250,0.97894,0.98611,0.07263,0,1
Q32-GU,55296,5120,1536,gpu,9,B_nccl_cublas,0,0.90010,0.88883,0.89498,0.07925,0,1
Q32-GU,55296,5120,1536,gpu,9,C_fluxag_cublas,3,0.90317,0.88986,0.89907,0.08611,0,1
Q32-GU,55296,5120,1536,gpu,9,D_fluxag_fluxgemm,2,0.96768,0.95539,0.96768,0.08261,0,1
Q32-GU,55296,5120,1536,gpu,10,A_fused,2,0.96973,0.94618,0.94618,0.06541,0,1
Q32-GU,55296,5120,1536,gpu,10,B_nccl_cublas,0,0.90112,0.88474,0.89088,0.09974,0,1
Q32-GU,55296,5120,1536,gpu,10,C_fluxag_cublas,3,0.89702,0.88474,0.89293,0.08094,0,1
Q32-GU,55296,5120,1536,gpu,10,D_fluxag_fluxgemm,1,0.97587,0.96051,0.97587,0.09550,0,1
Q32-GU,55296,5120,1536,gpu,11,A_fused,2,0.99942,0.96870,0.98509,0.06971,0,1
Q32-GU,55296,5120,1536,gpu,11,B_nccl_cublas,1,0.90419,0.89498,0.90419,0.08266,0,1
Q32-GU,55296,5120,1536,gpu,11,C_fluxag_cublas,3,0.90931,0.88678,0.89702,0.08181,0,1
Q32-GU,55296,5120,1536,gpu,11,D_fluxag_fluxgemm,0,0.96051,0.94310,0.96051,0.09062,0,1
Q32-GU,55296,5120,1536,gpu,12,A_fused,3,0.95642,0.93901,0.94310,0.06844,0,1
Q32-GU,55296,5120,1536,gpu,12,B_nccl_cublas,0,0.89395,0.88269,0.88986,0.08135,0,1
Q32-GU,55296,5120,1536,gpu,12,C_fluxag_cublas,2,0.89293,0.88166,0.88883,0.08136,0,1
Q32-GU,55296,5120,1536,gpu,12,D_fluxag_fluxgemm,1,0.97587,0.96358,0.97075,0.08713,0,1
Q32-GU,55296,5120,1536,gpu,13,A_fused,3,0.99738,0.96256,0.99738,0.06625,1395,1
Q32-GU,55296,5120,1536,gpu,13,B_nccl_cublas,1,0.89395,0.88474,0.89190,0.15529,1395,1
Q32-GU,55296,5120,1536,gpu,13,C_fluxag_cublas,0,0.89805,0.88576,0.89190,0.08703,1395,1
Q32-GU,55296,5120,1536,gpu,13,D_fluxag_fluxgemm,2,0.95642,0.94003,0.95130,0.08761,1395,1
Q32-GU,55296,5120,1536,gpu,14,A_fused,0,0.97587,0.95334,0.95334,0.06516,1395,1
Q32-GU,55296,5120,1536,gpu,14,B_nccl_cublas,2,0.89498,0.88474,0.89190,0.08497,1395,1
Q32-GU,55296,5120,1536,gpu,14,C_fluxag_cublas,3,0.90317,0.89293,0.90317,0.08322,1395,1
Q32-GU,55296,5120,1536,gpu,14,D_fluxag_fluxgemm,1,0.99738,0.96461,0.99738,0.08520,1395,1
Q32-GU,55296,5120,1536,gpu,15,A_fused,3,0.93696,0.92365,0.93082,0.07039,1395,1
Q32-GU,55296,5120,1536,gpu,15,B_nccl_cublas,2,0.89702,0.88576,0.89190,0.07755,1395,1
Q32-GU,55296,5120,1536,gpu,15,C_fluxag_cublas,1,0.90624,0.89498,0.90624,0.08238,1395,1
Q32-GU,55296,5120,1536,gpu,15,D_fluxag_fluxgemm,0,0.97894,0.96154,0.97485,0.08568,1395,1
Q32-GU,55296,5120,1536,gpu,16,A_fused,2,0.96973,0.94106,0.96973,0.06825,1395,1
Q32-GU,55296,5120,1536,gpu,16,B_nccl_cublas,3,0.89395,0.88269,0.88986,0.08122,1395,1
Q32-GU,55296,5120,1536,gpu,16,C_fluxag_cublas,0,0.93389,0.90317,0.90317,0.08997,1395,1
Q32-GU,55296,5120,1536,gpu,16,D_fluxag_fluxgemm,1,1.00454,0.97792,1.00454,0.08200,1395,1
Q32-GU,55296,5120,1536,gpu,17,A_fused,1,0.96154,0.94208,0.94310,0.06805,1395,1
Q32-GU,55296,5120,1536,gpu,17,B_nccl_cublas,2,0.89907,0.88678,0.89293,0.08669,1395,1
Q32-GU,55296,5120,1536,gpu,17,C_fluxag_cublas,0,0.90624,0.88576,0.89805,0.08736,1395,1
Q32-GU,55296,5120,1536,gpu,17,D_fluxag_fluxgemm,3,0.99533,0.97075,0.97075,0.08589,1395,1
Q32-GU,55296,5120,1536,gpu,18,A_fused,2,0.98611,0.95949,0.95949,0.06887,1395,1
Q32-GU,55296,5120,1536,gpu,18,B_nccl_cublas,3,0.89190,0.88269,0.88678,0.08175,1395,1
Q32-GU,55296,5120,1536,gpu,18,C_fluxag_cublas,1,0.94003,0.91034,0.92262,0.08309,1395,1
Q32-GU,55296,5120,1536,gpu,18,D_fluxag_fluxgemm,0,0.98816,0.96256,0.98816,0.08902,1395,1
Q32-GU,55296,5120,1536,gpu,19,A_fused,1,0.95437,0.94106,0.95437,0.06842,1395,1
Q32-GU,55296,5120,1536,gpu,19,B_nccl_cublas,3,0.90829,0.89190,0.90112,0.09841,1395,1
Q32-GU,55296,5120,1536,gpu,19,C_fluxag_cublas,0,0.92467,0.89907,0.89907,0.08768,1395,1
Q32-GU,55296,5120,1536,gpu,19,D_fluxag_fluxgemm,2,0.99635,0.96461,0.99635,0.07757,1395,1
Q32-GU,55296,5120,1536,gpu,20,A_fused,0,0.97587,0.94310,0.94515,0.07172,1395,1
Q32-GU,55296,5120,1536,gpu,20,B_nccl_cublas,3,0.91648,0.90112,0.90726,0.07799,1395,1
Q32-GU,55296,5120,1536,gpu,20,C_fluxag_cublas,2,0.94822,0.91648,0.94822,0.08952,1395,1
Q32-GU,55296,5120,1536,gpu,20,D_fluxag_fluxgemm,1,0.97382,0.95846,0.97382,0.07788,1395,1
Q32-GU,55296,5120,1536,gpu,21,A_fused,3,0.96563,0.94413,0.96563,0.07086,1395,1
Q32-GU,55296,5120,1536,gpu,21,B_nccl_cublas,2,0.89498,0.88474,0.88986,0.08245,1395,1
Q32-GU,55296,5120,1536,gpu,21,C_fluxag_cublas,0,0.89498,0.88474,0.89498,0.09425,1395,1
Q32-GU,55296,5120,1536,gpu,21,D_fluxag_fluxgemm,1,0.98714,0.97280,0.98611,0.08316,1395,1
Q32-GU,55296,5120,1536,gpu,22,A_fused,0,0.95334,0.93389,0.95334,0.06707,1395,1
Q32-GU,55296,5120,1536,gpu,22,B_nccl_cublas,1,0.89805,0.88371,0.89190,0.08190,1395,1
Q32-GU,55296,5120,1536,gpu,22,C_fluxag_cublas,3,0.93798,0.89907,0.93798,0.08031,1395,1
Q32-GU,55296,5120,1536,gpu,22,D_fluxag_fluxgemm,2,0.97382,0.95846,0.97382,0.08661,1395,1
Q32-GU,55296,5120,1536,gpu,23,A_fused,0,0.95744,0.93594,0.94925,0.07028,1395,1
Q32-GU,55296,5120,1536,gpu,23,B_nccl_cublas,3,0.89395,0.88166,0.88986,0.10126,1395,1
Q32-GU,55296,5120,1536,gpu,23,C_fluxag_cublas,2,0.89907,0.88371,0.88986,0.08296,1395,1
Q32-GU,55296,5120,1536,gpu,23,D_fluxag_fluxgemm,1,0.99635,0.95846,0.96768,0.07728,1395,1
Q32-GU,55296,5120,1536,gpu,24,A_fused,1,0.96461,0.94515,0.96461,0.07680,1395,1
Q32-GU,55296,5120,1536,gpu,24,B_nccl_cublas,2,0.89805,0.88678,0.89190,0.08119,1395,1
Q32-GU,55296,5120,1536,gpu,24,C_fluxag_cublas,0,0.90522,0.88883,0.90522,0.08858,1395,1
Q32-GU,55296,5120,1536,gpu,24,D_fluxag_fluxgemm,3,0.97587,0.96563,0.97587,0.08644,1395,1
Q32-GU,55296,5120,1536,gpu,25,A_fused,1,0.99840,0.96768,0.99840,0.07170,1395,1
Q32-GU,55296,5120,1536,gpu,25,B_nccl_cublas,0,0.91546,0.90010,0.91238,0.08193,1395,1
Q32-GU,55296,5120,1536,gpu,25,C_fluxag_cublas,2,0.91853,0.88166,0.90726,0.07975,1395,1
Q32-GU,55296,5120,1536,gpu,25,D_fluxag_fluxgemm,3,0.97894,0.96154,0.97485,0.08242,1395,1
Q32-GU,55296,5120,1536,gpu,26,A_fused,3,0.94618,0.93389,0.94618,0.07092,1395,1
Q32-GU,55296,5120,1536,gpu,26,B_nccl_cublas,2,0.90522,0.89498,0.90214,0.07738,1395,1
Q32-GU,55296,5120,1536,gpu,26,C_fluxag_cublas,1,0.91443,0.89293,0.91443,0.08062,1395,1
Q32-GU,55296,5120,1536,gpu,26,D_fluxag_fluxgemm,0,0.97997,0.94310,0.97997,0.08216,1395,1
Q32-GU,55296,5120,1536,gpu,27,A_fused,0,0.94822,0.93798,0.94822,0.06637,1395,1
Q32-GU,55296,5120,1536,gpu,27,B_nccl_cublas,3,0.89498,0.88678,0.89498,0.08953,1395,1
Q32-GU,55296,5120,1536,gpu,27,C_fluxag_cublas,2,0.90214,0.88883,0.90214,0.09022,1395,1
Q32-GU,55296,5120,1536,gpu,27,D_fluxag_fluxgemm,1,0.98816,0.97382,0.97382,0.07798,1395,1
Q32-GU,55296,5120,1536,gpu,28,A_fused,0,0.97690,0.95334,0.95334,0.07357,1395,1
Q32-GU,55296,5120,1536,gpu,28,B_nccl_cublas,3,0.88986,0.88269,0.88986,0.15764,1395,1
Q32-GU,55296,5120,1536,gpu,28,C_fluxag_cublas,2,0.90624,0.89088,0.90624,0.08397,1395,1
Q32-GU,55296,5120,1536,gpu,28,D_fluxag_fluxgemm,1,0.96666,0.95539,0.96666,0.08436,1395,1
Q32-GU,55296,5120,1536,gpu,29,A_fused,3,0.98714,0.97587,0.97894,0.07285,1395,1
Q32-GU,55296,5120,1536,gpu,29,B_nccl_cublas,2,0.90112,0.88474,0.90112,0.08358,1395,1
Q32-GU,55296,5120,1536,gpu,29,C_fluxag_cublas,0,0.89293,0.87040,0.88474,0.08727,1395,1
Q32-GU,55296,5120,1536,gpu,29,D_fluxag_fluxgemm,1,0.97690,0.96256,0.97690,0.08360,1395,1
Q32-GU,55296,5120,2560,gpu,0,A_fused,1,1.64147,1.61690,1.64147,0.06726,0,1
Q32-GU,55296,5120,2560,gpu,0,B_nccl_cublas,3,1.49402,1.47968,1.48275,0.08460,0,1
Q32-GU,55296,5120,2560,gpu,0,C_fluxag_cublas,2,1.48992,1.46534,1.48992,0.08284,0,1
Q32-GU,55296,5120,2560,gpu,0,D_fluxag_fluxgemm,0,1.67834,1.65274,1.67834,0.09656,0,1
Q32-GU,55296,5120,2560,gpu,1,A_fused,2,1.63328,1.59744,1.61280,0.06657,0,1
Q32-GU,55296,5120,2560,gpu,1,B_nccl_cublas,3,1.50630,1.47866,1.50323,0.08360,0,1
Q32-GU,55296,5120,2560,gpu,1,C_fluxag_cublas,0,1.48070,1.47149,1.47866,0.08844,0,1
Q32-GU,55296,5120,2560,gpu,1,D_fluxag_fluxgemm,1,1.60461,1.58618,1.60358,0.08532,0,1
Q32-GU,55296,5120,2560,gpu,2,A_fused,1,1.62509,1.59334,1.59334,0.08094,0,1
Q32-GU,55296,5120,2560,gpu,2,B_nccl_cublas,0,1.49811,1.46842,1.48582,0.09562,0,1
Q32-GU,55296,5120,2560,gpu,2,C_fluxag_cublas,2,1.48992,1.46125,1.47354,0.08104,0,1
Q32-GU,55296,5120,2560,gpu,2,D_fluxag_fluxgemm,3,1.59744,1.56467,1.58925,0.08231,0,1
Q32-GU,55296,5120,2560,gpu,3,A_fused,3,1.62611,1.56467,1.61485,0.06770,0,1
Q32-GU,55296,5120,2560,gpu,3,B_nccl_cublas,1,1.49094,1.45920,1.49094,0.10381,0,1
Q32-GU,55296,5120,2560,gpu,3,C_fluxag_cublas,2,1.48787,1.46125,1.47661,0.09125,0,1
Q32-GU,55296,5120,2560,gpu,3,D_fluxag_fluxgemm,0,1.66400,1.60256,1.65069,0.08174,0,1
Q32-GU,55296,5120,2560,gpu,4,A_fused,0,1.62714,1.59846,1.61792,0.06872,0,1
Q32-GU,55296,5120,2560,gpu,4,B_nccl_cublas,2,1.49094,1.46125,1.48480,0.09231,0,1
Q32-GU,55296,5120,2560,gpu,4,C_fluxag_cublas,1,1.49709,1.47046,1.48275,0.08055,0,1
Q32-GU,55296,5120,2560,gpu,4,D_fluxag_fluxgemm,3,1.62918,1.59642,1.61587,0.09364,0,1
Q32-GU,55296,5120,2560,gpu,5,A_fused,0,1.63021,1.57082,1.59642,0.06805,0,1
Q32-GU,55296,5120,2560,gpu,5,B_nccl_cublas,3,1.49811,1.45920,1.48480,0.07910,0,1
Q32-GU,55296,5120,2560,gpu,5,C_fluxag_cublas,2,1.50528,1.48070,1.48582,0.08134,0,1
Q32-GU,55296,5120,2560,gpu,5,D_fluxag_fluxgemm,1,1.64659,1.59232,1.64659,0.07685,0,1
Q32-GU,55296,5120,2560,gpu,6,A_fused,2,1.62202,1.58925,1.61587,0.06849,0,1
Q32-GU,55296,5120,2560,gpu,6,B_nccl_cublas,3,1.50016,1.46842,1.48787,0.08243,0,1
Q32-GU,55296,5120,2560,gpu,6,C_fluxag_cublas,1,1.49606,1.47046,1.49299,0.09568,0,1
Q32-GU,55296,5120,2560,gpu,6,D_fluxag_fluxgemm,0,1.59437,1.57696,1.59437,0.08696,0,1
Q32-GU,55296,5120,2560,gpu,7,A_fused,1,1.61690,1.58310,1.61690,0.06800,0,1
Q32-GU,55296,5120,2560,gpu,7,B_nccl_cublas,3,1.48685,1.46125,1.48070,0.08570,0,1
Q32-GU,55296,5120,2560,gpu,7,C_fluxag_cublas,0,1.50733,1.49197,1.50630,0.08764,0,1
Q32-GU,55296,5120,2560,gpu,7,D_fluxag_fluxgemm,2,1.61075,1.58515,1.61075,0.08087,0,1
Q32-GU,55296,5120,2560,gpu,8,A_fused,0,1.62816,1.59130,1.60256,0.07092,0,1
Q32-GU,55296,5120,2560,gpu,8,B_nccl_cublas,2,1.49504,1.46842,1.49504,0.08966,0,1
Q32-GU,55296,5120,2560,gpu,8,C_fluxag_cublas,1,1.48992,1.45920,1.47354,0.08045,0,1
Q32-GU,55296,5120,2560,gpu,8,D_fluxag_fluxgemm,3,1.65376,1.60358,1.64352,0.08632,0,1
Q32-GU,55296,5120,2560,gpu,9,A_fused,1,1.61690,1.55546,1.61690,0.06346,0,1
Q32-GU,55296,5120,2560,gpu,9,B_nccl_cublas,2,1.49504,1.46227,1.48480,0.08318,0,1
Q32-GU,55296,5120,2560,gpu,9,C_fluxag_cublas,3,1.53600,1.49709,1.53600,0.08646,0,1
Q32-GU,55296,5120,2560,gpu,9,D_fluxag_fluxgemm,0,1.61485,1.59437,1.61485,0.08272,0,1
Q32-GU,55296,5120,2560,gpu,10,A_fused,1,1.63123,1.59437,1.59744,0.06353,0,1
Q32-GU,55296,5120,2560,gpu,10,B_nccl_cublas,2,1.49299,1.46022,1.49299,0.08371,0,1
Q32-GU,55296,5120,2560,gpu,10,C_fluxag_cublas,3,1.48890,1.46842,1.48787,0.08407,0,1
Q32-GU,55296,5120,2560,gpu,10,D_fluxag_fluxgemm,0,1.62304,1.59642,1.60870,0.08573,0,1
Q32-GU,55296,5120,2560,gpu,11,A_fused,1,1.61690,1.60358,1.61690,0.07177,0,1
Q32-GU,55296,5120,2560,gpu,11,B_nccl_cublas,0,1.48890,1.46330,1.48378,0.08014,0,1
Q32-GU,55296,5120,2560,gpu,11,C_fluxag_cublas,2,1.51142,1.48275,1.49811,0.08151,0,1
Q32-GU,55296,5120,2560,gpu,11,D_fluxag_fluxgemm,3,1.64966,1.59642,1.64864,0.08736,0,1
Q32-GU,55296,5120,2560,gpu,12,A_fused,0,1.60563,1.56979,1.60461,0.07082,0,1
Q32-GU,55296,5120,2560,gpu,12,B_nccl_cublas,1,1.48992,1.45818,1.48275,0.08139,0,1
Q32-GU,55296,5120,2560,gpu,12,C_fluxag_cublas,2,1.49606,1.46637,1.47866,0.08234,0,1
Q32-GU,55296,5120,2560,gpu,12,D_fluxag_fluxgemm,3,1.63328,1.61280,1.61280,0.08215,0,1
Q32-GU,55296,5120,2560,gpu,13,A_fused,1,1.63635,1.60768,1.62611,0.06993,0,1
Q32-GU,55296,5120,2560,gpu,13,B_nccl_cublas,3,1.48173,1.45920,1.48173,0.07789,0,1
Q32-GU,55296,5120,2560,gpu,13,C_fluxag_cublas,2,1.48070,1.45408,1.47354,0.08115,0,1
Q32-GU,55296,5120,2560,gpu,13,D_fluxag_fluxgemm,0,1.61485,1.58618,1.60870,0.07888,0,1
Q32-GU,55296,5120,2560,gpu,14,A_fused,1,1.63738,1.57901,1.63738,0.07263,1350,1
Q32-GU,55296,5120,2560,gpu,14,B_nccl_cublas,0,1.48275,1.45510,1.48070,0.07784,1350,1
Q32-GU,55296,5120,2560,gpu,14,C_fluxag_cublas,2,1.48070,1.45510,1.47456,0.08937,1350,1
Q32-GU,55296,5120,2560,gpu,14,D_fluxag_fluxgemm,3,1.66093,1.62304,1.64250,0.08656,1350,1
Q32-GU,55296,5120,2560,gpu,15,A_fused,1,1.61894,1.58310,1.59744,0.06673,1350,1
Q32-GU,55296,5120,2560,gpu,15,B_nccl_cublas,3,1.49606,1.46944,1.48890,0.08273,1350,1
Q32-GU,55296,5120,2560,gpu,15,C_fluxag_cublas,0,1.50835,1.48787,1.50835,0.08630,1350,1
Q32-GU,55296,5120,2560,gpu,15,D_fluxag_fluxgemm,2,1.59437,1.56467,1.59437,0.07674,1350,1
Q32-GU,55296,5120,2560,gpu,16,A_fused,3,1.61485,1.55648,1.61382,0.06383,1350,1
Q32-GU,55296,5120,2560,gpu,16,B_nccl_cublas,0,1.49299,1.46944,1.48890,0.08084,1350,1
Q32-GU,55296,5120,2560,gpu,16,C_fluxag_cublas,1,1.53190,1.50630,1.52678,0.08569,1350,1
Q32-GU,55296,5120,2560,gpu,16,D_fluxag_fluxgemm,2,1.63738,1.61280,1.63738,0.08133,1350,1
Q32-GU,55296,5120,2560,gpu,17,A_fused,2,1.60666,1.59437,1.60666,0.07044,1350,1
Q32-GU,55296,5120,2560,gpu,17,B_nccl_cublas,0,1.48173,1.45715,1.48173,0.08962,1350,1
Q32-GU,55296,5120,2560,gpu,17,C_fluxag_cublas,1,1.47558,1.46022,1.47558,0.08425,1350,1
Q32-GU,55296,5120,2560,gpu,17,D_fluxag_fluxgemm,3,1.64352,1.61894,1.64250,0.07740,1350,1
Q32-GU,55296,5120,2560,gpu,18,A_fused,0,1.61587,1.59539,1.61382,0.06707,1350,1
Q32-GU,55296,5120,2560,gpu,18,B_nccl_cublas,1,1.48275,1.45715,1.48275,0.09107,1350,1
Q32-GU,55296,5120,2560,gpu,18,C_fluxag_cublas,2,1.47968,1.45306,1.47558,0.08477,1350,1
Q32-GU,55296,5120,2560,gpu,18,D_fluxag_fluxgemm,3,1.60563,1.55750,1.59539,0.08113,1350,1
Q32-GU,55296,5120,2560,gpu,19,A_fused,2,1.63021,1.59846,1.63021,0.06719,1350,1
Q32-GU,55296,5120,2560,gpu,19,B_nccl_cublas,0,1.48378,1.46432,1.47968,0.08198,1350,1
Q32-GU,55296,5120,2560,gpu,19,C_fluxag_cublas,1,1.52986,1.50221,1.52986,0.08408,1350,1
Q32-GU,55296,5120,2560,gpu,19,D_fluxag_fluxgemm,3,1.61997,1.57286,1.60666,0.07795,1350,1
Q32-GU,55296,5120,2560,gpu,20,A_fused,2,1.61894,1.59130,1.61894,0.08134,1350,1
Q32-GU,55296,5120,2560,gpu,20,B_nccl_cublas,1,1.48070,1.45920,1.48070,0.12044,1350,1
Q32-GU,55296,5120,2560,gpu,20,C_fluxag_cublas,3,1.54522,1.51347,1.53395,0.08384,1350,1
Q32-GU,55296,5120,2560,gpu,20,D_fluxag_fluxgemm,0,1.61280,1.57901,1.58618,0.10956,1350,1
Q32-GU,55296,5120,2560,gpu,21,A_fused,1,1.62611,1.59744,1.62611,0.06842,1350,1
Q32-GU,55296,5120,2560,gpu,21,B_nccl_cublas,2,1.49709,1.45408,1.49709,0.08271,1350,1
Q32-GU,55296,5120,2560,gpu,21,C_fluxag_cublas,0,1.51245,1.49709,1.50426,0.08745,1350,1
Q32-GU,55296,5120,2560,gpu,21,D_fluxag_fluxgemm,3,1.62714,1.58822,1.60973,0.08597,1350,1
Q32-GU,55296,5120,2560,gpu,22,A_fused,2,1.62611,1.59130,1.62611,0.06582,1350,1
Q32-GU,55296,5120,2560,gpu,22,B_nccl_cublas,0,1.51347,1.46944,1.51347,0.08206,1350,1
Q32-GU,55296,5120,2560,gpu,22,C_fluxag_cublas,3,1.49504,1.46842,1.49504,0.08091,1350,1
Q32-GU,55296,5120,2560,gpu,22,D_fluxag_fluxgemm,1,1.68346,1.62509,1.68346,0.08609,1350,1
Q32-GU,55296,5120,2560,gpu,23,A_fused,1,1.61485,1.58208,1.58208,0.06894,1350,1
Q32-GU,55296,5120,2560,gpu,23,B_nccl_cublas,2,1.49811,1.46432,1.49811,0.08204,1350,1
Q32-GU,55296,5120,2560,gpu,23,C_fluxag_cublas,0,1.51347,1.48275,1.51347,0.08725,1350,1
Q32-GU,55296,5120,2560,gpu,23,D_fluxag_fluxgemm,3,1.69472,1.62509,1.67322,0.08466,1350,1
Q32-GU,55296,5120,2560,gpu,24,A_fused,2,1.63430,1.59642,1.63430,0.06596,1335,1
Q32-GU,55296,5120,2560,gpu,24,B_nccl_cublas,3,1.49606,1.45818,1.49606,0.08153,1335,1
Q32-GU,55296,5120,2560,gpu,24,C_fluxag_cublas,1,1.51654,1.46432,1.51654,0.08257,1335,1
Q32-GU,55296,5120,2560,gpu,24,D_fluxag_fluxgemm,0,1.62202,1.59232,1.61894,0.08854,1335,1
Q32-GU,55296,5120,2560,gpu,25,A_fused,0,1.63021,1.58515,1.63021,0.07312,1335,1
Q32-GU,55296,5120,2560,gpu,25,B_nccl_cublas,3,1.49606,1.46022,1.49606,0.07962,1335,1
Q32-GU,55296,5120,2560,gpu,25,C_fluxag_cublas,2,1.49094,1.45510,1.49094,0.08217,1335,1
Q32-GU,55296,5120,2560,gpu,25,D_fluxag_fluxgemm,1,1.69984,1.62099,1.69984,0.08691,1335,1
Q32-GU,55296,5120,2560,gpu,26,A_fused,3,1.62918,1.60358,1.62918,0.07038,1335,1
Q32-GU,55296,5120,2560,gpu,26,B_nccl_cublas,2,1.51142,1.46637,1.51142,0.08490,1335,1
Q32-GU,55296,5120,2560,gpu,26,C_fluxag_cublas,0,1.49811,1.47354,1.49811,0.08558,1335,1
Q32-GU,55296,5120,2560,gpu,26,D_fluxag_fluxgemm,1,1.64659,1.60666,1.64659,0.08144,1335,1
Q32-GU,55296,5120,2560,gpu,27,A_fused,1,1.63226,1.57798,1.63226,0.07198,1335,1
Q32-GU,55296,5120,2560,gpu,27,B_nccl_cublas,0,1.49709,1.46227,1.49709,0.08144,1335,1
Q32-GU,55296,5120,2560,gpu,27,C_fluxag_cublas,2,1.48787,1.45306,1.48070,0.08007,1335,1
Q32-GU,55296,5120,2560,gpu,27,D_fluxag_fluxgemm,3,1.63430,1.58003,1.63430,0.08139,1335,1
Q32-GU,55296,5120,2560,gpu,28,A_fused,2,1.62714,1.57798,1.62714,0.06487,1335,1
Q32-GU,55296,5120,2560,gpu,28,B_nccl_cublas,0,1.50733,1.46637,1.50733,0.10079,1335,1
Q32-GU,55296,5120,2560,gpu,28,C_fluxag_cublas,3,1.50118,1.48480,1.50118,0.08818,1335,1
Q32-GU,55296,5120,2560,gpu,28,D_fluxag_fluxgemm,1,1.67117,1.63533,1.67117,0.08767,1335,1
Q32-GU,55296,5120,2560,gpu,29,A_fused,2,1.62816,1.59642,1.62816,0.07140,1335,1
Q32-GU,55296,5120,2560,gpu,29,B_nccl_cublas,1,1.49709,1.46330,1.49709,0.07696,1335,1
Q32-GU,55296,5120,2560,gpu,29,C_fluxag_cublas,0,1.47968,1.43974,1.47968,0.08577,1335,1
Q32-GU,55296,5120,2560,gpu,29,D_fluxag_fluxgemm,3,1.66810,1.62406,1.66810,0.07933,1335,1
Q32-GU,55296,5120,6144,gpu,0,A_fused,3,3.60346,3.52563,3.57274,0.09825,0,1
Q32-GU,55296,5120,6144,gpu,0,B_nccl_cublas,0,3.90758,3.63725,3.90758,0.21697,0,1
Q32-GU,55296,5120,6144,gpu,0,C_fluxag_cublas,1,3.57478,3.48160,3.57478,0.22909,0,1
Q32-GU,55296,5120,6144,gpu,0,D_fluxag_fluxgemm,2,3.84205,3.75398,3.79802,0.20508,0,1
Q32-GU,55296,5120,6144,gpu,1,A_fused,2,3.57888,3.54509,3.57888,0.07826,0,1
Q32-GU,55296,5120,6144,gpu,1,B_nccl_cublas,1,3.53382,3.47648,3.51846,0.10406,0,1
Q32-GU,55296,5120,6144,gpu,1,C_fluxag_cublas,0,3.53792,3.48365,3.51437,0.08948,0,1
Q32-GU,55296,5120,6144,gpu,1,D_fluxag_fluxgemm,3,3.86970,3.79802,3.86970,0.08380,0,1
Q32-GU,55296,5120,6144,gpu,2,A_fused,2,3.60960,3.54406,3.60960,0.07428,0,1
Q32-GU,55296,5120,6144,gpu,2,B_nccl_cublas,0,3.55430,3.49286,3.55430,0.08769,0,1
Q32-GU,55296,5120,6144,gpu,2,C_fluxag_cublas,3,3.54406,3.44781,3.54406,0.08359,0,1
Q32-GU,55296,5120,6144,gpu,2,D_fluxag_fluxgemm,1,3.86253,3.78778,3.85741,0.09121,0,1
Q32-GU,55296,5120,6144,gpu,3,A_fused,2,3.64954,3.53997,3.64954,0.06446,1305,1
Q32-GU,55296,5120,6144,gpu,3,B_nccl_cublas,3,3.58810,3.49184,3.58810,0.10133,1305,1
Q32-GU,55296,5120,6144,gpu,3,C_fluxag_cublas,0,3.57171,3.48570,3.57171,0.08841,1305,1
Q32-GU,55296,5120,6144,gpu,3,D_fluxag_fluxgemm,1,3.91680,3.81542,3.91680,0.08386,1305,1
Q32-GU,55296,5120,6144,gpu,4,A_fused,2,3.65363,3.54611,3.65363,0.07183,1305,1
Q32-GU,55296,5120,6144,gpu,4,B_nccl_cublas,1,3.59014,3.49491,3.59014,0.09717,1305,1
Q32-GU,55296,5120,6144,gpu,4,C_fluxag_cublas,0,3.62394,3.51949,3.62394,0.08821,1305,1
Q32-GU,55296,5120,6144,gpu,4,D_fluxag_fluxgemm,3,3.92397,3.80416,3.92397,0.08426,1305,1
Q32-GU,55296,5120,6144,gpu,5,A_fused,0,3.65056,3.54406,3.65056,0.06910,1290,1
Q32-GU,55296,5120,6144,gpu,5,B_nccl_cublas,3,3.61574,3.49082,3.60243,0.08105,1290,1
Q32-GU,55296,5120,6144,gpu,5,C_fluxag_cublas,2,3.64134,3.55635,3.62189,0.09361,1290,1
Q32-GU,55296,5120,6144,gpu,5,D_fluxag_fluxgemm,1,3.86560,3.74886,3.86560,0.07834,1290,1
Q32-GU,55296,5120,6144,gpu,6,A_fused,2,3.65568,3.54918,3.65568,0.06769,1290,1
Q32-GU,55296,5120,6144,gpu,6,B_nccl_cublas,0,3.60346,3.49184,3.59219,0.09864,1290,1
Q32-GU,55296,5120,6144,gpu,6,C_fluxag_cublas,3,3.56147,3.44064,3.55635,0.11007,1290,1
Q32-GU,55296,5120,6144,gpu,6,D_fluxag_fluxgemm,1,3.94854,3.81747,3.92090,0.08928,1290,1
Q32-GU,55296,5120,6144,gpu,7,A_fused,0,3.65466,3.54509,3.65466,0.12336,1290,1
Q32-GU,55296,5120,6144,gpu,7,B_nccl_cublas,3,3.60755,3.50106,3.60755,0.09705,1290,1
Q32-GU,55296,5120,6144,gpu,7,C_fluxag_cublas,1,3.58093,3.50413,3.58093,0.16686,1290,1
Q32-GU,55296,5120,6144,gpu,7,D_fluxag_fluxgemm,2,3.89734,3.79290,3.89734,0.09877,1290,1
Q32-GU,55296,5120,6144,gpu,8,A_fused,0,3.65773,3.54816,3.65773,0.07905,1290,1
Q32-GU,55296,5120,6144,gpu,8,B_nccl_cublas,2,3.60448,3.49082,3.60448,0.08464,1290,1
Q32-GU,55296,5120,6144,gpu,8,C_fluxag_cublas,3,3.64442,3.50618,3.60858,0.11025,1290,1
Q32-GU,55296,5120,6144,gpu,8,D_fluxag_fluxgemm,1,3.89530,3.79802,3.89530,0.08274,1290,1
Q32-GU,55296,5120,6144,gpu,9,A_fused,1,3.65773,3.54611,3.65773,0.07258,1290,1
Q32-GU,55296,5120,6144,gpu,9,B_nccl_cublas,0,3.60346,3.49286,3.60346,0.09223,1290,1
Q32-GU,55296,5120,6144,gpu,9,C_fluxag_cublas,2,3.63827,3.54918,3.62189,0.08204,1290,1
Q32-GU,55296,5120,6144,gpu,9,D_fluxag_fluxgemm,3,3.89018,3.78982,3.89018,0.09844,1290,1
Q32-GU,55296,5120,6144,gpu,10,A_fused,2,3.65261,3.54406,3.65261,0.07489,1290,1
Q32-GU,55296,5120,6144,gpu,10,B_nccl_cublas,1,3.61370,3.51949,3.61370,0.09173,1290,1
Q32-GU,55296,5120,6144,gpu,10,C_fluxag_cublas,0,3.55533,3.45907,3.55533,0.09060,1290,1
Q32-GU,55296,5120,6144,gpu,10,D_fluxag_fluxgemm,3,3.88506,3.77856,3.88506,0.08446,1290,1
Q32-GU,55296,5120,6144,gpu,11,A_fused,3,3.69459,3.54714,3.69459,0.06900,1290,1
Q32-GU,55296,5120,6144,gpu,11,B_nccl_cublas,1,3.60346,3.50618,3.60346,0.10563,1290,1
Q32-GU,55296,5120,6144,gpu,11,C_fluxag_cublas,2,3.67923,3.52870,3.67923,0.09091,1290,1
Q32-GU,55296,5120,6144,gpu,11,D_fluxag_fluxgemm,0,3.87379,3.76422,3.87379,0.08557,1290,1
Q32-GU,55296,5120,6144,gpu,12,A_fused,0,3.68845,3.54509,3.68845,0.07243,1275,1
Q32-GU,55296,5120,6144,gpu,12,B_nccl_cublas,3,3.63827,3.51949,3.63827,0.08200,1275,1
Q32-GU,55296,5120,6144,gpu,12,C_fluxag_cublas,2,3.61472,3.49696,3.61472,0.08916,1275,1
Q32-GU,55296,5120,6144,gpu,12,D_fluxag_fluxgemm,1,3.96595,3.83693,3.96595,0.07962,1275,1
Q32-GU,55296,5120,6144,gpu,13,A_fused,2,3.70688,3.57683,3.70688,0.06378,1275,1
Q32-GU,55296,5120,6144,gpu,13,B_nccl_cublas,3,3.66080,3.52461,3.66080,0.08499,1275,1
Q32-GU,55296,5120,6144,gpu,13,C_fluxag_cublas,0,3.68435,3.51539,3.68435,0.09196,1275,1
Q32-GU,55296,5120,6144,gpu,13,D_fluxag_fluxgemm,1,3.95162,3.82566,3.95162,0.09057,1275,1
Q32-GU,55296,5120,6144,gpu,14,A_fused,1,3.70790,3.57786,3.70790,0.07379,1275,1
Q32-GU,55296,5120,6144,gpu,14,B_nccl_cublas,0,3.66182,3.53075,3.66182,0.09460,1275,1
Q32-GU,55296,5120,6144,gpu,14,C_fluxag_cublas,2,3.63213,3.51539,3.63213,0.08149,1275,1
Q32-GU,55296,5120,6144,gpu,14,D_fluxag_fluxgemm,3,3.93421,3.80518,3.93421,0.08205,1275,1
Q32-GU,55296,5120,6144,gpu,15,A_fused,1,3.71098,3.57888,3.71098,0.07379,1275,1
Q32-GU,55296,5120,6144,gpu,15,B_nccl_cublas,0,3.66285,3.56659,3.66285,0.11373,1275,1
Q32-GU,55296,5120,6144,gpu,15,C_fluxag_cublas,3,3.62598,3.49082,3.62598,0.08972,1275,1
Q32-GU,55296,5120,6144,gpu,15,D_fluxag_fluxgemm,2,3.95878,3.83590,3.95878,0.08002,1275,1
Q32-GU,55296,5120,6144,gpu,16,A_fused,1,3.70995,3.56864,3.70995,0.06920,1275,1
Q32-GU,55296,5120,6144,gpu,16,B_nccl_cublas,2,3.65773,3.53792,3.65773,0.08945,1275,1
Q32-GU,55296,5120,6144,gpu,16,C_fluxag_cublas,0,3.66285,3.54406,3.66285,0.11732,1275,1
Q32-GU,55296,5120,6144,gpu,16,D_fluxag_fluxgemm,3,3.99155,3.87072,3.99155,0.08778,1275,1
Q32-GU,55296,5120,6144,gpu,17,A_fused,3,3.66694,3.56557,3.66694,0.06488,1275,1
Q32-GU,55296,5120,6144,gpu,17,B_nccl_cublas,0,3.65056,3.51334,3.65056,0.08663,1275,1
Q32-GU,55296,5120,6144,gpu,17,C_fluxag_cublas,1,3.62394,3.49286,3.62394,0.09700,1275,1
Q32-GU,55296,5120,6144,gpu,17,D_fluxag_fluxgemm,2,3.96698,3.83386,3.96698,0.08714,1275,1
Q32-GU,55296,5120,6144,gpu,18,A_fused,2,3.66592,3.53280,3.66592,0.07250,1275,1
Q32-GU,55296,5120,6144,gpu,18,B_nccl_cublas,1,3.62291,3.48570,3.62291,0.09455,1275,1
Q32-GU,55296,5120,6144,gpu,18,C_fluxag_cublas,0,3.58195,3.47546,3.58195,0.09292,1275,1
Q32-GU,55296,5120,6144,gpu,18,D_fluxag_fluxgemm,3,3.89325,3.76013,3.89325,0.09415,1275,1
Q32-GU,55296,5120,6144,gpu,19,A_fused,3,3.64442,3.56557,3.64442,0.06227,1275,1
Q32-GU,55296,5120,6144,gpu,19,B_nccl_cublas,0,3.60858,3.47648,3.60858,0.36524,1275,1
Q32-GU,55296,5120,6144,gpu,19,C_fluxag_cublas,1,3.68333,3.54304,3.68333,0.09166,1275,1
Q32-GU,55296,5120,6144,gpu,19,D_fluxag_fluxgemm,2,3.88506,3.80518,3.88506,0.08525,1275,1
Q32-GU,55296,5120,6144,gpu,20,A_fused,0,3.72122,3.56762,3.72122,0.07238,1275,1
Q32-GU,55296,5120,6144,gpu,20,B_nccl_cublas,1,3.67002,3.52563,3.67002,0.08355,1275,1
Q32-GU,55296,5120,6144,gpu,20,C_fluxag_cublas,3,3.67411,3.56352,3.67411,0.08227,1275,1
Q32-GU,55296,5120,6144,gpu,20,D_fluxag_fluxgemm,2,3.96800,3.84205,3.96800,0.08552,1275,1
Q32-GU,55296,5120,6144,gpu,21,A_fused,3,3.72429,3.61165,3.72429,0.06426,1260,1
Q32-GU,55296,5120,6144,gpu,21,B_nccl_cublas,0,3.67411,3.55635,3.67411,0.14273,1260,1
Q32-GU,55296,5120,6144,gpu,21,C_fluxag_cublas,1,3.64954,3.53894,3.64954,0.08547,1260,1
Q32-GU,55296,5120,6144,gpu,21,D_fluxag_fluxgemm,2,3.98643,3.86662,3.98643,0.08230,1260,1
Q32-GU,55296,5120,6144,gpu,22,A_fused,2,3.76627,3.61062,3.76627,0.07005,1260,1
Q32-GU,55296,5120,6144,gpu,22,B_nccl_cublas,3,3.72838,3.57171,3.72838,0.09192,1260,1
Q32-GU,55296,5120,6144,gpu,22,C_fluxag_cublas,1,3.71098,3.56352,3.71098,0.08467,1260,1
Q32-GU,55296,5120,6144,gpu,22,D_fluxag_fluxgemm,0,3.94650,3.83590,3.94650,0.08937,1260,1
Q32-GU,55296,5120,6144,gpu,23,A_fused,0,3.78675,3.61574,3.77139,0.07328,1260,1
Q32-GU,55296,5120,6144,gpu,23,B_nccl_cublas,3,3.74579,3.57581,3.71814,0.09632,1260,1
Q32-GU,55296,5120,6144,gpu,23,C_fluxag_cublas,1,3.70893,3.53075,3.68435,0.08390,1260,1
Q32-GU,55296,5120,6144,gpu,23,D_fluxag_fluxgemm,2,3.99565,3.84205,3.99565,0.08214,1260,1
Q32-GU,55296,5120,6144,gpu,24,A_fused,2,3.78470,3.61779,3.77344,0.07000,1245,1
Q32-GU,55296,5120,6144,gpu,24,B_nccl_cublas,1,3.72736,3.55738,3.71405,0.08440,1245,1
Q32-GU,55296,5120,6144,gpu,24,C_fluxag_cublas,3,3.75603,3.58195,3.67616,0.09804,1245,1
Q32-GU,55296,5120,6144,gpu,24,D_fluxag_fluxgemm,0,4.05299,3.89018,4.04275,0.08879,1245,1
Q32-GU,55296,5120,6144,gpu,25,A_fused,2,3.74886,3.61574,3.74886,0.06781,1245,1
Q32-GU,55296,5120,6144,gpu,25,B_nccl_cublas,3,3.70483,3.58298,3.70483,0.11912,1245,1
Q32-GU,55296,5120,6144,gpu,25,C_fluxag_cublas,1,3.64237,3.50720,3.64237,0.08341,1245,1
Q32-GU,55296,5120,6144,gpu,25,D_fluxag_fluxgemm,0,4.03149,3.84512,3.95981,0.08851,1245,1
Q32-GU,55296,5120,6144,gpu,26,A_fused,2,3.74272,3.64442,3.74272,0.06353,1245,1
Q32-GU,55296,5120,6144,gpu,26,B_nccl_cublas,0,3.69357,3.59322,3.69357,0.08594,1245,1
Q32-GU,55296,5120,6144,gpu,26,C_fluxag_cublas,3,3.65056,3.55430,3.65056,0.08107,1245,1
Q32-GU,55296,5120,6144,gpu,26,D_fluxag_fluxgemm,1,4.03251,3.92397,4.03251,0.08826,1245,1
Q32-GU,55296,5120,6144,gpu,27,A_fused,0,3.74784,3.64954,3.74784,0.07383,1260,1
Q32-GU,55296,5120,6144,gpu,27,B_nccl_cublas,2,3.69152,3.59731,3.69152,0.08044,1260,1
Q32-GU,55296,5120,6144,gpu,27,C_fluxag_cublas,1,3.66899,3.56864,3.66899,0.08258,1260,1
Q32-GU,55296,5120,6144,gpu,27,D_fluxag_fluxgemm,3,4.05914,3.93933,4.05914,0.08584,1260,1
Q32-GU,55296,5120,6144,gpu,28,A_fused,2,3.70995,3.61472,3.70995,0.06797,1275,1
Q32-GU,55296,5120,6144,gpu,28,B_nccl_cublas,0,3.69562,3.59834,3.69562,0.09861,1275,1
Q32-GU,55296,5120,6144,gpu,28,C_fluxag_cublas,1,3.65875,3.55430,3.65875,0.08844,1275,1
Q32-GU,55296,5120,6144,gpu,28,D_fluxag_fluxgemm,3,3.93318,3.84922,3.93318,0.08028,1275,1
Q32-GU,55296,5120,6144,gpu,29,A_fused,0,3.70790,3.61267,3.70790,0.07335,1275,1
Q32-GU,55296,5120,6144,gpu,29,B_nccl_cublas,1,3.66592,3.58093,3.66592,0.09730,1275,1
Q32-GU,55296,5120,6144,gpu,29,C_fluxag_cublas,3,3.63315,3.53280,3.63315,0.08530,1275,1
Q32-GU,55296,5120,6144,gpu,29,D_fluxag_fluxgemm,2,3.98336,3.87482,3.98336,0.11581,1275,1
Q32-GU,55296,5120,384,steady,0,A_fused,1,0.30118,0.30042,0.30118,0.04696,0,1
Q32-GU,55296,5120,384,steady,0,B_nccl_cublas,0,0.39136,0.34240,0.39136,0.06078,0,1
Q32-GU,55296,5120,384,steady,0,C_fluxag_cublas,3,0.34784,0.34701,0.34758,0.05723,0,1
Q32-GU,55296,5120,384,steady,0,D_fluxag_fluxgemm,2,0.30650,0.30586,0.30650,0.06104,0,1
Q32-GU,55296,5120,384,steady,1,A_fused,3,0.30125,0.30054,0.30112,0.04542,0,1
Q32-GU,55296,5120,384,steady,1,B_nccl_cublas,1,0.34413,0.34362,0.34400,0.05798,0,1
Q32-GU,55296,5120,384,steady,1,C_fluxag_cublas,2,0.34413,0.34246,0.34413,0.05888,0,1
Q32-GU,55296,5120,384,steady,1,D_fluxag_fluxgemm,0,0.30534,0.30394,0.30490,0.06078,0,1
Q32-GU,55296,5120,384,steady,2,A_fused,0,0.30099,0.29894,0.30067,0.04530,1380,1
Q32-GU,55296,5120,384,steady,2,B_nccl_cublas,2,0.34342,0.34304,0.34342,0.05877,1380,1
Q32-GU,55296,5120,384,steady,2,C_fluxag_cublas,3,0.35110,0.34963,0.35046,0.05714,1380,1
Q32-GU,55296,5120,384,steady,2,D_fluxag_fluxgemm,1,0.30976,0.30886,0.30918,0.05981,1380,1
Q32-GU,55296,5120,384,steady,3,A_fused,2,0.30758,0.30528,0.30688,0.04608,1380,1
Q32-GU,55296,5120,384,steady,3,B_nccl_cublas,1,0.34458,0.34400,0.34458,0.06676,1380,1
Q32-GU,55296,5120,384,steady,3,C_fluxag_cublas,3,0.34202,0.34112,0.34112,0.05732,1380,1
Q32-GU,55296,5120,384,steady,3,D_fluxag_fluxgemm,0,0.31194,0.31136,0.31136,0.06045,1380,1
Q32-GU,55296,5120,384,steady,4,A_fused,1,0.29926,0.29837,0.29926,0.04530,1380,1
Q32-GU,55296,5120,384,steady,4,B_nccl_cublas,3,0.33894,0.33850,0.33894,0.05950,1380,1
Q32-GU,55296,5120,384,steady,4,C_fluxag_cublas,0,0.35648,0.35238,0.35648,0.06003,1380,1
Q32-GU,55296,5120,384,steady,4,D_fluxag_fluxgemm,2,0.31130,0.31066,0.31130,0.05997,1380,1
Q32-GU,55296,5120,384,steady,5,A_fused,2,0.30406,0.30355,0.30394,0.04508,1380,1
Q32-GU,55296,5120,384,steady,5,B_nccl_cublas,0,0.34586,0.34483,0.34586,0.05650,1380,1
Q32-GU,55296,5120,384,steady,5,C_fluxag_cublas,1,0.34784,0.34726,0.34784,0.05708,1380,1
Q32-GU,55296,5120,384,steady,5,D_fluxag_fluxgemm,3,0.31200,0.31085,0.31200,0.05956,1380,1
Q32-GU,55296,5120,384,steady,6,A_fused,3,0.30605,0.30509,0.30509,0.04537,1380,1
Q32-GU,55296,5120,384,steady,6,B_nccl_cublas,0,0.34470,0.34291,0.34291,0.05821,1380,1
Q32-GU,55296,5120,384,steady,6,C_fluxag_cublas,1,0.34528,0.34470,0.34515,0.05745,1380,1
Q32-GU,55296,5120,384,steady,6,D_fluxag_fluxgemm,2,0.31219,0.31162,0.31181,0.06014,1380,1
Q32-GU,55296,5120,384,steady,7,A_fused,2,0.30381,0.30291,0.30381,0.04579,1380,1
Q32-GU,55296,5120,384,steady,7,B_nccl_cublas,1,0.34253,0.34221,0.34253,0.05781,1380,1
Q32-GU,55296,5120,384,steady,7,C_fluxag_cublas,3,0.34931,0.34835,0.34912,0.05705,1380,1
Q32-GU,55296,5120,384,steady,7,D_fluxag_fluxgemm,0,0.31085,0.30995,0.31085,0.06021,1380,1
Q32-GU,55296,5120,384,steady,8,A_fused,3,0.29792,0.29709,0.29715,0.04491,1365,1
Q32-GU,55296,5120,384,steady,8,B_nccl_cublas,1,0.34253,0.34227,0.34253,0.05730,1365,1
Q32-GU,55296,5120,384,steady,8,C_fluxag_cublas,2,0.35245,0.35162,0.35245,0.05672,1365,1
Q32-GU,55296,5120,384,steady,8,D_fluxag_fluxgemm,0,0.31315,0.31264,0.31296,0.05973,1365,1
Q32-GU,55296,5120,384,steady,9,A_fused,1,0.29715,0.29677,0.29683,0.04517,1365,1
Q32-GU,55296,5120,384,steady,9,B_nccl_cublas,2,0.34771,0.34733,0.34771,0.05794,1365,1
Q32-GU,55296,5120,384,steady,9,C_fluxag_cublas,3,0.34906,0.34861,0.34874,0.05728,1365,1
Q32-GU,55296,5120,384,steady,9,D_fluxag_fluxgemm,0,0.31610,0.31437,0.31610,0.06019,1365,1
Q32-GU,55296,5120,384,steady,10,A_fused,0,0.30656,0.30586,0.30656,0.04591,1365,1
Q32-GU,55296,5120,384,steady,10,B_nccl_cublas,2,0.34413,0.34355,0.34413,0.05861,1365,1
Q32-GU,55296,5120,384,steady,10,C_fluxag_cublas,1,0.34861,0.34822,0.34822,0.05698,1365,1
Q32-GU,55296,5120,384,steady,10,D_fluxag_fluxgemm,3,0.31667,0.31616,0.31667,0.06112,1365,1
Q32-GU,55296,5120,384,steady,11,A_fused,2,0.29453,0.29376,0.29453,0.04531,1365,1
Q32-GU,55296,5120,384,steady,11,B_nccl_cublas,3,0.34752,0.34694,0.34739,0.05785,1365,1
Q32-GU,55296,5120,384,steady,11,C_fluxag_cublas,0,0.34317,0.34253,0.34253,0.05697,1365,1
Q32-GU,55296,5120,384,steady,11,D_fluxag_fluxgemm,1,0.31450,0.31328,0.31398,0.06004,1365,1
Q32-GU,55296,5120,384,steady,12,A_fused,1,0.30502,0.30445,0.30502,0.04580,1365,1
Q32-GU,55296,5120,384,steady,12,B_nccl_cublas,3,0.33952,0.33901,0.33952,0.06062,1365,1
Q32-GU,55296,5120,384,steady,12,C_fluxag_cublas,0,0.35302,0.34989,0.35302,0.05740,1365,1
Q32-GU,55296,5120,384,steady,12,D_fluxag_fluxgemm,2,0.31059,0.31027,0.31027,0.05998,1365,1
Q32-GU,55296,5120,384,steady,13,A_fused,3,0.29261,0.29210,0.29254,0.04494,1365,1
Q32-GU,55296,5120,384,steady,13,B_nccl_cublas,1,0.33926,0.33869,0.33926,0.05754,1365,1
Q32-GU,55296,5120,384,steady,13,C_fluxag_cublas,0,0.34944,0.34790,0.34861,0.05751,1365,1
Q32-GU,55296,5120,384,steady,13,D_fluxag_fluxgemm,2,0.31578,0.31437,0.31526,0.06060,1365,1
Q32-GU,55296,5120,384,steady,14,A_fused,2,0.30566,0.30470,0.30541,0.04486,1365,1
Q32-GU,55296,5120,384,steady,14,B_nccl_cublas,0,0.34714,0.34637,0.34701,0.05944,1365,1
Q32-GU,55296,5120,384,steady,14,C_fluxag_cublas,3,0.34554,0.34470,0.34554,0.05680,1365,1
Q32-GU,55296,5120,384,steady,14,D_fluxag_fluxgemm,1,0.30995,0.30931,0.30995,0.06027,1365,1
Q32-GU,55296,5120,384,steady,15,A_fused,1,0.30099,0.30035,0.30093,0.04506,1365,1
Q32-GU,55296,5120,384,steady,15,B_nccl_cublas,3,0.34182,0.34131,0.34182,0.06293,1365,1
Q32-GU,55296,5120,384,steady,15,C_fluxag_cublas,0,0.34899,0.34733,0.34784,0.05708,1365,1
Q32-GU,55296,5120,384,steady,15,D_fluxag_fluxgemm,2,0.31053,0.31008,0.31053,0.06015,1365,1
Q32-GU,55296,5120,384,steady,16,A_fused,0,0.30349,0.30227,0.30298,0.04623,1365,1
Q32-GU,55296,5120,384,steady,16,B_nccl_cublas,3,0.34509,0.34483,0.34509,0.07081,1365,1
Q32-GU,55296,5120,384,steady,16,C_fluxag_cublas,1,0.34573,0.34451,0.34560,0.07197,1365,1
Q32-GU,55296,5120,384,steady,16,D_fluxag_fluxgemm,2,0.31309,0.31277,0.31277,0.06092,1365,1
Q32-GU,55296,5120,384,steady,17,A_fused,1,0.30035,0.29958,0.30035,0.04585,1365,1
Q32-GU,55296,5120,384,steady,17,B_nccl_cublas,3,0.34291,0.34246,0.34291,0.08022,1365,1
Q32-GU,55296,5120,384,steady,17,C_fluxag_cublas,2,0.35085,0.34950,0.35040,0.06855,1365,1
Q32-GU,55296,5120,384,steady,17,D_fluxag_fluxgemm,0,0.31398,0.31386,0.31392,0.06110,1365,1
Q32-GU,55296,5120,384,steady,18,A_fused,2,0.30874,0.30758,0.30874,0.04532,1365,1
Q32-GU,55296,5120,384,steady,18,B_nccl_cublas,3,0.33690,0.33645,0.33690,0.05878,1365,1
Q32-GU,55296,5120,384,steady,18,C_fluxag_cublas,0,0.35302,0.35123,0.35302,0.06446,1365,1
Q32-GU,55296,5120,384,steady,18,D_fluxag_fluxgemm,1,0.31027,0.30906,0.30970,0.06025,1365,1
Q32-GU,55296,5120,384,steady,19,A_fused,2,0.30630,0.30426,0.30528,0.04617,1365,1
Q32-GU,55296,5120,384,steady,19,B_nccl_cublas,3,0.33536,0.33485,0.33536,0.06023,1365,1
Q32-GU,55296,5120,384,steady,19,C_fluxag_cublas,1,0.34317,0.34214,0.34298,0.05706,1365,1
Q32-GU,55296,5120,384,steady,19,D_fluxag_fluxgemm,0,0.31917,0.31610,0.31917,0.06158,1365,1
Q32-GU,55296,5120,384,steady,20,A_fused,2,0.30592,0.30483,0.30586,0.04554,1365,1
Q32-GU,55296,5120,384,steady,20,B_nccl_cublas,3,0.33830,0.33786,0.33830,0.05985,1365,1
Q32-GU,55296,5120,384,steady,20,C_fluxag_cublas,0,0.36230,0.35622,0.36230,0.05842,1365,1
Q32-GU,55296,5120,384,steady,20,D_fluxag_fluxgemm,1,0.30573,0.30528,0.30573,0.06349,1365,1
Q32-GU,55296,5120,384,steady,21,A_fused,3,0.29510,0.29427,0.29466,0.04473,1365,1
Q32-GU,55296,5120,384,steady,21,B_nccl_cublas,1,0.33606,0.33568,0.33606,0.05798,1365,1
Q32-GU,55296,5120,384,steady,21,C_fluxag_cublas,0,0.35322,0.35085,0.35322,0.05759,1365,1
Q32-GU,55296,5120,384,steady,21,D_fluxag_fluxgemm,2,0.31680,0.31565,0.31680,0.06070,1365,1
Q32-GU,55296,5120,384,steady,22,A_fused,2,0.29952,0.29830,0.29850,0.04493,1365,1
Q32-GU,55296,5120,384,steady,22,B_nccl_cublas,3,0.34598,0.34554,0.34598,0.08518,1365,1
Q32-GU,55296,5120,384,steady,22,C_fluxag_cublas,1,0.34618,0.34541,0.34579,0.05643,1365,1
Q32-GU,55296,5120,384,steady,22,D_fluxag_fluxgemm,0,0.31040,0.31021,0.31027,0.05949,1365,1
Q32-GU,55296,5120,384,steady,23,A_fused,1,0.30131,0.30080,0.30131,0.04580,1365,1
Q32-GU,55296,5120,384,steady,23,B_nccl_cublas,0,0.34438,0.34374,0.34438,0.05751,1365,1
Q32-GU,55296,5120,384,steady,23,C_fluxag_cublas,2,0.34496,0.34400,0.34483,0.05662,1365,1
Q32-GU,55296,5120,384,steady,23,D_fluxag_fluxgemm,3,0.31859,0.31821,0.31853,0.05972,1365,1
Q32-GU,55296,5120,384,steady,24,A_fused,2,0.29958,0.29888,0.29933,0.04558,1365,1
Q32-GU,55296,5120,384,steady,24,B_nccl_cublas,3,0.34694,0.34624,0.34694,0.06448,1365,1
Q32-GU,55296,5120,384,steady,24,C_fluxag_cublas,0,0.35136,0.34899,0.35136,0.05729,1365,1
Q32-GU,55296,5120,384,steady,24,D_fluxag_fluxgemm,1,0.31718,0.31686,0.31718,0.06010,1365,1
Q32-GU,55296,5120,384,steady,25,A_fused,2,0.30701,0.30650,0.30701,0.04557,1350,1
Q32-GU,55296,5120,384,steady,25,B_nccl_cublas,1,0.34349,0.34298,0.34342,0.07414,1350,1
Q32-GU,55296,5120,384,steady,25,C_fluxag_cublas,3,0.35040,0.34867,0.35040,0.05835,1350,1
Q32-GU,55296,5120,384,steady,25,D_fluxag_fluxgemm,0,0.31731,0.31654,0.31712,0.06046,1350,1
Q32-GU,55296,5120,384,steady,26,A_fused,0,0.30643,0.30586,0.30605,0.04560,1350,1
Q32-GU,55296,5120,384,steady,26,B_nccl_cublas,1,0.33939,0.33882,0.33939,0.05756,1350,1
Q32-GU,55296,5120,384,steady,26,C_fluxag_cublas,3,0.34579,0.34502,0.34541,0.05693,1350,1
Q32-GU,55296,5120,384,steady,26,D_fluxag_fluxgemm,2,0.31840,0.31744,0.31840,0.06053,1350,1
Q32-GU,55296,5120,384,steady,27,A_fused,2,0.30579,0.30483,0.30579,0.04521,1350,1
Q32-GU,55296,5120,384,steady,27,B_nccl_cublas,0,0.35315,0.35251,0.35315,0.05760,1350,1
Q32-GU,55296,5120,384,steady,27,C_fluxag_cublas,1,0.34803,0.34746,0.34803,0.05675,1350,1
Q32-GU,55296,5120,384,steady,27,D_fluxag_fluxgemm,3,0.31296,0.31232,0.31296,0.05985,1350,1
Q32-GU,55296,5120,384,steady,28,A_fused,3,0.29760,0.29702,0.29747,0.04553,1350,1
Q32-GU,55296,5120,384,steady,28,B_nccl_cublas,1,0.34086,0.34016,0.34086,0.05803,1350,1
Q32-GU,55296,5120,384,steady,28,C_fluxag_cublas,2,0.35437,0.35392,0.35437,0.08733,1350,1
Q32-GU,55296,5120,384,steady,28,D_fluxag_fluxgemm,0,0.31290,0.31219,0.31270,0.06011,1350,1
Q32-GU,55296,5120,384,steady,29,A_fused,3,0.30221,0.30150,0.30221,0.04558,1350,1
Q32-GU,55296,5120,384,steady,29,B_nccl_cublas,1,0.33984,0.33933,0.33984,0.07700,1350,1
Q32-GU,55296,5120,384,steady,29,C_fluxag_cublas,0,0.35181,0.35117,0.35117,0.05714,1350,1
Q32-GU,55296,5120,384,steady,29,D_fluxag_fluxgemm,2,0.31757,0.31584,0.31706,0.06017,1350,1
Q32-GU,55296,5120,768,steady,0,A_fused,2,0.54240,0.54118,0.54157,0.04546,0,1
Q32-GU,55296,5120,768,steady,0,B_nccl_cublas,3,0.51040,0.50957,0.51040,0.05917,0,1
Q32-GU,55296,5120,768,steady,0,C_fluxag_cublas,0,0.53030,0.52000,0.52000,0.05913,0,1
Q32-GU,55296,5120,768,steady,0,D_fluxag_fluxgemm,1,0.56032,0.55859,0.55994,0.06060,0,1
Q32-GU,55296,5120,768,steady,1,A_fused,0,0.55226,0.54803,0.55226,0.04808,1290,1
Q32-GU,55296,5120,768,steady,1,B_nccl_cublas,2,0.51085,0.51021,0.51085,0.05994,1290,1
Q32-GU,55296,5120,768,steady,1,C_fluxag_cublas,1,0.52230,0.52134,0.52198,0.05857,1290,1
Q32-GU,55296,5120,768,steady,1,D_fluxag_fluxgemm,3,0.56026,0.55962,0.56026,0.06129,1290,1
Q32-GU,55296,5120,768,steady,2,A_fused,3,0.55027,0.54995,0.55027,0.04636,1290,1
Q32-GU,55296,5120,768,steady,2,B_nccl_cublas,0,0.51622,0.51443,0.51546,0.05808,1290,1
Q32-GU,55296,5120,768,steady,2,C_fluxag_cublas,2,0.51891,0.51750,0.51782,0.05851,1290,1
Q32-GU,55296,5120,768,steady,2,D_fluxag_fluxgemm,1,0.56710,0.56557,0.56614,0.06214,1290,1
Q32-GU,55296,5120,768,steady,3,A_fused,3,0.55014,0.54835,0.54938,0.04525,1290,1
Q32-GU,55296,5120,768,steady,3,B_nccl_cublas,1,0.51514,0.51418,0.51514,0.05858,1290,1
Q32-GU,55296,5120,768,steady,3,C_fluxag_cublas,0,0.52493,0.52403,0.52403,0.05951,1290,1
Q32-GU,55296,5120,768,steady,3,D_fluxag_fluxgemm,2,0.56186,0.55942,0.55942,0.06491,1290,1
Q32-GU,55296,5120,768,steady,4,A_fused,0,0.55034,0.54970,0.55034,0.04770,1290,1
Q32-GU,55296,5120,768,steady,4,B_nccl_cublas,3,0.51328,0.51149,0.51328,0.05901,1290,1
Q32-GU,55296,5120,768,steady,4,C_fluxag_cublas,2,0.52128,0.52026,0.52064,0.05831,1290,1
Q32-GU,55296,5120,768,steady,4,D_fluxag_fluxgemm,1,0.56480,0.56326,0.56410,0.06090,1290,1
Q32-GU,55296,5120,768,steady,5,A_fused,1,0.55200,0.55040,0.55200,0.04758,1290,1
Q32-GU,55296,5120,768,steady,5,B_nccl_cublas,3,0.51302,0.51219,0.51302,0.05946,1290,1
Q32-GU,55296,5120,768,steady,5,C_fluxag_cublas,0,0.52365,0.52045,0.52294,0.05907,1290,1
Q32-GU,55296,5120,768,steady,5,D_fluxag_fluxgemm,2,0.57011,0.56902,0.56973,0.06124,1290,1
Q32-GU,55296,5120,768,steady,6,A_fused,2,0.54688,0.54566,0.54630,0.04969,1275,1
Q32-GU,55296,5120,768,steady,6,B_nccl_cublas,3,0.51027,0.50950,0.51027,0.06283,1275,1
Q32-GU,55296,5120,768,steady,6,C_fluxag_cublas,1,0.52192,0.52128,0.52166,0.06168,1275,1
Q32-GU,55296,5120,768,steady,6,D_fluxag_fluxgemm,0,0.58470,0.57005,0.58470,0.07373,1275,1
Q32-GU,55296,5120,768,steady,7,A_fused,1,0.55667,0.55571,0.55667,0.04693,1275,1
Q32-GU,55296,5120,768,steady,7,B_nccl_cublas,2,0.51642,0.51539,0.51642,0.06101,1275,1
Q32-GU,55296,5120,768,steady,7,C_fluxag_cublas,3,0.52218,0.52141,0.52218,0.05903,1275,1
Q32-GU,55296,5120,768,steady,7,D_fluxag_fluxgemm,0,0.56474,0.56166,0.56384,0.06266,1275,1
Q32-GU,55296,5120,768,steady,8,A_fused,2,0.54899,0.54778,0.54899,0.04703,1275,1
Q32-GU,55296,5120,768,steady,8,B_nccl_cublas,3,0.51245,0.51123,0.51245,0.06036,1275,1
Q32-GU,55296,5120,768,steady,8,C_fluxag_cublas,1,0.53024,0.52954,0.53005,0.05883,1275,1
Q32-GU,55296,5120,768,steady,8,D_fluxag_fluxgemm,0,0.56851,0.56749,0.56851,0.06265,1275,1
Q32-GU,55296,5120,768,steady,9,A_fused,1,0.55072,0.54925,0.55053,0.04735,1275,1
Q32-GU,55296,5120,768,steady,9,B_nccl_cublas,3,0.50630,0.50566,0.50630,0.05969,1275,1
Q32-GU,55296,5120,768,steady,9,C_fluxag_cublas,2,0.52474,0.52358,0.52467,0.05823,1275,1
Q32-GU,55296,5120,768,steady,9,D_fluxag_fluxgemm,0,0.57011,0.56858,0.57011,0.06371,1275,1
Q32-GU,55296,5120,768,steady,10,A_fused,3,0.54701,0.54618,0.54701,0.04708,1290,1
Q32-GU,55296,5120,768,steady,10,B_nccl_cublas,0,0.52378,0.52102,0.52352,0.08246,1290,1
Q32-GU,55296,5120,768,steady,10,C_fluxag_cublas,2,0.52672,0.52467,0.52512,0.06222,1290,1
Q32-GU,55296,5120,768,steady,10,D_fluxag_fluxgemm,1,0.56947,0.56800,0.56947,0.06363,1290,1
Q32-GU,55296,5120,768,steady,11,A_fused,0,0.55149,0.54822,0.54989,0.04947,1290,1
Q32-GU,55296,5120,768,steady,11,B_nccl_cublas,3,0.50989,0.50912,0.50989,0.06073,1290,1
Q32-GU,55296,5120,768,steady,11,C_fluxag_cublas,2,0.52115,0.52064,0.52115,0.06018,1290,1
Q32-GU,55296,5120,768,steady,11,D_fluxag_fluxgemm,1,0.56742,0.56653,0.56742,0.06181,1290,1
Q32-GU,55296,5120,768,steady,12,A_fused,0,0.55245,0.54835,0.54835,0.04653,1290,1
Q32-GU,55296,5120,768,steady,12,B_nccl_cublas,1,0.51405,0.51334,0.51405,0.06056,1290,1
Q32-GU,55296,5120,768,steady,12,C_fluxag_cublas,2,0.52563,0.52442,0.52467,0.05742,1290,1
Q32-GU,55296,5120,768,steady,12,D_fluxag_fluxgemm,3,0.56250,0.56160,0.56250,0.06239,1290,1
Q32-GU,55296,5120,768,steady,13,A_fused,3,0.55136,0.55034,0.55136,0.04682,1275,1
Q32-GU,55296,5120,768,steady,13,B_nccl_cublas,2,0.51667,0.51546,0.51667,0.06392,1275,1
Q32-GU,55296,5120,768,steady,13,C_fluxag_cublas,0,0.53062,0.52890,0.52973,0.05882,1275,1
Q32-GU,55296,5120,768,steady,13,D_fluxag_fluxgemm,1,0.56506,0.56397,0.56506,0.06162,1275,1
Q32-GU,55296,5120,768,steady,14,A_fused,2,0.54963,0.54893,0.54963,0.04553,1275,1
Q32-GU,55296,5120,768,steady,14,B_nccl_cublas,1,0.51264,0.51174,0.51264,0.06004,1275,1
Q32-GU,55296,5120,768,steady,14,C_fluxag_cublas,0,0.52550,0.52365,0.52493,0.05801,1275,1
Q32-GU,55296,5120,768,steady,14,D_fluxag_fluxgemm,3,0.56851,0.56717,0.56851,0.06077,1275,1
Q32-GU,55296,5120,768,steady,15,A_fused,2,0.54835,0.54701,0.54835,0.04555,1275,1
Q32-GU,55296,5120,768,steady,15,B_nccl_cublas,0,0.51725,0.51558,0.51622,0.06018,1275,1
Q32-GU,55296,5120,768,steady,15,C_fluxag_cublas,3,0.52320,0.52262,0.52320,0.05852,1275,1
Q32-GU,55296,5120,768,steady,15,D_fluxag_fluxgemm,1,0.56614,0.56525,0.56614,0.06128,1275,1
Q32-GU,55296,5120,768,steady,16,A_fused,3,0.55213,0.55168,0.55213,0.04532,1275,1
Q32-GU,55296,5120,768,steady,16,B_nccl_cublas,1,0.50899,0.50790,0.50899,0.05976,1275,1
Q32-GU,55296,5120,768,steady,16,C_fluxag_cublas,0,0.52698,0.52582,0.52685,0.06214,1275,1
Q32-GU,55296,5120,768,steady,16,D_fluxag_fluxgemm,2,0.56416,0.56275,0.56397,0.06244,1275,1
Q32-GU,55296,5120,768,steady,17,A_fused,2,0.54637,0.54573,0.54637,0.04816,1275,1
Q32-GU,55296,5120,768,steady,17,B_nccl_cublas,1,0.50522,0.50445,0.50477,0.06011,1275,1
Q32-GU,55296,5120,768,steady,17,C_fluxag_cublas,0,0.52531,0.52269,0.52269,0.06040,1275,1
Q32-GU,55296,5120,768,steady,17,D_fluxag_fluxgemm,3,0.55789,0.55642,0.55642,0.06138,1275,1
Q32-GU,55296,5120,768,steady,18,A_fused,3,0.54739,0.54669,0.54726,0.04792,1290,1
Q32-GU,55296,5120,768,steady,18,B_nccl_cublas,1,0.50797,0.50739,0.50797,0.06215,1290,1
Q32-GU,55296,5120,768,steady,18,C_fluxag_cublas,2,0.51558,0.51424,0.51443,0.05928,1290,1
Q32-GU,55296,5120,768,steady,18,D_fluxag_fluxgemm,0,0.56640,0.56339,0.56544,0.06239,1290,1
Q32-GU,55296,5120,768,steady,19,A_fused,0,0.55392,0.55187,0.55226,0.04695,1290,1
Q32-GU,55296,5120,768,steady,19,B_nccl_cublas,2,0.51686,0.51603,0.51622,0.05877,1290,1
Q32-GU,55296,5120,768,steady,19,C_fluxag_cublas,1,0.51942,0.51827,0.51891,0.07264,1290,1
Q32-GU,55296,5120,768,steady,19,D_fluxag_fluxgemm,3,0.57466,0.57421,0.57466,0.06225,1290,1
Q32-GU,55296,5120,768,steady,20,A_fused,1,0.55277,0.55123,0.55277,0.04656,1275,1
Q32-GU,55296,5120,768,steady,20,B_nccl_cublas,3,0.51706,0.51597,0.51706,0.09791,1275,1
Q32-GU,55296,5120,768,steady,20,C_fluxag_cublas,0,0.52966,0.52800,0.52800,0.05897,1275,1
Q32-GU,55296,5120,768,steady,20,D_fluxag_fluxgemm,2,0.56832,0.56742,0.56832,0.06221,1275,1
Q32-GU,55296,5120,768,steady,21,A_fused,2,0.55987,0.55910,0.55987,0.04596,1275,1
Q32-GU,55296,5120,768,steady,21,B_nccl_cublas,0,0.52346,0.51974,0.52134,0.05922,1275,1
Q32-GU,55296,5120,768,steady,21,C_fluxag_cublas,1,0.52806,0.52736,0.52755,0.05872,1275,1
Q32-GU,55296,5120,768,steady,21,D_fluxag_fluxgemm,3,0.56838,0.56755,0.56838,0.06157,1275,1
Q32-GU,55296,5120,768,steady,22,A_fused,3,0.55949,0.55686,0.55898,0.04775,1275,1
Q32-GU,55296,5120,768,steady,22,B_nccl_cublas,0,0.52154,0.51942,0.51962,0.06205,1275,1
Q32-GU,55296,5120,768,steady,22,C_fluxag_cublas,1,0.52890,0.52832,0.52890,0.05848,1275,1
Q32-GU,55296,5120,768,steady,22,D_fluxag_fluxgemm,2,0.57414,0.57216,0.57357,0.06169,1275,1
Q32-GU,55296,5120,768,steady,23,A_fused,3,0.55616,0.55539,0.55616,0.04697,1260,1
Q32-GU,55296,5120,768,steady,23,B_nccl_cublas,2,0.51917,0.51789,0.51917,0.06014,1260,1
Q32-GU,55296,5120,768,steady,23,C_fluxag_cublas,0,0.53101,0.53011,0.53011,0.06008,1260,1
Q32-GU,55296,5120,768,steady,23,D_fluxag_fluxgemm,1,0.57107,0.57030,0.57107,0.06118,1260,1
Q32-GU,55296,5120,768,steady,24,A_fused,0,0.56256,0.55968,0.56256,0.04721,1260,1
Q32-GU,55296,5120,768,steady,24,B_nccl_cublas,1,0.52154,0.52058,0.52154,0.06091,1260,1
Q32-GU,55296,5120,768,steady,24,C_fluxag_cublas,3,0.53133,0.52992,0.53133,0.05779,1260,1
Q32-GU,55296,5120,768,steady,24,D_fluxag_fluxgemm,2,0.57760,0.57632,0.57760,0.06224,1260,1
Q32-GU,55296,5120,768,steady,25,A_fused,3,0.55494,0.55411,0.55494,0.04650,1260,1
Q32-GU,55296,5120,768,steady,25,B_nccl_cublas,1,0.51866,0.51776,0.51866,0.06218,1260,1
Q32-GU,55296,5120,768,steady,25,C_fluxag_cublas,0,0.53421,0.53216,0.53312,0.05902,1260,1
Q32-GU,55296,5120,768,steady,25,D_fluxag_fluxgemm,2,0.57094,0.56973,0.57094,0.06210,1260,1
Q32-GU,55296,5120,768,steady,26,A_fused,1,0.55040,0.54950,0.55040,0.04991,1260,1
Q32-GU,55296,5120,768,steady,26,B_nccl_cublas,3,0.51859,0.51731,0.51859,0.05924,1260,1
Q32-GU,55296,5120,768,steady,26,C_fluxag_cublas,0,0.53414,0.53197,0.53299,0.05947,1260,1
Q32-GU,55296,5120,768,steady,26,D_fluxag_fluxgemm,2,0.56589,0.56429,0.56570,0.06199,1260,1
Q32-GU,55296,5120,768,steady,27,A_fused,1,0.55206,0.55066,0.55206,0.04668,1260,1
Q32-GU,55296,5120,768,steady,27,B_nccl_cublas,3,0.51866,0.51744,0.51866,0.05976,1260,1
Q32-GU,55296,5120,768,steady,27,C_fluxag_cublas,2,0.52474,0.52346,0.52474,0.05867,1260,1
Q32-GU,55296,5120,768,steady,27,D_fluxag_fluxgemm,0,0.57555,0.57344,0.57555,0.06199,1260,1
Q32-GU,55296,5120,768,steady,28,A_fused,1,0.55034,0.54899,0.55034,0.04565,1275,1
Q32-GU,55296,5120,768,steady,28,B_nccl_cublas,3,0.51514,0.51405,0.51514,0.08095,1275,1
Q32-GU,55296,5120,768,steady,28,C_fluxag_cublas,2,0.52454,0.52326,0.52371,0.05852,1275,1
Q32-GU,55296,5120,768,steady,28,D_fluxag_fluxgemm,0,0.57344,0.57184,0.57344,0.06255,1275,1
Q32-GU,55296,5120,768,steady,29,A_fused,3,0.54886,0.54746,0.54886,0.04573,1275,1
Q32-GU,55296,5120,768,steady,29,B_nccl_cublas,2,0.51776,0.51699,0.51776,0.06254,1275,1
Q32-GU,55296,5120,768,steady,29,C_fluxag_cublas,1,0.52410,0.52262,0.52410,0.05821,1275,1
Q32-GU,55296,5120,768,steady,29,D_fluxag_fluxgemm,0,0.58842,0.56947,0.58842,0.06152,1275,1
Q32-GU,55296,5120,1536,steady,0,A_fused,3,1.02381,1.02253,1.02381,0.04698,1275,1
Q32-GU,55296,5120,1536,steady,0,B_nccl_cublas,1,0.96262,0.96096,0.96262,0.08128,1275,1
Q32-GU,55296,5120,1536,steady,0,C_fluxag_cublas,2,0.96832,0.96717,0.96832,0.05877,1275,1
Q32-GU,55296,5120,1536,steady,0,D_fluxag_fluxgemm,0,1.11930,1.06976,1.06976,0.06360,1275,1
Q32-GU,55296,5120,1536,steady,1,A_fused,2,1.03558,1.03469,1.03558,0.04554,1245,1
Q32-GU,55296,5120,1536,steady,1,B_nccl_cublas,1,0.97357,0.97197,0.97357,0.06005,1245,1
Q32-GU,55296,5120,1536,steady,1,C_fluxag_cublas,3,0.99168,0.98925,0.99168,0.05777,1245,1
Q32-GU,55296,5120,1536,steady,1,D_fluxag_fluxgemm,0,1.05843,1.05530,1.05798,0.06181,1245,1
Q32-GU,55296,5120,1536,steady,2,A_fused,2,1.04230,1.04096,1.04230,0.04693,1260,1
Q32-GU,55296,5120,1536,steady,2,B_nccl_cublas,0,0.98778,0.98669,0.98765,0.06072,1260,1
Q32-GU,55296,5120,1536,steady,2,C_fluxag_cublas,1,0.99091,0.98829,0.98963,0.05996,1260,1
Q32-GU,55296,5120,1536,steady,2,D_fluxag_fluxgemm,3,1.06848,1.06579,1.06848,0.06173,1260,1
Q32-GU,55296,5120,1536,steady,3,A_fused,2,1.03213,1.03059,1.03213,0.04742,1260,1
Q32-GU,55296,5120,1536,steady,3,B_nccl_cublas,1,0.97722,0.97504,0.97722,0.06392,1260,1
Q32-GU,55296,5120,1536,steady,3,C_fluxag_cublas,3,0.97280,0.97120,0.97280,0.05974,1260,1
Q32-GU,55296,5120,1536,steady,3,D_fluxag_fluxgemm,0,1.07251,1.06362,1.06362,0.06371,1260,1
Q32-GU,55296,5120,1536,steady,4,A_fused,2,1.03635,1.03296,1.03635,0.04896,1260,1
Q32-GU,55296,5120,1536,steady,4,B_nccl_cublas,1,0.97299,0.97146,0.97299,0.06073,1260,1
Q32-GU,55296,5120,1536,steady,4,C_fluxag_cublas,0,0.98854,0.98483,0.98483,0.06591,1260,1
Q32-GU,55296,5120,1536,steady,4,D_fluxag_fluxgemm,3,1.05818,1.05587,1.05818,0.06275,1260,1
Q32-GU,55296,5120,1536,steady,5,A_fused,0,1.03814,1.03539,1.03731,0.04776,1260,1
Q32-GU,55296,5120,1536,steady,5,B_nccl_cublas,3,0.97274,0.97107,0.97274,0.06078,1260,1
Q32-GU,55296,5120,1536,steady,5,C_fluxag_cublas,1,0.97958,0.97760,0.97958,0.08439,1260,1
Q32-GU,55296,5120,1536,steady,5,D_fluxag_fluxgemm,2,1.05997,1.05747,1.05997,0.06213,1260,1
Q32-GU,55296,5120,1536,steady,6,A_fused,1,1.03034,1.02765,1.03034,0.04803,1260,1
Q32-GU,55296,5120,1536,steady,6,B_nccl_cublas,3,0.97171,0.97011,0.97171,0.06236,1260,1
Q32-GU,55296,5120,1536,steady,6,C_fluxag_cublas,0,0.97792,0.97549,0.97792,0.06241,1260,1
Q32-GU,55296,5120,1536,steady,6,D_fluxag_fluxgemm,2,1.06010,1.05728,1.06010,0.06228,1260,1
Q32-GU,55296,5120,1536,steady,7,A_fused,3,1.03226,1.03046,1.03226,0.04804,1260,1
Q32-GU,55296,5120,1536,steady,7,B_nccl_cublas,1,0.97274,0.97101,0.97274,0.06263,1260,1
Q32-GU,55296,5120,1536,steady,7,C_fluxag_cublas,2,0.98042,0.97875,0.98042,0.05869,1260,1
Q32-GU,55296,5120,1536,steady,7,D_fluxag_fluxgemm,0,1.06214,1.06080,1.06080,0.06465,1260,1
Q32-GU,55296,5120,1536,steady,8,A_fused,1,1.03418,1.03238,1.03418,0.04582,1260,1
Q32-GU,55296,5120,1536,steady,8,B_nccl_cublas,3,0.97229,0.97062,0.97229,0.05899,1260,1
Q32-GU,55296,5120,1536,steady,8,C_fluxag_cublas,0,0.98483,0.98374,0.98483,0.05905,1260,1
Q32-GU,55296,5120,1536,steady,8,D_fluxag_fluxgemm,2,1.05837,1.05632,1.05837,0.06214,1260,1
Q32-GU,55296,5120,1536,steady,9,A_fused,1,1.03878,1.03712,1.03878,0.04696,1260,1
Q32-GU,55296,5120,1536,steady,9,B_nccl_cublas,0,0.97632,0.97363,0.97530,0.05911,1260,1
Q32-GU,55296,5120,1536,steady,9,C_fluxag_cublas,3,0.98278,0.98106,0.98278,0.05928,1260,1
Q32-GU,55296,5120,1536,steady,9,D_fluxag_fluxgemm,2,1.05798,1.05600,1.05798,0.06175,1260,1
Q32-GU,55296,5120,1536,steady,10,A_fused,2,1.03635,1.03482,1.03635,0.04681,1260,1
Q32-GU,55296,5120,1536,steady,10,B_nccl_cublas,0,0.97805,0.97498,0.97498,0.06634,1260,1
Q32-GU,55296,5120,1536,steady,10,C_fluxag_cublas,3,0.98138,0.97914,0.98138,0.05988,1260,1
Q32-GU,55296,5120,1536,steady,10,D_fluxag_fluxgemm,1,1.05888,1.05722,1.05888,0.06720,1260,1
Q32-GU,55296,5120,1536,steady,11,A_fused,2,1.03699,1.03514,1.03699,0.04812,1260,1
Q32-GU,55296,5120,1536,steady,11,B_nccl_cublas,1,0.97370,0.97216,0.97370,0.06168,1260,1
Q32-GU,55296,5120,1536,steady,11,C_fluxag_cublas,3,0.98522,0.98253,0.98285,0.06009,1260,1
Q32-GU,55296,5120,1536,steady,11,D_fluxag_fluxgemm,0,1.06138,1.05920,1.06048,0.06373,1260,1
Q32-GU,55296,5120,1536,steady,12,A_fused,3,1.04026,1.03846,1.04026,0.04665,1260,1
Q32-GU,55296,5120,1536,steady,12,B_nccl_cublas,0,0.98643,0.98323,0.98643,0.06094,1260,1
Q32-GU,55296,5120,1536,steady,12,C_fluxag_cublas,2,0.98573,0.98349,0.98515,0.05839,1260,1
Q32-GU,55296,5120,1536,steady,12,D_fluxag_fluxgemm,1,1.06394,1.06240,1.06336,0.06268,1260,1
Q32-GU,55296,5120,1536,steady,13,A_fused,3,1.04979,1.04666,1.04979,0.04644,1245,1
Q32-GU,55296,5120,1536,steady,13,B_nccl_cublas,1,0.97952,0.97696,0.97952,0.06173,1245,1
Q32-GU,55296,5120,1536,steady,13,C_fluxag_cublas,0,0.99494,0.98848,0.98848,0.06345,1245,1
Q32-GU,55296,5120,1536,steady,13,D_fluxag_fluxgemm,2,1.07782,1.07539,1.07782,0.06424,1245,1
Q32-GU,55296,5120,1536,steady,14,A_fused,0,1.05146,1.04717,1.04896,0.04671,1245,1
Q32-GU,55296,5120,1536,steady,14,B_nccl_cublas,2,0.99514,0.99232,0.99475,0.06639,1245,1
Q32-GU,55296,5120,1536,steady,14,C_fluxag_cublas,3,0.99917,0.99654,0.99853,0.05928,1245,1
Q32-GU,55296,5120,1536,steady,14,D_fluxag_fluxgemm,1,1.07238,1.06989,1.07238,0.06232,1245,1
Q32-GU,55296,5120,1536,steady,15,A_fused,3,1.02624,1.02490,1.02624,0.04753,1245,1
Q32-GU,55296,5120,1536,steady,15,B_nccl_cublas,2,0.97184,0.97050,0.97152,0.06082,1245,1
Q32-GU,55296,5120,1536,steady,15,C_fluxag_cublas,1,0.98918,0.98771,0.98861,0.06123,1245,1
Q32-GU,55296,5120,1536,steady,15,D_fluxag_fluxgemm,0,1.08218,1.07571,1.07738,0.06514,1245,1
Q32-GU,55296,5120,1536,steady,16,A_fused,2,1.03693,1.03558,1.03661,0.04562,1260,1
Q32-GU,55296,5120,1536,steady,16,B_nccl_cublas,3,0.98208,0.97997,0.98208,0.06009,1260,1
Q32-GU,55296,5120,1536,steady,16,C_fluxag_cublas,0,0.98477,0.98118,0.98227,0.06212,1260,1
Q32-GU,55296,5120,1536,steady,16,D_fluxag_fluxgemm,1,1.06106,1.05965,1.06093,0.06324,1260,1
Q32-GU,55296,5120,1536,steady,17,A_fused,1,1.04454,1.04192,1.04454,0.04745,1245,1
Q32-GU,55296,5120,1536,steady,17,B_nccl_cublas,2,0.98138,0.97914,0.98138,0.06151,1245,1
Q32-GU,55296,5120,1536,steady,17,C_fluxag_cublas,0,0.99360,0.99014,0.99232,0.06183,1245,1
Q32-GU,55296,5120,1536,steady,17,D_fluxag_fluxgemm,3,1.07379,1.07098,1.07379,0.06339,1245,1
Q32-GU,55296,5120,1536,steady,18,A_fused,2,1.03270,1.03117,1.03270,0.04864,1245,1
Q32-GU,55296,5120,1536,steady,18,B_nccl_cublas,3,0.97677,0.97485,0.97677,0.06632,1245,1
Q32-GU,55296,5120,1536,steady,18,C_fluxag_cublas,1,0.98470,0.98272,0.98470,0.06029,1245,1
Q32-GU,55296,5120,1536,steady,18,D_fluxag_fluxgemm,0,1.06234,1.06003,1.06234,0.06332,1245,1
Q32-GU,55296,5120,1536,steady,19,A_fused,1,1.03853,1.03597,1.03853,0.04836,1260,1
Q32-GU,55296,5120,1536,steady,19,B_nccl_cublas,3,0.97146,0.96992,0.97146,0.05992,1260,1
Q32-GU,55296,5120,1536,steady,19,C_fluxag_cublas,0,0.98874,0.98502,0.98502,0.06189,1260,1
Q32-GU,55296,5120,1536,steady,19,D_fluxag_fluxgemm,2,1.06560,1.06362,1.06560,0.06209,1260,1
Q32-GU,55296,5120,1536,steady,20,A_fused,0,1.03942,1.03680,1.03680,0.05371,1260,1
Q32-GU,55296,5120,1536,steady,20,B_nccl_cublas,3,0.97190,0.97030,0.97190,0.06258,1260,1
Q32-GU,55296,5120,1536,steady,20,C_fluxag_cublas,2,0.97709,0.97594,0.97658,0.06394,1260,1
Q32-GU,55296,5120,1536,steady,20,D_fluxag_fluxgemm,1,1.05542,1.05453,1.05530,0.06320,1260,1
Q32-GU,55296,5120,1536,steady,21,A_fused,3,1.03725,1.03578,1.03725,0.04737,1260,1
Q32-GU,55296,5120,1536,steady,21,B_nccl_cublas,2,0.97062,0.96883,0.97062,0.06055,1260,1
Q32-GU,55296,5120,1536,steady,21,C_fluxag_cublas,0,0.98138,0.97882,0.97952,0.06242,1260,1
Q32-GU,55296,5120,1536,steady,21,D_fluxag_fluxgemm,1,1.06093,1.05958,1.06093,0.06316,1260,1
Q32-GU,55296,5120,1536,steady,22,A_fused,0,1.03808,1.03373,1.03571,0.04809,1260,1
Q32-GU,55296,5120,1536,steady,22,B_nccl_cublas,1,0.97286,0.97088,0.97286,0.06255,1260,1
Q32-GU,55296,5120,1536,steady,22,C_fluxag_cublas,3,0.97715,0.97581,0.97715,0.07847,1260,1
Q32-GU,55296,5120,1536,steady,22,D_fluxag_fluxgemm,2,1.06266,1.06022,1.06266,0.06338,1260,1
Q32-GU,55296,5120,1536,steady,23,A_fused,0,1.03859,1.03610,1.03827,0.04733,1260,1
Q32-GU,55296,5120,1536,steady,23,B_nccl_cublas,3,0.97325,0.97139,0.97325,0.06043,1260,1
Q32-GU,55296,5120,1536,steady,23,C_fluxag_cublas,2,0.97325,0.97101,0.97325,0.05903,1260,1
Q32-GU,55296,5120,1536,steady,23,D_fluxag_fluxgemm,1,1.05760,1.05562,1.05760,0.06113,1260,1
Q32-GU,55296,5120,1536,steady,24,A_fused,1,1.03379,1.03187,1.03379,0.04828,1260,1
Q32-GU,55296,5120,1536,steady,24,B_nccl_cublas,2,0.97274,0.97120,0.97274,0.06945,1260,1
Q32-GU,55296,5120,1536,steady,24,C_fluxag_cublas,0,0.98790,0.98426,0.98522,0.06088,1260,1
Q32-GU,55296,5120,1536,steady,24,D_fluxag_fluxgemm,3,1.05875,1.05760,1.05875,0.06305,1260,1
Q32-GU,55296,5120,1536,steady,25,A_fused,1,1.04070,1.03936,1.04070,0.04860,1260,1
Q32-GU,55296,5120,1536,steady,25,B_nccl_cublas,0,0.97798,0.97510,0.97632,0.06176,1260,1
Q32-GU,55296,5120,1536,steady,25,C_fluxag_cublas,2,0.98029,0.97811,0.97882,0.07091,1260,1
Q32-GU,55296,5120,1536,steady,25,D_fluxag_fluxgemm,3,1.06253,1.06163,1.06253,0.06189,1260,1
Q32-GU,55296,5120,1536,steady,26,A_fused,3,1.03654,1.03430,1.03654,0.04765,1260,1
Q32-GU,55296,5120,1536,steady,26,B_nccl_cublas,2,0.97638,0.97510,0.97638,0.06567,1260,1
Q32-GU,55296,5120,1536,steady,26,C_fluxag_cublas,1,0.98592,0.98387,0.98592,0.05953,1260,1
Q32-GU,55296,5120,1536,steady,26,D_fluxag_fluxgemm,0,1.06227,1.05946,1.06176,0.06421,1260,1
Q32-GU,55296,5120,1536,steady,27,A_fused,0,1.04064,1.03526,1.03821,0.04755,1245,1
Q32-GU,55296,5120,1536,steady,27,B_nccl_cublas,3,0.98342,0.98118,0.98342,0.05954,1245,1
Q32-GU,55296,5120,1536,steady,27,C_fluxag_cublas,2,0.98912,0.98675,0.98912,0.06070,1245,1
Q32-GU,55296,5120,1536,steady,27,D_fluxag_fluxgemm,1,1.07392,1.07117,1.07392,0.06210,1245,1
Q32-GU,55296,5120,1536,steady,28,A_fused,0,1.04947,1.04550,1.04736,0.04778,1245,1
Q32-GU,55296,5120,1536,steady,28,B_nccl_cublas,3,0.98477,0.98240,0.98477,0.05990,1245,1
Q32-GU,55296,5120,1536,steady,28,C_fluxag_cublas,2,0.99482,0.99110,0.99456,0.06017,1245,1
Q32-GU,55296,5120,1536,steady,28,D_fluxag_fluxgemm,1,1.07366,1.07078,1.07366,0.06267,1245,1
Q32-GU,55296,5120,1536,steady,29,A_fused,3,1.04333,1.04083,1.04147,0.04756,1260,1
Q32-GU,55296,5120,1536,steady,29,B_nccl_cublas,2,0.97722,0.97530,0.97722,0.06091,1260,1
Q32-GU,55296,5120,1536,steady,29,C_fluxag_cublas,0,0.99066,0.98758,0.98886,0.05994,1260,1
Q32-GU,55296,5120,1536,steady,29,D_fluxag_fluxgemm,1,1.06259,1.06118,1.06214,0.06294,1260,1
Q32-GU,55296,5120,2560,steady,0,A_fused,1,1.73786,1.73485,1.73786,0.04674,1230,1
Q32-GU,55296,5120,2560,steady,0,B_nccl_cublas,3,1.61146,1.60749,1.61050,0.05938,1230,1
Q32-GU,55296,5120,2560,steady,0,C_fluxag_cublas,2,1.62560,1.62234,1.62560,0.06005,1230,1
Q32-GU,55296,5120,2560,steady,0,D_fluxag_fluxgemm,0,1.77952,1.76288,1.77075,0.06443,1230,1
Q32-GU,55296,5120,2560,steady,1,A_fused,2,1.73325,1.72966,1.73325,0.04752,1230,1
Q32-GU,55296,5120,2560,steady,1,B_nccl_cublas,3,1.63072,1.62733,1.63072,0.06181,1230,1
Q32-GU,55296,5120,2560,steady,1,C_fluxag_cublas,0,1.59629,1.59187,1.59629,0.06960,1230,1
Q32-GU,55296,5120,2560,steady,1,D_fluxag_fluxgemm,1,1.71674,1.71526,1.71674,0.06208,1230,1
Q32-GU,55296,5120,2560,steady,2,A_fused,1,1.72000,1.71763,1.72000,0.04960,1230,1
Q32-GU,55296,5120,2560,steady,2,B_nccl_cublas,0,1.61331,1.61069,1.61293,0.06303,1230,1
Q32-GU,55296,5120,2560,steady,2,C_fluxag_cublas,2,1.60384,1.60102,1.60384,0.05932,1230,1
Q32-GU,55296,5120,2560,steady,2,D_fluxag_fluxgemm,3,1.74810,1.74374,1.74810,0.06234,1230,1
Q32-GU,55296,5120,2560,steady,3,A_fused,3,1.71098,1.70701,1.71098,0.04806,1230,1
Q32-GU,55296,5120,2560,steady,3,B_nccl_cublas,1,1.61286,1.60896,1.61286,0.06322,1230,1
Q32-GU,55296,5120,2560,steady,3,C_fluxag_cublas,2,1.59488,1.58989,1.59488,0.05923,1230,1
Q32-GU,55296,5120,2560,steady,3,D_fluxag_fluxgemm,0,1.74867,1.74323,1.74867,0.06375,1230,1
Q32-GU,55296,5120,2560,steady,4,A_fused,0,1.74426,1.74144,1.74426,0.04716,1215,1
Q32-GU,55296,5120,2560,steady,4,B_nccl_cublas,2,1.62829,1.62464,1.62829,0.06007,1215,1
Q32-GU,55296,5120,2560,steady,4,C_fluxag_cublas,1,1.64077,1.63642,1.64077,0.05979,1215,1
Q32-GU,55296,5120,2560,steady,4,D_fluxag_fluxgemm,3,1.74086,1.73779,1.74086,0.06272,1215,1
Q32-GU,55296,5120,2560,steady,5,A_fused,0,1.72806,1.72499,1.72806,0.04993,1200,1
Q32-GU,55296,5120,2560,steady,5,B_nccl_cublas,3,1.62886,1.62490,1.62886,0.06254,1200,1
Q32-GU,55296,5120,2560,steady,5,C_fluxag_cublas,2,1.64403,1.63987,1.64403,0.06162,1200,1
Q32-GU,55296,5120,2560,steady,5,D_fluxag_fluxgemm,1,1.79130,1.78624,1.79130,0.06188,1200,1
Q32-GU,55296,5120,2560,steady,6,A_fused,2,1.70189,1.69978,1.70189,0.04653,1245,1
Q32-GU,55296,5120,2560,steady,6,B_nccl_cublas,3,1.62688,1.62509,1.62624,0.06140,1245,1
Q32-GU,55296,5120,2560,steady,6,C_fluxag_cublas,1,1.57914,1.57677,1.57914,0.06110,1245,1
Q32-GU,55296,5120,2560,steady,6,D_fluxag_fluxgemm,0,1.73651,1.73178,1.73651,0.06654,1245,1
Q32-GU,55296,5120,2560,steady,7,A_fused,1,1.70778,1.70611,1.70752,0.04769,1230,1
Q32-GU,55296,5120,2560,steady,7,B_nccl_cublas,3,1.62573,1.62272,1.62573,0.06589,1230,1
Q32-GU,55296,5120,2560,steady,7,C_fluxag_cublas,0,1.61235,1.60288,1.60288,0.06387,1230,1
Q32-GU,55296,5120,2560,steady,7,D_fluxag_fluxgemm,2,1.75827,1.75610,1.75770,0.06142,1230,1
Q32-GU,55296,5120,2560,steady,8,A_fused,0,1.73933,1.73344,1.73933,0.05204,1230,1
Q32-GU,55296,5120,2560,steady,8,B_nccl_cublas,2,1.61261,1.60928,1.61261,0.07588,1230,1
Q32-GU,55296,5120,2560,steady,8,C_fluxag_cublas,1,1.61158,1.60992,1.61126,0.06132,1230,1
Q32-GU,55296,5120,2560,steady,8,D_fluxag_fluxgemm,3,1.73523,1.73133,1.73523,0.06247,1230,1
Q32-GU,55296,5120,2560,steady,9,A_fused,1,1.74029,1.73696,1.74029,0.04748,1200,1
Q32-GU,55296,5120,2560,steady,9,B_nccl_cublas,2,1.66048,1.65645,1.66048,0.06334,1200,1
Q32-GU,55296,5120,2560,steady,9,C_fluxag_cublas,3,1.63245,1.62893,1.63245,0.06028,1200,1
Q32-GU,55296,5120,2560,steady,9,D_fluxag_fluxgemm,0,1.73850,1.73363,1.73606,0.06502,1200,1
Q32-GU,55296,5120,2560,steady,10,A_fused,1,1.72090,1.71910,1.72090,0.04781,1230,1
Q32-GU,55296,5120,2560,steady,10,B_nccl_cublas,2,1.63142,1.62861,1.63040,0.06581,1230,1
Q32-GU,55296,5120,2560,steady,10,C_fluxag_cublas,3,1.62470,1.62272,1.62381,0.05984,1230,1
Q32-GU,55296,5120,2560,steady,10,D_fluxag_fluxgemm,0,1.73312,1.72621,1.72621,0.06588,1230,1
Q32-GU,55296,5120,2560,steady,11,A_fused,1,1.71994,1.71757,1.71994,0.04880,1230,1
Q32-GU,55296,5120,2560,steady,11,B_nccl_cublas,0,1.60998,1.60403,1.60698,0.06212,1230,1
Q32-GU,55296,5120,2560,steady,11,C_fluxag_cublas,2,1.61414,1.61120,1.61414,0.05923,1230,1
Q32-GU,55296,5120,2560,steady,11,D_fluxag_fluxgemm,3,1.75610,1.75130,1.75610,0.06340,1230,1
Q32-GU,55296,5120,2560,steady,12,A_fused,0,1.74752,1.74362,1.74752,0.04986,1230,1
Q32-GU,55296,5120,2560,steady,12,B_nccl_cublas,1,1.62234,1.61888,1.62234,0.07391,1230,1
Q32-GU,55296,5120,2560,steady,12,C_fluxag_cublas,2,1.60794,1.60352,1.60794,0.05971,1230,1
Q32-GU,55296,5120,2560,steady,12,D_fluxag_fluxgemm,3,1.72915,1.72525,1.72915,0.06345,1230,1
Q32-GU,55296,5120,2560,steady,13,A_fused,1,1.72870,1.72390,1.72870,0.04722,1230,1
Q32-GU,55296,5120,2560,steady,13,B_nccl_cublas,3,1.60301,1.60090,1.60301,0.06115,1230,1
Q32-GU,55296,5120,2560,steady,13,C_fluxag_cublas,2,1.62202,1.62054,1.62202,0.06046,1230,1
Q32-GU,55296,5120,2560,steady,13,D_fluxag_fluxgemm,0,1.73261,1.72314,1.73261,0.06485,1230,1
Q32-GU,55296,5120,2560,steady,14,A_fused,1,1.71290,1.70944,1.71277,0.05387,1230,1
Q32-GU,55296,5120,2560,steady,14,B_nccl_cublas,0,1.60090,1.59507,1.59507,0.06779,1230,1
Q32-GU,55296,5120,2560,steady,14,C_fluxag_cublas,2,1.61286,1.60909,1.61069,0.10184,1230,1
Q32-GU,55296,5120,2560,steady,14,D_fluxag_fluxgemm,3,1.73645,1.73229,1.73581,0.06322,1230,1
Q32-GU,55296,5120,2560,steady,15,A_fused,1,1.72083,1.71770,1.72083,0.04901,1230,1
Q32-GU,55296,5120,2560,steady,15,B_nccl_cublas,3,1.61504,1.61203,1.61504,0.06152,1230,1
Q32-GU,55296,5120,2560,steady,15,C_fluxag_cublas,0,1.60019,1.59776,1.60019,0.06463,1230,1
Q32-GU,55296,5120,2560,steady,15,D_fluxag_fluxgemm,2,1.75942,1.75706,1.75942,0.06160,1230,1
Q32-GU,55296,5120,2560,steady,16,A_fused,3,1.73005,1.72787,1.73005,0.04696,1245,1
Q32-GU,55296,5120,2560,steady,16,B_nccl_cublas,0,1.60090,1.59808,1.60038,0.06432,1245,1
Q32-GU,55296,5120,2560,steady,16,C_fluxag_cublas,1,1.57498,1.57344,1.57459,0.06246,1245,1
Q32-GU,55296,5120,2560,steady,16,D_fluxag_fluxgemm,2,1.71578,1.71238,1.71578,0.06289,1245,1
Q32-GU,55296,5120,2560,steady,17,A_fused,2,1.73242,1.72947,1.73242,0.04760,1230,1
Q32-GU,55296,5120,2560,steady,17,B_nccl_cublas,0,1.63238,1.62995,1.63238,0.06557,1230,1
Q32-GU,55296,5120,2560,steady,17,C_fluxag_cublas,1,1.61325,1.60979,1.61325,0.06081,1230,1
Q32-GU,55296,5120,2560,steady,17,D_fluxag_fluxgemm,3,1.77338,1.76883,1.77338,0.06265,1230,1
Q32-GU,55296,5120,2560,steady,18,A_fused,0,1.77702,1.77056,1.77702,0.05009,1215,1
Q32-GU,55296,5120,2560,steady,18,B_nccl_cublas,1,1.63469,1.63066,1.63469,0.06554,1215,1
Q32-GU,55296,5120,2560,steady,18,C_fluxag_cublas,2,1.61638,1.61344,1.61638,0.06079,1215,1
Q32-GU,55296,5120,2560,steady,18,D_fluxag_fluxgemm,3,1.73715,1.73261,1.73715,0.06207,1215,1
Q32-GU,55296,5120,2560,steady,19,A_fused,2,1.71514,1.71328,1.71514,0.04709,1230,1
Q32-GU,55296,5120,2560,steady,19,B_nccl_cublas,0,1.59328,1.58624,1.58874,0.06501,1230,1
Q32-GU,55296,5120,2560,steady,19,C_fluxag_cublas,1,1.57043,1.56934,1.57043,0.06117,1230,1
Q32-GU,55296,5120,2560,steady,19,D_fluxag_fluxgemm,3,1.75091,1.74906,1.75091,0.06150,1230,1
Q32-GU,55296,5120,2560,steady,20,A_fused,2,1.74029,1.73792,1.74029,0.04782,1230,1
Q32-GU,55296,5120,2560,steady,20,B_nccl_cublas,1,1.61024,1.60710,1.61024,0.06412,1230,1
Q32-GU,55296,5120,2560,steady,20,C_fluxag_cublas,3,1.64723,1.64179,1.64614,0.05945,1230,1
Q32-GU,55296,5120,2560,steady,20,D_fluxag_fluxgemm,0,1.75686,1.75098,1.75686,0.06357,1230,1
Q32-GU,55296,5120,2560,steady,21,A_fused,1,1.74010,1.73408,1.74010,0.04901,1230,1
Q32-GU,55296,5120,2560,steady,21,B_nccl_cublas,2,1.63693,1.63155,1.63693,0.06192,1230,1
Q32-GU,55296,5120,2560,steady,21,C_fluxag_cublas,0,1.63283,1.62720,1.63270,0.06248,1230,1
Q32-GU,55296,5120,2560,steady,21,D_fluxag_fluxgemm,3,1.75654,1.75181,1.75654,0.06262,1230,1
Q32-GU,55296,5120,2560,steady,22,A_fused,2,1.72550,1.72122,1.72538,0.04711,1230,1
Q32-GU,55296,5120,2560,steady,22,B_nccl_cublas,0,1.61952,1.61414,1.61888,0.06459,1230,1
Q32-GU,55296,5120,2560,steady,22,C_fluxag_cublas,3,1.60877,1.60685,1.60819,0.05882,1230,1
Q32-GU,55296,5120,2560,steady,22,D_fluxag_fluxgemm,1,1.72922,1.72595,1.72922,0.06532,1230,1
Q32-GU,55296,5120,2560,steady,23,A_fused,1,1.73805,1.73306,1.73805,0.04807,1215,1
Q32-GU,55296,5120,2560,steady,23,B_nccl_cublas,2,1.64422,1.63878,1.64422,0.07932,1215,1
Q32-GU,55296,5120,2560,steady,23,C_fluxag_cublas,0,1.60269,1.59981,1.60237,0.06183,1215,1
Q32-GU,55296,5120,2560,steady,23,D_fluxag_fluxgemm,3,1.75744,1.75219,1.75744,0.06284,1215,1
Q32-GU,55296,5120,2560,steady,24,A_fused,2,1.71802,1.71398,1.71802,0.04734,1230,1
Q32-GU,55296,5120,2560,steady,24,B_nccl_cublas,3,1.62720,1.62362,1.62720,0.06138,1230,1
Q32-GU,55296,5120,2560,steady,24,C_fluxag_cublas,1,1.59322,1.59034,1.59322,0.06098,1230,1
Q32-GU,55296,5120,2560,steady,24,D_fluxag_fluxgemm,0,1.73997,1.73658,1.73997,0.06367,1230,1
Q32-GU,55296,5120,2560,steady,25,A_fused,0,1.72986,1.72595,1.72986,0.04957,1230,1
Q32-GU,55296,5120,2560,steady,25,B_nccl_cublas,3,1.60410,1.60147,1.60410,0.07536,1230,1
Q32-GU,55296,5120,2560,steady,25,C_fluxag_cublas,2,1.62048,1.61926,1.62048,0.06460,1230,1
Q32-GU,55296,5120,2560,steady,25,D_fluxag_fluxgemm,1,1.76211,1.75910,1.76032,0.06244,1230,1
Q32-GU,55296,5120,2560,steady,26,A_fused,3,1.71347,1.70950,1.71347,0.04777,1245,1
Q32-GU,55296,5120,2560,steady,26,B_nccl_cublas,2,1.59648,1.59226,1.59648,0.08777,1245,1
Q32-GU,55296,5120,2560,steady,26,C_fluxag_cublas,0,1.59245,1.58822,1.59245,0.06304,1245,1
Q32-GU,55296,5120,2560,steady,26,D_fluxag_fluxgemm,1,1.72986,1.72531,1.72986,0.06315,1245,1
Q32-GU,55296,5120,2560,steady,27,A_fused,1,1.73875,1.73638,1.73875,0.04994,1215,1
Q32-GU,55296,5120,2560,steady,27,B_nccl_cublas,0,1.61638,1.61158,1.61453,0.06479,1215,1
Q32-GU,55296,5120,2560,steady,27,C_fluxag_cublas,2,1.62362,1.62176,1.62362,0.06079,1215,1
Q32-GU,55296,5120,2560,steady,27,D_fluxag_fluxgemm,3,1.75603,1.75334,1.75603,0.06164,1215,1
Q32-GU,55296,5120,2560,steady,28,A_fused,2,1.72198,1.71878,1.72198,0.04743,1230,1
Q32-GU,55296,5120,2560,steady,28,B_nccl_cublas,0,1.62957,1.62464,1.62957,0.06848,1230,1
Q32-GU,55296,5120,2560,steady,28,C_fluxag_cublas,3,1.62541,1.62182,1.62541,0.05928,1230,1
Q32-GU,55296,5120,2560,steady,28,D_fluxag_fluxgemm,1,1.72442,1.72128,1.72442,0.06578,1230,1
Q32-GU,55296,5120,2560,steady,29,A_fused,2,1.71533,1.71149,1.71533,0.04922,1215,1
Q32-GU,55296,5120,2560,steady,29,B_nccl_cublas,1,1.60992,1.60589,1.60992,0.06087,1215,1
Q32-GU,55296,5120,2560,steady,29,C_fluxag_cublas,0,1.61805,1.61472,1.61805,0.06263,1215,1
Q32-GU,55296,5120,2560,steady,29,D_fluxag_fluxgemm,3,1.76333,1.76006,1.76333,0.06347,1215,1
Q32-GU,55296,5120,6144,steady,0,A_fused,3,3.88672,3.87757,3.88672,0.04615,1215,1
Q32-GU,55296,5120,6144,steady,0,B_nccl_cublas,0,3.76557,3.73350,3.76557,0.06886,1215,1
Q32-GU,55296,5120,6144,steady,0,C_fluxag_cublas,1,3.66515,3.65715,3.66515,0.06448,1215,1
Q32-GU,55296,5120,6144,steady,0,D_fluxag_fluxgemm,2,4.02093,4.01453,4.02093,0.06339,1215,1
Q32-GU,55296,5120,6144,steady,1,A_fused,2,3.81370,3.80576,3.81370,0.04748,1200,1
Q32-GU,55296,5120,6144,steady,1,B_nccl_cublas,1,3.71936,3.71450,3.71936,0.06629,1200,1
Q32-GU,55296,5120,6144,steady,1,C_fluxag_cublas,0,3.78970,3.78554,3.78554,0.06845,1200,1
Q32-GU,55296,5120,6144,steady,1,D_fluxag_fluxgemm,3,4.12326,4.11558,4.12326,0.06378,1200,1
Q32-GU,55296,5120,6144,steady,2,A_fused,2,3.85440,3.84947,3.85440,0.04712,1200,1
Q32-GU,55296,5120,6144,steady,2,B_nccl_cublas,0,3.76058,3.75219,3.75744,0.06903,1200,1
Q32-GU,55296,5120,6144,steady,2,C_fluxag_cublas,3,3.84653,3.83667,3.84653,0.06015,1200,1
Q32-GU,55296,5120,6144,steady,2,D_fluxag_fluxgemm,1,4.03629,4.02918,4.03629,0.06481,1200,1
Q32-GU,55296,5120,6144,steady,3,A_fused,2,3.92544,3.91578,3.92544,0.04722,1185,1
Q32-GU,55296,5120,6144,steady,3,B_nccl_cublas,3,3.84000,3.83136,3.84000,0.06521,1185,1
Q32-GU,55296,5120,6144,steady,3,C_fluxag_cublas,0,3.76230,3.75718,3.75718,0.06963,1185,1
Q32-GU,55296,5120,6144,steady,3,D_fluxag_fluxgemm,1,4.03392,4.02893,4.03392,0.06539,1185,1
Q32-GU,55296,5120,6144,steady,4,A_fused,2,3.83603,3.82778,3.83603,0.04812,1185,1
Q32-GU,55296,5120,6144,steady,4,B_nccl_cublas,1,3.66854,3.66381,3.66854,0.06446,1185,1
Q32-GU,55296,5120,6144,steady,4,C_fluxag_cublas,0,3.65728,3.65523,3.65523,0.06641,1185,1
Q32-GU,55296,5120,6144,steady,4,D_fluxag_fluxgemm,3,4.20954,4.19763,4.20954,0.06263,1185,1
Q32-GU,55296,5120,6144,steady,5,A_fused,0,3.90470,3.89856,3.90266,0.04979,1200,1
Q32-GU,55296,5120,6144,steady,5,B_nccl_cublas,3,3.73485,3.72704,3.73485,0.06322,1200,1
Q32-GU,55296,5120,6144,steady,5,C_fluxag_cublas,2,3.75341,3.74752,3.75296,0.06279,1200,1
Q32-GU,55296,5120,6144,steady,5,D_fluxag_fluxgemm,1,4.13920,4.13011,4.13920,0.06237,1200,1
Q32-GU,55296,5120,6144,steady,6,A_fused,2,3.88742,3.88269,3.88742,0.04785,1185,1
Q32-GU,55296,5120,6144,steady,6,B_nccl_cublas,0,3.70669,3.70182,3.70669,0.06673,1185,1
Q32-GU,55296,5120,6144,steady,6,C_fluxag_cublas,3,3.82189,3.81562,3.82189,0.06029,1185,1
Q32-GU,55296,5120,6144,steady,6,D_fluxag_fluxgemm,1,4.02720,4.01242,4.02720,0.06580,1185,1
Q32-GU,55296,5120,6144,steady,7,A_fused,0,3.86624,3.86323,3.86490,0.05449,1200,1
Q32-GU,55296,5120,6144,steady,7,B_nccl_cublas,3,3.73581,3.73114,3.73581,0.06295,1200,1
Q32-GU,55296,5120,6144,steady,7,C_fluxag_cublas,1,3.82336,3.81261,3.82336,0.06424,1200,1
Q32-GU,55296,5120,6144,steady,7,D_fluxag_fluxgemm,2,4.07072,4.06528,4.07072,0.06410,1200,1
Q32-GU,55296,5120,6144,steady,8,A_fused,0,3.83034,3.82630,3.83034,0.05155,1200,1
Q32-GU,55296,5120,6144,steady,8,B_nccl_cublas,2,3.74182,3.73414,3.74182,0.08747,1200,1
Q32-GU,55296,5120,6144,steady,8,C_fluxag_cublas,3,3.68403,3.67731,3.68403,0.06042,1200,1
Q32-GU,55296,5120,6144,steady,8,D_fluxag_fluxgemm,1,4.14624,4.14298,4.14624,0.06369,1200,1
Q32-GU,55296,5120,6144,steady,9,A_fused,1,3.82381,3.81747,3.82330,0.04966,1200,1
Q32-GU,55296,5120,6144,steady,9,B_nccl_cublas,0,3.69856,3.69722,3.69856,0.06555,1200,1
Q32-GU,55296,5120,6144,steady,9,C_fluxag_cublas,2,3.81952,3.81453,3.81952,0.06190,1200,1
Q32-GU,55296,5120,6144,steady,9,D_fluxag_fluxgemm,3,4.06733,4.06195,4.06733,0.06488,1200,1
Q32-GU,55296,5120,6144,steady,10,A_fused,2,3.86080,3.84909,3.86080,0.04774,1185,1
Q32-GU,55296,5120,6144,steady,10,B_nccl_cublas,1,3.71309,3.70490,3.71309,0.07885,1185,1
Q32-GU,55296,5120,6144,steady,10,C_fluxag_cublas,0,3.73293,3.73101,3.73139,0.06565,1185,1
Q32-GU,55296,5120,6144,steady,10,D_fluxag_fluxgemm,3,4.17523,4.16659,4.17523,0.06269,1185,1
Q32-GU,55296,5120,6144,steady,11,A_fused,3,3.81517,3.80966,3.81517,0.04677,1230,1
Q32-GU,55296,5120,6144,steady,11,B_nccl_cublas,1,3.76358,3.75667,3.76358,0.06869,1230,1
Q32-GU,55296,5120,6144,steady,11,C_fluxag_cublas,2,3.66246,3.65805,3.66189,0.05987,1230,1
Q32-GU,55296,5120,6144,steady,11,D_fluxag_fluxgemm,0,4.07603,4.06029,4.07328,0.06544,1230,1
Q32-GU,55296,5120,6144,steady,12,A_fused,0,3.94931,3.94432,3.94854,0.05224,1185,1
Q32-GU,55296,5120,6144,steady,12,B_nccl_cublas,3,3.73267,3.72294,3.73267,0.06266,1185,1
Q32-GU,55296,5120,6144,steady,12,C_fluxag_cublas,2,3.77677,3.76902,3.77677,0.07196,1185,1
Q32-GU,55296,5120,6144,steady,12,D_fluxag_fluxgemm,1,4.18618,4.17510,4.18618,0.06409,1185,1
Q32-GU,55296,5120,6144,steady,13,A_fused,2,3.87731,3.87174,3.87731,0.04694,1185,1
Q32-GU,55296,5120,6144,steady,13,B_nccl_cublas,3,3.84979,3.83885,3.84979,0.07824,1185,1
Q32-GU,55296,5120,6144,steady,13,C_fluxag_cublas,0,3.68576,3.68237,3.68576,0.06574,1185,1
Q32-GU,55296,5120,6144,steady,13,D_fluxag_fluxgemm,1,4.01491,4.01261,4.01453,0.06477,1185,1
Q32-GU,55296,5120,6144,steady,14,A_fused,1,3.82579,3.81677,3.82579,0.05012,1215,1
Q32-GU,55296,5120,6144,steady,14,B_nccl_cublas,0,3.71930,3.71699,3.71930,0.06451,1215,1
Q32-GU,55296,5120,6144,steady,14,C_fluxag_cublas,2,3.81760,3.81152,3.81760,0.08218,1215,1
Q32-GU,55296,5120,6144,steady,14,D_fluxag_fluxgemm,3,4.07040,4.06515,4.07040,0.06261,1215,1
Q32-GU,55296,5120,6144,steady,15,A_fused,1,3.82662,3.82176,3.82662,0.04946,1185,1
Q32-GU,55296,5120,6144,steady,15,B_nccl_cublas,0,3.78611,3.77926,3.78611,0.06677,1185,1
Q32-GU,55296,5120,6144,steady,15,C_fluxag_cublas,3,3.74278,3.73664,3.74189,0.06018,1185,1
Q32-GU,55296,5120,6144,steady,15,D_fluxag_fluxgemm,2,4.15091,4.14323,4.15091,0.06340,1185,1
Q32-GU,55296,5120,6144,steady,16,A_fused,1,3.86189,3.85120,3.86189,0.04796,1185,1
Q32-GU,55296,5120,6144,steady,16,B_nccl_cublas,2,3.84198,3.83341,3.84198,0.06288,1185,1
Q32-GU,55296,5120,6144,steady,16,C_fluxag_cublas,0,3.69459,3.69146,3.69408,0.06793,1185,1
Q32-GU,55296,5120,6144,steady,16,D_fluxag_fluxgemm,3,4.05971,4.05235,4.05971,0.06352,1185,1
Q32-GU,55296,5120,6144,steady,17,A_fused,3,3.88378,3.87597,3.88378,0.04732,1215,1
Q32-GU,55296,5120,6144,steady,17,B_nccl_cublas,0,3.74368,3.74214,3.74368,0.06728,1215,1
Q32-GU,55296,5120,6144,steady,17,C_fluxag_cublas,1,3.68550,3.68026,3.68550,0.06392,1215,1
Q32-GU,55296,5120,6144,steady,17,D_fluxag_fluxgemm,2,4.04890,4.03917,4.04890,0.06397,1215,1
Q32-GU,55296,5120,6144,steady,18,A_fused,2,3.84755,3.83834,3.84755,0.04824,1170,1
Q32-GU,55296,5120,6144,steady,18,B_nccl_cublas,1,3.71859,3.71059,3.71859,0.06228,1170,1
Q32-GU,55296,5120,6144,steady,18,C_fluxag_cublas,0,3.79731,3.79270,3.79270,0.06734,1170,1
Q32-GU,55296,5120,6144,steady,18,D_fluxag_fluxgemm,3,4.22310,4.21146,4.22310,0.06380,1170,1
Q32-GU,55296,5120,6144,steady,19,A_fused,3,3.88435,3.87642,3.88435,0.04681,1200,1
Q32-GU,55296,5120,6144,steady,19,B_nccl_cublas,0,3.77274,3.76877,3.77210,0.06964,1200,1
Q32-GU,55296,5120,6144,steady,19,C_fluxag_cublas,1,3.66080,3.65613,3.65978,0.06487,1200,1
Q32-GU,55296,5120,6144,steady,19,D_fluxag_fluxgemm,2,4.02278,4.01478,4.02272,0.06365,1200,1
Q32-GU,55296,5120,6144,steady,20,A_fused,0,3.94944,3.94477,3.94944,0.05143,1185,1
Q32-GU,55296,5120,6144,steady,20,B_nccl_cublas,1,3.83014,3.82413,3.83014,0.06644,1185,1
Q32-GU,55296,5120,6144,steady,20,C_fluxag_cublas,3,3.77606,3.76909,3.77606,0.06077,1185,1
Q32-GU,55296,5120,6144,steady,20,D_fluxag_fluxgemm,2,4.04928,4.03686,4.04928,0.06486,1185,1
Q32-GU,55296,5120,6144,steady,21,A_fused,3,3.89920,3.89318,3.89882,0.04594,1185,1
Q32-GU,55296,5120,6144,steady,21,B_nccl_cublas,0,3.72787,3.72166,3.72787,0.06666,1185,1
Q32-GU,55296,5120,6144,steady,21,C_fluxag_cublas,1,3.67059,3.66298,3.67059,0.06223,1185,1
Q32-GU,55296,5120,6144,steady,21,D_fluxag_fluxgemm,2,4.02662,4.02349,4.02592,0.06407,1185,1
Q32-GU,55296,5120,6144,steady,22,A_fused,2,3.89747,3.88666,3.89747,0.04884,1170,1
Q32-GU,55296,5120,6144,steady,22,B_nccl_cublas,3,3.87942,3.87034,3.87942,0.06350,1170,1
Q32-GU,55296,5120,6144,steady,22,C_fluxag_cublas,1,3.75661,3.74938,3.75661,0.06386,1170,1
Q32-GU,55296,5120,6144,steady,22,D_fluxag_fluxgemm,0,4.16787,4.15936,4.16787,0.06724,1170,1
Q32-GU,55296,5120,6144,steady,23,A_fused,0,3.84442,3.83667,3.84262,0.05021,1200,1
Q32-GU,55296,5120,6144,steady,23,B_nccl_cublas,3,3.75398,3.74656,3.75398,0.07124,1200,1
Q32-GU,55296,5120,6144,steady,23,C_fluxag_cublas,1,3.78138,3.77606,3.78138,0.06335,1200,1
Q32-GU,55296,5120,6144,steady,23,D_fluxag_fluxgemm,2,4.05786,4.04787,4.05786,0.06283,1200,1
Q32-GU,55296,5120,6144,steady,24,A_fused,2,3.84019,3.83245,3.84019,0.04727,1200,1
Q32-GU,55296,5120,6144,steady,24,B_nccl_cublas,1,3.74662,3.73933,3.74662,0.06627,1200,1
Q32-GU,55296,5120,6144,steady,24,C_fluxag_cublas,3,3.80166,3.79642,3.80166,0.05977,1200,1
Q32-GU,55296,5120,6144,steady,24,D_fluxag_fluxgemm,0,4.03693,4.02886,4.02886,0.06814,1200,1
Q32-GU,55296,5120,6144,steady,25,A_fused,2,3.86016,3.85414,3.86016,0.04718,1215,1
Q32-GU,55296,5120,6144,steady,25,B_nccl_cublas,3,3.80806,3.79859,3.80806,0.07168,1215,1
Q32-GU,55296,5120,6144,steady,25,C_fluxag_cublas,1,3.75482,3.74560,3.75341,0.06565,1215,1
Q32-GU,55296,5120,6144,steady,25,D_fluxag_fluxgemm,0,4.06464,4.05645,4.06323,0.06811,1215,1
Q32-GU,55296,5120,6144,steady,26,A_fused,2,3.89248,3.88090,3.89248,0.04752,1200,1
Q32-GU,55296,5120,6144,steady,26,B_nccl_cublas,0,3.74880,3.74374,3.74880,0.06595,1200,1
Q32-GU,55296,5120,6144,steady,26,C_fluxag_cublas,3,3.80819,3.80410,3.80819,0.06058,1200,1
Q32-GU,55296,5120,6144,steady,26,D_fluxag_fluxgemm,1,4.06086,4.05542,4.06086,0.06825,1200,1
Q32-GU,55296,5120,6144,steady,27,A_fused,0,3.85446,3.85216,3.85446,0.05235,1185,1
Q32-GU,55296,5120,6144,steady,27,B_nccl_cublas,2,3.72550,3.71821,3.72550,0.08464,1185,1
Q32-GU,55296,5120,6144,steady,27,C_fluxag_cublas,1,3.80723,3.80218,3.80704,0.06415,1185,1
Q32-GU,55296,5120,6144,steady,27,D_fluxag_fluxgemm,3,4.03034,4.02035,4.02528,0.06312,1185,1
Q32-GU,55296,5120,6144,steady,28,A_fused,2,3.84922,3.84032,3.84922,0.04803,1185,1
Q32-GU,55296,5120,6144,steady,28,B_nccl_cublas,0,3.75162,3.74278,3.75162,0.06606,1185,1
Q32-GU,55296,5120,6144,steady,28,C_fluxag_cublas,1,3.68698,3.67949,3.68698,0.06268,1185,1
Q32-GU,55296,5120,6144,steady,28,D_fluxag_fluxgemm,3,4.17933,4.17248,4.17933,0.06294,1185,1
Q32-GU,55296,5120,6144,steady,29,A_fused,0,3.91437,3.90470,3.91437,0.05101,1185,1
Q32-GU,55296,5120,6144,steady,29,B_nccl_cublas,1,3.82669,3.81677,3.82669,0.06660,1185,1
Q32-GU,55296,5120,6144,steady,29,C_fluxag_cublas,3,3.74822,3.73818,3.74822,0.05969,1185,1
Q32-GU,55296,5120,6144,steady,29,D_fluxag_fluxgemm,2,4.03699,4.02854,4.03238,0.06406,1185,1
