M,H,mode,round,item,rank_max_ms,kept
8,6144,gpu,0,vllm_ar,0.02765,1
8,6144,gpu,0,rmsnorm,0.01229,1
8,6144,gpu,0,add,0.05530,1
8,6144,gpu,1,vllm_ar,0.02253,1
8,6144,gpu,1,rmsnorm,0.01331,1
8,6144,gpu,1,add,0.00819,1
8,6144,gpu,2,vllm_ar,0.02662,1
8,6144,gpu,2,rmsnorm,0.01331,1
8,6144,gpu,2,add,0.00819,1
8,6144,gpu,3,vllm_ar,0.02662,1
8,6144,gpu,3,rmsnorm,0.01331,1
8,6144,gpu,3,add,0.00717,1
8,6144,gpu,4,vllm_ar,0.02560,1
8,6144,gpu,4,rmsnorm,0.01331,1
8,6144,gpu,4,add,0.00819,1
8,6144,gpu,5,vllm_ar,0.02662,1
8,6144,gpu,5,rmsnorm,0.01331,1
8,6144,gpu,5,add,0.00819,1
8,6144,gpu,6,vllm_ar,0.02662,1
8,6144,gpu,6,rmsnorm,0.01331,1
8,6144,gpu,6,add,0.00819,1
8,6144,gpu,7,vllm_ar,0.02253,1
8,6144,gpu,7,rmsnorm,0.01331,1
8,6144,gpu,7,add,0.00819,1
8,6144,gpu,8,vllm_ar,0.02765,1
8,6144,gpu,8,rmsnorm,0.01331,1
8,6144,gpu,8,add,0.00819,1
8,6144,gpu,9,vllm_ar,0.03072,1
8,6144,gpu,9,rmsnorm,0.01331,1
8,6144,gpu,9,add,0.00819,1
8,6144,gpu,10,vllm_ar,0.02867,1
8,6144,gpu,10,rmsnorm,0.01331,1
8,6144,gpu,10,add,0.00819,1
8,6144,gpu,11,vllm_ar,0.02560,1
8,6144,gpu,11,rmsnorm,0.01331,1
8,6144,gpu,11,add,0.00819,1
8,6144,gpu,12,vllm_ar,0.02662,1
8,6144,gpu,12,rmsnorm,0.01331,1
8,6144,gpu,12,add,0.00819,1
8,6144,gpu,13,vllm_ar,0.02355,1
8,6144,gpu,13,rmsnorm,0.01229,1
8,6144,gpu,13,add,0.00717,1
8,6144,gpu,14,vllm_ar,0.02662,1
8,6144,gpu,14,rmsnorm,0.01331,1
8,6144,gpu,14,add,0.00819,1
8,6144,gpu,15,vllm_ar,0.02355,1
8,6144,gpu,15,rmsnorm,0.01331,1
8,6144,gpu,15,add,0.00819,1
8,6144,gpu,16,vllm_ar,0.02560,1
8,6144,gpu,16,rmsnorm,0.01331,1
8,6144,gpu,16,add,0.00819,1
8,6144,gpu,17,vllm_ar,0.02662,1
8,6144,gpu,17,rmsnorm,0.01331,1
8,6144,gpu,17,add,0.00819,1
8,6144,gpu,18,vllm_ar,0.02560,1
8,6144,gpu,18,rmsnorm,0.01331,1
8,6144,gpu,18,add,0.00819,1
8,6144,gpu,19,vllm_ar,0.02662,1
8,6144,gpu,19,rmsnorm,0.01331,1
8,6144,gpu,19,add,0.00819,1
8,6144,gpu,20,vllm_ar,0.02662,1
8,6144,gpu,20,rmsnorm,0.01331,1
8,6144,gpu,20,add,0.00717,1
8,6144,gpu,21,vllm_ar,0.02560,1
8,6144,gpu,21,rmsnorm,0.01229,1
8,6144,gpu,21,add,0.00922,1
8,6144,gpu,22,vllm_ar,0.02253,1
8,6144,gpu,22,rmsnorm,0.01331,1
8,6144,gpu,22,add,0.00819,1
8,6144,gpu,23,vllm_ar,0.02253,1
8,6144,gpu,23,rmsnorm,0.01331,1
8,6144,gpu,23,add,0.00819,1
8,6144,gpu,24,vllm_ar,0.03072,1
8,6144,gpu,24,rmsnorm,0.01331,1
8,6144,gpu,24,add,0.00717,1
8,6144,gpu,25,vllm_ar,0.02662,1
8,6144,gpu,25,rmsnorm,0.01331,1
8,6144,gpu,25,add,0.00819,1
8,6144,gpu,26,vllm_ar,0.02560,1
8,6144,gpu,26,rmsnorm,0.01229,1
8,6144,gpu,26,add,0.00717,1
8,6144,gpu,27,vllm_ar,0.02560,1
8,6144,gpu,27,rmsnorm,0.01331,1
8,6144,gpu,27,add,0.00717,1
8,6144,gpu,28,vllm_ar,0.02560,1
8,6144,gpu,28,rmsnorm,0.01331,1
8,6144,gpu,28,add,0.00819,1
8,6144,gpu,29,vllm_ar,0.02560,1
8,6144,gpu,29,rmsnorm,0.01331,1
8,6144,gpu,29,add,0.00819,1
8,6144,gpu,30,vllm_ar,0.02662,1
8,6144,gpu,30,rmsnorm,0.01229,1
8,6144,gpu,30,add,0.00819,1
8,6144,gpu,31,vllm_ar,0.02662,1
8,6144,gpu,31,rmsnorm,0.01434,1
8,6144,gpu,31,add,0.00819,1
8,6144,gpu,32,vllm_ar,0.02560,1
8,6144,gpu,32,rmsnorm,0.01229,1
8,6144,gpu,32,add,0.00819,1
8,6144,gpu,33,vllm_ar,0.02662,1
8,6144,gpu,33,rmsnorm,0.01331,1
8,6144,gpu,33,add,0.00819,1
8,6144,gpu,34,vllm_ar,0.02253,1
8,6144,gpu,34,rmsnorm,0.01331,1
8,6144,gpu,34,add,0.00819,1
8,6144,gpu,35,vllm_ar,0.02662,1
8,6144,gpu,35,rmsnorm,0.01331,1
8,6144,gpu,35,add,0.00819,1
8,6144,gpu,36,vllm_ar,0.02560,1
8,6144,gpu,36,rmsnorm,0.01331,1
8,6144,gpu,36,add,0.00717,1
8,6144,gpu,37,vllm_ar,0.02560,1
8,6144,gpu,37,rmsnorm,0.01331,1
8,6144,gpu,37,add,0.00819,1
8,6144,gpu,38,vllm_ar,0.02662,1
8,6144,gpu,38,rmsnorm,0.01331,1
8,6144,gpu,38,add,0.00922,1
8,6144,gpu,39,vllm_ar,0.02867,1
8,6144,gpu,39,rmsnorm,0.08499,1
8,6144,gpu,39,add,0.00819,1
8,6144,gpu,40,vllm_ar,0.03174,1
8,6144,gpu,40,rmsnorm,0.01331,1
8,6144,gpu,40,add,0.00819,1
8,6144,gpu,41,vllm_ar,0.02662,1
8,6144,gpu,41,rmsnorm,0.01331,1
8,6144,gpu,41,add,0.00819,1
8,6144,gpu,42,vllm_ar,0.02560,1
8,6144,gpu,42,rmsnorm,0.01331,1
8,6144,gpu,42,add,0.00922,1
8,6144,gpu,43,vllm_ar,0.02560,0
8,6144,gpu,43,rmsnorm,0.01331,0
8,6144,gpu,43,add,0.00819,0
8,6144,gpu,44,vllm_ar,0.02560,0
8,6144,gpu,44,rmsnorm,0.01434,0
8,6144,gpu,44,add,0.00819,0
8,6144,gpu,45,vllm_ar,0.02253,0
8,6144,gpu,45,rmsnorm,0.01331,0
8,6144,gpu,45,add,0.00819,0
8,6144,gpu,46,vllm_ar,0.02560,0
8,6144,gpu,46,rmsnorm,0.01331,0
8,6144,gpu,46,add,0.00819,0
8,6144,gpu,47,vllm_ar,0.02662,0
8,6144,gpu,47,rmsnorm,0.01331,0
8,6144,gpu,47,add,0.00819,0
8,6144,gpu,48,vllm_ar,0.03072,0
8,6144,gpu,48,rmsnorm,0.09318,0
8,6144,gpu,48,add,0.00819,0
8,6144,gpu,49,vllm_ar,0.02662,0
8,6144,gpu,49,rmsnorm,0.01434,0
8,6144,gpu,49,add,0.00819,0
8,6144,gpu,50,vllm_ar,0.02765,0
8,6144,gpu,50,rmsnorm,0.08602,0
8,6144,gpu,50,add,0.00819,0
8,6144,gpu,51,vllm_ar,0.02662,0
8,6144,gpu,51,rmsnorm,0.01331,0
8,6144,gpu,51,add,0.00819,0
8,6144,gpu,52,vllm_ar,0.02560,0
8,6144,gpu,52,rmsnorm,0.01331,0
8,6144,gpu,52,add,0.00717,0
8,6144,gpu,53,vllm_ar,0.02662,0
8,6144,gpu,53,rmsnorm,0.01229,0
8,6144,gpu,53,add,0.00819,0
8,6144,gpu,54,vllm_ar,0.02560,0
8,6144,gpu,54,rmsnorm,0.01331,0
8,6144,gpu,54,add,0.00717,0
8,6144,gpu,55,vllm_ar,0.03174,0
8,6144,gpu,55,rmsnorm,0.01229,0
8,6144,gpu,55,add,0.00819,0
8,6144,gpu,56,vllm_ar,0.02662,0
8,6144,gpu,56,rmsnorm,0.01331,0
8,6144,gpu,56,add,0.00819,0
8,6144,gpu,57,vllm_ar,0.02253,0
8,6144,gpu,57,rmsnorm,0.01331,0
8,6144,gpu,57,add,0.00717,0
8,6144,gpu,58,vllm_ar,0.02560,0
8,6144,gpu,58,rmsnorm,0.01126,0
8,6144,gpu,58,add,0.00717,0
8,6144,gpu,59,vllm_ar,0.02662,0
8,6144,gpu,59,rmsnorm,0.01126,0
8,6144,gpu,59,add,0.00819,0
8,6144,gpu,60,vllm_ar,0.02560,0
8,6144,gpu,60,rmsnorm,0.08909,0
8,6144,gpu,60,add,0.00717,0
8,6144,gpu,61,vllm_ar,0.02355,0
8,6144,gpu,61,rmsnorm,0.01126,0
8,6144,gpu,61,add,0.00717,0
8,6144,gpu,62,vllm_ar,0.02048,0
8,6144,gpu,62,rmsnorm,0.01126,0
8,6144,gpu,62,add,0.00717,0
8,6144,gpu,63,vllm_ar,0.02458,0
8,6144,gpu,63,rmsnorm,0.01126,0
8,6144,gpu,63,add,0.00717,0
8,6144,gpu,64,vllm_ar,0.02458,0
8,6144,gpu,64,rmsnorm,0.01126,0
8,6144,gpu,64,add,0.00717,0
8,6144,gpu,65,vllm_ar,0.02458,0
8,6144,gpu,65,rmsnorm,0.01126,0
8,6144,gpu,65,add,0.00717,0
8,6144,gpu,66,vllm_ar,0.02048,0
8,6144,gpu,66,rmsnorm,0.01229,0
8,6144,gpu,66,add,0.00717,0
8,6144,gpu,67,vllm_ar,0.02662,0
8,6144,gpu,67,rmsnorm,0.01126,0
8,6144,gpu,67,add,0.00717,0
8,6144,gpu,68,vllm_ar,0.02253,0
8,6144,gpu,68,rmsnorm,0.01126,0
8,6144,gpu,68,add,0.00717,0
8,6144,gpu,69,vllm_ar,0.02458,0
8,6144,gpu,69,rmsnorm,0.01126,0
8,6144,gpu,69,add,0.00717,0
8,6144,gpu,70,vllm_ar,0.02662,0
8,6144,gpu,70,rmsnorm,0.01126,0
8,6144,gpu,70,add,0.00717,0
8,6144,gpu,71,vllm_ar,0.02355,0
8,6144,gpu,71,rmsnorm,0.01126,0
8,6144,gpu,71,add,0.00717,0
8,6144,gpu,72,vllm_ar,0.02355,0
8,6144,gpu,72,rmsnorm,0.01126,0
8,6144,gpu,72,add,0.00819,0
8,6144,gpu,73,vllm_ar,0.02458,0
8,6144,gpu,73,rmsnorm,0.01126,0
8,6144,gpu,73,add,0.00717,0
8,6144,gpu,74,vllm_ar,0.02458,0
8,6144,gpu,74,rmsnorm,0.01126,0
8,6144,gpu,74,add,0.00717,0
8,6144,gpu,75,vllm_ar,0.02355,0
8,6144,gpu,75,rmsnorm,0.01126,0
8,6144,gpu,75,add,0.00717,0
8,6144,gpu,76,vllm_ar,0.02458,0
8,6144,gpu,76,rmsnorm,0.01126,0
8,6144,gpu,76,add,0.00717,0
8,6144,gpu,77,vllm_ar,0.02048,0
8,6144,gpu,77,rmsnorm,0.01126,0
8,6144,gpu,77,add,0.00717,0
8,6144,gpu,78,vllm_ar,0.02048,0
8,6144,gpu,78,rmsnorm,0.01126,0
8,6144,gpu,78,add,0.00819,0
8,6144,gpu,79,vllm_ar,0.02867,0
8,6144,gpu,79,rmsnorm,0.01126,0
8,6144,gpu,79,add,0.00819,0
8,6144,gpu,80,vllm_ar,0.02355,0
8,6144,gpu,80,rmsnorm,0.01126,0
8,6144,gpu,80,add,0.00717,0
8,6144,gpu,81,vllm_ar,0.02765,0
8,6144,gpu,81,rmsnorm,0.01126,0
8,6144,gpu,81,add,0.00717,0
8,6144,gpu,82,vllm_ar,0.02150,0
8,6144,gpu,82,rmsnorm,0.01126,0
8,6144,gpu,82,add,0.00717,0
8,6144,gpu,83,vllm_ar,0.02867,0
8,6144,gpu,83,rmsnorm,0.01126,0
8,6144,gpu,83,add,0.00717,0
8,6144,gpu,84,vllm_ar,0.02458,0
8,6144,gpu,84,rmsnorm,0.01126,0
8,6144,gpu,84,add,0.00717,0
8,6144,gpu,85,vllm_ar,0.02458,0
8,6144,gpu,85,rmsnorm,0.01126,0
8,6144,gpu,85,add,0.00717,0
8,6144,gpu,86,vllm_ar,0.02048,0
8,6144,gpu,86,rmsnorm,0.01126,0
8,6144,gpu,86,add,0.00717,0
8,6144,gpu,87,vllm_ar,0.02048,0
8,6144,gpu,87,rmsnorm,0.01126,0
8,6144,gpu,87,add,0.00717,0
8,6144,gpu,88,vllm_ar,0.02355,0
8,6144,gpu,88,rmsnorm,0.01126,0
8,6144,gpu,88,add,0.00819,0
8,6144,gpu,89,vllm_ar,0.02458,0
8,6144,gpu,89,rmsnorm,0.01229,0
8,6144,gpu,89,add,0.00717,0
8,6144,gpu,90,vllm_ar,0.02355,0
8,6144,gpu,90,rmsnorm,0.01229,0
8,6144,gpu,90,add,0.00717,0
8,6144,gpu,91,vllm_ar,0.02355,1
8,6144,gpu,91,rmsnorm,0.01126,1
8,6144,gpu,91,add,0.00717,1
8,6144,gpu,92,vllm_ar,0.02048,1
8,6144,gpu,92,rmsnorm,0.01126,1
8,6144,gpu,92,add,0.00717,1
8,6144,gpu,93,vllm_ar,0.02355,1
8,6144,gpu,93,rmsnorm,0.01126,1
8,6144,gpu,93,add,0.00717,1
8,6144,gpu,94,vllm_ar,0.02662,1
8,6144,gpu,94,rmsnorm,0.01126,1
8,6144,gpu,94,add,0.00717,1
8,6144,gpu,95,vllm_ar,0.02970,1
8,6144,gpu,95,rmsnorm,0.01229,1
8,6144,gpu,95,add,0.00717,1
8,6144,gpu,96,vllm_ar,0.02458,1
8,6144,gpu,96,rmsnorm,0.01126,1
8,6144,gpu,96,add,0.00717,1
8,6144,gpu,97,vllm_ar,0.02355,1
8,6144,gpu,97,rmsnorm,0.01126,1
8,6144,gpu,97,add,0.00717,1
8,6144,gpu,98,vllm_ar,0.02867,1
8,6144,gpu,98,rmsnorm,0.01126,1
8,6144,gpu,98,add,0.00717,1
8,6144,gpu,99,vllm_ar,0.02458,1
8,6144,gpu,99,rmsnorm,0.01126,1
8,6144,gpu,99,add,0.00717,1
8,6144,gpu,100,vllm_ar,0.02458,1
8,6144,gpu,100,rmsnorm,0.01126,1
8,6144,gpu,100,add,0.00819,1
8,6144,gpu,101,vllm_ar,0.02048,1
8,6144,gpu,101,rmsnorm,0.01126,1
8,6144,gpu,101,add,0.00717,1
8,6144,gpu,102,vllm_ar,0.02765,1
8,6144,gpu,102,rmsnorm,0.01126,1
8,6144,gpu,102,add,0.00717,1
8,6144,gpu,103,vllm_ar,0.02355,1
8,6144,gpu,103,rmsnorm,0.01126,1
8,6144,gpu,103,add,0.00717,1
8,6144,gpu,104,vllm_ar,0.02355,1
8,6144,gpu,104,rmsnorm,0.01126,1
8,6144,gpu,104,add,0.00717,1
8,6144,gpu,105,vllm_ar,0.02150,1
8,6144,gpu,105,rmsnorm,0.01126,1
8,6144,gpu,105,add,0.00717,1
8,6144,gpu,106,vllm_ar,0.02970,1
8,6144,gpu,106,rmsnorm,0.01126,1
8,6144,gpu,106,add,0.00717,1
8,6144,gpu,107,vllm_ar,0.02458,1
8,6144,gpu,107,rmsnorm,0.01126,1
8,6144,gpu,107,add,0.00717,1
8,6144,gpu,108,vllm_ar,0.02048,1
8,6144,gpu,108,rmsnorm,0.01229,1
8,6144,gpu,108,add,0.00717,1
8,6144,gpu,109,vllm_ar,0.02355,1
8,6144,gpu,109,rmsnorm,0.01126,1
8,6144,gpu,109,add,0.00717,1
8,6144,gpu,110,vllm_ar,0.02355,1
8,6144,gpu,110,rmsnorm,0.01126,1
8,6144,gpu,110,add,0.00717,1
8,6144,gpu,111,vllm_ar,0.02355,1
8,6144,gpu,111,rmsnorm,0.01126,1
8,6144,gpu,111,add,0.00717,1
8,6144,gpu,112,vllm_ar,0.02355,1
8,6144,gpu,112,rmsnorm,0.01229,1
8,6144,gpu,112,add,0.00717,1
8,6144,gpu,113,vllm_ar,0.02458,1
8,6144,gpu,113,rmsnorm,0.01126,1
8,6144,gpu,113,add,0.00717,1
8,6144,gpu,114,vllm_ar,0.02355,1
8,6144,gpu,114,rmsnorm,0.01229,1
8,6144,gpu,114,add,0.00717,1
8,6144,gpu,115,vllm_ar,0.02662,1
8,6144,gpu,115,rmsnorm,0.01126,1
8,6144,gpu,115,add,0.00717,1
8,6144,gpu,116,vllm_ar,0.02458,1
8,6144,gpu,116,rmsnorm,0.01126,1
8,6144,gpu,116,add,0.00717,1
8,6144,gpu,117,vllm_ar,0.20173,1
8,6144,gpu,117,rmsnorm,0.01126,1
8,6144,gpu,117,add,0.00717,1
8,6144,gpu,118,vllm_ar,1.05677,1
8,6144,gpu,118,rmsnorm,0.01126,1
8,6144,gpu,118,add,0.00717,1
8,6144,gpu,119,vllm_ar,0.02355,1
8,6144,gpu,119,rmsnorm,0.01126,1
8,6144,gpu,119,add,0.00717,1
8,6144,gpu,120,vllm_ar,0.02355,1
8,6144,gpu,120,rmsnorm,0.01229,1
8,6144,gpu,120,add,0.00717,1
8,6144,gpu,121,vllm_ar,0.02253,1
8,6144,gpu,121,rmsnorm,0.01126,1
8,6144,gpu,121,add,0.00819,1
8,6144,gpu,122,vllm_ar,0.02458,1
8,6144,gpu,122,rmsnorm,0.01126,1
8,6144,gpu,122,add,0.00819,1
8,6144,gpu,123,vllm_ar,0.02355,1
8,6144,gpu,123,rmsnorm,0.01229,1
8,6144,gpu,123,add,0.00717,1
8,6144,gpu,124,vllm_ar,0.02458,1
8,6144,gpu,124,rmsnorm,0.01126,1
8,6144,gpu,124,add,0.00717,1
8,6144,gpu,125,vllm_ar,0.02355,1
8,6144,gpu,125,rmsnorm,0.01126,1
8,6144,gpu,125,add,0.00717,1
8,6144,gpu,126,vllm_ar,0.02253,1
8,6144,gpu,126,rmsnorm,0.01126,1
8,6144,gpu,126,add,0.00717,1
8,6144,gpu,127,vllm_ar,0.02458,1
8,6144,gpu,127,rmsnorm,0.01126,1
8,6144,gpu,127,add,0.00717,1
8,6144,gpu,128,vllm_ar,1.54214,1
8,6144,gpu,128,rmsnorm,0.01229,1
8,6144,gpu,128,add,0.00717,1
8,6144,gpu,129,vllm_ar,0.02048,1
8,6144,gpu,129,rmsnorm,0.01126,1
8,6144,gpu,129,add,0.00717,1
8,6144,gpu,130,vllm_ar,1.45510,1
8,6144,gpu,130,rmsnorm,0.01126,1
8,6144,gpu,130,add,0.00717,1
8,6144,gpu,131,vllm_ar,0.02355,1
8,6144,gpu,131,rmsnorm,0.01229,1
8,6144,gpu,131,add,0.00717,1
8,6144,gpu,132,vllm_ar,0.02355,1
8,6144,gpu,132,rmsnorm,0.01126,1
8,6144,gpu,132,add,0.00819,1
8,6144,gpu,133,vllm_ar,0.02458,1
8,6144,gpu,133,rmsnorm,0.01126,1
8,6144,gpu,133,add,0.00717,1
8,6144,gpu,134,vllm_ar,0.02048,1
8,6144,gpu,134,rmsnorm,0.01229,1
8,6144,gpu,134,add,0.00717,1
8,6144,gpu,135,vllm_ar,0.02662,1
8,6144,gpu,135,rmsnorm,0.01126,1
8,6144,gpu,135,add,0.00717,1
8,6144,gpu,136,vllm_ar,0.02458,1
8,6144,gpu,136,rmsnorm,0.01229,1
8,6144,gpu,136,add,0.00717,1
8,6144,gpu,137,vllm_ar,0.02355,1
8,6144,gpu,137,rmsnorm,0.01126,1
8,6144,gpu,137,add,0.00717,1
8,6144,gpu,138,vllm_ar,0.02355,1
8,6144,gpu,138,rmsnorm,0.01126,1
8,6144,gpu,138,add,0.00717,1
8,6144,gpu,139,vllm_ar,0.02560,1
8,6144,gpu,139,rmsnorm,0.01126,1
8,6144,gpu,139,add,0.00717,1
8,6144,gpu,140,vllm_ar,0.02458,1
8,6144,gpu,140,rmsnorm,0.01126,1
8,6144,gpu,140,add,0.00717,1
8,6144,gpu,141,vllm_ar,0.02458,1
8,6144,gpu,141,rmsnorm,0.01126,1
8,6144,gpu,141,add,0.00717,1
8,6144,gpu,142,vllm_ar,1.17043,1
8,6144,gpu,142,rmsnorm,0.01126,1
8,6144,gpu,142,add,0.00717,1
8,6144,gpu,143,vllm_ar,0.02355,1
8,6144,gpu,143,rmsnorm,0.01126,1
8,6144,gpu,143,add,0.00717,1
8,6144,gpu,144,vllm_ar,0.02355,1
8,6144,gpu,144,rmsnorm,0.01126,1
8,6144,gpu,144,add,0.00717,1
8,6144,gpu,145,vllm_ar,0.02253,1
8,6144,gpu,145,rmsnorm,0.01126,1
8,6144,gpu,145,add,0.00717,1
8,6144,gpu,146,vllm_ar,0.02458,1
8,6144,gpu,146,rmsnorm,0.01126,1
8,6144,gpu,146,add,0.00717,1
8,6144,gpu,147,vllm_ar,0.02048,1
8,6144,gpu,147,rmsnorm,0.01126,1
8,6144,gpu,147,add,0.00717,1
8,6144,gpu,148,vllm_ar,0.02867,1
8,6144,gpu,148,rmsnorm,0.01126,1
8,6144,gpu,148,add,0.00819,1
8,6144,gpu,149,vllm_ar,0.02458,1
8,6144,gpu,149,rmsnorm,0.01126,1
8,6144,gpu,149,add,0.00717,1
8,6144,gpu,150,vllm_ar,0.02560,1
8,6144,gpu,150,rmsnorm,0.01126,1
8,6144,gpu,150,add,0.00717,1
8,6144,gpu,151,vllm_ar,0.02355,1
8,6144,gpu,151,rmsnorm,0.01126,1
8,6144,gpu,151,add,0.00717,1
8,6144,gpu,152,vllm_ar,0.02560,1
8,6144,gpu,152,rmsnorm,0.01126,1
8,6144,gpu,152,add,0.00717,1
8,6144,gpu,153,vllm_ar,0.02355,1
8,6144,gpu,153,rmsnorm,0.01126,1
8,6144,gpu,153,add,0.00717,1
8,6144,gpu,154,vllm_ar,0.02970,1
8,6144,gpu,154,rmsnorm,0.01126,1
8,6144,gpu,154,add,0.00717,1
8,6144,gpu,155,vllm_ar,0.02355,1
8,6144,gpu,155,rmsnorm,0.01126,1
8,6144,gpu,155,add,0.00717,1
8,6144,gpu,156,vllm_ar,0.02048,1
8,6144,gpu,156,rmsnorm,0.01126,1
8,6144,gpu,156,add,0.00717,1
8,6144,gpu,157,vllm_ar,0.02355,1
8,6144,gpu,157,rmsnorm,0.01126,1
8,6144,gpu,157,add,0.00717,1
8,6144,gpu,158,vllm_ar,0.02458,1
8,6144,gpu,158,rmsnorm,0.01126,1
8,6144,gpu,158,add,0.00717,1
8,6144,gpu,159,vllm_ar,0.02458,1
8,6144,gpu,159,rmsnorm,0.01126,1
8,6144,gpu,159,add,0.00717,1
8,6144,gpu,160,vllm_ar,0.02867,1
8,6144,gpu,160,rmsnorm,0.01126,1
8,6144,gpu,160,add,0.00717,1
8,6144,gpu,161,vllm_ar,0.02458,1
8,6144,gpu,161,rmsnorm,0.01126,1
8,6144,gpu,161,add,0.00717,1
8,6144,gpu,162,vllm_ar,0.02355,1
8,6144,gpu,162,rmsnorm,0.01126,1
8,6144,gpu,162,add,0.00717,1
8,6144,gpu,163,vllm_ar,0.02458,1
8,6144,gpu,163,rmsnorm,0.01126,1
8,6144,gpu,163,add,0.00717,1
8,6144,gpu,164,vllm_ar,0.02355,1
8,6144,gpu,164,rmsnorm,0.01126,1
8,6144,gpu,164,add,0.00717,1
8,6144,gpu,165,vllm_ar,0.02253,1
8,6144,gpu,165,rmsnorm,0.01126,1
8,6144,gpu,165,add,0.00717,1
8,6144,gpu,166,vllm_ar,0.02355,1
8,6144,gpu,166,rmsnorm,0.01126,1
8,6144,gpu,166,add,0.00717,1
8,6144,gpu,167,vllm_ar,0.02150,1
8,6144,gpu,167,rmsnorm,0.01126,1
8,6144,gpu,167,add,0.00717,1
8,6144,gpu,168,vllm_ar,0.02560,1
8,6144,gpu,168,rmsnorm,0.01126,1
8,6144,gpu,168,add,0.00717,1
8,6144,gpu,169,vllm_ar,0.03072,1
8,6144,gpu,169,rmsnorm,0.01126,1
8,6144,gpu,169,add,0.00717,1
8,6144,gpu,170,vllm_ar,0.02970,1
8,6144,gpu,170,rmsnorm,0.01229,1
8,6144,gpu,170,add,0.00819,1
8,6144,gpu,171,vllm_ar,0.02458,1
8,6144,gpu,171,rmsnorm,0.01126,1
8,6144,gpu,171,add,0.00717,1
8,6144,gpu,172,vllm_ar,0.02662,1
8,6144,gpu,172,rmsnorm,0.01126,1
8,6144,gpu,172,add,0.00819,1
8,6144,gpu,173,vllm_ar,0.02458,1
8,6144,gpu,173,rmsnorm,0.01126,1
8,6144,gpu,173,add,0.00717,1
8,6144,gpu,174,vllm_ar,0.02355,1
8,6144,gpu,174,rmsnorm,0.01126,1
8,6144,gpu,174,add,0.00717,1
8,6144,gpu,175,vllm_ar,0.02355,1
8,6144,gpu,175,rmsnorm,0.01126,1
8,6144,gpu,175,add,0.00717,1
8,6144,gpu,176,vllm_ar,0.02048,1
8,6144,gpu,176,rmsnorm,0.01229,1
8,6144,gpu,176,add,0.00717,1
8,6144,gpu,177,vllm_ar,0.02458,1
8,6144,gpu,177,rmsnorm,0.01126,1
8,6144,gpu,177,add,0.00717,1
8,6144,gpu,178,vllm_ar,0.02355,1
8,6144,gpu,178,rmsnorm,0.01126,1
8,6144,gpu,178,add,0.00717,1
8,6144,gpu,179,vllm_ar,0.02355,1
8,6144,gpu,179,rmsnorm,0.01126,1
8,6144,gpu,179,add,0.00717,1
8,6144,gpu,180,vllm_ar,0.02048,1
8,6144,gpu,180,rmsnorm,0.01229,1
8,6144,gpu,180,add,0.00717,1
8,6144,gpu,181,vllm_ar,0.02560,1
8,6144,gpu,181,rmsnorm,0.01126,1
8,6144,gpu,181,add,0.00717,1
8,6144,gpu,182,vllm_ar,0.02355,1
8,6144,gpu,182,rmsnorm,0.01126,1
8,6144,gpu,182,add,0.00717,1
8,6144,gpu,183,vllm_ar,0.02355,1
8,6144,gpu,183,rmsnorm,0.01229,1
8,6144,gpu,183,add,0.00717,1
8,6144,gpu,184,vllm_ar,0.02253,1
8,6144,gpu,184,rmsnorm,0.01126,1
8,6144,gpu,184,add,0.00717,1
8,6144,gpu,185,vllm_ar,0.02355,1
8,6144,gpu,185,rmsnorm,0.01126,1
8,6144,gpu,185,add,0.00717,1
8,6144,gpu,186,vllm_ar,0.02048,1
8,6144,gpu,186,rmsnorm,0.01126,1
8,6144,gpu,186,add,0.00717,1
8,6144,gpu,187,vllm_ar,0.02560,1
8,6144,gpu,187,rmsnorm,0.01126,1
8,6144,gpu,187,add,0.00717,1
8,6144,gpu,188,vllm_ar,0.02765,1
8,6144,gpu,188,rmsnorm,0.01126,1
8,6144,gpu,188,add,0.00717,1
8,6144,gpu,189,vllm_ar,0.02355,1
8,6144,gpu,189,rmsnorm,0.01126,1
8,6144,gpu,189,add,0.00717,1
8,6144,gpu,190,vllm_ar,0.02355,1
8,6144,gpu,190,rmsnorm,0.01331,1
8,6144,gpu,190,add,0.00717,1
8,6144,gpu,191,vllm_ar,0.02355,1
8,6144,gpu,191,rmsnorm,0.01126,1
8,6144,gpu,191,add,0.00717,1
8,6144,gpu,192,vllm_ar,0.02458,1
8,6144,gpu,192,rmsnorm,0.01126,1
8,6144,gpu,192,add,0.00819,1
8,6144,gpu,193,vllm_ar,0.02355,1
8,6144,gpu,193,rmsnorm,0.01126,1
8,6144,gpu,193,add,0.00717,1
8,6144,gpu,194,vllm_ar,0.02355,1
8,6144,gpu,194,rmsnorm,0.01126,1
8,6144,gpu,194,add,0.00717,1
8,6144,gpu,195,vllm_ar,0.02458,1
8,6144,gpu,195,rmsnorm,0.01126,1
8,6144,gpu,195,add,0.00717,1
8,6144,gpu,196,vllm_ar,0.02458,1
8,6144,gpu,196,rmsnorm,0.01126,1
8,6144,gpu,196,add,0.00717,1
8,6144,gpu,197,vllm_ar,0.02458,1
8,6144,gpu,197,rmsnorm,0.01126,1
8,6144,gpu,197,add,0.00717,1
8,6144,gpu,198,vllm_ar,0.02867,1
8,6144,gpu,198,rmsnorm,0.01126,1
8,6144,gpu,198,add,0.00717,1
8,6144,gpu,199,vllm_ar,0.02458,1
8,6144,gpu,199,rmsnorm,0.01126,1
8,6144,gpu,199,add,0.00717,1
8,6144,steady,0,vllm_ar,0.03053,1
8,6144,steady,0,rmsnorm,0.05402,1
8,6144,steady,0,add,0.02438,1
8,6144,steady,1,vllm_ar,0.02912,1
8,6144,steady,1,rmsnorm,0.04550,1
8,6144,steady,1,add,0.00838,1
8,6144,steady,2,vllm_ar,0.02912,1
8,6144,steady,2,rmsnorm,0.04531,1
8,6144,steady,2,add,0.00819,1
8,6144,steady,3,vllm_ar,0.02995,1
8,6144,steady,3,rmsnorm,0.04435,1
8,6144,steady,3,add,0.00781,1
8,6144,steady,4,vllm_ar,0.03027,1
8,6144,steady,4,rmsnorm,0.04416,1
8,6144,steady,4,add,0.00826,1
8,6144,steady,5,vllm_ar,0.02867,1
8,6144,steady,5,rmsnorm,0.04493,1
8,6144,steady,5,add,0.00819,1
8,6144,steady,6,vllm_ar,0.03072,1
8,6144,steady,6,rmsnorm,0.04461,1
8,6144,steady,6,add,0.00838,1
8,6144,steady,7,vllm_ar,0.03021,1
8,6144,steady,7,rmsnorm,0.04435,1
8,6144,steady,7,add,0.00813,1
8,6144,steady,8,vllm_ar,0.03002,1
8,6144,steady,8,rmsnorm,0.04474,1
8,6144,steady,8,add,0.00819,1
8,6144,steady,9,vllm_ar,0.02829,1
8,6144,steady,9,rmsnorm,0.04378,1
8,6144,steady,9,add,0.00774,1
8,6144,steady,10,vllm_ar,0.03078,1
8,6144,steady,10,rmsnorm,0.04531,1
8,6144,steady,10,add,0.00832,1
8,6144,steady,11,vllm_ar,0.03187,1
8,6144,steady,11,rmsnorm,0.14112,1
8,6144,steady,11,add,0.00954,1
8,6144,steady,12,vllm_ar,0.03456,1
8,6144,steady,12,rmsnorm,0.04634,1
8,6144,steady,12,add,0.00845,1
8,6144,steady,13,vllm_ar,0.03174,1
8,6144,steady,13,rmsnorm,0.04506,1
8,6144,steady,13,add,0.00877,1
8,6144,steady,14,vllm_ar,0.03027,1
8,6144,steady,14,rmsnorm,0.04653,1
8,6144,steady,14,add,0.00838,1
8,6144,steady,15,vllm_ar,0.03034,1
8,6144,steady,15,rmsnorm,0.04499,1
8,6144,steady,15,add,0.00851,1
8,6144,steady,16,vllm_ar,0.03034,1
8,6144,steady,16,rmsnorm,0.04422,1
8,6144,steady,16,add,0.00890,1
8,6144,steady,17,vllm_ar,0.03021,1
8,6144,steady,17,rmsnorm,0.04378,1
8,6144,steady,17,add,0.00787,1
8,6144,steady,18,vllm_ar,0.03085,1
8,6144,steady,18,rmsnorm,0.04499,1
8,6144,steady,18,add,0.00806,1
8,6144,steady,19,vllm_ar,0.03008,1
8,6144,steady,19,rmsnorm,0.04538,1
8,6144,steady,19,add,0.00870,1
8,6144,steady,20,vllm_ar,0.03034,1
8,6144,steady,20,rmsnorm,0.04550,1
8,6144,steady,20,add,0.00710,1
8,6144,steady,21,vllm_ar,0.03046,1
8,6144,steady,21,rmsnorm,0.04518,1
8,6144,steady,21,add,0.00826,1
8,6144,steady,22,vllm_ar,0.02944,1
8,6144,steady,22,rmsnorm,0.04947,1
8,6144,steady,22,add,0.00864,1
8,6144,steady,23,vllm_ar,0.03027,1
8,6144,steady,23,rmsnorm,0.04397,1
8,6144,steady,23,add,0.00794,1
8,6144,steady,24,vllm_ar,0.02931,1
8,6144,steady,24,rmsnorm,0.04454,1
8,6144,steady,24,add,0.00800,1
8,6144,steady,25,vllm_ar,0.02861,1
8,6144,steady,25,rmsnorm,0.04499,1
8,6144,steady,25,add,0.00806,1
8,6144,steady,26,vllm_ar,0.03162,1
8,6144,steady,26,rmsnorm,0.04838,1
8,6144,steady,26,add,0.00864,1
8,6144,steady,27,vllm_ar,0.03034,1
8,6144,steady,27,rmsnorm,0.04410,1
8,6144,steady,27,add,0.00813,1
8,6144,steady,28,vllm_ar,0.02970,1
8,6144,steady,28,rmsnorm,0.04410,1
8,6144,steady,28,add,0.00864,1
8,6144,steady,29,vllm_ar,0.03027,1
8,6144,steady,29,rmsnorm,0.04544,1
8,6144,steady,29,add,0.00806,1
8,6144,steady,30,vllm_ar,0.03066,1
8,6144,steady,30,rmsnorm,0.04467,1
8,6144,steady,30,add,0.00794,1
8,6144,steady,31,vllm_ar,0.02918,1
8,6144,steady,31,rmsnorm,0.05824,1
8,6144,steady,31,add,0.00742,1
8,6144,steady,32,vllm_ar,0.03098,1
8,6144,steady,32,rmsnorm,0.04576,1
8,6144,steady,32,add,0.00851,1
8,6144,steady,33,vllm_ar,0.03078,1
8,6144,steady,33,rmsnorm,0.04486,1
8,6144,steady,33,add,0.00851,1
8,6144,steady,34,vllm_ar,0.02925,1
8,6144,steady,34,rmsnorm,0.04429,1
8,6144,steady,34,add,0.00851,1
8,6144,steady,35,vllm_ar,0.02989,1
8,6144,steady,35,rmsnorm,0.04979,1
8,6144,steady,35,add,0.01741,1
8,6144,steady,36,vllm_ar,0.03021,1
8,6144,steady,36,rmsnorm,0.04429,1
8,6144,steady,36,add,0.00794,1
8,6144,steady,37,vllm_ar,0.03046,1
8,6144,steady,37,rmsnorm,0.04474,1
8,6144,steady,37,add,0.00800,1
8,6144,steady,38,vllm_ar,0.03027,1
8,6144,steady,38,rmsnorm,0.04461,1
8,6144,steady,38,add,0.00845,1
8,6144,steady,39,vllm_ar,0.03072,1
8,6144,steady,39,rmsnorm,0.04403,1
8,6144,steady,39,add,0.00813,1
8,6144,steady,40,vllm_ar,0.03040,1
8,6144,steady,40,rmsnorm,0.04403,1
8,6144,steady,40,add,0.00858,1
8,6144,steady,41,vllm_ar,0.03136,1
8,6144,steady,41,rmsnorm,0.04403,1
8,6144,steady,41,add,0.00742,1
8,6144,steady,42,vllm_ar,0.02880,1
8,6144,steady,42,rmsnorm,0.04563,1
8,6144,steady,42,add,0.00826,1
8,6144,steady,43,vllm_ar,0.03059,1
8,6144,steady,43,rmsnorm,0.04493,1
8,6144,steady,43,add,0.02150,1
8,6144,steady,44,vllm_ar,0.03085,1
8,6144,steady,44,rmsnorm,0.05293,1
8,6144,steady,44,add,0.01523,1
8,6144,steady,45,vllm_ar,0.03085,1
8,6144,steady,45,rmsnorm,0.04448,1
8,6144,steady,45,add,0.00832,1
8,6144,steady,46,vllm_ar,0.03008,1
8,6144,steady,46,rmsnorm,0.04486,1
8,6144,steady,46,add,0.00826,1
8,6144,steady,47,vllm_ar,0.03078,1
8,6144,steady,47,rmsnorm,0.04474,1
8,6144,steady,47,add,0.00813,1
8,6144,steady,48,vllm_ar,0.03117,1
8,6144,steady,48,rmsnorm,0.04448,1
8,6144,steady,48,add,0.00723,1
8,6144,steady,49,vllm_ar,0.02989,1
8,6144,steady,49,rmsnorm,0.04429,1
8,6144,steady,49,add,0.00838,1
8,6144,steady,50,vllm_ar,0.03104,1
8,6144,steady,50,rmsnorm,0.04390,1
8,6144,steady,50,add,0.00890,1
8,6144,steady,51,vllm_ar,0.03053,1
8,6144,steady,51,rmsnorm,0.04442,1
8,6144,steady,51,add,0.00877,1
8,6144,steady,52,vllm_ar,0.03085,1
8,6144,steady,52,rmsnorm,0.04461,1
8,6144,steady,52,add,0.00838,1
8,6144,steady,53,vllm_ar,0.03072,1
8,6144,steady,53,rmsnorm,0.04326,1
8,6144,steady,53,add,0.00902,1
8,6144,steady,54,vllm_ar,0.03098,1
8,6144,steady,54,rmsnorm,0.04403,1
8,6144,steady,54,add,0.00832,1
8,6144,steady,55,vllm_ar,0.03078,1
8,6144,steady,55,rmsnorm,0.04454,1
8,6144,steady,55,add,0.00813,1
8,6144,steady,56,vllm_ar,0.03104,1
8,6144,steady,56,rmsnorm,0.04410,1
8,6144,steady,56,add,0.00736,1
8,6144,steady,57,vllm_ar,0.03002,1
8,6144,steady,57,rmsnorm,0.04563,1
8,6144,steady,57,add,0.00781,1
8,6144,steady,58,vllm_ar,0.02957,1
8,6144,steady,58,rmsnorm,0.04410,1
8,6144,steady,58,add,0.00845,1
8,6144,steady,59,vllm_ar,0.02995,1
8,6144,steady,59,rmsnorm,0.04442,1
8,6144,steady,59,add,0.00870,1
8,6144,steady,60,vllm_ar,0.09357,1
8,6144,steady,60,rmsnorm,0.04442,1
8,6144,steady,60,add,0.00762,1
8,6144,steady,61,vllm_ar,0.02854,1
8,6144,steady,61,rmsnorm,0.04352,1
8,6144,steady,61,add,0.00794,1
8,6144,steady,62,vllm_ar,0.02970,1
8,6144,steady,62,rmsnorm,0.04512,1
8,6144,steady,62,add,0.00819,1
8,6144,steady,63,vllm_ar,0.03104,1
8,6144,steady,63,rmsnorm,0.04768,1
8,6144,steady,63,add,0.00800,1
8,6144,steady,64,vllm_ar,0.04582,1
8,6144,steady,64,rmsnorm,0.04486,1
8,6144,steady,64,add,0.00826,1
8,6144,steady,65,vllm_ar,0.03808,1
8,6144,steady,65,rmsnorm,0.04525,1
8,6144,steady,65,add,0.00826,1
8,6144,steady,66,vllm_ar,0.03027,1
8,6144,steady,66,rmsnorm,0.04422,1
8,6144,steady,66,add,0.00838,1
8,6144,steady,67,vllm_ar,0.03066,1
8,6144,steady,67,rmsnorm,0.04531,1
8,6144,steady,67,add,0.00877,1
8,6144,steady,68,vllm_ar,0.03066,1
8,6144,steady,68,rmsnorm,0.04538,1
8,6144,steady,68,add,0.00870,1
8,6144,steady,69,vllm_ar,0.09126,1
8,6144,steady,69,rmsnorm,0.04422,1
8,6144,steady,69,add,0.00762,1
8,6144,steady,70,vllm_ar,0.03558,1
8,6144,steady,70,rmsnorm,0.04512,1
8,6144,steady,70,add,0.00851,1
8,6144,steady,71,vllm_ar,0.03085,1
8,6144,steady,71,rmsnorm,0.04378,1
8,6144,steady,71,add,0.00832,1
8,6144,steady,72,vllm_ar,0.03040,1
8,6144,steady,72,rmsnorm,0.04461,1
8,6144,steady,72,add,0.00819,1
8,6144,steady,73,vllm_ar,0.02989,1
8,6144,steady,73,rmsnorm,0.04499,1
8,6144,steady,73,add,0.00838,1
8,6144,steady,74,vllm_ar,0.02925,1
8,6144,steady,74,rmsnorm,0.04346,1
8,6144,steady,74,add,0.00832,1
8,6144,steady,75,vllm_ar,0.03034,1
8,6144,steady,75,rmsnorm,0.04442,1
8,6144,steady,75,add,0.00832,1
8,6144,steady,76,vllm_ar,0.02970,1
8,6144,steady,76,rmsnorm,0.06662,1
8,6144,steady,76,add,0.00781,1
8,6144,steady,77,vllm_ar,0.03085,1
8,6144,steady,77,rmsnorm,0.04998,1
8,6144,steady,77,add,0.00870,1
8,6144,steady,78,vllm_ar,0.02982,1
8,6144,steady,78,rmsnorm,0.04518,1
8,6144,steady,78,add,0.00787,1
8,6144,steady,79,vllm_ar,0.03046,1
8,6144,steady,79,rmsnorm,0.04454,1
8,6144,steady,79,add,0.00883,1
8,6144,steady,80,vllm_ar,0.02950,1
8,6144,steady,80,rmsnorm,0.05466,1
8,6144,steady,80,add,0.00826,1
8,6144,steady,81,vllm_ar,0.02918,1
8,6144,steady,81,rmsnorm,0.06931,1
8,6144,steady,81,add,0.00838,1
8,6144,steady,82,vllm_ar,0.04000,1
8,6144,steady,82,rmsnorm,0.04442,1
8,6144,steady,82,add,0.00890,1
8,6144,steady,83,vllm_ar,0.03040,1
8,6144,steady,83,rmsnorm,0.04403,1
8,6144,steady,83,add,0.00762,1
8,6144,steady,84,vllm_ar,0.03270,1
8,6144,steady,84,rmsnorm,0.04416,1
8,6144,steady,84,add,0.00838,1
8,6144,steady,85,vllm_ar,0.02957,1
8,6144,steady,85,rmsnorm,0.04493,1
8,6144,steady,85,add,0.00838,1
8,6144,steady,86,vllm_ar,0.03104,1
8,6144,steady,86,rmsnorm,0.04467,1
8,6144,steady,86,add,0.00806,1
8,6144,steady,87,vllm_ar,0.03008,1
8,6144,steady,87,rmsnorm,0.04525,1
8,6144,steady,87,add,0.00845,1
8,6144,steady,88,vllm_ar,0.02970,1
8,6144,steady,88,rmsnorm,0.04499,1
8,6144,steady,88,add,0.00845,1
8,6144,steady,89,vllm_ar,0.03027,1
8,6144,steady,89,rmsnorm,0.04429,1
8,6144,steady,89,add,0.00781,1
8,6144,steady,90,vllm_ar,0.03014,1
8,6144,steady,90,rmsnorm,0.04506,1
8,6144,steady,90,add,0.00845,1
8,6144,steady,91,vllm_ar,0.02970,1
8,6144,steady,91,rmsnorm,0.04390,1
8,6144,steady,91,add,0.00890,1
8,6144,steady,92,vllm_ar,0.03014,1
8,6144,steady,92,rmsnorm,0.04640,1
8,6144,steady,92,add,0.01152,1
8,6144,steady,93,vllm_ar,0.03066,1
8,6144,steady,93,rmsnorm,0.04429,1
8,6144,steady,93,add,0.00851,1
8,6144,steady,94,vllm_ar,0.03418,1
8,6144,steady,94,rmsnorm,0.05050,1
8,6144,steady,94,add,0.00851,1
8,6144,steady,95,vllm_ar,0.03034,1
8,6144,steady,95,rmsnorm,0.04429,1
8,6144,steady,95,add,0.00781,1
8,6144,steady,96,vllm_ar,0.03078,1
8,6144,steady,96,rmsnorm,0.04467,1
8,6144,steady,96,add,0.00704,1
8,6144,steady,97,vllm_ar,0.03021,1
8,6144,steady,97,rmsnorm,0.04486,1
8,6144,steady,97,add,0.00800,1
8,6144,steady,98,vllm_ar,0.02989,1
8,6144,steady,98,rmsnorm,0.04390,1
8,6144,steady,98,add,0.00813,1
8,6144,steady,99,vllm_ar,0.03027,1
8,6144,steady,99,rmsnorm,0.04499,1
8,6144,steady,99,add,0.00851,1
16,6144,gpu,0,vllm_ar,0.04198,1
16,6144,gpu,0,rmsnorm,0.01126,1
16,6144,gpu,0,add,0.00717,1
16,6144,gpu,1,vllm_ar,0.02970,1
16,6144,gpu,1,rmsnorm,0.01126,1
16,6144,gpu,1,add,0.00819,1
16,6144,gpu,2,vllm_ar,0.02970,1
16,6144,gpu,2,rmsnorm,0.01126,1
16,6144,gpu,2,add,0.00819,1
16,6144,gpu,3,vllm_ar,0.03174,1
16,6144,gpu,3,rmsnorm,0.01126,1
16,6144,gpu,3,add,0.00819,1
16,6144,gpu,4,vllm_ar,0.02765,1
16,6144,gpu,4,rmsnorm,0.01126,1
16,6144,gpu,4,add,0.00717,1
16,6144,gpu,5,vllm_ar,0.02253,1
16,6144,gpu,5,rmsnorm,0.01126,1
16,6144,gpu,5,add,0.00819,1
16,6144,gpu,6,vllm_ar,0.02867,1
16,6144,gpu,6,rmsnorm,0.01229,1
16,6144,gpu,6,add,0.00819,1
16,6144,gpu,7,vllm_ar,0.03584,1
16,6144,gpu,7,rmsnorm,0.01126,1
16,6144,gpu,7,add,0.00819,1
16,6144,gpu,8,vllm_ar,0.02867,1
16,6144,gpu,8,rmsnorm,0.01126,1
16,6144,gpu,8,add,0.00717,1
16,6144,gpu,9,vllm_ar,0.04096,1
16,6144,gpu,9,rmsnorm,0.01126,1
16,6144,gpu,9,add,0.00717,1
16,6144,gpu,10,vllm_ar,0.03482,1
16,6144,gpu,10,rmsnorm,0.01229,1
16,6144,gpu,10,add,0.00819,1
16,6144,gpu,11,vllm_ar,0.02867,1
16,6144,gpu,11,rmsnorm,0.01126,1
16,6144,gpu,11,add,0.00819,1
16,6144,gpu,12,vllm_ar,0.02970,1
16,6144,gpu,12,rmsnorm,0.01229,1
16,6144,gpu,12,add,0.00819,1
16,6144,gpu,13,vllm_ar,0.03482,1
16,6144,gpu,13,rmsnorm,0.01229,1
16,6144,gpu,13,add,0.00819,1
16,6144,gpu,14,vllm_ar,0.02355,1
16,6144,gpu,14,rmsnorm,0.01126,1
16,6144,gpu,14,add,0.00819,1
16,6144,gpu,15,vllm_ar,0.02253,1
16,6144,gpu,15,rmsnorm,0.01229,1
16,6144,gpu,15,add,0.00717,1
16,6144,gpu,16,vllm_ar,0.03686,1
16,6144,gpu,16,rmsnorm,0.01229,1
16,6144,gpu,16,add,0.00819,1
16,6144,gpu,17,vllm_ar,0.03789,1
16,6144,gpu,17,rmsnorm,0.01229,1
16,6144,gpu,17,add,0.00819,1
16,6144,gpu,18,vllm_ar,0.03584,1
16,6144,gpu,18,rmsnorm,0.01229,1
16,6144,gpu,18,add,0.00819,1
16,6144,gpu,19,vllm_ar,0.02867,1
16,6144,gpu,19,rmsnorm,0.01126,1
16,6144,gpu,19,add,0.00717,1
16,6144,gpu,20,vllm_ar,0.03584,1
16,6144,gpu,20,rmsnorm,0.01229,1
16,6144,gpu,20,add,0.00819,1
16,6144,gpu,21,vllm_ar,0.02970,1
16,6144,gpu,21,rmsnorm,0.01126,1
16,6144,gpu,21,add,0.00717,1
16,6144,gpu,22,vllm_ar,0.03277,1
16,6144,gpu,22,rmsnorm,0.01126,1
16,6144,gpu,22,add,0.00819,1
16,6144,gpu,23,vllm_ar,0.02867,1
16,6144,gpu,23,rmsnorm,0.01229,1
16,6144,gpu,23,add,0.00717,1
16,6144,gpu,24,vllm_ar,0.02970,1
16,6144,gpu,24,rmsnorm,0.01229,1
16,6144,gpu,24,add,0.00717,1
16,6144,gpu,25,vllm_ar,0.02150,1
16,6144,gpu,25,rmsnorm,0.01126,1
16,6144,gpu,25,add,0.00717,1
16,6144,gpu,26,vllm_ar,0.03686,1
16,6144,gpu,26,rmsnorm,0.01126,1
16,6144,gpu,26,add,0.00717,1
16,6144,gpu,27,vllm_ar,0.04198,1
16,6144,gpu,27,rmsnorm,0.01126,1
16,6144,gpu,27,add,0.00717,1
16,6144,gpu,28,vllm_ar,0.02970,1
16,6144,gpu,28,rmsnorm,0.01126,1
16,6144,gpu,28,add,0.00819,1
16,6144,gpu,29,vllm_ar,0.02150,1
16,6144,gpu,29,rmsnorm,0.01229,1
16,6144,gpu,29,add,0.00819,1
16,6144,gpu,30,vllm_ar,0.02867,1
16,6144,gpu,30,rmsnorm,0.01126,1
16,6144,gpu,30,add,0.00819,1
16,6144,gpu,31,vllm_ar,0.02867,1
16,6144,gpu,31,rmsnorm,0.01126,1
16,6144,gpu,31,add,0.00819,1
16,6144,gpu,32,vllm_ar,0.02867,1
16,6144,gpu,32,rmsnorm,0.01126,1
16,6144,gpu,32,add,0.00717,1
16,6144,gpu,33,vllm_ar,0.03686,1
16,6144,gpu,33,rmsnorm,0.01126,1
16,6144,gpu,33,add,0.00717,1
16,6144,gpu,34,vllm_ar,0.02867,1
16,6144,gpu,34,rmsnorm,0.01126,1
16,6144,gpu,34,add,0.00819,1
16,6144,gpu,35,vllm_ar,0.03584,1
16,6144,gpu,35,rmsnorm,0.01126,1
16,6144,gpu,35,add,0.00819,1
16,6144,gpu,36,vllm_ar,0.02150,1
16,6144,gpu,36,rmsnorm,0.01126,1
16,6144,gpu,36,add,0.00717,1
16,6144,gpu,37,vllm_ar,0.03482,1
16,6144,gpu,37,rmsnorm,0.01126,1
16,6144,gpu,37,add,0.00819,1
16,6144,gpu,38,vllm_ar,0.02970,1
16,6144,gpu,38,rmsnorm,0.01126,1
16,6144,gpu,38,add,0.00819,1
16,6144,gpu,39,vllm_ar,0.03174,1
16,6144,gpu,39,rmsnorm,0.01229,1
16,6144,gpu,39,add,0.00717,1
16,6144,gpu,40,vllm_ar,0.02867,1
16,6144,gpu,40,rmsnorm,0.01126,1
16,6144,gpu,40,add,0.00819,1
16,6144,gpu,41,vllm_ar,0.02867,1
16,6144,gpu,41,rmsnorm,0.01229,1
16,6144,gpu,41,add,0.00717,1
16,6144,gpu,42,vllm_ar,0.03277,1
16,6144,gpu,42,rmsnorm,0.01126,1
16,6144,gpu,42,add,0.00717,1
16,6144,gpu,43,vllm_ar,0.03584,1
16,6144,gpu,43,rmsnorm,0.01126,1
16,6144,gpu,43,add,0.00819,1
16,6144,gpu,44,vllm_ar,0.03379,1
16,6144,gpu,44,rmsnorm,0.01126,1
16,6144,gpu,44,add,0.00717,1
16,6144,gpu,45,vllm_ar,0.04096,1
16,6144,gpu,45,rmsnorm,0.01229,1
16,6144,gpu,45,add,0.03174,1
16,6144,gpu,46,vllm_ar,0.03584,1
16,6144,gpu,46,rmsnorm,0.01126,1
16,6144,gpu,46,add,0.00819,1
16,6144,gpu,47,vllm_ar,0.02253,1
16,6144,gpu,47,rmsnorm,0.01126,1
16,6144,gpu,47,add,0.00819,1
16,6144,gpu,48,vllm_ar,0.02970,1
16,6144,gpu,48,rmsnorm,0.01229,1
16,6144,gpu,48,add,0.00717,1
16,6144,gpu,49,vllm_ar,0.02253,1
16,6144,gpu,49,rmsnorm,0.01126,1
16,6144,gpu,49,add,0.00819,1
16,6144,gpu,50,vllm_ar,0.02867,1
16,6144,gpu,50,rmsnorm,0.01126,1
16,6144,gpu,50,add,0.00717,1
16,6144,gpu,51,vllm_ar,0.02355,1
16,6144,gpu,51,rmsnorm,0.01126,1
16,6144,gpu,51,add,0.00717,1
16,6144,gpu,52,vllm_ar,0.03686,1
16,6144,gpu,52,rmsnorm,0.01229,1
16,6144,gpu,52,add,0.00819,1
16,6144,gpu,53,vllm_ar,0.02867,1
16,6144,gpu,53,rmsnorm,0.01229,1
16,6144,gpu,53,add,0.00819,1
16,6144,gpu,54,vllm_ar,0.02970,1
16,6144,gpu,54,rmsnorm,0.01126,1
16,6144,gpu,54,add,0.00717,1
16,6144,gpu,55,vllm_ar,0.03277,1
16,6144,gpu,55,rmsnorm,0.01126,1
16,6144,gpu,55,add,0.03072,1
16,6144,gpu,56,vllm_ar,0.02867,1
16,6144,gpu,56,rmsnorm,0.01229,1
16,6144,gpu,56,add,0.00717,1
16,6144,gpu,57,vllm_ar,0.02355,1
16,6144,gpu,57,rmsnorm,0.01126,1
16,6144,gpu,57,add,0.00819,1
16,6144,gpu,58,vllm_ar,1.81146,1
16,6144,gpu,58,rmsnorm,0.01126,1
16,6144,gpu,58,add,0.00717,1
16,6144,gpu,59,vllm_ar,0.03686,1
16,6144,gpu,59,rmsnorm,0.01229,1
16,6144,gpu,59,add,0.00717,1
16,6144,gpu,60,vllm_ar,0.02253,1
16,6144,gpu,60,rmsnorm,0.01126,1
16,6144,gpu,60,add,0.00819,1
16,6144,gpu,61,vllm_ar,0.03072,1
16,6144,gpu,61,rmsnorm,0.01126,1
16,6144,gpu,61,add,0.00717,1
16,6144,gpu,62,vllm_ar,0.02867,1
16,6144,gpu,62,rmsnorm,0.01126,1
16,6144,gpu,62,add,0.00717,1
16,6144,gpu,63,vllm_ar,0.02970,1
16,6144,gpu,63,rmsnorm,0.01126,1
16,6144,gpu,63,add,0.00819,1
16,6144,gpu,64,vllm_ar,0.02970,1
16,6144,gpu,64,rmsnorm,0.01126,1
16,6144,gpu,64,add,0.00717,1
16,6144,gpu,65,vllm_ar,0.02355,1
16,6144,gpu,65,rmsnorm,0.01126,1
16,6144,gpu,65,add,0.00819,1
16,6144,gpu,66,vllm_ar,0.02253,1
16,6144,gpu,66,rmsnorm,0.01126,1
16,6144,gpu,66,add,0.00819,1
16,6144,gpu,67,vllm_ar,0.02867,1
16,6144,gpu,67,rmsnorm,0.01126,1
16,6144,gpu,67,add,0.00717,1
16,6144,gpu,68,vllm_ar,0.02867,1
16,6144,gpu,68,rmsnorm,0.01229,1
16,6144,gpu,68,add,0.00819,1
16,6144,gpu,69,vllm_ar,0.03891,1
16,6144,gpu,69,rmsnorm,0.01331,1
16,6144,gpu,69,add,0.03072,1
16,6144,gpu,70,vllm_ar,0.03482,1
16,6144,gpu,70,rmsnorm,0.01126,1
16,6144,gpu,70,add,0.00717,1
16,6144,gpu,71,vllm_ar,0.02970,1
16,6144,gpu,71,rmsnorm,0.01126,1
16,6144,gpu,71,add,0.00717,1
16,6144,gpu,72,vllm_ar,0.03789,1
16,6144,gpu,72,rmsnorm,0.01126,1
16,6144,gpu,72,add,0.00717,1
16,6144,gpu,73,vllm_ar,0.02867,1
16,6144,gpu,73,rmsnorm,0.01126,1
16,6144,gpu,73,add,0.00717,1
16,6144,gpu,74,vllm_ar,0.02253,1
16,6144,gpu,74,rmsnorm,0.01126,1
16,6144,gpu,74,add,0.00819,1
16,6144,gpu,75,vllm_ar,0.03686,1
16,6144,gpu,75,rmsnorm,0.01126,1
16,6144,gpu,75,add,0.00819,1
16,6144,gpu,76,vllm_ar,0.02867,1
16,6144,gpu,76,rmsnorm,0.01126,1
16,6144,gpu,76,add,0.00819,1
16,6144,gpu,77,vllm_ar,0.02355,1
16,6144,gpu,77,rmsnorm,0.01229,1
16,6144,gpu,77,add,0.00717,1
16,6144,gpu,78,vllm_ar,0.03891,1
16,6144,gpu,78,rmsnorm,0.01126,1
16,6144,gpu,78,add,0.00819,1
16,6144,gpu,79,vllm_ar,0.02253,1
16,6144,gpu,79,rmsnorm,0.01229,1
16,6144,gpu,79,add,0.00819,1
16,6144,gpu,80,vllm_ar,0.03584,1
16,6144,gpu,80,rmsnorm,0.01126,1
16,6144,gpu,80,add,0.00717,1
16,6144,gpu,81,vllm_ar,0.02662,1
16,6144,gpu,81,rmsnorm,0.01126,1
16,6144,gpu,81,add,0.00717,1
16,6144,gpu,82,vllm_ar,0.03686,1
16,6144,gpu,82,rmsnorm,0.01229,1
16,6144,gpu,82,add,0.00819,1
16,6144,gpu,83,vllm_ar,0.02560,1
16,6144,gpu,83,rmsnorm,0.01126,1
16,6144,gpu,83,add,0.00819,1
16,6144,gpu,84,vllm_ar,0.03584,1
16,6144,gpu,84,rmsnorm,0.01229,1
16,6144,gpu,84,add,0.00819,1
16,6144,gpu,85,vllm_ar,0.02355,1
16,6144,gpu,85,rmsnorm,0.01126,1
16,6144,gpu,85,add,0.00717,1
16,6144,gpu,86,vllm_ar,0.02867,1
16,6144,gpu,86,rmsnorm,0.01126,1
16,6144,gpu,86,add,0.00819,1
16,6144,gpu,87,vllm_ar,0.02253,1
16,6144,gpu,87,rmsnorm,0.01229,1
16,6144,gpu,87,add,0.00819,1
16,6144,gpu,88,vllm_ar,0.04198,1
16,6144,gpu,88,rmsnorm,0.01126,1
16,6144,gpu,88,add,0.00717,1
16,6144,gpu,89,vllm_ar,0.02970,1
16,6144,gpu,89,rmsnorm,0.01126,1
16,6144,gpu,89,add,0.00819,1
16,6144,gpu,90,vllm_ar,0.03072,1
16,6144,gpu,90,rmsnorm,0.01229,1
16,6144,gpu,90,add,0.00819,1
16,6144,gpu,91,vllm_ar,0.03789,1
16,6144,gpu,91,rmsnorm,0.01126,1
16,6144,gpu,91,add,0.00717,1
16,6144,gpu,92,vllm_ar,0.02970,1
16,6144,gpu,92,rmsnorm,0.01126,1
16,6144,gpu,92,add,0.00819,1
16,6144,gpu,93,vllm_ar,0.02970,1
16,6144,gpu,93,rmsnorm,0.01126,1
16,6144,gpu,93,add,0.00819,1
16,6144,gpu,94,vllm_ar,0.02970,1
16,6144,gpu,94,rmsnorm,0.01126,1
16,6144,gpu,94,add,0.00717,1
16,6144,gpu,95,vllm_ar,0.02867,1
16,6144,gpu,95,rmsnorm,0.01126,1
16,6144,gpu,95,add,0.00819,1
16,6144,gpu,96,vllm_ar,0.02867,1
16,6144,gpu,96,rmsnorm,0.01126,1
16,6144,gpu,96,add,0.00819,1
16,6144,gpu,97,vllm_ar,0.03686,1
16,6144,gpu,97,rmsnorm,0.01229,1
16,6144,gpu,97,add,0.00717,1
16,6144,gpu,98,vllm_ar,0.02867,1
16,6144,gpu,98,rmsnorm,0.01229,1
16,6144,gpu,98,add,0.00717,1
16,6144,gpu,99,vllm_ar,0.02970,1
16,6144,gpu,99,rmsnorm,0.01126,1
16,6144,gpu,99,add,0.00717,1
16,6144,gpu,100,vllm_ar,0.02867,1
16,6144,gpu,100,rmsnorm,0.01126,1
16,6144,gpu,100,add,0.00819,1
16,6144,gpu,101,vllm_ar,0.02867,1
16,6144,gpu,101,rmsnorm,0.01229,1
16,6144,gpu,101,add,0.00819,1
16,6144,gpu,102,vllm_ar,0.02355,1
16,6144,gpu,102,rmsnorm,0.01229,1
16,6144,gpu,102,add,0.00819,1
16,6144,gpu,103,vllm_ar,0.02355,1
16,6144,gpu,103,rmsnorm,0.01126,1
16,6144,gpu,103,add,0.00717,1
16,6144,gpu,104,vllm_ar,0.03584,1
16,6144,gpu,104,rmsnorm,0.01126,1
16,6144,gpu,104,add,0.00819,1
16,6144,gpu,105,vllm_ar,0.02458,1
16,6144,gpu,105,rmsnorm,0.01126,1
16,6144,gpu,105,add,0.00717,1
16,6144,gpu,106,vllm_ar,0.04096,1
16,6144,gpu,106,rmsnorm,0.01126,1
16,6144,gpu,106,add,0.00717,1
16,6144,gpu,107,vllm_ar,0.02867,1
16,6144,gpu,107,rmsnorm,0.01126,1
16,6144,gpu,107,add,0.00717,1
16,6144,gpu,108,vllm_ar,0.02355,1
16,6144,gpu,108,rmsnorm,0.01126,1
16,6144,gpu,108,add,0.00717,1
16,6144,gpu,109,vllm_ar,0.02970,1
16,6144,gpu,109,rmsnorm,0.01126,1
16,6144,gpu,109,add,0.00819,1
16,6144,gpu,110,vllm_ar,0.03686,1
16,6144,gpu,110,rmsnorm,0.01126,1
16,6144,gpu,110,add,0.00819,1
16,6144,gpu,111,vllm_ar,0.02253,1
16,6144,gpu,111,rmsnorm,0.01126,1
16,6144,gpu,111,add,0.00819,1
16,6144,gpu,112,vllm_ar,0.02253,1
16,6144,gpu,112,rmsnorm,0.01126,1
16,6144,gpu,112,add,0.00717,1
16,6144,gpu,113,vllm_ar,0.03584,1
16,6144,gpu,113,rmsnorm,0.01126,1
16,6144,gpu,113,add,0.00717,1
16,6144,gpu,114,vllm_ar,0.02867,1
16,6144,gpu,114,rmsnorm,0.01229,1
16,6144,gpu,114,add,0.00819,1
16,6144,gpu,115,vllm_ar,0.02253,1
16,6144,gpu,115,rmsnorm,0.01126,1
16,6144,gpu,115,add,0.00717,1
16,6144,gpu,116,vllm_ar,0.03891,1
16,6144,gpu,116,rmsnorm,0.01229,1
16,6144,gpu,116,add,0.00717,1
16,6144,gpu,117,vllm_ar,0.02867,1
16,6144,gpu,117,rmsnorm,0.01229,1
16,6144,gpu,117,add,0.00717,1
16,6144,gpu,118,vllm_ar,0.03482,1
16,6144,gpu,118,rmsnorm,0.01229,1
16,6144,gpu,118,add,0.00819,1
16,6144,gpu,119,vllm_ar,0.03584,1
16,6144,gpu,119,rmsnorm,0.01126,1
16,6144,gpu,119,add,0.00717,1
16,6144,gpu,120,vllm_ar,0.02867,1
16,6144,gpu,120,rmsnorm,0.01126,1
16,6144,gpu,120,add,0.00819,1
16,6144,gpu,121,vllm_ar,0.02970,1
16,6144,gpu,121,rmsnorm,0.01126,1
16,6144,gpu,121,add,0.00819,1
16,6144,gpu,122,vllm_ar,0.03789,1
16,6144,gpu,122,rmsnorm,0.01126,1
16,6144,gpu,122,add,0.00819,1
16,6144,gpu,123,vllm_ar,0.03686,1
16,6144,gpu,123,rmsnorm,0.01126,1
16,6144,gpu,123,add,0.00717,1
16,6144,gpu,124,vllm_ar,0.02867,1
16,6144,gpu,124,rmsnorm,0.01126,1
16,6144,gpu,124,add,0.00717,1
16,6144,gpu,125,vllm_ar,0.02253,1
16,6144,gpu,125,rmsnorm,0.01126,1
16,6144,gpu,125,add,0.00717,1
16,6144,gpu,126,vllm_ar,1.10490,1
16,6144,gpu,126,rmsnorm,0.01126,1
16,6144,gpu,126,add,0.00717,1
16,6144,gpu,127,vllm_ar,0.02970,1
16,6144,gpu,127,rmsnorm,0.01126,1
16,6144,gpu,127,add,0.00717,1
16,6144,gpu,128,vllm_ar,0.03482,1
16,6144,gpu,128,rmsnorm,0.01126,1
16,6144,gpu,128,add,0.00717,1
16,6144,gpu,129,vllm_ar,0.02970,1
16,6144,gpu,129,rmsnorm,0.01229,1
16,6144,gpu,129,add,0.00717,1
16,6144,gpu,130,vllm_ar,0.02970,1
16,6144,gpu,130,rmsnorm,0.01126,1
16,6144,gpu,130,add,0.00819,1
16,6144,gpu,131,vllm_ar,0.03174,1
16,6144,gpu,131,rmsnorm,0.01229,1
16,6144,gpu,131,add,0.00819,1
16,6144,gpu,132,vllm_ar,0.03994,1
16,6144,gpu,132,rmsnorm,0.01126,1
16,6144,gpu,132,add,0.00819,1
16,6144,gpu,133,vllm_ar,0.02970,1
16,6144,gpu,133,rmsnorm,0.01126,1
16,6144,gpu,133,add,0.00717,1
16,6144,gpu,134,vllm_ar,0.02253,1
16,6144,gpu,134,rmsnorm,0.01126,1
16,6144,gpu,134,add,0.00819,1
16,6144,gpu,135,vllm_ar,0.03789,1
16,6144,gpu,135,rmsnorm,0.01126,1
16,6144,gpu,135,add,0.00717,1
16,6144,gpu,136,vllm_ar,0.02970,1
16,6144,gpu,136,rmsnorm,0.01126,1
16,6144,gpu,136,add,0.03379,1
16,6144,gpu,137,vllm_ar,0.03686,1
16,6144,gpu,137,rmsnorm,0.01229,1
16,6144,gpu,137,add,0.00717,1
16,6144,gpu,138,vllm_ar,0.03686,1
16,6144,gpu,138,rmsnorm,0.01126,1
16,6144,gpu,138,add,0.00819,1
16,6144,gpu,139,vllm_ar,1.51450,1
16,6144,gpu,139,rmsnorm,0.01126,1
16,6144,gpu,139,add,0.00819,1
16,6144,gpu,140,vllm_ar,0.02150,1
16,6144,gpu,140,rmsnorm,0.01229,1
16,6144,gpu,140,add,0.00819,1
16,6144,gpu,141,vllm_ar,0.03482,1
16,6144,gpu,141,rmsnorm,0.01126,1
16,6144,gpu,141,add,0.00819,1
16,6144,gpu,142,vllm_ar,0.02867,1
16,6144,gpu,142,rmsnorm,0.01229,1
16,6144,gpu,142,add,0.00819,1
16,6144,gpu,143,vllm_ar,0.03789,1
16,6144,gpu,143,rmsnorm,0.01126,1
16,6144,gpu,143,add,0.00819,1
16,6144,gpu,144,vllm_ar,0.03584,1
16,6144,gpu,144,rmsnorm,0.01126,1
16,6144,gpu,144,add,0.00717,1
16,6144,gpu,145,vllm_ar,0.02970,1
16,6144,gpu,145,rmsnorm,0.01229,1
16,6144,gpu,145,add,0.00819,1
16,6144,gpu,146,vllm_ar,0.02867,1
16,6144,gpu,146,rmsnorm,0.01229,1
16,6144,gpu,146,add,0.00819,1
16,6144,gpu,147,vllm_ar,0.02253,1
16,6144,gpu,147,rmsnorm,0.01126,1
16,6144,gpu,147,add,0.00819,1
16,6144,gpu,148,vllm_ar,0.04096,1
16,6144,gpu,148,rmsnorm,0.01126,1
16,6144,gpu,148,add,0.00819,1
16,6144,gpu,149,vllm_ar,0.03686,1
16,6144,gpu,149,rmsnorm,0.01126,1
16,6144,gpu,149,add,0.00717,1
16,6144,gpu,150,vllm_ar,0.02867,1
16,6144,gpu,150,rmsnorm,0.01126,1
16,6144,gpu,150,add,0.03277,1
16,6144,gpu,151,vllm_ar,0.03891,1
16,6144,gpu,151,rmsnorm,0.01126,1
16,6144,gpu,151,add,0.00717,1
16,6144,gpu,152,vllm_ar,0.02867,1
16,6144,gpu,152,rmsnorm,0.01229,1
16,6144,gpu,152,add,0.00819,1
16,6144,gpu,153,vllm_ar,0.02970,1
16,6144,gpu,153,rmsnorm,0.01126,1
16,6144,gpu,153,add,0.00819,1
16,6144,gpu,154,vllm_ar,0.03584,1
16,6144,gpu,154,rmsnorm,0.01229,1
16,6144,gpu,154,add,0.00819,1
16,6144,gpu,155,vllm_ar,0.03686,1
16,6144,gpu,155,rmsnorm,0.01126,1
16,6144,gpu,155,add,0.00717,1
16,6144,gpu,156,vllm_ar,0.03072,1
16,6144,gpu,156,rmsnorm,0.01229,1
16,6144,gpu,156,add,0.00717,1
16,6144,gpu,157,vllm_ar,0.02867,1
16,6144,gpu,157,rmsnorm,0.01126,1
16,6144,gpu,157,add,0.00717,1
16,6144,gpu,158,vllm_ar,0.02867,1
16,6144,gpu,158,rmsnorm,0.01126,1
16,6144,gpu,158,add,0.00819,1
16,6144,gpu,159,vllm_ar,0.03584,1
16,6144,gpu,159,rmsnorm,0.01126,1
16,6144,gpu,159,add,0.00819,1
16,6144,gpu,160,vllm_ar,0.02355,1
16,6144,gpu,160,rmsnorm,0.01126,1
16,6144,gpu,160,add,0.00717,1
16,6144,gpu,161,vllm_ar,0.03789,1
16,6144,gpu,161,rmsnorm,0.01229,1
16,6144,gpu,161,add,0.00717,1
16,6144,gpu,162,vllm_ar,0.02867,1
16,6144,gpu,162,rmsnorm,0.01126,1
16,6144,gpu,162,add,0.00819,1
16,6144,gpu,163,vllm_ar,0.02970,1
16,6144,gpu,163,rmsnorm,0.01126,1
16,6144,gpu,163,add,0.00819,1
16,6144,gpu,164,vllm_ar,0.02867,1
16,6144,gpu,164,rmsnorm,0.01229,1
16,6144,gpu,164,add,0.00717,1
16,6144,gpu,165,vllm_ar,0.03994,1
16,6144,gpu,165,rmsnorm,0.01229,1
16,6144,gpu,165,add,0.00819,1
16,6144,gpu,166,vllm_ar,0.03072,1
16,6144,gpu,166,rmsnorm,0.01126,1
16,6144,gpu,166,add,0.00819,1
16,6144,gpu,167,vllm_ar,0.02867,1
16,6144,gpu,167,rmsnorm,0.01126,1
16,6144,gpu,167,add,0.00819,1
16,6144,gpu,168,vllm_ar,0.02867,1
16,6144,gpu,168,rmsnorm,0.01229,1
16,6144,gpu,168,add,0.00717,1
16,6144,gpu,169,vllm_ar,0.03686,1
16,6144,gpu,169,rmsnorm,0.01126,1
16,6144,gpu,169,add,0.00717,1
16,6144,gpu,170,vllm_ar,0.03174,1
16,6144,gpu,170,rmsnorm,0.01126,1
16,6144,gpu,170,add,0.00819,1
16,6144,gpu,171,vllm_ar,0.02867,1
16,6144,gpu,171,rmsnorm,0.02560,1
16,6144,gpu,171,add,0.00717,1
16,6144,gpu,172,vllm_ar,0.02970,1
16,6144,gpu,172,rmsnorm,0.01126,1
16,6144,gpu,172,add,0.00819,1
16,6144,gpu,173,vllm_ar,0.02970,1
16,6144,gpu,173,rmsnorm,0.01126,1
16,6144,gpu,173,add,0.00819,1
16,6144,gpu,174,vllm_ar,0.03277,1
16,6144,gpu,174,rmsnorm,0.01126,1
16,6144,gpu,174,add,0.00717,1
16,6144,gpu,175,vllm_ar,0.02970,1
16,6144,gpu,175,rmsnorm,0.01126,1
16,6144,gpu,175,add,0.00819,1
16,6144,gpu,176,vllm_ar,0.02867,1
16,6144,gpu,176,rmsnorm,0.01229,1
16,6144,gpu,176,add,0.00717,1
16,6144,gpu,177,vllm_ar,0.02867,1
16,6144,gpu,177,rmsnorm,0.01126,1
16,6144,gpu,177,add,0.00717,1
16,6144,gpu,178,vllm_ar,0.02253,1
16,6144,gpu,178,rmsnorm,0.01126,1
16,6144,gpu,178,add,0.00717,1
16,6144,gpu,179,vllm_ar,0.03584,1
16,6144,gpu,179,rmsnorm,0.03584,1
16,6144,gpu,179,add,0.00717,1
16,6144,gpu,180,vllm_ar,0.03174,1
16,6144,gpu,180,rmsnorm,0.01126,1
16,6144,gpu,180,add,0.00717,1
16,6144,gpu,181,vllm_ar,0.02970,1
16,6144,gpu,181,rmsnorm,0.01126,1
16,6144,gpu,181,add,0.00819,1
16,6144,gpu,182,vllm_ar,0.02970,1
16,6144,gpu,182,rmsnorm,0.01126,1
16,6144,gpu,182,add,0.00819,1
16,6144,gpu,183,vllm_ar,0.02867,1
16,6144,gpu,183,rmsnorm,0.01126,1
16,6144,gpu,183,add,0.00819,1
16,6144,gpu,184,vllm_ar,0.03994,1
16,6144,gpu,184,rmsnorm,0.01126,1
16,6144,gpu,184,add,0.00819,1
16,6144,gpu,185,vllm_ar,0.03789,1
16,6144,gpu,185,rmsnorm,0.01229,1
16,6144,gpu,185,add,0.00819,1
16,6144,gpu,186,vllm_ar,0.03379,1
16,6144,gpu,186,rmsnorm,0.01126,1
16,6144,gpu,186,add,0.00819,1
16,6144,gpu,187,vllm_ar,0.02867,1
16,6144,gpu,187,rmsnorm,0.01126,1
16,6144,gpu,187,add,0.00819,1
16,6144,gpu,188,vllm_ar,0.03174,1
16,6144,gpu,188,rmsnorm,0.01229,1
16,6144,gpu,188,add,0.00819,1
16,6144,gpu,189,vllm_ar,0.02970,1
16,6144,gpu,189,rmsnorm,0.01229,1
16,6144,gpu,189,add,0.00717,1
16,6144,gpu,190,vllm_ar,0.02765,1
16,6144,gpu,190,rmsnorm,0.01126,1
16,6144,gpu,190,add,0.00717,1
16,6144,gpu,191,vllm_ar,0.03174,1
16,6144,gpu,191,rmsnorm,0.01126,1
16,6144,gpu,191,add,0.00717,1
16,6144,gpu,192,vllm_ar,0.02867,1
16,6144,gpu,192,rmsnorm,0.01126,1
16,6144,gpu,192,add,0.00717,1
16,6144,gpu,193,vllm_ar,0.02970,1
16,6144,gpu,193,rmsnorm,0.01229,1
16,6144,gpu,193,add,0.00717,1
16,6144,gpu,194,vllm_ar,0.02867,1
16,6144,gpu,194,rmsnorm,0.01229,1
16,6144,gpu,194,add,0.00717,1
16,6144,gpu,195,vllm_ar,0.02458,1
16,6144,gpu,195,rmsnorm,0.01126,1
16,6144,gpu,195,add,0.00717,1
16,6144,gpu,196,vllm_ar,0.03174,1
16,6144,gpu,196,rmsnorm,0.01126,1
16,6144,gpu,196,add,0.00819,1
16,6144,gpu,197,vllm_ar,0.02867,1
16,6144,gpu,197,rmsnorm,0.01126,1
16,6144,gpu,197,add,0.00717,1
16,6144,gpu,198,vllm_ar,0.03789,1
16,6144,gpu,198,rmsnorm,0.01126,1
16,6144,gpu,198,add,0.00819,1
16,6144,gpu,199,vllm_ar,0.04096,1
16,6144,gpu,199,rmsnorm,0.01229,1
16,6144,gpu,199,add,0.00819,1
16,6144,steady,0,vllm_ar,0.02963,1
16,6144,steady,0,rmsnorm,0.05344,1
16,6144,steady,0,add,0.00845,1
16,6144,steady,1,vllm_ar,0.02963,1
16,6144,steady,1,rmsnorm,0.04506,1
16,6144,steady,1,add,0.00838,1
16,6144,steady,2,vllm_ar,0.03078,1
16,6144,steady,2,rmsnorm,0.04493,1
16,6144,steady,2,add,0.00851,1
16,6144,steady,3,vllm_ar,0.06944,1
16,6144,steady,3,rmsnorm,0.04326,1
16,6144,steady,3,add,0.00742,1
16,6144,steady,4,vllm_ar,0.02880,1
16,6144,steady,4,rmsnorm,0.04378,1
16,6144,steady,4,add,0.00742,1
16,6144,steady,5,vllm_ar,0.02758,1
16,6144,steady,5,rmsnorm,0.04314,1
16,6144,steady,5,add,0.00755,1
16,6144,steady,6,vllm_ar,0.03123,1
16,6144,steady,6,rmsnorm,0.04390,1
16,6144,steady,6,add,0.00826,1
16,6144,steady,7,vllm_ar,0.03085,1
16,6144,steady,7,rmsnorm,0.04493,1
16,6144,steady,7,add,0.00813,1
16,6144,steady,8,vllm_ar,0.02938,1
16,6144,steady,8,rmsnorm,0.04339,1
16,6144,steady,8,add,0.00851,1
16,6144,steady,9,vllm_ar,0.03117,1
16,6144,steady,9,rmsnorm,0.04358,1
16,6144,steady,9,add,0.00890,1
16,6144,steady,10,vllm_ar,0.03021,1
16,6144,steady,10,rmsnorm,0.04365,1
16,6144,steady,10,add,0.00800,1
16,6144,steady,11,vllm_ar,0.03469,1
16,6144,steady,11,rmsnorm,0.04595,1
16,6144,steady,11,add,0.00858,1
16,6144,steady,12,vllm_ar,0.03046,1
16,6144,steady,12,rmsnorm,0.04486,1
16,6144,steady,12,add,0.00851,1
16,6144,steady,13,vllm_ar,0.03296,1
16,6144,steady,13,rmsnorm,0.04493,1
16,6144,steady,13,add,0.00864,1
16,6144,steady,14,vllm_ar,0.03034,1
16,6144,steady,14,rmsnorm,0.04378,1
16,6144,steady,14,add,0.00794,1
16,6144,steady,15,vllm_ar,0.02874,1
16,6144,steady,15,rmsnorm,0.04352,1
16,6144,steady,15,add,0.00845,1
16,6144,steady,16,vllm_ar,0.03098,1
16,6144,steady,16,rmsnorm,0.04474,1
16,6144,steady,16,add,0.00813,1
16,6144,steady,17,vllm_ar,0.03059,1
16,6144,steady,17,rmsnorm,0.04442,1
16,6144,steady,17,add,0.00870,1
16,6144,steady,18,vllm_ar,0.02957,1
16,6144,steady,18,rmsnorm,0.04448,1
16,6144,steady,18,add,0.00851,1
16,6144,steady,19,vllm_ar,0.03059,1
16,6144,steady,19,rmsnorm,0.04486,1
16,6144,steady,19,add,0.00845,1
16,6144,steady,20,vllm_ar,0.02976,1
16,6144,steady,20,rmsnorm,0.04442,1
16,6144,steady,20,add,0.00851,1
16,6144,steady,21,vllm_ar,0.03110,1
16,6144,steady,21,rmsnorm,0.04326,1
16,6144,steady,21,add,0.00813,1
16,6144,steady,22,vllm_ar,0.03245,1
16,6144,steady,22,rmsnorm,0.04538,1
16,6144,steady,22,add,0.00858,1
16,6144,steady,23,vllm_ar,0.03072,1
16,6144,steady,23,rmsnorm,0.04467,1
16,6144,steady,23,add,0.00781,1
16,6144,steady,24,vllm_ar,0.03117,1
16,6144,steady,24,rmsnorm,0.04608,1
16,6144,steady,24,add,0.00794,1
16,6144,steady,25,vllm_ar,0.02957,1
16,6144,steady,25,rmsnorm,0.04474,1
16,6144,steady,25,add,0.00851,1
16,6144,steady,26,vllm_ar,0.02944,1
16,6144,steady,26,rmsnorm,0.04563,1
16,6144,steady,26,add,0.00858,1
16,6144,steady,27,vllm_ar,0.03117,1
16,6144,steady,27,rmsnorm,0.04365,1
16,6144,steady,27,add,0.00762,1
16,6144,steady,28,vllm_ar,0.03014,1
16,6144,steady,28,rmsnorm,0.04506,1
16,6144,steady,28,add,0.00845,1
16,6144,steady,29,vllm_ar,0.02938,1
16,6144,steady,29,rmsnorm,0.04499,1
16,6144,steady,29,add,0.00800,1
16,6144,steady,30,vllm_ar,0.03053,1
16,6144,steady,30,rmsnorm,0.04480,1
16,6144,steady,30,add,0.00864,1
16,6144,steady,31,vllm_ar,0.02963,1
16,6144,steady,31,rmsnorm,0.07840,1
16,6144,steady,31,add,0.00781,1
16,6144,steady,32,vllm_ar,0.02778,1
16,6144,steady,32,rmsnorm,0.04365,1
16,6144,steady,32,add,0.00806,1
16,6144,steady,33,vllm_ar,0.03072,1
16,6144,steady,33,rmsnorm,0.04467,1
16,6144,steady,33,add,0.00877,1
16,6144,steady,34,vllm_ar,0.03091,1
16,6144,steady,34,rmsnorm,0.04493,1
16,6144,steady,34,add,0.00851,1
16,6144,steady,35,vllm_ar,0.02963,1
16,6144,steady,35,rmsnorm,0.04442,1
16,6144,steady,35,add,0.00845,1
16,6144,steady,36,vllm_ar,0.02938,1
16,6144,steady,36,rmsnorm,0.04461,1
16,6144,steady,36,add,0.00870,1
16,6144,steady,37,vllm_ar,0.03130,1
16,6144,steady,37,rmsnorm,0.04403,1
16,6144,steady,37,add,0.00851,1
16,6144,steady,38,vllm_ar,0.02918,1
16,6144,steady,38,rmsnorm,0.04454,1
16,6144,steady,38,add,0.00832,1
16,6144,steady,39,vllm_ar,0.03059,1
16,6144,steady,39,rmsnorm,0.04544,1
16,6144,steady,39,add,0.00858,1
16,6144,steady,40,vllm_ar,0.03091,1
16,6144,steady,40,rmsnorm,0.04518,1
16,6144,steady,40,add,0.00858,1
16,6144,steady,41,vllm_ar,0.02944,1
16,6144,steady,41,rmsnorm,0.04397,1
16,6144,steady,41,add,0.00883,1
16,6144,steady,42,vllm_ar,0.03117,1
16,6144,steady,42,rmsnorm,0.04442,1
16,6144,steady,42,add,0.00851,1
16,6144,steady,43,vllm_ar,0.03002,1
16,6144,steady,43,rmsnorm,0.04365,1
16,6144,steady,43,add,0.00864,1
16,6144,steady,44,vllm_ar,0.02989,1
16,6144,steady,44,rmsnorm,0.04710,1
16,6144,steady,44,add,0.02330,1
16,6144,steady,45,vllm_ar,0.03117,1
16,6144,steady,45,rmsnorm,0.04454,1
16,6144,steady,45,add,0.00934,1
16,6144,steady,46,vllm_ar,0.03046,1
16,6144,steady,46,rmsnorm,0.04582,1
16,6144,steady,46,add,0.00819,1
16,6144,steady,47,vllm_ar,0.02842,1
16,6144,steady,47,rmsnorm,0.05280,1
16,6144,steady,47,add,0.00730,1
16,6144,steady,48,vllm_ar,0.02861,1
16,6144,steady,48,rmsnorm,0.04358,1
16,6144,steady,48,add,0.00768,1
16,6144,steady,49,vllm_ar,0.03002,1
16,6144,steady,49,rmsnorm,0.04486,1
16,6144,steady,49,add,0.00813,1
16,6144,steady,50,vllm_ar,0.03104,1
16,6144,steady,50,rmsnorm,0.04525,1
16,6144,steady,50,add,0.00819,1
16,6144,steady,51,vllm_ar,0.03034,1
16,6144,steady,51,rmsnorm,0.04512,1
16,6144,steady,51,add,0.00858,1
16,6144,steady,52,vllm_ar,0.02970,1
16,6144,steady,52,rmsnorm,0.04448,1
16,6144,steady,52,add,0.00832,1
16,6144,steady,53,vllm_ar,0.03066,1
16,6144,steady,53,rmsnorm,0.04397,1
16,6144,steady,53,add,0.00800,1
16,6144,steady,54,vllm_ar,0.03027,1
16,6144,steady,54,rmsnorm,0.04493,1
16,6144,steady,54,add,0.00845,1
16,6144,steady,55,vllm_ar,0.03206,1
16,6144,steady,55,rmsnorm,0.04448,1
16,6144,steady,55,add,0.00806,1
16,6144,steady,56,vllm_ar,0.03008,1
16,6144,steady,56,rmsnorm,0.04448,1
16,6144,steady,56,add,0.00845,1
16,6144,steady,57,vllm_ar,0.03021,1
16,6144,steady,57,rmsnorm,0.04448,1
16,6144,steady,57,add,0.00858,1
16,6144,steady,58,vllm_ar,0.03251,1
16,6144,steady,58,rmsnorm,0.04422,1
16,6144,steady,58,add,0.00800,1
16,6144,steady,59,vllm_ar,0.02970,1
16,6144,steady,59,rmsnorm,0.05632,1
16,6144,steady,59,add,0.00723,1
16,6144,steady,60,vllm_ar,0.02880,1
16,6144,steady,60,rmsnorm,0.05114,1
16,6144,steady,60,add,0.00762,1
16,6144,steady,61,vllm_ar,0.02989,1
16,6144,steady,61,rmsnorm,0.04429,1
16,6144,steady,61,add,0.00870,1
16,6144,steady,62,vllm_ar,0.03168,1
16,6144,steady,62,rmsnorm,0.04480,1
16,6144,steady,62,add,0.00845,1
16,6144,steady,63,vllm_ar,0.02842,1
16,6144,steady,63,rmsnorm,0.04320,1
16,6144,steady,63,add,0.00851,1
16,6144,steady,64,vllm_ar,0.02995,1
16,6144,steady,64,rmsnorm,0.04698,1
16,6144,steady,64,add,0.00870,1
16,6144,steady,65,vllm_ar,0.02976,1
16,6144,steady,65,rmsnorm,0.04474,1
16,6144,steady,65,add,0.00832,1
16,6144,steady,66,vllm_ar,0.02944,1
16,6144,steady,66,rmsnorm,0.04512,1
16,6144,steady,66,add,0.00794,1
16,6144,steady,67,vllm_ar,0.03046,1
16,6144,steady,67,rmsnorm,0.04480,1
16,6144,steady,67,add,0.00864,1
16,6144,steady,68,vllm_ar,0.03091,1
16,6144,steady,68,rmsnorm,0.04429,1
16,6144,steady,68,add,0.00826,1
16,6144,steady,69,vllm_ar,0.03078,1
16,6144,steady,69,rmsnorm,0.04429,1
16,6144,steady,69,add,0.00826,1
16,6144,steady,70,vllm_ar,0.02944,1
16,6144,steady,70,rmsnorm,0.05434,1
16,6144,steady,70,add,0.00896,1
16,6144,steady,71,vllm_ar,0.03098,1
16,6144,steady,71,rmsnorm,0.04518,1
16,6144,steady,71,add,0.00922,1
16,6144,steady,72,vllm_ar,0.02976,1
16,6144,steady,72,rmsnorm,0.04480,1
16,6144,steady,72,add,0.00781,1
16,6144,steady,73,vllm_ar,0.10643,1
16,6144,steady,73,rmsnorm,0.04531,1
16,6144,steady,73,add,0.00832,1
16,6144,steady,74,vllm_ar,0.02989,1
16,6144,steady,74,rmsnorm,0.04429,1
16,6144,steady,74,add,0.00787,1
16,6144,steady,75,vllm_ar,0.02886,1
16,6144,steady,75,rmsnorm,0.04461,1
16,6144,steady,75,add,0.00832,1
16,6144,steady,76,vllm_ar,0.03110,1
16,6144,steady,76,rmsnorm,0.04435,1
16,6144,steady,76,add,0.00826,1
16,6144,steady,77,vllm_ar,0.02982,1
16,6144,steady,77,rmsnorm,0.04461,1
16,6144,steady,77,add,0.00838,1
16,6144,steady,78,vllm_ar,0.03117,1
16,6144,steady,78,rmsnorm,0.04480,1
16,6144,steady,78,add,0.00819,1
16,6144,steady,79,vllm_ar,0.03046,1
16,6144,steady,79,rmsnorm,0.04416,1
16,6144,steady,79,add,0.00877,1
16,6144,steady,80,vllm_ar,0.02995,1
16,6144,steady,80,rmsnorm,0.04448,1
16,6144,steady,80,add,0.00762,1
16,6144,steady,81,vllm_ar,0.09613,1
16,6144,steady,81,rmsnorm,0.04493,1
16,6144,steady,81,add,0.00800,1
16,6144,steady,82,vllm_ar,0.03136,1
16,6144,steady,82,rmsnorm,0.04467,1
16,6144,steady,82,add,0.00768,1
16,6144,steady,83,vllm_ar,0.03027,1
16,6144,steady,83,rmsnorm,0.05459,1
16,6144,steady,83,add,0.00819,1
16,6144,steady,84,vllm_ar,0.03322,1
16,6144,steady,84,rmsnorm,0.04499,1
16,6144,steady,84,add,0.00838,1
16,6144,steady,85,vllm_ar,0.03046,1
16,6144,steady,85,rmsnorm,0.04474,1
16,6144,steady,85,add,0.00819,1
16,6144,steady,86,vllm_ar,0.02957,1
16,6144,steady,86,rmsnorm,0.04486,1
16,6144,steady,86,add,0.00819,1
16,6144,steady,87,vllm_ar,0.03098,1
16,6144,steady,87,rmsnorm,0.04384,1
16,6144,steady,87,add,0.00794,1
16,6144,steady,88,vllm_ar,0.03142,1
16,6144,steady,88,rmsnorm,0.04467,1
16,6144,steady,88,add,0.00877,1
16,6144,steady,89,vllm_ar,0.02918,1
16,6144,steady,89,rmsnorm,0.04525,1
16,6144,steady,89,add,0.00832,1
16,6144,steady,90,vllm_ar,0.03136,1
16,6144,steady,90,rmsnorm,0.04506,1
16,6144,steady,90,add,0.00870,1
16,6144,steady,91,vllm_ar,0.02982,1
16,6144,steady,91,rmsnorm,0.04480,1
16,6144,steady,91,add,0.00851,1
16,6144,steady,92,vllm_ar,0.02714,1
16,6144,steady,92,rmsnorm,0.05984,1
16,6144,steady,92,add,0.00755,1
16,6144,steady,93,vllm_ar,0.02880,1
16,6144,steady,93,rmsnorm,0.05107,1
16,6144,steady,93,add,0.00813,1
16,6144,steady,94,vllm_ar,0.03194,1
16,6144,steady,94,rmsnorm,0.04448,1
16,6144,steady,94,add,0.00819,1
16,6144,steady,95,vllm_ar,0.03104,1
16,6144,steady,95,rmsnorm,0.04422,1
16,6144,steady,95,add,0.00870,1
16,6144,steady,96,vllm_ar,0.03021,1
16,6144,steady,96,rmsnorm,0.04454,1
16,6144,steady,96,add,0.00845,1
16,6144,steady,97,vllm_ar,0.03002,1
16,6144,steady,97,rmsnorm,0.04474,1
16,6144,steady,97,add,0.00845,1
16,6144,steady,98,vllm_ar,0.02982,1
16,6144,steady,98,rmsnorm,0.04435,1
16,6144,steady,98,add,0.00870,1
16,6144,steady,99,vllm_ar,0.03270,1
16,6144,steady,99,rmsnorm,0.04390,1
16,6144,steady,99,add,0.00858,1
32,6144,gpu,0,vllm_ar,0.05427,1
32,6144,gpu,0,rmsnorm,0.05939,1
32,6144,gpu,0,add,0.00819,1
32,6144,gpu,1,vllm_ar,0.03994,1
32,6144,gpu,1,rmsnorm,0.01229,1
32,6144,gpu,1,add,0.00819,1
32,6144,gpu,2,vllm_ar,0.04198,1
32,6144,gpu,2,rmsnorm,0.01331,1
32,6144,gpu,2,add,0.00819,1
32,6144,gpu,3,vllm_ar,0.02765,1
32,6144,gpu,3,rmsnorm,0.01229,1
32,6144,gpu,3,add,0.00819,1
32,6144,gpu,4,vllm_ar,0.02970,1
32,6144,gpu,4,rmsnorm,0.01229,1
32,6144,gpu,4,add,0.00819,1
32,6144,gpu,5,vllm_ar,0.05427,1
32,6144,gpu,5,rmsnorm,0.01229,1
32,6144,gpu,5,add,0.00819,1
32,6144,gpu,6,vllm_ar,0.04096,1
32,6144,gpu,6,rmsnorm,0.01229,1
32,6144,gpu,6,add,0.00819,1
32,6144,gpu,7,vllm_ar,0.03482,1
32,6144,gpu,7,rmsnorm,0.01229,1
32,6144,gpu,7,add,0.00819,1
32,6144,gpu,8,vllm_ar,0.02662,1
32,6144,gpu,8,rmsnorm,0.01126,1
32,6144,gpu,8,add,0.00819,1
32,6144,gpu,9,vllm_ar,0.05120,1
32,6144,gpu,9,rmsnorm,0.01229,1
32,6144,gpu,9,add,0.00819,1
32,6144,gpu,10,vllm_ar,0.04301,1
32,6144,gpu,10,rmsnorm,0.01229,1
32,6144,gpu,10,add,0.00819,1
32,6144,gpu,11,vllm_ar,0.02662,1
32,6144,gpu,11,rmsnorm,0.01229,1
32,6144,gpu,11,add,0.00819,1
32,6144,gpu,12,vllm_ar,0.04198,1
32,6144,gpu,12,rmsnorm,0.01229,1
32,6144,gpu,12,add,0.00922,1
32,6144,gpu,13,vllm_ar,0.02662,1
32,6144,gpu,13,rmsnorm,0.01229,1
32,6144,gpu,13,add,0.00819,1
32,6144,gpu,14,vllm_ar,0.02662,1
32,6144,gpu,14,rmsnorm,0.01229,1
32,6144,gpu,14,add,0.00819,1
32,6144,gpu,15,vllm_ar,0.05530,1
32,6144,gpu,15,rmsnorm,0.01229,1
32,6144,gpu,15,add,0.00819,1
32,6144,gpu,16,vllm_ar,0.04608,1
32,6144,gpu,16,rmsnorm,0.01229,1
32,6144,gpu,16,add,0.00819,1
32,6144,gpu,17,vllm_ar,0.02560,1
32,6144,gpu,17,rmsnorm,0.01229,1
32,6144,gpu,17,add,0.00922,1
32,6144,gpu,18,vllm_ar,0.02662,1
32,6144,gpu,18,rmsnorm,0.01229,1
32,6144,gpu,18,add,0.00819,1
32,6144,gpu,19,vllm_ar,0.05427,1
32,6144,gpu,19,rmsnorm,0.01229,1
32,6144,gpu,19,add,0.00819,1
32,6144,gpu,20,vllm_ar,0.03994,1
32,6144,gpu,20,rmsnorm,0.01229,1
32,6144,gpu,20,add,0.00819,1
32,6144,gpu,21,vllm_ar,0.02662,1
32,6144,gpu,21,rmsnorm,0.01126,1
32,6144,gpu,21,add,0.00819,1
32,6144,gpu,22,vllm_ar,0.04096,1
32,6144,gpu,22,rmsnorm,0.01229,1
32,6144,gpu,22,add,0.00819,1
32,6144,gpu,23,vllm_ar,0.02662,1
32,6144,gpu,23,rmsnorm,0.01229,1
32,6144,gpu,23,add,0.00819,1
32,6144,gpu,24,vllm_ar,0.03277,1
32,6144,gpu,24,rmsnorm,0.01229,1
32,6144,gpu,24,add,0.00819,1
32,6144,gpu,25,vllm_ar,0.05120,1
32,6144,gpu,25,rmsnorm,0.01229,1
32,6144,gpu,25,add,0.00819,1
32,6144,gpu,26,vllm_ar,0.04096,1
32,6144,gpu,26,rmsnorm,0.01126,1
32,6144,gpu,26,add,0.00819,1
32,6144,gpu,27,vllm_ar,0.03789,1
32,6144,gpu,27,rmsnorm,0.01229,1
32,6144,gpu,27,add,0.00819,1
32,6144,gpu,28,vllm_ar,0.02765,1
32,6144,gpu,28,rmsnorm,0.01229,1
32,6144,gpu,28,add,0.00819,1
32,6144,gpu,29,vllm_ar,0.05632,1
32,6144,gpu,29,rmsnorm,0.01126,1
32,6144,gpu,29,add,0.00819,1
32,6144,gpu,30,vllm_ar,0.03686,1
32,6144,gpu,30,rmsnorm,0.01126,1
32,6144,gpu,30,add,0.00819,1
32,6144,gpu,31,vllm_ar,0.03994,1
32,6144,gpu,31,rmsnorm,0.01229,1
32,6144,gpu,31,add,0.00819,1
32,6144,gpu,32,vllm_ar,0.04198,1
32,6144,gpu,32,rmsnorm,0.01229,1
32,6144,gpu,32,add,0.00819,1
32,6144,gpu,33,vllm_ar,0.02662,1
32,6144,gpu,33,rmsnorm,0.01229,1
32,6144,gpu,33,add,0.00819,1
32,6144,gpu,34,vllm_ar,0.02560,1
32,6144,gpu,34,rmsnorm,0.01126,1
32,6144,gpu,34,add,0.00819,1
32,6144,gpu,35,vllm_ar,0.05530,1
32,6144,gpu,35,rmsnorm,0.01229,1
32,6144,gpu,35,add,0.00819,1
32,6144,gpu,36,vllm_ar,0.03482,1
32,6144,gpu,36,rmsnorm,0.01229,1
32,6144,gpu,36,add,0.00819,1
32,6144,gpu,37,vllm_ar,0.04096,1
32,6144,gpu,37,rmsnorm,0.01229,1
32,6144,gpu,37,add,0.00819,1
32,6144,gpu,38,vllm_ar,0.05325,1
32,6144,gpu,38,rmsnorm,0.01229,1
32,6144,gpu,38,add,0.00819,1
32,6144,gpu,39,vllm_ar,0.03994,1
32,6144,gpu,39,rmsnorm,0.01229,1
32,6144,gpu,39,add,0.00819,1
32,6144,gpu,40,vllm_ar,0.03994,1
32,6144,gpu,40,rmsnorm,0.01229,1
32,6144,gpu,40,add,0.00819,1
32,6144,gpu,41,vllm_ar,0.04096,1
32,6144,gpu,41,rmsnorm,0.01229,1
32,6144,gpu,41,add,0.00819,1
32,6144,gpu,42,vllm_ar,0.03994,1
32,6144,gpu,42,rmsnorm,0.01229,1
32,6144,gpu,42,add,0.00819,1
32,6144,gpu,43,vllm_ar,0.02765,1
32,6144,gpu,43,rmsnorm,0.01229,1
32,6144,gpu,43,add,0.00819,1
32,6144,gpu,44,vllm_ar,0.05427,1
32,6144,gpu,44,rmsnorm,0.01229,1
32,6144,gpu,44,add,0.00819,1
32,6144,gpu,45,vllm_ar,0.03891,1
32,6144,gpu,45,rmsnorm,0.01229,1
32,6144,gpu,45,add,0.00819,1
32,6144,gpu,46,vllm_ar,0.04096,1
32,6144,gpu,46,rmsnorm,0.01229,1
32,6144,gpu,46,add,0.00819,1
32,6144,gpu,47,vllm_ar,0.05325,1
32,6144,gpu,47,rmsnorm,0.01229,1
32,6144,gpu,47,add,0.00819,1
32,6144,gpu,48,vllm_ar,0.03994,1
32,6144,gpu,48,rmsnorm,0.09114,1
32,6144,gpu,48,add,0.00819,1
32,6144,gpu,49,vllm_ar,0.03994,1
32,6144,gpu,49,rmsnorm,0.01229,1
32,6144,gpu,49,add,0.00819,1
32,6144,gpu,50,vllm_ar,0.02662,1
32,6144,gpu,50,rmsnorm,0.01229,1
32,6144,gpu,50,add,0.00819,1
32,6144,gpu,51,vllm_ar,0.02662,1
32,6144,gpu,51,rmsnorm,0.01229,1
32,6144,gpu,51,add,0.00819,1
32,6144,gpu,52,vllm_ar,0.04096,1
32,6144,gpu,52,rmsnorm,0.01229,1
32,6144,gpu,52,add,0.00819,1
32,6144,gpu,53,vllm_ar,0.05325,1
32,6144,gpu,53,rmsnorm,0.01229,1
32,6144,gpu,53,add,0.00819,1
32,6144,gpu,54,vllm_ar,0.04096,1
32,6144,gpu,54,rmsnorm,0.01229,1
32,6144,gpu,54,add,0.00819,1
32,6144,gpu,55,vllm_ar,0.03994,1
32,6144,gpu,55,rmsnorm,0.01229,1
32,6144,gpu,55,add,0.00819,1
32,6144,gpu,56,vllm_ar,0.05120,1
32,6144,gpu,56,rmsnorm,0.01229,1
32,6144,gpu,56,add,0.00819,1
32,6144,gpu,57,vllm_ar,0.04096,1
32,6144,gpu,57,rmsnorm,0.01229,1
32,6144,gpu,57,add,0.00819,1
32,6144,gpu,58,vllm_ar,0.04096,1
32,6144,gpu,58,rmsnorm,0.01229,1
32,6144,gpu,58,add,0.00819,1
32,6144,gpu,59,vllm_ar,0.03994,1
32,6144,gpu,59,rmsnorm,0.08909,1
32,6144,gpu,59,add,0.00819,1
32,6144,gpu,60,vllm_ar,0.04096,1
32,6144,gpu,60,rmsnorm,0.01229,1
32,6144,gpu,60,add,0.00819,1
32,6144,gpu,61,vllm_ar,0.05530,1
32,6144,gpu,61,rmsnorm,0.01331,1
32,6144,gpu,61,add,0.00819,1
32,6144,gpu,62,vllm_ar,0.04198,1
32,6144,gpu,62,rmsnorm,0.01229,1
32,6144,gpu,62,add,0.03174,1
32,6144,gpu,63,vllm_ar,0.05120,1
32,6144,gpu,63,rmsnorm,0.01229,1
32,6144,gpu,63,add,0.00819,1
32,6144,gpu,64,vllm_ar,0.03891,1
32,6144,gpu,64,rmsnorm,0.01229,1
32,6144,gpu,64,add,0.00819,1
32,6144,gpu,65,vllm_ar,0.03994,1
32,6144,gpu,65,rmsnorm,0.01229,1
32,6144,gpu,65,add,0.00819,1
32,6144,gpu,66,vllm_ar,0.03994,1
32,6144,gpu,66,rmsnorm,0.01229,1
32,6144,gpu,66,add,0.00819,1
32,6144,gpu,67,vllm_ar,0.02560,1
32,6144,gpu,67,rmsnorm,0.01229,1
32,6144,gpu,67,add,0.00819,1
32,6144,gpu,68,vllm_ar,0.05018,1
32,6144,gpu,68,rmsnorm,0.01229,1
32,6144,gpu,68,add,0.00819,1
32,6144,gpu,69,vllm_ar,0.05427,1
32,6144,gpu,69,rmsnorm,0.01229,1
32,6144,gpu,69,add,0.00819,1
32,6144,gpu,70,vllm_ar,0.02662,1
32,6144,gpu,70,rmsnorm,0.01229,1
32,6144,gpu,70,add,0.00819,1
32,6144,gpu,71,vllm_ar,0.03994,1
32,6144,gpu,71,rmsnorm,0.01126,1
32,6144,gpu,71,add,0.00819,1
32,6144,gpu,72,vllm_ar,0.04403,1
32,6144,gpu,72,rmsnorm,0.01229,1
32,6144,gpu,72,add,0.00819,1
32,6144,gpu,73,vllm_ar,0.05325,1
32,6144,gpu,73,rmsnorm,0.01229,1
32,6144,gpu,73,add,0.03174,1
32,6144,gpu,74,vllm_ar,0.02662,1
32,6144,gpu,74,rmsnorm,0.01229,1
32,6144,gpu,74,add,0.00819,1
32,6144,gpu,75,vllm_ar,0.03994,1
32,6144,gpu,75,rmsnorm,0.01126,1
32,6144,gpu,75,add,0.00819,1
32,6144,gpu,76,vllm_ar,0.05734,1
32,6144,gpu,76,rmsnorm,0.01229,1
32,6144,gpu,76,add,0.00819,1
32,6144,gpu,77,vllm_ar,0.04506,1
32,6144,gpu,77,rmsnorm,0.01229,1
32,6144,gpu,77,add,0.00819,1
32,6144,gpu,78,vllm_ar,0.02662,1
32,6144,gpu,78,rmsnorm,0.01229,1
32,6144,gpu,78,add,0.00819,1
32,6144,gpu,79,vllm_ar,0.02662,1
32,6144,gpu,79,rmsnorm,0.01229,1
32,6144,gpu,79,add,0.00819,1
32,6144,gpu,80,vllm_ar,0.03994,1
32,6144,gpu,80,rmsnorm,0.01229,1
32,6144,gpu,80,add,0.00819,1
32,6144,gpu,81,vllm_ar,0.02662,1
32,6144,gpu,81,rmsnorm,0.01229,1
32,6144,gpu,81,add,0.00819,1
32,6144,gpu,82,vllm_ar,0.05427,1
32,6144,gpu,82,rmsnorm,0.01229,1
32,6144,gpu,82,add,0.00819,1
32,6144,gpu,83,vllm_ar,0.02560,1
32,6144,gpu,83,rmsnorm,0.01229,1
32,6144,gpu,83,add,0.00819,1
32,6144,gpu,84,vllm_ar,0.02662,1
32,6144,gpu,84,rmsnorm,0.01229,1
32,6144,gpu,84,add,0.00819,1
32,6144,gpu,85,vllm_ar,0.03686,1
32,6144,gpu,85,rmsnorm,0.01229,1
32,6144,gpu,85,add,0.00819,1
32,6144,gpu,86,vllm_ar,0.05734,1
32,6144,gpu,86,rmsnorm,0.01229,1
32,6144,gpu,86,add,0.00819,1
32,6144,gpu,87,vllm_ar,0.05222,1
32,6144,gpu,87,rmsnorm,0.01126,1
32,6144,gpu,87,add,0.00819,1
32,6144,gpu,88,vllm_ar,0.02560,1
32,6144,gpu,88,rmsnorm,0.01229,1
32,6144,gpu,88,add,0.00819,1
32,6144,gpu,89,vllm_ar,0.03994,1
32,6144,gpu,89,rmsnorm,0.01229,1
32,6144,gpu,89,add,0.00819,1
32,6144,gpu,90,vllm_ar,0.04096,1
32,6144,gpu,90,rmsnorm,0.01229,1
32,6144,gpu,90,add,0.00819,1
32,6144,gpu,91,vllm_ar,0.02560,1
32,6144,gpu,91,rmsnorm,0.01229,1
32,6144,gpu,91,add,0.00819,1
32,6144,gpu,92,vllm_ar,0.05427,1
32,6144,gpu,92,rmsnorm,0.01229,1
32,6144,gpu,92,add,0.00819,1
32,6144,gpu,93,vllm_ar,0.03174,1
32,6144,gpu,93,rmsnorm,0.01229,1
32,6144,gpu,93,add,0.00819,1
32,6144,gpu,94,vllm_ar,0.04198,1
32,6144,gpu,94,rmsnorm,0.01229,1
32,6144,gpu,94,add,0.00819,1
32,6144,gpu,95,vllm_ar,0.05837,1
32,6144,gpu,95,rmsnorm,0.01229,1
32,6144,gpu,95,add,0.00819,1
32,6144,gpu,96,vllm_ar,0.04506,1
32,6144,gpu,96,rmsnorm,0.01229,1
32,6144,gpu,96,add,0.00819,1
32,6144,gpu,97,vllm_ar,0.04198,1
32,6144,gpu,97,rmsnorm,0.01229,1
32,6144,gpu,97,add,0.00819,1
32,6144,gpu,98,vllm_ar,0.03994,1
32,6144,gpu,98,rmsnorm,0.01229,1
32,6144,gpu,98,add,0.00922,1
32,6144,gpu,99,vllm_ar,0.05018,1
32,6144,gpu,99,rmsnorm,0.01229,1
32,6144,gpu,99,add,0.00819,1
32,6144,gpu,100,vllm_ar,0.03174,1
32,6144,gpu,100,rmsnorm,0.01229,1
32,6144,gpu,100,add,0.00819,1
32,6144,gpu,101,vllm_ar,0.02560,1
32,6144,gpu,101,rmsnorm,0.01229,1
32,6144,gpu,101,add,0.00819,1
32,6144,gpu,102,vllm_ar,0.05427,1
32,6144,gpu,102,rmsnorm,0.01229,1
32,6144,gpu,102,add,0.00819,1
32,6144,gpu,103,vllm_ar,0.02662,1
32,6144,gpu,103,rmsnorm,0.01229,1
32,6144,gpu,103,add,0.00819,1
32,6144,gpu,104,vllm_ar,0.05427,1
32,6144,gpu,104,rmsnorm,0.01229,1
32,6144,gpu,104,add,0.00819,1
32,6144,gpu,105,vllm_ar,0.04301,1
32,6144,gpu,105,rmsnorm,0.01331,1
32,6144,gpu,105,add,0.00819,1
32,6144,gpu,106,vllm_ar,0.04096,1
32,6144,gpu,106,rmsnorm,0.01229,1
32,6144,gpu,106,add,0.00819,1
32,6144,gpu,107,vllm_ar,0.03891,1
32,6144,gpu,107,rmsnorm,0.01229,1
32,6144,gpu,107,add,0.00819,1
32,6144,gpu,108,vllm_ar,0.03584,1
32,6144,gpu,108,rmsnorm,0.01229,1
32,6144,gpu,108,add,0.00819,1
32,6144,gpu,109,vllm_ar,0.03994,1
32,6144,gpu,109,rmsnorm,0.01229,1
32,6144,gpu,109,add,0.00819,1
32,6144,gpu,110,vllm_ar,0.04301,1
32,6144,gpu,110,rmsnorm,0.01229,1
32,6144,gpu,110,add,0.00819,1
32,6144,gpu,111,vllm_ar,0.02662,1
32,6144,gpu,111,rmsnorm,0.01229,1
32,6144,gpu,111,add,0.00819,1
32,6144,gpu,112,vllm_ar,0.05120,1
32,6144,gpu,112,rmsnorm,0.01229,1
32,6144,gpu,112,add,0.00819,1
32,6144,gpu,113,vllm_ar,0.04198,1
32,6144,gpu,113,rmsnorm,0.01229,1
32,6144,gpu,113,add,0.00819,1
32,6144,gpu,114,vllm_ar,0.05734,1
32,6144,gpu,114,rmsnorm,0.01229,1
32,6144,gpu,114,add,0.00819,1
32,6144,gpu,115,vllm_ar,0.04813,1
32,6144,gpu,115,rmsnorm,0.01331,1
32,6144,gpu,115,add,0.00819,1
32,6144,gpu,116,vllm_ar,0.03072,1
32,6144,gpu,116,rmsnorm,0.01229,1
32,6144,gpu,116,add,0.00819,1
32,6144,gpu,117,vllm_ar,0.03994,1
32,6144,gpu,117,rmsnorm,0.01229,1
32,6144,gpu,117,add,0.00819,1
32,6144,gpu,118,vllm_ar,0.02662,1
32,6144,gpu,118,rmsnorm,0.01229,1
32,6144,gpu,118,add,0.00819,1
32,6144,gpu,119,vllm_ar,0.05120,1
32,6144,gpu,119,rmsnorm,0.01229,1
32,6144,gpu,119,add,0.00819,1
32,6144,gpu,120,vllm_ar,0.02970,1
32,6144,gpu,120,rmsnorm,0.01229,1
32,6144,gpu,120,add,0.00819,1
32,6144,gpu,121,vllm_ar,0.05018,1
32,6144,gpu,121,rmsnorm,0.01229,1
32,6144,gpu,121,add,0.00819,1
32,6144,gpu,122,vllm_ar,0.04198,1
32,6144,gpu,122,rmsnorm,0.01229,1
32,6144,gpu,122,add,0.00819,1
32,6144,gpu,123,vllm_ar,0.05632,1
32,6144,gpu,123,rmsnorm,0.01229,1
32,6144,gpu,123,add,0.00819,1
32,6144,gpu,124,vllm_ar,0.03994,1
32,6144,gpu,124,rmsnorm,0.01229,1
32,6144,gpu,124,add,0.00819,1
32,6144,gpu,125,vllm_ar,0.03891,1
32,6144,gpu,125,rmsnorm,0.01229,1
32,6144,gpu,125,add,0.00819,1
32,6144,gpu,126,vllm_ar,0.03994,1
32,6144,gpu,126,rmsnorm,0.01229,1
32,6144,gpu,126,add,0.00819,1
32,6144,gpu,127,vllm_ar,0.04096,1
32,6144,gpu,127,rmsnorm,0.01331,1
32,6144,gpu,127,add,0.00819,1
32,6144,gpu,128,vllm_ar,0.04403,1
32,6144,gpu,128,rmsnorm,0.08499,1
32,6144,gpu,128,add,0.00819,1
32,6144,gpu,129,vllm_ar,0.03994,1
32,6144,gpu,129,rmsnorm,0.01229,1
32,6144,gpu,129,add,0.00717,1
32,6144,gpu,130,vllm_ar,0.05018,1
32,6144,gpu,130,rmsnorm,0.01229,1
32,6144,gpu,130,add,0.00819,1
32,6144,gpu,131,vllm_ar,0.03994,1
32,6144,gpu,131,rmsnorm,0.01229,1
32,6144,gpu,131,add,0.00819,1
32,6144,gpu,132,vllm_ar,0.05427,1
32,6144,gpu,132,rmsnorm,0.01229,1
32,6144,gpu,132,add,0.00819,1
32,6144,gpu,133,vllm_ar,0.04198,1
32,6144,gpu,133,rmsnorm,0.01229,1
32,6144,gpu,133,add,0.00819,1
32,6144,gpu,134,vllm_ar,0.03891,1
32,6144,gpu,134,rmsnorm,0.01229,1
32,6144,gpu,134,add,0.00819,1
32,6144,gpu,135,vllm_ar,0.03891,1
32,6144,gpu,135,rmsnorm,0.01229,1
32,6144,gpu,135,add,0.00819,1
32,6144,gpu,136,vllm_ar,0.04301,1
32,6144,gpu,136,rmsnorm,0.01126,1
32,6144,gpu,136,add,0.00819,1
32,6144,gpu,137,vllm_ar,0.04403,1
32,6144,gpu,137,rmsnorm,0.01229,1
32,6144,gpu,137,add,0.00819,1
32,6144,gpu,138,vllm_ar,0.03994,1
32,6144,gpu,138,rmsnorm,0.01229,1
32,6144,gpu,138,add,0.00819,1
32,6144,gpu,139,vllm_ar,0.05530,1
32,6144,gpu,139,rmsnorm,0.01229,1
32,6144,gpu,139,add,0.00819,1
32,6144,gpu,140,vllm_ar,0.05734,1
32,6144,gpu,140,rmsnorm,0.08909,1
32,6144,gpu,140,add,0.00819,1
32,6144,gpu,141,vllm_ar,0.02560,1
32,6144,gpu,141,rmsnorm,0.01229,1
32,6144,gpu,141,add,0.00819,1
32,6144,gpu,142,vllm_ar,0.04198,1
32,6144,gpu,142,rmsnorm,0.01229,1
32,6144,gpu,142,add,0.00819,1
32,6144,gpu,143,vllm_ar,0.04096,1
32,6144,gpu,143,rmsnorm,0.01229,1
32,6144,gpu,143,add,0.03174,1
32,6144,gpu,144,vllm_ar,0.04096,1
32,6144,gpu,144,rmsnorm,0.01229,1
32,6144,gpu,144,add,0.00819,1
32,6144,gpu,145,vllm_ar,0.03994,1
32,6144,gpu,145,rmsnorm,0.01229,1
32,6144,gpu,145,add,0.00819,1
32,6144,gpu,146,vllm_ar,0.03994,1
32,6144,gpu,146,rmsnorm,0.01229,1
32,6144,gpu,146,add,0.00819,1
32,6144,gpu,147,vllm_ar,0.04915,1
32,6144,gpu,147,rmsnorm,0.01229,1
32,6144,gpu,147,add,0.00819,1
32,6144,gpu,148,vllm_ar,0.05427,1
32,6144,gpu,148,rmsnorm,0.01229,1
32,6144,gpu,148,add,0.00819,1
32,6144,gpu,149,vllm_ar,0.04301,1
32,6144,gpu,149,rmsnorm,0.01229,1
32,6144,gpu,149,add,0.00819,1
32,6144,gpu,150,vllm_ar,0.03891,1
32,6144,gpu,150,rmsnorm,0.01229,1
32,6144,gpu,150,add,0.00819,1
32,6144,gpu,151,vllm_ar,0.04096,1
32,6144,gpu,151,rmsnorm,0.01229,1
32,6144,gpu,151,add,0.00819,1
32,6144,gpu,152,vllm_ar,0.04198,1
32,6144,gpu,152,rmsnorm,0.01229,1
32,6144,gpu,152,add,0.00819,1
32,6144,gpu,153,vllm_ar,0.03994,1
32,6144,gpu,153,rmsnorm,0.01229,1
32,6144,gpu,153,add,0.00819,1
32,6144,gpu,154,vllm_ar,0.04198,1
32,6144,gpu,154,rmsnorm,0.01126,1
32,6144,gpu,154,add,0.03482,1
32,6144,gpu,155,vllm_ar,0.05427,1
32,6144,gpu,155,rmsnorm,0.01229,1
32,6144,gpu,155,add,0.00819,1
32,6144,gpu,156,vllm_ar,0.05427,1
32,6144,gpu,156,rmsnorm,0.01229,1
32,6144,gpu,156,add,0.00819,1
32,6144,gpu,157,vllm_ar,0.04403,1
32,6144,gpu,157,rmsnorm,0.01229,1
32,6144,gpu,157,add,0.00819,1
32,6144,gpu,158,vllm_ar,0.03994,1
32,6144,gpu,158,rmsnorm,0.01229,1
32,6144,gpu,158,add,0.00819,1
32,6144,gpu,159,vllm_ar,0.05018,1
32,6144,gpu,159,rmsnorm,0.01229,1
32,6144,gpu,159,add,0.00819,1
32,6144,gpu,160,vllm_ar,0.03277,1
32,6144,gpu,160,rmsnorm,0.01229,1
32,6144,gpu,160,add,0.00819,1
32,6144,gpu,161,vllm_ar,0.04403,1
32,6144,gpu,161,rmsnorm,0.01126,1
32,6144,gpu,161,add,0.00819,1
32,6144,gpu,162,vllm_ar,0.03789,1
32,6144,gpu,162,rmsnorm,0.01229,1
32,6144,gpu,162,add,0.00819,1
32,6144,gpu,163,vllm_ar,0.04403,1
32,6144,gpu,163,rmsnorm,0.01229,1
32,6144,gpu,163,add,0.00819,1
32,6144,gpu,164,vllm_ar,0.02662,1
32,6144,gpu,164,rmsnorm,0.01229,1
32,6144,gpu,164,add,0.00819,1
32,6144,gpu,165,vllm_ar,0.05427,1
32,6144,gpu,165,rmsnorm,0.01229,1
32,6144,gpu,165,add,0.00819,1
32,6144,gpu,166,vllm_ar,0.05120,1
32,6144,gpu,166,rmsnorm,0.01229,1
32,6144,gpu,166,add,0.00819,1
32,6144,gpu,167,vllm_ar,0.03891,1
32,6144,gpu,167,rmsnorm,0.01229,1
32,6144,gpu,167,add,0.00819,1
32,6144,gpu,168,vllm_ar,0.04301,1
32,6144,gpu,168,rmsnorm,0.01229,1
32,6144,gpu,168,add,0.00819,1
32,6144,gpu,169,vllm_ar,0.04710,1
32,6144,gpu,169,rmsnorm,0.01126,1
32,6144,gpu,169,add,0.00819,1
32,6144,gpu,170,vllm_ar,0.03994,1
32,6144,gpu,170,rmsnorm,0.01229,1
32,6144,gpu,170,add,0.00819,1
32,6144,gpu,171,vllm_ar,0.04198,1
32,6144,gpu,171,rmsnorm,0.01229,1
32,6144,gpu,171,add,0.00819,1
32,6144,gpu,172,vllm_ar,0.04198,1
32,6144,gpu,172,rmsnorm,0.01229,1
32,6144,gpu,172,add,0.00819,1
32,6144,gpu,173,vllm_ar,0.05734,1
32,6144,gpu,173,rmsnorm,0.01229,1
32,6144,gpu,173,add,0.00819,1
32,6144,gpu,174,vllm_ar,0.02662,1
32,6144,gpu,174,rmsnorm,0.01229,1
32,6144,gpu,174,add,0.00819,1
32,6144,gpu,175,vllm_ar,0.04403,1
32,6144,gpu,175,rmsnorm,0.01229,1
32,6144,gpu,175,add,0.00819,1
32,6144,gpu,176,vllm_ar,0.03994,1
32,6144,gpu,176,rmsnorm,0.01229,1
32,6144,gpu,176,add,0.00819,1
32,6144,gpu,177,vllm_ar,0.04301,1
32,6144,gpu,177,rmsnorm,0.07168,1
32,6144,gpu,177,add,0.00819,1
32,6144,gpu,178,vllm_ar,0.04096,1
32,6144,gpu,178,rmsnorm,0.01126,1
32,6144,gpu,178,add,0.00819,1
32,6144,gpu,179,vllm_ar,0.03994,1
32,6144,gpu,179,rmsnorm,0.01229,1
32,6144,gpu,179,add,0.00819,1
32,6144,gpu,180,vllm_ar,0.02970,1
32,6144,gpu,180,rmsnorm,0.01229,1
32,6144,gpu,180,add,0.00819,1
32,6144,gpu,181,vllm_ar,0.02970,1
32,6144,gpu,181,rmsnorm,0.01229,1
32,6144,gpu,181,add,0.00819,1
32,6144,gpu,182,vllm_ar,0.05837,1
32,6144,gpu,182,rmsnorm,0.01229,1
32,6144,gpu,182,add,0.00819,1
32,6144,gpu,183,vllm_ar,0.03994,1
32,6144,gpu,183,rmsnorm,0.01229,1
32,6144,gpu,183,add,0.00819,1
32,6144,gpu,184,vllm_ar,0.04506,1
32,6144,gpu,184,rmsnorm,0.01229,1
32,6144,gpu,184,add,0.00819,1
32,6144,gpu,185,vllm_ar,0.03994,1
32,6144,gpu,185,rmsnorm,0.01229,1
32,6144,gpu,185,add,0.00819,1
32,6144,gpu,186,vllm_ar,0.04096,1
32,6144,gpu,186,rmsnorm,0.01229,1
32,6144,gpu,186,add,0.00819,1
32,6144,gpu,187,vllm_ar,0.04301,1
32,6144,gpu,187,rmsnorm,0.01229,1
32,6144,gpu,187,add,0.00819,1
32,6144,gpu,188,vllm_ar,0.04096,1
32,6144,gpu,188,rmsnorm,0.01229,1
32,6144,gpu,188,add,0.00717,1
32,6144,gpu,189,vllm_ar,0.04198,1
32,6144,gpu,189,rmsnorm,0.01229,1
32,6144,gpu,189,add,0.00819,1
32,6144,gpu,190,vllm_ar,0.03482,1
32,6144,gpu,190,rmsnorm,0.01229,1
32,6144,gpu,190,add,0.00819,1
32,6144,gpu,191,vllm_ar,0.02662,1
32,6144,gpu,191,rmsnorm,0.01229,1
32,6144,gpu,191,add,0.00819,1
32,6144,gpu,192,vllm_ar,0.05427,1
32,6144,gpu,192,rmsnorm,0.01229,1
32,6144,gpu,192,add,0.00819,1
32,6144,gpu,193,vllm_ar,0.04198,1
32,6144,gpu,193,rmsnorm,0.01229,1
32,6144,gpu,193,add,0.00819,1
32,6144,gpu,194,vllm_ar,0.04506,1
32,6144,gpu,194,rmsnorm,0.01229,1
32,6144,gpu,194,add,0.00819,1
32,6144,gpu,195,vllm_ar,0.03994,1
32,6144,gpu,195,rmsnorm,0.01229,1
32,6144,gpu,195,add,0.00819,1
32,6144,gpu,196,vllm_ar,0.03891,1
32,6144,gpu,196,rmsnorm,0.01229,1
32,6144,gpu,196,add,0.00819,1
32,6144,gpu,197,vllm_ar,0.05018,1
32,6144,gpu,197,rmsnorm,0.01229,1
32,6144,gpu,197,add,0.00819,1
32,6144,gpu,198,vllm_ar,0.03994,1
32,6144,gpu,198,rmsnorm,0.01229,1
32,6144,gpu,198,add,0.00819,1
32,6144,gpu,199,vllm_ar,0.02662,1
32,6144,gpu,199,rmsnorm,0.01229,1
32,6144,gpu,199,add,0.00819,1
32,6144,steady,0,vllm_ar,0.03616,1
32,6144,steady,0,rmsnorm,0.04762,1
32,6144,steady,0,add,0.00858,1
32,6144,steady,1,vllm_ar,0.03104,1
32,6144,steady,1,rmsnorm,0.04493,1
32,6144,steady,1,add,0.00902,1
32,6144,steady,2,vllm_ar,0.03155,1
32,6144,steady,2,rmsnorm,0.04429,1
32,6144,steady,2,add,0.00819,1
32,6144,steady,3,vllm_ar,0.03059,1
32,6144,steady,3,rmsnorm,0.04506,1
32,6144,steady,3,add,0.00845,1
32,6144,steady,4,vllm_ar,0.03066,1
32,6144,steady,4,rmsnorm,0.04352,1
32,6144,steady,4,add,0.00832,1
32,6144,steady,5,vllm_ar,0.03040,1
32,6144,steady,5,rmsnorm,0.04410,1
32,6144,steady,5,add,0.00845,1
32,6144,steady,6,vllm_ar,0.07014,1
32,6144,steady,6,rmsnorm,0.04365,1
32,6144,steady,6,add,0.00749,1
32,6144,steady,7,vllm_ar,0.02835,1
32,6144,steady,7,rmsnorm,0.04326,1
32,6144,steady,7,add,0.00781,1
32,6144,steady,8,vllm_ar,0.03418,1
32,6144,steady,8,rmsnorm,0.04339,1
32,6144,steady,8,add,0.00442,1
32,6144,steady,9,vllm_ar,0.03098,1
32,6144,steady,9,rmsnorm,0.04480,1
32,6144,steady,9,add,0.00838,1
32,6144,steady,10,vllm_ar,0.03110,1
32,6144,steady,10,rmsnorm,0.04410,1
32,6144,steady,10,add,0.00749,1
32,6144,steady,11,vllm_ar,0.03040,1
32,6144,steady,11,rmsnorm,0.04371,1
32,6144,steady,11,add,0.00845,1
32,6144,steady,12,vllm_ar,0.03040,1
32,6144,steady,12,rmsnorm,0.04461,1
32,6144,steady,12,add,0.00845,1
32,6144,steady,13,vllm_ar,0.03046,1
32,6144,steady,13,rmsnorm,0.04474,1
32,6144,steady,13,add,0.00858,1
32,6144,steady,14,vllm_ar,0.02938,1
32,6144,steady,14,rmsnorm,0.04941,1
32,6144,steady,14,add,0.00723,1
32,6144,steady,15,vllm_ar,0.03309,1
32,6144,steady,15,rmsnorm,0.04435,1
32,6144,steady,15,add,0.00883,1
32,6144,steady,16,vllm_ar,0.03085,1
32,6144,steady,16,rmsnorm,0.04442,1
32,6144,steady,16,add,0.00864,1
32,6144,steady,17,vllm_ar,0.03066,1
32,6144,steady,17,rmsnorm,0.04563,1
32,6144,steady,17,add,0.00845,1
32,6144,steady,18,vllm_ar,0.03085,1
32,6144,steady,18,rmsnorm,0.04282,1
32,6144,steady,18,add,0.00832,1
32,6144,steady,19,vllm_ar,0.03027,1
32,6144,steady,19,rmsnorm,0.04614,1
32,6144,steady,19,add,0.00826,1
32,6144,steady,20,vllm_ar,0.03130,1
32,6144,steady,20,rmsnorm,0.04410,1
32,6144,steady,20,add,0.00819,1
32,6144,steady,21,vllm_ar,0.02957,1
32,6144,steady,21,rmsnorm,0.04531,1
32,6144,steady,21,add,0.00864,1
32,6144,steady,22,vllm_ar,0.03130,1
32,6144,steady,22,rmsnorm,0.04582,1
32,6144,steady,22,add,0.00941,1
32,6144,steady,23,vllm_ar,0.03187,1
32,6144,steady,23,rmsnorm,0.04480,1
32,6144,steady,23,add,0.00768,1
32,6144,steady,24,vllm_ar,0.03034,1
32,6144,steady,24,rmsnorm,0.04570,1
32,6144,steady,24,add,0.00845,1
32,6144,steady,25,vllm_ar,0.03021,1
32,6144,steady,25,rmsnorm,0.04461,1
32,6144,steady,25,add,0.00749,1
32,6144,steady,26,vllm_ar,0.03040,1
32,6144,steady,26,rmsnorm,0.04461,1
32,6144,steady,26,add,0.00896,1
32,6144,steady,27,vllm_ar,0.03014,1
32,6144,steady,27,rmsnorm,0.04557,1
32,6144,steady,27,add,0.00877,1
32,6144,steady,28,vllm_ar,0.02950,1
32,6144,steady,28,rmsnorm,0.04493,1
32,6144,steady,28,add,0.00762,1
32,6144,steady,29,vllm_ar,0.03168,1
32,6144,steady,29,rmsnorm,0.04467,1
32,6144,steady,29,add,0.00838,1
32,6144,steady,30,vllm_ar,0.03002,1
32,6144,steady,30,rmsnorm,0.05530,1
32,6144,steady,30,add,0.00960,1
32,6144,steady,31,vllm_ar,0.03078,1
32,6144,steady,31,rmsnorm,0.04454,1
32,6144,steady,31,add,0.00864,1
32,6144,steady,32,vllm_ar,0.03149,1
32,6144,steady,32,rmsnorm,0.04486,1
32,6144,steady,32,add,0.00845,1
32,6144,steady,33,vllm_ar,0.03053,1
32,6144,steady,33,rmsnorm,0.04454,1
32,6144,steady,33,add,0.00838,1
32,6144,steady,34,vllm_ar,0.03667,1
32,6144,steady,34,rmsnorm,0.04531,1
32,6144,steady,34,add,0.00819,1
32,6144,steady,35,vllm_ar,0.03341,1
32,6144,steady,35,rmsnorm,0.04480,1
32,6144,steady,35,add,0.00813,1
32,6144,steady,36,vllm_ar,0.03021,1
32,6144,steady,36,rmsnorm,0.04474,1
32,6144,steady,36,add,0.00717,1
32,6144,steady,37,vllm_ar,0.02957,1
32,6144,steady,37,rmsnorm,0.04410,1
32,6144,steady,37,add,0.00813,1
32,6144,steady,38,vllm_ar,0.03059,1
32,6144,steady,38,rmsnorm,0.04448,1
32,6144,steady,38,add,0.00832,1
32,6144,steady,39,vllm_ar,0.03040,1
32,6144,steady,39,rmsnorm,0.04384,1
32,6144,steady,39,add,0.00710,1
32,6144,steady,40,vllm_ar,0.02944,1
32,6144,steady,40,rmsnorm,0.04474,1
32,6144,steady,40,add,0.00883,1
32,6144,steady,41,vllm_ar,0.03008,1
32,6144,steady,41,rmsnorm,0.04448,1
32,6144,steady,41,add,0.00832,1
32,6144,steady,42,vllm_ar,0.02982,1
32,6144,steady,42,rmsnorm,0.04870,1
32,6144,steady,42,add,0.00864,1
32,6144,steady,43,vllm_ar,0.04179,1
32,6144,steady,43,rmsnorm,0.04544,1
32,6144,steady,43,add,0.00845,1
32,6144,steady,44,vllm_ar,0.03226,1
32,6144,steady,44,rmsnorm,0.05158,1
32,6144,steady,44,add,0.00864,1
32,6144,steady,45,vllm_ar,0.02976,1
32,6144,steady,45,rmsnorm,0.04467,1
32,6144,steady,45,add,0.00749,1
32,6144,steady,46,vllm_ar,0.02957,1
32,6144,steady,46,rmsnorm,0.04474,1
32,6144,steady,46,add,0.00845,1
32,6144,steady,47,vllm_ar,0.03040,1
32,6144,steady,47,rmsnorm,0.04493,1
32,6144,steady,47,add,0.00845,1
32,6144,steady,48,vllm_ar,0.03219,1
32,6144,steady,48,rmsnorm,0.04416,1
32,6144,steady,48,add,0.00838,1
32,6144,steady,49,vllm_ar,0.03072,1
32,6144,steady,49,rmsnorm,0.04358,1
32,6144,steady,49,add,0.00845,1
32,6144,steady,50,vllm_ar,0.03040,1
32,6144,steady,50,rmsnorm,0.04467,1
32,6144,steady,50,add,0.00845,1
32,6144,steady,51,vllm_ar,0.02976,1
32,6144,steady,51,rmsnorm,0.04550,1
32,6144,steady,51,add,0.00838,1
32,6144,steady,52,vllm_ar,0.03149,1
32,6144,steady,52,rmsnorm,0.04442,1
32,6144,steady,52,add,0.00851,1
32,6144,steady,53,vllm_ar,0.03066,1
32,6144,steady,53,rmsnorm,0.04454,1
32,6144,steady,53,add,0.00845,1
32,6144,steady,54,vllm_ar,0.03834,1
32,6144,steady,54,rmsnorm,9.77645,1
32,6144,steady,54,add,0.00755,1
32,6144,steady,55,vllm_ar,0.03866,1
32,6144,steady,55,rmsnorm,0.04755,1
32,6144,steady,55,add,0.00826,1
32,6144,steady,56,vllm_ar,0.02931,1
32,6144,steady,56,rmsnorm,0.04493,1
32,6144,steady,56,add,0.00742,1
32,6144,steady,57,vllm_ar,0.02746,1
32,6144,steady,57,rmsnorm,0.04525,1
32,6144,steady,57,add,0.00832,1
32,6144,steady,58,vllm_ar,0.02912,1
32,6144,steady,58,rmsnorm,0.04480,1
32,6144,steady,58,add,0.00755,1
32,6144,steady,59,vllm_ar,0.03046,1
32,6144,steady,59,rmsnorm,0.04518,1
32,6144,steady,59,add,0.00813,1
32,6144,steady,60,vllm_ar,0.05005,1
32,6144,steady,60,rmsnorm,0.04525,1
32,6144,steady,60,add,0.00845,1
32,6144,steady,61,vllm_ar,0.03987,1
32,6144,steady,61,rmsnorm,0.04525,1
32,6144,steady,61,add,0.00858,1
32,6144,steady,62,vllm_ar,0.03136,1
32,6144,steady,62,rmsnorm,0.04550,1
32,6144,steady,62,add,0.00826,1
32,6144,steady,63,vllm_ar,0.03034,1
32,6144,steady,63,rmsnorm,0.04550,1
32,6144,steady,63,add,0.00742,1
32,6144,steady,64,vllm_ar,0.03142,1
32,6144,steady,64,rmsnorm,0.04435,1
32,6144,steady,64,add,0.00851,1
32,6144,steady,65,vllm_ar,0.04710,1
32,6144,steady,65,rmsnorm,0.04442,1
32,6144,steady,65,add,0.00832,1
32,6144,steady,66,vllm_ar,0.03974,1
32,6144,steady,66,rmsnorm,0.04589,1
32,6144,steady,66,add,0.01702,1
32,6144,steady,67,vllm_ar,0.03104,1
32,6144,steady,67,rmsnorm,0.04467,1
32,6144,steady,67,add,0.00768,1
32,6144,steady,68,vllm_ar,0.03162,1
32,6144,steady,68,rmsnorm,0.04518,1
32,6144,steady,68,add,0.00666,1
32,6144,steady,69,vllm_ar,0.03034,1
32,6144,steady,69,rmsnorm,0.04333,1
32,6144,steady,69,add,0.00755,1
32,6144,steady,70,vllm_ar,0.02995,1
32,6144,steady,70,rmsnorm,0.04461,1
32,6144,steady,70,add,0.00800,1
32,6144,steady,71,vllm_ar,0.03053,1
32,6144,steady,71,rmsnorm,0.04525,1
32,6144,steady,71,add,0.00864,1
32,6144,steady,72,vllm_ar,0.03034,1
32,6144,steady,72,rmsnorm,0.04461,1
32,6144,steady,72,add,0.00845,1
32,6144,steady,73,vllm_ar,0.03002,1
32,6144,steady,73,rmsnorm,0.04403,1
32,6144,steady,73,add,0.00832,1
32,6144,steady,74,vllm_ar,0.03110,1
32,6144,steady,74,rmsnorm,0.04442,1
32,6144,steady,74,add,0.00819,1
32,6144,steady,75,vllm_ar,0.03072,1
32,6144,steady,75,rmsnorm,0.04480,1
32,6144,steady,75,add,0.00730,1
32,6144,steady,76,vllm_ar,0.03194,1
32,6144,steady,76,rmsnorm,0.04384,1
32,6144,steady,76,add,0.00730,1
32,6144,steady,77,vllm_ar,0.03110,1
32,6144,steady,77,rmsnorm,0.04371,1
32,6144,steady,77,add,0.00902,1
32,6144,steady,78,vllm_ar,0.03245,1
32,6144,steady,78,rmsnorm,0.04448,1
32,6144,steady,78,add,0.00858,1
32,6144,steady,79,vllm_ar,0.03078,1
32,6144,steady,79,rmsnorm,0.04499,1
32,6144,steady,79,add,0.00845,1
32,6144,steady,80,vllm_ar,0.03053,1
32,6144,steady,80,rmsnorm,0.04486,1
32,6144,steady,80,add,0.00870,1
32,6144,steady,81,vllm_ar,0.03008,1
32,6144,steady,81,rmsnorm,0.04474,1
32,6144,steady,81,add,0.00915,1
32,6144,steady,82,vllm_ar,0.03117,1
32,6144,steady,82,rmsnorm,0.04384,1
32,6144,steady,82,add,0.00832,1
32,6144,steady,83,vllm_ar,0.03405,1
32,6144,steady,83,rmsnorm,0.05005,1
32,6144,steady,83,add,0.01235,1
32,6144,steady,84,vllm_ar,0.03104,1
32,6144,steady,84,rmsnorm,0.04525,1
32,6144,steady,84,add,0.00870,1
32,6144,steady,85,vllm_ar,0.02797,1
32,6144,steady,85,rmsnorm,0.05894,1
32,6144,steady,85,add,0.01101,1
32,6144,steady,86,vllm_ar,0.03379,1
32,6144,steady,86,rmsnorm,0.04582,1
32,6144,steady,86,add,0.00813,1
32,6144,steady,87,vllm_ar,0.02995,1
32,6144,steady,87,rmsnorm,0.04614,1
32,6144,steady,87,add,0.00819,1
32,6144,steady,88,vllm_ar,0.03091,1
32,6144,steady,88,rmsnorm,0.04506,1
32,6144,steady,88,add,0.00826,1
32,6144,steady,89,vllm_ar,0.03021,1
32,6144,steady,89,rmsnorm,0.04685,1
32,6144,steady,89,add,0.00851,1
32,6144,steady,90,vllm_ar,0.03027,1
32,6144,steady,90,rmsnorm,0.04531,1
32,6144,steady,90,add,0.00787,1
32,6144,steady,91,vllm_ar,0.03219,1
32,6144,steady,91,rmsnorm,0.05267,1
32,6144,steady,91,add,0.00627,1
32,6144,steady,92,vllm_ar,0.03021,1
32,6144,steady,92,rmsnorm,0.04448,1
32,6144,steady,92,add,0.00806,1
32,6144,steady,93,vllm_ar,0.03072,1
32,6144,steady,93,rmsnorm,0.04467,1
32,6144,steady,93,add,0.00813,1
32,6144,steady,94,vllm_ar,0.02931,1
32,6144,steady,94,rmsnorm,0.04467,1
32,6144,steady,94,add,0.00717,1
32,6144,steady,95,vllm_ar,0.03072,1
32,6144,steady,95,rmsnorm,0.12723,1
32,6144,steady,95,add,0.03174,1
32,6144,steady,96,vllm_ar,0.03558,1
32,6144,steady,96,rmsnorm,0.04602,1
32,6144,steady,96,add,0.00813,1
32,6144,steady,97,vllm_ar,0.03507,1
32,6144,steady,97,rmsnorm,0.04608,1
32,6144,steady,97,add,0.00819,1
32,6144,steady,98,vllm_ar,0.03002,1
32,6144,steady,98,rmsnorm,0.04416,1
32,6144,steady,98,add,0.00864,1
32,6144,steady,99,vllm_ar,0.03187,1
32,6144,steady,99,rmsnorm,0.04403,1
32,6144,steady,99,add,0.00710,1
64,6144,gpu,0,vllm_ar,0.05120,1
64,6144,gpu,0,rmsnorm,0.12595,1
64,6144,gpu,0,add,0.00922,1
64,6144,gpu,1,vllm_ar,0.05120,1
64,6144,gpu,1,rmsnorm,0.01229,1
64,6144,gpu,1,add,0.00922,1
64,6144,gpu,2,vllm_ar,0.03072,1
64,6144,gpu,2,rmsnorm,0.01229,1
64,6144,gpu,2,add,0.00922,1
64,6144,gpu,3,vllm_ar,0.04403,1
64,6144,gpu,3,rmsnorm,0.01229,1
64,6144,gpu,3,add,0.00819,1
64,6144,gpu,4,vllm_ar,0.02970,1
64,6144,gpu,4,rmsnorm,0.01229,1
64,6144,gpu,4,add,0.00922,1
64,6144,gpu,5,vllm_ar,0.03789,1
64,6144,gpu,5,rmsnorm,0.01229,1
64,6144,gpu,5,add,0.04915,1
64,6144,gpu,6,vllm_ar,0.06656,1
64,6144,gpu,6,rmsnorm,0.01229,1
64,6144,gpu,6,add,0.00922,1
64,6144,gpu,7,vllm_ar,0.04301,1
64,6144,gpu,7,rmsnorm,0.01229,1
64,6144,gpu,7,add,0.00922,1
64,6144,gpu,8,vllm_ar,0.03686,1
64,6144,gpu,8,rmsnorm,0.01229,1
64,6144,gpu,8,add,0.00922,1
64,6144,gpu,9,vllm_ar,0.05734,1
64,6144,gpu,9,rmsnorm,0.01229,1
64,6144,gpu,9,add,0.00922,1
64,6144,gpu,10,vllm_ar,0.04198,1
64,6144,gpu,10,rmsnorm,0.01331,1
64,6144,gpu,10,add,0.00819,1
64,6144,gpu,11,vllm_ar,0.03994,1
64,6144,gpu,11,rmsnorm,0.01229,1
64,6144,gpu,11,add,0.00922,1
64,6144,gpu,12,vllm_ar,0.04301,1
64,6144,gpu,12,rmsnorm,0.01229,1
64,6144,gpu,12,add,0.00922,1
64,6144,gpu,13,vllm_ar,0.03482,1
64,6144,gpu,13,rmsnorm,0.01331,1
64,6144,gpu,13,add,0.00922,1
64,6144,gpu,14,vllm_ar,0.03789,1
64,6144,gpu,14,rmsnorm,0.01331,1
64,6144,gpu,14,add,0.00819,1
64,6144,gpu,15,vllm_ar,0.03072,1
64,6144,gpu,15,rmsnorm,0.01229,1
64,6144,gpu,15,add,0.00819,1
64,6144,gpu,16,vllm_ar,0.06656,1
64,6144,gpu,16,rmsnorm,0.01229,1
64,6144,gpu,16,add,0.00922,1
64,6144,gpu,17,vllm_ar,0.22630,1
64,6144,gpu,17,rmsnorm,0.01229,1
64,6144,gpu,17,add,0.00819,1
64,6144,gpu,18,vllm_ar,0.02970,1
64,6144,gpu,18,rmsnorm,0.01229,1
64,6144,gpu,18,add,0.00922,1
64,6144,gpu,19,vllm_ar,0.05120,1
64,6144,gpu,19,rmsnorm,0.01229,1
64,6144,gpu,19,add,0.00922,1
64,6144,gpu,20,vllm_ar,0.03482,1
64,6144,gpu,20,rmsnorm,0.01229,1
64,6144,gpu,20,add,0.00819,1
64,6144,gpu,21,vllm_ar,0.96051,1
64,6144,gpu,21,rmsnorm,0.01229,1
64,6144,gpu,21,add,0.00922,1
64,6144,gpu,22,vllm_ar,0.03686,1
64,6144,gpu,22,rmsnorm,0.01229,1
64,6144,gpu,22,add,0.00922,1
64,6144,gpu,23,vllm_ar,0.02970,1
64,6144,gpu,23,rmsnorm,0.01229,1
64,6144,gpu,23,add,0.00922,1
64,6144,gpu,24,vllm_ar,0.07066,1
64,6144,gpu,24,rmsnorm,0.01229,1
64,6144,gpu,24,add,0.00922,1
64,6144,gpu,25,vllm_ar,0.02970,1
64,6144,gpu,25,rmsnorm,0.01229,1
64,6144,gpu,25,add,0.00922,1
64,6144,gpu,26,vllm_ar,0.04096,1
64,6144,gpu,26,rmsnorm,0.01229,1
64,6144,gpu,26,add,0.00922,1
64,6144,gpu,27,vllm_ar,0.05120,1
64,6144,gpu,27,rmsnorm,0.01229,1
64,6144,gpu,27,add,0.00922,1
64,6144,gpu,28,vllm_ar,0.04198,1
64,6144,gpu,28,rmsnorm,0.01229,1
64,6144,gpu,28,add,0.00922,1
64,6144,gpu,29,vllm_ar,0.02970,1
64,6144,gpu,29,rmsnorm,0.01229,1
64,6144,gpu,29,add,0.00922,1
64,6144,gpu,30,vllm_ar,0.04096,1
64,6144,gpu,30,rmsnorm,0.01331,1
64,6144,gpu,30,add,0.00922,1
64,6144,gpu,31,vllm_ar,0.03994,1
64,6144,gpu,31,rmsnorm,0.01229,1
64,6144,gpu,31,add,0.00922,1
64,6144,gpu,32,vllm_ar,0.04096,1
64,6144,gpu,32,rmsnorm,0.08602,1
64,6144,gpu,32,add,0.00922,1
64,6144,gpu,33,vllm_ar,0.06758,1
64,6144,gpu,33,rmsnorm,0.01331,1
64,6144,gpu,33,add,0.00922,1
64,6144,gpu,34,vllm_ar,0.03174,1
64,6144,gpu,34,rmsnorm,0.01229,1
64,6144,gpu,34,add,0.00819,1
64,6144,gpu,35,vllm_ar,0.05120,1
64,6144,gpu,35,rmsnorm,0.01331,1
64,6144,gpu,35,add,0.00922,1
64,6144,gpu,36,vllm_ar,0.04198,1
64,6144,gpu,36,rmsnorm,0.01331,1
64,6144,gpu,36,add,0.00922,1
64,6144,gpu,37,vllm_ar,0.04403,1
64,6144,gpu,37,rmsnorm,0.01229,1
64,6144,gpu,37,add,0.00819,1
64,6144,gpu,38,vllm_ar,0.03072,1
64,6144,gpu,38,rmsnorm,0.01331,1
64,6144,gpu,38,add,0.00922,1
64,6144,gpu,39,vllm_ar,0.04608,1
64,6144,gpu,39,rmsnorm,0.01229,1
64,6144,gpu,39,add,0.00922,1
64,6144,gpu,40,vllm_ar,0.03789,1
64,6144,gpu,40,rmsnorm,0.01229,1
64,6144,gpu,40,add,0.00819,1
64,6144,gpu,41,vllm_ar,0.03379,1
64,6144,gpu,41,rmsnorm,0.01331,1
64,6144,gpu,41,add,0.00922,1
64,6144,gpu,42,vllm_ar,0.06656,1
64,6144,gpu,42,rmsnorm,0.01229,1
64,6144,gpu,42,add,0.00922,1
64,6144,gpu,43,vllm_ar,0.04096,1
64,6144,gpu,43,rmsnorm,0.01229,1
64,6144,gpu,43,add,0.00922,1
64,6144,gpu,44,vllm_ar,0.05018,1
64,6144,gpu,44,rmsnorm,0.01229,1
64,6144,gpu,44,add,0.00922,1
64,6144,gpu,45,vllm_ar,0.03072,1
64,6144,gpu,45,rmsnorm,0.01229,1
64,6144,gpu,45,add,0.00922,1
64,6144,gpu,46,vllm_ar,0.04608,1
64,6144,gpu,46,rmsnorm,0.01229,1
64,6144,gpu,46,add,0.00922,1
64,6144,gpu,47,vllm_ar,0.04403,1
64,6144,gpu,47,rmsnorm,0.01229,1
64,6144,gpu,47,add,0.00819,1
64,6144,gpu,48,vllm_ar,0.03891,1
64,6144,gpu,48,rmsnorm,0.01229,1
64,6144,gpu,48,add,0.00922,1
64,6144,gpu,49,vllm_ar,0.04096,1
64,6144,gpu,49,rmsnorm,0.01229,1
64,6144,gpu,49,add,0.00922,1
64,6144,gpu,50,vllm_ar,0.03277,1
64,6144,gpu,50,rmsnorm,0.01229,1
64,6144,gpu,50,add,0.00922,1
64,6144,gpu,51,vllm_ar,0.06144,1
64,6144,gpu,51,rmsnorm,0.01229,1
64,6144,gpu,51,add,0.00922,1
64,6144,gpu,52,vllm_ar,0.05120,1
64,6144,gpu,52,rmsnorm,0.01229,1
64,6144,gpu,52,add,0.00819,1
64,6144,gpu,53,vllm_ar,0.03072,1
64,6144,gpu,53,rmsnorm,0.01331,1
64,6144,gpu,53,add,0.00922,1
64,6144,gpu,54,vllm_ar,0.05018,1
64,6144,gpu,54,rmsnorm,0.01229,1
64,6144,gpu,54,add,0.00922,1
64,6144,gpu,55,vllm_ar,0.03994,1
64,6144,gpu,55,rmsnorm,0.01229,1
64,6144,gpu,55,add,0.00922,1
64,6144,gpu,56,vllm_ar,0.04096,1
64,6144,gpu,56,rmsnorm,0.01229,1
64,6144,gpu,56,add,0.00819,1
64,6144,gpu,57,vllm_ar,0.04813,1
64,6144,gpu,57,rmsnorm,0.01229,1
64,6144,gpu,57,add,0.00819,1
64,6144,gpu,58,vllm_ar,0.03891,1
64,6144,gpu,58,rmsnorm,0.01229,1
64,6144,gpu,58,add,0.00922,1
64,6144,gpu,59,vllm_ar,0.04198,1
64,6144,gpu,59,rmsnorm,0.01229,1
64,6144,gpu,59,add,0.00922,1
64,6144,gpu,60,vllm_ar,0.06656,1
64,6144,gpu,60,rmsnorm,0.01229,1
64,6144,gpu,60,add,0.00922,1
64,6144,gpu,61,vllm_ar,0.05018,1
64,6144,gpu,61,rmsnorm,0.01229,1
64,6144,gpu,61,add,0.00922,1
64,6144,gpu,62,vllm_ar,0.04096,1
64,6144,gpu,62,rmsnorm,0.01229,1
64,6144,gpu,62,add,0.00922,1
64,6144,gpu,63,vllm_ar,0.05018,1
64,6144,gpu,63,rmsnorm,0.01229,1
64,6144,gpu,63,add,0.00922,1
64,6144,gpu,64,vllm_ar,0.03994,1
64,6144,gpu,64,rmsnorm,0.01229,1
64,6144,gpu,64,add,0.00922,1
64,6144,gpu,65,vllm_ar,0.02970,1
64,6144,gpu,65,rmsnorm,0.01229,1
64,6144,gpu,65,add,0.00922,1
64,6144,gpu,66,vllm_ar,0.04096,1
64,6144,gpu,66,rmsnorm,0.01229,1
64,6144,gpu,66,add,0.00922,1
64,6144,gpu,67,vllm_ar,0.03994,1
64,6144,gpu,67,rmsnorm,0.01331,1
64,6144,gpu,67,add,0.00922,1
64,6144,gpu,68,vllm_ar,0.04301,1
64,6144,gpu,68,rmsnorm,0.01229,1
64,6144,gpu,68,add,0.00922,1
64,6144,gpu,69,vllm_ar,0.06656,1
64,6144,gpu,69,rmsnorm,0.01229,1
64,6144,gpu,69,add,0.00819,1
64,6144,gpu,70,vllm_ar,0.04096,1
64,6144,gpu,70,rmsnorm,0.01229,1
64,6144,gpu,70,add,0.00922,1
64,6144,gpu,71,vllm_ar,0.04403,1
64,6144,gpu,71,rmsnorm,0.01331,1
64,6144,gpu,71,add,0.00922,1
64,6144,gpu,72,vllm_ar,0.06554,1
64,6144,gpu,72,rmsnorm,0.01229,1
64,6144,gpu,72,add,0.00922,1
64,6144,gpu,73,vllm_ar,0.04403,1
64,6144,gpu,73,rmsnorm,0.01229,1
64,6144,gpu,73,add,0.00922,1
64,6144,gpu,74,vllm_ar,0.04301,1
64,6144,gpu,74,rmsnorm,0.01331,1
64,6144,gpu,74,add,0.00922,1
64,6144,gpu,75,vllm_ar,0.02970,1
64,6144,gpu,75,rmsnorm,0.01229,1
64,6144,gpu,75,add,0.00922,1
64,6144,gpu,76,vllm_ar,0.04198,1
64,6144,gpu,76,rmsnorm,0.01229,1
64,6144,gpu,76,add,0.00819,1
64,6144,gpu,77,vllm_ar,0.02970,1
64,6144,gpu,77,rmsnorm,0.01331,1
64,6144,gpu,77,add,0.00922,1
64,6144,gpu,78,vllm_ar,0.06656,1
64,6144,gpu,78,rmsnorm,0.01229,1
64,6144,gpu,78,add,0.00922,1
64,6144,gpu,79,vllm_ar,0.04403,1
64,6144,gpu,79,rmsnorm,0.01229,1
64,6144,gpu,79,add,0.00922,1
64,6144,gpu,80,vllm_ar,0.05120,1
64,6144,gpu,80,rmsnorm,0.01229,1
64,6144,gpu,80,add,0.00922,1
64,6144,gpu,81,vllm_ar,0.05222,1
64,6144,gpu,81,rmsnorm,0.01229,1
64,6144,gpu,81,add,0.00922,1
64,6144,gpu,82,vllm_ar,0.04096,1
64,6144,gpu,82,rmsnorm,0.01229,1
64,6144,gpu,82,add,0.00922,1
64,6144,gpu,83,vllm_ar,0.03891,1
64,6144,gpu,83,rmsnorm,0.01229,1
64,6144,gpu,83,add,0.00922,1
64,6144,gpu,84,vllm_ar,0.05632,1
64,6144,gpu,84,rmsnorm,0.01229,1
64,6144,gpu,84,add,0.00922,1
64,6144,gpu,85,vllm_ar,0.03174,1
64,6144,gpu,85,rmsnorm,0.01229,1
64,6144,gpu,85,add,0.00922,1
64,6144,gpu,86,vllm_ar,0.02970,1
64,6144,gpu,86,rmsnorm,0.01229,1
64,6144,gpu,86,add,0.00922,1
64,6144,gpu,87,vllm_ar,1.56160,1
64,6144,gpu,87,rmsnorm,0.01229,1
64,6144,gpu,87,add,0.00922,1
64,6144,gpu,88,vllm_ar,0.05120,1
64,6144,gpu,88,rmsnorm,0.01229,1
64,6144,gpu,88,add,0.00922,1
64,6144,gpu,89,vllm_ar,0.05120,1
64,6144,gpu,89,rmsnorm,0.01229,1
64,6144,gpu,89,add,0.00819,1
64,6144,gpu,90,vllm_ar,0.04096,1
64,6144,gpu,90,rmsnorm,0.01229,1
64,6144,gpu,90,add,0.00922,1
64,6144,gpu,91,vllm_ar,0.03789,1
64,6144,gpu,91,rmsnorm,0.01229,1
64,6144,gpu,91,add,0.00819,1
64,6144,gpu,92,vllm_ar,0.04506,1
64,6144,gpu,92,rmsnorm,0.01229,1
64,6144,gpu,92,add,0.00922,1
64,6144,gpu,93,vllm_ar,0.03379,1
64,6144,gpu,93,rmsnorm,0.01229,1
64,6144,gpu,93,add,0.00922,1
64,6144,gpu,94,vllm_ar,0.04198,1
64,6144,gpu,94,rmsnorm,0.01229,1
64,6144,gpu,94,add,0.00922,1
64,6144,gpu,95,vllm_ar,0.06246,1
64,6144,gpu,95,rmsnorm,0.01229,1
64,6144,gpu,95,add,0.00819,1
64,6144,gpu,96,vllm_ar,0.06042,1
64,6144,gpu,96,rmsnorm,0.01229,1
64,6144,gpu,96,add,0.00922,1
64,6144,gpu,97,vllm_ar,0.05325,1
64,6144,gpu,97,rmsnorm,0.01229,1
64,6144,gpu,97,add,0.00922,1
64,6144,gpu,98,vllm_ar,0.05018,1
64,6144,gpu,98,rmsnorm,0.08602,1
64,6144,gpu,98,add,0.00922,1
64,6144,gpu,99,vllm_ar,0.04198,1
64,6144,gpu,99,rmsnorm,0.01229,1
64,6144,gpu,99,add,0.00922,1
64,6144,gpu,100,vllm_ar,0.04710,1
64,6144,gpu,100,rmsnorm,0.01229,1
64,6144,gpu,100,add,0.00922,1
64,6144,gpu,101,vllm_ar,0.03174,1
64,6144,gpu,101,rmsnorm,0.01331,1
64,6144,gpu,101,add,0.00922,1
64,6144,gpu,102,vllm_ar,0.05530,1
64,6144,gpu,102,rmsnorm,0.09626,1
64,6144,gpu,102,add,0.00922,1
64,6144,gpu,103,vllm_ar,0.05530,1
64,6144,gpu,103,rmsnorm,0.01229,1
64,6144,gpu,103,add,0.00922,1
64,6144,gpu,104,vllm_ar,0.05530,1
64,6144,gpu,104,rmsnorm,0.01229,1
64,6144,gpu,104,add,0.00922,1
64,6144,gpu,105,vllm_ar,0.02970,1
64,6144,gpu,105,rmsnorm,0.01331,1
64,6144,gpu,105,add,0.00922,1
64,6144,gpu,106,vllm_ar,0.05018,1
64,6144,gpu,106,rmsnorm,0.01229,1
64,6144,gpu,106,add,0.00922,1
64,6144,gpu,107,vllm_ar,0.03994,1
64,6144,gpu,107,rmsnorm,0.01229,1
64,6144,gpu,107,add,0.00922,1
64,6144,gpu,108,vllm_ar,0.05530,1
64,6144,gpu,108,rmsnorm,0.01229,1
64,6144,gpu,108,add,0.00922,1
64,6144,gpu,109,vllm_ar,0.02970,1
64,6144,gpu,109,rmsnorm,0.01229,1
64,6144,gpu,109,add,0.00922,1
64,6144,gpu,110,vllm_ar,0.03174,1
64,6144,gpu,110,rmsnorm,0.01229,1
64,6144,gpu,110,add,0.00819,1
64,6144,gpu,111,vllm_ar,0.05632,1
64,6144,gpu,111,rmsnorm,0.01229,1
64,6144,gpu,111,add,0.00819,1
64,6144,gpu,112,vllm_ar,0.06042,1
64,6144,gpu,112,rmsnorm,0.01229,1
64,6144,gpu,112,add,0.00922,1
64,6144,gpu,113,vllm_ar,1.39981,1
64,6144,gpu,113,rmsnorm,0.01229,1
64,6144,gpu,113,add,0.00922,1
64,6144,gpu,114,vllm_ar,0.05120,1
64,6144,gpu,114,rmsnorm,0.01331,1
64,6144,gpu,114,add,0.00922,1
64,6144,gpu,115,vllm_ar,0.03994,1
64,6144,gpu,115,rmsnorm,0.01229,1
64,6144,gpu,115,add,0.00922,1
64,6144,gpu,116,vllm_ar,0.04506,1
64,6144,gpu,116,rmsnorm,0.01229,1
64,6144,gpu,116,add,0.00922,1
64,6144,gpu,117,vllm_ar,0.03891,1
64,6144,gpu,117,rmsnorm,0.01229,1
64,6144,gpu,117,add,0.00922,1
64,6144,gpu,118,vllm_ar,0.03072,1
64,6144,gpu,118,rmsnorm,0.01229,1
64,6144,gpu,118,add,0.00819,1
64,6144,gpu,119,vllm_ar,0.05530,1
64,6144,gpu,119,rmsnorm,0.01229,1
64,6144,gpu,119,add,0.00922,1
64,6144,gpu,120,vllm_ar,0.05530,1
64,6144,gpu,120,rmsnorm,0.01229,1
64,6144,gpu,120,add,0.00922,1
64,6144,gpu,121,vllm_ar,0.03174,1
64,6144,gpu,121,rmsnorm,0.01229,1
64,6144,gpu,121,add,0.00922,1
64,6144,gpu,122,vllm_ar,0.05632,1
64,6144,gpu,122,rmsnorm,0.01229,1
64,6144,gpu,122,add,0.00819,1
64,6144,gpu,123,vllm_ar,0.05120,1
64,6144,gpu,123,rmsnorm,0.01229,1
64,6144,gpu,123,add,0.00922,1
64,6144,gpu,124,vllm_ar,0.04608,1
64,6144,gpu,124,rmsnorm,0.01229,1
64,6144,gpu,124,add,0.00819,1
64,6144,gpu,125,vllm_ar,0.03994,1
64,6144,gpu,125,rmsnorm,0.01229,1
64,6144,gpu,125,add,0.00922,1
64,6144,gpu,126,vllm_ar,0.04096,1
64,6144,gpu,126,rmsnorm,0.01229,1
64,6144,gpu,126,add,0.00922,1
64,6144,gpu,127,vllm_ar,0.05222,1
64,6144,gpu,127,rmsnorm,0.01229,1
64,6144,gpu,127,add,0.00922,1
64,6144,gpu,128,vllm_ar,0.05018,1
64,6144,gpu,128,rmsnorm,0.01229,1
64,6144,gpu,128,add,0.00922,1
64,6144,gpu,129,vllm_ar,0.06042,1
64,6144,gpu,129,rmsnorm,0.01229,1
64,6144,gpu,129,add,0.00922,1
64,6144,gpu,130,vllm_ar,0.03891,1
64,6144,gpu,130,rmsnorm,0.01229,1
64,6144,gpu,130,add,0.00922,1
64,6144,gpu,131,vllm_ar,0.05222,1
64,6144,gpu,131,rmsnorm,0.01331,1
64,6144,gpu,131,add,0.00922,1
64,6144,gpu,132,vllm_ar,0.05120,1
64,6144,gpu,132,rmsnorm,0.01229,1
64,6144,gpu,132,add,0.00922,1
64,6144,gpu,133,vllm_ar,0.03994,1
64,6144,gpu,133,rmsnorm,0.01229,1
64,6144,gpu,133,add,0.00922,1
64,6144,gpu,134,vllm_ar,0.03174,1
64,6144,gpu,134,rmsnorm,0.01229,1
64,6144,gpu,134,add,0.00922,1
64,6144,gpu,135,vllm_ar,0.04403,1
64,6144,gpu,135,rmsnorm,0.01229,1
64,6144,gpu,135,add,0.00922,1
64,6144,gpu,136,vllm_ar,0.04403,1
64,6144,gpu,136,rmsnorm,0.01229,1
64,6144,gpu,136,add,0.00819,1
64,6144,gpu,137,vllm_ar,0.04301,1
64,6144,gpu,137,rmsnorm,0.01229,1
64,6144,gpu,137,add,0.00819,1
64,6144,gpu,138,vllm_ar,0.05939,1
64,6144,gpu,138,rmsnorm,0.01229,1
64,6144,gpu,138,add,0.00922,1
64,6144,gpu,139,vllm_ar,0.03994,1
64,6144,gpu,139,rmsnorm,0.01229,1
64,6144,gpu,139,add,0.00922,1
64,6144,gpu,140,vllm_ar,0.05530,1
64,6144,gpu,140,rmsnorm,0.01229,1
64,6144,gpu,140,add,0.00922,1
64,6144,gpu,141,vllm_ar,0.05120,1
64,6144,gpu,141,rmsnorm,0.01229,1
64,6144,gpu,141,add,0.00922,1
64,6144,gpu,142,vllm_ar,0.05325,1
64,6144,gpu,142,rmsnorm,0.01229,1
64,6144,gpu,142,add,0.00922,1
64,6144,gpu,143,vllm_ar,0.04608,1
64,6144,gpu,143,rmsnorm,0.01331,1
64,6144,gpu,143,add,0.00819,1
64,6144,gpu,144,vllm_ar,0.03072,1
64,6144,gpu,144,rmsnorm,0.01229,1
64,6144,gpu,144,add,0.00922,1
64,6144,gpu,145,vllm_ar,0.04403,1
64,6144,gpu,145,rmsnorm,0.01229,1
64,6144,gpu,145,add,0.00922,1
64,6144,gpu,146,vllm_ar,0.04301,1
64,6144,gpu,146,rmsnorm,0.01229,1
64,6144,gpu,146,add,0.00819,1
64,6144,gpu,147,vllm_ar,0.05325,1
64,6144,gpu,147,rmsnorm,0.01331,1
64,6144,gpu,147,add,0.00922,1
64,6144,gpu,148,vllm_ar,0.03891,1
64,6144,gpu,148,rmsnorm,0.01229,1
64,6144,gpu,148,add,0.00819,1
64,6144,gpu,149,vllm_ar,0.05120,1
64,6144,gpu,149,rmsnorm,0.01229,1
64,6144,gpu,149,add,0.00819,1
64,6144,gpu,150,vllm_ar,0.04915,1
64,6144,gpu,150,rmsnorm,0.01331,1
64,6144,gpu,150,add,0.00922,1
64,6144,gpu,151,vllm_ar,0.04403,1
64,6144,gpu,151,rmsnorm,0.01229,1
64,6144,gpu,151,add,0.00922,1
64,6144,gpu,152,vllm_ar,0.04403,1
64,6144,gpu,152,rmsnorm,0.01229,1
64,6144,gpu,152,add,0.00922,1
64,6144,gpu,153,vllm_ar,0.04198,1
64,6144,gpu,153,rmsnorm,0.01229,1
64,6144,gpu,153,add,0.00922,1
64,6144,gpu,154,vllm_ar,0.04301,1
64,6144,gpu,154,rmsnorm,0.01331,1
64,6144,gpu,154,add,0.00922,1
64,6144,gpu,155,vllm_ar,0.04301,1
64,6144,gpu,155,rmsnorm,0.01229,1
64,6144,gpu,155,add,0.00922,1
64,6144,gpu,156,vllm_ar,0.06144,1
64,6144,gpu,156,rmsnorm,0.01229,1
64,6144,gpu,156,add,0.00922,1
64,6144,gpu,157,vllm_ar,0.04506,1
64,6144,gpu,157,rmsnorm,0.01229,1
64,6144,gpu,157,add,0.00819,1
64,6144,gpu,158,vllm_ar,0.05018,1
64,6144,gpu,158,rmsnorm,0.01229,1
64,6144,gpu,158,add,0.00922,1
64,6144,gpu,159,vllm_ar,0.05734,1
64,6144,gpu,159,rmsnorm,0.01229,1
64,6144,gpu,159,add,0.00922,1
64,6144,gpu,160,vllm_ar,0.03891,1
64,6144,gpu,160,rmsnorm,0.01229,1
64,6144,gpu,160,add,0.00922,1
64,6144,gpu,161,vllm_ar,0.04096,1
64,6144,gpu,161,rmsnorm,0.01229,1
64,6144,gpu,161,add,0.00922,1
64,6144,gpu,162,vllm_ar,0.04403,1
64,6144,gpu,162,rmsnorm,0.01229,1
64,6144,gpu,162,add,0.00922,1
64,6144,gpu,163,vllm_ar,0.04301,1
64,6144,gpu,163,rmsnorm,0.01331,1
64,6144,gpu,163,add,0.00922,1
64,6144,gpu,164,vllm_ar,0.04096,1
64,6144,gpu,164,rmsnorm,0.01229,1
64,6144,gpu,164,add,0.00819,1
64,6144,gpu,165,vllm_ar,0.06042,1
64,6144,gpu,165,rmsnorm,0.01229,1
64,6144,gpu,165,add,0.00922,1
64,6144,gpu,166,vllm_ar,0.03174,1
64,6144,gpu,166,rmsnorm,0.01229,1
64,6144,gpu,166,add,0.00922,1
64,6144,gpu,167,vllm_ar,0.05222,1
64,6144,gpu,167,rmsnorm,0.08704,1
64,6144,gpu,167,add,0.00819,1
64,6144,gpu,168,vllm_ar,0.05120,1
64,6144,gpu,168,rmsnorm,0.01229,1
64,6144,gpu,168,add,0.00922,1
64,6144,gpu,169,vllm_ar,0.03994,1
64,6144,gpu,169,rmsnorm,0.01229,1
64,6144,gpu,169,add,0.00922,1
64,6144,gpu,170,vllm_ar,0.04301,1
64,6144,gpu,170,rmsnorm,0.01229,1
64,6144,gpu,170,add,0.00922,1
64,6144,gpu,171,vllm_ar,0.05325,1
64,6144,gpu,171,rmsnorm,0.01229,1
64,6144,gpu,171,add,0.00922,1
64,6144,gpu,172,vllm_ar,0.03891,1
64,6144,gpu,172,rmsnorm,0.01229,1
64,6144,gpu,172,add,0.01024,1
64,6144,gpu,173,vllm_ar,0.06144,1
64,6144,gpu,173,rmsnorm,0.01331,1
64,6144,gpu,173,add,0.00922,1
64,6144,gpu,174,vllm_ar,0.05120,1
64,6144,gpu,174,rmsnorm,0.01229,1
64,6144,gpu,174,add,0.00922,1
64,6144,gpu,175,vllm_ar,0.04096,1
64,6144,gpu,175,rmsnorm,0.01229,1
64,6144,gpu,175,add,0.00922,1
64,6144,gpu,176,vllm_ar,0.02970,1
64,6144,gpu,176,rmsnorm,0.01229,1
64,6144,gpu,176,add,0.00922,1
64,6144,gpu,177,vllm_ar,0.05222,1
64,6144,gpu,177,rmsnorm,0.01229,1
64,6144,gpu,177,add,0.00819,1
64,6144,gpu,178,vllm_ar,0.04403,1
64,6144,gpu,178,rmsnorm,0.01229,1
64,6144,gpu,178,add,0.03277,1
64,6144,gpu,179,vllm_ar,0.05530,1
64,6144,gpu,179,rmsnorm,0.01229,1
64,6144,gpu,179,add,0.00922,1
64,6144,gpu,180,vllm_ar,0.04198,1
64,6144,gpu,180,rmsnorm,0.01229,1
64,6144,gpu,180,add,0.00922,1
64,6144,gpu,181,vllm_ar,0.06144,1
64,6144,gpu,181,rmsnorm,0.01229,1
64,6144,gpu,181,add,0.00922,1
64,6144,gpu,182,vllm_ar,0.05120,1
64,6144,gpu,182,rmsnorm,0.01331,1
64,6144,gpu,182,add,0.03789,1
64,6144,gpu,183,vllm_ar,0.03072,1
64,6144,gpu,183,rmsnorm,0.01229,1
64,6144,gpu,183,add,0.00819,1
64,6144,gpu,184,vllm_ar,0.05632,1
64,6144,gpu,184,rmsnorm,0.01229,1
64,6144,gpu,184,add,0.00922,1
64,6144,gpu,185,vllm_ar,0.04096,1
64,6144,gpu,185,rmsnorm,0.01229,1
64,6144,gpu,185,add,0.00819,1
64,6144,gpu,186,vllm_ar,0.04198,1
64,6144,gpu,186,rmsnorm,0.01331,1
64,6144,gpu,186,add,0.00922,1
64,6144,gpu,187,vllm_ar,0.05325,1
64,6144,gpu,187,rmsnorm,0.01229,1
64,6144,gpu,187,add,0.00922,1
64,6144,gpu,188,vllm_ar,0.05120,1
64,6144,gpu,188,rmsnorm,0.01229,1
64,6144,gpu,188,add,0.00922,1
64,6144,gpu,189,vllm_ar,0.06042,1
64,6144,gpu,189,rmsnorm,0.01229,1
64,6144,gpu,189,add,0.00922,1
64,6144,gpu,190,vllm_ar,0.03379,1
64,6144,gpu,190,rmsnorm,0.01229,1
64,6144,gpu,190,add,0.00922,1
64,6144,gpu,191,vllm_ar,0.05018,1
64,6144,gpu,191,rmsnorm,0.01229,1
64,6144,gpu,191,add,0.00819,1
64,6144,gpu,192,vllm_ar,0.03789,1
64,6144,gpu,192,rmsnorm,0.01229,1
64,6144,gpu,192,add,0.00922,1
64,6144,gpu,193,vllm_ar,0.06042,1
64,6144,gpu,193,rmsnorm,0.09216,1
64,6144,gpu,193,add,0.00922,1
64,6144,gpu,194,vllm_ar,0.04710,1
64,6144,gpu,194,rmsnorm,0.01229,1
64,6144,gpu,194,add,0.00922,1
64,6144,gpu,195,vllm_ar,0.05427,1
64,6144,gpu,195,rmsnorm,0.01229,1
64,6144,gpu,195,add,0.00922,1
64,6144,gpu,196,vllm_ar,0.04096,1
64,6144,gpu,196,rmsnorm,0.01229,1
64,6144,gpu,196,add,0.00922,1
64,6144,gpu,197,vllm_ar,0.06144,1
64,6144,gpu,197,rmsnorm,0.01229,1
64,6144,gpu,197,add,0.00922,1
64,6144,gpu,198,vllm_ar,0.02970,1
64,6144,gpu,198,rmsnorm,0.01229,1
64,6144,gpu,198,add,0.00922,1
64,6144,gpu,199,vllm_ar,0.05120,1
64,6144,gpu,199,rmsnorm,0.01229,1
64,6144,gpu,199,add,0.00922,1
64,6144,steady,0,vllm_ar,0.04134,1
64,6144,steady,0,rmsnorm,0.06285,1
64,6144,steady,0,add,0.00890,1
64,6144,steady,1,vllm_ar,0.03315,1
64,6144,steady,1,rmsnorm,0.04986,1
64,6144,steady,1,add,0.01229,1
64,6144,steady,2,vllm_ar,0.03405,1
64,6144,steady,2,rmsnorm,0.04723,1
64,6144,steady,2,add,0.00838,1
64,6144,steady,3,vllm_ar,0.03162,1
64,6144,steady,3,rmsnorm,0.04525,1
64,6144,steady,3,add,0.00979,1
64,6144,steady,4,vllm_ar,0.03040,1
64,6144,steady,4,rmsnorm,0.04474,1
64,6144,steady,4,add,0.00845,1
64,6144,steady,5,vllm_ar,0.03200,1
64,6144,steady,5,rmsnorm,0.04691,1
64,6144,steady,5,add,0.00838,1
64,6144,steady,6,vllm_ar,0.03110,1
64,6144,steady,6,rmsnorm,0.04531,1
64,6144,steady,6,add,0.00838,1
64,6144,steady,7,vllm_ar,0.03750,1
64,6144,steady,7,rmsnorm,0.03718,1
64,6144,steady,7,add,0.00845,1
64,6144,steady,8,vllm_ar,0.03386,1
64,6144,steady,8,rmsnorm,0.04595,1
64,6144,steady,8,add,0.00838,1
64,6144,steady,9,vllm_ar,0.03098,1
64,6144,steady,9,rmsnorm,0.04512,1
64,6144,steady,9,add,0.00762,1
64,6144,steady,10,vllm_ar,0.03162,1
64,6144,steady,10,rmsnorm,0.04717,1
64,6144,steady,10,add,0.00838,1
64,6144,steady,11,vllm_ar,0.03098,1
64,6144,steady,11,rmsnorm,0.04614,1
64,6144,steady,11,add,0.00838,1
64,6144,steady,12,vllm_ar,0.03027,1
64,6144,steady,12,rmsnorm,0.04602,1
64,6144,steady,12,add,0.00742,1
64,6144,steady,13,vllm_ar,0.03168,1
64,6144,steady,13,rmsnorm,0.04608,1
64,6144,steady,13,add,0.00832,1
64,6144,steady,14,vllm_ar,0.04096,1
64,6144,steady,14,rmsnorm,0.04256,1
64,6144,steady,14,add,0.00371,1
64,6144,steady,15,vllm_ar,0.03706,1
64,6144,steady,15,rmsnorm,0.04685,1
64,6144,steady,15,add,0.00877,1
64,6144,steady,16,vllm_ar,0.02982,1
64,6144,steady,16,rmsnorm,0.04570,1
64,6144,steady,16,add,0.00800,1
64,6144,steady,17,vllm_ar,0.03258,1
64,6144,steady,17,rmsnorm,0.04570,1
64,6144,steady,17,add,0.00845,1
64,6144,steady,18,vllm_ar,0.03187,1
64,6144,steady,18,rmsnorm,0.04576,1
64,6144,steady,18,add,0.00838,1
64,6144,steady,19,vllm_ar,0.03168,1
64,6144,steady,19,rmsnorm,0.04525,1
64,6144,steady,19,add,0.00845,1
64,6144,steady,20,vllm_ar,0.03898,1
64,6144,steady,20,rmsnorm,0.04454,1
64,6144,steady,20,add,0.00877,1
64,6144,steady,21,vllm_ar,0.03123,1
64,6144,steady,21,rmsnorm,0.04653,1
64,6144,steady,21,add,0.00845,1
64,6144,steady,22,vllm_ar,0.03027,1
64,6144,steady,22,rmsnorm,0.04685,1
64,6144,steady,22,add,0.00845,1
64,6144,steady,23,vllm_ar,0.03366,1
64,6144,steady,23,rmsnorm,0.04467,1
64,6144,steady,23,add,0.00704,1
64,6144,steady,24,vllm_ar,0.03085,1
64,6144,steady,24,rmsnorm,0.04602,1
64,6144,steady,24,add,0.00864,1
64,6144,steady,25,vllm_ar,0.03034,1
64,6144,steady,25,rmsnorm,0.04538,1
64,6144,steady,25,add,0.00813,1
64,6144,steady,26,vllm_ar,0.03206,1
64,6144,steady,26,rmsnorm,0.04563,1
64,6144,steady,26,add,0.00749,1
64,6144,steady,27,vllm_ar,0.03354,1
64,6144,steady,27,rmsnorm,0.06662,1
64,6144,steady,27,add,0.00832,1
64,6144,steady,28,vllm_ar,0.03507,1
64,6144,steady,28,rmsnorm,0.05523,1
64,6144,steady,28,add,0.00666,1
64,6144,steady,29,vllm_ar,0.03014,1
64,6144,steady,29,rmsnorm,0.04589,1
64,6144,steady,29,add,0.00947,1
64,6144,steady,30,vllm_ar,0.03181,1
64,6144,steady,30,rmsnorm,0.04448,1
64,6144,steady,30,add,0.01005,1
64,6144,steady,31,vllm_ar,0.03021,1
64,6144,steady,31,rmsnorm,0.04602,1
64,6144,steady,31,add,0.00896,1
64,6144,steady,32,vllm_ar,0.03213,1
64,6144,steady,32,rmsnorm,0.04832,1
64,6144,steady,32,add,0.00826,1
64,6144,steady,33,vllm_ar,0.03136,1
64,6144,steady,33,rmsnorm,0.04614,1
64,6144,steady,33,add,0.00730,1
64,6144,steady,34,vllm_ar,0.03155,1
64,6144,steady,34,rmsnorm,0.04666,1
64,6144,steady,34,add,0.00762,1
64,6144,steady,35,vllm_ar,0.03258,1
64,6144,steady,35,rmsnorm,0.04582,1
64,6144,steady,35,add,0.00838,1
64,6144,steady,36,vllm_ar,0.02957,1
64,6144,steady,36,rmsnorm,0.04531,1
64,6144,steady,36,add,0.00851,1
64,6144,steady,37,vllm_ar,0.03232,1
64,6144,steady,37,rmsnorm,0.04467,1
64,6144,steady,37,add,0.00998,1
64,6144,steady,38,vllm_ar,0.03098,1
64,6144,steady,38,rmsnorm,0.04960,1
64,6144,steady,38,add,0.00570,1
64,6144,steady,39,vllm_ar,0.03040,1
64,6144,steady,39,rmsnorm,0.04557,1
64,6144,steady,39,add,0.00653,1
64,6144,steady,40,vllm_ar,0.03187,1
64,6144,steady,40,rmsnorm,0.04435,1
64,6144,steady,40,add,0.00973,1
64,6144,steady,41,vllm_ar,0.06061,1
64,6144,steady,41,rmsnorm,0.04608,1
64,6144,steady,41,add,0.00819,1
64,6144,steady,42,vllm_ar,0.03206,1
64,6144,steady,42,rmsnorm,0.04736,1
64,6144,steady,42,add,0.00845,1
64,6144,steady,43,vllm_ar,0.03123,1
64,6144,steady,43,rmsnorm,0.04595,1
64,6144,steady,43,add,0.00858,1
64,6144,steady,44,vllm_ar,0.03437,1
64,6144,steady,44,rmsnorm,0.04141,1
64,6144,steady,44,add,0.00755,1
64,6144,steady,45,vllm_ar,0.03309,1
64,6144,steady,45,rmsnorm,0.04512,1
64,6144,steady,45,add,0.00845,1
64,6144,steady,46,vllm_ar,0.03290,1
64,6144,steady,46,rmsnorm,0.05274,1
64,6144,steady,46,add,0.01254,1
64,6144,steady,47,vllm_ar,0.03040,1
64,6144,steady,47,rmsnorm,0.04698,1
64,6144,steady,47,add,0.00845,1
64,6144,steady,48,vllm_ar,0.03814,1
64,6144,steady,48,rmsnorm,0.04621,1
64,6144,steady,48,add,0.00486,1
64,6144,steady,49,vllm_ar,0.07712,1
64,6144,steady,49,rmsnorm,0.04384,1
64,6144,steady,49,add,0.01024,1
64,6144,steady,50,vllm_ar,0.02931,1
64,6144,steady,50,rmsnorm,0.04378,1
64,6144,steady,50,add,0.00742,1
64,6144,steady,51,vllm_ar,0.03296,1
64,6144,steady,51,rmsnorm,0.04659,1
64,6144,steady,51,add,0.00787,1
64,6144,steady,52,vllm_ar,0.03091,1
64,6144,steady,52,rmsnorm,0.04653,1
64,6144,steady,52,add,0.00851,1
64,6144,steady,53,vllm_ar,0.02906,1
64,6144,steady,53,rmsnorm,0.04614,1
64,6144,steady,53,add,0.00838,1
64,6144,steady,54,vllm_ar,0.03110,1
64,6144,steady,54,rmsnorm,0.04634,1
64,6144,steady,54,add,0.00838,1
64,6144,steady,55,vllm_ar,0.03213,1
64,6144,steady,55,rmsnorm,0.04614,1
64,6144,steady,55,add,0.00819,1
64,6144,steady,56,vllm_ar,0.03642,1
64,6144,steady,56,rmsnorm,0.04186,1
64,6144,steady,56,add,0.00371,1
64,6144,steady,57,vllm_ar,0.09344,1
64,6144,steady,57,rmsnorm,0.04544,1
64,6144,steady,57,add,0.00832,1
64,6144,steady,58,vllm_ar,0.03283,1
64,6144,steady,58,rmsnorm,0.05210,1
64,6144,steady,58,add,0.00858,1
64,6144,steady,59,vllm_ar,0.02970,1
64,6144,steady,59,rmsnorm,0.04525,1
64,6144,steady,59,add,0.00960,1
64,6144,steady,60,vllm_ar,0.03098,1
64,6144,steady,60,rmsnorm,0.04678,1
64,6144,steady,60,add,0.00896,1
64,6144,steady,61,vllm_ar,0.03232,1
64,6144,steady,61,rmsnorm,0.04410,1
64,6144,steady,61,add,0.00870,1
64,6144,steady,62,vllm_ar,0.03187,1
64,6144,steady,62,rmsnorm,0.04576,1
64,6144,steady,62,add,0.00838,1
64,6144,steady,63,vllm_ar,0.03418,1
64,6144,steady,63,rmsnorm,0.04454,1
64,6144,steady,63,add,0.00774,1
64,6144,steady,64,vllm_ar,0.03258,1
64,6144,steady,64,rmsnorm,0.04371,1
64,6144,steady,64,add,0.00858,1
64,6144,steady,65,vllm_ar,0.03002,1
64,6144,steady,65,rmsnorm,0.04877,1
64,6144,steady,65,add,0.00954,1
64,6144,steady,66,vllm_ar,0.03104,1
64,6144,steady,66,rmsnorm,0.04595,1
64,6144,steady,66,add,0.00864,1
64,6144,steady,67,vllm_ar,0.02963,1
64,6144,steady,67,rmsnorm,0.04422,1
64,6144,steady,67,add,0.00877,1
64,6144,steady,68,vllm_ar,0.08890,1
64,6144,steady,68,rmsnorm,0.04416,1
64,6144,steady,68,add,0.01050,1
64,6144,steady,69,vllm_ar,0.03008,1
64,6144,steady,69,rmsnorm,0.05018,1
64,6144,steady,69,add,0.00826,1
64,6144,steady,70,vllm_ar,0.03162,1
64,6144,steady,70,rmsnorm,0.04358,1
64,6144,steady,70,add,0.00685,1
64,6144,steady,71,vllm_ar,0.03411,1
64,6144,steady,71,rmsnorm,0.04582,1
64,6144,steady,71,add,0.00678,1
64,6144,steady,72,vllm_ar,0.03142,1
64,6144,steady,72,rmsnorm,0.04646,1
64,6144,steady,72,add,0.00851,1
64,6144,steady,73,vllm_ar,0.02899,1
64,6144,steady,73,rmsnorm,0.04506,1
64,6144,steady,73,add,0.00838,1
64,6144,steady,74,vllm_ar,0.03027,1
64,6144,steady,74,rmsnorm,0.04717,1
64,6144,steady,74,add,0.00845,1
64,6144,steady,75,vllm_ar,0.03258,1
64,6144,steady,75,rmsnorm,0.04621,1
64,6144,steady,75,add,0.01030,1
64,6144,steady,76,vllm_ar,0.03104,1
64,6144,steady,76,rmsnorm,0.04672,1
64,6144,steady,76,add,0.00858,1
64,6144,steady,77,vllm_ar,0.03213,1
64,6144,steady,77,rmsnorm,0.04563,1
64,6144,steady,77,add,0.00832,1
64,6144,steady,78,vllm_ar,0.03386,1
64,6144,steady,78,rmsnorm,0.05190,1
64,6144,steady,78,add,0.00838,1
64,6144,steady,79,vllm_ar,0.03213,1
64,6144,steady,79,rmsnorm,0.04602,1
64,6144,steady,79,add,0.00838,1
64,6144,steady,80,vllm_ar,0.03117,1
64,6144,steady,80,rmsnorm,0.04525,1
64,6144,steady,80,add,0.00858,1
64,6144,steady,81,vllm_ar,0.03264,1
64,6144,steady,81,rmsnorm,0.04634,1
64,6144,steady,81,add,0.00851,1
64,6144,steady,82,vllm_ar,0.03629,1
64,6144,steady,82,rmsnorm,0.05062,1
64,6144,steady,82,add,0.00371,1
64,6144,steady,83,vllm_ar,0.03002,1
64,6144,steady,83,rmsnorm,0.04422,1
64,6144,steady,83,add,0.00941,1
64,6144,steady,84,vllm_ar,0.03354,1
64,6144,steady,84,rmsnorm,0.04621,1
64,6144,steady,84,add,0.00813,1
64,6144,steady,85,vllm_ar,0.02957,1
64,6144,steady,85,rmsnorm,0.04576,1
64,6144,steady,85,add,0.00838,1
64,6144,steady,86,vllm_ar,0.03437,1
64,6144,steady,86,rmsnorm,0.04378,1
64,6144,steady,86,add,0.00864,1
64,6144,steady,87,vllm_ar,0.03162,1
64,6144,steady,87,rmsnorm,0.04570,1
64,6144,steady,87,add,0.00819,1
64,6144,steady,88,vllm_ar,0.03168,1
64,6144,steady,88,rmsnorm,0.04621,1
64,6144,steady,88,add,0.00838,1
64,6144,steady,89,vllm_ar,0.03142,1
64,6144,steady,89,rmsnorm,0.04627,1
64,6144,steady,89,add,0.00858,1
64,6144,steady,90,vllm_ar,0.03475,1
64,6144,steady,90,rmsnorm,0.06650,1
64,6144,steady,90,add,0.00550,1
64,6144,steady,91,vllm_ar,0.03814,1
64,6144,steady,91,rmsnorm,0.04493,1
64,6144,steady,91,add,0.00858,1
64,6144,steady,92,vllm_ar,0.03066,1
64,6144,steady,92,rmsnorm,0.04448,1
64,6144,steady,92,add,0.00973,1
64,6144,steady,93,vllm_ar,0.03123,1
64,6144,steady,93,rmsnorm,0.04576,1
64,6144,steady,93,add,0.00704,1
64,6144,steady,94,vllm_ar,0.04077,1
64,6144,steady,94,rmsnorm,0.04480,1
64,6144,steady,94,add,0.00787,1
64,6144,steady,95,vllm_ar,0.03014,1
64,6144,steady,95,rmsnorm,0.04602,1
64,6144,steady,95,add,0.00813,1
64,6144,steady,96,vllm_ar,0.02976,1
64,6144,steady,96,rmsnorm,0.04486,1
64,6144,steady,96,add,0.00838,1
64,6144,steady,97,vllm_ar,0.03622,1
64,6144,steady,97,rmsnorm,0.04038,1
64,6144,steady,97,add,0.00851,1
64,6144,steady,98,vllm_ar,0.03206,1
64,6144,steady,98,rmsnorm,0.04614,1
64,6144,steady,98,add,0.00749,1
64,6144,steady,99,vllm_ar,0.03014,1
64,6144,steady,99,rmsnorm,0.04576,1
64,6144,steady,99,add,0.00845,1
128,6144,gpu,0,vllm_ar,0.16384,1
128,6144,gpu,0,rmsnorm,0.01331,1
128,6144,gpu,0,add,0.01024,1
128,6144,gpu,1,vllm_ar,0.05837,1
128,6144,gpu,1,rmsnorm,0.01331,1
128,6144,gpu,1,add,0.01024,1
128,6144,gpu,2,vllm_ar,0.03891,1
128,6144,gpu,2,rmsnorm,0.01434,1
128,6144,gpu,2,add,0.01024,1
128,6144,gpu,3,vllm_ar,0.04198,1
128,6144,gpu,3,rmsnorm,0.01434,1
128,6144,gpu,3,add,0.01024,1
128,6144,gpu,4,vllm_ar,0.05120,1
128,6144,gpu,4,rmsnorm,0.01434,1
128,6144,gpu,4,add,0.01024,1
128,6144,gpu,5,vllm_ar,0.08704,1
128,6144,gpu,5,rmsnorm,0.01331,1
128,6144,gpu,5,add,0.01024,1
128,6144,gpu,6,vllm_ar,0.05734,1
128,6144,gpu,6,rmsnorm,0.01434,1
128,6144,gpu,6,add,0.01126,1
128,6144,gpu,7,vllm_ar,0.05939,1
128,6144,gpu,7,rmsnorm,0.01434,1
128,6144,gpu,7,add,0.01024,1
128,6144,gpu,8,vllm_ar,0.05222,1
128,6144,gpu,8,rmsnorm,0.01434,1
128,6144,gpu,8,add,0.01024,1
128,6144,gpu,9,vllm_ar,0.06451,1
128,6144,gpu,9,rmsnorm,0.01434,1
128,6144,gpu,9,add,0.01024,1
128,6144,gpu,10,vllm_ar,0.05939,1
128,6144,gpu,10,rmsnorm,0.01434,1
128,6144,gpu,10,add,0.01024,1
128,6144,gpu,11,vllm_ar,0.03891,1
128,6144,gpu,11,rmsnorm,0.01434,1
128,6144,gpu,11,add,0.01024,1
128,6144,gpu,12,vllm_ar,0.05325,1
128,6144,gpu,12,rmsnorm,0.01434,1
128,6144,gpu,12,add,0.01024,1
128,6144,gpu,13,vllm_ar,0.03994,1
128,6144,gpu,13,rmsnorm,0.01434,1
128,6144,gpu,13,add,0.01024,1
128,6144,gpu,14,vllm_ar,0.06656,1
128,6144,gpu,14,rmsnorm,0.01434,1
128,6144,gpu,14,add,0.01024,1
128,6144,gpu,15,vllm_ar,0.08704,1
128,6144,gpu,15,rmsnorm,0.01434,1
128,6144,gpu,15,add,0.01126,1
128,6144,gpu,16,vllm_ar,0.06042,1
128,6144,gpu,16,rmsnorm,0.01434,1
128,6144,gpu,16,add,0.01024,1
128,6144,gpu,17,vllm_ar,0.05427,1
128,6144,gpu,17,rmsnorm,0.01434,1
128,6144,gpu,17,add,0.01024,1
128,6144,gpu,18,vllm_ar,0.06349,1
128,6144,gpu,18,rmsnorm,0.01434,1
128,6144,gpu,18,add,0.01024,1
128,6144,gpu,19,vllm_ar,0.05325,1
128,6144,gpu,19,rmsnorm,0.01434,1
128,6144,gpu,19,add,0.01024,1
128,6144,gpu,20,vllm_ar,0.05120,1
128,6144,gpu,20,rmsnorm,0.01434,1
128,6144,gpu,20,add,0.01024,1
128,6144,gpu,21,vllm_ar,0.05325,1
128,6144,gpu,21,rmsnorm,0.01331,1
128,6144,gpu,21,add,0.01024,1
128,6144,gpu,22,vllm_ar,0.03891,1
128,6144,gpu,22,rmsnorm,0.01331,1
128,6144,gpu,22,add,0.01024,1
128,6144,gpu,23,vllm_ar,0.05325,1
128,6144,gpu,23,rmsnorm,0.01434,1
128,6144,gpu,23,add,0.01024,1
128,6144,gpu,24,vllm_ar,0.08704,1
128,6144,gpu,24,rmsnorm,0.01434,1
128,6144,gpu,24,add,0.01024,1
128,6144,gpu,25,vllm_ar,0.07373,1
128,6144,gpu,25,rmsnorm,0.01434,1
128,6144,gpu,25,add,0.01024,1
128,6144,gpu,26,vllm_ar,0.05325,1
128,6144,gpu,26,rmsnorm,0.01434,1
128,6144,gpu,26,add,0.01024,1
128,6144,gpu,27,vllm_ar,0.06042,1
128,6144,gpu,27,rmsnorm,0.01434,1
128,6144,gpu,27,add,0.01024,1
128,6144,gpu,28,vllm_ar,0.05222,1
128,6144,gpu,28,rmsnorm,0.01331,1
128,6144,gpu,28,add,0.01126,1
128,6144,gpu,29,vllm_ar,0.03994,1
128,6144,gpu,29,rmsnorm,0.01536,1
128,6144,gpu,29,add,0.01024,1
128,6144,gpu,30,vllm_ar,0.06861,1
128,6144,gpu,30,rmsnorm,0.01434,1
128,6144,gpu,30,add,0.03072,1
128,6144,gpu,31,vllm_ar,0.05222,1
128,6144,gpu,31,rmsnorm,0.01434,1
128,6144,gpu,31,add,0.01024,1
128,6144,gpu,32,vllm_ar,0.08602,1
128,6144,gpu,32,rmsnorm,0.01434,1
128,6144,gpu,32,add,0.01024,1
128,6144,gpu,33,vllm_ar,0.04403,1
128,6144,gpu,33,rmsnorm,0.01434,1
128,6144,gpu,33,add,0.01024,1
128,6144,gpu,34,vllm_ar,0.06554,1
128,6144,gpu,34,rmsnorm,0.01434,1
128,6144,gpu,34,add,0.01024,1
128,6144,gpu,35,vllm_ar,0.06144,1
128,6144,gpu,35,rmsnorm,0.01434,1
128,6144,gpu,35,add,0.01024,1
128,6144,gpu,36,vllm_ar,0.07066,1
128,6144,gpu,36,rmsnorm,0.01434,1
128,6144,gpu,36,add,0.01024,1
128,6144,gpu,37,vllm_ar,0.06246,1
128,6144,gpu,37,rmsnorm,0.01434,1
128,6144,gpu,37,add,0.01024,1
128,6144,gpu,38,vllm_ar,0.03891,1
128,6144,gpu,38,rmsnorm,0.01434,1
128,6144,gpu,38,add,0.01024,1
128,6144,gpu,39,vllm_ar,0.05222,1
128,6144,gpu,39,rmsnorm,0.01434,1
128,6144,gpu,39,add,0.01024,1
128,6144,gpu,40,vllm_ar,0.05325,1
128,6144,gpu,40,rmsnorm,0.01434,1
128,6144,gpu,40,add,0.01024,1
128,6144,gpu,41,vllm_ar,0.08499,1
128,6144,gpu,41,rmsnorm,0.08499,1
128,6144,gpu,41,add,0.01024,1
128,6144,gpu,42,vllm_ar,0.06349,1
128,6144,gpu,42,rmsnorm,0.01434,1
128,6144,gpu,42,add,0.01024,1
128,6144,gpu,43,vllm_ar,0.06246,1
128,6144,gpu,43,rmsnorm,0.01434,1
128,6144,gpu,43,add,0.01024,1
128,6144,gpu,44,vllm_ar,0.05939,1
128,6144,gpu,44,rmsnorm,0.01434,1
128,6144,gpu,44,add,0.01024,1
128,6144,gpu,45,vllm_ar,0.05325,1
128,6144,gpu,45,rmsnorm,0.01331,1
128,6144,gpu,45,add,0.01024,1
128,6144,gpu,46,vllm_ar,0.06042,1
128,6144,gpu,46,rmsnorm,0.01434,1
128,6144,gpu,46,add,0.03379,1
128,6144,gpu,47,vllm_ar,0.05939,1
128,6144,gpu,47,rmsnorm,0.01331,1
128,6144,gpu,47,add,0.01024,1
128,6144,gpu,48,vllm_ar,0.03994,1
128,6144,gpu,48,rmsnorm,0.01434,1
128,6144,gpu,48,add,0.01024,1
128,6144,gpu,49,vllm_ar,0.03994,1
128,6144,gpu,49,rmsnorm,0.01434,1
128,6144,gpu,49,add,0.01024,1
128,6144,gpu,50,vllm_ar,0.08602,1
128,6144,gpu,50,rmsnorm,0.01434,1
128,6144,gpu,50,add,0.01024,1
128,6144,gpu,51,vllm_ar,0.07475,1
128,6144,gpu,51,rmsnorm,0.01434,1
128,6144,gpu,51,add,0.01024,1
128,6144,gpu,52,vllm_ar,0.05325,1
128,6144,gpu,52,rmsnorm,0.01434,1
128,6144,gpu,52,add,0.01024,1
128,6144,gpu,53,vllm_ar,0.05837,1
128,6144,gpu,53,rmsnorm,0.01434,1
128,6144,gpu,53,add,0.01024,1
128,6144,gpu,54,vllm_ar,0.05325,1
128,6144,gpu,54,rmsnorm,0.01434,1
128,6144,gpu,54,add,0.01024,1
128,6144,gpu,55,vllm_ar,0.05837,1
128,6144,gpu,55,rmsnorm,0.01434,1
128,6144,gpu,55,add,0.01024,1
128,6144,gpu,56,vllm_ar,0.06042,1
128,6144,gpu,56,rmsnorm,0.01434,1
128,6144,gpu,56,add,0.01024,1
128,6144,gpu,57,vllm_ar,1.58208,1
128,6144,gpu,57,rmsnorm,0.01434,1
128,6144,gpu,57,add,0.01126,1
128,6144,gpu,58,vllm_ar,0.09011,1
128,6144,gpu,58,rmsnorm,0.01434,1
128,6144,gpu,58,add,0.01024,1
128,6144,gpu,59,vllm_ar,0.05837,1
128,6144,gpu,59,rmsnorm,0.01331,1
128,6144,gpu,59,add,0.01024,1
128,6144,gpu,60,vllm_ar,0.03891,1
128,6144,gpu,60,rmsnorm,0.01434,1
128,6144,gpu,60,add,0.01024,1
128,6144,gpu,61,vllm_ar,0.06042,1
128,6144,gpu,61,rmsnorm,0.01434,1
128,6144,gpu,61,add,0.01024,1
128,6144,gpu,62,vllm_ar,0.05325,1
128,6144,gpu,62,rmsnorm,0.01434,1
128,6144,gpu,62,add,0.01126,1
128,6144,gpu,63,vllm_ar,0.06042,1
128,6144,gpu,63,rmsnorm,0.01434,1
128,6144,gpu,63,add,0.01024,1
128,6144,gpu,64,vllm_ar,0.05222,1
128,6144,gpu,64,rmsnorm,0.01434,1
128,6144,gpu,64,add,0.01024,1
128,6144,gpu,65,vllm_ar,0.05325,1
128,6144,gpu,65,rmsnorm,0.01434,1
128,6144,gpu,65,add,0.01024,1
128,6144,gpu,66,vllm_ar,0.05325,1
128,6144,gpu,66,rmsnorm,0.01331,1
128,6144,gpu,66,add,0.01024,1
128,6144,gpu,67,vllm_ar,0.05325,1
128,6144,gpu,67,rmsnorm,0.01434,1
128,6144,gpu,67,add,0.01024,1
128,6144,gpu,68,vllm_ar,0.08909,1
128,6144,gpu,68,rmsnorm,0.01434,1
128,6144,gpu,68,add,0.01126,1
128,6144,gpu,69,vllm_ar,0.05427,1
128,6144,gpu,69,rmsnorm,0.01434,1
128,6144,gpu,69,add,0.01024,1
128,6144,gpu,70,vllm_ar,0.05837,1
128,6144,gpu,70,rmsnorm,0.01434,1
128,6144,gpu,70,add,0.01024,1
128,6144,gpu,71,vllm_ar,0.05427,1
128,6144,gpu,71,rmsnorm,0.01434,1
128,6144,gpu,71,add,0.01024,1
128,6144,gpu,72,vllm_ar,0.03994,1
128,6144,gpu,72,rmsnorm,0.01434,1
128,6144,gpu,72,add,0.01024,1
128,6144,gpu,73,vllm_ar,0.06042,1
128,6144,gpu,73,rmsnorm,0.01434,1
128,6144,gpu,73,add,0.01024,1
128,6144,gpu,74,vllm_ar,0.05427,1
128,6144,gpu,74,rmsnorm,0.01536,1
128,6144,gpu,74,add,0.01126,1
128,6144,gpu,75,vllm_ar,0.05325,1
128,6144,gpu,75,rmsnorm,0.01434,1
128,6144,gpu,75,add,0.01024,1
128,6144,gpu,76,vllm_ar,0.05222,1
128,6144,gpu,76,rmsnorm,0.01434,1
128,6144,gpu,76,add,0.01024,1
128,6144,gpu,77,vllm_ar,0.09728,1
128,6144,gpu,77,rmsnorm,0.01434,1
128,6144,gpu,77,add,0.01126,1
128,6144,gpu,78,vllm_ar,0.05120,1
128,6144,gpu,78,rmsnorm,0.01434,1
128,6144,gpu,78,add,0.01024,1
128,6144,gpu,79,vllm_ar,0.05325,1
128,6144,gpu,79,rmsnorm,0.01434,1
128,6144,gpu,79,add,0.01024,1
128,6144,gpu,80,vllm_ar,0.05427,1
128,6144,gpu,80,rmsnorm,0.01434,1
128,6144,gpu,80,add,0.01024,1
128,6144,gpu,81,vllm_ar,0.03891,1
128,6144,gpu,81,rmsnorm,0.01434,1
128,6144,gpu,81,add,0.01024,1
128,6144,gpu,82,vllm_ar,0.06144,1
128,6144,gpu,82,rmsnorm,0.01434,1
128,6144,gpu,82,add,0.01024,1
128,6144,gpu,83,vllm_ar,0.03891,1
128,6144,gpu,83,rmsnorm,0.01331,1
128,6144,gpu,83,add,0.01024,1
128,6144,gpu,84,vllm_ar,0.05325,1
128,6144,gpu,84,rmsnorm,0.01434,1
128,6144,gpu,84,add,0.01126,1
128,6144,gpu,85,vllm_ar,0.05222,1
128,6144,gpu,85,rmsnorm,0.01331,1
128,6144,gpu,85,add,0.01024,1
128,6144,gpu,86,vllm_ar,0.03994,1
128,6144,gpu,86,rmsnorm,0.01434,1
128,6144,gpu,86,add,0.01024,1
128,6144,gpu,87,vllm_ar,0.09523,1
128,6144,gpu,87,rmsnorm,0.01434,1
128,6144,gpu,87,add,0.01024,1
128,6144,gpu,88,vllm_ar,0.06246,1
128,6144,gpu,88,rmsnorm,0.01434,1
128,6144,gpu,88,add,0.01024,1
128,6144,gpu,89,vllm_ar,0.05325,1
128,6144,gpu,89,rmsnorm,0.01434,1
128,6144,gpu,89,add,0.01024,1
128,6144,gpu,90,vllm_ar,0.03891,1
128,6144,gpu,90,rmsnorm,0.01434,1
128,6144,gpu,90,add,0.01024,1
128,6144,gpu,91,vllm_ar,0.06042,1
128,6144,gpu,91,rmsnorm,0.01434,1
128,6144,gpu,91,add,0.01126,1
128,6144,gpu,92,vllm_ar,0.03891,1
128,6144,gpu,92,rmsnorm,0.01434,1
128,6144,gpu,92,add,0.01024,1
128,6144,gpu,93,vllm_ar,0.05427,1
128,6144,gpu,93,rmsnorm,0.01434,1
128,6144,gpu,93,add,0.01024,1
128,6144,gpu,94,vllm_ar,0.05325,1
128,6144,gpu,94,rmsnorm,0.01434,1
128,6144,gpu,94,add,0.01024,1
128,6144,gpu,95,vllm_ar,0.03789,1
128,6144,gpu,95,rmsnorm,0.01434,1
128,6144,gpu,95,add,0.01024,1
128,6144,gpu,96,vllm_ar,0.09830,1
128,6144,gpu,96,rmsnorm,0.01434,1
128,6144,gpu,96,add,0.01024,1
128,6144,gpu,97,vllm_ar,0.06042,1
128,6144,gpu,97,rmsnorm,0.01434,1
128,6144,gpu,97,add,0.01024,1
128,6144,gpu,98,vllm_ar,0.03994,1
128,6144,gpu,98,rmsnorm,0.01434,1
128,6144,gpu,98,add,0.01024,1
128,6144,gpu,99,vllm_ar,0.06042,1
128,6144,gpu,99,rmsnorm,0.01434,1
128,6144,gpu,99,add,0.01024,1
128,6144,gpu,100,vllm_ar,0.03994,1
128,6144,gpu,100,rmsnorm,0.01434,1
128,6144,gpu,100,add,0.01126,1
128,6144,gpu,101,vllm_ar,0.03789,1
128,6144,gpu,101,rmsnorm,0.01434,1
128,6144,gpu,101,add,0.01126,1
128,6144,gpu,102,vllm_ar,0.03891,1
128,6144,gpu,102,rmsnorm,0.01434,1
128,6144,gpu,102,add,0.01024,1
128,6144,gpu,103,vllm_ar,0.05325,1
128,6144,gpu,103,rmsnorm,0.01434,1
128,6144,gpu,103,add,0.01024,1
128,6144,gpu,104,vllm_ar,0.05325,1
128,6144,gpu,104,rmsnorm,0.01434,1
128,6144,gpu,104,add,0.01024,1
128,6144,gpu,105,vllm_ar,0.08499,1
128,6144,gpu,105,rmsnorm,0.01434,1
128,6144,gpu,105,add,0.01024,1
128,6144,gpu,106,vllm_ar,0.06349,1
128,6144,gpu,106,rmsnorm,0.01434,1
128,6144,gpu,106,add,0.01024,1
128,6144,gpu,107,vllm_ar,0.05530,1
128,6144,gpu,107,rmsnorm,0.01536,1
128,6144,gpu,107,add,0.01024,1
128,6144,gpu,108,vllm_ar,0.06042,1
128,6144,gpu,108,rmsnorm,0.01434,1
128,6144,gpu,108,add,0.01024,1
128,6144,gpu,109,vllm_ar,0.03789,1
128,6144,gpu,109,rmsnorm,0.01434,1
128,6144,gpu,109,add,0.01024,1
128,6144,gpu,110,vllm_ar,0.04506,1
128,6144,gpu,110,rmsnorm,0.01434,1
128,6144,gpu,110,add,0.03174,1
128,6144,gpu,111,vllm_ar,0.03994,1
128,6144,gpu,111,rmsnorm,0.01434,1
128,6144,gpu,111,add,0.01126,1
128,6144,gpu,112,vllm_ar,0.06042,1
128,6144,gpu,112,rmsnorm,0.01434,1
128,6144,gpu,112,add,0.01024,1
128,6144,gpu,113,vllm_ar,0.05222,1
128,6144,gpu,113,rmsnorm,0.01434,1
128,6144,gpu,113,add,0.01024,1
128,6144,gpu,114,vllm_ar,0.08806,1
128,6144,gpu,114,rmsnorm,0.01434,1
128,6144,gpu,114,add,0.01024,1
128,6144,gpu,115,vllm_ar,0.05427,1
128,6144,gpu,115,rmsnorm,0.01434,1
128,6144,gpu,115,add,0.01024,1
128,6144,gpu,116,vllm_ar,0.07066,1
128,6144,gpu,116,rmsnorm,0.01536,1
128,6144,gpu,116,add,0.01024,1
128,6144,gpu,117,vllm_ar,0.05939,1
128,6144,gpu,117,rmsnorm,0.01536,1
128,6144,gpu,117,add,0.01024,1
128,6144,gpu,118,vllm_ar,0.03994,1
128,6144,gpu,118,rmsnorm,0.01331,1
128,6144,gpu,118,add,0.01024,1
128,6144,gpu,119,vllm_ar,0.03789,1
128,6144,gpu,119,rmsnorm,0.01434,1
128,6144,gpu,119,add,0.01024,1
128,6144,gpu,120,vllm_ar,0.03789,1
128,6144,gpu,120,rmsnorm,0.01434,1
128,6144,gpu,120,add,0.01024,1
128,6144,gpu,121,vllm_ar,0.06042,1
128,6144,gpu,121,rmsnorm,0.01434,1
128,6144,gpu,121,add,0.03072,1
128,6144,gpu,122,vllm_ar,0.03994,1
128,6144,gpu,122,rmsnorm,0.01434,1
128,6144,gpu,122,add,0.01024,1
128,6144,gpu,123,vllm_ar,0.08806,1
128,6144,gpu,123,rmsnorm,0.01434,1
128,6144,gpu,123,add,0.01024,1
128,6144,gpu,124,vllm_ar,0.05632,1
128,6144,gpu,124,rmsnorm,0.01434,1
128,6144,gpu,124,add,0.01024,1
128,6144,gpu,125,vllm_ar,0.05530,1
128,6144,gpu,125,rmsnorm,0.01434,1
128,6144,gpu,125,add,0.01126,1
128,6144,gpu,126,vllm_ar,0.06042,1
128,6144,gpu,126,rmsnorm,0.09216,1
128,6144,gpu,126,add,0.01024,1
128,6144,gpu,127,vllm_ar,0.03891,1
128,6144,gpu,127,rmsnorm,0.01434,1
128,6144,gpu,127,add,0.01024,1
128,6144,gpu,128,vllm_ar,0.03891,1
128,6144,gpu,128,rmsnorm,0.01434,1
128,6144,gpu,128,add,0.01126,1
128,6144,gpu,129,vllm_ar,0.05325,1
128,6144,gpu,129,rmsnorm,0.01434,1
128,6144,gpu,129,add,0.01024,1
128,6144,gpu,130,vllm_ar,0.05222,1
128,6144,gpu,130,rmsnorm,0.01434,1
128,6144,gpu,130,add,0.01024,1
128,6144,gpu,131,vllm_ar,0.08909,1
128,6144,gpu,131,rmsnorm,0.01434,1
128,6144,gpu,131,add,0.01024,1
128,6144,gpu,132,vllm_ar,0.06246,1
128,6144,gpu,132,rmsnorm,0.01434,1
128,6144,gpu,132,add,0.01024,1
128,6144,gpu,133,vllm_ar,0.05530,1
128,6144,gpu,133,rmsnorm,0.01434,1
128,6144,gpu,133,add,0.01024,1
128,6144,gpu,134,vllm_ar,0.03789,1
128,6144,gpu,134,rmsnorm,0.01536,1
128,6144,gpu,134,add,0.01024,1
128,6144,gpu,135,vllm_ar,0.05222,1
128,6144,gpu,135,rmsnorm,0.01434,1
128,6144,gpu,135,add,0.01024,1
128,6144,gpu,136,vllm_ar,0.05427,1
128,6144,gpu,136,rmsnorm,0.01434,1
128,6144,gpu,136,add,0.01024,1
128,6144,gpu,137,vllm_ar,0.05325,1
128,6144,gpu,137,rmsnorm,0.01434,1
128,6144,gpu,137,add,0.03277,1
128,6144,gpu,138,vllm_ar,0.05325,1
128,6144,gpu,138,rmsnorm,0.01536,1
128,6144,gpu,138,add,0.01024,1
128,6144,gpu,139,vllm_ar,0.09216,1
128,6144,gpu,139,rmsnorm,0.01536,1
128,6144,gpu,139,add,0.01024,1
128,6144,gpu,140,vllm_ar,0.06758,1
128,6144,gpu,140,rmsnorm,0.01434,1
128,6144,gpu,140,add,0.01126,1
128,6144,gpu,141,vllm_ar,0.06042,1
128,6144,gpu,141,rmsnorm,0.01536,1
128,6144,gpu,141,add,0.01024,1
128,6144,gpu,142,vllm_ar,0.04096,1
128,6144,gpu,142,rmsnorm,0.01434,1
128,6144,gpu,142,add,0.01024,1
128,6144,gpu,143,vllm_ar,0.06042,1
128,6144,gpu,143,rmsnorm,0.01434,1
128,6144,gpu,143,add,0.01024,1
128,6144,gpu,144,vllm_ar,0.05632,1
128,6144,gpu,144,rmsnorm,0.01434,1
128,6144,gpu,144,add,0.01126,1
128,6144,gpu,145,vllm_ar,0.03891,1
128,6144,gpu,145,rmsnorm,0.01434,1
128,6144,gpu,145,add,0.01024,1
128,6144,gpu,146,vllm_ar,0.05222,1
128,6144,gpu,146,rmsnorm,0.01434,1
128,6144,gpu,146,add,0.01024,1
128,6144,gpu,147,vllm_ar,0.05325,1
128,6144,gpu,147,rmsnorm,0.01434,1
128,6144,gpu,147,add,0.01024,1
128,6144,gpu,148,vllm_ar,0.08909,1
128,6144,gpu,148,rmsnorm,0.01434,1
128,6144,gpu,148,add,0.01024,1
128,6144,gpu,149,vllm_ar,0.05427,1
128,6144,gpu,149,rmsnorm,0.01331,1
128,6144,gpu,149,add,0.01024,1
128,6144,gpu,150,vllm_ar,0.07066,1
128,6144,gpu,150,rmsnorm,0.01434,1
128,6144,gpu,150,add,0.01024,1
128,6144,gpu,151,vllm_ar,0.05325,1
128,6144,gpu,151,rmsnorm,0.04813,1
128,6144,gpu,151,add,0.01024,1
128,6144,gpu,152,vllm_ar,0.05325,1
128,6144,gpu,152,rmsnorm,0.01434,1
128,6144,gpu,152,add,0.01024,1
128,6144,gpu,153,vllm_ar,0.03789,1
128,6144,gpu,153,rmsnorm,0.01434,1
128,6144,gpu,153,add,0.01024,1
128,6144,gpu,154,vllm_ar,0.05632,1
128,6144,gpu,154,rmsnorm,0.01434,1
128,6144,gpu,154,add,0.01024,1
128,6144,gpu,155,vllm_ar,0.05325,1
128,6144,gpu,155,rmsnorm,0.01434,1
128,6144,gpu,155,add,0.01024,1
128,6144,gpu,156,vllm_ar,0.03994,1
128,6144,gpu,156,rmsnorm,0.01434,1
128,6144,gpu,156,add,0.01024,1
128,6144,gpu,157,vllm_ar,0.09011,1
128,6144,gpu,157,rmsnorm,0.01331,1
128,6144,gpu,157,add,0.01126,1
128,6144,gpu,158,vllm_ar,0.05427,1
128,6144,gpu,158,rmsnorm,0.01434,1
128,6144,gpu,158,add,0.01024,1
128,6144,gpu,159,vllm_ar,0.05530,1
128,6144,gpu,159,rmsnorm,0.01434,1
128,6144,gpu,159,add,0.01024,1
128,6144,gpu,160,vllm_ar,0.05222,1
128,6144,gpu,160,rmsnorm,0.01434,1
128,6144,gpu,160,add,0.01024,1
128,6144,gpu,161,vllm_ar,0.05427,1
128,6144,gpu,161,rmsnorm,0.01434,1
128,6144,gpu,161,add,0.01024,1
128,6144,gpu,162,vllm_ar,0.05222,1
128,6144,gpu,162,rmsnorm,0.01434,1
128,6144,gpu,162,add,0.01024,1
128,6144,gpu,163,vllm_ar,0.03789,1
128,6144,gpu,163,rmsnorm,0.01434,1
128,6144,gpu,163,add,0.01024,1
128,6144,gpu,164,vllm_ar,0.05734,1
128,6144,gpu,164,rmsnorm,0.01434,1
128,6144,gpu,164,add,0.01024,1
128,6144,gpu,165,vllm_ar,0.03994,1
128,6144,gpu,165,rmsnorm,0.01434,1
128,6144,gpu,165,add,0.01024,1
128,6144,gpu,166,vllm_ar,0.03891,1
128,6144,gpu,166,rmsnorm,0.01434,1
128,6144,gpu,166,add,0.01024,1
128,6144,gpu,167,vllm_ar,0.09011,1
128,6144,gpu,167,rmsnorm,0.01434,1
128,6144,gpu,167,add,0.01024,1
128,6144,gpu,168,vllm_ar,0.05427,1
128,6144,gpu,168,rmsnorm,0.01536,1
128,6144,gpu,168,add,0.01024,1
128,6144,gpu,169,vllm_ar,0.05530,1
128,6144,gpu,169,rmsnorm,0.01434,1
128,6144,gpu,169,add,0.01024,1
128,6144,gpu,170,vllm_ar,0.05632,1
128,6144,gpu,170,rmsnorm,0.01331,1
128,6144,gpu,170,add,0.01126,1
128,6144,gpu,171,vllm_ar,0.03891,1
128,6144,gpu,171,rmsnorm,0.01434,1
128,6144,gpu,171,add,0.01024,1
128,6144,gpu,172,vllm_ar,0.03891,1
128,6144,gpu,172,rmsnorm,0.01434,1
128,6144,gpu,172,add,0.01024,1
128,6144,gpu,173,vllm_ar,0.06246,1
128,6144,gpu,173,rmsnorm,0.01331,1
128,6144,gpu,173,add,0.01024,1
128,6144,gpu,174,vllm_ar,0.03994,1
128,6144,gpu,174,rmsnorm,0.01331,1
128,6144,gpu,174,add,0.01024,1
128,6144,gpu,175,vllm_ar,0.03994,1
128,6144,gpu,175,rmsnorm,0.01331,1
128,6144,gpu,175,add,0.01024,1
128,6144,gpu,176,vllm_ar,0.09114,1
128,6144,gpu,176,rmsnorm,0.01434,1
128,6144,gpu,176,add,0.01024,1
128,6144,gpu,177,vllm_ar,0.07987,1
128,6144,gpu,177,rmsnorm,0.01434,1
128,6144,gpu,177,add,0.01126,1
128,6144,gpu,178,vllm_ar,0.05325,1
128,6144,gpu,178,rmsnorm,0.01434,1
128,6144,gpu,178,add,0.01024,1
128,6144,gpu,179,vllm_ar,0.05530,1
128,6144,gpu,179,rmsnorm,0.01434,1
128,6144,gpu,179,add,0.01126,1
128,6144,gpu,180,vllm_ar,0.03994,1
128,6144,gpu,180,rmsnorm,0.01434,1
128,6144,gpu,180,add,0.01024,1
128,6144,gpu,181,vllm_ar,0.03994,1
128,6144,gpu,181,rmsnorm,0.08806,1
128,6144,gpu,181,add,0.01024,1
128,6144,gpu,182,vllm_ar,0.06554,1
128,6144,gpu,182,rmsnorm,0.01434,1
128,6144,gpu,182,add,0.01024,1
128,6144,gpu,183,vllm_ar,0.03994,1
128,6144,gpu,183,rmsnorm,0.01434,1
128,6144,gpu,183,add,0.01024,1
128,6144,gpu,184,vllm_ar,0.03891,1
128,6144,gpu,184,rmsnorm,0.01434,1
128,6144,gpu,184,add,0.01126,1
128,6144,gpu,185,vllm_ar,0.09011,1
128,6144,gpu,185,rmsnorm,0.01434,1
128,6144,gpu,185,add,0.01024,1
128,6144,gpu,186,vllm_ar,0.05325,1
128,6144,gpu,186,rmsnorm,0.01434,1
128,6144,gpu,186,add,0.01024,1
128,6144,gpu,187,vllm_ar,0.05325,1
128,6144,gpu,187,rmsnorm,0.01434,1
128,6144,gpu,187,add,0.01024,1
128,6144,gpu,188,vllm_ar,0.05530,1
128,6144,gpu,188,rmsnorm,0.01434,1
128,6144,gpu,188,add,0.01024,1
128,6144,gpu,189,vllm_ar,0.06042,1
128,6144,gpu,189,rmsnorm,0.01434,1
128,6144,gpu,189,add,0.03277,1
128,6144,gpu,190,vllm_ar,0.05427,1
128,6144,gpu,190,rmsnorm,0.01331,1
128,6144,gpu,190,add,0.01126,1
128,6144,gpu,191,vllm_ar,0.03994,1
128,6144,gpu,191,rmsnorm,0.01434,1
128,6144,gpu,191,add,0.01126,1
128,6144,gpu,192,vllm_ar,0.03891,1
128,6144,gpu,192,rmsnorm,0.01434,1
128,6144,gpu,192,add,0.01024,1
128,6144,gpu,193,vllm_ar,0.08704,1
128,6144,gpu,193,rmsnorm,0.01434,1
128,6144,gpu,193,add,0.01024,1
128,6144,gpu,194,vllm_ar,0.05325,1
128,6144,gpu,194,rmsnorm,0.01434,1
128,6144,gpu,194,add,0.01024,1
128,6144,gpu,195,vllm_ar,0.05530,1
128,6144,gpu,195,rmsnorm,0.01434,1
128,6144,gpu,195,add,0.01024,1
128,6144,gpu,196,vllm_ar,0.05325,1
128,6144,gpu,196,rmsnorm,0.01434,1
128,6144,gpu,196,add,0.01024,1
128,6144,gpu,197,vllm_ar,0.05325,1
128,6144,gpu,197,rmsnorm,0.01434,1
128,6144,gpu,197,add,0.01024,1
128,6144,gpu,198,vllm_ar,0.05427,1
128,6144,gpu,198,rmsnorm,0.01434,1
128,6144,gpu,198,add,0.01024,1
128,6144,gpu,199,vllm_ar,0.06451,1
128,6144,gpu,199,rmsnorm,0.01434,1
128,6144,gpu,199,add,0.01024,1
128,6144,steady,0,vllm_ar,0.03936,1
128,6144,steady,0,rmsnorm,0.05184,1
128,6144,steady,0,add,0.01670,1
128,6144,steady,1,vllm_ar,0.03571,1
128,6144,steady,1,rmsnorm,0.04250,1
128,6144,steady,1,add,0.00851,1
128,6144,steady,2,vllm_ar,0.03878,1
128,6144,steady,2,rmsnorm,0.04467,1
128,6144,steady,2,add,0.00877,1
128,6144,steady,3,vllm_ar,0.08454,1
128,6144,steady,3,rmsnorm,0.03866,1
128,6144,steady,3,add,0.00902,1
128,6144,steady,4,vllm_ar,0.03814,1
128,6144,steady,4,rmsnorm,0.04454,1
128,6144,steady,4,add,0.00819,1
128,6144,steady,5,vllm_ar,0.04045,1
128,6144,steady,5,rmsnorm,0.04576,1
128,6144,steady,5,add,0.00864,1
128,6144,steady,6,vllm_ar,0.03770,1
128,6144,steady,6,rmsnorm,0.04070,1
128,6144,steady,6,add,0.00858,1
128,6144,steady,7,vllm_ar,0.03898,1
128,6144,steady,7,rmsnorm,0.03814,1
128,6144,steady,7,add,0.00742,1
128,6144,steady,8,vllm_ar,0.03866,1
128,6144,steady,8,rmsnorm,0.04326,1
128,6144,steady,8,add,0.00442,1
128,6144,steady,9,vllm_ar,0.04275,1
128,6144,steady,9,rmsnorm,0.04410,1
128,6144,steady,9,add,0.00902,1
128,6144,steady,10,vllm_ar,0.03686,1
128,6144,steady,10,rmsnorm,0.04589,1
128,6144,steady,10,add,0.00448,1
128,6144,steady,11,vllm_ar,0.04390,1
128,6144,steady,11,rmsnorm,0.04621,1
128,6144,steady,11,add,0.00429,1
128,6144,steady,12,vllm_ar,0.04051,1
128,6144,steady,12,rmsnorm,0.04538,1
128,6144,steady,12,add,0.00435,1
128,6144,steady,13,vllm_ar,0.04320,1
128,6144,steady,13,rmsnorm,0.03533,1
128,6144,steady,13,add,0.00858,1
128,6144,steady,14,vllm_ar,0.03693,1
128,6144,steady,14,rmsnorm,0.03968,1
128,6144,steady,14,add,0.00864,1
128,6144,steady,15,vllm_ar,0.03635,1
128,6144,steady,15,rmsnorm,0.04058,1
128,6144,steady,15,add,0.00749,1
128,6144,steady,16,vllm_ar,0.03821,1
128,6144,steady,16,rmsnorm,0.04474,1
128,6144,steady,16,add,0.00435,1
128,6144,steady,17,vllm_ar,0.03763,1
128,6144,steady,17,rmsnorm,0.04666,1
128,6144,steady,17,add,0.00851,1
128,6144,steady,18,vllm_ar,0.03565,1
128,6144,steady,18,rmsnorm,0.04531,1
128,6144,steady,18,add,0.00858,1
128,6144,steady,19,vllm_ar,0.04486,1
128,6144,steady,19,rmsnorm,0.04538,1
128,6144,steady,19,add,0.00909,1
128,6144,steady,20,vllm_ar,0.03654,1
128,6144,steady,20,rmsnorm,0.04499,1
128,6144,steady,20,add,0.00998,1
128,6144,steady,21,vllm_ar,0.04122,1
128,6144,steady,21,rmsnorm,0.04000,1
128,6144,steady,21,add,0.00435,1
128,6144,steady,22,vllm_ar,0.03712,1
128,6144,steady,22,rmsnorm,0.04077,1
128,6144,steady,22,add,0.01011,1
128,6144,steady,23,vllm_ar,0.03757,1
128,6144,steady,23,rmsnorm,0.04154,1
128,6144,steady,23,add,0.00442,1
128,6144,steady,24,vllm_ar,0.03859,1
128,6144,steady,24,rmsnorm,0.04480,1
128,6144,steady,24,add,0.00966,1
128,6144,steady,25,vllm_ar,0.03930,1
128,6144,steady,25,rmsnorm,0.03725,1
128,6144,steady,25,add,0.00845,1
128,6144,steady,26,vllm_ar,0.03603,1
128,6144,steady,26,rmsnorm,0.03898,1
128,6144,steady,26,add,0.00851,1
128,6144,steady,27,vllm_ar,0.04992,1
128,6144,steady,27,rmsnorm,0.03123,1
128,6144,steady,27,add,0.00435,1
128,6144,steady,28,vllm_ar,0.03622,1
128,6144,steady,28,rmsnorm,0.04077,1
128,6144,steady,28,add,0.00851,1
128,6144,steady,29,vllm_ar,0.04051,1
128,6144,steady,29,rmsnorm,0.04390,1
128,6144,steady,29,add,0.00998,1
128,6144,steady,30,vllm_ar,0.03802,1
128,6144,steady,30,rmsnorm,0.04045,1
128,6144,steady,30,add,0.00435,1
128,6144,steady,31,vllm_ar,0.03693,1
128,6144,steady,31,rmsnorm,0.05453,1
128,6144,steady,31,add,0.00845,1
128,6144,steady,32,vllm_ar,0.04000,1
128,6144,steady,32,rmsnorm,0.04032,1
128,6144,steady,32,add,0.00832,1
128,6144,steady,33,vllm_ar,0.03827,1
128,6144,steady,33,rmsnorm,0.04506,1
128,6144,steady,33,add,0.00723,1
128,6144,steady,34,vllm_ar,0.04032,1
128,6144,steady,34,rmsnorm,0.04685,1
128,6144,steady,34,add,0.00851,1
128,6144,steady,35,vllm_ar,0.04813,1
128,6144,steady,35,rmsnorm,0.04422,1
128,6144,steady,35,add,0.00813,1
128,6144,steady,36,vllm_ar,0.03757,1
128,6144,steady,36,rmsnorm,0.04275,1
128,6144,steady,36,add,0.00845,1
128,6144,steady,37,vllm_ar,0.03923,1
128,6144,steady,37,rmsnorm,0.04544,1
128,6144,steady,37,add,0.00768,1
128,6144,steady,38,vllm_ar,0.03840,1
128,6144,steady,38,rmsnorm,0.04224,1
128,6144,steady,38,add,0.00435,1
128,6144,steady,39,vllm_ar,0.03725,1
128,6144,steady,39,rmsnorm,0.04480,1
128,6144,steady,39,add,0.00851,1
128,6144,steady,40,vllm_ar,0.11443,1
128,6144,steady,40,rmsnorm,0.03507,1
128,6144,steady,40,add,0.00442,1
128,6144,steady,41,vllm_ar,0.04512,1
128,6144,steady,41,rmsnorm,0.02950,1
128,6144,steady,41,add,0.00749,1
128,6144,steady,42,vllm_ar,0.04019,1
128,6144,steady,42,rmsnorm,0.04518,1
128,6144,steady,42,add,0.00614,1
128,6144,steady,43,vllm_ar,0.05139,1
128,6144,steady,43,rmsnorm,0.04397,1
128,6144,steady,43,add,0.00531,1
128,6144,steady,44,vllm_ar,0.04000,1
128,6144,steady,44,rmsnorm,0.05203,1
128,6144,steady,44,add,0.00742,1
128,6144,steady,45,vllm_ar,0.03802,1
128,6144,steady,45,rmsnorm,0.03770,1
128,6144,steady,45,add,0.00858,1
128,6144,steady,46,vllm_ar,0.03629,1
128,6144,steady,46,rmsnorm,0.04486,1
128,6144,steady,46,add,0.00947,1
128,6144,steady,47,vllm_ar,0.11315,1
128,6144,steady,47,rmsnorm,0.04659,1
128,6144,steady,47,add,0.00806,1
128,6144,steady,48,vllm_ar,0.03622,1
128,6144,steady,48,rmsnorm,0.04192,1
128,6144,steady,48,add,0.00845,1
128,6144,steady,49,vllm_ar,0.03616,1
128,6144,steady,49,rmsnorm,0.04928,1
128,6144,steady,49,add,0.00858,1
128,6144,steady,50,vllm_ar,0.03635,1
128,6144,steady,50,rmsnorm,0.04595,1
128,6144,steady,50,add,0.00448,1
128,6144,steady,51,vllm_ar,0.03885,1
128,6144,steady,51,rmsnorm,0.04768,1
128,6144,steady,51,add,0.00858,1
128,6144,steady,52,vllm_ar,0.04288,1
128,6144,steady,52,rmsnorm,0.04486,1
128,6144,steady,52,add,0.00762,1
128,6144,steady,53,vllm_ar,0.03731,1
128,6144,steady,53,rmsnorm,0.04531,1
128,6144,steady,53,add,0.00858,1
128,6144,steady,54,vllm_ar,0.04493,1
128,6144,steady,54,rmsnorm,0.04576,1
128,6144,steady,54,add,0.00845,1
128,6144,steady,55,vllm_ar,0.03955,1
128,6144,steady,55,rmsnorm,0.03603,1
128,6144,steady,55,add,0.00851,1
128,6144,steady,56,vllm_ar,0.03693,1
128,6144,steady,56,rmsnorm,0.04582,1
128,6144,steady,56,add,0.00838,1
128,6144,steady,57,vllm_ar,0.03443,1
128,6144,steady,57,rmsnorm,0.04256,1
128,6144,steady,57,add,0.00845,1
128,6144,steady,58,vllm_ar,0.03475,1
128,6144,steady,58,rmsnorm,0.04006,1
128,6144,steady,58,add,0.00845,1
128,6144,steady,59,vllm_ar,0.03930,1
128,6144,steady,59,rmsnorm,0.04550,1
128,6144,steady,59,add,0.00845,1
128,6144,steady,60,vllm_ar,0.03962,1
128,6144,steady,60,rmsnorm,0.04250,1
128,6144,steady,60,add,0.00442,1
128,6144,steady,61,vllm_ar,0.04301,1
128,6144,steady,61,rmsnorm,0.04410,1
128,6144,steady,61,add,0.01024,1
128,6144,steady,62,vllm_ar,0.04218,1
128,6144,steady,62,rmsnorm,0.03802,1
128,6144,steady,62,add,0.00851,1
128,6144,steady,63,vllm_ar,0.03942,1
128,6144,steady,63,rmsnorm,0.04678,1
128,6144,steady,63,add,0.00762,1
128,6144,steady,64,vllm_ar,0.03891,1
128,6144,steady,64,rmsnorm,0.05267,1
128,6144,steady,64,add,0.00435,1
128,6144,steady,65,vllm_ar,0.03475,1
128,6144,steady,65,rmsnorm,0.04570,1
128,6144,steady,65,add,0.00838,1
128,6144,steady,66,vllm_ar,0.03994,1
128,6144,steady,66,rmsnorm,0.03866,1
128,6144,steady,66,add,0.00851,1
128,6144,steady,67,vllm_ar,0.03968,1
128,6144,steady,67,rmsnorm,0.04544,1
128,6144,steady,67,add,0.00749,1
128,6144,steady,68,vllm_ar,0.04947,1
128,6144,steady,68,rmsnorm,0.04742,1
128,6144,steady,68,add,0.00845,1
128,6144,steady,69,vllm_ar,0.04371,1
128,6144,steady,69,rmsnorm,0.04083,1
128,6144,steady,69,add,0.00435,1
128,6144,steady,70,vllm_ar,0.03584,1
128,6144,steady,70,rmsnorm,0.04506,1
128,6144,steady,70,add,0.00819,1
128,6144,steady,71,vllm_ar,0.03974,1
128,6144,steady,71,rmsnorm,0.03731,1
128,6144,steady,71,add,0.00845,1
128,6144,steady,72,vllm_ar,0.03622,1
128,6144,steady,72,rmsnorm,0.04006,1
128,6144,steady,72,add,0.00960,1
128,6144,steady,73,vllm_ar,0.03686,1
128,6144,steady,73,rmsnorm,0.04582,1
128,6144,steady,73,add,0.00442,1
128,6144,steady,74,vllm_ar,0.03616,1
128,6144,steady,74,rmsnorm,0.04301,1
128,6144,steady,74,add,0.00435,1
128,6144,steady,75,vllm_ar,0.04064,1
128,6144,steady,75,rmsnorm,0.04717,1
128,6144,steady,75,add,0.00838,1
128,6144,steady,76,vllm_ar,0.04384,1
128,6144,steady,76,rmsnorm,0.04621,1
128,6144,steady,76,add,0.00845,1
128,6144,steady,77,vllm_ar,0.03942,1
128,6144,steady,77,rmsnorm,0.03616,1
128,6144,steady,77,add,0.00826,1
128,6144,steady,78,vllm_ar,0.03872,1
128,6144,steady,78,rmsnorm,0.04570,1
128,6144,steady,78,add,0.00838,1
128,6144,steady,79,vllm_ar,0.03930,1
128,6144,steady,79,rmsnorm,0.06413,1
128,6144,steady,79,add,0.00442,1
128,6144,steady,80,vllm_ar,0.03936,1
128,6144,steady,80,rmsnorm,0.05504,1
128,6144,steady,80,add,0.00448,1
128,6144,steady,81,vllm_ar,0.03789,1
128,6144,steady,81,rmsnorm,0.04922,1
128,6144,steady,81,add,0.00755,1
128,6144,steady,82,vllm_ar,0.05485,1
128,6144,steady,82,rmsnorm,0.04787,1
128,6144,steady,82,add,0.00832,1
128,6144,steady,83,vllm_ar,0.04646,1
128,6144,steady,83,rmsnorm,0.04352,1
128,6144,steady,83,add,0.00730,1
128,6144,steady,84,vllm_ar,0.03872,1
128,6144,steady,84,rmsnorm,0.03661,1
128,6144,steady,84,add,0.00858,1
128,6144,steady,85,vllm_ar,0.03955,1
128,6144,steady,85,rmsnorm,0.04397,1
128,6144,steady,85,add,0.00902,1
128,6144,steady,86,vllm_ar,0.03642,1
128,6144,steady,86,rmsnorm,0.04774,1
128,6144,steady,86,add,0.00845,1
128,6144,steady,87,vllm_ar,0.04224,1
128,6144,steady,87,rmsnorm,0.04544,1
128,6144,steady,87,add,0.00442,1
128,6144,steady,88,vllm_ar,0.04070,1
128,6144,steady,88,rmsnorm,0.04499,1
128,6144,steady,88,add,0.00435,1
128,6144,steady,89,vllm_ar,0.03770,1
128,6144,steady,89,rmsnorm,0.04224,1
128,6144,steady,89,add,0.00442,1
128,6144,steady,90,vllm_ar,0.03699,1
128,6144,steady,90,rmsnorm,0.04653,1
128,6144,steady,90,add,0.00442,1
128,6144,steady,91,vllm_ar,0.04557,1
128,6144,steady,91,rmsnorm,0.03008,1
128,6144,steady,91,add,0.00845,1
128,6144,steady,92,vllm_ar,0.04109,1
128,6144,steady,92,rmsnorm,0.03552,1
128,6144,steady,92,add,0.00966,1
128,6144,steady,93,vllm_ar,0.03962,1
128,6144,steady,93,rmsnorm,0.04435,1
128,6144,steady,93,add,0.00442,1
128,6144,steady,94,vllm_ar,0.03654,1
128,6144,steady,94,rmsnorm,0.04307,1
128,6144,steady,94,add,0.00442,1
128,6144,steady,95,vllm_ar,0.03891,1
128,6144,steady,95,rmsnorm,0.03770,1
128,6144,steady,95,add,0.00954,1
128,6144,steady,96,vllm_ar,0.03770,1
128,6144,steady,96,rmsnorm,0.04595,1
128,6144,steady,96,add,0.00435,1
128,6144,steady,97,vllm_ar,0.03661,1
128,6144,steady,97,rmsnorm,0.04634,1
128,6144,steady,97,add,0.00845,1
128,6144,steady,98,vllm_ar,0.04333,1
128,6144,steady,98,rmsnorm,0.04570,1
128,6144,steady,98,add,0.00435,1
128,6144,steady,99,vllm_ar,0.03706,1
128,6144,steady,99,rmsnorm,0.04646,1
128,6144,steady,99,add,0.00845,1
256,6144,gpu,0,vllm_ar,0.08602,1
256,6144,gpu,0,rmsnorm,0.01741,1
256,6144,gpu,0,add,0.04198,1
256,6144,gpu,1,vllm_ar,0.06349,1
256,6144,gpu,1,rmsnorm,0.01741,1
256,6144,gpu,1,add,0.01331,1
256,6144,gpu,2,vllm_ar,0.06451,1
256,6144,gpu,2,rmsnorm,0.01741,1
256,6144,gpu,2,add,0.01331,1
256,6144,gpu,3,vllm_ar,0.05120,1
256,6144,gpu,3,rmsnorm,0.01843,1
256,6144,gpu,3,add,0.01331,1
256,6144,gpu,4,vllm_ar,0.06554,1
256,6144,gpu,4,rmsnorm,0.01741,1
256,6144,gpu,4,add,0.01331,1
256,6144,gpu,5,vllm_ar,0.05222,1
256,6144,gpu,5,rmsnorm,0.01741,1
256,6144,gpu,5,add,0.01331,1
256,6144,gpu,6,vllm_ar,0.05018,1
256,6144,gpu,6,rmsnorm,0.01741,1
256,6144,gpu,6,add,0.01331,1
256,6144,gpu,7,vllm_ar,0.10138,1
256,6144,gpu,7,rmsnorm,0.01741,1
256,6144,gpu,7,add,0.01331,1
256,6144,gpu,8,vllm_ar,0.06451,1
256,6144,gpu,8,rmsnorm,0.01638,1
256,6144,gpu,8,add,0.01434,1
256,6144,gpu,9,vllm_ar,0.05222,1
256,6144,gpu,9,rmsnorm,0.01741,1
256,6144,gpu,9,add,0.01331,1
256,6144,gpu,10,vllm_ar,0.08397,1
256,6144,gpu,10,rmsnorm,0.01741,1
256,6144,gpu,10,add,0.01331,1
256,6144,gpu,11,vllm_ar,0.06656,1
256,6144,gpu,11,rmsnorm,0.01741,1
256,6144,gpu,11,add,0.01331,1
256,6144,gpu,12,vllm_ar,0.05120,1
256,6144,gpu,12,rmsnorm,0.01741,1
256,6144,gpu,12,add,0.01331,1
256,6144,gpu,13,vllm_ar,0.05222,1
256,6144,gpu,13,rmsnorm,0.08397,1
256,6144,gpu,13,add,0.01331,1
256,6144,gpu,14,vllm_ar,0.05120,1
256,6144,gpu,14,rmsnorm,0.01638,1
256,6144,gpu,14,add,0.01331,1
256,6144,gpu,15,vllm_ar,0.05222,1
256,6144,gpu,15,rmsnorm,0.01843,1
256,6144,gpu,15,add,0.01331,1
256,6144,gpu,16,vllm_ar,0.06656,1
256,6144,gpu,16,rmsnorm,0.01741,1
256,6144,gpu,16,add,0.01331,1
256,6144,gpu,17,vllm_ar,0.10240,1
256,6144,gpu,17,rmsnorm,0.01741,1
256,6144,gpu,17,add,0.01331,1
256,6144,gpu,18,vllm_ar,0.05222,1
256,6144,gpu,18,rmsnorm,0.01741,1
256,6144,gpu,18,add,0.01331,1
256,6144,gpu,19,vllm_ar,0.09216,1
256,6144,gpu,19,rmsnorm,0.01741,1
256,6144,gpu,19,add,0.01331,1
256,6144,gpu,20,vllm_ar,0.05120,1
256,6144,gpu,20,rmsnorm,0.01741,1
256,6144,gpu,20,add,0.01331,1
256,6144,gpu,21,vllm_ar,0.06451,1
256,6144,gpu,21,rmsnorm,0.01638,1
256,6144,gpu,21,add,0.01331,1
256,6144,gpu,22,vllm_ar,0.05018,1
256,6144,gpu,22,rmsnorm,0.01741,1
256,6144,gpu,22,add,0.01331,1
256,6144,gpu,23,vllm_ar,0.06554,1
256,6144,gpu,23,rmsnorm,0.01843,1
256,6144,gpu,23,add,0.01331,1
256,6144,gpu,24,vllm_ar,0.05837,1
256,6144,gpu,24,rmsnorm,0.08397,1
256,6144,gpu,24,add,0.01331,1
256,6144,gpu,25,vllm_ar,0.10138,1
256,6144,gpu,25,rmsnorm,0.01741,1
256,6144,gpu,25,add,0.01331,1
256,6144,gpu,26,vllm_ar,0.06451,1
256,6144,gpu,26,rmsnorm,0.01741,1
256,6144,gpu,26,add,0.01331,1
256,6144,gpu,27,vllm_ar,0.05120,1
256,6144,gpu,27,rmsnorm,0.01741,1
256,6144,gpu,27,add,0.01331,1
256,6144,gpu,28,vllm_ar,0.07066,1
256,6144,gpu,28,rmsnorm,0.01741,1
256,6144,gpu,28,add,0.01331,1
256,6144,gpu,29,vllm_ar,0.06656,1
256,6144,gpu,29,rmsnorm,0.01741,1
256,6144,gpu,29,add,0.03686,1
256,6144,gpu,30,vllm_ar,0.07578,1
256,6144,gpu,30,rmsnorm,0.01638,1
256,6144,gpu,30,add,0.01331,1
256,6144,gpu,31,vllm_ar,0.05222,1
256,6144,gpu,31,rmsnorm,0.01741,1
256,6144,gpu,31,add,0.01331,1
256,6144,gpu,32,vllm_ar,0.05222,1
256,6144,gpu,32,rmsnorm,0.01843,1
256,6144,gpu,32,add,0.01331,1
256,6144,gpu,33,vllm_ar,0.05120,1
256,6144,gpu,33,rmsnorm,0.01741,1
256,6144,gpu,33,add,0.01331,1
256,6144,gpu,34,vllm_ar,0.09830,1
256,6144,gpu,34,rmsnorm,0.01741,1
256,6144,gpu,34,add,0.01331,1
256,6144,gpu,35,vllm_ar,0.07168,1
256,6144,gpu,35,rmsnorm,0.01741,1
256,6144,gpu,35,add,0.01331,1
256,6144,gpu,36,vllm_ar,0.07987,1
256,6144,gpu,36,rmsnorm,0.01638,1
256,6144,gpu,36,add,0.01331,1
256,6144,gpu,37,vllm_ar,0.06349,1
256,6144,gpu,37,rmsnorm,0.01741,1
256,6144,gpu,37,add,0.01331,1
256,6144,gpu,38,vllm_ar,0.06554,1
256,6144,gpu,38,rmsnorm,0.01741,1
256,6144,gpu,38,add,0.01331,1
256,6144,gpu,39,vllm_ar,0.05222,1
256,6144,gpu,39,rmsnorm,0.01741,1
256,6144,gpu,39,add,0.01434,1
256,6144,gpu,40,vllm_ar,0.07373,1
256,6144,gpu,40,rmsnorm,0.01741,1
256,6144,gpu,40,add,0.01331,1
256,6144,gpu,41,vllm_ar,1.29946,1
256,6144,gpu,41,rmsnorm,0.01741,1
256,6144,gpu,41,add,0.01331,1
256,6144,gpu,42,vllm_ar,0.10138,1
256,6144,gpu,42,rmsnorm,0.01741,1
256,6144,gpu,42,add,0.01434,1
256,6144,gpu,43,vllm_ar,0.06554,1
256,6144,gpu,43,rmsnorm,0.03994,1
256,6144,gpu,43,add,0.01331,1
256,6144,gpu,44,vllm_ar,0.05222,1
256,6144,gpu,44,rmsnorm,0.01741,1
256,6144,gpu,44,add,0.01331,1
256,6144,gpu,45,vllm_ar,0.07885,1
256,6144,gpu,45,rmsnorm,0.01638,1
256,6144,gpu,45,add,0.01331,1
256,6144,gpu,46,vllm_ar,0.06656,1
256,6144,gpu,46,rmsnorm,0.01741,1
256,6144,gpu,46,add,0.01331,1
256,6144,gpu,47,vllm_ar,0.06656,1
256,6144,gpu,47,rmsnorm,0.01741,1
256,6144,gpu,47,add,0.01331,1
256,6144,gpu,48,vllm_ar,0.05120,1
256,6144,gpu,48,rmsnorm,0.01638,1
256,6144,gpu,48,add,0.01331,1
256,6144,gpu,49,vllm_ar,0.05837,1
256,6144,gpu,49,rmsnorm,0.01741,1
256,6144,gpu,49,add,0.01331,1
256,6144,gpu,50,vllm_ar,0.06758,1
256,6144,gpu,50,rmsnorm,0.01741,1
256,6144,gpu,50,add,0.01331,1
256,6144,gpu,51,vllm_ar,0.09830,1
256,6144,gpu,51,rmsnorm,0.01741,1
256,6144,gpu,51,add,0.01331,1
256,6144,gpu,52,vllm_ar,0.08090,1
256,6144,gpu,52,rmsnorm,0.01741,1
256,6144,gpu,52,add,0.01331,1
256,6144,gpu,53,vllm_ar,0.05222,1
256,6144,gpu,53,rmsnorm,0.01741,1
256,6144,gpu,53,add,0.01331,1
256,6144,gpu,54,vllm_ar,0.05222,1
256,6144,gpu,54,rmsnorm,0.01638,1
256,6144,gpu,54,add,0.01331,1
256,6144,gpu,55,vllm_ar,0.09216,1
256,6144,gpu,55,rmsnorm,0.01741,1
256,6144,gpu,55,add,0.01331,1
256,6144,gpu,56,vllm_ar,0.08704,1
256,6144,gpu,56,rmsnorm,0.01741,1
256,6144,gpu,56,add,0.01331,1
256,6144,gpu,57,vllm_ar,0.05222,1
256,6144,gpu,57,rmsnorm,0.01741,1
256,6144,gpu,57,add,0.01331,1
256,6144,gpu,58,vllm_ar,0.05734,1
256,6144,gpu,58,rmsnorm,0.01741,1
256,6144,gpu,58,add,0.01331,1
256,6144,gpu,59,vllm_ar,0.07475,1
256,6144,gpu,59,rmsnorm,0.01741,1
256,6144,gpu,59,add,0.01434,1
256,6144,gpu,60,vllm_ar,0.09933,1
256,6144,gpu,60,rmsnorm,0.01741,1
256,6144,gpu,60,add,0.01331,1
256,6144,gpu,61,vllm_ar,0.08294,1
256,6144,gpu,61,rmsnorm,0.01638,1
256,6144,gpu,61,add,0.01331,1
256,6144,gpu,62,vllm_ar,0.05222,1
256,6144,gpu,62,rmsnorm,0.01638,1
256,6144,gpu,62,add,0.01331,1
256,6144,gpu,63,vllm_ar,0.05120,1
256,6144,gpu,63,rmsnorm,0.01638,1
256,6144,gpu,63,add,0.01434,1
256,6144,gpu,64,vllm_ar,0.05222,1
256,6144,gpu,64,rmsnorm,0.01741,1
256,6144,gpu,64,add,0.01331,1
256,6144,gpu,65,vllm_ar,0.07680,1
256,6144,gpu,65,rmsnorm,0.01741,1
256,6144,gpu,65,add,0.01331,1
256,6144,gpu,66,vllm_ar,0.06861,1
256,6144,gpu,66,rmsnorm,0.01741,1
256,6144,gpu,66,add,0.01331,1
256,6144,gpu,67,vllm_ar,0.06554,1
256,6144,gpu,67,rmsnorm,0.01741,1
256,6144,gpu,67,add,0.01331,1
256,6144,gpu,68,vllm_ar,0.07270,1
256,6144,gpu,68,rmsnorm,0.01741,1
256,6144,gpu,68,add,0.01331,1
256,6144,gpu,69,vllm_ar,0.09933,1
256,6144,gpu,69,rmsnorm,0.01741,1
256,6144,gpu,69,add,0.01331,1
256,6144,gpu,70,vllm_ar,0.05632,1
256,6144,gpu,70,rmsnorm,0.01741,1
256,6144,gpu,70,add,0.01331,1
256,6144,gpu,71,vllm_ar,0.08192,1
256,6144,gpu,71,rmsnorm,0.01741,1
256,6144,gpu,71,add,0.01434,1
256,6144,gpu,72,vllm_ar,0.06451,1
256,6144,gpu,72,rmsnorm,0.01741,1
256,6144,gpu,72,add,0.01331,1
256,6144,gpu,73,vllm_ar,0.05120,1
256,6144,gpu,73,rmsnorm,0.01741,1
256,6144,gpu,73,add,0.01434,1
256,6144,gpu,74,vllm_ar,0.08090,1
256,6144,gpu,74,rmsnorm,0.01741,1
256,6144,gpu,74,add,0.01331,1
256,6144,gpu,75,vllm_ar,0.06554,1
256,6144,gpu,75,rmsnorm,0.01741,1
256,6144,gpu,75,add,0.01331,1
256,6144,gpu,76,vllm_ar,0.07578,1
256,6144,gpu,76,rmsnorm,0.01741,1
256,6144,gpu,76,add,0.01331,1
256,6144,gpu,77,vllm_ar,0.07270,1
256,6144,gpu,77,rmsnorm,0.01741,1
256,6144,gpu,77,add,0.01331,1
256,6144,gpu,78,vllm_ar,0.10138,1
256,6144,gpu,78,rmsnorm,0.01638,1
256,6144,gpu,78,add,0.01331,1
256,6144,gpu,79,vllm_ar,0.06656,1
256,6144,gpu,79,rmsnorm,0.01741,1
256,6144,gpu,79,add,0.01331,1
256,6144,gpu,80,vllm_ar,0.07373,1
256,6144,gpu,80,rmsnorm,0.01741,1
256,6144,gpu,80,add,0.01331,1
256,6144,gpu,81,vllm_ar,0.05325,1
256,6144,gpu,81,rmsnorm,0.01741,1
256,6144,gpu,81,add,0.01331,1
256,6144,gpu,82,vllm_ar,0.06656,1
256,6144,gpu,82,rmsnorm,0.01638,1
256,6144,gpu,82,add,0.01331,1
256,6144,gpu,83,vllm_ar,0.06554,1
256,6144,gpu,83,rmsnorm,0.01638,1
256,6144,gpu,83,add,0.01331,1
256,6144,gpu,84,vllm_ar,0.07270,1
256,6144,gpu,84,rmsnorm,0.01741,1
256,6144,gpu,84,add,0.01331,1
256,6144,gpu,85,vllm_ar,0.06758,1
256,6144,gpu,85,rmsnorm,0.01741,1
256,6144,gpu,85,add,0.01331,1
256,6144,gpu,86,vllm_ar,0.06758,1
256,6144,gpu,86,rmsnorm,0.01638,1
256,6144,gpu,86,add,0.01331,1
256,6144,gpu,87,vllm_ar,0.10138,1
256,6144,gpu,87,rmsnorm,0.01741,1
256,6144,gpu,87,add,0.01331,1
256,6144,gpu,88,vllm_ar,0.06554,1
256,6144,gpu,88,rmsnorm,0.01638,1
256,6144,gpu,88,add,0.01331,1
256,6144,gpu,89,vllm_ar,0.07168,1
256,6144,gpu,89,rmsnorm,0.01741,1
256,6144,gpu,89,add,0.01331,1
256,6144,gpu,90,vllm_ar,0.07578,1
256,6144,gpu,90,rmsnorm,0.01741,1
256,6144,gpu,90,add,0.01331,1
256,6144,gpu,91,vllm_ar,0.06554,1
256,6144,gpu,91,rmsnorm,0.01638,1
256,6144,gpu,91,add,0.01331,1
256,6144,gpu,92,vllm_ar,0.07885,1
256,6144,gpu,92,rmsnorm,0.01741,1
256,6144,gpu,92,add,0.03072,1
256,6144,gpu,93,vllm_ar,0.07066,1
256,6144,gpu,93,rmsnorm,0.01741,1
256,6144,gpu,93,add,0.01331,1
256,6144,gpu,94,vllm_ar,0.06554,1
256,6144,gpu,94,rmsnorm,0.01741,1
256,6144,gpu,94,add,0.01331,1
256,6144,gpu,95,vllm_ar,0.10240,1
256,6144,gpu,95,rmsnorm,0.01741,1
256,6144,gpu,95,add,0.01434,1
256,6144,gpu,96,vllm_ar,0.06554,1
256,6144,gpu,96,rmsnorm,0.01741,1
256,6144,gpu,96,add,0.01331,1
256,6144,gpu,97,vllm_ar,0.05222,1
256,6144,gpu,97,rmsnorm,0.01638,1
256,6144,gpu,97,add,0.01331,1
256,6144,gpu,98,vllm_ar,0.08192,1
256,6144,gpu,98,rmsnorm,0.01741,1
256,6144,gpu,98,add,0.01331,1
256,6144,gpu,99,vllm_ar,0.06451,1
256,6144,gpu,99,rmsnorm,0.01638,1
256,6144,gpu,99,add,0.01434,1
256,6144,gpu,100,vllm_ar,0.05120,1
256,6144,gpu,100,rmsnorm,0.01638,1
256,6144,gpu,100,add,0.01331,1
256,6144,gpu,101,vllm_ar,0.08499,1
256,6144,gpu,101,rmsnorm,0.01638,1
256,6144,gpu,101,add,0.01331,1
256,6144,gpu,102,vllm_ar,0.06656,1
256,6144,gpu,102,rmsnorm,0.01638,1
256,6144,gpu,102,add,0.01331,1
256,6144,gpu,103,vllm_ar,0.06554,1
256,6144,gpu,103,rmsnorm,0.01741,1
256,6144,gpu,103,add,0.03174,1
256,6144,gpu,104,vllm_ar,0.11469,1
256,6144,gpu,104,rmsnorm,0.01741,1
256,6144,gpu,104,add,0.01331,1
256,6144,gpu,105,vllm_ar,0.05427,1
256,6144,gpu,105,rmsnorm,0.01741,1
256,6144,gpu,105,add,0.01331,1
256,6144,gpu,106,vllm_ar,0.06554,1
256,6144,gpu,106,rmsnorm,0.01741,1
256,6144,gpu,106,add,0.01331,1
256,6144,gpu,107,vllm_ar,0.08090,1
256,6144,gpu,107,rmsnorm,0.01741,1
256,6144,gpu,107,add,0.01331,1
256,6144,gpu,108,vllm_ar,0.07885,1
256,6144,gpu,108,rmsnorm,0.09728,1
256,6144,gpu,108,add,0.01331,1
256,6144,gpu,109,vllm_ar,0.06656,1
256,6144,gpu,109,rmsnorm,0.01741,1
256,6144,gpu,109,add,0.01331,1
256,6144,gpu,110,vllm_ar,0.06656,1
256,6144,gpu,110,rmsnorm,0.01741,1
256,6144,gpu,110,add,0.01331,1
256,6144,gpu,111,vllm_ar,0.09728,1
256,6144,gpu,111,rmsnorm,0.01638,1
256,6144,gpu,111,add,0.01331,1
256,6144,gpu,112,vllm_ar,0.06451,1
256,6144,gpu,112,rmsnorm,0.01741,1
256,6144,gpu,112,add,0.01331,1
256,6144,gpu,113,vllm_ar,0.06554,1
256,6144,gpu,113,rmsnorm,0.01741,1
256,6144,gpu,113,add,0.01331,1
256,6144,gpu,114,vllm_ar,0.05530,1
256,6144,gpu,114,rmsnorm,0.01638,1
256,6144,gpu,114,add,0.01331,1
256,6144,gpu,115,vllm_ar,0.07782,1
256,6144,gpu,115,rmsnorm,0.01741,1
256,6144,gpu,115,add,0.01331,1
256,6144,gpu,116,vllm_ar,0.05325,1
256,6144,gpu,116,rmsnorm,0.01741,1
256,6144,gpu,116,add,0.01331,1
256,6144,gpu,117,vllm_ar,0.07680,1
256,6144,gpu,117,rmsnorm,0.01741,1
256,6144,gpu,117,add,0.01331,1
256,6144,gpu,118,vllm_ar,0.06349,1
256,6144,gpu,118,rmsnorm,0.01638,1
256,6144,gpu,118,add,0.01331,1
256,6144,gpu,119,vllm_ar,1.51142,1
256,6144,gpu,119,rmsnorm,0.01741,1
256,6144,gpu,119,add,0.01331,1
256,6144,gpu,120,vllm_ar,0.10547,1
256,6144,gpu,120,rmsnorm,0.01741,1
256,6144,gpu,120,add,0.01331,1
256,6144,gpu,121,vllm_ar,0.06349,1
256,6144,gpu,121,rmsnorm,0.01741,1
256,6144,gpu,121,add,0.01331,1
256,6144,gpu,122,vllm_ar,0.06554,1
256,6144,gpu,122,rmsnorm,0.01741,1
256,6144,gpu,122,add,0.01331,1
256,6144,gpu,123,vllm_ar,0.06554,1
256,6144,gpu,123,rmsnorm,0.01741,1
256,6144,gpu,123,add,0.01331,1
256,6144,gpu,124,vllm_ar,0.07578,1
256,6144,gpu,124,rmsnorm,0.01638,1
256,6144,gpu,124,add,0.01331,1
256,6144,gpu,125,vllm_ar,0.07782,1
256,6144,gpu,125,rmsnorm,0.01741,1
256,6144,gpu,125,add,0.01434,1
256,6144,gpu,126,vllm_ar,0.05427,1
256,6144,gpu,126,rmsnorm,0.01741,1
256,6144,gpu,126,add,0.01331,1
256,6144,gpu,127,vllm_ar,0.06451,1
256,6144,gpu,127,rmsnorm,0.01741,1
256,6144,gpu,127,add,0.01331,1
256,6144,gpu,128,vllm_ar,0.06656,1
256,6144,gpu,128,rmsnorm,0.01638,1
256,6144,gpu,128,add,0.01331,1
256,6144,gpu,129,vllm_ar,0.09626,1
256,6144,gpu,129,rmsnorm,0.01741,1
256,6144,gpu,129,add,0.01331,1
256,6144,gpu,130,vllm_ar,0.06656,1
256,6144,gpu,130,rmsnorm,0.01638,1
256,6144,gpu,130,add,0.01331,1
256,6144,gpu,131,vllm_ar,0.06451,1
256,6144,gpu,131,rmsnorm,0.01638,1
256,6144,gpu,131,add,0.01331,1
256,6144,gpu,132,vllm_ar,0.07680,1
256,6144,gpu,132,rmsnorm,0.01741,1
256,6144,gpu,132,add,0.01331,1
256,6144,gpu,133,vllm_ar,0.06349,1
256,6144,gpu,133,rmsnorm,0.01741,1
256,6144,gpu,133,add,0.01331,1
256,6144,gpu,134,vllm_ar,0.07270,1
256,6144,gpu,134,rmsnorm,0.01741,1
256,6144,gpu,134,add,0.01331,1
256,6144,gpu,135,vllm_ar,0.07270,1
256,6144,gpu,135,rmsnorm,0.01741,1
256,6144,gpu,135,add,0.01331,1
256,6144,gpu,136,vllm_ar,0.05120,1
256,6144,gpu,136,rmsnorm,0.01741,1
256,6144,gpu,136,add,0.01331,1
256,6144,gpu,137,vllm_ar,0.05632,1
256,6144,gpu,137,rmsnorm,0.01638,1
256,6144,gpu,137,add,0.01331,1
256,6144,gpu,138,vllm_ar,0.10035,1
256,6144,gpu,138,rmsnorm,0.01741,1
256,6144,gpu,138,add,0.01331,1
256,6144,gpu,139,vllm_ar,0.07475,1
256,6144,gpu,139,rmsnorm,0.01638,1
256,6144,gpu,139,add,0.01434,1
256,6144,gpu,140,vllm_ar,0.06554,1
256,6144,gpu,140,rmsnorm,0.01741,1
256,6144,gpu,140,add,0.01331,1
256,6144,gpu,141,vllm_ar,0.06861,1
256,6144,gpu,141,rmsnorm,0.01741,1
256,6144,gpu,141,add,0.01331,1
256,6144,gpu,142,vllm_ar,0.06656,1
256,6144,gpu,142,rmsnorm,0.01638,1
256,6144,gpu,142,add,0.01331,1
256,6144,gpu,143,vllm_ar,0.05120,1
256,6144,gpu,143,rmsnorm,0.01741,1
256,6144,gpu,143,add,0.01434,1
256,6144,gpu,144,vllm_ar,0.06861,1
256,6144,gpu,144,rmsnorm,0.01638,1
256,6144,gpu,144,add,0.01331,1
256,6144,gpu,145,vllm_ar,0.07270,1
256,6144,gpu,145,rmsnorm,0.01741,1
256,6144,gpu,145,add,0.01331,1
256,6144,gpu,146,vllm_ar,0.05222,1
256,6144,gpu,146,rmsnorm,0.01741,1
256,6144,gpu,146,add,0.01331,1
256,6144,gpu,147,vllm_ar,0.09523,1
256,6144,gpu,147,rmsnorm,0.01638,1
256,6144,gpu,147,add,0.01331,1
256,6144,gpu,148,vllm_ar,0.07578,1
256,6144,gpu,148,rmsnorm,0.01741,1
256,6144,gpu,148,add,0.01331,1
256,6144,gpu,149,vllm_ar,0.06554,1
256,6144,gpu,149,rmsnorm,0.01741,1
256,6144,gpu,149,add,0.01331,1
256,6144,gpu,150,vllm_ar,0.08192,1
256,6144,gpu,150,rmsnorm,0.01741,1
256,6144,gpu,150,add,0.01331,1
256,6144,gpu,151,vllm_ar,0.06554,1
256,6144,gpu,151,rmsnorm,0.01741,1
256,6144,gpu,151,add,0.01331,1
256,6144,gpu,152,vllm_ar,0.05120,1
256,6144,gpu,152,rmsnorm,0.01741,1
256,6144,gpu,152,add,0.01331,1
256,6144,gpu,153,vllm_ar,0.07475,1
256,6144,gpu,153,rmsnorm,0.01741,1
256,6144,gpu,153,add,0.01331,1
256,6144,gpu,154,vllm_ar,0.07168,1
256,6144,gpu,154,rmsnorm,0.01741,1
256,6144,gpu,154,add,0.01331,1
256,6144,gpu,155,vllm_ar,0.05222,1
256,6144,gpu,155,rmsnorm,0.01741,1
256,6144,gpu,155,add,0.01331,1
256,6144,gpu,156,vllm_ar,0.10138,1
256,6144,gpu,156,rmsnorm,0.06861,1
256,6144,gpu,156,add,0.01331,1
256,6144,gpu,157,vllm_ar,0.07168,1
256,6144,gpu,157,rmsnorm,0.01638,1
256,6144,gpu,157,add,0.01331,1
256,6144,gpu,158,vllm_ar,0.07782,1
256,6144,gpu,158,rmsnorm,0.01638,1
256,6144,gpu,158,add,0.01331,1
256,6144,gpu,159,vllm_ar,0.06451,1
256,6144,gpu,159,rmsnorm,0.01741,1
256,6144,gpu,159,add,0.01331,1
256,6144,gpu,160,vllm_ar,0.06554,1
256,6144,gpu,160,rmsnorm,0.01638,1
256,6144,gpu,160,add,0.01331,1
256,6144,gpu,161,vllm_ar,0.05222,1
256,6144,gpu,161,rmsnorm,0.01741,1
256,6144,gpu,161,add,0.01331,1
256,6144,gpu,162,vllm_ar,0.06554,1
256,6144,gpu,162,rmsnorm,0.01741,1
256,6144,gpu,162,add,0.01331,1
256,6144,gpu,163,vllm_ar,0.07270,1
256,6144,gpu,163,rmsnorm,0.01741,1
256,6144,gpu,163,add,0.01331,1
256,6144,gpu,164,vllm_ar,0.07680,1
256,6144,gpu,164,rmsnorm,0.01741,1
256,6144,gpu,164,add,0.01331,1
256,6144,gpu,165,vllm_ar,0.10035,1
256,6144,gpu,165,rmsnorm,0.01741,1
256,6144,gpu,165,add,0.01331,1
256,6144,gpu,166,vllm_ar,0.07885,1
256,6144,gpu,166,rmsnorm,0.01843,1
256,6144,gpu,166,add,0.01331,1
256,6144,gpu,167,vllm_ar,0.07270,1
256,6144,gpu,167,rmsnorm,0.01741,1
256,6144,gpu,167,add,0.01331,1
256,6144,gpu,168,vllm_ar,0.05120,1
256,6144,gpu,168,rmsnorm,0.01638,1
256,6144,gpu,168,add,0.01331,1
256,6144,gpu,169,vllm_ar,0.06451,1
256,6144,gpu,169,rmsnorm,0.01741,1
256,6144,gpu,169,add,0.01331,1
256,6144,gpu,170,vllm_ar,0.06554,1
256,6144,gpu,170,rmsnorm,0.08806,1
256,6144,gpu,170,add,0.01331,1
256,6144,gpu,171,vllm_ar,0.05222,1
256,6144,gpu,171,rmsnorm,0.01843,1
256,6144,gpu,171,add,0.01331,1
256,6144,gpu,172,vllm_ar,0.07578,1
256,6144,gpu,172,rmsnorm,0.01741,1
256,6144,gpu,172,add,0.01331,1
256,6144,gpu,173,vllm_ar,0.06656,1
256,6144,gpu,173,rmsnorm,0.01741,1
256,6144,gpu,173,add,0.01331,1
256,6144,gpu,174,vllm_ar,0.10342,1
256,6144,gpu,174,rmsnorm,0.01638,1
256,6144,gpu,174,add,0.01331,1
256,6144,gpu,175,vllm_ar,0.07270,1
256,6144,gpu,175,rmsnorm,0.01741,1
256,6144,gpu,175,add,0.01331,1
256,6144,gpu,176,vllm_ar,0.05120,1
256,6144,gpu,176,rmsnorm,0.01638,1
256,6144,gpu,176,add,0.01331,1
256,6144,gpu,177,vllm_ar,0.06656,1
256,6144,gpu,177,rmsnorm,0.01638,1
256,6144,gpu,177,add,0.01331,1
256,6144,gpu,178,vllm_ar,0.05222,1
256,6144,gpu,178,rmsnorm,0.01638,1
256,6144,gpu,178,add,0.01331,1
256,6144,gpu,179,vllm_ar,0.06451,1
256,6144,gpu,179,rmsnorm,0.01741,1
256,6144,gpu,179,add,0.01331,1
256,6144,gpu,180,vllm_ar,0.06451,1
256,6144,gpu,180,rmsnorm,0.01741,1
256,6144,gpu,180,add,0.01331,1
256,6144,gpu,181,vllm_ar,1.08339,1
256,6144,gpu,181,rmsnorm,0.01741,1
256,6144,gpu,181,add,0.01331,1
256,6144,gpu,182,vllm_ar,0.10240,1
256,6144,gpu,182,rmsnorm,0.01741,1
256,6144,gpu,182,add,0.01434,1
256,6144,gpu,183,vllm_ar,0.06349,1
256,6144,gpu,183,rmsnorm,0.01638,1
256,6144,gpu,183,add,0.01331,1
256,6144,gpu,184,vllm_ar,0.06349,1
256,6144,gpu,184,rmsnorm,0.01843,1
256,6144,gpu,184,add,0.01331,1
256,6144,gpu,185,vllm_ar,0.05120,1
256,6144,gpu,185,rmsnorm,0.01741,1
256,6144,gpu,185,add,0.01331,1
256,6144,gpu,186,vllm_ar,1.69882,1
256,6144,gpu,186,rmsnorm,0.01741,1
256,6144,gpu,186,add,0.01331,1
256,6144,gpu,187,vllm_ar,0.05222,1
256,6144,gpu,187,rmsnorm,0.01638,1
256,6144,gpu,187,add,0.01331,1
256,6144,gpu,188,vllm_ar,0.06451,1
256,6144,gpu,188,rmsnorm,0.01638,1
256,6144,gpu,188,add,0.01331,1
256,6144,gpu,189,vllm_ar,0.07270,1
256,6144,gpu,189,rmsnorm,0.01638,1
256,6144,gpu,189,add,0.01434,1
256,6144,gpu,190,vllm_ar,0.10445,1
256,6144,gpu,190,rmsnorm,0.01741,1
256,6144,gpu,190,add,0.01331,1
256,6144,gpu,191,vllm_ar,0.07782,1
256,6144,gpu,191,rmsnorm,0.01741,1
256,6144,gpu,191,add,0.01331,1
256,6144,gpu,192,vllm_ar,0.05120,1
256,6144,gpu,192,rmsnorm,0.01741,1
256,6144,gpu,192,add,0.01331,1
256,6144,gpu,193,vllm_ar,0.05120,1
256,6144,gpu,193,rmsnorm,0.01638,1
256,6144,gpu,193,add,0.01331,1
256,6144,gpu,194,vllm_ar,0.05120,1
256,6144,gpu,194,rmsnorm,0.01741,1
256,6144,gpu,194,add,0.01331,1
256,6144,gpu,195,vllm_ar,0.07680,1
256,6144,gpu,195,rmsnorm,0.01741,1
256,6144,gpu,195,add,0.01331,1
256,6144,gpu,196,vllm_ar,0.05734,1
256,6144,gpu,196,rmsnorm,0.01741,1
256,6144,gpu,196,add,0.01331,1
256,6144,gpu,197,vllm_ar,0.07680,1
256,6144,gpu,197,rmsnorm,0.01741,1
256,6144,gpu,197,add,0.03277,1
256,6144,gpu,198,vllm_ar,0.10650,1
256,6144,gpu,198,rmsnorm,0.01741,1
256,6144,gpu,198,add,0.01331,1
256,6144,gpu,199,vllm_ar,0.05222,1
256,6144,gpu,199,rmsnorm,0.01638,1
256,6144,gpu,199,add,0.01434,1
256,6144,steady,0,vllm_ar,0.05773,1
256,6144,steady,0,rmsnorm,0.05350,1
256,6144,steady,0,add,0.00883,1
256,6144,steady,1,vllm_ar,0.04979,1
256,6144,steady,1,rmsnorm,0.04723,1
256,6144,steady,1,add,0.00864,1
256,6144,steady,2,vllm_ar,0.04954,1
256,6144,steady,2,rmsnorm,0.02989,1
256,6144,steady,2,add,0.00858,1
256,6144,steady,3,vllm_ar,0.05030,1
256,6144,steady,3,rmsnorm,0.02573,1
256,6144,steady,3,add,0.00858,1
256,6144,steady,4,vllm_ar,0.04845,1
256,6144,steady,4,rmsnorm,0.04589,1
256,6144,steady,4,add,0.00570,1
256,6144,steady,5,vllm_ar,0.04742,1
256,6144,steady,5,rmsnorm,0.04659,1
256,6144,steady,5,add,0.00858,1
256,6144,steady,6,vllm_ar,0.05222,1
256,6144,steady,6,rmsnorm,0.02656,1
256,6144,steady,6,add,0.00845,1
256,6144,steady,7,vllm_ar,0.05018,1
256,6144,steady,7,rmsnorm,0.02816,1
256,6144,steady,7,add,0.00992,1
256,6144,steady,8,vllm_ar,0.04979,1
256,6144,steady,8,rmsnorm,0.04506,1
256,6144,steady,8,add,0.00576,1
256,6144,steady,9,vllm_ar,0.05709,1
256,6144,steady,9,rmsnorm,0.04640,1
256,6144,steady,9,add,0.00845,1
256,6144,steady,10,vllm_ar,0.04928,1
256,6144,steady,10,rmsnorm,0.02957,1
256,6144,steady,10,add,0.00570,1
256,6144,steady,11,vllm_ar,0.05075,1
256,6144,steady,11,rmsnorm,0.03181,1
256,6144,steady,11,add,0.00864,1
256,6144,steady,12,vllm_ar,0.04890,1
256,6144,steady,12,rmsnorm,0.03142,1
256,6144,steady,12,add,0.00570,1
256,6144,steady,13,vllm_ar,0.05254,1
256,6144,steady,13,rmsnorm,0.04454,1
256,6144,steady,13,add,0.00576,1
256,6144,steady,14,vllm_ar,0.05043,1
256,6144,steady,14,rmsnorm,0.02739,1
256,6144,steady,14,add,0.00845,1
256,6144,steady,15,vllm_ar,0.04986,1
256,6144,steady,15,rmsnorm,0.04659,1
256,6144,steady,15,add,0.00858,1
256,6144,steady,16,vllm_ar,0.04954,1
256,6144,steady,16,rmsnorm,0.04608,1
256,6144,steady,16,add,0.00845,1
256,6144,steady,17,vllm_ar,0.04614,1
256,6144,steady,17,rmsnorm,0.04691,1
256,6144,steady,17,add,0.00858,1
256,6144,steady,18,vllm_ar,0.04915,1
256,6144,steady,18,rmsnorm,0.03194,1
256,6144,steady,18,add,0.00851,1
256,6144,steady,19,vllm_ar,0.06016,1
256,6144,steady,19,rmsnorm,0.04499,1
256,6144,steady,19,add,0.00576,1
256,6144,steady,20,vllm_ar,0.04896,1
256,6144,steady,20,rmsnorm,0.04806,1
256,6144,steady,20,add,0.00851,1
256,6144,steady,21,vllm_ar,0.04902,1
256,6144,steady,21,rmsnorm,0.03238,1
256,6144,steady,21,add,0.00563,1
256,6144,steady,22,vllm_ar,0.04928,1
256,6144,steady,22,rmsnorm,0.02662,1
256,6144,steady,22,add,0.00864,1
256,6144,steady,23,vllm_ar,0.04928,1
256,6144,steady,23,rmsnorm,0.02970,1
256,6144,steady,23,add,0.00858,1
256,6144,steady,24,vllm_ar,0.04870,1
256,6144,steady,24,rmsnorm,0.03187,1
256,6144,steady,24,add,0.00570,1
256,6144,steady,25,vllm_ar,0.04640,1
256,6144,steady,25,rmsnorm,0.03123,1
256,6144,steady,25,add,0.00858,1
256,6144,steady,26,vllm_ar,0.04755,1
256,6144,steady,26,rmsnorm,0.04538,1
256,6144,steady,26,add,0.00570,1
256,6144,steady,27,vllm_ar,0.05133,1
256,6144,steady,27,rmsnorm,0.04608,1
256,6144,steady,27,add,0.00768,1
256,6144,steady,28,vllm_ar,0.05811,1
256,6144,steady,28,rmsnorm,0.04646,1
256,6144,steady,28,add,0.00570,1
256,6144,steady,29,vllm_ar,0.04838,1
256,6144,steady,29,rmsnorm,0.05043,1
256,6144,steady,29,add,0.00858,1
256,6144,steady,30,vllm_ar,0.04947,1
256,6144,steady,30,rmsnorm,0.04480,1
256,6144,steady,30,add,0.00851,1
256,6144,steady,31,vllm_ar,0.05190,1
256,6144,steady,31,rmsnorm,0.02131,1
256,6144,steady,31,add,0.00749,1
256,6144,steady,32,vllm_ar,0.04909,1
256,6144,steady,32,rmsnorm,0.04602,1
256,6144,steady,32,add,0.00845,1
256,6144,steady,33,vllm_ar,0.04986,1
256,6144,steady,33,rmsnorm,0.02982,1
256,6144,steady,33,add,0.00973,1
256,6144,steady,34,vllm_ar,0.04947,1
256,6144,steady,34,rmsnorm,0.02835,1
256,6144,steady,34,add,0.00570,1
256,6144,steady,35,vllm_ar,0.04685,1
256,6144,steady,35,rmsnorm,0.03027,1
256,6144,steady,35,add,0.01018,1
256,6144,steady,36,vllm_ar,0.05082,1
256,6144,steady,36,rmsnorm,0.02874,1
256,6144,steady,36,add,0.00858,1
256,6144,steady,37,vllm_ar,0.06234,1
256,6144,steady,37,rmsnorm,0.01562,1
256,6144,steady,37,add,0.00755,1
256,6144,steady,38,vllm_ar,0.11002,1
256,6144,steady,38,rmsnorm,0.04858,1
256,6144,steady,38,add,0.00570,1
256,6144,steady,39,vllm_ar,0.05510,1
256,6144,steady,39,rmsnorm,0.04710,1
256,6144,steady,39,add,0.00570,1
256,6144,steady,40,vllm_ar,0.04902,1
256,6144,steady,40,rmsnorm,0.03232,1
256,6144,steady,40,add,0.00819,1
256,6144,steady,41,vllm_ar,0.04819,1
256,6144,steady,41,rmsnorm,0.02854,1
256,6144,steady,41,add,0.00730,1
256,6144,steady,42,vllm_ar,0.04851,1
256,6144,steady,42,rmsnorm,0.05069,1
256,6144,steady,42,add,0.01050,1
256,6144,steady,43,vllm_ar,0.05024,1
256,6144,steady,43,rmsnorm,0.02643,1
256,6144,steady,43,add,0.00870,1
256,6144,steady,44,vllm_ar,0.04826,1
256,6144,steady,44,rmsnorm,0.03334,1
256,6144,steady,44,add,0.00858,1
256,6144,steady,45,vllm_ar,0.05862,1
256,6144,steady,45,rmsnorm,0.02662,1
256,6144,steady,45,add,0.00896,1
256,6144,steady,46,vllm_ar,0.04858,1
256,6144,steady,46,rmsnorm,0.03072,1
256,6144,steady,46,add,0.00864,1
256,6144,steady,47,vllm_ar,0.05043,1
256,6144,steady,47,rmsnorm,0.04474,1
256,6144,steady,47,add,0.01018,1
256,6144,steady,48,vllm_ar,0.05158,1
256,6144,steady,48,rmsnorm,0.03117,1
256,6144,steady,48,add,0.00576,1
256,6144,steady,49,vllm_ar,0.04691,1
256,6144,steady,49,rmsnorm,0.03187,1
256,6144,steady,49,add,0.00845,1
256,6144,steady,50,vllm_ar,0.04742,1
256,6144,steady,50,rmsnorm,0.04576,1
256,6144,steady,50,add,0.00864,1
256,6144,steady,51,vllm_ar,0.04998,1
256,6144,steady,51,rmsnorm,0.04499,1
256,6144,steady,51,add,0.00877,1
256,6144,steady,52,vllm_ar,0.04819,1
256,6144,steady,52,rmsnorm,0.03482,1
256,6144,steady,52,add,0.00570,1
256,6144,steady,53,vllm_ar,0.05126,1
256,6144,steady,53,rmsnorm,0.02662,1
256,6144,steady,53,add,0.00992,1
256,6144,steady,54,vllm_ar,0.05747,1
256,6144,steady,54,rmsnorm,0.02611,1
256,6144,steady,54,add,0.00570,1
256,6144,steady,55,vllm_ar,0.04870,1
256,6144,steady,55,rmsnorm,0.04774,1
256,6144,steady,55,add,0.00576,1
256,6144,steady,56,vllm_ar,0.04960,1
256,6144,steady,56,rmsnorm,0.04640,1
256,6144,steady,56,add,0.00858,1
256,6144,steady,57,vllm_ar,0.05069,1
256,6144,steady,57,rmsnorm,0.04915,1
256,6144,steady,57,add,0.00570,1
256,6144,steady,58,vllm_ar,0.04710,1
256,6144,steady,58,rmsnorm,0.04653,1
256,6144,steady,58,add,0.00858,1
256,6144,steady,59,vllm_ar,0.04877,1
256,6144,steady,59,rmsnorm,0.03066,1
256,6144,steady,59,add,0.00851,1
256,6144,steady,60,vllm_ar,0.05203,1
256,6144,steady,60,rmsnorm,0.04653,1
256,6144,steady,60,add,0.00570,1
256,6144,steady,61,vllm_ar,0.04736,1
256,6144,steady,61,rmsnorm,0.04691,1
256,6144,steady,61,add,0.00851,1
256,6144,steady,62,vllm_ar,0.05344,1
256,6144,steady,62,rmsnorm,0.05216,1
256,6144,steady,62,add,0.00787,1
256,6144,steady,63,vllm_ar,0.04979,1
256,6144,steady,63,rmsnorm,0.03021,1
256,6144,steady,63,add,0.00570,1
256,6144,steady,64,vllm_ar,0.05536,1
256,6144,steady,64,rmsnorm,0.04538,1
256,6144,steady,64,add,0.00576,1
256,6144,steady,65,vllm_ar,0.04960,1
256,6144,steady,65,rmsnorm,0.03686,1
256,6144,steady,65,add,0.00570,1
256,6144,steady,66,vllm_ar,0.04845,1
256,6144,steady,66,rmsnorm,0.02861,1
256,6144,steady,66,add,0.01075,1
256,6144,steady,67,vllm_ar,0.04800,1
256,6144,steady,67,rmsnorm,0.04608,1
256,6144,steady,67,add,0.00845,1
256,6144,steady,68,vllm_ar,0.04877,1
256,6144,steady,68,rmsnorm,0.03309,1
256,6144,steady,68,add,0.00576,1
256,6144,steady,69,vllm_ar,0.04998,1
256,6144,steady,69,rmsnorm,0.04486,1
256,6144,steady,69,add,0.00877,1
256,6144,steady,70,vllm_ar,0.05011,1
256,6144,steady,70,rmsnorm,0.02150,1
256,6144,steady,70,add,0.01408,1
256,6144,steady,71,vllm_ar,0.05536,1
256,6144,steady,71,rmsnorm,0.04538,1
256,6144,steady,71,add,0.00947,1
256,6144,steady,72,vllm_ar,0.04858,1
256,6144,steady,72,rmsnorm,0.04499,1
256,6144,steady,72,add,0.01030,1
256,6144,steady,73,vllm_ar,0.05037,1
256,6144,steady,73,rmsnorm,0.03136,1
256,6144,steady,73,add,0.00934,1
256,6144,steady,74,vllm_ar,0.05645,1
256,6144,steady,74,rmsnorm,0.03680,1
256,6144,steady,74,add,0.00570,1
256,6144,steady,75,vllm_ar,0.04826,1
256,6144,steady,75,rmsnorm,0.04538,1
256,6144,steady,75,add,0.00819,1
256,6144,steady,76,vllm_ar,0.04781,1
256,6144,steady,76,rmsnorm,0.05293,1
256,6144,steady,76,add,0.00858,1
256,6144,steady,77,vllm_ar,0.04723,1
256,6144,steady,77,rmsnorm,0.05600,1
256,6144,steady,77,add,0.00864,1
256,6144,steady,78,vllm_ar,0.05094,1
256,6144,steady,78,rmsnorm,0.02714,1
256,6144,steady,78,add,0.01114,1
256,6144,steady,79,vllm_ar,0.06003,1
256,6144,steady,79,rmsnorm,0.04570,1
256,6144,steady,79,add,0.00864,1
256,6144,steady,80,vllm_ar,0.04896,1
256,6144,steady,80,rmsnorm,0.04704,1
256,6144,steady,80,add,0.00858,1
256,6144,steady,81,vllm_ar,0.05152,1
256,6144,steady,81,rmsnorm,0.02957,1
256,6144,steady,81,add,0.00570,1
256,6144,steady,82,vllm_ar,0.04941,1
256,6144,steady,82,rmsnorm,0.02803,1
256,6144,steady,82,add,0.00858,1
256,6144,steady,83,vllm_ar,0.04768,1
256,6144,steady,83,rmsnorm,0.03277,1
256,6144,steady,83,add,0.00845,1
256,6144,steady,84,vllm_ar,0.07021,1
256,6144,steady,84,rmsnorm,0.04608,1
256,6144,steady,84,add,0.00563,1
256,6144,steady,85,vllm_ar,0.04941,1
256,6144,steady,85,rmsnorm,0.04755,1
256,6144,steady,85,add,0.00832,1
256,6144,steady,86,vllm_ar,0.04998,1
256,6144,steady,86,rmsnorm,0.04736,1
256,6144,steady,86,add,0.00570,1
256,6144,steady,87,vllm_ar,0.04730,1
256,6144,steady,87,rmsnorm,0.03501,1
256,6144,steady,87,add,0.00570,1
256,6144,steady,88,vllm_ar,0.06419,1
256,6144,steady,88,rmsnorm,0.01190,1
256,6144,steady,88,add,0.00864,1
256,6144,steady,89,vllm_ar,0.04838,1
256,6144,steady,89,rmsnorm,0.04608,1
256,6144,steady,89,add,0.00570,1
256,6144,steady,90,vllm_ar,0.04806,1
256,6144,steady,90,rmsnorm,0.04307,1
256,6144,steady,90,add,0.00781,1
256,6144,steady,91,vllm_ar,0.04883,1
256,6144,steady,91,rmsnorm,0.03187,1
256,6144,steady,91,add,0.00755,1
256,6144,steady,92,vllm_ar,0.10106,1
256,6144,steady,92,rmsnorm,0.02477,1
256,6144,steady,92,add,0.00742,1
256,6144,steady,93,vllm_ar,0.04877,1
256,6144,steady,93,rmsnorm,0.04621,1
256,6144,steady,93,add,0.00672,1
256,6144,steady,94,vllm_ar,0.04787,1
256,6144,steady,94,rmsnorm,0.04813,1
256,6144,steady,94,add,0.00570,1
256,6144,steady,95,vllm_ar,0.05094,1
256,6144,steady,95,rmsnorm,0.04614,1
256,6144,steady,95,add,0.00749,1
256,6144,steady,96,vllm_ar,0.05510,1
256,6144,steady,96,rmsnorm,0.02195,1
256,6144,steady,96,add,0.00902,1
256,6144,steady,97,vllm_ar,0.05037,1
256,6144,steady,97,rmsnorm,0.04109,1
256,6144,steady,97,add,0.00563,1
256,6144,steady,98,vllm_ar,0.04960,1
256,6144,steady,98,rmsnorm,0.02893,1
256,6144,steady,98,add,0.01075,1
256,6144,steady,99,vllm_ar,0.05024,1
256,6144,steady,99,rmsnorm,0.04589,1
256,6144,steady,99,add,0.00851,1
512,6144,gpu,0,vllm_ar,0.10547,1
512,6144,gpu,0,rmsnorm,0.03072,1
512,6144,gpu,0,add,0.01946,1
512,6144,gpu,1,vllm_ar,0.10752,1
512,6144,gpu,1,rmsnorm,0.02253,1
512,6144,gpu,1,add,0.01843,1
512,6144,gpu,2,vllm_ar,0.10138,1
512,6144,gpu,2,rmsnorm,0.02253,1
512,6144,gpu,2,add,0.01946,1
512,6144,gpu,3,vllm_ar,0.10138,1
512,6144,gpu,3,rmsnorm,0.02253,1
512,6144,gpu,3,add,0.01843,1
512,6144,gpu,4,vllm_ar,0.07987,1
512,6144,gpu,4,rmsnorm,0.02253,1
512,6144,gpu,4,add,0.01946,1
512,6144,gpu,5,vllm_ar,0.12595,1
512,6144,gpu,5,rmsnorm,0.02253,1
512,6144,gpu,5,add,0.01843,1
512,6144,gpu,6,vllm_ar,0.10240,1
512,6144,gpu,6,rmsnorm,0.02253,1
512,6144,gpu,6,add,0.01946,1
512,6144,gpu,7,vllm_ar,0.10342,1
512,6144,gpu,7,rmsnorm,0.02253,1
512,6144,gpu,7,add,0.01946,1
512,6144,gpu,8,vllm_ar,0.07987,1
512,6144,gpu,8,rmsnorm,0.02355,1
512,6144,gpu,8,add,0.01946,1
512,6144,gpu,9,vllm_ar,0.10547,1
512,6144,gpu,9,rmsnorm,0.12390,1
512,6144,gpu,9,add,0.01843,1
512,6144,gpu,10,vllm_ar,0.12186,1
512,6144,gpu,10,rmsnorm,0.02253,1
512,6144,gpu,10,add,0.01843,1
512,6144,gpu,11,vllm_ar,0.07885,1
512,6144,gpu,11,rmsnorm,0.02253,1
512,6144,gpu,11,add,0.01946,1
512,6144,gpu,12,vllm_ar,0.09216,1
512,6144,gpu,12,rmsnorm,0.02253,1
512,6144,gpu,12,add,0.01946,1
512,6144,gpu,13,vllm_ar,0.16589,1
512,6144,gpu,13,rmsnorm,0.02253,1
512,6144,gpu,13,add,0.01946,1
512,6144,gpu,14,vllm_ar,0.07987,1
512,6144,gpu,14,rmsnorm,0.02253,1
512,6144,gpu,14,add,0.01946,1
512,6144,gpu,15,vllm_ar,0.10138,1
512,6144,gpu,15,rmsnorm,0.02253,1
512,6144,gpu,15,add,0.01946,1
512,6144,gpu,16,vllm_ar,0.08090,1
512,6144,gpu,16,rmsnorm,0.02253,1
512,6144,gpu,16,add,0.01946,1
512,6144,gpu,17,vllm_ar,0.09421,1
512,6144,gpu,17,rmsnorm,0.02253,1
512,6144,gpu,17,add,0.01843,1
512,6144,gpu,18,vllm_ar,0.10650,1
512,6144,gpu,18,rmsnorm,0.02253,1
512,6144,gpu,18,add,0.01946,1
512,6144,gpu,19,vllm_ar,0.10342,1
512,6144,gpu,19,rmsnorm,0.02253,1
512,6144,gpu,19,add,0.01946,1
512,6144,gpu,20,vllm_ar,0.07987,1
512,6144,gpu,20,rmsnorm,0.02253,1
512,6144,gpu,20,add,0.01946,1
512,6144,gpu,21,vllm_ar,0.07782,1
512,6144,gpu,21,rmsnorm,0.02253,1
512,6144,gpu,21,add,0.01843,1
512,6144,gpu,22,vllm_ar,0.12698,1
512,6144,gpu,22,rmsnorm,0.02253,1
512,6144,gpu,22,add,0.01946,1
512,6144,gpu,23,vllm_ar,0.09114,1
512,6144,gpu,23,rmsnorm,0.02253,1
512,6144,gpu,23,add,0.01946,1
512,6144,gpu,24,vllm_ar,0.10138,1
512,6144,gpu,24,rmsnorm,0.02253,1
512,6144,gpu,24,add,0.01843,1
512,6144,gpu,25,vllm_ar,0.09318,1
512,6144,gpu,25,rmsnorm,0.02253,1
512,6144,gpu,25,add,0.01946,1
512,6144,gpu,26,vllm_ar,0.09216,1
512,6144,gpu,26,rmsnorm,0.02253,1
512,6144,gpu,26,add,0.01843,1
512,6144,gpu,27,vllm_ar,0.10240,1
512,6144,gpu,27,rmsnorm,0.02150,1
512,6144,gpu,27,add,0.01843,1
512,6144,gpu,28,vllm_ar,0.10547,1
512,6144,gpu,28,rmsnorm,0.02355,1
512,6144,gpu,28,add,0.01946,1
512,6144,gpu,29,vllm_ar,0.10547,1
512,6144,gpu,29,rmsnorm,0.02253,1
512,6144,gpu,29,add,0.01843,1
512,6144,gpu,30,vllm_ar,0.07885,1
512,6144,gpu,30,rmsnorm,0.02253,1
512,6144,gpu,30,add,0.01946,1
512,6144,gpu,31,vllm_ar,0.12595,1
512,6144,gpu,31,rmsnorm,0.02253,1
512,6144,gpu,31,add,0.01946,1
512,6144,gpu,32,vllm_ar,0.09216,1
512,6144,gpu,32,rmsnorm,0.02253,1
512,6144,gpu,32,add,0.01843,1
512,6144,gpu,33,vllm_ar,0.10240,1
512,6144,gpu,33,rmsnorm,0.02253,1
512,6144,gpu,33,add,0.01946,1
512,6144,gpu,34,vllm_ar,0.09421,1
512,6144,gpu,34,rmsnorm,0.02355,1
512,6144,gpu,34,add,0.01843,1
512,6144,gpu,35,vllm_ar,0.09318,1
512,6144,gpu,35,rmsnorm,0.02253,1
512,6144,gpu,35,add,0.01843,1
512,6144,gpu,36,vllm_ar,0.11366,1
512,6144,gpu,36,rmsnorm,0.02253,1
512,6144,gpu,36,add,0.01946,1
512,6144,gpu,37,vllm_ar,0.09216,1
512,6144,gpu,37,rmsnorm,0.02355,1
512,6144,gpu,37,add,0.01946,1
512,6144,gpu,38,vllm_ar,0.07782,1
512,6144,gpu,38,rmsnorm,0.02253,1
512,6144,gpu,38,add,0.01946,1
512,6144,gpu,39,vllm_ar,0.09114,1
512,6144,gpu,39,rmsnorm,0.02253,1
512,6144,gpu,39,add,0.01946,1
512,6144,gpu,40,vllm_ar,0.12288,1
512,6144,gpu,40,rmsnorm,0.02253,1
512,6144,gpu,40,add,0.01843,1
512,6144,gpu,41,vllm_ar,0.10854,1
512,6144,gpu,41,rmsnorm,0.02253,1
512,6144,gpu,41,add,0.01946,1
512,6144,gpu,42,vllm_ar,0.09318,1
512,6144,gpu,42,rmsnorm,0.02253,1
512,6144,gpu,42,add,0.01946,1
512,6144,gpu,43,vllm_ar,0.09318,1
512,6144,gpu,43,rmsnorm,0.02253,1
512,6144,gpu,43,add,0.01843,1
512,6144,gpu,44,vllm_ar,0.09216,1
512,6144,gpu,44,rmsnorm,0.02253,1
512,6144,gpu,44,add,0.01946,1
512,6144,gpu,45,vllm_ar,0.10752,1
512,6144,gpu,45,rmsnorm,0.02253,1
512,6144,gpu,45,add,0.01843,1
512,6144,gpu,46,vllm_ar,0.09421,1
512,6144,gpu,46,rmsnorm,0.02253,1
512,6144,gpu,46,add,0.01843,1
512,6144,gpu,47,vllm_ar,0.09216,1
512,6144,gpu,47,rmsnorm,0.02253,1
512,6144,gpu,47,add,0.01946,1
512,6144,gpu,48,vllm_ar,0.09523,1
512,6144,gpu,48,rmsnorm,0.02253,1
512,6144,gpu,48,add,0.01843,1
512,6144,gpu,49,vllm_ar,0.12186,1
512,6144,gpu,49,rmsnorm,0.02253,1
512,6144,gpu,49,add,0.01946,1
512,6144,gpu,50,vllm_ar,0.10752,1
512,6144,gpu,50,rmsnorm,0.02253,1
512,6144,gpu,50,add,0.01946,1
512,6144,gpu,51,vllm_ar,0.07885,1
512,6144,gpu,51,rmsnorm,0.02253,1
512,6144,gpu,51,add,0.01946,1
512,6144,gpu,52,vllm_ar,0.09318,1
512,6144,gpu,52,rmsnorm,0.02253,1
512,6144,gpu,52,add,0.01843,1
512,6144,gpu,53,vllm_ar,0.09318,1
512,6144,gpu,53,rmsnorm,0.02253,1
512,6144,gpu,53,add,0.01946,1
512,6144,gpu,54,vllm_ar,0.10752,1
512,6144,gpu,54,rmsnorm,0.02355,1
512,6144,gpu,54,add,0.01843,1
512,6144,gpu,55,vllm_ar,0.09216,1
512,6144,gpu,55,rmsnorm,0.02253,1
512,6144,gpu,55,add,0.01946,1
512,6144,gpu,56,vllm_ar,0.09216,1
512,6144,gpu,56,rmsnorm,0.02355,1
512,6144,gpu,56,add,0.01946,1
512,6144,gpu,57,vllm_ar,0.09318,1
512,6144,gpu,57,rmsnorm,0.02253,1
512,6144,gpu,57,add,0.01946,1
512,6144,gpu,58,vllm_ar,0.13005,1
512,6144,gpu,58,rmsnorm,0.02253,1
512,6144,gpu,58,add,0.03072,1
512,6144,gpu,59,vllm_ar,0.07987,1
512,6144,gpu,59,rmsnorm,0.02253,1
512,6144,gpu,59,add,0.01946,1
512,6144,gpu,60,vllm_ar,0.09318,1
512,6144,gpu,60,rmsnorm,0.02253,1
512,6144,gpu,60,add,0.01843,1
512,6144,gpu,61,vllm_ar,0.09318,1
512,6144,gpu,61,rmsnorm,0.02253,1
512,6144,gpu,61,add,0.01946,1
512,6144,gpu,62,vllm_ar,0.10547,1
512,6144,gpu,62,rmsnorm,0.02253,1
512,6144,gpu,62,add,0.01946,1
512,6144,gpu,63,vllm_ar,0.09216,1
512,6144,gpu,63,rmsnorm,0.02253,1
512,6144,gpu,63,add,0.01843,1
512,6144,gpu,64,vllm_ar,0.09318,1
512,6144,gpu,64,rmsnorm,0.02253,1
512,6144,gpu,64,add,0.01843,1
512,6144,gpu,65,vllm_ar,0.07885,1
512,6144,gpu,65,rmsnorm,0.02355,1
512,6144,gpu,65,add,0.01946,1
512,6144,gpu,66,vllm_ar,0.09114,1
512,6144,gpu,66,rmsnorm,0.02253,1
512,6144,gpu,66,add,0.01843,1
512,6144,gpu,67,vllm_ar,0.13005,1
512,6144,gpu,67,rmsnorm,0.02253,1
512,6144,gpu,67,add,0.01843,1
512,6144,gpu,68,vllm_ar,0.07782,1
512,6144,gpu,68,rmsnorm,0.02355,1
512,6144,gpu,68,add,0.01946,1
512,6144,gpu,69,vllm_ar,0.10342,1
512,6144,gpu,69,rmsnorm,0.02355,1
512,6144,gpu,69,add,0.03072,1
512,6144,gpu,70,vllm_ar,0.10650,1
512,6144,gpu,70,rmsnorm,0.02150,1
512,6144,gpu,70,add,0.01946,1
512,6144,gpu,71,vllm_ar,0.09318,1
512,6144,gpu,71,rmsnorm,0.02355,1
512,6144,gpu,71,add,0.01946,1
512,6144,gpu,72,vllm_ar,0.10650,1
512,6144,gpu,72,rmsnorm,0.02253,1
512,6144,gpu,72,add,0.01946,1
512,6144,gpu,73,vllm_ar,0.09421,1
512,6144,gpu,73,rmsnorm,0.02253,1
512,6144,gpu,73,add,0.01946,1
512,6144,gpu,74,vllm_ar,1.31686,1
512,6144,gpu,74,rmsnorm,0.02253,1
512,6144,gpu,74,add,0.01946,1
512,6144,gpu,75,vllm_ar,0.07885,1
512,6144,gpu,75,rmsnorm,0.02253,1
512,6144,gpu,75,add,0.01946,1
512,6144,gpu,76,vllm_ar,0.07885,1
512,6144,gpu,76,rmsnorm,0.02253,1
512,6144,gpu,76,add,0.01843,1
512,6144,gpu,77,vllm_ar,0.09523,1
512,6144,gpu,77,rmsnorm,0.02253,1
512,6144,gpu,77,add,0.01946,1
512,6144,gpu,78,vllm_ar,0.08192,1
512,6144,gpu,78,rmsnorm,0.02355,1
512,6144,gpu,78,add,0.01946,1
512,6144,gpu,79,vllm_ar,0.10650,1
512,6144,gpu,79,rmsnorm,0.02253,1
512,6144,gpu,79,add,0.01843,1
512,6144,gpu,80,vllm_ar,0.09421,1
512,6144,gpu,80,rmsnorm,0.02253,1
512,6144,gpu,80,add,0.01843,1
512,6144,gpu,81,vllm_ar,0.09421,1
512,6144,gpu,81,rmsnorm,0.02253,1
512,6144,gpu,81,add,0.01843,1
512,6144,gpu,82,vllm_ar,0.10342,1
512,6144,gpu,82,rmsnorm,0.02253,1
512,6144,gpu,82,add,0.01946,1
512,6144,gpu,83,vllm_ar,0.07885,1
512,6144,gpu,83,rmsnorm,0.02253,1
512,6144,gpu,83,add,0.01946,1
512,6144,gpu,84,vllm_ar,0.13107,1
512,6144,gpu,84,rmsnorm,0.02253,1
512,6144,gpu,84,add,0.01946,1
512,6144,gpu,85,vllm_ar,0.10138,1
512,6144,gpu,85,rmsnorm,0.08806,1
512,6144,gpu,85,add,0.01946,1
512,6144,gpu,86,vllm_ar,0.09318,1
512,6144,gpu,86,rmsnorm,0.02253,1
512,6144,gpu,86,add,0.01946,1
512,6144,gpu,87,vllm_ar,0.11264,1
512,6144,gpu,87,rmsnorm,0.02253,1
512,6144,gpu,87,add,0.01843,1
512,6144,gpu,88,vllm_ar,0.10035,1
512,6144,gpu,88,rmsnorm,0.02253,1
512,6144,gpu,88,add,0.01946,1
512,6144,gpu,89,vllm_ar,0.09318,1
512,6144,gpu,89,rmsnorm,0.02253,1
512,6144,gpu,89,add,0.01843,1
512,6144,gpu,90,vllm_ar,0.10342,1
512,6144,gpu,90,rmsnorm,0.02355,1
512,6144,gpu,90,add,0.01843,1
512,6144,gpu,91,vllm_ar,0.09216,1
512,6144,gpu,91,rmsnorm,0.02253,1
512,6144,gpu,91,add,0.01946,1
512,6144,gpu,92,vllm_ar,0.14131,1
512,6144,gpu,92,rmsnorm,0.02253,1
512,6144,gpu,92,add,0.01946,1
512,6144,gpu,93,vllm_ar,0.07885,1
512,6144,gpu,93,rmsnorm,0.02253,1
512,6144,gpu,93,add,0.01946,1
512,6144,gpu,94,vllm_ar,0.07782,1
512,6144,gpu,94,rmsnorm,0.02253,1
512,6144,gpu,94,add,0.01843,1
512,6144,gpu,95,vllm_ar,0.09318,1
512,6144,gpu,95,rmsnorm,0.02253,1
512,6144,gpu,95,add,0.01946,1
512,6144,gpu,96,vllm_ar,0.07885,1
512,6144,gpu,96,rmsnorm,0.02253,1
512,6144,gpu,96,add,0.01946,1
512,6144,gpu,97,vllm_ar,0.10342,1
512,6144,gpu,97,rmsnorm,0.02253,1
512,6144,gpu,97,add,0.01946,1
512,6144,gpu,98,vllm_ar,0.09523,1
512,6144,gpu,98,rmsnorm,0.02253,1
512,6144,gpu,98,add,0.01843,1
512,6144,gpu,99,vllm_ar,0.09728,1
512,6144,gpu,99,rmsnorm,0.02253,1
512,6144,gpu,99,add,0.01843,1
512,6144,gpu,100,vllm_ar,0.08294,1
512,6144,gpu,100,rmsnorm,0.02253,1
512,6144,gpu,100,add,0.01946,1
512,6144,gpu,101,vllm_ar,0.10445,1
512,6144,gpu,101,rmsnorm,0.02253,1
512,6144,gpu,101,add,0.01843,1
512,6144,gpu,102,vllm_ar,0.12698,1
512,6144,gpu,102,rmsnorm,0.02253,1
512,6144,gpu,102,add,0.01946,1
512,6144,gpu,103,vllm_ar,0.09216,1
512,6144,gpu,103,rmsnorm,0.02253,1
512,6144,gpu,103,add,0.01843,1
512,6144,gpu,104,vllm_ar,0.09216,1
512,6144,gpu,104,rmsnorm,0.02253,1
512,6144,gpu,104,add,0.01946,1
512,6144,gpu,105,vllm_ar,0.09114,1
512,6144,gpu,105,rmsnorm,0.02253,1
512,6144,gpu,105,add,0.01946,1
512,6144,gpu,106,vllm_ar,0.10240,1
512,6144,gpu,106,rmsnorm,0.02253,1
512,6144,gpu,106,add,0.01946,1
512,6144,gpu,107,vllm_ar,0.09626,1
512,6144,gpu,107,rmsnorm,0.02253,1
512,6144,gpu,107,add,0.01946,1
512,6144,gpu,108,vllm_ar,0.10445,1
512,6144,gpu,108,rmsnorm,0.02253,1
512,6144,gpu,108,add,0.01946,1
512,6144,gpu,109,vllm_ar,0.07885,1
512,6144,gpu,109,rmsnorm,0.02253,1
512,6144,gpu,109,add,0.01946,1
512,6144,gpu,110,vllm_ar,0.12595,1
512,6144,gpu,110,rmsnorm,0.02253,1
512,6144,gpu,110,add,0.01946,1
512,6144,gpu,111,vllm_ar,0.10342,1
512,6144,gpu,111,rmsnorm,0.02253,1
512,6144,gpu,111,add,0.01946,1
512,6144,gpu,112,vllm_ar,0.09114,1
512,6144,gpu,112,rmsnorm,0.02253,1
512,6144,gpu,112,add,0.01843,1
512,6144,gpu,113,vllm_ar,0.07885,1
512,6144,gpu,113,rmsnorm,0.02253,1
512,6144,gpu,113,add,0.01946,1
512,6144,gpu,114,vllm_ar,0.09318,1
512,6144,gpu,114,rmsnorm,0.02253,1
512,6144,gpu,114,add,0.01946,1
512,6144,gpu,115,vllm_ar,0.10240,1
512,6144,gpu,115,rmsnorm,0.02253,1
512,6144,gpu,115,add,0.01946,1
512,6144,gpu,116,vllm_ar,0.09318,1
512,6144,gpu,116,rmsnorm,0.02253,1
512,6144,gpu,116,add,0.01843,1
512,6144,gpu,117,vllm_ar,0.09216,1
512,6144,gpu,117,rmsnorm,0.02355,1
512,6144,gpu,117,add,0.01946,1
512,6144,gpu,118,vllm_ar,0.09728,1
512,6144,gpu,118,rmsnorm,0.02253,1
512,6144,gpu,118,add,0.01946,1
512,6144,gpu,119,vllm_ar,0.07987,1
512,6144,gpu,119,rmsnorm,0.02253,1
512,6144,gpu,119,add,0.01843,1
512,6144,gpu,120,vllm_ar,0.12902,1
512,6144,gpu,120,rmsnorm,0.02253,1
512,6144,gpu,120,add,0.01843,1
512,6144,gpu,121,vllm_ar,0.07885,1
512,6144,gpu,121,rmsnorm,0.02253,1
512,6144,gpu,121,add,0.01946,1
512,6144,gpu,122,vllm_ar,0.09216,1
512,6144,gpu,122,rmsnorm,0.02253,1
512,6144,gpu,122,add,0.01946,1
512,6144,gpu,123,vllm_ar,0.09318,1
512,6144,gpu,123,rmsnorm,0.02253,1
512,6144,gpu,123,add,0.01946,1
512,6144,gpu,124,vllm_ar,0.10342,1
512,6144,gpu,124,rmsnorm,0.02253,1
512,6144,gpu,124,add,0.01946,1
512,6144,gpu,125,vllm_ar,0.09216,1
512,6144,gpu,125,rmsnorm,0.02253,1
512,6144,gpu,125,add,0.01946,1
512,6144,gpu,126,vllm_ar,0.09318,1
512,6144,gpu,126,rmsnorm,0.02253,1
512,6144,gpu,126,add,0.01946,1
512,6144,gpu,127,vllm_ar,0.09626,1
512,6144,gpu,127,rmsnorm,0.02253,1
512,6144,gpu,127,add,0.01946,1
512,6144,gpu,128,vllm_ar,0.07782,1
512,6144,gpu,128,rmsnorm,0.02253,1
512,6144,gpu,128,add,0.01946,1
512,6144,gpu,129,vllm_ar,0.13619,1
512,6144,gpu,129,rmsnorm,0.02253,1
512,6144,gpu,129,add,0.02048,1
512,6144,gpu,130,vllm_ar,0.07782,1
512,6144,gpu,130,rmsnorm,0.02253,1
512,6144,gpu,130,add,0.01843,1
512,6144,gpu,131,vllm_ar,0.09114,1
512,6144,gpu,131,rmsnorm,0.02253,1
512,6144,gpu,131,add,0.01843,1
512,6144,gpu,132,vllm_ar,0.09421,1
512,6144,gpu,132,rmsnorm,0.02253,1
512,6144,gpu,132,add,0.01946,1
512,6144,gpu,133,vllm_ar,0.09216,1
512,6144,gpu,133,rmsnorm,0.02253,1
512,6144,gpu,133,add,0.01946,1
512,6144,gpu,134,vllm_ar,0.09626,1
512,6144,gpu,134,rmsnorm,0.02253,1
512,6144,gpu,134,add,0.01946,1
512,6144,gpu,135,vllm_ar,0.74445,1
512,6144,gpu,135,rmsnorm,0.02253,1
512,6144,gpu,135,add,0.01946,1
512,6144,gpu,136,vllm_ar,0.09728,1
512,6144,gpu,136,rmsnorm,0.02253,1
512,6144,gpu,136,add,0.01946,1
512,6144,gpu,137,vllm_ar,0.07987,1
512,6144,gpu,137,rmsnorm,0.02253,1
512,6144,gpu,137,add,0.01946,1
512,6144,gpu,138,vllm_ar,0.13005,1
512,6144,gpu,138,rmsnorm,0.02253,1
512,6144,gpu,138,add,0.01946,1
512,6144,gpu,139,vllm_ar,0.10445,1
512,6144,gpu,139,rmsnorm,0.02150,1
512,6144,gpu,139,add,0.01843,1
512,6144,gpu,140,vllm_ar,0.09523,1
512,6144,gpu,140,rmsnorm,0.02253,1
512,6144,gpu,140,add,0.01946,1
512,6144,gpu,141,vllm_ar,0.07885,1
512,6144,gpu,141,rmsnorm,0.02253,1
512,6144,gpu,141,add,0.01946,1
512,6144,gpu,142,vllm_ar,0.10138,1
512,6144,gpu,142,rmsnorm,0.02253,1
512,6144,gpu,142,add,0.01946,1
512,6144,gpu,143,vllm_ar,0.07987,1
512,6144,gpu,143,rmsnorm,0.02253,1
512,6144,gpu,143,add,0.01843,1
512,6144,gpu,144,vllm_ar,0.09318,1
512,6144,gpu,144,rmsnorm,0.02253,1
512,6144,gpu,144,add,0.01946,1
512,6144,gpu,145,vllm_ar,0.09318,1
512,6144,gpu,145,rmsnorm,0.02253,1
512,6144,gpu,145,add,0.01946,1
512,6144,gpu,146,vllm_ar,0.69325,1
512,6144,gpu,146,rmsnorm,0.02355,1
512,6144,gpu,146,add,0.01946,1
512,6144,gpu,147,vllm_ar,0.14438,1
512,6144,gpu,147,rmsnorm,0.02253,1
512,6144,gpu,147,add,0.01946,1
512,6144,gpu,148,vllm_ar,0.10342,1
512,6144,gpu,148,rmsnorm,0.02253,1
512,6144,gpu,148,add,0.01946,1
512,6144,gpu,149,vllm_ar,0.07885,1
512,6144,gpu,149,rmsnorm,0.02253,1
512,6144,gpu,149,add,0.01843,1
512,6144,gpu,150,vllm_ar,0.09421,1
512,6144,gpu,150,rmsnorm,0.02253,1
512,6144,gpu,150,add,0.01946,1
512,6144,gpu,151,vllm_ar,1.77459,1
512,6144,gpu,151,rmsnorm,0.02253,1
512,6144,gpu,151,add,0.01843,1
512,6144,gpu,152,vllm_ar,0.09216,1
512,6144,gpu,152,rmsnorm,0.02253,1
512,6144,gpu,152,add,0.01946,1
512,6144,gpu,153,vllm_ar,0.09318,1
512,6144,gpu,153,rmsnorm,0.02253,1
512,6144,gpu,153,add,0.01946,1
512,6144,gpu,154,vllm_ar,0.09523,1
512,6144,gpu,154,rmsnorm,0.02355,1
512,6144,gpu,154,add,0.01843,1
512,6144,gpu,155,vllm_ar,0.13722,1
512,6144,gpu,155,rmsnorm,0.02253,1
512,6144,gpu,155,add,0.01946,1
512,6144,gpu,156,vllm_ar,0.09114,1
512,6144,gpu,156,rmsnorm,0.02253,1
512,6144,gpu,156,add,0.01946,1
512,6144,gpu,157,vllm_ar,0.07885,1
512,6144,gpu,157,rmsnorm,0.02355,1
512,6144,gpu,157,add,0.01843,1
512,6144,gpu,158,vllm_ar,0.09318,1
512,6144,gpu,158,rmsnorm,0.02253,1
512,6144,gpu,158,add,0.01843,1
512,6144,gpu,159,vllm_ar,0.09114,1
512,6144,gpu,159,rmsnorm,0.02253,1
512,6144,gpu,159,add,0.01946,1
512,6144,gpu,160,vllm_ar,0.09318,1
512,6144,gpu,160,rmsnorm,0.02253,1
512,6144,gpu,160,add,0.01946,1
512,6144,gpu,161,vllm_ar,0.09626,1
512,6144,gpu,161,rmsnorm,0.02253,1
512,6144,gpu,161,add,0.01946,1
512,6144,gpu,162,vllm_ar,1.65171,1
512,6144,gpu,162,rmsnorm,0.02150,1
512,6144,gpu,162,add,0.01946,1
512,6144,gpu,163,vllm_ar,0.17920,1
512,6144,gpu,163,rmsnorm,0.02253,1
512,6144,gpu,163,add,0.01946,1
512,6144,gpu,164,vllm_ar,0.07782,1
512,6144,gpu,164,rmsnorm,0.02253,1
512,6144,gpu,164,add,0.01946,1
512,6144,gpu,165,vllm_ar,0.07987,1
512,6144,gpu,165,rmsnorm,0.02253,1
512,6144,gpu,165,add,0.01843,1
512,6144,gpu,166,vllm_ar,0.09318,1
512,6144,gpu,166,rmsnorm,0.02253,1
512,6144,gpu,166,add,0.01843,1
512,6144,gpu,167,vllm_ar,0.07987,1
512,6144,gpu,167,rmsnorm,0.02253,1
512,6144,gpu,167,add,0.01843,1
512,6144,gpu,168,vllm_ar,0.09318,1
512,6144,gpu,168,rmsnorm,0.02253,1
512,6144,gpu,168,add,0.01946,1
512,6144,gpu,169,vllm_ar,0.09728,1
512,6144,gpu,169,rmsnorm,0.02253,1
512,6144,gpu,169,add,0.01946,1
512,6144,gpu,170,vllm_ar,0.09933,1
512,6144,gpu,170,rmsnorm,0.02253,1
512,6144,gpu,170,add,0.01843,1
512,6144,gpu,171,vllm_ar,0.07782,1
512,6144,gpu,171,rmsnorm,0.02253,1
512,6144,gpu,171,add,0.01843,1
512,6144,gpu,172,vllm_ar,0.16896,1
512,6144,gpu,172,rmsnorm,0.02253,1
512,6144,gpu,172,add,0.01946,1
512,6144,gpu,173,vllm_ar,0.08397,1
512,6144,gpu,173,rmsnorm,0.02253,1
512,6144,gpu,173,add,0.01946,1
512,6144,gpu,174,vllm_ar,0.08090,1
512,6144,gpu,174,rmsnorm,0.02253,1
512,6144,gpu,174,add,0.01843,1
512,6144,gpu,175,vllm_ar,0.10240,1
512,6144,gpu,175,rmsnorm,0.02253,1
512,6144,gpu,175,add,0.01946,1
512,6144,gpu,176,vllm_ar,0.09421,1
512,6144,gpu,176,rmsnorm,0.02253,1
512,6144,gpu,176,add,0.01946,1
512,6144,gpu,177,vllm_ar,0.09421,1
512,6144,gpu,177,rmsnorm,0.02253,1
512,6144,gpu,177,add,0.01946,1
512,6144,gpu,178,vllm_ar,0.09626,1
512,6144,gpu,178,rmsnorm,0.02355,1
512,6144,gpu,178,add,0.01843,1
512,6144,gpu,179,vllm_ar,0.09830,1
512,6144,gpu,179,rmsnorm,0.02253,1
512,6144,gpu,179,add,0.01946,1
512,6144,gpu,180,vllm_ar,0.07987,1
512,6144,gpu,180,rmsnorm,0.02253,1
512,6144,gpu,180,add,0.01946,1
512,6144,gpu,181,vllm_ar,0.13107,1
512,6144,gpu,181,rmsnorm,0.02355,1
512,6144,gpu,181,add,0.01843,1
512,6144,gpu,182,vllm_ar,0.07987,1
512,6144,gpu,182,rmsnorm,0.02253,1
512,6144,gpu,182,add,0.01946,1
512,6144,gpu,183,vllm_ar,0.07782,1
512,6144,gpu,183,rmsnorm,0.02253,1
512,6144,gpu,183,add,0.01946,1
512,6144,gpu,184,vllm_ar,0.09216,1
512,6144,gpu,184,rmsnorm,0.02253,1
512,6144,gpu,184,add,0.01946,1
512,6144,gpu,185,vllm_ar,0.11162,1
512,6144,gpu,185,rmsnorm,0.02253,1
512,6144,gpu,185,add,0.01843,1
512,6144,gpu,186,vllm_ar,0.09318,1
512,6144,gpu,186,rmsnorm,0.02253,1
512,6144,gpu,186,add,0.01843,1
512,6144,gpu,187,vllm_ar,0.09523,1
512,6144,gpu,187,rmsnorm,0.02253,1
512,6144,gpu,187,add,0.01946,1
512,6144,gpu,188,vllm_ar,0.09318,1
512,6144,gpu,188,rmsnorm,0.02253,1
512,6144,gpu,188,add,0.01843,1
512,6144,gpu,189,vllm_ar,0.09216,1
512,6144,gpu,189,rmsnorm,0.02253,1
512,6144,gpu,189,add,0.01946,1
512,6144,gpu,190,vllm_ar,0.13210,1
512,6144,gpu,190,rmsnorm,0.02253,1
512,6144,gpu,190,add,0.01946,1
512,6144,gpu,191,vllm_ar,0.09933,1
512,6144,gpu,191,rmsnorm,0.02253,1
512,6144,gpu,191,add,0.01843,1
512,6144,gpu,192,vllm_ar,0.07885,1
512,6144,gpu,192,rmsnorm,0.02355,1
512,6144,gpu,192,add,0.01946,1
512,6144,gpu,193,vllm_ar,0.09216,1
512,6144,gpu,193,rmsnorm,0.02253,1
512,6144,gpu,193,add,0.01843,1
512,6144,gpu,194,vllm_ar,0.10240,1
512,6144,gpu,194,rmsnorm,0.02458,1
512,6144,gpu,194,add,0.01946,1
512,6144,gpu,195,vllm_ar,0.09318,1
512,6144,gpu,195,rmsnorm,0.02253,1
512,6144,gpu,195,add,0.01946,1
512,6144,gpu,196,vllm_ar,0.09114,1
512,6144,gpu,196,rmsnorm,0.02253,1
512,6144,gpu,196,add,0.01946,1
512,6144,gpu,197,vllm_ar,0.10445,1
512,6144,gpu,197,rmsnorm,0.02253,1
512,6144,gpu,197,add,0.01946,1
512,6144,gpu,198,vllm_ar,0.09216,1
512,6144,gpu,198,rmsnorm,0.02253,1
512,6144,gpu,198,add,0.01946,1
512,6144,gpu,199,vllm_ar,0.13107,1
512,6144,gpu,199,rmsnorm,0.02253,1
512,6144,gpu,199,add,0.01946,1
512,6144,steady,0,vllm_ar,0.08614,1
512,6144,steady,0,rmsnorm,0.01504,1
512,6144,steady,0,add,0.00826,1
512,6144,steady,1,vllm_ar,0.07328,1
512,6144,steady,1,rmsnorm,0.04493,1
512,6144,steady,1,add,0.01101,1
512,6144,steady,2,vllm_ar,0.07200,1
512,6144,steady,2,rmsnorm,0.01498,1
512,6144,steady,2,add,0.00902,1
512,6144,steady,3,vllm_ar,0.07290,1
512,6144,steady,3,rmsnorm,0.01498,1
512,6144,steady,3,add,0.00902,1
512,6144,steady,4,vllm_ar,0.07744,1
512,6144,steady,4,rmsnorm,0.04499,1
512,6144,steady,4,add,0.00896,1
512,6144,steady,5,vllm_ar,0.07661,1
512,6144,steady,5,rmsnorm,0.04685,1
512,6144,steady,5,add,0.00890,1
512,6144,steady,6,vllm_ar,0.07578,1
512,6144,steady,6,rmsnorm,0.01498,1
512,6144,steady,6,add,0.00819,1
512,6144,steady,7,vllm_ar,0.07341,1
512,6144,steady,7,rmsnorm,0.01504,1
512,6144,steady,7,add,0.00896,1
512,6144,steady,8,vllm_ar,0.07514,1
512,6144,steady,8,rmsnorm,0.04544,1
512,6144,steady,8,add,0.00896,1
512,6144,steady,9,vllm_ar,0.07386,1
512,6144,steady,9,rmsnorm,0.01491,1
512,6144,steady,9,add,0.00890,1
512,6144,steady,10,vllm_ar,0.07245,1
512,6144,steady,10,rmsnorm,0.01485,1
512,6144,steady,10,add,0.00896,1
512,6144,steady,11,vllm_ar,0.07347,1
512,6144,steady,11,rmsnorm,0.04218,1
512,6144,steady,11,add,0.00896,1
512,6144,steady,12,vllm_ar,0.07405,1
512,6144,steady,12,rmsnorm,0.01504,1
512,6144,steady,12,add,0.00819,1
512,6144,steady,13,vllm_ar,0.07213,1
512,6144,steady,13,rmsnorm,0.04506,1
512,6144,steady,13,add,0.00902,1
512,6144,steady,14,vllm_ar,0.07322,1
512,6144,steady,14,rmsnorm,0.04755,1
512,6144,steady,14,add,0.00909,1
512,6144,steady,15,vllm_ar,0.07475,1
512,6144,steady,15,rmsnorm,0.01498,1
512,6144,steady,15,add,0.00819,1
512,6144,steady,16,vllm_ar,0.07590,1
512,6144,steady,16,rmsnorm,0.01504,1
512,6144,steady,16,add,0.00826,1
512,6144,steady,17,vllm_ar,0.07744,1
512,6144,steady,17,rmsnorm,0.04672,1
512,6144,steady,17,add,0.00832,1
512,6144,steady,18,vllm_ar,0.07520,1
512,6144,steady,18,rmsnorm,0.01498,1
512,6144,steady,18,add,0.00826,1
512,6144,steady,19,vllm_ar,0.07386,1
512,6144,steady,19,rmsnorm,0.01491,1
512,6144,steady,19,add,0.00890,1
512,6144,steady,20,vllm_ar,0.07424,1
512,6144,steady,20,rmsnorm,0.04685,1
512,6144,steady,20,add,0.00896,1
512,6144,steady,21,vllm_ar,0.07309,1
512,6144,steady,21,rmsnorm,0.04442,1
512,6144,steady,21,add,0.00896,1
512,6144,steady,22,vllm_ar,0.09594,1
512,6144,steady,22,rmsnorm,0.01498,1
512,6144,steady,22,add,0.00826,1
512,6144,steady,23,vllm_ar,0.07360,1
512,6144,steady,23,rmsnorm,0.04608,1
512,6144,steady,23,add,0.00890,1
512,6144,steady,24,vllm_ar,0.07437,1
512,6144,steady,24,rmsnorm,0.04608,1
512,6144,steady,24,add,0.00826,1
512,6144,steady,25,vllm_ar,0.07379,1
512,6144,steady,25,rmsnorm,0.01498,1
512,6144,steady,25,add,0.00819,1
512,6144,steady,26,vllm_ar,0.07405,1
512,6144,steady,26,rmsnorm,0.01491,1
512,6144,steady,26,add,0.00819,1
512,6144,steady,27,vllm_ar,0.07347,1
512,6144,steady,27,rmsnorm,0.01491,1
512,6144,steady,27,add,0.00819,1
512,6144,steady,28,vllm_ar,0.07546,1
512,6144,steady,28,rmsnorm,0.01498,1
512,6144,steady,28,add,0.01216,1
512,6144,steady,29,vllm_ar,0.07552,1
512,6144,steady,29,rmsnorm,0.01491,1
512,6144,steady,29,add,0.00826,1
512,6144,steady,30,vllm_ar,0.07936,1
512,6144,steady,30,rmsnorm,0.04762,1
512,6144,steady,30,add,0.00890,1
512,6144,steady,31,vllm_ar,0.07546,1
512,6144,steady,31,rmsnorm,0.04506,1
512,6144,steady,31,add,0.00826,1
512,6144,steady,32,vllm_ar,0.07411,1
512,6144,steady,32,rmsnorm,0.01491,1
512,6144,steady,32,add,0.00826,1
512,6144,steady,33,vllm_ar,0.07386,1
512,6144,steady,33,rmsnorm,0.04646,1
512,6144,steady,33,add,0.00890,1
512,6144,steady,34,vllm_ar,0.07475,1
512,6144,steady,34,rmsnorm,0.04883,1
512,6144,steady,34,add,0.00826,1
512,6144,steady,35,vllm_ar,0.07430,1
512,6144,steady,35,rmsnorm,0.01504,1
512,6144,steady,35,add,0.00819,1
512,6144,steady,36,vllm_ar,0.07654,1
512,6144,steady,36,rmsnorm,0.04550,1
512,6144,steady,36,add,0.00890,1
512,6144,steady,37,vllm_ar,0.07482,1
512,6144,steady,37,rmsnorm,0.04698,1
512,6144,steady,37,add,0.00890,1
512,6144,steady,38,vllm_ar,0.07661,1
512,6144,steady,38,rmsnorm,0.01498,1
512,6144,steady,38,add,0.00826,1
512,6144,steady,39,vllm_ar,0.07315,1
512,6144,steady,39,rmsnorm,0.01504,1
512,6144,steady,39,add,0.00890,1
512,6144,steady,40,vllm_ar,0.07546,1
512,6144,steady,40,rmsnorm,0.01498,1
512,6144,steady,40,add,0.00819,1
512,6144,steady,41,vllm_ar,0.07533,1
512,6144,steady,41,rmsnorm,0.01491,1
512,6144,steady,41,add,0.00826,1
512,6144,steady,42,vllm_ar,0.07488,1
512,6144,steady,42,rmsnorm,0.04550,1
512,6144,steady,42,add,0.00909,1
512,6144,steady,43,vllm_ar,0.07750,1
512,6144,steady,43,rmsnorm,0.04774,1
512,6144,steady,43,add,0.00896,1
512,6144,steady,44,vllm_ar,0.07693,1
512,6144,steady,44,rmsnorm,0.01498,1
512,6144,steady,44,add,0.00826,1
512,6144,steady,45,vllm_ar,0.07590,1
512,6144,steady,45,rmsnorm,0.01491,1
512,6144,steady,45,add,0.00826,1
512,6144,steady,46,vllm_ar,0.07667,1
512,6144,steady,46,rmsnorm,0.04742,1
512,6144,steady,46,add,0.00819,1
512,6144,steady,47,vllm_ar,0.07469,1
512,6144,steady,47,rmsnorm,0.01491,1
512,6144,steady,47,add,0.00877,1
512,6144,steady,48,vllm_ar,0.07475,1
512,6144,steady,48,rmsnorm,0.01498,1
512,6144,steady,48,add,0.00819,1
512,6144,steady,49,vllm_ar,0.07424,1
512,6144,steady,49,rmsnorm,0.04698,1
512,6144,steady,49,add,0.00826,1
512,6144,steady,50,vllm_ar,0.07424,1
512,6144,steady,50,rmsnorm,0.01504,1
512,6144,steady,50,add,0.00826,1
512,6144,steady,51,vllm_ar,0.07232,1
512,6144,steady,51,rmsnorm,0.01504,1
512,6144,steady,51,add,0.00909,1
512,6144,steady,52,vllm_ar,0.07565,1
512,6144,steady,52,rmsnorm,0.04301,1
512,6144,steady,52,add,0.01005,1
512,6144,steady,53,vllm_ar,0.07533,1
512,6144,steady,53,rmsnorm,0.01498,1
512,6144,steady,53,add,0.00826,1
512,6144,steady,54,vllm_ar,0.07245,1
512,6144,steady,54,rmsnorm,0.01498,1
512,6144,steady,54,add,0.00877,1
512,6144,steady,55,vllm_ar,0.07654,1
512,6144,steady,55,rmsnorm,0.05062,1
512,6144,steady,55,add,0.00896,1
512,6144,steady,56,vllm_ar,0.07789,1
512,6144,steady,56,rmsnorm,0.04787,1
512,6144,steady,56,add,0.00902,1
512,6144,steady,57,vllm_ar,0.07360,1
512,6144,steady,57,rmsnorm,0.01504,1
512,6144,steady,57,add,0.00819,1
512,6144,steady,58,vllm_ar,0.07494,1
512,6144,steady,58,rmsnorm,0.01498,1
512,6144,steady,58,add,0.00902,1
512,6144,steady,59,vllm_ar,0.07443,1
512,6144,steady,59,rmsnorm,0.01485,1
512,6144,steady,59,add,0.00819,1
512,6144,steady,60,vllm_ar,0.07219,1
512,6144,steady,60,rmsnorm,0.01498,1
512,6144,steady,60,add,0.00896,1
512,6144,steady,61,vllm_ar,0.07405,1
512,6144,steady,61,rmsnorm,0.04576,1
512,6144,steady,61,add,0.00896,1
512,6144,steady,62,vllm_ar,0.07386,1
512,6144,steady,62,rmsnorm,0.01504,1
512,6144,steady,62,add,0.00826,1
512,6144,steady,63,vllm_ar,0.07674,1
512,6144,steady,63,rmsnorm,0.04666,1
512,6144,steady,63,add,0.00902,1
512,6144,steady,64,vllm_ar,0.07469,1
512,6144,steady,64,rmsnorm,0.01498,1
512,6144,steady,64,add,0.00826,1
512,6144,steady,65,vllm_ar,0.07674,1
512,6144,steady,65,rmsnorm,0.06816,1
512,6144,steady,65,add,0.00826,1
512,6144,steady,66,vllm_ar,0.07661,1
512,6144,steady,66,rmsnorm,0.01498,1
512,6144,steady,66,add,0.00819,1
512,6144,steady,67,vllm_ar,0.07731,1
512,6144,steady,67,rmsnorm,0.01491,1
512,6144,steady,67,add,0.00826,1
512,6144,steady,68,vllm_ar,0.07674,1
512,6144,steady,68,rmsnorm,0.01498,1
512,6144,steady,68,add,0.00819,1
512,6144,steady,69,vllm_ar,0.07450,1
512,6144,steady,69,rmsnorm,0.01498,1
512,6144,steady,69,add,0.00890,1
512,6144,steady,70,vllm_ar,0.07821,1
512,6144,steady,70,rmsnorm,0.04467,1
512,6144,steady,70,add,0.00826,1
512,6144,steady,71,vllm_ar,0.07456,1
512,6144,steady,71,rmsnorm,0.01498,1
512,6144,steady,71,add,0.00998,1
512,6144,steady,72,vllm_ar,0.07526,1
512,6144,steady,72,rmsnorm,0.01491,1
512,6144,steady,72,add,0.00890,1
512,6144,steady,73,vllm_ar,0.07494,1
512,6144,steady,73,rmsnorm,0.04800,1
512,6144,steady,73,add,0.00819,1
512,6144,steady,74,vllm_ar,0.07482,1
512,6144,steady,74,rmsnorm,0.01504,1
512,6144,steady,74,add,0.00826,1
512,6144,steady,75,vllm_ar,0.07309,1
512,6144,steady,75,rmsnorm,0.01491,1
512,6144,steady,75,add,0.00826,1
512,6144,steady,76,vllm_ar,0.07898,1
512,6144,steady,76,rmsnorm,0.06214,1
512,6144,steady,76,add,0.00826,1
512,6144,steady,77,vllm_ar,0.07456,1
512,6144,steady,77,rmsnorm,0.01498,1
512,6144,steady,77,add,0.00819,1
512,6144,steady,78,vllm_ar,0.07814,1
512,6144,steady,78,rmsnorm,0.01632,1
512,6144,steady,78,add,0.00890,1
512,6144,steady,79,vllm_ar,0.07430,1
512,6144,steady,79,rmsnorm,0.05274,1
512,6144,steady,79,add,0.00877,1
512,6144,steady,80,vllm_ar,0.07302,1
512,6144,steady,80,rmsnorm,0.01766,1
512,6144,steady,80,add,0.00896,1
512,6144,steady,81,vllm_ar,0.07482,1
512,6144,steady,81,rmsnorm,0.01498,1
512,6144,steady,81,add,0.00826,1
512,6144,steady,82,vllm_ar,0.07277,1
512,6144,steady,82,rmsnorm,0.04602,1
512,6144,steady,82,add,0.00883,1
512,6144,steady,83,vllm_ar,0.07418,1
512,6144,steady,83,rmsnorm,0.01485,1
512,6144,steady,83,add,0.00826,1
512,6144,steady,84,vllm_ar,0.08224,1
512,6144,steady,84,rmsnorm,0.01491,1
512,6144,steady,84,add,0.00819,1
512,6144,steady,85,vllm_ar,0.07456,1
512,6144,steady,85,rmsnorm,0.01491,1
512,6144,steady,85,add,0.00819,1
512,6144,steady,86,vllm_ar,0.07450,1
512,6144,steady,86,rmsnorm,0.04704,1
512,6144,steady,86,add,0.00896,1
512,6144,steady,87,vllm_ar,0.07366,1
512,6144,steady,87,rmsnorm,0.04723,1
512,6144,steady,87,add,0.00890,1
512,6144,steady,88,vllm_ar,0.07667,1
512,6144,steady,88,rmsnorm,0.01498,1
512,6144,steady,88,add,0.00819,1
512,6144,steady,89,vllm_ar,0.07494,1
512,6144,steady,89,rmsnorm,0.01504,1
512,6144,steady,89,add,0.00826,1
512,6144,steady,90,vllm_ar,0.09747,1
512,6144,steady,90,rmsnorm,0.04602,1
512,6144,steady,90,add,0.00896,1
512,6144,steady,91,vllm_ar,0.07462,1
512,6144,steady,91,rmsnorm,0.04563,1
512,6144,steady,91,add,0.00870,1
512,6144,steady,92,vllm_ar,0.07629,1
512,6144,steady,92,rmsnorm,0.01504,1
512,6144,steady,92,add,0.01069,1
512,6144,steady,93,vllm_ar,0.07398,1
512,6144,steady,93,rmsnorm,0.01498,1
512,6144,steady,93,add,0.01216,1
512,6144,steady,94,vllm_ar,0.07341,1
512,6144,steady,94,rmsnorm,0.01498,1
512,6144,steady,94,add,0.00902,1
512,6144,steady,95,vllm_ar,0.07450,1
512,6144,steady,95,rmsnorm,0.01498,1
512,6144,steady,95,add,0.00826,1
512,6144,steady,96,vllm_ar,0.07904,1
512,6144,steady,96,rmsnorm,0.04698,1
512,6144,steady,96,add,0.00819,1
512,6144,steady,97,vllm_ar,0.07808,1
512,6144,steady,97,rmsnorm,0.01491,1
512,6144,steady,97,add,0.00877,1
512,6144,steady,98,vllm_ar,0.07405,1
512,6144,steady,98,rmsnorm,0.01498,1
512,6144,steady,98,add,0.00890,1
512,6144,steady,99,vllm_ar,0.07533,1
512,6144,steady,99,rmsnorm,0.04506,1
512,6144,steady,99,add,0.00883,1
1024,6144,gpu,0,vllm_ar,0.18125,1
1024,6144,gpu,0,rmsnorm,0.03072,1
1024,6144,gpu,0,add,0.03686,1
1024,6144,gpu,1,vllm_ar,0.18330,1
1024,6144,gpu,1,rmsnorm,0.03072,1
1024,6144,gpu,1,add,0.03072,1
1024,6144,gpu,2,vllm_ar,0.16384,1
1024,6144,gpu,2,rmsnorm,0.03072,1
1024,6144,gpu,2,add,0.02970,1
1024,6144,gpu,3,vllm_ar,0.17101,1
1024,6144,gpu,3,rmsnorm,0.03072,1
1024,6144,gpu,3,add,0.03174,1
1024,6144,gpu,4,vllm_ar,0.22016,1
1024,6144,gpu,4,rmsnorm,0.03174,1
1024,6144,gpu,4,add,0.03072,1
1024,6144,gpu,5,vllm_ar,0.18534,1
1024,6144,gpu,5,rmsnorm,0.03072,1
1024,6144,gpu,5,add,0.03072,1
1024,6144,gpu,6,vllm_ar,0.18944,1
1024,6144,gpu,6,rmsnorm,0.03072,1
1024,6144,gpu,6,add,0.03072,1
1024,6144,gpu,7,vllm_ar,0.17510,1
1024,6144,gpu,7,rmsnorm,0.03072,1
1024,6144,gpu,7,add,0.03174,1
1024,6144,gpu,8,vllm_ar,0.17510,1
1024,6144,gpu,8,rmsnorm,0.03174,1
1024,6144,gpu,8,add,0.03072,1
1024,6144,gpu,9,vllm_ar,0.17408,1
1024,6144,gpu,9,rmsnorm,0.02970,1
1024,6144,gpu,9,add,0.03072,1
1024,6144,gpu,10,vllm_ar,0.17613,1
1024,6144,gpu,10,rmsnorm,0.03072,1
1024,6144,gpu,10,add,0.03072,1
1024,6144,gpu,11,vllm_ar,0.16896,1
1024,6144,gpu,11,rmsnorm,0.03072,1
1024,6144,gpu,11,add,0.03174,1
1024,6144,gpu,12,vllm_ar,0.17408,1
1024,6144,gpu,12,rmsnorm,0.03174,1
1024,6144,gpu,12,add,0.03072,1
1024,6144,gpu,13,vllm_ar,0.16486,1
1024,6144,gpu,13,rmsnorm,0.03072,1
1024,6144,gpu,13,add,0.03072,1
1024,6144,gpu,14,vllm_ar,0.22835,1
1024,6144,gpu,14,rmsnorm,0.03072,1
1024,6144,gpu,14,add,0.03072,1
1024,6144,gpu,15,vllm_ar,0.18842,1
1024,6144,gpu,15,rmsnorm,0.03072,1
1024,6144,gpu,15,add,0.03174,1
1024,6144,gpu,16,vllm_ar,0.17408,1
1024,6144,gpu,16,rmsnorm,0.03174,1
1024,6144,gpu,16,add,0.03072,1
1024,6144,gpu,17,vllm_ar,0.16486,1
1024,6144,gpu,17,rmsnorm,0.03072,1
1024,6144,gpu,17,add,0.03072,1
1024,6144,gpu,18,vllm_ar,0.18125,1
1024,6144,gpu,18,rmsnorm,0.03072,1
1024,6144,gpu,18,add,0.03072,1
1024,6144,gpu,19,vllm_ar,0.17306,1
1024,6144,gpu,19,rmsnorm,0.03174,1
1024,6144,gpu,19,add,0.03174,1
1024,6144,gpu,20,vllm_ar,0.18330,1
1024,6144,gpu,20,rmsnorm,0.03174,1
1024,6144,gpu,20,add,0.03072,1
1024,6144,gpu,21,vllm_ar,0.18125,1
1024,6144,gpu,21,rmsnorm,0.03072,1
1024,6144,gpu,21,add,0.04096,1
1024,6144,gpu,22,vllm_ar,0.17408,1
1024,6144,gpu,22,rmsnorm,0.03072,1
1024,6144,gpu,22,add,0.03072,1
1024,6144,gpu,23,vllm_ar,0.21299,1
1024,6144,gpu,23,rmsnorm,0.03174,1
1024,6144,gpu,23,add,0.03174,1
1024,6144,gpu,24,vllm_ar,0.17613,1
1024,6144,gpu,24,rmsnorm,0.03174,1
1024,6144,gpu,24,add,0.03072,1
1024,6144,gpu,25,vllm_ar,0.18227,1
1024,6144,gpu,25,rmsnorm,0.03072,1
1024,6144,gpu,25,add,0.03072,1
1024,6144,gpu,26,vllm_ar,0.16691,1
1024,6144,gpu,26,rmsnorm,0.03072,1
1024,6144,gpu,26,add,0.03072,1
1024,6144,gpu,27,vllm_ar,0.21197,1
1024,6144,gpu,27,rmsnorm,0.03072,1
1024,6144,gpu,27,add,0.03072,1
1024,6144,gpu,28,vllm_ar,0.17715,1
1024,6144,gpu,28,rmsnorm,0.03072,1
1024,6144,gpu,28,add,0.03072,1
1024,6144,gpu,29,vllm_ar,0.17306,1
1024,6144,gpu,29,rmsnorm,0.03072,1
1024,6144,gpu,29,add,0.03072,1
1024,6144,gpu,30,vllm_ar,0.17101,1
1024,6144,gpu,30,rmsnorm,0.03072,1
1024,6144,gpu,30,add,0.03072,1
1024,6144,gpu,31,vllm_ar,0.21709,1
1024,6144,gpu,31,rmsnorm,0.03174,1
1024,6144,gpu,31,add,0.04301,1
1024,6144,gpu,32,vllm_ar,0.17408,1
1024,6144,gpu,32,rmsnorm,0.03072,1
1024,6144,gpu,32,add,0.03072,1
1024,6144,gpu,33,vllm_ar,0.18227,1
1024,6144,gpu,33,rmsnorm,0.03072,1
1024,6144,gpu,33,add,0.03072,1
1024,6144,gpu,34,vllm_ar,0.17306,1
1024,6144,gpu,34,rmsnorm,0.03072,1
1024,6144,gpu,34,add,0.03072,1
1024,6144,gpu,35,vllm_ar,0.18534,1
1024,6144,gpu,35,rmsnorm,0.03072,1
1024,6144,gpu,35,add,0.03174,1
1024,6144,gpu,36,vllm_ar,0.17203,1
1024,6144,gpu,36,rmsnorm,0.03174,1
1024,6144,gpu,36,add,0.03072,1
1024,6144,gpu,37,vllm_ar,1.01274,1
1024,6144,gpu,37,rmsnorm,0.03072,1
1024,6144,gpu,37,add,0.03072,1
1024,6144,gpu,38,vllm_ar,0.17510,1
1024,6144,gpu,38,rmsnorm,0.03072,1
1024,6144,gpu,38,add,0.03072,1
1024,6144,gpu,39,vllm_ar,0.18944,1
1024,6144,gpu,39,rmsnorm,0.03174,1
1024,6144,gpu,39,add,0.03174,1
1024,6144,gpu,40,vllm_ar,0.19149,1
1024,6144,gpu,40,rmsnorm,0.03174,1
1024,6144,gpu,40,add,0.02970,1
1024,6144,gpu,41,vllm_ar,0.17715,1
1024,6144,gpu,41,rmsnorm,0.03072,1
1024,6144,gpu,41,add,0.03072,1
1024,6144,gpu,42,vllm_ar,0.17510,1
1024,6144,gpu,42,rmsnorm,0.03072,1
1024,6144,gpu,42,add,0.03072,1
1024,6144,gpu,43,vllm_ar,0.18022,1
1024,6144,gpu,43,rmsnorm,0.03174,1
1024,6144,gpu,43,add,0.03174,1
1024,6144,gpu,44,vllm_ar,0.17306,1
1024,6144,gpu,44,rmsnorm,0.03174,1
1024,6144,gpu,44,add,0.02970,1
1024,6144,gpu,45,vllm_ar,0.16384,1
1024,6144,gpu,45,rmsnorm,0.03072,1
1024,6144,gpu,45,add,0.03072,1
1024,6144,gpu,46,vllm_ar,0.17818,1
1024,6144,gpu,46,rmsnorm,0.03072,1
1024,6144,gpu,46,add,0.03072,1
1024,6144,gpu,47,vllm_ar,0.18125,1
1024,6144,gpu,47,rmsnorm,0.03174,1
1024,6144,gpu,47,add,0.04198,1
1024,6144,gpu,48,vllm_ar,0.21811,1
1024,6144,gpu,48,rmsnorm,0.03072,1
1024,6144,gpu,48,add,0.03072,1
1024,6144,gpu,49,vllm_ar,0.18022,1
1024,6144,gpu,49,rmsnorm,0.03072,1
1024,6144,gpu,49,add,0.03072,1
1024,6144,gpu,50,vllm_ar,0.18125,1
1024,6144,gpu,50,rmsnorm,0.03072,1
1024,6144,gpu,50,add,0.03072,1
1024,6144,gpu,51,vllm_ar,0.16998,1
1024,6144,gpu,51,rmsnorm,0.03174,1
1024,6144,gpu,51,add,0.03174,1
1024,6144,gpu,52,vllm_ar,0.18432,1
1024,6144,gpu,52,rmsnorm,0.03174,1
1024,6144,gpu,52,add,0.03072,1
1024,6144,gpu,53,vllm_ar,0.16691,1
1024,6144,gpu,53,rmsnorm,0.03072,1
1024,6144,gpu,53,add,0.03072,1
1024,6144,gpu,54,vllm_ar,0.17306,1
1024,6144,gpu,54,rmsnorm,0.03072,1
1024,6144,gpu,54,add,0.03072,1
1024,6144,gpu,55,vllm_ar,0.17306,1
1024,6144,gpu,55,rmsnorm,0.03174,1
1024,6144,gpu,55,add,0.03174,1
1024,6144,gpu,56,vllm_ar,0.17613,1
1024,6144,gpu,56,rmsnorm,0.03072,1
1024,6144,gpu,56,add,0.03072,1
1024,6144,gpu,57,vllm_ar,0.23142,1
1024,6144,gpu,57,rmsnorm,0.02970,1
1024,6144,gpu,57,add,0.03072,1
1024,6144,gpu,58,vllm_ar,0.17408,1
1024,6144,gpu,58,rmsnorm,0.03072,1
1024,6144,gpu,58,add,0.03072,1
1024,6144,gpu,59,vllm_ar,0.18125,1
1024,6144,gpu,59,rmsnorm,0.03072,1
1024,6144,gpu,59,add,0.03174,1
1024,6144,gpu,60,vllm_ar,0.17510,1
1024,6144,gpu,60,rmsnorm,0.03072,1
1024,6144,gpu,60,add,0.02970,1
1024,6144,gpu,61,vllm_ar,0.18944,1
1024,6144,gpu,61,rmsnorm,0.03072,1
1024,6144,gpu,61,add,0.03072,1
1024,6144,gpu,62,vllm_ar,0.16794,1
1024,6144,gpu,62,rmsnorm,0.03072,1
1024,6144,gpu,62,add,0.02970,1
1024,6144,gpu,63,vllm_ar,0.17203,1
1024,6144,gpu,63,rmsnorm,0.02970,1
1024,6144,gpu,63,add,0.03174,1
1024,6144,gpu,64,vllm_ar,0.17818,1
1024,6144,gpu,64,rmsnorm,0.03174,1
1024,6144,gpu,64,add,0.03072,1
1024,6144,gpu,65,vllm_ar,0.17408,1
1024,6144,gpu,65,rmsnorm,0.03072,1
1024,6144,gpu,65,add,0.03072,1
1024,6144,gpu,66,vllm_ar,0.23040,1
1024,6144,gpu,66,rmsnorm,0.03072,1
1024,6144,gpu,66,add,0.03174,1
1024,6144,gpu,67,vllm_ar,0.17510,1
1024,6144,gpu,67,rmsnorm,0.03174,1
1024,6144,gpu,67,add,0.03174,1
1024,6144,gpu,68,vllm_ar,0.17613,1
1024,6144,gpu,68,rmsnorm,0.02970,1
1024,6144,gpu,68,add,0.03072,1
1024,6144,gpu,69,vllm_ar,0.17818,1
1024,6144,gpu,69,rmsnorm,0.03072,1
1024,6144,gpu,69,add,0.03072,1
1024,6144,gpu,70,vllm_ar,0.17408,1
1024,6144,gpu,70,rmsnorm,0.03072,1
1024,6144,gpu,70,add,0.03072,1
1024,6144,gpu,71,vllm_ar,0.18637,1
1024,6144,gpu,71,rmsnorm,0.03072,1
1024,6144,gpu,71,add,0.03174,1
1024,6144,gpu,72,vllm_ar,0.17613,1
1024,6144,gpu,72,rmsnorm,0.03174,1
1024,6144,gpu,72,add,0.03072,1
1024,6144,gpu,73,vllm_ar,0.16486,1
1024,6144,gpu,73,rmsnorm,0.03072,1
1024,6144,gpu,73,add,0.03072,1
1024,6144,gpu,74,vllm_ar,0.17408,1
1024,6144,gpu,74,rmsnorm,0.03072,1
1024,6144,gpu,74,add,0.03072,1
1024,6144,gpu,75,vllm_ar,0.22630,1
1024,6144,gpu,75,rmsnorm,0.03174,1
1024,6144,gpu,75,add,0.03174,1
1024,6144,gpu,76,vllm_ar,0.17510,1
1024,6144,gpu,76,rmsnorm,0.03174,1
1024,6144,gpu,76,add,0.03072,1
1024,6144,gpu,77,vllm_ar,0.17306,1
1024,6144,gpu,77,rmsnorm,0.03072,1
1024,6144,gpu,77,add,0.03072,1
1024,6144,gpu,78,vllm_ar,0.17920,1
1024,6144,gpu,78,rmsnorm,0.03072,1
1024,6144,gpu,78,add,0.03072,1
1024,6144,gpu,79,vllm_ar,0.17613,1
1024,6144,gpu,79,rmsnorm,0.03174,1
1024,6144,gpu,79,add,0.03174,1
1024,6144,gpu,80,vllm_ar,0.18022,1
1024,6144,gpu,80,rmsnorm,0.03072,1
1024,6144,gpu,80,add,0.03072,1
1024,6144,gpu,81,vllm_ar,0.18432,1
1024,6144,gpu,81,rmsnorm,0.03072,1
1024,6144,gpu,81,add,0.03072,1
1024,6144,gpu,82,vllm_ar,0.18842,1
1024,6144,gpu,82,rmsnorm,0.03072,1
1024,6144,gpu,82,add,0.03072,1
1024,6144,gpu,83,vllm_ar,0.17306,1
1024,6144,gpu,83,rmsnorm,0.03072,1
1024,6144,gpu,83,add,0.03174,1
1024,6144,gpu,84,vllm_ar,0.21504,1
1024,6144,gpu,84,rmsnorm,0.03174,1
1024,6144,gpu,84,add,0.03072,1
1024,6144,gpu,85,vllm_ar,0.17306,1
1024,6144,gpu,85,rmsnorm,0.03072,1
1024,6144,gpu,85,add,0.02970,1
1024,6144,gpu,86,vllm_ar,0.16896,1
1024,6144,gpu,86,rmsnorm,0.03072,1
1024,6144,gpu,86,add,0.03072,1
1024,6144,gpu,87,vllm_ar,0.18125,1
1024,6144,gpu,87,rmsnorm,0.03072,1
1024,6144,gpu,87,add,0.03174,1
1024,6144,gpu,88,vllm_ar,0.17613,1
1024,6144,gpu,88,rmsnorm,0.03072,1
1024,6144,gpu,88,add,0.03072,1
1024,6144,gpu,89,vllm_ar,0.17510,1
1024,6144,gpu,89,rmsnorm,0.03072,1
1024,6144,gpu,89,add,0.03072,1
1024,6144,gpu,90,vllm_ar,0.17408,1
1024,6144,gpu,90,rmsnorm,0.03072,1
1024,6144,gpu,90,add,0.03072,1
1024,6144,gpu,91,vllm_ar,0.16486,1
1024,6144,gpu,91,rmsnorm,0.03174,1
1024,6144,gpu,91,add,0.03174,1
1024,6144,gpu,92,vllm_ar,0.18637,1
1024,6144,gpu,92,rmsnorm,0.02970,1
1024,6144,gpu,92,add,0.04403,1
1024,6144,gpu,93,vllm_ar,0.24166,1
1024,6144,gpu,93,rmsnorm,0.03072,1
1024,6144,gpu,93,add,0.03072,1
1024,6144,gpu,94,vllm_ar,0.17510,1
1024,6144,gpu,94,rmsnorm,0.03072,1
1024,6144,gpu,94,add,0.03072,1
1024,6144,gpu,95,vllm_ar,0.16384,1
1024,6144,gpu,95,rmsnorm,0.03174,1
1024,6144,gpu,95,add,0.03174,1
1024,6144,gpu,96,vllm_ar,0.17920,1
1024,6144,gpu,96,rmsnorm,0.03072,1
1024,6144,gpu,96,add,0.03072,1
1024,6144,gpu,97,vllm_ar,0.17510,1
1024,6144,gpu,97,rmsnorm,0.03072,1
1024,6144,gpu,97,add,0.03072,1
1024,6144,gpu,98,vllm_ar,0.16486,1
1024,6144,gpu,98,rmsnorm,0.03072,1
1024,6144,gpu,98,add,0.03072,1
1024,6144,gpu,99,vllm_ar,0.17920,1
1024,6144,gpu,99,rmsnorm,0.03072,1
1024,6144,gpu,99,add,0.03174,1
1024,6144,gpu,100,vllm_ar,0.19046,1
1024,6144,gpu,100,rmsnorm,0.03174,1
1024,6144,gpu,100,add,0.03072,1
1024,6144,gpu,101,vllm_ar,0.18432,1
1024,6144,gpu,101,rmsnorm,0.02970,1
1024,6144,gpu,101,add,0.03072,1
1024,6144,gpu,102,vllm_ar,1.10182,1
1024,6144,gpu,102,rmsnorm,0.03072,1
1024,6144,gpu,102,add,0.03072,1
1024,6144,gpu,103,vllm_ar,0.17613,1
1024,6144,gpu,103,rmsnorm,0.03174,1
1024,6144,gpu,103,add,0.03174,1
1024,6144,gpu,104,vllm_ar,0.17306,1
1024,6144,gpu,104,rmsnorm,0.03174,1
1024,6144,gpu,104,add,0.02970,1
1024,6144,gpu,105,vllm_ar,0.17613,1
1024,6144,gpu,105,rmsnorm,0.02970,1
1024,6144,gpu,105,add,0.03072,1
1024,6144,gpu,106,vllm_ar,0.17510,1
1024,6144,gpu,106,rmsnorm,0.03072,1
1024,6144,gpu,106,add,0.03072,1
1024,6144,gpu,107,vllm_ar,0.16384,1
1024,6144,gpu,107,rmsnorm,0.03072,1
1024,6144,gpu,107,add,0.03072,1
1024,6144,gpu,108,vllm_ar,0.17715,1
1024,6144,gpu,108,rmsnorm,0.03072,1
1024,6144,gpu,108,add,0.04608,1
1024,6144,gpu,109,vllm_ar,0.17306,1
1024,6144,gpu,109,rmsnorm,0.03072,1
1024,6144,gpu,109,add,0.03072,1
1024,6144,gpu,110,vllm_ar,0.22733,1
1024,6144,gpu,110,rmsnorm,0.03072,1
1024,6144,gpu,110,add,0.03072,1
1024,6144,gpu,111,vllm_ar,0.17306,1
1024,6144,gpu,111,rmsnorm,0.03072,1
1024,6144,gpu,111,add,0.03174,1
1024,6144,gpu,112,vllm_ar,0.17306,1
1024,6144,gpu,112,rmsnorm,0.03174,1
1024,6144,gpu,112,add,0.03072,1
1024,6144,gpu,113,vllm_ar,0.16384,1
1024,6144,gpu,113,rmsnorm,0.03072,1
1024,6144,gpu,113,add,0.03072,1
1024,6144,gpu,114,vllm_ar,0.18125,1
1024,6144,gpu,114,rmsnorm,0.03072,1
1024,6144,gpu,114,add,0.03072,1
1024,6144,gpu,115,vllm_ar,0.16589,1
1024,6144,gpu,115,rmsnorm,0.03072,1
1024,6144,gpu,115,add,0.03174,1
1024,6144,gpu,116,vllm_ar,0.17306,1
1024,6144,gpu,116,rmsnorm,0.03072,1
1024,6144,gpu,116,add,0.03072,1
1024,6144,gpu,117,vllm_ar,0.18534,1
1024,6144,gpu,117,rmsnorm,0.03072,1
1024,6144,gpu,117,add,0.03072,1
1024,6144,gpu,118,vllm_ar,0.21504,1
1024,6144,gpu,118,rmsnorm,0.03072,1
1024,6144,gpu,118,add,0.04506,1
1024,6144,gpu,119,vllm_ar,0.17715,1
1024,6144,gpu,119,rmsnorm,0.03072,1
1024,6144,gpu,119,add,0.03174,1
1024,6144,gpu,120,vllm_ar,0.17306,1
1024,6144,gpu,120,rmsnorm,0.03072,1
1024,6144,gpu,120,add,0.03072,1
1024,6144,gpu,121,vllm_ar,0.16486,1
1024,6144,gpu,121,rmsnorm,0.03072,1
1024,6144,gpu,121,add,0.03072,1
1024,6144,gpu,122,vllm_ar,0.17715,1
1024,6144,gpu,122,rmsnorm,0.03072,1
1024,6144,gpu,122,add,0.03072,1
1024,6144,gpu,123,vllm_ar,0.17408,1
1024,6144,gpu,123,rmsnorm,0.03072,1
1024,6144,gpu,123,add,0.03174,1
1024,6144,gpu,124,vllm_ar,0.16589,1
1024,6144,gpu,124,rmsnorm,0.03277,1
1024,6144,gpu,124,add,0.03072,1
1024,6144,gpu,125,vllm_ar,0.18637,1
1024,6144,gpu,125,rmsnorm,0.03072,1
1024,6144,gpu,125,add,0.03072,1
1024,6144,gpu,126,vllm_ar,0.16794,1
1024,6144,gpu,126,rmsnorm,0.03072,1
1024,6144,gpu,126,add,0.03072,1
1024,6144,gpu,127,vllm_ar,0.22528,1
1024,6144,gpu,127,rmsnorm,0.03072,1
1024,6144,gpu,127,add,0.03174,1
1024,6144,gpu,128,vllm_ar,0.17203,1
1024,6144,gpu,128,rmsnorm,0.03174,1
1024,6144,gpu,128,add,0.03072,1
1024,6144,gpu,129,vllm_ar,0.17920,1
1024,6144,gpu,129,rmsnorm,0.02970,1
1024,6144,gpu,129,add,0.03072,1
1024,6144,gpu,130,vllm_ar,0.17306,1
1024,6144,gpu,130,rmsnorm,0.02970,1
1024,6144,gpu,130,add,0.03072,1
1024,6144,gpu,131,vllm_ar,0.17306,1
1024,6144,gpu,131,rmsnorm,0.03174,1
1024,6144,gpu,131,add,0.03174,1
1024,6144,gpu,132,vllm_ar,0.17510,1
1024,6144,gpu,132,rmsnorm,0.03174,1
1024,6144,gpu,132,add,0.03072,1
1024,6144,gpu,133,vllm_ar,0.16998,1
1024,6144,gpu,133,rmsnorm,0.03072,1
1024,6144,gpu,133,add,0.03072,1
1024,6144,gpu,134,vllm_ar,0.18432,1
1024,6144,gpu,134,rmsnorm,0.03072,1
1024,6144,gpu,134,add,0.03072,1
1024,6144,gpu,135,vllm_ar,0.17203,1
1024,6144,gpu,135,rmsnorm,0.03072,1
1024,6144,gpu,135,add,0.03072,1
1024,6144,gpu,136,vllm_ar,0.21606,1
1024,6144,gpu,136,rmsnorm,0.03072,1
1024,6144,gpu,136,add,0.03072,1
1024,6144,gpu,137,vllm_ar,0.16691,1
1024,6144,gpu,137,rmsnorm,0.03072,1
1024,6144,gpu,137,add,0.03072,1
1024,6144,gpu,138,vllm_ar,0.17613,1
1024,6144,gpu,138,rmsnorm,0.03072,1
1024,6144,gpu,138,add,0.03072,1
1024,6144,gpu,139,vllm_ar,0.16691,1
1024,6144,gpu,139,rmsnorm,0.03072,1
1024,6144,gpu,139,add,0.03174,1
1024,6144,gpu,140,vllm_ar,0.17408,1
1024,6144,gpu,140,rmsnorm,0.03277,1
1024,6144,gpu,140,add,0.03072,1
1024,6144,gpu,141,vllm_ar,0.17408,1
1024,6144,gpu,141,rmsnorm,0.05734,1
1024,6144,gpu,141,add,0.03072,1
1024,6144,gpu,142,vllm_ar,0.19149,1
1024,6144,gpu,142,rmsnorm,0.03072,1
1024,6144,gpu,142,add,0.02970,1
1024,6144,gpu,143,vllm_ar,0.17715,1
1024,6144,gpu,143,rmsnorm,0.03072,1
1024,6144,gpu,143,add,0.03174,1
1024,6144,gpu,144,vllm_ar,0.17203,1
1024,6144,gpu,144,rmsnorm,0.03174,1
1024,6144,gpu,144,add,0.03072,1
1024,6144,gpu,145,vllm_ar,0.22528,1
1024,6144,gpu,145,rmsnorm,0.03072,1
1024,6144,gpu,145,add,0.03072,1
1024,6144,gpu,146,vllm_ar,0.19149,1
1024,6144,gpu,146,rmsnorm,0.03072,1
1024,6144,gpu,146,add,0.03072,1
1024,6144,gpu,147,vllm_ar,0.17920,1
1024,6144,gpu,147,rmsnorm,0.03072,1
1024,6144,gpu,147,add,0.03174,1
1024,6144,gpu,148,vllm_ar,0.17818,1
1024,6144,gpu,148,rmsnorm,0.03174,1
1024,6144,gpu,148,add,0.02970,1
1024,6144,gpu,149,vllm_ar,0.17613,1
1024,6144,gpu,149,rmsnorm,0.02970,1
1024,6144,gpu,149,add,0.03072,1
1024,6144,gpu,150,vllm_ar,0.16384,1
1024,6144,gpu,150,rmsnorm,0.03072,1
1024,6144,gpu,150,add,0.03072,1
1024,6144,gpu,151,vllm_ar,0.16691,1
1024,6144,gpu,151,rmsnorm,0.03072,1
1024,6144,gpu,151,add,0.03174,1
1024,6144,gpu,152,vllm_ar,0.18022,1
1024,6144,gpu,152,rmsnorm,0.03072,1
1024,6144,gpu,152,add,0.03072,1
1024,6144,gpu,153,vllm_ar,0.19763,1
1024,6144,gpu,153,rmsnorm,0.03072,1
1024,6144,gpu,153,add,0.03072,1
1024,6144,gpu,154,vllm_ar,0.18534,1
1024,6144,gpu,154,rmsnorm,0.03072,1
1024,6144,gpu,154,add,0.02970,1
1024,6144,gpu,155,vllm_ar,0.17920,1
1024,6144,gpu,155,rmsnorm,0.03072,1
1024,6144,gpu,155,add,0.03174,1
1024,6144,gpu,156,vllm_ar,0.18022,1
1024,6144,gpu,156,rmsnorm,0.03072,1
1024,6144,gpu,156,add,0.03072,1
1024,6144,gpu,157,vllm_ar,0.16998,1
1024,6144,gpu,157,rmsnorm,0.03072,1
1024,6144,gpu,157,add,0.03072,1
1024,6144,gpu,158,vllm_ar,0.17613,1
1024,6144,gpu,158,rmsnorm,0.03072,1
1024,6144,gpu,158,add,0.03072,1
1024,6144,gpu,159,vllm_ar,0.20787,1
1024,6144,gpu,159,rmsnorm,0.03174,1
1024,6144,gpu,159,add,0.03174,1
1024,6144,gpu,160,vllm_ar,0.16486,1
1024,6144,gpu,160,rmsnorm,0.03174,1
1024,6144,gpu,160,add,0.03072,1
1024,6144,gpu,161,vllm_ar,0.18022,1
1024,6144,gpu,161,rmsnorm,0.03072,1
1024,6144,gpu,161,add,0.03072,1
1024,6144,gpu,162,vllm_ar,0.18330,1
1024,6144,gpu,162,rmsnorm,0.03072,1
1024,6144,gpu,162,add,0.03072,1
1024,6144,gpu,163,vllm_ar,0.63590,1
1024,6144,gpu,163,rmsnorm,0.03174,1
1024,6144,gpu,163,add,0.03072,1
1024,6144,gpu,164,vllm_ar,0.17920,1
1024,6144,gpu,164,rmsnorm,0.03072,1
1024,6144,gpu,164,add,0.03072,1
1024,6144,gpu,165,vllm_ar,0.17510,1
1024,6144,gpu,165,rmsnorm,0.03072,1
1024,6144,gpu,165,add,0.03072,1
1024,6144,gpu,166,vllm_ar,0.18125,1
1024,6144,gpu,166,rmsnorm,0.02970,1
1024,6144,gpu,166,add,0.03072,1
1024,6144,gpu,167,vllm_ar,0.16998,1
1024,6144,gpu,167,rmsnorm,0.03174,1
1024,6144,gpu,167,add,0.03174,1
1024,6144,gpu,168,vllm_ar,0.17203,1
1024,6144,gpu,168,rmsnorm,0.03174,1
1024,6144,gpu,168,add,0.03072,1
1024,6144,gpu,169,vllm_ar,0.18125,1
1024,6144,gpu,169,rmsnorm,0.03072,1
1024,6144,gpu,169,add,0.03072,1
1024,6144,gpu,170,vllm_ar,0.17818,1
1024,6144,gpu,170,rmsnorm,0.03072,1
1024,6144,gpu,170,add,0.03072,1
1024,6144,gpu,171,vllm_ar,0.17203,1
1024,6144,gpu,171,rmsnorm,0.03072,1
1024,6144,gpu,171,add,0.03174,1
1024,6144,gpu,172,vllm_ar,0.22426,1
1024,6144,gpu,172,rmsnorm,0.03174,1
1024,6144,gpu,172,add,0.03072,1
1024,6144,gpu,173,vllm_ar,1.08134,1
1024,6144,gpu,173,rmsnorm,0.03072,1
1024,6144,gpu,173,add,0.03072,1
1024,6144,gpu,174,vllm_ar,0.18227,1
1024,6144,gpu,174,rmsnorm,0.02970,1
1024,6144,gpu,174,add,0.03072,1
1024,6144,gpu,175,vllm_ar,0.16486,1
1024,6144,gpu,175,rmsnorm,0.03174,1
1024,6144,gpu,175,add,0.03174,1
1024,6144,gpu,176,vllm_ar,0.16486,1
1024,6144,gpu,176,rmsnorm,0.03174,1
1024,6144,gpu,176,add,0.03072,1
1024,6144,gpu,177,vllm_ar,0.18432,1
1024,6144,gpu,177,rmsnorm,0.03072,1
1024,6144,gpu,177,add,0.02970,1
1024,6144,gpu,178,vllm_ar,0.17101,1
1024,6144,gpu,178,rmsnorm,0.03072,1
1024,6144,gpu,178,add,0.02970,1
1024,6144,gpu,179,vllm_ar,0.17510,1
1024,6144,gpu,179,rmsnorm,0.03174,1
1024,6144,gpu,179,add,0.04710,1
1024,6144,gpu,180,vllm_ar,0.23552,1
1024,6144,gpu,180,rmsnorm,0.03174,1
1024,6144,gpu,180,add,0.03072,1
1024,6144,gpu,181,vllm_ar,0.16691,1
1024,6144,gpu,181,rmsnorm,0.03072,1
1024,6144,gpu,181,add,0.03072,1
1024,6144,gpu,182,vllm_ar,0.16384,1
1024,6144,gpu,182,rmsnorm,0.03072,1
1024,6144,gpu,182,add,0.03072,1
1024,6144,gpu,183,vllm_ar,0.18330,1
1024,6144,gpu,183,rmsnorm,0.03072,1
1024,6144,gpu,183,add,0.03174,1
1024,6144,gpu,184,vllm_ar,0.17101,1
1024,6144,gpu,184,rmsnorm,0.03072,1
1024,6144,gpu,184,add,0.03072,1
1024,6144,gpu,185,vllm_ar,0.17510,1
1024,6144,gpu,185,rmsnorm,0.03072,1
1024,6144,gpu,185,add,0.03072,1
1024,6144,gpu,186,vllm_ar,0.18739,1
1024,6144,gpu,186,rmsnorm,0.03072,1
1024,6144,gpu,186,add,0.03072,1
1024,6144,gpu,187,vllm_ar,0.16384,1
1024,6144,gpu,187,rmsnorm,0.03072,1
1024,6144,gpu,187,add,0.03174,1
1024,6144,gpu,188,vllm_ar,0.17203,1
1024,6144,gpu,188,rmsnorm,0.03174,1
1024,6144,gpu,188,add,0.03072,1
1024,6144,gpu,189,vllm_ar,0.21606,1
1024,6144,gpu,189,rmsnorm,0.03072,1
1024,6144,gpu,189,add,0.04506,1
1024,6144,gpu,190,vllm_ar,0.16896,1
1024,6144,gpu,190,rmsnorm,0.03072,1
1024,6144,gpu,190,add,0.02970,1
1024,6144,gpu,191,vllm_ar,0.19149,1
1024,6144,gpu,191,rmsnorm,0.03174,1
1024,6144,gpu,191,add,0.03174,1
1024,6144,gpu,192,vllm_ar,0.17510,1
1024,6144,gpu,192,rmsnorm,0.03174,1
1024,6144,gpu,192,add,0.03072,1
1024,6144,gpu,193,vllm_ar,0.18330,1
1024,6144,gpu,193,rmsnorm,0.03072,1
1024,6144,gpu,193,add,0.03072,1
1024,6144,gpu,194,vllm_ar,0.18534,1
1024,6144,gpu,194,rmsnorm,0.03072,1
1024,6144,gpu,194,add,0.03072,1
1024,6144,gpu,195,vllm_ar,0.18227,1
1024,6144,gpu,195,rmsnorm,0.03174,1
1024,6144,gpu,195,add,0.03174,1
1024,6144,gpu,196,vllm_ar,0.17818,1
1024,6144,gpu,196,rmsnorm,0.03072,1
1024,6144,gpu,196,add,0.03072,1
1024,6144,gpu,197,vllm_ar,0.17510,1
1024,6144,gpu,197,rmsnorm,0.03072,1
1024,6144,gpu,197,add,0.03072,1
1024,6144,gpu,198,vllm_ar,0.21914,1
1024,6144,gpu,198,rmsnorm,0.03072,1
1024,6144,gpu,198,add,0.03072,1
1024,6144,gpu,199,vllm_ar,0.17613,1
1024,6144,gpu,199,rmsnorm,0.03072,1
1024,6144,gpu,199,add,0.03174,1
1024,6144,steady,0,vllm_ar,0.15520,1
1024,6144,steady,0,rmsnorm,0.02163,1
1024,6144,steady,0,add,0.02682,1
1024,6144,steady,1,vllm_ar,0.16186,1
1024,6144,steady,1,rmsnorm,0.02157,1
1024,6144,steady,1,add,0.02650,1
1024,6144,steady,2,vllm_ar,0.15814,1
1024,6144,steady,2,rmsnorm,0.02170,1
1024,6144,steady,2,add,0.02534,1
1024,6144,steady,3,vllm_ar,0.15917,1
1024,6144,steady,3,rmsnorm,0.02163,1
1024,6144,steady,3,add,0.02534,1
1024,6144,steady,4,vllm_ar,0.15859,1
1024,6144,steady,4,rmsnorm,0.02176,1
1024,6144,steady,4,add,0.02541,1
1024,6144,steady,5,vllm_ar,0.17139,1
1024,6144,steady,5,rmsnorm,0.02938,1
1024,6144,steady,5,add,0.02618,1
1024,6144,steady,6,vllm_ar,0.15891,1
1024,6144,steady,6,rmsnorm,0.02906,1
1024,6144,steady,6,add,0.02605,1
1024,6144,steady,7,vllm_ar,0.15680,1
1024,6144,steady,7,rmsnorm,0.04621,1
1024,6144,steady,7,add,0.02547,1
1024,6144,steady,8,vllm_ar,0.15942,1
1024,6144,steady,8,rmsnorm,0.02784,1
1024,6144,steady,8,add,0.02707,1
1024,6144,steady,9,vllm_ar,0.15795,1
1024,6144,steady,9,rmsnorm,0.02982,1
1024,6144,steady,9,add,0.02637,1
1024,6144,steady,10,vllm_ar,0.15904,1
1024,6144,steady,10,rmsnorm,0.02170,1
1024,6144,steady,10,add,0.02554,1
1024,6144,steady,11,vllm_ar,0.16307,1
1024,6144,steady,11,rmsnorm,0.02157,1
1024,6144,steady,11,add,0.02547,1
1024,6144,steady,12,vllm_ar,0.15846,1
1024,6144,steady,12,rmsnorm,0.02880,1
1024,6144,steady,12,add,0.02598,1
1024,6144,steady,13,vllm_ar,0.15821,1
1024,6144,steady,13,rmsnorm,0.02170,1
1024,6144,steady,13,add,0.02554,1
1024,6144,steady,14,vllm_ar,0.15827,1
1024,6144,steady,14,rmsnorm,0.02163,1
1024,6144,steady,14,add,0.02541,1
1024,6144,steady,15,vllm_ar,0.16723,1
1024,6144,steady,15,rmsnorm,0.02170,1
1024,6144,steady,15,add,0.02611,1
1024,6144,steady,16,vllm_ar,0.15648,1
1024,6144,steady,16,rmsnorm,0.02150,1
1024,6144,steady,16,add,0.02630,1
1024,6144,steady,17,vllm_ar,0.15795,1
1024,6144,steady,17,rmsnorm,0.02176,1
1024,6144,steady,17,add,0.02534,1
1024,6144,steady,18,vllm_ar,0.15782,1
1024,6144,steady,18,rmsnorm,0.04634,1
1024,6144,steady,18,add,0.02541,1
1024,6144,steady,19,vllm_ar,0.15552,1
1024,6144,steady,19,rmsnorm,0.02170,1
1024,6144,steady,19,add,0.02688,1
1024,6144,steady,20,vllm_ar,0.15686,1
1024,6144,steady,20,rmsnorm,0.02163,1
1024,6144,steady,20,add,0.02598,1
1024,6144,steady,21,vllm_ar,0.15699,1
1024,6144,steady,21,rmsnorm,0.02157,1
1024,6144,steady,21,add,0.02541,1
1024,6144,steady,22,vllm_ar,0.16154,1
1024,6144,steady,22,rmsnorm,0.04883,1
1024,6144,steady,22,add,0.02534,1
1024,6144,steady,23,vllm_ar,0.16934,1
1024,6144,steady,23,rmsnorm,0.04576,1
1024,6144,steady,23,add,0.02611,1
1024,6144,steady,24,vllm_ar,0.15846,1
1024,6144,steady,24,rmsnorm,0.02150,1
1024,6144,steady,24,add,0.02541,1
1024,6144,steady,25,vllm_ar,0.16915,1
1024,6144,steady,25,rmsnorm,0.02675,1
1024,6144,steady,25,add,0.02675,1
1024,6144,steady,26,vllm_ar,0.15782,1
1024,6144,steady,26,rmsnorm,0.02170,1
1024,6144,steady,26,add,0.02618,1
1024,6144,steady,27,vllm_ar,0.15834,1
1024,6144,steady,27,rmsnorm,0.04531,1
1024,6144,steady,27,add,0.02560,1
1024,6144,steady,28,vllm_ar,0.16038,1
1024,6144,steady,28,rmsnorm,0.02150,1
1024,6144,steady,28,add,0.02547,1
1024,6144,steady,29,vllm_ar,0.15904,1
1024,6144,steady,29,rmsnorm,0.02810,1
1024,6144,steady,29,add,0.02611,1
1024,6144,steady,30,vllm_ar,0.15661,1
1024,6144,steady,30,rmsnorm,0.04800,1
1024,6144,steady,30,add,0.02611,1
1024,6144,steady,31,vllm_ar,0.17120,1
1024,6144,steady,31,rmsnorm,0.04736,1
1024,6144,steady,31,add,0.02566,1
1024,6144,steady,32,vllm_ar,0.15718,1
1024,6144,steady,32,rmsnorm,0.04979,1
1024,6144,steady,32,add,0.02579,1
1024,6144,steady,33,vllm_ar,0.16480,1
1024,6144,steady,33,rmsnorm,0.04704,1
1024,6144,steady,33,add,0.02586,1
1024,6144,steady,34,vllm_ar,0.15821,1
1024,6144,steady,34,rmsnorm,0.02170,1
1024,6144,steady,34,add,0.02554,1
1024,6144,steady,35,vllm_ar,0.15789,1
1024,6144,steady,35,rmsnorm,0.02176,1
1024,6144,steady,35,add,0.02618,1
1024,6144,steady,36,vllm_ar,0.15930,1
1024,6144,steady,36,rmsnorm,0.02176,1
1024,6144,steady,36,add,0.02541,1
1024,6144,steady,37,vllm_ar,0.15475,1
1024,6144,steady,37,rmsnorm,0.02163,1
1024,6144,steady,37,add,0.02688,1
1024,6144,steady,38,vllm_ar,0.16077,1
1024,6144,steady,38,rmsnorm,0.04506,1
1024,6144,steady,38,add,0.02611,1
1024,6144,steady,39,vllm_ar,0.15872,1
1024,6144,steady,39,rmsnorm,0.02163,1
1024,6144,steady,39,add,0.02554,1
1024,6144,steady,40,vllm_ar,0.15930,1
1024,6144,steady,40,rmsnorm,0.05280,1
1024,6144,steady,40,add,0.02682,1
1024,6144,steady,41,vllm_ar,0.15795,1
1024,6144,steady,41,rmsnorm,0.02995,1
1024,6144,steady,41,add,0.02630,1
1024,6144,steady,42,vllm_ar,0.16454,1
1024,6144,steady,42,rmsnorm,0.04819,1
1024,6144,steady,42,add,0.02624,1
1024,6144,steady,43,vllm_ar,0.15706,1
1024,6144,steady,43,rmsnorm,0.04819,1
1024,6144,steady,43,add,0.02611,1
1024,6144,steady,44,vllm_ar,0.15789,1
1024,6144,steady,44,rmsnorm,0.04800,1
1024,6144,steady,44,add,0.02554,1
1024,6144,steady,45,vllm_ar,0.15686,1
1024,6144,steady,45,rmsnorm,0.02163,1
1024,6144,steady,45,add,0.02547,1
1024,6144,steady,46,vllm_ar,0.16064,1
1024,6144,steady,46,rmsnorm,0.04518,1
1024,6144,steady,46,add,0.02541,1
1024,6144,steady,47,vllm_ar,0.16269,1
1024,6144,steady,47,rmsnorm,0.04493,1
1024,6144,steady,47,add,0.02566,1
1024,6144,steady,48,vllm_ar,0.16570,1
1024,6144,steady,48,rmsnorm,0.04544,1
1024,6144,steady,48,add,0.02547,1
1024,6144,steady,49,vllm_ar,0.15904,1
1024,6144,steady,49,rmsnorm,0.02925,1
1024,6144,steady,49,add,0.02714,1
1024,6144,steady,50,vllm_ar,0.15379,1
1024,6144,steady,50,rmsnorm,0.02163,1
1024,6144,steady,50,add,0.02618,1
1024,6144,steady,51,vllm_ar,0.16358,1
1024,6144,steady,51,rmsnorm,0.02163,1
1024,6144,steady,51,add,0.02541,1
1024,6144,steady,52,vllm_ar,0.16000,1
1024,6144,steady,52,rmsnorm,0.02170,1
1024,6144,steady,52,add,0.02630,1
1024,6144,steady,53,vllm_ar,0.15994,1
1024,6144,steady,53,rmsnorm,0.02157,1
1024,6144,steady,53,add,0.02541,1
1024,6144,steady,54,vllm_ar,0.15776,1
1024,6144,steady,54,rmsnorm,0.02170,1
1024,6144,steady,54,add,0.02566,1
1024,6144,steady,55,vllm_ar,0.15443,1
1024,6144,steady,55,rmsnorm,0.04698,1
1024,6144,steady,55,add,0.02624,1
1024,6144,steady,56,vllm_ar,0.18989,1
1024,6144,steady,56,rmsnorm,0.02163,1
1024,6144,steady,56,add,0.02541,1
1024,6144,steady,57,vllm_ar,0.15923,1
1024,6144,steady,57,rmsnorm,0.04710,1
1024,6144,steady,57,add,0.02605,1
1024,6144,steady,58,vllm_ar,0.16166,1
1024,6144,steady,58,rmsnorm,0.03091,1
1024,6144,steady,58,add,0.02611,1
1024,6144,steady,59,vllm_ar,0.16614,1
1024,6144,steady,59,rmsnorm,0.02982,1
1024,6144,steady,59,add,0.02598,1
1024,6144,steady,60,vllm_ar,0.16173,1
1024,6144,steady,60,rmsnorm,0.06643,1
1024,6144,steady,60,add,0.02547,1
1024,6144,steady,61,vllm_ar,0.15686,1
1024,6144,steady,61,rmsnorm,0.04678,1
1024,6144,steady,61,add,0.02598,1
1024,6144,steady,62,vllm_ar,0.16115,1
1024,6144,steady,62,rmsnorm,0.02886,1
1024,6144,steady,62,add,0.02643,1
1024,6144,steady,63,vllm_ar,0.15693,1
1024,6144,steady,63,rmsnorm,0.04550,1
1024,6144,steady,63,add,0.02637,1
1024,6144,steady,64,vllm_ar,0.16064,1
1024,6144,steady,64,rmsnorm,0.03693,1
1024,6144,steady,64,add,0.02611,1
1024,6144,steady,65,vllm_ar,0.16013,1
1024,6144,steady,65,rmsnorm,0.02938,1
1024,6144,steady,65,add,0.02605,1
1024,6144,steady,66,vllm_ar,0.15725,1
1024,6144,steady,66,rmsnorm,0.04704,1
1024,6144,steady,66,add,0.02605,1
1024,6144,steady,67,vllm_ar,0.16627,1
1024,6144,steady,67,rmsnorm,0.04960,1
1024,6144,steady,67,add,0.02566,1
1024,6144,steady,68,vllm_ar,0.15866,1
1024,6144,steady,68,rmsnorm,0.02163,1
1024,6144,steady,68,add,0.02554,1
1024,6144,steady,69,vllm_ar,0.16256,1
1024,6144,steady,69,rmsnorm,0.02170,1
1024,6144,steady,69,add,0.02534,1
1024,6144,steady,70,vllm_ar,0.15987,1
1024,6144,steady,70,rmsnorm,0.02867,1
1024,6144,steady,70,add,0.02624,1
1024,6144,steady,71,vllm_ar,0.15712,1
1024,6144,steady,71,rmsnorm,0.02163,1
1024,6144,steady,71,add,0.02541,1
1024,6144,steady,72,vllm_ar,0.16013,1
1024,6144,steady,72,rmsnorm,0.04787,1
1024,6144,steady,72,add,0.02547,1
1024,6144,steady,73,vllm_ar,0.15507,1
1024,6144,steady,73,rmsnorm,0.04774,1
1024,6144,steady,73,add,0.02630,1
1024,6144,steady,74,vllm_ar,0.16410,1
1024,6144,steady,74,rmsnorm,0.05741,1
1024,6144,steady,74,add,0.02528,1
1024,6144,steady,75,vllm_ar,0.15738,1
1024,6144,steady,75,rmsnorm,0.02150,1
1024,6144,steady,75,add,0.02682,1
1024,6144,steady,76,vllm_ar,0.16173,1
1024,6144,steady,76,rmsnorm,0.02170,1
1024,6144,steady,76,add,0.02618,1
1024,6144,steady,77,vllm_ar,0.17024,1
1024,6144,steady,77,rmsnorm,0.02163,1
1024,6144,steady,77,add,0.02541,1
1024,6144,steady,78,vllm_ar,0.16243,1
1024,6144,steady,78,rmsnorm,0.03078,1
1024,6144,steady,78,add,0.02618,1
1024,6144,steady,79,vllm_ar,0.15782,1
1024,6144,steady,79,rmsnorm,0.02176,1
1024,6144,steady,79,add,0.02554,1
1024,6144,steady,80,vllm_ar,0.15757,1
1024,6144,steady,80,rmsnorm,0.04685,1
1024,6144,steady,80,add,0.02598,1
1024,6144,steady,81,vllm_ar,0.15955,1
1024,6144,steady,81,rmsnorm,0.04698,1
1024,6144,steady,81,add,0.02554,1
1024,6144,steady,82,vllm_ar,0.15712,1
1024,6144,steady,82,rmsnorm,0.02170,1
1024,6144,steady,82,add,0.02675,1
1024,6144,steady,83,vllm_ar,0.15994,1
1024,6144,steady,83,rmsnorm,0.02157,1
1024,6144,steady,83,add,0.02541,1
1024,6144,steady,84,vllm_ar,0.16467,1
1024,6144,steady,84,rmsnorm,0.02163,1
1024,6144,steady,84,add,0.02534,1
1024,6144,steady,85,vllm_ar,0.16461,1
1024,6144,steady,85,rmsnorm,0.02170,1
1024,6144,steady,85,add,0.02541,1
1024,6144,steady,86,vllm_ar,0.15616,1
1024,6144,steady,86,rmsnorm,0.02157,1
1024,6144,steady,86,add,0.02765,1
1024,6144,steady,87,vllm_ar,0.15846,1
1024,6144,steady,87,rmsnorm,0.02182,1
1024,6144,steady,87,add,0.02547,1
1024,6144,steady,88,vllm_ar,0.15814,1
1024,6144,steady,88,rmsnorm,0.04678,1
1024,6144,steady,88,add,0.02630,1
1024,6144,steady,89,vllm_ar,0.15616,1
1024,6144,steady,89,rmsnorm,0.02163,1
1024,6144,steady,89,add,0.02643,1
1024,6144,steady,90,vllm_ar,0.15610,1
1024,6144,steady,90,rmsnorm,0.02170,1
1024,6144,steady,90,add,0.02733,1
1024,6144,steady,91,vllm_ar,0.15744,1
1024,6144,steady,91,rmsnorm,0.04813,1
1024,6144,steady,91,add,0.02624,1
1024,6144,steady,92,vllm_ar,0.16390,1
1024,6144,steady,92,rmsnorm,0.03091,1
1024,6144,steady,92,add,0.02624,1
1024,6144,steady,93,vllm_ar,0.16147,1
1024,6144,steady,93,rmsnorm,0.04826,1
1024,6144,steady,93,add,0.02560,1
1024,6144,steady,94,vllm_ar,0.16717,1
1024,6144,steady,94,rmsnorm,0.02906,1
1024,6144,steady,94,add,0.02682,1
1024,6144,steady,95,vllm_ar,0.16051,1
1024,6144,steady,95,rmsnorm,0.04934,1
1024,6144,steady,95,add,0.02541,1
1024,6144,steady,96,vllm_ar,0.15494,1
1024,6144,steady,96,rmsnorm,0.02176,1
1024,6144,steady,96,add,0.02694,1
1024,6144,steady,97,vllm_ar,0.15776,1
1024,6144,steady,97,rmsnorm,0.02170,1
1024,6144,steady,97,add,0.02541,1
1024,6144,steady,98,vllm_ar,0.16454,1
1024,6144,steady,98,rmsnorm,0.04730,1
1024,6144,steady,98,add,0.02560,1
1024,6144,steady,99,vllm_ar,0.15744,1
1024,6144,steady,99,rmsnorm,0.04717,1
1024,6144,steady,99,add,0.02534,1
2048,6144,gpu,0,vllm_ar,0.31232,1
2048,6144,gpu,0,rmsnorm,0.05222,1
2048,6144,gpu,0,add,0.05222,1
2048,6144,gpu,1,vllm_ar,0.30515,1
2048,6144,gpu,1,rmsnorm,0.05325,1
2048,6144,gpu,1,add,0.05325,1
2048,6144,gpu,2,vllm_ar,0.26010,1
2048,6144,gpu,2,rmsnorm,0.05325,1
2048,6144,gpu,2,add,0.05222,1
2048,6144,gpu,3,vllm_ar,0.24883,1
2048,6144,gpu,3,rmsnorm,0.05222,1
2048,6144,gpu,3,add,0.05120,1
2048,6144,gpu,4,vllm_ar,0.25293,1
2048,6144,gpu,4,rmsnorm,0.05325,1
2048,6144,gpu,4,add,0.05222,1
2048,6144,gpu,5,vllm_ar,0.26214,1
2048,6144,gpu,5,rmsnorm,0.05222,1
2048,6144,gpu,5,add,0.05222,1
2048,6144,gpu,6,vllm_ar,0.32051,1
2048,6144,gpu,6,rmsnorm,0.05427,1
2048,6144,gpu,6,add,0.05222,1
2048,6144,gpu,7,vllm_ar,0.27034,1
2048,6144,gpu,7,rmsnorm,0.05325,1
2048,6144,gpu,7,add,0.05222,1
2048,6144,gpu,8,vllm_ar,0.26112,1
2048,6144,gpu,8,rmsnorm,0.05222,1
2048,6144,gpu,8,add,0.05222,1
2048,6144,gpu,9,vllm_ar,0.25600,1
2048,6144,gpu,9,rmsnorm,0.05427,1
2048,6144,gpu,9,add,0.05325,1
2048,6144,gpu,10,vllm_ar,0.29798,1
2048,6144,gpu,10,rmsnorm,0.05222,1
2048,6144,gpu,10,add,0.05120,1
2048,6144,gpu,11,vllm_ar,0.25498,1
2048,6144,gpu,11,rmsnorm,0.05325,1
2048,6144,gpu,11,add,0.05120,1
2048,6144,gpu,12,vllm_ar,0.27341,1
2048,6144,gpu,12,rmsnorm,0.05325,1
2048,6144,gpu,12,add,0.05222,1
2048,6144,gpu,13,vllm_ar,0.26522,1
2048,6144,gpu,13,rmsnorm,0.05222,1
2048,6144,gpu,13,add,0.05325,1
2048,6144,gpu,14,vllm_ar,0.25498,1
2048,6144,gpu,14,rmsnorm,0.05325,1
2048,6144,gpu,14,add,0.05120,1
2048,6144,gpu,15,vllm_ar,0.30720,1
2048,6144,gpu,15,rmsnorm,0.05222,1
2048,6144,gpu,15,add,0.05120,1
2048,6144,gpu,16,vllm_ar,0.26419,1
2048,6144,gpu,16,rmsnorm,0.05222,1
2048,6144,gpu,16,add,0.05222,1
2048,6144,gpu,17,vllm_ar,0.26419,1
2048,6144,gpu,17,rmsnorm,0.05222,1
2048,6144,gpu,17,add,0.05325,1
2048,6144,gpu,18,vllm_ar,0.26317,1
2048,6144,gpu,18,rmsnorm,0.05325,1
2048,6144,gpu,18,add,0.05222,1
2048,6144,gpu,19,vllm_ar,0.28365,1
2048,6144,gpu,19,rmsnorm,0.05325,1
2048,6144,gpu,19,add,0.05222,1
2048,6144,gpu,20,vllm_ar,0.26726,1
2048,6144,gpu,20,rmsnorm,0.05222,1
2048,6144,gpu,20,add,0.05222,1
2048,6144,gpu,21,vllm_ar,1.04858,1
2048,6144,gpu,21,rmsnorm,0.05222,1
2048,6144,gpu,21,add,0.05325,1
2048,6144,gpu,22,vllm_ar,0.26010,1
2048,6144,gpu,22,rmsnorm,0.05427,1
2048,6144,gpu,22,add,0.05120,1
2048,6144,gpu,23,vllm_ar,0.27341,1
2048,6144,gpu,23,rmsnorm,0.05222,1
2048,6144,gpu,23,add,0.05222,1
2048,6144,gpu,24,vllm_ar,0.26624,1
2048,6144,gpu,24,rmsnorm,0.05325,1
2048,6144,gpu,24,add,0.05120,1
2048,6144,gpu,25,vllm_ar,0.26419,1
2048,6144,gpu,25,rmsnorm,0.05325,1
2048,6144,gpu,25,add,0.05325,1
2048,6144,gpu,26,vllm_ar,0.25907,1
2048,6144,gpu,26,rmsnorm,0.05325,1
2048,6144,gpu,26,add,0.05222,1
2048,6144,gpu,27,vllm_ar,0.26522,1
2048,6144,gpu,27,rmsnorm,0.05222,1
2048,6144,gpu,27,add,0.05120,1
2048,6144,gpu,28,vllm_ar,0.26214,1
2048,6144,gpu,28,rmsnorm,0.05325,1
2048,6144,gpu,28,add,0.05222,1
2048,6144,gpu,29,vllm_ar,0.26522,1
2048,6144,gpu,29,rmsnorm,0.05325,1
2048,6144,gpu,29,add,0.05325,1
2048,6144,gpu,30,vllm_ar,0.27136,1
2048,6144,gpu,30,rmsnorm,0.05325,1
2048,6144,gpu,30,add,0.05222,1
2048,6144,gpu,31,vllm_ar,0.27136,1
2048,6144,gpu,31,rmsnorm,0.05325,1
2048,6144,gpu,31,add,0.06656,1
2048,6144,gpu,32,vllm_ar,0.27238,1
2048,6144,gpu,32,rmsnorm,0.05325,1
2048,6144,gpu,32,add,0.05120,1
2048,6144,gpu,33,vllm_ar,0.27750,1
2048,6144,gpu,33,rmsnorm,0.05325,1
2048,6144,gpu,33,add,0.05325,1
2048,6144,gpu,34,vllm_ar,0.26112,1
2048,6144,gpu,34,rmsnorm,0.05222,1
2048,6144,gpu,34,add,0.05120,1
2048,6144,gpu,35,vllm_ar,0.27955,1
2048,6144,gpu,35,rmsnorm,0.05325,1
2048,6144,gpu,35,add,0.05222,1
2048,6144,gpu,36,vllm_ar,0.25907,1
2048,6144,gpu,36,rmsnorm,0.05222,1
2048,6144,gpu,36,add,0.05222,1
2048,6144,gpu,37,vllm_ar,0.26726,1
2048,6144,gpu,37,rmsnorm,0.05427,1
2048,6144,gpu,37,add,0.05325,1
2048,6144,gpu,38,vllm_ar,0.25498,1
2048,6144,gpu,38,rmsnorm,0.05325,1
2048,6144,gpu,38,add,0.05120,1
2048,6144,gpu,39,vllm_ar,0.27443,1
2048,6144,gpu,39,rmsnorm,0.05325,1
2048,6144,gpu,39,add,0.05120,1
2048,6144,gpu,40,vllm_ar,0.27034,1
2048,6144,gpu,40,rmsnorm,0.05325,1
2048,6144,gpu,40,add,0.05120,1
2048,6144,gpu,41,vllm_ar,0.26112,1
2048,6144,gpu,41,rmsnorm,0.05222,1
2048,6144,gpu,41,add,0.05325,1
2048,6144,gpu,42,vllm_ar,0.27750,1
2048,6144,gpu,42,rmsnorm,0.05222,1
2048,6144,gpu,42,add,0.05120,1
2048,6144,gpu,43,vllm_ar,0.27443,1
2048,6144,gpu,43,rmsnorm,0.05325,1
2048,6144,gpu,43,add,0.05222,1
2048,6144,gpu,44,vllm_ar,0.26317,1
2048,6144,gpu,44,rmsnorm,0.05325,1
2048,6144,gpu,44,add,0.05222,1
2048,6144,gpu,45,vllm_ar,0.27238,1
2048,6144,gpu,45,rmsnorm,0.05222,1
2048,6144,gpu,45,add,0.05325,1
2048,6144,gpu,46,vllm_ar,0.26522,1
2048,6144,gpu,46,rmsnorm,0.05222,1
2048,6144,gpu,46,add,0.05222,1
2048,6144,gpu,47,vllm_ar,0.26726,1
2048,6144,gpu,47,rmsnorm,0.05222,1
2048,6144,gpu,47,add,0.05120,1
2048,6144,gpu,48,vllm_ar,0.26419,1
2048,6144,gpu,48,rmsnorm,0.05325,1
2048,6144,gpu,48,add,0.05222,1
2048,6144,gpu,49,vllm_ar,0.26112,1
2048,6144,gpu,49,rmsnorm,0.05325,1
2048,6144,gpu,49,add,0.05325,1
2048,6144,gpu,50,vllm_ar,0.26419,1
2048,6144,gpu,50,rmsnorm,0.05325,1
2048,6144,gpu,50,add,0.05120,1
2048,6144,gpu,51,vllm_ar,0.29389,1
2048,6144,gpu,51,rmsnorm,0.05222,1
2048,6144,gpu,51,add,0.05120,1
2048,6144,gpu,52,vllm_ar,0.27034,1
2048,6144,gpu,52,rmsnorm,0.05325,1
2048,6144,gpu,52,add,0.05120,1
2048,6144,gpu,53,vllm_ar,0.26214,1
2048,6144,gpu,53,rmsnorm,0.05427,1
2048,6144,gpu,53,add,0.05222,1
2048,6144,gpu,54,vllm_ar,0.25805,1
2048,6144,gpu,54,rmsnorm,0.05325,1
2048,6144,gpu,54,add,0.05222,1
2048,6144,gpu,55,vllm_ar,0.26214,1
2048,6144,gpu,55,rmsnorm,0.05222,1
2048,6144,gpu,55,add,0.05120,1
2048,6144,gpu,56,vllm_ar,0.26112,1
2048,6144,gpu,56,rmsnorm,0.05325,1
2048,6144,gpu,56,add,0.05222,1
2048,6144,gpu,57,vllm_ar,0.25190,1
2048,6144,gpu,57,rmsnorm,0.05325,1
2048,6144,gpu,57,add,0.05222,1
2048,6144,gpu,58,vllm_ar,0.27341,1
2048,6144,gpu,58,rmsnorm,0.05325,1
2048,6144,gpu,58,add,0.05222,1
2048,6144,gpu,59,vllm_ar,0.26214,1
2048,6144,gpu,59,rmsnorm,0.05325,1
2048,6144,gpu,59,add,0.05222,1
2048,6144,gpu,60,vllm_ar,0.27341,1
2048,6144,gpu,60,rmsnorm,0.05222,1
2048,6144,gpu,60,add,0.05120,1
2048,6144,gpu,61,vllm_ar,0.27853,1
2048,6144,gpu,61,rmsnorm,0.05427,1
2048,6144,gpu,61,add,0.05325,1
2048,6144,gpu,62,vllm_ar,0.26214,1
2048,6144,gpu,62,rmsnorm,0.05427,1
2048,6144,gpu,62,add,0.05120,1
2048,6144,gpu,63,vllm_ar,0.28467,1
2048,6144,gpu,63,rmsnorm,0.05325,1
2048,6144,gpu,63,add,0.05120,1
2048,6144,gpu,64,vllm_ar,0.25088,1
2048,6144,gpu,64,rmsnorm,0.05222,1
2048,6144,gpu,64,add,0.05120,1
2048,6144,gpu,65,vllm_ar,0.26522,1
2048,6144,gpu,65,rmsnorm,0.05427,1
2048,6144,gpu,65,add,0.05222,1
2048,6144,gpu,66,vllm_ar,0.25498,1
2048,6144,gpu,66,rmsnorm,0.05325,1
2048,6144,gpu,66,add,0.05222,1
2048,6144,gpu,67,vllm_ar,0.27341,1
2048,6144,gpu,67,rmsnorm,0.05325,1
2048,6144,gpu,67,add,0.05222,1
2048,6144,gpu,68,vllm_ar,0.26112,1
2048,6144,gpu,68,rmsnorm,0.05222,1
2048,6144,gpu,68,add,0.05120,1
2048,6144,gpu,69,vllm_ar,0.27546,1
2048,6144,gpu,69,rmsnorm,0.05325,1
2048,6144,gpu,69,add,0.05325,1
2048,6144,gpu,70,vllm_ar,0.26522,1
2048,6144,gpu,70,rmsnorm,0.05427,1
2048,6144,gpu,70,add,0.05222,1
2048,6144,gpu,71,vllm_ar,0.28160,1
2048,6144,gpu,71,rmsnorm,0.05325,1
2048,6144,gpu,71,add,0.06349,1
2048,6144,gpu,72,vllm_ar,0.26317,1
2048,6144,gpu,72,rmsnorm,0.05325,1
2048,6144,gpu,72,add,0.05222,1
2048,6144,gpu,73,vllm_ar,0.26931,1
2048,6144,gpu,73,rmsnorm,0.05427,1
2048,6144,gpu,73,add,0.05222,1
2048,6144,gpu,74,vllm_ar,0.26214,1
2048,6144,gpu,74,rmsnorm,0.05427,1
2048,6144,gpu,74,add,0.05120,1
2048,6144,gpu,75,vllm_ar,0.26522,1
2048,6144,gpu,75,rmsnorm,0.05222,1
2048,6144,gpu,75,add,0.05222,1
2048,6144,gpu,76,vllm_ar,0.27341,1
2048,6144,gpu,76,rmsnorm,0.05325,1
2048,6144,gpu,76,add,0.05120,1
2048,6144,gpu,77,vllm_ar,0.31232,1
2048,6144,gpu,77,rmsnorm,0.05222,1
2048,6144,gpu,77,add,0.05325,1
2048,6144,gpu,78,vllm_ar,0.26010,1
2048,6144,gpu,78,rmsnorm,0.05222,1
2048,6144,gpu,78,add,0.05222,1
2048,6144,gpu,79,vllm_ar,0.26112,1
2048,6144,gpu,79,rmsnorm,0.05222,1
2048,6144,gpu,79,add,0.05120,1
2048,6144,gpu,80,vllm_ar,0.26010,1
2048,6144,gpu,80,rmsnorm,0.10240,1
2048,6144,gpu,80,add,0.05222,1
2048,6144,gpu,81,vllm_ar,0.27955,1
2048,6144,gpu,81,rmsnorm,0.05427,1
2048,6144,gpu,81,add,0.05222,1
2048,6144,gpu,82,vllm_ar,0.27034,1
2048,6144,gpu,82,rmsnorm,0.05222,1
2048,6144,gpu,82,add,0.05222,1
2048,6144,gpu,83,vllm_ar,0.27341,1
2048,6144,gpu,83,rmsnorm,0.05325,1
2048,6144,gpu,83,add,0.05120,1
2048,6144,gpu,84,vllm_ar,0.26214,1
2048,6144,gpu,84,rmsnorm,0.05325,1
2048,6144,gpu,84,add,0.05120,1
2048,6144,gpu,85,vllm_ar,0.26931,1
2048,6144,gpu,85,rmsnorm,0.05325,1
2048,6144,gpu,85,add,0.05325,1
2048,6144,gpu,86,vllm_ar,0.27648,1
2048,6144,gpu,86,rmsnorm,0.05222,1
2048,6144,gpu,86,add,0.05120,1
2048,6144,gpu,87,vllm_ar,0.63590,1
2048,6144,gpu,87,rmsnorm,0.05325,1
2048,6144,gpu,87,add,0.05222,1
2048,6144,gpu,88,vllm_ar,0.26010,1
2048,6144,gpu,88,rmsnorm,0.05325,1
2048,6144,gpu,88,add,0.05120,1
2048,6144,gpu,89,vllm_ar,0.25805,1
2048,6144,gpu,89,rmsnorm,0.05325,1
2048,6144,gpu,89,add,0.05325,1
2048,6144,gpu,90,vllm_ar,0.26317,1
2048,6144,gpu,90,rmsnorm,0.05427,1
2048,6144,gpu,90,add,0.05120,1
2048,6144,gpu,91,vllm_ar,0.27443,1
2048,6144,gpu,91,rmsnorm,0.05325,1
2048,6144,gpu,91,add,0.05120,1
2048,6144,gpu,92,vllm_ar,0.26214,1
2048,6144,gpu,92,rmsnorm,0.05222,1
2048,6144,gpu,92,add,0.05222,1
2048,6144,gpu,93,vllm_ar,0.26317,1
2048,6144,gpu,93,rmsnorm,0.05325,1
2048,6144,gpu,93,add,0.05325,1
2048,6144,gpu,94,vllm_ar,0.28160,1
2048,6144,gpu,94,rmsnorm,0.05325,1
2048,6144,gpu,94,add,0.05222,1
2048,6144,gpu,95,vllm_ar,0.26214,1
2048,6144,gpu,95,rmsnorm,0.05325,1
2048,6144,gpu,95,add,0.05120,1
2048,6144,gpu,96,vllm_ar,0.27034,1
2048,6144,gpu,96,rmsnorm,0.05325,1
2048,6144,gpu,96,add,0.05120,1
2048,6144,gpu,97,vllm_ar,0.26010,1
2048,6144,gpu,97,rmsnorm,0.05325,1
2048,6144,gpu,97,add,0.06451,1
2048,6144,gpu,98,vllm_ar,0.26214,1
2048,6144,gpu,98,rmsnorm,0.05222,1
2048,6144,gpu,98,add,0.05222,1
2048,6144,gpu,99,vllm_ar,0.27955,1
2048,6144,gpu,99,rmsnorm,0.05325,1
2048,6144,gpu,99,add,0.05222,1
2048,6144,gpu,100,vllm_ar,0.26624,1
2048,6144,gpu,100,rmsnorm,0.05325,1
2048,6144,gpu,100,add,0.05120,1
2048,6144,gpu,101,vllm_ar,0.26829,1
2048,6144,gpu,101,rmsnorm,0.05427,1
2048,6144,gpu,101,add,0.05325,1
2048,6144,gpu,102,vllm_ar,0.25805,1
2048,6144,gpu,102,rmsnorm,0.05325,1
2048,6144,gpu,102,add,0.05120,1
2048,6144,gpu,103,vllm_ar,0.27648,1
2048,6144,gpu,103,rmsnorm,0.05325,1
2048,6144,gpu,103,add,0.05222,1
2048,6144,gpu,104,vllm_ar,0.27546,1
2048,6144,gpu,104,rmsnorm,0.05222,1
2048,6144,gpu,104,add,0.05222,1
2048,6144,gpu,105,vllm_ar,0.26419,1
2048,6144,gpu,105,rmsnorm,0.05427,1
2048,6144,gpu,105,add,0.05222,1
2048,6144,gpu,106,vllm_ar,0.27443,1
2048,6144,gpu,106,rmsnorm,0.05427,1
2048,6144,gpu,106,add,0.05120,1
2048,6144,gpu,107,vllm_ar,0.26419,1
2048,6144,gpu,107,rmsnorm,0.05222,1
2048,6144,gpu,107,add,0.05120,1
2048,6144,gpu,108,vllm_ar,0.26522,1
2048,6144,gpu,108,rmsnorm,0.05222,1
2048,6144,gpu,108,add,0.05222,1
2048,6144,gpu,109,vllm_ar,0.29184,1
2048,6144,gpu,109,rmsnorm,0.05325,1
2048,6144,gpu,109,add,0.05222,1
2048,6144,gpu,110,vllm_ar,0.25498,1
2048,6144,gpu,110,rmsnorm,0.05325,1
2048,6144,gpu,110,add,0.05120,1
2048,6144,gpu,111,vllm_ar,0.27443,1
2048,6144,gpu,111,rmsnorm,0.05325,1
2048,6144,gpu,111,add,0.05120,1
2048,6144,gpu,112,vllm_ar,0.27238,1
2048,6144,gpu,112,rmsnorm,0.05325,1
2048,6144,gpu,112,add,0.05120,1
2048,6144,gpu,113,vllm_ar,0.26726,1
2048,6144,gpu,113,rmsnorm,0.05325,1
2048,6144,gpu,113,add,0.05325,1
2048,6144,gpu,114,vllm_ar,0.25498,1
2048,6144,gpu,114,rmsnorm,0.05325,1
2048,6144,gpu,114,add,0.05222,1
2048,6144,gpu,115,vllm_ar,0.27238,1
2048,6144,gpu,115,rmsnorm,0.05325,1
2048,6144,gpu,115,add,0.05222,1
2048,6144,gpu,116,vllm_ar,0.27238,1
2048,6144,gpu,116,rmsnorm,0.05325,1
2048,6144,gpu,116,add,0.05120,1
2048,6144,gpu,117,vllm_ar,0.26317,1
2048,6144,gpu,117,rmsnorm,0.05325,1
2048,6144,gpu,117,add,0.05222,1
2048,6144,gpu,118,vllm_ar,0.26624,1
2048,6144,gpu,118,rmsnorm,0.05325,1
2048,6144,gpu,118,add,0.05222,1
2048,6144,gpu,119,vllm_ar,0.25600,1
2048,6144,gpu,119,rmsnorm,0.05222,1
2048,6144,gpu,119,add,0.05222,1
2048,6144,gpu,120,vllm_ar,0.27443,1
2048,6144,gpu,120,rmsnorm,0.05222,1
2048,6144,gpu,120,add,0.05120,1
2048,6144,gpu,121,vllm_ar,0.26419,1
2048,6144,gpu,121,rmsnorm,0.05427,1
2048,6144,gpu,121,add,0.05325,1
2048,6144,gpu,122,vllm_ar,0.27238,1
2048,6144,gpu,122,rmsnorm,0.05325,1
2048,6144,gpu,122,add,0.05222,1
2048,6144,gpu,123,vllm_ar,0.26214,1
2048,6144,gpu,123,rmsnorm,0.05325,1
2048,6144,gpu,123,add,0.05222,1
2048,6144,gpu,124,vllm_ar,0.27238,1
2048,6144,gpu,124,rmsnorm,0.05325,1
2048,6144,gpu,124,add,0.05222,1
2048,6144,gpu,125,vllm_ar,0.27443,1
2048,6144,gpu,125,rmsnorm,0.05325,1
2048,6144,gpu,125,add,0.05325,1
2048,6144,gpu,126,vllm_ar,0.27443,1
2048,6144,gpu,126,rmsnorm,0.05325,1
2048,6144,gpu,126,add,0.05222,1
2048,6144,gpu,127,vllm_ar,0.26317,1
2048,6144,gpu,127,rmsnorm,0.05222,1
2048,6144,gpu,127,add,0.05222,1
2048,6144,gpu,128,vllm_ar,0.25498,1
2048,6144,gpu,128,rmsnorm,0.05325,1
2048,6144,gpu,128,add,0.05222,1
2048,6144,gpu,129,vllm_ar,0.26931,1
2048,6144,gpu,129,rmsnorm,0.05325,1
2048,6144,gpu,129,add,0.05222,1
2048,6144,gpu,130,vllm_ar,0.25907,1
2048,6144,gpu,130,rmsnorm,0.05325,1
2048,6144,gpu,130,add,0.05222,1
2048,6144,gpu,131,vllm_ar,0.26829,1
2048,6144,gpu,131,rmsnorm,0.05325,1
2048,6144,gpu,131,add,0.05222,1
2048,6144,gpu,132,vllm_ar,0.26419,1
2048,6144,gpu,132,rmsnorm,0.05325,1
2048,6144,gpu,132,add,0.05222,1
2048,6144,gpu,133,vllm_ar,0.25190,1
2048,6144,gpu,133,rmsnorm,0.05325,1
2048,6144,gpu,133,add,0.05325,1
2048,6144,gpu,134,vllm_ar,0.27546,1
2048,6144,gpu,134,rmsnorm,0.05222,1
2048,6144,gpu,134,add,0.05120,1
2048,6144,gpu,135,vllm_ar,0.27955,1
2048,6144,gpu,135,rmsnorm,0.05222,1
2048,6144,gpu,135,add,0.05120,1
2048,6144,gpu,136,vllm_ar,0.26419,1
2048,6144,gpu,136,rmsnorm,0.05222,1
2048,6144,gpu,136,add,0.05222,1
2048,6144,gpu,137,vllm_ar,0.26624,1
2048,6144,gpu,137,rmsnorm,0.05427,1
2048,6144,gpu,137,add,0.06554,1
2048,6144,gpu,138,vllm_ar,0.27853,1
2048,6144,gpu,138,rmsnorm,0.05427,1
2048,6144,gpu,138,add,0.05120,1
2048,6144,gpu,139,vllm_ar,0.26726,1
2048,6144,gpu,139,rmsnorm,0.05325,1
2048,6144,gpu,139,add,0.05222,1
2048,6144,gpu,140,vllm_ar,0.26419,1
2048,6144,gpu,140,rmsnorm,0.05325,1
2048,6144,gpu,140,add,0.05222,1
2048,6144,gpu,141,vllm_ar,0.26317,1
2048,6144,gpu,141,rmsnorm,0.05530,1
2048,6144,gpu,141,add,0.05325,1
2048,6144,gpu,142,vllm_ar,0.27546,1
2048,6144,gpu,142,rmsnorm,0.05427,1
2048,6144,gpu,142,add,0.05222,1
2048,6144,gpu,143,vllm_ar,0.25600,1
2048,6144,gpu,143,rmsnorm,0.05325,1
2048,6144,gpu,143,add,0.05120,1
2048,6144,gpu,144,vllm_ar,0.27955,1
2048,6144,gpu,144,rmsnorm,0.05325,1
2048,6144,gpu,144,add,0.05120,1
2048,6144,gpu,145,vllm_ar,0.27546,1
2048,6144,gpu,145,rmsnorm,0.05427,1
2048,6144,gpu,145,add,0.05325,1
2048,6144,gpu,146,vllm_ar,0.64614,1
2048,6144,gpu,146,rmsnorm,0.05427,1
2048,6144,gpu,146,add,0.05120,1
2048,6144,gpu,147,vllm_ar,0.26214,1
2048,6144,gpu,147,rmsnorm,0.05325,1
2048,6144,gpu,147,add,0.05120,1
2048,6144,gpu,148,vllm_ar,0.26522,1
2048,6144,gpu,148,rmsnorm,0.05325,1
2048,6144,gpu,148,add,0.05222,1
2048,6144,gpu,149,vllm_ar,0.26112,1
2048,6144,gpu,149,rmsnorm,0.05427,1
2048,6144,gpu,149,add,0.05325,1
2048,6144,gpu,150,vllm_ar,0.25600,1
2048,6144,gpu,150,rmsnorm,0.05427,1
2048,6144,gpu,150,add,0.05120,1
2048,6144,gpu,151,vllm_ar,0.31027,1
2048,6144,gpu,151,rmsnorm,0.05325,1
2048,6144,gpu,151,add,0.05120,1
2048,6144,gpu,152,vllm_ar,0.27546,1
2048,6144,gpu,152,rmsnorm,0.12288,1
2048,6144,gpu,152,add,0.05120,1
2048,6144,gpu,153,vllm_ar,0.30003,1
2048,6144,gpu,153,rmsnorm,0.05427,1
2048,6144,gpu,153,add,0.05325,1
2048,6144,gpu,154,vllm_ar,0.26010,1
2048,6144,gpu,154,rmsnorm,0.05222,1
2048,6144,gpu,154,add,0.05222,1
2048,6144,gpu,155,vllm_ar,0.26931,1
2048,6144,gpu,155,rmsnorm,0.05222,1
2048,6144,gpu,155,add,0.05120,1
2048,6144,gpu,156,vllm_ar,0.26010,1
2048,6144,gpu,156,rmsnorm,0.05222,1
2048,6144,gpu,156,add,0.05120,1
2048,6144,gpu,157,vllm_ar,0.27238,1
2048,6144,gpu,157,rmsnorm,0.05222,1
2048,6144,gpu,157,add,0.05325,1
2048,6144,gpu,158,vllm_ar,0.25088,1
2048,6144,gpu,158,rmsnorm,0.05325,1
2048,6144,gpu,158,add,0.05120,1
2048,6144,gpu,159,vllm_ar,0.27341,1
2048,6144,gpu,159,rmsnorm,0.05325,1
2048,6144,gpu,159,add,0.05120,1
2048,6144,gpu,160,vllm_ar,0.25395,1
2048,6144,gpu,160,rmsnorm,0.05222,1
2048,6144,gpu,160,add,0.05222,1
2048,6144,gpu,161,vllm_ar,0.27341,1
2048,6144,gpu,161,rmsnorm,0.05325,1
2048,6144,gpu,161,add,0.05325,1
2048,6144,gpu,162,vllm_ar,0.27238,1
2048,6144,gpu,162,rmsnorm,0.10547,1
2048,6144,gpu,162,add,0.05120,1
2048,6144,gpu,163,vllm_ar,0.26317,1
2048,6144,gpu,163,rmsnorm,0.05325,1
2048,6144,gpu,163,add,0.05222,1
2048,6144,gpu,164,vllm_ar,0.26624,1
2048,6144,gpu,164,rmsnorm,0.05325,1
2048,6144,gpu,164,add,0.05222,1
2048,6144,gpu,165,vllm_ar,0.26522,1
2048,6144,gpu,165,rmsnorm,0.05325,1
2048,6144,gpu,165,add,0.05325,1
2048,6144,gpu,166,vllm_ar,0.27648,1
2048,6144,gpu,166,rmsnorm,0.05222,1
2048,6144,gpu,166,add,0.05120,1
2048,6144,gpu,167,vllm_ar,0.27034,1
2048,6144,gpu,167,rmsnorm,0.05325,1
2048,6144,gpu,167,add,0.05120,1
2048,6144,gpu,168,vllm_ar,0.27341,1
2048,6144,gpu,168,rmsnorm,0.05325,1
2048,6144,gpu,168,add,0.05120,1
2048,6144,gpu,169,vllm_ar,0.26010,1
2048,6144,gpu,169,rmsnorm,0.05325,1
2048,6144,gpu,169,add,0.05325,1
2048,6144,gpu,170,vllm_ar,0.26419,1
2048,6144,gpu,170,rmsnorm,0.05325,1
2048,6144,gpu,170,add,0.05222,1
2048,6144,gpu,171,vllm_ar,0.26726,1
2048,6144,gpu,171,rmsnorm,0.05325,1
2048,6144,gpu,171,add,0.05120,1
2048,6144,gpu,172,vllm_ar,0.26624,1
2048,6144,gpu,172,rmsnorm,0.05222,1
2048,6144,gpu,172,add,0.05222,1
2048,6144,gpu,173,vllm_ar,0.27034,1
2048,6144,gpu,173,rmsnorm,0.05427,1
2048,6144,gpu,173,add,0.05325,1
2048,6144,gpu,174,vllm_ar,0.26214,1
2048,6144,gpu,174,rmsnorm,0.05325,1
2048,6144,gpu,174,add,0.05222,1
2048,6144,gpu,175,vllm_ar,0.25805,1
2048,6144,gpu,175,rmsnorm,0.05222,1
2048,6144,gpu,175,add,0.05120,1
2048,6144,gpu,176,vllm_ar,0.27341,1
2048,6144,gpu,176,rmsnorm,0.05325,1
2048,6144,gpu,176,add,0.05120,1
2048,6144,gpu,177,vllm_ar,0.26624,1
2048,6144,gpu,177,rmsnorm,0.05325,1
2048,6144,gpu,177,add,0.05222,1
2048,6144,gpu,178,vllm_ar,0.26931,1
2048,6144,gpu,178,rmsnorm,0.05325,1
2048,6144,gpu,178,add,0.05222,1
2048,6144,gpu,179,vllm_ar,0.26112,1
2048,6144,gpu,179,rmsnorm,0.05325,1
2048,6144,gpu,179,add,0.05222,1
2048,6144,gpu,180,vllm_ar,0.27034,1
2048,6144,gpu,180,rmsnorm,0.05427,1
2048,6144,gpu,180,add,0.05222,1
2048,6144,gpu,181,vllm_ar,0.27443,1
2048,6144,gpu,181,rmsnorm,0.05427,1
2048,6144,gpu,181,add,0.05325,1
2048,6144,gpu,182,vllm_ar,0.26112,1
2048,6144,gpu,182,rmsnorm,0.05325,1
2048,6144,gpu,182,add,0.05222,1
2048,6144,gpu,183,vllm_ar,0.27238,1
2048,6144,gpu,183,rmsnorm,0.05325,1
2048,6144,gpu,183,add,0.05222,1
2048,6144,gpu,184,vllm_ar,0.25395,1
2048,6144,gpu,184,rmsnorm,0.05325,1
2048,6144,gpu,184,add,0.05120,1
2048,6144,gpu,185,vllm_ar,0.26522,1
2048,6144,gpu,185,rmsnorm,0.05325,1
2048,6144,gpu,185,add,0.05325,1
2048,6144,gpu,186,vllm_ar,0.26317,1
2048,6144,gpu,186,rmsnorm,0.05325,1
2048,6144,gpu,186,add,0.05120,1
2048,6144,gpu,187,vllm_ar,0.27955,1
2048,6144,gpu,187,rmsnorm,0.05325,1
2048,6144,gpu,187,add,0.05120,1
2048,6144,gpu,188,vllm_ar,0.26419,1
2048,6144,gpu,188,rmsnorm,0.05325,1
2048,6144,gpu,188,add,0.05222,1
2048,6144,gpu,189,vllm_ar,0.26829,1
2048,6144,gpu,189,rmsnorm,0.05222,1
2048,6144,gpu,189,add,0.05222,1
2048,6144,gpu,190,vllm_ar,0.27546,1
2048,6144,gpu,190,rmsnorm,0.05427,1
2048,6144,gpu,190,add,0.05222,1
2048,6144,gpu,191,vllm_ar,0.26522,1
2048,6144,gpu,191,rmsnorm,0.05325,1
2048,6144,gpu,191,add,0.05222,1
2048,6144,gpu,192,vllm_ar,0.27341,1
2048,6144,gpu,192,rmsnorm,0.05222,1
2048,6144,gpu,192,add,0.05222,1
2048,6144,gpu,193,vllm_ar,0.25190,1
2048,6144,gpu,193,rmsnorm,0.05427,1
2048,6144,gpu,193,add,0.05222,1
2048,6144,gpu,194,vllm_ar,0.25600,1
2048,6144,gpu,194,rmsnorm,0.05325,1
2048,6144,gpu,194,add,0.05222,1
2048,6144,gpu,195,vllm_ar,0.26624,1
2048,6144,gpu,195,rmsnorm,0.05222,1
2048,6144,gpu,195,add,0.05120,1
2048,6144,gpu,196,vllm_ar,0.26419,1
2048,6144,gpu,196,rmsnorm,0.05222,1
2048,6144,gpu,196,add,0.05222,1
2048,6144,gpu,197,vllm_ar,0.28058,1
2048,6144,gpu,197,rmsnorm,0.05325,1
2048,6144,gpu,197,add,0.05222,1
2048,6144,gpu,198,vllm_ar,0.26829,1
2048,6144,gpu,198,rmsnorm,0.05222,1
2048,6144,gpu,198,add,0.05120,1
2048,6144,gpu,199,vllm_ar,0.31232,1
2048,6144,gpu,199,rmsnorm,0.05222,1
2048,6144,gpu,199,add,0.05222,1
2048,6144,steady,0,vllm_ar,0.24653,1
2048,6144,steady,0,rmsnorm,0.05626,1
2048,6144,steady,0,add,0.04826,1
2048,6144,steady,1,vllm_ar,0.24486,1
2048,6144,steady,1,rmsnorm,0.05472,1
2048,6144,steady,1,add,0.04826,1
2048,6144,steady,2,vllm_ar,0.24883,1
2048,6144,steady,2,rmsnorm,0.05197,1
2048,6144,steady,2,add,0.04768,1
2048,6144,steady,3,vllm_ar,0.24608,1
2048,6144,steady,3,rmsnorm,0.05075,1
2048,6144,steady,3,add,0.04922,1
2048,6144,steady,4,vllm_ar,0.25178,1
2048,6144,steady,4,rmsnorm,0.05229,1
2048,6144,steady,4,add,0.04941,1
2048,6144,steady,5,vllm_ar,0.24634,1
2048,6144,steady,5,rmsnorm,0.05523,1
2048,6144,steady,5,add,0.04762,1
2048,6144,steady,6,vllm_ar,0.24486,1
2048,6144,steady,6,rmsnorm,0.05075,1
2048,6144,steady,6,add,0.04883,1
2048,6144,steady,7,vllm_ar,0.24493,1
2048,6144,steady,7,rmsnorm,0.05510,1
2048,6144,steady,7,add,0.04755,1
2048,6144,steady,8,vllm_ar,0.24518,1
2048,6144,steady,8,rmsnorm,0.05510,1
2048,6144,steady,8,add,0.04762,1
2048,6144,steady,9,vllm_ar,0.24595,1
2048,6144,steady,9,rmsnorm,0.05082,1
2048,6144,steady,9,add,0.04870,1
2048,6144,steady,10,vllm_ar,0.24794,1
2048,6144,steady,10,rmsnorm,0.05184,1
2048,6144,steady,10,add,0.04794,1
2048,6144,steady,11,vllm_ar,0.24538,1
2048,6144,steady,11,rmsnorm,0.05082,1
2048,6144,steady,11,add,0.04915,1
2048,6144,steady,12,vllm_ar,0.27181,1
2048,6144,steady,12,rmsnorm,0.05222,1
2048,6144,steady,12,add,0.04768,1
2048,6144,steady,13,vllm_ar,0.24736,1
2048,6144,steady,13,rmsnorm,0.05088,1
2048,6144,steady,13,add,0.04896,1
2048,6144,steady,14,vllm_ar,0.24986,1
2048,6144,steady,14,rmsnorm,0.05197,1
2048,6144,steady,14,add,0.04768,1
2048,6144,steady,15,vllm_ar,0.24864,1
2048,6144,steady,15,rmsnorm,0.05190,1
2048,6144,steady,15,add,0.04768,1
2048,6144,steady,16,vllm_ar,0.24877,1
2048,6144,steady,16,rmsnorm,0.05056,1
2048,6144,steady,16,add,0.04838,1
2048,6144,steady,17,vllm_ar,0.25261,1
2048,6144,steady,17,rmsnorm,0.05171,1
2048,6144,steady,17,add,0.04909,1
2048,6144,steady,18,vllm_ar,0.24691,1
2048,6144,steady,18,rmsnorm,0.05222,1
2048,6144,steady,18,add,0.04838,1
2048,6144,steady,19,vllm_ar,0.24518,1
2048,6144,steady,19,rmsnorm,0.05363,1
2048,6144,steady,19,add,0.04832,1
2048,6144,steady,20,vllm_ar,0.24653,1
2048,6144,steady,20,rmsnorm,0.06643,1
2048,6144,steady,20,add,0.04774,1
2048,6144,steady,21,vllm_ar,0.24646,1
2048,6144,steady,21,rmsnorm,0.05197,1
2048,6144,steady,21,add,0.04768,1
2048,6144,steady,22,vllm_ar,0.24538,1
2048,6144,steady,22,rmsnorm,0.05517,1
2048,6144,steady,22,add,0.04781,1
2048,6144,steady,23,vllm_ar,0.24672,1
2048,6144,steady,23,rmsnorm,0.05030,1
2048,6144,steady,23,add,0.04870,1
2048,6144,steady,24,vllm_ar,0.24998,1
2048,6144,steady,24,rmsnorm,0.05082,1
2048,6144,steady,24,add,0.04813,1
2048,6144,steady,25,vllm_ar,0.24749,1
2048,6144,steady,25,rmsnorm,0.05062,1
2048,6144,steady,25,add,0.04826,1
2048,6144,steady,26,vllm_ar,0.24890,1
2048,6144,steady,26,rmsnorm,0.05203,1
2048,6144,steady,26,add,0.04774,1
2048,6144,steady,27,vllm_ar,0.24826,1
2048,6144,steady,27,rmsnorm,0.05210,1
2048,6144,steady,27,add,0.04781,1
2048,6144,steady,28,vllm_ar,0.24448,1
2048,6144,steady,28,rmsnorm,0.05504,1
2048,6144,steady,28,add,0.04838,1
2048,6144,steady,29,vllm_ar,0.24403,1
2048,6144,steady,29,rmsnorm,0.05069,1
2048,6144,steady,29,add,0.04864,1
2048,6144,steady,30,vllm_ar,0.24922,1
2048,6144,steady,30,rmsnorm,0.05056,1
2048,6144,steady,30,add,0.04890,1
2048,6144,steady,31,vllm_ar,0.25312,1
2048,6144,steady,31,rmsnorm,0.05510,1
2048,6144,steady,31,add,0.04813,1
2048,6144,steady,32,vllm_ar,0.24800,1
2048,6144,steady,32,rmsnorm,0.05165,1
2048,6144,steady,32,add,0.04819,1
2048,6144,steady,33,vllm_ar,0.24890,1
2048,6144,steady,33,rmsnorm,0.05171,1
2048,6144,steady,33,add,0.04768,1
2048,6144,steady,34,vllm_ar,0.24691,1
2048,6144,steady,34,rmsnorm,0.05190,1
2048,6144,steady,34,add,0.04902,1
2048,6144,steady,35,vllm_ar,0.24838,1
2048,6144,steady,35,rmsnorm,0.05088,1
2048,6144,steady,35,add,0.04813,1
2048,6144,steady,36,vllm_ar,0.24506,1
2048,6144,steady,36,rmsnorm,0.05062,1
2048,6144,steady,36,add,0.04870,1
2048,6144,steady,37,vllm_ar,0.24550,1
2048,6144,steady,37,rmsnorm,0.05536,1
2048,6144,steady,37,add,0.04787,1
2048,6144,steady,38,vllm_ar,0.24454,1
2048,6144,steady,38,rmsnorm,0.05670,1
2048,6144,steady,38,add,0.04755,1
2048,6144,steady,39,vllm_ar,0.24506,1
2048,6144,steady,39,rmsnorm,0.05459,1
2048,6144,steady,39,add,0.04768,1
2048,6144,steady,40,vllm_ar,0.24544,1
2048,6144,steady,40,rmsnorm,0.05235,1
2048,6144,steady,40,add,0.04877,1
2048,6144,steady,41,vllm_ar,0.25005,1
2048,6144,steady,41,rmsnorm,0.05190,1
2048,6144,steady,41,add,0.04845,1
2048,6144,steady,42,vllm_ar,0.25306,1
2048,6144,steady,42,rmsnorm,0.05408,1
2048,6144,steady,42,add,0.04832,1
2048,6144,steady,43,vllm_ar,0.24454,1
2048,6144,steady,43,rmsnorm,0.05056,1
2048,6144,steady,43,add,0.04864,1
2048,6144,steady,44,vllm_ar,0.24589,1
2048,6144,steady,44,rmsnorm,0.05510,1
2048,6144,steady,44,add,0.04781,1
2048,6144,steady,45,vllm_ar,0.24621,1
2048,6144,steady,45,rmsnorm,0.05594,1
2048,6144,steady,45,add,0.04781,1
2048,6144,steady,46,vllm_ar,0.26227,1
2048,6144,steady,46,rmsnorm,0.05920,1
2048,6144,steady,46,add,0.04787,1
2048,6144,steady,47,vllm_ar,0.24480,1
2048,6144,steady,47,rmsnorm,0.05030,1
2048,6144,steady,47,add,0.04890,1
2048,6144,steady,48,vllm_ar,0.24474,1
2048,6144,steady,48,rmsnorm,0.05056,1
2048,6144,steady,48,add,0.04902,1
2048,6144,steady,49,vllm_ar,0.24493,1
2048,6144,steady,49,rmsnorm,0.05069,1
2048,6144,steady,49,add,0.04909,1
2048,6144,steady,50,vllm_ar,0.24832,1
2048,6144,steady,50,rmsnorm,0.05050,1
2048,6144,steady,50,add,0.04826,1
2048,6144,steady,51,vllm_ar,0.24614,1
2048,6144,steady,51,rmsnorm,0.05203,1
2048,6144,steady,51,add,0.04883,1
2048,6144,steady,52,vllm_ar,0.24762,1
2048,6144,steady,52,rmsnorm,0.05203,1
2048,6144,steady,52,add,0.04768,1
2048,6144,steady,53,vllm_ar,0.24941,1
2048,6144,steady,53,rmsnorm,0.05197,1
2048,6144,steady,53,add,0.04781,1
2048,6144,steady,54,vllm_ar,0.25005,1
2048,6144,steady,54,rmsnorm,0.05203,1
2048,6144,steady,54,add,0.04890,1
2048,6144,steady,55,vllm_ar,0.25299,1
2048,6144,steady,55,rmsnorm,0.05043,1
2048,6144,steady,55,add,0.04813,1
2048,6144,steady,56,vllm_ar,0.24781,1
2048,6144,steady,56,rmsnorm,0.05030,1
2048,6144,steady,56,add,0.04813,1
2048,6144,steady,57,vllm_ar,0.24800,1
2048,6144,steady,57,rmsnorm,0.05504,1
2048,6144,steady,57,add,0.04826,1
2048,6144,steady,58,vllm_ar,0.24826,1
2048,6144,steady,58,rmsnorm,0.05190,1
2048,6144,steady,58,add,0.04774,1
2048,6144,steady,59,vllm_ar,0.24883,1
2048,6144,steady,59,rmsnorm,0.05050,1
2048,6144,steady,59,add,0.04826,1
2048,6144,steady,60,vllm_ar,0.24858,1
2048,6144,steady,60,rmsnorm,0.05107,1
2048,6144,steady,60,add,0.04838,1
2048,6144,steady,61,vllm_ar,0.24589,1
2048,6144,steady,61,rmsnorm,0.05517,1
2048,6144,steady,61,add,0.04787,1
2048,6144,steady,62,vllm_ar,0.24787,1
2048,6144,steady,62,rmsnorm,0.05210,1
2048,6144,steady,62,add,0.04781,1
2048,6144,steady,63,vllm_ar,0.24448,1
2048,6144,steady,63,rmsnorm,0.05517,1
2048,6144,steady,63,add,0.04794,1
2048,6144,steady,64,vllm_ar,0.24538,1
2048,6144,steady,64,rmsnorm,0.05043,1
2048,6144,steady,64,add,0.04877,1
2048,6144,steady,65,vllm_ar,0.25325,1
2048,6144,steady,65,rmsnorm,0.05510,1
2048,6144,steady,65,add,0.04826,1
2048,6144,steady,66,vllm_ar,0.25101,1
2048,6144,steady,66,rmsnorm,0.05184,1
2048,6144,steady,66,add,0.04781,1
2048,6144,steady,67,vllm_ar,0.24902,1
2048,6144,steady,67,rmsnorm,0.05037,1
2048,6144,steady,67,add,0.04819,1
2048,6144,steady,68,vllm_ar,0.24794,1
2048,6144,steady,68,rmsnorm,0.05190,1
2048,6144,steady,68,add,0.04896,1
2048,6144,steady,69,vllm_ar,0.24826,1
2048,6144,steady,69,rmsnorm,0.05056,1
2048,6144,steady,69,add,0.04819,1
2048,6144,steady,70,vllm_ar,0.24589,1
2048,6144,steady,70,rmsnorm,0.05658,1
2048,6144,steady,70,add,0.04826,1
2048,6144,steady,71,vllm_ar,0.24762,1
2048,6144,steady,71,rmsnorm,0.05069,1
2048,6144,steady,71,add,0.04826,1
2048,6144,steady,72,vllm_ar,0.24845,1
2048,6144,steady,72,rmsnorm,0.05043,1
2048,6144,steady,72,add,0.04832,1
2048,6144,steady,73,vllm_ar,0.24826,1
2048,6144,steady,73,rmsnorm,0.05082,1
2048,6144,steady,73,add,0.04826,1
2048,6144,steady,74,vllm_ar,0.24794,1
2048,6144,steady,74,rmsnorm,0.05203,1
2048,6144,steady,74,add,0.04762,1
2048,6144,steady,75,vllm_ar,0.24563,1
2048,6144,steady,75,rmsnorm,0.05542,1
2048,6144,steady,75,add,0.04813,1
2048,6144,steady,76,vllm_ar,0.25018,1
2048,6144,steady,76,rmsnorm,0.05203,1
2048,6144,steady,76,add,0.04858,1
2048,6144,steady,77,vllm_ar,0.25274,1
2048,6144,steady,77,rmsnorm,0.05037,1
2048,6144,steady,77,add,0.04832,1
2048,6144,steady,78,vllm_ar,0.24602,1
2048,6144,steady,78,rmsnorm,0.05619,1
2048,6144,steady,78,add,0.04781,1
2048,6144,steady,79,vllm_ar,0.24730,1
2048,6144,steady,79,rmsnorm,0.05165,1
2048,6144,steady,79,add,0.04794,1
2048,6144,steady,80,vllm_ar,0.24826,1
2048,6144,steady,80,rmsnorm,0.05197,1
2048,6144,steady,80,add,0.04787,1
2048,6144,steady,81,vllm_ar,0.24800,1
2048,6144,steady,81,rmsnorm,0.05504,1
2048,6144,steady,81,add,0.04774,1
2048,6144,steady,82,vllm_ar,0.24563,1
2048,6144,steady,82,rmsnorm,0.05037,1
2048,6144,steady,82,add,0.04870,1
2048,6144,steady,83,vllm_ar,0.24621,1
2048,6144,steady,83,rmsnorm,0.05472,1
2048,6144,steady,83,add,0.04768,1
2048,6144,steady,84,vllm_ar,0.24755,1
2048,6144,steady,84,rmsnorm,0.05171,1
2048,6144,steady,84,add,0.04768,1
2048,6144,steady,85,vllm_ar,0.24589,1
2048,6144,steady,85,rmsnorm,0.05702,1
2048,6144,steady,85,add,0.04774,1
2048,6144,steady,86,vllm_ar,0.24461,1
2048,6144,steady,86,rmsnorm,0.05574,1
2048,6144,steady,86,add,0.04832,1
2048,6144,steady,87,vllm_ar,0.24448,1
2048,6144,steady,87,rmsnorm,0.05075,1
2048,6144,steady,87,add,0.04858,1
2048,6144,steady,88,vllm_ar,0.25414,1
2048,6144,steady,88,rmsnorm,0.05478,1
2048,6144,steady,88,add,0.04813,1
2048,6144,steady,89,vllm_ar,0.24723,1
2048,6144,steady,89,rmsnorm,0.05050,1
2048,6144,steady,89,add,0.04838,1
2048,6144,steady,90,vllm_ar,0.24525,1
2048,6144,steady,90,rmsnorm,0.05517,1
2048,6144,steady,90,add,0.04781,1
2048,6144,steady,91,vllm_ar,0.24794,1
2048,6144,steady,91,rmsnorm,0.05069,1
2048,6144,steady,91,add,0.04826,1
2048,6144,steady,92,vllm_ar,0.24499,1
2048,6144,steady,92,rmsnorm,0.05062,1
2048,6144,steady,92,add,0.04870,1
2048,6144,steady,93,vllm_ar,0.24589,1
2048,6144,steady,93,rmsnorm,0.05606,1
2048,6144,steady,93,add,0.04768,1
2048,6144,steady,94,vllm_ar,0.24640,1
2048,6144,steady,94,rmsnorm,0.05069,1
2048,6144,steady,94,add,0.04864,1
2048,6144,steady,95,vllm_ar,0.24666,1
2048,6144,steady,95,rmsnorm,0.05210,1
2048,6144,steady,95,add,0.04909,1
2048,6144,steady,96,vllm_ar,0.24992,1
2048,6144,steady,96,rmsnorm,0.05101,1
2048,6144,steady,96,add,0.04826,1
2048,6144,steady,97,vllm_ar,0.24723,1
2048,6144,steady,97,rmsnorm,0.05165,1
2048,6144,steady,97,add,0.04787,1
2048,6144,steady,98,vllm_ar,0.24608,1
2048,6144,steady,98,rmsnorm,0.05491,1
2048,6144,steady,98,add,0.04832,1
2048,6144,steady,99,vllm_ar,0.24422,1
2048,6144,steady,99,rmsnorm,0.05152,1
2048,6144,steady,99,add,0.04851,1
4096,6144,gpu,0,vllm_ar,0.48128,1
4096,6144,gpu,0,rmsnorm,0.09318,1
4096,6144,gpu,0,add,0.09421,1
4096,6144,gpu,1,vllm_ar,0.44544,1
4096,6144,gpu,1,rmsnorm,0.09216,1
4096,6144,gpu,1,add,0.09318,1
4096,6144,gpu,2,vllm_ar,0.47411,1
4096,6144,gpu,2,rmsnorm,0.09318,1
4096,6144,gpu,2,add,0.09318,1
4096,6144,gpu,3,vllm_ar,0.46592,1
4096,6144,gpu,3,rmsnorm,0.09318,1
4096,6144,gpu,3,add,0.09421,1
4096,6144,gpu,4,vllm_ar,0.44339,1
4096,6144,gpu,4,rmsnorm,0.09421,1
4096,6144,gpu,4,add,0.09318,1
4096,6144,gpu,5,vllm_ar,0.46797,1
4096,6144,gpu,5,rmsnorm,0.09318,1
4096,6144,gpu,5,add,0.09318,1
4096,6144,gpu,6,vllm_ar,0.47718,1
4096,6144,gpu,6,rmsnorm,0.09216,1
4096,6144,gpu,6,add,0.09421,1
4096,6144,gpu,7,vllm_ar,0.44954,1
4096,6144,gpu,7,rmsnorm,0.09421,1
4096,6144,gpu,7,add,0.09421,1
4096,6144,gpu,8,vllm_ar,0.44749,1
4096,6144,gpu,8,rmsnorm,0.09421,1
4096,6144,gpu,8,add,0.09421,1
4096,6144,gpu,9,vllm_ar,0.46797,1
4096,6144,gpu,9,rmsnorm,0.09318,1
4096,6144,gpu,9,add,0.09318,1
4096,6144,gpu,10,vllm_ar,0.46797,1
4096,6144,gpu,10,rmsnorm,0.09318,1
4096,6144,gpu,10,add,0.09318,1
4096,6144,gpu,11,vllm_ar,0.45568,1
4096,6144,gpu,11,rmsnorm,0.13619,1
4096,6144,gpu,11,add,0.09421,1
4096,6144,gpu,12,vllm_ar,0.44442,1
4096,6144,gpu,12,rmsnorm,0.09318,1
4096,6144,gpu,12,add,0.09318,1
4096,6144,gpu,13,vllm_ar,0.45875,1
4096,6144,gpu,13,rmsnorm,0.09318,1
4096,6144,gpu,13,add,0.09318,1
4096,6144,gpu,14,vllm_ar,0.44749,1
4096,6144,gpu,14,rmsnorm,0.09318,1
4096,6144,gpu,14,add,0.09318,1
4096,6144,gpu,15,vllm_ar,0.47309,1
4096,6144,gpu,15,rmsnorm,0.09318,1
4096,6144,gpu,15,add,0.09523,1
4096,6144,gpu,16,vllm_ar,0.46592,1
4096,6144,gpu,16,rmsnorm,0.09421,1
4096,6144,gpu,16,add,0.09318,1
4096,6144,gpu,17,vllm_ar,0.45158,1
4096,6144,gpu,17,rmsnorm,0.09216,1
4096,6144,gpu,17,add,0.09318,1
4096,6144,gpu,18,vllm_ar,0.47514,1
4096,6144,gpu,18,rmsnorm,0.09421,1
4096,6144,gpu,18,add,0.09318,1
4096,6144,gpu,19,vllm_ar,0.47309,1
4096,6144,gpu,19,rmsnorm,0.09421,1
4096,6144,gpu,19,add,0.09523,1
4096,6144,gpu,20,vllm_ar,0.47104,1
4096,6144,gpu,20,rmsnorm,0.09421,1
4096,6144,gpu,20,add,0.09318,1
4096,6144,gpu,21,vllm_ar,0.44851,1
4096,6144,gpu,21,rmsnorm,0.09318,1
4096,6144,gpu,21,add,0.09421,1
4096,6144,gpu,22,vllm_ar,0.44954,1
4096,6144,gpu,22,rmsnorm,0.09318,1
4096,6144,gpu,22,add,0.09318,1
4096,6144,gpu,23,vllm_ar,0.48128,1
4096,6144,gpu,23,rmsnorm,0.09421,1
4096,6144,gpu,23,add,0.09421,1
4096,6144,gpu,24,vllm_ar,0.47411,1
4096,6144,gpu,24,rmsnorm,0.09318,1
4096,6144,gpu,24,add,0.09318,1
4096,6144,gpu,25,vllm_ar,0.44339,1
4096,6144,gpu,25,rmsnorm,0.09318,1
4096,6144,gpu,25,add,0.09421,1
4096,6144,gpu,26,vllm_ar,0.46592,1
4096,6144,gpu,26,rmsnorm,0.09318,1
4096,6144,gpu,26,add,0.09318,1
4096,6144,gpu,27,vllm_ar,0.47718,1
4096,6144,gpu,27,rmsnorm,0.09421,1
4096,6144,gpu,27,add,0.09523,1
4096,6144,gpu,28,vllm_ar,0.47514,1
4096,6144,gpu,28,rmsnorm,0.09216,1
4096,6144,gpu,28,add,0.09421,1
4096,6144,gpu,29,vllm_ar,0.45261,1
4096,6144,gpu,29,rmsnorm,0.09318,1
4096,6144,gpu,29,add,0.09318,1
4096,6144,gpu,30,vllm_ar,0.47206,1
4096,6144,gpu,30,rmsnorm,0.09318,1
4096,6144,gpu,30,add,0.09318,1
4096,6144,gpu,31,vllm_ar,0.44339,1
4096,6144,gpu,31,rmsnorm,0.09421,1
4096,6144,gpu,31,add,0.09523,1
4096,6144,gpu,32,vllm_ar,0.46080,1
4096,6144,gpu,32,rmsnorm,0.09216,1
4096,6144,gpu,32,add,0.09318,1
4096,6144,gpu,33,vllm_ar,0.44646,1
4096,6144,gpu,33,rmsnorm,0.09216,1
4096,6144,gpu,33,add,0.09318,1
4096,6144,gpu,34,vllm_ar,0.46899,1
4096,6144,gpu,34,rmsnorm,0.09318,1
4096,6144,gpu,34,add,0.09421,1
4096,6144,gpu,35,vllm_ar,0.47104,1
4096,6144,gpu,35,rmsnorm,0.09421,1
4096,6144,gpu,35,add,0.09421,1
4096,6144,gpu,36,vllm_ar,0.44749,1
4096,6144,gpu,36,rmsnorm,0.09421,1
4096,6144,gpu,36,add,0.09318,1
4096,6144,gpu,37,vllm_ar,0.47002,1
4096,6144,gpu,37,rmsnorm,0.09318,1
4096,6144,gpu,37,add,0.09318,1
4096,6144,gpu,38,vllm_ar,0.46797,1
4096,6144,gpu,38,rmsnorm,0.09318,1
4096,6144,gpu,38,add,0.09318,1
4096,6144,gpu,39,vllm_ar,0.44851,1
4096,6144,gpu,39,rmsnorm,0.09318,1
4096,6144,gpu,39,add,0.09523,1
4096,6144,gpu,40,vllm_ar,0.45773,1
4096,6144,gpu,40,rmsnorm,0.09421,1
4096,6144,gpu,40,add,0.09318,1
4096,6144,gpu,41,vllm_ar,0.44646,1
4096,6144,gpu,41,rmsnorm,0.09318,1
4096,6144,gpu,41,add,0.09318,1
4096,6144,gpu,42,vllm_ar,0.47002,1
4096,6144,gpu,42,rmsnorm,0.09318,1
4096,6144,gpu,42,add,0.09318,1
4096,6144,gpu,43,vllm_ar,0.46899,1
4096,6144,gpu,43,rmsnorm,0.09421,1
4096,6144,gpu,43,add,0.09523,1
4096,6144,gpu,44,vllm_ar,0.47411,1
4096,6144,gpu,44,rmsnorm,0.09421,1
4096,6144,gpu,44,add,0.09318,1
4096,6144,gpu,45,vllm_ar,0.45670,1
4096,6144,gpu,45,rmsnorm,0.09216,1
4096,6144,gpu,45,add,0.09318,1
4096,6144,gpu,46,vllm_ar,0.45875,1
4096,6144,gpu,46,rmsnorm,0.09318,1
4096,6144,gpu,46,add,0.09318,1
4096,6144,gpu,47,vllm_ar,0.46182,1
4096,6144,gpu,47,rmsnorm,0.09421,1
4096,6144,gpu,47,add,0.09421,1
4096,6144,gpu,48,vllm_ar,0.45158,1
4096,6144,gpu,48,rmsnorm,0.09421,1
4096,6144,gpu,48,add,0.09318,1
4096,6144,gpu,49,vllm_ar,0.46592,1
4096,6144,gpu,49,rmsnorm,0.09318,1
4096,6144,gpu,49,add,0.09318,1
4096,6144,gpu,50,vllm_ar,0.45466,1
4096,6144,gpu,50,rmsnorm,0.09318,1
4096,6144,gpu,50,add,0.09421,1
4096,6144,gpu,51,vllm_ar,0.46490,1
4096,6144,gpu,51,rmsnorm,0.09318,1
4096,6144,gpu,51,add,0.09421,1
4096,6144,gpu,52,vllm_ar,0.47002,1
4096,6144,gpu,52,rmsnorm,0.12902,1
4096,6144,gpu,52,add,0.09318,1
4096,6144,gpu,53,vllm_ar,0.47821,1
4096,6144,gpu,53,rmsnorm,0.09318,1
4096,6144,gpu,53,add,0.09318,1
4096,6144,gpu,54,vllm_ar,0.46694,1
4096,6144,gpu,54,rmsnorm,0.09318,1
4096,6144,gpu,54,add,0.09318,1
4096,6144,gpu,55,vllm_ar,0.44544,1
4096,6144,gpu,55,rmsnorm,0.09421,1
4096,6144,gpu,55,add,0.09421,1
4096,6144,gpu,56,vllm_ar,0.46797,1
4096,6144,gpu,56,rmsnorm,0.09421,1
4096,6144,gpu,56,add,0.09318,1
4096,6144,gpu,57,vllm_ar,0.47002,1
4096,6144,gpu,57,rmsnorm,0.09318,1
4096,6144,gpu,57,add,0.09318,1
4096,6144,gpu,58,vllm_ar,0.45056,1
4096,6144,gpu,58,rmsnorm,0.09318,1
4096,6144,gpu,58,add,0.09318,1
4096,6144,gpu,59,vllm_ar,0.47411,1
4096,6144,gpu,59,rmsnorm,0.09318,1
4096,6144,gpu,59,add,0.09523,1
4096,6144,gpu,60,vllm_ar,0.45158,1
4096,6144,gpu,60,rmsnorm,0.09318,1
4096,6144,gpu,60,add,0.09318,1
4096,6144,gpu,61,vllm_ar,0.47206,1
4096,6144,gpu,61,rmsnorm,0.09421,1
4096,6144,gpu,61,add,0.09318,1
4096,6144,gpu,62,vllm_ar,0.45670,1
4096,6144,gpu,62,rmsnorm,0.09216,1
4096,6144,gpu,62,add,0.09318,1
4096,6144,gpu,63,vllm_ar,0.44544,1
4096,6144,gpu,63,rmsnorm,0.09318,1
4096,6144,gpu,63,add,0.09421,1
4096,6144,gpu,64,vllm_ar,0.46797,1
4096,6144,gpu,64,rmsnorm,0.09318,1
4096,6144,gpu,64,add,0.09421,1
4096,6144,gpu,65,vllm_ar,0.47411,1
4096,6144,gpu,65,rmsnorm,0.09318,1
4096,6144,gpu,65,add,0.09318,1
4096,6144,gpu,66,vllm_ar,0.46797,1
4096,6144,gpu,66,rmsnorm,0.09318,1
4096,6144,gpu,66,add,0.09318,1
4096,6144,gpu,67,vllm_ar,0.49562,1
4096,6144,gpu,67,rmsnorm,0.13005,1
4096,6144,gpu,67,add,0.09421,1
4096,6144,gpu,68,vllm_ar,0.48128,1
4096,6144,gpu,68,rmsnorm,0.09523,1
4096,6144,gpu,68,add,0.09318,1
4096,6144,gpu,69,vllm_ar,0.44954,1
4096,6144,gpu,69,rmsnorm,0.09318,1
4096,6144,gpu,69,add,0.09421,1
4096,6144,gpu,70,vllm_ar,0.44851,1
4096,6144,gpu,70,rmsnorm,0.09318,1
4096,6144,gpu,70,add,0.09318,1
4096,6144,gpu,71,vllm_ar,0.49152,1
4096,6144,gpu,71,rmsnorm,0.09318,1
4096,6144,gpu,71,add,0.09421,1
4096,6144,gpu,72,vllm_ar,0.45568,1
4096,6144,gpu,72,rmsnorm,0.09318,1
4096,6144,gpu,72,add,0.09421,1
4096,6144,gpu,73,vllm_ar,0.47104,1
4096,6144,gpu,73,rmsnorm,0.09318,1
4096,6144,gpu,73,add,0.09421,1
4096,6144,gpu,74,vllm_ar,0.43827,1
4096,6144,gpu,74,rmsnorm,0.09216,1
4096,6144,gpu,74,add,0.09421,1
4096,6144,gpu,75,vllm_ar,0.46899,1
4096,6144,gpu,75,rmsnorm,0.09421,1
4096,6144,gpu,75,add,0.09523,1
4096,6144,gpu,76,vllm_ar,0.45978,1
4096,6144,gpu,76,rmsnorm,0.09318,1
4096,6144,gpu,76,add,0.09318,1
4096,6144,gpu,77,vllm_ar,0.48333,1
4096,6144,gpu,77,rmsnorm,0.09318,1
4096,6144,gpu,77,add,0.09421,1
4096,6144,gpu,78,vllm_ar,0.46797,1
4096,6144,gpu,78,rmsnorm,0.09318,1
4096,6144,gpu,78,add,0.09318,1
4096,6144,gpu,79,vllm_ar,0.46490,1
4096,6144,gpu,79,rmsnorm,0.09421,1
4096,6144,gpu,79,add,0.09421,1
4096,6144,gpu,80,vllm_ar,0.45978,1
4096,6144,gpu,80,rmsnorm,0.09318,1
4096,6144,gpu,80,add,0.09421,1
4096,6144,gpu,81,vllm_ar,0.47104,1
4096,6144,gpu,81,rmsnorm,0.09216,1
4096,6144,gpu,81,add,0.09318,1
4096,6144,gpu,82,vllm_ar,0.46182,1
4096,6144,gpu,82,rmsnorm,0.09421,1
4096,6144,gpu,82,add,0.09318,1
4096,6144,gpu,83,vllm_ar,0.44544,1
4096,6144,gpu,83,rmsnorm,0.09318,1
4096,6144,gpu,83,add,0.09421,1
4096,6144,gpu,84,vllm_ar,0.48333,1
4096,6144,gpu,84,rmsnorm,0.09318,1
4096,6144,gpu,84,add,0.09421,1
4096,6144,gpu,85,vllm_ar,0.45158,1
4096,6144,gpu,85,rmsnorm,0.09318,1
4096,6144,gpu,85,add,0.09421,1
4096,6144,gpu,86,vllm_ar,0.45363,1
4096,6144,gpu,86,rmsnorm,0.09318,1
4096,6144,gpu,86,add,0.09318,1
4096,6144,gpu,87,vllm_ar,0.47616,1
4096,6144,gpu,87,rmsnorm,0.09421,1
4096,6144,gpu,87,add,0.09421,1
4096,6144,gpu,88,vllm_ar,0.44646,1
4096,6144,gpu,88,rmsnorm,0.09421,1
4096,6144,gpu,88,add,0.09318,1
4096,6144,gpu,89,vllm_ar,0.45466,1
4096,6144,gpu,89,rmsnorm,0.09318,1
4096,6144,gpu,89,add,0.09318,1
4096,6144,gpu,90,vllm_ar,0.47002,1
4096,6144,gpu,90,rmsnorm,0.09216,1
4096,6144,gpu,90,add,0.09318,1
4096,6144,gpu,91,vllm_ar,0.46899,1
4096,6144,gpu,91,rmsnorm,0.09318,1
4096,6144,gpu,91,add,0.09523,1
4096,6144,gpu,92,vllm_ar,0.45056,1
4096,6144,gpu,92,rmsnorm,0.09318,1
4096,6144,gpu,92,add,0.09421,1
4096,6144,gpu,93,vllm_ar,0.44851,1
4096,6144,gpu,93,rmsnorm,0.09318,1
4096,6144,gpu,93,add,0.09318,1
4096,6144,gpu,94,vllm_ar,0.45670,1
4096,6144,gpu,94,rmsnorm,0.09216,1
4096,6144,gpu,94,add,0.09318,1
4096,6144,gpu,95,vllm_ar,0.47206,1
4096,6144,gpu,95,rmsnorm,0.09318,1
4096,6144,gpu,95,add,0.09523,1
4096,6144,gpu,96,vllm_ar,0.46899,1
4096,6144,gpu,96,rmsnorm,0.09318,1
4096,6144,gpu,96,add,0.09421,1
4096,6144,gpu,97,vllm_ar,0.46694,1
4096,6144,gpu,97,rmsnorm,0.09318,1
4096,6144,gpu,97,add,0.09318,1
4096,6144,gpu,98,vllm_ar,0.45363,1
4096,6144,gpu,98,rmsnorm,0.09318,1
4096,6144,gpu,98,add,0.09318,1
4096,6144,gpu,99,vllm_ar,0.48026,1
4096,6144,gpu,99,rmsnorm,0.09318,1
4096,6144,gpu,99,add,0.09421,1
4096,6144,gpu,100,vllm_ar,0.46899,1
4096,6144,gpu,100,rmsnorm,0.09216,1
4096,6144,gpu,100,add,0.09318,1
4096,6144,gpu,101,vllm_ar,0.45158,1
4096,6144,gpu,101,rmsnorm,0.09216,1
4096,6144,gpu,101,add,0.09318,1
4096,6144,gpu,102,vllm_ar,0.44442,1
4096,6144,gpu,102,rmsnorm,0.09216,1
4096,6144,gpu,102,add,0.09318,1
4096,6144,gpu,103,vllm_ar,0.47309,1
4096,6144,gpu,103,rmsnorm,0.09318,1
4096,6144,gpu,103,add,0.09421,1
4096,6144,gpu,104,vllm_ar,0.45670,1
4096,6144,gpu,104,rmsnorm,0.09216,1
4096,6144,gpu,104,add,0.09318,1
4096,6144,gpu,105,vllm_ar,0.46490,1
4096,6144,gpu,105,rmsnorm,0.09318,1
4096,6144,gpu,105,add,0.09318,1
4096,6144,gpu,106,vllm_ar,0.46694,1
4096,6144,gpu,106,rmsnorm,0.09318,1
4096,6144,gpu,106,add,0.09421,1
4096,6144,gpu,107,vllm_ar,0.45875,1
4096,6144,gpu,107,rmsnorm,0.09421,1
4096,6144,gpu,107,add,0.09421,1
4096,6144,gpu,108,vllm_ar,1.49606,1
4096,6144,gpu,108,rmsnorm,0.09421,1
4096,6144,gpu,108,add,0.09421,1
4096,6144,gpu,109,vllm_ar,0.45568,1
4096,6144,gpu,109,rmsnorm,0.09216,1
4096,6144,gpu,109,add,0.09421,1
4096,6144,gpu,110,vllm_ar,0.44134,1
4096,6144,gpu,110,rmsnorm,0.09318,1
4096,6144,gpu,110,add,0.09318,1
4096,6144,gpu,111,vllm_ar,0.43418,1
4096,6144,gpu,111,rmsnorm,0.09421,1
4096,6144,gpu,111,add,0.09523,1
4096,6144,gpu,112,vllm_ar,0.47309,1
4096,6144,gpu,112,rmsnorm,0.09318,1
4096,6144,gpu,112,add,0.09421,1
4096,6144,gpu,113,vllm_ar,0.46285,1
4096,6144,gpu,113,rmsnorm,0.09318,1
4096,6144,gpu,113,add,0.09318,1
4096,6144,gpu,114,vllm_ar,1.54522,1
4096,6144,gpu,114,rmsnorm,0.09318,1
4096,6144,gpu,114,add,0.09318,1
4096,6144,gpu,115,vllm_ar,0.46899,1
4096,6144,gpu,115,rmsnorm,0.09216,1
4096,6144,gpu,115,add,0.09421,1
4096,6144,gpu,116,vllm_ar,0.48026,1
4096,6144,gpu,116,rmsnorm,0.09318,1
4096,6144,gpu,116,add,0.09421,1
4096,6144,gpu,117,vllm_ar,0.47206,1
4096,6144,gpu,117,rmsnorm,0.09318,1
4096,6144,gpu,117,add,0.09318,1
4096,6144,gpu,118,vllm_ar,0.44032,1
4096,6144,gpu,118,rmsnorm,0.09318,1
4096,6144,gpu,118,add,0.09318,1
4096,6144,gpu,119,vllm_ar,0.44442,1
4096,6144,gpu,119,rmsnorm,0.09421,1
4096,6144,gpu,119,add,0.09421,1
4096,6144,gpu,120,vllm_ar,0.45158,1
4096,6144,gpu,120,rmsnorm,0.09318,1
4096,6144,gpu,120,add,0.09421,1
4096,6144,gpu,121,vllm_ar,0.46080,1
4096,6144,gpu,121,rmsnorm,0.09216,1
4096,6144,gpu,121,add,0.09318,1
4096,6144,gpu,122,vllm_ar,0.48128,1
4096,6144,gpu,122,rmsnorm,0.13312,1
4096,6144,gpu,122,add,0.09421,1
4096,6144,gpu,123,vllm_ar,0.46797,1
4096,6144,gpu,123,rmsnorm,0.09421,1
4096,6144,gpu,123,add,0.09421,1
4096,6144,gpu,124,vllm_ar,0.44237,1
4096,6144,gpu,124,rmsnorm,0.09421,1
4096,6144,gpu,124,add,0.09318,1
4096,6144,gpu,125,vllm_ar,0.47206,1
4096,6144,gpu,125,rmsnorm,0.09318,1
4096,6144,gpu,125,add,0.09318,1
4096,6144,gpu,126,vllm_ar,0.45158,1
4096,6144,gpu,126,rmsnorm,0.09318,1
4096,6144,gpu,126,add,0.09318,1
4096,6144,gpu,127,vllm_ar,0.47514,1
4096,6144,gpu,127,rmsnorm,0.09421,1
4096,6144,gpu,127,add,0.09523,1
4096,6144,gpu,128,vllm_ar,0.44749,1
4096,6144,gpu,128,rmsnorm,0.09318,1
4096,6144,gpu,128,add,0.09421,1
4096,6144,gpu,129,vllm_ar,0.44954,1
4096,6144,gpu,129,rmsnorm,0.09421,1
4096,6144,gpu,129,add,0.09318,1
4096,6144,gpu,130,vllm_ar,0.44646,1
4096,6144,gpu,130,rmsnorm,0.09318,1
4096,6144,gpu,130,add,0.09318,1
4096,6144,gpu,131,vllm_ar,0.46080,1
4096,6144,gpu,131,rmsnorm,0.09318,1
4096,6144,gpu,131,add,0.09523,1
4096,6144,gpu,132,vllm_ar,0.47002,1
4096,6144,gpu,132,rmsnorm,0.09318,1
4096,6144,gpu,132,add,0.09421,1
4096,6144,gpu,133,vllm_ar,0.46797,1
4096,6144,gpu,133,rmsnorm,0.09318,1
4096,6144,gpu,133,add,0.09318,1
4096,6144,gpu,134,vllm_ar,0.45466,1
4096,6144,gpu,134,rmsnorm,0.09318,1
4096,6144,gpu,134,add,0.09318,1
4096,6144,gpu,135,vllm_ar,0.47104,1
4096,6144,gpu,135,rmsnorm,0.09421,1
4096,6144,gpu,135,add,0.09421,1
4096,6144,gpu,136,vllm_ar,0.48947,1
4096,6144,gpu,136,rmsnorm,0.09318,1
4096,6144,gpu,136,add,0.09421,1
4096,6144,gpu,137,vllm_ar,0.44646,1
4096,6144,gpu,137,rmsnorm,0.09318,1
4096,6144,gpu,137,add,0.09318,1
4096,6144,gpu,138,vllm_ar,0.43827,1
4096,6144,gpu,138,rmsnorm,0.09216,1
4096,6144,gpu,138,add,0.09318,1
4096,6144,gpu,139,vllm_ar,0.45670,1
4096,6144,gpu,139,rmsnorm,0.09421,1
4096,6144,gpu,139,add,0.09523,1
4096,6144,gpu,140,vllm_ar,0.45158,1
4096,6144,gpu,140,rmsnorm,0.09421,1
4096,6144,gpu,140,add,0.09318,1
4096,6144,gpu,141,vllm_ar,0.47309,1
4096,6144,gpu,141,rmsnorm,0.09318,1
4096,6144,gpu,141,add,0.09318,1
4096,6144,gpu,142,vllm_ar,0.48026,1
4096,6144,gpu,142,rmsnorm,0.09216,1
4096,6144,gpu,142,add,0.09318,1
4096,6144,gpu,143,vllm_ar,0.44442,1
4096,6144,gpu,143,rmsnorm,0.09318,1
4096,6144,gpu,143,add,0.09421,1
4096,6144,gpu,144,vllm_ar,0.47104,1
4096,6144,gpu,144,rmsnorm,0.09421,1
4096,6144,gpu,144,add,0.09318,1
4096,6144,gpu,145,vllm_ar,0.44749,1
4096,6144,gpu,145,rmsnorm,0.09318,1
4096,6144,gpu,145,add,0.09421,1
4096,6144,gpu,146,vllm_ar,0.45056,1
4096,6144,gpu,146,rmsnorm,0.09318,1
4096,6144,gpu,146,add,0.09318,1
4096,6144,gpu,147,vllm_ar,0.45875,1
4096,6144,gpu,147,rmsnorm,0.09318,1
4096,6144,gpu,147,add,0.09421,1
4096,6144,gpu,148,vllm_ar,0.45670,1
4096,6144,gpu,148,rmsnorm,0.09421,1
4096,6144,gpu,148,add,0.09421,1
4096,6144,gpu,149,vllm_ar,0.45875,1
4096,6144,gpu,149,rmsnorm,0.09318,1
4096,6144,gpu,149,add,0.09318,1
4096,6144,gpu,150,vllm_ar,0.46592,1
4096,6144,gpu,150,rmsnorm,0.09318,1
4096,6144,gpu,150,add,0.09318,1
4096,6144,gpu,151,vllm_ar,0.45363,1
4096,6144,gpu,151,rmsnorm,0.09421,1
4096,6144,gpu,151,add,0.09421,1
4096,6144,gpu,152,vllm_ar,0.46797,1
4096,6144,gpu,152,rmsnorm,0.09318,1
4096,6144,gpu,152,add,0.09318,1
4096,6144,gpu,153,vllm_ar,0.45875,1
4096,6144,gpu,153,rmsnorm,0.09318,1
4096,6144,gpu,153,add,0.09318,1
4096,6144,gpu,154,vllm_ar,0.44851,1
4096,6144,gpu,154,rmsnorm,0.09421,1
4096,6144,gpu,154,add,0.09318,1
4096,6144,gpu,155,vllm_ar,0.46797,1
4096,6144,gpu,155,rmsnorm,0.09318,1
4096,6144,gpu,155,add,0.09421,1
4096,6144,gpu,156,vllm_ar,0.47309,1
4096,6144,gpu,156,rmsnorm,0.09421,1
4096,6144,gpu,156,add,0.09318,1
4096,6144,gpu,157,vllm_ar,0.45978,1
4096,6144,gpu,157,rmsnorm,0.09216,1
4096,6144,gpu,157,add,0.09318,1
4096,6144,gpu,158,vllm_ar,0.44749,1
4096,6144,gpu,158,rmsnorm,0.09318,1
4096,6144,gpu,158,add,0.09421,1
4096,6144,gpu,159,vllm_ar,0.47002,1
4096,6144,gpu,159,rmsnorm,0.09318,1
4096,6144,gpu,159,add,0.09421,1
4096,6144,gpu,160,vllm_ar,0.46490,1
4096,6144,gpu,160,rmsnorm,0.09318,1
4096,6144,gpu,160,add,0.09421,1
4096,6144,gpu,161,vllm_ar,0.44339,1
4096,6144,gpu,161,rmsnorm,0.09216,1
4096,6144,gpu,161,add,0.09318,1
4096,6144,gpu,162,vllm_ar,0.44954,1
4096,6144,gpu,162,rmsnorm,0.09216,1
4096,6144,gpu,162,add,0.09421,1
4096,6144,gpu,163,vllm_ar,0.47309,1
4096,6144,gpu,163,rmsnorm,0.13005,1
4096,6144,gpu,163,add,0.09421,1
4096,6144,gpu,164,vllm_ar,0.44749,1
4096,6144,gpu,164,rmsnorm,0.09421,1
4096,6144,gpu,164,add,0.09318,1
4096,6144,gpu,165,vllm_ar,0.47002,1
4096,6144,gpu,165,rmsnorm,0.09318,1
4096,6144,gpu,165,add,0.09318,1
4096,6144,gpu,166,vllm_ar,0.44237,1
4096,6144,gpu,166,rmsnorm,0.09216,1
4096,6144,gpu,166,add,0.09318,1
4096,6144,gpu,167,vllm_ar,0.44339,1
4096,6144,gpu,167,rmsnorm,0.09318,1
4096,6144,gpu,167,add,0.09421,1
4096,6144,gpu,168,vllm_ar,0.47104,1
4096,6144,gpu,168,rmsnorm,0.09421,1
4096,6144,gpu,168,add,0.09318,1
4096,6144,gpu,169,vllm_ar,0.48026,1
4096,6144,gpu,169,rmsnorm,0.09318,1
4096,6144,gpu,169,add,0.10854,1
4096,6144,gpu,170,vllm_ar,0.44237,1
4096,6144,gpu,170,rmsnorm,0.09318,1
4096,6144,gpu,170,add,0.09318,1
4096,6144,gpu,171,vllm_ar,0.44851,1
4096,6144,gpu,171,rmsnorm,0.09421,1
4096,6144,gpu,171,add,0.09523,1
4096,6144,gpu,172,vllm_ar,0.46694,1
4096,6144,gpu,172,rmsnorm,0.09421,1
4096,6144,gpu,172,add,0.09421,1
4096,6144,gpu,173,vllm_ar,0.47002,1
4096,6144,gpu,173,rmsnorm,0.09318,1
4096,6144,gpu,173,add,0.09318,1
4096,6144,gpu,174,vllm_ar,0.45466,1
4096,6144,gpu,174,rmsnorm,0.09421,1
4096,6144,gpu,174,add,0.09318,1
4096,6144,gpu,175,vllm_ar,0.44237,1
4096,6144,gpu,175,rmsnorm,0.09421,1
4096,6144,gpu,175,add,0.09421,1
4096,6144,gpu,176,vllm_ar,0.47206,1
4096,6144,gpu,176,rmsnorm,0.09318,1
4096,6144,gpu,176,add,0.09318,1
4096,6144,gpu,177,vllm_ar,0.48538,1
4096,6144,gpu,177,rmsnorm,0.09318,1
4096,6144,gpu,177,add,0.10854,1
4096,6144,gpu,178,vllm_ar,0.45056,1
4096,6144,gpu,178,rmsnorm,0.09318,1
4096,6144,gpu,178,add,0.09318,1
4096,6144,gpu,179,vllm_ar,0.47718,1
4096,6144,gpu,179,rmsnorm,0.09318,1
4096,6144,gpu,179,add,0.09421,1
4096,6144,gpu,180,vllm_ar,0.46694,1
4096,6144,gpu,180,rmsnorm,0.09421,1
4096,6144,gpu,180,add,0.09318,1
4096,6144,gpu,181,vllm_ar,0.44646,1
4096,6144,gpu,181,rmsnorm,0.09216,1
4096,6144,gpu,181,add,0.09318,1
4096,6144,gpu,182,vllm_ar,0.44442,1
4096,6144,gpu,182,rmsnorm,0.09318,1
4096,6144,gpu,182,add,0.09318,1
4096,6144,gpu,183,vllm_ar,0.45056,1
4096,6144,gpu,183,rmsnorm,0.09421,1
4096,6144,gpu,183,add,0.09523,1
4096,6144,gpu,184,vllm_ar,0.45363,1
4096,6144,gpu,184,rmsnorm,0.09421,1
4096,6144,gpu,184,add,0.09318,1
4096,6144,gpu,185,vllm_ar,0.44646,1
4096,6144,gpu,185,rmsnorm,0.09318,1
4096,6144,gpu,185,add,0.09318,1
4096,6144,gpu,186,vllm_ar,0.47206,1
4096,6144,gpu,186,rmsnorm,0.09318,1
4096,6144,gpu,186,add,0.09318,1
4096,6144,gpu,187,vllm_ar,0.45466,1
4096,6144,gpu,187,rmsnorm,0.09421,1
4096,6144,gpu,187,add,0.09421,1
4096,6144,gpu,188,vllm_ar,0.45773,1
4096,6144,gpu,188,rmsnorm,0.09318,1
4096,6144,gpu,188,add,0.09318,1
4096,6144,gpu,189,vllm_ar,0.45363,1
4096,6144,gpu,189,rmsnorm,0.09421,1
4096,6144,gpu,189,add,0.09421,1
4096,6144,gpu,190,vllm_ar,0.44442,1
4096,6144,gpu,190,rmsnorm,0.09318,1
4096,6144,gpu,190,add,0.09421,1
4096,6144,gpu,191,vllm_ar,0.44134,1
4096,6144,gpu,191,rmsnorm,0.09421,1
4096,6144,gpu,191,add,0.09421,1
4096,6144,gpu,192,vllm_ar,0.44851,1
4096,6144,gpu,192,rmsnorm,0.09421,1
4096,6144,gpu,192,add,0.09421,1
4096,6144,gpu,193,vllm_ar,0.44646,1
4096,6144,gpu,193,rmsnorm,0.09318,1
4096,6144,gpu,193,add,0.09318,1
4096,6144,gpu,194,vllm_ar,0.45158,1
4096,6144,gpu,194,rmsnorm,0.09216,1
4096,6144,gpu,194,add,0.09318,1
4096,6144,gpu,195,vllm_ar,0.48026,1
4096,6144,gpu,195,rmsnorm,0.09421,1
4096,6144,gpu,195,add,0.09523,1
4096,6144,gpu,196,vllm_ar,0.48230,1
4096,6144,gpu,196,rmsnorm,0.09318,1
4096,6144,gpu,196,add,0.09421,1
4096,6144,gpu,197,vllm_ar,0.47002,1
4096,6144,gpu,197,rmsnorm,0.09318,1
4096,6144,gpu,197,add,0.09318,1
4096,6144,gpu,198,vllm_ar,0.46182,1
4096,6144,gpu,198,rmsnorm,0.09216,1
4096,6144,gpu,198,add,0.09318,1
4096,6144,gpu,199,vllm_ar,0.47002,1
4096,6144,gpu,199,rmsnorm,0.09216,1
4096,6144,gpu,199,add,0.09523,1
4096,6144,steady,0,vllm_ar,0.44179,1
4096,6144,steady,0,rmsnorm,0.09440,1
4096,6144,steady,0,add,0.09037,1
4096,6144,steady,1,vllm_ar,0.43264,1
4096,6144,steady,1,rmsnorm,0.09862,1
4096,6144,steady,1,add,0.09024,1
4096,6144,steady,2,vllm_ar,0.43315,1
4096,6144,steady,2,rmsnorm,0.09830,1
4096,6144,steady,2,add,0.09030,1
4096,6144,steady,3,vllm_ar,0.43418,1
4096,6144,steady,3,rmsnorm,0.09440,1
4096,6144,steady,3,add,0.09056,1
4096,6144,steady,4,vllm_ar,0.43328,1
4096,6144,steady,4,rmsnorm,0.09805,1
4096,6144,steady,4,add,0.09050,1
4096,6144,steady,5,vllm_ar,0.43366,1
4096,6144,steady,5,rmsnorm,0.09626,1
4096,6144,steady,5,add,0.09030,1
4096,6144,steady,6,vllm_ar,0.43443,1
4096,6144,steady,6,rmsnorm,0.09581,1
4096,6144,steady,6,add,0.09018,1
4096,6144,steady,7,vllm_ar,0.43456,1
4096,6144,steady,7,rmsnorm,0.09453,1
4096,6144,steady,7,add,0.09043,1
4096,6144,steady,8,vllm_ar,0.43200,1
4096,6144,steady,8,rmsnorm,0.09606,1
4096,6144,steady,8,add,0.09107,1
4096,6144,steady,9,vllm_ar,0.43450,1
4096,6144,steady,9,rmsnorm,0.09453,1
4096,6144,steady,9,add,0.09024,1
4096,6144,steady,10,vllm_ar,0.43347,1
4096,6144,steady,10,rmsnorm,0.09434,1
4096,6144,steady,10,add,0.09050,1
4096,6144,steady,11,vllm_ar,0.43296,1
4096,6144,steady,11,rmsnorm,0.09555,1
4096,6144,steady,11,add,0.09120,1
4096,6144,steady,12,vllm_ar,0.43296,1
4096,6144,steady,12,rmsnorm,0.09645,1
4096,6144,steady,12,add,0.09037,1
4096,6144,steady,13,vllm_ar,0.43270,1
4096,6144,steady,13,rmsnorm,0.09696,1
4096,6144,steady,13,add,0.09030,1
4096,6144,steady,14,vllm_ar,0.43315,1
4096,6144,steady,14,rmsnorm,0.09696,1
4096,6144,steady,14,add,0.09043,1
4096,6144,steady,15,vllm_ar,0.43283,1
4096,6144,steady,15,rmsnorm,0.09683,1
4096,6144,steady,15,add,0.09037,1
4096,6144,steady,16,vllm_ar,0.43539,1
4096,6144,steady,16,rmsnorm,0.09478,1
4096,6144,steady,16,add,0.09011,1
4096,6144,steady,17,vllm_ar,0.43430,1
4096,6144,steady,17,rmsnorm,0.09549,1
4096,6144,steady,17,add,0.09011,1
4096,6144,steady,18,vllm_ar,0.43245,1
4096,6144,steady,18,rmsnorm,0.09856,1
4096,6144,steady,18,add,0.09005,1
4096,6144,steady,19,vllm_ar,0.43482,1
4096,6144,steady,19,rmsnorm,0.09574,1
4096,6144,steady,19,add,0.09011,1
4096,6144,steady,20,vllm_ar,0.43174,1
4096,6144,steady,20,rmsnorm,0.09446,1
4096,6144,steady,20,add,0.09107,1
4096,6144,steady,21,vllm_ar,0.43322,1
4096,6144,steady,21,rmsnorm,0.09773,1
4096,6144,steady,21,add,0.09011,1
4096,6144,steady,22,vllm_ar,0.43373,1
4096,6144,steady,22,rmsnorm,0.09427,1
4096,6144,steady,22,add,0.09088,1
4096,6144,steady,23,vllm_ar,0.43482,1
4096,6144,steady,23,rmsnorm,0.09594,1
4096,6144,steady,23,add,0.09005,1
4096,6144,steady,24,vllm_ar,0.43405,1
4096,6144,steady,24,rmsnorm,0.09837,1
4096,6144,steady,24,add,0.09030,1
4096,6144,steady,25,vllm_ar,0.43379,1
4096,6144,steady,25,rmsnorm,0.09510,1
4096,6144,steady,25,add,0.09069,1
4096,6144,steady,26,vllm_ar,0.43200,1
4096,6144,steady,26,rmsnorm,0.09414,1
4096,6144,steady,26,add,0.09120,1
4096,6144,steady,27,vllm_ar,0.43482,1
4096,6144,steady,27,rmsnorm,0.09914,1
4096,6144,steady,27,add,0.09056,1
4096,6144,steady,28,vllm_ar,0.43354,1
4096,6144,steady,28,rmsnorm,0.09600,1
4096,6144,steady,28,add,0.09069,1
4096,6144,steady,29,vllm_ar,0.43309,1
4096,6144,steady,29,rmsnorm,0.09434,1
4096,6144,steady,29,add,0.09094,1
4096,6144,steady,30,vllm_ar,0.43258,1
4096,6144,steady,30,rmsnorm,0.09747,1
4096,6144,steady,30,add,0.09050,1
4096,6144,steady,31,vllm_ar,0.43142,1
4096,6144,steady,31,rmsnorm,0.09722,1
4096,6144,steady,31,add,0.09037,1
4096,6144,steady,32,vllm_ar,0.43590,1
4096,6144,steady,32,rmsnorm,0.09562,1
4096,6144,steady,32,add,0.09011,1
4096,6144,steady,33,vllm_ar,0.43226,1
4096,6144,steady,33,rmsnorm,0.09798,1
4096,6144,steady,33,add,0.09037,1
4096,6144,steady,34,vllm_ar,0.43462,1
4096,6144,steady,34,rmsnorm,0.09542,1
4096,6144,steady,34,add,0.09024,1
4096,6144,steady,35,vllm_ar,0.43398,1
4096,6144,steady,35,rmsnorm,0.09459,1
4096,6144,steady,35,add,0.09037,1
4096,6144,steady,36,vllm_ar,0.43654,1
4096,6144,steady,36,rmsnorm,0.09600,1
4096,6144,steady,36,add,0.09005,1
4096,6144,steady,37,vllm_ar,0.43296,1
4096,6144,steady,37,rmsnorm,0.09850,1
4096,6144,steady,37,add,0.09018,1
4096,6144,steady,38,vllm_ar,0.43334,1
4096,6144,steady,38,rmsnorm,0.09587,1
4096,6144,steady,38,add,0.09088,1
4096,6144,steady,39,vllm_ar,0.43354,1
4096,6144,steady,39,rmsnorm,0.09434,1
4096,6144,steady,39,add,0.09094,1
4096,6144,steady,40,vllm_ar,0.43514,1
4096,6144,steady,40,rmsnorm,0.09542,1
4096,6144,steady,40,add,0.08998,1
4096,6144,steady,41,vllm_ar,0.43462,1
4096,6144,steady,41,rmsnorm,0.09581,1
4096,6144,steady,41,add,0.09037,1
4096,6144,steady,42,vllm_ar,0.43610,1
4096,6144,steady,42,rmsnorm,0.09568,1
4096,6144,steady,42,add,0.09024,1
4096,6144,steady,43,vllm_ar,0.43245,1
4096,6144,steady,43,rmsnorm,0.09414,1
4096,6144,steady,43,add,0.09126,1
4096,6144,steady,44,vllm_ar,0.43302,1
4096,6144,steady,44,rmsnorm,0.09811,1
4096,6144,steady,44,add,0.09043,1
4096,6144,steady,45,vllm_ar,0.43501,1
4096,6144,steady,45,rmsnorm,0.09478,1
4096,6144,steady,45,add,0.09037,1
4096,6144,steady,46,vllm_ar,0.43456,1
4096,6144,steady,46,rmsnorm,0.09562,1
4096,6144,steady,46,add,0.09018,1
4096,6144,steady,47,vllm_ar,0.43475,1
4096,6144,steady,47,rmsnorm,0.09664,1
4096,6144,steady,47,add,0.09043,1
4096,6144,steady,48,vllm_ar,0.43456,1
4096,6144,steady,48,rmsnorm,0.09613,1
4096,6144,steady,48,add,0.09024,1
4096,6144,steady,49,vllm_ar,0.43290,1
4096,6144,steady,49,rmsnorm,0.09542,1
4096,6144,steady,49,add,0.09114,1
4096,6144,steady,50,vllm_ar,0.43283,1
4096,6144,steady,50,rmsnorm,0.09709,1
4096,6144,steady,50,add,0.09024,1
4096,6144,steady,51,vllm_ar,0.43130,1
4096,6144,steady,51,rmsnorm,0.09683,1
4096,6144,steady,51,add,0.09024,1
4096,6144,steady,52,vllm_ar,0.43501,1
4096,6144,steady,52,rmsnorm,0.09414,1
4096,6144,steady,52,add,0.09056,1
4096,6144,steady,53,vllm_ar,0.43168,1
4096,6144,steady,53,rmsnorm,0.09453,1
4096,6144,steady,53,add,0.09146,1
4096,6144,steady,54,vllm_ar,0.43232,1
4096,6144,steady,54,rmsnorm,0.09434,1
4096,6144,steady,54,add,0.09101,1
4096,6144,steady,55,vllm_ar,0.43405,1
4096,6144,steady,55,rmsnorm,0.09434,1
4096,6144,steady,55,add,0.09037,1
4096,6144,steady,56,vllm_ar,0.43443,1
4096,6144,steady,56,rmsnorm,0.09421,1
4096,6144,steady,56,add,0.09024,1
4096,6144,steady,57,vllm_ar,0.43533,1
4096,6144,steady,57,rmsnorm,0.09434,1
4096,6144,steady,57,add,0.09037,1
4096,6144,steady,58,vllm_ar,0.43514,1
4096,6144,steady,58,rmsnorm,0.09613,1
4096,6144,steady,58,add,0.09107,1
4096,6144,steady,59,vllm_ar,0.43091,1
4096,6144,steady,59,rmsnorm,0.09683,1
4096,6144,steady,59,add,0.09011,1
4096,6144,steady,60,vllm_ar,0.43302,1
4096,6144,steady,60,rmsnorm,0.09555,1
4096,6144,steady,60,add,0.09107,1
4096,6144,steady,61,vllm_ar,0.43258,1
4096,6144,steady,61,rmsnorm,0.09683,1
4096,6144,steady,61,add,0.09037,1
4096,6144,steady,62,vllm_ar,0.43162,1
4096,6144,steady,62,rmsnorm,0.09466,1
4096,6144,steady,62,add,0.09094,1
4096,6144,steady,63,vllm_ar,0.43187,1
4096,6144,steady,63,rmsnorm,0.09427,1
4096,6144,steady,63,add,0.09139,1
4096,6144,steady,64,vllm_ar,0.43405,1
4096,6144,steady,64,rmsnorm,0.09536,1
4096,6144,steady,64,add,0.09011,1
4096,6144,steady,65,vllm_ar,0.43232,1
4096,6144,steady,65,rmsnorm,0.09440,1
4096,6144,steady,65,add,0.09120,1
4096,6144,steady,66,vllm_ar,0.43405,1
4096,6144,steady,66,rmsnorm,0.09626,1
4096,6144,steady,66,add,0.09133,1
4096,6144,steady,67,vllm_ar,0.43430,1
4096,6144,steady,67,rmsnorm,0.09414,1
4096,6144,steady,67,add,0.09062,1
4096,6144,steady,68,vllm_ar,0.43232,1
4096,6144,steady,68,rmsnorm,0.09843,1
4096,6144,steady,68,add,0.08998,1
4096,6144,steady,69,vllm_ar,0.43309,1
4096,6144,steady,69,rmsnorm,0.09434,1
4096,6144,steady,69,add,0.09082,1
4096,6144,steady,70,vllm_ar,0.43341,1
4096,6144,steady,70,rmsnorm,0.09837,1
4096,6144,steady,70,add,0.09030,1
4096,6144,steady,71,vllm_ar,0.43520,1
4096,6144,steady,71,rmsnorm,0.09498,1
4096,6144,steady,71,add,0.09043,1
4096,6144,steady,72,vllm_ar,0.43386,1
4096,6144,steady,72,rmsnorm,0.09459,1
4096,6144,steady,72,add,0.09024,1
4096,6144,steady,73,vllm_ar,0.43578,1
4096,6144,steady,73,rmsnorm,0.09414,1
4096,6144,steady,73,add,0.09043,1
4096,6144,steady,74,vllm_ar,0.43539,1
4096,6144,steady,74,rmsnorm,0.09421,1
4096,6144,steady,74,add,0.09037,1
4096,6144,steady,75,vllm_ar,0.43206,1
4096,6144,steady,75,rmsnorm,0.09440,1
4096,6144,steady,75,add,0.09101,1
4096,6144,steady,76,vllm_ar,0.43405,1
4096,6144,steady,76,rmsnorm,0.09562,1
4096,6144,steady,76,add,0.09190,1
4096,6144,steady,77,vllm_ar,0.43360,1
4096,6144,steady,77,rmsnorm,0.09715,1
4096,6144,steady,77,add,0.09018,1
4096,6144,steady,78,vllm_ar,0.43123,1
4096,6144,steady,78,rmsnorm,0.09478,1
4096,6144,steady,78,add,0.09101,1
4096,6144,steady,79,vllm_ar,0.43245,1
4096,6144,steady,79,rmsnorm,0.09478,1
4096,6144,steady,79,add,0.09107,1
4096,6144,steady,80,vllm_ar,0.43514,1
4096,6144,steady,80,rmsnorm,0.09587,1
4096,6144,steady,80,add,0.09126,1
4096,6144,steady,81,vllm_ar,0.43514,1
4096,6144,steady,81,rmsnorm,0.09568,1
4096,6144,steady,81,add,0.09018,1
4096,6144,steady,82,vllm_ar,0.43219,1
4096,6144,steady,82,rmsnorm,0.09408,1
4096,6144,steady,82,add,0.09120,1
4096,6144,steady,83,vllm_ar,0.43162,1
4096,6144,steady,83,rmsnorm,0.09830,1
4096,6144,steady,83,add,0.09024,1
4096,6144,steady,84,vllm_ar,0.43341,1
4096,6144,steady,84,rmsnorm,0.09875,1
4096,6144,steady,84,add,0.09037,1
4096,6144,steady,85,vllm_ar,0.43386,1
4096,6144,steady,85,rmsnorm,0.09722,1
4096,6144,steady,85,add,0.08998,1
4096,6144,steady,86,vllm_ar,0.43258,1
4096,6144,steady,86,rmsnorm,0.09754,1
4096,6144,steady,86,add,0.09018,1
4096,6144,steady,87,vllm_ar,0.43392,1
4096,6144,steady,87,rmsnorm,0.09798,1
4096,6144,steady,87,add,0.09037,1
4096,6144,steady,88,vllm_ar,0.43494,1
4096,6144,steady,88,rmsnorm,0.09664,1
4096,6144,steady,88,add,0.09043,1
4096,6144,steady,89,vllm_ar,0.43296,1
4096,6144,steady,89,rmsnorm,0.09811,1
4096,6144,steady,89,add,0.09018,1
4096,6144,steady,90,vllm_ar,0.43629,1
4096,6144,steady,90,rmsnorm,0.09600,1
4096,6144,steady,90,add,0.09011,1
4096,6144,steady,91,vllm_ar,0.43283,1
4096,6144,steady,91,rmsnorm,0.09549,1
4096,6144,steady,91,add,0.09133,1
4096,6144,steady,92,vllm_ar,0.43354,1
4096,6144,steady,92,rmsnorm,0.09568,1
4096,6144,steady,92,add,0.09114,1
4096,6144,steady,93,vllm_ar,0.43187,1
4096,6144,steady,93,rmsnorm,0.09555,1
4096,6144,steady,93,add,0.09101,1
4096,6144,steady,94,vllm_ar,0.43469,1
4096,6144,steady,94,rmsnorm,0.09562,1
4096,6144,steady,94,add,0.09018,1
4096,6144,steady,95,vllm_ar,0.43418,1
4096,6144,steady,95,rmsnorm,0.09549,1
4096,6144,steady,95,add,0.09024,1
4096,6144,steady,96,vllm_ar,0.43187,1
4096,6144,steady,96,rmsnorm,0.09862,1
4096,6144,steady,96,add,0.09011,1
4096,6144,steady,97,vllm_ar,0.43405,1
4096,6144,steady,97,rmsnorm,0.09530,1
4096,6144,steady,97,add,0.09005,1
4096,6144,steady,98,vllm_ar,0.43302,1
4096,6144,steady,98,rmsnorm,0.09798,1
4096,6144,steady,98,add,0.09037,1
4096,6144,steady,99,vllm_ar,0.43347,1
4096,6144,steady,99,rmsnorm,0.09549,1
4096,6144,steady,99,add,0.09011,1
8192,6144,gpu,0,vllm_ar,0.83251,1
8192,6144,gpu,0,rmsnorm,0.17203,1
8192,6144,gpu,0,add,0.18125,1
8192,6144,gpu,1,vllm_ar,0.84685,1
8192,6144,gpu,1,rmsnorm,0.17408,1
8192,6144,gpu,1,add,0.18125,1
8192,6144,gpu,2,vllm_ar,0.84582,1
8192,6144,gpu,2,rmsnorm,0.17203,1
8192,6144,gpu,2,add,0.18125,1
8192,6144,gpu,3,vllm_ar,0.83866,1
8192,6144,gpu,3,rmsnorm,0.17203,1
8192,6144,gpu,3,add,0.18125,1
8192,6144,gpu,4,vllm_ar,0.83763,1
8192,6144,gpu,4,rmsnorm,0.17203,1
8192,6144,gpu,4,add,0.18125,1
8192,6144,gpu,5,vllm_ar,0.83558,1
8192,6144,gpu,5,rmsnorm,0.17203,1
8192,6144,gpu,5,add,0.18330,1
8192,6144,gpu,6,vllm_ar,0.83456,1
8192,6144,gpu,6,rmsnorm,0.17306,1
8192,6144,gpu,6,add,0.18125,1
8192,6144,gpu,7,vllm_ar,0.84070,1
8192,6144,gpu,7,rmsnorm,0.17306,1
8192,6144,gpu,7,add,0.18125,1
8192,6144,gpu,8,vllm_ar,0.83354,1
8192,6144,gpu,8,rmsnorm,0.17203,1
8192,6144,gpu,8,add,0.18022,1
8192,6144,gpu,9,vllm_ar,0.83763,1
8192,6144,gpu,9,rmsnorm,0.17203,1
8192,6144,gpu,9,add,0.18125,1
8192,6144,gpu,10,vllm_ar,0.83558,1
8192,6144,gpu,10,rmsnorm,0.17408,1
8192,6144,gpu,10,add,0.18022,1
8192,6144,gpu,11,vllm_ar,0.83558,1
8192,6144,gpu,11,rmsnorm,0.17306,1
8192,6144,gpu,11,add,0.18022,1
8192,6144,gpu,12,vllm_ar,0.84890,1
8192,6144,gpu,12,rmsnorm,0.17306,1
8192,6144,gpu,12,add,0.18022,1
8192,6144,gpu,13,vllm_ar,0.83968,1
8192,6144,gpu,13,rmsnorm,0.17203,1
8192,6144,gpu,13,add,0.18125,1
8192,6144,gpu,14,vllm_ar,0.83763,1
8192,6144,gpu,14,rmsnorm,0.17203,1
8192,6144,gpu,14,add,0.18227,1
8192,6144,gpu,15,vllm_ar,0.83661,1
8192,6144,gpu,15,rmsnorm,0.17203,1
8192,6144,gpu,15,add,0.18125,1
8192,6144,gpu,16,vllm_ar,0.83354,1
8192,6144,gpu,16,rmsnorm,0.17306,1
8192,6144,gpu,16,add,0.18022,1
8192,6144,gpu,17,vllm_ar,0.85504,1
8192,6144,gpu,17,rmsnorm,0.17408,1
8192,6144,gpu,17,add,0.18227,1
8192,6144,gpu,18,vllm_ar,0.85504,1
8192,6144,gpu,18,rmsnorm,0.17203,1
8192,6144,gpu,18,add,0.18125,1
8192,6144,gpu,19,vllm_ar,0.83149,1
8192,6144,gpu,19,rmsnorm,0.17203,1
8192,6144,gpu,19,add,0.18125,1
8192,6144,gpu,20,vllm_ar,0.82842,1
8192,6144,gpu,20,rmsnorm,0.17203,1
8192,6144,gpu,20,add,0.18125,1
8192,6144,gpu,21,vllm_ar,0.82534,1
8192,6144,gpu,21,rmsnorm,0.17510,1
8192,6144,gpu,21,add,0.18227,1
8192,6144,gpu,22,vllm_ar,1.58310,1
8192,6144,gpu,22,rmsnorm,0.17306,1
8192,6144,gpu,22,add,0.18125,1
8192,6144,gpu,23,vllm_ar,0.83251,1
8192,6144,gpu,23,rmsnorm,0.17306,1
8192,6144,gpu,23,add,0.18125,1
8192,6144,gpu,24,vllm_ar,0.82534,1
8192,6144,gpu,24,rmsnorm,0.17203,1
8192,6144,gpu,24,add,0.18022,1
8192,6144,gpu,25,vllm_ar,0.82125,1
8192,6144,gpu,25,rmsnorm,0.17203,1
8192,6144,gpu,25,add,0.18227,1
8192,6144,gpu,26,vllm_ar,0.83251,1
8192,6144,gpu,26,rmsnorm,0.17203,1
8192,6144,gpu,26,add,0.18125,1
8192,6144,gpu,27,vllm_ar,0.83149,1
8192,6144,gpu,27,rmsnorm,0.17203,1
8192,6144,gpu,27,add,0.18125,1
8192,6144,gpu,28,vllm_ar,0.82637,1
8192,6144,gpu,28,rmsnorm,0.17306,1
8192,6144,gpu,28,add,0.18022,1
8192,6144,gpu,29,vllm_ar,0.84070,1
8192,6144,gpu,29,rmsnorm,0.17306,1
8192,6144,gpu,29,add,0.18227,1
8192,6144,gpu,30,vllm_ar,0.83354,1
8192,6144,gpu,30,rmsnorm,0.17408,1
8192,6144,gpu,30,add,0.18125,1
8192,6144,gpu,31,vllm_ar,0.83456,1
8192,6144,gpu,31,rmsnorm,0.17203,1
8192,6144,gpu,31,add,0.18125,1
8192,6144,gpu,32,vllm_ar,0.84787,1
8192,6144,gpu,32,rmsnorm,0.17306,1
8192,6144,gpu,32,add,0.18125,1
8192,6144,gpu,33,vllm_ar,0.84173,1
8192,6144,gpu,33,rmsnorm,0.17306,1
8192,6144,gpu,33,add,0.18227,1
8192,6144,gpu,34,vllm_ar,0.83046,1
8192,6144,gpu,34,rmsnorm,0.17408,1
8192,6144,gpu,34,add,0.18125,1
8192,6144,gpu,35,vllm_ar,0.83149,1
8192,6144,gpu,35,rmsnorm,0.17408,1
8192,6144,gpu,35,add,0.18125,1
8192,6144,gpu,36,vllm_ar,0.84173,1
8192,6144,gpu,36,rmsnorm,0.17306,1
8192,6144,gpu,36,add,0.18022,1
8192,6144,gpu,37,vllm_ar,0.83456,1
8192,6144,gpu,37,rmsnorm,0.17306,1
8192,6144,gpu,37,add,0.18227,1
8192,6144,gpu,38,vllm_ar,0.83968,1
8192,6144,gpu,38,rmsnorm,0.17408,1
8192,6144,gpu,38,add,0.18125,1
8192,6144,gpu,39,vllm_ar,0.82944,1
8192,6144,gpu,39,rmsnorm,0.17203,1
8192,6144,gpu,39,add,0.18125,1
8192,6144,gpu,40,vllm_ar,0.83354,1
8192,6144,gpu,40,rmsnorm,0.17306,1
8192,6144,gpu,40,add,0.18125,1
8192,6144,gpu,41,vllm_ar,0.83866,1
8192,6144,gpu,41,rmsnorm,0.17306,1
8192,6144,gpu,41,add,0.18227,1
8192,6144,gpu,42,vllm_ar,0.83456,1
8192,6144,gpu,42,rmsnorm,0.17203,1
8192,6144,gpu,42,add,0.18125,1
8192,6144,gpu,43,vllm_ar,0.83661,1
8192,6144,gpu,43,rmsnorm,0.17203,1
8192,6144,gpu,43,add,0.18125,1
8192,6144,gpu,44,vllm_ar,0.83046,1
8192,6144,gpu,44,rmsnorm,0.17203,1
8192,6144,gpu,44,add,0.18125,1
8192,6144,gpu,45,vllm_ar,0.83763,1
8192,6144,gpu,45,rmsnorm,0.17408,1
8192,6144,gpu,45,add,0.18125,1
8192,6144,gpu,46,vllm_ar,0.82125,1
8192,6144,gpu,46,rmsnorm,0.17306,1
8192,6144,gpu,46,add,0.18022,1
8192,6144,gpu,47,vllm_ar,0.84275,1
8192,6144,gpu,47,rmsnorm,0.17306,1
8192,6144,gpu,47,add,0.18125,1
8192,6144,gpu,48,vllm_ar,0.84582,1
8192,6144,gpu,48,rmsnorm,0.17203,1
8192,6144,gpu,48,add,0.18227,1
8192,6144,gpu,49,vllm_ar,0.83558,1
8192,6144,gpu,49,rmsnorm,0.17408,1
8192,6144,gpu,49,add,0.18125,1
8192,6144,gpu,50,vllm_ar,0.85197,1
8192,6144,gpu,50,rmsnorm,0.17306,1
8192,6144,gpu,50,add,0.18125,1
8192,6144,gpu,51,vllm_ar,0.84070,1
8192,6144,gpu,51,rmsnorm,0.17306,1
8192,6144,gpu,51,add,0.18125,1
8192,6144,gpu,52,vllm_ar,0.83558,1
8192,6144,gpu,52,rmsnorm,0.17203,1
8192,6144,gpu,52,add,0.18125,1
8192,6144,gpu,53,vllm_ar,0.84787,1
8192,6144,gpu,53,rmsnorm,0.17408,1
8192,6144,gpu,53,add,0.19456,1
8192,6144,gpu,54,vllm_ar,0.83354,1
8192,6144,gpu,54,rmsnorm,0.17510,1
8192,6144,gpu,54,add,0.18022,1
8192,6144,gpu,55,vllm_ar,0.83968,1
8192,6144,gpu,55,rmsnorm,0.17203,1
8192,6144,gpu,55,add,0.18227,1
8192,6144,gpu,56,vllm_ar,0.84070,1
8192,6144,gpu,56,rmsnorm,0.17306,1
8192,6144,gpu,56,add,0.18022,1
8192,6144,gpu,57,vllm_ar,0.83558,1
8192,6144,gpu,57,rmsnorm,0.17203,1
8192,6144,gpu,57,add,0.18125,1
8192,6144,gpu,58,vllm_ar,0.87142,1
8192,6144,gpu,58,rmsnorm,0.17408,1
8192,6144,gpu,58,add,0.18125,1
8192,6144,gpu,59,vllm_ar,0.83661,1
8192,6144,gpu,59,rmsnorm,0.17306,1
8192,6144,gpu,59,add,0.18125,1
8192,6144,gpu,60,vllm_ar,0.83149,1
8192,6144,gpu,60,rmsnorm,0.17306,1
8192,6144,gpu,60,add,0.18022,1
8192,6144,gpu,61,vllm_ar,0.82739,1
8192,6144,gpu,61,rmsnorm,0.17306,1
8192,6144,gpu,61,add,0.18227,1
8192,6144,gpu,62,vllm_ar,0.83558,1
8192,6144,gpu,62,rmsnorm,0.17408,1
8192,6144,gpu,62,add,0.18125,1
8192,6144,gpu,63,vllm_ar,0.83149,1
8192,6144,gpu,63,rmsnorm,0.17203,1
8192,6144,gpu,63,add,0.18125,1
8192,6144,gpu,64,vllm_ar,0.83149,1
8192,6144,gpu,64,rmsnorm,0.17203,1
8192,6144,gpu,64,add,0.18125,1
8192,6144,gpu,65,vllm_ar,1.49606,1
8192,6144,gpu,65,rmsnorm,0.17203,1
8192,6144,gpu,65,add,0.18227,1
8192,6144,gpu,66,vllm_ar,0.83558,1
8192,6144,gpu,66,rmsnorm,0.17408,1
8192,6144,gpu,66,add,0.18125,1
8192,6144,gpu,67,vllm_ar,0.83968,1
8192,6144,gpu,67,rmsnorm,0.17306,1
8192,6144,gpu,67,add,0.18125,1
8192,6144,gpu,68,vllm_ar,0.82432,1
8192,6144,gpu,68,rmsnorm,0.17203,1
8192,6144,gpu,68,add,0.18125,1
8192,6144,gpu,69,vllm_ar,0.84070,1
8192,6144,gpu,69,rmsnorm,0.17408,1
8192,6144,gpu,69,add,0.18125,1
8192,6144,gpu,70,vllm_ar,0.83661,1
8192,6144,gpu,70,rmsnorm,0.17306,1
8192,6144,gpu,70,add,0.18022,1
8192,6144,gpu,71,vllm_ar,0.83763,1
8192,6144,gpu,71,rmsnorm,0.17203,1
8192,6144,gpu,71,add,0.18125,1
8192,6144,gpu,72,vllm_ar,0.82227,1
8192,6144,gpu,72,rmsnorm,0.17306,1
8192,6144,gpu,72,add,0.18227,1
8192,6144,gpu,73,vllm_ar,0.82739,1
8192,6144,gpu,73,rmsnorm,0.17306,1
8192,6144,gpu,73,add,0.18125,1
8192,6144,gpu,74,vllm_ar,0.84070,1
8192,6144,gpu,74,rmsnorm,0.17408,1
8192,6144,gpu,74,add,0.18125,1
8192,6144,gpu,75,vllm_ar,0.84378,1
8192,6144,gpu,75,rmsnorm,0.17306,1
8192,6144,gpu,75,add,0.18125,1
8192,6144,gpu,76,vllm_ar,0.82330,1
8192,6144,gpu,76,rmsnorm,0.17203,1
8192,6144,gpu,76,add,0.18125,1
8192,6144,gpu,77,vllm_ar,0.85299,1
8192,6144,gpu,77,rmsnorm,0.17306,1
8192,6144,gpu,77,add,0.18227,1
8192,6144,gpu,78,vllm_ar,0.83149,1
8192,6144,gpu,78,rmsnorm,0.17408,1
8192,6144,gpu,78,add,0.18125,1
8192,6144,gpu,79,vllm_ar,0.82739,1
8192,6144,gpu,79,rmsnorm,0.17306,1
8192,6144,gpu,79,add,0.18022,1
8192,6144,gpu,80,vllm_ar,0.83046,1
8192,6144,gpu,80,rmsnorm,0.17408,1
8192,6144,gpu,80,add,0.18125,1
8192,6144,gpu,81,vllm_ar,0.83354,1
8192,6144,gpu,81,rmsnorm,0.17408,1
8192,6144,gpu,81,add,0.18227,1
8192,6144,gpu,82,vllm_ar,0.83661,1
8192,6144,gpu,82,rmsnorm,0.17203,1
8192,6144,gpu,82,add,0.18125,1
8192,6144,gpu,83,vllm_ar,0.83968,1
8192,6144,gpu,83,rmsnorm,0.17408,1
8192,6144,gpu,83,add,0.18022,1
8192,6144,gpu,84,vllm_ar,0.83968,1
8192,6144,gpu,84,rmsnorm,0.17203,1
8192,6144,gpu,84,add,0.18125,1
8192,6144,gpu,85,vllm_ar,0.83763,1
8192,6144,gpu,85,rmsnorm,0.17306,1
8192,6144,gpu,85,add,0.18227,1
8192,6144,gpu,86,vllm_ar,0.83354,1
8192,6144,gpu,86,rmsnorm,0.17306,1
8192,6144,gpu,86,add,0.18125,1
8192,6144,gpu,87,vllm_ar,0.83354,1
8192,6144,gpu,87,rmsnorm,0.17306,1
8192,6144,gpu,87,add,0.18022,1
8192,6144,gpu,88,vllm_ar,0.83046,1
8192,6144,gpu,88,rmsnorm,0.17306,1
8192,6144,gpu,88,add,0.18125,1
8192,6144,gpu,89,vllm_ar,0.82842,1
8192,6144,gpu,89,rmsnorm,0.17203,1
8192,6144,gpu,89,add,0.18227,1
8192,6144,gpu,90,vllm_ar,0.83968,1
8192,6144,gpu,90,rmsnorm,0.17203,1
8192,6144,gpu,90,add,0.19149,1
8192,6144,gpu,91,vllm_ar,0.83354,1
8192,6144,gpu,91,rmsnorm,0.17408,1
8192,6144,gpu,91,add,0.18125,1
8192,6144,gpu,92,vllm_ar,0.84685,1
8192,6144,gpu,92,rmsnorm,0.17203,1
8192,6144,gpu,92,add,0.18125,1
8192,6144,gpu,93,vllm_ar,0.83354,1
8192,6144,gpu,93,rmsnorm,0.17613,1
8192,6144,gpu,93,add,0.18227,1
8192,6144,gpu,94,vllm_ar,0.83763,1
8192,6144,gpu,94,rmsnorm,0.17203,1
8192,6144,gpu,94,add,0.18125,1
8192,6144,gpu,95,vllm_ar,0.84070,1
8192,6144,gpu,95,rmsnorm,0.17203,1
8192,6144,gpu,95,add,0.18022,1
8192,6144,gpu,96,vllm_ar,0.83968,1
8192,6144,gpu,96,rmsnorm,0.17306,1
8192,6144,gpu,96,add,0.18022,1
8192,6144,gpu,97,vllm_ar,0.82739,1
8192,6144,gpu,97,rmsnorm,0.17408,1
8192,6144,gpu,97,add,0.18125,1
8192,6144,gpu,98,vllm_ar,0.84378,1
8192,6144,gpu,98,rmsnorm,0.17306,1
8192,6144,gpu,98,add,0.18125,1
8192,6144,gpu,99,vllm_ar,0.82739,1
8192,6144,gpu,99,rmsnorm,0.17306,1
8192,6144,gpu,99,add,0.18125,1
8192,6144,gpu,100,vllm_ar,0.84070,1
8192,6144,gpu,100,rmsnorm,0.17203,1
8192,6144,gpu,100,add,0.18125,1
8192,6144,gpu,101,vllm_ar,1.06086,1
8192,6144,gpu,101,rmsnorm,0.17306,1
8192,6144,gpu,101,add,0.18227,1
8192,6144,gpu,102,vllm_ar,0.83046,1
8192,6144,gpu,102,rmsnorm,0.17306,1
8192,6144,gpu,102,add,0.18125,1
8192,6144,gpu,103,vllm_ar,0.83558,1
8192,6144,gpu,103,rmsnorm,0.17408,1
8192,6144,gpu,103,add,0.18125,1
8192,6144,gpu,104,vllm_ar,0.83456,1
8192,6144,gpu,104,rmsnorm,0.17203,1
8192,6144,gpu,104,add,0.18022,1
8192,6144,gpu,105,vllm_ar,0.83866,1
8192,6144,gpu,105,rmsnorm,0.17203,1
8192,6144,gpu,105,add,0.18227,1
8192,6144,gpu,106,vllm_ar,0.83354,1
8192,6144,gpu,106,rmsnorm,0.17408,1
8192,6144,gpu,106,add,0.18125,1
8192,6144,gpu,107,vllm_ar,0.84787,1
8192,6144,gpu,107,rmsnorm,0.17203,1
8192,6144,gpu,107,add,0.18022,1
8192,6144,gpu,108,vllm_ar,0.82432,1
8192,6144,gpu,108,rmsnorm,0.18842,1
8192,6144,gpu,108,add,0.18022,1
8192,6144,gpu,109,vllm_ar,0.83251,1
8192,6144,gpu,109,rmsnorm,0.17203,1
8192,6144,gpu,109,add,0.18125,1
8192,6144,gpu,110,vllm_ar,0.86221,1
8192,6144,gpu,110,rmsnorm,0.17306,1
8192,6144,gpu,110,add,0.18125,1
8192,6144,gpu,111,vllm_ar,0.84173,1
8192,6144,gpu,111,rmsnorm,0.17203,1
8192,6144,gpu,111,add,0.18022,1
8192,6144,gpu,112,vllm_ar,0.82330,1
8192,6144,gpu,112,rmsnorm,0.17306,1
8192,6144,gpu,112,add,0.18022,1
8192,6144,gpu,113,vllm_ar,0.83866,1
8192,6144,gpu,113,rmsnorm,0.17408,1
8192,6144,gpu,113,add,0.18227,1
8192,6144,gpu,114,vllm_ar,0.83149,1
8192,6144,gpu,114,rmsnorm,0.17306,1
8192,6144,gpu,114,add,0.18125,1
8192,6144,gpu,115,vllm_ar,0.83149,1
8192,6144,gpu,115,rmsnorm,0.17203,1
8192,6144,gpu,115,add,0.18022,1
8192,6144,gpu,116,vllm_ar,0.83251,1
8192,6144,gpu,116,rmsnorm,0.17203,1
8192,6144,gpu,116,add,0.18125,1
8192,6144,gpu,117,vllm_ar,0.82944,1
8192,6144,gpu,117,rmsnorm,0.17510,1
8192,6144,gpu,117,add,0.18125,1
8192,6144,gpu,118,vllm_ar,0.82534,1
8192,6144,gpu,118,rmsnorm,0.17306,1
8192,6144,gpu,118,add,0.18125,1
8192,6144,gpu,119,vllm_ar,0.82637,1
8192,6144,gpu,119,rmsnorm,0.17306,1
8192,6144,gpu,119,add,0.18125,1
8192,6144,gpu,120,vllm_ar,0.84378,1
8192,6144,gpu,120,rmsnorm,0.17306,1
8192,6144,gpu,120,add,0.18125,1
8192,6144,gpu,121,vllm_ar,0.83763,1
8192,6144,gpu,121,rmsnorm,0.17203,1
8192,6144,gpu,121,add,0.18227,1
8192,6144,gpu,122,vllm_ar,0.83661,1
8192,6144,gpu,122,rmsnorm,0.17306,1
8192,6144,gpu,122,add,0.18125,1
8192,6144,gpu,123,vllm_ar,0.83866,1
8192,6144,gpu,123,rmsnorm,0.17306,1
8192,6144,gpu,123,add,0.18125,1
8192,6144,gpu,124,vllm_ar,0.83354,1
8192,6144,gpu,124,rmsnorm,0.17306,1
8192,6144,gpu,124,add,0.18125,1
8192,6144,gpu,125,vllm_ar,0.82739,1
8192,6144,gpu,125,rmsnorm,0.17408,1
8192,6144,gpu,125,add,0.18330,1
8192,6144,gpu,126,vllm_ar,0.83251,1
8192,6144,gpu,126,rmsnorm,0.17408,1
8192,6144,gpu,126,add,0.18125,1
8192,6144,gpu,127,vllm_ar,0.83866,1
8192,6144,gpu,127,rmsnorm,0.17203,1
8192,6144,gpu,127,add,0.18125,1
8192,6144,gpu,128,vllm_ar,0.82534,1
8192,6144,gpu,128,rmsnorm,0.17306,1
8192,6144,gpu,128,add,0.18125,1
8192,6144,gpu,129,vllm_ar,0.83661,1
8192,6144,gpu,129,rmsnorm,0.17408,1
8192,6144,gpu,129,add,0.18227,1
8192,6144,gpu,130,vllm_ar,0.83251,1
8192,6144,gpu,130,rmsnorm,0.17306,1
8192,6144,gpu,130,add,0.18022,1
8192,6144,gpu,131,vllm_ar,0.83354,1
8192,6144,gpu,131,rmsnorm,0.17306,1
8192,6144,gpu,131,add,0.18022,1
8192,6144,gpu,132,vllm_ar,0.83251,1
8192,6144,gpu,132,rmsnorm,0.17408,1
8192,6144,gpu,132,add,0.18022,1
8192,6144,gpu,133,vllm_ar,0.83866,1
8192,6144,gpu,133,rmsnorm,0.17408,1
8192,6144,gpu,133,add,0.19354,1
8192,6144,gpu,134,vllm_ar,0.84070,1
8192,6144,gpu,134,rmsnorm,0.17306,1
8192,6144,gpu,134,add,0.18022,1
8192,6144,gpu,135,vllm_ar,0.84275,1
8192,6144,gpu,135,rmsnorm,0.17306,1
8192,6144,gpu,135,add,0.18125,1
8192,6144,gpu,136,vllm_ar,0.83149,1
8192,6144,gpu,136,rmsnorm,0.17203,1
8192,6144,gpu,136,add,0.18125,1
8192,6144,gpu,137,vllm_ar,0.82022,1
8192,6144,gpu,137,rmsnorm,0.17306,1
8192,6144,gpu,137,add,0.18125,1
8192,6144,gpu,138,vllm_ar,0.83763,1
8192,6144,gpu,138,rmsnorm,0.17203,1
8192,6144,gpu,138,add,0.18125,1
8192,6144,gpu,139,vllm_ar,0.82842,1
8192,6144,gpu,139,rmsnorm,0.17306,1
8192,6144,gpu,139,add,0.18125,1
8192,6144,gpu,140,vllm_ar,0.83558,1
8192,6144,gpu,140,rmsnorm,0.17203,1
8192,6144,gpu,140,add,0.18022,1
8192,6144,gpu,141,vllm_ar,0.83046,1
8192,6144,gpu,141,rmsnorm,0.17203,1
8192,6144,gpu,141,add,0.18125,1
8192,6144,gpu,142,vllm_ar,0.83763,1
8192,6144,gpu,142,rmsnorm,0.17306,1
8192,6144,gpu,142,add,0.18125,1
8192,6144,gpu,143,vllm_ar,0.83046,1
8192,6144,gpu,143,rmsnorm,0.17203,1
8192,6144,gpu,143,add,0.18022,1
8192,6144,gpu,144,vllm_ar,0.82330,1
8192,6144,gpu,144,rmsnorm,0.17203,1
8192,6144,gpu,144,add,0.18022,1
8192,6144,gpu,145,vllm_ar,0.84070,1
8192,6144,gpu,145,rmsnorm,0.17306,1
8192,6144,gpu,145,add,0.18125,1
8192,6144,gpu,146,vllm_ar,0.83661,1
8192,6144,gpu,146,rmsnorm,0.17408,1
8192,6144,gpu,146,add,0.18125,1
8192,6144,gpu,147,vllm_ar,0.82534,1
8192,6144,gpu,147,rmsnorm,0.17306,1
8192,6144,gpu,147,add,0.18022,1
8192,6144,gpu,148,vllm_ar,0.84378,1
8192,6144,gpu,148,rmsnorm,0.17203,1
8192,6144,gpu,148,add,0.18125,1
8192,6144,gpu,149,vllm_ar,0.82227,1
8192,6144,gpu,149,rmsnorm,0.17306,1
8192,6144,gpu,149,add,0.18125,1
8192,6144,gpu,150,vllm_ar,0.83558,1
8192,6144,gpu,150,rmsnorm,0.17203,1
8192,6144,gpu,150,add,0.18125,1
8192,6144,gpu,151,vllm_ar,0.84275,1
8192,6144,gpu,151,rmsnorm,0.19149,1
8192,6144,gpu,151,add,0.18125,1
8192,6144,gpu,152,vllm_ar,0.82227,1
8192,6144,gpu,152,rmsnorm,0.17203,1
8192,6144,gpu,152,add,0.18227,1
8192,6144,gpu,153,vllm_ar,0.84275,1
8192,6144,gpu,153,rmsnorm,0.17203,1
8192,6144,gpu,153,add,0.18125,1
8192,6144,gpu,154,vllm_ar,0.84480,1
8192,6144,gpu,154,rmsnorm,0.17203,1
8192,6144,gpu,154,add,0.18125,1
8192,6144,gpu,155,vllm_ar,0.83456,1
8192,6144,gpu,155,rmsnorm,0.17306,1
8192,6144,gpu,155,add,0.18022,1
8192,6144,gpu,156,vllm_ar,0.83763,1
8192,6144,gpu,156,rmsnorm,0.17203,1
8192,6144,gpu,156,add,0.18022,1
8192,6144,gpu,157,vllm_ar,0.84480,1
8192,6144,gpu,157,rmsnorm,0.17306,1
8192,6144,gpu,157,add,0.18125,1
8192,6144,gpu,158,vllm_ar,0.83763,1
8192,6144,gpu,158,rmsnorm,0.17203,1
8192,6144,gpu,158,add,0.18125,1
8192,6144,gpu,159,vllm_ar,0.84275,1
8192,6144,gpu,159,rmsnorm,0.17203,1
8192,6144,gpu,159,add,0.18022,1
8192,6144,gpu,160,vllm_ar,0.83149,1
8192,6144,gpu,160,rmsnorm,0.17306,1
8192,6144,gpu,160,add,0.18125,1
8192,6144,gpu,161,vllm_ar,0.85094,1
8192,6144,gpu,161,rmsnorm,0.17203,1
8192,6144,gpu,161,add,0.18125,1
8192,6144,gpu,162,vllm_ar,0.83866,1
8192,6144,gpu,162,rmsnorm,0.17408,1
8192,6144,gpu,162,add,0.18125,1
8192,6144,gpu,163,vllm_ar,0.84378,1
8192,6144,gpu,163,rmsnorm,0.17203,1
8192,6144,gpu,163,add,0.18227,1
8192,6144,gpu,164,vllm_ar,0.83968,1
8192,6144,gpu,164,rmsnorm,0.17408,1
8192,6144,gpu,164,add,0.18125,1
8192,6144,gpu,165,vllm_ar,0.83251,1
8192,6144,gpu,165,rmsnorm,0.17306,1
8192,6144,gpu,165,add,0.18227,1
8192,6144,gpu,166,vllm_ar,0.82432,1
8192,6144,gpu,166,rmsnorm,0.17306,1
8192,6144,gpu,166,add,0.18125,1
8192,6144,gpu,167,vllm_ar,0.83149,1
8192,6144,gpu,167,rmsnorm,0.17510,1
8192,6144,gpu,167,add,0.18125,1
8192,6144,gpu,168,vllm_ar,0.83661,1
8192,6144,gpu,168,rmsnorm,0.17306,1
8192,6144,gpu,168,add,0.18022,1
8192,6144,gpu,169,vllm_ar,0.84173,1
8192,6144,gpu,169,rmsnorm,0.17306,1
8192,6144,gpu,169,add,0.18227,1
8192,6144,gpu,170,vllm_ar,0.83661,1
8192,6144,gpu,170,rmsnorm,0.17306,1
8192,6144,gpu,170,add,0.18125,1
8192,6144,gpu,171,vllm_ar,0.83968,1
8192,6144,gpu,171,rmsnorm,0.17203,1
8192,6144,gpu,171,add,0.18125,1
8192,6144,gpu,172,vllm_ar,0.82739,1
8192,6144,gpu,172,rmsnorm,0.17306,1
8192,6144,gpu,172,add,0.18022,1
8192,6144,gpu,173,vllm_ar,0.82739,1
8192,6144,gpu,173,rmsnorm,0.17510,1
8192,6144,gpu,173,add,0.18125,1
8192,6144,gpu,174,vllm_ar,0.83046,1
8192,6144,gpu,174,rmsnorm,0.17306,1
8192,6144,gpu,174,add,0.18022,1
8192,6144,gpu,175,vllm_ar,0.84480,1
8192,6144,gpu,175,rmsnorm,0.17306,1
8192,6144,gpu,175,add,0.18227,1
8192,6144,gpu,176,vllm_ar,0.83456,1
8192,6144,gpu,176,rmsnorm,0.19456,1
8192,6144,gpu,176,add,0.18022,1
8192,6144,gpu,177,vllm_ar,0.83866,1
8192,6144,gpu,177,rmsnorm,0.17203,1
8192,6144,gpu,177,add,0.18227,1
8192,6144,gpu,178,vllm_ar,0.83763,1
8192,6144,gpu,178,rmsnorm,0.17408,1
8192,6144,gpu,178,add,0.18022,1
8192,6144,gpu,179,vllm_ar,0.82330,1
8192,6144,gpu,179,rmsnorm,0.17306,1
8192,6144,gpu,179,add,0.18125,1
8192,6144,gpu,180,vllm_ar,0.82432,1
8192,6144,gpu,180,rmsnorm,0.17306,1
8192,6144,gpu,180,add,0.18125,1
8192,6144,gpu,181,vllm_ar,0.82842,1
8192,6144,gpu,181,rmsnorm,0.17306,1
8192,6144,gpu,181,add,0.18330,1
8192,6144,gpu,182,vllm_ar,0.83763,1
8192,6144,gpu,182,rmsnorm,0.17306,1
8192,6144,gpu,182,add,0.18125,1
8192,6144,gpu,183,vllm_ar,0.83046,1
8192,6144,gpu,183,rmsnorm,0.17306,1
8192,6144,gpu,183,add,0.18125,1
8192,6144,gpu,184,vllm_ar,0.83354,1
8192,6144,gpu,184,rmsnorm,0.17203,1
8192,6144,gpu,184,add,0.18125,1
8192,6144,gpu,185,vllm_ar,0.82227,1
8192,6144,gpu,185,rmsnorm,0.17203,1
8192,6144,gpu,185,add,0.18227,1
8192,6144,gpu,186,vllm_ar,0.83558,1
8192,6144,gpu,186,rmsnorm,0.17510,1
8192,6144,gpu,186,add,0.18125,1
8192,6144,gpu,187,vllm_ar,0.83046,1
8192,6144,gpu,187,rmsnorm,0.17408,1
8192,6144,gpu,187,add,0.18022,1
8192,6144,gpu,188,vllm_ar,0.83866,1
8192,6144,gpu,188,rmsnorm,0.17203,1
8192,6144,gpu,188,add,0.18125,1
8192,6144,gpu,189,vllm_ar,0.83968,1
8192,6144,gpu,189,rmsnorm,0.17306,1
8192,6144,gpu,189,add,0.18227,1
8192,6144,gpu,190,vllm_ar,0.83149,1
8192,6144,gpu,190,rmsnorm,0.17306,1
8192,6144,gpu,190,add,0.18125,1
8192,6144,gpu,191,vllm_ar,0.83558,1
8192,6144,gpu,191,rmsnorm,0.17306,1
8192,6144,gpu,191,add,0.18125,1
8192,6144,gpu,192,vllm_ar,0.83354,1
8192,6144,gpu,192,rmsnorm,0.17203,1
8192,6144,gpu,192,add,0.18125,1
8192,6144,gpu,193,vllm_ar,0.84173,1
8192,6144,gpu,193,rmsnorm,0.17408,1
8192,6144,gpu,193,add,0.18125,1
8192,6144,gpu,194,vllm_ar,0.83661,1
8192,6144,gpu,194,rmsnorm,0.17203,1
8192,6144,gpu,194,add,0.19354,1
8192,6144,gpu,195,vllm_ar,0.82739,1
8192,6144,gpu,195,rmsnorm,0.17306,1
8192,6144,gpu,195,add,0.18022,1
8192,6144,gpu,196,vllm_ar,0.83763,1
8192,6144,gpu,196,rmsnorm,0.17306,1
8192,6144,gpu,196,add,0.18022,1
8192,6144,gpu,197,vllm_ar,0.84070,1
8192,6144,gpu,197,rmsnorm,0.17306,1
8192,6144,gpu,197,add,0.18227,1
8192,6144,gpu,198,vllm_ar,0.83046,1
8192,6144,gpu,198,rmsnorm,0.17203,1
8192,6144,gpu,198,add,0.18125,1
8192,6144,gpu,199,vllm_ar,0.83251,1
8192,6144,gpu,199,rmsnorm,0.17203,1
8192,6144,gpu,199,add,0.18125,1
8192,6144,steady,0,vllm_ar,0.82624,1
8192,6144,steady,0,rmsnorm,0.17882,1
8192,6144,steady,0,add,0.17466,1
8192,6144,steady,1,vllm_ar,0.81760,1
8192,6144,steady,1,rmsnorm,0.17952,1
8192,6144,steady,1,add,0.17485,1
8192,6144,steady,2,vllm_ar,0.81926,1
8192,6144,steady,2,rmsnorm,0.18010,1
8192,6144,steady,2,add,0.17472,1
8192,6144,steady,3,vllm_ar,0.81645,1
8192,6144,steady,3,rmsnorm,0.18029,1
8192,6144,steady,3,add,0.17472,1
8192,6144,steady,4,vllm_ar,0.81933,1
8192,6144,steady,4,rmsnorm,0.17952,1
8192,6144,steady,4,add,0.17491,1
8192,6144,steady,5,vllm_ar,0.81907,1
8192,6144,steady,5,rmsnorm,0.17939,1
8192,6144,steady,5,add,0.17517,1
8192,6144,steady,6,vllm_ar,0.81946,1
8192,6144,steady,6,rmsnorm,0.17805,1
8192,6144,steady,6,add,0.17491,1
8192,6144,steady,7,vllm_ar,0.81856,1
8192,6144,steady,7,rmsnorm,0.18010,1
8192,6144,steady,7,add,0.17466,1
8192,6144,steady,8,vllm_ar,0.81830,1
8192,6144,steady,8,rmsnorm,0.18035,1
8192,6144,steady,8,add,0.17485,1
8192,6144,steady,9,vllm_ar,0.81882,1
8192,6144,steady,9,rmsnorm,0.17830,1
8192,6144,steady,9,add,0.17504,1
8192,6144,steady,10,vllm_ar,0.81664,1
8192,6144,steady,10,rmsnorm,0.18029,1
8192,6144,steady,10,add,0.17472,1
8192,6144,steady,11,vllm_ar,0.81901,1
8192,6144,steady,11,rmsnorm,0.17843,1
8192,6144,steady,11,add,0.17485,1
8192,6144,steady,12,vllm_ar,0.81830,1
8192,6144,steady,12,rmsnorm,0.17805,1
8192,6144,steady,12,add,0.17517,1
8192,6144,steady,13,vllm_ar,0.81875,1
8192,6144,steady,13,rmsnorm,0.17978,1
8192,6144,steady,13,add,0.17478,1
8192,6144,steady,14,vllm_ar,0.81773,1
8192,6144,steady,14,rmsnorm,0.17862,1
8192,6144,steady,14,add,0.17549,1
8192,6144,steady,15,vllm_ar,0.81830,1
8192,6144,steady,15,rmsnorm,0.17907,1
8192,6144,steady,15,add,0.17562,1
8192,6144,steady,16,vllm_ar,0.81741,1
8192,6144,steady,16,rmsnorm,0.17862,1
8192,6144,steady,16,add,0.17549,1
8192,6144,steady,17,vllm_ar,0.82003,1
8192,6144,steady,17,rmsnorm,0.18010,1
8192,6144,steady,17,add,0.17466,1
8192,6144,steady,18,vllm_ar,0.81862,1
8192,6144,steady,18,rmsnorm,0.17971,1
8192,6144,steady,18,add,0.17549,1
8192,6144,steady,19,vllm_ar,0.81773,1
8192,6144,steady,19,rmsnorm,0.17901,1
8192,6144,steady,19,add,0.17536,1
8192,6144,steady,20,vllm_ar,0.81894,1
8192,6144,steady,20,rmsnorm,0.17997,1
8192,6144,steady,20,add,0.17530,1
8192,6144,steady,21,vllm_ar,0.81856,1
8192,6144,steady,21,rmsnorm,0.17971,1
8192,6144,steady,21,add,0.17459,1
8192,6144,steady,22,vllm_ar,0.81958,1
8192,6144,steady,22,rmsnorm,0.17830,1
8192,6144,steady,22,add,0.17485,1
8192,6144,steady,23,vllm_ar,0.81613,1
8192,6144,steady,23,rmsnorm,0.17894,1
8192,6144,steady,23,add,0.17555,1
8192,6144,steady,24,vllm_ar,0.81952,1
8192,6144,steady,24,rmsnorm,0.18061,1
8192,6144,steady,24,add,0.17485,1
8192,6144,steady,25,vllm_ar,0.81786,1
8192,6144,steady,25,rmsnorm,0.17907,1
8192,6144,steady,25,add,0.17472,1
8192,6144,steady,26,vllm_ar,0.81798,1
8192,6144,steady,26,rmsnorm,0.17824,1
8192,6144,steady,26,add,0.17542,1
8192,6144,steady,27,vllm_ar,0.81722,1
8192,6144,steady,27,rmsnorm,0.17978,1
8192,6144,steady,27,add,0.17491,1
8192,6144,steady,28,vllm_ar,0.82080,1
8192,6144,steady,28,rmsnorm,0.17965,1
8192,6144,steady,28,add,0.17485,1
8192,6144,steady,29,vllm_ar,0.81837,1
8192,6144,steady,29,rmsnorm,0.17894,1
8192,6144,steady,29,add,0.17485,1
8192,6144,steady,30,vllm_ar,0.81907,1
8192,6144,steady,30,rmsnorm,0.18010,1
8192,6144,steady,30,add,0.17510,1
8192,6144,steady,31,vllm_ar,0.81786,1
8192,6144,steady,31,rmsnorm,0.17933,1
8192,6144,steady,31,add,0.17504,1
8192,6144,steady,32,vllm_ar,0.82003,1
8192,6144,steady,32,rmsnorm,0.17939,1
8192,6144,steady,32,add,0.17472,1
8192,6144,steady,33,vllm_ar,0.81850,1
8192,6144,steady,33,rmsnorm,0.18016,1
8192,6144,steady,33,add,0.17504,1
8192,6144,steady,34,vllm_ar,0.81894,1
8192,6144,steady,34,rmsnorm,0.17869,1
8192,6144,steady,34,add,0.17472,1
8192,6144,steady,35,vllm_ar,0.81946,1
8192,6144,steady,35,rmsnorm,0.17824,1
8192,6144,steady,35,add,0.17485,1
8192,6144,steady,36,vllm_ar,0.81728,1
8192,6144,steady,36,rmsnorm,0.18016,1
8192,6144,steady,36,add,0.17478,1
8192,6144,steady,37,vllm_ar,0.81971,1
8192,6144,steady,37,rmsnorm,0.17952,1
8192,6144,steady,37,add,0.17472,1
8192,6144,steady,38,vllm_ar,0.81958,1
8192,6144,steady,38,rmsnorm,0.18112,1
8192,6144,steady,38,add,0.17478,1
8192,6144,steady,39,vllm_ar,0.81837,1
8192,6144,steady,39,rmsnorm,0.17869,1
8192,6144,steady,39,add,0.17542,1
8192,6144,steady,40,vllm_ar,0.82765,1
8192,6144,steady,40,rmsnorm,0.17939,1
8192,6144,steady,40,add,0.17466,1
8192,6144,steady,41,vllm_ar,0.81939,1
8192,6144,steady,41,rmsnorm,0.17946,1
8192,6144,steady,41,add,0.17485,1
8192,6144,steady,42,vllm_ar,0.81914,1
8192,6144,steady,42,rmsnorm,0.17971,1
8192,6144,steady,42,add,0.17530,1
8192,6144,steady,43,vllm_ar,0.81843,1
8192,6144,steady,43,rmsnorm,0.17971,1
8192,6144,steady,43,add,0.17478,1
8192,6144,steady,44,vllm_ar,0.81875,1
8192,6144,steady,44,rmsnorm,0.17997,1
8192,6144,steady,44,add,0.17491,1
8192,6144,steady,45,vllm_ar,0.81754,1
8192,6144,steady,45,rmsnorm,0.17920,1
8192,6144,steady,45,add,0.17472,1
8192,6144,steady,46,vllm_ar,0.81722,1
8192,6144,steady,46,rmsnorm,0.18099,1
8192,6144,steady,46,add,0.17504,1
8192,6144,steady,47,vllm_ar,0.81536,1
8192,6144,steady,47,rmsnorm,0.17978,1
8192,6144,steady,47,add,0.17523,1
8192,6144,steady,48,vllm_ar,0.81882,1
8192,6144,steady,48,rmsnorm,0.17971,1
8192,6144,steady,48,add,0.17466,1
8192,6144,steady,49,vllm_ar,0.81779,1
8192,6144,steady,49,rmsnorm,0.17933,1
8192,6144,steady,49,add,0.17523,1
8192,6144,steady,50,vllm_ar,0.81702,1
8192,6144,steady,50,rmsnorm,0.17965,1
8192,6144,steady,50,add,0.17491,1
8192,6144,steady,51,vllm_ar,0.81766,1
8192,6144,steady,51,rmsnorm,0.18016,1
8192,6144,steady,51,add,0.17542,1
8192,6144,steady,52,vllm_ar,0.81792,1
8192,6144,steady,52,rmsnorm,0.17894,1
8192,6144,steady,52,add,0.17485,1
8192,6144,steady,53,vllm_ar,0.81766,1
8192,6144,steady,53,rmsnorm,0.17946,1
8192,6144,steady,53,add,0.17478,1
8192,6144,steady,54,vllm_ar,0.81754,1
8192,6144,steady,54,rmsnorm,0.17786,1
8192,6144,steady,54,add,0.17555,1
8192,6144,steady,55,vllm_ar,0.81882,1
8192,6144,steady,55,rmsnorm,0.17958,1
8192,6144,steady,55,add,0.17466,1
8192,6144,steady,56,vllm_ar,0.82195,1
8192,6144,steady,56,rmsnorm,0.17984,1
8192,6144,steady,56,add,0.17491,1
8192,6144,steady,57,vllm_ar,0.81850,1
8192,6144,steady,57,rmsnorm,0.18010,1
8192,6144,steady,57,add,0.17472,1
8192,6144,steady,58,vllm_ar,0.81606,1
8192,6144,steady,58,rmsnorm,0.17824,1
8192,6144,steady,58,add,0.17530,1
8192,6144,steady,59,vllm_ar,0.81971,1
8192,6144,steady,59,rmsnorm,0.17939,1
8192,6144,steady,59,add,0.17491,1
8192,6144,steady,60,vllm_ar,0.81715,1
8192,6144,steady,60,rmsnorm,0.18003,1
8192,6144,steady,60,add,0.17466,1
8192,6144,steady,61,vllm_ar,0.81677,1
8192,6144,steady,61,rmsnorm,0.17875,1
8192,6144,steady,61,add,0.17555,1
8192,6144,steady,62,vllm_ar,0.82195,1
8192,6144,steady,62,rmsnorm,0.17850,1
8192,6144,steady,62,add,0.17485,1
8192,6144,steady,63,vllm_ar,0.81843,1
8192,6144,steady,63,rmsnorm,0.18029,1
8192,6144,steady,63,add,0.17466,1
8192,6144,steady,64,vllm_ar,0.81939,1
8192,6144,steady,64,rmsnorm,0.17843,1
8192,6144,steady,64,add,0.17485,1
8192,6144,steady,65,vllm_ar,0.81888,1
8192,6144,steady,65,rmsnorm,0.18022,1
8192,6144,steady,65,add,0.17485,1
8192,6144,steady,66,vllm_ar,0.81862,1
8192,6144,steady,66,rmsnorm,0.17952,1
8192,6144,steady,66,add,0.17549,1
8192,6144,steady,67,vllm_ar,0.81562,1
8192,6144,steady,67,rmsnorm,0.17990,1
8192,6144,steady,67,add,0.17536,1
8192,6144,steady,68,vllm_ar,0.81754,1
8192,6144,steady,68,rmsnorm,0.17984,1
8192,6144,steady,68,add,0.17542,1
8192,6144,steady,69,vllm_ar,0.82029,1
8192,6144,steady,69,rmsnorm,0.17830,1
8192,6144,steady,69,add,0.17478,1
8192,6144,steady,70,vllm_ar,0.81952,1
8192,6144,steady,70,rmsnorm,0.17862,1
8192,6144,steady,70,add,0.17498,1
8192,6144,steady,71,vllm_ar,0.81632,1
8192,6144,steady,71,rmsnorm,0.17882,1
8192,6144,steady,71,add,0.17555,1
8192,6144,steady,72,vllm_ar,0.81875,1
8192,6144,steady,72,rmsnorm,0.17818,1
8192,6144,steady,72,add,0.17478,1
8192,6144,steady,73,vllm_ar,0.81843,1
8192,6144,steady,73,rmsnorm,0.18010,1
8192,6144,steady,73,add,0.17530,1
8192,6144,steady,74,vllm_ar,0.81990,1
8192,6144,steady,74,rmsnorm,0.17939,1
8192,6144,steady,74,add,0.17478,1
8192,6144,steady,75,vllm_ar,0.81901,1
8192,6144,steady,75,rmsnorm,0.17965,1
8192,6144,steady,75,add,0.17459,1
8192,6144,steady,76,vllm_ar,0.81856,1
8192,6144,steady,76,rmsnorm,0.17850,1
8192,6144,steady,76,add,0.17498,1
8192,6144,steady,77,vllm_ar,0.81856,1
8192,6144,steady,77,rmsnorm,0.18003,1
8192,6144,steady,77,add,0.17485,1
8192,6144,steady,78,vllm_ar,0.81786,1
8192,6144,steady,78,rmsnorm,0.17837,1
8192,6144,steady,78,add,0.17568,1
8192,6144,steady,79,vllm_ar,0.81722,1
8192,6144,steady,79,rmsnorm,0.17939,1
8192,6144,steady,79,add,0.17574,1
8192,6144,steady,80,vllm_ar,0.81664,1
8192,6144,steady,80,rmsnorm,0.17888,1
8192,6144,steady,80,add,0.17555,1
8192,6144,steady,81,vllm_ar,0.81702,1
8192,6144,steady,81,rmsnorm,0.17984,1
8192,6144,steady,81,add,0.17491,1
8192,6144,steady,82,vllm_ar,0.81766,1
8192,6144,steady,82,rmsnorm,0.17907,1
8192,6144,steady,82,add,0.17485,1
8192,6144,steady,83,vllm_ar,0.81850,1
8192,6144,steady,83,rmsnorm,0.17837,1
8192,6144,steady,83,add,0.17549,1
8192,6144,steady,84,vllm_ar,0.81946,1
8192,6144,steady,84,rmsnorm,0.17850,1
8192,6144,steady,84,add,0.17472,1
8192,6144,steady,85,vllm_ar,0.81882,1
8192,6144,steady,85,rmsnorm,0.17843,1
8192,6144,steady,85,add,0.17491,1
8192,6144,steady,86,vllm_ar,0.82010,1
8192,6144,steady,86,rmsnorm,0.17939,1
8192,6144,steady,86,add,0.17466,1
8192,6144,steady,87,vllm_ar,0.81856,1
8192,6144,steady,87,rmsnorm,0.17926,1
8192,6144,steady,87,add,0.17587,1
8192,6144,steady,88,vllm_ar,0.81734,1
8192,6144,steady,88,rmsnorm,0.17990,1
8192,6144,steady,88,add,0.17498,1
8192,6144,steady,89,vllm_ar,0.81830,1
8192,6144,steady,89,rmsnorm,0.17818,1
8192,6144,steady,89,add,0.17472,1
8192,6144,steady,90,vllm_ar,0.81856,1
8192,6144,steady,90,rmsnorm,0.17939,1
8192,6144,steady,90,add,0.17472,1
8192,6144,steady,91,vllm_ar,0.81875,1
8192,6144,steady,91,rmsnorm,0.18003,1
8192,6144,steady,91,add,0.17466,1
8192,6144,steady,92,vllm_ar,0.81939,1
8192,6144,steady,92,rmsnorm,0.17830,1
8192,6144,steady,92,add,0.17485,1
8192,6144,steady,93,vllm_ar,0.82016,1
8192,6144,steady,93,rmsnorm,0.17843,1
8192,6144,steady,93,add,0.17491,1
8192,6144,steady,94,vllm_ar,0.81786,1
8192,6144,steady,94,rmsnorm,0.17926,1
8192,6144,steady,94,add,0.17472,1
8192,6144,steady,95,vllm_ar,0.81741,1
8192,6144,steady,95,rmsnorm,0.18010,1
8192,6144,steady,95,add,0.17466,1
8192,6144,steady,96,vllm_ar,0.81824,1
8192,6144,steady,96,rmsnorm,0.17946,1
8192,6144,steady,96,add,0.17536,1
8192,6144,steady,97,vllm_ar,0.81613,1
8192,6144,steady,97,rmsnorm,0.17952,1
8192,6144,steady,97,add,0.17536,1
8192,6144,steady,98,vllm_ar,0.81645,1
8192,6144,steady,98,rmsnorm,0.17926,1
8192,6144,steady,98,add,0.17491,1
8192,6144,steady,99,vllm_ar,0.81619,1
8192,6144,steady,99,rmsnorm,0.17907,1
8192,6144,steady,99,add,0.17491,1
16384,6144,gpu,0,vllm_ar,1.55853,1
16384,6144,gpu,0,rmsnorm,0.33997,1
16384,6144,gpu,0,add,0.36762,1
16384,6144,gpu,1,vllm_ar,1.58003,1
16384,6144,gpu,1,rmsnorm,0.33997,1
16384,6144,gpu,1,add,0.36352,1
16384,6144,gpu,2,vllm_ar,1.56979,1
16384,6144,gpu,2,rmsnorm,0.33894,1
16384,6144,gpu,2,add,0.34816,1
16384,6144,gpu,3,vllm_ar,1.55443,1
16384,6144,gpu,3,rmsnorm,0.34099,1
16384,6144,gpu,3,add,0.34816,1
16384,6144,gpu,4,vllm_ar,1.56467,1
16384,6144,gpu,4,rmsnorm,0.33997,1
16384,6144,gpu,4,add,0.34816,1
16384,6144,gpu,5,vllm_ar,1.57594,1
16384,6144,gpu,5,rmsnorm,0.33997,1
16384,6144,gpu,5,add,0.34816,1
16384,6144,gpu,6,vllm_ar,1.58106,1
16384,6144,gpu,6,rmsnorm,0.33997,1
16384,6144,gpu,6,add,0.34816,1
16384,6144,gpu,7,vllm_ar,1.57901,1
16384,6144,gpu,7,rmsnorm,0.33997,1
16384,6144,gpu,7,add,0.35021,1
16384,6144,gpu,8,vllm_ar,1.56365,1
16384,6144,gpu,8,rmsnorm,0.33894,1
16384,6144,gpu,8,add,0.34918,1
16384,6144,gpu,9,vllm_ar,1.56672,1
16384,6144,gpu,9,rmsnorm,0.33997,1
16384,6144,gpu,9,add,0.34918,1
16384,6144,gpu,10,vllm_ar,1.57389,1
16384,6144,gpu,10,rmsnorm,0.34202,1
16384,6144,gpu,10,add,0.34918,1
16384,6144,gpu,11,vllm_ar,1.57798,1
16384,6144,gpu,11,rmsnorm,0.33894,1
16384,6144,gpu,11,add,0.34918,1
16384,6144,gpu,12,vllm_ar,1.57491,1
16384,6144,gpu,12,rmsnorm,0.34099,1
16384,6144,gpu,12,add,0.34816,1
16384,6144,gpu,13,vllm_ar,1.58413,1
16384,6144,gpu,13,rmsnorm,0.33894,1
16384,6144,gpu,13,add,0.34816,1
16384,6144,gpu,14,vllm_ar,1.57696,1
16384,6144,gpu,14,rmsnorm,0.33997,1
16384,6144,gpu,14,add,0.34714,1
16384,6144,gpu,15,vllm_ar,1.58106,1
16384,6144,gpu,15,rmsnorm,0.34099,1
16384,6144,gpu,15,add,0.34918,1
16384,6144,gpu,16,vllm_ar,1.56262,1
16384,6144,gpu,16,rmsnorm,0.33997,1
16384,6144,gpu,16,add,0.34816,1
16384,6144,gpu,17,vllm_ar,1.56979,1
16384,6144,gpu,17,rmsnorm,0.33894,1
16384,6144,gpu,17,add,0.34816,1
16384,6144,gpu,18,vllm_ar,1.56058,1
16384,6144,gpu,18,rmsnorm,0.33894,1
16384,6144,gpu,18,add,0.34816,1
16384,6144,gpu,19,vllm_ar,1.55034,1
16384,6144,gpu,19,rmsnorm,0.33997,1
16384,6144,gpu,19,add,0.34918,1
16384,6144,gpu,20,vllm_ar,1.55955,1
16384,6144,gpu,20,rmsnorm,0.33997,1
16384,6144,gpu,20,add,0.34918,1
16384,6144,gpu,21,vllm_ar,1.56262,1
16384,6144,gpu,21,rmsnorm,0.34099,1
16384,6144,gpu,21,add,0.34816,1
16384,6144,gpu,22,vllm_ar,1.54931,1
16384,6144,gpu,22,rmsnorm,0.34099,1
16384,6144,gpu,22,add,0.34816,1
16384,6144,gpu,23,vllm_ar,1.56774,1
16384,6144,gpu,23,rmsnorm,0.33894,1
16384,6144,gpu,23,add,0.34918,1
16384,6144,gpu,24,vllm_ar,1.56774,1
16384,6144,gpu,24,rmsnorm,0.34099,1
16384,6144,gpu,24,add,0.34816,1
16384,6144,gpu,25,vllm_ar,1.58413,1
16384,6144,gpu,25,rmsnorm,0.33997,1
16384,6144,gpu,25,add,0.34918,1
16384,6144,gpu,26,vllm_ar,1.56467,1
16384,6144,gpu,26,rmsnorm,0.34099,1
16384,6144,gpu,26,add,0.34918,1
16384,6144,gpu,27,vllm_ar,1.55648,1
16384,6144,gpu,27,rmsnorm,0.33997,1
16384,6144,gpu,27,add,0.35021,1
16384,6144,gpu,28,vllm_ar,1.57491,1
16384,6144,gpu,28,rmsnorm,0.34099,1
16384,6144,gpu,28,add,0.34816,1
16384,6144,gpu,29,vllm_ar,1.56672,1
16384,6144,gpu,29,rmsnorm,0.34099,1
16384,6144,gpu,29,add,0.34918,1
16384,6144,gpu,30,vllm_ar,1.56570,1
16384,6144,gpu,30,rmsnorm,0.33997,1
16384,6144,gpu,30,add,0.34816,1
16384,6144,gpu,31,vllm_ar,1.58515,1
16384,6144,gpu,31,rmsnorm,0.34099,1
16384,6144,gpu,31,add,0.35021,1
16384,6144,gpu,32,vllm_ar,1.55443,1
16384,6144,gpu,32,rmsnorm,0.33997,1
16384,6144,gpu,32,add,0.34816,1
16384,6144,gpu,33,vllm_ar,1.55238,1
16384,6144,gpu,33,rmsnorm,0.33997,1
16384,6144,gpu,33,add,0.34918,1
16384,6144,gpu,34,vllm_ar,1.58106,1
16384,6144,gpu,34,rmsnorm,0.33997,1
16384,6144,gpu,34,add,0.35021,1
16384,6144,gpu,35,vllm_ar,1.56365,1
16384,6144,gpu,35,rmsnorm,0.33894,1
16384,6144,gpu,35,add,0.35123,1
16384,6144,gpu,36,vllm_ar,1.56979,1
16384,6144,gpu,36,rmsnorm,0.33997,1
16384,6144,gpu,36,add,0.34714,1
16384,6144,gpu,37,vllm_ar,1.58106,1
16384,6144,gpu,37,rmsnorm,0.34099,1
16384,6144,gpu,37,add,0.34918,1
16384,6144,gpu,38,vllm_ar,1.55546,1
16384,6144,gpu,38,rmsnorm,0.33997,1
16384,6144,gpu,38,add,0.34918,1
16384,6144,gpu,39,vllm_ar,1.55341,1
16384,6144,gpu,39,rmsnorm,0.34099,1
16384,6144,gpu,39,add,0.35021,1
16384,6144,gpu,40,vllm_ar,1.56672,1
16384,6144,gpu,40,rmsnorm,0.34099,1
16384,6144,gpu,40,add,0.34918,1
16384,6144,gpu,41,vllm_ar,1.56058,1
16384,6144,gpu,41,rmsnorm,0.33997,1
16384,6144,gpu,41,add,0.34714,1
16384,6144,gpu,42,vllm_ar,1.57798,1
16384,6144,gpu,42,rmsnorm,0.33894,1
16384,6144,gpu,42,add,0.34918,1
16384,6144,gpu,43,vllm_ar,1.55955,1
16384,6144,gpu,43,rmsnorm,0.33997,1
16384,6144,gpu,43,add,0.35021,1
16384,6144,gpu,44,vllm_ar,1.56262,1
16384,6144,gpu,44,rmsnorm,0.33997,1
16384,6144,gpu,44,add,0.34816,1
16384,6144,gpu,45,vllm_ar,1.55034,1
16384,6144,gpu,45,rmsnorm,0.34099,1
16384,6144,gpu,45,add,0.34918,1
16384,6144,gpu,46,vllm_ar,1.55341,1
16384,6144,gpu,46,rmsnorm,0.34099,1
16384,6144,gpu,46,add,0.34918,1
16384,6144,gpu,47,vllm_ar,1.57389,1
16384,6144,gpu,47,rmsnorm,0.34099,1
16384,6144,gpu,47,add,0.34918,1
16384,6144,gpu,48,vllm_ar,1.55034,1
16384,6144,gpu,48,rmsnorm,0.33894,1
16384,6144,gpu,48,add,0.34918,1
16384,6144,gpu,49,vllm_ar,1.56365,1
16384,6144,gpu,49,rmsnorm,0.33792,1
16384,6144,gpu,49,add,0.34918,1
16384,6144,gpu,50,vllm_ar,1.54726,1
16384,6144,gpu,50,rmsnorm,0.34099,1
16384,6144,gpu,50,add,0.34918,1
16384,6144,gpu,51,vllm_ar,1.57798,1
16384,6144,gpu,51,rmsnorm,0.33997,1
16384,6144,gpu,51,add,0.34918,1
16384,6144,gpu,52,vllm_ar,1.54624,1
16384,6144,gpu,52,rmsnorm,0.33997,1
16384,6144,gpu,52,add,0.34918,1
16384,6144,gpu,53,vllm_ar,1.55955,1
16384,6144,gpu,53,rmsnorm,0.34202,1
16384,6144,gpu,53,add,0.34816,1
16384,6144,gpu,54,vllm_ar,1.56774,1
16384,6144,gpu,54,rmsnorm,0.34304,1
16384,6144,gpu,54,add,0.34714,1
16384,6144,gpu,55,vllm_ar,1.56365,1
16384,6144,gpu,55,rmsnorm,0.34099,1
16384,6144,gpu,55,add,0.35021,1
16384,6144,gpu,56,vllm_ar,1.55546,1
16384,6144,gpu,56,rmsnorm,0.34304,1
16384,6144,gpu,56,add,0.34918,1
16384,6144,gpu,57,vllm_ar,1.57696,1
16384,6144,gpu,57,rmsnorm,0.33894,1
16384,6144,gpu,57,add,0.34918,1
16384,6144,gpu,58,vllm_ar,1.57491,1
16384,6144,gpu,58,rmsnorm,0.33894,1
16384,6144,gpu,58,add,0.34918,1
16384,6144,gpu,59,vllm_ar,1.57082,1
16384,6144,gpu,59,rmsnorm,0.33997,1
16384,6144,gpu,59,add,0.35021,1
16384,6144,gpu,60,vllm_ar,1.55648,1
16384,6144,gpu,60,rmsnorm,0.34099,1
16384,6144,gpu,60,add,0.34714,1
16384,6144,gpu,61,vllm_ar,1.57594,1
16384,6144,gpu,61,rmsnorm,0.33894,1
16384,6144,gpu,61,add,0.34918,1
16384,6144,gpu,62,vllm_ar,1.57082,1
16384,6144,gpu,62,rmsnorm,0.33997,1
16384,6144,gpu,62,add,0.34714,1
16384,6144,gpu,63,vllm_ar,1.59949,1
16384,6144,gpu,63,rmsnorm,0.33997,1
16384,6144,gpu,63,add,0.35021,1
16384,6144,gpu,64,vllm_ar,1.56058,1
16384,6144,gpu,64,rmsnorm,0.34202,1
16384,6144,gpu,64,add,0.34918,1
16384,6144,gpu,65,vllm_ar,1.55034,1
16384,6144,gpu,65,rmsnorm,0.34099,1
16384,6144,gpu,65,add,0.34918,1
16384,6144,gpu,66,vllm_ar,1.56365,1
16384,6144,gpu,66,rmsnorm,0.33997,1
16384,6144,gpu,66,add,0.34918,1
16384,6144,gpu,67,vllm_ar,1.55238,1
16384,6144,gpu,67,rmsnorm,0.33894,1
16384,6144,gpu,67,add,0.35021,1
16384,6144,gpu,68,vllm_ar,1.55136,1
16384,6144,gpu,68,rmsnorm,0.34099,1
16384,6144,gpu,68,add,0.34918,1
16384,6144,gpu,69,vllm_ar,1.57594,1
16384,6144,gpu,69,rmsnorm,0.33997,1
16384,6144,gpu,69,add,0.34816,1
16384,6144,gpu,70,vllm_ar,1.56160,1
16384,6144,gpu,70,rmsnorm,0.33997,1
16384,6144,gpu,70,add,0.34816,1
16384,6144,gpu,71,vllm_ar,1.64045,1
16384,6144,gpu,71,rmsnorm,0.33894,1
16384,6144,gpu,71,add,0.35021,1
16384,6144,gpu,72,vllm_ar,1.55443,1
16384,6144,gpu,72,rmsnorm,0.34099,1
16384,6144,gpu,72,add,0.34714,1
16384,6144,gpu,73,vllm_ar,1.55136,1
16384,6144,gpu,73,rmsnorm,0.33894,1
16384,6144,gpu,73,add,0.34816,1
16384,6144,gpu,74,vllm_ar,1.56058,1
16384,6144,gpu,74,rmsnorm,0.33894,1
16384,6144,gpu,74,add,0.34918,1
16384,6144,gpu,75,vllm_ar,1.57389,1
16384,6144,gpu,75,rmsnorm,0.34099,1
16384,6144,gpu,75,add,0.34918,1
16384,6144,gpu,76,vllm_ar,1.57798,1
16384,6144,gpu,76,rmsnorm,0.33894,1
16384,6144,gpu,76,add,0.34918,1
16384,6144,gpu,77,vllm_ar,1.55136,1
16384,6144,gpu,77,rmsnorm,0.35226,1
16384,6144,gpu,77,add,0.34816,1
16384,6144,gpu,78,vllm_ar,1.55853,1
16384,6144,gpu,78,rmsnorm,0.34099,1
16384,6144,gpu,78,add,0.34918,1
16384,6144,gpu,79,vllm_ar,1.56058,1
16384,6144,gpu,79,rmsnorm,0.33894,1
16384,6144,gpu,79,add,0.35021,1
16384,6144,gpu,80,vllm_ar,1.58003,1
16384,6144,gpu,80,rmsnorm,0.33997,1
16384,6144,gpu,80,add,0.34714,1
16384,6144,gpu,81,vllm_ar,1.57594,1
16384,6144,gpu,81,rmsnorm,0.33997,1
16384,6144,gpu,81,add,0.34816,1
16384,6144,gpu,82,vllm_ar,1.55853,1
16384,6144,gpu,82,rmsnorm,0.33894,1
16384,6144,gpu,82,add,0.34918,1
16384,6144,gpu,83,vllm_ar,1.56160,1
16384,6144,gpu,83,rmsnorm,0.34099,1
16384,6144,gpu,83,add,0.35021,1
16384,6144,gpu,84,vllm_ar,1.56262,1
16384,6144,gpu,84,rmsnorm,0.33997,1
16384,6144,gpu,84,add,0.34816,1
16384,6144,gpu,85,vllm_ar,1.55546,1
16384,6144,gpu,85,rmsnorm,0.33894,1
16384,6144,gpu,85,add,0.34918,1
16384,6144,gpu,86,vllm_ar,1.57286,1
16384,6144,gpu,86,rmsnorm,0.33997,1
16384,6144,gpu,86,add,0.34816,1
16384,6144,gpu,87,vllm_ar,1.58515,1
16384,6144,gpu,87,rmsnorm,0.33997,1
16384,6144,gpu,87,add,0.34918,1
16384,6144,gpu,88,vllm_ar,1.58208,1
16384,6144,gpu,88,rmsnorm,0.34304,1
16384,6144,gpu,88,add,0.34816,1
16384,6144,gpu,89,vllm_ar,1.55341,1
16384,6144,gpu,89,rmsnorm,0.33792,1
16384,6144,gpu,89,add,0.34816,1
16384,6144,gpu,90,vllm_ar,1.56877,1
16384,6144,gpu,90,rmsnorm,0.34099,1
16384,6144,gpu,90,add,0.34816,1
16384,6144,gpu,91,vllm_ar,1.55546,1
16384,6144,gpu,91,rmsnorm,0.33997,1
16384,6144,gpu,91,add,0.35021,1
16384,6144,gpu,92,vllm_ar,1.56467,1
16384,6144,gpu,92,rmsnorm,0.33997,1
16384,6144,gpu,92,add,0.34816,1
16384,6144,gpu,93,vllm_ar,1.58515,1
16384,6144,gpu,93,rmsnorm,0.35226,1
16384,6144,gpu,93,add,0.34918,1
16384,6144,gpu,94,vllm_ar,1.54931,1
16384,6144,gpu,94,rmsnorm,0.33997,1
16384,6144,gpu,94,add,0.34816,1
16384,6144,gpu,95,vllm_ar,1.54931,1
16384,6144,gpu,95,rmsnorm,0.33997,1
16384,6144,gpu,95,add,0.35021,1
16384,6144,gpu,96,vllm_ar,1.55750,1
16384,6144,gpu,96,rmsnorm,0.33997,1
16384,6144,gpu,96,add,0.34918,1
16384,6144,gpu,97,vllm_ar,1.55546,1
16384,6144,gpu,97,rmsnorm,0.33894,1
16384,6144,gpu,97,add,0.34816,1
16384,6144,gpu,98,vllm_ar,1.57901,1
16384,6144,gpu,98,rmsnorm,0.33997,1
16384,6144,gpu,98,add,0.34918,1
16384,6144,gpu,99,vllm_ar,1.56467,1
16384,6144,gpu,99,rmsnorm,0.33997,1
16384,6144,gpu,99,add,0.35021,1
16384,6144,gpu,100,vllm_ar,1.57798,1
16384,6144,gpu,100,rmsnorm,0.34099,1
16384,6144,gpu,100,add,0.34918,1
16384,6144,gpu,101,vllm_ar,1.54624,1
16384,6144,gpu,101,rmsnorm,0.33894,1
16384,6144,gpu,101,add,0.34816,1
16384,6144,gpu,102,vllm_ar,1.54931,1
16384,6144,gpu,102,rmsnorm,0.34304,1
16384,6144,gpu,102,add,0.34918,1
16384,6144,gpu,103,vllm_ar,1.56160,1
16384,6144,gpu,103,rmsnorm,0.33894,1
16384,6144,gpu,103,add,0.35021,1
16384,6144,gpu,104,vllm_ar,1.56262,1
16384,6144,gpu,104,rmsnorm,0.33997,1
16384,6144,gpu,104,add,0.34816,1
16384,6144,gpu,105,vllm_ar,1.58618,1
16384,6144,gpu,105,rmsnorm,0.33997,1
16384,6144,gpu,105,add,0.34816,1
16384,6144,gpu,106,vllm_ar,1.55034,1
16384,6144,gpu,106,rmsnorm,0.33894,1
16384,6144,gpu,106,add,0.34918,1
16384,6144,gpu,107,vllm_ar,1.56570,1
16384,6144,gpu,107,rmsnorm,0.34304,1
16384,6144,gpu,107,add,0.35021,1
16384,6144,gpu,108,vllm_ar,1.56672,1
16384,6144,gpu,108,rmsnorm,0.34202,1
16384,6144,gpu,108,add,0.34918,1
16384,6144,gpu,109,vllm_ar,1.58310,1
16384,6144,gpu,109,rmsnorm,0.33894,1
16384,6144,gpu,109,add,0.34816,1
16384,6144,gpu,110,vllm_ar,1.58413,1
16384,6144,gpu,110,rmsnorm,0.33997,1
16384,6144,gpu,110,add,0.34918,1
16384,6144,gpu,111,vllm_ar,1.55648,1
16384,6144,gpu,111,rmsnorm,0.33997,1
16384,6144,gpu,111,add,0.34918,1
16384,6144,gpu,112,vllm_ar,1.57389,1
16384,6144,gpu,112,rmsnorm,0.34202,1
16384,6144,gpu,112,add,0.34816,1
16384,6144,gpu,113,vllm_ar,1.55034,1
16384,6144,gpu,113,rmsnorm,0.34099,1
16384,6144,gpu,113,add,0.34714,1
16384,6144,gpu,114,vllm_ar,1.54931,1
16384,6144,gpu,114,rmsnorm,0.33997,1
16384,6144,gpu,114,add,0.34816,1
16384,6144,gpu,115,vllm_ar,1.57901,1
16384,6144,gpu,115,rmsnorm,0.34099,1
16384,6144,gpu,115,add,0.35123,1
16384,6144,gpu,116,vllm_ar,1.55648,1
16384,6144,gpu,116,rmsnorm,0.34099,1
16384,6144,gpu,116,add,0.34918,1
16384,6144,gpu,117,vllm_ar,1.55443,1
16384,6144,gpu,117,rmsnorm,0.34099,1
16384,6144,gpu,117,add,0.34816,1
16384,6144,gpu,118,vllm_ar,1.56672,1
16384,6144,gpu,118,rmsnorm,0.33792,1
16384,6144,gpu,118,add,0.34816,1
16384,6144,gpu,119,vllm_ar,1.56160,1
16384,6144,gpu,119,rmsnorm,0.34099,1
16384,6144,gpu,119,add,0.35021,1
16384,6144,gpu,120,vllm_ar,1.55034,1
16384,6144,gpu,120,rmsnorm,0.33894,1
16384,6144,gpu,120,add,0.34816,1
16384,6144,gpu,121,vllm_ar,1.56467,1
16384,6144,gpu,121,rmsnorm,0.33792,1
16384,6144,gpu,121,add,0.34918,1
16384,6144,gpu,122,vllm_ar,1.58515,1
16384,6144,gpu,122,rmsnorm,0.33894,1
16384,6144,gpu,122,add,0.34816,1
16384,6144,gpu,123,vllm_ar,1.55136,1
16384,6144,gpu,123,rmsnorm,0.33997,1
16384,6144,gpu,123,add,0.35021,1
16384,6144,gpu,124,vllm_ar,1.58003,1
16384,6144,gpu,124,rmsnorm,0.33894,1
16384,6144,gpu,124,add,0.34918,1
16384,6144,gpu,125,vllm_ar,1.57901,1
16384,6144,gpu,125,rmsnorm,0.33997,1
16384,6144,gpu,125,add,0.34918,1
16384,6144,gpu,126,vllm_ar,1.56877,1
16384,6144,gpu,126,rmsnorm,0.34099,1
16384,6144,gpu,126,add,0.34918,1
16384,6144,gpu,127,vllm_ar,1.58106,1
16384,6144,gpu,127,rmsnorm,0.33894,1
16384,6144,gpu,127,add,0.34918,1
16384,6144,gpu,128,vllm_ar,1.56262,1
16384,6144,gpu,128,rmsnorm,0.34202,1
16384,6144,gpu,128,add,0.34816,1
16384,6144,gpu,129,vllm_ar,1.55341,1
16384,6144,gpu,129,rmsnorm,0.34099,1
16384,6144,gpu,129,add,0.34918,1
16384,6144,gpu,130,vllm_ar,1.55034,1
16384,6144,gpu,130,rmsnorm,0.34202,1
16384,6144,gpu,130,add,0.34816,1
16384,6144,gpu,131,vllm_ar,1.54829,1
16384,6144,gpu,131,rmsnorm,0.33997,1
16384,6144,gpu,131,add,0.35021,1
16384,6144,gpu,132,vllm_ar,1.55853,1
16384,6144,gpu,132,rmsnorm,0.33997,1
16384,6144,gpu,132,add,0.34816,1
16384,6144,gpu,133,vllm_ar,1.56467,1
16384,6144,gpu,133,rmsnorm,0.34099,1
16384,6144,gpu,133,add,0.34918,1
16384,6144,gpu,134,vllm_ar,1.56365,1
16384,6144,gpu,134,rmsnorm,0.33894,1
16384,6144,gpu,134,add,0.34918,1
16384,6144,gpu,135,vllm_ar,1.55136,1
16384,6144,gpu,135,rmsnorm,0.34304,1
16384,6144,gpu,135,add,0.35021,1
16384,6144,gpu,136,vllm_ar,1.55750,1
16384,6144,gpu,136,rmsnorm,0.34099,1
16384,6144,gpu,136,add,0.34918,1
16384,6144,gpu,137,vllm_ar,1.58925,1
16384,6144,gpu,137,rmsnorm,0.33894,1
16384,6144,gpu,137,add,0.35021,1
16384,6144,gpu,138,vllm_ar,1.57082,1
16384,6144,gpu,138,rmsnorm,0.33894,1
16384,6144,gpu,138,add,0.34918,1
16384,6144,gpu,139,vllm_ar,1.59437,1
16384,6144,gpu,139,rmsnorm,0.33997,1
16384,6144,gpu,139,add,0.35021,1
16384,6144,gpu,140,vllm_ar,1.55034,1
16384,6144,gpu,140,rmsnorm,0.33997,1
16384,6144,gpu,140,add,0.34918,1
16384,6144,gpu,141,vllm_ar,1.55853,1
16384,6144,gpu,141,rmsnorm,0.33997,1
16384,6144,gpu,141,add,0.34816,1
16384,6144,gpu,142,vllm_ar,1.55341,1
16384,6144,gpu,142,rmsnorm,0.33997,1
16384,6144,gpu,142,add,0.34918,1
16384,6144,gpu,143,vllm_ar,1.55341,1
16384,6144,gpu,143,rmsnorm,0.33997,1
16384,6144,gpu,143,add,0.35021,1
16384,6144,gpu,144,vllm_ar,1.56672,1
16384,6144,gpu,144,rmsnorm,0.33997,1
16384,6144,gpu,144,add,0.34714,1
16384,6144,gpu,145,vllm_ar,1.55238,1
16384,6144,gpu,145,rmsnorm,0.33894,1
16384,6144,gpu,145,add,0.34816,1
16384,6144,gpu,146,vllm_ar,1.56774,1
16384,6144,gpu,146,rmsnorm,0.33997,1
16384,6144,gpu,146,add,0.34816,1
16384,6144,gpu,147,vllm_ar,1.59232,1
16384,6144,gpu,147,rmsnorm,0.33997,1
16384,6144,gpu,147,add,0.35021,1
16384,6144,gpu,148,vllm_ar,1.57901,1
16384,6144,gpu,148,rmsnorm,0.33894,1
16384,6144,gpu,148,add,0.34816,1
16384,6144,gpu,149,vllm_ar,1.56672,1
16384,6144,gpu,149,rmsnorm,0.33894,1
16384,6144,gpu,149,add,0.34816,1
16384,6144,gpu,150,vllm_ar,1.57696,1
16384,6144,gpu,150,rmsnorm,0.33997,1
16384,6144,gpu,150,add,0.34816,1
16384,6144,gpu,151,vllm_ar,1.56160,1
16384,6144,gpu,151,rmsnorm,0.34099,1
16384,6144,gpu,151,add,0.34918,1
16384,6144,gpu,152,vllm_ar,1.57798,1
16384,6144,gpu,152,rmsnorm,0.33894,1
16384,6144,gpu,152,add,0.34816,1
16384,6144,gpu,153,vllm_ar,1.55443,1
16384,6144,gpu,153,rmsnorm,0.33997,1
16384,6144,gpu,153,add,0.34918,1
16384,6144,gpu,154,vllm_ar,1.55341,1
16384,6144,gpu,154,rmsnorm,0.34099,1
16384,6144,gpu,154,add,0.34918,1
16384,6144,gpu,155,vllm_ar,1.56774,1
16384,6144,gpu,155,rmsnorm,0.33997,1
16384,6144,gpu,155,add,0.35021,1
16384,6144,gpu,156,vllm_ar,1.55443,1
16384,6144,gpu,156,rmsnorm,0.33894,1
16384,6144,gpu,156,add,0.34918,1
16384,6144,gpu,157,vllm_ar,1.55443,1
16384,6144,gpu,157,rmsnorm,0.33894,1
16384,6144,gpu,157,add,0.34816,1
16384,6144,gpu,158,vllm_ar,1.55955,1
16384,6144,gpu,158,rmsnorm,0.33894,1
16384,6144,gpu,158,add,0.34918,1
16384,6144,gpu,159,vllm_ar,1.57798,1
16384,6144,gpu,159,rmsnorm,0.33894,1
16384,6144,gpu,159,add,0.34918,1
16384,6144,gpu,160,vllm_ar,1.58003,1
16384,6144,gpu,160,rmsnorm,0.34099,1
16384,6144,gpu,160,add,0.34918,1
16384,6144,gpu,161,vllm_ar,1.58003,1
16384,6144,gpu,161,rmsnorm,0.34099,1
16384,6144,gpu,161,add,0.34918,1
16384,6144,gpu,162,vllm_ar,1.56058,1
16384,6144,gpu,162,rmsnorm,0.33894,1
16384,6144,gpu,162,add,0.34816,1
16384,6144,gpu,163,vllm_ar,1.54931,1
16384,6144,gpu,163,rmsnorm,0.34202,1
16384,6144,gpu,163,add,0.35021,1
16384,6144,gpu,164,vllm_ar,1.54931,1
16384,6144,gpu,164,rmsnorm,0.34099,1
16384,6144,gpu,164,add,0.34816,1
16384,6144,gpu,165,vllm_ar,1.54931,1
16384,6144,gpu,165,rmsnorm,0.33894,1
16384,6144,gpu,165,add,0.34918,1
16384,6144,gpu,166,vllm_ar,1.55341,1
16384,6144,gpu,166,rmsnorm,0.33997,1
16384,6144,gpu,166,add,0.34918,1
16384,6144,gpu,167,vllm_ar,1.58003,1
16384,6144,gpu,167,rmsnorm,0.33997,1
16384,6144,gpu,167,add,0.35021,1
16384,6144,gpu,168,vllm_ar,1.57082,1
16384,6144,gpu,168,rmsnorm,0.34099,1
16384,6144,gpu,168,add,0.34816,1
16384,6144,gpu,169,vllm_ar,1.56570,1
16384,6144,gpu,169,rmsnorm,0.33894,1
16384,6144,gpu,169,add,0.34816,1
16384,6144,gpu,170,vllm_ar,1.84218,1
16384,6144,gpu,170,rmsnorm,0.34099,1
16384,6144,gpu,170,add,0.34816,1
16384,6144,gpu,171,vllm_ar,1.56877,1
16384,6144,gpu,171,rmsnorm,0.34099,1
16384,6144,gpu,171,add,0.34918,1
16384,6144,gpu,172,vllm_ar,1.57696,1
16384,6144,gpu,172,rmsnorm,0.34099,1
16384,6144,gpu,172,add,0.34918,1
16384,6144,gpu,173,vllm_ar,1.57696,1
16384,6144,gpu,173,rmsnorm,0.33997,1
16384,6144,gpu,173,add,0.34918,1
16384,6144,gpu,174,vllm_ar,1.56365,1
16384,6144,gpu,174,rmsnorm,0.33894,1
16384,6144,gpu,174,add,0.34918,1
16384,6144,gpu,175,vllm_ar,1.56467,1
16384,6144,gpu,175,rmsnorm,0.34099,1
16384,6144,gpu,175,add,0.35021,1
16384,6144,gpu,176,vllm_ar,1.55750,1
16384,6144,gpu,176,rmsnorm,0.33997,1
16384,6144,gpu,176,add,0.34816,1
16384,6144,gpu,177,vllm_ar,1.55955,1
16384,6144,gpu,177,rmsnorm,0.34202,1
16384,6144,gpu,177,add,0.34918,1
16384,6144,gpu,178,vllm_ar,1.55341,1
16384,6144,gpu,178,rmsnorm,0.34099,1
16384,6144,gpu,178,add,0.34918,1
16384,6144,gpu,179,vllm_ar,1.55546,1
16384,6144,gpu,179,rmsnorm,0.33894,1
16384,6144,gpu,179,add,0.34918,1
16384,6144,gpu,180,vllm_ar,1.55955,1
16384,6144,gpu,180,rmsnorm,0.33997,1
16384,6144,gpu,180,add,0.34816,1
16384,6144,gpu,181,vllm_ar,1.56877,1
16384,6144,gpu,181,rmsnorm,0.33997,1
16384,6144,gpu,181,add,0.34918,1
16384,6144,gpu,182,vllm_ar,1.56365,1
16384,6144,gpu,182,rmsnorm,0.33894,1
16384,6144,gpu,182,add,0.34816,1
16384,6144,gpu,183,vllm_ar,1.57798,1
16384,6144,gpu,183,rmsnorm,0.34202,1
16384,6144,gpu,183,add,0.35021,1
16384,6144,gpu,184,vllm_ar,1.56160,1
16384,6144,gpu,184,rmsnorm,0.33997,1
16384,6144,gpu,184,add,0.34918,1
16384,6144,gpu,185,vllm_ar,1.56262,1
16384,6144,gpu,185,rmsnorm,0.34202,1
16384,6144,gpu,185,add,0.34918,1
16384,6144,gpu,186,vllm_ar,1.57594,1
16384,6144,gpu,186,rmsnorm,0.34099,1
16384,6144,gpu,186,add,0.34714,1
16384,6144,gpu,187,vllm_ar,1.58003,1
16384,6144,gpu,187,rmsnorm,0.34202,1
16384,6144,gpu,187,add,0.35021,1
16384,6144,gpu,188,vllm_ar,1.56570,1
16384,6144,gpu,188,rmsnorm,0.34099,1
16384,6144,gpu,188,add,0.34918,1
16384,6144,gpu,189,vllm_ar,1.55238,1
16384,6144,gpu,189,rmsnorm,0.34202,1
16384,6144,gpu,189,add,0.34918,1
16384,6144,gpu,190,vllm_ar,1.56058,1
16384,6144,gpu,190,rmsnorm,0.33997,1
16384,6144,gpu,190,add,0.34816,1
16384,6144,gpu,191,vllm_ar,1.57286,1
16384,6144,gpu,191,rmsnorm,0.33792,1
16384,6144,gpu,191,add,0.35021,1
16384,6144,gpu,192,vllm_ar,1.57082,1
16384,6144,gpu,192,rmsnorm,0.33894,1
16384,6144,gpu,192,add,0.34918,1
16384,6144,gpu,193,vllm_ar,1.56058,1
16384,6144,gpu,193,rmsnorm,0.33894,1
16384,6144,gpu,193,add,0.34816,1
16384,6144,gpu,194,vllm_ar,1.57901,1
16384,6144,gpu,194,rmsnorm,0.33997,1
16384,6144,gpu,194,add,0.34918,1
16384,6144,gpu,195,vllm_ar,1.56160,1
16384,6144,gpu,195,rmsnorm,0.33997,1
16384,6144,gpu,195,add,0.34918,1
16384,6144,gpu,196,vllm_ar,1.56774,1
16384,6144,gpu,196,rmsnorm,0.33894,1
16384,6144,gpu,196,add,0.34918,1
16384,6144,gpu,197,vllm_ar,1.55955,1
16384,6144,gpu,197,rmsnorm,0.34099,1
16384,6144,gpu,197,add,0.34816,1
16384,6144,gpu,198,vllm_ar,1.55136,1
16384,6144,gpu,198,rmsnorm,0.33894,1
16384,6144,gpu,198,add,0.34816,1
16384,6144,gpu,199,vllm_ar,1.57798,1
16384,6144,gpu,199,rmsnorm,0.33997,1
16384,6144,gpu,199,add,0.35021,1
16384,6144,steady,0,vllm_ar,1.56614,1
16384,6144,steady,0,rmsnorm,0.34771,1
16384,6144,steady,0,add,0.34342,1
16384,6144,steady,1,vllm_ar,1.54842,1
16384,6144,steady,1,rmsnorm,0.34694,1
16384,6144,steady,1,add,0.34368,1
16384,6144,steady,2,vllm_ar,1.54720,1
16384,6144,steady,2,rmsnorm,0.34790,1
16384,6144,steady,2,add,0.34349,1
16384,6144,steady,3,vllm_ar,1.54618,1
16384,6144,steady,3,rmsnorm,0.34720,1
16384,6144,steady,3,add,0.34381,1
16384,6144,steady,4,vllm_ar,1.54816,1
16384,6144,steady,4,rmsnorm,0.34650,1
16384,6144,steady,4,add,0.34406,1
16384,6144,steady,5,vllm_ar,1.54714,1
16384,6144,steady,5,rmsnorm,0.34733,1
16384,6144,steady,5,add,0.34355,1
16384,6144,steady,6,vllm_ar,1.54682,1
16384,6144,steady,6,rmsnorm,0.34701,1
16384,6144,steady,6,add,0.34451,1
16384,6144,steady,7,vllm_ar,1.54624,1
16384,6144,steady,7,rmsnorm,0.34771,1
16384,6144,steady,7,add,0.34355,1
16384,6144,steady,8,vllm_ar,1.54598,1
16384,6144,steady,8,rmsnorm,0.34771,1
16384,6144,steady,8,add,0.34362,1
16384,6144,steady,9,vllm_ar,1.54726,1
16384,6144,steady,9,rmsnorm,0.34688,1
16384,6144,steady,9,add,0.34406,1
16384,6144,steady,10,vllm_ar,1.54854,1
16384,6144,steady,10,rmsnorm,0.34694,1
16384,6144,steady,10,add,0.34368,1
16384,6144,steady,11,vllm_ar,1.54630,1
16384,6144,steady,11,rmsnorm,0.34861,1
16384,6144,steady,11,add,0.34413,1
16384,6144,steady,12,vllm_ar,1.54950,1
16384,6144,steady,12,rmsnorm,0.34694,1
16384,6144,steady,12,add,0.34349,1
16384,6144,steady,13,vllm_ar,1.54848,1
16384,6144,steady,13,rmsnorm,0.34829,1
16384,6144,steady,13,add,0.34349,1
16384,6144,steady,14,vllm_ar,1.54669,1
16384,6144,steady,14,rmsnorm,0.34758,1
16384,6144,steady,14,add,0.34342,1
16384,6144,steady,15,vllm_ar,1.54656,1
16384,6144,steady,15,rmsnorm,0.34765,1
16384,6144,steady,15,add,0.34419,1
16384,6144,steady,16,vllm_ar,1.54739,1
16384,6144,steady,16,rmsnorm,0.34739,1
16384,6144,steady,16,add,0.34419,1
16384,6144,steady,17,vllm_ar,1.54726,1
16384,6144,steady,17,rmsnorm,0.34720,1
16384,6144,steady,17,add,0.34355,1
16384,6144,steady,18,vllm_ar,1.54758,1
16384,6144,steady,18,rmsnorm,0.34765,1
16384,6144,steady,18,add,0.34355,1
16384,6144,steady,19,vllm_ar,1.54720,1
16384,6144,steady,19,rmsnorm,0.34707,1
16384,6144,steady,19,add,0.34419,1
16384,6144,steady,20,vllm_ar,1.54470,1
16384,6144,steady,20,rmsnorm,0.34778,1
16384,6144,steady,20,add,0.34349,1
16384,6144,steady,21,vllm_ar,1.54861,1
16384,6144,steady,21,rmsnorm,0.34822,1
16384,6144,steady,21,add,0.34426,1
16384,6144,steady,22,vllm_ar,1.54848,1
16384,6144,steady,22,rmsnorm,0.34810,1
16384,6144,steady,22,add,0.34374,1
16384,6144,steady,23,vllm_ar,1.54810,1
16384,6144,steady,23,rmsnorm,0.34714,1
16384,6144,steady,23,add,0.34432,1
16384,6144,steady,24,vllm_ar,1.54630,1
16384,6144,steady,24,rmsnorm,0.34752,1
16384,6144,steady,24,add,0.34406,1
16384,6144,steady,25,vllm_ar,1.54707,1
16384,6144,steady,25,rmsnorm,0.34758,1
16384,6144,steady,25,add,0.34458,1
16384,6144,steady,26,vllm_ar,1.54694,1
16384,6144,steady,26,rmsnorm,0.34784,1
16384,6144,steady,26,add,0.34445,1
16384,6144,steady,27,vllm_ar,1.54624,1
16384,6144,steady,27,rmsnorm,0.34784,1
16384,6144,steady,27,add,0.34368,1
16384,6144,steady,28,vllm_ar,1.54643,1
16384,6144,steady,28,rmsnorm,0.34733,1
16384,6144,steady,28,add,0.34381,1
16384,6144,steady,29,vllm_ar,1.54579,1
16384,6144,steady,29,rmsnorm,0.34656,1
16384,6144,steady,29,add,0.34381,1
16384,6144,steady,30,vllm_ar,1.55142,1
16384,6144,steady,30,rmsnorm,0.34797,1
16384,6144,steady,30,add,0.34368,1
16384,6144,steady,31,vllm_ar,1.54816,1
16384,6144,steady,31,rmsnorm,0.34688,1
16384,6144,steady,31,add,0.34374,1
16384,6144,steady,32,vllm_ar,1.54835,1
16384,6144,steady,32,rmsnorm,0.34656,1
16384,6144,steady,32,add,0.34394,1
16384,6144,steady,33,vllm_ar,1.54842,1
16384,6144,steady,33,rmsnorm,0.34758,1
16384,6144,steady,33,add,0.34362,1
16384,6144,steady,34,vllm_ar,1.54643,1
16384,6144,steady,34,rmsnorm,0.34771,1
16384,6144,steady,34,add,0.34362,1
16384,6144,steady,35,vllm_ar,1.54886,1
16384,6144,steady,35,rmsnorm,0.34816,1
16384,6144,steady,35,add,0.34349,1
16384,6144,steady,36,vllm_ar,1.54739,1
16384,6144,steady,36,rmsnorm,0.34803,1
16384,6144,steady,36,add,0.34419,1
16384,6144,steady,37,vllm_ar,1.54656,1
16384,6144,steady,37,rmsnorm,0.34682,1
16384,6144,steady,37,add,0.34342,1
16384,6144,steady,38,vllm_ar,1.54784,1
16384,6144,steady,38,rmsnorm,0.34682,1
16384,6144,steady,38,add,0.34413,1
16384,6144,steady,39,vllm_ar,1.54816,1
16384,6144,steady,39,rmsnorm,0.34835,1
16384,6144,steady,39,add,0.34368,1
16384,6144,steady,40,vllm_ar,1.54835,1
16384,6144,steady,40,rmsnorm,0.34637,1
16384,6144,steady,40,add,0.34374,1
16384,6144,steady,41,vllm_ar,1.54906,1
16384,6144,steady,41,rmsnorm,0.34714,1
16384,6144,steady,41,add,0.34355,1
16384,6144,steady,42,vllm_ar,1.54586,1
16384,6144,steady,42,rmsnorm,0.34816,1
16384,6144,steady,42,add,0.34413,1
16384,6144,steady,43,vllm_ar,1.54694,1
16384,6144,steady,43,rmsnorm,0.34752,1
16384,6144,steady,43,add,0.34362,1
16384,6144,steady,44,vllm_ar,1.54886,1
16384,6144,steady,44,rmsnorm,0.34707,1
16384,6144,steady,44,add,0.34342,1
16384,6144,steady,45,vllm_ar,1.54848,1
16384,6144,steady,45,rmsnorm,0.34810,1
16384,6144,steady,45,add,0.34342,1
16384,6144,steady,46,vllm_ar,1.54803,1
16384,6144,steady,46,rmsnorm,0.34707,1
16384,6144,steady,46,add,0.34349,1
16384,6144,steady,47,vllm_ar,1.54675,1
16384,6144,steady,47,rmsnorm,0.34746,1
16384,6144,steady,47,add,0.34413,1
16384,6144,steady,48,vllm_ar,1.54752,1
16384,6144,steady,48,rmsnorm,0.34733,1
16384,6144,steady,48,add,0.34362,1
16384,6144,steady,49,vllm_ar,1.54605,1
16384,6144,steady,49,rmsnorm,0.34630,1
16384,6144,steady,49,add,0.34432,1
16384,6144,steady,50,vllm_ar,1.54835,1
16384,6144,steady,50,rmsnorm,0.34618,1
16384,6144,steady,50,add,0.34394,1
16384,6144,steady,51,vllm_ar,1.54650,1
16384,6144,steady,51,rmsnorm,0.34810,1
16384,6144,steady,51,add,0.34419,1
16384,6144,steady,52,vllm_ar,1.54483,1
16384,6144,steady,52,rmsnorm,0.34778,1
16384,6144,steady,52,add,0.34330,1
16384,6144,steady,53,vllm_ar,1.54650,1
16384,6144,steady,53,rmsnorm,0.34797,1
16384,6144,steady,53,add,0.34368,1
16384,6144,steady,54,vllm_ar,1.54554,1
16384,6144,steady,54,rmsnorm,0.34675,1
16384,6144,steady,54,add,0.34406,1
16384,6144,steady,55,vllm_ar,1.54714,1
16384,6144,steady,55,rmsnorm,0.34848,1
16384,6144,steady,55,add,0.34349,1
16384,6144,steady,56,vllm_ar,1.55123,1
16384,6144,steady,56,rmsnorm,0.34739,1
16384,6144,steady,56,add,0.34336,1
16384,6144,steady,57,vllm_ar,1.54694,1
16384,6144,steady,57,rmsnorm,0.34720,1
16384,6144,steady,57,add,0.34394,1
16384,6144,steady,58,vllm_ar,1.54490,1
16384,6144,steady,58,rmsnorm,0.34778,1
16384,6144,steady,58,add,0.34362,1
16384,6144,steady,59,vllm_ar,1.54714,1
16384,6144,steady,59,rmsnorm,0.34790,1
16384,6144,steady,59,add,0.34387,1
16384,6144,steady,60,vllm_ar,1.54592,1
16384,6144,steady,60,rmsnorm,0.34797,1
16384,6144,steady,60,add,0.34323,1
16384,6144,steady,61,vllm_ar,1.54778,1
16384,6144,steady,61,rmsnorm,0.34720,1
16384,6144,steady,61,add,0.34381,1
16384,6144,steady,62,vllm_ar,1.54957,1
16384,6144,steady,62,rmsnorm,0.34803,1
16384,6144,steady,62,add,0.34374,1
16384,6144,steady,63,vllm_ar,1.54733,1
16384,6144,steady,63,rmsnorm,0.34714,1
16384,6144,steady,63,add,0.34406,1
16384,6144,steady,64,vllm_ar,1.54566,1
16384,6144,steady,64,rmsnorm,0.34707,1
16384,6144,steady,64,add,0.34400,1
16384,6144,steady,65,vllm_ar,1.54982,1
16384,6144,steady,65,rmsnorm,0.34598,1
16384,6144,steady,65,add,0.34419,1
16384,6144,steady,66,vllm_ar,1.54790,1
16384,6144,steady,66,rmsnorm,0.34842,1
16384,6144,steady,66,add,0.34362,1
16384,6144,steady,67,vllm_ar,1.54829,1
16384,6144,steady,67,rmsnorm,0.34778,1
16384,6144,steady,67,add,0.34400,1
16384,6144,steady,68,vllm_ar,1.54893,1
16384,6144,steady,68,rmsnorm,0.34618,1
16384,6144,steady,68,add,0.34374,1
16384,6144,steady,69,vllm_ar,1.54803,1
16384,6144,steady,69,rmsnorm,0.34758,1
16384,6144,steady,69,add,0.34355,1
16384,6144,steady,70,vllm_ar,1.54854,1
16384,6144,steady,70,rmsnorm,0.34810,1
16384,6144,steady,70,add,0.34374,1
16384,6144,steady,71,vllm_ar,1.54662,1
16384,6144,steady,71,rmsnorm,0.34886,1
16384,6144,steady,71,add,0.34336,1
16384,6144,steady,72,vllm_ar,1.54886,1
16384,6144,steady,72,rmsnorm,0.34746,1
16384,6144,steady,72,add,0.34342,1
16384,6144,steady,73,vllm_ar,1.54656,1
16384,6144,steady,73,rmsnorm,0.34707,1
16384,6144,steady,73,add,0.34362,1
16384,6144,steady,74,vllm_ar,1.54720,1
16384,6144,steady,74,rmsnorm,0.34650,1
16384,6144,steady,74,add,0.34406,1
16384,6144,steady,75,vllm_ar,1.54797,1
16384,6144,steady,75,rmsnorm,0.34662,1
16384,6144,steady,75,add,0.34374,1
16384,6144,steady,76,vllm_ar,1.54886,1
16384,6144,steady,76,rmsnorm,0.34714,1
16384,6144,steady,76,add,0.34406,1
16384,6144,steady,77,vllm_ar,1.54726,1
16384,6144,steady,77,rmsnorm,0.34682,1
16384,6144,steady,77,add,0.34381,1
16384,6144,steady,78,vllm_ar,1.54432,1
16384,6144,steady,78,rmsnorm,0.34854,1
16384,6144,steady,78,add,0.34323,1
16384,6144,steady,79,vllm_ar,1.54630,1
16384,6144,steady,79,rmsnorm,0.34867,1
16384,6144,steady,79,add,0.34349,1
16384,6144,steady,80,vllm_ar,1.54797,1
16384,6144,steady,80,rmsnorm,0.34726,1
16384,6144,steady,80,add,0.34400,1
16384,6144,steady,81,vllm_ar,1.54854,1
16384,6144,steady,81,rmsnorm,0.34656,1
16384,6144,steady,81,add,0.34342,1
16384,6144,steady,82,vllm_ar,1.54573,1
16384,6144,steady,82,rmsnorm,0.34797,1
16384,6144,steady,82,add,0.34374,1
16384,6144,steady,83,vllm_ar,1.54502,1
16384,6144,steady,83,rmsnorm,0.34739,1
16384,6144,steady,83,add,0.34387,1
16384,6144,steady,84,vllm_ar,1.54995,1
16384,6144,steady,84,rmsnorm,0.34835,1
16384,6144,steady,84,add,0.34387,1
16384,6144,steady,85,vllm_ar,1.54490,1
16384,6144,steady,85,rmsnorm,0.34765,1
16384,6144,steady,85,add,0.34330,1
16384,6144,steady,86,vllm_ar,1.54771,1
16384,6144,steady,86,rmsnorm,0.34810,1
16384,6144,steady,86,add,0.34400,1
16384,6144,steady,87,vllm_ar,1.54694,1
16384,6144,steady,87,rmsnorm,0.34675,1
16384,6144,steady,87,add,0.34349,1
16384,6144,steady,88,vllm_ar,1.54726,1
16384,6144,steady,88,rmsnorm,0.34618,1
16384,6144,steady,88,add,0.34368,1
16384,6144,steady,89,vllm_ar,1.54611,1
16384,6144,steady,89,rmsnorm,0.34650,1
16384,6144,steady,89,add,0.34406,1
16384,6144,steady,90,vllm_ar,1.54899,1
16384,6144,steady,90,rmsnorm,0.34746,1
16384,6144,steady,90,add,0.34438,1
16384,6144,steady,91,vllm_ar,1.54829,1
16384,6144,steady,91,rmsnorm,0.34778,1
16384,6144,steady,91,add,0.34336,1
16384,6144,steady,92,vllm_ar,1.54797,1
16384,6144,steady,92,rmsnorm,0.34765,1
16384,6144,steady,92,add,0.34406,1
16384,6144,steady,93,vllm_ar,1.54803,1
16384,6144,steady,93,rmsnorm,0.34733,1
16384,6144,steady,93,add,0.34374,1
16384,6144,steady,94,vllm_ar,1.55091,1
16384,6144,steady,94,rmsnorm,0.34778,1
16384,6144,steady,94,add,0.34349,1
16384,6144,steady,95,vllm_ar,1.54701,1
16384,6144,steady,95,rmsnorm,0.34733,1
16384,6144,steady,95,add,0.34349,1
16384,6144,steady,96,vllm_ar,1.54995,1
16384,6144,steady,96,rmsnorm,0.34688,1
16384,6144,steady,96,add,0.34342,1
16384,6144,steady,97,vllm_ar,1.54669,1
16384,6144,steady,97,rmsnorm,0.34701,1
16384,6144,steady,97,add,0.34419,1
16384,6144,steady,98,vllm_ar,1.54803,1
16384,6144,steady,98,rmsnorm,0.34707,1
16384,6144,steady,98,add,0.34349,1
16384,6144,steady,99,vllm_ar,1.54739,1
16384,6144,steady,99,rmsnorm,0.34918,1
16384,6144,steady,99,add,0.34355,1
