group,dim0,dim1,M,mode,round,item,order_pos,rank_max_ms,rank_min_ms,rank0_ms,cpu_launch_rank_max_ms,min_sm_clock_mhz,kept
ag,2560,5120,16,gpu,0,c_cublas,0,0.07066,0.03686,0.07066,0.04669,0,1
ag,2560,5120,16,gpu,0,c_fluxgemm,3,0.06963,0.06451,0.06451,0.04153,0,1
ag,2560,5120,16,gpu,0,c_flux_ag,1,0.04406,0.04166,0.04166,0.04823,0,1
ag,2560,5120,16,gpu,0,A_fused,2,0.09728,0.09421,0.09421,0.06719,0,1
ag,2560,5120,16,gpu,1,c_cublas,3,0.03789,0.03482,0.03482,0.04250,0,1
ag,2560,5120,16,gpu,1,c_fluxgemm,0,0.06963,0.06246,0.06246,0.03716,0,1
ag,2560,5120,16,gpu,1,c_flux_ag,2,0.04192,0.04125,0.04192,0.03772,0,1
ag,2560,5120,16,gpu,1,A_fused,1,0.09728,0.09421,0.09421,0.06023,0,1
ag,2560,5120,16,gpu,2,c_cublas,3,0.03789,0.03482,0.03482,0.04038,0,1
ag,2560,5120,16,gpu,2,c_fluxgemm,2,0.06861,0.06246,0.06246,0.03684,0,1
ag,2560,5120,16,gpu,2,c_flux_ag,1,0.04573,0.04355,0.04573,0.03547,0,1
ag,2560,5120,16,gpu,2,A_fused,0,0.10035,0.09626,0.09626,0.06526,0,1
ag,2560,5120,16,gpu,3,c_cublas,3,0.03789,0.03584,0.03584,0.04184,0,1
ag,2560,5120,16,gpu,3,c_fluxgemm,0,0.07066,0.06144,0.06144,0.04491,0,1
ag,2560,5120,16,gpu,3,c_flux_ag,2,0.04298,0.03898,0.03898,0.03590,0,1
ag,2560,5120,16,gpu,3,A_fused,1,0.10240,0.09523,0.09523,0.06034,0,1
ag,2560,5120,16,gpu,4,c_cublas,2,0.03789,0.03686,0.03686,0.03907,0,1
ag,2560,5120,16,gpu,4,c_fluxgemm,1,0.07782,0.06349,0.06349,0.03820,0,1
ag,2560,5120,16,gpu,4,c_flux_ag,0,0.04762,0.04285,0.04285,0.04115,0,1
ag,2560,5120,16,gpu,4,A_fused,3,0.10138,0.09626,0.09626,0.06226,0,1
ag,2560,5120,16,gpu,5,c_cublas,2,0.03789,0.03584,0.03584,0.03934,0,1
ag,2560,5120,16,gpu,5,c_fluxgemm,3,0.06963,0.06349,0.06349,0.03960,0,1
ag,2560,5120,16,gpu,5,c_flux_ag,0,0.04755,0.04605,0.04605,0.04971,0,1
ag,2560,5120,16,gpu,5,A_fused,1,0.10445,0.09421,0.09421,0.05895,0,1
ag,2560,5120,16,gpu,6,c_cublas,0,0.03686,0.03584,0.03584,0.03898,0,1
ag,2560,5120,16,gpu,6,c_fluxgemm,3,0.06963,0.06246,0.06246,0.03687,0,1
ag,2560,5120,16,gpu,6,c_flux_ag,2,0.04365,0.04179,0.04365,0.03626,0,1
ag,2560,5120,16,gpu,6,A_fused,1,0.09933,0.09318,0.09318,0.06280,0,1
ag,2560,5120,16,gpu,7,c_cublas,3,0.03686,0.03482,0.03482,0.03965,0,1
ag,2560,5120,16,gpu,7,c_fluxgemm,1,0.07066,0.06349,0.06349,0.03851,0,1
ag,2560,5120,16,gpu,7,c_flux_ag,0,0.04397,0.04067,0.04397,0.04926,0,1
ag,2560,5120,16,gpu,7,A_fused,2,0.09933,0.09421,0.09421,0.05843,0,1
ag,2560,5120,16,gpu,8,c_cublas,0,0.03686,0.03482,0.03482,0.03642,0,1
ag,2560,5120,16,gpu,8,c_fluxgemm,3,0.07270,0.06349,0.06349,0.03547,0,1
ag,2560,5120,16,gpu,8,c_flux_ag,1,0.04541,0.04531,0.04531,0.04178,0,1
ag,2560,5120,16,gpu,8,A_fused,2,0.09728,0.09626,0.09626,0.05774,0,1
ag,2560,5120,16,gpu,9,c_cublas,1,0.03686,0.03482,0.03482,0.03893,0,1
ag,2560,5120,16,gpu,9,c_fluxgemm,2,0.06963,0.06246,0.06246,0.03879,0,1
ag,2560,5120,16,gpu,9,c_flux_ag,3,0.04662,0.04464,0.04464,0.03966,0,1
ag,2560,5120,16,gpu,9,A_fused,0,0.10138,0.09626,0.09626,0.06142,0,1
ag,2560,5120,16,gpu,10,c_cublas,1,0.03789,0.03584,0.03584,0.03939,0,1
ag,2560,5120,16,gpu,10,c_fluxgemm,0,0.07270,0.06246,0.06246,0.03972,0,1
ag,2560,5120,16,gpu,10,c_flux_ag,2,0.04979,0.04662,0.04979,0.04137,0,1
ag,2560,5120,16,gpu,10,A_fused,3,0.09933,0.09421,0.09421,0.05764,0,1
ag,2560,5120,16,gpu,11,c_cublas,1,0.03789,0.03482,0.03482,0.03988,0,1
ag,2560,5120,16,gpu,11,c_fluxgemm,0,0.07066,0.06144,0.06144,0.03804,0,1
ag,2560,5120,16,gpu,11,c_flux_ag,3,0.04195,0.03856,0.03856,0.03505,0,1
ag,2560,5120,16,gpu,11,A_fused,2,0.10752,0.10240,0.10240,0.06116,0,1
ag,2560,5120,16,gpu,12,c_cublas,0,0.03686,0.03584,0.03584,0.03960,0,1
ag,2560,5120,16,gpu,12,c_fluxgemm,1,0.06963,0.06246,0.06246,0.03919,0,1
ag,2560,5120,16,gpu,12,c_flux_ag,2,0.04397,0.04291,0.04397,0.03995,0,1
ag,2560,5120,16,gpu,12,A_fused,3,0.09830,0.09728,0.09830,0.06232,0,1
ag,2560,5120,16,gpu,13,c_cublas,0,0.03789,0.03482,0.03482,0.03917,0,1
ag,2560,5120,16,gpu,13,c_fluxgemm,1,0.07373,0.06246,0.06246,0.03915,0,1
ag,2560,5120,16,gpu,13,c_flux_ag,2,0.04672,0.04381,0.04672,0.04160,0,1
ag,2560,5120,16,gpu,13,A_fused,3,0.09728,0.09114,0.09114,0.06629,0,1
ag,2560,5120,16,gpu,14,c_cublas,2,0.03789,0.03482,0.03482,0.03948,0,1
ag,2560,5120,16,gpu,14,c_fluxgemm,3,0.06963,0.06246,0.06246,0.04691,0,1
ag,2560,5120,16,gpu,14,c_flux_ag,1,0.04499,0.04048,0.04499,0.03476,0,1
ag,2560,5120,16,gpu,14,A_fused,0,0.10035,0.09216,0.09216,0.05999,0,1
ag,2560,5120,16,gpu,15,c_cublas,2,0.03789,0.03584,0.03584,0.04711,0,1
ag,2560,5120,16,gpu,15,c_fluxgemm,3,0.06963,0.06246,0.06246,0.04698,0,1
ag,2560,5120,16,gpu,15,c_flux_ag,0,0.79213,0.06416,0.79213,0.04273,0,1
ag,2560,5120,16,gpu,15,A_fused,1,0.10240,0.09216,0.09216,0.05724,0,1
ag,2560,5120,16,gpu,16,c_cublas,1,0.03891,0.03686,0.03686,0.03956,0,1
ag,2560,5120,16,gpu,16,c_fluxgemm,3,0.06963,0.06246,0.06246,0.03753,0,1
ag,2560,5120,16,gpu,16,c_flux_ag,0,0.04707,0.04496,0.04496,0.04091,0,1
ag,2560,5120,16,gpu,16,A_fused,2,0.10138,0.09216,0.09216,0.06243,0,1
ag,2560,5120,16,gpu,17,c_cublas,1,0.03789,0.03584,0.03584,0.03942,0,1
ag,2560,5120,16,gpu,17,c_fluxgemm,0,0.06963,0.06246,0.06246,0.03715,0,1
ag,2560,5120,16,gpu,17,c_flux_ag,3,0.04170,0.03990,0.03990,0.03626,0,1
ag,2560,5120,16,gpu,17,A_fused,2,0.10240,0.09830,0.09830,0.06265,0,1
ag,2560,5120,16,gpu,18,c_cublas,3,0.03686,0.03584,0.03584,0.03923,0,1
ag,2560,5120,16,gpu,18,c_fluxgemm,0,0.06963,0.06144,0.06144,0.03800,0,1
ag,2560,5120,16,gpu,18,c_flux_ag,1,0.04573,0.04550,0.04573,0.03866,0,1
ag,2560,5120,16,gpu,18,A_fused,2,0.09830,0.09114,0.09114,0.05727,0,1
ag,2560,5120,16,gpu,19,c_cublas,3,0.03686,0.03584,0.03584,0.04106,0,1
ag,2560,5120,16,gpu,19,c_fluxgemm,2,0.06963,0.06246,0.06246,0.03730,0,1
ag,2560,5120,16,gpu,19,c_flux_ag,1,0.04438,0.04291,0.04291,0.04452,0,1
ag,2560,5120,16,gpu,19,A_fused,0,0.10342,0.09523,0.09523,0.06327,0,1
ag,2560,5120,16,gpu,20,c_cublas,1,0.03686,0.03482,0.03482,0.03841,1155,0
ag,2560,5120,16,gpu,20,c_fluxgemm,0,0.07270,0.06349,0.06349,0.04034,1155,0
ag,2560,5120,16,gpu,20,c_flux_ag,3,0.04589,0.04394,0.04589,0.03754,1155,0
ag,2560,5120,16,gpu,20,A_fused,2,0.09830,0.09421,0.09421,0.06390,1155,0
ag,2560,5120,16,gpu,21,c_cublas,0,0.03789,0.03584,0.03584,0.03918,1155,0
ag,2560,5120,16,gpu,21,c_fluxgemm,1,0.06963,0.06246,0.06246,0.04040,1155,0
ag,2560,5120,16,gpu,21,c_flux_ag,2,0.04397,0.04090,0.04090,0.04011,1155,0
ag,2560,5120,16,gpu,21,A_fused,3,0.09728,0.09523,0.09523,0.06700,1155,0
ag,2560,5120,16,gpu,22,c_cublas,2,0.03891,0.03686,0.03686,0.03967,1155,0
ag,2560,5120,16,gpu,22,c_fluxgemm,1,0.07066,0.06451,0.06451,0.03850,1155,0
ag,2560,5120,16,gpu,22,c_flux_ag,0,0.04605,0.04560,0.04605,0.04050,1155,0
ag,2560,5120,16,gpu,22,A_fused,3,0.09933,0.09318,0.09318,0.06253,1155,0
ag,2560,5120,16,gpu,23,c_cublas,3,0.03686,0.03584,0.03584,0.04000,1155,0
ag,2560,5120,16,gpu,23,c_fluxgemm,1,0.06963,0.06451,0.06451,0.03636,1155,0
ag,2560,5120,16,gpu,23,c_flux_ag,2,0.04672,0.04554,0.04672,0.03814,1155,0
ag,2560,5120,16,gpu,23,A_fused,0,0.10240,0.09421,0.09421,0.05871,1155,0
ag,2560,5120,16,gpu,24,c_cublas,1,0.03686,0.03584,0.03584,0.03870,1155,0
ag,2560,5120,16,gpu,24,c_fluxgemm,3,0.06861,0.06451,0.06451,0.04312,1155,0
ag,2560,5120,16,gpu,24,c_flux_ag,0,0.04480,0.04266,0.04266,0.04217,1155,0
ag,2560,5120,16,gpu,24,A_fused,2,0.09830,0.09626,0.09626,0.06176,1155,0
ag,2560,5120,16,gpu,25,c_cublas,2,0.03686,0.03482,0.03482,0.03924,1155,0
ag,2560,5120,16,gpu,25,c_fluxgemm,0,0.06963,0.06246,0.06246,0.03587,1155,0
ag,2560,5120,16,gpu,25,c_flux_ag,3,0.04157,0.04045,0.04157,0.04125,1155,0
ag,2560,5120,16,gpu,25,A_fused,1,0.10138,0.09421,0.09421,0.05884,1155,0
ag,2560,5120,16,gpu,26,c_cublas,0,0.03686,0.03584,0.03584,0.03973,1155,0
ag,2560,5120,16,gpu,26,c_fluxgemm,1,0.07168,0.06246,0.06246,0.04051,1155,0
ag,2560,5120,16,gpu,26,c_flux_ag,3,0.04362,0.04061,0.04362,0.04358,1155,0
ag,2560,5120,16,gpu,26,A_fused,2,0.10138,0.09216,0.09216,0.06056,1155,0
ag,2560,5120,16,gpu,27,c_cublas,2,0.03891,0.03686,0.03686,0.03859,1155,0
ag,2560,5120,16,gpu,27,c_fluxgemm,1,0.07168,0.06656,0.06656,0.03807,1155,0
ag,2560,5120,16,gpu,27,c_flux_ag,0,0.04275,0.04013,0.04013,0.03823,1155,0
ag,2560,5120,16,gpu,27,A_fused,3,0.10035,0.09933,0.09933,0.06956,1155,0
ag,2560,5120,16,gpu,28,c_cublas,1,0.03686,0.03482,0.03482,0.03909,1155,0
ag,2560,5120,16,gpu,28,c_fluxgemm,0,0.06963,0.06246,0.06246,0.03823,1155,0
ag,2560,5120,16,gpu,28,c_flux_ag,3,0.04326,0.04157,0.04157,0.03728,1155,0
ag,2560,5120,16,gpu,28,A_fused,2,0.10138,0.09523,0.09523,0.06291,1155,0
ag,2560,5120,16,gpu,29,c_cublas,2,0.03686,0.03584,0.03584,0.04319,1155,0
ag,2560,5120,16,gpu,29,c_fluxgemm,3,0.07475,0.06349,0.06349,0.03975,1155,0
ag,2560,5120,16,gpu,29,c_flux_ag,1,0.04368,0.04006,0.04368,0.03717,1155,0
ag,2560,5120,16,gpu,29,A_fused,0,0.10035,0.09523,0.09523,0.05917,1155,0
ag,2560,5120,16,gpu,30,c_cublas,2,0.03789,0.03686,0.03686,0.03879,1155,0
ag,2560,5120,16,gpu,30,c_fluxgemm,0,0.06963,0.06246,0.06246,0.03664,1155,0
ag,2560,5120,16,gpu,30,c_flux_ag,3,0.04294,0.04058,0.04294,0.04148,1155,0
ag,2560,5120,16,gpu,30,A_fused,1,0.10342,0.09318,0.09318,0.06074,1155,0
ag,2560,5120,16,gpu,31,c_cublas,1,0.03686,0.03482,0.03482,0.03907,1155,0
ag,2560,5120,16,gpu,31,c_fluxgemm,0,0.07270,0.06246,0.06246,0.04001,1155,0
ag,2560,5120,16,gpu,31,c_flux_ag,3,0.04394,0.03968,0.04394,0.03664,1155,0
ag,2560,5120,16,gpu,31,A_fused,2,0.10035,0.09216,0.09216,0.06293,1155,0
ag,2560,5120,16,gpu,32,c_cublas,3,0.03686,0.03584,0.03584,0.03972,1155,0
ag,2560,5120,16,gpu,32,c_fluxgemm,2,0.06963,0.06144,0.06144,0.04478,1155,0
ag,2560,5120,16,gpu,32,c_flux_ag,1,0.04710,0.04042,0.04710,0.03550,1155,0
ag,2560,5120,16,gpu,32,A_fused,0,0.10240,0.09830,0.09830,0.06145,1155,0
ag,2560,5120,16,gpu,33,c_cublas,0,0.03686,0.03584,0.03584,0.03562,1155,0
ag,2560,5120,16,gpu,33,c_fluxgemm,3,0.07066,0.06349,0.06349,0.03603,1155,0
ag,2560,5120,16,gpu,33,c_flux_ag,1,0.04611,0.04262,0.04262,0.04192,1155,0
ag,2560,5120,16,gpu,33,A_fused,2,0.10035,0.09114,0.09114,0.05804,1155,0
ag,2560,5120,16,gpu,34,c_cublas,1,0.03686,0.03482,0.03482,0.03939,1155,0
ag,2560,5120,16,gpu,34,c_fluxgemm,0,0.06861,0.06451,0.06451,0.03767,1155,0
ag,2560,5120,16,gpu,34,c_flux_ag,2,0.04627,0.04454,0.04454,0.05058,1155,0
ag,2560,5120,16,gpu,34,A_fused,3,0.09318,0.08909,0.09318,0.05826,1155,0
ag,2560,5120,16,gpu,35,c_cublas,1,0.03482,0.03482,0.03482,0.04018,1155,0
ag,2560,5120,16,gpu,35,c_fluxgemm,3,0.06554,0.06144,0.06144,0.04227,1155,0
ag,2560,5120,16,gpu,35,c_flux_ag,2,1.72259,1.69130,1.69130,3.11863,1155,0
ag,2560,5120,16,gpu,35,A_fused,0,0.66150,0.12083,0.12083,0.06559,1155,0
ag,2560,5120,16,gpu,36,c_cublas,1,0.03584,0.03482,0.03584,0.04096,1155,0
ag,2560,5120,16,gpu,36,c_fluxgemm,0,0.06349,0.06144,0.06144,0.03862,1155,0
ag,2560,5120,16,gpu,36,c_flux_ag,2,0.04067,0.04058,0.04058,0.05062,1155,0
ag,2560,5120,16,gpu,36,A_fused,3,0.09011,0.08704,0.09011,0.06104,1155,0
ag,2560,5120,16,gpu,37,c_cublas,0,0.03482,0.03482,0.03482,0.03994,1155,0
ag,2560,5120,16,gpu,37,c_fluxgemm,2,0.06246,0.06144,0.06144,0.03613,1155,0
ag,2560,5120,16,gpu,37,c_flux_ag,3,0.03747,0.03296,0.03747,0.03806,1155,0
ag,2560,5120,16,gpu,37,A_fused,1,0.09011,0.08602,0.09011,0.06866,1155,0
ag,2560,5120,16,gpu,38,c_cublas,2,0.03584,0.03482,0.03584,0.03927,1155,0
ag,2560,5120,16,gpu,38,c_fluxgemm,1,0.06144,0.06144,0.06144,0.03530,1155,0
ag,2560,5120,16,gpu,38,c_flux_ag,3,0.04141,0.03680,0.03680,0.04073,1155,0
ag,2560,5120,16,gpu,38,A_fused,0,0.09318,0.09011,0.09011,0.06083,1155,0
ag,2560,5120,16,gpu,39,c_cublas,2,0.03584,0.03482,0.03584,0.03964,1155,0
ag,2560,5120,16,gpu,39,c_fluxgemm,1,0.06554,0.06144,0.06144,0.04267,1155,0
ag,2560,5120,16,gpu,39,c_flux_ag,3,0.03882,0.03792,0.03792,0.04217,1155,0
ag,2560,5120,16,gpu,39,A_fused,0,0.09216,0.08909,0.08909,0.06141,1155,0
ag,2560,5120,16,gpu,40,c_cublas,3,0.03584,0.03482,0.03482,0.04802,1155,0
ag,2560,5120,16,gpu,40,c_fluxgemm,2,0.06349,0.06144,0.06349,0.03555,1155,0
ag,2560,5120,16,gpu,40,c_flux_ag,0,0.03923,0.03693,0.03923,0.03690,1155,0
ag,2560,5120,16,gpu,40,A_fused,1,0.09421,0.08909,0.08909,0.05878,1155,0
ag,2560,5120,16,gpu,41,c_cublas,0,0.03482,0.03482,0.03482,0.03625,1155,0
ag,2560,5120,16,gpu,41,c_fluxgemm,1,0.06554,0.06144,0.06554,0.04020,1155,0
ag,2560,5120,16,gpu,41,c_flux_ag,2,0.04474,0.04368,0.04474,0.04001,1155,0
ag,2560,5120,16,gpu,41,A_fused,3,0.09421,0.09011,0.09421,0.05712,1155,0
ag,2560,5120,16,gpu,42,c_cublas,0,0.03482,0.03482,0.03482,0.04000,1155,0
ag,2560,5120,16,gpu,42,c_fluxgemm,1,0.06349,0.06144,0.06349,0.03997,1155,0
ag,2560,5120,16,gpu,42,c_flux_ag,2,0.04410,0.04269,0.04410,0.03986,1155,0
ag,2560,5120,16,gpu,42,A_fused,3,0.09216,0.09114,0.09114,0.05661,1155,0
ag,2560,5120,16,gpu,43,c_cublas,2,0.03482,0.03482,0.03482,0.03898,1155,0
ag,2560,5120,16,gpu,43,c_fluxgemm,0,0.06246,0.06144,0.06246,0.03776,1155,0
ag,2560,5120,16,gpu,43,c_flux_ag,3,0.04467,0.03910,0.04467,0.04187,1155,0
ag,2560,5120,16,gpu,43,A_fused,1,0.09626,0.09216,0.09626,0.05749,1155,0
ag,2560,5120,16,gpu,44,c_cublas,0,0.03584,0.03482,0.03482,0.03871,1155,0
ag,2560,5120,16,gpu,44,c_fluxgemm,1,0.06656,0.06349,0.06656,0.04188,1155,0
ag,2560,5120,16,gpu,44,c_flux_ag,2,0.04419,0.04058,0.04058,0.04101,1155,0
ag,2560,5120,16,gpu,44,A_fused,3,0.09318,0.09216,0.09216,0.06073,1155,0
ag,2560,5120,16,gpu,45,c_cublas,0,0.03584,0.03482,0.03584,0.03998,1155,0
ag,2560,5120,16,gpu,45,c_fluxgemm,2,0.06246,0.06246,0.06246,0.03578,1155,0
ag,2560,5120,16,gpu,45,c_flux_ag,3,0.04771,0.04170,0.04771,0.03971,1155,0
ag,2560,5120,16,gpu,45,A_fused,1,0.09216,0.08909,0.09216,0.06254,1155,0
ag,2560,5120,16,gpu,46,c_cublas,1,0.03584,0.03584,0.03584,0.03971,1155,0
ag,2560,5120,16,gpu,46,c_fluxgemm,3,0.06246,0.06144,0.06246,0.03765,1155,0
ag,2560,5120,16,gpu,46,c_flux_ag,2,0.04474,0.04250,0.04250,0.04070,1155,0
ag,2560,5120,16,gpu,46,A_fused,0,0.09216,0.08909,0.09216,0.06540,1155,0
ag,2560,5120,16,gpu,47,c_cublas,2,0.03584,0.03584,0.03584,0.04752,1410,1
ag,2560,5120,16,gpu,47,c_fluxgemm,0,0.06451,0.06246,0.06246,0.03986,1410,1
ag,2560,5120,16,gpu,47,c_flux_ag,1,0.04378,0.04272,0.04272,0.04052,1410,1
ag,2560,5120,16,gpu,47,A_fused,3,0.09523,0.09523,0.09523,0.06330,1410,1
ag,2560,5120,16,gpu,48,c_cublas,2,0.03584,0.03584,0.03584,0.03963,1410,1
ag,2560,5120,16,gpu,48,c_fluxgemm,0,0.06246,0.06144,0.06246,0.03892,1410,1
ag,2560,5120,16,gpu,48,c_flux_ag,3,0.04474,0.04464,0.04464,0.04128,1410,1
ag,2560,5120,16,gpu,48,A_fused,1,0.09728,0.09421,0.09728,0.05880,1410,1
ag,2560,5120,16,gpu,49,c_cublas,3,0.03482,0.03482,0.03482,0.03980,1410,1
ag,2560,5120,16,gpu,49,c_fluxgemm,0,0.06246,0.06144,0.06246,0.03907,1410,1
ag,2560,5120,16,gpu,49,c_flux_ag,1,0.04570,0.04077,0.04570,0.04315,1410,1
ag,2560,5120,16,gpu,49,A_fused,2,0.09421,0.08909,0.09421,0.05784,1410,1
ag,2560,5120,16,gpu,50,c_cublas,1,0.03584,0.03482,0.03482,0.03923,1410,1
ag,2560,5120,16,gpu,50,c_fluxgemm,2,0.06451,0.06451,0.06451,0.03910,1410,1
ag,2560,5120,16,gpu,50,c_flux_ag,3,0.04202,0.04042,0.04202,0.03962,1410,1
ag,2560,5120,16,gpu,50,A_fused,0,0.09728,0.09216,0.09728,0.07539,1410,1
ag,2560,5120,16,gpu,51,c_cublas,0,0.03584,0.03584,0.03584,0.04016,1410,1
ag,2560,5120,16,gpu,51,c_fluxgemm,2,0.06144,0.06144,0.06144,0.03858,1410,1
ag,2560,5120,16,gpu,51,c_flux_ag,3,0.04669,0.04371,0.04669,0.03888,1410,1
ag,2560,5120,16,gpu,51,A_fused,1,0.09421,0.09421,0.09421,0.07009,1410,1
ag,2560,5120,16,gpu,52,c_cublas,3,0.03584,0.03584,0.03584,0.04014,1410,1
ag,2560,5120,16,gpu,52,c_fluxgemm,1,0.06144,0.06144,0.06144,0.03510,1410,1
ag,2560,5120,16,gpu,52,c_flux_ag,2,0.04570,0.04106,0.04570,0.03869,1410,1
ag,2560,5120,16,gpu,52,A_fused,0,0.09216,0.09216,0.09216,0.06069,1410,1
ag,2560,5120,16,gpu,53,c_cublas,0,0.03482,0.03379,0.03482,0.03668,1410,1
ag,2560,5120,16,gpu,53,c_fluxgemm,3,0.06246,0.06246,0.06246,0.03714,1410,1
ag,2560,5120,16,gpu,53,c_flux_ag,1,0.04374,0.04074,0.04374,0.04215,1410,1
ag,2560,5120,16,gpu,53,A_fused,2,0.09318,0.09216,0.09318,0.06144,1410,1
ag,2560,5120,16,gpu,54,c_cublas,1,0.03584,0.03584,0.03584,0.04688,1410,1
ag,2560,5120,16,gpu,54,c_fluxgemm,0,0.06246,0.06144,0.06246,0.03532,1410,1
ag,2560,5120,16,gpu,54,c_flux_ag,3,0.04170,0.03987,0.03987,0.03498,1410,1
ag,2560,5120,16,gpu,54,A_fused,2,0.09421,0.09421,0.09421,0.06259,1410,1
ag,2560,5120,16,gpu,55,c_cublas,3,0.03584,0.03482,0.03482,0.04015,1410,1
ag,2560,5120,16,gpu,55,c_fluxgemm,2,0.06246,0.06144,0.06246,0.03705,1410,1
ag,2560,5120,16,gpu,55,c_flux_ag,0,0.04384,0.04035,0.04035,0.03732,1410,1
ag,2560,5120,16,gpu,55,A_fused,1,0.09318,0.09216,0.09216,0.05879,1410,1
ag,2560,5120,16,gpu,56,c_cublas,2,0.03584,0.03482,0.03584,0.04031,1410,1
ag,2560,5120,16,gpu,56,c_fluxgemm,3,0.06246,0.06144,0.06246,0.03937,1410,1
ag,2560,5120,16,gpu,56,c_flux_ag,1,0.04675,0.04288,0.04675,0.03690,1410,1
ag,2560,5120,16,gpu,56,A_fused,0,0.09728,0.09421,0.09728,0.06299,1410,1
ag,2560,5120,16,gpu,57,c_cublas,0,0.03584,0.03482,0.03482,0.03914,1410,1
ag,2560,5120,16,gpu,57,c_fluxgemm,2,0.06451,0.06349,0.06451,0.03891,1410,1
ag,2560,5120,16,gpu,57,c_flux_ag,1,0.04374,0.04077,0.04374,0.04145,1410,1
ag,2560,5120,16,gpu,57,A_fused,3,0.09523,0.09216,0.09523,0.05857,1410,1
ag,2560,5120,16,gpu,58,c_cublas,2,0.03584,0.03482,0.03482,0.03966,1410,1
ag,2560,5120,16,gpu,58,c_fluxgemm,0,0.06246,0.06144,0.06246,0.04345,1410,1
ag,2560,5120,16,gpu,58,c_flux_ag,3,0.04592,0.04499,0.04499,0.03992,1410,1
ag,2560,5120,16,gpu,58,A_fused,1,0.09114,0.09114,0.09114,0.05960,1410,1
ag,2560,5120,16,gpu,59,c_cublas,3,0.03584,0.03482,0.03584,0.03938,1410,1
ag,2560,5120,16,gpu,59,c_fluxgemm,0,0.06656,0.06451,0.06656,0.04067,1410,1
ag,2560,5120,16,gpu,59,c_flux_ag,1,0.04064,0.04000,0.04000,0.04170,1410,1
ag,2560,5120,16,gpu,59,A_fused,2,0.09933,0.09011,0.09011,0.06579,1410,1
ag,2560,5120,16,gpu,60,c_cublas,2,0.03584,0.03584,0.03584,0.03945,1410,1
ag,2560,5120,16,gpu,60,c_fluxgemm,0,0.06246,0.06144,0.06144,0.04076,1410,1
ag,2560,5120,16,gpu,60,c_flux_ag,1,0.04384,0.04160,0.04160,0.04031,1410,1
ag,2560,5120,16,gpu,60,A_fused,3,0.09523,0.09421,0.09421,0.06217,1410,1
ag,2560,5120,16,gpu,61,c_cublas,3,0.03482,0.03482,0.03482,0.03992,1410,1
ag,2560,5120,16,gpu,61,c_fluxgemm,0,0.06246,0.06144,0.06246,0.03906,1410,1
ag,2560,5120,16,gpu,61,c_flux_ag,2,0.04659,0.04182,0.04659,0.03578,1410,1
ag,2560,5120,16,gpu,61,A_fused,1,0.09421,0.09318,0.09421,0.06046,1410,1
ag,2560,5120,16,gpu,62,c_cublas,3,0.03584,0.03482,0.03584,0.03860,1410,1
ag,2560,5120,16,gpu,62,c_fluxgemm,0,0.06554,0.06451,0.06554,0.04034,1410,1
ag,2560,5120,16,gpu,62,c_flux_ag,1,0.04570,0.03706,0.04570,0.04018,1410,1
ag,2560,5120,16,gpu,62,A_fused,2,0.09626,0.09216,0.09216,0.05775,1410,1
ag,2560,5120,16,gpu,63,c_cublas,0,0.03482,0.03482,0.03482,0.03605,1410,1
ag,2560,5120,16,gpu,63,c_fluxgemm,2,0.06246,0.06144,0.06246,0.04354,1410,1
ag,2560,5120,16,gpu,63,c_flux_ag,3,0.04566,0.04272,0.04566,0.04242,1410,1
ag,2560,5120,16,gpu,63,A_fused,1,0.09523,0.09011,0.09523,0.06331,1410,1
ag,2560,5120,16,gpu,64,c_cublas,3,0.03482,0.03482,0.03482,0.03963,1410,1
ag,2560,5120,16,gpu,64,c_fluxgemm,1,0.06656,0.06246,0.06656,0.03789,1410,1
ag,2560,5120,16,gpu,64,c_flux_ag,0,0.04339,0.04310,0.04339,0.03969,1410,1
ag,2560,5120,16,gpu,64,A_fused,2,0.09216,0.09114,0.09114,0.05991,1410,1
ag,2560,5120,16,gpu,65,c_cublas,3,0.03584,0.03482,0.03584,0.03945,1410,1
ag,2560,5120,16,gpu,65,c_fluxgemm,0,0.06554,0.06349,0.06554,0.04125,1410,1
ag,2560,5120,16,gpu,65,c_flux_ag,2,0.04486,0.04006,0.04006,0.04338,1410,1
ag,2560,5120,16,gpu,65,A_fused,1,0.09626,0.09523,0.09626,0.06035,1410,1
ag,2560,5120,16,gpu,66,c_cublas,0,0.03584,0.03482,0.03584,0.03591,1410,1
ag,2560,5120,16,gpu,66,c_fluxgemm,1,0.06246,0.06246,0.06246,0.04483,1410,1
ag,2560,5120,16,gpu,66,c_flux_ag,3,0.04003,0.03859,0.04003,0.03559,1410,1
ag,2560,5120,16,gpu,66,A_fused,2,0.09216,0.09114,0.09114,0.06178,1410,1
ag,2560,5120,16,gpu,67,c_cublas,0,0.03584,0.03482,0.03482,0.03979,1410,1
ag,2560,5120,16,gpu,67,c_fluxgemm,3,0.06451,0.06349,0.06451,0.03698,1410,1
ag,2560,5120,16,gpu,67,c_flux_ag,1,0.04365,0.03968,0.04365,0.04229,1410,1
ag,2560,5120,16,gpu,67,A_fused,2,0.09523,0.09216,0.09523,0.05733,1410,1
ag,2560,5120,16,gpu,68,c_cublas,1,0.03584,0.03584,0.03584,0.03993,1410,1
ag,2560,5120,16,gpu,68,c_fluxgemm,0,0.06451,0.06451,0.06451,0.03550,1410,1
ag,2560,5120,16,gpu,68,c_flux_ag,2,0.04474,0.04243,0.04474,0.04385,1410,1
ag,2560,5120,16,gpu,68,A_fused,3,0.62362,0.11571,0.62362,0.06549,1410,1
ag,2560,5120,16,gpu,69,c_cublas,2,0.03482,0.03482,0.03482,0.04036,1410,1
ag,2560,5120,16,gpu,69,c_fluxgemm,3,0.06451,0.06144,0.06451,0.03980,1410,1
ag,2560,5120,16,gpu,69,c_flux_ag,1,0.04061,0.03462,0.04061,0.03598,1410,1
ag,2560,5120,16,gpu,69,A_fused,0,0.09523,0.09216,0.09523,0.05959,1410,1
ag,2560,5120,16,gpu,70,c_cublas,2,0.03584,0.03482,0.03584,0.03928,1410,1
ag,2560,5120,16,gpu,70,c_fluxgemm,1,0.06144,0.06144,0.06144,0.04258,1410,1
ag,2560,5120,16,gpu,70,c_flux_ag,3,0.04464,0.03757,0.04464,0.04080,1410,1
ag,2560,5120,16,gpu,70,A_fused,0,0.09421,0.09318,0.09421,0.06283,1410,1
ag,2560,5120,16,gpu,71,c_cublas,0,0.03482,0.03482,0.03482,0.03873,1410,1
ag,2560,5120,16,gpu,71,c_fluxgemm,2,0.06349,0.06246,0.06349,0.03851,1410,1
ag,2560,5120,16,gpu,71,c_flux_ag,1,0.04493,0.04381,0.04493,0.04068,1410,1
ag,2560,5120,16,gpu,71,A_fused,3,0.09421,0.08704,0.09421,0.05868,1410,1
ag,2560,5120,16,gpu,72,c_cublas,3,0.03482,0.03482,0.03482,0.03949,1410,1
ag,2560,5120,16,gpu,72,c_fluxgemm,1,0.06656,0.06349,0.06656,0.04396,1410,1
ag,2560,5120,16,gpu,72,c_flux_ag,0,0.04349,0.04163,0.04163,0.03953,1410,1
ag,2560,5120,16,gpu,72,A_fused,2,0.09318,0.09216,0.09318,0.05786,1410,1
ag,2560,5120,16,gpu,73,c_cublas,0,0.03584,0.03379,0.03584,0.03762,1410,1
ag,2560,5120,16,gpu,73,c_fluxgemm,3,0.06246,0.06246,0.06246,0.04405,1410,1
ag,2560,5120,16,gpu,73,c_flux_ag,1,0.04480,0.03754,0.03754,0.04136,1410,1
ag,2560,5120,16,gpu,73,A_fused,2,0.09216,0.09114,0.09216,0.05667,1410,1
ag,2560,5120,16,gpu,74,c_cublas,2,0.03584,0.03584,0.03584,0.03972,1410,1
ag,2560,5120,16,gpu,74,c_fluxgemm,0,0.06246,0.06144,0.06246,0.03515,1410,1
ag,2560,5120,16,gpu,74,c_flux_ag,1,0.04362,0.04131,0.04362,0.04012,1410,1
ag,2560,5120,16,gpu,74,A_fused,3,0.09626,0.09421,0.09626,0.06220,1410,1
ag,2560,5120,16,gpu,75,c_cublas,0,0.03584,0.03584,0.03584,0.03868,1410,1
ag,2560,5120,16,gpu,75,c_fluxgemm,1,0.06656,0.06246,0.06656,0.03965,1410,1
ag,2560,5120,16,gpu,75,c_flux_ag,2,0.04566,0.04118,0.04566,0.04146,1410,1
ag,2560,5120,16,gpu,75,A_fused,3,0.09421,0.09114,0.09421,0.05793,1410,1
ag,2560,5120,16,gpu,76,c_cublas,0,0.03482,0.03379,0.03482,0.03981,1410,1
ag,2560,5120,16,gpu,76,c_fluxgemm,2,0.06246,0.06246,0.06246,0.03922,1410,1
ag,2560,5120,16,gpu,76,c_flux_ag,1,0.04262,0.03968,0.04262,0.04159,1410,1
ag,2560,5120,16,gpu,76,A_fused,3,0.09830,0.09626,0.09626,0.05761,1410,1
ag,2560,5120,16,gpu,77,c_cublas,0,0.03584,0.03584,0.03584,0.03987,1410,1
ag,2560,5120,16,gpu,77,c_fluxgemm,3,0.06144,0.06144,0.06144,0.04314,1410,1
ag,2560,5120,16,gpu,77,c_flux_ag,1,0.04557,0.04541,0.04541,0.04163,1410,1
ag,2560,5120,16,gpu,77,A_fused,2,0.09318,0.09318,0.09318,0.05881,1410,1
ag,2560,5120,16,gpu,78,c_cublas,2,0.03482,0.03482,0.03482,0.03928,1410,1
ag,2560,5120,16,gpu,78,c_fluxgemm,0,0.06246,0.06144,0.06144,0.03670,1410,1
ag,2560,5120,16,gpu,78,c_flux_ag,3,0.04566,0.04163,0.04566,0.04198,1410,1
ag,2560,5120,16,gpu,78,A_fused,1,0.09216,0.08806,0.09216,0.06239,1410,1
ag,2560,5120,16,gpu,79,c_cublas,2,0.03482,0.03482,0.03482,0.03935,1410,1
ag,2560,5120,16,gpu,79,c_fluxgemm,3,0.06451,0.06246,0.06246,0.04004,1410,1
ag,2560,5120,16,gpu,79,c_flux_ag,1,0.04387,0.04269,0.04387,0.03593,1410,1
ag,2560,5120,16,gpu,79,A_fused,0,0.09933,0.09114,0.09933,0.06553,1410,1
ag,2560,5120,16,gpu,80,c_cublas,1,0.03584,0.03584,0.03584,0.03968,1410,1
ag,2560,5120,16,gpu,80,c_fluxgemm,2,0.06554,0.06246,0.06554,0.03985,1410,1
ag,2560,5120,16,gpu,80,c_flux_ag,0,0.03987,0.03862,0.03862,0.04934,1410,1
ag,2560,5120,16,gpu,80,A_fused,3,0.09318,0.09216,0.09318,0.06139,1410,1
ag,2560,5120,16,gpu,81,c_cublas,2,0.03686,0.03584,0.03686,0.03936,1410,1
ag,2560,5120,16,gpu,81,c_fluxgemm,1,0.06246,0.06246,0.06246,0.03709,1410,1
ag,2560,5120,16,gpu,81,c_flux_ag,0,0.04512,0.04275,0.04275,0.03867,1410,1
ag,2560,5120,16,gpu,81,A_fused,3,0.09626,0.09421,0.09421,0.06229,1410,1
ag,2560,5120,16,gpu,82,c_cublas,1,0.03482,0.03482,0.03482,0.03889,1410,1
ag,2560,5120,16,gpu,82,c_fluxgemm,2,0.06144,0.06144,0.06144,0.03867,1410,1
ag,2560,5120,16,gpu,82,c_flux_ag,3,0.04672,0.04576,0.04672,0.03982,1410,1
ag,2560,5120,16,gpu,82,A_fused,0,0.09728,0.09421,0.09728,0.05962,1410,1
ag,2560,5120,16,gpu,83,c_cublas,3,0.03482,0.03482,0.03482,0.04020,1410,1
ag,2560,5120,16,gpu,83,c_fluxgemm,1,0.06349,0.06246,0.06246,0.03723,1410,1
ag,2560,5120,16,gpu,83,c_flux_ag,2,0.04512,0.04371,0.04512,0.04115,1410,1
ag,2560,5120,16,gpu,83,A_fused,0,0.09523,0.09011,0.09523,0.06805,1410,1
ag,2560,5120,16,gpu,84,c_cublas,3,0.03584,0.03482,0.03584,0.03961,1410,1
ag,2560,5120,16,gpu,84,c_fluxgemm,0,0.06554,0.06246,0.06554,0.04057,1410,1
ag,2560,5120,16,gpu,84,c_flux_ag,2,0.04138,0.03738,0.04138,0.04286,1410,1
ag,2560,5120,16,gpu,84,A_fused,1,0.09318,0.09318,0.09318,0.06221,1410,1
ag,2560,5120,16,gpu,85,c_cublas,3,0.03584,0.03482,0.03482,0.03861,1410,1
ag,2560,5120,16,gpu,85,c_fluxgemm,2,0.06246,0.06144,0.06246,0.03746,1410,1
ag,2560,5120,16,gpu,85,c_flux_ag,0,0.04243,0.03952,0.04243,0.04151,1410,1
ag,2560,5120,16,gpu,85,A_fused,1,0.09523,0.09114,0.09523,0.05779,1410,1
ag,2560,5120,16,gpu,86,c_cublas,3,0.03482,0.03482,0.03482,0.03968,1410,1
ag,2560,5120,16,gpu,86,c_fluxgemm,2,0.06246,0.06144,0.06246,0.03747,1410,1
ag,2560,5120,16,gpu,86,c_flux_ag,1,0.04294,0.04045,0.04294,0.03559,1410,1
ag,2560,5120,16,gpu,86,A_fused,0,0.09523,0.08909,0.08909,0.06337,1410,1
ag,2560,5120,16,gpu,87,c_cublas,1,0.03482,0.03482,0.03482,0.03942,1410,1
ag,2560,5120,16,gpu,87,c_fluxgemm,0,0.06554,0.06144,0.06554,0.04092,1410,1
ag,2560,5120,16,gpu,87,c_flux_ag,3,0.04589,0.04170,0.04589,0.03498,1410,1
ag,2560,5120,16,gpu,87,A_fused,2,0.09216,0.09114,0.09114,0.06227,1410,1
ag,2560,5120,16,gpu,88,c_cublas,1,0.03686,0.03584,0.03686,0.03902,1410,1
ag,2560,5120,16,gpu,88,c_fluxgemm,3,0.06451,0.06246,0.06246,0.03922,1410,1
ag,2560,5120,16,gpu,88,c_flux_ag,2,0.04304,0.04067,0.04304,0.04109,1410,1
ag,2560,5120,16,gpu,88,A_fused,0,0.09216,0.09011,0.09216,0.06131,1410,1
ag,2560,5120,16,gpu,89,c_cublas,1,0.03584,0.03482,0.03482,0.03971,1410,1
ag,2560,5120,16,gpu,89,c_fluxgemm,3,0.06349,0.06246,0.06349,0.04602,1410,1
ag,2560,5120,16,gpu,89,c_flux_ag,2,0.04208,0.04064,0.04208,0.04230,1410,1
ag,2560,5120,16,gpu,89,A_fused,0,0.09626,0.09216,0.09626,0.06213,1410,1
ag,2560,5120,16,gpu,90,c_cublas,3,0.03482,0.03482,0.03482,0.03991,1410,1
ag,2560,5120,16,gpu,90,c_fluxgemm,1,0.06554,0.06144,0.06554,0.03620,1410,1
ag,2560,5120,16,gpu,90,c_flux_ag,2,0.04794,0.04240,0.04240,0.03908,1410,1
ag,2560,5120,16,gpu,90,A_fused,0,0.09830,0.09114,0.09830,0.06056,1410,1
ag,2560,5120,16,gpu,91,c_cublas,0,0.03584,0.03482,0.03584,0.03671,1410,1
ag,2560,5120,16,gpu,91,c_fluxgemm,1,0.06246,0.06246,0.06246,0.04821,1410,1
ag,2560,5120,16,gpu,91,c_flux_ag,3,0.04435,0.04246,0.04435,0.03660,1410,1
ag,2560,5120,16,gpu,91,A_fused,2,0.09626,0.09318,0.09318,0.06050,1410,1
ag,2560,5120,16,gpu,92,c_cublas,0,0.06758,0.03584,0.06758,0.04237,1410,1
ag,2560,5120,16,gpu,92,c_fluxgemm,3,0.06349,0.06349,0.06349,0.03704,1410,1
ag,2560,5120,16,gpu,92,c_flux_ag,1,0.04134,0.04070,0.04134,0.04307,1410,1
ag,2560,5120,16,gpu,92,A_fused,2,0.10138,0.09626,0.10138,0.05874,1410,1
ag,2560,5120,16,gpu,93,c_cublas,0,0.03482,0.03482,0.03482,0.04265,1410,1
ag,2560,5120,16,gpu,93,c_fluxgemm,2,0.06451,0.06349,0.06451,0.03534,1410,1
ag,2560,5120,16,gpu,93,c_flux_ag,3,0.04259,0.04067,0.04259,0.03887,1410,1
ag,2560,5120,16,gpu,93,A_fused,1,0.09933,0.09523,0.09933,0.06916,1410,1
ag,2560,5120,16,gpu,94,c_cublas,2,0.03584,0.03482,0.03584,0.03932,1410,1
ag,2560,5120,16,gpu,94,c_fluxgemm,1,0.06246,0.06144,0.06246,0.03547,1410,1
ag,2560,5120,16,gpu,94,c_flux_ag,3,0.04371,0.04362,0.04362,0.04149,1410,1
ag,2560,5120,16,gpu,94,A_fused,0,0.09421,0.09011,0.09421,0.06164,1410,1
ag,2560,5120,16,gpu,95,c_cublas,1,0.03584,0.03584,0.03584,0.03955,1410,1
ag,2560,5120,16,gpu,95,c_fluxgemm,0,0.06246,0.06042,0.06246,0.03941,1410,1
ag,2560,5120,16,gpu,95,c_flux_ag,3,0.04573,0.04432,0.04432,0.03554,1410,1
ag,2560,5120,16,gpu,95,A_fused,2,0.09421,0.09318,0.09318,0.06199,1410,1
ag,2560,5120,16,gpu,96,c_cublas,3,0.03584,0.03584,0.03584,0.03984,1410,1
ag,2560,5120,16,gpu,96,c_fluxgemm,0,0.06451,0.06451,0.06451,0.04562,1410,1
ag,2560,5120,16,gpu,96,c_flux_ag,1,0.04374,0.04099,0.04374,0.03980,1410,1
ag,2560,5120,16,gpu,96,A_fused,2,0.09728,0.09011,0.09728,0.05554,1410,1
ag,2560,5120,16,gpu,97,c_cublas,1,0.03482,0.03482,0.03482,0.03827,1410,1
ag,2560,5120,16,gpu,97,c_fluxgemm,2,0.06144,0.06144,0.06144,0.03939,1410,1
ag,2560,5120,16,gpu,97,c_flux_ag,3,0.04422,0.03866,0.04422,0.03967,1410,1
ag,2560,5120,16,gpu,97,A_fused,0,0.09933,0.09318,0.09933,0.06343,1410,1
ag,2560,5120,16,gpu,98,c_cublas,3,0.03584,0.03482,0.03584,0.03968,1410,1
ag,2560,5120,16,gpu,98,c_fluxgemm,0,0.06144,0.06144,0.06144,0.03762,1410,1
ag,2560,5120,16,gpu,98,c_flux_ag,1,0.04205,0.03683,0.03683,0.03977,1410,1
ag,2560,5120,16,gpu,98,A_fused,2,0.09114,0.08909,0.09114,0.05899,1410,1
ag,2560,5120,16,gpu,99,c_cublas,2,0.03686,0.03584,0.03584,0.04072,1410,1
ag,2560,5120,16,gpu,99,c_fluxgemm,0,0.06554,0.06451,0.06451,0.04064,1410,1
ag,2560,5120,16,gpu,99,c_flux_ag,1,0.04442,0.04112,0.04112,0.03997,1410,1
ag,2560,5120,16,gpu,99,A_fused,3,0.09728,0.09421,0.09728,0.06092,1410,1
ag,2560,5120,16,gpu,100,c_cublas,2,0.03584,0.03482,0.03584,0.04003,1410,1
ag,2560,5120,16,gpu,100,c_fluxgemm,0,0.06144,0.06144,0.06144,0.03768,1410,1
ag,2560,5120,16,gpu,100,c_flux_ag,3,0.04102,0.03853,0.03853,0.04007,1410,1
ag,2560,5120,16,gpu,100,A_fused,1,0.09011,0.09011,0.09011,0.06312,1410,1
ag,2560,5120,16,gpu,101,c_cublas,3,0.03584,0.03482,0.03584,0.06466,1410,1
ag,2560,5120,16,gpu,101,c_fluxgemm,2,0.06144,0.06144,0.06144,0.03741,1410,1
ag,2560,5120,16,gpu,101,c_flux_ag,1,0.04077,0.03862,0.03862,0.03561,1410,1
ag,2560,5120,16,gpu,101,A_fused,0,0.09114,0.08602,0.09114,0.05937,1410,1
ag,2560,5120,16,gpu,102,c_cublas,2,0.03584,0.03482,0.03584,0.04006,1410,1
ag,2560,5120,16,gpu,102,c_fluxgemm,3,0.06246,0.06246,0.06246,0.03919,1410,1
ag,2560,5120,16,gpu,102,c_flux_ag,1,0.04080,0.03962,0.03962,0.04196,1410,1
ag,2560,5120,16,gpu,102,A_fused,0,0.09728,0.09626,0.09728,0.06321,1410,1
ag,2560,5120,16,gpu,103,c_cublas,1,0.03686,0.03584,0.03584,0.03951,1410,1
ag,2560,5120,16,gpu,103,c_fluxgemm,2,0.06554,0.06349,0.06554,0.03921,1410,1
ag,2560,5120,16,gpu,103,c_flux_ag,0,0.04627,0.04029,0.04029,0.04562,1410,1
ag,2560,5120,16,gpu,103,A_fused,3,0.09523,0.09523,0.09523,0.05979,1410,1
ag,2560,5120,16,gpu,104,c_cublas,3,0.03482,0.03482,0.03482,0.03912,1410,1
ag,2560,5120,16,gpu,104,c_fluxgemm,2,0.06144,0.06144,0.06144,0.03766,1410,1
ag,2560,5120,16,gpu,104,c_flux_ag,1,0.04605,0.04013,0.04605,0.03630,1410,1
ag,2560,5120,16,gpu,104,A_fused,0,0.09114,0.09114,0.09114,0.05967,1410,1
ag,2560,5120,16,gpu,105,c_cublas,3,0.03482,0.03482,0.03482,0.03930,1410,1
ag,2560,5120,16,gpu,105,c_fluxgemm,0,0.06451,0.06246,0.06246,0.03967,1410,1
ag,2560,5120,16,gpu,105,c_flux_ag,1,0.04189,0.04067,0.04067,0.04023,1410,1
ag,2560,5120,16,gpu,105,A_fused,2,0.09626,0.09421,0.09421,0.06001,1410,1
ag,2560,5120,16,gpu,106,c_cublas,2,0.03482,0.03482,0.03482,0.03923,1410,1
ag,2560,5120,16,gpu,106,c_fluxgemm,0,0.06246,0.06246,0.06246,0.04011,1410,1
ag,2560,5120,16,gpu,106,c_flux_ag,3,0.04589,0.04474,0.04589,0.04103,1410,1
ag,2560,5120,16,gpu,106,A_fused,1,0.09318,0.09011,0.09318,0.05898,1410,1
ag,2560,5120,16,gpu,107,c_cublas,1,0.03584,0.03379,0.03379,0.03840,1410,1
ag,2560,5120,16,gpu,107,c_fluxgemm,3,0.06451,0.06246,0.06246,0.03815,1410,1
ag,2560,5120,16,gpu,107,c_flux_ag,2,0.04019,0.03926,0.04019,0.04104,1410,1
ag,2560,5120,16,gpu,107,A_fused,0,0.09114,0.09011,0.09114,0.06065,1410,1
ag,2560,5120,16,gpu,108,c_cublas,1,0.03482,0.03482,0.03482,0.03968,1410,1
ag,2560,5120,16,gpu,108,c_fluxgemm,0,0.06451,0.06451,0.06451,0.03595,1410,1
ag,2560,5120,16,gpu,108,c_flux_ag,3,0.04467,0.04182,0.04467,0.03567,1410,1
ag,2560,5120,16,gpu,108,A_fused,2,0.09830,0.09523,0.09523,0.06422,1410,1
ag,2560,5120,16,gpu,109,c_cublas,1,0.03584,0.03482,0.03584,0.03972,1410,1
ag,2560,5120,16,gpu,109,c_fluxgemm,3,0.06246,0.06144,0.06144,0.04393,1410,1
ag,2560,5120,16,gpu,109,c_flux_ag,0,0.04538,0.03741,0.04538,0.03746,1410,1
ag,2560,5120,16,gpu,109,A_fused,2,0.09421,0.09114,0.09114,0.06177,1410,1
ag,2560,5120,16,gpu,110,c_cublas,3,0.03584,0.03482,0.03584,0.03899,1410,1
ag,2560,5120,16,gpu,110,c_fluxgemm,2,0.06451,0.06144,0.06451,0.03609,1410,1
ag,2560,5120,16,gpu,110,c_flux_ag,1,0.04672,0.04064,0.04672,0.03514,1410,1
ag,2560,5120,16,gpu,110,A_fused,0,0.09421,0.09114,0.09114,0.06019,1410,1
ag,2560,5120,16,gpu,111,c_cublas,1,0.03686,0.03584,0.03686,0.03912,1410,1
ag,2560,5120,16,gpu,111,c_fluxgemm,2,0.06349,0.06246,0.06349,0.03966,1410,1
ag,2560,5120,16,gpu,111,c_flux_ag,0,0.04557,0.04451,0.04451,0.04164,1410,1
ag,2560,5120,16,gpu,111,A_fused,3,0.09523,0.09523,0.09523,0.06031,1410,1
ag,2560,5120,16,gpu,112,c_cublas,0,0.03584,0.03482,0.03482,0.03942,1410,1
ag,2560,5120,16,gpu,112,c_fluxgemm,2,0.06246,0.06144,0.06144,0.03656,1410,1
ag,2560,5120,16,gpu,112,c_flux_ag,3,0.04566,0.04246,0.04566,0.03894,1410,1
ag,2560,5120,16,gpu,112,A_fused,1,0.09523,0.09216,0.09216,0.06518,1410,1
ag,2560,5120,16,gpu,113,c_cublas,3,0.03584,0.03482,0.03482,0.04002,1410,1
ag,2560,5120,16,gpu,113,c_fluxgemm,0,0.06246,0.06144,0.06246,0.03689,1410,1
ag,2560,5120,16,gpu,113,c_flux_ag,2,0.03882,0.03843,0.03882,0.03732,1410,1
ag,2560,5120,16,gpu,113,A_fused,1,0.09523,0.09421,0.09421,0.06246,1410,1
ag,2560,5120,16,gpu,114,c_cublas,1,0.03584,0.03584,0.03584,0.03874,1410,1
ag,2560,5120,16,gpu,114,c_fluxgemm,2,0.06349,0.06349,0.06349,0.03997,1410,1
ag,2560,5120,16,gpu,114,c_flux_ag,0,0.04544,0.04371,0.04371,0.04257,1410,1
ag,2560,5120,16,gpu,114,A_fused,3,0.09421,0.09318,0.09318,0.05987,1410,1
ag,2560,5120,16,gpu,115,c_cublas,3,0.03482,0.03379,0.03379,0.03991,1410,1
ag,2560,5120,16,gpu,115,c_fluxgemm,2,0.06246,0.06144,0.06144,0.03690,1410,1
ag,2560,5120,16,gpu,115,c_flux_ag,1,0.04262,0.03962,0.04262,0.03674,1410,1
ag,2560,5120,16,gpu,115,A_fused,0,0.09216,0.08909,0.09216,0.05890,1410,1
ag,2560,5120,16,gpu,116,c_cublas,2,0.03584,0.03482,0.03482,0.04190,1410,1
ag,2560,5120,16,gpu,116,c_fluxgemm,3,0.06246,0.06144,0.06246,0.03956,1410,1
ag,2560,5120,16,gpu,116,c_flux_ag,0,0.04362,0.03888,0.04362,0.04107,1410,1
ag,2560,5120,16,gpu,116,A_fused,1,0.10445,0.09114,0.10445,0.05769,1410,1
ag,2560,5120,16,gpu,117,c_cublas,1,0.03584,0.03584,0.03584,0.04060,1410,1
ag,2560,5120,16,gpu,117,c_fluxgemm,3,0.06144,0.06144,0.06144,0.03640,1410,1
ag,2560,5120,16,gpu,117,c_flux_ag,0,0.04362,0.04218,0.04362,0.04091,1410,1
ag,2560,5120,16,gpu,117,A_fused,2,0.09318,0.09114,0.09114,0.06210,1410,1
ag,2560,5120,16,gpu,118,c_cublas,1,0.03482,0.03482,0.03482,0.03950,1410,1
ag,2560,5120,16,gpu,118,c_fluxgemm,0,0.06246,0.06144,0.06246,0.03480,1410,1
ag,2560,5120,16,gpu,118,c_flux_ag,3,0.04490,0.03859,0.04490,0.03661,1410,1
ag,2560,5120,16,gpu,118,A_fused,2,0.09626,0.09318,0.09318,0.06226,1410,1
ag,2560,5120,16,gpu,119,c_cublas,0,0.03584,0.03482,0.03584,0.04027,1410,1
ag,2560,5120,16,gpu,119,c_fluxgemm,2,0.06451,0.06246,0.06451,0.04111,1410,1
ag,2560,5120,16,gpu,119,c_flux_ag,3,0.04499,0.04397,0.04499,0.03960,1410,1
ag,2560,5120,16,gpu,119,A_fused,1,0.09421,0.09216,0.09421,0.06439,1410,1
ag,2560,5120,16,gpu,120,c_cublas,3,0.03482,0.03482,0.03482,0.04119,1410,1
ag,2560,5120,16,gpu,120,c_fluxgemm,0,0.06349,0.06246,0.06246,0.04016,1410,1
ag,2560,5120,16,gpu,120,c_flux_ag,2,0.04378,0.04077,0.04378,0.03697,1410,1
ag,2560,5120,16,gpu,120,A_fused,1,0.09421,0.09114,0.09114,0.06259,1410,1
ag,2560,5120,16,gpu,121,c_cublas,2,0.03584,0.03482,0.03584,0.03962,1410,1
ag,2560,5120,16,gpu,121,c_fluxgemm,0,0.06246,0.06144,0.06246,0.04061,1410,1
ag,2560,5120,16,gpu,121,c_flux_ag,3,0.04582,0.04397,0.04582,0.04008,1410,1
ag,2560,5120,16,gpu,121,A_fused,1,0.09523,0.09216,0.09216,0.06041,1410,1
ag,2560,5120,16,gpu,122,c_cublas,0,0.03584,0.03379,0.03584,0.03998,1410,1
ag,2560,5120,16,gpu,122,c_fluxgemm,3,0.06451,0.06144,0.06144,0.03773,1410,1
ag,2560,5120,16,gpu,122,c_flux_ag,2,0.04374,0.04272,0.04374,0.03592,1410,1
ag,2560,5120,16,gpu,122,A_fused,1,0.09830,0.09523,0.09830,0.06371,1410,1
ag,2560,5120,16,gpu,123,c_cublas,0,0.03584,0.03482,0.03482,0.03986,1410,1
ag,2560,5120,16,gpu,123,c_fluxgemm,3,0.06144,0.06144,0.06144,0.03659,1410,1
ag,2560,5120,16,gpu,123,c_flux_ag,2,0.04554,0.04381,0.04381,0.03611,1410,1
ag,2560,5120,16,gpu,123,A_fused,1,0.09728,0.09523,0.09523,0.06304,1410,1
ag,2560,5120,16,gpu,124,c_cublas,1,0.03686,0.03686,0.03686,0.03997,1410,1
ag,2560,5120,16,gpu,124,c_fluxgemm,2,0.06349,0.06246,0.06349,0.03922,1410,1
ag,2560,5120,16,gpu,124,c_flux_ag,0,0.04355,0.04259,0.04259,0.03979,1410,1
ag,2560,5120,16,gpu,124,A_fused,3,0.09728,0.09216,0.09728,0.06144,1410,1
ag,2560,5120,16,gpu,125,c_cublas,1,0.03686,0.03584,0.03686,0.04011,1410,1
ag,2560,5120,16,gpu,125,c_fluxgemm,2,0.06349,0.06246,0.06349,0.03971,1410,1
ag,2560,5120,16,gpu,125,c_flux_ag,0,0.04650,0.04237,0.04237,0.03913,1410,1
ag,2560,5120,16,gpu,125,A_fused,3,0.09830,0.09728,0.09728,0.05968,1410,1
ag,2560,5120,16,gpu,126,c_cublas,0,0.03584,0.03584,0.03584,0.03952,1410,1
ag,2560,5120,16,gpu,126,c_fluxgemm,1,0.06349,0.06246,0.06349,0.03930,1410,1
ag,2560,5120,16,gpu,126,c_flux_ag,2,0.04365,0.04074,0.04365,0.04072,1410,1
ag,2560,5120,16,gpu,126,A_fused,3,0.70144,0.11469,0.70144,0.06452,1410,1
ag,2560,5120,16,gpu,127,c_cublas,3,0.03584,0.03584,0.03584,0.03962,1410,1
ag,2560,5120,16,gpu,127,c_fluxgemm,2,0.06246,0.06144,0.06246,0.03657,1410,1
ag,2560,5120,16,gpu,127,c_flux_ag,1,0.03891,0.03859,0.03891,0.03509,1410,1
ag,2560,5120,16,gpu,127,A_fused,0,0.08909,0.08806,0.08909,0.06017,1410,1
ag,2560,5120,16,gpu,128,c_cublas,3,0.03482,0.03482,0.03482,0.03998,1410,1
ag,2560,5120,16,gpu,128,c_fluxgemm,1,0.06246,0.06144,0.06144,0.03508,1410,1
ag,2560,5120,16,gpu,128,c_flux_ag,2,0.04166,0.04064,0.04064,0.03897,1410,1
ag,2560,5120,16,gpu,128,A_fused,0,0.09318,0.09216,0.09318,0.06409,1410,1
ag,2560,5120,16,gpu,129,c_cublas,2,0.03482,0.03482,0.03482,0.03931,1410,1
ag,2560,5120,16,gpu,129,c_fluxgemm,0,0.06554,0.06246,0.06554,0.03992,1410,1
ag,2560,5120,16,gpu,129,c_flux_ag,3,0.04157,0.03459,0.04157,0.04157,1410,1
ag,2560,5120,16,gpu,129,A_fused,1,0.09523,0.08806,0.09523,0.06173,1410,1
ag,2560,5120,16,gpu,130,c_cublas,2,0.03584,0.03482,0.03482,0.03903,1410,1
ag,2560,5120,16,gpu,130,c_fluxgemm,1,0.06144,0.06144,0.06144,0.03544,1410,1
ag,2560,5120,16,gpu,130,c_flux_ag,3,0.04438,0.04157,0.04157,0.04214,1410,1
ag,2560,5120,16,gpu,130,A_fused,0,0.09011,0.08602,0.09011,0.06170,1410,1
ag,2560,5120,16,gpu,131,c_cublas,0,0.03482,0.03379,0.03482,0.03933,1410,1
ag,2560,5120,16,gpu,131,c_fluxgemm,2,0.06451,0.06246,0.06246,0.03573,1410,1
ag,2560,5120,16,gpu,131,c_flux_ag,3,0.04470,0.04157,0.04157,0.03809,1410,1
ag,2560,5120,16,gpu,131,A_fused,1,0.09421,0.09114,0.09421,0.06329,1410,1
ag,2560,5120,16,gpu,132,c_cublas,2,0.03584,0.03482,0.03482,0.03891,1410,1
ag,2560,5120,16,gpu,132,c_fluxgemm,0,0.06656,0.06144,0.06656,0.03814,1410,1
ag,2560,5120,16,gpu,132,c_flux_ag,3,0.04499,0.03872,0.04499,0.04152,1410,1
ag,2560,5120,16,gpu,132,A_fused,1,0.09626,0.09523,0.09626,0.06475,1410,1
ag,2560,5120,16,gpu,133,c_cublas,2,0.03584,0.03482,0.03482,0.03942,1410,1
ag,2560,5120,16,gpu,133,c_fluxgemm,3,0.06349,0.06144,0.06349,0.04049,1410,1
ag,2560,5120,16,gpu,133,c_flux_ag,1,0.03955,0.03872,0.03955,0.03529,1410,1
ag,2560,5120,16,gpu,133,A_fused,0,0.09318,0.08909,0.09318,0.06111,1410,1
ag,2560,5120,16,gpu,134,c_cublas,2,0.03584,0.03584,0.03584,0.03908,1410,1
ag,2560,5120,16,gpu,134,c_fluxgemm,3,0.06451,0.06246,0.06451,0.04641,1410,1
ag,2560,5120,16,gpu,134,c_flux_ag,1,0.04310,0.04090,0.04090,0.03607,1410,1
ag,2560,5120,16,gpu,134,A_fused,0,0.09523,0.09114,0.09523,0.06155,1410,1
ag,2560,5120,16,gpu,135,c_cublas,1,0.03584,0.03482,0.03584,0.03891,1410,1
ag,2560,5120,16,gpu,135,c_fluxgemm,2,0.06554,0.06144,0.06554,0.03850,1410,1
ag,2560,5120,16,gpu,135,c_flux_ag,3,0.04256,0.03869,0.04256,0.03961,1410,1
ag,2560,5120,16,gpu,135,A_fused,0,0.09830,0.09318,0.09830,0.06211,1410,1
ag,2560,5120,16,gpu,136,c_cublas,3,0.03482,0.03482,0.03482,0.03882,1410,1
ag,2560,5120,16,gpu,136,c_fluxgemm,1,0.06349,0.06246,0.06349,0.03750,1410,1
ag,2560,5120,16,gpu,136,c_flux_ag,0,0.04672,0.04115,0.04672,0.03750,1410,1
ag,2560,5120,16,gpu,136,A_fused,2,0.09216,0.09114,0.09114,0.05747,1410,1
ag,2560,5120,16,gpu,137,c_cublas,2,0.03584,0.03482,0.03584,0.03979,1410,1
ag,2560,5120,16,gpu,137,c_fluxgemm,0,0.06246,0.06246,0.06246,0.04038,1410,1
ag,2560,5120,16,gpu,137,c_flux_ag,3,0.04461,0.04058,0.04058,0.04132,1410,1
ag,2560,5120,16,gpu,137,A_fused,1,0.09318,0.09011,0.09011,0.06845,1410,1
ag,2560,5120,16,gpu,138,c_cublas,0,0.03584,0.03482,0.03584,0.03828,1410,1
ag,2560,5120,16,gpu,138,c_fluxgemm,2,0.06451,0.06246,0.06451,0.03922,1410,1
ag,2560,5120,16,gpu,138,c_flux_ag,1,0.04365,0.04150,0.04365,0.04200,1410,1
ag,2560,5120,16,gpu,138,A_fused,3,0.09421,0.09318,0.09318,0.05905,1410,1
ag,2560,5120,16,gpu,139,c_cublas,2,0.03482,0.03482,0.03482,0.03949,1410,1
ag,2560,5120,16,gpu,139,c_fluxgemm,3,0.06144,0.06144,0.06144,0.03876,1410,1
ag,2560,5120,16,gpu,139,c_flux_ag,0,0.04477,0.04374,0.04477,0.04380,1410,1
ag,2560,5120,16,gpu,139,A_fused,1,0.09523,0.09318,0.09523,0.05778,1410,1
ag,2560,5120,16,gpu,140,c_cublas,2,0.03686,0.03584,0.03686,0.03927,1410,1
ag,2560,5120,16,gpu,140,c_fluxgemm,1,0.06656,0.06451,0.06656,0.04100,1410,1
ag,2560,5120,16,gpu,140,c_flux_ag,0,0.04666,0.04579,0.04666,0.04111,1410,1
ag,2560,5120,16,gpu,140,A_fused,3,0.09523,0.09318,0.09523,0.06172,1410,1
ag,2560,5120,16,gpu,141,c_cublas,0,0.03584,0.03482,0.03584,0.03913,1410,1
ag,2560,5120,16,gpu,141,c_fluxgemm,3,0.06246,0.06144,0.06246,0.03914,1410,1
ag,2560,5120,16,gpu,141,c_flux_ag,2,0.04474,0.03843,0.04474,0.03633,1410,1
ag,2560,5120,16,gpu,141,A_fused,1,0.09523,0.09421,0.09523,0.06244,1410,1
ag,2560,5120,16,gpu,142,c_cublas,2,0.03482,0.03482,0.03482,0.03920,1410,1
ag,2560,5120,16,gpu,142,c_fluxgemm,3,0.06246,0.06246,0.06246,0.03860,1410,1
ag,2560,5120,16,gpu,142,c_flux_ag,1,0.04579,0.04573,0.04579,0.03751,1410,1
ag,2560,5120,16,gpu,142,A_fused,0,0.09626,0.09421,0.09626,0.06301,1410,1
ag,2560,5120,16,gpu,143,c_cublas,1,0.03482,0.03482,0.03482,0.03919,1410,1
ag,2560,5120,16,gpu,143,c_fluxgemm,0,0.06144,0.06144,0.06144,0.03681,1410,1
ag,2560,5120,16,gpu,143,c_flux_ag,3,0.04470,0.03990,0.03990,0.03569,1410,1
ag,2560,5120,16,gpu,143,A_fused,2,0.09626,0.09626,0.09626,0.06317,1410,1
ag,2560,5120,16,gpu,144,c_cublas,3,0.03584,0.03482,0.03584,0.03931,1410,1
ag,2560,5120,16,gpu,144,c_fluxgemm,1,0.06451,0.06349,0.06349,0.03603,1410,1
ag,2560,5120,16,gpu,144,c_flux_ag,2,0.04365,0.03830,0.04365,0.03818,1410,1
ag,2560,5120,16,gpu,144,A_fused,0,0.09626,0.09318,0.09318,0.06763,1410,1
ag,2560,5120,16,gpu,145,c_cublas,3,0.03584,0.03584,0.03584,0.03939,1410,1
ag,2560,5120,16,gpu,145,c_fluxgemm,1,0.06349,0.06246,0.06349,0.03848,1410,1
ag,2560,5120,16,gpu,145,c_flux_ag,0,0.04538,0.04186,0.04538,0.04263,1410,1
ag,2560,5120,16,gpu,145,A_fused,2,0.09318,0.09216,0.09216,0.06699,1410,1
ag,2560,5120,16,gpu,146,c_cublas,3,0.03584,0.03584,0.03584,0.03908,1410,1
ag,2560,5120,16,gpu,146,c_fluxgemm,2,0.06246,0.06246,0.06246,0.03650,1410,1
ag,2560,5120,16,gpu,146,c_flux_ag,0,0.04544,0.04202,0.04202,0.04243,1410,1
ag,2560,5120,16,gpu,146,A_fused,1,0.09626,0.09318,0.09318,0.05718,1410,1
ag,2560,5120,16,gpu,147,c_cublas,1,0.03482,0.03379,0.03379,0.03844,1410,1
ag,2560,5120,16,gpu,147,c_fluxgemm,0,0.06349,0.06144,0.06349,0.03934,1410,1
ag,2560,5120,16,gpu,147,c_flux_ag,3,0.04080,0.03904,0.03904,0.03624,1410,1
ag,2560,5120,16,gpu,147,A_fused,2,0.09626,0.09114,0.09626,0.06195,1410,1
ag,2560,5120,16,gpu,148,c_cublas,2,0.03584,0.03584,0.03584,0.03929,1410,1
ag,2560,5120,16,gpu,148,c_fluxgemm,1,0.06349,0.06349,0.06349,0.03805,1410,1
ag,2560,5120,16,gpu,148,c_flux_ag,0,0.04112,0.03901,0.03901,0.03686,1410,1
ag,2560,5120,16,gpu,148,A_fused,3,0.09830,0.09114,0.09830,0.06216,1410,1
ag,2560,5120,16,gpu,149,c_cublas,3,0.03482,0.03482,0.03482,0.03955,1410,1
ag,2560,5120,16,gpu,149,c_fluxgemm,1,0.06758,0.06554,0.06554,0.03802,1410,1
ag,2560,5120,16,gpu,149,c_flux_ag,0,0.04717,0.04006,0.04717,0.03847,1410,1
ag,2560,5120,16,gpu,149,A_fused,2,0.09523,0.09114,0.09114,0.05862,1410,1
ag,2560,5120,16,gpu,150,c_cublas,3,0.03482,0.03482,0.03482,0.03979,1410,1
ag,2560,5120,16,gpu,150,c_fluxgemm,1,0.06451,0.06246,0.06451,0.03682,1410,1
ag,2560,5120,16,gpu,150,c_flux_ag,2,0.04163,0.03821,0.03821,0.04082,1410,1
ag,2560,5120,16,gpu,150,A_fused,0,0.58880,0.12186,0.12186,0.06643,1410,1
ag,2560,5120,16,gpu,151,c_cublas,1,0.03482,0.03482,0.03482,0.03834,1410,1
ag,2560,5120,16,gpu,151,c_fluxgemm,0,0.06451,0.06144,0.06144,0.03947,1410,1
ag,2560,5120,16,gpu,151,c_flux_ag,2,0.03837,0.03754,0.03754,0.04140,1410,1
ag,2560,5120,16,gpu,151,A_fused,3,0.08909,0.08704,0.08704,0.06100,1410,1
ag,2560,5120,16,gpu,152,c_cublas,1,0.03686,0.03584,0.03686,0.03972,1410,1
ag,2560,5120,16,gpu,152,c_fluxgemm,2,0.06451,0.06246,0.06246,0.03973,1410,1
ag,2560,5120,16,gpu,152,c_flux_ag,0,0.04093,0.03942,0.03942,0.03781,1410,1
ag,2560,5120,16,gpu,152,A_fused,3,0.09318,0.09216,0.09216,0.06196,1410,1
ag,2560,5120,16,gpu,153,c_cublas,0,0.03584,0.03482,0.03584,0.04067,1410,1
ag,2560,5120,16,gpu,153,c_fluxgemm,1,0.06554,0.06144,0.06144,0.03958,1410,1
ag,2560,5120,16,gpu,153,c_flux_ag,2,0.04288,0.03670,0.03670,0.04076,1410,1
ag,2560,5120,16,gpu,153,A_fused,3,0.09421,0.09216,0.09216,0.05916,1410,1
ag,2560,5120,16,gpu,154,c_cublas,2,0.03686,0.03482,0.03686,0.04048,1410,1
ag,2560,5120,16,gpu,154,c_fluxgemm,0,0.06246,0.06246,0.06246,0.03810,1410,1
ag,2560,5120,16,gpu,154,c_flux_ag,1,0.04448,0.03491,0.03491,0.04695,1410,1
ag,2560,5120,16,gpu,154,A_fused,3,0.09626,0.09318,0.09318,0.06059,1410,1
ag,2560,5120,16,gpu,155,c_cublas,2,0.03482,0.03482,0.03482,0.03944,1410,1
ag,2560,5120,16,gpu,155,c_fluxgemm,0,0.06246,0.06144,0.06246,0.03787,1410,1
ag,2560,5120,16,gpu,155,c_flux_ag,3,0.04013,0.03552,0.03552,0.04813,1410,1
ag,2560,5120,16,gpu,155,A_fused,1,0.09421,0.08499,0.08499,0.05839,1410,1
ag,2560,5120,16,gpu,156,c_cublas,2,0.03482,0.03482,0.03482,0.03937,1410,1
ag,2560,5120,16,gpu,156,c_fluxgemm,0,0.06246,0.06246,0.06246,0.03982,1410,1
ag,2560,5120,16,gpu,156,c_flux_ag,3,0.04554,0.04259,0.04259,0.04128,1410,1
ag,2560,5120,16,gpu,156,A_fused,1,0.09523,0.09421,0.09421,0.05824,1410,1
ag,2560,5120,16,gpu,157,c_cublas,3,0.03482,0.03482,0.03482,0.03973,1410,1
ag,2560,5120,16,gpu,157,c_fluxgemm,2,0.06246,0.06246,0.06246,0.03628,1410,1
ag,2560,5120,16,gpu,157,c_flux_ag,0,0.04454,0.04013,0.04013,0.03803,1410,1
ag,2560,5120,16,gpu,157,A_fused,1,0.09523,0.09114,0.09523,0.05821,1410,1
ag,2560,5120,16,gpu,158,c_cublas,0,0.03482,0.03482,0.03482,0.03632,1410,1
ag,2560,5120,16,gpu,158,c_fluxgemm,3,0.06451,0.06144,0.06451,0.03589,1410,1
ag,2560,5120,16,gpu,158,c_flux_ag,1,0.04467,0.04208,0.04467,0.04198,1410,1
ag,2560,5120,16,gpu,158,A_fused,2,0.09523,0.08909,0.09523,0.05995,1410,1
ag,2560,5120,16,gpu,159,c_cublas,1,0.03686,0.03584,0.03584,0.03984,1410,1
ag,2560,5120,16,gpu,159,c_fluxgemm,2,0.06246,0.06246,0.06246,0.03874,1410,1
ag,2560,5120,16,gpu,159,c_flux_ag,0,0.04275,0.04090,0.04090,0.04140,1410,1
ag,2560,5120,16,gpu,159,A_fused,3,0.09318,0.09318,0.09318,0.05935,1410,1
ag,2560,5120,16,gpu,160,c_cublas,0,0.03482,0.03482,0.03482,0.03888,1410,1
ag,2560,5120,16,gpu,160,c_fluxgemm,3,0.06246,0.06144,0.06246,0.03525,1410,1
ag,2560,5120,16,gpu,160,c_flux_ag,1,0.04474,0.04054,0.04474,0.04125,1410,1
ag,2560,5120,16,gpu,160,A_fused,2,0.09728,0.09011,0.09011,0.05768,1410,1
ag,2560,5120,16,gpu,161,c_cublas,2,0.03482,0.03379,0.03482,0.03927,1410,1
ag,2560,5120,16,gpu,161,c_fluxgemm,1,0.06349,0.06144,0.06144,0.03555,1410,1
ag,2560,5120,16,gpu,161,c_flux_ag,3,0.04566,0.04269,0.04566,0.04112,1410,1
ag,2560,5120,16,gpu,161,A_fused,0,0.09421,0.09011,0.09011,0.06803,1410,1
ag,2560,5120,16,gpu,162,c_cublas,0,0.03482,0.03379,0.03379,0.04015,1410,1
ag,2560,5120,16,gpu,162,c_fluxgemm,1,0.06451,0.06246,0.06246,0.03914,1410,1
ag,2560,5120,16,gpu,162,c_flux_ag,3,0.04381,0.03958,0.03958,0.03666,1410,1
ag,2560,5120,16,gpu,162,A_fused,2,0.09728,0.09626,0.09728,0.07073,1410,1
ag,2560,5120,16,gpu,163,c_cublas,3,0.03482,0.03482,0.03482,0.03917,1410,1
ag,2560,5120,16,gpu,163,c_fluxgemm,0,0.06246,0.06144,0.06246,0.03899,1410,1
ag,2560,5120,16,gpu,163,c_flux_ag,1,0.04467,0.04048,0.04467,0.04034,1410,1
ag,2560,5120,16,gpu,163,A_fused,2,0.09114,0.08909,0.09114,0.05594,1410,1
ag,2560,5120,16,gpu,164,c_cublas,0,0.03482,0.03482,0.03482,0.03499,1410,1
ag,2560,5120,16,gpu,164,c_fluxgemm,1,0.06246,0.06246,0.06246,0.04184,1410,1
ag,2560,5120,16,gpu,164,c_flux_ag,3,0.04490,0.04323,0.04490,0.10269,1410,1
ag,2560,5120,16,gpu,164,A_fused,2,0.09523,0.09114,0.09523,0.06045,1410,1
ag,2560,5120,16,gpu,165,c_cublas,1,0.03584,0.03379,0.03584,0.04077,1410,1
ag,2560,5120,16,gpu,165,c_fluxgemm,3,0.06451,0.06246,0.06246,0.03873,1410,1
ag,2560,5120,16,gpu,165,c_flux_ag,2,0.04400,0.04211,0.04400,0.04114,1410,1
ag,2560,5120,16,gpu,165,A_fused,0,0.10445,0.09421,0.10445,0.06138,1410,1
ag,2560,5120,16,gpu,166,c_cublas,0,0.03584,0.03482,0.03584,0.04010,1410,1
ag,2560,5120,16,gpu,166,c_fluxgemm,3,0.06246,0.06144,0.06144,0.03761,1410,1
ag,2560,5120,16,gpu,166,c_flux_ag,1,0.04499,0.04496,0.04499,0.04130,1410,1
ag,2560,5120,16,gpu,166,A_fused,2,0.09318,0.09216,0.09318,0.05763,1410,1
ag,2560,5120,16,gpu,167,c_cublas,1,0.03789,0.03584,0.03789,0.04028,1410,1
ag,2560,5120,16,gpu,167,c_fluxgemm,3,0.06246,0.06144,0.06246,0.03572,1410,1
ag,2560,5120,16,gpu,167,c_flux_ag,0,0.04742,0.03805,0.04742,0.03929,1410,1
ag,2560,5120,16,gpu,167,A_fused,2,0.09626,0.09421,0.09626,0.06144,1410,1
ag,2560,5120,16,gpu,168,c_cublas,2,0.03482,0.03482,0.03482,0.03968,1410,1
ag,2560,5120,16,gpu,168,c_fluxgemm,3,0.06554,0.06246,0.06246,0.04003,1410,1
ag,2560,5120,16,gpu,168,c_flux_ag,0,0.04198,0.03939,0.04198,0.04098,1410,1
ag,2560,5120,16,gpu,168,A_fused,1,0.09421,0.09114,0.09114,0.06264,1410,1
ag,2560,5120,16,gpu,169,c_cublas,1,0.03686,0.03584,0.03686,0.04100,1410,1
ag,2560,5120,16,gpu,169,c_fluxgemm,2,0.06554,0.06246,0.06554,0.03949,1410,1
ag,2560,5120,16,gpu,169,c_flux_ag,0,0.04064,0.03923,0.03923,0.04185,1410,1
ag,2560,5120,16,gpu,169,A_fused,3,0.09318,0.09216,0.09318,0.06001,1410,1
ag,2560,5120,16,gpu,170,c_cublas,0,0.03482,0.03482,0.03482,0.03952,1410,1
ag,2560,5120,16,gpu,170,c_fluxgemm,1,0.06349,0.06144,0.06349,0.04020,1410,1
ag,2560,5120,16,gpu,170,c_flux_ag,2,0.04563,0.03965,0.04563,0.04188,1410,1
ag,2560,5120,16,gpu,170,A_fused,3,0.09318,0.08909,0.09318,0.05812,1410,1
ag,2560,5120,16,gpu,171,c_cublas,3,0.03482,0.03482,0.03482,0.03975,1410,1
ag,2560,5120,16,gpu,171,c_fluxgemm,2,0.06246,0.06144,0.06246,0.03683,1410,1
ag,2560,5120,16,gpu,171,c_flux_ag,1,0.04579,0.03872,0.04579,0.03495,1410,1
ag,2560,5120,16,gpu,171,A_fused,0,0.09523,0.09421,0.09523,0.05883,1410,1
ag,2560,5120,16,gpu,172,c_cublas,3,0.03584,0.03482,0.03584,0.03924,1410,1
ag,2560,5120,16,gpu,172,c_fluxgemm,1,0.06349,0.06246,0.06246,0.03837,1410,1
ag,2560,5120,16,gpu,172,c_flux_ag,0,0.04570,0.04067,0.04067,0.04167,1410,1
ag,2560,5120,16,gpu,172,A_fused,2,0.09421,0.09114,0.09114,0.05988,1410,1
ag,2560,5120,16,gpu,173,c_cublas,0,0.03482,0.03379,0.03482,0.03823,1410,1
ag,2560,5120,16,gpu,173,c_fluxgemm,1,0.06246,0.06144,0.06246,0.04555,1410,1
ag,2560,5120,16,gpu,173,c_flux_ag,2,0.04170,0.04061,0.04170,0.04096,1410,1
ag,2560,5120,16,gpu,173,A_fused,3,0.09728,0.08909,0.09728,0.05553,1410,1
ag,2560,5120,16,gpu,174,c_cublas,1,0.03584,0.03584,0.03584,0.03981,1410,1
ag,2560,5120,16,gpu,174,c_fluxgemm,0,0.06246,0.06246,0.06246,0.03848,1410,1
ag,2560,5120,16,gpu,174,c_flux_ag,3,0.04701,0.04179,0.04701,0.04398,1410,1
ag,2560,5120,16,gpu,174,A_fused,2,0.09626,0.09523,0.09523,0.06202,1410,1
ag,2560,5120,16,gpu,175,c_cublas,1,0.03584,0.03482,0.03584,0.03969,1410,1
ag,2560,5120,16,gpu,175,c_fluxgemm,0,0.06554,0.06246,0.06246,0.03855,1410,1
ag,2560,5120,16,gpu,175,c_flux_ag,2,0.04595,0.04547,0.04595,0.04110,1410,1
ag,2560,5120,16,gpu,175,A_fused,3,0.09830,0.09421,0.09830,0.05729,1410,1
ag,2560,5120,16,gpu,176,c_cublas,1,0.03482,0.03482,0.03482,0.04024,1410,1
ag,2560,5120,16,gpu,176,c_fluxgemm,0,0.06451,0.06246,0.06451,0.03896,1410,1
ag,2560,5120,16,gpu,176,c_flux_ag,3,0.04653,0.04090,0.04090,0.03583,1410,1
ag,2560,5120,16,gpu,176,A_fused,2,0.09626,0.09523,0.09626,0.06196,1410,1
ag,2560,5120,16,gpu,177,c_cublas,0,0.03584,0.03482,0.03482,0.03999,1410,1
ag,2560,5120,16,gpu,177,c_fluxgemm,2,0.06144,0.06042,0.06042,0.03704,1410,1
ag,2560,5120,16,gpu,177,c_flux_ag,3,0.04451,0.03990,0.03990,0.03908,1410,1
ag,2560,5120,16,gpu,177,A_fused,1,0.09626,0.09216,0.09216,0.06388,1410,1
ag,2560,5120,16,gpu,178,c_cublas,0,0.03584,0.03584,0.03584,0.04040,1410,1
ag,2560,5120,16,gpu,178,c_fluxgemm,1,0.06246,0.06144,0.06246,0.03959,1410,1
ag,2560,5120,16,gpu,178,c_flux_ag,3,0.04560,0.04394,0.04394,0.03595,1410,1
ag,2560,5120,16,gpu,178,A_fused,2,0.09830,0.09728,0.09830,0.06208,1410,1
ag,2560,5120,16,gpu,179,c_cublas,0,0.03482,0.03482,0.03482,0.04006,1410,1
ag,2560,5120,16,gpu,179,c_fluxgemm,1,0.06246,0.06246,0.06246,0.03967,1410,1
ag,2560,5120,16,gpu,179,c_flux_ag,3,0.04365,0.04176,0.04365,0.03596,1410,1
ag,2560,5120,16,gpu,179,A_fused,2,0.09933,0.09421,0.09933,0.05959,1410,1
ag,2560,5120,16,gpu,180,c_cublas,3,0.03584,0.03482,0.03584,0.04027,1410,1
ag,2560,5120,16,gpu,180,c_fluxgemm,0,0.06554,0.06144,0.06554,0.04584,1410,1
ag,2560,5120,16,gpu,180,c_flux_ag,2,0.04374,0.04064,0.04064,0.03637,1410,1
ag,2560,5120,16,gpu,180,A_fused,1,0.09626,0.09114,0.09626,0.05967,1410,1
ag,2560,5120,16,gpu,181,c_cublas,2,0.03584,0.03482,0.03482,0.03899,1410,1
ag,2560,5120,16,gpu,181,c_fluxgemm,0,0.06246,0.06246,0.06246,0.03934,1410,1
ag,2560,5120,16,gpu,181,c_flux_ag,3,0.04362,0.03869,0.04362,0.04284,1410,1
ag,2560,5120,16,gpu,181,A_fused,1,0.09216,0.09114,0.09114,0.06068,1410,1
ag,2560,5120,16,gpu,182,c_cublas,2,0.03584,0.03482,0.03482,0.04023,1410,1
ag,2560,5120,16,gpu,182,c_fluxgemm,3,0.06656,0.06246,0.06656,0.04049,1410,1
ag,2560,5120,16,gpu,182,c_flux_ag,1,0.04128,0.03770,0.04128,0.04227,1410,1
ag,2560,5120,16,gpu,182,A_fused,0,0.09114,0.09114,0.09114,0.06018,1410,1
ag,2560,5120,16,gpu,183,c_cublas,1,0.03482,0.03482,0.03482,0.03914,1410,1
ag,2560,5120,16,gpu,183,c_fluxgemm,2,0.06451,0.06246,0.06451,0.03877,1410,1
ag,2560,5120,16,gpu,183,c_flux_ag,3,0.04346,0.04102,0.04102,0.03991,1410,1
ag,2560,5120,16,gpu,183,A_fused,0,0.09728,0.09626,0.09626,0.06229,1410,1
ag,2560,5120,16,gpu,184,c_cublas,1,0.03482,0.03482,0.03482,0.03906,1410,1
ag,2560,5120,16,gpu,184,c_fluxgemm,3,0.09318,0.06144,0.06144,0.04267,1410,1
ag,2560,5120,16,gpu,184,c_flux_ag,2,0.04384,0.04269,0.04384,0.04304,1410,1
ag,2560,5120,16,gpu,184,A_fused,0,0.09626,0.09216,0.09626,0.06868,1410,1
ag,2560,5120,16,gpu,185,c_cublas,0,0.03482,0.03482,0.03482,0.04100,1410,1
ag,2560,5120,16,gpu,185,c_fluxgemm,1,0.06246,0.06144,0.06246,0.03997,1410,1
ag,2560,5120,16,gpu,185,c_flux_ag,2,0.04592,0.04486,0.04486,0.04844,1410,1
ag,2560,5120,16,gpu,185,A_fused,3,0.09421,0.09216,0.09216,0.05842,1410,1
ag,2560,5120,16,gpu,186,c_cublas,0,0.03584,0.03482,0.03482,0.04026,1410,1
ag,2560,5120,16,gpu,186,c_fluxgemm,2,0.06246,0.06246,0.06246,0.03622,1410,1
ag,2560,5120,16,gpu,186,c_flux_ag,3,0.04486,0.03677,0.03677,0.03925,1410,1
ag,2560,5120,16,gpu,186,A_fused,1,0.09318,0.09216,0.09318,0.06343,1410,1
ag,2560,5120,16,gpu,187,c_cublas,3,0.03686,0.03482,0.03482,0.03994,1410,1
ag,2560,5120,16,gpu,187,c_fluxgemm,0,0.06144,0.06144,0.06144,0.03771,1410,1
ag,2560,5120,16,gpu,187,c_flux_ag,1,0.04522,0.04339,0.04339,0.04417,1410,1
ag,2560,5120,16,gpu,187,A_fused,2,0.09523,0.09523,0.09523,0.05712,1410,1
ag,2560,5120,16,gpu,188,c_cublas,1,0.03686,0.03584,0.03584,0.03878,1410,1
ag,2560,5120,16,gpu,188,c_fluxgemm,2,0.06554,0.06246,0.06246,0.04055,1410,1
ag,2560,5120,16,gpu,188,c_flux_ag,0,0.04182,0.03958,0.03958,0.04241,1410,1
ag,2560,5120,16,gpu,188,A_fused,3,0.09318,0.08806,0.08806,0.05875,1410,1
ag,2560,5120,16,gpu,189,c_cublas,3,0.03584,0.03482,0.03584,0.04021,1410,1
ag,2560,5120,16,gpu,189,c_fluxgemm,0,0.06246,0.06144,0.06246,0.03720,1410,1
ag,2560,5120,16,gpu,189,c_flux_ag,2,0.04051,0.04042,0.04051,0.03702,1410,1
ag,2560,5120,16,gpu,189,A_fused,1,0.09421,0.08806,0.08806,0.05758,1410,1
ag,2560,5120,16,gpu,190,c_cublas,3,0.03482,0.03482,0.03482,0.03893,1410,1
ag,2560,5120,16,gpu,190,c_fluxgemm,2,0.06554,0.06246,0.06554,0.03687,1410,1
ag,2560,5120,16,gpu,190,c_flux_ag,0,0.04304,0.04058,0.04058,0.04174,1410,1
ag,2560,5120,16,gpu,190,A_fused,1,0.09421,0.09216,0.09421,0.06536,1410,1
ag,2560,5120,16,gpu,191,c_cublas,0,0.03482,0.03379,0.03482,0.03704,1410,1
ag,2560,5120,16,gpu,191,c_fluxgemm,1,0.06144,0.06144,0.06144,0.03997,1410,1
ag,2560,5120,16,gpu,191,c_flux_ag,3,0.04182,0.03786,0.03786,0.03611,1410,1
ag,2560,5120,16,gpu,191,A_fused,2,0.09318,0.09114,0.09318,0.06020,1410,1
ag,2560,5120,16,gpu,192,c_cublas,2,0.03584,0.03379,0.03379,0.03877,1410,1
ag,2560,5120,16,gpu,192,c_fluxgemm,0,0.06554,0.06144,0.06144,0.03852,1410,1
ag,2560,5120,16,gpu,192,c_flux_ag,3,0.04394,0.03875,0.04394,0.04091,1410,1
ag,2560,5120,16,gpu,192,A_fused,1,0.09421,0.09318,0.09318,0.06089,1410,1
ag,2560,5120,16,gpu,193,c_cublas,1,0.03584,0.03482,0.03584,0.03981,1410,1
ag,2560,5120,16,gpu,193,c_fluxgemm,3,0.06349,0.06144,0.06349,0.03838,1410,1
ag,2560,5120,16,gpu,193,c_flux_ag,2,0.04262,0.03866,0.04262,0.04125,1410,1
ag,2560,5120,16,gpu,193,A_fused,0,0.09011,0.08602,0.09011,0.06127,1410,1
ag,2560,5120,16,gpu,194,c_cublas,3,0.03482,0.03482,0.03482,0.03969,1410,1
ag,2560,5120,16,gpu,194,c_fluxgemm,1,0.06349,0.06349,0.06349,0.03751,1410,1
ag,2560,5120,16,gpu,194,c_flux_ag,0,0.04538,0.03891,0.04538,0.03954,1410,1
ag,2560,5120,16,gpu,194,A_fused,2,0.09011,0.09011,0.09011,0.06016,1410,1
ag,2560,5120,16,gpu,195,c_cublas,0,0.03584,0.03482,0.03482,0.03620,1410,1
ag,2560,5120,16,gpu,195,c_fluxgemm,2,0.06349,0.06246,0.06349,0.03832,1410,1
ag,2560,5120,16,gpu,195,c_flux_ag,1,0.04387,0.04205,0.04387,0.04118,1410,1
ag,2560,5120,16,gpu,195,A_fused,3,0.09523,0.09318,0.09318,0.05770,1410,1
ag,2560,5120,16,gpu,196,c_cublas,2,0.03584,0.03584,0.03584,0.03980,1410,1
ag,2560,5120,16,gpu,196,c_fluxgemm,3,0.06144,0.06144,0.06144,0.03929,1410,1
ag,2560,5120,16,gpu,196,c_flux_ag,1,0.04474,0.04470,0.04470,0.03839,1410,1
ag,2560,5120,16,gpu,196,A_fused,0,0.09318,0.09318,0.09318,0.05956,1410,1
ag,2560,5120,16,gpu,197,c_cublas,1,0.03584,0.03482,0.03482,0.03975,1410,1
ag,2560,5120,16,gpu,197,c_fluxgemm,2,0.06246,0.06246,0.06246,0.04043,1410,1
ag,2560,5120,16,gpu,197,c_flux_ag,3,0.04573,0.04470,0.04573,0.04155,1410,1
ag,2560,5120,16,gpu,197,A_fused,0,0.09626,0.09011,0.09626,0.06279,1410,1
ag,2560,5120,16,gpu,198,c_cublas,0,0.03584,0.03482,0.03584,0.04024,1410,1
ag,2560,5120,16,gpu,198,c_fluxgemm,1,0.06246,0.06144,0.06144,0.04018,1410,1
ag,2560,5120,16,gpu,198,c_flux_ag,2,0.04189,0.04058,0.04058,0.04030,1410,1
ag,2560,5120,16,gpu,198,A_fused,3,0.09421,0.08909,0.09421,0.05704,1410,1
ag,2560,5120,16,gpu,199,c_cublas,1,0.03584,0.03482,0.03584,0.03946,1410,1
ag,2560,5120,16,gpu,199,c_fluxgemm,3,0.06246,0.06246,0.06246,0.03872,1410,1
ag,2560,5120,16,gpu,199,c_flux_ag,2,0.04365,0.04010,0.04365,0.04053,1410,1
ag,2560,5120,16,gpu,199,A_fused,0,0.09933,0.09318,0.09318,0.06166,1410,1
ag,2560,5120,16,steady,0,c_cublas,2,0.02592,0.02573,0.02592,0.01620,0,1
ag,2560,5120,16,steady,0,c_fluxgemm,1,0.05376,0.05318,0.05318,0.02063,0,1
ag,2560,5120,16,steady,0,c_flux_ag,3,0.04019,0.04005,0.04019,0.02823,0,1
ag,2560,5120,16,steady,0,A_fused,0,0.10874,0.08218,0.10874,0.03922,0,1
ag,2560,5120,16,steady,1,c_cublas,0,0.02758,0.02746,0.02758,0.01564,0,1
ag,2560,5120,16,steady,1,c_fluxgemm,3,0.05382,0.05363,0.05363,0.02052,0,1
ag,2560,5120,16,steady,1,c_flux_ag,2,0.03845,0.03834,0.03834,0.02756,0,1
ag,2560,5120,16,steady,1,A_fused,1,0.08077,0.08077,0.08077,0.03897,0,1
ag,2560,5120,16,steady,2,c_cublas,3,0.02592,0.02566,0.02592,0.01579,0,1
ag,2560,5120,16,steady,2,c_fluxgemm,1,0.05331,0.05325,0.05325,0.02015,0,1
ag,2560,5120,16,steady,2,c_flux_ag,2,0.04081,0.04065,0.04081,0.02778,0,1
ag,2560,5120,16,steady,2,A_fused,0,0.08173,0.08147,0.08173,0.03889,0,1
ag,2560,5120,16,steady,3,c_cublas,3,0.02579,0.02579,0.02579,0.01616,0,1
ag,2560,5120,16,steady,3,c_fluxgemm,2,0.05338,0.05318,0.05318,0.02015,0,1
ag,2560,5120,16,steady,3,c_flux_ag,1,0.03846,0.03833,0.03833,0.02799,0,1
ag,2560,5120,16,steady,3,A_fused,0,0.08269,0.08230,0.08230,0.03853,0,1
ag,2560,5120,16,steady,4,c_cublas,2,0.02592,0.02573,0.02592,0.01567,0,1
ag,2560,5120,16,steady,4,c_fluxgemm,3,0.05408,0.05370,0.05408,0.02000,0,1
ag,2560,5120,16,steady,4,c_flux_ag,1,0.03887,0.03882,0.03887,0.02743,0,1
ag,2560,5120,16,steady,4,A_fused,0,0.08218,0.08205,0.08218,0.03930,0,1
ag,2560,5120,16,steady,5,c_cublas,0,0.02765,0.02720,0.02765,0.01576,0,1
ag,2560,5120,16,steady,5,c_fluxgemm,3,0.05376,0.05344,0.05344,0.02028,0,1
ag,2560,5120,16,steady,5,c_flux_ag,1,0.03831,0.03793,0.03831,0.02809,0,1
ag,2560,5120,16,steady,5,A_fused,2,0.08237,0.08211,0.08211,0.03796,0,1
ag,2560,5120,16,steady,6,c_cublas,2,0.02592,0.02560,0.02592,0.01616,0,1
ag,2560,5120,16,steady,6,c_fluxgemm,0,0.05466,0.05434,0.05434,0.01999,0,1
ag,2560,5120,16,steady,6,c_flux_ag,1,0.03961,0.03956,0.03961,0.02775,0,1
ag,2560,5120,16,steady,6,A_fused,3,0.08128,0.08122,0.08122,0.03843,0,1
ag,2560,5120,16,steady,7,c_cublas,0,0.02771,0.02771,0.02771,0.01557,0,1
ag,2560,5120,16,steady,7,c_fluxgemm,1,0.05357,0.05338,0.05357,0.02084,0,1
ag,2560,5120,16,steady,7,c_flux_ag,2,0.03781,0.03761,0.03761,0.02785,0,1
ag,2560,5120,16,steady,7,A_fused,3,0.08051,0.08045,0.08045,0.03841,0,1
ag,2560,5120,16,steady,8,c_cublas,0,0.02765,0.02765,0.02765,0.01575,0,1
ag,2560,5120,16,steady,8,c_fluxgemm,1,0.05363,0.05357,0.05363,0.01999,0,1
ag,2560,5120,16,steady,8,c_flux_ag,2,0.03603,0.03585,0.03585,0.02793,0,1
ag,2560,5120,16,steady,8,A_fused,3,0.08013,0.08000,0.08000,0.03840,0,1
ag,2560,5120,16,steady,9,c_cublas,0,0.02906,0.02598,0.02598,0.01770,0,1
ag,2560,5120,16,steady,9,c_fluxgemm,2,0.05338,0.05318,0.05338,0.02050,0,1
ag,2560,5120,16,steady,9,c_flux_ag,1,0.03782,0.03778,0.03782,0.02792,0,1
ag,2560,5120,16,steady,9,A_fused,3,0.08026,0.08006,0.08026,0.03865,0,1
ag,2560,5120,16,steady,10,c_cublas,2,0.02579,0.02566,0.02579,0.01576,0,1
ag,2560,5120,16,steady,10,c_fluxgemm,0,0.05504,0.05491,0.05491,0.01996,0,1
ag,2560,5120,16,steady,10,c_flux_ag,1,0.03900,0.03880,0.03880,0.02790,0,1
ag,2560,5120,16,steady,10,A_fused,3,0.08128,0.08102,0.08128,0.03885,0,1
ag,2560,5120,16,steady,11,c_cublas,2,0.02586,0.02573,0.02586,0.01560,0,1
ag,2560,5120,16,steady,11,c_fluxgemm,0,0.05536,0.05498,0.05498,0.01995,0,1
ag,2560,5120,16,steady,11,c_flux_ag,3,0.04076,0.04062,0.04076,0.02770,0,1
ag,2560,5120,16,steady,11,A_fused,1,0.08134,0.08134,0.08134,0.03866,0,1
ag,2560,5120,16,steady,12,c_cublas,1,0.02598,0.02566,0.02598,0.01837,1410,1
ag,2560,5120,16,steady,12,c_fluxgemm,3,0.05376,0.05363,0.05363,0.02059,1410,1
ag,2560,5120,16,steady,12,c_flux_ag,2,0.03897,0.03883,0.03883,0.02807,1410,1
ag,2560,5120,16,steady,12,A_fused,0,0.08205,0.08173,0.08173,0.03849,1410,1
ag,2560,5120,16,steady,13,c_cublas,3,0.02573,0.02566,0.02573,0.01609,1410,1
ag,2560,5120,16,steady,13,c_fluxgemm,0,0.05453,0.05446,0.05446,0.01951,1410,1
ag,2560,5120,16,steady,13,c_flux_ag,2,0.04082,0.04070,0.04070,0.02763,1410,1
ag,2560,5120,16,steady,13,A_fused,1,0.08154,0.08128,0.08154,0.03857,1410,1
ag,2560,5120,16,steady,14,c_cublas,0,0.02720,0.02694,0.02720,0.01551,1410,1
ag,2560,5120,16,steady,14,c_fluxgemm,2,0.05325,0.05306,0.05306,0.02016,1410,1
ag,2560,5120,16,steady,14,c_flux_ag,3,0.04101,0.04098,0.04101,0.02732,1410,1
ag,2560,5120,16,steady,14,A_fused,1,0.08141,0.08115,0.08115,0.03821,1410,1
ag,2560,5120,16,steady,15,c_cublas,2,0.02586,0.02566,0.02586,0.01629,1410,1
ag,2560,5120,16,steady,15,c_fluxgemm,0,0.05478,0.05466,0.05466,0.02005,1410,1
ag,2560,5120,16,steady,15,c_flux_ag,1,0.03727,0.03722,0.03722,0.02804,1410,1
ag,2560,5120,16,steady,15,A_fused,3,0.08083,0.08077,0.08083,0.03885,1410,1
ag,2560,5120,16,steady,16,c_cublas,0,0.02778,0.02746,0.02778,0.01612,1410,1
ag,2560,5120,16,steady,16,c_fluxgemm,3,0.05363,0.05350,0.05363,0.01974,1410,1
ag,2560,5120,16,steady,16,c_flux_ag,1,0.03824,0.03802,0.03824,0.02761,1410,1
ag,2560,5120,16,steady,16,A_fused,2,0.07962,0.07955,0.07955,0.03826,1410,1
ag,2560,5120,16,steady,17,c_cublas,3,0.02579,0.02566,0.02579,0.01565,1410,1
ag,2560,5120,16,steady,17,c_fluxgemm,2,0.05318,0.05306,0.05318,0.01963,1410,1
ag,2560,5120,16,steady,17,c_flux_ag,0,0.03803,0.03798,0.03803,0.02749,1410,1
ag,2560,5120,16,steady,17,A_fused,1,0.08090,0.08064,0.08090,0.03832,1410,1
ag,2560,5120,16,steady,18,c_cublas,1,0.02586,0.02560,0.02586,0.01600,1410,1
ag,2560,5120,16,steady,18,c_fluxgemm,0,0.05562,0.05536,0.05536,0.02045,1410,1
ag,2560,5120,16,steady,18,c_flux_ag,3,0.03973,0.03953,0.03953,0.02742,1410,1
ag,2560,5120,16,steady,18,A_fused,2,0.08141,0.08128,0.08128,0.03870,1410,1
ag,2560,5120,16,steady,19,c_cublas,0,0.02758,0.02746,0.02746,0.01645,1410,1
ag,2560,5120,16,steady,19,c_fluxgemm,1,0.05370,0.05363,0.05363,0.02060,1410,1
ag,2560,5120,16,steady,19,c_flux_ag,2,0.03795,0.03766,0.03795,0.02758,1410,1
ag,2560,5120,16,steady,19,A_fused,3,0.08026,0.08026,0.08026,0.03853,1410,1
ag,2560,5120,16,steady,20,c_cublas,3,0.02586,0.02566,0.02586,0.01632,1410,1
ag,2560,5120,16,steady,20,c_fluxgemm,2,0.05325,0.05293,0.05293,0.01979,1410,1
ag,2560,5120,16,steady,20,c_flux_ag,0,0.03845,0.03796,0.03845,0.02772,1410,1
ag,2560,5120,16,steady,20,A_fused,1,0.07942,0.07930,0.07930,0.03875,1410,1
ag,2560,5120,16,steady,21,c_cublas,1,0.02586,0.02560,0.02586,0.01588,1410,1
ag,2560,5120,16,steady,21,c_fluxgemm,2,0.05312,0.05306,0.05312,0.01998,1410,1
ag,2560,5120,16,steady,21,c_flux_ag,0,0.03946,0.03940,0.03940,0.02853,1410,1
ag,2560,5120,16,steady,21,A_fused,3,0.08147,0.08083,0.08083,0.03847,1410,1
ag,2560,5120,16,steady,22,c_cublas,1,0.02586,0.02579,0.02586,0.01565,1410,1
ag,2560,5120,16,steady,22,c_fluxgemm,0,0.05498,0.05453,0.05453,0.01994,1410,1
ag,2560,5120,16,steady,22,c_flux_ag,3,0.04066,0.04056,0.04056,0.02788,1410,1
ag,2560,5120,16,steady,22,A_fused,2,0.08186,0.08160,0.08160,0.03846,1410,1
ag,2560,5120,16,steady,23,c_cublas,0,0.02739,0.02733,0.02733,0.01622,1410,1
ag,2560,5120,16,steady,23,c_fluxgemm,1,0.05370,0.05370,0.05370,0.01996,1410,1
ag,2560,5120,16,steady,23,c_flux_ag,2,0.03743,0.03713,0.03713,0.02742,1410,1
ag,2560,5120,16,steady,23,A_fused,3,0.07981,0.07981,0.07981,0.03779,1410,1
ag,2560,5120,16,steady,24,c_cublas,3,0.02579,0.02566,0.02579,0.01637,1410,1
ag,2560,5120,16,steady,24,c_fluxgemm,2,0.05312,0.05306,0.05312,0.01982,1410,1
ag,2560,5120,16,steady,24,c_flux_ag,1,0.03987,0.03985,0.03985,0.02756,1410,1
ag,2560,5120,16,steady,24,A_fused,0,0.08813,0.08173,0.08813,0.03826,1410,1
ag,2560,5120,16,steady,25,c_cublas,0,0.02758,0.02726,0.02758,0.01547,1410,1
ag,2560,5120,16,steady,25,c_fluxgemm,1,0.05370,0.05357,0.05357,0.02023,1410,1
ag,2560,5120,16,steady,25,c_flux_ag,3,0.03896,0.03883,0.03896,0.02751,1410,1
ag,2560,5120,16,steady,25,A_fused,2,0.07949,0.07917,0.07949,0.03880,1410,1
ag,2560,5120,16,steady,26,c_cublas,3,0.02573,0.02573,0.02573,0.01579,1410,1
ag,2560,5120,16,steady,26,c_fluxgemm,2,0.05331,0.05312,0.05331,0.02030,1410,1
ag,2560,5120,16,steady,26,c_flux_ag,1,0.03758,0.03756,0.03756,0.02713,1410,1
ag,2560,5120,16,steady,26,A_fused,0,0.08179,0.08173,0.08173,0.03871,1410,1
ag,2560,5120,16,steady,27,c_cublas,3,0.02579,0.02566,0.02579,0.01619,1410,1
ag,2560,5120,16,steady,27,c_fluxgemm,2,0.05350,0.05318,0.05350,0.01981,1410,1
ag,2560,5120,16,steady,27,c_flux_ag,1,0.03928,0.03910,0.03928,0.02805,1410,1
ag,2560,5120,16,steady,27,A_fused,0,0.08205,0.08166,0.08166,0.03841,1410,1
ag,2560,5120,16,steady,28,c_cublas,1,0.02586,0.02586,0.02586,0.01557,1410,1
ag,2560,5120,16,steady,28,c_fluxgemm,0,0.05504,0.05491,0.05491,0.02011,1410,1
ag,2560,5120,16,steady,28,c_flux_ag,3,0.04043,0.04018,0.04043,0.02757,1410,1
ag,2560,5120,16,steady,28,A_fused,2,0.08064,0.08032,0.08064,0.03899,1410,1
ag,2560,5120,16,steady,29,c_cublas,0,0.02739,0.02714,0.02739,0.01585,1410,1
ag,2560,5120,16,steady,29,c_fluxgemm,2,0.05299,0.05293,0.05299,0.01998,1410,1
ag,2560,5120,16,steady,29,c_flux_ag,1,0.03840,0.03827,0.03827,0.02821,1410,1
ag,2560,5120,16,steady,29,A_fused,3,0.08218,0.08186,0.08218,0.03899,1410,1
ag,2560,5120,16,steady,30,c_cublas,3,0.02586,0.02573,0.02586,0.01585,1410,1
ag,2560,5120,16,steady,30,c_fluxgemm,2,0.05306,0.05293,0.05293,0.01986,1410,1
ag,2560,5120,16,steady,30,c_flux_ag,1,0.03960,0.03934,0.03934,0.02744,1410,1
ag,2560,5120,16,steady,30,A_fused,0,0.08269,0.08211,0.08211,0.03857,1410,1
ag,2560,5120,16,steady,31,c_cublas,1,0.02598,0.02566,0.02598,0.01551,1410,1
ag,2560,5120,16,steady,31,c_fluxgemm,3,0.05370,0.05370,0.05370,0.02042,1410,1
ag,2560,5120,16,steady,31,c_flux_ag,2,0.03825,0.03821,0.03825,0.02760,1410,1
ag,2560,5120,16,steady,31,A_fused,0,0.08224,0.08218,0.08218,0.03888,1410,1
ag,2560,5120,16,steady,32,c_cublas,2,0.02592,0.02573,0.02592,0.01604,1410,1
ag,2560,5120,16,steady,32,c_fluxgemm,1,0.05382,0.05376,0.05376,0.01958,1410,1
ag,2560,5120,16,steady,32,c_flux_ag,0,0.03919,0.03896,0.03896,0.02786,1410,1
ag,2560,5120,16,steady,32,A_fused,3,0.08102,0.08096,0.08096,0.03814,1410,1
ag,2560,5120,16,steady,33,c_cublas,3,0.02579,0.02566,0.02579,0.01560,1410,1
ag,2560,5120,16,steady,33,c_fluxgemm,2,0.05331,0.05318,0.05318,0.02049,1410,1
ag,2560,5120,16,steady,33,c_flux_ag,1,0.03766,0.03737,0.03737,0.02784,1410,1
ag,2560,5120,16,steady,33,A_fused,0,0.08416,0.08198,0.08416,0.03853,1410,1
ag,2560,5120,16,steady,34,c_cublas,1,0.02586,0.02554,0.02586,0.01545,1410,1
ag,2560,5120,16,steady,34,c_fluxgemm,0,0.05510,0.05485,0.05485,0.02016,1410,1
ag,2560,5120,16,steady,34,c_flux_ag,3,0.04076,0.04053,0.04053,0.02765,1410,1
ag,2560,5120,16,steady,34,A_fused,2,0.08083,0.08077,0.08077,0.03904,1410,1
ag,2560,5120,16,steady,35,c_cublas,3,0.02586,0.02566,0.02586,0.01580,1410,1
ag,2560,5120,16,steady,35,c_fluxgemm,0,0.05523,0.05491,0.05523,0.02061,1410,1
ag,2560,5120,16,steady,35,c_flux_ag,2,0.03928,0.03910,0.03910,0.02799,1410,1
ag,2560,5120,16,steady,35,A_fused,1,0.08205,0.08198,0.08205,0.03875,1410,1
ag,2560,5120,16,steady,36,c_cublas,0,0.02733,0.02720,0.02720,0.01527,1410,1
ag,2560,5120,16,steady,36,c_fluxgemm,2,0.05338,0.05325,0.05325,0.01970,1410,1
ag,2560,5120,16,steady,36,c_flux_ag,3,0.04082,0.04069,0.04069,0.02762,1410,1
ag,2560,5120,16,steady,36,A_fused,1,0.08173,0.08147,0.08173,0.03868,1410,1
ag,2560,5120,16,steady,37,c_cublas,3,0.02579,0.02566,0.02579,0.01561,1410,1
ag,2560,5120,16,steady,37,c_fluxgemm,1,0.05357,0.05331,0.05331,0.01975,1410,1
ag,2560,5120,16,steady,37,c_flux_ag,2,0.03968,0.03941,0.03968,0.02800,1410,1
ag,2560,5120,16,steady,37,A_fused,0,0.08192,0.08160,0.08160,0.03895,1410,1
ag,2560,5120,16,steady,38,c_cublas,1,0.02605,0.02573,0.02605,0.01557,1410,1
ag,2560,5120,16,steady,38,c_fluxgemm,0,0.05523,0.05510,0.05523,0.02030,1410,1
ag,2560,5120,16,steady,38,c_flux_ag,2,0.03827,0.03825,0.03827,0.02771,1410,1
ag,2560,5120,16,steady,38,A_fused,3,0.08051,0.08045,0.08051,0.03874,1410,1
ag,2560,5120,16,steady,39,c_cublas,1,0.02573,0.02566,0.02573,0.01569,1410,1
ag,2560,5120,16,steady,39,c_fluxgemm,3,0.05382,0.05363,0.05382,0.01972,1410,1
ag,2560,5120,16,steady,39,c_flux_ag,0,0.03894,0.03890,0.03894,0.02791,1410,1
ag,2560,5120,16,steady,39,A_fused,2,0.08006,0.07994,0.07994,0.03874,1410,1
ag,2560,5120,16,steady,40,c_cublas,3,0.02586,0.02579,0.02586,0.01670,1410,1
ag,2560,5120,16,steady,40,c_fluxgemm,1,0.05382,0.05357,0.05357,0.02021,1410,1
ag,2560,5120,16,steady,40,c_flux_ag,0,0.03895,0.03868,0.03895,0.02761,1410,1
ag,2560,5120,16,steady,40,A_fused,2,0.08179,0.08160,0.08160,0.03784,1410,1
ag,2560,5120,16,steady,41,c_cublas,1,0.02586,0.02579,0.02579,0.01549,1410,1
ag,2560,5120,16,steady,41,c_fluxgemm,3,0.05382,0.05370,0.05382,0.01990,1410,1
ag,2560,5120,16,steady,41,c_flux_ag,2,0.03931,0.03916,0.03916,0.02829,1410,1
ag,2560,5120,16,steady,41,A_fused,0,0.08256,0.08218,0.08218,0.03893,1410,1
ag,2560,5120,16,steady,42,c_cublas,2,0.02605,0.02560,0.02605,0.01565,1410,1
ag,2560,5120,16,steady,42,c_fluxgemm,1,0.05363,0.05331,0.05331,0.01959,1410,1
ag,2560,5120,16,steady,42,c_flux_ag,3,0.04079,0.04063,0.04063,0.02797,1410,1
ag,2560,5120,16,steady,42,A_fused,0,0.08230,0.08192,0.08192,0.03875,1410,1
ag,2560,5120,16,steady,43,c_cublas,3,0.02579,0.02566,0.02579,0.01561,1410,1
ag,2560,5120,16,steady,43,c_fluxgemm,2,0.05350,0.05318,0.05318,0.01983,1410,1
ag,2560,5120,16,steady,43,c_flux_ag,1,0.03822,0.03806,0.03806,0.02835,1410,1
ag,2560,5120,16,steady,43,A_fused,0,0.08211,0.08205,0.08205,0.03820,1410,1
ag,2560,5120,16,steady,44,c_cublas,1,0.02579,0.02579,0.02579,0.01546,1410,1
ag,2560,5120,16,steady,44,c_fluxgemm,0,0.05504,0.05491,0.05504,0.02002,1410,1
ag,2560,5120,16,steady,44,c_flux_ag,2,0.03800,0.03765,0.03800,0.02754,1410,1
ag,2560,5120,16,steady,44,A_fused,3,0.07974,0.07968,0.07968,0.03851,1410,1
ag,2560,5120,16,steady,45,c_cublas,2,0.02579,0.02560,0.02579,0.01575,1410,1
ag,2560,5120,16,steady,45,c_fluxgemm,3,0.05376,0.05370,0.05370,0.02070,1410,1
ag,2560,5120,16,steady,45,c_flux_ag,1,0.03929,0.03919,0.03929,0.02799,1410,1
ag,2560,5120,16,steady,45,A_fused,0,0.08250,0.08186,0.08186,0.03819,1410,1
ag,2560,5120,16,steady,46,c_cublas,0,0.02758,0.02746,0.02746,0.01619,1410,1
ag,2560,5120,16,steady,46,c_fluxgemm,1,0.05357,0.05338,0.05338,0.02085,1410,1
ag,2560,5120,16,steady,46,c_flux_ag,2,0.03924,0.03919,0.03924,0.02739,1410,1
ag,2560,5120,16,steady,46,A_fused,3,0.08006,0.07987,0.08006,0.03800,1410,1
ag,2560,5120,16,steady,47,c_cublas,1,0.02586,0.02573,0.02586,0.01608,1410,1
ag,2560,5120,16,steady,47,c_fluxgemm,3,0.05389,0.05370,0.05370,0.02042,1410,1
ag,2560,5120,16,steady,47,c_flux_ag,0,0.03891,0.03873,0.03891,0.02750,1410,1
ag,2560,5120,16,steady,47,A_fused,2,0.07923,0.07923,0.07923,0.03815,1410,1
ag,2560,5120,16,steady,48,c_cublas,1,0.02605,0.02586,0.02605,0.01562,1410,1
ag,2560,5120,16,steady,48,c_fluxgemm,0,0.05446,0.05440,0.05440,0.01992,1410,1
ag,2560,5120,16,steady,48,c_flux_ag,2,0.03736,0.03701,0.03736,0.02837,1410,1
ag,2560,5120,16,steady,48,A_fused,3,0.07859,0.07853,0.07853,0.03805,1410,1
ag,2560,5120,16,steady,49,c_cublas,3,0.02586,0.02566,0.02586,0.01612,1410,1
ag,2560,5120,16,steady,49,c_fluxgemm,0,0.05517,0.05504,0.05517,0.02007,1410,1
ag,2560,5120,16,steady,49,c_flux_ag,1,0.03701,0.03655,0.03655,0.02835,1410,1
ag,2560,5120,16,steady,49,A_fused,2,0.08070,0.08045,0.08070,0.03763,1410,1
ag,2560,5120,128,gpu,0,c_cublas,0,0.05120,0.04096,0.05120,0.04366,0,1
ag,2560,5120,128,gpu,0,c_fluxgemm,1,0.06349,0.06349,0.06349,0.05607,0,1
ag,2560,5120,128,gpu,0,c_flux_ag,3,0.05645,0.04701,0.04701,0.03735,0,1
ag,2560,5120,128,gpu,0,A_fused,2,0.10240,0.09216,0.10240,0.06561,0,1
ag,2560,5120,128,gpu,1,c_cublas,2,0.04301,0.04301,0.04301,0.04113,0,1
ag,2560,5120,128,gpu,1,c_fluxgemm,0,0.06349,0.06246,0.06246,0.04066,0,1
ag,2560,5120,128,gpu,1,c_flux_ag,1,0.04710,0.04106,0.04106,0.03996,0,1
ag,2560,5120,128,gpu,1,A_fused,3,0.10035,0.09830,0.10035,0.06465,0,1
ag,2560,5120,128,gpu,2,c_cublas,0,0.04198,0.04096,0.04198,0.03988,0,1
ag,2560,5120,128,gpu,2,c_fluxgemm,1,0.06349,0.06246,0.06246,0.03964,0,1
ag,2560,5120,128,gpu,2,c_flux_ag,3,0.04957,0.04954,0.04957,0.03743,0,1
ag,2560,5120,128,gpu,2,A_fused,2,0.09728,0.09421,0.09728,0.06043,0,1
ag,2560,5120,128,gpu,3,c_cublas,3,0.04198,0.04198,0.04198,0.04038,0,1
ag,2560,5120,128,gpu,3,c_fluxgemm,2,0.06349,0.06246,0.06246,0.03814,0,1
ag,2560,5120,128,gpu,3,c_flux_ag,1,0.05574,0.04144,0.04144,0.03643,0,1
ag,2560,5120,128,gpu,3,A_fused,0,0.09523,0.09318,0.09318,0.06015,0,1
ag,2560,5120,128,gpu,4,c_cublas,0,0.04198,0.04096,0.04198,0.03564,0,1
ag,2560,5120,128,gpu,4,c_fluxgemm,3,0.06451,0.06349,0.06349,0.03798,0,1
ag,2560,5120,128,gpu,4,c_flux_ag,1,0.05712,0.04886,0.04886,0.04271,0,1
ag,2560,5120,128,gpu,4,A_fused,2,0.10342,0.10138,0.10342,0.05878,0,1
ag,2560,5120,128,gpu,5,c_cublas,2,0.04096,0.04096,0.04096,0.03901,0,1
ag,2560,5120,128,gpu,5,c_fluxgemm,0,0.06451,0.06246,0.06246,0.03483,0,1
ag,2560,5120,128,gpu,5,c_flux_ag,3,0.05597,0.05466,0.05597,0.04032,0,1
ag,2560,5120,128,gpu,5,A_fused,1,0.10854,0.10035,0.10035,0.06116,0,1
ag,2560,5120,128,gpu,6,c_cublas,0,0.04301,0.04096,0.04301,0.03967,0,1
ag,2560,5120,128,gpu,6,c_fluxgemm,3,0.06349,0.06246,0.06349,0.03823,0,1
ag,2560,5120,128,gpu,6,c_flux_ag,2,0.05110,0.04851,0.05110,0.03699,0,1
ag,2560,5120,128,gpu,6,A_fused,1,0.09830,0.09626,0.09830,0.06198,0,1
ag,2560,5120,128,gpu,7,c_cublas,2,0.04198,0.04198,0.04198,0.03914,0,1
ag,2560,5120,128,gpu,7,c_fluxgemm,3,0.06349,0.06349,0.06349,0.03966,0,1
ag,2560,5120,128,gpu,7,c_flux_ag,0,0.05898,0.04906,0.04906,0.04299,0,1
ag,2560,5120,128,gpu,7,A_fused,1,0.09933,0.09523,0.09933,0.05771,0,1
ag,2560,5120,128,gpu,8,c_cublas,1,0.04198,0.04198,0.04198,0.03956,0,1
ag,2560,5120,128,gpu,8,c_fluxgemm,0,0.06349,0.06246,0.06246,0.03737,0,1
ag,2560,5120,128,gpu,8,c_flux_ag,3,0.04717,0.04528,0.04528,0.03890,0,1
ag,2560,5120,128,gpu,8,A_fused,2,0.09933,0.09523,0.09523,0.06066,0,1
ag,2560,5120,128,gpu,9,c_cublas,1,0.04403,0.04301,0.04301,0.04071,0,1
ag,2560,5120,128,gpu,9,c_fluxgemm,2,0.06451,0.06451,0.06451,0.03908,0,1
ag,2560,5120,128,gpu,9,c_flux_ag,0,0.04240,0.04176,0.04176,0.03634,0,1
ag,2560,5120,128,gpu,9,A_fused,3,0.09626,0.09523,0.09523,0.05910,0,1
ag,2560,5120,128,gpu,10,c_cublas,0,0.04198,0.04096,0.04198,0.03973,0,1
ag,2560,5120,128,gpu,10,c_fluxgemm,2,0.06554,0.06349,0.06349,0.03558,0,1
ag,2560,5120,128,gpu,10,c_flux_ag,3,0.05494,0.05277,0.05494,0.03827,0,1
ag,2560,5120,128,gpu,10,A_fused,1,0.11776,0.10240,0.11776,0.06125,0,1
ag,2560,5120,128,gpu,11,c_cublas,3,0.04198,0.04096,0.04096,0.03983,0,1
ag,2560,5120,128,gpu,11,c_fluxgemm,1,0.06451,0.06349,0.06451,0.03780,0,1
ag,2560,5120,128,gpu,11,c_flux_ag,0,0.05853,0.04790,0.05853,0.03846,0,1
ag,2560,5120,128,gpu,11,A_fused,2,0.11162,0.10035,0.11162,0.05805,0,1
ag,2560,5120,128,gpu,12,c_cublas,0,0.04198,0.04096,0.04198,0.03605,0,1
ag,2560,5120,128,gpu,12,c_fluxgemm,1,0.06349,0.06349,0.06349,0.03962,0,1
ag,2560,5120,128,gpu,12,c_flux_ag,3,0.05443,0.05325,0.05325,0.03930,0,1
ag,2560,5120,128,gpu,12,A_fused,2,0.10547,0.10342,0.10547,0.07196,0,1
ag,2560,5120,128,gpu,13,c_cublas,0,0.06349,0.04198,0.04198,0.04191,0,1
ag,2560,5120,128,gpu,13,c_fluxgemm,3,0.06554,0.06246,0.06246,0.03772,0,1
ag,2560,5120,128,gpu,13,c_flux_ag,1,0.05254,0.05222,0.05254,0.04129,0,1
ag,2560,5120,128,gpu,13,A_fused,2,0.09626,0.09523,0.09626,0.05858,0,1
ag,2560,5120,128,gpu,14,c_cublas,1,0.04198,0.04096,0.04198,0.04040,0,1
ag,2560,5120,128,gpu,14,c_fluxgemm,0,0.06656,0.06349,0.06349,0.03708,0,1
ag,2560,5120,128,gpu,14,c_flux_ag,2,0.04813,0.04486,0.04486,0.04110,0,1
ag,2560,5120,128,gpu,14,A_fused,3,0.09421,0.09114,0.09421,0.05658,0,1
ag,2560,5120,128,gpu,15,c_cublas,0,0.04198,0.04198,0.04198,0.04545,0,1
ag,2560,5120,128,gpu,15,c_fluxgemm,2,0.06451,0.06451,0.06451,0.03874,0,1
ag,2560,5120,128,gpu,15,c_flux_ag,1,0.04819,0.03965,0.04819,0.04102,0,1
ag,2560,5120,128,gpu,15,A_fused,3,0.09933,0.09318,0.09933,0.05850,0,1
ag,2560,5120,128,gpu,16,c_cublas,2,0.04198,0.04198,0.04198,0.04013,0,1
ag,2560,5120,128,gpu,16,c_fluxgemm,3,0.06246,0.06246,0.06246,0.03947,0,1
ag,2560,5120,128,gpu,16,c_flux_ag,1,0.04829,0.04710,0.04710,0.03598,0,1
ag,2560,5120,128,gpu,16,A_fused,0,0.10240,0.10035,0.10240,0.05813,0,1
ag,2560,5120,128,gpu,17,c_cublas,3,0.04198,0.04096,0.04198,0.03962,0,1
ag,2560,5120,128,gpu,17,c_fluxgemm,1,0.06554,0.06451,0.06554,0.03607,0,1
ag,2560,5120,128,gpu,17,c_flux_ag,2,0.06179,0.04845,0.06179,0.03970,0,1
ag,2560,5120,128,gpu,17,A_fused,0,0.11059,0.10035,0.11059,0.06099,0,1
ag,2560,5120,128,gpu,18,c_cublas,2,0.04301,0.04301,0.04301,0.03991,0,1
ag,2560,5120,128,gpu,18,c_fluxgemm,0,0.06349,0.06246,0.06246,0.04026,0,1
ag,2560,5120,128,gpu,18,c_flux_ag,1,0.04768,0.04662,0.04768,0.03979,0,1
ag,2560,5120,128,gpu,18,A_fused,3,0.10957,0.10240,0.10957,0.06180,0,1
ag,2560,5120,128,gpu,19,c_cublas,0,0.04198,0.04096,0.04198,0.03935,0,1
ag,2560,5120,128,gpu,19,c_fluxgemm,2,0.06349,0.06349,0.06349,0.03759,0,1
ag,2560,5120,128,gpu,19,c_flux_ag,3,0.04397,0.04022,0.04397,0.03817,0,1
ag,2560,5120,128,gpu,19,A_fused,1,0.10854,0.10138,0.10138,0.06200,0,1
ag,2560,5120,128,gpu,20,c_cublas,0,0.04096,0.04096,0.04096,0.04006,0,1
ag,2560,5120,128,gpu,20,c_fluxgemm,3,0.06451,0.06349,0.06451,0.03609,0,1
ag,2560,5120,128,gpu,20,c_flux_ag,1,0.04614,0.04413,0.04413,0.04120,0,1
ag,2560,5120,128,gpu,20,A_fused,2,0.09830,0.09728,0.09728,0.05899,0,1
ag,2560,5120,128,gpu,21,c_cublas,2,0.04198,0.04198,0.04198,0.04004,1410,1
ag,2560,5120,128,gpu,21,c_fluxgemm,3,0.06349,0.06246,0.06246,0.04664,1410,1
ag,2560,5120,128,gpu,21,c_flux_ag,1,0.04714,0.04109,0.04109,0.03704,1410,1
ag,2560,5120,128,gpu,21,A_fused,0,0.10445,0.10138,0.10445,0.06057,1410,1
ag,2560,5120,128,gpu,22,c_cublas,0,0.04301,0.04198,0.04301,0.03917,1410,1
ag,2560,5120,128,gpu,22,c_fluxgemm,1,0.06349,0.06349,0.06349,0.03897,1410,1
ag,2560,5120,128,gpu,22,c_flux_ag,3,0.04224,0.04096,0.04224,0.03445,1410,1
ag,2560,5120,128,gpu,22,A_fused,2,0.11571,0.10240,0.10240,0.06046,1410,1
ag,2560,5120,128,gpu,23,c_cublas,2,0.04198,0.04096,0.04096,0.03873,1410,1
ag,2560,5120,128,gpu,23,c_fluxgemm,3,0.06656,0.06349,0.06349,0.03889,1410,1
ag,2560,5120,128,gpu,23,c_flux_ag,0,0.05344,0.05238,0.05344,0.03714,1410,1
ag,2560,5120,128,gpu,23,A_fused,1,0.09830,0.09728,0.09728,0.05609,1410,1
ag,2560,5120,128,gpu,24,c_cublas,2,0.04198,0.04096,0.04198,0.03981,1410,1
ag,2560,5120,128,gpu,24,c_fluxgemm,1,0.06349,0.06349,0.06349,0.04386,1410,1
ag,2560,5120,128,gpu,24,c_flux_ag,3,0.05565,0.04771,0.05565,0.04101,1410,1
ag,2560,5120,128,gpu,24,A_fused,0,0.10957,0.10342,0.10342,0.06216,1410,1
ag,2560,5120,128,gpu,25,c_cublas,0,0.04096,0.04096,0.04096,0.04044,1410,1
ag,2560,5120,128,gpu,25,c_fluxgemm,1,0.06451,0.06451,0.06451,0.04080,1410,1
ag,2560,5120,128,gpu,25,c_flux_ag,3,0.05578,0.04611,0.04611,0.04266,1410,1
ag,2560,5120,128,gpu,25,A_fused,2,0.10854,0.09626,0.09626,0.05922,1410,1
ag,2560,5120,128,gpu,26,c_cublas,3,0.04198,0.04198,0.04198,0.03981,1410,1
ag,2560,5120,128,gpu,26,c_fluxgemm,0,0.06451,0.06349,0.06451,0.03858,1410,1
ag,2560,5120,128,gpu,26,c_flux_ag,2,0.05203,0.05171,0.05171,0.03660,1410,1
ag,2560,5120,128,gpu,26,A_fused,1,0.09830,0.09830,0.09830,0.05842,1410,1
ag,2560,5120,128,gpu,27,c_cublas,2,0.04198,0.04198,0.04198,0.03854,1410,1
ag,2560,5120,128,gpu,27,c_fluxgemm,3,0.06554,0.06349,0.06349,0.03969,1410,1
ag,2560,5120,128,gpu,27,c_flux_ag,1,0.04448,0.03930,0.03930,0.03469,1410,1
ag,2560,5120,128,gpu,27,A_fused,0,0.10035,0.09523,0.10035,0.06260,1410,1
ag,2560,5120,128,gpu,28,c_cublas,3,0.04198,0.04198,0.04198,0.04016,1410,1
ag,2560,5120,128,gpu,28,c_fluxgemm,0,0.06758,0.06349,0.06349,0.03809,1410,1
ag,2560,5120,128,gpu,28,c_flux_ag,1,0.05162,0.05091,0.05162,0.05040,1410,1
ag,2560,5120,128,gpu,28,A_fused,2,0.10854,0.10240,0.10854,0.05722,1410,1
ag,2560,5120,128,gpu,29,c_cublas,3,0.04096,0.04096,0.04096,0.03943,1410,1
ag,2560,5120,128,gpu,29,c_fluxgemm,0,0.06349,0.06349,0.06349,0.04046,1410,1
ag,2560,5120,128,gpu,29,c_flux_ag,1,0.04992,0.04982,0.04982,0.04034,1410,1
ag,2560,5120,128,gpu,29,A_fused,2,0.09728,0.09523,0.09523,0.05742,1410,1
ag,2560,5120,128,gpu,30,c_cublas,1,0.04198,0.04096,0.04096,0.03900,1410,1
ag,2560,5120,128,gpu,30,c_fluxgemm,0,0.06349,0.06349,0.06349,0.03966,1410,1
ag,2560,5120,128,gpu,30,c_flux_ag,2,0.06061,0.05155,0.06061,0.04476,1410,1
ag,2560,5120,128,gpu,30,A_fused,3,0.10342,0.10240,0.10240,0.06595,1410,1
ag,2560,5120,128,gpu,31,c_cublas,1,0.04198,0.04198,0.04198,0.03934,1410,1
ag,2560,5120,128,gpu,31,c_fluxgemm,2,0.06451,0.06349,0.06451,0.04018,1410,1
ag,2560,5120,128,gpu,31,c_flux_ag,3,0.05872,0.05053,0.05872,0.03936,1410,1
ag,2560,5120,128,gpu,31,A_fused,0,0.10035,0.09626,0.10035,0.05855,1410,1
ag,2560,5120,128,gpu,32,c_cublas,3,0.04096,0.04096,0.04096,0.03869,1410,1
ag,2560,5120,128,gpu,32,c_fluxgemm,1,0.06554,0.06451,0.06554,0.03748,1410,1
ag,2560,5120,128,gpu,32,c_flux_ag,0,0.04509,0.04198,0.04198,0.03642,1410,1
ag,2560,5120,128,gpu,32,A_fused,2,0.10035,0.09933,0.09933,0.05837,1410,1
ag,2560,5120,128,gpu,33,c_cublas,0,0.04198,0.04096,0.04096,0.03694,1410,1
ag,2560,5120,128,gpu,33,c_fluxgemm,3,0.06554,0.06246,0.06554,0.03688,1410,1
ag,2560,5120,128,gpu,33,c_flux_ag,1,0.04618,0.04605,0.04618,0.04217,1410,1
ag,2560,5120,128,gpu,33,A_fused,2,0.09728,0.09626,0.09728,0.06612,1410,1
ag,2560,5120,128,gpu,34,c_cublas,3,0.04096,0.04096,0.04096,0.03894,1410,1
ag,2560,5120,128,gpu,34,c_fluxgemm,0,0.06758,0.06349,0.06758,0.03469,1410,1
ag,2560,5120,128,gpu,34,c_flux_ag,1,0.04438,0.04134,0.04438,0.03923,1410,1
ag,2560,5120,128,gpu,34,A_fused,2,0.11674,0.10035,0.11674,0.05708,1410,1
ag,2560,5120,128,gpu,35,c_cublas,3,0.07373,0.04198,0.07373,0.04292,1410,1
ag,2560,5120,128,gpu,35,c_fluxgemm,1,0.06554,0.06451,0.06451,0.03864,1410,1
ag,2560,5120,128,gpu,35,c_flux_ag,0,0.05411,0.05363,0.05411,0.04280,1410,1
ag,2560,5120,128,gpu,35,A_fused,2,0.10957,0.10138,0.10138,0.06346,1410,1
ag,2560,5120,128,gpu,36,c_cublas,0,0.04198,0.04096,0.04198,0.03579,1410,1
ag,2560,5120,128,gpu,36,c_fluxgemm,1,0.06349,0.06349,0.06349,0.04001,1410,1
ag,2560,5120,128,gpu,36,c_flux_ag,3,0.04960,0.04102,0.04960,0.03715,1410,1
ag,2560,5120,128,gpu,36,A_fused,2,0.11162,0.10138,0.11162,0.05904,1410,1
ag,2560,5120,128,gpu,37,c_cublas,2,0.04301,0.04301,0.04301,0.03923,1410,1
ag,2560,5120,128,gpu,37,c_fluxgemm,1,0.06451,0.06451,0.06451,0.03875,1410,1
ag,2560,5120,128,gpu,37,c_flux_ag,0,0.04122,0.04090,0.04122,0.03764,1410,1
ag,2560,5120,128,gpu,37,A_fused,3,0.10547,0.10342,0.10342,0.06149,1410,1
ag,2560,5120,128,gpu,38,c_cublas,2,0.04198,0.04198,0.04198,0.03926,1410,1
ag,2560,5120,128,gpu,38,c_fluxgemm,3,0.06451,0.06349,0.06451,0.03930,1410,1
ag,2560,5120,128,gpu,38,c_flux_ag,1,0.04790,0.04528,0.04790,0.03526,1410,1
ag,2560,5120,128,gpu,38,A_fused,0,0.09830,0.09523,0.09830,0.05957,1410,1
ag,2560,5120,128,gpu,39,c_cublas,3,0.04198,0.04198,0.04198,0.03882,1410,1
ag,2560,5120,128,gpu,39,c_fluxgemm,2,0.06656,0.06656,0.06656,0.03725,1410,1
ag,2560,5120,128,gpu,39,c_flux_ag,1,0.05005,0.04048,0.04048,0.03532,1410,1
ag,2560,5120,128,gpu,39,A_fused,0,0.09523,0.09421,0.09523,0.06208,1410,1
ag,2560,5120,128,gpu,40,c_cublas,3,0.04198,0.04198,0.04198,0.03911,1410,1
ag,2560,5120,128,gpu,40,c_fluxgemm,0,0.06349,0.06349,0.06349,0.03874,1410,1
ag,2560,5120,128,gpu,40,c_flux_ag,2,0.05290,0.04678,0.05290,0.03514,1410,1
ag,2560,5120,128,gpu,40,A_fused,1,0.10547,0.10240,0.10547,0.05880,1410,1
ag,2560,5120,128,gpu,41,c_cublas,1,0.04198,0.04198,0.04198,0.03869,1410,1
ag,2560,5120,128,gpu,41,c_fluxgemm,0,0.06349,0.06246,0.06349,0.04010,1410,1
ag,2560,5120,128,gpu,41,c_flux_ag,2,0.05338,0.05194,0.05338,0.04079,1410,1
ag,2560,5120,128,gpu,41,A_fused,3,0.09523,0.09421,0.09523,0.05700,1410,1
ag,2560,5120,128,gpu,42,c_cublas,1,0.04301,0.04301,0.04301,0.03929,1410,1
ag,2560,5120,128,gpu,42,c_fluxgemm,2,0.06758,0.06451,0.06451,0.03931,1410,1
ag,2560,5120,128,gpu,42,c_flux_ag,0,0.04883,0.04730,0.04883,0.03780,1410,1
ag,2560,5120,128,gpu,42,A_fused,3,0.10650,0.10547,0.10650,0.05898,1410,1
ag,2560,5120,128,gpu,43,c_cublas,2,0.04198,0.04096,0.04096,0.03930,1410,1
ag,2560,5120,128,gpu,43,c_fluxgemm,0,0.06349,0.06246,0.06246,0.03702,1410,1
ag,2560,5120,128,gpu,43,c_flux_ag,3,0.05702,0.04896,0.04896,0.04076,1410,1
ag,2560,5120,128,gpu,43,A_fused,1,0.10957,0.10240,0.10240,0.06566,1410,1
ag,2560,5120,128,gpu,44,c_cublas,3,0.04198,0.04096,0.04198,0.04560,1410,1
ag,2560,5120,128,gpu,44,c_fluxgemm,2,0.06656,0.06349,0.06656,0.03613,1410,1
ag,2560,5120,128,gpu,44,c_flux_ag,0,0.04595,0.04566,0.04566,0.03676,1410,1
ag,2560,5120,128,gpu,44,A_fused,1,0.09830,0.09626,0.09626,0.05903,1410,1
ag,2560,5120,128,gpu,45,c_cublas,3,0.04198,0.04198,0.04198,0.03915,1410,1
ag,2560,5120,128,gpu,45,c_fluxgemm,1,0.06554,0.06451,0.06451,0.04010,1410,1
ag,2560,5120,128,gpu,45,c_flux_ag,0,0.04355,0.04259,0.04259,0.04276,1410,1
ag,2560,5120,128,gpu,45,A_fused,2,0.10854,0.09523,0.09523,0.05818,1410,1
ag,2560,5120,128,gpu,46,c_cublas,3,0.04198,0.04198,0.04198,0.06279,1410,1
ag,2560,5120,128,gpu,46,c_fluxgemm,0,0.06349,0.06349,0.06349,0.03996,1410,1
ag,2560,5120,128,gpu,46,c_flux_ag,2,0.04909,0.04573,0.04909,0.03711,1410,1
ag,2560,5120,128,gpu,46,A_fused,1,0.10752,0.10445,0.10752,0.05915,1410,1
ag,2560,5120,128,gpu,47,c_cublas,1,0.04301,0.04198,0.04301,0.03926,1410,1
ag,2560,5120,128,gpu,47,c_fluxgemm,3,0.06349,0.06349,0.06349,0.03964,1410,1
ag,2560,5120,128,gpu,47,c_flux_ag,2,0.05162,0.05008,0.05162,0.04116,1410,1
ag,2560,5120,128,gpu,47,A_fused,0,0.09933,0.09523,0.09933,0.06323,1410,1
ag,2560,5120,128,gpu,48,c_cublas,1,0.04198,0.04096,0.04198,0.03925,1410,1
ag,2560,5120,128,gpu,48,c_fluxgemm,0,0.06349,0.06349,0.06349,0.03750,1410,1
ag,2560,5120,128,gpu,48,c_flux_ag,2,0.04685,0.04525,0.04525,0.04153,1410,1
ag,2560,5120,128,gpu,48,A_fused,3,0.11162,0.10138,0.10138,0.06119,1410,1
ag,2560,5120,128,gpu,49,c_cublas,3,0.04198,0.04096,0.04198,0.07843,1410,1
ag,2560,5120,128,gpu,49,c_fluxgemm,2,0.06758,0.06554,0.06554,0.03775,1410,1
ag,2560,5120,128,gpu,49,c_flux_ag,0,0.04698,0.04627,0.04698,0.03843,1410,1
ag,2560,5120,128,gpu,49,A_fused,1,0.10445,0.10342,0.10342,0.05686,1410,1
ag,2560,5120,128,gpu,50,c_cublas,2,0.04301,0.04301,0.04301,0.03895,1410,1
ag,2560,5120,128,gpu,50,c_fluxgemm,1,0.06451,0.06349,0.06451,0.03884,1410,1
ag,2560,5120,128,gpu,50,c_flux_ag,0,0.05878,0.04906,0.05878,0.04186,1410,1
ag,2560,5120,128,gpu,50,A_fused,3,0.09728,0.09421,0.09421,0.06189,1410,1
ag,2560,5120,128,gpu,51,c_cublas,2,0.04403,0.04198,0.04403,0.03905,1410,1
ag,2560,5120,128,gpu,51,c_fluxgemm,1,0.06451,0.06349,0.06451,0.03924,1410,1
ag,2560,5120,128,gpu,51,c_flux_ag,0,0.04925,0.04378,0.04378,0.03990,1410,1
ag,2560,5120,128,gpu,51,A_fused,3,0.10240,0.10138,0.10240,0.06096,1410,1
ag,2560,5120,128,gpu,52,c_cublas,1,0.04198,0.04096,0.04198,0.03935,1410,1
ag,2560,5120,128,gpu,52,c_fluxgemm,0,0.06349,0.06246,0.06246,0.03840,1410,1
ag,2560,5120,128,gpu,52,c_flux_ag,2,0.05206,0.05034,0.05034,0.04048,1410,1
ag,2560,5120,128,gpu,52,A_fused,3,0.09933,0.09421,0.09421,0.05842,1410,1
ag,2560,5120,128,gpu,53,c_cublas,0,0.04198,0.04198,0.04198,0.03904,1410,1
ag,2560,5120,128,gpu,53,c_fluxgemm,3,0.06349,0.06246,0.06349,0.03727,1410,1
ag,2560,5120,128,gpu,53,c_flux_ag,2,0.05702,0.04691,0.05702,0.03565,1410,1
ag,2560,5120,128,gpu,53,A_fused,1,0.09830,0.09830,0.09830,0.06138,1410,1
ag,2560,5120,128,gpu,54,c_cublas,1,0.04198,0.04096,0.04198,0.03792,1410,1
ag,2560,5120,128,gpu,54,c_fluxgemm,3,0.06451,0.06349,0.06349,0.03768,1410,1
ag,2560,5120,128,gpu,54,c_flux_ag,2,0.04672,0.04438,0.04672,0.03982,1410,1
ag,2560,5120,128,gpu,54,A_fused,0,0.10650,0.10035,0.10650,0.05918,1410,1
ag,2560,5120,128,gpu,55,c_cublas,2,0.04198,0.04198,0.04198,0.03854,1410,1
ag,2560,5120,128,gpu,55,c_fluxgemm,1,0.06349,0.06246,0.06349,0.03486,1410,1
ag,2560,5120,128,gpu,55,c_flux_ag,3,0.05984,0.05155,0.05984,0.04002,1410,1
ag,2560,5120,128,gpu,55,A_fused,0,0.11059,0.10138,0.11059,0.06756,1410,1
ag,2560,5120,128,gpu,56,c_cublas,2,0.04198,0.04096,0.04198,0.04734,1410,1
ag,2560,5120,128,gpu,56,c_fluxgemm,3,0.06451,0.06246,0.06451,0.03927,1410,1
ag,2560,5120,128,gpu,56,c_flux_ag,1,0.05053,0.04938,0.04938,0.03437,1410,1
ag,2560,5120,128,gpu,56,A_fused,0,0.10138,0.10035,0.10138,0.05934,1410,1
ag,2560,5120,128,gpu,57,c_cublas,3,0.04198,0.04198,0.04198,0.03896,1410,1
ag,2560,5120,128,gpu,57,c_fluxgemm,0,0.06451,0.06349,0.06451,0.03510,1410,1
ag,2560,5120,128,gpu,57,c_flux_ag,1,0.04707,0.04275,0.04707,0.04049,1410,1
ag,2560,5120,128,gpu,57,A_fused,2,0.10035,0.09626,0.10035,0.05684,1410,1
ag,2560,5120,128,gpu,58,c_cublas,1,0.04198,0.04198,0.04198,0.03814,1410,1
ag,2560,5120,128,gpu,58,c_fluxgemm,3,0.06349,0.06349,0.06349,0.03875,1410,1
ag,2560,5120,128,gpu,58,c_flux_ag,2,0.05446,0.05290,0.05446,0.03943,1410,1
ag,2560,5120,128,gpu,58,A_fused,0,0.09830,0.09421,0.09830,0.06287,1410,1
ag,2560,5120,128,gpu,59,c_cublas,2,0.04301,0.04198,0.04301,0.03900,1410,1
ag,2560,5120,128,gpu,59,c_fluxgemm,3,0.06246,0.06246,0.06246,0.03872,1410,1
ag,2560,5120,128,gpu,59,c_flux_ag,0,0.06048,0.05149,0.05149,0.04068,1410,1
ag,2560,5120,128,gpu,59,A_fused,1,0.09523,0.09421,0.09421,0.05733,1410,1
ag,2560,5120,128,gpu,60,c_cublas,1,0.04198,0.04096,0.04198,0.03910,1410,1
ag,2560,5120,128,gpu,60,c_fluxgemm,3,0.06554,0.06451,0.06554,0.03795,1410,1
ag,2560,5120,128,gpu,60,c_flux_ag,2,0.04925,0.04387,0.04925,0.04066,1410,1
ag,2560,5120,128,gpu,60,A_fused,0,0.10445,0.10445,0.10445,0.06169,1410,1
ag,2560,5120,128,gpu,61,c_cublas,0,0.04198,0.04096,0.04198,0.04037,1410,1
ag,2560,5120,128,gpu,61,c_fluxgemm,1,0.06349,0.06349,0.06349,0.03873,1410,1
ag,2560,5120,128,gpu,61,c_flux_ag,3,0.05866,0.04934,0.05866,0.04057,1410,1
ag,2560,5120,128,gpu,61,A_fused,2,0.10854,0.10445,0.10445,0.06194,1410,1
ag,2560,5120,128,gpu,62,c_cublas,3,0.04198,0.04096,0.04096,0.04058,1410,1
ag,2560,5120,128,gpu,62,c_fluxgemm,2,0.06349,0.06349,0.06349,0.03711,1410,1
ag,2560,5120,128,gpu,62,c_flux_ag,1,0.04518,0.04198,0.04198,0.03570,1410,1
ag,2560,5120,128,gpu,62,A_fused,0,0.11059,0.10138,0.11059,0.05880,1410,1
ag,2560,5120,128,gpu,63,c_cublas,1,0.04403,0.04198,0.04403,0.03876,1410,1
ag,2560,5120,128,gpu,63,c_fluxgemm,3,0.06349,0.06349,0.06349,0.03607,1410,1
ag,2560,5120,128,gpu,63,c_flux_ag,0,0.04483,0.04125,0.04483,0.04187,1410,1
ag,2560,5120,128,gpu,63,A_fused,2,0.09830,0.09626,0.09830,0.06089,1410,1
ag,2560,5120,128,gpu,64,c_cublas,3,0.04198,0.04096,0.04096,0.04026,1410,1
ag,2560,5120,128,gpu,64,c_fluxgemm,0,0.06349,0.06349,0.06349,0.03627,1410,1
ag,2560,5120,128,gpu,64,c_flux_ag,2,0.05542,0.05418,0.05542,0.03690,1410,1
ag,2560,5120,128,gpu,64,A_fused,1,0.09728,0.09626,0.09626,0.06368,1410,1
ag,2560,5120,128,gpu,65,c_cublas,1,0.04096,0.04096,0.04096,0.03854,1410,1
ag,2560,5120,128,gpu,65,c_fluxgemm,0,0.06451,0.06451,0.06451,0.03993,1410,1
ag,2560,5120,128,gpu,65,c_flux_ag,2,0.05056,0.04141,0.04141,0.04107,1410,1
ag,2560,5120,128,gpu,65,A_fused,3,0.09933,0.09421,0.09933,0.06706,1410,1
ag,2560,5120,128,gpu,66,c_cublas,0,0.04198,0.04096,0.04198,0.03944,1410,1
ag,2560,5120,128,gpu,66,c_fluxgemm,3,0.06349,0.06246,0.06349,0.03633,1410,1
ag,2560,5120,128,gpu,66,c_flux_ag,1,0.05818,0.04922,0.05818,0.04212,1410,1
ag,2560,5120,128,gpu,66,A_fused,2,0.09728,0.09114,0.09728,0.05640,1410,1
ag,2560,5120,128,gpu,67,c_cublas,2,0.04301,0.04096,0.04301,0.03848,1410,1
ag,2560,5120,128,gpu,67,c_fluxgemm,3,0.06349,0.06349,0.06349,0.03920,1410,1
ag,2560,5120,128,gpu,67,c_flux_ag,0,0.04979,0.04970,0.04970,0.03941,1410,1
ag,2560,5120,128,gpu,67,A_fused,1,0.09933,0.09216,0.09933,0.05586,1410,1
ag,2560,5120,128,gpu,68,c_cublas,0,0.04198,0.04096,0.04198,0.03913,1410,1
ag,2560,5120,128,gpu,68,c_fluxgemm,1,0.06451,0.06349,0.06349,0.04598,1410,1
ag,2560,5120,128,gpu,68,c_flux_ag,2,0.05818,0.04858,0.05818,0.04056,1410,1
ag,2560,5120,128,gpu,68,A_fused,3,0.10650,0.09933,0.10650,0.05846,1410,1
ag,2560,5120,128,gpu,69,c_cublas,3,0.04096,0.04096,0.04096,0.04004,1410,1
ag,2560,5120,128,gpu,69,c_fluxgemm,1,0.06554,0.06451,0.06451,0.03780,1410,1
ag,2560,5120,128,gpu,69,c_flux_ag,0,0.05904,0.04416,0.05904,0.04036,1410,1
ag,2560,5120,128,gpu,69,A_fused,2,0.09318,0.09318,0.09318,0.05837,1410,1
ag,2560,5120,128,gpu,70,c_cublas,3,0.04198,0.04198,0.04198,0.04006,1410,1
ag,2560,5120,128,gpu,70,c_fluxgemm,0,0.09933,0.06349,0.06349,0.04398,1410,1
ag,2560,5120,128,gpu,70,c_flux_ag,2,0.04477,0.04077,0.04477,0.03536,1410,1
ag,2560,5120,128,gpu,70,A_fused,1,0.11981,0.10342,0.11981,0.06051,1410,1
ag,2560,5120,128,gpu,71,c_cublas,1,0.04198,0.04096,0.04198,0.03791,1410,1
ag,2560,5120,128,gpu,71,c_fluxgemm,0,0.06861,0.06451,0.06451,0.04062,1410,1
ag,2560,5120,128,gpu,71,c_flux_ag,3,0.05517,0.05491,0.05517,0.03552,1410,1
ag,2560,5120,128,gpu,71,A_fused,2,0.11059,0.09523,0.09523,0.06149,1410,1
ag,2560,5120,128,gpu,72,c_cublas,1,0.04403,0.04301,0.04403,0.04081,1410,1
ag,2560,5120,128,gpu,72,c_fluxgemm,2,0.06656,0.06451,0.06656,0.03956,1410,1
ag,2560,5120,128,gpu,72,c_flux_ag,0,0.04442,0.04227,0.04442,0.03751,1410,1
ag,2560,5120,128,gpu,72,A_fused,3,0.10240,0.09216,0.09216,0.05835,1410,1
ag,2560,5120,128,gpu,73,c_cublas,2,0.04198,0.04198,0.04198,0.03835,1410,1
ag,2560,5120,128,gpu,73,c_fluxgemm,1,0.06349,0.06349,0.06349,0.03560,1410,1
ag,2560,5120,128,gpu,73,c_flux_ag,3,0.04275,0.04102,0.04102,0.04074,1410,1
ag,2560,5120,128,gpu,73,A_fused,0,0.09830,0.09626,0.09626,0.05870,1410,1
ag,2560,5120,128,gpu,74,c_cublas,0,0.04096,0.04096,0.04096,0.03852,1410,1
ag,2560,5120,128,gpu,74,c_fluxgemm,2,0.06656,0.06451,0.06451,0.04132,1410,1
ag,2560,5120,128,gpu,74,c_flux_ag,1,0.05715,0.05421,0.05715,0.04189,1410,1
ag,2560,5120,128,gpu,74,A_fused,3,0.10854,0.10138,0.10138,0.06087,1410,1
ag,2560,5120,128,gpu,75,c_cublas,2,0.04301,0.04096,0.04301,0.03969,1410,1
ag,2560,5120,128,gpu,75,c_fluxgemm,0,0.06349,0.06349,0.06349,0.03817,1410,1
ag,2560,5120,128,gpu,75,c_flux_ag,3,0.04714,0.04042,0.04714,0.04179,1410,1
ag,2560,5120,128,gpu,75,A_fused,1,0.09728,0.09626,0.09728,0.06080,1410,1
ag,2560,5120,128,gpu,76,c_cublas,2,0.04301,0.04301,0.04301,0.04011,1410,1
ag,2560,5120,128,gpu,76,c_fluxgemm,0,0.06554,0.06349,0.06349,0.03862,1410,1
ag,2560,5120,128,gpu,76,c_flux_ag,1,0.05869,0.04957,0.04957,0.04014,1410,1
ag,2560,5120,128,gpu,76,A_fused,3,0.09626,0.09421,0.09421,0.06340,1410,1
ag,2560,5120,128,gpu,77,c_cublas,1,0.04198,0.04096,0.04198,0.04026,1410,1
ag,2560,5120,128,gpu,77,c_fluxgemm,3,0.06451,0.06451,0.06451,0.03785,1410,1
ag,2560,5120,128,gpu,77,c_flux_ag,2,0.04957,0.04106,0.04106,0.04745,1410,1
ag,2560,5120,128,gpu,77,A_fused,0,0.10445,0.09318,0.09318,0.05933,1410,1
ag,2560,5120,128,gpu,78,c_cublas,3,0.04198,0.04096,0.04198,0.03921,1410,1
ag,2560,5120,128,gpu,78,c_fluxgemm,2,0.06656,0.06349,0.06656,0.03508,1410,1
ag,2560,5120,128,gpu,78,c_flux_ag,0,0.05162,0.04934,0.05162,0.03997,1410,1
ag,2560,5120,128,gpu,78,A_fused,1,0.10138,0.09728,0.10138,0.05840,1410,1
ag,2560,5120,128,gpu,79,c_cublas,2,0.04198,0.04096,0.04198,0.03899,1410,1
ag,2560,5120,128,gpu,79,c_fluxgemm,3,0.06554,0.06246,0.06246,0.03841,1410,1
ag,2560,5120,128,gpu,79,c_flux_ag,1,0.04730,0.04464,0.04730,0.03513,1410,1
ag,2560,5120,128,gpu,79,A_fused,0,0.10547,0.10138,0.10547,0.06245,1410,1
ag,2560,5120,128,gpu,80,c_cublas,2,0.04198,0.04198,0.04198,0.03911,1410,1
ag,2560,5120,128,gpu,80,c_fluxgemm,0,0.06451,0.06246,0.06246,0.04373,1410,1
ag,2560,5120,128,gpu,80,c_flux_ag,3,0.05808,0.04931,0.05808,0.04037,1410,1
ag,2560,5120,128,gpu,80,A_fused,1,0.10854,0.10138,0.10138,0.05932,1410,1
ag,2560,5120,128,gpu,81,c_cublas,0,0.04198,0.04096,0.04198,0.03933,1410,1
ag,2560,5120,128,gpu,81,c_fluxgemm,3,0.06656,0.06246,0.06656,0.03744,1410,1
ag,2560,5120,128,gpu,81,c_flux_ag,2,0.04662,0.04547,0.04662,0.03603,1410,1
ag,2560,5120,128,gpu,81,A_fused,1,0.09421,0.09421,0.09421,0.06266,1410,1
ag,2560,5120,128,gpu,82,c_cublas,0,0.04198,0.04096,0.04198,0.03918,1410,1
ag,2560,5120,128,gpu,82,c_fluxgemm,3,0.06349,0.06349,0.06349,0.03615,1410,1
ag,2560,5120,128,gpu,82,c_flux_ag,2,0.04896,0.04346,0.04896,0.03519,1410,1
ag,2560,5120,128,gpu,82,A_fused,1,0.10957,0.10138,0.10138,0.06178,1410,1
ag,2560,5120,128,gpu,83,c_cublas,0,0.04198,0.04198,0.04198,0.03984,1410,1
ag,2560,5120,128,gpu,83,c_fluxgemm,2,0.06656,0.06451,0.06451,0.03834,1410,1
ag,2560,5120,128,gpu,83,c_flux_ag,1,0.04717,0.04368,0.04368,0.04071,1410,1
ag,2560,5120,128,gpu,83,A_fused,3,0.10957,0.09933,0.10957,0.06024,1410,1
ag,2560,5120,128,gpu,84,c_cublas,2,0.04198,0.04096,0.04198,0.03938,1410,1
ag,2560,5120,128,gpu,84,c_fluxgemm,3,0.06554,0.06349,0.06349,0.03889,1410,1
ag,2560,5120,128,gpu,84,c_flux_ag,1,0.05840,0.04208,0.05840,0.03508,1410,1
ag,2560,5120,128,gpu,84,A_fused,0,0.10138,0.10035,0.10138,0.05965,1410,1
ag,2560,5120,128,gpu,85,c_cublas,2,0.04198,0.04096,0.04198,0.03987,1410,1
ag,2560,5120,128,gpu,85,c_fluxgemm,3,0.06349,0.06246,0.06246,0.03941,1410,1
ag,2560,5120,128,gpu,85,c_flux_ag,1,0.04826,0.04538,0.04826,0.03616,1410,1
ag,2560,5120,128,gpu,85,A_fused,0,0.09728,0.09318,0.09728,0.06149,1410,1
ag,2560,5120,128,gpu,86,c_cublas,0,0.04198,0.04096,0.04096,0.03893,1410,1
ag,2560,5120,128,gpu,86,c_fluxgemm,3,0.06554,0.06349,0.06554,0.03651,1410,1
ag,2560,5120,128,gpu,86,c_flux_ag,2,0.04717,0.04006,0.04717,0.03543,1410,1
ag,2560,5120,128,gpu,86,A_fused,1,0.10445,0.10240,0.10240,0.06225,1410,1
ag,2560,5120,128,gpu,87,c_cublas,3,0.04198,0.04198,0.04198,0.03936,1410,1
ag,2560,5120,128,gpu,87,c_fluxgemm,2,0.06349,0.06349,0.06349,0.03536,1410,1
ag,2560,5120,128,gpu,87,c_flux_ag,0,0.05814,0.05130,0.05130,0.03944,1410,1
ag,2560,5120,128,gpu,87,A_fused,1,0.10035,0.09523,0.09523,0.05777,1410,1
ag,2560,5120,128,gpu,88,c_cublas,1,0.04301,0.04301,0.04301,0.03844,1410,1
ag,2560,5120,128,gpu,88,c_fluxgemm,2,0.06451,0.06451,0.06451,0.03923,1410,1
ag,2560,5120,128,gpu,88,c_flux_ag,0,0.04720,0.04253,0.04720,0.04173,1410,1
ag,2560,5120,128,gpu,88,A_fused,3,0.10445,0.10240,0.10445,0.06062,1410,1
ag,2560,5120,128,gpu,89,c_cublas,3,0.04096,0.04096,0.04096,0.03936,1410,1
ag,2560,5120,128,gpu,89,c_fluxgemm,0,0.06349,0.06246,0.06349,0.04309,1410,1
ag,2560,5120,128,gpu,89,c_flux_ag,2,0.04730,0.04717,0.04717,0.03587,1410,1
ag,2560,5120,128,gpu,89,A_fused,1,0.09728,0.09626,0.09728,0.05839,1410,1
ag,2560,5120,128,gpu,90,c_cublas,2,0.04198,0.04198,0.04198,0.03932,1410,1
ag,2560,5120,128,gpu,90,c_fluxgemm,3,0.06554,0.06349,0.06554,0.03982,1410,1
ag,2560,5120,128,gpu,90,c_flux_ag,1,0.04746,0.04726,0.04726,0.03717,1410,1
ag,2560,5120,128,gpu,90,A_fused,0,0.10854,0.10138,0.10854,0.06124,1410,1
ag,2560,5120,128,gpu,91,c_cublas,0,0.04198,0.04198,0.04198,0.03825,1410,1
ag,2560,5120,128,gpu,91,c_fluxgemm,1,0.06349,0.06349,0.06349,0.03886,1410,1
ag,2560,5120,128,gpu,91,c_flux_ag,3,0.05229,0.04544,0.04544,0.03588,1410,1
ag,2560,5120,128,gpu,91,A_fused,2,0.09933,0.09728,0.09933,0.05823,1410,1
ag,2560,5120,128,gpu,92,c_cublas,1,0.07373,0.04198,0.07373,0.04193,1410,1
ag,2560,5120,128,gpu,92,c_fluxgemm,0,0.06349,0.06349,0.06349,0.03921,1410,1
ag,2560,5120,128,gpu,92,c_flux_ag,3,0.05664,0.04848,0.04848,0.03652,1410,1
ag,2560,5120,128,gpu,92,A_fused,2,0.10547,0.10240,0.10240,0.06433,1410,1
ag,2560,5120,128,gpu,93,c_cublas,3,0.04198,0.04096,0.04198,0.03935,1410,1
ag,2560,5120,128,gpu,93,c_fluxgemm,2,0.06246,0.06246,0.06246,0.03678,1410,1
ag,2560,5120,128,gpu,93,c_flux_ag,1,0.04714,0.04109,0.04109,0.03587,1410,1
ag,2560,5120,128,gpu,93,A_fused,0,0.10957,0.09523,0.09523,0.06121,1410,1
ag,2560,5120,128,gpu,94,c_cublas,0,0.04198,0.04198,0.04198,0.04251,1410,1
ag,2560,5120,128,gpu,94,c_fluxgemm,2,0.06758,0.06656,0.06758,0.03812,1410,1
ag,2560,5120,128,gpu,94,c_flux_ag,1,0.05574,0.05520,0.05574,0.04202,1410,1
ag,2560,5120,128,gpu,94,A_fused,3,0.09728,0.09421,0.09728,0.05722,1410,1
ag,2560,5120,128,gpu,95,c_cublas,1,0.04198,0.04096,0.04198,0.03934,1410,1
ag,2560,5120,128,gpu,95,c_fluxgemm,0,0.06349,0.06246,0.06246,0.03676,1410,1
ag,2560,5120,128,gpu,95,c_flux_ag,3,0.04595,0.04496,0.04595,0.03576,1410,1
ag,2560,5120,128,gpu,95,A_fused,2,0.11162,0.10240,0.11162,0.06905,1410,1
ag,2560,5120,128,gpu,96,c_cublas,1,0.04403,0.04198,0.04403,0.03928,1410,1
ag,2560,5120,128,gpu,96,c_fluxgemm,2,0.06554,0.06451,0.06554,0.03912,1410,1
ag,2560,5120,128,gpu,96,c_flux_ag,0,0.04758,0.04659,0.04758,0.03632,1410,1
ag,2560,5120,128,gpu,96,A_fused,3,0.09728,0.09626,0.09728,0.06598,1410,1
ag,2560,5120,128,gpu,97,c_cublas,2,0.04198,0.04198,0.04198,0.03911,1410,1
ag,2560,5120,128,gpu,97,c_fluxgemm,3,0.06349,0.06349,0.06349,0.03890,1410,1
ag,2560,5120,128,gpu,97,c_flux_ag,0,0.05814,0.04115,0.05814,0.03855,1410,1
ag,2560,5120,128,gpu,97,A_fused,1,0.09728,0.09626,0.09728,0.05810,1410,1
ag,2560,5120,128,gpu,98,c_cublas,0,0.04198,0.04096,0.04096,0.03890,1410,1
ag,2560,5120,128,gpu,98,c_fluxgemm,2,0.06656,0.06451,0.06451,0.03706,1410,1
ag,2560,5120,128,gpu,98,c_flux_ag,1,0.04605,0.04323,0.04323,0.04147,1410,1
ag,2560,5120,128,gpu,98,A_fused,3,0.11059,0.10138,0.11059,0.05823,1410,1
ag,2560,5120,128,gpu,99,c_cublas,0,0.04198,0.04096,0.04198,0.03912,1410,1
ag,2560,5120,128,gpu,99,c_fluxgemm,2,0.06349,0.06349,0.06349,0.03616,1410,1
ag,2560,5120,128,gpu,99,c_flux_ag,3,0.04931,0.04826,0.04931,0.03765,1410,1
ag,2560,5120,128,gpu,99,A_fused,1,0.10854,0.10138,0.10854,0.06201,1410,1
ag,2560,5120,128,gpu,100,c_cublas,1,0.04096,0.04096,0.04096,0.03905,1410,1
ag,2560,5120,128,gpu,100,c_fluxgemm,2,0.06349,0.06349,0.06349,0.03914,1410,1
ag,2560,5120,128,gpu,100,c_flux_ag,3,0.04912,0.04912,0.04912,0.03978,1410,1
ag,2560,5120,128,gpu,100,A_fused,0,0.09933,0.09830,0.09933,0.05806,1410,1
ag,2560,5120,128,gpu,101,c_cublas,3,0.04198,0.04198,0.04198,0.03936,1410,1
ag,2560,5120,128,gpu,101,c_fluxgemm,0,0.06656,0.06246,0.06656,0.03765,1410,1
ag,2560,5120,128,gpu,101,c_flux_ag,1,0.04614,0.04115,0.04614,0.04027,1410,1
ag,2560,5120,128,gpu,101,A_fused,2,0.10957,0.10445,0.10445,0.05655,1410,1
ag,2560,5120,128,gpu,102,c_cublas,2,0.04301,0.04198,0.04198,0.03910,1410,1
ag,2560,5120,128,gpu,102,c_fluxgemm,1,0.06554,0.06451,0.06554,0.03806,1410,1
ag,2560,5120,128,gpu,102,c_flux_ag,0,0.04858,0.04464,0.04858,0.04203,1410,1
ag,2560,5120,128,gpu,102,A_fused,3,0.10035,0.09626,0.10035,0.06175,1410,1
ag,2560,5120,128,gpu,103,c_cublas,0,0.04198,0.04096,0.04198,0.03868,1410,1
ag,2560,5120,128,gpu,103,c_fluxgemm,3,0.06349,0.06246,0.06246,0.03727,1410,1
ag,2560,5120,128,gpu,103,c_flux_ag,2,0.04608,0.03907,0.04608,0.03638,1410,1
ag,2560,5120,128,gpu,103,A_fused,1,0.10240,0.10138,0.10240,0.06970,1410,1
ag,2560,5120,128,gpu,104,c_cublas,0,0.04198,0.04096,0.04198,0.04071,1410,1
ag,2560,5120,128,gpu,104,c_fluxgemm,2,0.06349,0.06246,0.06246,0.03595,1410,1
ag,2560,5120,128,gpu,104,c_flux_ag,3,0.05651,0.04893,0.05651,0.04640,1410,1
ag,2560,5120,128,gpu,104,A_fused,1,0.09421,0.09421,0.09421,0.06471,1410,1
ag,2560,5120,128,gpu,105,c_cublas,0,0.04198,0.04198,0.04198,0.03951,1410,1
ag,2560,5120,128,gpu,105,c_fluxgemm,2,0.06451,0.06349,0.06349,0.03930,1410,1
ag,2560,5120,128,gpu,105,c_flux_ag,1,0.06029,0.05254,0.05254,0.04115,1410,1
ag,2560,5120,128,gpu,105,A_fused,3,0.09728,0.09421,0.09421,0.05835,1410,1
ag,2560,5120,128,gpu,106,c_cublas,2,0.04198,0.04096,0.04198,0.03985,1410,1
ag,2560,5120,128,gpu,106,c_fluxgemm,3,0.06349,0.06349,0.06349,0.03993,1410,1
ag,2560,5120,128,gpu,106,c_flux_ag,1,0.05494,0.05216,0.05216,0.03605,1410,1
ag,2560,5120,128,gpu,106,A_fused,0,0.10138,0.09318,0.10138,0.05883,1410,1
ag,2560,5120,128,gpu,107,c_cublas,2,0.04301,0.04096,0.04301,0.03916,1410,1
ag,2560,5120,128,gpu,107,c_fluxgemm,0,0.06246,0.06246,0.06246,0.03511,1410,1
ag,2560,5120,128,gpu,107,c_flux_ag,3,0.05600,0.04528,0.05600,0.04121,1410,1
ag,2560,5120,128,gpu,107,A_fused,1,0.11162,0.09830,0.09830,0.06931,1410,1
ag,2560,5120,128,gpu,108,c_cublas,2,0.04198,0.04096,0.04096,0.04007,1410,1
ag,2560,5120,128,gpu,108,c_fluxgemm,3,0.06349,0.06349,0.06349,0.04150,1410,1
ag,2560,5120,128,gpu,108,c_flux_ag,1,0.04438,0.04128,0.04438,0.03446,1410,1
ag,2560,5120,128,gpu,108,A_fused,0,0.09523,0.09318,0.09318,0.06118,1410,1
ag,2560,5120,128,gpu,109,c_cublas,1,0.04301,0.04198,0.04198,0.03856,1410,1
ag,2560,5120,128,gpu,109,c_fluxgemm,3,0.06758,0.06349,0.06349,0.03796,1410,1
ag,2560,5120,128,gpu,109,c_flux_ag,2,0.04602,0.04435,0.04435,0.04118,1410,1
ag,2560,5120,128,gpu,109,A_fused,0,0.09830,0.09626,0.09830,0.06135,1410,1
ag,2560,5120,128,gpu,110,c_cublas,1,0.04403,0.04301,0.04403,0.03994,1410,1
ag,2560,5120,128,gpu,110,c_fluxgemm,2,0.06349,0.06349,0.06349,0.03908,1410,1
ag,2560,5120,128,gpu,110,c_flux_ag,0,0.04480,0.04141,0.04480,0.03925,1410,1
ag,2560,5120,128,gpu,110,A_fused,3,0.10342,0.10138,0.10342,0.05864,1410,1
ag,2560,5120,128,gpu,111,c_cublas,2,0.04198,0.04096,0.04198,0.03900,1410,1
ag,2560,5120,128,gpu,111,c_fluxgemm,0,0.06349,0.06349,0.06349,0.03643,1410,1
ag,2560,5120,128,gpu,111,c_flux_ag,3,0.04602,0.04154,0.04602,0.04048,1410,1
ag,2560,5120,128,gpu,111,A_fused,1,0.11469,0.09933,0.11469,0.05958,1410,1
ag,2560,5120,128,gpu,112,c_cublas,0,0.04198,0.04096,0.04198,0.03890,1410,1
ag,2560,5120,128,gpu,112,c_fluxgemm,1,0.06349,0.06246,0.06246,0.03911,1410,1
ag,2560,5120,128,gpu,112,c_flux_ag,2,0.04726,0.04355,0.04726,0.03941,1410,1
ag,2560,5120,128,gpu,112,A_fused,3,0.09830,0.09523,0.09830,0.05704,1410,1
ag,2560,5120,128,gpu,113,c_cublas,3,0.04096,0.04096,0.04096,0.03880,1410,1
ag,2560,5120,128,gpu,113,c_fluxgemm,1,0.06758,0.06554,0.06554,0.03913,1410,1
ag,2560,5120,128,gpu,113,c_flux_ag,0,0.05210,0.04902,0.05210,0.03850,1410,1
ag,2560,5120,128,gpu,113,A_fused,2,0.10854,0.10035,0.10035,0.05634,1410,1
ag,2560,5120,128,gpu,114,c_cublas,1,0.04301,0.04301,0.04301,0.03964,1410,1
ag,2560,5120,128,gpu,114,c_fluxgemm,2,0.06451,0.06349,0.06349,0.03885,1410,1
ag,2560,5120,128,gpu,114,c_flux_ag,0,0.04899,0.04899,0.04899,0.04129,1410,1
ag,2560,5120,128,gpu,114,A_fused,3,0.09728,0.09421,0.09728,0.05889,1410,1
ag,2560,5120,128,gpu,115,c_cublas,0,0.04198,0.04096,0.04198,0.03961,1410,1
ag,2560,5120,128,gpu,115,c_fluxgemm,3,0.06349,0.06349,0.06349,0.03808,1410,1
ag,2560,5120,128,gpu,115,c_flux_ag,1,0.04720,0.04435,0.04720,0.04085,1410,1
ag,2560,5120,128,gpu,115,A_fused,2,0.09830,0.09626,0.09830,0.05657,1410,1
ag,2560,5120,128,gpu,116,c_cublas,2,0.04301,0.04301,0.04301,0.03964,1410,1
ag,2560,5120,128,gpu,116,c_fluxgemm,0,0.06349,0.06246,0.06349,0.03469,1410,1
ag,2560,5120,128,gpu,116,c_flux_ag,1,0.04512,0.04150,0.04150,0.04001,1410,1
ag,2560,5120,128,gpu,116,A_fused,3,0.10957,0.10035,0.10957,0.06099,1410,1
ag,2560,5120,128,gpu,117,c_cublas,3,0.04198,0.04198,0.04198,0.04637,1410,1
ag,2560,5120,128,gpu,117,c_fluxgemm,2,0.06349,0.06246,0.06349,0.03721,1410,1
ag,2560,5120,128,gpu,117,c_flux_ag,0,0.05405,0.05270,0.05270,0.03898,1410,1
ag,2560,5120,128,gpu,117,A_fused,1,0.11366,0.11264,0.11264,0.05835,1410,1
ag,2560,5120,128,gpu,118,c_cublas,0,0.04198,0.04096,0.04198,0.03594,1410,1
ag,2560,5120,128,gpu,118,c_fluxgemm,1,0.06451,0.06349,0.06349,0.03910,1410,1
ag,2560,5120,128,gpu,118,c_flux_ag,3,0.05104,0.04960,0.04960,0.03700,1410,1
ag,2560,5120,128,gpu,118,A_fused,2,0.09830,0.09523,0.09523,0.06000,1410,1
ag,2560,5120,128,gpu,119,c_cublas,1,0.04301,0.04096,0.04096,0.07199,1410,1
ag,2560,5120,128,gpu,119,c_fluxgemm,2,0.06554,0.06451,0.06451,0.04015,1410,1
ag,2560,5120,128,gpu,119,c_flux_ag,0,0.04915,0.04550,0.04915,0.04339,1410,1
ag,2560,5120,128,gpu,119,A_fused,3,0.10138,0.10138,0.10138,0.05953,1410,1
ag,2560,5120,128,gpu,120,c_cublas,0,0.04198,0.04198,0.04198,0.03964,1410,1
ag,2560,5120,128,gpu,120,c_fluxgemm,1,0.06349,0.06246,0.06246,0.03924,1410,1
ag,2560,5120,128,gpu,120,c_flux_ag,3,0.05117,0.04813,0.05117,0.03501,1410,1
ag,2560,5120,128,gpu,120,A_fused,2,0.10854,0.10035,0.10035,0.06720,1410,1
ag,2560,5120,128,gpu,121,c_cublas,3,0.04198,0.04096,0.04198,0.03949,1410,1
ag,2560,5120,128,gpu,121,c_fluxgemm,2,0.06349,0.06246,0.06349,0.03646,1410,1
ag,2560,5120,128,gpu,121,c_flux_ag,0,0.05114,0.05043,0.05114,0.03853,1410,1
ag,2560,5120,128,gpu,121,A_fused,1,0.09421,0.09216,0.09421,0.05665,1410,1
ag,2560,5120,128,gpu,122,c_cublas,2,0.04198,0.04096,0.04198,0.03893,1410,1
ag,2560,5120,128,gpu,122,c_fluxgemm,0,0.06656,0.06451,0.06656,0.03906,1410,1
ag,2560,5120,128,gpu,122,c_flux_ag,3,0.05882,0.05066,0.05882,0.04076,1410,1
ag,2560,5120,128,gpu,122,A_fused,1,0.09626,0.09421,0.09421,0.05922,1410,1
ag,2560,5120,128,gpu,123,c_cublas,0,0.04198,0.04096,0.04198,0.04395,1410,1
ag,2560,5120,128,gpu,123,c_fluxgemm,2,0.06554,0.06246,0.06246,0.03556,1410,1
ag,2560,5120,128,gpu,123,c_flux_ag,3,0.04781,0.04317,0.04781,0.03794,1410,1
ag,2560,5120,128,gpu,123,A_fused,1,0.10957,0.10138,0.10957,0.06263,1410,1
ag,2560,5120,128,gpu,124,c_cublas,2,0.04198,0.04198,0.04198,0.03955,1410,1
ag,2560,5120,128,gpu,124,c_fluxgemm,3,0.06349,0.06246,0.06246,0.03954,1410,1
ag,2560,5120,128,gpu,124,c_flux_ag,1,0.04720,0.04016,0.04720,0.03415,1410,1
ag,2560,5120,128,gpu,124,A_fused,0,0.09830,0.09318,0.09830,0.06082,1410,1
ag,2560,5120,128,gpu,125,c_cublas,0,0.04198,0.04096,0.04198,0.03928,1410,1
ag,2560,5120,128,gpu,125,c_fluxgemm,3,0.06554,0.06246,0.06554,0.03597,1410,1
ag,2560,5120,128,gpu,125,c_flux_ag,2,0.04192,0.03930,0.04192,0.03599,1410,1
ag,2560,5120,128,gpu,125,A_fused,1,0.09728,0.09626,0.09626,0.06180,1410,1
ag,2560,5120,128,gpu,126,c_cublas,1,0.04198,0.04096,0.04198,0.03920,1410,1
ag,2560,5120,128,gpu,126,c_fluxgemm,0,0.06656,0.06246,0.06656,0.03688,1410,1
ag,2560,5120,128,gpu,126,c_flux_ag,3,0.66035,0.07168,0.66035,0.04328,1410,1
ag,2560,5120,128,gpu,126,A_fused,2,0.10650,0.10547,0.10650,0.06154,1410,1
ag,2560,5120,128,gpu,127,c_cublas,2,0.04301,0.04198,0.04301,0.04073,1410,1
ag,2560,5120,128,gpu,127,c_fluxgemm,1,0.06451,0.06451,0.06451,0.03843,1410,1
ag,2560,5120,128,gpu,127,c_flux_ag,0,0.04374,0.04131,0.04374,0.03638,1410,1
ag,2560,5120,128,gpu,127,A_fused,3,0.09421,0.09421,0.09421,0.06347,1410,1
ag,2560,5120,128,gpu,128,c_cublas,3,0.04198,0.04096,0.04198,0.03928,1410,1
ag,2560,5120,128,gpu,128,c_fluxgemm,2,0.06349,0.06246,0.06349,0.03514,1410,1
ag,2560,5120,128,gpu,128,c_flux_ag,0,0.04899,0.04570,0.04899,0.03789,1410,1
ag,2560,5120,128,gpu,128,A_fused,1,0.09626,0.09318,0.09626,0.05516,1410,1
ag,2560,5120,128,gpu,129,c_cublas,3,0.04198,0.04198,0.04198,0.03869,1410,1
ag,2560,5120,128,gpu,129,c_fluxgemm,1,0.06451,0.06349,0.06451,0.03849,1410,1
ag,2560,5120,128,gpu,129,c_flux_ag,0,0.05901,0.05450,0.05901,0.04213,1410,1
ag,2560,5120,128,gpu,129,A_fused,2,0.10752,0.09728,0.10752,0.05730,1410,1
ag,2560,5120,128,gpu,130,c_cublas,0,0.04198,0.04198,0.04198,0.03532,1410,1
ag,2560,5120,128,gpu,130,c_fluxgemm,3,0.06451,0.06349,0.06349,0.03761,1410,1
ag,2560,5120,128,gpu,130,c_flux_ag,2,0.04554,0.03942,0.04554,0.03572,1410,1
ag,2560,5120,128,gpu,130,A_fused,1,0.09626,0.09523,0.09523,0.06270,1410,1
ag,2560,5120,128,gpu,131,c_cublas,2,0.04301,0.04198,0.04198,0.04674,1410,1
ag,2560,5120,128,gpu,131,c_fluxgemm,0,0.06554,0.06246,0.06246,0.03758,1410,1
ag,2560,5120,128,gpu,131,c_flux_ag,3,0.04406,0.04317,0.04406,0.04084,1410,1
ag,2560,5120,128,gpu,131,A_fused,1,0.09421,0.09114,0.09421,0.05831,1410,1
ag,2560,5120,128,gpu,132,c_cublas,3,0.04198,0.04096,0.04198,0.03973,1410,1
ag,2560,5120,128,gpu,132,c_fluxgemm,2,0.06349,0.06246,0.06246,0.03825,1410,1
ag,2560,5120,128,gpu,132,c_flux_ag,1,0.06093,0.04784,0.06093,0.11082,1410,1
ag,2560,5120,128,gpu,132,A_fused,0,0.09626,0.09011,0.09626,0.05965,1410,1
ag,2560,5120,128,gpu,133,c_cublas,1,0.04198,0.04096,0.04198,0.03815,1410,1
ag,2560,5120,128,gpu,133,c_fluxgemm,0,0.06246,0.06246,0.06246,0.04069,1410,1
ag,2560,5120,128,gpu,133,c_flux_ag,3,0.04621,0.03754,0.03754,0.03612,1410,1
ag,2560,5120,128,gpu,133,A_fused,2,0.10240,0.10035,0.10240,0.06172,1410,1
ag,2560,5120,128,gpu,134,c_cublas,2,0.04198,0.04096,0.04198,0.03874,1410,1
ag,2560,5120,128,gpu,134,c_fluxgemm,0,0.06349,0.06246,0.06246,0.03912,1410,1
ag,2560,5120,128,gpu,134,c_flux_ag,3,0.04723,0.04723,0.04723,0.10983,1410,1
ag,2560,5120,128,gpu,134,A_fused,1,0.09728,0.09421,0.09728,0.06181,1410,1
ag,2560,5120,128,gpu,135,c_cublas,1,0.04096,0.04096,0.04096,0.03994,1410,1
ag,2560,5120,128,gpu,135,c_fluxgemm,3,0.06451,0.06451,0.06451,0.03880,1410,1
ag,2560,5120,128,gpu,135,c_flux_ag,2,0.05130,0.05018,0.05130,0.04173,1410,1
ag,2560,5120,128,gpu,135,A_fused,0,0.11162,0.10445,0.11162,0.06138,1410,1
ag,2560,5120,128,gpu,136,c_cublas,1,0.04301,0.04198,0.04198,0.03854,1410,1
ag,2560,5120,128,gpu,136,c_fluxgemm,3,0.06349,0.06246,0.06349,0.03829,1410,1
ag,2560,5120,128,gpu,136,c_flux_ag,2,0.04269,0.04211,0.04211,0.04095,1410,1
ag,2560,5120,128,gpu,136,A_fused,0,0.10138,0.10138,0.10138,0.06267,1410,1
ag,2560,5120,128,gpu,137,c_cublas,2,0.04301,0.04301,0.04301,0.03945,1410,1
ag,2560,5120,128,gpu,137,c_fluxgemm,0,0.06349,0.06246,0.06246,0.03732,1410,1
ag,2560,5120,128,gpu,137,c_flux_ag,1,0.04714,0.04710,0.04710,0.03980,1410,1
ag,2560,5120,128,gpu,137,A_fused,3,0.09421,0.09318,0.09421,0.06191,1410,1
ag,2560,5120,128,gpu,138,c_cublas,1,0.04403,0.04403,0.04403,0.03956,1410,1
ag,2560,5120,128,gpu,138,c_fluxgemm,2,0.06758,0.06758,0.06758,0.03897,1410,1
ag,2560,5120,128,gpu,138,c_flux_ag,0,0.05712,0.04102,0.05712,0.04282,1410,1
ag,2560,5120,128,gpu,138,A_fused,3,0.10138,0.10035,0.10138,0.05913,1410,1
ag,2560,5120,128,gpu,139,c_cublas,3,0.04198,0.04198,0.04198,0.03873,1410,1
ag,2560,5120,128,gpu,139,c_fluxgemm,1,0.06861,0.06554,0.06861,0.03719,1410,1
ag,2560,5120,128,gpu,139,c_flux_ag,0,0.04998,0.04624,0.04624,0.03871,1410,1
ag,2560,5120,128,gpu,139,A_fused,2,0.10240,0.10240,0.10240,0.06490,1410,1
ag,2560,5120,128,gpu,140,c_cublas,0,0.04198,0.04096,0.04198,0.03495,1410,1
ag,2560,5120,128,gpu,140,c_fluxgemm,1,0.06349,0.06246,0.06246,0.03945,1410,1
ag,2560,5120,128,gpu,140,c_flux_ag,2,0.04717,0.04246,0.04246,0.03991,1410,1
ag,2560,5120,128,gpu,140,A_fused,3,0.09523,0.09421,0.09421,0.05653,1410,1
ag,2560,5120,128,gpu,141,c_cublas,3,0.04198,0.04096,0.04198,0.03937,1410,1
ag,2560,5120,128,gpu,141,c_fluxgemm,1,0.06656,0.06349,0.06656,0.03547,1410,1
ag,2560,5120,128,gpu,141,c_flux_ag,2,0.05744,0.04733,0.05744,0.03878,1410,1
ag,2560,5120,128,gpu,141,A_fused,0,0.10547,0.10035,0.10547,0.05891,1410,1
ag,2560,5120,128,gpu,142,c_cublas,2,0.04198,0.04198,0.04198,0.03842,1410,1
ag,2560,5120,128,gpu,142,c_fluxgemm,3,0.06349,0.06246,0.06246,0.03848,1410,1
ag,2560,5120,128,gpu,142,c_flux_ag,0,0.04810,0.04502,0.04810,0.04183,1410,1
ag,2560,5120,128,gpu,142,A_fused,1,0.10138,0.10035,0.10138,0.05708,1410,1
ag,2560,5120,128,gpu,143,c_cublas,3,0.04198,0.04096,0.04096,0.03896,1410,1
ag,2560,5120,128,gpu,143,c_fluxgemm,0,0.06349,0.06246,0.06246,0.03567,1410,1
ag,2560,5120,128,gpu,143,c_flux_ag,1,0.04547,0.04310,0.04547,0.03933,1410,1
ag,2560,5120,128,gpu,143,A_fused,2,0.09626,0.09421,0.09626,0.05667,1410,1
ag,2560,5120,128,gpu,144,c_cublas,1,0.04301,0.04198,0.04301,0.03821,1410,1
ag,2560,5120,128,gpu,144,c_fluxgemm,3,0.06349,0.06246,0.06246,0.03572,1410,1
ag,2560,5120,128,gpu,144,c_flux_ag,0,0.04272,0.04202,0.04202,0.04069,1410,1
ag,2560,5120,128,gpu,144,A_fused,2,0.09933,0.09728,0.09933,0.06114,1410,1
ag,2560,5120,128,gpu,145,c_cublas,1,0.04301,0.04301,0.04301,0.03950,1410,1
ag,2560,5120,128,gpu,145,c_fluxgemm,3,0.06349,0.06246,0.06349,0.03699,1410,1
ag,2560,5120,128,gpu,145,c_flux_ag,0,0.06054,0.05014,0.05014,0.04130,1410,1
ag,2560,5120,128,gpu,145,A_fused,2,0.10445,0.10342,0.10342,0.06067,1410,1
ag,2560,5120,128,gpu,146,c_cublas,0,0.04198,0.04096,0.04198,0.09165,1410,1
ag,2560,5120,128,gpu,146,c_fluxgemm,1,0.06349,0.06246,0.06349,0.04021,1410,1
ag,2560,5120,128,gpu,146,c_flux_ag,2,0.04304,0.03914,0.03914,0.04036,1410,1
ag,2560,5120,128,gpu,146,A_fused,3,0.09318,0.09114,0.09318,0.05699,1410,1
ag,2560,5120,128,gpu,147,c_cublas,0,0.04198,0.04096,0.04096,0.03908,1410,1
ag,2560,5120,128,gpu,147,c_fluxgemm,2,0.06451,0.06451,0.06451,0.04004,1410,1
ag,2560,5120,128,gpu,147,c_flux_ag,1,0.05686,0.04630,0.05686,0.04192,1410,1
ag,2560,5120,128,gpu,147,A_fused,3,0.11264,0.10342,0.11264,0.05987,1410,1
ag,2560,5120,128,gpu,148,c_cublas,1,0.04198,0.04198,0.04198,0.03893,1410,1
ag,2560,5120,128,gpu,148,c_fluxgemm,0,0.06656,0.06554,0.06656,0.03898,1410,1
ag,2560,5120,128,gpu,148,c_flux_ag,2,0.04634,0.04426,0.04426,0.04113,1410,1
ag,2560,5120,128,gpu,148,A_fused,3,0.09421,0.09216,0.09216,0.06513,1410,1
ag,2560,5120,128,gpu,149,c_cublas,1,0.04198,0.04096,0.04198,0.03960,1410,1
ag,2560,5120,128,gpu,149,c_fluxgemm,0,0.09523,0.06349,0.09523,0.04249,1410,1
ag,2560,5120,128,gpu,149,c_flux_ag,2,0.04512,0.04118,0.04118,0.04248,1410,1
ag,2560,5120,128,gpu,149,A_fused,3,0.09830,0.09626,0.09830,0.06022,1410,1
ag,2560,5120,128,gpu,150,c_cublas,2,0.04301,0.04301,0.04301,0.03984,1410,1
ag,2560,5120,128,gpu,150,c_fluxgemm,0,0.06349,0.06246,0.06349,0.03836,1410,1
ag,2560,5120,128,gpu,150,c_flux_ag,1,0.05949,0.04829,0.04829,0.03995,1410,1
ag,2560,5120,128,gpu,150,A_fused,3,0.10854,0.10752,0.10752,0.06161,1410,1
ag,2560,5120,128,gpu,151,c_cublas,0,0.04403,0.04198,0.04403,0.03916,1410,1
ag,2560,5120,128,gpu,151,c_fluxgemm,1,0.06451,0.06349,0.06451,0.03943,1410,1
ag,2560,5120,128,gpu,151,c_flux_ag,2,0.05421,0.04954,0.04954,0.04024,1410,1
ag,2560,5120,128,gpu,151,A_fused,3,0.09523,0.09523,0.09523,0.05673,1410,1
ag,2560,5120,128,gpu,152,c_cublas,0,0.04198,0.04096,0.04198,0.04691,1410,1
ag,2560,5120,128,gpu,152,c_fluxgemm,3,0.06451,0.06349,0.06349,0.03546,1410,1
ag,2560,5120,128,gpu,152,c_flux_ag,1,0.04755,0.04301,0.04755,0.04211,1410,1
ag,2560,5120,128,gpu,152,A_fused,2,0.10854,0.10240,0.10854,0.05697,1410,1
ag,2560,5120,128,gpu,153,c_cublas,1,0.04301,0.04198,0.04301,0.03927,1410,1
ag,2560,5120,128,gpu,153,c_fluxgemm,3,0.06554,0.06349,0.06349,0.03868,1410,1
ag,2560,5120,128,gpu,153,c_flux_ag,2,0.05850,0.04944,0.05850,0.04041,1410,1
ag,2560,5120,128,gpu,153,A_fused,0,0.10240,0.10138,0.10138,0.06139,1410,1
ag,2560,5120,128,gpu,154,c_cublas,0,0.04198,0.04198,0.04198,0.03899,1410,1
ag,2560,5120,128,gpu,154,c_fluxgemm,2,0.06554,0.06349,0.06349,0.03520,1410,1
ag,2560,5120,128,gpu,154,c_flux_ag,3,0.05245,0.04195,0.04195,0.03844,1410,1
ag,2560,5120,128,gpu,154,A_fused,1,0.09626,0.09626,0.09626,0.06364,1410,1
ag,2560,5120,128,gpu,155,c_cublas,3,0.04096,0.04096,0.04096,0.03874,1410,1
ag,2560,5120,128,gpu,155,c_fluxgemm,0,0.06349,0.06246,0.06349,0.03937,1410,1
ag,2560,5120,128,gpu,155,c_flux_ag,1,0.04781,0.04618,0.04618,0.03989,1410,1
ag,2560,5120,128,gpu,155,A_fused,2,0.10342,0.09933,0.09933,0.05671,1410,1
ag,2560,5120,128,gpu,156,c_cublas,2,0.04198,0.04096,0.04198,0.03909,1410,1
ag,2560,5120,128,gpu,156,c_fluxgemm,3,0.06554,0.06451,0.06451,0.03996,1410,1
ag,2560,5120,128,gpu,156,c_flux_ag,1,0.05526,0.05363,0.05526,0.03616,1410,1
ag,2560,5120,128,gpu,156,A_fused,0,0.09523,0.09318,0.09523,0.06308,1410,1
ag,2560,5120,128,gpu,157,c_cublas,1,0.04198,0.04198,0.04198,0.03844,1410,1
ag,2560,5120,128,gpu,157,c_fluxgemm,2,0.06554,0.06451,0.06554,0.03947,1410,1
ag,2560,5120,128,gpu,157,c_flux_ag,3,0.06147,0.04512,0.06147,0.03956,1410,1
ag,2560,5120,128,gpu,157,A_fused,0,0.10240,0.10138,0.10240,0.06131,1410,1
ag,2560,5120,128,gpu,158,c_cublas,0,0.04198,0.04096,0.04096,0.03951,1410,1
ag,2560,5120,128,gpu,158,c_fluxgemm,2,0.06554,0.06451,0.06451,0.03632,1410,1
ag,2560,5120,128,gpu,158,c_flux_ag,3,0.04806,0.04762,0.04762,0.03843,1410,1
ag,2560,5120,128,gpu,158,A_fused,1,0.10957,0.09421,0.09421,0.06269,1410,1
ag,2560,5120,128,gpu,159,c_cublas,2,0.04198,0.04096,0.04198,0.03930,1410,1
ag,2560,5120,128,gpu,159,c_fluxgemm,0,0.06349,0.06349,0.06349,0.04117,1410,1
ag,2560,5120,128,gpu,159,c_flux_ag,3,0.05974,0.05056,0.05974,0.04095,1410,1
ag,2560,5120,128,gpu,159,A_fused,1,0.10240,0.10035,0.10035,0.05930,1410,1
ag,2560,5120,128,gpu,160,c_cublas,0,0.04198,0.04198,0.04198,0.03970,1410,1
ag,2560,5120,128,gpu,160,c_fluxgemm,1,0.06349,0.06246,0.06349,0.03945,1410,1
ag,2560,5120,128,gpu,160,c_flux_ag,2,0.04592,0.04208,0.04592,0.03956,1410,1
ag,2560,5120,128,gpu,160,A_fused,3,0.09626,0.09114,0.09626,0.05635,1410,1
ag,2560,5120,128,gpu,161,c_cublas,0,0.04096,0.04096,0.04096,0.03934,1410,1
ag,2560,5120,128,gpu,161,c_fluxgemm,3,0.06349,0.06349,0.06349,0.03599,1410,1
ag,2560,5120,128,gpu,161,c_flux_ag,1,0.04410,0.04022,0.04410,0.04136,1410,1
ag,2560,5120,128,gpu,161,A_fused,2,0.09933,0.09728,0.09933,0.05853,1410,1
ag,2560,5120,128,gpu,162,c_cublas,3,0.04198,0.04198,0.04198,0.03976,1410,1
ag,2560,5120,128,gpu,162,c_fluxgemm,1,0.06451,0.06246,0.06451,0.03472,1410,1
ag,2560,5120,128,gpu,162,c_flux_ag,2,0.05914,0.04451,0.05914,0.03759,1410,1
ag,2560,5120,128,gpu,162,A_fused,0,0.09523,0.09318,0.09318,0.05988,1410,1
ag,2560,5120,128,gpu,163,c_cublas,1,0.04198,0.04096,0.04198,0.03840,1410,1
ag,2560,5120,128,gpu,163,c_fluxgemm,0,0.06656,0.06246,0.06246,0.03975,1410,1
ag,2560,5120,128,gpu,163,c_flux_ag,3,0.05824,0.04979,0.05824,0.03475,1410,1
ag,2560,5120,128,gpu,163,A_fused,2,0.10240,0.09728,0.10240,0.06248,1410,1
ag,2560,5120,128,gpu,164,c_cublas,0,0.04198,0.04198,0.04198,0.03935,1410,1
ag,2560,5120,128,gpu,164,c_fluxgemm,3,0.06554,0.06246,0.06554,0.03701,1410,1
ag,2560,5120,128,gpu,164,c_flux_ag,2,0.04611,0.04547,0.04547,0.03536,1410,1
ag,2560,5120,128,gpu,164,A_fused,1,0.10957,0.09318,0.09318,0.06248,1410,1
ag,2560,5120,128,gpu,165,c_cublas,1,0.04096,0.04096,0.04096,0.04720,1410,1
ag,2560,5120,128,gpu,165,c_fluxgemm,0,0.06656,0.06349,0.06656,0.03515,1410,1
ag,2560,5120,128,gpu,165,c_flux_ag,2,0.05987,0.05178,0.05987,0.04105,1410,1
ag,2560,5120,128,gpu,165,A_fused,3,0.10138,0.10035,0.10138,0.05586,1410,1
ag,2560,5120,128,gpu,166,c_cublas,2,0.04301,0.04096,0.04301,0.03814,1410,1
ag,2560,5120,128,gpu,166,c_fluxgemm,0,0.06349,0.06349,0.06349,0.03737,1410,1
ag,2560,5120,128,gpu,166,c_flux_ag,3,0.04554,0.04528,0.04528,0.04054,1410,1
ag,2560,5120,128,gpu,166,A_fused,1,0.09830,0.09318,0.09830,0.05727,1410,1
ag,2560,5120,128,gpu,167,c_cublas,3,0.04198,0.04198,0.04198,0.03912,1410,1
ag,2560,5120,128,gpu,167,c_fluxgemm,1,0.06758,0.06554,0.06554,0.03874,1410,1
ag,2560,5120,128,gpu,167,c_flux_ag,0,0.04717,0.04256,0.04717,0.03789,1410,1
ag,2560,5120,128,gpu,167,A_fused,2,0.10342,0.10035,0.10342,0.05705,1410,1
ag,2560,5120,128,gpu,168,c_cublas,3,0.04198,0.04096,0.04198,0.03837,1410,1
ag,2560,5120,128,gpu,168,c_fluxgemm,0,0.06656,0.06349,0.06349,0.03934,1410,1
ag,2560,5120,128,gpu,168,c_flux_ag,1,0.04560,0.04547,0.04547,0.03999,1410,1
ag,2560,5120,128,gpu,168,A_fused,2,0.10752,0.10650,0.10650,0.05599,1410,1
ag,2560,5120,128,gpu,169,c_cublas,1,0.04198,0.04096,0.04198,0.03849,1410,1
ag,2560,5120,128,gpu,169,c_fluxgemm,0,0.06554,0.06349,0.06554,0.03966,1410,1
ag,2560,5120,128,gpu,169,c_flux_ag,3,0.05555,0.04752,0.05555,0.03573,1410,1
ag,2560,5120,128,gpu,169,A_fused,2,0.10854,0.09216,0.10854,0.06218,1410,1
ag,2560,5120,128,gpu,170,c_cublas,2,0.04198,0.04198,0.04198,0.03842,1410,1
ag,2560,5120,128,gpu,170,c_fluxgemm,1,0.06656,0.06246,0.06656,0.03547,1410,1
ag,2560,5120,128,gpu,170,c_flux_ag,3,0.04915,0.04525,0.04915,0.04104,1410,1
ag,2560,5120,128,gpu,170,A_fused,0,0.10035,0.09626,0.10035,0.05993,1410,1
ag,2560,5120,128,gpu,171,c_cublas,2,0.04198,0.04198,0.04198,0.03912,1410,1
ag,2560,5120,128,gpu,171,c_fluxgemm,0,0.06349,0.06349,0.06349,0.03933,1410,1
ag,2560,5120,128,gpu,171,c_flux_ag,3,0.05706,0.04832,0.04832,0.04079,1410,1
ag,2560,5120,128,gpu,171,A_fused,1,0.10342,0.10342,0.10342,0.05888,1410,1
ag,2560,5120,128,gpu,172,c_cublas,1,0.04198,0.04096,0.04198,0.03883,1410,1
ag,2560,5120,128,gpu,172,c_fluxgemm,0,0.06349,0.06246,0.06246,0.03865,1410,1
ag,2560,5120,128,gpu,172,c_flux_ag,3,0.05763,0.04163,0.05763,0.03526,1410,1
ag,2560,5120,128,gpu,172,A_fused,2,0.10957,0.10240,0.10240,0.06167,1410,1
ag,2560,5120,128,gpu,173,c_cublas,2,0.04301,0.04198,0.04301,0.03991,1410,1
ag,2560,5120,128,gpu,173,c_fluxgemm,0,0.06554,0.06349,0.06349,0.03769,1410,1
ag,2560,5120,128,gpu,173,c_flux_ag,1,0.04723,0.04720,0.04720,0.03932,1410,1
ag,2560,5120,128,gpu,173,A_fused,3,0.10547,0.10342,0.10547,0.06100,1410,1
ag,2560,5120,128,gpu,174,c_cublas,1,0.04198,0.04198,0.04198,0.04090,1410,1
ag,2560,5120,128,gpu,174,c_fluxgemm,0,0.06349,0.06246,0.06246,0.04031,1410,1
ag,2560,5120,128,gpu,174,c_flux_ag,3,0.05530,0.04992,0.04992,0.03558,1410,1
ag,2560,5120,128,gpu,174,A_fused,2,0.10854,0.10445,0.10445,0.06851,1410,1
ag,2560,5120,128,gpu,175,c_cublas,0,0.04096,0.04096,0.04096,0.03935,1410,1
ag,2560,5120,128,gpu,175,c_fluxgemm,3,0.06349,0.06349,0.06349,0.03739,1410,1
ag,2560,5120,128,gpu,175,c_flux_ag,2,0.05158,0.05142,0.05142,0.03652,1410,1
ag,2560,5120,128,gpu,175,A_fused,1,0.09830,0.09318,0.09318,0.06214,1410,1
ag,2560,5120,128,gpu,176,c_cublas,1,0.04198,0.04096,0.04198,0.03978,1410,1
ag,2560,5120,128,gpu,176,c_fluxgemm,2,0.06349,0.06349,0.06349,0.03948,1410,1
ag,2560,5120,128,gpu,176,c_flux_ag,3,0.06170,0.05248,0.06170,0.04049,1410,1
ag,2560,5120,128,gpu,176,A_fused,0,0.10957,0.10138,0.10957,0.08336,1410,1
ag,2560,5120,128,gpu,177,c_cublas,3,0.04198,0.04198,0.04198,0.03952,1410,1
ag,2560,5120,128,gpu,177,c_fluxgemm,2,0.06554,0.06349,0.06349,0.03611,1410,1
ag,2560,5120,128,gpu,177,c_flux_ag,0,0.05786,0.04886,0.05786,0.03741,1410,1
ag,2560,5120,128,gpu,177,A_fused,1,0.10035,0.09523,0.10035,0.05753,1410,1
ag,2560,5120,128,gpu,178,c_cublas,1,0.04403,0.04301,0.04403,0.03938,1410,1
ag,2560,5120,128,gpu,178,c_fluxgemm,2,0.06554,0.06451,0.06451,0.03944,1410,1
ag,2560,5120,128,gpu,178,c_flux_ag,0,0.05894,0.05021,0.05894,0.04213,1410,1
ag,2560,5120,128,gpu,178,A_fused,3,0.10240,0.09421,0.09421,0.06654,1410,1
ag,2560,5120,128,gpu,179,c_cublas,2,0.04198,0.04198,0.04198,0.04009,1410,1
ag,2560,5120,128,gpu,179,c_fluxgemm,0,0.06349,0.06349,0.06349,0.03733,1410,1
ag,2560,5120,128,gpu,179,c_flux_ag,1,0.04314,0.04301,0.04301,0.03878,1410,1
ag,2560,5120,128,gpu,179,A_fused,3,0.10957,0.10035,0.10957,0.06199,1410,1
ag,2560,5120,128,gpu,180,c_cublas,1,0.04198,0.04096,0.04096,0.03880,1410,1
ag,2560,5120,128,gpu,180,c_fluxgemm,2,0.06349,0.06246,0.06246,0.03928,1410,1
ag,2560,5120,128,gpu,180,c_flux_ag,3,0.04944,0.04582,0.04944,0.04078,1410,1
ag,2560,5120,128,gpu,180,A_fused,0,0.10240,0.09216,0.10240,0.06075,1410,1
ag,2560,5120,128,gpu,181,c_cublas,2,0.04198,0.04096,0.04198,0.04012,1410,1
ag,2560,5120,128,gpu,181,c_fluxgemm,3,0.06656,0.06554,0.06554,0.03972,1410,1
ag,2560,5120,128,gpu,181,c_flux_ag,0,0.05104,0.04989,0.05104,0.04044,1410,1
ag,2560,5120,128,gpu,181,A_fused,1,0.09626,0.09523,0.09626,0.06481,1410,1
ag,2560,5120,128,gpu,182,c_cublas,3,0.04198,0.04198,0.04198,0.04520,1410,1
ag,2560,5120,128,gpu,182,c_fluxgemm,2,0.06349,0.06349,0.06349,0.03598,1410,1
ag,2560,5120,128,gpu,182,c_flux_ag,0,1.37686,0.07270,1.37686,0.04347,1410,1
ag,2560,5120,128,gpu,182,A_fused,1,0.10035,0.09421,0.09421,0.05830,1410,1
ag,2560,5120,128,gpu,183,c_cublas,0,0.04301,0.04096,0.04301,0.03584,1410,1
ag,2560,5120,128,gpu,183,c_fluxgemm,1,0.06451,0.06349,0.06349,0.04016,1410,1
ag,2560,5120,128,gpu,183,c_flux_ag,2,0.05232,0.05178,0.05232,0.03974,1410,1
ag,2560,5120,128,gpu,183,A_fused,3,0.09421,0.09421,0.09421,0.05769,1410,1
ag,2560,5120,128,gpu,184,c_cublas,2,0.04301,0.04301,0.04301,0.03981,1410,1
ag,2560,5120,128,gpu,184,c_fluxgemm,1,0.06656,0.06451,0.06451,0.03715,1410,1
ag,2560,5120,128,gpu,184,c_flux_ag,0,0.05325,0.05146,0.05325,0.03751,1410,1
ag,2560,5120,128,gpu,184,A_fused,3,0.09830,0.09421,0.09830,0.06181,1410,1
ag,2560,5120,128,gpu,185,c_cublas,3,0.04096,0.04096,0.04096,0.03910,1410,1
ag,2560,5120,128,gpu,185,c_fluxgemm,0,0.06451,0.06451,0.06451,0.03959,1410,1
ag,2560,5120,128,gpu,185,c_flux_ag,2,0.04192,0.04019,0.04019,0.03567,1410,1
ag,2560,5120,128,gpu,185,A_fused,1,0.10650,0.10035,0.10035,0.05788,1410,1
ag,2560,5120,128,gpu,186,c_cublas,3,0.04096,0.04096,0.04096,0.03858,1410,1
ag,2560,5120,128,gpu,186,c_fluxgemm,2,0.06349,0.06246,0.06246,0.03592,1410,1
ag,2560,5120,128,gpu,186,c_flux_ag,0,0.04646,0.04259,0.04646,0.04853,1410,1
ag,2560,5120,128,gpu,186,A_fused,1,0.09421,0.08909,0.09421,0.05756,1410,1
ag,2560,5120,128,gpu,187,c_cublas,1,0.04198,0.04096,0.04198,0.03892,1410,1
ag,2560,5120,128,gpu,187,c_fluxgemm,0,0.06554,0.06349,0.06554,0.03914,1410,1
ag,2560,5120,128,gpu,187,c_flux_ag,3,0.04531,0.04326,0.04531,0.03591,1410,1
ag,2560,5120,128,gpu,187,A_fused,2,0.09728,0.09318,0.09728,0.07000,1410,1
ag,2560,5120,128,gpu,188,c_cublas,2,0.04198,0.04198,0.04198,0.03898,1410,1
ag,2560,5120,128,gpu,188,c_fluxgemm,1,0.06554,0.06246,0.06554,0.03723,1410,1
ag,2560,5120,128,gpu,188,c_flux_ag,3,0.06022,0.05270,0.06022,0.04116,1410,1
ag,2560,5120,128,gpu,188,A_fused,0,0.11571,0.10240,0.11571,0.05935,1410,1
ag,2560,5120,128,gpu,189,c_cublas,2,0.04198,0.04096,0.04096,0.03864,1410,1
ag,2560,5120,128,gpu,189,c_fluxgemm,0,0.06451,0.06349,0.06349,0.03840,1410,1
ag,2560,5120,128,gpu,189,c_flux_ag,3,0.04736,0.04704,0.04736,0.04051,1410,1
ag,2560,5120,128,gpu,189,A_fused,1,0.10342,0.10138,0.10342,0.06042,1410,1
ag,2560,5120,128,gpu,190,c_cublas,2,0.04198,0.04198,0.04198,0.03997,1410,1
ag,2560,5120,128,gpu,190,c_fluxgemm,3,0.06349,0.06246,0.06246,0.03973,1410,1
ag,2560,5120,128,gpu,190,c_flux_ag,0,0.05859,0.04896,0.05859,0.04523,1410,1
ag,2560,5120,128,gpu,190,A_fused,1,0.09933,0.09728,0.09728,0.05887,1410,1
ag,2560,5120,128,gpu,191,c_cublas,2,0.04198,0.04096,0.04198,0.04001,1410,1
ag,2560,5120,128,gpu,191,c_fluxgemm,0,0.06451,0.06451,0.06451,0.03795,1410,1
ag,2560,5120,128,gpu,191,c_flux_ag,3,0.04502,0.04234,0.04234,0.04054,1410,1
ag,2560,5120,128,gpu,191,A_fused,1,0.10547,0.10342,0.10342,0.06948,1410,1
ag,2560,5120,128,gpu,192,c_cublas,2,0.04301,0.04198,0.04301,0.03921,1410,1
ag,2560,5120,128,gpu,192,c_fluxgemm,0,0.06656,0.06349,0.06656,0.03959,1410,1
ag,2560,5120,128,gpu,192,c_flux_ag,3,0.04560,0.04442,0.04442,0.04124,1410,1
ag,2560,5120,128,gpu,192,A_fused,1,0.11059,0.09216,0.11059,0.05985,1410,1
ag,2560,5120,128,gpu,193,c_cublas,2,0.04301,0.04198,0.04301,0.03976,1410,1
ag,2560,5120,128,gpu,193,c_fluxgemm,0,0.06349,0.06349,0.06349,0.03878,1410,1
ag,2560,5120,128,gpu,193,c_flux_ag,1,0.04464,0.04314,0.04314,0.03836,1410,1
ag,2560,5120,128,gpu,193,A_fused,3,0.09728,0.09421,0.09421,0.06196,1410,1
ag,2560,5120,128,gpu,194,c_cublas,0,0.04198,0.04198,0.04198,0.03892,1410,1
ag,2560,5120,128,gpu,194,c_fluxgemm,2,0.06349,0.06349,0.06349,0.03594,1410,1
ag,2560,5120,128,gpu,194,c_flux_ag,3,0.05846,0.04739,0.05846,0.03786,1410,1
ag,2560,5120,128,gpu,194,A_fused,1,0.10957,0.09933,0.10957,0.06254,1410,1
ag,2560,5120,128,gpu,195,c_cublas,3,0.04301,0.04096,0.04301,0.03937,1410,1
ag,2560,5120,128,gpu,195,c_fluxgemm,0,0.06349,0.06349,0.06349,0.03744,1410,1
ag,2560,5120,128,gpu,195,c_flux_ag,1,0.05027,0.04918,0.05027,0.03950,1410,1
ag,2560,5120,128,gpu,195,A_fused,2,0.09933,0.09421,0.09421,0.05808,1410,1
ag,2560,5120,128,gpu,196,c_cublas,1,0.04198,0.04096,0.04198,0.03795,1410,1
ag,2560,5120,128,gpu,196,c_fluxgemm,3,0.06451,0.06246,0.06246,0.04636,1410,1
ag,2560,5120,128,gpu,196,c_flux_ag,2,0.04352,0.04346,0.04346,0.03985,1410,1
ag,2560,5120,128,gpu,196,A_fused,0,0.10342,0.10138,0.10138,0.06227,1410,1
ag,2560,5120,128,gpu,197,c_cublas,3,0.04198,0.04096,0.04198,0.03901,1410,1
ag,2560,5120,128,gpu,197,c_fluxgemm,0,0.06349,0.06246,0.06246,0.03690,1410,1
ag,2560,5120,128,gpu,197,c_flux_ag,1,0.05744,0.04851,0.04851,0.04032,1410,1
ag,2560,5120,128,gpu,197,A_fused,2,0.09728,0.09421,0.09421,0.05802,1410,1
ag,2560,5120,128,gpu,198,c_cublas,0,0.04198,0.04198,0.04198,0.03582,1410,1
ag,2560,5120,128,gpu,198,c_fluxgemm,2,0.06246,0.06246,0.06246,0.03728,1410,1
ag,2560,5120,128,gpu,198,c_flux_ag,3,0.04435,0.04397,0.04397,0.03967,1410,1
ag,2560,5120,128,gpu,198,A_fused,1,0.10138,0.10138,0.10138,0.06402,1410,1
ag,2560,5120,128,gpu,199,c_cublas,0,0.04198,0.04096,0.04198,0.03985,1410,1
ag,2560,5120,128,gpu,199,c_fluxgemm,3,0.06656,0.06349,0.06656,0.03653,1410,1
ag,2560,5120,128,gpu,199,c_flux_ag,1,0.04723,0.04435,0.04723,0.04256,1410,1
ag,2560,5120,128,gpu,199,A_fused,2,0.10138,0.09523,0.10138,0.05897,1410,1
ag,2560,5120,128,steady,0,c_cublas,3,0.03334,0.03322,0.03322,0.01616,0,1
ag,2560,5120,128,steady,0,c_fluxgemm,1,0.05542,0.05510,0.05510,0.02063,0,1
ag,2560,5120,128,steady,0,c_flux_ag,2,0.04399,0.04385,0.04385,0.02803,0,1
ag,2560,5120,128,steady,0,A_fused,0,0.09978,0.08730,0.09978,0.03953,0,1
ag,2560,5120,128,steady,1,c_cublas,0,0.03494,0.03475,0.03494,0.01526,0,1
ag,2560,5120,128,steady,1,c_fluxgemm,1,0.05555,0.05523,0.05555,0.02078,0,1
ag,2560,5120,128,steady,1,c_flux_ag,3,0.04321,0.04283,0.04321,0.02738,0,1
ag,2560,5120,128,steady,1,A_fused,2,0.08845,0.08826,0.08826,0.03818,0,1
ag,2560,5120,128,steady,2,c_cublas,1,0.03334,0.03328,0.03334,0.01611,0,1
ag,2560,5120,128,steady,2,c_fluxgemm,2,0.05491,0.05478,0.05478,0.02004,0,1
ag,2560,5120,128,steady,2,c_flux_ag,0,0.04211,0.04210,0.04211,0.02722,0,1
ag,2560,5120,128,steady,2,A_fused,3,0.08646,0.08646,0.08646,0.03837,0,1
ag,2560,5120,128,steady,3,c_cublas,3,0.03322,0.03322,0.03322,0.01615,0,1
ag,2560,5120,128,steady,3,c_fluxgemm,1,0.05536,0.05510,0.05510,0.02038,0,1
ag,2560,5120,128,steady,3,c_flux_ag,2,0.04475,0.04455,0.04455,0.02766,0,1
ag,2560,5120,128,steady,3,A_fused,0,0.08525,0.08474,0.08474,0.03760,0,1
ag,2560,5120,128,steady,4,c_cublas,1,0.03341,0.03334,0.03334,0.01566,0,1
ag,2560,5120,128,steady,4,c_fluxgemm,0,0.05670,0.05664,0.05670,0.02021,0,1
ag,2560,5120,128,steady,4,c_flux_ag,3,0.04227,0.04199,0.04199,0.02782,0,1
ag,2560,5120,128,steady,4,A_fused,2,0.08915,0.08896,0.08896,0.03860,0,1
ag,2560,5120,128,steady,5,c_cublas,2,0.03328,0.03322,0.03322,0.01627,0,1
ag,2560,5120,128,steady,5,c_fluxgemm,1,0.05536,0.05530,0.05536,0.02001,0,1
ag,2560,5120,128,steady,5,c_flux_ag,0,0.04049,0.04004,0.04049,0.02721,0,1
ag,2560,5120,128,steady,5,A_fused,3,0.08646,0.08621,0.08646,0.03823,0,1
ag,2560,5120,128,steady,6,c_cublas,2,0.03354,0.03328,0.03354,0.01607,0,1
ag,2560,5120,128,steady,6,c_fluxgemm,1,0.05523,0.05504,0.05504,0.01991,0,1
ag,2560,5120,128,steady,6,c_flux_ag,3,0.04332,0.04321,0.04332,0.02776,0,1
ag,2560,5120,128,steady,6,A_fused,0,0.08595,0.08576,0.08576,0.03878,0,1
ag,2560,5120,128,steady,7,c_cublas,2,0.03328,0.03315,0.03315,0.01606,0,1
ag,2560,5120,128,steady,7,c_fluxgemm,3,0.05542,0.05530,0.05530,0.02016,0,1
ag,2560,5120,128,steady,7,c_flux_ag,0,0.04074,0.04064,0.04074,0.02742,0,1
ag,2560,5120,128,steady,7,A_fused,1,0.08749,0.08736,0.08749,0.03784,0,1
ag,2560,5120,128,steady,8,c_cublas,1,0.03334,0.03322,0.03322,0.01594,0,1
ag,2560,5120,128,steady,8,c_fluxgemm,0,0.05638,0.05594,0.05594,0.01964,0,1
ag,2560,5120,128,steady,8,c_flux_ag,3,0.04254,0.04248,0.04254,0.02761,0,1
ag,2560,5120,128,steady,8,A_fused,2,0.08704,0.08685,0.08685,0.03814,0,1
ag,2560,5120,128,steady,9,c_cublas,0,0.03520,0.03514,0.03520,0.01573,1410,1
ag,2560,5120,128,steady,9,c_fluxgemm,3,0.05530,0.05523,0.05523,0.02015,1410,1
ag,2560,5120,128,steady,9,c_flux_ag,1,0.04012,0.03987,0.04012,0.02821,1410,1
ag,2560,5120,128,steady,9,A_fused,2,0.08614,0.08608,0.08608,0.03796,1410,1
ag,2560,5120,128,steady,10,c_cublas,1,0.03341,0.03322,0.03322,0.01623,1410,1
ag,2560,5120,128,steady,10,c_fluxgemm,2,0.05472,0.05472,0.05472,0.02009,1410,1
ag,2560,5120,128,steady,10,c_flux_ag,0,0.05296,0.04704,0.04704,0.02735,1410,1
ag,2560,5120,128,steady,10,A_fused,3,0.08486,0.08474,0.08474,0.03837,1410,1
ag,2560,5120,128,steady,11,c_cublas,0,0.03514,0.03501,0.03514,0.01567,1410,1
ag,2560,5120,128,steady,11,c_fluxgemm,2,0.05478,0.05478,0.05478,0.02024,1410,1
ag,2560,5120,128,steady,11,c_flux_ag,3,0.04279,0.04278,0.04279,0.02811,1410,1
ag,2560,5120,128,steady,11,A_fused,1,0.08646,0.08627,0.08627,0.03853,1410,1
ag,2560,5120,128,steady,12,c_cublas,1,0.03347,0.03347,0.03347,0.01599,1410,1
ag,2560,5120,128,steady,12,c_fluxgemm,2,0.05491,0.05472,0.05472,0.02011,1410,1
ag,2560,5120,128,steady,12,c_flux_ag,3,0.04644,0.04633,0.04644,0.02734,1410,1
ag,2560,5120,128,steady,12,A_fused,0,0.08634,0.08608,0.08608,0.03806,1410,1
ag,2560,5120,128,steady,13,c_cublas,3,0.03334,0.03328,0.03334,0.01561,1410,1
ag,2560,5120,128,steady,13,c_fluxgemm,0,0.05632,0.05626,0.05632,0.02036,1410,1
ag,2560,5120,128,steady,13,c_flux_ag,2,0.04205,0.04177,0.04205,0.02723,1410,1
ag,2560,5120,128,steady,13,A_fused,1,0.08531,0.08512,0.08512,0.03766,1410,1
ag,2560,5120,128,steady,14,c_cublas,3,0.03341,0.03334,0.03341,0.01556,1410,1
ag,2560,5120,128,steady,14,c_fluxgemm,1,0.05536,0.05530,0.05530,0.02022,1410,1
ag,2560,5120,128,steady,14,c_flux_ag,0,0.04757,0.04365,0.04365,0.02804,1410,1
ag,2560,5120,128,steady,14,A_fused,2,0.08621,0.08595,0.08595,0.03840,1410,1
ag,2560,5120,128,steady,15,c_cublas,3,0.03334,0.03334,0.03334,0.01560,1410,1
ag,2560,5120,128,steady,15,c_fluxgemm,1,0.05549,0.05542,0.05542,0.02018,1410,1
ag,2560,5120,128,steady,15,c_flux_ag,0,0.04089,0.04076,0.04089,0.02799,1410,1
ag,2560,5120,128,steady,15,A_fused,2,0.09024,0.09024,0.09024,0.03820,1410,1
ag,2560,5120,128,steady,16,c_cublas,2,0.03360,0.03322,0.03360,0.01572,1410,1
ag,2560,5120,128,steady,16,c_fluxgemm,0,0.05677,0.05658,0.05677,0.02021,1410,1
ag,2560,5120,128,steady,16,c_flux_ag,3,0.04420,0.04411,0.04420,0.02782,1410,1
ag,2560,5120,128,steady,16,A_fused,1,0.08518,0.08506,0.08518,0.03779,1410,1
ag,2560,5120,128,steady,17,c_cublas,1,0.03341,0.03328,0.03341,0.01611,1410,1
ag,2560,5120,128,steady,17,c_fluxgemm,3,0.05530,0.05510,0.05510,0.01980,1410,1
ag,2560,5120,128,steady,17,c_flux_ag,0,0.04056,0.04052,0.04056,0.02719,1410,1
ag,2560,5120,128,steady,17,A_fused,2,0.08550,0.08525,0.08550,0.03796,1410,1
ag,2560,5120,128,steady,18,c_cublas,0,0.03507,0.03501,0.03501,0.01568,1410,1
ag,2560,5120,128,steady,18,c_fluxgemm,1,0.05517,0.05491,0.05491,0.02027,1410,1
ag,2560,5120,128,steady,18,c_flux_ag,2,0.04562,0.04552,0.04562,0.02743,1410,1
ag,2560,5120,128,steady,18,A_fused,3,0.08518,0.08499,0.08518,0.03836,1410,1
ag,2560,5120,128,steady,19,c_cublas,2,0.03328,0.03315,0.03328,0.01566,1410,1
ag,2560,5120,128,steady,19,c_fluxgemm,3,0.05536,0.05517,0.05517,0.02078,1410,1
ag,2560,5120,128,steady,19,c_flux_ag,1,0.04275,0.04245,0.04275,0.02787,1410,1
ag,2560,5120,128,steady,19,A_fused,0,0.08608,0.08608,0.08608,0.03874,1410,1
ag,2560,5120,128,steady,20,c_cublas,1,0.03334,0.03328,0.03328,0.01570,1410,1
ag,2560,5120,128,steady,20,c_fluxgemm,3,0.05517,0.05510,0.05510,0.02013,1410,1
ag,2560,5120,128,steady,20,c_flux_ag,2,0.04186,0.04173,0.04186,0.02765,1410,1
ag,2560,5120,128,steady,20,A_fused,0,0.08973,0.08922,0.08973,0.03839,1410,1
ag,2560,5120,128,steady,21,c_cublas,2,0.03328,0.03315,0.03315,0.01578,1410,1
ag,2560,5120,128,steady,21,c_fluxgemm,3,0.05530,0.05510,0.05530,0.02016,1410,1
ag,2560,5120,128,steady,21,c_flux_ag,1,0.04273,0.04271,0.04273,0.02746,1410,1
ag,2560,5120,128,steady,21,A_fused,0,0.08781,0.08678,0.08781,0.03858,1410,1
ag,2560,5120,128,steady,22,c_cublas,3,0.03328,0.03328,0.03328,0.01569,1410,1
ag,2560,5120,128,steady,22,c_fluxgemm,2,0.05491,0.05485,0.05491,0.02070,1410,1
ag,2560,5120,128,steady,22,c_flux_ag,1,0.04160,0.04124,0.04124,0.02724,1410,1
ag,2560,5120,128,steady,22,A_fused,0,0.08691,0.08672,0.08672,0.03881,1410,1
ag,2560,5120,128,steady,23,c_cublas,3,0.03334,0.03322,0.03322,0.01545,1410,1
ag,2560,5120,128,steady,23,c_fluxgemm,1,0.05517,0.05517,0.05517,0.02020,1410,1
ag,2560,5120,128,steady,23,c_flux_ag,0,0.04402,0.04402,0.04402,0.02823,1410,1
ag,2560,5120,128,steady,23,A_fused,2,0.08531,0.08518,0.08518,0.03815,1410,1
ag,2560,5120,128,steady,24,c_cublas,2,0.03334,0.03334,0.03334,0.01554,1410,1
ag,2560,5120,128,steady,24,c_fluxgemm,1,0.05536,0.05517,0.05517,0.02062,1410,1
ag,2560,5120,128,steady,24,c_flux_ag,0,0.04281,0.04265,0.04281,0.02760,1410,1
ag,2560,5120,128,steady,24,A_fused,3,0.08595,0.08582,0.08582,0.03918,1410,1
ag,2560,5120,128,steady,25,c_cublas,2,0.03341,0.03328,0.03341,0.01557,1410,1
ag,2560,5120,128,steady,25,c_fluxgemm,0,0.05670,0.05651,0.05651,0.02017,1410,1
ag,2560,5120,128,steady,25,c_flux_ag,3,0.04538,0.04526,0.04538,0.02818,1410,1
ag,2560,5120,128,steady,25,A_fused,1,0.08576,0.08563,0.08576,0.03831,1410,1
ag,2560,5120,128,steady,26,c_cublas,3,0.03334,0.03328,0.03334,0.01614,1410,1
ag,2560,5120,128,steady,26,c_fluxgemm,1,0.05504,0.05485,0.05504,0.02052,1410,1
ag,2560,5120,128,steady,26,c_flux_ag,2,0.04167,0.04163,0.04163,0.02765,1410,1
ag,2560,5120,128,steady,26,A_fused,0,0.08576,0.08512,0.08576,0.03811,1410,1
ag,2560,5120,128,steady,27,c_cublas,3,0.03334,0.03322,0.03322,0.01572,1410,1
ag,2560,5120,128,steady,27,c_fluxgemm,1,0.05530,0.05491,0.05491,0.02050,1410,1
ag,2560,5120,128,steady,27,c_flux_ag,2,0.04352,0.04316,0.04316,0.02759,1410,1
ag,2560,5120,128,steady,27,A_fused,0,0.08858,0.08813,0.08813,0.03872,1410,1
ag,2560,5120,128,steady,28,c_cublas,1,0.03341,0.03328,0.03341,0.01535,1410,1
ag,2560,5120,128,steady,28,c_fluxgemm,2,0.05478,0.05466,0.05466,0.02046,1410,1
ag,2560,5120,128,steady,28,c_flux_ag,3,0.04670,0.04662,0.04662,0.02744,1410,1
ag,2560,5120,128,steady,28,A_fused,0,0.08704,0.08691,0.08704,0.03884,1410,1
ag,2560,5120,128,steady,29,c_cublas,0,0.03507,0.03494,0.03507,0.01597,1410,1
ag,2560,5120,128,steady,29,c_fluxgemm,3,0.05536,0.05517,0.05517,0.01995,1410,1
ag,2560,5120,128,steady,29,c_flux_ag,2,0.04258,0.04244,0.04258,0.02771,1410,1
ag,2560,5120,128,steady,29,A_fused,1,0.08557,0.08525,0.08525,0.03802,1410,1
ag,2560,5120,128,steady,30,c_cublas,0,0.03514,0.03507,0.03514,0.01561,1410,1
ag,2560,5120,128,steady,30,c_fluxgemm,3,0.05549,0.05523,0.05549,0.02008,1410,1
ag,2560,5120,128,steady,30,c_flux_ag,2,0.04194,0.04180,0.04194,0.02745,1410,1
ag,2560,5120,128,steady,30,A_fused,1,0.08832,0.08813,0.08813,0.03882,1410,1
ag,2560,5120,128,steady,31,c_cublas,1,0.03328,0.03328,0.03328,0.01595,1410,1
ag,2560,5120,128,steady,31,c_fluxgemm,0,0.05619,0.05613,0.05613,0.01959,1410,1
ag,2560,5120,128,steady,31,c_flux_ag,3,0.04070,0.04059,0.04070,0.02779,1410,1
ag,2560,5120,128,steady,31,A_fused,2,0.08832,0.08826,0.08832,0.03809,1410,1
ag,2560,5120,128,steady,32,c_cublas,0,0.03507,0.03501,0.03507,0.01573,1410,1
ag,2560,5120,128,steady,32,c_fluxgemm,3,0.05542,0.05530,0.05542,0.02026,1410,1
ag,2560,5120,128,steady,32,c_flux_ag,1,0.04137,0.04099,0.04099,0.02847,1410,1
ag,2560,5120,128,steady,32,A_fused,2,0.08525,0.08506,0.08506,0.03793,1410,1
ag,2560,5120,128,steady,33,c_cublas,3,0.03341,0.03328,0.03341,0.01612,1410,1
ag,2560,5120,128,steady,33,c_fluxgemm,0,0.05626,0.05613,0.05626,0.01990,1410,1
ag,2560,5120,128,steady,33,c_flux_ag,2,0.04141,0.04136,0.04141,0.02732,1410,1
ag,2560,5120,128,steady,33,A_fused,1,0.08698,0.08691,0.08691,0.03858,1410,1
ag,2560,5120,128,steady,34,c_cublas,2,0.03354,0.03354,0.03354,0.01560,1410,1
ag,2560,5120,128,steady,34,c_fluxgemm,1,0.05549,0.05510,0.05510,0.02033,1410,1
ag,2560,5120,128,steady,34,c_flux_ag,3,0.04526,0.04524,0.04526,0.02759,1410,1
ag,2560,5120,128,steady,34,A_fused,0,0.08602,0.08576,0.08576,0.03847,1410,1
ag,2560,5120,128,steady,35,c_cublas,0,0.03520,0.03507,0.03520,0.01607,1410,1
ag,2560,5120,128,steady,35,c_fluxgemm,1,0.05549,0.05523,0.05549,0.02037,1410,1
ag,2560,5120,128,steady,35,c_flux_ag,3,0.04158,0.04117,0.04158,0.02767,1410,1
ag,2560,5120,128,steady,35,A_fused,2,0.08595,0.08570,0.08595,0.03824,1410,1
ag,2560,5120,128,steady,36,c_cublas,2,0.03328,0.03322,0.03328,0.01567,1410,1
ag,2560,5120,128,steady,36,c_fluxgemm,0,0.05670,0.05600,0.05670,0.02012,1410,1
ag,2560,5120,128,steady,36,c_flux_ag,1,0.04208,0.04201,0.04208,0.02757,1410,1
ag,2560,5120,128,steady,36,A_fused,3,0.08512,0.08461,0.08512,0.03871,1410,1
ag,2560,5120,128,steady,37,c_cublas,3,0.03334,0.03328,0.03334,0.01545,1410,1
ag,2560,5120,128,steady,37,c_fluxgemm,0,0.05658,0.05651,0.05658,0.01998,1410,1
ag,2560,5120,128,steady,37,c_flux_ag,1,0.03965,0.03933,0.03933,0.02726,1410,1
ag,2560,5120,128,steady,37,A_fused,2,0.08723,0.08717,0.08717,0.03920,1410,1
ag,2560,5120,128,steady,38,c_cublas,1,0.03334,0.03334,0.03334,0.01556,1410,1
ag,2560,5120,128,steady,38,c_fluxgemm,0,0.05664,0.05632,0.05664,0.02061,1410,1
ag,2560,5120,128,steady,38,c_flux_ag,3,0.04212,0.04205,0.04205,0.02713,1410,1
ag,2560,5120,128,steady,38,A_fused,2,0.08557,0.08538,0.08538,0.03866,1410,1
ag,2560,5120,128,steady,39,c_cublas,1,0.03328,0.03328,0.03328,0.01563,1410,1
ag,2560,5120,128,steady,39,c_fluxgemm,3,0.05523,0.05523,0.05523,0.02001,1410,1
ag,2560,5120,128,steady,39,c_flux_ag,0,0.04106,0.04093,0.04106,0.02749,1410,1
ag,2560,5120,128,steady,39,A_fused,2,0.08486,0.08422,0.08422,0.03839,1410,1
ag,2560,5120,128,steady,40,c_cublas,3,0.03328,0.03322,0.03328,0.01540,1410,1
ag,2560,5120,128,steady,40,c_fluxgemm,1,0.05536,0.05517,0.05536,0.02000,1410,1
ag,2560,5120,128,steady,40,c_flux_ag,0,0.04184,0.04176,0.04176,0.02784,1410,1
ag,2560,5120,128,steady,40,A_fused,2,0.08806,0.08781,0.08781,0.03811,1410,1
ag,2560,5120,128,steady,41,c_cublas,1,0.03341,0.03334,0.03334,0.01592,1410,1
ag,2560,5120,128,steady,41,c_fluxgemm,0,0.05690,0.05658,0.05658,0.02031,1410,1
ag,2560,5120,128,steady,41,c_flux_ag,2,0.04269,0.04246,0.04269,0.02803,1410,1
ag,2560,5120,128,steady,41,A_fused,3,0.08678,0.08614,0.08678,0.03837,1410,1
ag,2560,5120,128,steady,42,c_cublas,1,0.03360,0.03341,0.03341,0.01544,1410,1
ag,2560,5120,128,steady,42,c_fluxgemm,0,0.05632,0.05632,0.05632,0.02027,1410,1
ag,2560,5120,128,steady,42,c_flux_ag,2,0.04279,0.04260,0.04279,0.02862,1410,1
ag,2560,5120,128,steady,42,A_fused,3,0.08486,0.08448,0.08448,0.03799,1410,1
ag,2560,5120,128,steady,43,c_cublas,1,0.03341,0.03334,0.03341,0.01564,1410,1
ag,2560,5120,128,steady,43,c_fluxgemm,3,0.05549,0.05517,0.05549,0.02008,1410,1
ag,2560,5120,128,steady,43,c_flux_ag,0,0.03982,0.03979,0.03982,0.02769,1410,1
ag,2560,5120,128,steady,43,A_fused,2,0.08595,0.08563,0.08595,0.03856,1410,1
ag,2560,5120,128,steady,44,c_cublas,0,0.03514,0.03494,0.03514,0.01610,1410,1
ag,2560,5120,128,steady,44,c_fluxgemm,1,0.05504,0.05498,0.05504,0.02019,1410,1
ag,2560,5120,128,steady,44,c_flux_ag,2,0.04119,0.04100,0.04119,0.02825,1410,1
ag,2560,5120,128,steady,44,A_fused,3,0.08570,0.08525,0.08525,0.03775,1410,1
ag,2560,5120,128,steady,45,c_cublas,2,0.03334,0.03328,0.03334,0.01611,1410,1
ag,2560,5120,128,steady,45,c_fluxgemm,0,0.05645,0.05626,0.05626,0.01998,1410,1
ag,2560,5120,128,steady,45,c_flux_ag,1,0.04199,0.04188,0.04199,0.02804,1410,1
ag,2560,5120,128,steady,45,A_fused,3,0.08518,0.08512,0.08518,0.03877,1410,1
ag,2560,5120,128,steady,46,c_cublas,2,0.03341,0.03328,0.03341,0.01573,1410,1
ag,2560,5120,128,steady,46,c_fluxgemm,0,0.05664,0.05638,0.05638,0.02010,1410,1
ag,2560,5120,128,steady,46,c_flux_ag,1,0.04261,0.04253,0.04261,0.02784,1410,1
ag,2560,5120,128,steady,46,A_fused,3,0.08326,0.08326,0.08326,0.03867,1410,1
ag,2560,5120,128,steady,47,c_cublas,2,0.03322,0.03315,0.03322,0.01575,1410,1
ag,2560,5120,128,steady,47,c_fluxgemm,0,0.05683,0.05658,0.05658,0.02005,1410,1
ag,2560,5120,128,steady,47,c_flux_ag,1,0.04339,0.04319,0.04319,0.02759,1410,1
ag,2560,5120,128,steady,47,A_fused,3,0.08646,0.08640,0.08646,0.03853,1410,1
ag,2560,5120,128,steady,48,c_cublas,1,0.03334,0.03322,0.03322,0.01556,1410,1
ag,2560,5120,128,steady,48,c_fluxgemm,3,0.05530,0.05523,0.05530,0.02057,1410,1
ag,2560,5120,128,steady,48,c_flux_ag,0,0.04127,0.04093,0.04093,0.02742,1410,1
ag,2560,5120,128,steady,48,A_fused,2,0.08531,0.08506,0.08506,0.03845,1410,1
ag,2560,5120,128,steady,49,c_cublas,2,0.03334,0.03322,0.03334,0.01616,1410,1
ag,2560,5120,128,steady,49,c_fluxgemm,0,0.05645,0.05632,0.05632,0.01992,1410,1
ag,2560,5120,128,steady,49,c_flux_ag,1,0.04291,0.04278,0.04291,0.02735,1410,1
ag,2560,5120,128,steady,49,A_fused,3,0.08480,0.08480,0.08480,0.03803,1410,1
ag,2560,5120,512,gpu,0,c_cublas,1,0.07373,0.07270,0.07373,0.04420,0,1
ag,2560,5120,512,gpu,0,c_fluxgemm,2,0.08090,0.07987,0.08090,0.04498,0,1
ag,2560,5120,512,gpu,0,c_flux_ag,3,0.05347,0.05018,0.05018,0.05232,0,1
ag,2560,5120,512,gpu,0,A_fused,0,0.32563,0.16794,0.32563,0.07531,0,1
ag,2560,5120,512,gpu,1,c_cublas,0,0.07373,0.07270,0.07270,0.04240,0,1
ag,2560,5120,512,gpu,1,c_fluxgemm,2,0.07987,0.07987,0.07987,0.03956,0,1
ag,2560,5120,512,gpu,1,c_flux_ag,1,0.07286,0.07158,0.07286,0.04257,0,1
ag,2560,5120,512,gpu,1,A_fused,3,0.15974,0.15872,0.15974,0.05962,0,1
ag,2560,5120,512,gpu,2,c_cublas,2,0.07373,0.07270,0.07373,0.03799,0,1
ag,2560,5120,512,gpu,2,c_fluxgemm,3,0.08090,0.08090,0.08090,0.03907,0,1
ag,2560,5120,512,gpu,2,c_flux_ag,1,0.06419,0.05779,0.06419,0.03607,0,1
ag,2560,5120,512,gpu,2,A_fused,0,0.13619,0.13414,0.13619,0.06511,0,1
ag,2560,5120,512,gpu,3,c_cublas,2,0.07475,0.07373,0.07475,0.03645,0,1
ag,2560,5120,512,gpu,3,c_fluxgemm,3,0.08192,0.08090,0.08192,0.03760,0,1
ag,2560,5120,512,gpu,3,c_flux_ag,0,0.07046,0.06973,0.06973,0.04080,0,1
ag,2560,5120,512,gpu,3,A_fused,1,0.12083,0.11469,0.12083,0.06433,0,1
ag,2560,5120,512,gpu,4,c_cublas,0,0.07373,0.07270,0.07373,0.03578,0,1
ag,2560,5120,512,gpu,4,c_fluxgemm,1,0.08090,0.07885,0.08090,0.03753,0,1
ag,2560,5120,512,gpu,4,c_flux_ag,2,0.05402,0.05062,0.05402,0.03967,0,1
ag,2560,5120,512,gpu,4,A_fused,3,0.12493,0.11981,0.12493,0.05740,0,1
ag,2560,5120,512,gpu,5,c_cublas,1,0.07373,0.07270,0.07373,0.03651,0,1
ag,2560,5120,512,gpu,5,c_fluxgemm,2,0.07987,0.07987,0.07987,0.03757,0,1
ag,2560,5120,512,gpu,5,c_flux_ag,0,0.05546,0.05302,0.05546,0.03851,0,1
ag,2560,5120,512,gpu,5,A_fused,3,0.13517,0.13312,0.13312,0.05825,0,1
ag,2560,5120,512,gpu,6,c_cublas,2,0.07475,0.07373,0.07373,0.03606,0,1
ag,2560,5120,512,gpu,6,c_fluxgemm,0,0.08090,0.07987,0.08090,0.03724,0,1
ag,2560,5120,512,gpu,6,c_flux_ag,3,0.05014,0.04902,0.04902,0.04060,0,1
ag,2560,5120,512,gpu,6,A_fused,1,0.13210,0.13210,0.13210,0.05697,0,1
ag,2560,5120,512,gpu,7,c_cublas,0,0.07373,0.07373,0.07373,0.03626,0,1
ag,2560,5120,512,gpu,7,c_fluxgemm,2,0.07987,0.07885,0.07987,0.03668,0,1
ag,2560,5120,512,gpu,7,c_flux_ag,3,0.09066,0.08739,0.08739,0.04136,0,1
ag,2560,5120,512,gpu,7,A_fused,1,0.14950,0.14643,0.14950,0.06212,0,1
ag,2560,5120,512,gpu,8,c_cublas,3,0.07270,0.07270,0.07270,0.03554,0,1
ag,2560,5120,512,gpu,8,c_fluxgemm,0,0.08192,0.07987,0.08192,0.03731,0,1
ag,2560,5120,512,gpu,8,c_flux_ag,1,0.06541,0.06301,0.06541,0.03957,0,1
ag,2560,5120,512,gpu,8,A_fused,2,0.11571,0.11469,0.11571,0.05848,0,1
ag,2560,5120,512,gpu,9,c_cublas,0,0.07373,0.07270,0.07373,0.03243,0,1
ag,2560,5120,512,gpu,9,c_fluxgemm,3,0.07987,0.07987,0.07987,0.03566,0,1
ag,2560,5120,512,gpu,9,c_flux_ag,2,0.06934,0.06749,0.06934,0.03675,0,1
ag,2560,5120,512,gpu,9,A_fused,1,0.11981,0.11981,0.11981,0.06206,0,1
ag,2560,5120,512,gpu,10,c_cublas,0,0.10547,0.07270,0.07270,0.03799,0,1
ag,2560,5120,512,gpu,10,c_fluxgemm,1,0.08294,0.08090,0.08294,0.04557,0,1
ag,2560,5120,512,gpu,10,c_flux_ag,3,0.05552,0.05264,0.05552,0.03523,0,1
ag,2560,5120,512,gpu,10,A_fused,2,0.11878,0.11674,0.11878,0.05912,0,1
ag,2560,5120,512,gpu,11,c_cublas,0,0.07578,0.07373,0.07578,0.03653,0,1
ag,2560,5120,512,gpu,11,c_fluxgemm,3,0.08090,0.07987,0.08090,0.03616,0,1
ag,2560,5120,512,gpu,11,c_flux_ag,1,0.07766,0.07482,0.07482,0.04097,0,1
ag,2560,5120,512,gpu,11,A_fused,2,0.11878,0.11366,0.11878,0.05574,0,1
ag,2560,5120,512,gpu,12,c_cublas,3,0.07168,0.07168,0.07168,0.03528,0,1
ag,2560,5120,512,gpu,12,c_fluxgemm,0,0.08090,0.07987,0.07987,0.03528,0,1
ag,2560,5120,512,gpu,12,c_flux_ag,1,0.06669,0.06259,0.06259,0.03992,0,1
ag,2560,5120,512,gpu,12,A_fused,2,0.14541,0.14438,0.14541,0.05492,0,1
ag,2560,5120,512,gpu,13,c_cublas,3,0.07270,0.07270,0.07270,0.03579,0,1
ag,2560,5120,512,gpu,13,c_fluxgemm,0,0.08090,0.07987,0.08090,0.03795,0,1
ag,2560,5120,512,gpu,13,c_flux_ag,1,0.08771,0.08547,0.08771,0.04011,0,1
ag,2560,5120,512,gpu,13,A_fused,2,0.13414,0.13210,0.13414,0.05469,0,1
ag,2560,5120,512,gpu,14,c_cublas,3,0.07270,0.07168,0.07270,0.03515,0,1
ag,2560,5120,512,gpu,14,c_fluxgemm,2,0.07885,0.07885,0.07885,0.03467,0,1
ag,2560,5120,512,gpu,14,c_flux_ag,0,0.08282,0.08234,0.08234,0.04120,0,1
ag,2560,5120,512,gpu,14,A_fused,1,0.11981,0.11674,0.11674,0.05697,0,1
ag,2560,5120,512,gpu,15,c_cublas,2,0.07373,0.07270,0.07270,0.03662,0,1
ag,2560,5120,512,gpu,15,c_fluxgemm,0,0.08090,0.08090,0.08090,0.03793,0,1
ag,2560,5120,512,gpu,15,c_flux_ag,1,0.05373,0.05334,0.05334,0.04793,0,1
ag,2560,5120,512,gpu,15,A_fused,3,0.13414,0.13312,0.13414,0.06037,0,1
ag,2560,5120,512,gpu,16,c_cublas,0,0.07270,0.07270,0.07270,0.03522,1410,1
ag,2560,5120,512,gpu,16,c_fluxgemm,2,0.08192,0.07885,0.08192,0.04237,1410,1
ag,2560,5120,512,gpu,16,c_flux_ag,3,0.05552,0.05302,0.05302,0.03869,1410,1
ag,2560,5120,512,gpu,16,A_fused,1,0.12186,0.11674,0.11674,0.06072,1410,1
ag,2560,5120,512,gpu,17,c_cublas,3,0.07270,0.07270,0.07270,0.03553,1410,1
ag,2560,5120,512,gpu,17,c_fluxgemm,0,0.07987,0.07885,0.07987,0.03702,1410,1
ag,2560,5120,512,gpu,17,c_flux_ag,1,0.07709,0.07546,0.07546,0.03781,1410,1
ag,2560,5120,512,gpu,17,A_fused,2,0.13312,0.13210,0.13312,0.05453,1410,1
ag,2560,5120,512,gpu,18,c_cublas,3,0.07270,0.07168,0.07168,0.03516,1410,1
ag,2560,5120,512,gpu,18,c_fluxgemm,1,0.08090,0.08090,0.08090,0.03724,1410,1
ag,2560,5120,512,gpu,18,c_flux_ag,0,0.06387,0.05974,0.05974,0.04142,1410,1
ag,2560,5120,512,gpu,18,A_fused,2,0.13926,0.13722,0.13926,0.05607,1410,1
ag,2560,5120,512,gpu,19,c_cublas,3,0.07373,0.07373,0.07373,0.03578,1410,1
ag,2560,5120,512,gpu,19,c_fluxgemm,0,0.08192,0.08090,0.08192,0.03812,1410,1
ag,2560,5120,512,gpu,19,c_flux_ag,2,0.05296,0.04979,0.05296,0.03527,1410,1
ag,2560,5120,512,gpu,19,A_fused,1,0.15872,0.15872,0.15872,0.05916,1410,1
ag,2560,5120,512,gpu,20,c_cublas,2,0.07373,0.07270,0.07373,0.03533,1410,1
ag,2560,5120,512,gpu,20,c_fluxgemm,3,0.08090,0.07885,0.08090,0.03834,1410,1
ag,2560,5120,512,gpu,20,c_flux_ag,0,0.06611,0.06496,0.06496,0.04077,1410,1
ag,2560,5120,512,gpu,20,A_fused,1,0.12698,0.12595,0.12595,0.05579,1410,1
ag,2560,5120,512,gpu,21,c_cublas,1,0.07373,0.07270,0.07373,0.03525,1410,1
ag,2560,5120,512,gpu,21,c_fluxgemm,0,0.07987,0.07885,0.07987,0.03930,1410,1
ag,2560,5120,512,gpu,21,c_flux_ag,3,0.06627,0.06275,0.06627,0.03455,1410,1
ag,2560,5120,512,gpu,21,A_fused,2,0.13414,0.13210,0.13210,0.06197,1410,1
ag,2560,5120,512,gpu,22,c_cublas,1,0.07475,0.07373,0.07373,0.03526,1410,1
ag,2560,5120,512,gpu,22,c_fluxgemm,0,0.07987,0.07885,0.07987,0.03641,1410,1
ag,2560,5120,512,gpu,22,c_flux_ag,2,0.04992,0.04867,0.04867,0.04055,1410,1
ag,2560,5120,512,gpu,22,A_fused,3,0.13517,0.13005,0.13005,0.05699,1410,1
ag,2560,5120,512,gpu,23,c_cublas,0,0.07578,0.07475,0.07578,0.03540,1410,1
ag,2560,5120,512,gpu,23,c_fluxgemm,3,0.08090,0.07987,0.08090,0.03590,1410,1
ag,2560,5120,512,gpu,23,c_flux_ag,1,0.07830,0.07430,0.07430,0.04125,1410,1
ag,2560,5120,512,gpu,23,A_fused,2,0.11571,0.11469,0.11469,0.05551,1410,1
ag,2560,5120,512,gpu,24,c_cublas,3,0.07270,0.07270,0.07270,0.03548,1410,1
ag,2560,5120,512,gpu,24,c_fluxgemm,0,0.08192,0.08090,0.08192,0.03440,1410,1
ag,2560,5120,512,gpu,24,c_flux_ag,1,0.07347,0.07347,0.07347,0.03883,1410,1
ag,2560,5120,512,gpu,24,A_fused,2,0.11776,0.11469,0.11776,0.05441,1410,1
ag,2560,5120,512,gpu,25,c_cublas,0,0.07270,0.07270,0.07270,0.03203,1410,1
ag,2560,5120,512,gpu,25,c_fluxgemm,1,0.08192,0.07987,0.08192,0.03849,1410,1
ag,2560,5120,512,gpu,25,c_flux_ag,3,0.06666,0.06656,0.06656,0.03502,1410,1
ag,2560,5120,512,gpu,25,A_fused,2,0.15667,0.15667,0.15667,0.05892,1410,1
ag,2560,5120,512,gpu,26,c_cublas,1,0.07270,0.07270,0.07270,0.03595,1410,1
ag,2560,5120,512,gpu,26,c_fluxgemm,3,0.08090,0.08090,0.08090,0.03565,1410,1
ag,2560,5120,512,gpu,26,c_flux_ag,0,0.06586,0.06509,0.06586,0.03611,1410,1
ag,2560,5120,512,gpu,26,A_fused,2,0.11776,0.11776,0.11776,0.05982,1410,1
ag,2560,5120,512,gpu,27,c_cublas,2,0.07270,0.07270,0.07270,0.03624,1410,1
ag,2560,5120,512,gpu,27,c_fluxgemm,0,0.08192,0.08090,0.08192,0.03384,1410,1
ag,2560,5120,512,gpu,27,c_flux_ag,1,0.06307,0.06131,0.06131,0.03896,1410,1
ag,2560,5120,512,gpu,27,A_fused,3,0.14336,0.14131,0.14336,0.06159,1410,1
ag,2560,5120,512,gpu,28,c_cublas,3,0.07373,0.07270,0.07270,0.03741,1410,1
ag,2560,5120,512,gpu,28,c_fluxgemm,1,0.08090,0.08090,0.08090,0.03653,1410,1
ag,2560,5120,512,gpu,28,c_flux_ag,0,0.05331,0.04854,0.04854,0.03821,1410,1
ag,2560,5120,512,gpu,28,A_fused,2,0.13210,0.12595,0.12595,0.05946,1410,1
ag,2560,5120,512,gpu,29,c_cublas,3,0.07373,0.07373,0.07373,0.03547,1410,1
ag,2560,5120,512,gpu,29,c_fluxgemm,1,0.08192,0.07987,0.08192,0.03728,1410,1
ag,2560,5120,512,gpu,29,c_flux_ag,0,0.07507,0.07142,0.07507,0.04237,1410,1
ag,2560,5120,512,gpu,29,A_fused,2,0.12083,0.11674,0.12083,0.05812,1410,1
ag,2560,5120,512,gpu,30,c_cublas,2,0.07475,0.07373,0.07373,0.03538,1410,1
ag,2560,5120,512,gpu,30,c_fluxgemm,0,0.07987,0.07987,0.07987,0.03981,1410,1
ag,2560,5120,512,gpu,30,c_flux_ag,3,0.05040,0.04867,0.05040,0.04136,1410,1
ag,2560,5120,512,gpu,30,A_fused,1,0.13824,0.13722,0.13722,0.05967,1410,1
ag,2560,5120,512,gpu,31,c_cublas,1,0.07270,0.07270,0.07270,0.03570,1410,1
ag,2560,5120,512,gpu,31,c_fluxgemm,2,0.08192,0.07885,0.08192,0.03880,1410,1
ag,2560,5120,512,gpu,31,c_flux_ag,3,0.06781,0.06496,0.06781,0.03974,1410,1
ag,2560,5120,512,gpu,31,A_fused,0,0.77107,0.17613,0.17613,0.06486,1410,1
ag,2560,5120,512,gpu,32,c_cublas,3,0.07270,0.07270,0.07270,0.03540,1410,1
ag,2560,5120,512,gpu,32,c_fluxgemm,0,0.08090,0.08090,0.08090,0.04215,1410,1
ag,2560,5120,512,gpu,32,c_flux_ag,1,0.06611,0.06509,0.06611,0.03890,1410,1
ag,2560,5120,512,gpu,32,A_fused,2,0.12595,0.12595,0.12595,0.05613,1410,1
ag,2560,5120,512,gpu,33,c_cublas,1,0.07270,0.07270,0.07270,0.03539,1410,1
ag,2560,5120,512,gpu,33,c_fluxgemm,3,0.07987,0.07987,0.07987,0.03426,1410,1
ag,2560,5120,512,gpu,33,c_flux_ag,0,0.07194,0.07075,0.07194,0.04149,1410,1
ag,2560,5120,512,gpu,33,A_fused,2,0.13312,0.13210,0.13210,0.06144,1410,1
ag,2560,5120,512,gpu,34,c_cublas,0,0.07270,0.07270,0.07270,0.03556,1410,1
ag,2560,5120,512,gpu,34,c_fluxgemm,1,0.08090,0.08090,0.08090,0.03745,1410,1
ag,2560,5120,512,gpu,34,c_flux_ag,2,0.06659,0.06522,0.06659,0.03953,1410,1
ag,2560,5120,512,gpu,34,A_fused,3,0.13312,0.13210,0.13210,0.05577,1410,1
ag,2560,5120,512,gpu,35,c_cublas,2,0.07373,0.07270,0.07270,0.03653,1410,1
ag,2560,5120,512,gpu,35,c_fluxgemm,0,0.08192,0.08090,0.08090,0.03604,1410,1
ag,2560,5120,512,gpu,35,c_flux_ag,1,0.06413,0.06227,0.06227,0.04036,1410,1
ag,2560,5120,512,gpu,35,A_fused,3,0.13619,0.13517,0.13619,0.05883,1410,1
ag,2560,5120,512,gpu,36,c_cublas,1,0.07373,0.07270,0.07373,0.03552,1410,1
ag,2560,5120,512,gpu,36,c_fluxgemm,3,0.08090,0.08090,0.08090,0.03665,1410,1
ag,2560,5120,512,gpu,36,c_flux_ag,2,0.05107,0.04880,0.05107,0.04020,1410,1
ag,2560,5120,512,gpu,36,A_fused,0,0.13107,0.12698,0.13107,0.05751,1410,1
ag,2560,5120,512,gpu,37,c_cublas,1,0.07270,0.07270,0.07270,0.03644,1410,1
ag,2560,5120,512,gpu,37,c_fluxgemm,3,0.07885,0.07885,0.07885,0.03482,1410,1
ag,2560,5120,512,gpu,37,c_flux_ag,0,0.08685,0.08499,0.08685,0.03967,1410,1
ag,2560,5120,512,gpu,37,A_fused,2,0.13517,0.13414,0.13517,0.06159,1410,1
ag,2560,5120,512,gpu,38,c_cublas,3,0.07373,0.07270,0.07373,0.03549,1410,1
ag,2560,5120,512,gpu,38,c_fluxgemm,2,0.07987,0.07987,0.07987,0.03335,1410,1
ag,2560,5120,512,gpu,38,c_flux_ag,0,0.07494,0.07363,0.07363,0.04000,1410,1
ag,2560,5120,512,gpu,38,A_fused,1,0.11571,0.11571,0.11571,0.05483,1410,1
ag,2560,5120,512,gpu,39,c_cublas,3,0.07373,0.07373,0.07373,0.03582,1410,1
ag,2560,5120,512,gpu,39,c_fluxgemm,1,0.08090,0.07885,0.08090,0.03793,1410,1
ag,2560,5120,512,gpu,39,c_flux_ag,0,0.06650,0.06170,0.06170,0.04703,1410,1
ag,2560,5120,512,gpu,39,A_fused,2,0.13312,0.13312,0.13312,0.05682,1410,1
ag,2560,5120,512,gpu,40,c_cublas,3,0.07270,0.07270,0.07270,0.03577,1410,1
ag,2560,5120,512,gpu,40,c_fluxgemm,1,0.07987,0.07987,0.07987,0.04119,1410,1
ag,2560,5120,512,gpu,40,c_flux_ag,2,0.06557,0.06346,0.06557,0.03807,1410,1
ag,2560,5120,512,gpu,40,A_fused,0,0.13619,0.13414,0.13414,0.06302,1410,1
ag,2560,5120,512,gpu,41,c_cublas,1,0.07373,0.07373,0.07373,0.03463,1410,1
ag,2560,5120,512,gpu,41,c_fluxgemm,0,0.07987,0.07987,0.07987,0.03880,1410,1
ag,2560,5120,512,gpu,41,c_flux_ag,2,0.06486,0.06413,0.06413,0.04103,1410,1
ag,2560,5120,512,gpu,41,A_fused,3,0.14541,0.14438,0.14541,0.05610,1410,1
ag,2560,5120,512,gpu,42,c_cublas,0,0.07373,0.07270,0.07373,0.03564,1410,1
ag,2560,5120,512,gpu,42,c_fluxgemm,2,0.08090,0.07987,0.08090,0.03735,1410,1
ag,2560,5120,512,gpu,42,c_flux_ag,1,0.06755,0.06742,0.06742,0.04094,1410,1
ag,2560,5120,512,gpu,42,A_fused,3,0.15667,0.15565,0.15565,0.05675,1410,1
ag,2560,5120,512,gpu,43,c_cublas,3,0.07475,0.07373,0.07475,0.03646,1410,1
ag,2560,5120,512,gpu,43,c_fluxgemm,0,0.08192,0.07987,0.08192,0.03643,1410,1
ag,2560,5120,512,gpu,43,c_flux_ag,1,0.06653,0.06352,0.06653,0.03943,1410,1
ag,2560,5120,512,gpu,43,A_fused,2,0.11776,0.11776,0.11776,0.05505,1410,1
ag,2560,5120,512,gpu,44,c_cublas,2,0.07373,0.07270,0.07373,0.03492,1410,1
ag,2560,5120,512,gpu,44,c_fluxgemm,3,0.07987,0.07987,0.07987,0.03792,1410,1
ag,2560,5120,512,gpu,44,c_flux_ag,0,0.07830,0.07552,0.07552,0.04210,1410,1
ag,2560,5120,512,gpu,44,A_fused,1,0.12083,0.11571,0.12083,0.05681,1410,1
ag,2560,5120,512,gpu,45,c_cublas,3,0.07373,0.07270,0.07373,0.03558,1410,1
ag,2560,5120,512,gpu,45,c_fluxgemm,0,0.07987,0.07987,0.07987,0.03453,1410,1
ag,2560,5120,512,gpu,45,c_flux_ag,2,0.06602,0.06560,0.06602,0.03596,1410,1
ag,2560,5120,512,gpu,45,A_fused,1,0.11981,0.11981,0.11981,0.05830,1410,1
ag,2560,5120,512,gpu,46,c_cublas,2,0.07270,0.07270,0.07270,0.03536,1410,1
ag,2560,5120,512,gpu,46,c_fluxgemm,1,0.08090,0.07987,0.07987,0.03720,1410,1
ag,2560,5120,512,gpu,46,c_flux_ag,0,0.05485,0.05344,0.05344,0.04686,1410,1
ag,2560,5120,512,gpu,46,A_fused,3,0.13722,0.13619,0.13722,0.06001,1410,1
ag,2560,5120,512,gpu,47,c_cublas,0,0.07475,0.07475,0.07475,0.03473,1410,1
ag,2560,5120,512,gpu,47,c_fluxgemm,2,0.08090,0.08090,0.08090,0.03734,1410,1
ag,2560,5120,512,gpu,47,c_flux_ag,1,0.07187,0.06970,0.07187,0.04179,1410,1
ag,2560,5120,512,gpu,47,A_fused,3,0.15053,0.14336,0.14336,0.05648,1410,1
ag,2560,5120,512,gpu,48,c_cublas,1,0.07475,0.07373,0.07475,0.03527,1410,1
ag,2560,5120,512,gpu,48,c_fluxgemm,2,0.08090,0.08090,0.08090,0.03785,1410,1
ag,2560,5120,512,gpu,48,c_flux_ag,0,0.06474,0.06413,0.06474,0.03764,1410,1
ag,2560,5120,512,gpu,48,A_fused,3,0.15360,0.15360,0.15360,0.05836,1410,1
ag,2560,5120,512,gpu,49,c_cublas,0,0.07373,0.07270,0.07373,0.03556,1410,1
ag,2560,5120,512,gpu,49,c_fluxgemm,3,0.07987,0.07987,0.07987,0.04139,1410,1
ag,2560,5120,512,gpu,49,c_flux_ag,1,0.06448,0.06381,0.06448,0.04049,1410,1
ag,2560,5120,512,gpu,49,A_fused,2,0.11674,0.11674,0.11674,0.05583,1410,1
ag,2560,5120,512,gpu,50,c_cublas,3,0.07373,0.07270,0.07373,0.03555,1410,1
ag,2560,5120,512,gpu,50,c_fluxgemm,0,0.08090,0.07987,0.08090,0.03552,1410,1
ag,2560,5120,512,gpu,50,c_flux_ag,1,0.07642,0.07251,0.07251,0.03938,1410,1
ag,2560,5120,512,gpu,50,A_fused,2,0.11878,0.11674,0.11674,0.05481,1410,1
ag,2560,5120,512,gpu,51,c_cublas,2,0.07475,0.07373,0.07373,0.03534,1410,1
ag,2560,5120,512,gpu,51,c_fluxgemm,3,0.08090,0.08090,0.08090,0.03730,1410,1
ag,2560,5120,512,gpu,51,c_flux_ag,1,0.05539,0.05443,0.05539,0.03493,1410,1
ag,2560,5120,512,gpu,51,A_fused,0,0.12186,0.11776,0.11776,0.06200,1410,1
ag,2560,5120,512,gpu,52,c_cublas,3,0.07373,0.07270,0.07373,0.03523,1410,1
ag,2560,5120,512,gpu,52,c_fluxgemm,1,0.08090,0.08090,0.08090,0.03569,1410,1
ag,2560,5120,512,gpu,52,c_flux_ag,0,0.06934,0.06912,0.06934,0.04151,1410,1
ag,2560,5120,512,gpu,52,A_fused,2,0.13414,0.13414,0.13414,0.05575,1410,1
ag,2560,5120,512,gpu,53,c_cublas,2,0.07373,0.07270,0.07270,0.03490,1410,1
ag,2560,5120,512,gpu,53,c_fluxgemm,3,0.07987,0.07885,0.07987,0.03813,1410,1
ag,2560,5120,512,gpu,53,c_flux_ag,0,0.06509,0.06182,0.06182,0.04696,1410,1
ag,2560,5120,512,gpu,53,A_fused,1,0.13210,0.13210,0.13210,0.05602,1410,1
ag,2560,5120,512,gpu,54,c_cublas,1,0.07270,0.07270,0.07270,0.03502,1410,1
ag,2560,5120,512,gpu,54,c_fluxgemm,0,0.07987,0.07987,0.07987,0.03370,1410,1
ag,2560,5120,512,gpu,54,c_flux_ag,3,0.06922,0.06650,0.06650,0.03475,1410,1
ag,2560,5120,512,gpu,54,A_fused,2,0.15462,0.15360,0.15360,0.05973,1410,1
ag,2560,5120,512,gpu,55,c_cublas,1,0.07373,0.07373,0.07373,0.03597,1410,1
ag,2560,5120,512,gpu,55,c_fluxgemm,0,0.08090,0.07987,0.08090,0.03835,1410,1
ag,2560,5120,512,gpu,55,c_flux_ag,3,0.05293,0.04957,0.04957,0.03603,1410,1
ag,2560,5120,512,gpu,55,A_fused,2,0.13619,0.13312,0.13619,0.06830,1410,1
ag,2560,5120,512,gpu,56,c_cublas,0,0.07373,0.07270,0.07373,0.03568,1410,1
ag,2560,5120,512,gpu,56,c_fluxgemm,3,0.07987,0.07987,0.07987,0.03476,1410,1
ag,2560,5120,512,gpu,56,c_flux_ag,1,0.07728,0.07718,0.07718,0.03963,1410,1
ag,2560,5120,512,gpu,56,A_fused,2,0.11674,0.11674,0.11674,0.05550,1410,1
ag,2560,5120,512,gpu,57,c_cublas,3,0.07373,0.07270,0.07373,0.03547,1410,1
ag,2560,5120,512,gpu,57,c_fluxgemm,0,0.07987,0.07987,0.07987,0.03424,1410,1
ag,2560,5120,512,gpu,57,c_flux_ag,1,0.06422,0.06387,0.06422,0.03949,1410,1
ag,2560,5120,512,gpu,57,A_fused,2,0.11674,0.11469,0.11674,0.05427,1410,1
ag,2560,5120,512,gpu,58,c_cublas,0,0.07373,0.07168,0.07373,0.03188,1410,1
ag,2560,5120,512,gpu,58,c_fluxgemm,3,0.08090,0.08090,0.08090,0.03468,1410,1
ag,2560,5120,512,gpu,58,c_flux_ag,1,0.06784,0.06691,0.06691,0.04142,1410,1
ag,2560,5120,512,gpu,58,A_fused,2,0.13619,0.13517,0.13517,0.05616,1410,1
ag,2560,5120,512,gpu,59,c_cublas,3,0.07373,0.07373,0.07373,0.03624,1410,1
ag,2560,5120,512,gpu,59,c_fluxgemm,2,0.07987,0.07987,0.07987,0.03413,1410,1
ag,2560,5120,512,gpu,59,c_flux_ag,0,0.06528,0.06272,0.06528,0.04048,1410,1
ag,2560,5120,512,gpu,59,A_fused,1,0.13619,0.13517,0.13517,0.05443,1410,1
ag,2560,5120,512,gpu,60,c_cublas,1,0.07475,0.07270,0.07475,0.03492,1410,1
ag,2560,5120,512,gpu,60,c_fluxgemm,3,0.08090,0.07987,0.08090,0.03828,1410,1
ag,2560,5120,512,gpu,60,c_flux_ag,2,0.08605,0.08566,0.08566,0.04101,1410,1
ag,2560,5120,512,gpu,60,A_fused,0,0.12083,0.11674,0.12083,0.06802,1410,1
ag,2560,5120,512,gpu,61,c_cublas,2,0.07373,0.07270,0.07373,0.03685,1410,1
ag,2560,5120,512,gpu,61,c_fluxgemm,0,0.07885,0.07885,0.07885,0.03639,1410,1
ag,2560,5120,512,gpu,61,c_flux_ag,1,0.06602,0.06496,0.06602,0.04067,1410,1
ag,2560,5120,512,gpu,61,A_fused,3,0.11776,0.11674,0.11776,0.06083,1410,1
ag,2560,5120,512,gpu,62,c_cublas,1,0.07270,0.07270,0.07270,0.03502,1410,1
ag,2560,5120,512,gpu,62,c_fluxgemm,2,0.08192,0.08090,0.08192,0.03743,1410,1
ag,2560,5120,512,gpu,62,c_flux_ag,3,0.06432,0.06317,0.06317,0.04079,1410,1
ag,2560,5120,512,gpu,62,A_fused,0,0.14848,0.14541,0.14848,0.05807,1410,1
ag,2560,5120,512,gpu,63,c_cublas,0,0.07373,0.07270,0.07270,0.03623,1410,1
ag,2560,5120,512,gpu,63,c_fluxgemm,1,0.08090,0.07987,0.08090,0.03814,1410,1
ag,2560,5120,512,gpu,63,c_flux_ag,2,0.06723,0.06307,0.06307,0.03959,1410,1
ag,2560,5120,512,gpu,63,A_fused,3,0.12083,0.11674,0.11674,0.05504,1410,1
ag,2560,5120,512,gpu,64,c_cublas,3,0.07270,0.07270,0.07270,0.04272,1410,1
ag,2560,5120,512,gpu,64,c_fluxgemm,1,0.08090,0.08090,0.08090,0.03740,1410,1
ag,2560,5120,512,gpu,64,c_flux_ag,0,1.02006,0.09274,1.02006,0.04204,1410,1
ag,2560,5120,512,gpu,64,A_fused,2,0.13824,0.13619,0.13619,0.05635,1410,1
ag,2560,5120,512,gpu,65,c_cublas,2,0.07270,0.07168,0.07270,0.03533,1410,1
ag,2560,5120,512,gpu,65,c_fluxgemm,1,0.08192,0.07987,0.08192,0.03692,1410,1
ag,2560,5120,512,gpu,65,c_flux_ag,0,0.05238,0.05200,0.05200,0.04167,1410,1
ag,2560,5120,512,gpu,65,A_fused,3,0.15360,0.15258,0.15258,0.05945,1410,1
ag,2560,5120,512,gpu,66,c_cublas,2,0.07475,0.07373,0.07475,0.03563,1410,1
ag,2560,5120,512,gpu,66,c_fluxgemm,0,0.08090,0.07987,0.08090,0.03723,1410,1
ag,2560,5120,512,gpu,66,c_flux_ag,3,0.06816,0.06707,0.06707,0.04047,1410,1
ag,2560,5120,512,gpu,66,A_fused,1,0.13210,0.13210,0.13210,0.05899,1410,1
ag,2560,5120,512,gpu,67,c_cublas,3,0.07475,0.07373,0.07373,0.03553,1410,1
ag,2560,5120,512,gpu,67,c_fluxgemm,2,0.08090,0.07987,0.08090,0.03577,1410,1
ag,2560,5120,512,gpu,67,c_flux_ag,1,0.07472,0.07450,0.07450,0.03533,1410,1
ag,2560,5120,512,gpu,67,A_fused,0,0.12698,0.12083,0.12698,0.05865,1410,1
ag,2560,5120,512,gpu,68,c_cublas,2,0.07475,0.07373,0.07475,0.03597,1410,1
ag,2560,5120,512,gpu,68,c_fluxgemm,0,0.08090,0.08090,0.08090,0.03787,1410,1
ag,2560,5120,512,gpu,68,c_flux_ag,1,0.06426,0.05728,0.05728,0.03994,1410,1
ag,2560,5120,512,gpu,68,A_fused,3,0.11571,0.11469,0.11571,0.05979,1410,1
ag,2560,5120,512,gpu,69,c_cublas,0,0.07270,0.07270,0.07270,0.03537,1410,1
ag,2560,5120,512,gpu,69,c_fluxgemm,1,0.07987,0.07987,0.07987,0.03812,1410,1
ag,2560,5120,512,gpu,69,c_flux_ag,2,0.05309,0.04880,0.04880,0.04011,1410,1
ag,2560,5120,512,gpu,69,A_fused,3,0.13414,0.13312,0.13312,0.06293,1410,1
ag,2560,5120,512,gpu,70,c_cublas,2,0.07475,0.07373,0.07475,0.03514,1410,1
ag,2560,5120,512,gpu,70,c_fluxgemm,1,0.07885,0.07885,0.07885,0.03389,1410,1
ag,2560,5120,512,gpu,70,c_flux_ag,3,0.07030,0.06992,0.06992,0.04030,1410,1
ag,2560,5120,512,gpu,70,A_fused,0,0.13107,0.12595,0.13107,0.05733,1410,1
ag,2560,5120,512,gpu,71,c_cublas,2,0.07373,0.07373,0.07373,0.03556,1410,1
ag,2560,5120,512,gpu,71,c_fluxgemm,3,0.08192,0.08090,0.08192,0.03752,1410,1
ag,2560,5120,512,gpu,71,c_flux_ag,0,0.06397,0.05846,0.05846,0.03997,1410,1
ag,2560,5120,512,gpu,71,A_fused,1,0.11878,0.11571,0.11878,0.05531,1410,1
ag,2560,5120,512,gpu,72,c_cublas,3,0.07270,0.07270,0.07270,0.03530,1410,1
ag,2560,5120,512,gpu,72,c_fluxgemm,0,0.08192,0.08090,0.08192,0.03454,1410,1
ag,2560,5120,512,gpu,72,c_flux_ag,1,0.08752,0.08627,0.08627,0.04110,1410,1
ag,2560,5120,512,gpu,72,A_fused,2,0.13312,0.13312,0.13312,0.05446,1410,1
ag,2560,5120,512,gpu,73,c_cublas,1,0.07373,0.07270,0.07373,0.03476,1410,1
ag,2560,5120,512,gpu,73,c_fluxgemm,0,0.07987,0.07885,0.07987,0.03870,1410,1
ag,2560,5120,512,gpu,73,c_flux_ag,2,0.06845,0.06608,0.06845,0.04114,1410,1
ag,2560,5120,512,gpu,73,A_fused,3,0.14950,0.14643,0.14950,0.05515,1410,1
ag,2560,5120,512,gpu,74,c_cublas,3,0.07373,0.07270,0.07270,0.03638,1410,1
ag,2560,5120,512,gpu,74,c_fluxgemm,1,0.08090,0.08090,0.08090,0.03572,1410,1
ag,2560,5120,512,gpu,74,c_flux_ag,2,0.05290,0.05130,0.05290,0.03782,1410,1
ag,2560,5120,512,gpu,74,A_fused,0,0.13107,0.12595,0.13107,0.05706,1410,1
ag,2560,5120,512,gpu,75,c_cublas,0,0.07373,0.07373,0.07373,0.03216,1410,1
ag,2560,5120,512,gpu,75,c_fluxgemm,1,0.08090,0.07987,0.08090,0.03814,1410,1
ag,2560,5120,512,gpu,75,c_flux_ag,3,0.05507,0.05373,0.05373,0.03465,1410,1
ag,2560,5120,512,gpu,75,A_fused,2,0.13210,0.13107,0.13210,0.06541,1410,1
ag,2560,5120,512,gpu,76,c_cublas,2,0.07475,0.07475,0.07475,0.04212,1410,1
ag,2560,5120,512,gpu,76,c_fluxgemm,0,0.08090,0.07987,0.08090,0.03661,1410,1
ag,2560,5120,512,gpu,76,c_flux_ag,1,0.05370,0.05363,0.05363,0.03860,1410,1
ag,2560,5120,512,gpu,76,A_fused,3,0.13722,0.13722,0.13722,0.06807,1410,1
ag,2560,5120,512,gpu,77,c_cublas,3,0.07270,0.07168,0.07270,0.03596,1410,1
ag,2560,5120,512,gpu,77,c_fluxgemm,1,0.07987,0.07987,0.07987,0.03471,1410,1
ag,2560,5120,512,gpu,77,c_flux_ag,2,0.05197,0.05158,0.05158,0.03831,1410,1
ag,2560,5120,512,gpu,77,A_fused,0,0.13414,0.13107,0.13414,0.05790,1410,1
ag,2560,5120,512,gpu,78,c_cublas,2,0.07373,0.07270,0.07373,0.03502,1410,1
ag,2560,5120,512,gpu,78,c_fluxgemm,1,0.07987,0.07987,0.07987,0.03687,1410,1
ag,2560,5120,512,gpu,78,c_flux_ag,0,0.08714,0.08634,0.08634,0.04047,1410,1
ag,2560,5120,512,gpu,78,A_fused,3,0.13517,0.13517,0.13517,0.06097,1410,1
ag,2560,5120,512,gpu,79,c_cublas,1,0.07270,0.07270,0.07270,0.03644,1410,1
ag,2560,5120,512,gpu,79,c_fluxgemm,2,0.08090,0.08090,0.08090,0.03827,1410,1
ag,2560,5120,512,gpu,79,c_flux_ag,0,0.05226,0.04944,0.04944,0.03823,1410,1
ag,2560,5120,512,gpu,79,A_fused,3,0.13926,0.13926,0.13926,0.05741,1410,1
ag,2560,5120,512,gpu,80,c_cublas,1,0.07270,0.07270,0.07270,0.03595,1410,1
ag,2560,5120,512,gpu,80,c_fluxgemm,3,0.07987,0.07987,0.07987,0.03727,1410,1
ag,2560,5120,512,gpu,80,c_flux_ag,2,0.05274,0.04982,0.04982,0.04048,1410,1
ag,2560,5120,512,gpu,80,A_fused,0,0.13414,0.13312,0.13312,0.06057,1410,1
ag,2560,5120,512,gpu,81,c_cublas,3,0.07373,0.07270,0.07270,0.03492,1410,1
ag,2560,5120,512,gpu,81,c_fluxgemm,0,0.08090,0.07987,0.07987,0.03429,1410,1
ag,2560,5120,512,gpu,81,c_flux_ag,1,0.06317,0.06262,0.06262,0.03933,1410,1
ag,2560,5120,512,gpu,81,A_fused,2,0.13312,0.13210,0.13210,0.05638,1410,1
ag,2560,5120,512,gpu,82,c_cublas,0,0.07270,0.07270,0.07270,0.03357,1410,1
ag,2560,5120,512,gpu,82,c_fluxgemm,1,0.08090,0.08090,0.08090,0.03899,1410,1
ag,2560,5120,512,gpu,82,c_flux_ag,2,0.06605,0.06592,0.06605,0.03950,1410,1
ag,2560,5120,512,gpu,82,A_fused,3,0.13619,0.13619,0.13619,0.05541,1410,1
ag,2560,5120,512,gpu,83,c_cublas,1,0.07270,0.07270,0.07270,0.03522,1410,1
ag,2560,5120,512,gpu,83,c_fluxgemm,3,0.08192,0.07987,0.08192,0.04526,1410,1
ag,2560,5120,512,gpu,83,c_flux_ag,2,0.05606,0.05152,0.05606,0.04033,1410,1
ag,2560,5120,512,gpu,83,A_fused,0,0.12800,0.11981,0.11981,0.05793,1410,1
ag,2560,5120,512,gpu,84,c_cublas,3,0.07270,0.07270,0.07270,0.03563,1410,1
ag,2560,5120,512,gpu,84,c_fluxgemm,2,0.08090,0.08090,0.08090,0.03537,1410,1
ag,2560,5120,512,gpu,84,c_flux_ag,1,0.06595,0.06518,0.06518,0.03510,1410,1
ag,2560,5120,512,gpu,84,A_fused,0,0.15258,0.15155,0.15258,0.05914,1410,1
ag,2560,5120,512,gpu,85,c_cublas,0,0.10342,0.07270,0.10342,0.03704,1410,1
ag,2560,5120,512,gpu,85,c_fluxgemm,3,0.07987,0.07885,0.07885,0.03446,1410,1
ag,2560,5120,512,gpu,85,c_flux_ag,1,0.08403,0.08298,0.08298,0.04199,1410,1
ag,2560,5120,512,gpu,85,A_fused,2,0.13312,0.13312,0.13312,0.05658,1410,1
ag,2560,5120,512,gpu,86,c_cublas,1,0.07373,0.07270,0.07270,0.03546,1410,1
ag,2560,5120,512,gpu,86,c_fluxgemm,0,0.07987,0.07885,0.07987,0.03326,1410,1
ag,2560,5120,512,gpu,86,c_flux_ag,3,0.06554,0.06531,0.06531,0.03621,1410,1
ag,2560,5120,512,gpu,86,A_fused,2,0.11776,0.11571,0.11571,0.06799,1410,1
ag,2560,5120,512,gpu,87,c_cublas,3,0.07475,0.07373,0.07475,0.04508,1410,1
ag,2560,5120,512,gpu,87,c_fluxgemm,2,0.08090,0.08090,0.08090,0.03545,1410,1
ag,2560,5120,512,gpu,87,c_flux_ag,1,0.05283,0.04870,0.05283,0.03490,1410,1
ag,2560,5120,512,gpu,87,A_fused,0,0.13517,0.13210,0.13517,0.05917,1410,1
ag,2560,5120,512,gpu,88,c_cublas,3,0.07373,0.07270,0.07373,0.03520,1410,1
ag,2560,5120,512,gpu,88,c_fluxgemm,0,0.08090,0.08090,0.08090,0.03797,1410,1
ag,2560,5120,512,gpu,88,c_flux_ag,1,0.06947,0.06928,0.06928,0.03986,1410,1
ag,2560,5120,512,gpu,88,A_fused,2,0.13414,0.13210,0.13210,0.05519,1410,1
ag,2560,5120,512,gpu,89,c_cublas,2,0.07373,0.07270,0.07270,0.03550,1410,1
ag,2560,5120,512,gpu,89,c_fluxgemm,0,0.07987,0.07885,0.07885,0.03946,1410,1
ag,2560,5120,512,gpu,89,c_flux_ag,1,0.05456,0.05446,0.05446,0.04039,1410,1
ag,2560,5120,512,gpu,89,A_fused,3,0.15462,0.15360,0.15462,0.06021,1410,1
ag,2560,5120,512,gpu,90,c_cublas,1,0.07270,0.07270,0.07270,0.03463,1410,1
ag,2560,5120,512,gpu,90,c_fluxgemm,2,0.08192,0.08090,0.08192,0.03775,1410,1
ag,2560,5120,512,gpu,90,c_flux_ag,3,0.05366,0.05066,0.05066,0.03939,1410,1
ag,2560,5120,512,gpu,90,A_fused,0,0.13312,0.12902,0.13312,0.05760,1410,1
ag,2560,5120,512,gpu,91,c_cublas,0,0.07475,0.07475,0.07475,0.04409,1410,1
ag,2560,5120,512,gpu,91,c_fluxgemm,2,0.07987,0.07885,0.07987,0.03428,1410,1
ag,2560,5120,512,gpu,91,c_flux_ag,3,0.06730,0.06710,0.06730,0.03805,1410,1
ag,2560,5120,512,gpu,91,A_fused,1,0.15462,0.15462,0.15462,0.06157,1410,1
ag,2560,5120,512,gpu,92,c_cublas,3,0.07270,0.07270,0.07270,0.03579,1410,1
ag,2560,5120,512,gpu,92,c_fluxgemm,2,0.08090,0.07987,0.07987,0.03660,1410,1
ag,2560,5120,512,gpu,92,c_flux_ag,1,0.06707,0.06544,0.06707,0.04519,1410,1
ag,2560,5120,512,gpu,92,A_fused,0,0.11571,0.11469,0.11571,0.06179,1410,1
ag,2560,5120,512,gpu,93,c_cublas,2,0.07270,0.07270,0.07270,0.03611,1410,1
ag,2560,5120,512,gpu,93,c_fluxgemm,0,0.08090,0.07987,0.08090,0.03816,1410,1
ag,2560,5120,512,gpu,93,c_flux_ag,1,0.06918,0.06909,0.06909,0.04048,1410,1
ag,2560,5120,512,gpu,93,A_fused,3,0.13107,0.13107,0.13107,0.06165,1410,1
ag,2560,5120,512,gpu,94,c_cublas,3,0.07270,0.07270,0.07270,0.03569,1410,1
ag,2560,5120,512,gpu,94,c_fluxgemm,1,0.08090,0.07885,0.08090,0.03633,1410,1
ag,2560,5120,512,gpu,94,c_flux_ag,0,0.05210,0.05075,0.05210,0.03844,1410,1
ag,2560,5120,512,gpu,94,A_fused,2,0.13722,0.13619,0.13722,0.05556,1410,1
ag,2560,5120,512,gpu,95,c_cublas,1,0.07373,0.07270,0.07373,0.03484,1410,1
ag,2560,5120,512,gpu,95,c_fluxgemm,0,0.08192,0.08090,0.08192,0.03778,1410,1
ag,2560,5120,512,gpu,95,c_flux_ag,2,0.08790,0.08717,0.08717,0.04125,1410,1
ag,2560,5120,512,gpu,95,A_fused,3,0.13312,0.13210,0.13210,0.05890,1410,1
ag,2560,5120,512,gpu,96,c_cublas,2,0.07475,0.07475,0.07475,0.03551,1410,1
ag,2560,5120,512,gpu,96,c_fluxgemm,1,0.08090,0.08090,0.08090,0.03605,1410,1
ag,2560,5120,512,gpu,96,c_flux_ag,0,0.06381,0.06054,0.06381,0.03779,1410,1
ag,2560,5120,512,gpu,96,A_fused,3,0.11878,0.11776,0.11776,0.05979,1410,1
ag,2560,5120,512,gpu,97,c_cublas,1,0.07270,0.07270,0.07270,0.03546,1410,1
ag,2560,5120,512,gpu,97,c_fluxgemm,3,0.07987,0.07987,0.07987,0.03691,1410,1
ag,2560,5120,512,gpu,97,c_flux_ag,2,0.06678,0.06518,0.06678,0.03941,1410,1
ag,2560,5120,512,gpu,97,A_fused,0,0.14541,0.14438,0.14438,0.05885,1410,1
ag,2560,5120,512,gpu,98,c_cublas,3,0.07270,0.07270,0.07270,0.03524,1410,1
ag,2560,5120,512,gpu,98,c_fluxgemm,2,0.07987,0.07987,0.07987,0.03433,1410,1
ag,2560,5120,512,gpu,98,c_flux_ag,0,0.05216,0.04810,0.05216,0.04580,1410,1
ag,2560,5120,512,gpu,98,A_fused,1,0.12493,0.12186,0.12493,0.05516,1410,1
ag,2560,5120,512,gpu,99,c_cublas,2,0.07373,0.07373,0.07373,0.06535,1410,1
ag,2560,5120,512,gpu,99,c_fluxgemm,3,0.08090,0.07987,0.08090,0.03819,1410,1
ag,2560,5120,512,gpu,99,c_flux_ag,0,0.06618,0.06448,0.06618,0.04135,1410,1
ag,2560,5120,512,gpu,99,A_fused,1,0.11776,0.11674,0.11776,0.06125,1410,1
ag,2560,5120,512,gpu,100,c_cublas,3,0.07373,0.07373,0.07373,0.03666,1410,1
ag,2560,5120,512,gpu,100,c_fluxgemm,1,0.08090,0.07987,0.08090,0.03346,1410,1
ag,2560,5120,512,gpu,100,c_flux_ag,2,0.07120,0.06998,0.07120,0.03905,1410,1
ag,2560,5120,512,gpu,100,A_fused,0,0.13517,0.13517,0.13517,0.06162,1410,1
ag,2560,5120,512,gpu,101,c_cublas,3,0.07270,0.07168,0.07270,0.04389,1410,1
ag,2560,5120,512,gpu,101,c_fluxgemm,1,0.08192,0.08090,0.08192,0.03712,1410,1
ag,2560,5120,512,gpu,101,c_flux_ag,0,0.05296,0.04838,0.04838,0.04094,1410,1
ag,2560,5120,512,gpu,101,A_fused,2,0.15462,0.15258,0.15258,0.05915,1410,1
ag,2560,5120,512,gpu,102,c_cublas,0,0.07373,0.07270,0.07373,0.03157,1410,1
ag,2560,5120,512,gpu,102,c_fluxgemm,1,0.08192,0.08090,0.08192,0.03860,1410,1
ag,2560,5120,512,gpu,102,c_flux_ag,3,0.07398,0.07184,0.07398,0.03497,1410,1
ag,2560,5120,512,gpu,102,A_fused,2,0.13312,0.13210,0.13312,0.05827,1410,1
ag,2560,5120,512,gpu,103,c_cublas,1,0.07373,0.07373,0.07373,0.03549,1410,1
ag,2560,5120,512,gpu,103,c_fluxgemm,2,0.07987,0.07885,0.07987,0.03751,1410,1
ag,2560,5120,512,gpu,103,c_flux_ag,3,0.07030,0.06896,0.07030,0.03869,1410,1
ag,2560,5120,512,gpu,103,A_fused,0,0.13210,0.12698,0.13210,0.05908,1410,1
ag,2560,5120,512,gpu,104,c_cublas,3,0.07270,0.07270,0.07270,0.03583,1410,1
ag,2560,5120,512,gpu,104,c_fluxgemm,1,0.08192,0.08090,0.08192,0.03540,1410,1
ag,2560,5120,512,gpu,104,c_flux_ag,0,0.05101,0.05030,0.05101,0.03723,1410,1
ag,2560,5120,512,gpu,104,A_fused,2,0.11776,0.11571,0.11571,0.05547,1410,1
ag,2560,5120,512,gpu,105,c_cublas,0,0.07270,0.07270,0.07270,0.03169,1410,1
ag,2560,5120,512,gpu,105,c_fluxgemm,2,0.08192,0.07987,0.08192,0.03438,1410,1
ag,2560,5120,512,gpu,105,c_flux_ag,3,0.06310,0.06298,0.06298,0.03755,1410,1
ag,2560,5120,512,gpu,105,A_fused,1,0.13517,0.13414,0.13517,0.06256,1410,1
ag,2560,5120,512,gpu,106,c_cublas,0,0.07270,0.07270,0.07270,0.03547,1410,1
ag,2560,5120,512,gpu,106,c_fluxgemm,1,0.08192,0.08090,0.08192,0.03726,1410,1
ag,2560,5120,512,gpu,106,c_flux_ag,3,0.06576,0.06528,0.06576,0.03526,1410,1
ag,2560,5120,512,gpu,106,A_fused,2,0.13824,0.13722,0.13824,0.05907,1410,1
ag,2560,5120,512,gpu,107,c_cublas,2,0.07270,0.07270,0.07270,0.03576,1410,1
ag,2560,5120,512,gpu,107,c_fluxgemm,0,0.08192,0.08090,0.08192,0.03849,1410,1
ag,2560,5120,512,gpu,107,c_flux_ag,3,0.05101,0.04886,0.04886,0.04030,1410,1
ag,2560,5120,512,gpu,107,A_fused,1,0.15360,0.15258,0.15360,0.05771,1410,1
ag,2560,5120,512,gpu,108,c_cublas,2,0.07475,0.07373,0.07475,0.03624,1410,1
ag,2560,5120,512,gpu,108,c_fluxgemm,0,0.08090,0.08090,0.08090,0.03768,1410,1
ag,2560,5120,512,gpu,108,c_flux_ag,1,0.06448,0.06317,0.06317,0.03958,1410,1
ag,2560,5120,512,gpu,108,A_fused,3,0.14029,0.13926,0.13926,0.05904,1410,1
ag,2560,5120,512,gpu,109,c_cublas,2,0.07373,0.07270,0.07373,0.03593,1410,1
ag,2560,5120,512,gpu,109,c_fluxgemm,0,0.07987,0.07885,0.07987,0.03761,1410,1
ag,2560,5120,512,gpu,109,c_flux_ag,1,0.06653,0.06640,0.06653,0.03911,1410,1
ag,2560,5120,512,gpu,109,A_fused,3,0.13414,0.13312,0.13414,0.06226,1410,1
ag,2560,5120,512,gpu,110,c_cublas,0,0.07373,0.07270,0.07373,0.03501,1410,1
ag,2560,5120,512,gpu,110,c_fluxgemm,3,0.08090,0.08090,0.08090,0.03561,1410,1
ag,2560,5120,512,gpu,110,c_flux_ag,2,0.05126,0.05046,0.05126,0.03539,1410,1
ag,2560,5120,512,gpu,110,A_fused,1,0.11878,0.11674,0.11878,0.06033,1410,1
ag,2560,5120,512,gpu,111,c_cublas,0,0.07578,0.07373,0.07578,0.03669,1410,1
ag,2560,5120,512,gpu,111,c_fluxgemm,2,0.08090,0.07987,0.08090,0.03814,1410,1
ag,2560,5120,512,gpu,111,c_flux_ag,1,0.06598,0.06410,0.06598,0.04106,1410,1
ag,2560,5120,512,gpu,111,A_fused,3,0.13619,0.13517,0.13517,0.05784,1410,1
ag,2560,5120,512,gpu,112,c_cublas,3,0.07270,0.07270,0.07270,0.03630,1410,1
ag,2560,5120,512,gpu,112,c_fluxgemm,0,0.08192,0.08090,0.08192,0.03790,1410,1
ag,2560,5120,512,gpu,112,c_flux_ag,2,0.05203,0.05174,0.05174,0.03533,1410,1
ag,2560,5120,512,gpu,112,A_fused,1,0.13926,0.13619,0.13926,0.06068,1410,1
ag,2560,5120,512,gpu,113,c_cublas,3,0.07373,0.07270,0.07270,0.03537,1410,1
ag,2560,5120,512,gpu,113,c_fluxgemm,2,0.07987,0.07885,0.07987,0.03700,1410,1
ag,2560,5120,512,gpu,113,c_flux_ag,1,0.06397,0.05971,0.06397,0.03486,1410,1
ag,2560,5120,512,gpu,113,A_fused,0,0.15462,0.15360,0.15462,0.06215,1410,1
ag,2560,5120,512,gpu,114,c_cublas,2,0.07475,0.07373,0.07475,0.03529,1410,1
ag,2560,5120,512,gpu,114,c_fluxgemm,0,0.08192,0.07987,0.08192,0.03837,1410,1
ag,2560,5120,512,gpu,114,c_flux_ag,3,0.07382,0.07379,0.07382,0.04141,1410,1
ag,2560,5120,512,gpu,114,A_fused,1,0.13312,0.13210,0.13210,0.05913,1410,1
ag,2560,5120,512,gpu,115,c_cublas,3,0.07373,0.07373,0.07373,0.03572,1410,1
ag,2560,5120,512,gpu,115,c_fluxgemm,2,0.08090,0.07987,0.07987,0.03573,1410,1
ag,2560,5120,512,gpu,115,c_flux_ag,1,0.06589,0.06518,0.06589,0.03532,1410,1
ag,2560,5120,512,gpu,115,A_fused,0,0.13414,0.13312,0.13312,0.05884,1410,1
ag,2560,5120,512,gpu,116,c_cublas,2,0.07578,0.07373,0.07373,0.03583,1410,1
ag,2560,5120,512,gpu,116,c_fluxgemm,1,0.08294,0.08090,0.08294,0.03675,1410,1
ag,2560,5120,512,gpu,116,c_flux_ag,0,0.06832,0.06317,0.06832,0.04119,1410,1
ag,2560,5120,512,gpu,116,A_fused,3,0.13414,0.13210,0.13210,0.06066,1410,1
ag,2560,5120,512,gpu,117,c_cublas,1,0.07270,0.07270,0.07270,0.03548,1410,1
ag,2560,5120,512,gpu,117,c_fluxgemm,0,0.07987,0.07987,0.07987,0.03652,1410,1
ag,2560,5120,512,gpu,117,c_flux_ag,3,0.05306,0.04995,0.04995,0.03586,1410,1
ag,2560,5120,512,gpu,117,A_fused,2,0.13312,0.13312,0.13312,0.05999,1410,1
ag,2560,5120,512,gpu,118,c_cublas,2,0.07270,0.07270,0.07270,0.03673,1410,1
ag,2560,5120,512,gpu,118,c_fluxgemm,1,0.07987,0.07885,0.07885,0.03758,1410,1
ag,2560,5120,512,gpu,118,c_flux_ag,0,1.06438,0.08493,1.06438,0.04230,1410,1
ag,2560,5120,512,gpu,118,A_fused,3,0.15360,0.15155,0.15360,0.06048,1410,1
ag,2560,5120,512,gpu,119,c_cublas,3,0.07373,0.07270,0.07373,0.03563,1410,1
ag,2560,5120,512,gpu,119,c_fluxgemm,0,0.08090,0.07987,0.08090,0.03708,1410,1
ag,2560,5120,512,gpu,119,c_flux_ag,1,0.05152,0.05094,0.05094,0.04145,1410,1
ag,2560,5120,512,gpu,119,A_fused,2,0.13210,0.12698,0.13210,0.05602,1410,1
ag,2560,5120,512,gpu,120,c_cublas,3,0.07270,0.07270,0.07270,0.03602,1410,1
ag,2560,5120,512,gpu,120,c_fluxgemm,1,0.08192,0.07987,0.08192,0.03788,1410,1
ag,2560,5120,512,gpu,120,c_flux_ag,0,0.07005,0.06954,0.07005,0.04247,1410,1
ag,2560,5120,512,gpu,120,A_fused,2,0.13517,0.13005,0.13517,0.06002,1410,1
ag,2560,5120,512,gpu,121,c_cublas,1,0.07270,0.07168,0.07270,0.03484,1410,1
ag,2560,5120,512,gpu,121,c_fluxgemm,3,0.07987,0.07987,0.07987,0.03838,1410,1
ag,2560,5120,512,gpu,121,c_flux_ag,0,0.05130,0.04874,0.05130,0.04117,1410,1
ag,2560,5120,512,gpu,121,A_fused,2,0.13414,0.13312,0.13414,0.06007,1410,1
ag,2560,5120,512,gpu,122,c_cublas,0,0.07373,0.07270,0.07373,0.03586,1410,1
ag,2560,5120,512,gpu,122,c_fluxgemm,3,0.08090,0.07987,0.08090,0.03557,1410,1
ag,2560,5120,512,gpu,122,c_flux_ag,2,0.05258,0.04701,0.05258,0.03638,1410,1
ag,2560,5120,512,gpu,122,A_fused,1,0.13517,0.13312,0.13517,0.06065,1410,1
ag,2560,5120,512,gpu,123,c_cublas,2,0.07373,0.07373,0.07373,0.03540,1410,1
ag,2560,5120,512,gpu,123,c_fluxgemm,3,0.08090,0.08090,0.08090,0.03738,1410,1
ag,2560,5120,512,gpu,123,c_flux_ag,0,0.06614,0.06602,0.06602,0.03878,1410,1
ag,2560,5120,512,gpu,123,A_fused,1,0.11674,0.11571,0.11571,0.05500,1410,1
ag,2560,5120,512,gpu,124,c_cublas,1,0.07373,0.07373,0.07373,0.03568,1410,1
ag,2560,5120,512,gpu,124,c_fluxgemm,3,0.07987,0.07987,0.07987,0.03667,1410,1
ag,2560,5120,512,gpu,124,c_flux_ag,2,0.08570,0.08406,0.08570,0.04568,1410,1
ag,2560,5120,512,gpu,124,A_fused,0,0.13210,0.13107,0.13210,0.06088,1410,1
ag,2560,5120,512,gpu,125,c_cublas,3,0.07373,0.07270,0.07373,0.03560,1410,1
ag,2560,5120,512,gpu,125,c_fluxgemm,0,0.07987,0.07987,0.07987,0.03942,1410,1
ag,2560,5120,512,gpu,125,c_flux_ag,1,0.06630,0.06621,0.06621,0.03946,1410,1
ag,2560,5120,512,gpu,125,A_fused,2,0.11981,0.11674,0.11674,0.05564,1410,1
ag,2560,5120,512,gpu,126,c_cublas,0,0.07270,0.07270,0.07270,0.03210,1410,1
ag,2560,5120,512,gpu,126,c_fluxgemm,1,0.08192,0.08090,0.08090,0.04547,1410,1
ag,2560,5120,512,gpu,126,c_flux_ag,2,0.06525,0.06346,0.06525,0.04005,1410,1
ag,2560,5120,512,gpu,126,A_fused,3,0.13517,0.13414,0.13517,0.05446,1410,1
ag,2560,5120,512,gpu,127,c_cublas,2,0.07270,0.07270,0.07270,0.03624,1410,1
ag,2560,5120,512,gpu,127,c_fluxgemm,0,0.08090,0.08090,0.08090,0.03607,1410,1
ag,2560,5120,512,gpu,127,c_flux_ag,1,0.06320,0.06272,0.06320,0.03939,1410,1
ag,2560,5120,512,gpu,127,A_fused,3,0.11878,0.11469,0.11878,0.06035,1410,1
ag,2560,5120,512,gpu,128,c_cublas,2,0.07475,0.07475,0.07475,0.03610,1410,1
ag,2560,5120,512,gpu,128,c_fluxgemm,1,0.08090,0.07987,0.08090,0.03781,1410,1
ag,2560,5120,512,gpu,128,c_flux_ag,0,0.05398,0.04826,0.05398,0.03981,1410,1
ag,2560,5120,512,gpu,128,A_fused,3,0.13619,0.13414,0.13619,0.07030,1410,1
ag,2560,5120,512,gpu,129,c_cublas,2,0.07373,0.07270,0.07373,0.03512,1410,1
ag,2560,5120,512,gpu,129,c_fluxgemm,1,0.07987,0.07987,0.07987,0.03410,1410,1
ag,2560,5120,512,gpu,129,c_flux_ag,3,0.05363,0.05040,0.05040,0.04073,1410,1
ag,2560,5120,512,gpu,129,A_fused,0,0.11674,0.11366,0.11674,0.05784,1410,1
ag,2560,5120,512,gpu,130,c_cublas,3,0.07373,0.07270,0.07373,0.03507,1410,1
ag,2560,5120,512,gpu,130,c_fluxgemm,2,0.08090,0.07987,0.08090,0.03554,1410,1
ag,2560,5120,512,gpu,130,c_flux_ag,0,0.06538,0.06080,0.06080,0.03849,1410,1
ag,2560,5120,512,gpu,130,A_fused,1,0.15462,0.15462,0.15462,0.05561,1410,1
ag,2560,5120,512,gpu,131,c_cublas,2,0.07373,0.07270,0.07373,0.03555,1410,1
ag,2560,5120,512,gpu,131,c_fluxgemm,0,0.08090,0.08090,0.08090,0.03798,1410,1
ag,2560,5120,512,gpu,131,c_flux_ag,1,0.06515,0.06515,0.06515,0.04005,1410,1
ag,2560,5120,512,gpu,131,A_fused,3,0.12083,0.11776,0.11776,0.06082,1410,1
ag,2560,5120,512,gpu,132,c_cublas,2,0.07373,0.07373,0.07373,0.03530,1410,1
ag,2560,5120,512,gpu,132,c_fluxgemm,3,0.07987,0.07885,0.07987,0.03749,1410,1
ag,2560,5120,512,gpu,132,c_flux_ag,1,0.07075,0.07056,0.07075,0.03570,1410,1
ag,2560,5120,512,gpu,132,A_fused,0,0.11674,0.11469,0.11674,0.06392,1410,1
ag,2560,5120,512,gpu,133,c_cublas,1,0.07270,0.07270,0.07270,0.03520,1410,1
ag,2560,5120,512,gpu,133,c_fluxgemm,2,0.08192,0.08192,0.08192,0.03832,1410,1
ag,2560,5120,512,gpu,133,c_flux_ag,3,0.05331,0.05267,0.05267,0.04012,1410,1
ag,2560,5120,512,gpu,133,A_fused,0,0.13926,0.13619,0.13926,0.06029,1410,1
ag,2560,5120,512,gpu,134,c_cublas,1,0.07373,0.07270,0.07373,0.03545,1410,1
ag,2560,5120,512,gpu,134,c_fluxgemm,0,0.07987,0.07987,0.07987,0.03642,1410,1
ag,2560,5120,512,gpu,134,c_flux_ag,3,0.06755,0.06742,0.06755,0.03659,1410,1
ag,2560,5120,512,gpu,134,A_fused,2,0.13517,0.13312,0.13312,0.06021,1410,1
ag,2560,5120,512,gpu,135,c_cublas,2,0.07373,0.07373,0.07373,0.03596,1410,1
ag,2560,5120,512,gpu,135,c_fluxgemm,1,0.07987,0.07987,0.07987,0.03512,1410,1
ag,2560,5120,512,gpu,135,c_flux_ag,3,0.05434,0.05261,0.05261,0.04144,1410,1
ag,2560,5120,512,gpu,135,A_fused,0,0.12595,0.12186,0.12595,0.06366,1410,1
ag,2560,5120,512,gpu,136,c_cublas,1,0.07270,0.07270,0.07270,0.03501,1410,1
ag,2560,5120,512,gpu,136,c_fluxgemm,2,0.07885,0.07885,0.07885,0.03771,1410,1
ag,2560,5120,512,gpu,136,c_flux_ag,3,0.06806,0.06678,0.06806,0.03918,1410,1
ag,2560,5120,512,gpu,136,A_fused,0,0.15360,0.15155,0.15360,0.05835,1410,1
ag,2560,5120,512,gpu,137,c_cublas,0,0.07270,0.07270,0.07270,0.03568,1410,1
ag,2560,5120,512,gpu,137,c_fluxgemm,2,0.08090,0.08090,0.08090,0.03430,1410,1
ag,2560,5120,512,gpu,137,c_flux_ag,3,0.05414,0.05088,0.05088,0.03797,1410,1
ag,2560,5120,512,gpu,137,A_fused,1,0.13517,0.13312,0.13312,0.06151,1410,1
ag,2560,5120,512,gpu,138,c_cublas,0,0.07373,0.07270,0.07373,0.03620,1410,1
ag,2560,5120,512,gpu,138,c_fluxgemm,1,0.08090,0.08090,0.08090,0.03808,1410,1
ag,2560,5120,512,gpu,138,c_flux_ag,3,0.06995,0.06781,0.06995,0.03579,1410,1
ag,2560,5120,512,gpu,138,A_fused,2,0.13312,0.13312,0.13312,0.05793,1410,1
ag,2560,5120,512,gpu,139,c_cublas,2,0.07373,0.07270,0.07373,0.03513,1410,1
ag,2560,5120,512,gpu,139,c_fluxgemm,0,0.10957,0.08090,0.10957,0.04048,1410,1
ag,2560,5120,512,gpu,139,c_flux_ag,3,0.05395,0.04960,0.05395,0.04052,1410,1
ag,2560,5120,512,gpu,139,A_fused,1,0.13210,0.12698,0.12698,0.06011,1410,1
ag,2560,5120,512,gpu,140,c_cublas,2,0.07270,0.07270,0.07270,0.04286,1410,1
ag,2560,5120,512,gpu,140,c_fluxgemm,3,0.07987,0.07987,0.07987,0.03910,1410,1
ag,2560,5120,512,gpu,140,c_flux_ag,0,0.06474,0.06288,0.06288,0.03767,1410,1
ag,2560,5120,512,gpu,140,A_fused,1,0.13312,0.13312,0.13312,0.05946,1410,1
ag,2560,5120,512,gpu,141,c_cublas,3,0.07270,0.07270,0.07270,0.03716,1410,1
ag,2560,5120,512,gpu,141,c_fluxgemm,0,0.07987,0.07987,0.07987,0.03512,1410,1
ag,2560,5120,512,gpu,141,c_flux_ag,2,0.08387,0.08269,0.08387,0.11227,1410,1
ag,2560,5120,512,gpu,141,A_fused,1,0.13210,0.12595,0.12595,0.05909,1410,1
ag,2560,5120,512,gpu,142,c_cublas,3,0.07270,0.07270,0.07270,0.03588,1410,1
ag,2560,5120,512,gpu,142,c_fluxgemm,2,0.08090,0.07987,0.08090,0.03618,1410,1
ag,2560,5120,512,gpu,142,c_flux_ag,1,0.06598,0.06493,0.06493,0.03522,1410,1
ag,2560,5120,512,gpu,142,A_fused,0,0.12083,0.11776,0.11776,0.06416,1410,1
ag,2560,5120,512,gpu,143,c_cublas,3,0.07475,0.07373,0.07475,0.03588,1410,1
ag,2560,5120,512,gpu,143,c_fluxgemm,2,0.08090,0.07987,0.08090,0.03602,1410,1
ag,2560,5120,512,gpu,143,c_flux_ag,1,0.05251,0.05165,0.05251,0.03600,1410,1
ag,2560,5120,512,gpu,143,A_fused,0,0.13619,0.13517,0.13517,0.06688,1410,1
ag,2560,5120,512,gpu,144,c_cublas,1,0.07475,0.07373,0.07475,0.04192,1410,1
ag,2560,5120,512,gpu,144,c_fluxgemm,3,0.07987,0.07885,0.07987,0.03490,1410,1
ag,2560,5120,512,gpu,144,c_flux_ag,0,0.06826,0.06650,0.06826,0.04202,1410,1
ag,2560,5120,512,gpu,144,A_fused,2,0.13414,0.13312,0.13414,0.06133,1410,1
ag,2560,5120,512,gpu,145,c_cublas,3,0.07373,0.07373,0.07373,0.03610,1410,1
ag,2560,5120,512,gpu,145,c_fluxgemm,1,0.08090,0.08090,0.08090,0.03453,1410,1
ag,2560,5120,512,gpu,145,c_flux_ag,0,0.06650,0.06506,0.06650,0.03917,1410,1
ag,2560,5120,512,gpu,145,A_fused,2,0.11776,0.11674,0.11776,0.05868,1410,1
ag,2560,5120,512,gpu,146,c_cublas,0,0.07373,0.07373,0.07373,0.03359,1410,1
ag,2560,5120,512,gpu,146,c_fluxgemm,3,0.08090,0.08090,0.08090,0.03432,1410,1
ag,2560,5120,512,gpu,146,c_flux_ag,1,0.07491,0.07427,0.07491,0.04070,1410,1
ag,2560,5120,512,gpu,146,A_fused,2,0.13414,0.13414,0.13414,0.05699,1410,1
ag,2560,5120,512,gpu,147,c_cublas,0,0.07475,0.07373,0.07475,0.03605,1410,1
ag,2560,5120,512,gpu,147,c_fluxgemm,2,0.07987,0.07885,0.07885,0.03715,1410,1
ag,2560,5120,512,gpu,147,c_flux_ag,3,0.05507,0.05366,0.05366,0.03873,1410,1
ag,2560,5120,512,gpu,147,A_fused,1,0.15258,0.15258,0.15258,0.06113,1410,1
ag,2560,5120,512,gpu,148,c_cublas,1,0.07475,0.07270,0.07475,0.03652,1410,1
ag,2560,5120,512,gpu,148,c_fluxgemm,3,0.07987,0.07987,0.07987,0.03663,1410,1
ag,2560,5120,512,gpu,148,c_flux_ag,2,0.06525,0.06403,0.06525,0.04039,1410,1
ag,2560,5120,512,gpu,148,A_fused,0,0.11981,0.11571,0.11981,0.06308,1410,1
ag,2560,5120,512,gpu,149,c_cublas,2,0.07373,0.07270,0.07373,0.03536,1410,1
ag,2560,5120,512,gpu,149,c_fluxgemm,1,0.07987,0.07987,0.07987,0.03329,1410,1
ag,2560,5120,512,gpu,149,c_flux_ag,3,0.06624,0.06605,0.06624,0.04055,1410,1
ag,2560,5120,512,gpu,149,A_fused,0,0.13210,0.12698,0.13210,0.05959,1410,1
ag,2560,5120,512,gpu,150,c_cublas,1,0.07270,0.07168,0.07270,0.03577,1410,1
ag,2560,5120,512,gpu,150,c_fluxgemm,2,0.08090,0.07987,0.08090,0.03820,1410,1
ag,2560,5120,512,gpu,150,c_flux_ag,0,0.06518,0.06394,0.06518,0.03678,1410,1
ag,2560,5120,512,gpu,150,A_fused,3,0.13926,0.13824,0.13926,0.05796,1410,1
ag,2560,5120,512,gpu,151,c_cublas,0,0.07373,0.07373,0.07373,0.03537,1410,1
ag,2560,5120,512,gpu,151,c_fluxgemm,1,0.08192,0.08090,0.08192,0.04486,1410,1
ag,2560,5120,512,gpu,151,c_flux_ag,3,0.06573,0.05021,0.06573,0.03500,1410,1
ag,2560,5120,512,gpu,151,A_fused,2,0.11878,0.11571,0.11571,0.05820,1410,1
ag,2560,5120,512,gpu,152,c_cublas,2,0.07373,0.07373,0.07373,0.03521,1410,1
ag,2560,5120,512,gpu,152,c_fluxgemm,3,0.07987,0.07885,0.07987,0.03822,1410,1
ag,2560,5120,512,gpu,152,c_flux_ag,0,0.06413,0.06355,0.06355,0.03643,1410,1
ag,2560,5120,512,gpu,152,A_fused,1,0.13926,0.13722,0.13926,0.05495,1410,1
ag,2560,5120,512,gpu,153,c_cublas,0,0.07270,0.07270,0.07270,0.03590,1410,1
ag,2560,5120,512,gpu,153,c_fluxgemm,1,0.07987,0.07885,0.07987,0.03731,1410,1
ag,2560,5120,512,gpu,153,c_flux_ag,2,0.08771,0.08733,0.08771,0.03961,1410,1
ag,2560,5120,512,gpu,153,A_fused,3,0.11878,0.11674,0.11674,0.05658,1410,1
ag,2560,5120,512,gpu,154,c_cublas,1,0.07475,0.07475,0.07475,0.03564,1410,1
ag,2560,5120,512,gpu,154,c_fluxgemm,3,0.08192,0.07987,0.08192,0.03725,1410,1
ag,2560,5120,512,gpu,154,c_flux_ag,2,0.06438,0.06432,0.06432,0.04208,1410,1
ag,2560,5120,512,gpu,154,A_fused,0,0.12083,0.11674,0.11674,0.05689,1410,1
ag,2560,5120,512,gpu,155,c_cublas,3,0.07373,0.07373,0.07373,0.03632,1410,1
ag,2560,5120,512,gpu,155,c_fluxgemm,2,0.08192,0.08090,0.08192,0.03645,1410,1
ag,2560,5120,512,gpu,155,c_flux_ag,1,0.05347,0.05062,0.05347,0.03678,1410,1
ag,2560,5120,512,gpu,155,A_fused,0,0.14029,0.13926,0.14029,0.06216,1410,1
ag,2560,5120,512,gpu,156,c_cublas,1,0.07373,0.07373,0.07373,0.03548,1410,1
ag,2560,5120,512,gpu,156,c_fluxgemm,3,0.07987,0.07885,0.07987,0.03607,1410,1
ag,2560,5120,512,gpu,156,c_flux_ag,0,0.06387,0.06371,0.06387,0.04204,1410,1
ag,2560,5120,512,gpu,156,A_fused,2,0.13210,0.12390,0.13210,0.06262,1410,1
ag,2560,5120,512,gpu,157,c_cublas,1,0.07270,0.07270,0.07270,0.03607,1410,1
ag,2560,5120,512,gpu,157,c_fluxgemm,2,0.08090,0.07885,0.08090,0.03800,1410,1
ag,2560,5120,512,gpu,157,c_flux_ag,0,0.06976,0.06829,0.06976,0.04540,1410,1
ag,2560,5120,512,gpu,157,A_fused,3,0.13414,0.13312,0.13414,0.05959,1410,1
ag,2560,5120,512,gpu,158,c_cublas,2,0.07270,0.07270,0.07270,0.08482,1410,1
ag,2560,5120,512,gpu,158,c_fluxgemm,1,0.08090,0.07885,0.08090,0.03650,1410,1
ag,2560,5120,512,gpu,158,c_flux_ag,0,0.04771,0.04742,0.04742,0.03873,1410,1
ag,2560,5120,512,gpu,158,A_fused,3,0.14541,0.14234,0.14541,0.06246,1410,1
ag,2560,5120,512,gpu,159,c_cublas,2,0.07270,0.07270,0.07270,0.03651,1410,1
ag,2560,5120,512,gpu,159,c_fluxgemm,0,0.08090,0.08090,0.08090,0.03658,1410,1
ag,2560,5120,512,gpu,159,c_flux_ag,1,0.08461,0.08390,0.08461,0.03953,1410,1
ag,2560,5120,512,gpu,159,A_fused,3,0.13312,0.13312,0.13312,0.06092,1410,1
ag,2560,5120,512,gpu,160,c_cublas,3,0.07373,0.07270,0.07270,0.03547,1410,1
ag,2560,5120,512,gpu,160,c_fluxgemm,2,0.08090,0.07987,0.08090,0.03628,1410,1
ag,2560,5120,512,gpu,160,c_flux_ag,1,0.06944,0.06938,0.06944,0.03535,1410,1
ag,2560,5120,512,gpu,160,A_fused,0,0.11981,0.11571,0.11571,0.05646,1410,1
ag,2560,5120,512,gpu,161,c_cublas,1,0.07270,0.07168,0.07270,0.03579,1410,1
ag,2560,5120,512,gpu,161,c_fluxgemm,0,0.08090,0.07987,0.08090,0.03810,1410,1
ag,2560,5120,512,gpu,161,c_flux_ag,2,0.06563,0.06422,0.06422,0.04219,1410,1
ag,2560,5120,512,gpu,161,A_fused,3,0.13517,0.13312,0.13517,0.05558,1410,1
ag,2560,5120,512,gpu,162,c_cublas,1,0.07373,0.07168,0.07168,0.03636,1410,1
ag,2560,5120,512,gpu,162,c_fluxgemm,3,0.08090,0.07987,0.08090,0.03571,1410,1
ag,2560,5120,512,gpu,162,c_flux_ag,0,0.06624,0.06566,0.06624,0.03842,1410,1
ag,2560,5120,512,gpu,162,A_fused,2,0.13210,0.13107,0.13107,0.06130,1410,1
ag,2560,5120,512,gpu,163,c_cublas,2,0.07270,0.07270,0.07270,0.03615,1410,1
ag,2560,5120,512,gpu,163,c_fluxgemm,1,0.07987,0.07987,0.07987,0.03515,1410,1
ag,2560,5120,512,gpu,163,c_flux_ag,0,0.06381,0.06285,0.06381,0.03942,1410,1
ag,2560,5120,512,gpu,163,A_fused,3,0.14643,0.14541,0.14643,0.06139,1410,1
ag,2560,5120,512,gpu,164,c_cublas,3,0.07270,0.07270,0.07270,0.03552,1410,1
ag,2560,5120,512,gpu,164,c_fluxgemm,2,0.08192,0.08090,0.08192,0.03674,1410,1
ag,2560,5120,512,gpu,164,c_flux_ag,0,0.05731,0.05296,0.05731,0.06847,1410,1
ag,2560,5120,512,gpu,164,A_fused,1,0.11674,0.11469,0.11674,0.05494,1410,1
ag,2560,5120,512,gpu,165,c_cublas,1,0.07270,0.07270,0.07270,0.03605,1410,1
ag,2560,5120,512,gpu,165,c_fluxgemm,3,0.08090,0.07987,0.08090,0.03443,1410,1
ag,2560,5120,512,gpu,165,c_flux_ag,0,0.08518,0.08362,0.08518,0.04269,1410,1
ag,2560,5120,512,gpu,165,A_fused,2,0.13517,0.13517,0.13517,0.06098,1410,1
ag,2560,5120,512,gpu,166,c_cublas,1,0.07270,0.07270,0.07270,0.03530,1410,1
ag,2560,5120,512,gpu,166,c_fluxgemm,0,0.07987,0.07987,0.07987,0.03319,1410,1
ag,2560,5120,512,gpu,166,c_flux_ag,2,0.06685,0.06563,0.06685,0.04143,1410,1
ag,2560,5120,512,gpu,166,A_fused,3,0.13517,0.13107,0.13107,0.05656,1410,1
ag,2560,5120,512,gpu,167,c_cublas,3,0.07373,0.07373,0.07373,0.03733,1410,1
ag,2560,5120,512,gpu,167,c_fluxgemm,1,0.07987,0.07885,0.07885,0.04504,1410,1
ag,2560,5120,512,gpu,167,c_flux_ag,0,0.11661,0.08701,0.11661,0.04076,1410,1
ag,2560,5120,512,gpu,167,A_fused,2,0.14541,0.14234,0.14541,0.05774,1410,1
ag,2560,5120,512,gpu,168,c_cublas,2,0.07475,0.07270,0.07270,0.03603,1410,1
ag,2560,5120,512,gpu,168,c_fluxgemm,0,0.08090,0.08090,0.08090,0.03882,1410,1
ag,2560,5120,512,gpu,168,c_flux_ag,1,0.06582,0.06406,0.06582,0.04038,1410,1
ag,2560,5120,512,gpu,168,A_fused,3,0.13619,0.13619,0.13619,0.06155,1410,1
ag,2560,5120,512,gpu,169,c_cublas,1,0.07373,0.07270,0.07373,0.03559,1410,1
ag,2560,5120,512,gpu,169,c_fluxgemm,3,0.07987,0.07987,0.07987,0.03673,1410,1
ag,2560,5120,512,gpu,169,c_flux_ag,2,0.06573,0.06518,0.06573,0.03943,1410,1
ag,2560,5120,512,gpu,169,A_fused,0,0.11469,0.11469,0.11469,0.06091,1410,1
ag,2560,5120,512,gpu,170,c_cublas,3,0.07270,0.07270,0.07270,0.03648,1410,1
ag,2560,5120,512,gpu,170,c_fluxgemm,0,0.07987,0.07987,0.07987,0.03493,1410,1
ag,2560,5120,512,gpu,170,c_flux_ag,1,0.06669,0.06618,0.06618,0.03869,1410,1
ag,2560,5120,512,gpu,170,A_fused,2,0.13517,0.13312,0.13517,0.05535,1410,1
ag,2560,5120,512,gpu,171,c_cublas,2,0.07270,0.07270,0.07270,0.03487,1410,1
ag,2560,5120,512,gpu,171,c_fluxgemm,0,0.08192,0.08090,0.08192,0.03883,1410,1
ag,2560,5120,512,gpu,171,c_flux_ag,3,0.06877,0.06758,0.06877,0.04034,1410,1
ag,2560,5120,512,gpu,171,A_fused,1,0.15462,0.15155,0.15462,0.05730,1410,1
ag,2560,5120,512,gpu,172,c_cublas,0,0.10752,0.07373,0.07373,0.04150,1410,1
ag,2560,5120,512,gpu,172,c_fluxgemm,3,0.08090,0.07885,0.08090,0.03620,1410,1
ag,2560,5120,512,gpu,172,c_flux_ag,2,0.06483,0.05824,0.06483,0.03490,1410,1
ag,2560,5120,512,gpu,172,A_fused,1,0.13210,0.13210,0.13210,0.06260,1410,1
ag,2560,5120,512,gpu,173,c_cublas,0,0.07373,0.07270,0.07270,0.03631,1410,1
ag,2560,5120,512,gpu,173,c_fluxgemm,3,0.08090,0.07885,0.08090,0.03653,1410,1
ag,2560,5120,512,gpu,173,c_flux_ag,2,0.06726,0.06490,0.06726,0.03608,1410,1
ag,2560,5120,512,gpu,173,A_fused,1,0.13414,0.13312,0.13414,0.06150,1410,1
ag,2560,5120,512,gpu,174,c_cublas,2,0.07270,0.07270,0.07270,0.03616,1410,1
ag,2560,5120,512,gpu,174,c_fluxgemm,0,0.07987,0.07987,0.07987,0.03486,1410,1
ag,2560,5120,512,gpu,174,c_flux_ag,1,0.06579,0.06464,0.06464,0.03894,1410,1
ag,2560,5120,512,gpu,174,A_fused,3,0.13619,0.13517,0.13517,0.06063,1410,1
ag,2560,5120,512,gpu,175,c_cublas,0,0.07373,0.07270,0.07270,0.03513,1410,1
ag,2560,5120,512,gpu,175,c_fluxgemm,3,0.08192,0.08090,0.08090,0.03543,1410,1
ag,2560,5120,512,gpu,175,c_flux_ag,2,0.05558,0.05094,0.05094,0.03552,1410,1
ag,2560,5120,512,gpu,175,A_fused,1,0.11776,0.11571,0.11776,0.06066,1410,1
ag,2560,5120,512,gpu,176,c_cublas,1,0.07475,0.07373,0.07373,0.03502,1410,1
ag,2560,5120,512,gpu,176,c_fluxgemm,3,0.07987,0.07987,0.07987,0.03689,1410,1
ag,2560,5120,512,gpu,176,c_flux_ag,2,0.08749,0.08573,0.08749,0.03975,1410,1
ag,2560,5120,512,gpu,176,A_fused,0,0.11878,0.11878,0.11878,0.06026,1410,1
ag,2560,5120,512,gpu,177,c_cublas,2,0.07270,0.07270,0.07270,0.03557,1410,1
ag,2560,5120,512,gpu,177,c_fluxgemm,3,0.07987,0.07987,0.07987,0.03742,1410,1
ag,2560,5120,512,gpu,177,c_flux_ag,0,0.06803,0.06752,0.06803,0.03899,1410,1
ag,2560,5120,512,gpu,177,A_fused,1,0.11878,0.11776,0.11776,0.05557,1410,1
ag,2560,5120,512,gpu,178,c_cublas,0,0.07270,0.07270,0.07270,0.03533,1410,1
ag,2560,5120,512,gpu,178,c_fluxgemm,1,0.08192,0.08090,0.08192,0.03814,1410,1
ag,2560,5120,512,gpu,178,c_flux_ag,3,0.06384,0.05843,0.05843,0.03470,1410,1
ag,2560,5120,512,gpu,178,A_fused,2,0.13312,0.13312,0.13312,0.05864,1410,1
ag,2560,5120,512,gpu,179,c_cublas,2,0.07270,0.07270,0.07270,0.04446,1410,1
ag,2560,5120,512,gpu,179,c_fluxgemm,0,0.08090,0.08090,0.08090,0.03620,1410,1
ag,2560,5120,512,gpu,179,c_flux_ag,1,0.06845,0.06698,0.06698,0.03998,1410,1
ag,2560,5120,512,gpu,179,A_fused,3,0.13210,0.12800,0.13210,0.06044,1410,1
ag,2560,5120,512,gpu,180,c_cublas,2,0.07270,0.07270,0.07270,0.03530,1410,1
ag,2560,5120,512,gpu,180,c_fluxgemm,1,0.07987,0.07987,0.07987,0.03469,1410,1
ag,2560,5120,512,gpu,180,c_flux_ag,3,0.06813,0.06800,0.06813,0.04168,1410,1
ag,2560,5120,512,gpu,180,A_fused,0,0.14234,0.13926,0.14234,0.05703,1410,1
ag,2560,5120,512,gpu,181,c_cublas,2,0.07270,0.07270,0.07270,0.03622,1410,1
ag,2560,5120,512,gpu,181,c_fluxgemm,1,0.08090,0.08090,0.08090,0.03817,1410,1
ag,2560,5120,512,gpu,181,c_flux_ag,0,0.06032,0.05475,0.06032,0.04304,1410,1
ag,2560,5120,512,gpu,181,A_fused,3,0.11981,0.11878,0.11981,0.06004,1410,1
ag,2560,5120,512,gpu,182,c_cublas,2,0.07578,0.07475,0.07578,0.03509,1410,1
ag,2560,5120,512,gpu,182,c_fluxgemm,0,0.07987,0.07987,0.07987,0.03764,1410,1
ag,2560,5120,512,gpu,182,c_flux_ag,3,0.06698,0.06653,0.06698,0.04042,1410,1
ag,2560,5120,512,gpu,182,A_fused,1,0.15360,0.15155,0.15360,0.05601,1410,1
ag,2560,5120,512,gpu,183,c_cublas,3,0.07373,0.07373,0.07373,0.03766,1410,1
ag,2560,5120,512,gpu,183,c_fluxgemm,2,0.08192,0.07987,0.08192,0.03653,1410,1
ag,2560,5120,512,gpu,183,c_flux_ag,1,0.05366,0.04877,0.04877,0.03605,1410,1
ag,2560,5120,512,gpu,183,A_fused,0,0.12083,0.11878,0.11878,0.06769,1410,1
ag,2560,5120,512,gpu,184,c_cublas,3,0.07373,0.07373,0.07373,0.09614,1410,1
ag,2560,5120,512,gpu,184,c_fluxgemm,0,0.08192,0.07987,0.08192,0.03929,1410,1
ag,2560,5120,512,gpu,184,c_flux_ag,2,0.06307,0.05914,0.05914,0.03638,1410,1
ag,2560,5120,512,gpu,184,A_fused,1,0.13107,0.12698,0.13107,0.05891,1410,1
ag,2560,5120,512,gpu,185,c_cublas,1,0.07373,0.07270,0.07373,0.03623,1410,1
ag,2560,5120,512,gpu,185,c_fluxgemm,3,0.07987,0.07987,0.07987,0.03466,1410,1
ag,2560,5120,512,gpu,185,c_flux_ag,0,0.07158,0.06986,0.06986,0.04133,1410,1
ag,2560,5120,512,gpu,185,A_fused,2,0.13210,0.12698,0.13210,0.06164,1410,1
ag,2560,5120,512,gpu,186,c_cublas,0,0.07373,0.07270,0.07373,0.03574,1410,1
ag,2560,5120,512,gpu,186,c_fluxgemm,3,0.08192,0.08090,0.08192,0.03580,1410,1
ag,2560,5120,512,gpu,186,c_flux_ag,2,0.06477,0.06419,0.06477,0.03639,1410,1
ag,2560,5120,512,gpu,186,A_fused,1,0.14336,0.14234,0.14336,0.06042,1410,1
ag,2560,5120,512,gpu,187,c_cublas,2,0.07373,0.07373,0.07373,0.03552,1410,1
ag,2560,5120,512,gpu,187,c_fluxgemm,3,0.08090,0.08090,0.08090,0.04635,1410,1
ag,2560,5120,512,gpu,187,c_flux_ag,0,0.05162,0.04944,0.05162,0.03971,1410,1
ag,2560,5120,512,gpu,187,A_fused,1,0.13517,0.12800,0.13517,0.05497,1410,1
ag,2560,5120,512,gpu,188,c_cublas,1,0.07373,0.07373,0.07373,0.03648,1410,1
ag,2560,5120,512,gpu,188,c_fluxgemm,2,0.08090,0.08090,0.08090,0.03798,1410,1
ag,2560,5120,512,gpu,188,c_flux_ag,0,0.08576,0.08432,0.08432,0.04129,1410,1
ag,2560,5120,512,gpu,188,A_fused,3,0.13312,0.13312,0.13312,0.05792,1410,1
ag,2560,5120,512,gpu,189,c_cublas,1,0.07475,0.07373,0.07373,0.03627,1410,1
ag,2560,5120,512,gpu,189,c_fluxgemm,3,0.07987,0.07885,0.07987,0.03444,1410,1
ag,2560,5120,512,gpu,189,c_flux_ag,0,0.05514,0.04746,0.05514,0.04043,1410,1
ag,2560,5120,512,gpu,189,A_fused,2,0.11674,0.11469,0.11674,0.05985,1410,1
ag,2560,5120,512,gpu,190,c_cublas,1,0.07475,0.07373,0.07475,0.03507,1410,1
ag,2560,5120,512,gpu,190,c_fluxgemm,3,0.08090,0.07987,0.08090,0.03627,1410,1
ag,2560,5120,512,gpu,190,c_flux_ag,2,0.06410,0.06365,0.06410,0.03964,1410,1
ag,2560,5120,512,gpu,190,A_fused,0,0.11776,0.11674,0.11674,0.05857,1410,1
ag,2560,5120,512,gpu,191,c_cublas,2,0.07373,0.07373,0.07373,0.03599,1410,1
ag,2560,5120,512,gpu,191,c_fluxgemm,3,0.08090,0.07987,0.08090,0.03785,1410,1
ag,2560,5120,512,gpu,191,c_flux_ag,1,0.06429,0.05891,0.05891,0.03703,1410,1
ag,2560,5120,512,gpu,191,A_fused,0,0.13517,0.13517,0.13517,0.06608,1410,1
ag,2560,5120,512,gpu,192,c_cublas,0,0.07373,0.07270,0.07373,0.03527,1410,1
ag,2560,5120,512,gpu,192,c_fluxgemm,2,0.08090,0.07885,0.08090,0.03442,1410,1
ag,2560,5120,512,gpu,192,c_flux_ag,3,0.06701,0.06659,0.06659,0.03784,1410,1
ag,2560,5120,512,gpu,192,A_fused,1,0.14746,0.14643,0.14746,0.06976,1410,1
ag,2560,5120,512,gpu,193,c_cublas,3,0.07373,0.07270,0.07373,0.04424,1410,1
ag,2560,5120,512,gpu,193,c_fluxgemm,0,0.11059,0.07987,0.11059,0.04030,1410,1
ag,2560,5120,512,gpu,193,c_flux_ag,1,0.05062,0.04803,0.05062,0.04172,1410,1
ag,2560,5120,512,gpu,193,A_fused,2,0.15258,0.15155,0.15155,0.05437,1410,1
ag,2560,5120,512,gpu,194,c_cublas,3,0.07373,0.07270,0.07270,0.03622,1410,1
ag,2560,5120,512,gpu,194,c_fluxgemm,2,0.07987,0.07885,0.07987,0.03512,1410,1
ag,2560,5120,512,gpu,194,c_flux_ag,0,0.05178,0.05146,0.05178,0.04325,1410,1
ag,2560,5120,512,gpu,194,A_fused,1,0.13107,0.12800,0.12800,0.05732,1410,1
ag,2560,5120,512,gpu,195,c_cublas,2,0.07475,0.07373,0.07475,0.03465,1410,1
ag,2560,5120,512,gpu,195,c_fluxgemm,3,0.08090,0.08090,0.08090,0.03740,1410,1
ag,2560,5120,512,gpu,195,c_flux_ag,0,0.06787,0.06778,0.06787,0.04210,1410,1
ag,2560,5120,512,gpu,195,A_fused,1,0.13517,0.13414,0.13414,0.05649,1410,1
ag,2560,5120,512,gpu,196,c_cublas,3,0.07270,0.07270,0.07270,0.03591,1410,1
ag,2560,5120,512,gpu,196,c_fluxgemm,1,0.07987,0.07885,0.07987,0.03582,1410,1
ag,2560,5120,512,gpu,196,c_flux_ag,2,0.07629,0.07440,0.07629,0.03787,1410,1
ag,2560,5120,512,gpu,196,A_fused,0,0.13107,0.11981,0.13107,0.05970,1410,1
ag,2560,5120,512,gpu,197,c_cublas,1,0.07270,0.07270,0.07270,0.03458,1410,1
ag,2560,5120,512,gpu,197,c_fluxgemm,0,0.07987,0.07987,0.07987,0.03857,1410,1
ag,2560,5120,512,gpu,197,c_flux_ag,2,0.05552,0.05270,0.05270,0.05161,1410,1
ag,2560,5120,512,gpu,197,A_fused,3,0.14438,0.14234,0.14438,0.05669,1410,1
ag,2560,5120,512,gpu,198,c_cublas,2,0.07373,0.07373,0.07373,0.03525,1410,1
ag,2560,5120,512,gpu,198,c_fluxgemm,0,0.07987,0.07885,0.07885,0.03693,1410,1
ag,2560,5120,512,gpu,198,c_flux_ag,3,0.06410,0.06314,0.06314,0.05050,1410,1
ag,2560,5120,512,gpu,198,A_fused,1,0.11469,0.11469,0.11469,0.05655,1410,1
ag,2560,5120,512,gpu,199,c_cublas,3,0.07475,0.07475,0.07475,0.03549,1410,1
ag,2560,5120,512,gpu,199,c_fluxgemm,2,0.08090,0.07987,0.08090,0.03408,1410,1
ag,2560,5120,512,gpu,199,c_flux_ag,0,0.05421,0.05168,0.05168,0.03781,1410,1
ag,2560,5120,512,gpu,199,A_fused,1,0.15462,0.15053,0.15053,0.05546,1410,1
ag,2560,5120,512,steady,0,c_cublas,2,0.06867,0.06861,0.06867,0.01355,0,1
ag,2560,5120,512,steady,0,c_fluxgemm,3,0.07398,0.07334,0.07398,0.01899,0,1
ag,2560,5120,512,steady,0,c_flux_ag,0,0.06099,0.05064,0.05064,0.02826,0,1
ag,2560,5120,512,steady,0,A_fused,1,0.11181,0.11174,0.11174,0.03725,0,1
ag,2560,5120,512,steady,1,c_cublas,1,0.06880,0.06854,0.06880,0.01274,0,1
ag,2560,5120,512,steady,1,c_fluxgemm,2,0.07430,0.07360,0.07430,0.01862,0,1
ag,2560,5120,512,steady,1,c_flux_ag,3,0.05654,0.05649,0.05654,0.02814,0,1
ag,2560,5120,512,steady,1,A_fused,0,0.11885,0.11834,0.11834,0.03742,0,1
ag,2560,5120,512,steady,2,c_cublas,0,0.07059,0.07034,0.07059,0.01326,0,1
ag,2560,5120,512,steady,2,c_fluxgemm,2,0.07456,0.07373,0.07456,0.01892,0,1
ag,2560,5120,512,steady,2,c_flux_ag,3,0.05016,0.04994,0.04994,0.02736,0,1
ag,2560,5120,512,steady,2,A_fused,1,0.11232,0.11226,0.11232,0.03672,0,1
ag,2560,5120,512,steady,3,c_cublas,1,0.06874,0.06854,0.06874,0.01367,0,1
ag,2560,5120,512,steady,3,c_fluxgemm,3,0.07418,0.07334,0.07418,0.01865,0,1
ag,2560,5120,512,steady,3,c_flux_ag,2,0.05114,0.05081,0.05081,0.02743,0,1
ag,2560,5120,512,steady,3,A_fused,0,0.11757,0.11750,0.11750,0.03744,0,1
ag,2560,5120,512,steady,4,c_cublas,3,0.06880,0.06861,0.06880,0.01278,0,1
ag,2560,5120,512,steady,4,c_fluxgemm,2,0.07469,0.07366,0.07469,0.01844,0,1
ag,2560,5120,512,steady,4,c_flux_ag,1,0.05041,0.05014,0.05014,0.02701,0,1
ag,2560,5120,512,steady,4,A_fused,0,0.12000,0.12000,0.12000,0.03694,0,1
ag,2560,5120,512,steady,5,c_cublas,2,0.06867,0.06861,0.06867,0.01295,0,1
ag,2560,5120,512,steady,5,c_fluxgemm,3,0.07411,0.07315,0.07411,0.01870,0,1
ag,2560,5120,512,steady,5,c_flux_ag,1,0.05246,0.05225,0.05225,0.02785,0,1
ag,2560,5120,512,steady,5,A_fused,0,0.11584,0.11558,0.11558,0.03789,0,1
ag,2560,5120,512,steady,6,c_cublas,2,0.06874,0.06854,0.06874,0.01300,0,1
ag,2560,5120,512,steady,6,c_fluxgemm,3,0.07405,0.07334,0.07405,0.01922,0,1
ag,2560,5120,512,steady,6,c_flux_ag,1,0.05090,0.05038,0.05090,0.02801,0,1
ag,2560,5120,512,steady,6,A_fused,0,0.12192,0.12186,0.12192,0.03676,0,1
ag,2560,5120,512,steady,7,c_cublas,2,0.06874,0.06848,0.06874,0.01280,0,1
ag,2560,5120,512,steady,7,c_fluxgemm,0,0.07622,0.07424,0.07622,0.01858,0,1
ag,2560,5120,512,steady,7,c_flux_ag,1,0.04972,0.04950,0.04950,0.02748,0,1
ag,2560,5120,512,steady,7,A_fused,3,0.11539,0.11507,0.11539,0.03724,0,1
ag,2560,5120,512,steady,8,c_cublas,2,0.06874,0.06848,0.06874,0.01274,0,1
ag,2560,5120,512,steady,8,c_fluxgemm,3,0.07418,0.07322,0.07418,0.01886,0,1
ag,2560,5120,512,steady,8,c_flux_ag,1,0.05134,0.05116,0.05116,0.02766,0,1
ag,2560,5120,512,steady,8,A_fused,0,0.11488,0.11450,0.11450,0.03695,0,1
ag,2560,5120,512,steady,9,c_cublas,3,0.06880,0.06874,0.06880,0.01324,0,1
ag,2560,5120,512,steady,9,c_fluxgemm,0,0.07590,0.07405,0.07590,0.01861,0,1
ag,2560,5120,512,steady,9,c_flux_ag,1,0.05386,0.05361,0.05386,0.02756,0,1
ag,2560,5120,512,steady,9,A_fused,2,0.11405,0.11392,0.11392,0.03618,0,1
ag,2560,5120,512,steady,10,c_cublas,3,0.06880,0.06854,0.06880,0.01294,0,1
ag,2560,5120,512,steady,10,c_fluxgemm,0,0.07629,0.07565,0.07629,0.01900,0,1
ag,2560,5120,512,steady,10,c_flux_ag,2,0.05043,0.05026,0.05026,0.02767,0,1
ag,2560,5120,512,steady,10,A_fused,1,0.12006,0.12000,0.12000,0.03658,0,1
ag,2560,5120,512,steady,11,c_cublas,3,0.06880,0.06861,0.06880,0.01272,0,1
ag,2560,5120,512,steady,11,c_fluxgemm,0,0.07635,0.07552,0.07635,0.01887,0,1
ag,2560,5120,512,steady,11,c_flux_ag,1,0.05016,0.04984,0.05016,0.02758,0,1
ag,2560,5120,512,steady,11,A_fused,2,0.11648,0.11622,0.11648,0.03695,0,1
ag,2560,5120,512,steady,12,c_cublas,0,0.07021,0.06989,0.07021,0.01248,0,1
ag,2560,5120,512,steady,12,c_fluxgemm,3,0.07424,0.07315,0.07424,0.01897,0,1
ag,2560,5120,512,steady,12,c_flux_ag,2,0.05301,0.05292,0.05301,0.02706,0,1
ag,2560,5120,512,steady,12,A_fused,1,0.11789,0.11757,0.11757,0.03712,0,1
ag,2560,5120,512,steady,13,c_cublas,1,0.06886,0.06861,0.06886,0.01282,0,1
ag,2560,5120,512,steady,13,c_fluxgemm,3,0.07405,0.07334,0.07405,0.01865,0,1
ag,2560,5120,512,steady,13,c_flux_ag,2,0.05633,0.05631,0.05633,0.02814,0,1
ag,2560,5120,512,steady,13,A_fused,0,0.11424,0.11290,0.11290,0.03707,0,1
ag,2560,5120,512,steady,14,c_cublas,0,0.07046,0.06976,0.07046,0.01294,0,1
ag,2560,5120,512,steady,14,c_fluxgemm,1,0.07418,0.07334,0.07418,0.01857,0,1
ag,2560,5120,512,steady,14,c_flux_ag,2,0.05700,0.05638,0.05700,0.02910,0,1
ag,2560,5120,512,steady,14,A_fused,3,0.11398,0.11379,0.11398,0.03640,0,1
ag,2560,5120,512,steady,15,c_cublas,1,0.06867,0.06861,0.06867,0.01334,0,1
ag,2560,5120,512,steady,15,c_fluxgemm,0,0.07629,0.07514,0.07629,0.01857,0,1
ag,2560,5120,512,steady,15,c_flux_ag,3,0.05407,0.05392,0.05392,0.02751,0,1
ag,2560,5120,512,steady,15,A_fused,2,0.11546,0.11539,0.11539,0.03660,0,1
ag,2560,5120,512,steady,16,c_cublas,0,0.07034,0.07021,0.07034,0.01314,0,1
ag,2560,5120,512,steady,16,c_fluxgemm,2,0.07443,0.07373,0.07443,0.01907,0,1
ag,2560,5120,512,steady,16,c_flux_ag,3,0.05678,0.05637,0.05678,0.02760,0,1
ag,2560,5120,512,steady,16,A_fused,1,0.11168,0.11142,0.11168,0.03672,0,1
ag,2560,5120,512,steady,17,c_cublas,2,0.06880,0.06861,0.06880,0.01280,0,1
ag,2560,5120,512,steady,17,c_fluxgemm,0,0.07616,0.07462,0.07616,0.01881,0,1
ag,2560,5120,512,steady,17,c_flux_ag,3,0.05159,0.05146,0.05159,0.02831,0,1
ag,2560,5120,512,steady,17,A_fused,1,0.11238,0.11232,0.11238,0.03717,0,1
ag,2560,5120,512,steady,18,c_cublas,2,0.06867,0.06854,0.06867,0.01270,0,1
ag,2560,5120,512,steady,18,c_fluxgemm,0,0.07635,0.07507,0.07635,0.01891,0,1
ag,2560,5120,512,steady,18,c_flux_ag,1,0.05266,0.05256,0.05256,0.02786,0,1
ag,2560,5120,512,steady,18,A_fused,3,0.11302,0.11290,0.11290,0.03714,0,1
ag,2560,5120,512,steady,19,c_cublas,0,0.07072,0.07059,0.07072,0.01317,1410,1
ag,2560,5120,512,steady,19,c_fluxgemm,3,0.07411,0.07322,0.07411,0.01853,1410,1
ag,2560,5120,512,steady,19,c_flux_ag,2,0.05052,0.05021,0.05021,0.02763,1410,1
ag,2560,5120,512,steady,19,A_fused,1,0.11962,0.11949,0.11949,0.03665,1410,1
ag,2560,5120,512,steady,20,c_cublas,1,0.06867,0.06867,0.06867,0.01347,1410,1
ag,2560,5120,512,steady,20,c_fluxgemm,2,0.07475,0.07398,0.07475,0.01872,1410,1
ag,2560,5120,512,steady,20,c_flux_ag,0,0.05053,0.05008,0.05008,0.02786,1410,1
ag,2560,5120,512,steady,20,A_fused,3,0.11456,0.11424,0.11456,0.03699,1410,1
ag,2560,5120,512,steady,21,c_cublas,0,0.07059,0.07027,0.07059,0.01273,1410,1
ag,2560,5120,512,steady,21,c_fluxgemm,2,0.07469,0.07379,0.07469,0.01895,1410,1
ag,2560,5120,512,steady,21,c_flux_ag,1,0.04906,0.04871,0.04871,0.02828,1410,1
ag,2560,5120,512,steady,21,A_fused,3,0.11885,0.11872,0.11885,0.03693,1410,1
ag,2560,5120,512,steady,22,c_cublas,3,0.06886,0.06867,0.06886,0.01273,1410,1
ag,2560,5120,512,steady,22,c_fluxgemm,2,0.07469,0.07379,0.07469,0.01876,1410,1
ag,2560,5120,512,steady,22,c_flux_ag,0,0.04952,0.04925,0.04925,0.02759,1410,1
ag,2560,5120,512,steady,22,A_fused,1,0.11443,0.11437,0.11437,0.03694,1410,1
ag,2560,5120,512,steady,23,c_cublas,2,0.06880,0.06861,0.06880,0.03367,1410,1
ag,2560,5120,512,steady,23,c_fluxgemm,0,0.07648,0.07546,0.07648,0.01881,1410,1
ag,2560,5120,512,steady,23,c_flux_ag,1,0.05148,0.05138,0.05138,0.02791,1410,1
ag,2560,5120,512,steady,23,A_fused,3,0.12019,0.11994,0.12019,0.03737,1410,1
ag,2560,5120,512,steady,24,c_cublas,0,0.07053,0.07053,0.07053,0.01273,1410,1
ag,2560,5120,512,steady,24,c_fluxgemm,2,0.07462,0.07379,0.07462,0.01886,1410,1
ag,2560,5120,512,steady,24,c_flux_ag,1,0.04837,0.04831,0.04837,0.02776,1410,1
ag,2560,5120,512,steady,24,A_fused,3,0.11526,0.11488,0.11526,0.03669,1410,1
ag,2560,5120,512,steady,25,c_cublas,1,0.06874,0.06854,0.06874,0.01333,1410,1
ag,2560,5120,512,steady,25,c_fluxgemm,2,0.07437,0.07373,0.07437,0.01900,1410,1
ag,2560,5120,512,steady,25,c_flux_ag,3,0.05687,0.05665,0.05665,0.02749,1410,1
ag,2560,5120,512,steady,25,A_fused,0,0.11571,0.11443,0.11443,0.03687,1410,1
ag,2560,5120,512,steady,26,c_cublas,1,0.06867,0.06861,0.06867,0.01287,1410,1
ag,2560,5120,512,steady,26,c_fluxgemm,2,0.07475,0.07392,0.07475,0.01900,1410,1
ag,2560,5120,512,steady,26,c_flux_ag,0,0.05564,0.05507,0.05507,0.02718,1410,1
ag,2560,5120,512,steady,26,A_fused,3,0.11341,0.11315,0.11341,0.03705,1410,1
ag,2560,5120,512,steady,27,c_cublas,3,0.06867,0.06842,0.06842,0.01273,1410,1
ag,2560,5120,512,steady,27,c_fluxgemm,1,0.07398,0.07315,0.07398,0.01847,1410,1
ag,2560,5120,512,steady,27,c_flux_ag,2,0.05088,0.05067,0.05067,0.02825,1410,1
ag,2560,5120,512,steady,27,A_fused,0,0.11443,0.11437,0.11443,0.03706,1410,1
ag,2560,5120,512,steady,28,c_cublas,0,0.07002,0.07002,0.07002,0.01250,1410,1
ag,2560,5120,512,steady,28,c_fluxgemm,2,0.07462,0.07392,0.07462,0.01931,1410,1
ag,2560,5120,512,steady,28,c_flux_ag,1,0.05761,0.05754,0.05761,0.02759,1410,1
ag,2560,5120,512,steady,28,A_fused,3,0.11290,0.11277,0.11290,0.03699,1410,1
ag,2560,5120,512,steady,29,c_cublas,2,0.06861,0.06842,0.06842,0.01277,1410,1
ag,2560,5120,512,steady,29,c_fluxgemm,1,0.07386,0.07334,0.07386,0.01880,1410,1
ag,2560,5120,512,steady,29,c_flux_ag,0,0.05117,0.05068,0.05117,0.02854,1410,1
ag,2560,5120,512,steady,29,A_fused,3,0.11200,0.11200,0.11200,0.03714,1410,1
ag,2560,5120,512,steady,30,c_cublas,3,0.06861,0.06842,0.06842,0.01277,1410,1
ag,2560,5120,512,steady,30,c_fluxgemm,0,0.07616,0.07539,0.07616,0.01900,1410,1
ag,2560,5120,512,steady,30,c_flux_ag,2,0.05084,0.05052,0.05084,0.02760,1410,1
ag,2560,5120,512,steady,30,A_fused,1,0.12147,0.12141,0.12141,0.03637,1410,1
ag,2560,5120,512,steady,31,c_cublas,2,0.06861,0.06848,0.06848,0.01275,1410,1
ag,2560,5120,512,steady,31,c_fluxgemm,3,0.07398,0.07341,0.07398,0.01977,1410,1
ag,2560,5120,512,steady,31,c_flux_ag,1,0.05036,0.05007,0.05036,0.02794,1410,1
ag,2560,5120,512,steady,31,A_fused,0,0.11430,0.11392,0.11430,0.03673,1410,1
ag,2560,5120,512,steady,32,c_cublas,0,0.07034,0.06989,0.07034,0.01300,1410,1
ag,2560,5120,512,steady,32,c_fluxgemm,3,0.07398,0.07328,0.07398,0.01870,1410,1
ag,2560,5120,512,steady,32,c_flux_ag,1,0.05000,0.04984,0.04984,0.02823,1410,1
ag,2560,5120,512,steady,32,A_fused,2,0.12045,0.12038,0.12038,0.03667,1410,1
ag,2560,5120,512,steady,33,c_cublas,3,0.06867,0.06842,0.06842,0.01323,1410,1
ag,2560,5120,512,steady,33,c_fluxgemm,1,0.07379,0.07315,0.07379,0.01903,1410,1
ag,2560,5120,512,steady,33,c_flux_ag,2,0.05175,0.05145,0.05145,0.02764,1410,1
ag,2560,5120,512,steady,33,A_fused,0,0.11456,0.11437,0.11437,0.03704,1410,1
ag,2560,5120,512,steady,34,c_cublas,1,0.06861,0.06842,0.06842,0.01271,1410,1
ag,2560,5120,512,steady,34,c_fluxgemm,0,0.07603,0.07558,0.07603,0.01884,1410,1
ag,2560,5120,512,steady,34,c_flux_ag,2,0.05053,0.05019,0.05053,0.02818,1410,1
ag,2560,5120,512,steady,34,A_fused,3,0.12224,0.12198,0.12198,0.03729,1410,1
ag,2560,5120,512,steady,35,c_cublas,0,0.07040,0.07014,0.07014,0.01273,1410,1
ag,2560,5120,512,steady,35,c_fluxgemm,1,0.07405,0.07328,0.07405,0.01958,1410,1
ag,2560,5120,512,steady,35,c_flux_ag,2,0.05112,0.05084,0.05112,0.02751,1410,1
ag,2560,5120,512,steady,35,A_fused,3,0.11334,0.11302,0.11334,0.03668,1410,1
ag,2560,5120,512,steady,36,c_cublas,0,0.07072,0.07053,0.07053,0.01313,1410,1
ag,2560,5120,512,steady,36,c_fluxgemm,1,0.07398,0.07322,0.07398,0.01877,1410,1
ag,2560,5120,512,steady,36,c_flux_ag,3,0.05230,0.05213,0.05213,0.02790,1410,1
ag,2560,5120,512,steady,36,A_fused,2,0.11475,0.11462,0.11475,0.03728,1410,1
ag,2560,5120,512,steady,37,c_cublas,0,0.07027,0.07027,0.07027,0.01274,1410,1
ag,2560,5120,512,steady,37,c_fluxgemm,2,0.07411,0.07379,0.07411,0.01836,1410,1
ag,2560,5120,512,steady,37,c_flux_ag,3,0.05070,0.05058,0.05058,0.02821,1410,1
ag,2560,5120,512,steady,37,A_fused,1,0.11635,0.11590,0.11635,0.03707,1410,1
ag,2560,5120,512,steady,38,c_cublas,3,0.06867,0.06848,0.06848,0.01281,1410,1
ag,2560,5120,512,steady,38,c_fluxgemm,2,0.07450,0.07366,0.07450,0.01897,1410,1
ag,2560,5120,512,steady,38,c_flux_ag,1,0.05043,0.05020,0.05020,0.02710,1410,1
ag,2560,5120,512,steady,38,A_fused,0,0.11258,0.11258,0.11258,0.03722,1410,1
ag,2560,5120,512,steady,39,c_cublas,3,0.06867,0.06842,0.06842,0.01264,1410,1
ag,2560,5120,512,steady,39,c_fluxgemm,1,0.07392,0.07328,0.07392,0.01877,1410,1
ag,2560,5120,512,steady,39,c_flux_ag,0,0.05815,0.05542,0.05815,0.02819,1410,1
ag,2560,5120,512,steady,39,A_fused,2,0.11834,0.11808,0.11834,0.03692,1410,1
ag,2560,5120,512,steady,40,c_cublas,1,0.06886,0.06854,0.06886,0.01320,1410,1
ag,2560,5120,512,steady,40,c_fluxgemm,3,0.07450,0.07322,0.07450,0.01885,1410,1
ag,2560,5120,512,steady,40,c_flux_ag,0,0.05116,0.05099,0.05116,0.02757,1410,1
ag,2560,5120,512,steady,40,A_fused,2,0.11226,0.11168,0.11226,0.03641,1410,1
ag,2560,5120,512,steady,41,c_cublas,3,0.06912,0.06874,0.06912,0.01272,1410,1
ag,2560,5120,512,steady,41,c_fluxgemm,1,0.07456,0.07341,0.07456,0.01848,1410,1
ag,2560,5120,512,steady,41,c_flux_ag,0,0.04985,0.04982,0.04982,0.02779,1410,1
ag,2560,5120,512,steady,41,A_fused,2,0.12678,0.12672,0.12672,0.03701,1410,1
ag,2560,5120,512,steady,42,c_cublas,2,0.06899,0.06854,0.06899,0.01273,1410,1
ag,2560,5120,512,steady,42,c_fluxgemm,3,0.07456,0.07328,0.07456,0.01876,1410,1
ag,2560,5120,512,steady,42,c_flux_ag,1,0.05091,0.05088,0.05088,0.02796,1410,1
ag,2560,5120,512,steady,42,A_fused,0,0.11584,0.11565,0.11565,0.03662,1410,1
ag,2560,5120,512,steady,43,c_cublas,0,0.07078,0.06925,0.07078,0.01922,1410,1
ag,2560,5120,512,steady,43,c_fluxgemm,3,0.07462,0.07328,0.07462,0.01906,1410,1
ag,2560,5120,512,steady,43,c_flux_ag,1,0.04865,0.04841,0.04865,0.02839,1410,1
ag,2560,5120,512,steady,43,A_fused,2,0.11923,0.11898,0.11923,0.03628,1410,1
ag,2560,5120,512,steady,44,c_cublas,3,0.06912,0.06867,0.06912,0.01275,1410,1
ag,2560,5120,512,steady,44,c_fluxgemm,2,0.07514,0.07379,0.07514,0.01855,1410,1
ag,2560,5120,512,steady,44,c_flux_ag,1,0.05056,0.05027,0.05056,0.02713,1410,1
ag,2560,5120,512,steady,44,A_fused,0,0.11661,0.11648,0.11648,0.03684,1410,1
ag,2560,5120,512,steady,45,c_cublas,1,0.06861,0.06854,0.06854,0.01331,1410,1
ag,2560,5120,512,steady,45,c_fluxgemm,3,0.07405,0.07341,0.07405,0.01912,1410,1
ag,2560,5120,512,steady,45,c_flux_ag,2,0.05621,0.05599,0.05599,0.02787,1410,1
ag,2560,5120,512,steady,45,A_fused,0,0.11616,0.11520,0.11520,0.03699,1410,1
ag,2560,5120,512,steady,46,c_cublas,0,0.07014,0.06970,0.07014,0.01293,1410,1
ag,2560,5120,512,steady,46,c_fluxgemm,3,0.07386,0.07334,0.07386,0.01900,1410,1
ag,2560,5120,512,steady,46,c_flux_ag,2,0.05071,0.05045,0.05045,0.02762,1410,1
ag,2560,5120,512,steady,46,A_fused,1,0.11802,0.11802,0.11802,0.03681,1410,1
ag,2560,5120,512,steady,47,c_cublas,0,0.07014,0.06963,0.07014,0.01342,1410,1
ag,2560,5120,512,steady,47,c_fluxgemm,1,0.07392,0.07315,0.07392,0.01871,1410,1
ag,2560,5120,512,steady,47,c_flux_ag,3,0.05141,0.05111,0.05141,0.02767,1410,1
ag,2560,5120,512,steady,47,A_fused,2,0.11834,0.11827,0.11827,0.03715,1410,1
ag,2560,5120,512,steady,48,c_cublas,1,0.06861,0.06842,0.06842,0.01341,1410,1
ag,2560,5120,512,steady,48,c_fluxgemm,2,0.07443,0.07373,0.07443,0.01934,1410,1
ag,2560,5120,512,steady,48,c_flux_ag,0,0.05096,0.04963,0.04963,0.02736,1410,1
ag,2560,5120,512,steady,48,A_fused,3,0.11750,0.11738,0.11750,0.03651,1410,1
ag,2560,5120,512,steady,49,c_cublas,1,0.06874,0.06848,0.06848,0.01277,1410,1
ag,2560,5120,512,steady,49,c_fluxgemm,0,0.07590,0.07520,0.07590,0.01863,1410,1
ag,2560,5120,512,steady,49,c_flux_ag,2,0.05067,0.05047,0.05047,0.02747,1410,1
ag,2560,5120,512,steady,49,A_fused,3,0.11834,0.11834,0.11834,0.03671,1410,1
ag,2560,5120,2048,gpu,0,c_cublas,1,0.25805,0.25702,0.25805,0.03984,0,1
ag,2560,5120,2048,gpu,0,c_fluxgemm,3,0.22221,0.22221,0.22221,0.04082,0,1
ag,2560,5120,2048,gpu,0,c_flux_ag,2,0.09261,0.09158,0.09158,0.04323,0,1
ag,2560,5120,2048,gpu,0,A_fused,0,0.37478,0.28160,0.37478,0.07728,0,1
ag,2560,5120,2048,gpu,1,c_cublas,3,0.25805,0.25702,0.25702,0.03728,0,1
ag,2560,5120,2048,gpu,1,c_fluxgemm,2,0.22221,0.22118,0.22221,0.03594,0,1
ag,2560,5120,2048,gpu,1,c_flux_ag,1,0.12595,0.12528,0.12595,0.04485,0,1
ag,2560,5120,2048,gpu,1,A_fused,0,0.25702,0.25395,0.25702,0.06265,0,1
ag,2560,5120,2048,gpu,2,c_cublas,3,0.25805,0.25805,0.25805,0.04351,0,1
ag,2560,5120,2048,gpu,2,c_fluxgemm,0,0.22118,0.22016,0.22118,0.03706,0,1
ag,2560,5120,2048,gpu,2,c_flux_ag,1,0.12342,0.12128,0.12342,0.04069,0,1
ag,2560,5120,2048,gpu,2,A_fused,2,0.25600,0.25395,0.25600,0.05592,0,1
ag,2560,5120,2048,gpu,3,c_cublas,1,0.25805,0.25702,0.25805,0.03551,0,1
ag,2560,5120,2048,gpu,3,c_fluxgemm,0,0.22118,0.22016,0.22118,0.03779,0,1
ag,2560,5120,2048,gpu,3,c_flux_ag,3,0.10586,0.10486,0.10486,0.03639,0,1
ag,2560,5120,2048,gpu,3,A_fused,2,0.25907,0.25702,0.25907,0.06289,0,1
ag,2560,5120,2048,gpu,4,c_cublas,3,0.25907,0.25805,0.25907,0.03660,0,1
ag,2560,5120,2048,gpu,4,c_fluxgemm,1,0.22221,0.22221,0.22221,0.03352,0,1
ag,2560,5120,2048,gpu,4,c_flux_ag,2,0.09078,0.08992,0.08992,0.03780,0,1
ag,2560,5120,2048,gpu,4,A_fused,0,0.25600,0.25395,0.25600,0.05938,0,1
ag,2560,5120,2048,gpu,5,c_cublas,1,0.25805,0.25702,0.25702,0.03450,0,1
ag,2560,5120,2048,gpu,5,c_fluxgemm,2,0.22221,0.22016,0.22221,0.03953,0,1
ag,2560,5120,2048,gpu,5,c_flux_ag,3,0.09318,0.08755,0.09318,0.04644,0,1
ag,2560,5120,2048,gpu,5,A_fused,0,0.25702,0.25395,0.25702,0.06072,0,1
ag,2560,5120,2048,gpu,6,c_cublas,3,0.25805,0.25805,0.25805,0.03661,0,1
ag,2560,5120,2048,gpu,6,c_fluxgemm,1,0.22221,0.22016,0.22221,0.03347,0,1
ag,2560,5120,2048,gpu,6,c_flux_ag,2,0.09197,0.08707,0.09197,0.03714,0,1
ag,2560,5120,2048,gpu,6,A_fused,0,0.27443,0.26214,0.26214,0.05687,0,1
ag,2560,5120,2048,gpu,7,c_cublas,0,0.28877,0.25805,0.25805,0.03676,0,1
ag,2560,5120,2048,gpu,7,c_fluxgemm,2,0.22118,0.22118,0.22118,0.03670,0,1
ag,2560,5120,2048,gpu,7,c_flux_ag,1,0.11946,0.11866,0.11946,0.04593,0,1
ag,2560,5120,2048,gpu,7,A_fused,3,0.25702,0.25600,0.25702,0.05695,0,1
ag,2560,5120,2048,gpu,8,c_cublas,1,0.25907,0.25805,0.25805,0.03564,0,1
ag,2560,5120,2048,gpu,8,c_fluxgemm,2,0.22221,0.22016,0.22221,0.03602,0,1
ag,2560,5120,2048,gpu,8,c_flux_ag,3,0.10781,0.10554,0.10781,0.03892,0,1
ag,2560,5120,2048,gpu,8,A_fused,0,0.27443,0.25498,0.27443,0.05642,0,1
ag,2560,5120,2048,gpu,9,c_cublas,3,0.25805,0.25702,0.25702,0.03645,0,1
ag,2560,5120,2048,gpu,9,c_fluxgemm,2,0.22221,0.22221,0.22221,0.03658,0,1
ag,2560,5120,2048,gpu,9,c_flux_ag,0,0.10368,0.10291,0.10368,0.03898,0,1
ag,2560,5120,2048,gpu,9,A_fused,1,0.25702,0.25498,0.25702,0.05510,0,1
ag,2560,5120,2048,gpu,10,c_cublas,1,0.25805,0.25702,0.25805,0.03619,0,1
ag,2560,5120,2048,gpu,10,c_fluxgemm,3,0.22118,0.21914,0.22118,0.03314,0,1
ag,2560,5120,2048,gpu,10,c_flux_ag,0,0.08819,0.08765,0.08819,0.04342,0,1
ag,2560,5120,2048,gpu,10,A_fused,2,0.26624,0.26522,0.26624,0.06014,0,1
ag,2560,5120,2048,gpu,11,c_cublas,0,0.25907,0.25805,0.25907,0.03557,0,1
ag,2560,5120,2048,gpu,11,c_fluxgemm,3,0.22221,0.22016,0.22221,0.03599,0,1
ag,2560,5120,2048,gpu,11,c_flux_ag,1,0.10749,0.10669,0.10669,0.04080,0,1
ag,2560,5120,2048,gpu,11,A_fused,2,0.25702,0.25498,0.25702,0.05665,0,1
ag,2560,5120,2048,gpu,12,c_cublas,1,0.26010,0.25907,0.26010,0.03585,0,1
ag,2560,5120,2048,gpu,12,c_fluxgemm,0,0.22118,0.21914,0.22118,0.03201,0,1
ag,2560,5120,2048,gpu,12,c_flux_ag,2,0.11888,0.11718,0.11888,0.04007,0,1
ag,2560,5120,2048,gpu,12,A_fused,3,0.25805,0.25600,0.25805,0.05772,0,1
ag,2560,5120,2048,gpu,13,c_cublas,1,0.25907,0.25907,0.25907,0.03647,0,1
ag,2560,5120,2048,gpu,13,c_fluxgemm,3,0.22221,0.22016,0.22221,0.03307,0,1
ag,2560,5120,2048,gpu,13,c_flux_ag,0,0.10627,0.10490,0.10627,0.03807,0,1
ag,2560,5120,2048,gpu,13,A_fused,2,0.25600,0.25498,0.25600,0.05913,0,1
ag,2560,5120,2048,gpu,14,c_cublas,2,0.25907,0.25805,0.25805,0.03603,0,1
ag,2560,5120,2048,gpu,14,c_fluxgemm,1,0.22118,0.22016,0.22118,0.03171,0,1
ag,2560,5120,2048,gpu,14,c_flux_ag,3,0.09094,0.08912,0.08912,0.04053,0,1
ag,2560,5120,2048,gpu,14,A_fused,0,0.25600,0.25600,0.25600,0.05807,0,1
ag,2560,5120,2048,gpu,15,c_cublas,0,0.25805,0.25702,0.25702,0.03581,1410,1
ag,2560,5120,2048,gpu,15,c_fluxgemm,3,0.22221,0.22118,0.22221,0.04322,1410,1
ag,2560,5120,2048,gpu,15,c_flux_ag,2,0.09837,0.09738,0.09738,0.03523,1410,1
ag,2560,5120,2048,gpu,15,A_fused,1,0.26419,0.26317,0.26317,0.06158,1410,1
ag,2560,5120,2048,gpu,16,c_cublas,3,0.25907,0.25805,0.25805,0.03554,1410,1
ag,2560,5120,2048,gpu,16,c_fluxgemm,1,0.22118,0.22016,0.22118,0.03540,1410,1
ag,2560,5120,2048,gpu,16,c_flux_ag,0,0.10326,0.10240,0.10240,0.04209,1410,1
ag,2560,5120,2048,gpu,16,A_fused,2,0.25702,0.25600,0.25702,0.05522,1410,1
ag,2560,5120,2048,gpu,17,c_cublas,2,0.26010,0.25907,0.25907,0.03643,1410,1
ag,2560,5120,2048,gpu,17,c_fluxgemm,0,0.22323,0.22118,0.22323,0.03729,1410,1
ag,2560,5120,2048,gpu,17,c_flux_ag,1,0.16195,0.15904,0.16195,0.03984,1410,1
ag,2560,5120,2048,gpu,17,A_fused,3,0.25600,0.25498,0.25600,0.05842,1410,1
ag,2560,5120,2048,gpu,18,c_cublas,0,0.25805,0.25805,0.25805,0.03540,1410,1
ag,2560,5120,2048,gpu,18,c_fluxgemm,3,0.22118,0.22016,0.22118,0.03414,1410,1
ag,2560,5120,2048,gpu,18,c_flux_ag,1,0.10365,0.10298,0.10365,0.04102,1410,1
ag,2560,5120,2048,gpu,18,A_fused,2,0.25805,0.25600,0.25805,0.05390,1410,1
ag,2560,5120,2048,gpu,19,c_cublas,2,0.25805,0.25805,0.25805,0.03618,1410,1
ag,2560,5120,2048,gpu,19,c_fluxgemm,1,0.22118,0.22118,0.22118,0.03501,1410,1
ag,2560,5120,2048,gpu,19,c_flux_ag,0,0.10266,0.10224,0.10224,0.03892,1410,1
ag,2560,5120,2048,gpu,19,A_fused,3,0.25805,0.25395,0.25805,0.05963,1410,1
ag,2560,5120,2048,gpu,20,c_cublas,2,0.25805,0.25702,0.25702,0.03701,1410,1
ag,2560,5120,2048,gpu,20,c_fluxgemm,0,0.22323,0.22118,0.22323,0.03620,1410,1
ag,2560,5120,2048,gpu,20,c_flux_ag,1,0.12576,0.12458,0.12576,0.03960,1410,1
ag,2560,5120,2048,gpu,20,A_fused,3,0.25702,0.25498,0.25702,0.06091,1410,1
ag,2560,5120,2048,gpu,21,c_cublas,1,0.25907,0.25907,0.25907,0.03612,1410,1
ag,2560,5120,2048,gpu,21,c_fluxgemm,2,0.22426,0.22221,0.22426,0.04398,1410,1
ag,2560,5120,2048,gpu,21,c_flux_ag,0,0.09907,0.09366,0.09907,0.03765,1410,1
ag,2560,5120,2048,gpu,21,A_fused,3,0.25600,0.25395,0.25600,0.05686,1410,1
ag,2560,5120,2048,gpu,22,c_cublas,1,0.25805,0.25805,0.25805,0.03992,1410,1
ag,2560,5120,2048,gpu,22,c_fluxgemm,2,0.22221,0.22118,0.22221,0.03683,1410,1
ag,2560,5120,2048,gpu,22,c_flux_ag,0,0.11562,0.11536,0.11536,0.03861,1410,1
ag,2560,5120,2048,gpu,22,A_fused,3,0.25702,0.25395,0.25702,0.05645,1410,1
ag,2560,5120,2048,gpu,23,c_cublas,0,0.28877,0.25805,0.28877,0.03744,1410,1
ag,2560,5120,2048,gpu,23,c_fluxgemm,3,0.22221,0.22016,0.22221,0.03478,1410,1
ag,2560,5120,2048,gpu,23,c_flux_ag,2,0.10435,0.10426,0.10435,0.03614,1410,1
ag,2560,5120,2048,gpu,23,A_fused,1,0.25702,0.25600,0.25702,0.06086,1410,1
ag,2560,5120,2048,gpu,24,c_cublas,3,0.25907,0.25907,0.25907,0.03586,1410,1
ag,2560,5120,2048,gpu,24,c_fluxgemm,0,0.22323,0.22221,0.22323,0.03451,1410,1
ag,2560,5120,2048,gpu,24,c_flux_ag,1,0.09306,0.08970,0.09306,0.04136,1410,1
ag,2560,5120,2048,gpu,24,A_fused,2,0.25600,0.25395,0.25600,0.08505,1410,1
ag,2560,5120,2048,gpu,25,c_cublas,3,0.25805,0.25702,0.25805,0.03630,1410,1
ag,2560,5120,2048,gpu,25,c_fluxgemm,0,0.22221,0.22118,0.22221,0.03828,1410,1
ag,2560,5120,2048,gpu,25,c_flux_ag,2,0.08979,0.08605,0.08605,0.03513,1410,1
ag,2560,5120,2048,gpu,25,A_fused,1,0.26522,0.26112,0.26522,0.05769,1410,1
ag,2560,5120,2048,gpu,26,c_cublas,1,0.25805,0.25805,0.25805,0.03502,1410,1
ag,2560,5120,2048,gpu,26,c_fluxgemm,3,0.22221,0.22016,0.22221,0.03540,1410,1
ag,2560,5120,2048,gpu,26,c_flux_ag,2,0.11613,0.11434,0.11613,0.04133,1410,1
ag,2560,5120,2048,gpu,26,A_fused,0,0.25600,0.25498,0.25600,0.06168,1410,1
ag,2560,5120,2048,gpu,27,c_cublas,0,0.25805,0.25805,0.25805,0.03595,1410,1
ag,2560,5120,2048,gpu,27,c_fluxgemm,1,0.22323,0.22221,0.22323,0.03592,1410,1
ag,2560,5120,2048,gpu,27,c_flux_ag,2,0.10518,0.10288,0.10518,0.04835,1410,1
ag,2560,5120,2048,gpu,27,A_fused,3,0.25498,0.25293,0.25498,0.05562,1410,1
ag,2560,5120,2048,gpu,28,c_cublas,3,0.25907,0.25907,0.25907,0.03615,1410,1
ag,2560,5120,2048,gpu,28,c_fluxgemm,2,0.22221,0.22118,0.22221,0.03431,1410,1
ag,2560,5120,2048,gpu,28,c_flux_ag,1,0.10534,0.10307,0.10534,0.03518,1410,1
ag,2560,5120,2048,gpu,28,A_fused,0,0.25907,0.25702,0.25907,0.05854,1410,1
ag,2560,5120,2048,gpu,29,c_cublas,3,0.25702,0.25702,0.25702,0.03591,1410,1
ag,2560,5120,2048,gpu,29,c_fluxgemm,0,0.22323,0.22118,0.22323,0.03700,1410,1
ag,2560,5120,2048,gpu,29,c_flux_ag,2,0.10019,0.09840,0.10019,0.03606,1410,1
ag,2560,5120,2048,gpu,29,A_fused,1,0.25702,0.25600,0.25702,0.05779,1410,1
ag,2560,5120,2048,gpu,30,c_cublas,0,0.25805,0.25702,0.25805,0.03285,1410,1
ag,2560,5120,2048,gpu,30,c_fluxgemm,1,0.22221,0.22118,0.22221,0.03698,1410,1
ag,2560,5120,2048,gpu,30,c_flux_ag,2,0.12253,0.12118,0.12118,0.04036,1410,1
ag,2560,5120,2048,gpu,30,A_fused,3,0.25702,0.25293,0.25702,0.05623,1410,1
ag,2560,5120,2048,gpu,31,c_cublas,1,0.25805,0.25702,0.25805,0.03537,1410,1
ag,2560,5120,2048,gpu,31,c_fluxgemm,2,0.22221,0.22221,0.22221,0.03674,1410,1
ag,2560,5120,2048,gpu,31,c_flux_ag,3,0.11328,0.11056,0.11328,0.04019,1410,1
ag,2560,5120,2048,gpu,31,A_fused,0,0.25702,0.25498,0.25702,0.05689,1410,1
ag,2560,5120,2048,gpu,32,c_cublas,1,0.25805,0.25702,0.25805,0.03617,1410,1
ag,2560,5120,2048,gpu,32,c_fluxgemm,3,0.22323,0.22221,0.22323,0.03609,1410,1
ag,2560,5120,2048,gpu,32,c_flux_ag,2,0.11763,0.11651,0.11763,0.04595,1410,1
ag,2560,5120,2048,gpu,32,A_fused,0,0.25600,0.25498,0.25600,0.05763,1410,1
ag,2560,5120,2048,gpu,33,c_cublas,1,0.25805,0.25805,0.25805,0.03567,1410,1
ag,2560,5120,2048,gpu,33,c_fluxgemm,0,0.22221,0.22221,0.22221,0.03358,1410,1
ag,2560,5120,2048,gpu,33,c_flux_ag,2,0.10858,0.10778,0.10858,0.04077,1410,1
ag,2560,5120,2048,gpu,33,A_fused,3,0.25702,0.25395,0.25702,0.05524,1410,1
ag,2560,5120,2048,gpu,34,c_cublas,2,0.25805,0.25702,0.25805,0.03649,1410,1
ag,2560,5120,2048,gpu,34,c_fluxgemm,3,0.22221,0.22118,0.22221,0.03652,1410,1
ag,2560,5120,2048,gpu,34,c_flux_ag,1,0.09030,0.08698,0.09030,0.03543,1410,1
ag,2560,5120,2048,gpu,34,A_fused,0,0.25600,0.25395,0.25600,0.05573,1410,1
ag,2560,5120,2048,gpu,35,c_cublas,1,0.25907,0.25805,0.25805,0.03544,1410,1
ag,2560,5120,2048,gpu,35,c_fluxgemm,0,0.22221,0.22016,0.22221,0.03326,1410,1
ag,2560,5120,2048,gpu,35,c_flux_ag,3,0.10278,0.10205,0.10205,0.03563,1410,1
ag,2560,5120,2048,gpu,35,A_fused,2,0.26419,0.26112,0.26419,0.06004,1410,1
ag,2560,5120,2048,gpu,36,c_cublas,1,0.25805,0.25805,0.25805,0.04594,1410,1
ag,2560,5120,2048,gpu,36,c_fluxgemm,2,0.22323,0.22118,0.22323,0.03652,1410,1
ag,2560,5120,2048,gpu,36,c_flux_ag,0,0.10618,0.10106,0.10106,0.03840,1410,1
ag,2560,5120,2048,gpu,36,A_fused,3,0.26010,0.25498,0.26010,0.05654,1410,1
ag,2560,5120,2048,gpu,37,c_cublas,3,0.25805,0.25702,0.25702,0.03618,1410,1
ag,2560,5120,2048,gpu,37,c_fluxgemm,1,0.22118,0.22118,0.22118,0.03291,1410,1
ag,2560,5120,2048,gpu,37,c_flux_ag,2,0.10797,0.10480,0.10797,0.03791,1410,1
ag,2560,5120,2048,gpu,37,A_fused,0,0.25805,0.25498,0.25805,0.05971,1410,1
ag,2560,5120,2048,gpu,38,c_cublas,1,0.25805,0.25805,0.25805,0.03502,1410,1
ag,2560,5120,2048,gpu,38,c_fluxgemm,2,0.22118,0.22118,0.22118,0.03670,1410,1
ag,2560,5120,2048,gpu,38,c_flux_ag,0,0.09306,0.08867,0.08867,0.04049,1410,1
ag,2560,5120,2048,gpu,38,A_fused,3,0.25600,0.25498,0.25600,0.05723,1410,1
ag,2560,5120,2048,gpu,39,c_cublas,3,0.25805,0.25805,0.25805,0.03547,1410,1
ag,2560,5120,2048,gpu,39,c_fluxgemm,0,0.22221,0.22016,0.22221,0.03469,1410,1
ag,2560,5120,2048,gpu,39,c_flux_ag,1,0.10150,0.10109,0.10150,0.04432,1410,1
ag,2560,5120,2048,gpu,39,A_fused,2,0.25600,0.25395,0.25600,0.05417,1410,1
ag,2560,5120,2048,gpu,40,c_cublas,2,0.25907,0.25907,0.25907,0.03602,1410,1
ag,2560,5120,2048,gpu,40,c_fluxgemm,3,0.22323,0.22221,0.22323,0.03661,1410,1
ag,2560,5120,2048,gpu,40,c_flux_ag,1,0.09286,0.09171,0.09286,0.03647,1410,1
ag,2560,5120,2048,gpu,40,A_fused,0,0.25805,0.25600,0.25805,0.05981,1410,1
ag,2560,5120,2048,gpu,41,c_cublas,0,0.25805,0.25702,0.25702,0.03515,1410,1
ag,2560,5120,2048,gpu,41,c_fluxgemm,3,0.22118,0.22016,0.22118,0.03331,1410,1
ag,2560,5120,2048,gpu,41,c_flux_ag,1,0.12368,0.12227,0.12227,0.04067,1410,1
ag,2560,5120,2048,gpu,41,A_fused,2,0.25600,0.25498,0.25600,0.05958,1410,1
ag,2560,5120,2048,gpu,42,c_cublas,0,0.25805,0.25805,0.25805,0.03585,1410,1
ag,2560,5120,2048,gpu,42,c_fluxgemm,2,0.22221,0.22016,0.22221,0.03628,1410,1
ag,2560,5120,2048,gpu,42,c_flux_ag,1,0.10371,0.10189,0.10371,0.04178,1410,1
ag,2560,5120,2048,gpu,42,A_fused,3,0.25600,0.25395,0.25600,0.05576,1410,1
ag,2560,5120,2048,gpu,43,c_cublas,3,0.25805,0.25805,0.25805,0.03640,1410,1
ag,2560,5120,2048,gpu,43,c_fluxgemm,1,0.22323,0.22118,0.22323,0.03315,1410,1
ag,2560,5120,2048,gpu,43,c_flux_ag,2,0.10426,0.10166,0.10426,0.03776,1410,1
ag,2560,5120,2048,gpu,43,A_fused,0,0.25805,0.25600,0.25805,0.05954,1410,1
ag,2560,5120,2048,gpu,44,c_cublas,1,0.25907,0.25907,0.25907,0.03519,1410,1
ag,2560,5120,2048,gpu,44,c_fluxgemm,0,0.22323,0.22118,0.22323,0.03678,1410,1
ag,2560,5120,2048,gpu,44,c_flux_ag,3,0.10477,0.10320,0.10477,0.03539,1410,1
ag,2560,5120,2048,gpu,44,A_fused,2,0.25805,0.25498,0.25805,0.05928,1410,1
ag,2560,5120,2048,gpu,45,c_cublas,1,0.25805,0.25805,0.25805,0.03610,1410,1
ag,2560,5120,2048,gpu,45,c_fluxgemm,0,0.22323,0.22118,0.22323,0.03766,1410,1
ag,2560,5120,2048,gpu,45,c_flux_ag,2,0.09146,0.08518,0.08518,0.04111,1410,1
ag,2560,5120,2048,gpu,45,A_fused,3,0.25702,0.25395,0.25702,0.05480,1410,1
ag,2560,5120,2048,gpu,46,c_cublas,0,0.25805,0.25805,0.25805,0.03575,1410,1
ag,2560,5120,2048,gpu,46,c_fluxgemm,1,0.22323,0.22118,0.22323,0.03821,1410,1
ag,2560,5120,2048,gpu,46,c_flux_ag,2,0.12899,0.12813,0.12899,0.03969,1410,1
ag,2560,5120,2048,gpu,46,A_fused,3,0.25600,0.25293,0.25600,0.05471,1410,1
ag,2560,5120,2048,gpu,47,c_cublas,3,0.25805,0.25702,0.25702,0.03580,1410,1
ag,2560,5120,2048,gpu,47,c_fluxgemm,2,0.22118,0.22016,0.22118,0.04193,1410,1
ag,2560,5120,2048,gpu,47,c_flux_ag,0,0.10502,0.10480,0.10480,0.03850,1410,1
ag,2560,5120,2048,gpu,47,A_fused,1,0.25702,0.25395,0.25702,0.05366,1410,1
ag,2560,5120,2048,gpu,48,c_cublas,2,0.25805,0.25805,0.25805,0.03588,1410,1
ag,2560,5120,2048,gpu,48,c_fluxgemm,1,0.22118,0.22016,0.22118,0.03623,1410,1
ag,2560,5120,2048,gpu,48,c_flux_ag,0,0.10355,0.10214,0.10355,0.04090,1410,1
ag,2560,5120,2048,gpu,48,A_fused,3,0.25702,0.25498,0.25702,0.05924,1410,1
ag,2560,5120,2048,gpu,49,c_cublas,2,0.25907,0.25907,0.25907,0.03602,1410,1
ag,2560,5120,2048,gpu,49,c_fluxgemm,0,0.22221,0.22118,0.22221,0.03509,1410,1
ag,2560,5120,2048,gpu,49,c_flux_ag,1,0.10144,0.09987,0.10144,0.03924,1410,1
ag,2560,5120,2048,gpu,49,A_fused,3,0.25600,0.25395,0.25600,0.05847,1410,1
ag,2560,5120,2048,gpu,50,c_cublas,3,0.25805,0.25702,0.25805,0.03570,1410,1
ag,2560,5120,2048,gpu,50,c_fluxgemm,0,0.22118,0.22016,0.22118,0.03672,1410,1
ag,2560,5120,2048,gpu,50,c_flux_ag,1,0.09245,0.08749,0.09245,0.04009,1410,1
ag,2560,5120,2048,gpu,50,A_fused,2,0.25805,0.25395,0.25805,0.05469,1410,1
ag,2560,5120,2048,gpu,51,c_cublas,1,0.25907,0.25805,0.25805,0.03477,1410,1
ag,2560,5120,2048,gpu,51,c_fluxgemm,0,0.22118,0.22016,0.22118,0.03666,1410,1
ag,2560,5120,2048,gpu,51,c_flux_ag,3,0.10189,0.10093,0.10189,0.03609,1410,1
ag,2560,5120,2048,gpu,51,A_fused,2,0.27853,0.27648,0.27853,0.06004,1410,1
ag,2560,5120,2048,gpu,52,c_cublas,1,0.25907,0.25805,0.25907,0.03584,1410,1
ag,2560,5120,2048,gpu,52,c_fluxgemm,0,0.22323,0.22118,0.22323,0.03599,1410,1
ag,2560,5120,2048,gpu,52,c_flux_ag,3,0.10509,0.10426,0.10509,0.03792,1410,1
ag,2560,5120,2048,gpu,52,A_fused,2,0.25907,0.25600,0.25907,0.06030,1410,1
ag,2560,5120,2048,gpu,53,c_cublas,2,0.25907,0.25805,0.25805,0.03610,1410,1
ag,2560,5120,2048,gpu,53,c_fluxgemm,3,0.22221,0.22118,0.22221,0.03626,1410,1
ag,2560,5120,2048,gpu,53,c_flux_ag,0,0.10173,0.10099,0.10173,0.03604,1410,1
ag,2560,5120,2048,gpu,53,A_fused,1,0.25498,0.25293,0.25498,0.05369,1410,1
ag,2560,5120,2048,gpu,54,c_cublas,1,0.25805,0.25805,0.25805,0.03657,1410,1
ag,2560,5120,2048,gpu,54,c_fluxgemm,3,0.22118,0.22016,0.22118,0.03364,1410,1
ag,2560,5120,2048,gpu,54,c_flux_ag,0,0.10605,0.10509,0.10605,0.04152,1410,1
ag,2560,5120,2048,gpu,54,A_fused,2,0.25600,0.25395,0.25600,0.05867,1410,1
ag,2560,5120,2048,gpu,55,c_cublas,3,0.25702,0.25702,0.25702,0.03604,1410,1
ag,2560,5120,2048,gpu,55,c_fluxgemm,0,0.22118,0.22016,0.22118,0.03338,1410,1
ag,2560,5120,2048,gpu,55,c_flux_ag,2,0.08950,0.08582,0.08950,0.03502,1410,1
ag,2560,5120,2048,gpu,55,A_fused,1,0.27341,0.25600,0.25600,0.05728,1410,1
ag,2560,5120,2048,gpu,56,c_cublas,3,0.26010,0.25907,0.25907,0.03584,1410,1
ag,2560,5120,2048,gpu,56,c_fluxgemm,0,0.22323,0.22221,0.22323,0.03713,1410,1
ag,2560,5120,2048,gpu,56,c_flux_ag,1,0.16512,0.16506,0.16506,0.03971,1410,1
ag,2560,5120,2048,gpu,56,A_fused,2,0.25805,0.25702,0.25805,0.05736,1410,1
ag,2560,5120,2048,gpu,57,c_cublas,1,0.25805,0.25805,0.25805,0.03502,1410,1
ag,2560,5120,2048,gpu,57,c_fluxgemm,3,0.22118,0.22118,0.22118,0.03521,1410,1
ag,2560,5120,2048,gpu,57,c_flux_ag,2,0.10525,0.10480,0.10480,0.03996,1410,1
ag,2560,5120,2048,gpu,57,A_fused,0,0.25600,0.25498,0.25600,0.06312,1410,1
ag,2560,5120,2048,gpu,58,c_cublas,2,0.25907,0.25907,0.25907,0.03706,1410,1
ag,2560,5120,2048,gpu,58,c_fluxgemm,1,0.22323,0.22221,0.22323,0.03486,1410,1
ag,2560,5120,2048,gpu,58,c_flux_ag,0,0.09046,0.09037,0.09037,0.03998,1410,1
ag,2560,5120,2048,gpu,58,A_fused,3,0.25600,0.25395,0.25600,0.05907,1410,1
ag,2560,5120,2048,gpu,59,c_cublas,3,0.25805,0.25805,0.25805,0.03509,1410,1
ag,2560,5120,2048,gpu,59,c_fluxgemm,1,0.22118,0.22016,0.22118,0.04163,1410,1
ag,2560,5120,2048,gpu,59,c_flux_ag,0,0.10403,0.10307,0.10403,0.03874,1410,1
ag,2560,5120,2048,gpu,59,A_fused,2,0.25702,0.25395,0.25702,0.05567,1410,1
ag,2560,5120,2048,gpu,60,c_cublas,2,0.25907,0.25805,0.25805,0.03574,1410,1
ag,2560,5120,2048,gpu,60,c_fluxgemm,3,0.22221,0.22118,0.22221,0.03638,1410,1
ag,2560,5120,2048,gpu,60,c_flux_ag,1,0.09165,0.09066,0.09165,0.03591,1410,1
ag,2560,5120,2048,gpu,60,A_fused,0,0.25702,0.25600,0.25702,0.05973,1410,1
ag,2560,5120,2048,gpu,61,c_cublas,1,0.25907,0.25907,0.25907,0.03572,1410,1
ag,2560,5120,2048,gpu,61,c_fluxgemm,3,0.22221,0.22016,0.22221,0.03308,1410,1
ag,2560,5120,2048,gpu,61,c_flux_ag,0,0.12870,0.12659,0.12659,0.04124,1410,1
ag,2560,5120,2048,gpu,61,A_fused,2,0.25600,0.25395,0.25600,0.06062,1410,1
ag,2560,5120,2048,gpu,62,c_cublas,0,0.25907,0.25805,0.25907,0.03567,1410,1
ag,2560,5120,2048,gpu,62,c_fluxgemm,1,0.22221,0.22016,0.22221,0.03663,1410,1
ag,2560,5120,2048,gpu,62,c_flux_ag,3,0.10256,0.10102,0.10102,0.03801,1410,1
ag,2560,5120,2048,gpu,62,A_fused,2,0.25600,0.25498,0.25600,0.06414,1410,1
ag,2560,5120,2048,gpu,63,c_cublas,1,0.25805,0.25805,0.25805,0.03604,1410,1
ag,2560,5120,2048,gpu,63,c_fluxgemm,0,0.22118,0.22118,0.22118,0.03590,1410,1
ag,2560,5120,2048,gpu,63,c_flux_ag,2,0.10448,0.10413,0.10448,0.04180,1410,1
ag,2560,5120,2048,gpu,63,A_fused,3,0.25702,0.25395,0.25702,0.05467,1410,1
ag,2560,5120,2048,gpu,64,c_cublas,3,0.25805,0.25805,0.25805,0.04455,1410,1
ag,2560,5120,2048,gpu,64,c_fluxgemm,0,0.22221,0.22221,0.22221,0.03801,1410,1
ag,2560,5120,2048,gpu,64,c_flux_ag,2,0.09878,0.09856,0.09878,0.03588,1410,1
ag,2560,5120,2048,gpu,64,A_fused,1,0.25600,0.25498,0.25600,0.05671,1410,1
ag,2560,5120,2048,gpu,65,c_cublas,3,0.25907,0.25702,0.25702,0.03622,1410,1
ag,2560,5120,2048,gpu,65,c_fluxgemm,0,0.22426,0.22221,0.22426,0.04296,1410,1
ag,2560,5120,2048,gpu,65,c_flux_ag,2,0.09872,0.09837,0.09872,0.03544,1410,1
ag,2560,5120,2048,gpu,65,A_fused,1,0.25600,0.25395,0.25600,0.05783,1410,1
ag,2560,5120,2048,gpu,66,c_cublas,3,0.25805,0.25805,0.25805,0.03653,1410,1
ag,2560,5120,2048,gpu,66,c_fluxgemm,1,0.22323,0.22221,0.22323,0.03727,1410,1
ag,2560,5120,2048,gpu,66,c_flux_ag,0,0.58378,0.14762,0.14762,0.04364,1410,1
ag,2560,5120,2048,gpu,66,A_fused,2,0.25702,0.25600,0.25702,0.05982,1410,1
ag,2560,5120,2048,gpu,67,c_cublas,2,0.25907,0.25805,0.25907,0.03533,1410,1
ag,2560,5120,2048,gpu,67,c_fluxgemm,1,0.22118,0.22118,0.22118,0.03386,1410,1
ag,2560,5120,2048,gpu,67,c_flux_ag,3,0.11194,0.11120,0.11194,0.04044,1410,1
ag,2560,5120,2048,gpu,67,A_fused,0,0.25805,0.25498,0.25805,0.06157,1410,1
ag,2560,5120,2048,gpu,68,c_cublas,0,0.26010,0.25805,0.25805,0.03568,1410,1
ag,2560,5120,2048,gpu,68,c_fluxgemm,2,0.22426,0.22323,0.22426,0.03618,1410,1
ag,2560,5120,2048,gpu,68,c_flux_ag,1,0.10355,0.10323,0.10355,0.04101,1410,1
ag,2560,5120,2048,gpu,68,A_fused,3,0.25600,0.25498,0.25600,0.05583,1410,1
ag,2560,5120,2048,gpu,69,c_cublas,3,0.25805,0.25702,0.25702,0.03604,1410,1
ag,2560,5120,2048,gpu,69,c_fluxgemm,0,0.22323,0.22118,0.22323,0.03464,1410,1
ag,2560,5120,2048,gpu,69,c_flux_ag,2,0.09808,0.09776,0.09808,0.03591,1410,1
ag,2560,5120,2048,gpu,69,A_fused,1,0.25600,0.25498,0.25600,0.05586,1410,1
ag,2560,5120,2048,gpu,70,c_cublas,3,0.25805,0.25805,0.25805,0.03542,1410,1
ag,2560,5120,2048,gpu,70,c_fluxgemm,1,0.22323,0.22221,0.22323,0.03582,1410,1
ag,2560,5120,2048,gpu,70,c_flux_ag,0,0.10506,0.10442,0.10442,0.04089,1410,1
ag,2560,5120,2048,gpu,70,A_fused,2,0.25498,0.25395,0.25498,0.05515,1410,1
ag,2560,5120,2048,gpu,71,c_cublas,2,0.25805,0.25805,0.25805,0.03556,1410,1
ag,2560,5120,2048,gpu,71,c_fluxgemm,3,0.22323,0.22323,0.22323,0.03636,1410,1
ag,2560,5120,2048,gpu,71,c_flux_ag,1,0.09107,0.08598,0.08598,0.03574,1410,1
ag,2560,5120,2048,gpu,71,A_fused,0,0.28877,0.28672,0.28672,0.06282,1410,1
ag,2560,5120,2048,gpu,72,c_cublas,2,0.25805,0.25805,0.25805,0.03614,1410,1
ag,2560,5120,2048,gpu,72,c_fluxgemm,0,0.22221,0.22118,0.22221,0.03383,1410,1
ag,2560,5120,2048,gpu,72,c_flux_ag,1,0.09334,0.09034,0.09034,0.04931,1410,1
ag,2560,5120,2048,gpu,72,A_fused,3,0.25702,0.25498,0.25702,0.05948,1410,1
ag,2560,5120,2048,gpu,73,c_cublas,2,0.25805,0.25805,0.25805,0.03554,1410,1
ag,2560,5120,2048,gpu,73,c_fluxgemm,1,0.22323,0.22118,0.22323,0.03463,1410,1
ag,2560,5120,2048,gpu,73,c_flux_ag,0,0.10243,0.09770,0.10243,0.03819,1410,1
ag,2560,5120,2048,gpu,73,A_fused,3,0.25702,0.25498,0.25702,0.05948,1410,1
ag,2560,5120,2048,gpu,74,c_cublas,2,0.25805,0.25805,0.25805,0.03584,1410,1
ag,2560,5120,2048,gpu,74,c_fluxgemm,3,0.22221,0.22118,0.22221,0.03598,1410,1
ag,2560,5120,2048,gpu,74,c_flux_ag,1,0.09274,0.09258,0.09258,0.03552,1410,1
ag,2560,5120,2048,gpu,74,A_fused,0,0.25600,0.25600,0.25600,0.05646,1410,1
ag,2560,5120,2048,gpu,75,c_cublas,2,0.25907,0.25907,0.25907,0.03572,1410,1
ag,2560,5120,2048,gpu,75,c_fluxgemm,0,0.22118,0.22118,0.22118,0.03431,1410,1
ag,2560,5120,2048,gpu,75,c_flux_ag,3,0.12742,0.12589,0.12742,0.03991,1410,1
ag,2560,5120,2048,gpu,75,A_fused,1,0.25702,0.25498,0.25702,0.06609,1410,1
ag,2560,5120,2048,gpu,76,c_cublas,3,0.25907,0.25805,0.25805,0.03615,1410,1
ag,2560,5120,2048,gpu,76,c_fluxgemm,1,0.22221,0.22118,0.22221,0.03600,1410,1
ag,2560,5120,2048,gpu,76,c_flux_ag,0,0.11702,0.11542,0.11702,0.03638,1410,1
ag,2560,5120,2048,gpu,76,A_fused,2,0.25702,0.25498,0.25702,0.05604,1410,1
ag,2560,5120,2048,gpu,77,c_cublas,0,0.25805,0.25805,0.25805,0.03325,1410,1
ag,2560,5120,2048,gpu,77,c_fluxgemm,1,0.22221,0.22118,0.22221,0.03752,1410,1
ag,2560,5120,2048,gpu,77,c_flux_ag,3,0.10387,0.10320,0.10387,0.04319,1410,1
ag,2560,5120,2048,gpu,77,A_fused,2,0.25600,0.25498,0.25600,0.05711,1410,1
ag,2560,5120,2048,gpu,78,c_cublas,1,0.25907,0.25805,0.25805,0.03707,1410,1
ag,2560,5120,2048,gpu,78,c_fluxgemm,2,0.22221,0.22016,0.22221,0.03803,1410,1
ag,2560,5120,2048,gpu,78,c_flux_ag,0,0.12368,0.11904,0.12368,0.03991,1410,1
ag,2560,5120,2048,gpu,78,A_fused,3,0.25702,0.25600,0.25702,0.05918,1410,1
ag,2560,5120,2048,gpu,79,c_cublas,3,0.25805,0.25702,0.25805,0.03595,1410,1
ag,2560,5120,2048,gpu,79,c_fluxgemm,0,0.22118,0.22118,0.22118,0.03543,1410,1
ag,2560,5120,2048,gpu,79,c_flux_ag,2,0.09075,0.09002,0.09002,0.03659,1410,1
ag,2560,5120,2048,gpu,79,A_fused,1,0.25702,0.25498,0.25702,0.05974,1410,1
ag,2560,5120,2048,gpu,80,c_cublas,1,0.25907,0.25907,0.25907,0.03504,1410,1
ag,2560,5120,2048,gpu,80,c_fluxgemm,0,0.22323,0.22118,0.22323,0.03742,1410,1
ag,2560,5120,2048,gpu,80,c_flux_ag,3,0.10410,0.10205,0.10205,0.03667,1410,1
ag,2560,5120,2048,gpu,80,A_fused,2,0.26726,0.26624,0.26726,0.05979,1410,1
ag,2560,5120,2048,gpu,81,c_cublas,3,0.25805,0.25702,0.25702,0.03578,1410,1
ag,2560,5120,2048,gpu,81,c_fluxgemm,2,0.22221,0.22221,0.22221,0.03341,1410,1
ag,2560,5120,2048,gpu,81,c_flux_ag,0,0.10704,0.10614,0.10704,0.03612,1410,1
ag,2560,5120,2048,gpu,81,A_fused,1,0.25600,0.25498,0.25600,0.05564,1410,1
ag,2560,5120,2048,gpu,82,c_cublas,1,0.25805,0.25805,0.25805,0.03568,1410,1
ag,2560,5120,2048,gpu,82,c_fluxgemm,2,0.22118,0.22016,0.22118,0.03673,1410,1
ag,2560,5120,2048,gpu,82,c_flux_ag,0,0.09485,0.09373,0.09485,0.04228,1410,1
ag,2560,5120,2048,gpu,82,A_fused,3,0.26112,0.25702,0.26112,0.05689,1410,1
ag,2560,5120,2048,gpu,83,c_cublas,1,0.25805,0.25702,0.25702,0.03632,1410,1
ag,2560,5120,2048,gpu,83,c_fluxgemm,3,0.22323,0.22221,0.22323,0.03404,1410,1
ag,2560,5120,2048,gpu,83,c_flux_ag,0,0.10755,0.10726,0.10755,0.03788,1410,1
ag,2560,5120,2048,gpu,83,A_fused,2,0.25702,0.25395,0.25702,0.05868,1410,1
ag,2560,5120,2048,gpu,84,c_cublas,1,0.25805,0.25702,0.25702,0.03666,1410,1
ag,2560,5120,2048,gpu,84,c_fluxgemm,3,0.22323,0.22118,0.22323,0.03316,1410,1
ag,2560,5120,2048,gpu,84,c_flux_ag,0,0.10291,0.09990,0.10291,0.04545,1410,1
ag,2560,5120,2048,gpu,84,A_fused,2,0.25702,0.25395,0.25702,0.05963,1410,1
ag,2560,5120,2048,gpu,85,c_cublas,0,0.25907,0.25805,0.25805,0.03606,1410,1
ag,2560,5120,2048,gpu,85,c_fluxgemm,2,0.22118,0.22118,0.22118,0.03312,1410,1
ag,2560,5120,2048,gpu,85,c_flux_ag,3,0.10288,0.10224,0.10288,0.04046,1410,1
ag,2560,5120,2048,gpu,85,A_fused,1,0.26624,0.26522,0.26522,0.06008,1410,1
ag,2560,5120,2048,gpu,86,c_cublas,2,0.25805,0.25805,0.25805,0.03682,1410,1
ag,2560,5120,2048,gpu,86,c_fluxgemm,1,0.22221,0.22118,0.22221,0.03471,1410,1
ag,2560,5120,2048,gpu,86,c_flux_ag,0,0.10221,0.10099,0.10099,0.03693,1410,1
ag,2560,5120,2048,gpu,86,A_fused,3,0.25600,0.25498,0.25600,0.06040,1410,1
ag,2560,5120,2048,gpu,87,c_cublas,0,0.25805,0.25702,0.25702,0.03597,1410,1
ag,2560,5120,2048,gpu,87,c_fluxgemm,2,0.22221,0.22016,0.22221,0.03568,1410,1
ag,2560,5120,2048,gpu,87,c_flux_ag,1,0.09222,0.09046,0.09046,0.04108,1410,1
ag,2560,5120,2048,gpu,87,A_fused,3,0.25702,0.25498,0.25702,0.05445,1410,1
ag,2560,5120,2048,gpu,88,c_cublas,2,0.25907,0.25702,0.25702,0.03627,1410,1
ag,2560,5120,2048,gpu,88,c_fluxgemm,0,0.22221,0.22118,0.22221,0.03620,1410,1
ag,2560,5120,2048,gpu,88,c_flux_ag,1,0.10637,0.10362,0.10637,0.03991,1410,1
ag,2560,5120,2048,gpu,88,A_fused,3,0.25702,0.25498,0.25702,0.05878,1410,1
ag,2560,5120,2048,gpu,89,c_cublas,1,0.25805,0.25702,0.25805,0.03545,1410,1
ag,2560,5120,2048,gpu,89,c_fluxgemm,0,0.22323,0.22118,0.22323,0.03554,1410,1
ag,2560,5120,2048,gpu,89,c_flux_ag,2,0.10717,0.10634,0.10717,0.04086,1410,1
ag,2560,5120,2048,gpu,89,A_fused,3,0.25600,0.25395,0.25600,0.05698,1410,1
ag,2560,5120,2048,gpu,90,c_cublas,3,0.25907,0.25805,0.25805,0.03597,1410,1
ag,2560,5120,2048,gpu,90,c_fluxgemm,1,0.22118,0.22118,0.22118,0.03322,1410,1
ag,2560,5120,2048,gpu,90,c_flux_ag,2,0.10176,0.10144,0.10144,0.03823,1410,1
ag,2560,5120,2048,gpu,90,A_fused,0,0.29901,0.29594,0.29594,0.05639,1410,1
ag,2560,5120,2048,gpu,91,c_cublas,1,0.25805,0.25805,0.25805,0.03531,1410,1
ag,2560,5120,2048,gpu,91,c_fluxgemm,2,0.22323,0.22221,0.22323,0.03636,1410,1
ag,2560,5120,2048,gpu,91,c_flux_ag,3,0.09235,0.08739,0.08739,0.04664,1410,1
ag,2560,5120,2048,gpu,91,A_fused,0,0.25907,0.25600,0.25907,0.06305,1410,1
ag,2560,5120,2048,gpu,92,c_cublas,2,0.25805,0.25702,0.25805,0.03660,1410,1
ag,2560,5120,2048,gpu,92,c_fluxgemm,0,0.22221,0.22118,0.22221,0.03650,1410,1
ag,2560,5120,2048,gpu,92,c_flux_ag,1,0.08784,0.08736,0.08736,0.04030,1410,1
ag,2560,5120,2048,gpu,92,A_fused,3,0.25702,0.25498,0.25702,0.05973,1410,1
ag,2560,5120,2048,gpu,93,c_cublas,1,0.25805,0.25805,0.25805,0.03551,1410,1
ag,2560,5120,2048,gpu,93,c_fluxgemm,3,0.22118,0.22118,0.22118,0.03552,1410,1
ag,2560,5120,2048,gpu,93,c_flux_ag,2,0.10304,0.10294,0.10304,0.04016,1410,1
ag,2560,5120,2048,gpu,93,A_fused,0,0.25600,0.25498,0.25600,0.05765,1410,1
ag,2560,5120,2048,gpu,94,c_cublas,2,0.25805,0.25805,0.25805,0.03558,1410,1
ag,2560,5120,2048,gpu,94,c_fluxgemm,3,0.22118,0.22118,0.22118,0.03717,1410,1
ag,2560,5120,2048,gpu,94,c_flux_ag,0,0.08870,0.08691,0.08870,0.04076,1410,1
ag,2560,5120,2048,gpu,94,A_fused,1,0.25600,0.25395,0.25600,0.05493,1410,1
ag,2560,5120,2048,gpu,95,c_cublas,1,0.25805,0.25702,0.25805,0.04141,1410,1
ag,2560,5120,2048,gpu,95,c_fluxgemm,3,0.22323,0.22118,0.22323,0.03414,1410,1
ag,2560,5120,2048,gpu,95,c_flux_ag,0,0.12701,0.12528,0.12528,0.04042,1410,1
ag,2560,5120,2048,gpu,95,A_fused,2,0.25805,0.25600,0.25805,0.06071,1410,1
ag,2560,5120,2048,gpu,96,c_cublas,3,0.25907,0.25805,0.25907,0.03621,1410,1
ag,2560,5120,2048,gpu,96,c_fluxgemm,2,0.22221,0.22221,0.22221,0.03360,1410,1
ag,2560,5120,2048,gpu,96,c_flux_ag,1,0.09795,0.09741,0.09741,0.03505,1410,1
ag,2560,5120,2048,gpu,96,A_fused,0,0.26010,0.25907,0.26010,0.05755,1410,1
ag,2560,5120,2048,gpu,97,c_cublas,0,0.25805,0.25702,0.25702,0.03497,1410,1
ag,2560,5120,2048,gpu,97,c_fluxgemm,2,0.22118,0.22016,0.22118,0.03325,1410,1
ag,2560,5120,2048,gpu,97,c_flux_ag,3,0.10960,0.10806,0.10960,0.04523,1410,1
ag,2560,5120,2048,gpu,97,A_fused,1,0.25805,0.25600,0.25805,0.06030,1410,1
ag,2560,5120,2048,gpu,98,c_cublas,0,0.25805,0.25805,0.25805,0.03666,1410,1
ag,2560,5120,2048,gpu,98,c_fluxgemm,1,0.22221,0.22118,0.22221,0.03788,1410,1
ag,2560,5120,2048,gpu,98,c_flux_ag,3,0.09216,0.08928,0.09216,0.03530,1410,1
ag,2560,5120,2048,gpu,98,A_fused,2,0.25600,0.25395,0.25600,0.05808,1410,1
ag,2560,5120,2048,gpu,99,c_cublas,3,0.25805,0.25805,0.25805,0.03566,1410,1
ag,2560,5120,2048,gpu,99,c_fluxgemm,1,0.22118,0.22016,0.22118,0.03501,1410,1
ag,2560,5120,2048,gpu,99,c_flux_ag,0,0.10464,0.10435,0.10464,0.03718,1410,1
ag,2560,5120,2048,gpu,99,A_fused,2,0.25702,0.25600,0.25702,0.05504,1410,1
ag,2560,5120,2048,gpu,100,c_cublas,3,0.25907,0.25907,0.25907,0.04496,1410,1
ag,2560,5120,2048,gpu,100,c_fluxgemm,1,0.22118,0.22118,0.22118,0.03653,1410,1
ag,2560,5120,2048,gpu,100,c_flux_ag,0,0.12493,0.12394,0.12394,0.04524,1410,1
ag,2560,5120,2048,gpu,100,A_fused,2,0.25702,0.25498,0.25702,0.05709,1410,1
ag,2560,5120,2048,gpu,101,c_cublas,2,0.25805,0.25805,0.25805,0.03534,1410,1
ag,2560,5120,2048,gpu,101,c_fluxgemm,1,0.22118,0.22118,0.22118,0.03384,1410,1
ag,2560,5120,2048,gpu,101,c_flux_ag,3,0.08896,0.08752,0.08896,0.04085,1410,1
ag,2560,5120,2048,gpu,101,A_fused,0,0.25805,0.25498,0.25805,0.06552,1410,1
ag,2560,5120,2048,gpu,102,c_cublas,1,0.25805,0.25805,0.25805,0.03576,1410,1
ag,2560,5120,2048,gpu,102,c_fluxgemm,0,0.22221,0.22118,0.22221,0.03626,1410,1
ag,2560,5120,2048,gpu,102,c_flux_ag,3,0.10163,0.10016,0.10163,0.03468,1410,1
ag,2560,5120,2048,gpu,102,A_fused,2,0.25907,0.25498,0.25907,0.05897,1410,1
ag,2560,5120,2048,gpu,103,c_cublas,2,0.25805,0.25702,0.25702,0.03632,1410,1
ag,2560,5120,2048,gpu,103,c_fluxgemm,3,0.22323,0.22221,0.22323,0.04639,1410,1
ag,2560,5120,2048,gpu,103,c_flux_ag,1,0.10490,0.10141,0.10141,0.03499,1410,1
ag,2560,5120,2048,gpu,103,A_fused,0,0.25600,0.25498,0.25600,0.05647,1410,1
ag,2560,5120,2048,gpu,104,c_cublas,0,0.25907,0.25907,0.25907,0.03532,1410,1
ag,2560,5120,2048,gpu,104,c_fluxgemm,2,0.22426,0.22118,0.22426,0.03549,1410,1
ag,2560,5120,2048,gpu,104,c_flux_ag,1,0.10675,0.10621,0.10621,0.04128,1410,1
ag,2560,5120,2048,gpu,104,A_fused,3,0.26522,0.26522,0.26522,0.05480,1410,1
ag,2560,5120,2048,gpu,105,c_cublas,3,0.25805,0.25702,0.25702,0.03606,1410,1
ag,2560,5120,2048,gpu,105,c_fluxgemm,1,0.22118,0.22016,0.22118,0.03253,1410,1
ag,2560,5120,2048,gpu,105,c_flux_ag,2,0.10586,0.09562,0.10586,0.03686,1410,1
ag,2560,5120,2048,gpu,105,A_fused,0,0.25805,0.25702,0.25805,0.05825,1410,1
ag,2560,5120,2048,gpu,106,c_cublas,0,0.25805,0.25702,0.25805,0.03201,1410,1
ag,2560,5120,2048,gpu,106,c_fluxgemm,1,0.22221,0.22118,0.22221,0.03653,1410,1
ag,2560,5120,2048,gpu,106,c_flux_ag,2,0.10339,0.10208,0.10339,0.03984,1410,1
ag,2560,5120,2048,gpu,106,A_fused,3,0.25600,0.25498,0.25600,0.05560,1410,1
ag,2560,5120,2048,gpu,107,c_cublas,2,0.25907,0.25907,0.25907,0.03641,1410,1
ag,2560,5120,2048,gpu,107,c_fluxgemm,0,0.22221,0.22016,0.22221,0.04143,1410,1
ag,2560,5120,2048,gpu,107,c_flux_ag,3,0.10266,0.10128,0.10266,0.04065,1410,1
ag,2560,5120,2048,gpu,107,A_fused,1,0.25600,0.25498,0.25600,0.06114,1410,1
ag,2560,5120,2048,gpu,108,c_cublas,0,0.25805,0.25805,0.25805,0.03596,1410,1
ag,2560,5120,2048,gpu,108,c_fluxgemm,2,0.22221,0.22118,0.22221,0.03454,1410,1
ag,2560,5120,2048,gpu,108,c_flux_ag,3,0.09341,0.08800,0.08800,0.03826,1410,1
ag,2560,5120,2048,gpu,108,A_fused,1,0.25805,0.25600,0.25805,0.05996,1410,1
ag,2560,5120,2048,gpu,109,c_cublas,1,0.25907,0.25702,0.25702,0.03625,1410,1
ag,2560,5120,2048,gpu,109,c_fluxgemm,3,0.22221,0.22118,0.22221,0.03709,1410,1
ag,2560,5120,2048,gpu,109,c_flux_ag,2,0.12614,0.12541,0.12541,0.04051,1410,1
ag,2560,5120,2048,gpu,109,A_fused,0,0.74752,0.27955,0.27955,0.06631,1410,1
ag,2560,5120,2048,gpu,110,c_cublas,0,0.25907,0.25702,0.25702,0.03601,1410,1
ag,2560,5120,2048,gpu,110,c_fluxgemm,2,0.22221,0.22118,0.22221,0.03606,1410,1
ag,2560,5120,2048,gpu,110,c_flux_ag,1,0.09318,0.08851,0.09318,0.04257,1410,1
ag,2560,5120,2048,gpu,110,A_fused,3,0.25702,0.25395,0.25702,0.05605,1410,1
ag,2560,5120,2048,gpu,111,c_cublas,3,0.25805,0.25805,0.25805,0.03643,1410,1
ag,2560,5120,2048,gpu,111,c_fluxgemm,0,0.22118,0.22118,0.22118,0.03472,1410,1
ag,2560,5120,2048,gpu,111,c_flux_ag,2,0.10419,0.10150,0.10419,0.03499,1410,1
ag,2560,5120,2048,gpu,111,A_fused,1,0.25702,0.25395,0.25702,0.05640,1410,1
ag,2560,5120,2048,gpu,112,c_cublas,2,0.25805,0.25702,0.25805,0.03543,1410,1
ag,2560,5120,2048,gpu,112,c_fluxgemm,0,0.22323,0.22221,0.22323,0.03749,1410,1
ag,2560,5120,2048,gpu,112,c_flux_ag,3,0.10784,0.10768,0.10784,0.04027,1410,1
ag,2560,5120,2048,gpu,112,A_fused,1,0.25702,0.25498,0.25702,0.05943,1410,1
ag,2560,5120,2048,gpu,113,c_cublas,1,0.25805,0.25805,0.25805,0.03550,1410,1
ag,2560,5120,2048,gpu,113,c_fluxgemm,0,0.22323,0.22221,0.22323,0.03682,1410,1
ag,2560,5120,2048,gpu,113,c_flux_ag,3,0.09552,0.08909,0.09552,0.04834,1410,1
ag,2560,5120,2048,gpu,113,A_fused,2,0.25805,0.25498,0.25805,0.06010,1410,1
ag,2560,5120,2048,gpu,114,c_cublas,3,0.25805,0.25805,0.25805,0.03659,1410,1
ag,2560,5120,2048,gpu,114,c_fluxgemm,0,0.22118,0.21914,0.22118,0.03631,1410,1
ag,2560,5120,2048,gpu,114,c_flux_ag,2,0.09267,0.08938,0.08938,0.03568,1410,1
ag,2560,5120,2048,gpu,114,A_fused,1,0.26522,0.26419,0.26419,0.05796,1410,1
ag,2560,5120,2048,gpu,115,c_cublas,1,0.25805,0.25805,0.25805,0.03563,1410,1
ag,2560,5120,2048,gpu,115,c_fluxgemm,0,0.22118,0.22118,0.22118,0.03700,1410,1
ag,2560,5120,2048,gpu,115,c_flux_ag,2,0.10378,0.09600,0.10378,0.04448,1410,1
ag,2560,5120,2048,gpu,115,A_fused,3,0.25702,0.25600,0.25702,0.05584,1410,1
ag,2560,5120,2048,gpu,116,c_cublas,2,0.25805,0.25805,0.25805,0.03590,1410,1
ag,2560,5120,2048,gpu,116,c_fluxgemm,0,0.22323,0.22221,0.22323,0.03592,1410,1
ag,2560,5120,2048,gpu,116,c_flux_ag,3,0.09123,0.08781,0.09123,0.04753,1410,1
ag,2560,5120,2048,gpu,116,A_fused,1,0.25702,0.25498,0.25702,0.05625,1410,1
ag,2560,5120,2048,gpu,117,c_cublas,2,0.25907,0.25805,0.25805,0.03555,1410,1
ag,2560,5120,2048,gpu,117,c_fluxgemm,0,0.22323,0.22118,0.22323,0.03704,1410,1
ag,2560,5120,2048,gpu,117,c_flux_ag,3,0.10403,0.10291,0.10403,0.04070,1410,1
ag,2560,5120,2048,gpu,117,A_fused,1,0.25498,0.25395,0.25498,0.05868,1410,1
ag,2560,5120,2048,gpu,118,c_cublas,0,0.25805,0.25702,0.25805,0.03549,1410,1
ag,2560,5120,2048,gpu,118,c_fluxgemm,2,0.22323,0.22118,0.22323,0.03337,1410,1
ag,2560,5120,2048,gpu,118,c_flux_ag,3,0.09354,0.09328,0.09354,0.03700,1410,1
ag,2560,5120,2048,gpu,118,A_fused,1,0.25805,0.25498,0.25805,0.06043,1410,1
ag,2560,5120,2048,gpu,119,c_cublas,2,0.25907,0.25805,0.25805,0.03653,1410,1
ag,2560,5120,2048,gpu,119,c_fluxgemm,0,0.22221,0.22016,0.22221,0.03467,1410,1
ag,2560,5120,2048,gpu,119,c_flux_ag,1,0.12128,0.11987,0.11987,0.03874,1410,1
ag,2560,5120,2048,gpu,119,A_fused,3,0.25600,0.25395,0.25600,0.05804,1410,1
ag,2560,5120,2048,gpu,120,c_cublas,0,0.25907,0.25805,0.25907,0.03543,1410,1
ag,2560,5120,2048,gpu,120,c_fluxgemm,1,0.22221,0.22221,0.22221,0.03764,1410,1
ag,2560,5120,2048,gpu,120,c_flux_ag,2,0.10790,0.10176,0.10790,0.04079,1410,1
ag,2560,5120,2048,gpu,120,A_fused,3,0.25600,0.25395,0.25600,0.05356,1410,1
ag,2560,5120,2048,gpu,121,c_cublas,3,0.25805,0.25702,0.25702,0.03666,1410,1
ag,2560,5120,2048,gpu,121,c_fluxgemm,0,0.22323,0.22221,0.22323,0.03643,1410,1
ag,2560,5120,2048,gpu,121,c_flux_ag,2,0.09786,0.09437,0.09786,0.03646,1410,1
ag,2560,5120,2048,gpu,121,A_fused,1,0.25600,0.25395,0.25600,0.05713,1410,1
ag,2560,5120,2048,gpu,122,c_cublas,0,0.25805,0.25702,0.25805,0.03397,1410,1
ag,2560,5120,2048,gpu,122,c_fluxgemm,1,0.22118,0.22118,0.22118,0.03766,1410,1
ag,2560,5120,2048,gpu,122,c_flux_ag,3,0.10550,0.10534,0.10550,0.03676,1410,1
ag,2560,5120,2048,gpu,122,A_fused,2,0.25702,0.25702,0.25702,0.05767,1410,1
ag,2560,5120,2048,gpu,123,c_cublas,2,0.25907,0.25805,0.25805,0.03800,1410,1
ag,2560,5120,2048,gpu,123,c_fluxgemm,1,0.22118,0.22016,0.22118,0.03394,1410,1
ag,2560,5120,2048,gpu,123,c_flux_ag,3,0.09418,0.08970,0.09418,0.04067,1410,1
ag,2560,5120,2048,gpu,123,A_fused,0,0.25600,0.25395,0.25600,0.06292,1410,1
ag,2560,5120,2048,gpu,124,c_cublas,0,0.25702,0.25702,0.25702,0.03575,1410,1
ag,2560,5120,2048,gpu,124,c_fluxgemm,1,0.22426,0.22221,0.22426,0.03754,1410,1
ag,2560,5120,2048,gpu,124,c_flux_ag,2,0.12563,0.12368,0.12368,0.03949,1410,1
ag,2560,5120,2048,gpu,124,A_fused,3,0.25600,0.25498,0.25600,0.05450,1410,1
ag,2560,5120,2048,gpu,125,c_cublas,1,0.25907,0.25907,0.25907,0.03611,1410,1
ag,2560,5120,2048,gpu,125,c_fluxgemm,3,0.22118,0.22016,0.22118,0.03468,1410,1
ag,2560,5120,2048,gpu,125,c_flux_ag,0,0.08966,0.08934,0.08934,0.03760,1410,1
ag,2560,5120,2048,gpu,125,A_fused,2,0.25600,0.25600,0.25600,0.05874,1410,1
ag,2560,5120,2048,gpu,126,c_cublas,3,0.25805,0.25805,0.25805,0.03632,1410,1
ag,2560,5120,2048,gpu,126,c_fluxgemm,2,0.22221,0.22118,0.22221,0.03466,1410,1
ag,2560,5120,2048,gpu,126,c_flux_ag,1,0.08678,0.08659,0.08678,0.03660,1410,1
ag,2560,5120,2048,gpu,126,A_fused,0,0.26112,0.25600,0.26112,0.08410,1410,1
ag,2560,5120,2048,gpu,127,c_cublas,1,0.25702,0.25702,0.25702,0.03477,1410,1
ag,2560,5120,2048,gpu,127,c_fluxgemm,0,0.22221,0.22016,0.22221,0.03632,1410,1
ag,2560,5120,2048,gpu,127,c_flux_ag,2,0.11174,0.10922,0.11174,0.04056,1410,1
ag,2560,5120,2048,gpu,127,A_fused,3,0.25702,0.25395,0.25702,0.05516,1410,1
ag,2560,5120,2048,gpu,128,c_cublas,0,0.25907,0.25805,0.25805,0.03624,1410,1
ag,2560,5120,2048,gpu,128,c_fluxgemm,3,0.22221,0.22221,0.22221,0.03462,1410,1
ag,2560,5120,2048,gpu,128,c_flux_ag,1,0.09078,0.08950,0.08950,0.04181,1410,1
ag,2560,5120,2048,gpu,128,A_fused,2,0.25600,0.25395,0.25600,0.05446,1410,1
ag,2560,5120,2048,gpu,129,c_cublas,2,0.25907,0.25907,0.25907,0.03619,1410,1
ag,2560,5120,2048,gpu,129,c_fluxgemm,0,0.22221,0.22221,0.22221,0.03189,1410,1
ag,2560,5120,2048,gpu,129,c_flux_ag,1,0.10643,0.10432,0.10432,0.03948,1410,1
ag,2560,5120,2048,gpu,129,A_fused,3,0.26522,0.26419,0.26522,0.06338,1410,1
ag,2560,5120,2048,gpu,130,c_cublas,3,0.25805,0.25805,0.25805,0.03580,1410,1
ag,2560,5120,2048,gpu,130,c_fluxgemm,2,0.22221,0.22118,0.22221,0.03317,1410,1
ag,2560,5120,2048,gpu,130,c_flux_ag,0,0.10880,0.10842,0.10842,0.03777,1410,1
ag,2560,5120,2048,gpu,130,A_fused,1,0.25702,0.25498,0.25702,0.05389,1410,1
ag,2560,5120,2048,gpu,131,c_cublas,2,0.25805,0.25702,0.25702,0.03563,1410,1
ag,2560,5120,2048,gpu,131,c_fluxgemm,1,0.22221,0.22016,0.22221,0.03628,1410,1
ag,2560,5120,2048,gpu,131,c_flux_ag,0,0.11530,0.11216,0.11216,0.04163,1410,1
ag,2560,5120,2048,gpu,131,A_fused,3,0.25805,0.25498,0.25805,0.06104,1410,1
ag,2560,5120,2048,gpu,132,c_cublas,1,0.25907,0.25907,0.25907,0.03555,1410,1
ag,2560,5120,2048,gpu,132,c_fluxgemm,0,0.22426,0.22118,0.22426,0.03591,1410,1
ag,2560,5120,2048,gpu,132,c_flux_ag,3,0.11107,0.10835,0.11107,0.03842,1410,1
ag,2560,5120,2048,gpu,132,A_fused,2,0.25702,0.25498,0.25702,0.06312,1410,1
ag,2560,5120,2048,gpu,133,c_cublas,3,0.25805,0.25805,0.25805,0.03711,1410,1
ag,2560,5120,2048,gpu,133,c_fluxgemm,2,0.22323,0.22118,0.22323,0.03425,1410,1
ag,2560,5120,2048,gpu,133,c_flux_ag,0,0.09021,0.08742,0.09021,0.03611,1410,1
ag,2560,5120,2048,gpu,133,A_fused,1,0.25600,0.25395,0.25600,0.05380,1410,1
ag,2560,5120,2048,gpu,134,c_cublas,0,0.25805,0.25805,0.25805,0.03317,1410,1
ag,2560,5120,2048,gpu,134,c_fluxgemm,3,0.22118,0.22118,0.22118,0.03357,1410,1
ag,2560,5120,2048,gpu,134,c_flux_ag,1,0.10858,0.10608,0.10858,0.04261,1410,1
ag,2560,5120,2048,gpu,134,A_fused,2,0.26317,0.26112,0.26317,0.05469,1410,1
ag,2560,5120,2048,gpu,135,c_cublas,1,0.25805,0.25702,0.25805,0.03697,1410,1
ag,2560,5120,2048,gpu,135,c_fluxgemm,3,0.22221,0.22118,0.22221,0.03345,1410,1
ag,2560,5120,2048,gpu,135,c_flux_ag,0,0.11453,0.11331,0.11453,0.04045,1410,1
ag,2560,5120,2048,gpu,135,A_fused,2,0.25702,0.25498,0.25702,0.05938,1410,1
ag,2560,5120,2048,gpu,136,c_cublas,2,0.25805,0.25805,0.25805,0.03677,1410,1
ag,2560,5120,2048,gpu,136,c_fluxgemm,0,0.22221,0.22118,0.22221,0.03345,1410,1
ag,2560,5120,2048,gpu,136,c_flux_ag,1,0.11642,0.11610,0.11642,0.03991,1410,1
ag,2560,5120,2048,gpu,136,A_fused,3,0.25702,0.25498,0.25702,0.05912,1410,1
ag,2560,5120,2048,gpu,137,c_cublas,3,0.25907,0.25702,0.25702,0.03694,1410,1
ag,2560,5120,2048,gpu,137,c_fluxgemm,2,0.22221,0.22118,0.22221,0.03687,1410,1
ag,2560,5120,2048,gpu,137,c_flux_ag,1,0.11850,0.11494,0.11850,0.11973,1410,1
ag,2560,5120,2048,gpu,137,A_fused,0,0.25600,0.25498,0.25600,0.05688,1410,1
ag,2560,5120,2048,gpu,138,c_cublas,3,0.25805,0.25805,0.25805,0.03623,1410,1
ag,2560,5120,2048,gpu,138,c_fluxgemm,1,0.22221,0.22016,0.22221,0.03456,1410,1
ag,2560,5120,2048,gpu,138,c_flux_ag,2,0.10381,0.10307,0.10381,0.03803,1410,1
ag,2560,5120,2048,gpu,138,A_fused,0,0.25805,0.25702,0.25805,0.06075,1410,1
ag,2560,5120,2048,gpu,139,c_cublas,0,0.25805,0.25805,0.25805,0.03374,1410,1
ag,2560,5120,2048,gpu,139,c_fluxgemm,1,0.22323,0.22221,0.22323,0.03771,1410,1
ag,2560,5120,2048,gpu,139,c_flux_ag,3,0.10301,0.09562,0.10301,0.03586,1410,1
ag,2560,5120,2048,gpu,139,A_fused,2,0.26317,0.26317,0.26317,0.05657,1410,1
ag,2560,5120,2048,gpu,140,c_cublas,3,0.25907,0.25805,0.25907,0.03595,1410,1
ag,2560,5120,2048,gpu,140,c_fluxgemm,1,0.22118,0.22118,0.22118,0.03517,1410,1
ag,2560,5120,2048,gpu,140,c_flux_ag,0,0.10816,0.10509,0.10816,0.03689,1410,1
ag,2560,5120,2048,gpu,140,A_fused,2,0.25600,0.25395,0.25600,0.05662,1410,1
ag,2560,5120,2048,gpu,141,c_cublas,0,0.25805,0.25805,0.25805,0.03276,1410,1
ag,2560,5120,2048,gpu,141,c_fluxgemm,3,0.22221,0.22016,0.22221,0.03411,1410,1
ag,2560,5120,2048,gpu,141,c_flux_ag,2,0.09322,0.08851,0.08851,0.03611,1410,1
ag,2560,5120,2048,gpu,141,A_fused,1,0.25805,0.25600,0.25805,0.06119,1410,1
ag,2560,5120,2048,gpu,142,c_cublas,0,0.25805,0.25805,0.25805,0.03566,1410,1
ag,2560,5120,2048,gpu,142,c_fluxgemm,1,0.22118,0.22016,0.22118,0.03624,1410,1
ag,2560,5120,2048,gpu,142,c_flux_ag,3,0.10557,0.10371,0.10557,0.03612,1410,1
ag,2560,5120,2048,gpu,142,A_fused,2,0.25498,0.25498,0.25498,0.05733,1410,1
ag,2560,5120,2048,gpu,143,c_cublas,3,0.25907,0.25805,0.25805,0.03608,1410,1
ag,2560,5120,2048,gpu,143,c_fluxgemm,0,0.22118,0.22118,0.22118,0.03590,1410,1
ag,2560,5120,2048,gpu,143,c_flux_ag,2,0.09398,0.08938,0.09398,0.03802,1410,1
ag,2560,5120,2048,gpu,143,A_fused,1,0.25702,0.25600,0.25702,0.05642,1410,1
ag,2560,5120,2048,gpu,144,c_cublas,1,0.26010,0.25907,0.25907,0.03509,1410,1
ag,2560,5120,2048,gpu,144,c_fluxgemm,0,0.22323,0.22221,0.22323,0.03798,1410,1
ag,2560,5120,2048,gpu,144,c_flux_ag,2,0.12563,0.12502,0.12502,0.04344,1410,1
ag,2560,5120,2048,gpu,144,A_fused,3,0.25805,0.25600,0.25805,0.05539,1410,1
ag,2560,5120,2048,gpu,145,c_cublas,3,0.25805,0.25702,0.25702,0.03596,1410,1
ag,2560,5120,2048,gpu,145,c_fluxgemm,0,0.22323,0.22221,0.22323,0.03587,1410,1
ag,2560,5120,2048,gpu,145,c_flux_ag,2,0.09952,0.09907,0.09952,0.03472,1410,1
ag,2560,5120,2048,gpu,145,A_fused,1,0.25702,0.25498,0.25702,0.05614,1410,1
ag,2560,5120,2048,gpu,146,c_cublas,3,0.25805,0.25805,0.25805,0.03579,1410,1
ag,2560,5120,2048,gpu,146,c_fluxgemm,0,0.22221,0.22118,0.22221,0.03734,1410,1
ag,2560,5120,2048,gpu,146,c_flux_ag,1,0.11869,0.11830,0.11869,0.04572,1410,1
ag,2560,5120,2048,gpu,146,A_fused,2,0.25600,0.25293,0.25600,0.05700,1410,1
ag,2560,5120,2048,gpu,147,c_cublas,1,0.25805,0.25805,0.25805,0.03601,1410,1
ag,2560,5120,2048,gpu,147,c_fluxgemm,2,0.22323,0.22118,0.22323,0.03705,1410,1
ag,2560,5120,2048,gpu,147,c_flux_ag,3,0.11459,0.11354,0.11459,0.03908,1410,1
ag,2560,5120,2048,gpu,147,A_fused,0,0.25805,0.25702,0.25805,0.06011,1410,1
ag,2560,5120,2048,gpu,148,c_cublas,1,0.26010,0.25805,0.25805,0.03578,1410,1
ag,2560,5120,2048,gpu,148,c_fluxgemm,0,0.22221,0.22016,0.22221,0.03863,1410,1
ag,2560,5120,2048,gpu,148,c_flux_ag,2,0.10595,0.10122,0.10122,0.04074,1410,1
ag,2560,5120,2048,gpu,148,A_fused,3,0.25600,0.25395,0.25600,0.05410,1410,1
ag,2560,5120,2048,gpu,149,c_cublas,2,0.25907,0.25907,0.25907,0.03584,1410,1
ag,2560,5120,2048,gpu,149,c_fluxgemm,1,0.22221,0.22221,0.22221,0.03616,1410,1
ag,2560,5120,2048,gpu,149,c_flux_ag,0,0.09056,0.08723,0.08723,0.03877,1410,1
ag,2560,5120,2048,gpu,149,A_fused,3,0.26522,0.26317,0.26317,0.05968,1410,1
ag,2560,5120,2048,gpu,150,c_cublas,2,0.25805,0.25702,0.25805,0.03518,1410,1
ag,2560,5120,2048,gpu,150,c_fluxgemm,3,0.22221,0.22118,0.22221,0.03630,1410,1
ag,2560,5120,2048,gpu,150,c_flux_ag,0,0.10410,0.10336,0.10336,0.03902,1410,1
ag,2560,5120,2048,gpu,150,A_fused,1,0.25600,0.25293,0.25600,0.05346,1410,1
ag,2560,5120,2048,gpu,151,c_cublas,0,0.25805,0.25805,0.25805,0.03540,1410,1
ag,2560,5120,2048,gpu,151,c_fluxgemm,2,0.22118,0.22016,0.22118,0.03592,1410,1
ag,2560,5120,2048,gpu,151,c_flux_ag,1,0.11510,0.11213,0.11213,0.04155,1410,1
ag,2560,5120,2048,gpu,151,A_fused,3,0.25600,0.25600,0.25600,0.06410,1410,1
ag,2560,5120,2048,gpu,152,c_cublas,0,0.29082,0.26010,0.29082,0.03902,1410,1
ag,2560,5120,2048,gpu,152,c_fluxgemm,3,0.22323,0.22118,0.22323,0.03431,1410,1
ag,2560,5120,2048,gpu,152,c_flux_ag,2,0.09171,0.09085,0.09171,0.03600,1410,1
ag,2560,5120,2048,gpu,152,A_fused,1,0.25702,0.25600,0.25702,0.06104,1410,1
ag,2560,5120,2048,gpu,153,c_cublas,0,0.25907,0.25805,0.25805,0.03700,1410,1
ag,2560,5120,2048,gpu,153,c_fluxgemm,2,0.22118,0.22016,0.22118,0.03365,1410,1
ag,2560,5120,2048,gpu,153,c_flux_ag,3,0.09299,0.09178,0.09299,0.03833,1410,1
ag,2560,5120,2048,gpu,153,A_fused,1,0.25805,0.25600,0.25805,0.06071,1410,1
ag,2560,5120,2048,gpu,154,c_cublas,2,0.25805,0.25702,0.25805,0.03586,1410,1
ag,2560,5120,2048,gpu,154,c_fluxgemm,1,0.22221,0.22221,0.22221,0.03487,1410,1
ag,2560,5120,2048,gpu,154,c_flux_ag,0,0.10186,0.09894,0.10186,0.03765,1410,1
ag,2560,5120,2048,gpu,154,A_fused,3,0.26419,0.26214,0.26419,0.05882,1410,1
ag,2560,5120,2048,gpu,155,c_cublas,3,0.25805,0.25805,0.25805,0.03631,1410,1
ag,2560,5120,2048,gpu,155,c_fluxgemm,1,0.22323,0.22221,0.22323,0.03689,1410,1
ag,2560,5120,2048,gpu,155,c_flux_ag,2,0.08909,0.08762,0.08762,0.03983,1410,1
ag,2560,5120,2048,gpu,155,A_fused,0,0.25805,0.25498,0.25805,0.05675,1410,1
ag,2560,5120,2048,gpu,156,c_cublas,0,0.25907,0.25805,0.25907,0.03368,1410,1
ag,2560,5120,2048,gpu,156,c_fluxgemm,2,0.22323,0.22221,0.22323,0.03700,1410,1
ag,2560,5120,2048,gpu,156,c_flux_ag,1,0.10934,0.10861,0.10934,0.04207,1410,1
ag,2560,5120,2048,gpu,156,A_fused,3,0.25702,0.25600,0.25702,0.05633,1410,1
ag,2560,5120,2048,gpu,157,c_cublas,1,0.25805,0.25805,0.25805,0.03565,1410,1
ag,2560,5120,2048,gpu,157,c_fluxgemm,0,0.22221,0.22221,0.22221,0.03589,1410,1
ag,2560,5120,2048,gpu,157,c_flux_ag,3,0.10438,0.10422,0.10438,0.03579,1410,1
ag,2560,5120,2048,gpu,157,A_fused,2,0.25702,0.25600,0.25702,0.05996,1410,1
ag,2560,5120,2048,gpu,158,c_cublas,1,0.25805,0.25805,0.25805,0.03671,1410,1
ag,2560,5120,2048,gpu,158,c_fluxgemm,3,0.22118,0.22016,0.22118,0.03577,1410,1
ag,2560,5120,2048,gpu,158,c_flux_ag,0,0.11757,0.11629,0.11757,0.03645,1410,1
ag,2560,5120,2048,gpu,158,A_fused,2,0.25702,0.25395,0.25702,0.06961,1410,1
ag,2560,5120,2048,gpu,159,c_cublas,2,0.25805,0.25805,0.25805,0.03604,1410,1
ag,2560,5120,2048,gpu,159,c_fluxgemm,1,0.22118,0.22016,0.22118,0.03435,1410,1
ag,2560,5120,2048,gpu,159,c_flux_ag,0,0.09146,0.08608,0.09146,0.03997,1410,1
ag,2560,5120,2048,gpu,159,A_fused,3,0.26214,0.26214,0.26214,0.06000,1410,1
ag,2560,5120,2048,gpu,160,c_cublas,2,0.25805,0.25805,0.25805,0.03588,1410,1
ag,2560,5120,2048,gpu,160,c_fluxgemm,1,0.22118,0.22118,0.22118,0.03505,1410,1
ag,2560,5120,2048,gpu,160,c_flux_ag,0,0.10832,0.10762,0.10832,0.03773,1410,1
ag,2560,5120,2048,gpu,160,A_fused,3,0.25702,0.25395,0.25702,0.05972,1410,1
ag,2560,5120,2048,gpu,161,c_cublas,1,0.25907,0.25907,0.25907,0.03635,1410,1
ag,2560,5120,2048,gpu,161,c_fluxgemm,2,0.22323,0.22118,0.22323,0.04339,1410,1
ag,2560,5120,2048,gpu,161,c_flux_ag,0,0.15245,0.14912,0.14912,0.03690,1410,1
ag,2560,5120,2048,gpu,161,A_fused,3,0.25702,0.25498,0.25702,0.05638,1410,1
ag,2560,5120,2048,gpu,162,c_cublas,3,0.25805,0.25805,0.25805,0.03564,1410,1
ag,2560,5120,2048,gpu,162,c_fluxgemm,0,0.22118,0.22016,0.22118,0.03440,1410,1
ag,2560,5120,2048,gpu,162,c_flux_ag,1,0.10534,0.10534,0.10534,0.03952,1410,1
ag,2560,5120,2048,gpu,162,A_fused,2,0.25600,0.25395,0.25600,0.05293,1410,1
ag,2560,5120,2048,gpu,163,c_cublas,3,0.25805,0.25702,0.25702,0.03501,1410,1
ag,2560,5120,2048,gpu,163,c_fluxgemm,2,0.22221,0.22016,0.22221,0.03513,1410,1
ag,2560,5120,2048,gpu,163,c_flux_ag,1,0.10170,0.09770,0.09770,0.03465,1410,1
ag,2560,5120,2048,gpu,163,A_fused,0,0.25702,0.25600,0.25702,0.05997,1410,1
ag,2560,5120,2048,gpu,164,c_cublas,3,0.25907,0.25907,0.25907,0.03529,1410,1
ag,2560,5120,2048,gpu,164,c_fluxgemm,1,0.22426,0.22016,0.22426,0.03554,1410,1
ag,2560,5120,2048,gpu,164,c_flux_ag,0,0.08909,0.08829,0.08909,0.04084,1410,1
ag,2560,5120,2048,gpu,164,A_fused,2,0.26624,0.26522,0.26624,0.05916,1410,1
ag,2560,5120,2048,gpu,165,c_cublas,3,0.25805,0.25702,0.25702,0.03594,1410,1
ag,2560,5120,2048,gpu,165,c_fluxgemm,2,0.22323,0.22118,0.22323,0.03313,1410,1
ag,2560,5120,2048,gpu,165,c_flux_ag,0,0.10499,0.09699,0.10499,0.04101,1410,1
ag,2560,5120,2048,gpu,165,A_fused,1,0.25600,0.25498,0.25600,0.05429,1410,1
ag,2560,5120,2048,gpu,166,c_cublas,0,0.25805,0.25702,0.25702,0.03319,1410,1
ag,2560,5120,2048,gpu,166,c_fluxgemm,3,0.22118,0.22016,0.22118,0.03319,1410,1
ag,2560,5120,2048,gpu,166,c_flux_ag,1,0.11862,0.11747,0.11862,0.04130,1410,1
ag,2560,5120,2048,gpu,166,A_fused,2,0.25600,0.25395,0.25600,0.05496,1410,1
ag,2560,5120,2048,gpu,167,c_cublas,1,0.25805,0.25805,0.25805,0.03677,1410,1
ag,2560,5120,2048,gpu,167,c_fluxgemm,2,0.22221,0.22016,0.22221,0.03735,1410,1
ag,2560,5120,2048,gpu,167,c_flux_ag,0,0.10186,0.09718,0.09718,0.04066,1410,1
ag,2560,5120,2048,gpu,167,A_fused,3,0.25702,0.25600,0.25702,0.05868,1410,1
ag,2560,5120,2048,gpu,168,c_cublas,2,0.25907,0.25702,0.25702,0.03580,1410,1
ag,2560,5120,2048,gpu,168,c_fluxgemm,0,0.22323,0.22221,0.22323,0.03427,1410,1
ag,2560,5120,2048,gpu,168,c_flux_ag,3,0.09379,0.09098,0.09098,0.03980,1410,1
ag,2560,5120,2048,gpu,168,A_fused,1,0.25702,0.25600,0.25702,0.05790,1410,1
ag,2560,5120,2048,gpu,169,c_cublas,1,0.25907,0.25907,0.25907,0.03612,1410,1
ag,2560,5120,2048,gpu,169,c_fluxgemm,3,0.22118,0.22016,0.22118,0.03447,1410,1
ag,2560,5120,2048,gpu,169,c_flux_ag,0,0.10170,0.10022,0.10170,0.03900,1410,1
ag,2560,5120,2048,gpu,169,A_fused,2,0.26829,0.26726,0.26829,0.06017,1410,1
ag,2560,5120,2048,gpu,170,c_cublas,2,0.25805,0.25805,0.25805,0.03598,1410,1
ag,2560,5120,2048,gpu,170,c_fluxgemm,1,0.22221,0.22221,0.22221,0.04155,1410,1
ag,2560,5120,2048,gpu,170,c_flux_ag,0,0.10538,0.10525,0.10538,0.04036,1410,1
ag,2560,5120,2048,gpu,170,A_fused,3,0.25600,0.25498,0.25600,0.05897,1410,1
ag,2560,5120,2048,gpu,171,c_cublas,3,0.25805,0.25702,0.25805,0.03625,1410,1
ag,2560,5120,2048,gpu,171,c_fluxgemm,2,0.22118,0.22118,0.22118,0.03425,1410,1
ag,2560,5120,2048,gpu,171,c_flux_ag,1,0.11507,0.11373,0.11507,0.03488,1410,1
ag,2560,5120,2048,gpu,171,A_fused,0,0.25702,0.25498,0.25702,0.05681,1410,1
ag,2560,5120,2048,gpu,172,c_cublas,1,0.25907,0.25907,0.25907,0.03488,1410,1
ag,2560,5120,2048,gpu,172,c_fluxgemm,0,0.22323,0.22221,0.22323,0.03701,1410,1
ag,2560,5120,2048,gpu,172,c_flux_ag,3,0.10432,0.10326,0.10432,0.03518,1410,1
ag,2560,5120,2048,gpu,172,A_fused,2,0.25702,0.25498,0.25702,0.05954,1410,1
ag,2560,5120,2048,gpu,173,c_cublas,2,0.26010,0.25907,0.26010,0.03688,1410,1
ag,2560,5120,2048,gpu,173,c_fluxgemm,0,0.22221,0.22118,0.22221,0.03693,1410,1
ag,2560,5120,2048,gpu,173,c_flux_ag,1,0.10541,0.10170,0.10170,0.03948,1410,1
ag,2560,5120,2048,gpu,173,A_fused,3,0.25702,0.25395,0.25702,0.05881,1410,1
ag,2560,5120,2048,gpu,174,c_cublas,3,0.25805,0.25702,0.25702,0.12934,1410,1
ag,2560,5120,2048,gpu,174,c_fluxgemm,1,0.22118,0.22016,0.22118,0.03371,1410,1
ag,2560,5120,2048,gpu,174,c_flux_ag,2,0.12486,0.12310,0.12310,0.03804,1410,1
ag,2560,5120,2048,gpu,174,A_fused,0,0.25702,0.25600,0.25702,0.05680,1410,1
ag,2560,5120,2048,gpu,175,c_cublas,0,0.25805,0.25805,0.25805,0.03323,1410,1
ag,2560,5120,2048,gpu,175,c_fluxgemm,1,0.22323,0.22221,0.22323,0.03735,1410,1
ag,2560,5120,2048,gpu,175,c_flux_ag,3,0.10480,0.09917,0.10480,0.03641,1410,1
ag,2560,5120,2048,gpu,175,A_fused,2,0.25702,0.25498,0.25702,0.05767,1410,1
ag,2560,5120,2048,gpu,176,c_cublas,2,0.25907,0.25907,0.25907,0.03614,1410,1
ag,2560,5120,2048,gpu,176,c_fluxgemm,3,0.22323,0.22221,0.22323,0.03675,1410,1
ag,2560,5120,2048,gpu,176,c_flux_ag,0,0.11306,0.11203,0.11203,0.03665,1410,1
ag,2560,5120,2048,gpu,176,A_fused,1,0.25600,0.25498,0.25600,0.05428,1410,1
ag,2560,5120,2048,gpu,177,c_cublas,0,0.25805,0.25805,0.25805,0.08518,1410,1
ag,2560,5120,2048,gpu,177,c_fluxgemm,1,0.22221,0.22118,0.22221,0.03715,1410,1
ag,2560,5120,2048,gpu,177,c_flux_ag,3,0.10144,0.10099,0.10099,0.03492,1410,1
ag,2560,5120,2048,gpu,177,A_fused,2,0.26010,0.25600,0.26010,0.05763,1410,1
ag,2560,5120,2048,gpu,178,c_cublas,2,0.25907,0.25702,0.25702,0.03568,1410,1
ag,2560,5120,2048,gpu,178,c_fluxgemm,1,0.22118,0.22016,0.22118,0.03289,1410,1
ag,2560,5120,2048,gpu,178,c_flux_ag,3,0.10131,0.09770,0.09770,0.04116,1410,1
ag,2560,5120,2048,gpu,178,A_fused,0,0.25805,0.25600,0.25805,0.05892,1410,1
ag,2560,5120,2048,gpu,179,c_cublas,1,0.25805,0.25702,0.25702,0.03692,1410,1
ag,2560,5120,2048,gpu,179,c_fluxgemm,3,0.22323,0.22118,0.22323,0.03363,1410,1
ag,2560,5120,2048,gpu,179,c_flux_ag,0,0.10266,0.10112,0.10266,0.03760,1410,1
ag,2560,5120,2048,gpu,179,A_fused,2,0.26522,0.26419,0.26522,0.05905,1410,1
ag,2560,5120,2048,gpu,180,c_cublas,0,0.25805,0.25702,0.25805,0.03584,1410,1
ag,2560,5120,2048,gpu,180,c_fluxgemm,1,0.22323,0.22118,0.22323,0.03598,1410,1
ag,2560,5120,2048,gpu,180,c_flux_ag,2,0.10413,0.09590,0.10413,0.03977,1410,1
ag,2560,5120,2048,gpu,180,A_fused,3,0.25600,0.25498,0.25600,0.05291,1410,1
ag,2560,5120,2048,gpu,181,c_cublas,3,0.25805,0.25702,0.25805,0.03562,1410,1
ag,2560,5120,2048,gpu,181,c_fluxgemm,0,0.22221,0.22118,0.22221,0.03466,1410,1
ag,2560,5120,2048,gpu,181,c_flux_ag,1,0.10435,0.10333,0.10333,0.03875,1410,1
ag,2560,5120,2048,gpu,181,A_fused,2,0.25805,0.25395,0.25805,0.05315,1410,1
ag,2560,5120,2048,gpu,182,c_cublas,0,0.25805,0.25805,0.25805,0.03733,1410,1
ag,2560,5120,2048,gpu,182,c_fluxgemm,3,0.22118,0.22016,0.22118,0.03393,1410,1
ag,2560,5120,2048,gpu,182,c_flux_ag,2,0.10525,0.10435,0.10525,0.03572,1410,1
ag,2560,5120,2048,gpu,182,A_fused,1,0.25805,0.25702,0.25805,0.06167,1410,1
ag,2560,5120,2048,gpu,183,c_cublas,0,0.25805,0.25702,0.25805,0.03628,1410,1
ag,2560,5120,2048,gpu,183,c_fluxgemm,2,0.22323,0.22118,0.22323,0.03292,1410,1
ag,2560,5120,2048,gpu,183,c_flux_ag,3,0.10714,0.10490,0.10714,0.03755,1410,1
ag,2560,5120,2048,gpu,183,A_fused,1,0.25702,0.25498,0.25702,0.06043,1410,1
ag,2560,5120,2048,gpu,184,c_cublas,2,0.25805,0.25805,0.25805,0.03626,1410,1
ag,2560,5120,2048,gpu,184,c_fluxgemm,0,0.22221,0.22221,0.22221,0.03451,1410,1
ag,2560,5120,2048,gpu,184,c_flux_ag,1,0.12698,0.12659,0.12698,0.03885,1410,1
ag,2560,5120,2048,gpu,184,A_fused,3,0.25702,0.25600,0.25702,0.05959,1410,1
ag,2560,5120,2048,gpu,185,c_cublas,1,0.25805,0.25805,0.25805,0.03601,1410,1
ag,2560,5120,2048,gpu,185,c_fluxgemm,3,0.22221,0.22016,0.22221,0.03492,1410,1
ag,2560,5120,2048,gpu,185,c_flux_ag,2,0.10557,0.10198,0.10557,0.04026,1410,1
ag,2560,5120,2048,gpu,185,A_fused,0,0.25600,0.25395,0.25600,0.05681,1410,1
ag,2560,5120,2048,gpu,186,c_cublas,0,0.25907,0.25702,0.25702,0.03642,1410,1
ag,2560,5120,2048,gpu,186,c_fluxgemm,3,0.22118,0.22016,0.22118,0.03263,1410,1
ag,2560,5120,2048,gpu,186,c_flux_ag,1,0.10666,0.10506,0.10666,0.04179,1410,1
ag,2560,5120,2048,gpu,186,A_fused,2,0.25702,0.25498,0.25702,0.05379,1410,1
ag,2560,5120,2048,gpu,187,c_cublas,0,0.25805,0.25805,0.25805,0.06468,1410,1
ag,2560,5120,2048,gpu,187,c_fluxgemm,1,0.22323,0.22118,0.22323,0.03754,1410,1
ag,2560,5120,2048,gpu,187,c_flux_ag,2,0.10525,0.10506,0.10506,0.04785,1410,1
ag,2560,5120,2048,gpu,187,A_fused,3,0.25702,0.25498,0.25702,0.05712,1410,1
ag,2560,5120,2048,gpu,188,c_cublas,0,0.25907,0.25907,0.25907,0.03585,1410,1
ag,2560,5120,2048,gpu,188,c_fluxgemm,2,0.22323,0.22118,0.22323,0.03683,1410,1
ag,2560,5120,2048,gpu,188,c_flux_ag,1,0.10717,0.10602,0.10717,0.04142,1410,1
ag,2560,5120,2048,gpu,188,A_fused,3,0.25600,0.25498,0.25600,0.05427,1410,1
ag,2560,5120,2048,gpu,189,c_cublas,0,0.25805,0.25702,0.25805,0.03565,1410,1
ag,2560,5120,2048,gpu,189,c_fluxgemm,3,0.22118,0.22016,0.22118,0.03344,1410,1
ag,2560,5120,2048,gpu,189,c_flux_ag,1,0.12739,0.12726,0.12739,0.04081,1410,1
ag,2560,5120,2048,gpu,189,A_fused,2,0.25600,0.25395,0.25600,0.05363,1410,1
ag,2560,5120,2048,gpu,190,c_cublas,0,0.25907,0.25805,0.25805,0.03636,1410,1
ag,2560,5120,2048,gpu,190,c_fluxgemm,2,0.22221,0.22016,0.22221,0.03646,1410,1
ag,2560,5120,2048,gpu,190,c_flux_ag,1,0.10573,0.10429,0.10429,0.04181,1410,1
ag,2560,5120,2048,gpu,190,A_fused,3,0.25702,0.25395,0.25702,0.05686,1410,1
ag,2560,5120,2048,gpu,191,c_cublas,3,0.25805,0.25805,0.25805,0.03633,1410,1
ag,2560,5120,2048,gpu,191,c_fluxgemm,2,0.22118,0.22118,0.22118,0.03418,1410,1
ag,2560,5120,2048,gpu,191,c_flux_ag,1,0.08902,0.08765,0.08902,0.03537,1410,1
ag,2560,5120,2048,gpu,191,A_fused,0,0.25702,0.25395,0.25702,0.05856,1410,1
ag,2560,5120,2048,gpu,192,c_cublas,3,0.25907,0.25907,0.25907,0.03660,1410,1
ag,2560,5120,2048,gpu,192,c_fluxgemm,1,0.22323,0.22118,0.22323,0.03334,1410,1
ag,2560,5120,2048,gpu,192,c_flux_ag,2,0.10550,0.10256,0.10550,0.03827,1410,1
ag,2560,5120,2048,gpu,192,A_fused,0,0.26010,0.25600,0.26010,0.06169,1410,1
ag,2560,5120,2048,gpu,193,c_cublas,0,0.25805,0.25805,0.25805,0.03395,1410,1
ag,2560,5120,2048,gpu,193,c_fluxgemm,2,0.22118,0.22118,0.22118,0.03434,1410,1
ag,2560,5120,2048,gpu,193,c_flux_ag,3,0.10163,0.10106,0.10106,0.03909,1410,1
ag,2560,5120,2048,gpu,193,A_fused,1,0.25805,0.25498,0.25805,0.06905,1410,1
ag,2560,5120,2048,gpu,194,c_cublas,1,0.25805,0.25805,0.25805,0.03614,1410,1
ag,2560,5120,2048,gpu,194,c_fluxgemm,0,0.22118,0.22016,0.22118,0.03523,1410,1
ag,2560,5120,2048,gpu,194,c_flux_ag,2,0.12954,0.12794,0.12954,0.04036,1410,1
ag,2560,5120,2048,gpu,194,A_fused,3,0.26010,0.25498,0.26010,0.05589,1410,1
ag,2560,5120,2048,gpu,195,c_cublas,1,0.25907,0.25907,0.25907,0.03628,1410,1
ag,2560,5120,2048,gpu,195,c_fluxgemm,3,0.22323,0.22221,0.22323,0.03558,1410,1
ag,2560,5120,2048,gpu,195,c_flux_ag,2,0.10467,0.10346,0.10467,0.03989,1410,1
ag,2560,5120,2048,gpu,195,A_fused,0,0.73421,0.27750,0.27750,0.06327,1410,1
ag,2560,5120,2048,gpu,196,c_cublas,3,0.25907,0.25907,0.25907,0.03594,1410,1
ag,2560,5120,2048,gpu,196,c_fluxgemm,0,0.22221,0.22118,0.22221,0.03339,1410,1
ag,2560,5120,2048,gpu,196,c_flux_ag,2,0.09354,0.08605,0.09354,0.03526,1410,1
ag,2560,5120,2048,gpu,196,A_fused,1,0.25702,0.25498,0.25702,0.05721,1410,1
ag,2560,5120,2048,gpu,197,c_cublas,3,0.25907,0.25805,0.25805,0.03553,1410,1
ag,2560,5120,2048,gpu,197,c_fluxgemm,0,0.22426,0.22323,0.22426,0.03790,1410,1
ag,2560,5120,2048,gpu,197,c_flux_ag,1,0.10544,0.10275,0.10544,0.04033,1410,1
ag,2560,5120,2048,gpu,197,A_fused,2,0.25702,0.25498,0.25702,0.05391,1410,1
ag,2560,5120,2048,gpu,198,c_cublas,3,0.25805,0.25702,0.25805,0.03563,1410,1
ag,2560,5120,2048,gpu,198,c_fluxgemm,1,0.22323,0.22221,0.22323,0.03788,1410,1
ag,2560,5120,2048,gpu,198,c_flux_ag,0,0.10669,0.10397,0.10397,0.04203,1410,1
ag,2560,5120,2048,gpu,198,A_fused,2,0.25600,0.25395,0.25600,0.05749,1410,1
ag,2560,5120,2048,gpu,199,c_cublas,1,0.25805,0.25805,0.25805,0.03474,1410,1
ag,2560,5120,2048,gpu,199,c_fluxgemm,2,0.22323,0.22221,0.22323,0.03679,1410,1
ag,2560,5120,2048,gpu,199,c_flux_ag,3,0.12470,0.12432,0.12470,0.03991,1410,1
ag,2560,5120,2048,gpu,199,A_fused,0,0.25702,0.25600,0.25702,0.05946,1410,1
ag,2560,5120,2048,steady,0,c_cublas,1,0.27290,0.26918,0.27290,0.01361,0,1
ag,2560,5120,2048,steady,0,c_fluxgemm,2,0.22982,0.22733,0.22982,0.01814,0,1
ag,2560,5120,2048,steady,0,c_flux_ag,3,0.09509,0.09508,0.09508,0.02825,0,1
ag,2560,5120,2048,steady,0,A_fused,0,0.26387,0.26259,0.26387,0.03627,0,1
ag,2560,5120,2048,steady,1,c_cublas,0,0.27475,0.27123,0.27475,0.01316,0,1
ag,2560,5120,2048,steady,1,c_fluxgemm,3,0.23027,0.22758,0.23027,0.01795,0,1
ag,2560,5120,2048,steady,1,c_flux_ag,1,0.08827,0.08780,0.08827,0.02798,0,1
ag,2560,5120,2048,steady,1,A_fused,2,0.26131,0.26112,0.26131,0.03533,0,1
ag,2560,5120,2048,steady,2,c_cublas,2,0.27040,0.26624,0.27040,0.01321,1335,1
ag,2560,5120,2048,steady,2,c_fluxgemm,0,0.22886,0.22483,0.22886,0.01756,1335,1
ag,2560,5120,2048,steady,2,c_flux_ag,3,0.08830,0.08814,0.08814,0.02826,1335,1
ag,2560,5120,2048,steady,2,A_fused,1,0.26080,0.26061,0.26080,0.03605,1335,1
ag,2560,5120,2048,steady,3,c_cublas,2,0.27040,0.26522,0.27040,0.01304,1335,1
ag,2560,5120,2048,steady,3,c_fluxgemm,0,0.22918,0.22579,0.22918,0.01789,1335,1
ag,2560,5120,2048,steady,3,c_flux_ag,1,0.09629,0.09604,0.09604,0.02774,1335,1
ag,2560,5120,2048,steady,3,A_fused,3,0.25869,0.25843,0.25869,0.03648,1335,1
ag,2560,5120,2048,steady,4,c_cublas,2,0.27027,0.26522,0.27027,0.01292,1335,1
ag,2560,5120,2048,steady,4,c_fluxgemm,3,0.22803,0.22381,0.22803,0.01818,1335,1
ag,2560,5120,2048,steady,4,c_flux_ag,0,0.08810,0.08736,0.08736,0.02759,1335,1
ag,2560,5120,2048,steady,4,A_fused,1,0.25952,0.25952,0.25952,0.03600,1335,1
ag,2560,5120,2048,steady,5,c_cublas,2,0.27014,0.26234,0.27014,0.01312,1335,1
ag,2560,5120,2048,steady,5,c_fluxgemm,0,0.22880,0.22157,0.22880,0.01749,1335,1
ag,2560,5120,2048,steady,5,c_flux_ag,1,0.09273,0.09259,0.09273,0.02798,1335,1
ag,2560,5120,2048,steady,5,A_fused,3,0.25869,0.25824,0.25869,0.03631,1335,1
ag,2560,5120,2048,steady,6,c_cublas,2,0.27027,0.26234,0.27027,0.01312,1335,1
ag,2560,5120,2048,steady,6,c_fluxgemm,3,0.22931,0.22221,0.22931,0.01844,1335,1
ag,2560,5120,2048,steady,6,c_flux_ag,0,0.08797,0.08705,0.08705,0.02788,1335,1
ag,2560,5120,2048,steady,6,A_fused,1,0.26048,0.26010,0.26048,0.03667,1335,1
ag,2560,5120,2048,steady,7,c_cublas,3,0.27731,0.26227,0.27731,0.01409,1335,1
ag,2560,5120,2048,steady,7,c_fluxgemm,1,0.23002,0.22195,0.23002,0.01793,1335,1
ag,2560,5120,2048,steady,7,c_flux_ag,2,0.08979,0.08921,0.08979,0.02841,1335,1
ag,2560,5120,2048,steady,7,A_fused,0,0.26560,0.26554,0.26554,0.03558,1335,1
ag,2560,5120,2048,steady,8,c_cublas,2,0.27910,0.26240,0.27910,0.01284,1335,1
ag,2560,5120,2048,steady,8,c_fluxgemm,3,0.23552,0.22195,0.23552,0.01825,1335,1
ag,2560,5120,2048,steady,8,c_flux_ag,0,0.09155,0.09081,0.09081,0.02748,1335,1
ag,2560,5120,2048,steady,8,A_fused,1,0.26790,0.26694,0.26790,0.03633,1335,1
ag,2560,5120,2048,steady,9,c_cublas,0,0.27955,0.26234,0.27955,0.01296,1335,1
ag,2560,5120,2048,steady,9,c_fluxgemm,1,0.23270,0.22202,0.23270,0.01804,1335,1
ag,2560,5120,2048,steady,9,c_flux_ag,3,0.09109,0.09092,0.09092,0.02759,1335,1
ag,2560,5120,2048,steady,9,A_fused,2,0.26579,0.26515,0.26579,0.03615,1335,1
ag,2560,5120,2048,steady,10,c_cublas,1,0.27584,0.26227,0.27584,0.01305,1335,1
ag,2560,5120,2048,steady,10,c_fluxgemm,2,0.23091,0.22163,0.23091,0.01817,1335,1
ag,2560,5120,2048,steady,10,c_flux_ag,0,0.08597,0.08567,0.08567,0.02757,1335,1
ag,2560,5120,2048,steady,10,A_fused,3,0.26054,0.26035,0.26054,0.03568,1335,1
ag,2560,5120,2048,steady,11,c_cublas,2,0.27027,0.26362,0.27027,0.01294,1335,1
ag,2560,5120,2048,steady,11,c_fluxgemm,0,0.22886,0.22586,0.22886,0.01767,1335,1
ag,2560,5120,2048,steady,11,c_flux_ag,3,0.09555,0.09545,0.09555,0.02758,1335,1
ag,2560,5120,2048,steady,11,A_fused,1,0.25862,0.25830,0.25862,0.03543,1335,1
ag,2560,5120,2048,steady,12,c_cublas,2,0.27597,0.26611,0.27597,0.01303,1335,1
ag,2560,5120,2048,steady,12,c_fluxgemm,3,0.23277,0.22496,0.23277,0.01789,1335,1
ag,2560,5120,2048,steady,12,c_flux_ag,1,0.08914,0.08903,0.08914,0.02779,1335,1
ag,2560,5120,2048,steady,12,A_fused,0,0.26419,0.26394,0.26394,0.03609,1335,1
ag,2560,5120,2048,steady,13,c_cublas,1,0.27571,0.26598,0.27571,0.01300,1335,1
ag,2560,5120,2048,steady,13,c_fluxgemm,0,0.23360,0.22451,0.23360,0.01751,1335,1
ag,2560,5120,2048,steady,13,c_flux_ag,3,0.08840,0.08837,0.08840,0.02780,1335,1
ag,2560,5120,2048,steady,13,A_fused,2,0.26458,0.26413,0.26458,0.03631,1335,1
ag,2560,5120,2048,steady,14,c_cublas,3,0.27398,0.26605,0.27398,0.01297,1335,1
ag,2560,5120,2048,steady,14,c_fluxgemm,0,0.23309,0.22598,0.23309,0.01784,1335,1
ag,2560,5120,2048,steady,14,c_flux_ag,1,0.09041,0.09032,0.09041,0.02802,1335,1
ag,2560,5120,2048,steady,14,A_fused,2,0.26298,0.26253,0.26298,0.03534,1335,1
ag,2560,5120,2048,steady,15,c_cublas,3,0.27168,0.26605,0.27168,0.01290,1320,1
ag,2560,5120,2048,steady,15,c_fluxgemm,0,0.23066,0.22477,0.23066,0.01785,1320,1
ag,2560,5120,2048,steady,15,c_flux_ag,1,0.09330,0.09302,0.09302,0.02770,1320,1
ag,2560,5120,2048,steady,15,A_fused,2,0.26074,0.26042,0.26074,0.03595,1320,1
ag,2560,5120,2048,steady,16,c_cublas,2,0.26899,0.26490,0.26899,0.01294,1320,1
ag,2560,5120,2048,steady,16,c_fluxgemm,1,0.22944,0.22502,0.22944,0.01772,1320,1
ag,2560,5120,2048,steady,16,c_flux_ag,0,0.08935,0.08848,0.08848,0.02828,1320,1
ag,2560,5120,2048,steady,16,A_fused,3,0.26029,0.25997,0.26029,0.03653,1320,1
ag,2560,5120,2048,steady,17,c_cublas,2,0.26874,0.26374,0.26874,0.01353,1320,1
ag,2560,5120,2048,steady,17,c_fluxgemm,1,0.22688,0.22272,0.22688,0.01764,1320,1
ag,2560,5120,2048,steady,17,c_flux_ag,0,0.08815,0.08717,0.08717,0.02800,1320,1
ag,2560,5120,2048,steady,17,A_fused,3,0.25952,0.25914,0.25952,0.03655,1320,1
ag,2560,5120,2048,steady,18,c_cublas,1,0.26861,0.26362,0.26861,0.01787,1320,1
ag,2560,5120,2048,steady,18,c_fluxgemm,2,0.22656,0.22234,0.22656,0.01783,1320,1
ag,2560,5120,2048,steady,18,c_flux_ag,3,0.09665,0.09658,0.09658,0.02802,1320,1
ag,2560,5120,2048,steady,18,A_fused,0,0.25901,0.25869,0.25901,0.03661,1320,1
ag,2560,5120,2048,steady,19,c_cublas,3,0.27162,0.26362,0.27162,0.01300,1335,1
ag,2560,5120,2048,steady,19,c_fluxgemm,1,0.22912,0.22278,0.22912,0.01752,1335,1
ag,2560,5120,2048,steady,19,c_flux_ag,2,0.08683,0.08664,0.08664,0.02810,1335,1
ag,2560,5120,2048,steady,19,A_fused,0,0.25971,0.25901,0.25971,0.03614,1335,1
ag,2560,5120,2048,steady,20,c_cublas,1,0.27174,0.26381,0.27174,0.01335,1335,1
ag,2560,5120,2048,steady,20,c_fluxgemm,0,0.23072,0.22246,0.23072,0.01803,1335,1
ag,2560,5120,2048,steady,20,c_flux_ag,2,0.09833,0.09785,0.09833,0.02786,1335,1
ag,2560,5120,2048,steady,20,A_fused,3,0.26016,0.25978,0.26016,0.03583,1335,1
ag,2560,5120,2048,steady,21,c_cublas,2,0.27162,0.26374,0.27162,0.01304,1335,1
ag,2560,5120,2048,steady,21,c_fluxgemm,1,0.22938,0.22272,0.22938,0.01736,1335,1
ag,2560,5120,2048,steady,21,c_flux_ag,3,0.09548,0.09533,0.09548,0.02828,1335,1
ag,2560,5120,2048,steady,21,A_fused,0,0.26150,0.26106,0.26106,0.03621,1335,1
ag,2560,5120,2048,steady,22,c_cublas,1,0.27482,0.26355,0.27482,0.01301,1305,1
ag,2560,5120,2048,steady,22,c_fluxgemm,0,0.23200,0.22406,0.23200,0.01791,1305,1
ag,2560,5120,2048,steady,22,c_flux_ag,3,0.08856,0.08838,0.08856,0.02787,1305,1
ag,2560,5120,2048,steady,22,A_fused,2,0.26573,0.26515,0.26573,0.03579,1305,1
ag,2560,5120,2048,steady,23,c_cublas,3,0.26880,0.26355,0.26880,0.01300,1305,1
ag,2560,5120,2048,steady,23,c_fluxgemm,1,0.23181,0.22278,0.23181,0.01797,1305,1
ag,2560,5120,2048,steady,23,c_flux_ag,0,0.08671,0.08663,0.08663,0.02764,1305,1
ag,2560,5120,2048,steady,23,A_fused,2,0.26144,0.26118,0.26144,0.03625,1305,1
ag,2560,5120,2048,steady,24,c_cublas,0,0.27021,0.26368,0.27021,0.01321,1305,1
ag,2560,5120,2048,steady,24,c_fluxgemm,3,0.22694,0.22278,0.22694,0.01735,1305,1
ag,2560,5120,2048,steady,24,c_flux_ag,1,0.09606,0.09578,0.09606,0.02799,1305,1
ag,2560,5120,2048,steady,24,A_fused,2,0.25792,0.25766,0.25792,0.03615,1305,1
ag,2560,5120,2048,steady,25,c_cublas,3,0.26579,0.26368,0.26579,0.01506,1305,1
ag,2560,5120,2048,steady,25,c_fluxgemm,2,0.22426,0.22240,0.22426,0.01754,1305,1
ag,2560,5120,2048,steady,25,c_flux_ag,0,0.08690,0.08612,0.08612,0.02860,1305,1
ag,2560,5120,2048,steady,25,A_fused,1,0.26035,0.25901,0.26035,0.03583,1305,1
ag,2560,5120,2048,steady,26,c_cublas,3,0.27168,0.26944,0.27168,0.01310,1320,1
ag,2560,5120,2048,steady,26,c_fluxgemm,1,0.22618,0.22272,0.22618,0.01801,1320,1
ag,2560,5120,2048,steady,26,c_flux_ag,2,0.08839,0.08805,0.08839,0.02801,1320,1
ag,2560,5120,2048,steady,26,A_fused,0,0.25997,0.25926,0.25926,0.03655,1320,1
ag,2560,5120,2048,steady,27,c_cublas,3,0.27162,0.26931,0.27162,0.01308,1320,1
ag,2560,5120,2048,steady,27,c_fluxgemm,0,0.23066,0.22752,0.23066,0.01825,1320,1
ag,2560,5120,2048,steady,27,c_flux_ag,2,0.09060,0.09035,0.09035,0.02736,1320,1
ag,2560,5120,2048,steady,27,A_fused,1,0.26246,0.26234,0.26246,0.03651,1320,1
ag,2560,5120,2048,steady,28,c_cublas,0,0.27456,0.26643,0.27456,0.01277,1320,1
ag,2560,5120,2048,steady,28,c_fluxgemm,3,0.23277,0.22502,0.23277,0.01782,1320,1
ag,2560,5120,2048,steady,28,c_flux_ag,2,0.09004,0.08974,0.09004,0.02731,1320,1
ag,2560,5120,2048,steady,28,A_fused,1,0.26490,0.26451,0.26490,0.03622,1320,1
ag,2560,5120,2048,steady,29,c_cublas,3,0.27603,0.26618,0.27603,0.01798,1320,1
ag,2560,5120,2048,steady,29,c_fluxgemm,1,0.23245,0.22483,0.23245,0.01746,1320,1
ag,2560,5120,2048,steady,29,c_flux_ag,2,0.09392,0.09390,0.09392,0.02795,1320,1
ag,2560,5120,2048,steady,29,A_fused,0,0.26598,0.26522,0.26522,0.03760,1320,1
ag,2560,5120,2048,steady,30,c_cublas,0,0.27808,0.26605,0.27808,0.01322,1305,1
ag,2560,5120,2048,steady,30,c_fluxgemm,3,0.23200,0.22496,0.23200,0.01772,1305,1
ag,2560,5120,2048,steady,30,c_flux_ag,2,0.09199,0.09191,0.09191,0.02771,1305,1
ag,2560,5120,2048,steady,30,A_fused,1,0.26502,0.26464,0.26502,0.03599,1305,1
ag,2560,5120,2048,steady,31,c_cublas,2,0.27302,0.26605,0.27302,0.01315,1305,1
ag,2560,5120,2048,steady,31,c_fluxgemm,3,0.23034,0.22502,0.23034,0.01838,1305,1
ag,2560,5120,2048,steady,31,c_flux_ag,0,0.08689,0.08643,0.08643,0.02764,1305,1
ag,2560,5120,2048,steady,31,A_fused,1,0.26246,0.26208,0.26246,0.03630,1305,1
ag,2560,5120,2048,steady,32,c_cublas,2,0.27610,0.26618,0.27610,0.01303,1305,1
ag,2560,5120,2048,steady,32,c_fluxgemm,3,0.23258,0.22509,0.23258,0.01891,1305,1
ag,2560,5120,2048,steady,32,c_flux_ag,1,0.08990,0.08977,0.08977,0.02766,1305,1
ag,2560,5120,2048,steady,32,A_fused,0,0.26618,0.26432,0.26432,0.03635,1305,1
ag,2560,5120,2048,steady,33,c_cublas,1,0.27584,0.26598,0.27584,0.01303,1305,1
ag,2560,5120,2048,steady,33,c_fluxgemm,3,0.23834,0.22771,0.23834,0.01846,1305,1
ag,2560,5120,2048,steady,33,c_flux_ag,2,0.09022,0.09005,0.09005,0.02780,1305,1
ag,2560,5120,2048,steady,33,A_fused,0,0.26803,0.26758,0.26758,0.03657,1305,1
ag,2560,5120,2048,steady,34,c_cublas,3,0.28269,0.26925,0.28269,0.01285,1275,1
ag,2560,5120,2048,steady,34,c_fluxgemm,0,0.23910,0.22726,0.23910,0.01815,1275,1
ag,2560,5120,2048,steady,34,c_flux_ag,1,0.09703,0.09685,0.09685,0.02765,1275,1
ag,2560,5120,2048,steady,34,A_fused,2,0.27008,0.26938,0.27008,0.03618,1275,1
ag,2560,5120,2048,steady,35,c_cublas,2,0.27885,0.26918,0.27885,0.01295,1275,1
ag,2560,5120,2048,steady,35,c_fluxgemm,3,0.23482,0.22778,0.23482,0.01837,1275,1
ag,2560,5120,2048,steady,35,c_flux_ag,1,0.09156,0.09147,0.09156,0.02746,1275,1
ag,2560,5120,2048,steady,35,A_fused,0,0.27226,0.27219,0.27219,0.03640,1275,1
ag,2560,5120,2048,steady,36,c_cublas,2,0.27507,0.26944,0.27507,0.01350,1275,1
ag,2560,5120,2048,steady,36,c_fluxgemm,1,0.23309,0.22739,0.23309,0.01749,1275,1
ag,2560,5120,2048,steady,36,c_flux_ag,3,0.09684,0.09625,0.09625,0.02899,1275,1
ag,2560,5120,2048,steady,36,A_fused,0,0.26886,0.26854,0.26854,0.03646,1275,1
ag,2560,5120,2048,steady,37,c_cublas,2,0.27469,0.26931,0.27469,0.01294,1305,1
ag,2560,5120,2048,steady,37,c_fluxgemm,0,0.23322,0.22886,0.23322,0.01792,1305,1
ag,2560,5120,2048,steady,37,c_flux_ag,3,0.09727,0.09693,0.09693,0.02772,1305,1
ag,2560,5120,2048,steady,37,A_fused,1,0.26278,0.26253,0.26278,0.03635,1305,1
ag,2560,5120,2048,steady,38,c_cublas,3,0.27462,0.26912,0.27462,0.01346,1305,1
ag,2560,5120,2048,steady,38,c_fluxgemm,1,0.23194,0.22778,0.23194,0.01943,1305,1
ag,2560,5120,2048,steady,38,c_flux_ag,0,0.08684,0.08664,0.08664,0.02745,1305,1
ag,2560,5120,2048,steady,38,A_fused,2,0.26323,0.26291,0.26323,0.03571,1305,1
ag,2560,5120,2048,steady,39,c_cublas,0,0.27578,0.26918,0.27578,0.01267,1305,1
ag,2560,5120,2048,steady,39,c_fluxgemm,1,0.22938,0.22534,0.22938,0.01851,1305,1
ag,2560,5120,2048,steady,39,c_flux_ag,2,0.09772,0.09730,0.09730,0.02758,1305,1
ag,2560,5120,2048,steady,39,A_fused,3,0.26074,0.26042,0.26074,0.03623,1305,1
ag,2560,5120,2048,steady,40,c_cublas,2,0.27334,0.26720,0.27334,0.01300,1305,1
ag,2560,5120,2048,steady,40,c_fluxgemm,1,0.22938,0.22515,0.22938,0.01757,1305,1
ag,2560,5120,2048,steady,40,c_flux_ag,3,0.09562,0.09551,0.09562,0.02779,1305,1
ag,2560,5120,2048,steady,40,A_fused,0,0.26150,0.26131,0.26150,0.03617,1305,1
ag,2560,5120,2048,steady,41,c_cublas,3,0.27469,0.26912,0.27469,0.01308,1305,1
ag,2560,5120,2048,steady,41,c_fluxgemm,1,0.23187,0.22778,0.23187,0.01789,1305,1
ag,2560,5120,2048,steady,41,c_flux_ag,0,0.08761,0.08711,0.08711,0.02771,1305,1
ag,2560,5120,2048,steady,41,A_fused,2,0.26323,0.26298,0.26323,0.03621,1305,1
ag,2560,5120,2048,steady,42,c_cublas,3,0.27168,0.26918,0.27168,0.01305,1305,1
ag,2560,5120,2048,steady,42,c_fluxgemm,0,0.23347,0.22720,0.23347,0.01867,1305,1
ag,2560,5120,2048,steady,42,c_flux_ag,1,0.09739,0.09734,0.09739,0.02770,1305,1
ag,2560,5120,2048,steady,42,A_fused,2,0.26266,0.26253,0.26266,0.03589,1305,1
ag,2560,5120,2048,steady,43,c_cublas,2,0.27168,0.26931,0.27168,0.01301,1305,1
ag,2560,5120,2048,steady,43,c_fluxgemm,3,0.22963,0.22771,0.22963,0.01758,1305,1
ag,2560,5120,2048,steady,43,c_flux_ag,1,0.09029,0.08987,0.09029,0.02774,1305,1
ag,2560,5120,2048,steady,43,A_fused,0,0.26400,0.26310,0.26310,0.03584,1305,1
ag,2560,5120,2048,steady,44,c_cublas,0,0.27354,0.27008,0.27354,0.01318,1320,1
ag,2560,5120,2048,steady,44,c_fluxgemm,2,0.22925,0.22726,0.22925,0.01787,1320,1
ag,2560,5120,2048,steady,44,c_flux_ag,1,0.09728,0.09724,0.09724,0.02773,1320,1
ag,2560,5120,2048,steady,44,A_fused,3,0.26042,0.26029,0.26042,0.03566,1320,1
ag,2560,5120,2048,steady,45,c_cublas,1,0.26867,0.26618,0.26867,0.01294,1320,1
ag,2560,5120,2048,steady,45,c_fluxgemm,0,0.23040,0.22643,0.23040,0.01774,1320,1
ag,2560,5120,2048,steady,45,c_flux_ag,3,0.08883,0.08850,0.08883,0.02796,1320,1
ag,2560,5120,2048,steady,45,A_fused,2,0.25984,0.25971,0.25984,0.03579,1320,1
ag,2560,5120,2048,steady,46,c_cublas,1,0.26861,0.26765,0.26861,0.01356,1320,1
ag,2560,5120,2048,steady,46,c_fluxgemm,3,0.22451,0.22381,0.22451,0.01803,1320,1
ag,2560,5120,2048,steady,46,c_flux_ag,0,0.08658,0.08617,0.08617,0.02741,1320,1
ag,2560,5120,2048,steady,46,A_fused,2,0.26106,0.26099,0.26106,0.03598,1320,1
ag,2560,5120,2048,steady,47,c_cublas,3,0.26733,0.26502,0.26733,0.01301,1320,1
ag,2560,5120,2048,steady,47,c_fluxgemm,0,0.22541,0.22394,0.22541,0.01763,1320,1
ag,2560,5120,2048,steady,47,c_flux_ag,2,0.08986,0.08939,0.08986,0.02743,1320,1
ag,2560,5120,2048,steady,47,A_fused,1,0.25747,0.25741,0.25747,0.03612,1320,1
ag,2560,5120,2048,steady,48,c_cublas,2,0.27814,0.26765,0.27814,0.01354,1290,1
ag,2560,5120,2048,steady,48,c_fluxgemm,0,0.23584,0.22605,0.23584,0.01832,1290,1
ag,2560,5120,2048,steady,48,c_flux_ag,3,0.09148,0.09138,0.09138,0.02778,1290,1
ag,2560,5120,2048,steady,48,A_fused,1,0.26669,0.26611,0.26669,0.03557,1290,1
ag,2560,5120,2048,steady,49,c_cublas,2,0.27904,0.26778,0.27904,0.01298,1290,1
ag,2560,5120,2048,steady,49,c_fluxgemm,3,0.23386,0.22624,0.23386,0.01836,1290,1
ag,2560,5120,2048,steady,49,c_flux_ag,1,0.08883,0.08879,0.08879,0.02764,1290,1
ag,2560,5120,2048,steady,49,A_fused,0,0.26790,0.26771,0.26790,0.03571,1290,1
ag,2560,5120,8192,gpu,0,c_cublas,0,0.80896,0.75776,0.80896,0.04457,0,1
ag,2560,5120,8192,gpu,0,c_fluxgemm,2,0.86528,0.84582,0.86528,0.03964,0,1
ag,2560,5120,8192,gpu,0,c_flux_ag,3,0.28941,0.28906,0.28906,0.03893,0,1
ag,2560,5120,8192,gpu,0,A_fused,1,0.95539,0.93594,0.95539,0.06330,0,1
ag,2560,5120,8192,gpu,1,c_cublas,1,0.77210,0.75878,0.77210,0.03664,0,1
ag,2560,5120,8192,gpu,1,c_fluxgemm,0,0.86426,0.84582,0.86426,0.03555,0,1
ag,2560,5120,8192,gpu,1,c_flux_ag,2,0.26429,0.26355,0.26429,0.04151,0,1
ag,2560,5120,8192,gpu,1,A_fused,3,0.95642,0.93798,0.95642,0.05550,0,1
ag,2560,5120,8192,gpu,2,c_cublas,0,0.77005,0.75776,0.77005,0.03653,0,1
ag,2560,5120,8192,gpu,2,c_fluxgemm,2,0.86528,0.84480,0.86528,0.03461,0,1
ag,2560,5120,8192,gpu,2,c_flux_ag,3,0.24490,0.24170,0.24490,0.03862,0,1
ag,2560,5120,8192,gpu,2,A_fused,1,0.95949,0.94106,0.95949,0.06092,0,1
ag,2560,5120,8192,gpu,3,c_cublas,1,0.77005,0.75878,0.77005,0.03712,0,1
ag,2560,5120,8192,gpu,3,c_fluxgemm,3,0.86528,0.84480,0.86528,0.03567,0,1
ag,2560,5120,8192,gpu,3,c_flux_ag,2,0.24422,0.24381,0.24381,0.04069,0,1
ag,2560,5120,8192,gpu,3,A_fused,0,0.95334,0.93594,0.95334,0.05802,0,1
ag,2560,5120,8192,gpu,4,c_cublas,2,0.77107,0.75776,0.77107,0.03686,0,1
ag,2560,5120,8192,gpu,4,c_fluxgemm,0,0.86426,0.84480,0.86426,0.03473,0,1
ag,2560,5120,8192,gpu,4,c_flux_ag,1,0.28774,0.28573,0.28573,0.03916,0,1
ag,2560,5120,8192,gpu,4,A_fused,3,0.95642,0.93594,0.95642,0.06179,0,1
ag,2560,5120,8192,gpu,5,c_cublas,2,0.77005,0.75776,0.77005,0.03649,0,1
ag,2560,5120,8192,gpu,5,c_fluxgemm,0,0.86733,0.84582,0.86733,0.03594,0,1
ag,2560,5120,8192,gpu,5,c_flux_ag,1,0.24570,0.23914,0.24570,0.03917,0,1
ag,2560,5120,8192,gpu,5,A_fused,3,0.95437,0.93389,0.95437,0.06561,0,1
ag,2560,5120,8192,gpu,6,c_cublas,3,0.77107,0.75776,0.77107,0.03607,0,1
ag,2560,5120,8192,gpu,6,c_fluxgemm,0,0.86630,0.84480,0.86630,0.03645,0,1
ag,2560,5120,8192,gpu,6,c_flux_ag,1,0.25610,0.25555,0.25610,0.03920,0,1
ag,2560,5120,8192,gpu,6,A_fused,2,0.95744,0.93594,0.95744,0.05343,0,1
ag,2560,5120,8192,gpu,7,c_cublas,2,0.77107,0.75776,0.77107,0.03651,0,1
ag,2560,5120,8192,gpu,7,c_fluxgemm,0,0.86528,0.84582,0.86528,0.03805,0,1
ag,2560,5120,8192,gpu,7,c_flux_ag,3,0.24288,0.24106,0.24106,0.04047,0,1
ag,2560,5120,8192,gpu,7,A_fused,1,0.95027,0.92877,0.95027,0.05871,0,1
ag,2560,5120,8192,gpu,8,c_cublas,0,0.77005,0.75776,0.77005,0.03730,1395,1
ag,2560,5120,8192,gpu,8,c_fluxgemm,2,0.86630,0.84378,0.86630,0.04291,1395,1
ag,2560,5120,8192,gpu,8,c_flux_ag,3,0.27430,0.27411,0.27411,0.03812,1395,1
ag,2560,5120,8192,gpu,8,A_fused,1,0.96051,0.93901,0.96051,0.06253,1395,1
ag,2560,5120,8192,gpu,9,c_cublas,0,0.77107,0.75878,0.77107,0.03749,1395,1
ag,2560,5120,8192,gpu,9,c_fluxgemm,2,0.86630,0.84685,0.86630,0.03626,1395,1
ag,2560,5120,8192,gpu,9,c_flux_ag,1,0.26301,0.26093,0.26301,0.04150,1395,1
ag,2560,5120,8192,gpu,9,A_fused,3,0.95846,0.93901,0.95846,0.05644,1395,1
ag,2560,5120,8192,gpu,10,c_cublas,2,0.77005,0.75878,0.77005,0.03652,1395,1
ag,2560,5120,8192,gpu,10,c_fluxgemm,3,0.86426,0.84378,0.86426,0.03735,1395,1
ag,2560,5120,8192,gpu,10,c_flux_ag,1,0.29216,0.29066,0.29216,0.03578,1395,1
ag,2560,5120,8192,gpu,10,A_fused,0,0.95744,0.93696,0.95744,0.05617,1395,1
ag,2560,5120,8192,gpu,11,c_cublas,1,0.77107,0.75878,0.77107,0.03591,1395,1
ag,2560,5120,8192,gpu,11,c_fluxgemm,0,0.86426,0.84378,0.86426,0.03538,1395,1
ag,2560,5120,8192,gpu,11,c_flux_ag,3,0.25741,0.25658,0.25658,0.03636,1395,1
ag,2560,5120,8192,gpu,11,A_fused,2,0.95642,0.93594,0.95642,0.06259,1395,1
ag,2560,5120,8192,gpu,12,c_cublas,2,0.77005,0.75878,0.77005,0.03708,1395,1
ag,2560,5120,8192,gpu,12,c_fluxgemm,1,0.86323,0.84378,0.86323,0.03784,1395,1
ag,2560,5120,8192,gpu,12,c_flux_ag,0,0.26064,0.25830,0.26064,0.03705,1395,1
ag,2560,5120,8192,gpu,12,A_fused,3,0.95642,0.93594,0.95642,0.06096,1395,1
ag,2560,5120,8192,gpu,13,c_cublas,1,0.76800,0.75776,0.76800,0.03661,1395,1
ag,2560,5120,8192,gpu,13,c_fluxgemm,2,0.86221,0.84582,0.86221,0.03708,1395,1
ag,2560,5120,8192,gpu,13,c_flux_ag,0,0.28902,0.28842,0.28842,0.03923,1395,1
ag,2560,5120,8192,gpu,13,A_fused,3,0.95539,0.93798,0.95539,0.05642,1395,1
ag,2560,5120,8192,gpu,14,c_cublas,2,0.76595,0.75776,0.76595,0.03611,1395,1
ag,2560,5120,8192,gpu,14,c_fluxgemm,1,0.86016,0.84480,0.86016,0.03337,1395,1
ag,2560,5120,8192,gpu,14,c_flux_ag,3,0.26826,0.26704,0.26826,0.04108,1395,1
ag,2560,5120,8192,gpu,14,A_fused,0,0.95539,0.93798,0.95539,0.05665,1395,1
ag,2560,5120,8192,gpu,15,c_cublas,3,0.76493,0.75878,0.76493,0.03674,1395,1
ag,2560,5120,8192,gpu,15,c_fluxgemm,0,0.86118,0.84275,0.86118,0.03867,1395,1
ag,2560,5120,8192,gpu,15,c_flux_ag,1,0.25526,0.25510,0.25526,0.03949,1395,1
ag,2560,5120,8192,gpu,15,A_fused,2,0.95437,0.93594,0.95437,0.05778,1395,1
ag,2560,5120,8192,gpu,16,c_cublas,3,0.76595,0.75776,0.76595,0.04284,1395,1
ag,2560,5120,8192,gpu,16,c_fluxgemm,2,0.86016,0.84480,0.86016,0.03494,1395,1
ag,2560,5120,8192,gpu,16,c_flux_ag,1,0.26195,0.25923,0.26195,0.03564,1395,1
ag,2560,5120,8192,gpu,16,A_fused,0,0.94515,0.92877,0.94515,0.06041,1395,1
ag,2560,5120,8192,gpu,17,c_cublas,1,0.76595,0.75776,0.76595,0.03678,1395,1
ag,2560,5120,8192,gpu,17,c_fluxgemm,3,0.86118,0.84582,0.86118,0.03413,1395,1
ag,2560,5120,8192,gpu,17,c_flux_ag,0,0.24445,0.24048,0.24445,0.04118,1395,1
ag,2560,5120,8192,gpu,17,A_fused,2,0.95437,0.93798,0.95437,0.06009,1395,1
ag,2560,5120,8192,gpu,18,c_cublas,0,0.76595,0.75878,0.76595,0.03638,1395,1
ag,2560,5120,8192,gpu,18,c_fluxgemm,1,0.86118,0.84480,0.86118,0.03726,1395,1
ag,2560,5120,8192,gpu,18,c_flux_ag,2,0.26954,0.26829,0.26954,0.03945,1395,1
ag,2560,5120,8192,gpu,18,A_fused,3,0.95437,0.93594,0.95437,0.05657,1395,1
ag,2560,5120,8192,gpu,19,c_cublas,2,0.76698,0.75776,0.76698,0.03659,1410,1
ag,2560,5120,8192,gpu,19,c_fluxgemm,1,0.86118,0.84480,0.86118,0.03362,1410,1
ag,2560,5120,8192,gpu,19,c_flux_ag,3,0.24483,0.23814,0.24483,0.04171,1410,1
ag,2560,5120,8192,gpu,19,A_fused,0,0.94106,0.92570,0.94106,0.05720,1410,1
ag,2560,5120,8192,gpu,20,c_cublas,1,0.76493,0.75878,0.76493,0.03731,1410,1
ag,2560,5120,8192,gpu,20,c_fluxgemm,2,0.86118,0.84480,0.86118,0.03727,1410,1
ag,2560,5120,8192,gpu,20,c_flux_ag,3,0.24634,0.24624,0.24634,0.03979,1410,1
ag,2560,5120,8192,gpu,20,A_fused,0,0.95334,0.93594,0.95334,0.06129,1410,1
ag,2560,5120,8192,gpu,21,c_cublas,3,0.76698,0.75981,0.76698,0.03620,1410,1
ag,2560,5120,8192,gpu,21,c_fluxgemm,2,0.86118,0.84685,0.86118,0.03352,1410,1
ag,2560,5120,8192,gpu,21,c_flux_ag,0,0.24691,0.24675,0.24675,0.03682,1410,1
ag,2560,5120,8192,gpu,21,A_fused,1,0.95437,0.93901,0.95437,0.05582,1410,1
ag,2560,5120,8192,gpu,22,c_cublas,1,0.76493,0.75776,0.76493,0.03589,1410,1
ag,2560,5120,8192,gpu,22,c_fluxgemm,0,0.86118,0.84685,0.86118,0.03713,1410,1
ag,2560,5120,8192,gpu,22,c_flux_ag,3,0.26070,0.25974,0.26070,0.04290,1410,1
ag,2560,5120,8192,gpu,22,A_fused,2,0.94310,0.92672,0.94310,0.06092,1410,1
ag,2560,5120,8192,gpu,23,c_cublas,0,0.76595,0.75878,0.76595,0.03696,1410,1
ag,2560,5120,8192,gpu,23,c_fluxgemm,2,0.86221,0.84582,0.86221,0.03394,1410,1
ag,2560,5120,8192,gpu,23,c_flux_ag,3,0.24474,0.24070,0.24474,0.03746,1410,1
ag,2560,5120,8192,gpu,23,A_fused,1,0.95642,0.94003,0.95642,0.06043,1410,1
ag,2560,5120,8192,gpu,24,c_cublas,2,0.76493,0.75878,0.76493,0.03750,1410,1
ag,2560,5120,8192,gpu,24,c_fluxgemm,1,0.86016,0.84480,0.86016,0.03729,1410,1
ag,2560,5120,8192,gpu,24,c_flux_ag,0,0.25597,0.24483,0.25597,0.04147,1410,1
ag,2560,5120,8192,gpu,24,A_fused,3,0.95539,0.93798,0.95539,0.06027,1410,1
ag,2560,5120,8192,gpu,25,c_cublas,1,0.76698,0.76083,0.76698,0.25006,1410,1
ag,2560,5120,8192,gpu,25,c_fluxgemm,0,0.86323,0.84685,0.86323,0.03918,1410,1
ag,2560,5120,8192,gpu,25,c_flux_ag,3,0.25616,0.25562,0.25616,0.03640,1410,1
ag,2560,5120,8192,gpu,25,A_fused,2,0.94106,0.92262,0.94106,0.06328,1410,1
ag,2560,5120,8192,gpu,26,c_cublas,0,0.76595,0.75878,0.76595,0.03716,1410,1
ag,2560,5120,8192,gpu,26,c_fluxgemm,3,0.86016,0.84582,0.86016,0.03414,1410,1
ag,2560,5120,8192,gpu,26,c_flux_ag,1,0.24560,0.24118,0.24118,0.04140,1410,1
ag,2560,5120,8192,gpu,26,A_fused,2,0.95539,0.93696,0.95539,0.05614,1410,1
ag,2560,5120,8192,gpu,27,c_cublas,3,0.76595,0.75878,0.76595,0.03641,1410,1
ag,2560,5120,8192,gpu,27,c_fluxgemm,0,0.86221,0.84480,0.86221,0.03387,1410,1
ag,2560,5120,8192,gpu,27,c_flux_ag,1,0.24269,0.24064,0.24064,0.03909,1410,1
ag,2560,5120,8192,gpu,27,A_fused,2,0.95232,0.93594,0.95232,0.05440,1410,1
ag,2560,5120,8192,gpu,28,c_cublas,1,0.76595,0.75878,0.76595,0.03531,1410,1
ag,2560,5120,8192,gpu,28,c_fluxgemm,3,0.86221,0.84582,0.86221,0.04498,1410,1
ag,2560,5120,8192,gpu,28,c_flux_ag,2,0.29728,0.29533,0.29533,0.04060,1410,1
ag,2560,5120,8192,gpu,28,A_fused,0,0.95744,0.94003,0.95744,0.06048,1410,1
ag,2560,5120,8192,gpu,29,c_cublas,3,0.76698,0.75981,0.76698,0.03650,1410,1
ag,2560,5120,8192,gpu,29,c_fluxgemm,1,0.86016,0.84480,0.86016,0.03530,1410,1
ag,2560,5120,8192,gpu,29,c_flux_ag,0,0.26336,0.26074,0.26336,0.03983,1410,1
ag,2560,5120,8192,gpu,29,A_fused,2,0.95642,0.93901,0.95642,0.05590,1410,1
ag,2560,5120,8192,gpu,30,c_cublas,1,0.76595,0.75878,0.76595,0.03527,1410,1
ag,2560,5120,8192,gpu,30,c_fluxgemm,0,0.86221,0.84378,0.86221,0.03819,1410,1
ag,2560,5120,8192,gpu,30,c_flux_ag,2,0.25699,0.25558,0.25558,0.04131,1410,1
ag,2560,5120,8192,gpu,30,A_fused,3,0.94925,0.93286,0.94925,0.05501,1410,1
ag,2560,5120,8192,gpu,31,c_cublas,1,0.76595,0.75878,0.76595,0.03643,1410,1
ag,2560,5120,8192,gpu,31,c_fluxgemm,2,0.86016,0.84582,0.86016,0.03725,1410,1
ag,2560,5120,8192,gpu,31,c_flux_ag,0,0.24698,0.24227,0.24698,0.03861,1410,1
ag,2560,5120,8192,gpu,31,A_fused,3,0.94515,0.92774,0.94515,0.06432,1410,1
ag,2560,5120,8192,gpu,32,c_cublas,1,0.76595,0.75776,0.76595,0.03645,1410,1
ag,2560,5120,8192,gpu,32,c_fluxgemm,0,0.86016,0.84582,0.86016,0.03468,1410,1
ag,2560,5120,8192,gpu,32,c_flux_ag,2,0.25667,0.25504,0.25504,0.04005,1410,1
ag,2560,5120,8192,gpu,32,A_fused,3,0.95437,0.93798,0.95437,0.05475,1410,1
ag,2560,5120,8192,gpu,33,c_cublas,1,0.76595,0.75878,0.76595,0.03582,1410,1
ag,2560,5120,8192,gpu,33,c_fluxgemm,3,0.86221,0.84480,0.86221,0.03569,1410,1
ag,2560,5120,8192,gpu,33,c_flux_ag,2,0.25552,0.25053,0.25552,0.03962,1410,1
ag,2560,5120,8192,gpu,33,A_fused,0,0.95437,0.93798,0.95437,0.05720,1410,1
ag,2560,5120,8192,gpu,34,c_cublas,1,0.76493,0.75878,0.76493,0.03538,1410,1
ag,2560,5120,8192,gpu,34,c_fluxgemm,3,0.86118,0.84480,0.86118,0.04362,1410,1
ag,2560,5120,8192,gpu,34,c_flux_ag,2,0.28838,0.28694,0.28694,0.04006,1410,1
ag,2560,5120,8192,gpu,34,A_fused,0,0.95539,0.94003,0.95539,0.05958,1410,1
ag,2560,5120,8192,gpu,35,c_cublas,2,0.76698,0.75878,0.76698,0.03579,1410,1
ag,2560,5120,8192,gpu,35,c_fluxgemm,0,0.86221,0.84480,0.86221,0.06440,1410,1
ag,2560,5120,8192,gpu,35,c_flux_ag,3,0.24618,0.24266,0.24618,0.03959,1410,1
ag,2560,5120,8192,gpu,35,A_fused,1,0.95130,0.93491,0.95130,0.05642,1410,1
ag,2560,5120,8192,gpu,36,c_cublas,2,0.76698,0.75981,0.76698,0.03589,1410,1
ag,2560,5120,8192,gpu,36,c_fluxgemm,0,0.86118,0.84582,0.86118,0.03734,1410,1
ag,2560,5120,8192,gpu,36,c_flux_ag,3,0.24634,0.23891,0.24634,0.04014,1410,1
ag,2560,5120,8192,gpu,36,A_fused,1,0.95437,0.93594,0.95437,0.05866,1410,1
ag,2560,5120,8192,gpu,37,c_cublas,3,0.76698,0.75981,0.76698,0.03814,1410,1
ag,2560,5120,8192,gpu,37,c_fluxgemm,0,0.86118,0.84582,0.86118,0.04068,1410,1
ag,2560,5120,8192,gpu,37,c_flux_ag,2,0.25488,0.25478,0.25478,0.04354,1410,1
ag,2560,5120,8192,gpu,37,A_fused,1,0.94515,0.92877,0.94515,0.05961,1410,1
ag,2560,5120,8192,gpu,38,c_cublas,1,0.76493,0.75776,0.76493,0.03573,1410,1
ag,2560,5120,8192,gpu,38,c_fluxgemm,0,0.86221,0.84582,0.86221,0.04515,1410,1
ag,2560,5120,8192,gpu,38,c_flux_ag,3,0.26576,0.26483,0.26576,0.03561,1410,1
ag,2560,5120,8192,gpu,38,A_fused,2,0.95334,0.93594,0.95334,0.06056,1410,1
ag,2560,5120,8192,gpu,39,c_cublas,3,0.76595,0.75776,0.76595,0.03586,1410,1
ag,2560,5120,8192,gpu,39,c_fluxgemm,0,0.86118,0.84480,0.86118,0.03770,1410,1
ag,2560,5120,8192,gpu,39,c_flux_ag,1,0.25670,0.25667,0.25670,0.03857,1410,1
ag,2560,5120,8192,gpu,39,A_fused,2,0.95437,0.93594,0.95437,0.05415,1410,1
ag,2560,5120,8192,gpu,40,c_cublas,3,0.76595,0.75878,0.76595,0.03628,1410,1
ag,2560,5120,8192,gpu,40,c_fluxgemm,0,0.86016,0.84378,0.86016,0.03895,1410,1
ag,2560,5120,8192,gpu,40,c_flux_ag,1,0.28957,0.28717,0.28717,0.04017,1410,1
ag,2560,5120,8192,gpu,40,A_fused,2,0.94925,0.93389,0.94925,0.05410,1410,1
ag,2560,5120,8192,gpu,41,c_cublas,1,0.76493,0.75981,0.76493,0.03561,1410,1
ag,2560,5120,8192,gpu,41,c_fluxgemm,2,0.86118,0.84582,0.86118,0.03736,1410,1
ag,2560,5120,8192,gpu,41,c_flux_ag,0,0.24848,0.24480,0.24848,0.04094,1410,1
ag,2560,5120,8192,gpu,41,A_fused,3,0.95334,0.93901,0.95334,0.05749,1410,1
ag,2560,5120,8192,gpu,42,c_cublas,3,0.76493,0.75878,0.76493,0.03746,1410,1
ag,2560,5120,8192,gpu,42,c_fluxgemm,1,0.85914,0.84480,0.85914,0.03538,1410,1
ag,2560,5120,8192,gpu,42,c_flux_ag,2,0.25763,0.25386,0.25763,0.03773,1410,1
ag,2560,5120,8192,gpu,42,A_fused,0,0.95437,0.93696,0.95437,0.06462,1410,1
ag,2560,5120,8192,gpu,43,c_cublas,2,0.76493,0.75878,0.76493,0.06065,1410,1
ag,2560,5120,8192,gpu,43,c_fluxgemm,0,0.86118,0.84480,0.86118,0.03897,1410,1
ag,2560,5120,8192,gpu,43,c_flux_ag,3,0.25770,0.25702,0.25702,0.04031,1410,1
ag,2560,5120,8192,gpu,43,A_fused,1,0.93901,0.92160,0.93901,0.05679,1410,1
ag,2560,5120,8192,gpu,44,c_cublas,1,0.76595,0.75776,0.76595,0.03632,1410,1
ag,2560,5120,8192,gpu,44,c_fluxgemm,3,0.86426,0.84480,0.86426,0.03368,1410,1
ag,2560,5120,8192,gpu,44,c_flux_ag,0,0.27360,0.27328,0.27328,0.03869,1410,1
ag,2560,5120,8192,gpu,44,A_fused,2,0.95232,0.93594,0.95232,0.05976,1410,1
ag,2560,5120,8192,gpu,45,c_cublas,2,0.77005,0.75878,0.77005,0.03594,1410,1
ag,2560,5120,8192,gpu,45,c_fluxgemm,0,0.86528,0.84582,0.86528,0.03372,1410,1
ag,2560,5120,8192,gpu,45,c_flux_ag,3,0.26144,0.25344,0.26144,0.03983,1410,1
ag,2560,5120,8192,gpu,45,A_fused,1,0.95744,0.93696,0.95744,0.05825,1410,1
ag,2560,5120,8192,gpu,46,c_cublas,3,0.77005,0.75878,0.77005,0.03621,1410,1
ag,2560,5120,8192,gpu,46,c_fluxgemm,2,0.86426,0.84480,0.86426,0.04281,1410,1
ag,2560,5120,8192,gpu,46,c_flux_ag,1,0.28822,0.28730,0.28730,0.03538,1410,1
ag,2560,5120,8192,gpu,46,A_fused,0,0.94515,0.92570,0.94515,0.06150,1410,1
ag,2560,5120,8192,gpu,47,c_cublas,1,0.76902,0.75776,0.76902,0.03541,1410,1
ag,2560,5120,8192,gpu,47,c_fluxgemm,3,0.86426,0.84582,0.86426,0.03583,1410,1
ag,2560,5120,8192,gpu,47,c_flux_ag,2,0.24752,0.24406,0.24406,0.04022,1410,1
ag,2560,5120,8192,gpu,47,A_fused,0,0.95744,0.93798,0.95744,0.06085,1410,1
ag,2560,5120,8192,gpu,48,c_cublas,3,0.76902,0.75878,0.76902,0.03602,1410,1
ag,2560,5120,8192,gpu,48,c_fluxgemm,2,0.86323,0.84480,0.86323,0.03249,1410,1
ag,2560,5120,8192,gpu,48,c_flux_ag,0,0.25968,0.25917,0.25917,0.03930,1410,1
ag,2560,5120,8192,gpu,48,A_fused,1,0.95437,0.93594,0.95437,0.05610,1410,1
ag,2560,5120,8192,gpu,49,c_cublas,1,0.76902,0.75776,0.76902,0.04330,1395,1
ag,2560,5120,8192,gpu,49,c_fluxgemm,2,0.86426,0.84480,0.86426,0.03709,1395,1
ag,2560,5120,8192,gpu,49,c_flux_ag,3,0.26224,0.26170,0.26224,0.05135,1395,1
ag,2560,5120,8192,gpu,49,A_fused,0,0.95027,0.92877,0.95027,0.06247,1395,1
ag,2560,5120,8192,gpu,50,c_cublas,0,0.77107,0.75878,0.77107,0.03852,1395,1
ag,2560,5120,8192,gpu,50,c_fluxgemm,1,0.86426,0.84582,0.86426,0.03803,1395,1
ag,2560,5120,8192,gpu,50,c_flux_ag,2,0.24573,0.24166,0.24166,0.03911,1395,1
ag,2560,5120,8192,gpu,50,A_fused,3,0.95539,0.93798,0.95539,0.05390,1395,1
ag,2560,5120,8192,gpu,51,c_cublas,0,0.76902,0.75878,0.76902,0.03662,1395,1
ag,2560,5120,8192,gpu,51,c_fluxgemm,2,0.86426,0.84582,0.86426,0.03350,1395,1
ag,2560,5120,8192,gpu,51,c_flux_ag,3,0.29226,0.29126,0.29126,0.03753,1395,1
ag,2560,5120,8192,gpu,51,A_fused,1,0.95846,0.93798,0.95846,0.05999,1395,1
ag,2560,5120,8192,gpu,52,c_cublas,1,0.77005,0.75981,0.77005,0.03647,1395,1
ag,2560,5120,8192,gpu,52,c_fluxgemm,0,0.86426,0.84480,0.86426,0.03584,1395,1
ag,2560,5120,8192,gpu,52,c_flux_ag,3,0.24710,0.24582,0.24582,0.03542,1395,1
ag,2560,5120,8192,gpu,52,A_fused,2,0.95846,0.93594,0.95846,0.06011,1395,1
ag,2560,5120,8192,gpu,53,c_cublas,2,0.76902,0.75878,0.76902,0.03665,1395,1
ag,2560,5120,8192,gpu,53,c_fluxgemm,1,0.86426,0.84378,0.86426,0.03425,1395,1
ag,2560,5120,8192,gpu,53,c_flux_ag,3,0.26032,0.25747,0.26032,0.04024,1395,1
ag,2560,5120,8192,gpu,53,A_fused,0,0.95437,0.93491,0.95437,0.05962,1395,1
ag,2560,5120,8192,gpu,54,c_cublas,0,0.76902,0.75776,0.76902,0.04054,1395,1
ag,2560,5120,8192,gpu,54,c_fluxgemm,2,0.86323,0.84378,0.86323,0.04532,1395,1
ag,2560,5120,8192,gpu,54,c_flux_ag,3,0.29203,0.28957,0.29203,0.03970,1395,1
ag,2560,5120,8192,gpu,54,A_fused,1,0.95846,0.93901,0.95846,0.06637,1395,1
ag,2560,5120,8192,gpu,55,c_cublas,3,0.76902,0.75776,0.76902,0.03735,1395,1
ag,2560,5120,8192,gpu,55,c_fluxgemm,2,0.86323,0.84582,0.86323,0.03583,1395,1
ag,2560,5120,8192,gpu,55,c_flux_ag,1,0.25638,0.25549,0.25638,0.03577,1395,1
ag,2560,5120,8192,gpu,55,A_fused,0,0.95642,0.93696,0.95642,0.05966,1395,1
ag,2560,5120,8192,gpu,56,c_cublas,2,0.77005,0.75981,0.77005,0.03637,1395,1
ag,2560,5120,8192,gpu,56,c_fluxgemm,0,0.86323,0.84480,0.86323,0.03767,1395,1
ag,2560,5120,8192,gpu,56,c_flux_ag,3,0.26218,0.25914,0.26218,0.04020,1395,1
ag,2560,5120,8192,gpu,56,A_fused,1,0.95642,0.93594,0.95642,0.05802,1395,1
ag,2560,5120,8192,gpu,57,c_cublas,2,0.77005,0.75981,0.77005,0.03695,1395,1
ag,2560,5120,8192,gpu,57,c_fluxgemm,3,0.86528,0.84685,0.86528,0.03723,1395,1
ag,2560,5120,8192,gpu,57,c_flux_ag,0,0.26534,0.26253,0.26534,0.03744,1395,1
ag,2560,5120,8192,gpu,57,A_fused,1,0.95949,0.93696,0.95949,0.05702,1395,1
ag,2560,5120,8192,gpu,58,c_cublas,3,0.77005,0.75878,0.77005,0.03701,1395,1
ag,2560,5120,8192,gpu,58,c_fluxgemm,1,0.86426,0.84378,0.86426,0.03290,1395,1
ag,2560,5120,8192,gpu,58,c_flux_ag,2,0.25590,0.25517,0.25517,0.03801,1395,1
ag,2560,5120,8192,gpu,58,A_fused,0,0.94925,0.92877,0.94925,0.06236,1395,1
ag,2560,5120,8192,gpu,59,c_cublas,0,0.77005,0.75776,0.77005,0.03421,1395,1
ag,2560,5120,8192,gpu,59,c_fluxgemm,3,0.86426,0.84582,0.86426,0.03438,1395,1
ag,2560,5120,8192,gpu,59,c_flux_ag,2,0.25712,0.25408,0.25408,0.03597,1395,1
ag,2560,5120,8192,gpu,59,A_fused,1,0.95642,0.93594,0.95642,0.06073,1395,1
ag,2560,5120,8192,gpu,60,c_cublas,1,0.77005,0.75878,0.77005,0.04665,1395,1
ag,2560,5120,8192,gpu,60,c_fluxgemm,2,0.86426,0.84582,0.86426,0.03761,1395,1
ag,2560,5120,8192,gpu,60,c_flux_ag,0,0.26429,0.26176,0.26429,0.04197,1395,1
ag,2560,5120,8192,gpu,60,A_fused,3,0.95539,0.93696,0.95539,0.06357,1395,1
ag,2560,5120,8192,gpu,61,c_cublas,1,0.77005,0.75878,0.77005,0.03648,1395,1
ag,2560,5120,8192,gpu,61,c_fluxgemm,2,0.86426,0.84480,0.86426,0.03777,1395,1
ag,2560,5120,8192,gpu,61,c_flux_ag,3,0.25718,0.25667,0.25718,0.03998,1395,1
ag,2560,5120,8192,gpu,61,A_fused,0,0.94720,0.92774,0.94720,0.06412,1395,1
ag,2560,5120,8192,gpu,62,c_cublas,0,0.77107,0.75776,0.77107,0.03725,1395,1
ag,2560,5120,8192,gpu,62,c_fluxgemm,2,0.86426,0.84582,0.86426,0.03339,1395,1
ag,2560,5120,8192,gpu,62,c_flux_ag,3,0.26502,0.26368,0.26368,0.04683,1395,1
ag,2560,5120,8192,gpu,62,A_fused,1,0.95744,0.93696,0.95744,0.06123,1395,1
ag,2560,5120,8192,gpu,63,c_cublas,0,0.77005,0.75878,0.77005,0.03738,1395,1
ag,2560,5120,8192,gpu,63,c_fluxgemm,3,0.86323,0.84480,0.86323,0.03494,1395,1
ag,2560,5120,8192,gpu,63,c_flux_ag,2,0.26157,0.26074,0.26074,0.03549,1395,1
ag,2560,5120,8192,gpu,63,A_fused,1,0.95642,0.93696,0.95642,0.06062,1395,1
ag,2560,5120,8192,gpu,64,c_cublas,0,0.77005,0.75776,0.77005,0.03741,1395,1
ag,2560,5120,8192,gpu,64,c_fluxgemm,1,0.86528,0.84787,0.86528,0.03744,1395,1
ag,2560,5120,8192,gpu,64,c_flux_ag,3,0.24483,0.24448,0.24448,0.03633,1395,1
ag,2560,5120,8192,gpu,64,A_fused,2,0.94720,0.93082,0.94720,0.05879,1395,1
ag,2560,5120,8192,gpu,65,c_cublas,2,0.77005,0.75776,0.77005,0.03669,1395,1
ag,2560,5120,8192,gpu,65,c_fluxgemm,1,0.86426,0.84582,0.86426,0.03578,1395,1
ag,2560,5120,8192,gpu,65,c_flux_ag,0,0.26909,0.26864,0.26864,0.03816,1395,1
ag,2560,5120,8192,gpu,65,A_fused,3,0.95744,0.93594,0.95744,0.06847,1395,1
ag,2560,5120,8192,gpu,66,c_cublas,1,0.76902,0.75878,0.76902,0.03648,1395,1
ag,2560,5120,8192,gpu,66,c_fluxgemm,3,0.86323,0.84480,0.86323,0.03647,1395,1
ag,2560,5120,8192,gpu,66,c_flux_ag,2,0.26294,0.26054,0.26294,0.04125,1395,1
ag,2560,5120,8192,gpu,66,A_fused,0,0.95744,0.93901,0.95744,0.06267,1395,1
ag,2560,5120,8192,gpu,67,c_cublas,2,0.76902,0.75776,0.76902,0.03597,1395,1
ag,2560,5120,8192,gpu,67,c_fluxgemm,0,0.86323,0.84582,0.86323,0.03392,1395,1
ag,2560,5120,8192,gpu,67,c_flux_ag,3,0.28797,0.28653,0.28797,0.04078,1395,1
ag,2560,5120,8192,gpu,67,A_fused,1,0.95744,0.93798,0.95744,0.05703,1395,1
ag,2560,5120,8192,gpu,68,c_cublas,1,0.76902,0.75776,0.76902,0.03591,1395,1
ag,2560,5120,8192,gpu,68,c_fluxgemm,0,0.86528,0.84480,0.86528,0.03701,1395,1
ag,2560,5120,8192,gpu,68,c_flux_ag,2,0.26314,0.26192,0.26314,0.04135,1395,1
ag,2560,5120,8192,gpu,68,A_fused,3,0.95642,0.93696,0.95642,0.05543,1395,1
ag,2560,5120,8192,gpu,69,c_cublas,1,0.76902,0.75878,0.76902,0.03580,1395,1
ag,2560,5120,8192,gpu,69,c_fluxgemm,3,0.86528,0.84582,0.86528,0.03622,1395,1
ag,2560,5120,8192,gpu,69,c_flux_ag,2,0.26659,0.26400,0.26659,0.03983,1395,1
ag,2560,5120,8192,gpu,69,A_fused,0,0.95846,0.93798,0.95846,0.05590,1395,1
ag,2560,5120,8192,gpu,70,c_cublas,0,0.76902,0.75776,0.76902,0.03608,1395,1
ag,2560,5120,8192,gpu,70,c_fluxgemm,2,0.86528,0.84480,0.86528,0.03570,1395,1
ag,2560,5120,8192,gpu,70,c_flux_ag,1,0.25978,0.25715,0.25978,0.04101,1395,1
ag,2560,5120,8192,gpu,70,A_fused,3,0.94720,0.92877,0.94720,0.05529,1395,1
ag,2560,5120,8192,gpu,71,c_cublas,1,0.76902,0.75878,0.76902,0.04315,1395,1
ag,2560,5120,8192,gpu,71,c_fluxgemm,2,0.86426,0.84685,0.86426,0.03671,1395,1
ag,2560,5120,8192,gpu,71,c_flux_ag,3,0.26285,0.26198,0.26285,0.03949,1395,1
ag,2560,5120,8192,gpu,71,A_fused,0,0.96256,0.93901,0.96256,0.05628,1395,1
ag,2560,5120,8192,gpu,72,c_cublas,3,0.77005,0.75776,0.77005,0.03696,1395,1
ag,2560,5120,8192,gpu,72,c_fluxgemm,0,0.86426,0.84480,0.86426,0.03689,1395,1
ag,2560,5120,8192,gpu,72,c_flux_ag,2,0.25840,0.25834,0.25834,0.03559,1395,1
ag,2560,5120,8192,gpu,72,A_fused,1,0.95437,0.93594,0.95437,0.05703,1395,1
ag,2560,5120,8192,gpu,73,c_cublas,3,0.77107,0.75981,0.77107,0.04448,1395,1
ag,2560,5120,8192,gpu,73,c_fluxgemm,0,0.86528,0.84787,0.86528,0.03780,1395,1
ag,2560,5120,8192,gpu,73,c_flux_ag,2,0.28995,0.28947,0.28995,0.03500,1395,1
ag,2560,5120,8192,gpu,73,A_fused,1,0.95744,0.93696,0.95744,0.05772,1395,1
ag,2560,5120,8192,gpu,74,c_cublas,2,0.77005,0.75776,0.77005,0.03590,1395,1
ag,2560,5120,8192,gpu,74,c_fluxgemm,1,0.86323,0.84480,0.86323,0.03424,1395,1
ag,2560,5120,8192,gpu,74,c_flux_ag,3,0.26294,0.26144,0.26294,0.04088,1395,1
ag,2560,5120,8192,gpu,74,A_fused,0,0.95846,0.93798,0.95846,0.06665,1395,1
ag,2560,5120,8192,gpu,75,c_cublas,2,0.76902,0.75981,0.76902,0.03660,1395,1
ag,2560,5120,8192,gpu,75,c_fluxgemm,0,0.86528,0.84378,0.86528,0.03881,1395,1
ag,2560,5120,8192,gpu,75,c_flux_ag,1,0.26115,0.26032,0.26115,0.03998,1395,1
ag,2560,5120,8192,gpu,75,A_fused,3,0.95744,0.93491,0.95744,0.05857,1395,1
ag,2560,5120,8192,gpu,76,c_cublas,2,0.77005,0.75878,0.77005,0.04340,1395,1
ag,2560,5120,8192,gpu,76,c_fluxgemm,3,0.86426,0.84480,0.86426,0.03725,1395,1
ag,2560,5120,8192,gpu,76,c_flux_ag,1,0.25750,0.25667,0.25667,0.03530,1395,1
ag,2560,5120,8192,gpu,76,A_fused,0,0.95949,0.94106,0.95949,0.05854,1395,1
ag,2560,5120,8192,gpu,77,c_cublas,2,0.76902,0.75981,0.76902,0.03673,1395,1
ag,2560,5120,8192,gpu,77,c_fluxgemm,0,0.86528,0.84685,0.86528,0.03448,1395,1
ag,2560,5120,8192,gpu,77,c_flux_ag,1,0.28803,0.28710,0.28803,0.03979,1395,1
ag,2560,5120,8192,gpu,77,A_fused,3,0.95846,0.93491,0.95846,0.05941,1395,1
ag,2560,5120,8192,gpu,78,c_cublas,2,0.76902,0.75776,0.76902,0.03639,1395,1
ag,2560,5120,8192,gpu,78,c_fluxgemm,1,0.86323,0.84480,0.86323,0.03541,1395,1
ag,2560,5120,8192,gpu,78,c_flux_ag,3,0.26282,0.25994,0.26282,0.03988,1395,1
ag,2560,5120,8192,gpu,78,A_fused,0,0.95539,0.93594,0.95539,0.05706,1395,1
ag,2560,5120,8192,gpu,79,c_cublas,3,0.77005,0.75878,0.77005,0.03713,1395,1
ag,2560,5120,8192,gpu,79,c_fluxgemm,2,0.86323,0.84378,0.86323,0.03571,1395,1
ag,2560,5120,8192,gpu,79,c_flux_ag,1,0.25891,0.25773,0.25891,0.04154,1395,1
ag,2560,5120,8192,gpu,79,A_fused,0,0.95232,0.93594,0.95232,0.06486,1395,1
ag,2560,5120,8192,gpu,80,c_cublas,3,0.77005,0.75878,0.77005,0.03565,1395,1
ag,2560,5120,8192,gpu,80,c_fluxgemm,0,0.86426,0.84480,0.86426,0.03848,1395,1
ag,2560,5120,8192,gpu,80,c_flux_ag,1,0.28659,0.28637,0.28637,0.03967,1395,1
ag,2560,5120,8192,gpu,80,A_fused,2,0.95539,0.93696,0.95539,0.05593,1395,1
ag,2560,5120,8192,gpu,81,c_cublas,1,0.77210,0.75878,0.77210,0.03495,1395,1
ag,2560,5120,8192,gpu,81,c_fluxgemm,0,0.86528,0.84582,0.86528,0.03817,1395,1
ag,2560,5120,8192,gpu,81,c_flux_ag,3,0.26163,0.25962,0.26163,0.04341,1395,1
ag,2560,5120,8192,gpu,81,A_fused,2,0.95437,0.93491,0.95437,0.05963,1395,1
ag,2560,5120,8192,gpu,82,c_cublas,2,0.77005,0.75878,0.77005,0.03662,1395,1
ag,2560,5120,8192,gpu,82,c_fluxgemm,3,0.86323,0.84480,0.86323,0.03639,1395,1
ag,2560,5120,8192,gpu,82,c_flux_ag,1,0.26112,0.26026,0.26112,0.03622,1395,1
ag,2560,5120,8192,gpu,82,A_fused,0,0.95744,0.93798,0.95744,0.06573,1395,1
ag,2560,5120,8192,gpu,83,c_cublas,2,0.77107,0.75776,0.77107,0.03645,1395,1
ag,2560,5120,8192,gpu,83,c_fluxgemm,1,0.86528,0.84480,0.86528,0.03273,1395,1
ag,2560,5120,8192,gpu,83,c_flux_ag,3,0.29005,0.28899,0.29005,0.04079,1395,1
ag,2560,5120,8192,gpu,83,A_fused,0,0.95744,0.93696,0.95744,0.05978,1395,1
ag,2560,5120,8192,gpu,84,c_cublas,3,0.77005,0.75878,0.77005,0.03637,1395,1
ag,2560,5120,8192,gpu,84,c_fluxgemm,0,0.86426,0.84582,0.86426,0.03685,1395,1
ag,2560,5120,8192,gpu,84,c_flux_ag,1,0.25853,0.25814,0.25814,0.03921,1395,1
ag,2560,5120,8192,gpu,84,A_fused,2,0.95437,0.93491,0.95437,0.06299,1395,1
ag,2560,5120,8192,gpu,85,c_cublas,0,0.77005,0.75878,0.77005,0.03284,1395,1
ag,2560,5120,8192,gpu,85,c_fluxgemm,3,0.86630,0.84582,0.86630,0.03412,1395,1
ag,2560,5120,8192,gpu,85,c_flux_ag,1,0.27088,0.27008,0.27088,0.04193,1395,1
ag,2560,5120,8192,gpu,85,A_fused,2,0.95642,0.93594,0.95642,0.05570,1395,1
ag,2560,5120,8192,gpu,86,c_cublas,0,0.77005,0.75878,0.77005,0.03664,1395,1
ag,2560,5120,8192,gpu,86,c_fluxgemm,1,0.86426,0.84582,0.86426,0.03667,1395,1
ag,2560,5120,8192,gpu,86,c_flux_ag,2,0.28749,0.28538,0.28749,0.04022,1395,1
ag,2560,5120,8192,gpu,86,A_fused,3,0.95642,0.93696,0.95642,0.05609,1395,1
ag,2560,5120,8192,gpu,87,c_cublas,1,0.77005,0.75776,0.77005,0.04485,1395,1
ag,2560,5120,8192,gpu,87,c_fluxgemm,3,0.86528,0.84480,0.86528,0.03655,1395,1
ag,2560,5120,8192,gpu,87,c_flux_ag,2,0.26522,0.26205,0.26522,0.04140,1395,1
ag,2560,5120,8192,gpu,87,A_fused,0,0.95539,0.93594,0.95539,0.06154,1395,1
ag,2560,5120,8192,gpu,88,c_cublas,2,0.77005,0.75776,0.77005,0.03696,1395,1
ag,2560,5120,8192,gpu,88,c_fluxgemm,3,0.86528,0.84582,0.86528,0.03663,1395,1
ag,2560,5120,8192,gpu,88,c_flux_ag,1,0.25674,0.25658,0.25674,0.03695,1395,1
ag,2560,5120,8192,gpu,88,A_fused,0,0.95846,0.93901,0.95846,0.05872,1395,1
ag,2560,5120,8192,gpu,89,c_cublas,2,0.77107,0.75776,0.77107,0.03657,1395,1
ag,2560,5120,8192,gpu,89,c_fluxgemm,0,0.86630,0.84582,0.86630,0.03498,1395,1
ag,2560,5120,8192,gpu,89,c_flux_ag,1,0.25504,0.25478,0.25478,0.03933,1395,1
ag,2560,5120,8192,gpu,89,A_fused,3,0.94925,0.92877,0.94925,0.06917,1395,1
ag,2560,5120,8192,gpu,90,c_cublas,0,0.77005,0.75776,0.77005,0.03592,1395,1
ag,2560,5120,8192,gpu,90,c_fluxgemm,3,0.86426,0.84480,0.86426,0.03457,1395,1
ag,2560,5120,8192,gpu,90,c_flux_ag,1,0.25853,0.25645,0.25853,0.04143,1395,1
ag,2560,5120,8192,gpu,90,A_fused,2,0.95539,0.93696,0.95539,0.05465,1395,1
ag,2560,5120,8192,gpu,91,c_cublas,0,0.77005,0.75878,0.77005,0.03638,1395,1
ag,2560,5120,8192,gpu,91,c_fluxgemm,2,0.86528,0.84582,0.86528,0.03669,1395,1
ag,2560,5120,8192,gpu,91,c_flux_ag,1,0.27206,0.27069,0.27206,0.04066,1395,1
ag,2560,5120,8192,gpu,91,A_fused,3,0.95846,0.94003,0.95846,0.05573,1395,1
ag,2560,5120,8192,gpu,92,c_cublas,0,0.77107,0.75878,0.77107,0.03752,1395,1
ag,2560,5120,8192,gpu,92,c_fluxgemm,3,0.86528,0.84582,0.86528,0.03541,1395,1
ag,2560,5120,8192,gpu,92,c_flux_ag,2,0.29165,0.29158,0.29158,0.03737,1395,1
ag,2560,5120,8192,gpu,92,A_fused,1,0.95949,0.93696,0.95949,0.06142,1395,1
ag,2560,5120,8192,gpu,93,c_cublas,3,0.77107,0.75981,0.77107,0.03648,1395,1
ag,2560,5120,8192,gpu,93,c_fluxgemm,2,0.86630,0.84480,0.86630,0.03363,1395,1
ag,2560,5120,8192,gpu,93,c_flux_ag,0,0.27427,0.27366,0.27427,0.03961,1395,1
ag,2560,5120,8192,gpu,93,A_fused,1,0.95744,0.93696,0.95744,0.05476,1395,1
ag,2560,5120,8192,gpu,94,c_cublas,0,0.77005,0.75776,0.77005,0.03300,1395,1
ag,2560,5120,8192,gpu,94,c_fluxgemm,3,0.86528,0.84480,0.86528,0.03432,1395,1
ag,2560,5120,8192,gpu,94,c_flux_ag,1,0.26646,0.26518,0.26646,0.04227,1395,1
ag,2560,5120,8192,gpu,94,A_fused,2,0.95846,0.93594,0.95846,0.05547,1395,1
ag,2560,5120,8192,gpu,95,c_cublas,1,0.77005,0.75878,0.77005,0.04263,1395,1
ag,2560,5120,8192,gpu,95,c_fluxgemm,0,0.86426,0.84480,0.86426,0.03351,1395,1
ag,2560,5120,8192,gpu,95,c_flux_ag,2,0.29296,0.28998,0.29296,0.04236,1395,1
ag,2560,5120,8192,gpu,95,A_fused,3,0.95744,0.93798,0.95744,0.05613,1395,1
ag,2560,5120,8192,gpu,96,c_cublas,0,0.77005,0.75981,0.77005,0.03788,1395,1
ag,2560,5120,8192,gpu,96,c_fluxgemm,3,0.86528,0.84480,0.86528,0.03497,1395,1
ag,2560,5120,8192,gpu,96,c_flux_ag,2,0.24541,0.24531,0.24531,0.03572,1395,1
ag,2560,5120,8192,gpu,96,A_fused,1,0.95846,0.93594,0.95846,0.06022,1395,1
ag,2560,5120,8192,gpu,97,c_cublas,3,0.77107,0.75981,0.77107,0.05882,1395,1
ag,2560,5120,8192,gpu,97,c_fluxgemm,1,0.86426,0.84582,0.86426,0.03520,1395,1
ag,2560,5120,8192,gpu,97,c_flux_ag,0,0.25850,0.25498,0.25850,0.03976,1395,1
ag,2560,5120,8192,gpu,97,A_fused,2,0.95744,0.93594,0.95744,0.05634,1395,1
ag,2560,5120,8192,gpu,98,c_cublas,2,0.77107,0.75981,0.77107,0.03705,1395,1
ag,2560,5120,8192,gpu,98,c_fluxgemm,0,0.86630,0.84787,0.86630,0.04411,1395,1
ag,2560,5120,8192,gpu,98,c_flux_ag,1,0.26605,0.26429,0.26429,0.04064,1395,1
ag,2560,5120,8192,gpu,98,A_fused,3,0.95027,0.92877,0.95027,0.08061,1395,1
ag,2560,5120,8192,gpu,99,c_cublas,1,0.77005,0.75878,0.77005,0.05650,1395,1
ag,2560,5120,8192,gpu,99,c_fluxgemm,2,0.86528,0.84480,0.86528,0.03812,1395,1
ag,2560,5120,8192,gpu,99,c_flux_ag,3,0.25642,0.25558,0.25558,0.03898,1395,1
ag,2560,5120,8192,gpu,99,A_fused,0,0.95744,0.93491,0.95744,0.06254,1395,1
ag,2560,5120,8192,gpu,100,c_cublas,2,0.77005,0.75776,0.77005,0.05222,1395,1
ag,2560,5120,8192,gpu,100,c_fluxgemm,1,0.86426,0.84480,0.86426,0.04024,1395,1
ag,2560,5120,8192,gpu,100,c_flux_ag,0,0.25754,0.25651,0.25754,0.04398,1395,1
ag,2560,5120,8192,gpu,100,A_fused,3,0.95437,0.93389,0.95437,0.06223,1395,1
ag,2560,5120,8192,gpu,101,c_cublas,3,0.77107,0.75981,0.77107,0.03620,1395,1
ag,2560,5120,8192,gpu,101,c_fluxgemm,0,0.86426,0.84480,0.86426,0.04373,1395,1
ag,2560,5120,8192,gpu,101,c_flux_ag,2,0.24326,0.24314,0.24314,0.03570,1395,1
ag,2560,5120,8192,gpu,101,A_fused,1,0.94925,0.92979,0.94925,0.05734,1395,1
ag,2560,5120,8192,gpu,102,c_cublas,3,0.77005,0.75776,0.77005,0.03690,1395,1
ag,2560,5120,8192,gpu,102,c_fluxgemm,1,0.86426,0.84378,0.86426,0.03379,1395,1
ag,2560,5120,8192,gpu,102,c_flux_ag,2,0.24861,0.24752,0.24861,0.03723,1395,1
ag,2560,5120,8192,gpu,102,A_fused,0,0.95846,0.93901,0.95846,0.06038,1395,1
ag,2560,5120,8192,gpu,103,c_cublas,3,0.77005,0.75878,0.77005,0.03848,1395,1
ag,2560,5120,8192,gpu,103,c_fluxgemm,2,0.86426,0.84582,0.86426,0.04367,1395,1
ag,2560,5120,8192,gpu,103,c_flux_ag,1,0.24262,0.24256,0.24256,0.03571,1395,1
ag,2560,5120,8192,gpu,103,A_fused,0,0.95744,0.93696,0.95744,0.06401,1395,1
ag,2560,5120,8192,gpu,104,c_cublas,3,0.77005,0.75776,0.77005,0.03678,1395,1
ag,2560,5120,8192,gpu,104,c_fluxgemm,1,0.86528,0.84582,0.86528,0.03480,1395,1
ag,2560,5120,8192,gpu,104,c_flux_ag,2,0.24541,0.24096,0.24541,0.03905,1395,1
ag,2560,5120,8192,gpu,104,A_fused,0,1.38547,0.96973,0.96973,0.06435,1395,1
ag,2560,5120,8192,gpu,105,c_cublas,0,0.77210,0.75878,0.77210,0.03331,1395,1
ag,2560,5120,8192,gpu,105,c_fluxgemm,3,0.86630,0.84480,0.86630,0.03561,1395,1
ag,2560,5120,8192,gpu,105,c_flux_ag,2,0.26512,0.26461,0.26512,0.03617,1395,1
ag,2560,5120,8192,gpu,105,A_fused,1,0.95949,0.94003,0.95949,0.07158,1395,1
ag,2560,5120,8192,gpu,106,c_cublas,2,0.77005,0.75878,0.77005,0.03637,1395,1
ag,2560,5120,8192,gpu,106,c_fluxgemm,3,0.86426,0.84378,0.86426,0.03693,1395,1
ag,2560,5120,8192,gpu,106,c_flux_ag,0,0.25798,0.25795,0.25795,0.04010,1395,1
ag,2560,5120,8192,gpu,106,A_fused,1,0.95744,0.93491,0.95744,0.05456,1395,1
ag,2560,5120,8192,gpu,107,c_cublas,3,0.77005,0.75878,0.77005,0.04406,1395,1
ag,2560,5120,8192,gpu,107,c_fluxgemm,2,0.86426,0.84685,0.86426,0.03418,1395,1
ag,2560,5120,8192,gpu,107,c_flux_ag,1,0.25568,0.25360,0.25568,0.03558,1395,1
ag,2560,5120,8192,gpu,107,A_fused,0,0.94925,0.92774,0.94925,0.06034,1395,1
ag,2560,5120,8192,gpu,108,c_cublas,3,0.77005,0.75878,0.77005,0.03677,1395,1
ag,2560,5120,8192,gpu,108,c_fluxgemm,1,0.86528,0.84582,0.86528,0.03459,1395,1
ag,2560,5120,8192,gpu,108,c_flux_ag,2,0.26714,0.26621,0.26714,0.03979,1395,1
ag,2560,5120,8192,gpu,108,A_fused,0,0.96154,0.94106,0.96154,0.06425,1395,1
ag,2560,5120,8192,gpu,109,c_cublas,3,0.77107,0.75981,0.77107,0.03649,1395,1
ag,2560,5120,8192,gpu,109,c_fluxgemm,2,0.86528,0.84582,0.86528,0.03741,1395,1
ag,2560,5120,8192,gpu,109,c_flux_ag,1,0.25446,0.25213,0.25446,0.03546,1395,1
ag,2560,5120,8192,gpu,109,A_fused,0,0.95744,0.93696,0.95744,0.06265,1395,1
ag,2560,5120,8192,gpu,110,c_cublas,3,0.77005,0.75878,0.77005,0.03701,1395,1
ag,2560,5120,8192,gpu,110,c_fluxgemm,1,0.86323,0.84480,0.86323,0.03593,1395,1
ag,2560,5120,8192,gpu,110,c_flux_ag,2,0.25667,0.25638,0.25667,0.04589,1395,1
ag,2560,5120,8192,gpu,110,A_fused,0,0.95027,0.92877,0.95027,0.06240,1395,1
ag,2560,5120,8192,gpu,111,c_cublas,2,0.76902,0.75878,0.76902,0.03600,1395,1
ag,2560,5120,8192,gpu,111,c_fluxgemm,3,0.86630,0.84480,0.86630,0.03646,1395,1
ag,2560,5120,8192,gpu,111,c_flux_ag,1,0.25741,0.25542,0.25542,0.03573,1395,1
ag,2560,5120,8192,gpu,111,A_fused,0,0.96051,0.93901,0.96051,0.06188,1395,1
ag,2560,5120,8192,gpu,112,c_cublas,2,0.77005,0.75776,0.77005,0.03630,1395,1
ag,2560,5120,8192,gpu,112,c_fluxgemm,1,0.86528,0.84480,0.86528,0.03566,1395,1
ag,2560,5120,8192,gpu,112,c_flux_ag,0,0.26579,0.25942,0.26579,0.04062,1395,1
ag,2560,5120,8192,gpu,112,A_fused,3,0.95642,0.93491,0.95642,0.06007,1395,1
ag,2560,5120,8192,gpu,113,c_cublas,3,0.77107,0.75981,0.77107,0.03702,1395,1
ag,2560,5120,8192,gpu,113,c_fluxgemm,1,0.86630,0.84787,0.86630,0.04200,1395,1
ag,2560,5120,8192,gpu,113,c_flux_ag,2,0.25728,0.25635,0.25728,0.03872,1395,1
ag,2560,5120,8192,gpu,113,A_fused,0,0.94822,0.92979,0.94822,0.06023,1395,1
ag,2560,5120,8192,gpu,114,c_cublas,2,0.77005,0.75878,0.77005,0.03625,1395,1
ag,2560,5120,8192,gpu,114,c_fluxgemm,0,0.86630,0.84582,0.86630,0.03932,1395,1
ag,2560,5120,8192,gpu,114,c_flux_ag,3,0.26243,0.26224,0.26224,0.04054,1395,1
ag,2560,5120,8192,gpu,114,A_fused,1,0.96051,0.93901,0.96051,0.05837,1395,1
ag,2560,5120,8192,gpu,115,c_cublas,1,0.77107,0.75776,0.77107,0.03582,1395,1
ag,2560,5120,8192,gpu,115,c_fluxgemm,3,0.86528,0.84378,0.86528,0.03801,1395,1
ag,2560,5120,8192,gpu,115,c_flux_ag,2,0.26326,0.26285,0.26326,0.04024,1395,1
ag,2560,5120,8192,gpu,115,A_fused,0,0.95744,0.93594,0.95744,0.05857,1395,1
ag,2560,5120,8192,gpu,116,c_cublas,2,0.77107,0.75981,0.77107,0.03624,1395,1
ag,2560,5120,8192,gpu,116,c_fluxgemm,1,0.86426,0.84378,0.86426,0.03527,1395,1
ag,2560,5120,8192,gpu,116,c_flux_ag,3,0.25894,0.25808,0.25894,0.04043,1395,1
ag,2560,5120,8192,gpu,116,A_fused,0,0.95027,0.92877,0.95027,0.05984,1395,1
ag,2560,5120,8192,gpu,117,c_cublas,3,0.77210,0.75981,0.77210,0.03720,1395,1
ag,2560,5120,8192,gpu,117,c_fluxgemm,1,0.86528,0.84582,0.86528,0.03405,1395,1
ag,2560,5120,8192,gpu,117,c_flux_ag,2,0.25786,0.25619,0.25786,0.03776,1395,1
ag,2560,5120,8192,gpu,117,A_fused,0,0.96051,0.94208,0.96051,0.05934,1395,1
ag,2560,5120,8192,gpu,118,c_cublas,0,0.77107,0.75776,0.77107,0.03341,1395,1
ag,2560,5120,8192,gpu,118,c_fluxgemm,3,0.86528,0.84480,0.86528,0.04328,1395,1
ag,2560,5120,8192,gpu,118,c_flux_ag,2,0.24550,0.24352,0.24352,0.03530,1395,1
ag,2560,5120,8192,gpu,118,A_fused,1,0.96256,0.95539,0.95539,0.06320,1395,1
ag,2560,5120,8192,gpu,119,c_cublas,1,0.76902,0.75776,0.76902,0.03694,1395,1
ag,2560,5120,8192,gpu,119,c_fluxgemm,2,0.86528,0.84685,0.86528,0.03741,1395,1
ag,2560,5120,8192,gpu,119,c_flux_ag,0,0.29274,0.29043,0.29043,0.04878,1395,1
ag,2560,5120,8192,gpu,119,A_fused,3,0.95949,0.93901,0.95949,0.05723,1395,1
ag,2560,5120,8192,gpu,120,c_cublas,2,0.77107,0.75878,0.77107,0.03610,1395,1
ag,2560,5120,8192,gpu,120,c_fluxgemm,1,0.86528,0.84480,0.86528,0.03323,1395,1
ag,2560,5120,8192,gpu,120,c_flux_ag,3,0.25795,0.25632,0.25795,0.04012,1395,1
ag,2560,5120,8192,gpu,120,A_fused,0,0.96154,0.94003,0.96154,0.05760,1395,1
ag,2560,5120,8192,gpu,121,c_cublas,3,0.77210,0.75878,0.77210,0.03634,1395,1
ag,2560,5120,8192,gpu,121,c_fluxgemm,2,0.86426,0.84582,0.86426,0.04157,1395,1
ag,2560,5120,8192,gpu,121,c_flux_ag,0,0.26986,0.26650,0.26986,0.04068,1395,1
ag,2560,5120,8192,gpu,121,A_fused,1,0.95539,0.93491,0.95539,0.05542,1395,1
ag,2560,5120,8192,gpu,122,c_cublas,3,0.77005,0.75776,0.77005,0.03643,1395,1
ag,2560,5120,8192,gpu,122,c_fluxgemm,0,0.86528,0.84685,0.86528,0.03893,1395,1
ag,2560,5120,8192,gpu,122,c_flux_ag,1,0.28643,0.28598,0.28643,0.04008,1395,1
ag,2560,5120,8192,gpu,122,A_fused,2,0.95539,0.93389,0.95539,0.05560,1395,1
ag,2560,5120,8192,gpu,123,c_cublas,1,0.77005,0.75878,0.77005,0.03548,1395,1
ag,2560,5120,8192,gpu,123,c_fluxgemm,2,0.86630,0.84582,0.86630,0.03632,1395,1
ag,2560,5120,8192,gpu,123,c_flux_ag,3,0.26640,0.26490,0.26640,0.04049,1395,1
ag,2560,5120,8192,gpu,123,A_fused,0,0.95744,0.93696,0.95744,0.06106,1395,1
ag,2560,5120,8192,gpu,124,c_cublas,1,0.77005,0.75776,0.77005,0.04929,1395,1
ag,2560,5120,8192,gpu,124,c_fluxgemm,0,0.86426,0.84582,0.86426,0.03611,1395,1
ag,2560,5120,8192,gpu,124,c_flux_ag,2,0.25853,0.25194,0.25853,0.04075,1395,1
ag,2560,5120,8192,gpu,124,A_fused,3,0.95846,0.93594,0.95846,0.05625,1395,1
ag,2560,5120,8192,gpu,125,c_cublas,1,0.77107,0.75981,0.77107,0.03610,1395,1
ag,2560,5120,8192,gpu,125,c_fluxgemm,0,0.86630,0.84480,0.86630,0.03605,1395,1
ag,2560,5120,8192,gpu,125,c_flux_ag,3,0.26294,0.26176,0.26176,0.03489,1395,1
ag,2560,5120,8192,gpu,125,A_fused,2,0.95027,0.92877,0.95027,0.05963,1395,1
ag,2560,5120,8192,gpu,126,c_cublas,3,0.76902,0.75878,0.76902,0.04437,1395,1
ag,2560,5120,8192,gpu,126,c_fluxgemm,2,0.86630,0.84582,0.86630,0.03476,1395,1
ag,2560,5120,8192,gpu,126,c_flux_ag,1,0.25923,0.25882,0.25923,0.03494,1395,1
ag,2560,5120,8192,gpu,126,A_fused,0,0.95949,0.94106,0.95949,0.05775,1395,1
ag,2560,5120,8192,gpu,127,c_cublas,2,0.77107,0.75776,0.77107,0.03687,1395,1
ag,2560,5120,8192,gpu,127,c_fluxgemm,1,0.86630,0.84480,0.86630,0.03707,1395,1
ag,2560,5120,8192,gpu,127,c_flux_ag,0,0.57398,0.28144,0.28144,0.04405,1395,1
ag,2560,5120,8192,gpu,127,A_fused,3,0.95846,0.93901,0.95846,0.06890,1395,1
ag,2560,5120,8192,gpu,128,c_cublas,3,0.77107,0.75776,0.77107,0.03729,1395,1
ag,2560,5120,8192,gpu,128,c_fluxgemm,0,0.86528,0.84582,0.86528,0.03760,1395,1
ag,2560,5120,8192,gpu,128,c_flux_ag,2,0.26458,0.26403,0.26403,0.03540,1395,1
ag,2560,5120,8192,gpu,128,A_fused,1,0.94822,0.92877,0.94822,0.05832,1395,1
ag,2560,5120,8192,gpu,129,c_cublas,1,0.77005,0.75878,0.77005,0.03621,1395,1
ag,2560,5120,8192,gpu,129,c_fluxgemm,2,0.86630,0.84582,0.86630,0.03803,1395,1
ag,2560,5120,8192,gpu,129,c_flux_ag,0,0.26211,0.25667,0.25667,0.04294,1395,1
ag,2560,5120,8192,gpu,129,A_fused,3,0.95437,0.93389,0.95437,0.05745,1395,1
ag,2560,5120,8192,gpu,130,c_cublas,3,0.76902,0.75776,0.76902,0.03639,1395,1
ag,2560,5120,8192,gpu,130,c_fluxgemm,2,0.86630,0.84480,0.86630,0.03397,1395,1
ag,2560,5120,8192,gpu,130,c_flux_ag,0,0.24730,0.24547,0.24730,0.03967,1395,1
ag,2560,5120,8192,gpu,130,A_fused,1,0.95539,0.93491,0.95539,0.05494,1395,1
ag,2560,5120,8192,gpu,131,c_cublas,3,0.77005,0.75878,0.77005,0.03630,1395,1
ag,2560,5120,8192,gpu,131,c_fluxgemm,1,0.86528,0.84685,0.86528,0.03674,1395,1
ag,2560,5120,8192,gpu,131,c_flux_ag,0,0.26320,0.26307,0.26320,0.04190,1395,1
ag,2560,5120,8192,gpu,131,A_fused,2,0.94822,0.92774,0.94822,0.06237,1395,1
ag,2560,5120,8192,gpu,132,c_cublas,1,0.77005,0.75878,0.77005,0.03585,1395,1
ag,2560,5120,8192,gpu,132,c_fluxgemm,0,0.86426,0.84480,0.86426,0.03758,1395,1
ag,2560,5120,8192,gpu,132,c_flux_ag,2,0.26579,0.26403,0.26579,0.04096,1395,1
ag,2560,5120,8192,gpu,132,A_fused,3,0.95437,0.93389,0.95437,0.05587,1395,1
ag,2560,5120,8192,gpu,133,c_cublas,3,0.77107,0.75878,0.77107,0.03624,1395,1
ag,2560,5120,8192,gpu,133,c_fluxgemm,2,0.86630,0.84582,0.86630,0.03516,1395,1
ag,2560,5120,8192,gpu,133,c_flux_ag,1,0.24576,0.24070,0.24576,0.03563,1395,1
ag,2560,5120,8192,gpu,133,A_fused,0,0.96051,0.94106,0.96051,0.06115,1395,1
ag,2560,5120,8192,gpu,134,c_cublas,3,0.77107,0.75878,0.77107,0.03635,1395,1
ag,2560,5120,8192,gpu,134,c_fluxgemm,2,0.86528,0.84582,0.86528,0.03439,1395,1
ag,2560,5120,8192,gpu,134,c_flux_ag,0,0.25946,0.25741,0.25946,0.04245,1395,1
ag,2560,5120,8192,gpu,134,A_fused,1,0.95642,0.93594,0.95642,0.06188,1395,1
ag,2560,5120,8192,gpu,135,c_cublas,3,0.77107,0.75878,0.77107,0.03625,1395,1
ag,2560,5120,8192,gpu,135,c_fluxgemm,0,0.86426,0.84378,0.86426,0.03836,1395,1
ag,2560,5120,8192,gpu,135,c_flux_ag,1,0.29085,0.28944,0.28944,0.04037,1395,1
ag,2560,5120,8192,gpu,135,A_fused,2,0.95232,0.93389,0.95232,0.05387,1395,1
ag,2560,5120,8192,gpu,136,c_cublas,2,0.77107,0.75878,0.77107,0.03644,1395,1
ag,2560,5120,8192,gpu,136,c_fluxgemm,0,0.86528,0.84480,0.86528,0.03828,1395,1
ag,2560,5120,8192,gpu,136,c_flux_ag,1,0.25856,0.25770,0.25856,0.04064,1395,1
ag,2560,5120,8192,gpu,136,A_fused,3,0.95846,0.93798,0.95846,0.06856,1395,1
ag,2560,5120,8192,gpu,137,c_cublas,2,0.77210,0.75981,0.77210,0.03818,1395,1
ag,2560,5120,8192,gpu,137,c_fluxgemm,3,0.86733,0.84685,0.86733,0.03752,1395,1
ag,2560,5120,8192,gpu,137,c_flux_ag,1,0.25891,0.25802,0.25891,0.03591,1395,1
ag,2560,5120,8192,gpu,137,A_fused,0,0.95642,0.93696,0.95642,0.06883,1395,1
ag,2560,5120,8192,gpu,138,c_cublas,1,0.77005,0.75776,0.77005,0.04246,1395,1
ag,2560,5120,8192,gpu,138,c_fluxgemm,2,0.86528,0.84582,0.86528,0.03862,1395,1
ag,2560,5120,8192,gpu,138,c_flux_ag,3,0.29206,0.29162,0.29206,0.03984,1395,1
ag,2560,5120,8192,gpu,138,A_fused,0,0.95744,0.93798,0.95744,0.06364,1395,1
ag,2560,5120,8192,gpu,139,c_cublas,0,0.77005,0.75776,0.77005,0.03653,1395,1
ag,2560,5120,8192,gpu,139,c_fluxgemm,2,0.86528,0.84582,0.86528,0.03577,1395,1
ag,2560,5120,8192,gpu,139,c_flux_ag,3,0.25942,0.25587,0.25587,0.03843,1395,1
ag,2560,5120,8192,gpu,139,A_fused,1,0.95846,0.93696,0.95846,0.06079,1395,1
ag,2560,5120,8192,gpu,140,c_cublas,2,0.77312,0.75981,0.77312,0.03657,1395,1
ag,2560,5120,8192,gpu,140,c_fluxgemm,1,0.86528,0.84582,0.86528,0.03369,1395,1
ag,2560,5120,8192,gpu,140,c_flux_ag,3,0.27584,0.27434,0.27584,0.04042,1395,1
ag,2560,5120,8192,gpu,140,A_fused,0,0.95232,0.93184,0.95232,0.05819,1395,1
ag,2560,5120,8192,gpu,141,c_cublas,3,0.77005,0.75981,0.77005,0.03676,1395,1
ag,2560,5120,8192,gpu,141,c_fluxgemm,0,0.86630,0.84582,0.86630,0.03669,1395,1
ag,2560,5120,8192,gpu,141,c_flux_ag,2,0.26042,0.25968,0.26042,0.03490,1395,1
ag,2560,5120,8192,gpu,141,A_fused,1,0.95744,0.93594,0.95744,0.05643,1395,1
ag,2560,5120,8192,gpu,142,c_cublas,0,0.77107,0.75776,0.77107,0.03414,1395,1
ag,2560,5120,8192,gpu,142,c_fluxgemm,1,0.86630,0.84378,0.86630,0.04605,1395,1
ag,2560,5120,8192,gpu,142,c_flux_ag,2,0.29062,0.28736,0.28736,0.04021,1395,1
ag,2560,5120,8192,gpu,142,A_fused,3,0.95744,0.93491,0.95744,0.05550,1395,1
ag,2560,5120,8192,gpu,143,c_cublas,2,0.77005,0.75878,0.77005,0.03696,1395,1
ag,2560,5120,8192,gpu,143,c_fluxgemm,3,0.86528,0.84480,0.86528,0.03651,1395,1
ag,2560,5120,8192,gpu,143,c_flux_ag,0,0.25475,0.25094,0.25475,0.03861,1395,1
ag,2560,5120,8192,gpu,143,A_fused,1,0.95846,0.93798,0.95846,0.05460,1395,1
ag,2560,5120,8192,gpu,144,c_cublas,2,0.77005,0.75878,0.77005,0.03643,1395,1
ag,2560,5120,8192,gpu,144,c_fluxgemm,1,0.86528,0.84480,0.86528,0.03655,1395,1
ag,2560,5120,8192,gpu,144,c_flux_ag,0,0.26502,0.26365,0.26365,0.04052,1395,1
ag,2560,5120,8192,gpu,144,A_fused,3,0.95846,0.93594,0.95846,0.06633,1395,1
ag,2560,5120,8192,gpu,145,c_cublas,3,0.77107,0.75878,0.77107,0.03680,1395,1
ag,2560,5120,8192,gpu,145,c_fluxgemm,1,0.86630,0.84685,0.86630,0.03490,1395,1
ag,2560,5120,8192,gpu,145,c_flux_ag,2,0.29216,0.29018,0.29216,0.03782,1395,1
ag,2560,5120,8192,gpu,145,A_fused,0,0.95949,0.94003,0.95949,0.06264,1395,1
ag,2560,5120,8192,gpu,146,c_cublas,2,0.77005,0.75776,0.77005,0.03583,1395,1
ag,2560,5120,8192,gpu,146,c_fluxgemm,3,0.86528,0.84582,0.86528,0.03651,1395,1
ag,2560,5120,8192,gpu,146,c_flux_ag,1,0.24576,0.24054,0.24054,0.03602,1395,1
ag,2560,5120,8192,gpu,146,A_fused,0,0.95949,0.93696,0.95949,0.06034,1395,1
ag,2560,5120,8192,gpu,147,c_cublas,0,0.77107,0.75878,0.77107,0.03535,1395,1
ag,2560,5120,8192,gpu,147,c_fluxgemm,1,0.86426,0.84480,0.86426,0.03652,1395,1
ag,2560,5120,8192,gpu,147,c_flux_ag,3,0.24173,0.24026,0.24173,0.03571,1395,1
ag,2560,5120,8192,gpu,147,A_fused,2,0.95437,0.93389,0.95437,0.06855,1395,1
ag,2560,5120,8192,gpu,148,c_cublas,0,0.77107,0.75981,0.77107,0.03681,1395,1
ag,2560,5120,8192,gpu,148,c_fluxgemm,3,0.86528,0.84480,0.86528,0.03395,1395,1
ag,2560,5120,8192,gpu,148,c_flux_ag,1,0.25789,0.25446,0.25789,0.04131,1395,1
ag,2560,5120,8192,gpu,148,A_fused,2,0.94822,0.92672,0.94822,0.05485,1395,1
ag,2560,5120,8192,gpu,149,c_cublas,1,0.77210,0.75878,0.77210,0.03630,1395,1
ag,2560,5120,8192,gpu,149,c_fluxgemm,0,0.86528,0.84480,0.86528,0.03528,1395,1
ag,2560,5120,8192,gpu,149,c_flux_ag,2,0.25760,0.25709,0.25760,0.04117,1395,1
ag,2560,5120,8192,gpu,149,A_fused,3,0.95744,0.93696,0.95744,0.05460,1395,1
ag,2560,5120,8192,gpu,150,c_cublas,0,0.80486,0.75878,0.80486,0.04206,1395,1
ag,2560,5120,8192,gpu,150,c_fluxgemm,1,0.86528,0.84480,0.86528,0.04096,1395,1
ag,2560,5120,8192,gpu,150,c_flux_ag,2,0.27110,0.26950,0.26950,0.04337,1395,1
ag,2560,5120,8192,gpu,150,A_fused,3,0.95744,0.93798,0.95744,0.05807,1395,1
ag,2560,5120,8192,gpu,151,c_cublas,1,0.77005,0.75878,0.77005,0.03796,1395,1
ag,2560,5120,8192,gpu,151,c_fluxgemm,2,0.86426,0.84480,0.86426,0.03775,1395,1
ag,2560,5120,8192,gpu,151,c_flux_ag,0,0.24643,0.24330,0.24330,0.04019,1395,1
ag,2560,5120,8192,gpu,151,A_fused,3,0.95027,0.92774,0.95027,0.05731,1395,1
ag,2560,5120,8192,gpu,152,c_cublas,2,0.77005,0.75878,0.77005,0.03676,1395,1
ag,2560,5120,8192,gpu,152,c_fluxgemm,0,0.86528,0.84480,0.86528,0.03565,1395,1
ag,2560,5120,8192,gpu,152,c_flux_ag,1,0.26592,0.26586,0.26592,0.04769,1395,1
ag,2560,5120,8192,gpu,152,A_fused,3,0.95846,0.94003,0.95846,0.06018,1395,1
ag,2560,5120,8192,gpu,153,c_cublas,3,0.77107,0.75981,0.77107,0.03581,1395,1
ag,2560,5120,8192,gpu,153,c_fluxgemm,1,0.86528,0.84378,0.86528,0.03601,1395,1
ag,2560,5120,8192,gpu,153,c_flux_ag,0,0.24118,0.24035,0.24118,0.03986,1395,1
ag,2560,5120,8192,gpu,153,A_fused,2,0.95437,0.93594,0.95437,0.05583,1395,1
ag,2560,5120,8192,gpu,154,c_cublas,0,0.77107,0.75776,0.77107,0.03307,1395,1
ag,2560,5120,8192,gpu,154,c_fluxgemm,2,0.86630,0.84582,0.86630,0.03705,1395,1
ag,2560,5120,8192,gpu,154,c_flux_ag,1,0.24854,0.24707,0.24707,0.04224,1395,1
ag,2560,5120,8192,gpu,154,A_fused,3,0.94925,0.92877,0.94925,0.05472,1395,1
ag,2560,5120,8192,gpu,155,c_cublas,0,0.77005,0.75878,0.77005,0.03614,1395,1
ag,2560,5120,8192,gpu,155,c_fluxgemm,3,0.86528,0.84480,0.86528,0.03390,1395,1
ag,2560,5120,8192,gpu,155,c_flux_ag,1,0.26963,0.26672,0.26963,0.04138,1395,1
ag,2560,5120,8192,gpu,155,A_fused,2,0.95744,0.93696,0.95744,0.05566,1395,1
ag,2560,5120,8192,gpu,156,c_cublas,3,0.77005,0.75878,0.77005,0.03683,1395,1
ag,2560,5120,8192,gpu,156,c_fluxgemm,0,0.86528,0.84480,0.86528,0.03974,1395,1
ag,2560,5120,8192,gpu,156,c_flux_ag,2,0.25798,0.25722,0.25722,0.04010,1395,1
ag,2560,5120,8192,gpu,156,A_fused,1,0.95437,0.93389,0.95437,0.07525,1395,1
ag,2560,5120,8192,gpu,157,c_cublas,1,0.77107,0.75981,0.77107,0.03521,1395,1
ag,2560,5120,8192,gpu,157,c_fluxgemm,0,0.86835,0.84378,0.86835,0.03832,1395,1
ag,2560,5120,8192,gpu,157,c_flux_ag,2,0.28877,0.28496,0.28877,0.04184,1395,1
ag,2560,5120,8192,gpu,157,A_fused,3,0.95642,0.93594,0.95642,0.05740,1395,1
ag,2560,5120,8192,gpu,158,c_cublas,0,0.77005,0.75878,0.77005,0.03714,1395,1
ag,2560,5120,8192,gpu,158,c_fluxgemm,1,0.86426,0.84582,0.86426,0.03857,1395,1
ag,2560,5120,8192,gpu,158,c_flux_ag,3,0.25603,0.25478,0.25603,0.03636,1395,1
ag,2560,5120,8192,gpu,158,A_fused,2,0.95744,0.93594,0.95744,0.05765,1395,1
ag,2560,5120,8192,gpu,159,c_cublas,3,0.77005,0.75878,0.77005,0.03612,1395,1
ag,2560,5120,8192,gpu,159,c_fluxgemm,2,0.86426,0.84480,0.86426,0.03358,1395,1
ag,2560,5120,8192,gpu,159,c_flux_ag,0,0.26595,0.26525,0.26595,0.03771,1395,1
ag,2560,5120,8192,gpu,159,A_fused,1,0.95437,0.93389,0.95437,0.05724,1395,1
ag,2560,5120,8192,gpu,160,c_cublas,2,0.77005,0.75776,0.77005,0.03605,1395,1
ag,2560,5120,8192,gpu,160,c_fluxgemm,3,0.86528,0.84582,0.86528,0.03714,1395,1
ag,2560,5120,8192,gpu,160,c_flux_ag,0,0.25693,0.25600,0.25600,0.04201,1395,1
ag,2560,5120,8192,gpu,160,A_fused,1,0.95949,0.93696,0.95949,0.05486,1395,1
ag,2560,5120,8192,gpu,161,c_cublas,1,0.77210,0.75981,0.77210,0.03799,1395,1
ag,2560,5120,8192,gpu,161,c_fluxgemm,0,0.86630,0.84480,0.86630,0.03979,1395,1
ag,2560,5120,8192,gpu,161,c_flux_ag,2,0.28899,0.28720,0.28899,0.04289,1395,1
ag,2560,5120,8192,gpu,161,A_fused,3,0.95027,0.92979,0.95027,0.05680,1395,1
ag,2560,5120,8192,gpu,162,c_cublas,3,0.77005,0.75878,0.77005,0.03622,1395,1
ag,2560,5120,8192,gpu,162,c_fluxgemm,0,0.86528,0.84582,0.86528,0.03573,1395,1
ag,2560,5120,8192,gpu,162,c_flux_ag,1,0.26550,0.26394,0.26550,0.04015,1395,1
ag,2560,5120,8192,gpu,162,A_fused,2,0.95846,0.93798,0.95846,0.05440,1395,1
ag,2560,5120,8192,gpu,163,c_cublas,2,0.77107,0.75878,0.77107,0.03773,1395,1
ag,2560,5120,8192,gpu,163,c_fluxgemm,1,0.86528,0.84582,0.86528,0.03677,1395,1
ag,2560,5120,8192,gpu,163,c_flux_ag,3,0.24198,0.23878,0.24198,0.04104,1395,1
ag,2560,5120,8192,gpu,163,A_fused,0,0.96051,0.93696,0.96051,0.06204,1395,1
ag,2560,5120,8192,gpu,164,c_cublas,0,0.77005,0.75776,0.77005,0.03641,1395,1
ag,2560,5120,8192,gpu,164,c_fluxgemm,3,0.86528,0.84480,0.86528,0.03377,1395,1
ag,2560,5120,8192,gpu,164,c_flux_ag,1,0.26214,0.26166,0.26214,0.04102,1395,1
ag,2560,5120,8192,gpu,164,A_fused,2,0.94618,0.92570,0.94618,0.05479,1395,1
ag,2560,5120,8192,gpu,165,c_cublas,2,0.77107,0.75878,0.77107,0.03656,1395,1
ag,2560,5120,8192,gpu,165,c_fluxgemm,1,0.86323,0.84480,0.86323,0.03345,1395,1
ag,2560,5120,8192,gpu,165,c_flux_ag,3,0.25654,0.25536,0.25654,0.04958,1395,1
ag,2560,5120,8192,gpu,165,A_fused,0,0.95744,0.93594,0.95744,0.05874,1395,1
ag,2560,5120,8192,gpu,166,c_cublas,1,0.77005,0.75878,0.77005,0.03583,1395,1
ag,2560,5120,8192,gpu,166,c_fluxgemm,3,0.86426,0.84480,0.86426,0.03646,1395,1
ag,2560,5120,8192,gpu,166,c_flux_ag,2,0.24470,0.24330,0.24470,0.04096,1395,1
ag,2560,5120,8192,gpu,166,A_fused,0,0.95949,0.93798,0.95949,0.06782,1395,1
ag,2560,5120,8192,gpu,167,c_cublas,1,0.77005,0.75776,0.77005,0.03665,1395,1
ag,2560,5120,8192,gpu,167,c_fluxgemm,2,0.86630,0.84582,0.86630,0.03695,1395,1
ag,2560,5120,8192,gpu,167,c_flux_ag,3,0.29373,0.29370,0.29373,0.04036,1395,1
ag,2560,5120,8192,gpu,167,A_fused,0,0.95744,0.93901,0.95744,0.06092,1395,1
ag,2560,5120,8192,gpu,168,c_cublas,0,0.77005,0.75776,0.77005,0.03734,1395,1
ag,2560,5120,8192,gpu,168,c_fluxgemm,1,0.86630,0.84480,0.86630,0.03828,1395,1
ag,2560,5120,8192,gpu,168,c_flux_ag,2,0.26752,0.26384,0.26384,0.05083,1395,1
ag,2560,5120,8192,gpu,168,A_fused,3,0.95744,0.93594,0.95744,0.05571,1395,1
ag,2560,5120,8192,gpu,169,c_cublas,2,0.77107,0.75776,0.77107,0.03658,1395,1
ag,2560,5120,8192,gpu,169,c_fluxgemm,1,0.86528,0.84378,0.86528,0.03529,1395,1
ag,2560,5120,8192,gpu,169,c_flux_ag,0,0.24854,0.24368,0.24854,0.03805,1395,1
ag,2560,5120,8192,gpu,169,A_fused,3,0.96154,0.93901,0.96154,0.06031,1395,1
ag,2560,5120,8192,gpu,170,c_cublas,2,0.77107,0.75981,0.77107,0.03707,1395,1
ag,2560,5120,8192,gpu,170,c_fluxgemm,0,0.86528,0.84582,0.86528,0.03659,1395,1
ag,2560,5120,8192,gpu,170,c_flux_ag,1,0.25571,0.25558,0.25571,0.03835,1395,1
ag,2560,5120,8192,gpu,170,A_fused,3,0.95027,0.92672,0.95027,0.05945,1395,1
ag,2560,5120,8192,gpu,171,c_cublas,0,0.77005,0.75776,0.77005,0.03613,1395,1
ag,2560,5120,8192,gpu,171,c_fluxgemm,1,0.86528,0.84582,0.86528,0.03791,1395,1
ag,2560,5120,8192,gpu,171,c_flux_ag,3,0.24246,0.24198,0.24246,0.03617,1395,1
ag,2560,5120,8192,gpu,171,A_fused,2,0.95437,0.93594,0.95437,0.05981,1395,1
ag,2560,5120,8192,gpu,172,c_cublas,2,0.77210,0.75981,0.77210,0.03594,1395,1
ag,2560,5120,8192,gpu,172,c_fluxgemm,0,0.86426,0.84480,0.86426,0.03676,1395,1
ag,2560,5120,8192,gpu,172,c_flux_ag,3,0.24723,0.23949,0.24723,0.03908,1395,1
ag,2560,5120,8192,gpu,172,A_fused,1,0.95846,0.93798,0.95846,0.05606,1395,1
ag,2560,5120,8192,gpu,173,c_cublas,0,0.79974,0.75981,0.79974,0.03932,1395,1
ag,2560,5120,8192,gpu,173,c_fluxgemm,3,0.86528,0.84480,0.86528,0.03580,1395,1
ag,2560,5120,8192,gpu,173,c_flux_ag,2,0.29629,0.29517,0.29629,0.03764,1395,1
ag,2560,5120,8192,gpu,173,A_fused,1,0.95744,0.93798,0.95744,0.06228,1395,1
ag,2560,5120,8192,gpu,174,c_cublas,1,0.77005,0.75776,0.77005,0.04206,1395,1
ag,2560,5120,8192,gpu,174,c_fluxgemm,0,0.86528,0.84582,0.86528,0.05910,1395,1
ag,2560,5120,8192,gpu,174,c_flux_ag,2,0.26595,0.26368,0.26595,0.05008,1395,1
ag,2560,5120,8192,gpu,174,A_fused,3,0.95744,0.93696,0.95744,0.05425,1395,1
ag,2560,5120,8192,gpu,175,c_cublas,3,0.77005,0.75878,0.77005,0.03622,1395,1
ag,2560,5120,8192,gpu,175,c_fluxgemm,2,0.86528,0.84378,0.86528,0.03436,1395,1
ag,2560,5120,8192,gpu,175,c_flux_ag,0,0.24566,0.24077,0.24077,0.03861,1395,1
ag,2560,5120,8192,gpu,175,A_fused,1,0.95744,0.93798,0.95744,0.05694,1395,1
ag,2560,5120,8192,gpu,176,c_cublas,1,0.77210,0.75981,0.77210,0.03588,1395,1
ag,2560,5120,8192,gpu,176,c_fluxgemm,3,0.86733,0.84582,0.86733,0.03693,1395,1
ag,2560,5120,8192,gpu,176,c_flux_ag,2,0.29331,0.29085,0.29331,0.04066,1395,1
ag,2560,5120,8192,gpu,176,A_fused,0,0.95846,0.93798,0.95846,0.06264,1395,1
ag,2560,5120,8192,gpu,177,c_cublas,2,0.76902,0.75878,0.76902,0.03659,1395,1
ag,2560,5120,8192,gpu,177,c_fluxgemm,1,0.86426,0.84378,0.86426,0.03533,1395,1
ag,2560,5120,8192,gpu,177,c_flux_ag,0,0.24234,0.24029,0.24234,0.04059,1395,1
ag,2560,5120,8192,gpu,177,A_fused,3,0.95744,0.93491,0.95744,0.05967,1395,1
ag,2560,5120,8192,gpu,178,c_cublas,3,0.77005,0.75776,0.77005,0.03623,1395,1
ag,2560,5120,8192,gpu,178,c_fluxgemm,2,0.86630,0.84685,0.86630,0.03384,1395,1
ag,2560,5120,8192,gpu,178,c_flux_ag,0,0.25734,0.25062,0.25062,0.03901,1395,1
ag,2560,5120,8192,gpu,178,A_fused,1,0.95949,0.93798,0.95949,0.05506,1395,1
ag,2560,5120,8192,gpu,179,c_cublas,1,0.77107,0.75776,0.77107,0.03578,1395,1
ag,2560,5120,8192,gpu,179,c_fluxgemm,0,0.86630,0.84582,0.86630,0.03859,1395,1
ag,2560,5120,8192,gpu,179,c_flux_ag,2,0.29402,0.29347,0.29402,0.04194,1395,1
ag,2560,5120,8192,gpu,179,A_fused,3,0.95744,0.93798,0.95744,0.05583,1395,1
ag,2560,5120,8192,gpu,180,c_cublas,3,0.77005,0.75878,0.77005,0.03727,1395,1
ag,2560,5120,8192,gpu,180,c_fluxgemm,0,0.86426,0.84480,0.86426,0.03925,1395,1
ag,2560,5120,8192,gpu,180,c_flux_ag,2,0.25840,0.25613,0.25840,0.03479,1395,1
ag,2560,5120,8192,gpu,180,A_fused,1,0.95744,0.94106,0.95744,0.05914,1395,1
ag,2560,5120,8192,gpu,181,c_cublas,3,0.77107,0.75981,0.77107,0.03690,1395,1
ag,2560,5120,8192,gpu,181,c_fluxgemm,1,0.86528,0.84685,0.86528,0.03376,1395,1
ag,2560,5120,8192,gpu,181,c_flux_ag,2,0.24691,0.24086,0.24086,0.03770,1395,1
ag,2560,5120,8192,gpu,181,A_fused,0,0.95846,0.93798,0.95846,0.06237,1395,1
ag,2560,5120,8192,gpu,182,c_cublas,3,0.77005,0.75878,0.77005,0.03653,1395,1
ag,2560,5120,8192,gpu,182,c_fluxgemm,1,0.86426,0.84582,0.86426,0.04204,1395,1
ag,2560,5120,8192,gpu,182,c_flux_ag,2,0.29770,0.29363,0.29770,0.03892,1395,1
ag,2560,5120,8192,gpu,182,A_fused,0,0.96154,0.94208,0.96154,0.06092,1395,1
ag,2560,5120,8192,gpu,183,c_cublas,2,0.77005,0.75878,0.77005,0.03697,1395,1
ag,2560,5120,8192,gpu,183,c_fluxgemm,3,0.86528,0.84582,0.86528,0.03733,1395,1
ag,2560,5120,8192,gpu,183,c_flux_ag,0,0.24858,0.24275,0.24858,0.04240,1395,1
ag,2560,5120,8192,gpu,183,A_fused,1,0.95642,0.93594,0.95642,0.05608,1395,1
ag,2560,5120,8192,gpu,184,c_cublas,1,0.77005,0.75776,0.77005,0.03582,1395,1
ag,2560,5120,8192,gpu,184,c_fluxgemm,0,0.86426,0.84480,0.86426,0.03472,1395,1
ag,2560,5120,8192,gpu,184,c_flux_ag,2,0.26483,0.26362,0.26362,0.04122,1395,1
ag,2560,5120,8192,gpu,184,A_fused,3,0.95744,0.93594,0.95744,0.06517,1395,1
ag,2560,5120,8192,gpu,185,c_cublas,0,0.77210,0.75981,0.77210,0.04133,1395,1
ag,2560,5120,8192,gpu,185,c_fluxgemm,3,0.86630,0.84582,0.86630,0.03716,1395,1
ag,2560,5120,8192,gpu,185,c_flux_ag,2,0.29190,0.28902,0.28902,0.03675,1395,1
ag,2560,5120,8192,gpu,185,A_fused,1,0.95437,0.93594,0.95437,0.06595,1395,1
ag,2560,5120,8192,gpu,186,c_cublas,2,0.77005,0.75776,0.77005,0.03773,1395,1
ag,2560,5120,8192,gpu,186,c_fluxgemm,3,0.86426,0.84582,0.86426,0.03689,1395,1
ag,2560,5120,8192,gpu,186,c_flux_ag,1,0.24426,0.24099,0.24099,0.03688,1395,1
ag,2560,5120,8192,gpu,186,A_fused,0,0.96051,0.94106,0.96051,0.06110,1395,1
ag,2560,5120,8192,gpu,187,c_cublas,1,0.77107,0.75878,0.77107,0.03599,1395,1
ag,2560,5120,8192,gpu,187,c_fluxgemm,0,0.86323,0.84582,0.86323,0.03496,1395,1
ag,2560,5120,8192,gpu,187,c_flux_ag,3,0.25482,0.25389,0.25482,0.03661,1395,1
ag,2560,5120,8192,gpu,187,A_fused,2,0.95642,0.93491,0.95642,0.06805,1395,1
ag,2560,5120,8192,gpu,188,c_cublas,3,0.77005,0.75878,0.77005,0.03625,1395,1
ag,2560,5120,8192,gpu,188,c_fluxgemm,1,0.86426,0.84582,0.86426,0.03629,1395,1
ag,2560,5120,8192,gpu,188,c_flux_ag,0,0.26099,0.26038,0.26038,0.03704,1395,1
ag,2560,5120,8192,gpu,188,A_fused,2,0.94925,0.92877,0.94925,0.05620,1395,1
ag,2560,5120,8192,gpu,189,c_cublas,3,0.77210,0.75878,0.77210,0.03612,1395,1
ag,2560,5120,8192,gpu,189,c_fluxgemm,2,0.86630,0.84480,0.86630,0.03402,1395,1
ag,2560,5120,8192,gpu,189,c_flux_ag,0,0.24861,0.24726,0.24861,0.04153,1395,1
ag,2560,5120,8192,gpu,189,A_fused,1,0.95949,0.93901,0.95949,0.05541,1395,1
ag,2560,5120,8192,gpu,190,c_cublas,3,0.77005,0.75776,0.77005,0.03569,1395,1
ag,2560,5120,8192,gpu,190,c_fluxgemm,1,0.86528,0.84685,0.86528,0.04196,1395,1
ag,2560,5120,8192,gpu,190,c_flux_ag,0,0.24240,0.24166,0.24166,0.04209,1395,1
ag,2560,5120,8192,gpu,190,A_fused,2,0.95334,0.93491,0.95334,0.05619,1395,1
ag,2560,5120,8192,gpu,191,c_cublas,2,0.77005,0.75878,0.77005,0.03641,1395,1
ag,2560,5120,8192,gpu,191,c_fluxgemm,3,0.86426,0.84480,0.86426,0.03744,1395,1
ag,2560,5120,8192,gpu,191,c_flux_ag,1,0.28822,0.28784,0.28822,0.03517,1395,1
ag,2560,5120,8192,gpu,191,A_fused,0,0.95642,0.93594,0.95642,0.06293,1395,1
ag,2560,5120,8192,gpu,192,c_cublas,1,0.77005,0.75776,0.77005,0.03604,1395,1
ag,2560,5120,8192,gpu,192,c_fluxgemm,2,0.86528,0.84685,0.86528,0.03690,1395,1
ag,2560,5120,8192,gpu,192,c_flux_ag,3,0.24691,0.24301,0.24691,0.04953,1395,1
ag,2560,5120,8192,gpu,192,A_fused,0,0.95744,0.93696,0.95744,0.06042,1395,1
ag,2560,5120,8192,gpu,193,c_cublas,2,0.77005,0.75981,0.77005,0.03856,1395,1
ag,2560,5120,8192,gpu,193,c_fluxgemm,1,0.86426,0.84582,0.86426,0.03765,1395,1
ag,2560,5120,8192,gpu,193,c_flux_ag,0,0.26902,0.26739,0.26739,0.03749,1395,1
ag,2560,5120,8192,gpu,193,A_fused,3,0.95642,0.93286,0.95642,0.06017,1395,1
ag,2560,5120,8192,gpu,194,c_cublas,1,0.77005,0.75878,0.77005,0.03566,1395,1
ag,2560,5120,8192,gpu,194,c_fluxgemm,2,0.86426,0.84480,0.86426,0.03678,1395,1
ag,2560,5120,8192,gpu,194,c_flux_ag,3,0.26160,0.25971,0.26160,0.03967,1395,1
ag,2560,5120,8192,gpu,194,A_fused,0,0.95027,0.92774,0.95027,0.05901,1395,1
ag,2560,5120,8192,gpu,195,c_cublas,3,0.77107,0.75878,0.77107,0.03747,1395,1
ag,2560,5120,8192,gpu,195,c_fluxgemm,1,0.86426,0.84480,0.86426,0.03400,1395,1
ag,2560,5120,8192,gpu,195,c_flux_ag,2,0.24390,0.23846,0.24390,0.04605,1395,1
ag,2560,5120,8192,gpu,195,A_fused,0,0.95846,0.93901,0.95846,0.06056,1395,1
ag,2560,5120,8192,gpu,196,c_cublas,3,0.77005,0.75776,0.77005,0.04823,1395,1
ag,2560,5120,8192,gpu,196,c_fluxgemm,2,0.86426,0.84582,0.86426,0.03479,1395,1
ag,2560,5120,8192,gpu,196,c_flux_ag,0,0.56058,0.27117,0.27117,0.04469,1395,1
ag,2560,5120,8192,gpu,196,A_fused,1,0.95744,0.93798,0.95744,0.05724,1395,1
ag,2560,5120,8192,gpu,197,c_cublas,3,0.77210,0.75878,0.77210,0.03859,1395,1
ag,2560,5120,8192,gpu,197,c_fluxgemm,1,0.86528,0.84378,0.86528,0.03648,1395,1
ag,2560,5120,8192,gpu,197,c_flux_ag,0,0.29600,0.29517,0.29517,0.04162,1395,1
ag,2560,5120,8192,gpu,197,A_fused,2,0.95744,0.93798,0.95744,0.05575,1395,1
ag,2560,5120,8192,gpu,198,c_cublas,2,0.77005,0.75776,0.77005,0.03595,1395,1
ag,2560,5120,8192,gpu,198,c_fluxgemm,0,0.86528,0.84582,0.86528,0.03911,1395,1
ag,2560,5120,8192,gpu,198,c_flux_ag,3,0.26170,0.25558,0.26170,0.04024,1395,1
ag,2560,5120,8192,gpu,198,A_fused,1,0.95744,0.93594,0.95744,0.05861,1395,1
ag,2560,5120,8192,gpu,199,c_cublas,3,0.77005,0.75776,0.77005,0.03648,1395,1
ag,2560,5120,8192,gpu,199,c_fluxgemm,0,0.86528,0.84480,0.86528,0.03759,1395,1
ag,2560,5120,8192,gpu,199,c_flux_ag,2,0.24182,0.24157,0.24182,0.03514,1395,1
ag,2560,5120,8192,gpu,199,A_fused,1,0.95846,0.93901,0.95846,0.05647,1395,1
ag,2560,5120,8192,steady,0,c_cublas,1,0.83994,0.83661,0.83661,0.01458,1245,1
ag,2560,5120,8192,steady,0,c_fluxgemm,3,0.94195,0.90419,0.94195,0.01888,1245,1
ag,2560,5120,8192,steady,0,c_flux_ag,2,0.25107,0.25106,0.25106,0.02770,1245,1
ag,2560,5120,8192,steady,0,A_fused,0,1.03578,1.03558,1.03578,0.03688,1245,1
ag,2560,5120,8192,steady,1,c_cublas,2,0.84614,0.79782,0.84614,0.01444,1245,1
ag,2560,5120,8192,steady,1,c_fluxgemm,3,0.93862,0.91219,0.93862,0.01831,1245,1
ag,2560,5120,8192,steady,1,c_flux_ag,0,0.25431,0.25298,0.25298,0.02825,1245,1
ag,2560,5120,8192,steady,1,A_fused,1,1.02765,1.02394,1.02765,0.03679,1245,1
ag,2560,5120,8192,steady,2,c_cublas,2,0.86874,0.82861,0.86874,0.01527,1245,1
ag,2560,5120,8192,steady,2,c_fluxgemm,0,0.94803,0.92294,0.94803,0.01888,1245,1
ag,2560,5120,8192,steady,2,c_flux_ag,1,0.25295,0.25284,0.25284,0.02841,1245,1
ag,2560,5120,8192,steady,2,A_fused,3,1.03251,1.03021,1.03251,0.03694,1245,1
ag,2560,5120,8192,steady,3,c_cublas,3,0.87923,0.82458,0.87923,0.01559,1230,1
ag,2560,5120,8192,steady,3,c_fluxgemm,1,0.95789,0.90790,0.95789,0.01907,1230,1
ag,2560,5120,8192,steady,3,c_flux_ag,0,0.25017,0.24945,0.24945,0.02801,1230,1
ag,2560,5120,8192,steady,3,A_fused,2,1.04307,1.04013,1.04307,0.03664,1230,1
ag,2560,5120,8192,steady,4,c_cublas,2,0.84870,0.83443,0.84870,0.01526,1215,1
ag,2560,5120,8192,steady,4,c_fluxgemm,1,0.95149,0.92038,0.95149,0.01870,1215,1
ag,2560,5120,8192,steady,4,c_flux_ag,0,0.25387,0.25210,0.25210,0.02896,1215,1
ag,2560,5120,8192,steady,4,A_fused,3,1.01715,1.01638,1.01715,0.03636,1215,1
ag,2560,5120,8192,steady,5,c_cublas,2,0.85907,0.85683,0.85907,0.01505,1230,1
ag,2560,5120,8192,steady,5,c_fluxgemm,0,0.95379,0.92659,0.95379,0.01919,1230,1
ag,2560,5120,8192,steady,5,c_flux_ag,1,0.25385,0.25377,0.25377,0.02811,1230,1
ag,2560,5120,8192,steady,5,A_fused,3,1.02701,1.02573,1.02701,0.03711,1230,1
ag,2560,5120,8192,steady,6,c_cublas,3,0.89946,0.84339,0.89946,0.01605,1215,1
ag,2560,5120,8192,steady,6,c_fluxgemm,1,0.96410,0.93946,0.96410,0.01891,1215,1
ag,2560,5120,8192,steady,6,c_flux_ag,2,0.25498,0.25486,0.25486,0.02750,1215,1
ag,2560,5120,8192,steady,6,A_fused,0,1.03558,1.03366,1.03558,0.03737,1215,1
ag,2560,5120,8192,steady,7,c_cublas,2,0.86816,0.82630,0.86816,0.01516,1215,1
ag,2560,5120,8192,steady,7,c_fluxgemm,3,0.94746,0.90323,0.94746,0.01911,1215,1
ag,2560,5120,8192,steady,7,c_flux_ag,1,0.24909,0.24908,0.24909,0.02804,1215,1
ag,2560,5120,8192,steady,7,A_fused,0,1.05466,1.05395,1.05466,0.03848,1215,1
ag,2560,5120,8192,steady,8,c_cublas,2,0.83750,0.83642,0.83642,0.01501,1275,1
ag,2560,5120,8192,steady,8,c_fluxgemm,1,0.93267,0.92346,0.93267,0.01891,1275,1
ag,2560,5120,8192,steady,8,c_flux_ag,0,0.25422,0.25245,0.25245,0.02876,1275,1
ag,2560,5120,8192,steady,8,A_fused,3,1.01440,1.01382,1.01440,0.03707,1275,1
ag,2560,5120,8192,steady,9,c_cublas,0,0.86426,0.84122,0.86426,0.01529,1230,1
ag,2560,5120,8192,steady,9,c_fluxgemm,1,0.95315,0.93318,0.95315,0.01957,1230,1
ag,2560,5120,8192,steady,9,c_flux_ag,2,0.25226,0.25198,0.25198,0.02818,1230,1
ag,2560,5120,8192,steady,9,A_fused,3,1.03552,1.03475,1.03552,0.03687,1230,1
ag,2560,5120,8192,steady,10,c_cublas,3,0.87802,0.84685,0.87802,0.01562,1215,1
ag,2560,5120,8192,steady,10,c_fluxgemm,1,0.96429,0.93811,0.96429,0.01826,1215,1
ag,2560,5120,8192,steady,10,c_flux_ag,2,0.25375,0.25365,0.25375,0.02823,1215,1
ag,2560,5120,8192,steady,10,A_fused,0,1.03296,1.03098,1.03296,0.03789,1215,1
ag,2560,5120,8192,steady,11,c_cublas,3,0.86317,0.84646,0.86317,0.01472,1245,1
ag,2560,5120,8192,steady,11,c_fluxgemm,1,0.94342,0.90931,0.94342,0.01883,1245,1
ag,2560,5120,8192,steady,11,c_flux_ag,0,0.25661,0.25436,0.25436,0.02867,1245,1
ag,2560,5120,8192,steady,11,A_fused,2,1.02835,1.02746,1.02835,0.03646,1245,1
ag,2560,5120,8192,steady,12,c_cublas,0,0.88013,0.84653,0.88013,0.01443,1230,1
ag,2560,5120,8192,steady,12,c_fluxgemm,2,0.95360,0.91398,0.95360,0.01940,1230,1
ag,2560,5120,8192,steady,12,c_flux_ag,1,0.25475,0.25458,0.25475,0.02830,1230,1
ag,2560,5120,8192,steady,12,A_fused,3,1.04224,1.03987,1.04224,0.03674,1230,1
ag,2560,5120,8192,steady,13,c_cublas,1,0.87174,0.83174,0.87174,0.01570,1230,1
ag,2560,5120,8192,steady,13,c_fluxgemm,2,0.95859,0.90765,0.95859,0.01929,1230,1
ag,2560,5120,8192,steady,13,c_flux_ag,0,0.25035,0.24992,0.24992,0.02811,1230,1
ag,2560,5120,8192,steady,13,A_fused,3,1.04704,1.04416,1.04704,0.03680,1230,1
ag,2560,5120,8192,steady,14,c_cublas,0,0.88640,0.84230,0.88640,0.01629,1215,1
ag,2560,5120,8192,steady,14,c_fluxgemm,1,0.96915,0.92371,0.96915,0.01947,1215,1
ag,2560,5120,8192,steady,14,c_flux_ag,2,0.25326,0.25294,0.25326,0.02857,1215,1
ag,2560,5120,8192,steady,14,A_fused,3,1.02944,1.02752,1.02944,0.03615,1215,1
ag,2560,5120,8192,steady,15,c_cublas,3,0.86221,0.84762,0.86221,0.01584,1260,1
ag,2560,5120,8192,steady,15,c_fluxgemm,0,0.94048,0.90682,0.94048,0.01897,1260,1
ag,2560,5120,8192,steady,15,c_flux_ag,2,0.24981,0.24946,0.24946,0.02826,1260,1
ag,2560,5120,8192,steady,15,A_fused,1,1.03142,1.03027,1.03142,0.03684,1260,1
ag,2560,5120,8192,steady,16,c_cublas,2,0.85664,0.82803,0.85664,0.01532,1260,1
ag,2560,5120,8192,steady,16,c_fluxgemm,0,0.93459,0.92736,0.93459,0.01985,1260,1
ag,2560,5120,8192,steady,16,c_flux_ag,1,0.25389,0.25366,0.25366,0.02864,1260,1
ag,2560,5120,8192,steady,16,A_fused,3,1.02515,1.02368,1.02515,0.03771,1260,1
ag,2560,5120,8192,steady,17,c_cublas,2,0.86342,0.84749,0.86342,0.01529,1260,1
ag,2560,5120,8192,steady,17,c_fluxgemm,3,0.93472,0.92493,0.93472,0.01874,1260,1
ag,2560,5120,8192,steady,17,c_flux_ag,1,0.24884,0.24876,0.24884,0.02799,1260,1
ag,2560,5120,8192,steady,17,A_fused,0,1.03392,1.03091,1.03392,0.03760,1260,1
ag,2560,5120,8192,steady,18,c_cublas,3,0.86189,0.83789,0.86189,0.01552,1245,1
ag,2560,5120,8192,steady,18,c_fluxgemm,2,0.94707,0.91424,0.94707,0.01896,1245,1
ag,2560,5120,8192,steady,18,c_flux_ag,0,0.25489,0.25312,0.25312,0.02869,1245,1
ag,2560,5120,8192,steady,18,A_fused,1,1.03226,1.02944,1.03226,0.03660,1245,1
ag,2560,5120,8192,steady,19,c_cublas,0,0.86944,0.83776,0.86944,0.01458,1230,1
ag,2560,5120,8192,steady,19,c_fluxgemm,2,0.95117,0.92416,0.95117,0.01881,1230,1
ag,2560,5120,8192,steady,19,c_flux_ag,1,0.25316,0.25299,0.25316,0.02930,1230,1
ag,2560,5120,8192,steady,19,A_fused,3,1.02765,1.02650,1.02765,0.03719,1230,1
ag,2560,5120,8192,steady,20,c_cublas,0,0.87091,0.84211,0.87091,0.01580,1230,1
ag,2560,5120,8192,steady,20,c_fluxgemm,1,0.95283,0.92352,0.95283,0.01983,1230,1
ag,2560,5120,8192,steady,20,c_flux_ag,3,0.25103,0.25063,0.25103,0.02727,1230,1
ag,2560,5120,8192,steady,20,A_fused,2,1.04173,1.03891,1.04173,0.03672,1230,1
ag,2560,5120,8192,steady,21,c_cublas,3,0.87162,0.83930,0.87162,0.01552,1215,1
ag,2560,5120,8192,steady,21,c_fluxgemm,0,0.96928,0.93702,0.96928,0.01991,1215,1
ag,2560,5120,8192,steady,21,c_flux_ag,2,0.24881,0.24881,0.24881,0.02780,1215,1
ag,2560,5120,8192,steady,21,A_fused,1,1.04333,1.04173,1.04333,0.03644,1215,1
ag,2560,5120,8192,steady,22,c_cublas,1,0.86099,0.81222,0.86099,0.01526,1245,1
ag,2560,5120,8192,steady,22,c_fluxgemm,2,0.93728,0.88954,0.93728,0.01936,1245,1
ag,2560,5120,8192,steady,22,c_flux_ag,0,0.25539,0.25383,0.25383,0.02889,1245,1
ag,2560,5120,8192,steady,22,A_fused,3,1.02131,1.01997,1.02131,0.03695,1245,1
ag,2560,5120,8192,steady,23,c_cublas,2,0.87418,0.85677,0.87418,0.01552,1245,1
ag,2560,5120,8192,steady,23,c_fluxgemm,3,0.94182,0.92659,0.94182,0.01883,1245,1
ag,2560,5120,8192,steady,23,c_flux_ag,1,0.24952,0.24950,0.24950,0.02763,1245,1
ag,2560,5120,8192,steady,23,A_fused,0,1.03616,1.03322,1.03616,0.03761,1245,1
ag,2560,5120,8192,steady,24,c_cublas,3,0.85965,0.82458,0.85965,0.01562,1245,1
ag,2560,5120,8192,steady,24,c_fluxgemm,2,0.94266,0.91661,0.94266,0.01856,1245,1
ag,2560,5120,8192,steady,24,c_flux_ag,1,0.24884,0.24871,0.24884,0.02830,1245,1
ag,2560,5120,8192,steady,24,A_fused,0,1.02989,1.02944,1.02944,0.03838,1245,1
ag,2560,5120,8192,steady,25,c_cublas,0,0.86374,0.82458,0.86374,0.01445,1245,1
ag,2560,5120,8192,steady,25,c_fluxgemm,1,0.94688,0.90982,0.94688,0.01929,1245,1
ag,2560,5120,8192,steady,25,c_flux_ag,2,0.25434,0.25427,0.25434,0.02890,1245,1
ag,2560,5120,8192,steady,25,A_fused,3,1.04282,1.03910,1.04282,0.03640,1245,1
ag,2560,5120,8192,steady,26,c_cublas,2,0.85664,0.84429,0.85664,0.01644,1230,1
ag,2560,5120,8192,steady,26,c_fluxgemm,0,0.96064,0.91059,0.96064,0.01956,1230,1
ag,2560,5120,8192,steady,26,c_flux_ag,1,0.25277,0.25254,0.25277,0.02835,1230,1
ag,2560,5120,8192,steady,26,A_fused,3,1.02067,1.01914,1.02067,0.03654,1230,1
ag,2560,5120,8192,steady,27,c_cublas,1,0.85453,0.84659,0.85453,0.01605,1245,1
ag,2560,5120,8192,steady,27,c_fluxgemm,3,0.94150,0.93376,0.94150,0.01893,1245,1
ag,2560,5120,8192,steady,27,c_flux_ag,0,0.25029,0.24999,0.24999,0.02873,1245,1
ag,2560,5120,8192,steady,27,A_fused,2,1.01805,1.01754,1.01805,0.03739,1245,1
ag,2560,5120,8192,steady,28,c_cublas,1,0.86592,0.85024,0.86592,0.01585,1230,1
ag,2560,5120,8192,steady,28,c_fluxgemm,2,0.95347,0.92397,0.95347,0.01863,1230,1
ag,2560,5120,8192,steady,28,c_flux_ag,0,0.25525,0.25373,0.25373,0.02898,1230,1
ag,2560,5120,8192,steady,28,A_fused,3,1.03827,1.03635,1.03827,0.03686,1230,1
ag,2560,5120,8192,steady,29,c_cublas,3,0.86752,0.82714,0.86752,0.01453,1215,1
ag,2560,5120,8192,steady,29,c_fluxgemm,0,0.96627,0.93376,0.96627,0.01842,1215,1
ag,2560,5120,8192,steady,29,c_flux_ag,1,0.25403,0.25379,0.25379,0.02840,1215,1
ag,2560,5120,8192,steady,29,A_fused,2,1.05050,1.04736,1.05050,0.03543,1215,1
ag,2560,5120,8192,steady,30,c_cublas,1,0.84915,0.82131,0.84915,0.01467,1260,1
ag,2560,5120,8192,steady,30,c_fluxgemm,2,0.93178,0.89338,0.93178,0.01945,1260,1
ag,2560,5120,8192,steady,30,c_flux_ag,0,0.25405,0.25170,0.25170,0.02867,1260,1
ag,2560,5120,8192,steady,30,A_fused,3,1.01792,1.01722,1.01792,0.03677,1260,1
ag,2560,5120,8192,steady,31,c_cublas,2,0.87142,0.84781,0.87142,0.01537,1230,1
ag,2560,5120,8192,steady,31,c_fluxgemm,1,0.95776,0.93389,0.95776,0.01967,1230,1
ag,2560,5120,8192,steady,31,c_flux_ag,0,0.25121,0.25074,0.25121,0.02850,1230,1
ag,2560,5120,8192,steady,31,A_fused,3,1.04282,1.04090,1.04282,0.03710,1230,1
ag,2560,5120,8192,steady,32,c_cublas,3,0.86131,0.83450,0.86131,0.01533,1215,1
ag,2560,5120,8192,steady,32,c_fluxgemm,0,0.96704,0.93370,0.96704,0.01963,1215,1
ag,2560,5120,8192,steady,32,c_flux_ag,1,0.25235,0.25230,0.25235,0.02865,1215,1
ag,2560,5120,8192,steady,32,A_fused,2,1.04378,1.04198,1.04378,0.03642,1215,1
ag,2560,5120,8192,steady,33,c_cublas,2,0.85011,0.83443,0.85011,0.01569,1260,1
ag,2560,5120,8192,steady,33,c_fluxgemm,3,0.94336,0.92326,0.94336,0.01916,1260,1
ag,2560,5120,8192,steady,33,c_flux_ag,0,0.25437,0.25231,0.25231,0.02931,1260,1
ag,2560,5120,8192,steady,33,A_fused,1,1.03014,1.02931,1.03014,0.03721,1260,1
ag,2560,5120,8192,steady,34,c_cublas,2,0.88282,0.84774,0.88282,0.01507,1230,1
ag,2560,5120,8192,steady,34,c_fluxgemm,0,0.95443,0.92384,0.95443,0.01922,1230,1
ag,2560,5120,8192,steady,34,c_flux_ag,3,0.25473,0.25471,0.25473,0.02779,1230,1
ag,2560,5120,8192,steady,34,A_fused,1,1.04570,1.04346,1.04570,0.03779,1230,1
ag,2560,5120,8192,steady,35,c_cublas,3,0.86502,0.81850,0.86502,0.01520,1245,1
ag,2560,5120,8192,steady,35,c_fluxgemm,2,0.94278,0.90381,0.94278,0.01862,1245,1
ag,2560,5120,8192,steady,35,c_flux_ag,0,0.25058,0.25053,0.25058,0.02813,1245,1
ag,2560,5120,8192,steady,35,A_fused,1,1.04736,1.04493,1.04736,0.03774,1245,1
ag,2560,5120,8192,steady,36,c_cublas,1,0.86714,0.83450,0.86714,0.01479,1230,1
ag,2560,5120,8192,steady,36,c_fluxgemm,0,0.95578,0.91066,0.95578,0.01983,1230,1
ag,2560,5120,8192,steady,36,c_flux_ag,3,0.24838,0.24821,0.24821,0.02823,1230,1
ag,2560,5120,8192,steady,36,A_fused,2,1.03859,1.03654,1.03859,0.03790,1230,1
ag,2560,5120,8192,steady,37,c_cublas,0,0.87981,0.82598,0.87981,0.01548,1230,1
ag,2560,5120,8192,steady,37,c_fluxgemm,1,0.95680,0.90035,0.95680,0.01943,1230,1
ag,2560,5120,8192,steady,37,c_flux_ag,2,0.25470,0.25432,0.25470,0.02859,1230,1
ag,2560,5120,8192,steady,37,A_fused,3,1.02182,1.01990,1.02182,0.03682,1230,1
ag,2560,5120,8192,steady,38,c_cublas,1,0.86733,0.83802,0.86733,0.01561,1230,1
ag,2560,5120,8192,steady,38,c_fluxgemm,3,0.95315,0.92346,0.95315,0.01859,1230,1
ag,2560,5120,8192,steady,38,c_flux_ag,2,0.25239,0.25234,0.25239,0.02779,1230,1
ag,2560,5120,8192,steady,38,A_fused,0,1.02182,1.01971,1.02182,0.03857,1230,1
ag,2560,5120,8192,steady,39,c_cublas,1,0.86720,0.82842,0.86720,0.01643,1245,1
ag,2560,5120,8192,steady,39,c_fluxgemm,3,0.94822,0.90989,0.94822,0.01838,1245,1
ag,2560,5120,8192,steady,39,c_flux_ag,0,0.25614,0.25390,0.25390,0.02851,1245,1
ag,2560,5120,8192,steady,39,A_fused,2,1.02918,1.02656,1.02918,0.03822,1245,1
ag,2560,5120,8192,steady,40,c_cublas,2,0.87789,0.85478,0.87789,0.01567,1230,1
ag,2560,5120,8192,steady,40,c_fluxgemm,1,0.95334,0.93382,0.95334,0.01860,1230,1
ag,2560,5120,8192,steady,40,c_flux_ag,3,0.25529,0.25528,0.25528,0.02817,1230,1
ag,2560,5120,8192,steady,40,A_fused,0,1.03994,1.03987,1.03987,0.03791,1230,1
ag,2560,5120,8192,steady,41,c_cublas,0,0.87539,0.84038,0.87539,0.01982,1245,1
ag,2560,5120,8192,steady,41,c_fluxgemm,2,0.95136,0.90182,0.95136,0.01833,1245,1
ag,2560,5120,8192,steady,41,c_flux_ag,3,0.25436,0.25426,0.25436,0.02828,1245,1
ag,2560,5120,8192,steady,41,A_fused,1,1.03328,1.03053,1.03328,0.03793,1245,1
ag,2560,5120,8192,steady,42,c_cublas,2,0.84077,0.82470,0.84077,0.01613,1260,1
ag,2560,5120,8192,steady,42,c_fluxgemm,1,0.94739,0.92730,0.94739,0.01927,1260,1
ag,2560,5120,8192,steady,42,c_flux_ag,0,0.24979,0.24977,0.24979,0.02875,1260,1
ag,2560,5120,8192,steady,42,A_fused,3,1.01971,1.01818,1.01971,0.03733,1260,1
ag,2560,5120,8192,steady,43,c_cublas,1,0.87642,0.84454,0.87642,0.01524,1215,1
ag,2560,5120,8192,steady,43,c_fluxgemm,0,0.95162,0.92307,0.95162,0.01913,1215,1
ag,2560,5120,8192,steady,43,c_flux_ag,3,0.24830,0.24781,0.24830,0.02731,1215,1
ag,2560,5120,8192,steady,43,A_fused,2,1.05459,1.05286,1.05459,0.03692,1215,1
ag,2560,5120,8192,steady,44,c_cublas,1,0.87162,0.85715,0.87162,0.01642,1230,1
ag,2560,5120,8192,steady,44,c_fluxgemm,0,0.97139,0.94630,0.97139,0.02033,1230,1
ag,2560,5120,8192,steady,44,c_flux_ag,3,0.24929,0.24924,0.24924,0.02771,1230,1
ag,2560,5120,8192,steady,44,A_fused,2,1.04442,1.04339,1.04442,0.03745,1230,1
ag,2560,5120,8192,steady,45,c_cublas,0,0.85440,0.84883,0.85440,0.01566,1260,1
ag,2560,5120,8192,steady,45,c_fluxgemm,2,0.93146,0.92819,0.93146,0.01834,1260,1
ag,2560,5120,8192,steady,45,c_flux_ag,3,0.25298,0.25268,0.25298,0.02773,1260,1
ag,2560,5120,8192,steady,45,A_fused,1,1.01126,1.01114,1.01126,0.03797,1260,1
ag,2560,5120,8192,steady,46,c_cublas,0,0.88218,0.86227,0.88218,0.01593,1230,1
ag,2560,5120,8192,steady,46,c_fluxgemm,1,0.95334,0.92896,0.95334,0.01902,1230,1
ag,2560,5120,8192,steady,46,c_flux_ag,2,0.25240,0.25239,0.25239,0.02777,1230,1
ag,2560,5120,8192,steady,46,A_fused,3,1.03878,1.03507,1.03878,0.03704,1230,1
ag,2560,5120,8192,steady,47,c_cublas,0,0.87456,0.81914,0.87456,0.01562,1275,1
ag,2560,5120,8192,steady,47,c_fluxgemm,2,0.94022,0.91027,0.94022,0.01861,1275,1
ag,2560,5120,8192,steady,47,c_flux_ag,1,0.25286,0.25269,0.25269,0.02819,1275,1
ag,2560,5120,8192,steady,47,A_fused,3,1.01664,1.01472,1.01664,0.03638,1275,1
ag,2560,5120,8192,steady,48,c_cublas,3,0.87181,0.85005,0.87181,0.01563,1230,1
ag,2560,5120,8192,steady,48,c_fluxgemm,2,0.96922,0.94451,0.96922,0.01878,1230,1
ag,2560,5120,8192,steady,48,c_flux_ag,1,0.24947,0.24934,0.24947,0.02729,1230,1
ag,2560,5120,8192,steady,48,A_fused,0,1.03590,1.03309,1.03590,0.03828,1230,1
ag,2560,5120,8192,steady,49,c_cublas,2,0.86733,0.84640,0.86733,0.01541,1230,1
ag,2560,5120,8192,steady,49,c_fluxgemm,0,0.95712,0.93427,0.95712,0.01974,1230,1
ag,2560,5120,8192,steady,49,c_flux_ag,3,0.25433,0.25411,0.25411,0.02781,1230,1
ag,2560,5120,8192,steady,49,A_fused,1,1.03910,1.03910,1.03910,0.03723,1230,1
