group,dim0,dim1,M,mode,round,item,order_pos,rank_max_ms,rank_min_ms,rank0_ms,cpu_launch_rank_max_ms,min_sm_clock_mhz,kept
rs,6144,2560,16,gpu,0,c_cublas,0,0.32666,0.03686,0.03686,0.32521,0,1
rs,6144,2560,16,gpu,0,A_gemmrs,2,0.07270,0.07168,0.07270,0.09149,0,1
rs,6144,2560,16,gpu,0,c_fluxgemm_only,1,0.04813,0.04813,0.04813,0.02928,0,1
rs,6144,2560,16,gpu,1,c_cublas,0,0.03789,0.03789,0.03789,0.04147,0,1
rs,6144,2560,16,gpu,1,A_gemmrs,1,0.07680,0.07373,0.07680,0.07151,0,1
rs,6144,2560,16,gpu,1,c_fluxgemm_only,2,0.04813,0.04813,0.04813,0.02443,0,1
rs,6144,2560,16,gpu,2,c_cublas,2,0.03686,0.03584,0.03584,0.03577,0,1
rs,6144,2560,16,gpu,2,A_gemmrs,1,0.07373,0.07373,0.07373,0.06841,0,1
rs,6144,2560,16,gpu,2,c_fluxgemm_only,0,0.04608,0.04608,0.04608,0.02389,0,1
rs,6144,2560,16,gpu,3,c_cublas,2,0.03686,0.03584,0.03584,0.03511,0,1
rs,6144,2560,16,gpu,3,A_gemmrs,1,0.07373,0.07270,0.07270,0.06593,0,1
rs,6144,2560,16,gpu,3,c_fluxgemm_only,0,0.04710,0.04710,0.04710,0.02601,0,1
rs,6144,2560,16,gpu,4,c_cublas,0,0.03584,0.03584,0.03584,0.03504,0,1
rs,6144,2560,16,gpu,4,A_gemmrs,1,0.07373,0.07270,0.07373,0.07097,0,1
rs,6144,2560,16,gpu,4,c_fluxgemm_only,2,0.04710,0.04710,0.04710,0.02751,0,1
rs,6144,2560,16,gpu,5,c_cublas,0,0.03789,0.03789,0.03789,0.03746,0,1
rs,6144,2560,16,gpu,5,A_gemmrs,2,0.07373,0.07270,0.07373,0.06507,0,1
rs,6144,2560,16,gpu,5,c_fluxgemm_only,1,0.04710,0.04608,0.04608,0.02536,0,1
rs,6144,2560,16,gpu,6,c_cublas,0,0.03686,0.03584,0.03584,0.03720,0,1
rs,6144,2560,16,gpu,6,A_gemmrs,1,0.07475,0.07475,0.07475,0.06646,0,1
rs,6144,2560,16,gpu,6,c_fluxgemm_only,2,0.04710,0.04710,0.04710,0.02277,0,1
rs,6144,2560,16,gpu,7,c_cublas,0,0.03686,0.03584,0.03584,0.03782,0,1
rs,6144,2560,16,gpu,7,A_gemmrs,2,0.07373,0.07270,0.07373,0.07798,0,1
rs,6144,2560,16,gpu,7,c_fluxgemm_only,1,0.04608,0.04608,0.04608,0.02547,0,1
rs,6144,2560,16,gpu,8,c_cublas,1,0.03789,0.03789,0.03789,0.03704,0,1
rs,6144,2560,16,gpu,8,A_gemmrs,2,0.07373,0.07270,0.07270,0.06688,0,1
rs,6144,2560,16,gpu,8,c_fluxgemm_only,0,0.04710,0.04710,0.04710,0.02593,0,1
rs,6144,2560,16,gpu,9,c_cublas,1,0.03686,0.03686,0.03686,0.03480,0,1
rs,6144,2560,16,gpu,9,A_gemmrs,0,0.07270,0.07270,0.07270,0.06657,0,1
rs,6144,2560,16,gpu,9,c_fluxgemm_only,2,0.04813,0.04813,0.04813,0.02482,0,1
rs,6144,2560,16,gpu,10,c_cublas,1,0.03686,0.03686,0.03686,0.03440,0,1
rs,6144,2560,16,gpu,10,A_gemmrs,0,0.07782,0.07475,0.07782,0.06922,0,1
rs,6144,2560,16,gpu,10,c_fluxgemm_only,2,0.04710,0.04710,0.04710,0.02470,0,1
rs,6144,2560,16,gpu,11,c_cublas,0,0.03584,0.03584,0.03584,0.03794,0,1
rs,6144,2560,16,gpu,11,A_gemmrs,2,0.07782,0.07475,0.07475,0.06849,0,1
rs,6144,2560,16,gpu,11,c_fluxgemm_only,1,0.04710,0.04710,0.04710,0.03670,0,1
rs,6144,2560,16,gpu,12,c_cublas,2,0.03686,0.03686,0.03686,0.03453,0,1
rs,6144,2560,16,gpu,12,A_gemmrs,1,0.07373,0.07373,0.07373,0.06521,0,1
rs,6144,2560,16,gpu,12,c_fluxgemm_only,0,0.04813,0.04813,0.04813,0.02817,0,1
rs,6144,2560,16,gpu,13,c_cublas,2,0.03789,0.03789,0.03789,0.03405,0,1
rs,6144,2560,16,gpu,13,A_gemmrs,1,0.07270,0.07270,0.07270,0.06645,0,1
rs,6144,2560,16,gpu,13,c_fluxgemm_only,0,0.04915,0.04813,0.04813,0.02568,0,1
rs,6144,2560,16,gpu,14,c_cublas,1,0.03789,0.03789,0.03789,0.03357,0,1
rs,6144,2560,16,gpu,14,A_gemmrs,0,0.07270,0.07168,0.07270,0.07025,0,1
rs,6144,2560,16,gpu,14,c_fluxgemm_only,2,0.04710,0.04710,0.04710,0.03016,0,1
rs,6144,2560,16,gpu,15,c_cublas,0,0.03686,0.03686,0.03686,0.03942,0,1
rs,6144,2560,16,gpu,15,A_gemmrs,2,0.07373,0.07270,0.07373,0.06586,0,1
rs,6144,2560,16,gpu,15,c_fluxgemm_only,1,0.04710,0.04710,0.04710,0.02484,0,1
rs,6144,2560,16,gpu,16,c_cublas,1,0.03789,0.03686,0.03686,0.03634,0,1
rs,6144,2560,16,gpu,16,A_gemmrs,2,0.07270,0.07270,0.07270,0.06670,0,1
rs,6144,2560,16,gpu,16,c_fluxgemm_only,0,0.04710,0.04710,0.04710,0.02429,0,1
rs,6144,2560,16,gpu,17,c_cublas,2,0.03789,0.03789,0.03789,0.03550,0,1
rs,6144,2560,16,gpu,17,A_gemmrs,0,0.07168,0.07168,0.07168,0.06723,0,1
rs,6144,2560,16,gpu,17,c_fluxgemm_only,1,0.04710,0.04710,0.04710,0.02235,0,1
rs,6144,2560,16,gpu,18,c_cublas,0,0.03686,0.03686,0.03686,0.03516,0,1
rs,6144,2560,16,gpu,18,A_gemmrs,1,0.08090,0.07885,0.07885,0.07558,0,1
rs,6144,2560,16,gpu,18,c_fluxgemm_only,2,0.04710,0.04710,0.04710,0.02375,0,1
rs,6144,2560,16,gpu,19,c_cublas,1,0.03686,0.03686,0.03686,0.03716,0,1
rs,6144,2560,16,gpu,19,A_gemmrs,2,0.07680,0.07373,0.07680,0.06618,0,1
rs,6144,2560,16,gpu,19,c_fluxgemm_only,0,0.04710,0.04608,0.04710,0.02425,0,1
rs,6144,2560,16,gpu,20,c_cublas,0,0.03686,0.03686,0.03686,0.03691,0,1
rs,6144,2560,16,gpu,20,A_gemmrs,2,0.07782,0.07475,0.07475,0.07223,0,1
rs,6144,2560,16,gpu,20,c_fluxgemm_only,1,0.04813,0.04813,0.04813,0.02571,0,1
rs,6144,2560,16,gpu,21,c_cublas,0,0.03789,0.03789,0.03789,0.03695,0,1
rs,6144,2560,16,gpu,21,A_gemmrs,2,0.07373,0.07270,0.07270,0.07663,0,1
rs,6144,2560,16,gpu,21,c_fluxgemm_only,1,0.04710,0.04608,0.04710,0.02615,0,1
rs,6144,2560,16,gpu,22,c_cublas,2,0.03686,0.03584,0.03584,0.03458,0,1
rs,6144,2560,16,gpu,22,A_gemmrs,1,0.07373,0.07373,0.07373,0.06427,0,1
rs,6144,2560,16,gpu,22,c_fluxgemm_only,0,0.04710,0.04710,0.04710,0.02481,0,1
rs,6144,2560,16,gpu,23,c_cublas,2,0.03584,0.03584,0.03584,0.03411,0,1
rs,6144,2560,16,gpu,23,A_gemmrs,1,0.07270,0.07168,0.07270,0.06564,0,1
rs,6144,2560,16,gpu,23,c_fluxgemm_only,0,0.04710,0.04710,0.04710,0.02574,0,1
rs,6144,2560,16,gpu,24,c_cublas,1,0.03789,0.03686,0.03686,0.03649,0,1
rs,6144,2560,16,gpu,24,A_gemmrs,2,0.07373,0.07168,0.07373,0.07273,0,1
rs,6144,2560,16,gpu,24,c_fluxgemm_only,0,0.04710,0.04608,0.04608,0.02577,0,1
rs,6144,2560,16,gpu,25,c_cublas,0,0.03686,0.03686,0.03686,0.03680,0,1
rs,6144,2560,16,gpu,25,A_gemmrs,2,0.07475,0.07373,0.07475,0.06602,0,1
rs,6144,2560,16,gpu,25,c_fluxgemm_only,1,0.04710,0.04710,0.04710,0.03174,0,1
rs,6144,2560,16,gpu,26,c_cublas,1,0.03686,0.03584,0.03584,0.03702,0,1
rs,6144,2560,16,gpu,26,A_gemmrs,2,0.07578,0.07475,0.07475,0.07244,0,1
rs,6144,2560,16,gpu,26,c_fluxgemm_only,0,0.04710,0.04710,0.04710,0.02525,0,1
rs,6144,2560,16,gpu,27,c_cublas,2,0.03686,0.03584,0.03584,0.03687,0,1
rs,6144,2560,16,gpu,27,A_gemmrs,0,0.07373,0.07270,0.07270,0.07011,0,1
rs,6144,2560,16,gpu,27,c_fluxgemm_only,1,0.04710,0.04710,0.04710,0.02321,0,1
rs,6144,2560,16,gpu,28,c_cublas,1,0.03789,0.03789,0.03789,0.03782,0,1
rs,6144,2560,16,gpu,28,A_gemmrs,2,0.07782,0.07475,0.07782,0.07779,0,1
rs,6144,2560,16,gpu,28,c_fluxgemm_only,0,0.04813,0.04608,0.04813,0.02507,0,1
rs,6144,2560,16,gpu,29,c_cublas,0,0.03789,0.03789,0.03789,0.03939,0,1
rs,6144,2560,16,gpu,29,A_gemmrs,1,0.07373,0.07373,0.07373,0.07291,0,1
rs,6144,2560,16,gpu,29,c_fluxgemm_only,2,0.04813,0.04813,0.04813,0.02538,0,1
rs,6144,2560,16,gpu,30,c_cublas,2,0.03686,0.03686,0.03686,0.03635,0,1
rs,6144,2560,16,gpu,30,A_gemmrs,0,0.07168,0.07168,0.07168,0.07151,0,1
rs,6144,2560,16,gpu,30,c_fluxgemm_only,1,0.04915,0.04813,0.04915,0.02371,0,1
rs,6144,2560,16,gpu,31,c_cublas,2,0.03584,0.03584,0.03584,0.03489,0,1
rs,6144,2560,16,gpu,31,A_gemmrs,1,0.07270,0.07270,0.07270,0.06971,0,1
rs,6144,2560,16,gpu,31,c_fluxgemm_only,0,0.04710,0.04608,0.04608,0.02623,0,1
rs,6144,2560,16,gpu,32,c_cublas,2,0.03686,0.03686,0.03686,0.03481,1410,1
rs,6144,2560,16,gpu,32,A_gemmrs,1,0.07373,0.07270,0.07373,0.07944,1410,1
rs,6144,2560,16,gpu,32,c_fluxgemm_only,0,0.04710,0.04710,0.04710,0.02607,1410,1
rs,6144,2560,16,gpu,33,c_cublas,2,0.03789,0.03789,0.03789,0.03468,1410,1
rs,6144,2560,16,gpu,33,A_gemmrs,1,0.07373,0.07270,0.07270,0.06687,1410,1
rs,6144,2560,16,gpu,33,c_fluxgemm_only,0,0.04813,0.04813,0.04813,0.02632,1410,1
rs,6144,2560,16,gpu,34,c_cublas,0,0.03686,0.03584,0.03584,0.03476,1410,1
rs,6144,2560,16,gpu,34,A_gemmrs,2,0.07270,0.07270,0.07270,0.06556,1410,1
rs,6144,2560,16,gpu,34,c_fluxgemm_only,1,0.04710,0.04710,0.04710,0.02603,1410,1
rs,6144,2560,16,gpu,35,c_cublas,0,0.03584,0.03584,0.03584,0.03718,1410,1
rs,6144,2560,16,gpu,35,A_gemmrs,2,1.15200,0.11162,1.15200,0.09028,1410,1
rs,6144,2560,16,gpu,35,c_fluxgemm_only,1,0.04710,0.04608,0.04710,0.02509,1410,1
rs,6144,2560,16,gpu,36,c_cublas,0,0.03686,0.03686,0.03686,0.03666,1410,1
rs,6144,2560,16,gpu,36,A_gemmrs,1,0.07782,0.07373,0.07782,0.06818,1410,1
rs,6144,2560,16,gpu,36,c_fluxgemm_only,2,0.04710,0.04710,0.04710,0.02333,1410,1
rs,6144,2560,16,gpu,37,c_cublas,2,0.03789,0.03686,0.03686,0.03607,1410,1
rs,6144,2560,16,gpu,37,A_gemmrs,0,0.07680,0.07475,0.07475,0.06800,1410,1
rs,6144,2560,16,gpu,37,c_fluxgemm_only,1,0.04710,0.04710,0.04710,0.02759,1410,1
rs,6144,2560,16,gpu,38,c_cublas,0,0.03686,0.03584,0.03584,0.03639,1410,1
rs,6144,2560,16,gpu,38,A_gemmrs,2,0.07373,0.07270,0.07373,0.08207,1410,1
rs,6144,2560,16,gpu,38,c_fluxgemm_only,1,0.04710,0.04608,0.04710,0.02542,1410,1
rs,6144,2560,16,gpu,39,c_cublas,1,0.03686,0.03584,0.03584,0.03709,1410,1
rs,6144,2560,16,gpu,39,A_gemmrs,2,0.07270,0.07270,0.07270,0.06814,1410,1
rs,6144,2560,16,gpu,39,c_fluxgemm_only,0,0.04813,0.04710,0.04710,0.02537,1410,1
rs,6144,2560,16,gpu,40,c_cublas,1,0.03789,0.03789,0.03789,0.03653,1410,1
rs,6144,2560,16,gpu,40,A_gemmrs,2,0.07270,0.07168,0.07270,0.06951,1410,1
rs,6144,2560,16,gpu,40,c_fluxgemm_only,0,0.04710,0.04710,0.04710,0.02477,1410,1
rs,6144,2560,16,gpu,41,c_cublas,1,0.03686,0.03584,0.03584,0.03668,1410,1
rs,6144,2560,16,gpu,41,A_gemmrs,2,0.07475,0.07373,0.07475,0.06829,1410,1
rs,6144,2560,16,gpu,41,c_fluxgemm_only,0,0.04813,0.04813,0.04813,0.02516,1410,1
rs,6144,2560,16,gpu,42,c_cublas,2,0.03686,0.03686,0.03686,0.04185,1410,1
rs,6144,2560,16,gpu,42,A_gemmrs,0,0.07270,0.07270,0.07270,0.06837,1410,1
rs,6144,2560,16,gpu,42,c_fluxgemm_only,1,0.04813,0.04813,0.04813,0.02275,1410,1
rs,6144,2560,16,gpu,43,c_cublas,0,0.03584,0.03584,0.03584,0.03596,1410,1
rs,6144,2560,16,gpu,43,A_gemmrs,1,0.07885,0.07475,0.07885,0.06910,1410,1
rs,6144,2560,16,gpu,43,c_fluxgemm_only,2,0.04813,0.04710,0.04813,0.02396,1410,1
rs,6144,2560,16,gpu,44,c_cublas,0,0.03686,0.03584,0.03584,0.03746,1410,1
rs,6144,2560,16,gpu,44,A_gemmrs,2,0.07680,0.07475,0.07680,0.06772,1410,1
rs,6144,2560,16,gpu,44,c_fluxgemm_only,1,0.04813,0.04813,0.04813,0.02510,1410,1
rs,6144,2560,16,gpu,45,c_cublas,2,0.03789,0.03686,0.03686,0.04628,1410,1
rs,6144,2560,16,gpu,45,A_gemmrs,1,0.07270,0.07168,0.07270,0.06517,1410,1
rs,6144,2560,16,gpu,45,c_fluxgemm_only,0,0.04915,0.04813,0.04915,0.02558,1410,1
rs,6144,2560,16,gpu,46,c_cublas,0,0.03584,0.03584,0.03584,0.03429,1410,1
rs,6144,2560,16,gpu,46,A_gemmrs,1,0.07475,0.07373,0.07475,0.07369,1410,1
rs,6144,2560,16,gpu,46,c_fluxgemm_only,2,0.04813,0.04710,0.04710,0.02357,1410,1
rs,6144,2560,16,gpu,47,c_cublas,1,0.03686,0.03686,0.03686,0.03690,1410,1
rs,6144,2560,16,gpu,47,A_gemmrs,2,0.07270,0.07168,0.07270,0.06845,1410,1
rs,6144,2560,16,gpu,47,c_fluxgemm_only,0,0.04710,0.04608,0.04710,0.02389,1410,1
rs,6144,2560,16,gpu,48,c_cublas,2,0.03584,0.03584,0.03584,0.05120,1410,1
rs,6144,2560,16,gpu,48,A_gemmrs,1,0.07270,0.07270,0.07270,0.06559,1410,1
rs,6144,2560,16,gpu,48,c_fluxgemm_only,0,0.04813,0.04710,0.04710,0.02561,1410,1
rs,6144,2560,16,gpu,49,c_cublas,1,0.03686,0.03584,0.03584,0.03681,1410,1
rs,6144,2560,16,gpu,49,A_gemmrs,2,0.07373,0.07270,0.07373,0.07033,1410,1
rs,6144,2560,16,gpu,49,c_fluxgemm_only,0,0.04813,0.04813,0.04813,0.02648,1410,1
rs,6144,2560,16,gpu,50,c_cublas,0,0.07270,0.03584,0.07270,0.04251,1410,1
rs,6144,2560,16,gpu,50,A_gemmrs,1,0.07373,0.07270,0.07373,0.07985,1410,1
rs,6144,2560,16,gpu,50,c_fluxgemm_only,2,0.04710,0.04608,0.04710,0.02448,1410,1
rs,6144,2560,16,gpu,51,c_cublas,0,0.03686,0.03584,0.03584,0.03691,1410,1
rs,6144,2560,16,gpu,51,A_gemmrs,2,0.07885,0.07782,0.07885,0.06548,1410,1
rs,6144,2560,16,gpu,51,c_fluxgemm_only,1,0.04710,0.04608,0.04710,0.02528,1410,1
rs,6144,2560,16,gpu,52,c_cublas,2,0.03686,0.03686,0.03686,0.03437,1410,1
rs,6144,2560,16,gpu,52,A_gemmrs,1,0.07782,0.07475,0.07782,0.06453,1410,1
rs,6144,2560,16,gpu,52,c_fluxgemm_only,0,0.04710,0.04710,0.04710,0.02510,1410,1
rs,6144,2560,16,gpu,53,c_cublas,0,0.03789,0.03789,0.03789,0.03477,1410,1
rs,6144,2560,16,gpu,53,A_gemmrs,1,0.07373,0.07270,0.07373,0.06770,1410,1
rs,6144,2560,16,gpu,53,c_fluxgemm_only,2,0.04915,0.04813,0.04813,0.03510,1410,1
rs,6144,2560,16,gpu,54,c_cublas,1,0.03994,0.03686,0.03686,0.03446,1410,1
rs,6144,2560,16,gpu,54,A_gemmrs,0,0.07270,0.07270,0.07270,0.08418,1410,1
rs,6144,2560,16,gpu,54,c_fluxgemm_only,2,0.04710,0.04608,0.04710,0.02501,1410,1
rs,6144,2560,16,gpu,55,c_cublas,1,0.03686,0.03686,0.03686,0.03442,1410,1
rs,6144,2560,16,gpu,55,A_gemmrs,0,0.07373,0.07373,0.07373,0.06964,1410,1
rs,6144,2560,16,gpu,55,c_fluxgemm_only,2,0.04813,0.04813,0.04813,0.02474,1410,1
rs,6144,2560,16,gpu,56,c_cublas,2,0.03686,0.03686,0.03686,0.03417,1410,1
rs,6144,2560,16,gpu,56,A_gemmrs,1,0.07270,0.07270,0.07270,0.06661,1410,1
rs,6144,2560,16,gpu,56,c_fluxgemm_only,0,0.04710,0.04608,0.04710,0.02368,1410,1
rs,6144,2560,16,gpu,57,c_cublas,0,0.03789,0.03789,0.03789,0.03555,1410,1
rs,6144,2560,16,gpu,57,A_gemmrs,1,0.07373,0.07270,0.07270,0.08235,1410,1
rs,6144,2560,16,gpu,57,c_fluxgemm_only,2,0.04813,0.04813,0.04813,0.02534,1410,1
rs,6144,2560,16,gpu,58,c_cublas,1,0.03789,0.03686,0.03686,0.03515,1410,1
rs,6144,2560,16,gpu,58,A_gemmrs,0,0.07373,0.07270,0.07373,0.06930,1410,1
rs,6144,2560,16,gpu,58,c_fluxgemm_only,2,0.04710,0.04608,0.04710,0.02451,1410,1
rs,6144,2560,16,gpu,59,c_cublas,1,0.03686,0.03584,0.03584,0.03454,1410,1
rs,6144,2560,16,gpu,59,A_gemmrs,0,0.07373,0.07373,0.07373,0.07001,1410,1
rs,6144,2560,16,gpu,59,c_fluxgemm_only,2,0.04710,0.04710,0.04710,0.02661,1410,1
rs,6144,2560,16,gpu,60,c_cublas,1,0.03891,0.03789,0.03789,0.03620,1410,1
rs,6144,2560,16,gpu,60,A_gemmrs,2,0.07782,0.07373,0.07782,0.06633,1410,1
rs,6144,2560,16,gpu,60,c_fluxgemm_only,0,0.04710,0.04608,0.04608,0.02422,1410,1
rs,6144,2560,16,gpu,61,c_cublas,1,0.03686,0.03686,0.03686,0.03672,1410,1
rs,6144,2560,16,gpu,61,A_gemmrs,2,0.07475,0.07373,0.07475,0.06799,1410,1
rs,6144,2560,16,gpu,61,c_fluxgemm_only,0,0.04813,0.04710,0.04813,0.02527,1410,1
rs,6144,2560,16,gpu,62,c_cublas,2,0.03686,0.03686,0.03686,0.03556,1410,1
rs,6144,2560,16,gpu,62,A_gemmrs,1,0.07475,0.07373,0.07475,0.06690,1410,1
rs,6144,2560,16,gpu,62,c_fluxgemm_only,0,0.04710,0.04710,0.04710,0.02505,1410,1
rs,6144,2560,16,gpu,63,c_cublas,2,0.03686,0.03584,0.03686,0.03464,1410,1
rs,6144,2560,16,gpu,63,A_gemmrs,1,0.07270,0.07168,0.07270,0.06611,1410,1
rs,6144,2560,16,gpu,63,c_fluxgemm_only,0,0.04813,0.04608,0.04608,0.02621,1410,1
rs,6144,2560,16,gpu,64,c_cublas,2,0.03686,0.03584,0.03584,0.03599,1410,1
rs,6144,2560,16,gpu,64,A_gemmrs,0,0.07270,0.07270,0.07270,0.06946,1410,1
rs,6144,2560,16,gpu,64,c_fluxgemm_only,1,0.04710,0.04608,0.04710,0.03179,1410,1
rs,6144,2560,16,gpu,65,c_cublas,1,0.03686,0.03686,0.03686,0.03644,1410,1
rs,6144,2560,16,gpu,65,A_gemmrs,2,0.07373,0.07373,0.07373,0.06840,1410,1
rs,6144,2560,16,gpu,65,c_fluxgemm_only,0,0.04813,0.04813,0.04813,0.02540,1410,1
rs,6144,2560,16,gpu,66,c_cublas,0,0.03686,0.03686,0.03686,0.03713,1410,1
rs,6144,2560,16,gpu,66,A_gemmrs,2,0.07270,0.07168,0.07270,0.06488,1410,1
rs,6144,2560,16,gpu,66,c_fluxgemm_only,1,0.04813,0.04813,0.04813,0.02541,1410,1
rs,6144,2560,16,gpu,67,c_cublas,0,0.03686,0.03584,0.03584,0.03653,1410,1
rs,6144,2560,16,gpu,67,A_gemmrs,1,0.07373,0.07270,0.07270,0.06758,1410,1
rs,6144,2560,16,gpu,67,c_fluxgemm_only,2,0.04710,0.04710,0.04710,0.02301,1410,1
rs,6144,2560,16,gpu,68,c_cublas,1,0.03891,0.03686,0.03686,0.03724,1410,1
rs,6144,2560,16,gpu,68,A_gemmrs,2,0.07270,0.07168,0.07270,0.07325,1410,1
rs,6144,2560,16,gpu,68,c_fluxgemm_only,0,0.04710,0.04608,0.04710,0.02448,1410,1
rs,6144,2560,16,gpu,69,c_cublas,1,0.03686,0.03584,0.03584,0.03711,1410,1
rs,6144,2560,16,gpu,69,A_gemmrs,2,0.07782,0.07782,0.07782,0.06710,1410,1
rs,6144,2560,16,gpu,69,c_fluxgemm_only,0,0.04813,0.04813,0.04813,0.02524,1410,1
rs,6144,2560,16,gpu,70,c_cublas,0,0.03686,0.03686,0.03686,0.03637,1410,1
rs,6144,2560,16,gpu,70,A_gemmrs,1,0.07578,0.07373,0.07373,0.06741,1410,1
rs,6144,2560,16,gpu,70,c_fluxgemm_only,2,0.04710,0.04608,0.04710,0.02338,1410,1
rs,6144,2560,16,gpu,71,c_cublas,1,0.03686,0.03584,0.03686,0.04627,1410,1
rs,6144,2560,16,gpu,71,A_gemmrs,0,0.07373,0.07373,0.07373,0.06894,1410,1
rs,6144,2560,16,gpu,71,c_fluxgemm_only,2,0.04710,0.04608,0.04608,0.02529,1410,1
rs,6144,2560,16,gpu,72,c_cublas,0,0.03686,0.03584,0.03584,0.03757,1410,1
rs,6144,2560,16,gpu,72,A_gemmrs,2,0.07270,0.07270,0.07270,0.06501,1410,1
rs,6144,2560,16,gpu,72,c_fluxgemm_only,1,0.04813,0.04813,0.04813,0.02502,1410,1
rs,6144,2560,16,gpu,73,c_cublas,0,0.03789,0.03686,0.03686,0.03687,1410,1
rs,6144,2560,16,gpu,73,A_gemmrs,2,0.07475,0.07373,0.07373,0.06602,1410,1
rs,6144,2560,16,gpu,73,c_fluxgemm_only,1,0.04710,0.04608,0.04608,0.02556,1410,1
rs,6144,2560,16,gpu,74,c_cublas,1,0.03789,0.03789,0.03789,0.03463,1410,1
rs,6144,2560,16,gpu,74,A_gemmrs,0,0.07270,0.07168,0.07168,0.06762,1410,1
rs,6144,2560,16,gpu,74,c_fluxgemm_only,2,0.04813,0.04710,0.04813,0.03236,1410,1
rs,6144,2560,16,gpu,75,c_cublas,2,0.03686,0.03584,0.03584,0.03694,1410,1
rs,6144,2560,16,gpu,75,A_gemmrs,0,0.07373,0.07270,0.07373,0.09176,1410,1
rs,6144,2560,16,gpu,75,c_fluxgemm_only,1,0.04710,0.04710,0.04710,0.02470,1410,1
rs,6144,2560,16,gpu,76,c_cublas,2,0.03686,0.03584,0.03584,0.03600,1410,1
rs,6144,2560,16,gpu,76,A_gemmrs,0,0.07270,0.07270,0.07270,0.07115,1410,1
rs,6144,2560,16,gpu,76,c_fluxgemm_only,1,0.04813,0.04608,0.04608,0.02355,1410,1
rs,6144,2560,16,gpu,77,c_cublas,1,0.03686,0.03584,0.03584,0.03564,1410,1
rs,6144,2560,16,gpu,77,A_gemmrs,2,0.07373,0.07373,0.07373,0.06809,1410,1
rs,6144,2560,16,gpu,77,c_fluxgemm_only,0,0.04813,0.04710,0.04813,0.02498,1410,1
rs,6144,2560,16,gpu,78,c_cublas,1,0.03686,0.03584,0.03584,0.03763,1410,1
rs,6144,2560,16,gpu,78,A_gemmrs,2,0.08294,0.07987,0.07987,0.06990,1410,1
rs,6144,2560,16,gpu,78,c_fluxgemm_only,0,0.04813,0.04710,0.04710,0.02472,1410,1
rs,6144,2560,16,gpu,79,c_cublas,1,0.03686,0.03584,0.03584,0.03685,1410,1
rs,6144,2560,16,gpu,79,A_gemmrs,2,0.07373,0.07270,0.07373,0.06779,1410,1
rs,6144,2560,16,gpu,79,c_fluxgemm_only,0,0.04710,0.04710,0.04710,0.02559,1410,1
rs,6144,2560,16,gpu,80,c_cublas,2,0.03686,0.03584,0.03584,0.03568,1410,1
rs,6144,2560,16,gpu,80,A_gemmrs,0,0.07373,0.07373,0.07373,0.07157,1410,1
rs,6144,2560,16,gpu,80,c_fluxgemm_only,1,0.04710,0.04710,0.04710,0.02306,1410,1
rs,6144,2560,16,gpu,81,c_cublas,1,0.03686,0.03686,0.03686,0.03404,1410,1
rs,6144,2560,16,gpu,81,A_gemmrs,0,0.07373,0.07270,0.07373,0.07557,1410,1
rs,6144,2560,16,gpu,81,c_fluxgemm_only,2,0.04813,0.04813,0.04813,0.02472,1410,1
rs,6144,2560,16,gpu,82,c_cublas,1,0.03789,0.03686,0.03686,0.03505,1410,1
rs,6144,2560,16,gpu,82,A_gemmrs,0,0.07270,0.07168,0.07270,0.08263,1410,1
rs,6144,2560,16,gpu,82,c_fluxgemm_only,2,0.04813,0.04710,0.04813,0.02522,1410,1
rs,6144,2560,16,gpu,83,c_cublas,0,0.03686,0.03584,0.03584,0.03640,1410,1
rs,6144,2560,16,gpu,83,A_gemmrs,2,0.07782,0.07475,0.07782,0.06850,1410,1
rs,6144,2560,16,gpu,83,c_fluxgemm_only,1,0.04710,0.04608,0.04608,0.02491,1410,1
rs,6144,2560,16,gpu,84,c_cublas,1,0.03789,0.03789,0.03789,0.04146,1410,1
rs,6144,2560,16,gpu,84,A_gemmrs,2,0.07373,0.07270,0.07373,0.06822,1410,1
rs,6144,2560,16,gpu,84,c_fluxgemm_only,0,0.04710,0.04608,0.04608,0.02514,1410,1
rs,6144,2560,16,gpu,85,c_cublas,0,0.03789,0.03789,0.03789,0.03679,1410,1
rs,6144,2560,16,gpu,85,A_gemmrs,1,0.07270,0.07168,0.07270,0.07978,1410,1
rs,6144,2560,16,gpu,85,c_fluxgemm_only,2,0.04813,0.04813,0.04813,0.02456,1410,1
rs,6144,2560,16,gpu,86,c_cublas,0,0.03686,0.03584,0.03584,0.03754,1410,1
rs,6144,2560,16,gpu,86,A_gemmrs,1,0.07373,0.07373,0.07373,0.07033,1410,1
rs,6144,2560,16,gpu,86,c_fluxgemm_only,2,0.04710,0.04710,0.04710,0.02337,1410,1
rs,6144,2560,16,gpu,87,c_cublas,1,0.03686,0.03584,0.03584,0.03730,1410,1
rs,6144,2560,16,gpu,87,A_gemmrs,2,0.07987,0.07782,0.07782,0.07009,1410,1
rs,6144,2560,16,gpu,87,c_fluxgemm_only,0,0.04710,0.04608,0.04710,0.02298,1410,1
rs,6144,2560,16,gpu,88,c_cublas,0,0.03686,0.03584,0.03584,0.03798,1410,1
rs,6144,2560,16,gpu,88,A_gemmrs,1,0.07373,0.07270,0.07373,0.06821,1410,1
rs,6144,2560,16,gpu,88,c_fluxgemm_only,2,0.04710,0.04710,0.04710,0.03454,1410,1
rs,6144,2560,16,gpu,89,c_cublas,1,0.03686,0.03686,0.03686,0.03559,1410,1
rs,6144,2560,16,gpu,89,A_gemmrs,0,0.07270,0.07168,0.07270,0.07149,1410,1
rs,6144,2560,16,gpu,89,c_fluxgemm_only,2,0.04813,0.04813,0.04813,0.02513,1410,1
rs,6144,2560,16,gpu,90,c_cublas,0,0.03686,0.03584,0.03584,0.03694,1410,1
rs,6144,2560,16,gpu,90,A_gemmrs,1,0.07373,0.07270,0.07373,0.07012,1410,1
rs,6144,2560,16,gpu,90,c_fluxgemm_only,2,0.04710,0.04710,0.04710,0.02384,1410,1
rs,6144,2560,16,gpu,91,c_cublas,1,0.03686,0.03686,0.03686,0.03533,1410,1
rs,6144,2560,16,gpu,91,A_gemmrs,0,0.07373,0.07373,0.07373,0.07066,1410,1
rs,6144,2560,16,gpu,91,c_fluxgemm_only,2,0.04813,0.04608,0.04813,0.02528,1410,1
rs,6144,2560,16,gpu,92,c_cublas,1,0.03686,0.03686,0.03686,0.03823,1410,1
rs,6144,2560,16,gpu,92,A_gemmrs,2,0.07270,0.07270,0.07270,0.07120,1410,1
rs,6144,2560,16,gpu,92,c_fluxgemm_only,0,0.04710,0.04710,0.04710,0.02418,1410,1
rs,6144,2560,16,gpu,93,c_cublas,1,0.03686,0.03686,0.03686,0.03738,1410,1
rs,6144,2560,16,gpu,93,A_gemmrs,2,0.07475,0.07373,0.07475,0.07233,1410,1
rs,6144,2560,16,gpu,93,c_fluxgemm_only,0,0.04813,0.04813,0.04813,0.02539,1410,1
rs,6144,2560,16,gpu,94,c_cublas,2,0.03686,0.03584,0.03584,0.03432,1410,1
rs,6144,2560,16,gpu,94,A_gemmrs,1,0.07373,0.07373,0.07373,0.07464,1410,1
rs,6144,2560,16,gpu,94,c_fluxgemm_only,0,0.04710,0.04710,0.04710,0.02532,1410,1
rs,6144,2560,16,gpu,95,c_cublas,0,0.03584,0.03584,0.03584,0.03538,1410,1
rs,6144,2560,16,gpu,95,A_gemmrs,1,0.07373,0.07168,0.07168,0.06884,1410,1
rs,6144,2560,16,gpu,95,c_fluxgemm_only,2,0.04710,0.04608,0.04608,0.02352,1410,1
rs,6144,2560,16,gpu,96,c_cublas,0,0.03686,0.03584,0.03584,0.03630,1410,1
rs,6144,2560,16,gpu,96,A_gemmrs,1,0.07782,0.07475,0.07782,0.07129,1410,1
rs,6144,2560,16,gpu,96,c_fluxgemm_only,2,0.04710,0.04710,0.04710,0.02366,1410,1
rs,6144,2560,16,gpu,97,c_cublas,2,0.03789,0.03686,0.03686,0.03517,1410,1
rs,6144,2560,16,gpu,97,A_gemmrs,1,0.07373,0.07270,0.07373,0.06910,1410,1
rs,6144,2560,16,gpu,97,c_fluxgemm_only,0,0.04710,0.04710,0.04710,0.02387,1410,1
rs,6144,2560,16,gpu,98,c_cublas,0,0.03584,0.03584,0.03584,0.03460,1410,1
rs,6144,2560,16,gpu,98,A_gemmrs,1,0.07373,0.07373,0.07373,0.06784,1410,1
rs,6144,2560,16,gpu,98,c_fluxgemm_only,2,0.04710,0.04710,0.04710,0.02335,1410,1
rs,6144,2560,16,gpu,99,c_cublas,1,0.03584,0.03584,0.03584,0.03453,1410,1
rs,6144,2560,16,gpu,99,A_gemmrs,0,0.07373,0.07373,0.07373,0.06782,1410,1
rs,6144,2560,16,gpu,99,c_fluxgemm_only,2,0.04710,0.04608,0.04710,0.02569,1410,1
rs,6144,2560,16,gpu,100,c_cublas,2,0.03686,0.03584,0.03584,0.03629,1410,1
rs,6144,2560,16,gpu,100,A_gemmrs,0,0.07270,0.07168,0.07270,0.08090,1410,1
rs,6144,2560,16,gpu,100,c_fluxgemm_only,1,0.04710,0.04710,0.04710,0.02590,1410,1
rs,6144,2560,16,gpu,101,c_cublas,1,0.03584,0.03584,0.03584,0.03419,1410,1
rs,6144,2560,16,gpu,101,A_gemmrs,0,0.07782,0.07373,0.07782,0.07070,1410,1
rs,6144,2560,16,gpu,101,c_fluxgemm_only,2,0.04915,0.04813,0.04915,0.02456,1410,1
rs,6144,2560,16,gpu,102,c_cublas,0,0.03686,0.03584,0.03584,0.03657,1410,1
rs,6144,2560,16,gpu,102,A_gemmrs,1,0.07373,0.07373,0.07373,0.06802,1410,1
rs,6144,2560,16,gpu,102,c_fluxgemm_only,2,0.04710,0.04710,0.04710,0.02425,1410,1
rs,6144,2560,16,gpu,103,c_cublas,2,0.03686,0.03584,0.03584,0.03690,1410,1
rs,6144,2560,16,gpu,103,A_gemmrs,0,0.07373,0.07373,0.07373,0.07010,1410,1
rs,6144,2560,16,gpu,103,c_fluxgemm_only,1,0.04710,0.04710,0.04710,0.02882,1410,1
rs,6144,2560,16,gpu,104,c_cublas,1,0.03789,0.03686,0.03686,0.03658,1410,1
rs,6144,2560,16,gpu,104,A_gemmrs,2,0.07782,0.07475,0.07475,0.06956,1410,1
rs,6144,2560,16,gpu,104,c_fluxgemm_only,0,0.04710,0.04710,0.04710,0.02568,1410,1
rs,6144,2560,16,gpu,105,c_cublas,1,0.03686,0.03686,0.03686,0.03500,1410,1
rs,6144,2560,16,gpu,105,A_gemmrs,0,0.07270,0.07168,0.07270,0.06918,1410,1
rs,6144,2560,16,gpu,105,c_fluxgemm_only,2,0.04813,0.04813,0.04813,0.02498,1410,1
rs,6144,2560,16,gpu,106,c_cublas,0,0.03686,0.03686,0.03686,0.03724,1410,1
rs,6144,2560,16,gpu,106,A_gemmrs,2,0.07270,0.07270,0.07270,0.08643,1410,1
rs,6144,2560,16,gpu,106,c_fluxgemm_only,1,0.04710,0.04608,0.04710,0.02504,1410,1
rs,6144,2560,16,gpu,107,c_cublas,2,0.03686,0.03584,0.03584,0.05128,1410,1
rs,6144,2560,16,gpu,107,A_gemmrs,1,0.07270,0.07270,0.07270,0.06585,1410,1
rs,6144,2560,16,gpu,107,c_fluxgemm_only,0,0.04710,0.04710,0.04710,0.02700,1410,1
rs,6144,2560,16,gpu,108,c_cublas,0,0.03686,0.03686,0.03686,0.03433,1410,1
rs,6144,2560,16,gpu,108,A_gemmrs,2,0.07270,0.07168,0.07168,0.06499,1410,1
rs,6144,2560,16,gpu,108,c_fluxgemm_only,1,0.04813,0.04813,0.04813,0.02567,1410,1
rs,6144,2560,16,gpu,109,c_cublas,1,0.03584,0.03584,0.03584,0.03395,1410,1
rs,6144,2560,16,gpu,109,A_gemmrs,0,0.07270,0.07270,0.07270,0.06810,1410,1
rs,6144,2560,16,gpu,109,c_fluxgemm_only,2,0.04813,0.04813,0.04813,0.02439,1410,1
rs,6144,2560,16,gpu,110,c_cublas,2,0.03686,0.03584,0.03584,0.03655,1410,1
rs,6144,2560,16,gpu,110,A_gemmrs,0,0.07270,0.07270,0.07270,0.07138,1410,1
rs,6144,2560,16,gpu,110,c_fluxgemm_only,1,0.04915,0.04813,0.04915,0.02391,1410,1
rs,6144,2560,16,gpu,111,c_cublas,1,0.03686,0.03584,0.03584,0.03735,1410,1
rs,6144,2560,16,gpu,111,A_gemmrs,2,0.07373,0.07373,0.07373,0.06807,1410,1
rs,6144,2560,16,gpu,111,c_fluxgemm_only,0,0.04710,0.04710,0.04710,0.02550,1410,1
rs,6144,2560,16,gpu,112,c_cublas,0,0.03686,0.03686,0.03686,0.03681,1410,1
rs,6144,2560,16,gpu,112,A_gemmrs,2,0.07270,0.07270,0.07270,0.06561,1410,1
rs,6144,2560,16,gpu,112,c_fluxgemm_only,1,0.04813,0.04813,0.04813,0.02530,1410,1
rs,6144,2560,16,gpu,113,c_cublas,0,0.03789,0.03686,0.03686,0.03693,1410,1
rs,6144,2560,16,gpu,113,A_gemmrs,1,0.07680,0.07475,0.07475,0.07703,1410,1
rs,6144,2560,16,gpu,113,c_fluxgemm_only,2,0.06554,0.04813,0.04813,0.02588,1410,1
rs,6144,2560,16,gpu,114,c_cublas,1,0.03686,0.03686,0.03686,0.03680,1410,1
rs,6144,2560,16,gpu,114,A_gemmrs,2,0.07373,0.07270,0.07373,0.09314,1410,1
rs,6144,2560,16,gpu,114,c_fluxgemm_only,0,0.04608,0.04608,0.04608,0.02970,1410,1
rs,6144,2560,16,gpu,115,c_cublas,0,0.03686,0.03686,0.03686,0.03844,1410,1
rs,6144,2560,16,gpu,115,A_gemmrs,2,0.07270,0.07270,0.07270,0.07115,1410,1
rs,6144,2560,16,gpu,115,c_fluxgemm_only,1,0.04710,0.04608,0.04608,0.03525,1410,1
rs,6144,2560,16,gpu,116,c_cublas,2,0.03686,0.03584,0.03686,0.04600,1410,1
rs,6144,2560,16,gpu,116,A_gemmrs,1,0.07782,0.07475,0.07782,0.07146,1410,1
rs,6144,2560,16,gpu,116,c_fluxgemm_only,0,0.04813,0.04608,0.04813,0.02619,1410,1
rs,6144,2560,16,gpu,117,c_cublas,2,0.03789,0.03686,0.03686,0.03502,1410,1
rs,6144,2560,16,gpu,117,A_gemmrs,1,0.07270,0.07270,0.07270,0.08204,1410,1
rs,6144,2560,16,gpu,117,c_fluxgemm_only,0,0.04813,0.04710,0.04710,0.02611,1410,1
rs,6144,2560,16,gpu,118,c_cublas,1,0.03789,0.03686,0.03686,0.03463,1410,1
rs,6144,2560,16,gpu,118,A_gemmrs,0,0.07270,0.07168,0.07270,0.07128,1410,1
rs,6144,2560,16,gpu,118,c_fluxgemm_only,2,0.04608,0.04608,0.04608,0.02505,1410,1
rs,6144,2560,16,gpu,119,c_cublas,0,0.03789,0.03584,0.03584,0.03782,1410,1
rs,6144,2560,16,gpu,119,A_gemmrs,1,0.07475,0.07270,0.07270,0.06837,1410,1
rs,6144,2560,16,gpu,119,c_fluxgemm_only,2,0.04710,0.04710,0.04710,0.02331,1410,1
rs,6144,2560,16,gpu,120,c_cublas,0,0.03686,0.03584,0.03584,0.03738,1410,1
rs,6144,2560,16,gpu,120,A_gemmrs,1,0.07270,0.07270,0.07270,0.06962,1410,1
rs,6144,2560,16,gpu,120,c_fluxgemm_only,2,0.04710,0.04608,0.04710,0.02960,1410,1
rs,6144,2560,16,gpu,121,c_cublas,0,0.04301,0.03789,0.03789,0.04791,1410,1
rs,6144,2560,16,gpu,121,A_gemmrs,2,0.07373,0.07373,0.07373,0.06626,1410,1
rs,6144,2560,16,gpu,121,c_fluxgemm_only,1,0.04710,0.04608,0.04710,0.02545,1410,1
rs,6144,2560,16,gpu,122,c_cublas,0,0.03789,0.03686,0.03686,0.03724,1410,1
rs,6144,2560,16,gpu,122,A_gemmrs,1,0.07475,0.07373,0.07475,0.06885,1410,1
rs,6144,2560,16,gpu,122,c_fluxgemm_only,2,0.04813,0.04710,0.04813,0.02379,1410,1
rs,6144,2560,16,gpu,123,c_cublas,2,0.03686,0.03584,0.03584,0.03626,1410,1
rs,6144,2560,16,gpu,123,A_gemmrs,0,0.07373,0.07373,0.07373,0.06970,1410,1
rs,6144,2560,16,gpu,123,c_fluxgemm_only,1,0.04710,0.04710,0.04710,0.02361,1410,1
rs,6144,2560,16,gpu,124,c_cublas,0,0.03686,0.03686,0.03686,0.03665,1410,1
rs,6144,2560,16,gpu,124,A_gemmrs,1,0.07373,0.07373,0.07373,0.07514,1410,1
rs,6144,2560,16,gpu,124,c_fluxgemm_only,2,0.04813,0.04710,0.04813,0.02370,1410,1
rs,6144,2560,16,gpu,125,c_cublas,0,0.03789,0.03686,0.03686,0.03863,1410,1
rs,6144,2560,16,gpu,125,A_gemmrs,1,0.07680,0.07475,0.07680,0.06910,1410,1
rs,6144,2560,16,gpu,125,c_fluxgemm_only,2,0.04915,0.04813,0.04915,0.02357,1410,1
rs,6144,2560,16,gpu,126,c_cublas,0,0.07168,0.03686,0.07168,0.04175,1410,1
rs,6144,2560,16,gpu,126,A_gemmrs,2,0.07270,0.07270,0.07270,0.08213,1410,1
rs,6144,2560,16,gpu,126,c_fluxgemm_only,1,0.04710,0.04608,0.04608,0.02585,1410,1
rs,6144,2560,16,gpu,127,c_cublas,0,0.03584,0.03584,0.03584,0.03703,1410,1
rs,6144,2560,16,gpu,127,A_gemmrs,1,0.07782,0.07680,0.07782,0.06944,1410,1
rs,6144,2560,16,gpu,127,c_fluxgemm_only,2,0.04710,0.04710,0.04710,0.02334,1410,1
rs,6144,2560,16,gpu,128,c_cublas,1,0.03686,0.03584,0.03584,0.03481,1410,1
rs,6144,2560,16,gpu,128,A_gemmrs,0,0.07373,0.07270,0.07373,0.06958,1410,1
rs,6144,2560,16,gpu,128,c_fluxgemm_only,2,0.04710,0.04710,0.04710,0.02418,1410,1
rs,6144,2560,16,gpu,129,c_cublas,1,0.03686,0.03584,0.03584,0.03459,1410,1
rs,6144,2560,16,gpu,129,A_gemmrs,0,0.07373,0.07270,0.07373,0.07201,1410,1
rs,6144,2560,16,gpu,129,c_fluxgemm_only,2,0.04813,0.04813,0.04813,0.02432,1410,1
rs,6144,2560,16,gpu,130,c_cublas,0,0.03686,0.03584,0.03584,0.03655,1410,1
rs,6144,2560,16,gpu,130,A_gemmrs,1,0.07475,0.07373,0.07475,0.06783,1410,1
rs,6144,2560,16,gpu,130,c_fluxgemm_only,2,0.04710,0.04710,0.04710,0.02392,1410,1
rs,6144,2560,16,gpu,131,c_cublas,2,0.03584,0.03584,0.03584,0.03623,1410,1
rs,6144,2560,16,gpu,131,A_gemmrs,0,0.07373,0.07270,0.07270,0.06918,1410,1
rs,6144,2560,16,gpu,131,c_fluxgemm_only,1,0.04710,0.04710,0.04710,0.02238,1410,1
rs,6144,2560,16,gpu,132,c_cublas,1,0.03789,0.03686,0.03686,0.03637,1410,1
rs,6144,2560,16,gpu,132,A_gemmrs,2,0.07373,0.07270,0.07270,0.07211,1410,1
rs,6144,2560,16,gpu,132,c_fluxgemm_only,0,0.04710,0.04608,0.04710,0.02582,1410,1
rs,6144,2560,16,gpu,133,c_cublas,2,0.03891,0.03789,0.03789,0.03663,1410,1
rs,6144,2560,16,gpu,133,A_gemmrs,0,0.07270,0.07270,0.07270,0.07072,1410,1
rs,6144,2560,16,gpu,133,c_fluxgemm_only,1,0.04710,0.04710,0.04710,0.02300,1410,1
rs,6144,2560,16,gpu,134,c_cublas,2,0.03686,0.03584,0.03584,0.03548,1410,1
rs,6144,2560,16,gpu,134,A_gemmrs,0,0.07782,0.07475,0.07782,0.07265,1410,1
rs,6144,2560,16,gpu,134,c_fluxgemm_only,1,0.04813,0.04813,0.04813,0.02310,1410,1
rs,6144,2560,16,gpu,135,c_cublas,0,0.03686,0.03584,0.03584,0.03494,1410,1
rs,6144,2560,16,gpu,135,A_gemmrs,2,0.08294,0.08090,0.08090,0.06545,1410,1
rs,6144,2560,16,gpu,135,c_fluxgemm_only,1,0.04710,0.04608,0.04608,0.02560,1410,1
rs,6144,2560,16,gpu,136,c_cublas,2,0.03686,0.03584,0.03584,0.03582,1410,1
rs,6144,2560,16,gpu,136,A_gemmrs,1,0.07270,0.07270,0.07270,0.06544,1410,1
rs,6144,2560,16,gpu,136,c_fluxgemm_only,0,0.04710,0.04710,0.04710,0.02572,1410,1
rs,6144,2560,16,gpu,137,c_cublas,0,0.03789,0.03686,0.03686,0.03200,1410,1
rs,6144,2560,16,gpu,137,A_gemmrs,2,0.07475,0.07270,0.07475,0.06607,1410,1
rs,6144,2560,16,gpu,137,c_fluxgemm_only,1,0.04710,0.04710,0.04710,0.02585,1410,1
rs,6144,2560,16,gpu,138,c_cublas,2,0.03686,0.03584,0.03584,0.03503,1410,1
rs,6144,2560,16,gpu,138,A_gemmrs,1,0.07475,0.07373,0.07475,0.06617,1410,1
rs,6144,2560,16,gpu,138,c_fluxgemm_only,0,0.04710,0.04710,0.04710,0.02482,1410,1
rs,6144,2560,16,gpu,139,c_cublas,1,0.03584,0.03584,0.03584,0.03414,1410,1
rs,6144,2560,16,gpu,139,A_gemmrs,0,0.07373,0.07373,0.07373,0.07214,1410,1
rs,6144,2560,16,gpu,139,c_fluxgemm_only,2,0.04710,0.04710,0.04710,0.02455,1410,1
rs,6144,2560,16,gpu,140,c_cublas,0,0.03686,0.03584,0.03584,0.03616,1410,1
rs,6144,2560,16,gpu,140,A_gemmrs,2,0.07270,0.07168,0.07270,0.08144,1410,1
rs,6144,2560,16,gpu,140,c_fluxgemm_only,1,0.04813,0.04813,0.04813,0.02521,1410,1
rs,6144,2560,16,gpu,141,c_cublas,1,0.03686,0.03584,0.03584,0.03652,1410,1
rs,6144,2560,16,gpu,141,A_gemmrs,2,0.07373,0.07168,0.07373,0.06812,1410,1
rs,6144,2560,16,gpu,141,c_fluxgemm_only,0,0.04915,0.04813,0.04813,0.02473,1410,1
rs,6144,2560,16,gpu,142,c_cublas,1,0.03789,0.03686,0.03686,0.03433,1410,1
rs,6144,2560,16,gpu,142,A_gemmrs,0,0.07373,0.07373,0.07373,0.06802,1410,1
rs,6144,2560,16,gpu,142,c_fluxgemm_only,2,0.04710,0.04608,0.04710,0.02465,1410,1
rs,6144,2560,16,gpu,143,c_cublas,1,0.03686,0.03584,0.03584,0.03652,1410,1
rs,6144,2560,16,gpu,143,A_gemmrs,2,0.07885,0.07475,0.07885,0.06679,1410,1
rs,6144,2560,16,gpu,143,c_fluxgemm_only,0,0.04608,0.04608,0.04608,0.02321,1410,1
rs,6144,2560,16,gpu,144,c_cublas,2,0.03686,0.03584,0.03584,0.03644,1410,1
rs,6144,2560,16,gpu,144,A_gemmrs,0,0.08192,0.07987,0.07987,0.06790,1410,1
rs,6144,2560,16,gpu,144,c_fluxgemm_only,1,0.04710,0.04710,0.04710,0.02417,1410,1
rs,6144,2560,16,gpu,145,c_cublas,2,0.03789,0.03789,0.03789,0.03451,1410,1
rs,6144,2560,16,gpu,145,A_gemmrs,1,0.07270,0.07270,0.07270,0.06528,1410,1
rs,6144,2560,16,gpu,145,c_fluxgemm_only,0,0.04813,0.04710,0.04813,0.02554,1410,1
rs,6144,2560,16,gpu,146,c_cublas,0,0.03584,0.03584,0.03584,0.03390,1410,1
rs,6144,2560,16,gpu,146,A_gemmrs,2,0.07270,0.07270,0.07270,0.06597,1410,1
rs,6144,2560,16,gpu,146,c_fluxgemm_only,1,0.04710,0.04608,0.04710,0.02562,1410,1
rs,6144,2560,16,gpu,147,c_cublas,1,0.03584,0.03584,0.03584,0.03642,1410,1
rs,6144,2560,16,gpu,147,A_gemmrs,2,0.07680,0.07373,0.07680,0.07893,1410,1
rs,6144,2560,16,gpu,147,c_fluxgemm_only,0,0.04710,0.04710,0.04710,0.02501,1410,1
rs,6144,2560,16,gpu,148,c_cublas,2,0.03686,0.03686,0.03686,0.03589,1410,1
rs,6144,2560,16,gpu,148,A_gemmrs,0,0.07270,0.07168,0.07270,0.07037,1410,1
rs,6144,2560,16,gpu,148,c_fluxgemm_only,1,0.04710,0.04608,0.04710,0.02352,1410,1
rs,6144,2560,16,gpu,149,c_cublas,2,0.03789,0.03789,0.03789,0.03649,1410,1
rs,6144,2560,16,gpu,149,A_gemmrs,0,0.07168,0.07168,0.07168,0.07054,1410,1
rs,6144,2560,16,gpu,149,c_fluxgemm_only,1,0.04710,0.04608,0.04608,0.02293,1410,1
rs,6144,2560,16,gpu,150,c_cublas,1,0.03686,0.03584,0.03584,0.03626,1410,1
rs,6144,2560,16,gpu,150,A_gemmrs,2,0.07373,0.07270,0.07373,0.06811,1410,1
rs,6144,2560,16,gpu,150,c_fluxgemm_only,0,0.04710,0.04710,0.04710,0.02583,1410,1
rs,6144,2560,16,gpu,151,c_cublas,1,0.03789,0.03686,0.03686,0.03559,1410,1
rs,6144,2560,16,gpu,151,A_gemmrs,0,0.07373,0.07270,0.07373,0.06854,1410,1
rs,6144,2560,16,gpu,151,c_fluxgemm_only,2,0.04813,0.04710,0.04813,0.02535,1410,1
rs,6144,2560,16,gpu,152,c_cublas,2,0.03789,0.03686,0.03686,0.03597,1410,1
rs,6144,2560,16,gpu,152,A_gemmrs,0,0.07475,0.07270,0.07475,0.07180,1410,1
rs,6144,2560,16,gpu,152,c_fluxgemm_only,1,0.04710,0.04710,0.04710,0.02303,1410,1
rs,6144,2560,16,gpu,153,c_cublas,2,0.03686,0.03686,0.03686,0.03635,1410,1
rs,6144,2560,16,gpu,153,A_gemmrs,0,0.08294,0.08090,0.08090,0.07208,1410,1
rs,6144,2560,16,gpu,153,c_fluxgemm_only,1,0.04710,0.04710,0.04710,0.02316,1410,1
rs,6144,2560,16,gpu,154,c_cublas,2,0.03686,0.03584,0.03584,0.03636,1410,1
rs,6144,2560,16,gpu,154,A_gemmrs,1,0.07475,0.07270,0.07475,0.07071,1410,1
rs,6144,2560,16,gpu,154,c_fluxgemm_only,0,0.04710,0.04710,0.04710,0.02585,1410,1
rs,6144,2560,16,gpu,155,c_cublas,0,0.03686,0.03584,0.03584,0.03306,1410,1
rs,6144,2560,16,gpu,155,A_gemmrs,2,0.07270,0.07168,0.07270,0.06935,1410,1
rs,6144,2560,16,gpu,155,c_fluxgemm_only,1,0.04710,0.04710,0.04710,0.02556,1410,1
rs,6144,2560,16,gpu,156,c_cublas,1,0.03686,0.03584,0.03584,0.03418,1410,1
rs,6144,2560,16,gpu,156,A_gemmrs,0,0.07782,0.07373,0.07782,0.06805,1410,1
rs,6144,2560,16,gpu,156,c_fluxgemm_only,2,0.04813,0.04710,0.04710,0.02459,1410,1
rs,6144,2560,16,gpu,157,c_cublas,2,0.03789,0.03789,0.03789,0.03470,1410,1
rs,6144,2560,16,gpu,157,A_gemmrs,1,0.07270,0.07270,0.07270,0.07085,1410,1
rs,6144,2560,16,gpu,157,c_fluxgemm_only,0,0.04813,0.04813,0.04813,0.02343,1410,1
rs,6144,2560,16,gpu,158,c_cublas,2,0.03686,0.03686,0.03686,0.03592,1410,1
rs,6144,2560,16,gpu,158,A_gemmrs,0,0.07373,0.07270,0.07373,0.07214,1410,1
rs,6144,2560,16,gpu,158,c_fluxgemm_only,1,0.04813,0.04813,0.04813,0.02417,1410,1
rs,6144,2560,16,gpu,159,c_cublas,0,0.03584,0.03584,0.03584,0.03515,1410,1
rs,6144,2560,16,gpu,159,A_gemmrs,2,0.07168,0.07168,0.07168,0.06631,1410,1
rs,6144,2560,16,gpu,159,c_fluxgemm_only,1,0.04710,0.04608,0.04710,0.02558,1410,1
rs,6144,2560,16,gpu,160,c_cublas,2,0.03686,0.03482,0.03482,0.03492,1410,1
rs,6144,2560,16,gpu,160,A_gemmrs,1,0.07270,0.07270,0.07270,0.06584,1410,1
rs,6144,2560,16,gpu,160,c_fluxgemm_only,0,0.04710,0.04710,0.04710,0.02635,1410,1
rs,6144,2560,16,gpu,161,c_cublas,0,0.03686,0.03686,0.03686,0.03542,1410,1
rs,6144,2560,16,gpu,161,A_gemmrs,2,0.08499,0.08090,0.08090,0.07595,1410,1
rs,6144,2560,16,gpu,161,c_fluxgemm_only,1,0.04710,0.04608,0.04710,0.02555,1410,1
rs,6144,2560,16,gpu,162,c_cublas,1,0.03789,0.03789,0.03789,0.03520,1410,1
rs,6144,2560,16,gpu,162,A_gemmrs,0,0.07270,0.07168,0.07270,0.08231,1410,1
rs,6144,2560,16,gpu,162,c_fluxgemm_only,2,0.04813,0.04710,0.04813,0.02575,1410,1
rs,6144,2560,16,gpu,163,c_cublas,1,0.03686,0.03584,0.03584,0.03410,1410,1
rs,6144,2560,16,gpu,163,A_gemmrs,0,0.07475,0.07373,0.07475,0.07113,1410,1
rs,6144,2560,16,gpu,163,c_fluxgemm_only,2,0.04710,0.04710,0.04710,0.02452,1410,1
rs,6144,2560,16,gpu,164,c_cublas,2,0.03686,0.03584,0.03584,0.03687,1410,1
rs,6144,2560,16,gpu,164,A_gemmrs,0,0.07270,0.07270,0.07270,0.06960,1410,1
rs,6144,2560,16,gpu,164,c_fluxgemm_only,1,0.04608,0.04608,0.04608,0.02630,1410,1
rs,6144,2560,16,gpu,165,c_cublas,0,0.03891,0.03686,0.03686,0.03531,1410,1
rs,6144,2560,16,gpu,165,A_gemmrs,1,0.07782,0.07475,0.07782,0.08685,1410,1
rs,6144,2560,16,gpu,165,c_fluxgemm_only,2,0.04813,0.04813,0.04813,0.02441,1410,1
rs,6144,2560,16,gpu,166,c_cublas,2,0.03686,0.03686,0.03686,0.03478,1410,1
rs,6144,2560,16,gpu,166,A_gemmrs,1,0.07373,0.07270,0.07373,0.06627,1410,1
rs,6144,2560,16,gpu,166,c_fluxgemm_only,0,0.04608,0.04608,0.04608,0.02451,1410,1
rs,6144,2560,16,gpu,167,c_cublas,0,0.03686,0.03584,0.03584,0.03499,1410,1
rs,6144,2560,16,gpu,167,A_gemmrs,2,0.07373,0.07373,0.07373,0.06630,1410,1
rs,6144,2560,16,gpu,167,c_fluxgemm_only,1,0.04710,0.04710,0.04710,0.02637,1410,1
rs,6144,2560,16,gpu,168,c_cublas,1,0.03789,0.03686,0.03686,0.03852,1410,1
rs,6144,2560,16,gpu,168,A_gemmrs,2,0.07373,0.07270,0.07373,0.09103,1410,1
rs,6144,2560,16,gpu,168,c_fluxgemm_only,0,0.04710,0.04710,0.04710,0.02695,1410,1
rs,6144,2560,16,gpu,169,c_cublas,2,0.03789,0.03789,0.03789,0.03479,1410,1
rs,6144,2560,16,gpu,169,A_gemmrs,1,0.07270,0.07270,0.07270,0.07181,1410,1
rs,6144,2560,16,gpu,169,c_fluxgemm_only,0,0.04813,0.04813,0.04813,0.03654,1410,1
rs,6144,2560,16,gpu,170,c_cublas,1,0.03789,0.03686,0.03789,0.03423,1410,1
rs,6144,2560,16,gpu,170,A_gemmrs,0,0.08192,0.08090,0.08090,0.07228,1410,1
rs,6144,2560,16,gpu,170,c_fluxgemm_only,2,0.04710,0.04710,0.04710,0.02529,1410,1
rs,6144,2560,16,gpu,171,c_cublas,0,0.03789,0.03584,0.03584,0.03689,1410,1
rs,6144,2560,16,gpu,171,A_gemmrs,2,0.07270,0.07270,0.07270,0.06534,1410,1
rs,6144,2560,16,gpu,171,c_fluxgemm_only,1,0.04710,0.04710,0.04710,0.02472,1410,1
rs,6144,2560,16,gpu,172,c_cublas,1,0.03789,0.03686,0.03686,0.04296,1410,1
rs,6144,2560,16,gpu,172,A_gemmrs,2,0.07373,0.07270,0.07373,0.06932,1410,1
rs,6144,2560,16,gpu,172,c_fluxgemm_only,0,0.04813,0.04710,0.04813,0.02524,1410,1
rs,6144,2560,16,gpu,173,c_cublas,1,0.03686,0.03686,0.03686,0.03503,1410,1
rs,6144,2560,16,gpu,173,A_gemmrs,0,0.07270,0.07270,0.07270,0.07347,1410,1
rs,6144,2560,16,gpu,173,c_fluxgemm_only,2,0.04813,0.04813,0.04813,0.02537,1410,1
rs,6144,2560,16,gpu,174,c_cublas,0,0.03584,0.03584,0.03584,0.03662,1410,1
rs,6144,2560,16,gpu,174,A_gemmrs,2,0.07270,0.07270,0.07270,0.06544,1410,1
rs,6144,2560,16,gpu,174,c_fluxgemm_only,1,0.04710,0.04710,0.04710,0.02463,1410,1
rs,6144,2560,16,gpu,175,c_cublas,0,0.03686,0.03584,0.03584,0.03777,1410,1
rs,6144,2560,16,gpu,175,A_gemmrs,2,0.07373,0.07168,0.07373,0.08417,1410,1
rs,6144,2560,16,gpu,175,c_fluxgemm_only,1,0.04710,0.04710,0.04710,0.02560,1410,1
rs,6144,2560,16,gpu,176,c_cublas,0,0.03584,0.03584,0.03584,0.05197,1410,1
rs,6144,2560,16,gpu,176,A_gemmrs,1,0.07680,0.07373,0.07373,0.07050,1410,1
rs,6144,2560,16,gpu,176,c_fluxgemm_only,2,0.04710,0.04710,0.04710,0.02409,1410,1
rs,6144,2560,16,gpu,177,c_cublas,2,0.03789,0.03686,0.03686,0.03482,1410,1
rs,6144,2560,16,gpu,177,A_gemmrs,1,0.07270,0.07168,0.07270,0.06795,1410,1
rs,6144,2560,16,gpu,177,c_fluxgemm_only,0,0.04710,0.04710,0.04710,0.02355,1410,1
rs,6144,2560,16,gpu,178,c_cublas,0,0.03789,0.03584,0.03584,0.03434,1410,1
rs,6144,2560,16,gpu,178,A_gemmrs,2,0.07885,0.07475,0.07885,0.06815,1410,1
rs,6144,2560,16,gpu,178,c_fluxgemm_only,1,0.04710,0.04710,0.04710,0.02548,1410,1
rs,6144,2560,16,gpu,179,c_cublas,2,0.03686,0.03584,0.03584,0.03695,1410,1
rs,6144,2560,16,gpu,179,A_gemmrs,0,0.07270,0.07270,0.07270,0.06919,1410,1
rs,6144,2560,16,gpu,179,c_fluxgemm_only,1,0.04608,0.04608,0.04608,0.02442,1410,1
rs,6144,2560,16,gpu,180,c_cublas,1,0.03686,0.03584,0.03584,0.03490,1410,1
rs,6144,2560,16,gpu,180,A_gemmrs,0,0.07270,0.07270,0.07270,0.07491,1410,1
rs,6144,2560,16,gpu,180,c_fluxgemm_only,2,0.04710,0.04710,0.04710,0.02509,1410,1
rs,6144,2560,16,gpu,181,c_cublas,2,0.03789,0.03789,0.03789,0.03601,1410,1
rs,6144,2560,16,gpu,181,A_gemmrs,0,0.07373,0.07270,0.07373,0.07093,1410,1
rs,6144,2560,16,gpu,181,c_fluxgemm_only,1,0.04710,0.04608,0.04710,0.02233,1410,1
rs,6144,2560,16,gpu,182,c_cublas,0,0.03686,0.03686,0.03686,0.03609,1410,1
rs,6144,2560,16,gpu,182,A_gemmrs,2,0.07270,0.07168,0.07270,0.07733,1410,1
rs,6144,2560,16,gpu,182,c_fluxgemm_only,1,0.04710,0.04710,0.04710,0.02529,1410,1
rs,6144,2560,16,gpu,183,c_cublas,2,0.03686,0.03584,0.03584,0.03477,1410,1
rs,6144,2560,16,gpu,183,A_gemmrs,1,0.07680,0.07373,0.07680,0.06847,1410,1
rs,6144,2560,16,gpu,183,c_fluxgemm_only,0,0.04710,0.04710,0.04710,0.03218,1410,1
rs,6144,2560,16,gpu,184,c_cublas,2,0.03686,0.03584,0.03584,0.03494,1410,1
rs,6144,2560,16,gpu,184,A_gemmrs,1,0.07373,0.07270,0.07373,0.06787,1410,1
rs,6144,2560,16,gpu,184,c_fluxgemm_only,0,0.04710,0.04710,0.04710,0.02584,1410,1
rs,6144,2560,16,gpu,185,c_cublas,0,0.03789,0.03686,0.03789,0.03454,1410,1
rs,6144,2560,16,gpu,185,A_gemmrs,2,0.07373,0.07373,0.07373,0.06601,1410,1
rs,6144,2560,16,gpu,185,c_fluxgemm_only,1,0.04710,0.04710,0.04710,0.02559,1410,1
rs,6144,2560,16,gpu,186,c_cublas,2,0.03686,0.03686,0.03686,0.03655,1410,1
rs,6144,2560,16,gpu,186,A_gemmrs,0,0.07270,0.07066,0.07270,0.06962,1410,1
rs,6144,2560,16,gpu,186,c_fluxgemm_only,1,0.04813,0.04813,0.04813,0.03366,1410,1
rs,6144,2560,16,gpu,187,c_cublas,0,0.03686,0.03584,0.03686,0.03469,1410,1
rs,6144,2560,16,gpu,187,A_gemmrs,1,0.07782,0.07782,0.07782,0.06886,1410,1
rs,6144,2560,16,gpu,187,c_fluxgemm_only,2,0.04710,0.04608,0.04608,0.02352,1410,1
rs,6144,2560,16,gpu,188,c_cublas,1,0.03789,0.03584,0.03584,0.03488,1410,1
rs,6144,2560,16,gpu,188,A_gemmrs,0,0.07168,0.07168,0.07168,0.07090,1410,1
rs,6144,2560,16,gpu,188,c_fluxgemm_only,2,0.04710,0.04608,0.04710,0.02554,1410,1
rs,6144,2560,16,gpu,189,c_cublas,1,0.03584,0.03584,0.03584,0.03456,1410,1
rs,6144,2560,16,gpu,189,A_gemmrs,0,0.07270,0.07270,0.07270,0.07483,1410,1
rs,6144,2560,16,gpu,189,c_fluxgemm_only,2,0.04813,0.04813,0.04813,0.03679,1410,1
rs,6144,2560,16,gpu,190,c_cublas,2,0.03584,0.03584,0.03584,0.04139,1410,1
rs,6144,2560,16,gpu,190,A_gemmrs,1,0.07475,0.07373,0.07475,0.09614,1410,1
rs,6144,2560,16,gpu,190,c_fluxgemm_only,0,0.06349,0.04608,0.04608,0.02415,1410,1
rs,6144,2560,16,gpu,191,c_cublas,2,0.03686,0.03584,0.03584,0.04421,1410,1
rs,6144,2560,16,gpu,191,A_gemmrs,0,0.07475,0.07475,0.07475,0.06976,1410,1
rs,6144,2560,16,gpu,191,c_fluxgemm_only,1,0.04813,0.04710,0.04813,0.02400,1410,1
rs,6144,2560,16,gpu,192,c_cublas,0,0.03686,0.03686,0.03686,0.04223,1410,1
rs,6144,2560,16,gpu,192,A_gemmrs,2,0.07782,0.07475,0.07475,0.06681,1410,1
rs,6144,2560,16,gpu,192,c_fluxgemm_only,1,0.04813,0.04813,0.04813,0.02783,1410,1
rs,6144,2560,16,gpu,193,c_cublas,0,0.03789,0.03686,0.03686,0.03784,1410,1
rs,6144,2560,16,gpu,193,A_gemmrs,1,0.07168,0.07168,0.07168,0.06756,1410,1
rs,6144,2560,16,gpu,193,c_fluxgemm_only,2,0.04813,0.04813,0.04813,0.02380,1410,1
rs,6144,2560,16,gpu,194,c_cublas,1,0.03789,0.03686,0.03686,0.03533,1410,1
rs,6144,2560,16,gpu,194,A_gemmrs,0,0.07270,0.07168,0.07270,0.07220,1410,1
rs,6144,2560,16,gpu,194,c_fluxgemm_only,2,0.04710,0.04710,0.04710,0.02476,1410,1
rs,6144,2560,16,gpu,195,c_cublas,2,0.03686,0.03686,0.03686,0.03698,1410,1
rs,6144,2560,16,gpu,195,A_gemmrs,0,0.07885,0.07782,0.07885,0.07534,1410,1
rs,6144,2560,16,gpu,195,c_fluxgemm_only,1,0.04710,0.04710,0.04710,0.02505,1410,1
rs,6144,2560,16,gpu,196,c_cublas,2,0.03686,0.03686,0.03686,0.03554,1410,1
rs,6144,2560,16,gpu,196,A_gemmrs,0,0.07168,0.07168,0.07168,0.07660,1410,1
rs,6144,2560,16,gpu,196,c_fluxgemm_only,1,0.04710,0.04710,0.04710,0.02711,1410,1
rs,6144,2560,16,gpu,197,c_cublas,2,0.03789,0.03686,0.03686,0.03459,1410,1
rs,6144,2560,16,gpu,197,A_gemmrs,1,0.07270,0.07270,0.07270,0.06898,1410,1
rs,6144,2560,16,gpu,197,c_fluxgemm_only,0,0.04813,0.04813,0.04813,0.02580,1410,1
rs,6144,2560,16,gpu,198,c_cublas,0,0.03789,0.03584,0.03584,0.03478,1410,1
rs,6144,2560,16,gpu,198,A_gemmrs,1,0.07475,0.07373,0.07475,0.06813,1410,1
rs,6144,2560,16,gpu,198,c_fluxgemm_only,2,0.04813,0.04710,0.04813,0.03377,1410,1
rs,6144,2560,16,gpu,199,c_cublas,0,0.03686,0.03584,0.03584,0.03764,1410,1
rs,6144,2560,16,gpu,199,A_gemmrs,1,0.07270,0.07168,0.07270,0.06944,1410,1
rs,6144,2560,16,gpu,199,c_fluxgemm_only,2,0.04710,0.04608,0.04710,0.02330,1410,1
rs,6144,2560,16,steady,0,c_cublas,0,0.02746,0.02726,0.02726,0.01306,0,1
rs,6144,2560,16,steady,0,A_gemmrs,2,0.06170,0.06170,0.06170,0.03612,0,1
rs,6144,2560,16,steady,0,c_fluxgemm_only,1,0.03782,0.03770,0.03770,0.01378,0,1
rs,6144,2560,16,steady,1,c_cublas,1,0.02554,0.02515,0.02515,0.01267,0,1
rs,6144,2560,16,steady,1,A_gemmrs,0,0.06310,0.06285,0.06285,0.03628,0,1
rs,6144,2560,16,steady,1,c_fluxgemm_only,2,0.03776,0.03757,0.03757,0.01460,0,1
rs,6144,2560,16,steady,2,c_cublas,0,0.02726,0.02694,0.02694,0.01272,0,1
rs,6144,2560,16,steady,2,A_gemmrs,1,0.06221,0.06221,0.06221,0.03490,0,1
rs,6144,2560,16,steady,2,c_fluxgemm_only,2,0.03770,0.03763,0.03763,0.01328,0,1
rs,6144,2560,16,steady,3,c_cublas,0,0.02726,0.02701,0.02701,0.01280,0,1
rs,6144,2560,16,steady,3,A_gemmrs,2,0.06214,0.06208,0.06214,0.03612,0,1
rs,6144,2560,16,steady,3,c_fluxgemm_only,1,0.03770,0.03725,0.03725,0.01333,0,1
rs,6144,2560,16,steady,4,c_cublas,2,0.02547,0.02515,0.02515,0.01271,0,1
rs,6144,2560,16,steady,4,A_gemmrs,0,0.06381,0.06310,0.06310,0.03679,0,1
rs,6144,2560,16,steady,4,c_fluxgemm_only,1,0.03776,0.03744,0.03744,0.01320,0,1
rs,6144,2560,16,steady,5,c_cublas,0,0.02707,0.02688,0.02688,0.01240,0,1
rs,6144,2560,16,steady,5,A_gemmrs,2,0.06163,0.06163,0.06163,0.03595,0,1
rs,6144,2560,16,steady,5,c_fluxgemm_only,1,0.03789,0.03738,0.03738,0.01340,0,1
rs,6144,2560,16,steady,6,c_cublas,1,0.02560,0.02534,0.02534,0.01248,0,1
rs,6144,2560,16,steady,6,A_gemmrs,0,0.06387,0.06310,0.06310,0.03461,0,1
rs,6144,2560,16,steady,6,c_fluxgemm_only,2,0.03782,0.03750,0.03750,0.01330,0,1
rs,6144,2560,16,steady,7,c_cublas,2,0.02554,0.02534,0.02534,0.01248,0,1
rs,6144,2560,16,steady,7,A_gemmrs,1,0.06195,0.06195,0.06195,0.03634,0,1
rs,6144,2560,16,steady,7,c_fluxgemm_only,0,0.03853,0.03840,0.03840,0.01311,0,1
rs,6144,2560,16,steady,8,c_cublas,1,0.02554,0.02522,0.02522,0.01257,0,1
rs,6144,2560,16,steady,8,A_gemmrs,2,0.06189,0.06189,0.06189,0.03647,0,1
rs,6144,2560,16,steady,8,c_fluxgemm_only,0,0.03859,0.03853,0.03859,0.01410,0,1
rs,6144,2560,16,steady,9,c_cublas,2,0.02554,0.02515,0.02515,0.01252,0,1
rs,6144,2560,16,steady,9,A_gemmrs,1,0.06202,0.06195,0.06202,0.03664,0,1
rs,6144,2560,16,steady,9,c_fluxgemm_only,0,0.03859,0.03853,0.03853,0.01342,0,1
rs,6144,2560,16,steady,10,c_cublas,2,0.02554,0.02502,0.02502,0.01252,0,1
rs,6144,2560,16,steady,10,A_gemmrs,1,0.06170,0.06170,0.06170,0.03637,0,1
rs,6144,2560,16,steady,10,c_fluxgemm_only,0,0.03891,0.03859,0.03859,0.01338,0,1
rs,6144,2560,16,steady,11,c_cublas,2,0.02547,0.02522,0.02522,0.01335,0,1
rs,6144,2560,16,steady,11,A_gemmrs,1,0.06182,0.06176,0.06176,0.03456,0,1
rs,6144,2560,16,steady,11,c_fluxgemm_only,0,0.03878,0.03866,0.03866,0.01442,0,1
rs,6144,2560,16,steady,12,c_cublas,1,0.02554,0.02509,0.02509,0.01250,0,1
rs,6144,2560,16,steady,12,A_gemmrs,0,0.06483,0.06317,0.06317,0.03496,0,1
rs,6144,2560,16,steady,12,c_fluxgemm_only,2,0.03770,0.03757,0.03757,0.01334,0,1
rs,6144,2560,16,steady,13,c_cublas,0,0.02714,0.02688,0.02714,0.01251,0,1
rs,6144,2560,16,steady,13,A_gemmrs,2,0.06240,0.06240,0.06240,0.03487,0,1
rs,6144,2560,16,steady,13,c_fluxgemm_only,1,0.03776,0.03744,0.03744,0.01350,0,1
rs,6144,2560,16,steady,14,c_cublas,1,0.02554,0.02528,0.02528,0.01269,0,1
rs,6144,2560,16,steady,14,A_gemmrs,2,0.06170,0.06170,0.06170,0.03482,0,1
rs,6144,2560,16,steady,14,c_fluxgemm_only,0,0.03846,0.03840,0.03846,0.01335,0,1
rs,6144,2560,16,steady,15,c_cublas,1,0.02547,0.02515,0.02515,0.01261,0,1
rs,6144,2560,16,steady,15,A_gemmrs,0,0.06470,0.06330,0.06330,0.03501,0,1
rs,6144,2560,16,steady,15,c_fluxgemm_only,2,0.03782,0.03744,0.03744,0.01380,0,1
rs,6144,2560,16,steady,16,c_cublas,1,0.02554,0.02515,0.02515,0.01271,0,1
rs,6144,2560,16,steady,16,A_gemmrs,2,0.06176,0.06176,0.06176,0.03650,0,1
rs,6144,2560,16,steady,16,c_fluxgemm_only,0,0.03872,0.03814,0.03814,0.01321,0,1
rs,6144,2560,16,steady,17,c_cublas,2,0.02554,0.02509,0.02509,0.01258,1410,1
rs,6144,2560,16,steady,17,A_gemmrs,0,0.06342,0.06291,0.06291,0.03582,1410,1
rs,6144,2560,16,steady,17,c_fluxgemm_only,1,0.03776,0.03744,0.03744,0.01304,1410,1
rs,6144,2560,16,steady,18,c_cublas,0,0.02688,0.02669,0.02669,0.01385,1410,1
rs,6144,2560,16,steady,18,A_gemmrs,1,0.06227,0.06227,0.06227,0.03496,1410,1
rs,6144,2560,16,steady,18,c_fluxgemm_only,2,0.03770,0.03744,0.03744,0.01416,1410,1
rs,6144,2560,16,steady,19,c_cublas,2,0.02554,0.02528,0.02528,0.01256,1410,1
rs,6144,2560,16,steady,19,A_gemmrs,1,0.06170,0.06170,0.06170,0.03584,1410,1
rs,6144,2560,16,steady,19,c_fluxgemm_only,0,0.03834,0.03827,0.03827,0.01317,1410,1
rs,6144,2560,16,steady,20,c_cublas,0,0.02675,0.02662,0.02662,0.01222,1410,1
rs,6144,2560,16,steady,20,A_gemmrs,1,0.06208,0.06208,0.06208,0.03567,1410,1
rs,6144,2560,16,steady,20,c_fluxgemm_only,2,0.03776,0.03744,0.03744,0.01331,1410,1
rs,6144,2560,16,steady,21,c_cublas,1,0.02547,0.02502,0.02502,0.02481,1410,1
rs,6144,2560,16,steady,21,A_gemmrs,2,0.06176,0.06176,0.06176,0.03909,1410,1
rs,6144,2560,16,steady,21,c_fluxgemm_only,0,0.04102,0.03770,0.04102,0.01604,1410,1
rs,6144,2560,16,steady,22,c_cublas,0,0.02714,0.02701,0.02701,0.01448,1410,1
rs,6144,2560,16,steady,22,A_gemmrs,2,0.06176,0.06170,0.06176,0.03583,1410,1
rs,6144,2560,16,steady,22,c_fluxgemm_only,1,0.03782,0.03744,0.03744,0.01342,1410,1
rs,6144,2560,16,steady,23,c_cublas,1,0.02566,0.02528,0.02528,0.03094,1410,1
rs,6144,2560,16,steady,23,A_gemmrs,0,0.06400,0.06291,0.06291,0.03487,1410,1
rs,6144,2560,16,steady,23,c_fluxgemm_only,2,0.03776,0.03750,0.03750,0.01340,1410,1
rs,6144,2560,16,steady,24,c_cublas,0,0.02714,0.02611,0.02714,0.01333,1410,1
rs,6144,2560,16,steady,24,A_gemmrs,2,0.06202,0.06202,0.06202,0.03471,1410,1
rs,6144,2560,16,steady,24,c_fluxgemm_only,1,0.03770,0.03757,0.03757,0.01435,1410,1
rs,6144,2560,16,steady,25,c_cublas,1,0.02560,0.02528,0.02528,0.01258,1410,1
rs,6144,2560,16,steady,25,A_gemmrs,0,0.06323,0.06285,0.06285,0.03602,1410,1
rs,6144,2560,16,steady,25,c_fluxgemm_only,2,0.03776,0.03744,0.03744,0.01499,1410,1
rs,6144,2560,16,steady,26,c_cublas,0,0.02707,0.02662,0.02707,0.01277,1410,1
rs,6144,2560,16,steady,26,A_gemmrs,2,0.06182,0.06182,0.06182,0.03630,1410,1
rs,6144,2560,16,steady,26,c_fluxgemm_only,1,0.03789,0.03750,0.03750,0.01340,1410,1
rs,6144,2560,16,steady,27,c_cublas,2,0.02554,0.02534,0.02534,0.01260,1410,1
rs,6144,2560,16,steady,27,A_gemmrs,1,0.06170,0.06163,0.06170,0.03661,1410,1
rs,6144,2560,16,steady,27,c_fluxgemm_only,0,0.03872,0.03802,0.03872,0.01342,1410,1
rs,6144,2560,16,steady,28,c_cublas,1,0.02560,0.02515,0.02515,0.01253,1410,1
rs,6144,2560,16,steady,28,A_gemmrs,2,0.06176,0.06170,0.06176,0.05090,1410,1
rs,6144,2560,16,steady,28,c_fluxgemm_only,0,0.03878,0.03853,0.03878,0.01346,1410,1
rs,6144,2560,16,steady,29,c_cublas,2,0.02541,0.02515,0.02515,0.01253,1410,1
rs,6144,2560,16,steady,29,A_gemmrs,1,0.06189,0.06182,0.06189,0.03459,1410,1
rs,6144,2560,16,steady,29,c_fluxgemm_only,0,0.03872,0.03834,0.03872,0.01380,1410,1
rs,6144,2560,16,steady,30,c_cublas,2,0.02560,0.02522,0.02522,0.01250,1410,1
rs,6144,2560,16,steady,30,A_gemmrs,1,0.06182,0.06182,0.06182,0.03579,1410,1
rs,6144,2560,16,steady,30,c_fluxgemm_only,0,0.03878,0.03846,0.03846,0.01349,1410,1
rs,6144,2560,16,steady,31,c_cublas,0,0.02662,0.02650,0.02662,0.01233,1410,1
rs,6144,2560,16,steady,31,A_gemmrs,2,0.06208,0.06208,0.06208,0.03489,1410,1
rs,6144,2560,16,steady,31,c_fluxgemm_only,1,0.03776,0.03738,0.03738,0.01384,1410,1
rs,6144,2560,16,steady,32,c_cublas,0,0.02726,0.02650,0.02726,0.01303,1410,1
rs,6144,2560,16,steady,32,A_gemmrs,2,0.06157,0.06157,0.06157,0.03654,1410,1
rs,6144,2560,16,steady,32,c_fluxgemm_only,1,0.03776,0.03750,0.03750,0.01344,1410,1
rs,6144,2560,16,steady,33,c_cublas,2,0.02547,0.02528,0.02528,0.01259,1410,1
rs,6144,2560,16,steady,33,A_gemmrs,0,0.06285,0.06272,0.06285,0.03453,1410,1
rs,6144,2560,16,steady,33,c_fluxgemm_only,1,0.03776,0.03750,0.03750,0.01427,1410,1
rs,6144,2560,16,steady,34,c_cublas,2,0.02547,0.02522,0.02522,0.01258,1410,1
rs,6144,2560,16,steady,34,A_gemmrs,0,0.06323,0.06298,0.06298,0.03699,1410,1
rs,6144,2560,16,steady,34,c_fluxgemm_only,1,0.03776,0.03744,0.03744,0.01327,1410,1
rs,6144,2560,16,steady,35,c_cublas,2,0.02554,0.02528,0.02528,0.01368,1410,1
rs,6144,2560,16,steady,35,A_gemmrs,0,0.06317,0.06304,0.06304,0.03625,1410,1
rs,6144,2560,16,steady,35,c_fluxgemm_only,1,0.03776,0.03738,0.03738,0.01333,1410,1
rs,6144,2560,16,steady,36,c_cublas,2,0.02554,0.02528,0.02528,0.01260,1410,1
rs,6144,2560,16,steady,36,A_gemmrs,0,0.06445,0.06330,0.06330,0.03529,1410,1
rs,6144,2560,16,steady,36,c_fluxgemm_only,1,0.03776,0.03763,0.03763,0.01426,1410,1
rs,6144,2560,16,steady,37,c_cublas,0,0.02675,0.02675,0.02675,0.01483,1410,1
rs,6144,2560,16,steady,37,A_gemmrs,1,0.06182,0.06182,0.06182,0.03854,1410,1
rs,6144,2560,16,steady,37,c_fluxgemm_only,2,0.03776,0.03738,0.03738,0.01343,1410,1
rs,6144,2560,16,steady,38,c_cublas,1,0.02560,0.02522,0.02522,0.01275,1410,1
rs,6144,2560,16,steady,38,A_gemmrs,2,0.06221,0.06221,0.06221,0.03497,1410,1
rs,6144,2560,16,steady,38,c_fluxgemm_only,0,0.03827,0.03814,0.03827,0.01377,1410,1
rs,6144,2560,16,steady,39,c_cublas,2,0.02566,0.02522,0.02522,0.01266,1410,1
rs,6144,2560,16,steady,39,A_gemmrs,0,0.06304,0.06285,0.06304,0.03580,1410,1
rs,6144,2560,16,steady,39,c_fluxgemm_only,1,0.03776,0.03757,0.03757,0.01359,1410,1
rs,6144,2560,16,steady,40,c_cublas,0,0.02669,0.02669,0.02669,0.01223,1410,1
rs,6144,2560,16,steady,40,A_gemmrs,1,0.06202,0.06195,0.06202,0.03660,1410,1
rs,6144,2560,16,steady,40,c_fluxgemm_only,2,0.03776,0.03757,0.03757,0.01321,1410,1
rs,6144,2560,16,steady,41,c_cublas,1,0.02554,0.02522,0.02522,0.01419,1410,1
rs,6144,2560,16,steady,41,A_gemmrs,2,0.06157,0.06157,0.06157,0.03501,1410,1
rs,6144,2560,16,steady,41,c_fluxgemm_only,0,0.03859,0.03834,0.03834,0.01314,1410,1
rs,6144,2560,16,steady,42,c_cublas,2,0.02554,0.02515,0.02515,0.01353,1410,1
rs,6144,2560,16,steady,42,A_gemmrs,1,0.06176,0.06176,0.06176,0.03484,1410,1
rs,6144,2560,16,steady,42,c_fluxgemm_only,0,0.03898,0.03891,0.03898,0.01420,1410,1
rs,6144,2560,16,steady,43,c_cublas,0,0.02682,0.02675,0.02675,0.01236,1410,1
rs,6144,2560,16,steady,43,A_gemmrs,2,0.06189,0.06189,0.06189,0.03606,1410,1
rs,6144,2560,16,steady,43,c_fluxgemm_only,1,0.03770,0.03750,0.03750,0.01347,1410,1
rs,6144,2560,16,steady,44,c_cublas,2,0.02547,0.02528,0.02528,0.01261,1410,1
rs,6144,2560,16,steady,44,A_gemmrs,0,0.06342,0.06278,0.06278,0.03566,1410,1
rs,6144,2560,16,steady,44,c_fluxgemm_only,1,0.03782,0.03757,0.03757,0.01339,1410,1
rs,6144,2560,16,steady,45,c_cublas,0,0.02688,0.02669,0.02688,0.01307,1410,1
rs,6144,2560,16,steady,45,A_gemmrs,2,0.06202,0.06202,0.06202,0.03667,1410,1
rs,6144,2560,16,steady,45,c_fluxgemm_only,1,0.03782,0.03750,0.03750,0.01349,1410,1
rs,6144,2560,16,steady,46,c_cublas,2,0.02554,0.02515,0.02515,0.02336,1410,1
rs,6144,2560,16,steady,46,A_gemmrs,1,0.06163,0.06157,0.06157,0.03864,1410,1
rs,6144,2560,16,steady,46,c_fluxgemm_only,0,0.03872,0.03853,0.03853,0.01351,1410,1
rs,6144,2560,16,steady,47,c_cublas,2,0.02547,0.02528,0.02528,0.01255,1410,1
rs,6144,2560,16,steady,47,A_gemmrs,1,0.06176,0.06170,0.06176,0.03633,1410,1
rs,6144,2560,16,steady,47,c_fluxgemm_only,0,0.03885,0.03859,0.03859,0.01340,1410,1
rs,6144,2560,16,steady,48,c_cublas,1,0.02547,0.02509,0.02509,0.01259,1410,1
rs,6144,2560,16,steady,48,A_gemmrs,0,0.06362,0.06291,0.06362,0.03706,1410,1
rs,6144,2560,16,steady,48,c_fluxgemm_only,2,0.03750,0.03750,0.03750,0.01410,1410,1
rs,6144,2560,16,steady,49,c_cublas,2,0.02534,0.02509,0.02509,0.01268,1410,1
rs,6144,2560,16,steady,49,A_gemmrs,0,0.06458,0.06310,0.06310,0.03551,1410,1
rs,6144,2560,16,steady,49,c_fluxgemm_only,1,0.03776,0.03757,0.03757,0.01331,1410,1
rs,6144,2560,128,gpu,0,c_cublas,0,0.04301,0.04198,0.04198,0.03806,0,1
rs,6144,2560,128,gpu,0,A_gemmrs,1,0.08704,0.08602,0.08602,0.07494,0,1
rs,6144,2560,128,gpu,0,c_fluxgemm_only,2,0.05018,0.05018,0.05018,0.02433,0,1
rs,6144,2560,128,gpu,1,c_cublas,2,0.04301,0.04198,0.04198,0.03497,0,1
rs,6144,2560,128,gpu,1,A_gemmrs,1,0.08909,0.08806,0.08806,0.07063,0,1
rs,6144,2560,128,gpu,1,c_fluxgemm_only,0,0.05120,0.05120,0.05120,0.02327,0,1
rs,6144,2560,128,gpu,2,c_cublas,0,0.04198,0.04096,0.04198,0.03288,0,1
rs,6144,2560,128,gpu,2,A_gemmrs,1,0.09114,0.09114,0.09114,0.06805,0,1
rs,6144,2560,128,gpu,2,c_fluxgemm_only,2,0.05018,0.05018,0.05018,0.02449,0,1
rs,6144,2560,128,gpu,3,c_cublas,0,0.04301,0.04198,0.04198,0.03656,0,1
rs,6144,2560,128,gpu,3,A_gemmrs,1,0.08806,0.08806,0.08806,0.06944,0,1
rs,6144,2560,128,gpu,3,c_fluxgemm_only,2,0.05018,0.04915,0.04915,0.02322,0,1
rs,6144,2560,128,gpu,4,c_cublas,1,0.04301,0.04198,0.04198,0.03366,0,1
rs,6144,2560,128,gpu,4,A_gemmrs,0,0.07578,0.07475,0.07475,0.06949,0,1
rs,6144,2560,128,gpu,4,c_fluxgemm_only,2,0.05018,0.04915,0.05018,0.02504,0,1
rs,6144,2560,128,gpu,5,c_cublas,2,0.04301,0.04301,0.04301,0.03480,0,1
rs,6144,2560,128,gpu,5,A_gemmrs,0,0.09216,0.09216,0.09216,0.06793,0,1
rs,6144,2560,128,gpu,5,c_fluxgemm_only,1,0.05120,0.04915,0.05120,0.02267,0,1
rs,6144,2560,128,gpu,6,c_cublas,0,0.04301,0.04198,0.04198,0.04675,0,1
rs,6144,2560,128,gpu,6,A_gemmrs,2,0.08806,0.08806,0.08806,0.06636,0,1
rs,6144,2560,128,gpu,6,c_fluxgemm_only,1,0.05018,0.05018,0.05018,0.02617,0,1
rs,6144,2560,128,gpu,7,c_cublas,2,0.04301,0.04198,0.04301,0.03538,0,1
rs,6144,2560,128,gpu,7,A_gemmrs,0,0.08192,0.08192,0.08192,0.06530,0,1
rs,6144,2560,128,gpu,7,c_fluxgemm_only,1,0.05018,0.05018,0.05018,0.02268,0,1
rs,6144,2560,128,gpu,8,c_cublas,2,0.04301,0.04198,0.04301,0.03317,0,1
rs,6144,2560,128,gpu,8,A_gemmrs,1,0.08704,0.08704,0.08704,0.06609,0,1
rs,6144,2560,128,gpu,8,c_fluxgemm_only,0,0.05120,0.04915,0.05120,0.02603,0,1
rs,6144,2560,128,gpu,9,c_cublas,1,0.04198,0.04198,0.04198,0.04081,0,1
rs,6144,2560,128,gpu,9,A_gemmrs,2,0.08806,0.08806,0.08806,0.06904,0,1
rs,6144,2560,128,gpu,9,c_fluxgemm_only,0,0.05222,0.05120,0.05222,0.02609,0,1
rs,6144,2560,128,gpu,10,c_cublas,1,0.04198,0.04198,0.04198,0.03578,0,1
rs,6144,2560,128,gpu,10,A_gemmrs,2,0.08192,0.08090,0.08192,0.06687,0,1
rs,6144,2560,128,gpu,10,c_fluxgemm_only,0,0.05018,0.05018,0.05018,0.02498,0,1
rs,6144,2560,128,gpu,11,c_cublas,2,0.04198,0.04198,0.04198,0.03458,0,1
rs,6144,2560,128,gpu,11,A_gemmrs,0,0.08909,0.08806,0.08909,0.06652,0,1
rs,6144,2560,128,gpu,11,c_fluxgemm_only,1,0.05120,0.04915,0.05120,0.02269,0,1
rs,6144,2560,128,gpu,12,c_cublas,0,0.04198,0.04198,0.04198,0.03467,0,1
rs,6144,2560,128,gpu,12,A_gemmrs,2,0.08806,0.08704,0.08806,0.06827,0,1
rs,6144,2560,128,gpu,12,c_fluxgemm_only,1,0.05222,0.05120,0.05222,0.02609,0,1
rs,6144,2560,128,gpu,13,c_cublas,1,0.04198,0.04198,0.04198,0.03604,0,1
rs,6144,2560,128,gpu,13,A_gemmrs,2,0.08909,0.08909,0.08909,0.06822,0,1
rs,6144,2560,128,gpu,13,c_fluxgemm_only,0,0.05120,0.05120,0.05120,0.02484,0,1
rs,6144,2560,128,gpu,14,c_cublas,0,0.04198,0.04198,0.04198,0.03625,0,1
rs,6144,2560,128,gpu,14,A_gemmrs,2,0.08704,0.08704,0.08704,0.06587,0,1
rs,6144,2560,128,gpu,14,c_fluxgemm_only,1,0.05120,0.05018,0.05018,0.02573,0,1
rs,6144,2560,128,gpu,15,c_cublas,2,0.04198,0.04198,0.04198,0.04050,0,1
rs,6144,2560,128,gpu,15,A_gemmrs,1,0.08704,0.08602,0.08704,0.06339,0,1
rs,6144,2560,128,gpu,15,c_fluxgemm_only,0,0.05120,0.05018,0.05120,0.02488,0,1
rs,6144,2560,128,gpu,16,c_cublas,1,0.04301,0.04301,0.04301,0.03431,0,1
rs,6144,2560,128,gpu,16,A_gemmrs,2,0.08704,0.08602,0.08704,0.06745,0,1
rs,6144,2560,128,gpu,16,c_fluxgemm_only,0,0.05120,0.05018,0.05120,0.02622,0,1
rs,6144,2560,128,gpu,17,c_cublas,2,0.04403,0.04403,0.04403,0.03369,0,1
rs,6144,2560,128,gpu,17,A_gemmrs,1,0.07578,0.07475,0.07475,0.06555,0,1
rs,6144,2560,128,gpu,17,c_fluxgemm_only,0,0.05222,0.05018,0.05222,0.02539,0,1
rs,6144,2560,128,gpu,18,c_cublas,0,0.04198,0.04198,0.04198,0.03424,0,1
rs,6144,2560,128,gpu,18,A_gemmrs,2,0.08909,0.08806,0.08806,0.06561,0,1
rs,6144,2560,128,gpu,18,c_fluxgemm_only,1,0.05018,0.05018,0.05018,0.02845,0,1
rs,6144,2560,128,gpu,19,c_cublas,1,0.04301,0.04301,0.04301,0.03540,0,1
rs,6144,2560,128,gpu,19,A_gemmrs,2,0.08806,0.08704,0.08704,0.06718,0,1
rs,6144,2560,128,gpu,19,c_fluxgemm_only,0,0.05018,0.05018,0.05018,0.02517,0,1
rs,6144,2560,128,gpu,20,c_cublas,1,0.04403,0.04301,0.04403,0.03516,0,1
rs,6144,2560,128,gpu,20,A_gemmrs,2,0.08806,0.08704,0.08704,0.06581,0,1
rs,6144,2560,128,gpu,20,c_fluxgemm_only,0,0.04915,0.04915,0.04915,0.02423,0,1
rs,6144,2560,128,gpu,21,c_cublas,0,0.04301,0.04301,0.04301,0.03529,0,1
rs,6144,2560,128,gpu,21,A_gemmrs,1,0.08090,0.08090,0.08090,0.06690,0,1
rs,6144,2560,128,gpu,21,c_fluxgemm_only,2,0.05120,0.05120,0.05120,0.02408,0,1
rs,6144,2560,128,gpu,22,c_cublas,1,0.04403,0.04301,0.04301,0.03550,0,1
rs,6144,2560,128,gpu,22,A_gemmrs,0,0.07578,0.07475,0.07578,0.06903,0,1
rs,6144,2560,128,gpu,22,c_fluxgemm_only,2,0.05018,0.05018,0.05018,0.02460,0,1
rs,6144,2560,128,gpu,23,c_cublas,0,0.04198,0.04198,0.04198,0.03539,0,1
rs,6144,2560,128,gpu,23,A_gemmrs,2,0.08704,0.08704,0.08704,0.06520,0,1
rs,6144,2560,128,gpu,23,c_fluxgemm_only,1,0.05018,0.04813,0.05018,0.02488,0,1
rs,6144,2560,128,gpu,24,c_cublas,0,0.04198,0.04096,0.04096,0.03538,0,1
rs,6144,2560,128,gpu,24,A_gemmrs,2,0.08704,0.08704,0.08704,0.06410,0,1
rs,6144,2560,128,gpu,24,c_fluxgemm_only,1,0.05222,0.05120,0.05120,0.02516,0,1
rs,6144,2560,128,gpu,25,c_cublas,0,0.04403,0.04301,0.04301,0.03569,0,1
rs,6144,2560,128,gpu,25,A_gemmrs,1,0.07680,0.07578,0.07680,0.06720,0,1
rs,6144,2560,128,gpu,25,c_fluxgemm_only,2,0.05120,0.05120,0.05120,0.02456,0,1
rs,6144,2560,128,gpu,26,c_cublas,0,0.04301,0.04198,0.04301,0.03663,0,1
rs,6144,2560,128,gpu,26,A_gemmrs,2,0.08704,0.08602,0.08602,0.06535,0,1
rs,6144,2560,128,gpu,26,c_fluxgemm_only,1,0.05018,0.05018,0.05018,0.02559,0,1
rs,6144,2560,128,gpu,27,c_cublas,2,0.04301,0.04198,0.04301,0.03576,0,1
rs,6144,2560,128,gpu,27,A_gemmrs,0,0.07782,0.07680,0.07680,0.06964,0,1
rs,6144,2560,128,gpu,27,c_fluxgemm_only,1,0.05018,0.04915,0.04915,0.02401,0,1
rs,6144,2560,128,gpu,28,c_cublas,0,0.04301,0.04198,0.04198,0.03393,0,1
rs,6144,2560,128,gpu,28,A_gemmrs,1,0.08806,0.08704,0.08806,0.07178,0,1
rs,6144,2560,128,gpu,28,c_fluxgemm_only,2,0.05120,0.05018,0.05120,0.02301,0,1
rs,6144,2560,128,gpu,29,c_cublas,2,0.04403,0.04301,0.04403,0.03514,0,1
rs,6144,2560,128,gpu,29,A_gemmrs,0,0.08806,0.08806,0.08806,0.08089,0,1
rs,6144,2560,128,gpu,29,c_fluxgemm_only,1,0.05018,0.05018,0.05018,0.02432,0,1
rs,6144,2560,128,gpu,30,c_cublas,1,0.04301,0.04301,0.04301,0.03326,0,1
rs,6144,2560,128,gpu,30,A_gemmrs,0,0.08192,0.08090,0.08090,0.07168,0,1
rs,6144,2560,128,gpu,30,c_fluxgemm_only,2,0.05018,0.05018,0.05018,0.02504,0,1
rs,6144,2560,128,gpu,31,c_cublas,2,0.04301,0.04198,0.04198,0.03477,0,1
rs,6144,2560,128,gpu,31,A_gemmrs,0,0.08192,0.08192,0.08192,0.07091,0,1
rs,6144,2560,128,gpu,31,c_fluxgemm_only,1,0.05018,0.05018,0.05018,0.02272,0,1
rs,6144,2560,128,gpu,32,c_cublas,0,0.04198,0.04198,0.04198,0.03331,1410,1
rs,6144,2560,128,gpu,32,A_gemmrs,2,0.08704,0.08704,0.08704,0.06613,1410,1
rs,6144,2560,128,gpu,32,c_fluxgemm_only,1,0.05120,0.05018,0.05018,0.02995,1410,1
rs,6144,2560,128,gpu,33,c_cublas,2,0.04403,0.04301,0.04403,0.03536,1410,1
rs,6144,2560,128,gpu,33,A_gemmrs,0,0.08704,0.08704,0.08704,0.06796,1410,1
rs,6144,2560,128,gpu,33,c_fluxgemm_only,1,0.05018,0.04915,0.05018,0.02330,1410,1
rs,6144,2560,128,gpu,34,c_cublas,1,0.04403,0.04301,0.04301,0.03321,1410,1
rs,6144,2560,128,gpu,34,A_gemmrs,0,0.07578,0.07475,0.07578,0.07105,1410,1
rs,6144,2560,128,gpu,34,c_fluxgemm_only,2,0.05018,0.05018,0.05018,0.02550,1410,1
rs,6144,2560,128,gpu,35,c_cublas,0,0.04198,0.04198,0.04198,0.03503,1410,1
rs,6144,2560,128,gpu,35,A_gemmrs,2,0.08704,0.08704,0.08704,0.06755,1410,1
rs,6144,2560,128,gpu,35,c_fluxgemm_only,1,0.05018,0.05018,0.05018,0.02529,1410,1
rs,6144,2560,128,gpu,36,c_cublas,0,0.04301,0.04198,0.04198,0.03590,1410,1
rs,6144,2560,128,gpu,36,A_gemmrs,2,0.08704,0.08704,0.08704,0.06531,1410,1
rs,6144,2560,128,gpu,36,c_fluxgemm_only,1,0.05120,0.05120,0.05120,0.02547,1410,1
rs,6144,2560,128,gpu,37,c_cublas,1,0.04198,0.04198,0.04198,0.03624,1410,1
rs,6144,2560,128,gpu,37,A_gemmrs,2,0.08909,0.08806,0.08806,0.06903,1410,1
rs,6144,2560,128,gpu,37,c_fluxgemm_only,0,0.05120,0.05120,0.05120,0.02534,1410,1
rs,6144,2560,128,gpu,38,c_cublas,2,0.04301,0.04198,0.04198,0.04118,1410,1
rs,6144,2560,128,gpu,38,A_gemmrs,0,0.08806,0.08704,0.08806,0.06891,1410,1
rs,6144,2560,128,gpu,38,c_fluxgemm_only,1,0.05222,0.05120,0.05120,0.02295,1410,1
rs,6144,2560,128,gpu,39,c_cublas,0,0.04198,0.04198,0.04198,0.03860,1410,1
rs,6144,2560,128,gpu,39,A_gemmrs,2,0.08192,0.08090,0.08192,0.06489,1410,1
rs,6144,2560,128,gpu,39,c_fluxgemm_only,1,0.05018,0.04915,0.05018,0.02551,1410,1
rs,6144,2560,128,gpu,40,c_cublas,2,0.04198,0.04198,0.04198,0.03470,1410,1
rs,6144,2560,128,gpu,40,A_gemmrs,0,0.08090,0.08090,0.08090,0.06890,1410,1
rs,6144,2560,128,gpu,40,c_fluxgemm_only,1,0.05018,0.04915,0.05018,0.02253,1410,1
rs,6144,2560,128,gpu,41,c_cublas,1,0.04198,0.04198,0.04198,0.03290,1410,1
rs,6144,2560,128,gpu,41,A_gemmrs,0,0.08704,0.08704,0.08704,0.07105,1410,1
rs,6144,2560,128,gpu,41,c_fluxgemm_only,2,0.05222,0.05120,0.05222,0.02431,1410,1
rs,6144,2560,128,gpu,42,c_cublas,1,0.04403,0.04301,0.04301,0.03445,1410,1
rs,6144,2560,128,gpu,42,A_gemmrs,0,0.08704,0.08602,0.08704,0.06950,1410,1
rs,6144,2560,128,gpu,42,c_fluxgemm_only,2,0.05018,0.05018,0.05018,0.02475,1410,1
rs,6144,2560,128,gpu,43,c_cublas,1,0.04198,0.04198,0.04198,0.03612,1410,1
rs,6144,2560,128,gpu,43,A_gemmrs,2,0.09318,0.09011,0.09318,0.09678,1410,1
rs,6144,2560,128,gpu,43,c_fluxgemm_only,0,0.06758,0.05018,0.05018,0.02650,1410,1
rs,6144,2560,128,gpu,44,c_cublas,0,0.04198,0.04198,0.04198,0.03497,1410,1
rs,6144,2560,128,gpu,44,A_gemmrs,2,0.08806,0.08806,0.08806,0.06885,1410,1
rs,6144,2560,128,gpu,44,c_fluxgemm_only,1,0.05222,0.05120,0.05222,0.02555,1410,1
rs,6144,2560,128,gpu,45,c_cublas,1,0.04198,0.04198,0.04198,0.03649,1410,1
rs,6144,2560,128,gpu,45,A_gemmrs,2,0.08909,0.08806,0.08806,0.06858,1410,1
rs,6144,2560,128,gpu,45,c_fluxgemm_only,0,0.05222,0.05120,0.05222,0.02569,1410,1
rs,6144,2560,128,gpu,46,c_cublas,2,0.04301,0.04198,0.04198,0.03588,1410,1
rs,6144,2560,128,gpu,46,A_gemmrs,0,0.08704,0.08704,0.08704,0.06979,1410,1
rs,6144,2560,128,gpu,46,c_fluxgemm_only,1,0.05120,0.05120,0.05120,0.03314,1410,1
rs,6144,2560,128,gpu,47,c_cublas,1,0.04301,0.04096,0.04096,0.03328,1410,1
rs,6144,2560,128,gpu,47,A_gemmrs,0,0.08192,0.08192,0.08192,0.07180,1410,1
rs,6144,2560,128,gpu,47,c_fluxgemm_only,2,0.05018,0.05018,0.05018,0.02485,1410,1
rs,6144,2560,128,gpu,48,c_cublas,2,0.04198,0.04198,0.04198,0.03429,1410,1
rs,6144,2560,128,gpu,48,A_gemmrs,0,0.07475,0.07475,0.07475,0.07013,1410,1
rs,6144,2560,128,gpu,48,c_fluxgemm_only,1,0.05120,0.05018,0.05120,0.02278,1410,1
rs,6144,2560,128,gpu,49,c_cublas,0,0.04301,0.04301,0.04301,0.03381,1410,1
rs,6144,2560,128,gpu,49,A_gemmrs,2,0.09318,0.09318,0.09318,0.06952,1410,1
rs,6144,2560,128,gpu,49,c_fluxgemm_only,1,0.05018,0.04915,0.04915,0.02645,1410,1
rs,6144,2560,128,gpu,50,c_cublas,0,0.04301,0.04198,0.04198,0.03535,1410,1
rs,6144,2560,128,gpu,50,A_gemmrs,2,0.07578,0.07475,0.07578,0.06496,1410,1
rs,6144,2560,128,gpu,50,c_fluxgemm_only,1,0.05018,0.05018,0.05018,0.02549,1410,1
rs,6144,2560,128,gpu,51,c_cublas,1,0.04198,0.04198,0.04198,0.03374,1410,1
rs,6144,2560,128,gpu,51,A_gemmrs,0,0.07680,0.07680,0.07680,0.07007,1410,1
rs,6144,2560,128,gpu,51,c_fluxgemm_only,2,0.05018,0.05018,0.05018,0.02473,1410,1
rs,6144,2560,128,gpu,52,c_cublas,2,0.04301,0.04198,0.04198,0.04016,1410,1
rs,6144,2560,128,gpu,52,A_gemmrs,0,0.09318,0.09011,0.09318,0.07080,1410,1
rs,6144,2560,128,gpu,52,c_fluxgemm_only,1,0.05018,0.05018,0.05018,0.02244,1410,1
rs,6144,2560,128,gpu,53,c_cublas,0,0.04301,0.04301,0.04301,0.03343,1410,1
rs,6144,2560,128,gpu,53,A_gemmrs,1,0.08806,0.08704,0.08704,0.07008,1410,1
rs,6144,2560,128,gpu,53,c_fluxgemm_only,2,0.05120,0.05120,0.05120,0.02306,1410,1
rs,6144,2560,128,gpu,54,c_cublas,1,0.04198,0.04198,0.04198,0.03559,1410,1
rs,6144,2560,128,gpu,54,A_gemmrs,2,0.08806,0.08602,0.08806,0.06724,1410,1
rs,6144,2560,128,gpu,54,c_fluxgemm_only,0,0.05018,0.05018,0.05018,0.02328,1410,1
rs,6144,2560,128,gpu,55,c_cublas,0,0.04198,0.04198,0.04198,0.03861,1410,1
rs,6144,2560,128,gpu,55,A_gemmrs,2,0.08704,0.08704,0.08704,0.08215,1410,1
rs,6144,2560,128,gpu,55,c_fluxgemm_only,1,0.05120,0.05018,0.05120,0.03822,1410,1
rs,6144,2560,128,gpu,56,c_cublas,1,0.04301,0.04301,0.04301,0.03464,1410,1
rs,6144,2560,128,gpu,56,A_gemmrs,0,0.08704,0.08602,0.08704,0.07145,1410,1
rs,6144,2560,128,gpu,56,c_fluxgemm_only,2,0.05120,0.05018,0.05120,0.02510,1410,1
rs,6144,2560,128,gpu,57,c_cublas,1,0.04301,0.04198,0.04198,0.03332,1410,1
rs,6144,2560,128,gpu,57,A_gemmrs,0,0.07578,0.07475,0.07475,0.07013,1410,1
rs,6144,2560,128,gpu,57,c_fluxgemm_only,2,0.05120,0.05120,0.05120,0.02433,1410,1
rs,6144,2560,128,gpu,58,c_cublas,0,0.04198,0.04096,0.04198,0.03561,1410,1
rs,6144,2560,128,gpu,58,A_gemmrs,2,0.08704,0.08704,0.08704,0.06652,1410,1
rs,6144,2560,128,gpu,58,c_fluxgemm_only,1,0.05018,0.04915,0.05018,0.02548,1410,1
rs,6144,2560,128,gpu,59,c_cublas,2,0.04198,0.04198,0.04198,0.03365,1410,1
rs,6144,2560,128,gpu,59,A_gemmrs,1,0.08090,0.07987,0.08090,0.07979,1410,1
rs,6144,2560,128,gpu,59,c_fluxgemm_only,0,0.05018,0.04915,0.05018,0.02446,1410,1
rs,6144,2560,128,gpu,60,c_cublas,1,0.04198,0.04198,0.04198,0.03287,1410,1
rs,6144,2560,128,gpu,60,A_gemmrs,0,0.09216,0.09114,0.09114,0.06976,1410,1
rs,6144,2560,128,gpu,60,c_fluxgemm_only,2,0.05018,0.05018,0.05018,0.02487,1410,1
rs,6144,2560,128,gpu,61,c_cublas,2,0.04403,0.04301,0.04403,0.03338,1410,1
rs,6144,2560,128,gpu,61,A_gemmrs,1,0.08806,0.08704,0.08704,0.06567,1410,1
rs,6144,2560,128,gpu,61,c_fluxgemm_only,0,0.05120,0.05018,0.05120,0.02396,1410,1
rs,6144,2560,128,gpu,62,c_cublas,0,0.04198,0.04096,0.04198,0.03362,1410,1
rs,6144,2560,128,gpu,62,A_gemmrs,2,0.09011,0.08806,0.09011,0.07216,1410,1
rs,6144,2560,128,gpu,62,c_fluxgemm_only,1,0.05018,0.05018,0.05018,0.02565,1410,1
rs,6144,2560,128,gpu,63,c_cublas,2,0.04301,0.04198,0.04198,0.03514,1410,1
rs,6144,2560,128,gpu,63,A_gemmrs,0,0.07680,0.07680,0.07680,0.07051,1410,1
rs,6144,2560,128,gpu,63,c_fluxgemm_only,1,0.05018,0.05018,0.05018,0.02455,1410,1
rs,6144,2560,128,gpu,64,c_cublas,2,0.04301,0.04198,0.04198,0.03474,1410,1
rs,6144,2560,128,gpu,64,A_gemmrs,0,0.07578,0.07578,0.07578,0.07407,1410,1
rs,6144,2560,128,gpu,64,c_fluxgemm_only,1,0.05120,0.05018,0.05120,0.02333,1410,1
rs,6144,2560,128,gpu,65,c_cublas,2,0.04403,0.04301,0.04403,0.03334,1410,1
rs,6144,2560,128,gpu,65,A_gemmrs,1,0.07578,0.07475,0.07475,0.06499,1410,1
rs,6144,2560,128,gpu,65,c_fluxgemm_only,0,0.05120,0.05018,0.05120,0.02602,1410,1
rs,6144,2560,128,gpu,66,c_cublas,1,0.04403,0.04301,0.04301,0.03542,1410,1
rs,6144,2560,128,gpu,66,A_gemmrs,0,0.08806,0.08602,0.08806,0.08515,1410,1
rs,6144,2560,128,gpu,66,c_fluxgemm_only,2,0.05018,0.04915,0.05018,0.02632,1410,1
rs,6144,2560,128,gpu,67,c_cublas,0,0.04301,0.04198,0.04301,0.03612,1410,1
rs,6144,2560,128,gpu,67,A_gemmrs,2,0.08806,0.08806,0.08806,0.06533,1410,1
rs,6144,2560,128,gpu,67,c_fluxgemm_only,1,0.04915,0.04915,0.04915,0.02564,1410,1
rs,6144,2560,128,gpu,68,c_cublas,0,0.04198,0.04198,0.04198,0.03582,1410,1
rs,6144,2560,128,gpu,68,A_gemmrs,2,0.08704,0.08704,0.08704,0.06438,1410,1
rs,6144,2560,128,gpu,68,c_fluxgemm_only,1,0.05120,0.05018,0.05018,0.02539,1410,1
rs,6144,2560,128,gpu,69,c_cublas,2,0.04301,0.04301,0.04301,0.03379,1410,1
rs,6144,2560,128,gpu,69,A_gemmrs,1,0.08806,0.08704,0.08806,0.07860,1410,1
rs,6144,2560,128,gpu,69,c_fluxgemm_only,0,0.05222,0.05120,0.05120,0.02531,1410,1
rs,6144,2560,128,gpu,70,c_cublas,0,0.04198,0.04198,0.04198,0.03404,1410,1
rs,6144,2560,128,gpu,70,A_gemmrs,2,0.09011,0.08909,0.09011,0.06512,1410,1
rs,6144,2560,128,gpu,70,c_fluxgemm_only,1,0.05018,0.05018,0.05018,0.02581,1410,1
rs,6144,2560,128,gpu,71,c_cublas,1,0.04198,0.04198,0.04198,0.03304,1410,1
rs,6144,2560,128,gpu,71,A_gemmrs,0,0.07782,0.07680,0.07680,0.06896,1410,1
rs,6144,2560,128,gpu,71,c_fluxgemm_only,2,0.05018,0.05018,0.05018,0.02519,1410,1
rs,6144,2560,128,gpu,72,c_cublas,0,0.04198,0.04198,0.04198,0.03594,1410,1
rs,6144,2560,128,gpu,72,A_gemmrs,1,0.07578,0.07475,0.07475,0.06993,1410,1
rs,6144,2560,128,gpu,72,c_fluxgemm_only,2,0.05018,0.05018,0.05018,0.02535,1410,1
rs,6144,2560,128,gpu,73,c_cublas,2,0.04403,0.04301,0.04301,0.03379,1410,1
rs,6144,2560,128,gpu,73,A_gemmrs,1,0.07578,0.07475,0.07578,0.06702,1410,1
rs,6144,2560,128,gpu,73,c_fluxgemm_only,0,0.05120,0.05018,0.05120,0.02757,1410,1
rs,6144,2560,128,gpu,74,c_cublas,2,0.04301,0.04198,0.04198,0.03409,1410,1
rs,6144,2560,128,gpu,74,A_gemmrs,1,0.08806,0.08806,0.08806,0.06783,1410,1
rs,6144,2560,128,gpu,74,c_fluxgemm_only,0,0.05120,0.05018,0.05120,0.02618,1410,1
rs,6144,2560,128,gpu,75,c_cublas,1,0.04301,0.04198,0.04198,0.03509,1410,1
rs,6144,2560,128,gpu,75,A_gemmrs,2,0.08806,0.08704,0.08806,0.06752,1410,1
rs,6144,2560,128,gpu,75,c_fluxgemm_only,0,0.05018,0.05018,0.05018,0.02607,1410,1
rs,6144,2560,128,gpu,76,c_cublas,0,0.04198,0.04198,0.04198,0.04839,1410,1
rs,6144,2560,128,gpu,76,A_gemmrs,2,0.08806,0.08704,0.08704,0.06593,1410,1
rs,6144,2560,128,gpu,76,c_fluxgemm_only,1,0.05222,0.05018,0.05018,0.02592,1410,1
rs,6144,2560,128,gpu,77,c_cublas,1,0.04301,0.04198,0.04198,0.04815,1410,1
rs,6144,2560,128,gpu,77,A_gemmrs,2,0.08909,0.08704,0.08704,0.06784,1410,1
rs,6144,2560,128,gpu,77,c_fluxgemm_only,0,0.05120,0.05120,0.05120,0.02539,1410,1
rs,6144,2560,128,gpu,78,c_cublas,1,0.04403,0.04198,0.04198,0.03390,1410,1
rs,6144,2560,128,gpu,78,A_gemmrs,0,0.08090,0.07987,0.07987,0.06809,1410,1
rs,6144,2560,128,gpu,78,c_fluxgemm_only,2,0.05018,0.05018,0.05018,0.02486,1410,1
rs,6144,2560,128,gpu,79,c_cublas,1,0.04198,0.04096,0.04198,0.04254,1410,1
rs,6144,2560,128,gpu,79,A_gemmrs,2,0.08806,0.08704,0.08704,0.06774,1410,1
rs,6144,2560,128,gpu,79,c_fluxgemm_only,0,0.04915,0.04915,0.04915,0.02379,1410,1
rs,6144,2560,128,gpu,80,c_cublas,0,0.04301,0.04096,0.04301,0.03554,1410,1
rs,6144,2560,128,gpu,80,A_gemmrs,1,0.08704,0.08704,0.08704,0.06840,1410,1
rs,6144,2560,128,gpu,80,c_fluxgemm_only,2,0.05018,0.05018,0.05018,0.02306,1410,1
rs,6144,2560,128,gpu,81,c_cublas,1,0.04301,0.04198,0.04198,0.03535,1410,1
rs,6144,2560,128,gpu,81,A_gemmrs,2,0.07680,0.07578,0.07680,0.06666,1410,1
rs,6144,2560,128,gpu,81,c_fluxgemm_only,0,0.05120,0.05018,0.05120,0.02327,1410,1
rs,6144,2560,128,gpu,82,c_cublas,0,0.04198,0.04198,0.04198,0.03524,1410,1
rs,6144,2560,128,gpu,82,A_gemmrs,2,0.07475,0.07475,0.07475,0.07510,1410,1
rs,6144,2560,128,gpu,82,c_fluxgemm_only,1,0.05018,0.05018,0.05018,0.02519,1410,1
rs,6144,2560,128,gpu,83,c_cublas,0,0.04198,0.04198,0.04198,0.03554,1410,1
rs,6144,2560,128,gpu,83,A_gemmrs,1,0.08909,0.08806,0.08806,0.06986,1410,1
rs,6144,2560,128,gpu,83,c_fluxgemm_only,2,0.05018,0.05018,0.05018,0.02374,1410,1
rs,6144,2560,128,gpu,84,c_cublas,1,0.04301,0.04301,0.04301,0.03297,1410,1
rs,6144,2560,128,gpu,84,A_gemmrs,0,0.08806,0.08704,0.08806,0.06759,1410,1
rs,6144,2560,128,gpu,84,c_fluxgemm_only,2,0.05018,0.05018,0.05018,0.02453,1410,1
rs,6144,2560,128,gpu,85,c_cublas,2,0.04403,0.04301,0.04403,0.04254,1410,1
rs,6144,2560,128,gpu,85,A_gemmrs,0,0.09011,0.08909,0.08909,0.07121,1410,1
rs,6144,2560,128,gpu,85,c_fluxgemm_only,1,0.05018,0.05018,0.05018,0.02310,1410,1
rs,6144,2560,128,gpu,86,c_cublas,1,0.04198,0.04096,0.04096,0.03504,1410,1
rs,6144,2560,128,gpu,86,A_gemmrs,2,0.08704,0.08602,0.08704,0.06784,1410,1
rs,6144,2560,128,gpu,86,c_fluxgemm_only,0,0.05018,0.04915,0.05018,0.02938,1410,1
rs,6144,2560,128,gpu,87,c_cublas,1,0.04301,0.04301,0.04301,0.03307,1410,1
rs,6144,2560,128,gpu,87,A_gemmrs,0,0.07578,0.07578,0.07578,0.06843,1410,1
rs,6144,2560,128,gpu,87,c_fluxgemm_only,2,0.05018,0.05018,0.05018,0.02454,1410,1
rs,6144,2560,128,gpu,88,c_cublas,2,0.04198,0.04198,0.04198,0.03347,1410,1
rs,6144,2560,128,gpu,88,A_gemmrs,1,0.08704,0.08704,0.08704,0.06846,1410,1
rs,6144,2560,128,gpu,88,c_fluxgemm_only,0,0.05018,0.04915,0.05018,0.02405,1410,1
rs,6144,2560,128,gpu,89,c_cublas,2,0.04403,0.04301,0.04301,0.03542,1410,1
rs,6144,2560,128,gpu,89,A_gemmrs,0,0.08704,0.08704,0.08704,0.07114,1410,1
rs,6144,2560,128,gpu,89,c_fluxgemm_only,1,0.05018,0.05018,0.05018,0.02400,1410,1
rs,6144,2560,128,gpu,90,c_cublas,2,0.04198,0.04198,0.04198,0.03538,1410,1
rs,6144,2560,128,gpu,90,A_gemmrs,0,0.07578,0.07475,0.07578,0.07063,1410,1
rs,6144,2560,128,gpu,90,c_fluxgemm_only,1,0.05120,0.05120,0.05120,0.02923,1410,1
rs,6144,2560,128,gpu,91,c_cublas,2,0.04198,0.04198,0.04198,0.03436,1410,1
rs,6144,2560,128,gpu,91,A_gemmrs,0,0.07680,0.07680,0.07680,0.06976,1410,1
rs,6144,2560,128,gpu,91,c_fluxgemm_only,1,0.05120,0.05018,0.05120,0.02293,1410,1
rs,6144,2560,128,gpu,92,c_cublas,2,0.04198,0.04096,0.04198,0.03575,1410,1
rs,6144,2560,128,gpu,92,A_gemmrs,0,0.09114,0.09114,0.09114,0.07112,1410,1
rs,6144,2560,128,gpu,92,c_fluxgemm_only,1,0.05120,0.04915,0.05120,0.03354,1410,1
rs,6144,2560,128,gpu,93,c_cublas,0,0.04301,0.04301,0.04301,0.03291,1410,1
rs,6144,2560,128,gpu,93,A_gemmrs,1,0.09011,0.08806,0.08806,0.06799,1410,1
rs,6144,2560,128,gpu,93,c_fluxgemm_only,2,0.05222,0.05120,0.05222,0.02335,1410,1
rs,6144,2560,128,gpu,94,c_cublas,1,0.04403,0.04301,0.04403,0.03380,1410,1
rs,6144,2560,128,gpu,94,A_gemmrs,0,0.08704,0.08602,0.08704,0.06868,1410,1
rs,6144,2560,128,gpu,94,c_fluxgemm_only,2,0.05018,0.05018,0.05018,0.02481,1410,1
rs,6144,2560,128,gpu,95,c_cublas,2,0.04198,0.04198,0.04198,0.04045,1410,1
rs,6144,2560,128,gpu,95,A_gemmrs,0,0.08909,0.08909,0.08909,0.07168,1410,1
rs,6144,2560,128,gpu,95,c_fluxgemm_only,1,0.05018,0.05018,0.05018,0.02296,1410,1
rs,6144,2560,128,gpu,96,c_cublas,2,0.04198,0.04096,0.04096,0.03304,1410,1
rs,6144,2560,128,gpu,96,A_gemmrs,1,0.08704,0.08704,0.08704,0.06653,1410,1
rs,6144,2560,128,gpu,96,c_fluxgemm_only,0,0.05018,0.04915,0.04915,0.02554,1410,1
rs,6144,2560,128,gpu,97,c_cublas,0,0.04301,0.04301,0.04301,0.03308,1410,1
rs,6144,2560,128,gpu,97,A_gemmrs,1,0.08806,0.08806,0.08806,0.06739,1410,1
rs,6144,2560,128,gpu,97,c_fluxgemm_only,2,0.05120,0.05018,0.05120,0.02351,1410,1
rs,6144,2560,128,gpu,98,c_cublas,0,0.04198,0.04198,0.04198,0.03655,1410,1
rs,6144,2560,128,gpu,98,A_gemmrs,2,0.07578,0.07475,0.07578,0.06605,1410,1
rs,6144,2560,128,gpu,98,c_fluxgemm_only,1,0.04915,0.04915,0.04915,0.02538,1410,1
rs,6144,2560,128,gpu,99,c_cublas,1,0.04198,0.04198,0.04198,0.03439,1410,1
rs,6144,2560,128,gpu,99,A_gemmrs,0,0.07578,0.07578,0.07578,0.08102,1410,1
rs,6144,2560,128,gpu,99,c_fluxgemm_only,2,0.05018,0.04915,0.05018,0.02496,1410,1
rs,6144,2560,128,gpu,100,c_cublas,2,0.04198,0.04198,0.04198,0.03367,1410,1
rs,6144,2560,128,gpu,100,A_gemmrs,1,0.08704,0.08704,0.08704,0.06508,1410,1
rs,6144,2560,128,gpu,100,c_fluxgemm_only,0,0.05018,0.04915,0.05018,0.02421,1410,1
rs,6144,2560,128,gpu,101,c_cublas,2,0.04403,0.04301,0.04301,0.03419,1410,1
rs,6144,2560,128,gpu,101,A_gemmrs,1,0.08704,0.08704,0.08704,0.06550,1410,1
rs,6144,2560,128,gpu,101,c_fluxgemm_only,0,0.05222,0.05018,0.05222,0.02588,1410,1
rs,6144,2560,128,gpu,102,c_cublas,2,0.04198,0.04198,0.04198,0.03429,1410,1
rs,6144,2560,128,gpu,102,A_gemmrs,1,0.08909,0.08909,0.08909,0.07913,1410,1
rs,6144,2560,128,gpu,102,c_fluxgemm_only,0,0.05120,0.05018,0.05120,0.02612,1410,1
rs,6144,2560,128,gpu,103,c_cublas,2,0.04198,0.04198,0.04198,0.03418,1410,1
rs,6144,2560,128,gpu,103,A_gemmrs,0,0.08909,0.08909,0.08909,0.07205,1410,1
rs,6144,2560,128,gpu,103,c_fluxgemm_only,1,0.05120,0.04915,0.05120,0.02379,1410,1
rs,6144,2560,128,gpu,104,c_cublas,0,0.04301,0.04198,0.04198,0.03397,1410,1
rs,6144,2560,128,gpu,104,A_gemmrs,1,0.08806,0.08704,0.08806,0.06744,1410,1
rs,6144,2560,128,gpu,104,c_fluxgemm_only,2,0.05222,0.05120,0.05222,0.02295,1410,1
rs,6144,2560,128,gpu,105,c_cublas,2,0.04301,0.04301,0.04301,0.03511,1410,1
rs,6144,2560,128,gpu,105,A_gemmrs,1,0.09318,0.09216,0.09318,0.06586,1410,1
rs,6144,2560,128,gpu,105,c_fluxgemm_only,0,0.05120,0.05018,0.05120,0.02541,1410,1
rs,6144,2560,128,gpu,106,c_cublas,1,0.04403,0.04403,0.04403,0.03313,1410,1
rs,6144,2560,128,gpu,106,A_gemmrs,0,0.07578,0.07475,0.07578,0.07174,1410,1
rs,6144,2560,128,gpu,106,c_fluxgemm_only,2,0.05018,0.04915,0.05018,0.02555,1410,1
rs,6144,2560,128,gpu,107,c_cublas,0,0.04198,0.04198,0.04198,0.03546,1410,1
rs,6144,2560,128,gpu,107,A_gemmrs,1,0.07680,0.07578,0.07680,0.06804,1410,1
rs,6144,2560,128,gpu,107,c_fluxgemm_only,2,0.05018,0.05018,0.05018,0.02425,1410,1
rs,6144,2560,128,gpu,108,c_cublas,1,0.04198,0.04198,0.04198,0.03372,1410,1
rs,6144,2560,128,gpu,108,A_gemmrs,0,0.07578,0.07475,0.07578,0.07047,1410,1
rs,6144,2560,128,gpu,108,c_fluxgemm_only,2,0.05018,0.05018,0.05018,0.02815,1410,1
rs,6144,2560,128,gpu,109,c_cublas,0,0.04403,0.04301,0.04403,0.04388,1410,1
rs,6144,2560,128,gpu,109,A_gemmrs,1,0.08806,0.08704,0.08806,0.06907,1410,1
rs,6144,2560,128,gpu,109,c_fluxgemm_only,2,0.05120,0.05120,0.05120,0.02340,1410,1
rs,6144,2560,128,gpu,110,c_cublas,2,0.04198,0.04198,0.04198,0.03362,1410,1
rs,6144,2560,128,gpu,110,A_gemmrs,1,0.08909,0.08806,0.08806,0.06590,1410,1
rs,6144,2560,128,gpu,110,c_fluxgemm_only,0,0.04915,0.04915,0.04915,0.02252,1410,1
rs,6144,2560,128,gpu,111,c_cublas,1,0.04301,0.04198,0.04198,0.03520,1410,1
rs,6144,2560,128,gpu,111,A_gemmrs,2,0.07578,0.07578,0.07578,0.06772,1410,1
rs,6144,2560,128,gpu,111,c_fluxgemm_only,0,0.05018,0.05018,0.05018,0.02603,1410,1
rs,6144,2560,128,gpu,112,c_cublas,2,0.04198,0.04198,0.04198,0.03558,1410,1
rs,6144,2560,128,gpu,112,A_gemmrs,0,0.08806,0.08704,0.08806,0.06888,1410,1
rs,6144,2560,128,gpu,112,c_fluxgemm_only,1,0.05120,0.05018,0.05120,0.02474,1410,1
rs,6144,2560,128,gpu,113,c_cublas,2,0.04403,0.04301,0.04301,0.03388,1410,1
rs,6144,2560,128,gpu,113,A_gemmrs,1,0.08806,0.08704,0.08806,0.06590,1410,1
rs,6144,2560,128,gpu,113,c_fluxgemm_only,0,0.05018,0.05018,0.05018,0.02604,1410,1
rs,6144,2560,128,gpu,114,c_cublas,0,0.04198,0.04198,0.04198,0.03428,1410,1
rs,6144,2560,128,gpu,114,A_gemmrs,1,0.08806,0.08806,0.08806,0.06856,1410,1
rs,6144,2560,128,gpu,114,c_fluxgemm_only,2,0.05018,0.05018,0.05018,0.02357,1410,1
rs,6144,2560,128,gpu,115,c_cublas,1,0.04198,0.04096,0.04096,0.03610,1410,1
rs,6144,2560,128,gpu,115,A_gemmrs,2,0.07578,0.07578,0.07578,0.07071,1410,1
rs,6144,2560,128,gpu,115,c_fluxgemm_only,0,0.04915,0.04915,0.04915,0.02275,1410,1
rs,6144,2560,128,gpu,116,c_cublas,2,0.04301,0.04198,0.04198,0.03332,1410,1
rs,6144,2560,128,gpu,116,A_gemmrs,1,0.07578,0.07578,0.07578,0.06597,1410,1
rs,6144,2560,128,gpu,116,c_fluxgemm_only,0,0.05018,0.05018,0.05018,0.02482,1410,1
rs,6144,2560,128,gpu,117,c_cublas,0,0.04301,0.04301,0.04301,0.03479,1410,1
rs,6144,2560,128,gpu,117,A_gemmrs,1,0.09318,0.09011,0.09011,0.06945,1410,1
rs,6144,2560,128,gpu,117,c_fluxgemm_only,2,0.05222,0.05120,0.05222,0.02407,1410,1
rs,6144,2560,128,gpu,118,c_cublas,0,0.04301,0.04198,0.04198,0.03628,1410,1
rs,6144,2560,128,gpu,118,A_gemmrs,2,0.07578,0.07578,0.07578,0.06520,1410,1
rs,6144,2560,128,gpu,118,c_fluxgemm_only,1,0.05018,0.05018,0.05018,0.02511,1410,1
rs,6144,2560,128,gpu,119,c_cublas,0,0.04198,0.04198,0.04198,0.04739,1410,1
rs,6144,2560,128,gpu,119,A_gemmrs,2,0.08806,0.08704,0.08704,0.06553,1410,1
rs,6144,2560,128,gpu,119,c_fluxgemm_only,1,0.05018,0.04915,0.05018,0.02553,1410,1
rs,6144,2560,128,gpu,120,c_cublas,0,0.07168,0.04301,0.04301,0.03577,1410,1
rs,6144,2560,128,gpu,120,A_gemmrs,2,0.08704,0.08704,0.08704,0.09038,1410,1
rs,6144,2560,128,gpu,120,c_fluxgemm_only,1,0.05222,0.05120,0.05222,0.02538,1410,1
rs,6144,2560,128,gpu,121,c_cublas,2,0.04403,0.04301,0.04403,0.03498,1410,1
rs,6144,2560,128,gpu,121,A_gemmrs,0,0.07578,0.07475,0.07475,0.06743,1410,1
rs,6144,2560,128,gpu,121,c_fluxgemm_only,1,0.05018,0.04915,0.05018,0.02305,1410,1
rs,6144,2560,128,gpu,122,c_cublas,1,0.04198,0.04198,0.04198,0.03554,1410,1
rs,6144,2560,128,gpu,122,A_gemmrs,2,0.08090,0.07987,0.08090,0.06776,1410,1
rs,6144,2560,128,gpu,122,c_fluxgemm_only,0,0.05018,0.04915,0.04915,0.02591,1410,1
rs,6144,2560,128,gpu,123,c_cublas,2,0.04301,0.04198,0.04198,0.03571,1410,1
rs,6144,2560,128,gpu,123,A_gemmrs,0,0.07680,0.07680,0.07680,0.06921,1410,1
rs,6144,2560,128,gpu,123,c_fluxgemm_only,1,0.05018,0.05018,0.05018,0.02617,1410,1
rs,6144,2560,128,gpu,124,c_cublas,1,0.04198,0.04198,0.04198,0.03283,1410,1
rs,6144,2560,128,gpu,124,A_gemmrs,0,0.07578,0.07578,0.07578,0.07068,1410,1
rs,6144,2560,128,gpu,124,c_fluxgemm_only,2,0.05018,0.04915,0.05018,0.02452,1410,1
rs,6144,2560,128,gpu,125,c_cublas,2,0.04301,0.04301,0.04301,0.03471,1410,1
rs,6144,2560,128,gpu,125,A_gemmrs,0,0.08806,0.08806,0.08806,0.07185,1410,1
rs,6144,2560,128,gpu,125,c_fluxgemm_only,1,0.05018,0.05018,0.05018,0.02377,1410,1
rs,6144,2560,128,gpu,126,c_cublas,0,0.04301,0.04198,0.04301,0.03176,1410,1
rs,6144,2560,128,gpu,126,A_gemmrs,1,0.07680,0.07578,0.07680,0.06774,1410,1
rs,6144,2560,128,gpu,126,c_fluxgemm_only,2,0.05120,0.05018,0.05120,0.03712,1410,1
rs,6144,2560,128,gpu,127,c_cublas,0,0.04198,0.04198,0.04198,0.04003,1410,1
rs,6144,2560,128,gpu,127,A_gemmrs,2,0.08704,0.08704,0.08704,0.06615,1410,1
rs,6144,2560,128,gpu,127,c_fluxgemm_only,1,0.05120,0.05018,0.05018,0.02507,1410,1
rs,6144,2560,128,gpu,128,c_cublas,1,0.04301,0.04301,0.04301,0.03544,1410,1
rs,6144,2560,128,gpu,128,A_gemmrs,2,0.08704,0.08704,0.08704,0.06731,1410,1
rs,6144,2560,128,gpu,128,c_fluxgemm_only,0,0.05018,0.05018,0.05018,0.02499,1410,1
rs,6144,2560,128,gpu,129,c_cublas,2,0.04301,0.04301,0.04301,0.03406,1410,1
rs,6144,2560,128,gpu,129,A_gemmrs,0,0.07578,0.07578,0.07578,0.06676,1410,1
rs,6144,2560,128,gpu,129,c_fluxgemm_only,1,0.05018,0.05018,0.05018,0.02266,1410,1
rs,6144,2560,128,gpu,130,c_cublas,0,0.04301,0.04198,0.04301,0.03322,1410,1
rs,6144,2560,128,gpu,130,A_gemmrs,2,0.08192,0.08090,0.08192,0.06651,1410,1
rs,6144,2560,128,gpu,130,c_fluxgemm_only,1,0.05018,0.05018,0.05018,0.02579,1410,1
rs,6144,2560,128,gpu,131,c_cublas,2,0.04198,0.04198,0.04198,0.03380,1410,1
rs,6144,2560,128,gpu,131,A_gemmrs,1,0.08192,0.08192,0.08192,0.08997,1410,1
rs,6144,2560,128,gpu,131,c_fluxgemm_only,0,0.07168,0.05018,0.07168,0.02749,1410,1
rs,6144,2560,128,gpu,132,c_cublas,2,0.04198,0.04198,0.04198,0.03406,1410,1
rs,6144,2560,128,gpu,132,A_gemmrs,1,0.07475,0.07475,0.07475,0.07690,1410,1
rs,6144,2560,128,gpu,132,c_fluxgemm_only,0,0.05018,0.05018,0.05018,0.02528,1410,1
rs,6144,2560,128,gpu,133,c_cublas,1,0.04198,0.04198,0.04198,0.03304,1410,1
rs,6144,2560,128,gpu,133,A_gemmrs,0,0.09114,0.08806,0.08806,0.07105,1410,1
rs,6144,2560,128,gpu,133,c_fluxgemm_only,2,0.05120,0.05120,0.05120,0.02518,1410,1
rs,6144,2560,128,gpu,134,c_cublas,0,0.04301,0.04198,0.04198,0.03590,1410,1
rs,6144,2560,128,gpu,134,A_gemmrs,1,0.07680,0.07680,0.07680,0.06823,1410,1
rs,6144,2560,128,gpu,134,c_fluxgemm_only,2,0.05120,0.05018,0.05120,0.02298,1410,1
rs,6144,2560,128,gpu,135,c_cublas,0,0.04198,0.04198,0.04198,0.03596,1410,1
rs,6144,2560,128,gpu,135,A_gemmrs,1,0.07578,0.07578,0.07578,0.06687,1410,1
rs,6144,2560,128,gpu,135,c_fluxgemm_only,2,0.05120,0.05018,0.05120,0.02613,1410,1
rs,6144,2560,128,gpu,136,c_cublas,2,0.04198,0.04198,0.04198,0.03391,1410,1
rs,6144,2560,128,gpu,136,A_gemmrs,1,0.08806,0.08704,0.08704,0.06573,1410,1
rs,6144,2560,128,gpu,136,c_fluxgemm_only,0,0.05018,0.05018,0.05018,0.02303,1410,1
rs,6144,2560,128,gpu,137,c_cublas,2,0.04403,0.04403,0.04403,0.03343,1410,1
rs,6144,2560,128,gpu,137,A_gemmrs,1,0.08806,0.08704,0.08806,0.06821,1410,1
rs,6144,2560,128,gpu,137,c_fluxgemm_only,0,0.05120,0.05120,0.05120,0.02628,1410,1
rs,6144,2560,128,gpu,138,c_cublas,1,0.04301,0.04198,0.04198,0.03400,1410,1
rs,6144,2560,128,gpu,138,A_gemmrs,2,0.07578,0.07578,0.07578,0.06692,1410,1
rs,6144,2560,128,gpu,138,c_fluxgemm_only,0,0.05018,0.04915,0.05018,0.02537,1410,1
rs,6144,2560,128,gpu,139,c_cublas,1,0.04198,0.04198,0.04198,0.03600,1410,1
rs,6144,2560,128,gpu,139,A_gemmrs,2,0.07987,0.07987,0.07987,0.06854,1410,1
rs,6144,2560,128,gpu,139,c_fluxgemm_only,0,0.05018,0.05018,0.05018,0.02559,1410,1
rs,6144,2560,128,gpu,140,c_cublas,0,0.04301,0.04198,0.04198,0.03594,1410,1
rs,6144,2560,128,gpu,140,A_gemmrs,1,0.07680,0.07578,0.07578,0.06789,1410,1
rs,6144,2560,128,gpu,140,c_fluxgemm_only,2,0.05018,0.05018,0.05018,0.02325,1410,1
rs,6144,2560,128,gpu,141,c_cublas,0,0.04403,0.04301,0.04301,0.03628,1410,1
rs,6144,2560,128,gpu,141,A_gemmrs,1,0.09011,0.08806,0.08806,0.06645,1410,1
rs,6144,2560,128,gpu,141,c_fluxgemm_only,2,0.05120,0.05018,0.05018,0.02314,1410,1
rs,6144,2560,128,gpu,142,c_cublas,1,0.04403,0.04301,0.04301,0.03903,1410,1
rs,6144,2560,128,gpu,142,A_gemmrs,0,0.07578,0.07578,0.07578,0.06931,1410,1
rs,6144,2560,128,gpu,142,c_fluxgemm_only,2,0.05018,0.04915,0.05018,0.02529,1410,1
rs,6144,2560,128,gpu,143,c_cublas,0,0.04198,0.04198,0.04198,0.03556,1410,1
rs,6144,2560,128,gpu,143,A_gemmrs,2,0.08090,0.08090,0.08090,0.06579,1410,1
rs,6144,2560,128,gpu,143,c_fluxgemm_only,1,0.05018,0.04915,0.05018,0.02506,1410,1
rs,6144,2560,128,gpu,144,c_cublas,0,0.04198,0.04198,0.04198,0.03559,1410,1
rs,6144,2560,128,gpu,144,A_gemmrs,2,0.08806,0.08806,0.08806,0.06530,1410,1
rs,6144,2560,128,gpu,144,c_fluxgemm_only,1,0.05325,0.05120,0.05325,0.02531,1410,1
rs,6144,2560,128,gpu,145,c_cublas,2,0.04301,0.04198,0.04301,0.03528,1410,1
rs,6144,2560,128,gpu,145,A_gemmrs,1,0.08806,0.08806,0.08806,0.06453,1410,1
rs,6144,2560,128,gpu,145,c_fluxgemm_only,0,0.05120,0.05120,0.05120,0.02522,1410,1
rs,6144,2560,128,gpu,146,c_cublas,0,0.04198,0.04096,0.04198,0.03331,1410,1
rs,6144,2560,128,gpu,146,A_gemmrs,1,0.07680,0.07680,0.07680,0.06766,1410,1
rs,6144,2560,128,gpu,146,c_fluxgemm_only,2,0.05018,0.05018,0.05018,0.02500,1410,1
rs,6144,2560,128,gpu,147,c_cublas,1,0.04301,0.04198,0.04301,0.03335,1410,1
rs,6144,2560,128,gpu,147,A_gemmrs,0,0.07680,0.07680,0.07680,0.07090,1410,1
rs,6144,2560,128,gpu,147,c_fluxgemm_only,2,0.05018,0.05018,0.05018,0.02455,1410,1
rs,6144,2560,128,gpu,148,c_cublas,0,0.04301,0.04198,0.04198,0.03571,1410,1
rs,6144,2560,128,gpu,148,A_gemmrs,2,0.07578,0.07578,0.07578,0.06647,1410,1
rs,6144,2560,128,gpu,148,c_fluxgemm_only,1,0.05222,0.05120,0.05222,0.02533,1410,1
rs,6144,2560,128,gpu,149,c_cublas,0,0.04301,0.04301,0.04301,0.03608,1410,1
rs,6144,2560,128,gpu,149,A_gemmrs,1,0.08806,0.08704,0.08806,0.06812,1410,1
rs,6144,2560,128,gpu,149,c_fluxgemm_only,2,0.05120,0.05120,0.05120,0.02354,1410,1
rs,6144,2560,128,gpu,150,c_cublas,1,0.04301,0.04198,0.04198,0.03386,1410,1
rs,6144,2560,128,gpu,150,A_gemmrs,0,0.07680,0.07578,0.07680,0.06984,1410,1
rs,6144,2560,128,gpu,150,c_fluxgemm_only,2,0.05018,0.04915,0.05018,0.02411,1410,1
rs,6144,2560,128,gpu,151,c_cublas,0,0.04198,0.04198,0.04198,0.03613,1410,1
rs,6144,2560,128,gpu,151,A_gemmrs,2,0.08704,0.08704,0.08704,0.06503,1410,1
rs,6144,2560,128,gpu,151,c_fluxgemm_only,1,0.04915,0.04915,0.04915,0.02486,1410,1
rs,6144,2560,128,gpu,152,c_cublas,1,0.04301,0.04301,0.04301,0.03508,1410,1
rs,6144,2560,128,gpu,152,A_gemmrs,2,0.08806,0.08704,0.08806,0.06852,1410,1
rs,6144,2560,128,gpu,152,c_fluxgemm_only,0,0.05018,0.05018,0.05018,0.02445,1410,1
rs,6144,2560,128,gpu,153,c_cublas,0,0.04301,0.04301,0.04301,0.03521,1410,1
rs,6144,2560,128,gpu,153,A_gemmrs,2,0.08806,0.08806,0.08806,0.06688,1410,1
rs,6144,2560,128,gpu,153,c_fluxgemm_only,1,0.05018,0.05018,0.05018,0.02538,1410,1
rs,6144,2560,128,gpu,154,c_cublas,2,0.04198,0.04198,0.04198,0.03508,1410,1
rs,6144,2560,128,gpu,154,A_gemmrs,0,0.08806,0.08704,0.08704,0.06806,1410,1
rs,6144,2560,128,gpu,154,c_fluxgemm_only,1,0.05120,0.05018,0.05120,0.02309,1410,1
rs,6144,2560,128,gpu,155,c_cublas,0,0.04301,0.04198,0.04198,0.03382,1410,1
rs,6144,2560,128,gpu,155,A_gemmrs,1,0.07578,0.07578,0.07578,0.07000,1410,1
rs,6144,2560,128,gpu,155,c_fluxgemm_only,2,0.05018,0.05018,0.05018,0.02490,1410,1
rs,6144,2560,128,gpu,156,c_cublas,2,0.04198,0.04198,0.04198,0.03415,1410,1
rs,6144,2560,128,gpu,156,A_gemmrs,1,0.07578,0.07578,0.07578,0.06603,1410,1
rs,6144,2560,128,gpu,156,c_fluxgemm_only,0,0.05018,0.04915,0.04915,0.02560,1410,1
rs,6144,2560,128,gpu,157,c_cublas,1,0.04198,0.04198,0.04198,0.03287,1410,1
rs,6144,2560,128,gpu,157,A_gemmrs,0,0.07578,0.07578,0.07578,0.07020,1410,1
rs,6144,2560,128,gpu,157,c_fluxgemm_only,2,0.05222,0.05120,0.05222,0.02451,1410,1
rs,6144,2560,128,gpu,158,c_cublas,0,0.04198,0.04096,0.04096,0.03563,1410,1
rs,6144,2560,128,gpu,158,A_gemmrs,2,0.08704,0.08704,0.08704,0.06463,1410,1
rs,6144,2560,128,gpu,158,c_fluxgemm_only,1,0.05018,0.04915,0.04915,0.02452,1410,1
rs,6144,2560,128,gpu,159,c_cublas,0,0.04301,0.04198,0.04198,0.04423,1410,1
rs,6144,2560,128,gpu,159,A_gemmrs,1,0.07680,0.07578,0.07680,0.06995,1410,1
rs,6144,2560,128,gpu,159,c_fluxgemm_only,2,0.05018,0.05018,0.05018,0.02373,1410,1
rs,6144,2560,128,gpu,160,c_cublas,1,0.04198,0.04198,0.04198,0.03325,1410,1
rs,6144,2560,128,gpu,160,A_gemmrs,0,0.08704,0.08602,0.08704,0.06874,1410,1
rs,6144,2560,128,gpu,160,c_fluxgemm_only,2,0.05120,0.05018,0.05120,0.02456,1410,1
rs,6144,2560,128,gpu,161,c_cublas,2,0.04301,0.04301,0.04301,0.03502,1410,1
rs,6144,2560,128,gpu,161,A_gemmrs,0,0.08806,0.08704,0.08704,0.06936,1410,1
rs,6144,2560,128,gpu,161,c_fluxgemm_only,1,0.05018,0.05018,0.05018,0.02352,1410,1
rs,6144,2560,128,gpu,162,c_cublas,0,0.04198,0.04198,0.04198,0.03412,1410,1
rs,6144,2560,128,gpu,162,A_gemmrs,2,0.08806,0.08704,0.08704,0.07008,1410,1
rs,6144,2560,128,gpu,162,c_fluxgemm_only,1,0.05018,0.04915,0.04915,0.03072,1410,1
rs,6144,2560,128,gpu,163,c_cublas,1,0.04198,0.04198,0.04198,0.03544,1410,1
rs,6144,2560,128,gpu,163,A_gemmrs,2,0.07680,0.07578,0.07578,0.06760,1410,1
rs,6144,2560,128,gpu,163,c_fluxgemm_only,0,0.05018,0.05018,0.05018,0.02561,1410,1
rs,6144,2560,128,gpu,164,c_cublas,0,0.04301,0.04198,0.04198,0.03571,1410,1
rs,6144,2560,128,gpu,164,A_gemmrs,1,0.07475,0.07475,0.07475,0.06824,1410,1
rs,6144,2560,128,gpu,164,c_fluxgemm_only,2,0.05120,0.05018,0.05018,0.02302,1410,1
rs,6144,2560,128,gpu,165,c_cublas,1,0.04301,0.04198,0.04301,0.03572,1410,1
rs,6144,2560,128,gpu,165,A_gemmrs,2,0.07680,0.07578,0.07680,0.08271,1410,1
rs,6144,2560,128,gpu,165,c_fluxgemm_only,0,0.05018,0.05018,0.05018,0.02294,1410,1
rs,6144,2560,128,gpu,166,c_cublas,1,0.04403,0.04301,0.04301,0.03295,1410,1
rs,6144,2560,128,gpu,166,A_gemmrs,0,0.08090,0.08090,0.08090,0.06790,1410,1
rs,6144,2560,128,gpu,166,c_fluxgemm_only,2,0.05018,0.05018,0.05018,0.02452,1410,1
rs,6144,2560,128,gpu,167,c_cublas,1,0.04198,0.04198,0.04198,0.03591,1410,1
rs,6144,2560,128,gpu,167,A_gemmrs,2,0.08909,0.08806,0.08806,0.06698,1410,1
rs,6144,2560,128,gpu,167,c_fluxgemm_only,0,0.04915,0.04915,0.04915,0.02374,1410,1
rs,6144,2560,128,gpu,168,c_cublas,1,0.04301,0.04198,0.04198,0.03360,1410,1
rs,6144,2560,128,gpu,168,A_gemmrs,0,0.08192,0.08090,0.08192,0.06794,1410,1
rs,6144,2560,128,gpu,168,c_fluxgemm_only,2,0.05018,0.05018,0.05018,0.02470,1410,1
rs,6144,2560,128,gpu,169,c_cublas,2,0.04301,0.04301,0.04301,0.03378,1410,1
rs,6144,2560,128,gpu,169,A_gemmrs,1,0.07578,0.07578,0.07578,0.06760,1410,1
rs,6144,2560,128,gpu,169,c_fluxgemm_only,0,0.05222,0.05120,0.05222,0.02403,1410,1
rs,6144,2560,128,gpu,170,c_cublas,2,0.04198,0.04198,0.04198,0.03445,1410,1
rs,6144,2560,128,gpu,170,A_gemmrs,0,0.08704,0.08704,0.08704,0.07024,1410,1
rs,6144,2560,128,gpu,170,c_fluxgemm_only,1,0.05120,0.05120,0.05120,0.02334,1410,1
rs,6144,2560,128,gpu,171,c_cublas,1,0.04301,0.04198,0.04198,0.03575,1410,1
rs,6144,2560,128,gpu,171,A_gemmrs,2,0.08704,0.08704,0.08704,0.06771,1410,1
rs,6144,2560,128,gpu,171,c_fluxgemm_only,0,0.04915,0.04915,0.04915,0.02564,1410,1
rs,6144,2560,128,gpu,172,c_cublas,1,0.04301,0.04301,0.04301,0.04825,1410,1
rs,6144,2560,128,gpu,172,A_gemmrs,2,0.08909,0.08909,0.08909,0.06917,1410,1
rs,6144,2560,128,gpu,172,c_fluxgemm_only,0,0.05018,0.05018,0.05018,0.02482,1410,1
rs,6144,2560,128,gpu,173,c_cublas,0,0.04301,0.04301,0.04301,0.03502,1410,1
rs,6144,2560,128,gpu,173,A_gemmrs,2,0.07680,0.07578,0.07578,0.06436,1410,1
rs,6144,2560,128,gpu,173,c_fluxgemm_only,1,0.05018,0.04915,0.05018,0.02519,1410,1
rs,6144,2560,128,gpu,174,c_cublas,1,0.04301,0.04301,0.04301,0.03507,1410,1
rs,6144,2560,128,gpu,174,A_gemmrs,2,0.07578,0.07475,0.07578,0.06746,1410,1
rs,6144,2560,128,gpu,174,c_fluxgemm_only,0,0.05120,0.05018,0.05120,0.02460,1410,1
rs,6144,2560,128,gpu,175,c_cublas,2,0.04301,0.04198,0.04301,0.03593,1410,1
rs,6144,2560,128,gpu,175,A_gemmrs,0,0.08090,0.07987,0.08090,0.06868,1410,1
rs,6144,2560,128,gpu,175,c_fluxgemm_only,1,0.05018,0.05018,0.05018,0.02295,1410,1
rs,6144,2560,128,gpu,176,c_cublas,2,0.04198,0.04198,0.04198,0.03348,1410,1
rs,6144,2560,128,gpu,176,A_gemmrs,1,0.09011,0.08806,0.08806,0.06698,1410,1
rs,6144,2560,128,gpu,176,c_fluxgemm_only,0,0.04915,0.04915,0.04915,0.02563,1410,1
rs,6144,2560,128,gpu,177,c_cublas,0,0.04403,0.04301,0.04301,0.03264,1410,1
rs,6144,2560,128,gpu,177,A_gemmrs,1,0.08090,0.08090,0.08090,0.07049,1410,1
rs,6144,2560,128,gpu,177,c_fluxgemm_only,2,0.05222,0.05120,0.05222,0.02336,1410,1
rs,6144,2560,128,gpu,178,c_cublas,1,0.04403,0.04301,0.04403,0.03301,1410,1
rs,6144,2560,128,gpu,178,A_gemmrs,0,0.08806,0.08704,0.08806,0.07025,1410,1
rs,6144,2560,128,gpu,178,c_fluxgemm_only,2,0.05018,0.05018,0.05018,0.02440,1410,1
rs,6144,2560,128,gpu,179,c_cublas,1,0.04198,0.04198,0.04198,0.03521,1410,1
rs,6144,2560,128,gpu,179,A_gemmrs,2,0.08704,0.08704,0.08704,0.06807,1410,1
rs,6144,2560,128,gpu,179,c_fluxgemm_only,0,0.05018,0.05018,0.05018,0.02321,1410,1
rs,6144,2560,128,gpu,180,c_cublas,1,0.04301,0.04301,0.04301,0.03550,1410,1
rs,6144,2560,128,gpu,180,A_gemmrs,2,0.08806,0.08704,0.08806,0.06666,1410,1
rs,6144,2560,128,gpu,180,c_fluxgemm_only,0,0.05120,0.05018,0.05120,0.02471,1410,1
rs,6144,2560,128,gpu,181,c_cublas,1,0.04198,0.04198,0.04198,0.03332,1410,1
rs,6144,2560,128,gpu,181,A_gemmrs,0,0.07578,0.07475,0.07475,0.07015,1410,1
rs,6144,2560,128,gpu,181,c_fluxgemm_only,2,0.05120,0.05120,0.05120,0.02477,1410,1
rs,6144,2560,128,gpu,182,c_cublas,2,0.04198,0.04198,0.04198,0.03588,1410,1
rs,6144,2560,128,gpu,182,A_gemmrs,0,0.07578,0.07475,0.07578,0.07041,1410,1
rs,6144,2560,128,gpu,182,c_fluxgemm_only,1,0.05120,0.05120,0.05120,0.02403,1410,1
rs,6144,2560,128,gpu,183,c_cublas,2,0.04301,0.04198,0.04198,0.03433,1410,1
rs,6144,2560,128,gpu,183,A_gemmrs,0,0.08192,0.08090,0.08192,0.07076,1410,1
rs,6144,2560,128,gpu,183,c_fluxgemm_only,1,0.05018,0.04915,0.05018,0.02370,1410,1
rs,6144,2560,128,gpu,184,c_cublas,0,0.04198,0.04198,0.04198,0.03527,1410,1
rs,6144,2560,128,gpu,184,A_gemmrs,1,0.09011,0.08806,0.08806,0.06772,1410,1
rs,6144,2560,128,gpu,184,c_fluxgemm_only,2,0.05120,0.05018,0.05120,0.02364,1410,1
rs,6144,2560,128,gpu,185,c_cublas,0,0.04403,0.04198,0.04198,0.03597,1410,1
rs,6144,2560,128,gpu,185,A_gemmrs,2,0.08192,0.08192,0.08192,0.07309,1410,1
rs,6144,2560,128,gpu,185,c_fluxgemm_only,1,0.05018,0.05018,0.05018,0.02551,1410,1
rs,6144,2560,128,gpu,186,c_cublas,0,0.04301,0.04198,0.04198,0.03530,1410,1
rs,6144,2560,128,gpu,186,A_gemmrs,1,0.08909,0.08806,0.08909,0.07280,1410,1
rs,6144,2560,128,gpu,186,c_fluxgemm_only,2,0.05018,0.04915,0.04915,0.02307,1410,1
rs,6144,2560,128,gpu,187,c_cublas,0,0.04301,0.04198,0.04198,0.03619,1410,1
rs,6144,2560,128,gpu,187,A_gemmrs,1,0.08704,0.08704,0.08704,0.06863,1410,1
rs,6144,2560,128,gpu,187,c_fluxgemm_only,2,0.05018,0.04915,0.04915,0.02323,1410,1
rs,6144,2560,128,gpu,188,c_cublas,1,0.04301,0.04301,0.04301,0.03332,1410,1
rs,6144,2560,128,gpu,188,A_gemmrs,0,0.08704,0.08602,0.08704,0.06901,1410,1
rs,6144,2560,128,gpu,188,c_fluxgemm_only,2,0.05018,0.04915,0.05018,0.02754,1410,1
rs,6144,2560,128,gpu,189,c_cublas,0,0.04403,0.04301,0.04403,0.03738,1410,1
rs,6144,2560,128,gpu,189,A_gemmrs,2,0.08806,0.08806,0.08806,0.06908,1410,1
rs,6144,2560,128,gpu,189,c_fluxgemm_only,1,0.05018,0.05018,0.05018,0.02549,1410,1
rs,6144,2560,128,gpu,190,c_cublas,0,0.04301,0.04198,0.04198,0.03598,1410,1
rs,6144,2560,128,gpu,190,A_gemmrs,2,0.07578,0.07475,0.07578,0.06525,1410,1
rs,6144,2560,128,gpu,190,c_fluxgemm_only,1,0.05018,0.05018,0.05018,0.02518,1410,1
rs,6144,2560,128,gpu,191,c_cublas,0,0.04301,0.04198,0.04198,0.03539,1410,1
rs,6144,2560,128,gpu,191,A_gemmrs,2,0.07578,0.07475,0.07578,0.07068,1410,1
rs,6144,2560,128,gpu,191,c_fluxgemm_only,1,0.05018,0.04915,0.05018,0.02529,1410,1
rs,6144,2560,128,gpu,192,c_cublas,2,0.04198,0.04198,0.04198,0.03549,1410,1
rs,6144,2560,128,gpu,192,A_gemmrs,0,0.08192,0.08090,0.08090,0.06720,1410,1
rs,6144,2560,128,gpu,192,c_fluxgemm_only,1,0.05018,0.05018,0.05018,0.02425,1410,1
rs,6144,2560,128,gpu,193,c_cublas,1,0.04198,0.04198,0.04198,0.03565,1410,1
rs,6144,2560,128,gpu,193,A_gemmrs,2,0.09421,0.09421,0.09421,0.06824,1410,1
rs,6144,2560,128,gpu,193,c_fluxgemm_only,0,0.05120,0.05120,0.05120,0.02562,1410,1
rs,6144,2560,128,gpu,194,c_cublas,1,0.04403,0.04301,0.04403,0.03431,1410,1
rs,6144,2560,128,gpu,194,A_gemmrs,0,0.07578,0.07578,0.07578,0.06586,1410,1
rs,6144,2560,128,gpu,194,c_fluxgemm_only,2,0.05018,0.04915,0.05018,0.02531,1410,1
rs,6144,2560,128,gpu,195,c_cublas,2,0.04198,0.04198,0.04198,0.03593,1410,1
rs,6144,2560,128,gpu,195,A_gemmrs,0,0.08806,0.08806,0.08806,0.07172,1410,1
rs,6144,2560,128,gpu,195,c_fluxgemm_only,1,0.05018,0.05018,0.05018,0.03021,1410,1
rs,6144,2560,128,gpu,196,c_cublas,2,0.04198,0.04198,0.04198,0.03363,1410,1
rs,6144,2560,128,gpu,196,A_gemmrs,1,0.08704,0.08602,0.08704,0.06739,1410,1
rs,6144,2560,128,gpu,196,c_fluxgemm_only,0,0.05018,0.04915,0.05018,0.02615,1410,1
rs,6144,2560,128,gpu,197,c_cublas,2,0.04403,0.04301,0.04301,0.03397,1410,1
rs,6144,2560,128,gpu,197,A_gemmrs,1,0.08806,0.08806,0.08806,0.10502,1410,1
rs,6144,2560,128,gpu,197,c_fluxgemm_only,0,0.06861,0.05120,0.05120,0.02599,1410,1
rs,6144,2560,128,gpu,198,c_cublas,2,0.04301,0.04198,0.04198,0.03366,1410,1
rs,6144,2560,128,gpu,198,A_gemmrs,1,0.07680,0.07680,0.07680,0.06619,1410,1
rs,6144,2560,128,gpu,198,c_fluxgemm_only,0,0.05018,0.05018,0.05018,0.02568,1410,1
rs,6144,2560,128,gpu,199,c_cublas,0,0.04198,0.04096,0.04096,0.03530,1410,1
rs,6144,2560,128,gpu,199,A_gemmrs,2,0.07578,0.07475,0.07475,0.06656,1410,1
rs,6144,2560,128,gpu,199,c_fluxgemm_only,1,0.05120,0.04915,0.05120,0.02604,1410,1
rs,6144,2560,128,steady,0,c_cublas,0,0.03226,0.03226,0.03226,0.01269,0,1
rs,6144,2560,128,steady,0,A_gemmrs,1,0.06605,0.06605,0.06605,0.03650,0,1
rs,6144,2560,128,steady,0,c_fluxgemm_only,2,0.04083,0.04064,0.04064,0.01338,0,1
rs,6144,2560,128,steady,1,c_cublas,0,0.03232,0.03213,0.03232,0.01234,0,1
rs,6144,2560,128,steady,1,A_gemmrs,1,0.06893,0.06893,0.06893,0.03525,0,1
rs,6144,2560,128,steady,1,c_fluxgemm_only,2,0.04090,0.04077,0.04077,0.01430,0,1
rs,6144,2560,128,steady,2,c_cublas,0,0.03200,0.03194,0.03200,0.01225,0,1
rs,6144,2560,128,steady,2,A_gemmrs,1,0.07098,0.07091,0.07098,0.03679,0,1
rs,6144,2560,128,steady,2,c_fluxgemm_only,2,0.04083,0.04077,0.04077,0.01333,0,1
rs,6144,2560,128,steady,3,c_cublas,0,0.03219,0.03155,0.03219,0.01215,0,1
rs,6144,2560,128,steady,3,A_gemmrs,1,0.06573,0.06566,0.06573,0.03501,0,1
rs,6144,2560,128,steady,3,c_fluxgemm_only,2,0.04102,0.04058,0.04058,0.01334,0,1
rs,6144,2560,128,steady,4,c_cublas,1,0.03034,0.03027,0.03027,0.01337,0,1
rs,6144,2560,128,steady,4,A_gemmrs,2,0.06605,0.06605,0.06605,0.03522,0,1
rs,6144,2560,128,steady,4,c_fluxgemm_only,0,0.04154,0.04154,0.04154,0.01319,0,1
rs,6144,2560,128,steady,5,c_cublas,2,0.03034,0.03034,0.03034,0.01212,0,1
rs,6144,2560,128,steady,5,A_gemmrs,1,0.06944,0.06938,0.06944,0.03493,0,1
rs,6144,2560,128,steady,5,c_fluxgemm_only,0,0.04186,0.04186,0.04186,0.01330,0,1
rs,6144,2560,128,steady,6,c_cublas,0,0.03174,0.03168,0.03168,0.01184,0,1
rs,6144,2560,128,steady,6,A_gemmrs,1,0.06637,0.06630,0.06637,0.03617,0,1
rs,6144,2560,128,steady,6,c_fluxgemm_only,2,0.04090,0.04064,0.04064,0.01325,0,1
rs,6144,2560,128,steady,7,c_cublas,2,0.03046,0.03046,0.03046,0.01207,0,1
rs,6144,2560,128,steady,7,A_gemmrs,1,0.06950,0.06950,0.06950,0.03536,0,1
rs,6144,2560,128,steady,7,c_fluxgemm_only,0,0.04179,0.04154,0.04154,0.01316,0,1
rs,6144,2560,128,steady,8,c_cublas,1,0.03034,0.03027,0.03027,0.01248,0,1
rs,6144,2560,128,steady,8,A_gemmrs,2,0.06630,0.06630,0.06630,0.03476,0,1
rs,6144,2560,128,steady,8,c_fluxgemm_only,0,0.04198,0.04179,0.04179,0.01353,0,1
rs,6144,2560,128,steady,9,c_cublas,0,0.03206,0.03187,0.03206,0.01215,0,1
rs,6144,2560,128,steady,9,A_gemmrs,2,0.07040,0.07040,0.07040,0.03600,0,1
rs,6144,2560,128,steady,9,c_fluxgemm_only,1,0.04096,0.04070,0.04070,0.01325,0,1
rs,6144,2560,128,steady,10,c_cublas,0,0.03200,0.03187,0.03200,0.01221,0,1
rs,6144,2560,128,steady,10,A_gemmrs,1,0.06579,0.06579,0.06579,0.03487,0,1
rs,6144,2560,128,steady,10,c_fluxgemm_only,2,0.04090,0.04064,0.04064,0.01317,0,1
rs,6144,2560,128,steady,11,c_cublas,2,0.03034,0.03027,0.03034,0.01212,0,1
rs,6144,2560,128,steady,11,A_gemmrs,0,0.06771,0.06726,0.06726,0.03512,0,1
rs,6144,2560,128,steady,11,c_fluxgemm_only,1,0.04096,0.04090,0.04090,0.01390,0,1
rs,6144,2560,128,steady,12,c_cublas,1,0.03040,0.03040,0.03040,0.01209,0,1
rs,6144,2560,128,steady,12,A_gemmrs,0,0.07034,0.06957,0.06957,0.03633,0,1
rs,6144,2560,128,steady,12,c_fluxgemm_only,2,0.04077,0.04070,0.04070,0.01339,0,1
rs,6144,2560,128,steady,13,c_cublas,0,0.03219,0.03142,0.03219,0.01217,0,1
rs,6144,2560,128,steady,13,A_gemmrs,1,0.06650,0.06643,0.06643,0.03722,0,1
rs,6144,2560,128,steady,13,c_fluxgemm_only,2,0.04090,0.04064,0.04064,0.01333,0,1
rs,6144,2560,128,steady,14,c_cublas,1,0.03046,0.03040,0.03040,0.01472,0,1
rs,6144,2560,128,steady,14,A_gemmrs,0,0.07085,0.07066,0.07066,0.03742,0,1
rs,6144,2560,128,steady,14,c_fluxgemm_only,2,0.04077,0.04070,0.04070,0.01448,0,1
rs,6144,2560,128,steady,15,c_cublas,2,0.03053,0.03034,0.03034,0.01217,0,1
rs,6144,2560,128,steady,15,A_gemmrs,1,0.06611,0.06605,0.06611,0.03623,0,1
rs,6144,2560,128,steady,15,c_fluxgemm_only,0,0.04160,0.04128,0.04160,0.01318,0,1
rs,6144,2560,128,steady,16,c_cublas,0,0.03168,0.03021,0.03021,0.01232,1410,1
rs,6144,2560,128,steady,16,A_gemmrs,1,0.07021,0.07021,0.07021,0.03531,1410,1
rs,6144,2560,128,steady,16,c_fluxgemm_only,2,0.04083,0.04064,0.04064,0.01361,1410,1
rs,6144,2560,128,steady,17,c_cublas,1,0.03040,0.03027,0.03027,0.01213,1410,1
rs,6144,2560,128,steady,17,A_gemmrs,0,0.06739,0.06682,0.06739,0.03482,1410,1
rs,6144,2560,128,steady,17,c_fluxgemm_only,2,0.04083,0.04064,0.04064,0.01340,1410,1
rs,6144,2560,128,steady,18,c_cublas,0,0.03194,0.03162,0.03194,0.01391,1410,1
rs,6144,2560,128,steady,18,A_gemmrs,2,0.06912,0.06899,0.06912,0.03616,1410,1
rs,6144,2560,128,steady,18,c_fluxgemm_only,1,0.04083,0.04064,0.04064,0.01336,1410,1
rs,6144,2560,128,steady,19,c_cublas,2,0.03046,0.03034,0.03034,0.01210,1410,1
rs,6144,2560,128,steady,19,A_gemmrs,1,0.06643,0.06643,0.06643,0.03527,1410,1
rs,6144,2560,128,steady,19,c_fluxgemm_only,0,0.04179,0.04179,0.04179,0.01340,1410,1
rs,6144,2560,128,steady,20,c_cublas,0,0.03174,0.03149,0.03174,0.01308,1410,1
rs,6144,2560,128,steady,20,A_gemmrs,2,0.06867,0.06867,0.06867,0.03578,1410,1
rs,6144,2560,128,steady,20,c_fluxgemm_only,1,0.04102,0.04070,0.04070,0.01349,1410,1
rs,6144,2560,128,steady,21,c_cublas,2,0.03027,0.03021,0.03021,0.01221,1410,1
rs,6144,2560,128,steady,21,A_gemmrs,0,0.07616,0.06784,0.07616,0.03650,1410,1
rs,6144,2560,128,steady,21,c_fluxgemm_only,1,0.04096,0.04064,0.04064,0.01318,1410,1
rs,6144,2560,128,steady,22,c_cublas,0,0.03187,0.03155,0.03187,0.01185,1410,1
rs,6144,2560,128,steady,22,A_gemmrs,2,0.06912,0.06912,0.06912,0.03846,1410,1
rs,6144,2560,128,steady,22,c_fluxgemm_only,1,0.04096,0.04064,0.04064,0.01333,1410,1
rs,6144,2560,128,steady,23,c_cublas,0,0.03213,0.03174,0.03213,0.01212,1410,1
rs,6144,2560,128,steady,23,A_gemmrs,1,0.06579,0.06579,0.06579,0.03627,1410,1
rs,6144,2560,128,steady,23,c_fluxgemm_only,2,0.04090,0.04058,0.04058,0.01315,1410,1
rs,6144,2560,128,steady,24,c_cublas,2,0.03021,0.03021,0.03021,0.01227,1410,1
rs,6144,2560,128,steady,24,A_gemmrs,1,0.06611,0.06605,0.06611,0.03703,1410,1
rs,6144,2560,128,steady,24,c_fluxgemm_only,0,0.04166,0.04141,0.04141,0.01319,1410,1
rs,6144,2560,128,steady,25,c_cublas,0,0.03187,0.03174,0.03187,0.01190,1410,1
rs,6144,2560,128,steady,25,A_gemmrs,2,0.07098,0.07098,0.07098,0.03496,1410,1
rs,6144,2560,128,steady,25,c_fluxgemm_only,1,0.04109,0.04064,0.04064,0.01427,1410,1
rs,6144,2560,128,steady,26,c_cublas,1,0.03034,0.03034,0.03034,0.01254,1410,1
rs,6144,2560,128,steady,26,A_gemmrs,0,0.08365,0.06726,0.06726,0.03733,1410,1
rs,6144,2560,128,steady,26,c_fluxgemm_only,2,0.04083,0.04070,0.04070,0.01343,1410,1
rs,6144,2560,128,steady,27,c_cublas,0,0.03226,0.03194,0.03226,0.01256,1410,1
rs,6144,2560,128,steady,27,A_gemmrs,2,0.06874,0.06867,0.06874,0.03755,1410,1
rs,6144,2560,128,steady,27,c_fluxgemm_only,1,0.04090,0.04077,0.04077,0.01329,1410,1
rs,6144,2560,128,steady,28,c_cublas,1,0.03040,0.03040,0.03040,0.01339,1410,1
rs,6144,2560,128,steady,28,A_gemmrs,2,0.06624,0.06624,0.06624,0.03622,1410,1
rs,6144,2560,128,steady,28,c_fluxgemm_only,0,0.04186,0.04173,0.04186,0.01337,1410,1
rs,6144,2560,128,steady,29,c_cublas,2,0.03040,0.03034,0.03034,0.01262,1410,1
rs,6144,2560,128,steady,29,A_gemmrs,0,0.06886,0.06758,0.06758,0.03557,1410,1
rs,6144,2560,128,steady,29,c_fluxgemm_only,1,0.04102,0.04090,0.04090,0.01331,1410,1
rs,6144,2560,128,steady,30,c_cublas,2,0.03034,0.03021,0.03021,0.01206,1410,1
rs,6144,2560,128,steady,30,A_gemmrs,1,0.06976,0.06970,0.06976,0.03565,1410,1
rs,6144,2560,128,steady,30,c_fluxgemm_only,0,0.04186,0.04179,0.04179,0.01331,1410,1
rs,6144,2560,128,steady,31,c_cublas,0,0.03181,0.03142,0.03181,0.01183,1410,1
rs,6144,2560,128,steady,31,A_gemmrs,1,0.06586,0.06573,0.06586,0.03510,1410,1
rs,6144,2560,128,steady,31,c_fluxgemm_only,2,0.04090,0.04070,0.04070,0.01336,1410,1
rs,6144,2560,128,steady,32,c_cublas,2,0.03034,0.03034,0.03034,0.01212,1410,1
rs,6144,2560,128,steady,32,A_gemmrs,0,0.06950,0.06938,0.06938,0.03728,1410,1
rs,6144,2560,128,steady,32,c_fluxgemm_only,1,0.04090,0.04077,0.04077,0.01334,1410,1
rs,6144,2560,128,steady,33,c_cublas,0,0.03200,0.03130,0.03200,0.01170,1410,1
rs,6144,2560,128,steady,33,A_gemmrs,2,0.06637,0.06637,0.06637,0.03542,1410,1
rs,6144,2560,128,steady,33,c_fluxgemm_only,1,0.04083,0.04070,0.04070,0.01335,1410,1
rs,6144,2560,128,steady,34,c_cublas,1,0.03053,0.03040,0.03053,0.01319,1410,1
rs,6144,2560,128,steady,34,A_gemmrs,2,0.06995,0.06989,0.06989,0.03651,1410,1
rs,6144,2560,128,steady,34,c_fluxgemm_only,0,0.04173,0.04173,0.04173,0.01344,1410,1
rs,6144,2560,128,steady,35,c_cublas,0,0.03206,0.03187,0.03206,0.01207,1410,1
rs,6144,2560,128,steady,35,A_gemmrs,2,0.06624,0.06618,0.06624,0.03682,1410,1
rs,6144,2560,128,steady,35,c_fluxgemm_only,1,0.04090,0.04070,0.04070,0.01338,1410,1
rs,6144,2560,128,steady,36,c_cublas,2,0.03040,0.03021,0.03040,0.01381,1410,1
rs,6144,2560,128,steady,36,A_gemmrs,0,0.07104,0.07034,0.07034,0.03595,1410,1
rs,6144,2560,128,steady,36,c_fluxgemm_only,1,0.04096,0.04077,0.04077,0.01315,1410,1
rs,6144,2560,128,steady,37,c_cublas,2,0.03034,0.03027,0.03027,0.01203,1410,1
rs,6144,2560,128,steady,37,A_gemmrs,1,0.06573,0.06573,0.06573,0.03586,1410,1
rs,6144,2560,128,steady,37,c_fluxgemm_only,0,0.04192,0.04173,0.04192,0.01338,1410,1
rs,6144,2560,128,steady,38,c_cublas,0,0.03174,0.03136,0.03174,0.01178,1410,1
rs,6144,2560,128,steady,38,A_gemmrs,1,0.06650,0.06650,0.06650,0.03568,1410,1
rs,6144,2560,128,steady,38,c_fluxgemm_only,2,0.04096,0.04077,0.04077,0.01329,1410,1
rs,6144,2560,128,steady,39,c_cublas,1,0.03034,0.03021,0.03021,0.01318,1410,1
rs,6144,2560,128,steady,39,A_gemmrs,0,0.07072,0.07046,0.07046,0.03493,1410,1
rs,6144,2560,128,steady,39,c_fluxgemm_only,2,0.04083,0.04064,0.04064,0.01352,1410,1
rs,6144,2560,128,steady,40,c_cublas,2,0.03034,0.03027,0.03027,0.01214,1410,1
rs,6144,2560,128,steady,40,A_gemmrs,1,0.06970,0.06970,0.06970,0.03556,1410,1
rs,6144,2560,128,steady,40,c_fluxgemm_only,0,0.04141,0.04141,0.04141,0.01315,1410,1
rs,6144,2560,128,steady,41,c_cublas,0,0.03174,0.03149,0.03174,0.01179,1410,1
rs,6144,2560,128,steady,41,A_gemmrs,1,0.06573,0.06573,0.06573,0.03546,1410,1
rs,6144,2560,128,steady,41,c_fluxgemm_only,2,0.04096,0.04070,0.04070,0.01337,1410,1
rs,6144,2560,128,steady,42,c_cublas,2,0.03027,0.03021,0.03021,0.01204,1410,1
rs,6144,2560,128,steady,42,A_gemmrs,1,0.06643,0.06637,0.06643,0.03507,1410,1
rs,6144,2560,128,steady,42,c_fluxgemm_only,0,0.04160,0.04160,0.04160,0.01339,1410,1
rs,6144,2560,128,steady,43,c_cublas,0,0.03181,0.03027,0.03181,0.01189,1410,1
rs,6144,2560,128,steady,43,A_gemmrs,1,0.07072,0.07066,0.07072,0.03749,1410,1
rs,6144,2560,128,steady,43,c_fluxgemm_only,2,0.04102,0.04070,0.04070,0.01334,1410,1
rs,6144,2560,128,steady,44,c_cublas,0,0.03200,0.03021,0.03021,0.02049,1410,1
rs,6144,2560,128,steady,44,A_gemmrs,1,0.06765,0.06765,0.06765,0.03589,1410,1
rs,6144,2560,128,steady,44,c_fluxgemm_only,2,0.04096,0.04064,0.04064,0.01420,1410,1
rs,6144,2560,128,steady,45,c_cublas,2,0.03040,0.03040,0.03040,0.01212,1410,1
rs,6144,2560,128,steady,45,A_gemmrs,0,0.06714,0.06701,0.06701,0.03623,1410,1
rs,6144,2560,128,steady,45,c_fluxgemm_only,1,0.04096,0.04077,0.04077,0.01332,1410,1
rs,6144,2560,128,steady,46,c_cublas,2,0.03040,0.03027,0.03040,0.01213,1410,1
rs,6144,2560,128,steady,46,A_gemmrs,0,0.06886,0.06733,0.06733,0.03533,1410,1
rs,6144,2560,128,steady,46,c_fluxgemm_only,1,0.04096,0.04090,0.04090,0.01441,1410,1
rs,6144,2560,128,steady,47,c_cublas,1,0.03034,0.03027,0.03034,0.01199,1410,1
rs,6144,2560,128,steady,47,A_gemmrs,0,0.07219,0.07155,0.07155,0.03753,1410,1
rs,6144,2560,128,steady,47,c_fluxgemm_only,2,0.04090,0.04058,0.04058,0.01397,1410,1
rs,6144,2560,128,steady,48,c_cublas,2,0.03034,0.03027,0.03034,0.01222,1410,1
rs,6144,2560,128,steady,48,A_gemmrs,0,0.06701,0.06675,0.06675,0.03573,1410,1
rs,6144,2560,128,steady,48,c_fluxgemm_only,1,0.04096,0.04058,0.04058,0.01344,1410,1
rs,6144,2560,128,steady,49,c_cublas,1,0.03040,0.03027,0.03040,0.01212,1410,1
rs,6144,2560,128,steady,49,A_gemmrs,0,0.06976,0.06938,0.06938,0.03700,1410,1
rs,6144,2560,128,steady,49,c_fluxgemm_only,2,0.04083,0.04058,0.04058,0.01497,1410,1
rs,6144,2560,512,gpu,0,c_cublas,2,0.07270,0.07270,0.07270,0.03682,0,1
rs,6144,2560,512,gpu,0,A_gemmrs,0,0.16794,0.16691,0.16794,0.07387,0,1
rs,6144,2560,512,gpu,0,c_fluxgemm_only,1,0.08909,0.08909,0.08909,0.02192,0,1
rs,6144,2560,512,gpu,1,c_cublas,2,0.07270,0.07270,0.07270,0.03696,0,1
rs,6144,2560,512,gpu,1,A_gemmrs,0,0.13005,0.13005,0.13005,0.06906,0,1
rs,6144,2560,512,gpu,1,c_fluxgemm_only,1,0.08909,0.08806,0.08909,0.02607,0,1
rs,6144,2560,512,gpu,2,c_cublas,1,0.07270,0.07270,0.07270,0.03534,0,1
rs,6144,2560,512,gpu,2,A_gemmrs,2,0.13722,0.13722,0.13722,0.06544,0,1
rs,6144,2560,512,gpu,2,c_fluxgemm_only,0,0.09011,0.08909,0.08909,0.02214,0,1
rs,6144,2560,512,gpu,3,c_cublas,2,0.07270,0.07270,0.07270,0.04711,0,1
rs,6144,2560,512,gpu,3,A_gemmrs,1,0.13005,0.13005,0.13005,0.06187,0,1
rs,6144,2560,512,gpu,3,c_fluxgemm_only,0,0.08909,0.08806,0.08806,0.02105,0,1
rs,6144,2560,512,gpu,4,c_cublas,2,0.07373,0.07270,0.07373,0.03435,0,1
rs,6144,2560,512,gpu,4,A_gemmrs,1,0.12902,0.12800,0.12902,0.06162,0,1
rs,6144,2560,512,gpu,4,c_fluxgemm_only,0,0.08909,0.08806,0.08806,0.02240,0,1
rs,6144,2560,512,gpu,5,c_cublas,2,0.07270,0.07270,0.07270,0.03428,0,1
rs,6144,2560,512,gpu,5,A_gemmrs,1,0.11571,0.11469,0.11571,0.06328,0,1
rs,6144,2560,512,gpu,5,c_fluxgemm_only,0,0.08909,0.08909,0.08909,0.02215,0,1
rs,6144,2560,512,gpu,6,c_cublas,0,0.07475,0.07373,0.07475,0.04750,0,1
rs,6144,2560,512,gpu,6,A_gemmrs,1,0.12902,0.12902,0.12902,0.06605,0,1
rs,6144,2560,512,gpu,6,c_fluxgemm_only,2,0.09114,0.09011,0.09011,0.02003,0,1
rs,6144,2560,512,gpu,7,c_cublas,2,0.07270,0.07270,0.07270,0.03435,0,1
rs,6144,2560,512,gpu,7,A_gemmrs,1,0.11674,0.11571,0.11674,0.06159,0,1
rs,6144,2560,512,gpu,7,c_fluxgemm_only,0,0.08909,0.08909,0.08909,0.02058,0,1
rs,6144,2560,512,gpu,8,c_cublas,1,0.07373,0.07270,0.07270,0.03534,0,1
rs,6144,2560,512,gpu,8,A_gemmrs,2,0.16486,0.16486,0.16486,0.06456,0,1
rs,6144,2560,512,gpu,8,c_fluxgemm_only,0,0.08806,0.08806,0.08806,0.02195,0,1
rs,6144,2560,512,gpu,9,c_cublas,2,0.07270,0.07270,0.07270,0.03454,0,1
rs,6144,2560,512,gpu,9,A_gemmrs,1,0.13005,0.12902,0.13005,0.06082,0,1
rs,6144,2560,512,gpu,9,c_fluxgemm_only,0,0.08806,0.08806,0.08806,0.02204,0,1
rs,6144,2560,512,gpu,10,c_cublas,1,0.07270,0.07270,0.07270,0.03387,0,1
rs,6144,2560,512,gpu,10,A_gemmrs,0,0.11571,0.11469,0.11571,0.06632,0,1
rs,6144,2560,512,gpu,10,c_fluxgemm_only,2,0.09011,0.09011,0.09011,0.02145,0,1
rs,6144,2560,512,gpu,11,c_cublas,1,0.07475,0.07475,0.07475,0.03453,0,1
rs,6144,2560,512,gpu,11,A_gemmrs,0,0.13414,0.13312,0.13414,0.06483,0,1
rs,6144,2560,512,gpu,11,c_fluxgemm_only,2,0.08909,0.08909,0.08909,0.02190,0,1
rs,6144,2560,512,gpu,12,c_cublas,1,0.07270,0.07270,0.07270,0.03606,0,1
rs,6144,2560,512,gpu,12,A_gemmrs,2,0.13312,0.13210,0.13312,0.06328,0,1
rs,6144,2560,512,gpu,12,c_fluxgemm_only,0,0.08806,0.08704,0.08806,0.02017,0,1
rs,6144,2560,512,gpu,13,c_cublas,1,0.07475,0.07475,0.07475,0.03722,0,1
rs,6144,2560,512,gpu,13,A_gemmrs,2,0.11571,0.11571,0.11571,0.06367,0,1
rs,6144,2560,512,gpu,13,c_fluxgemm_only,0,0.08909,0.08909,0.08909,0.02205,0,1
rs,6144,2560,512,gpu,14,c_cublas,2,0.07475,0.07373,0.07373,0.03532,0,1
rs,6144,2560,512,gpu,14,A_gemmrs,0,0.11571,0.11469,0.11571,0.06039,0,1
rs,6144,2560,512,gpu,14,c_fluxgemm_only,1,0.08909,0.08909,0.08909,0.01970,0,1
rs,6144,2560,512,gpu,15,c_cublas,2,0.07270,0.07270,0.07270,0.04793,0,1
rs,6144,2560,512,gpu,15,A_gemmrs,0,0.12595,0.12493,0.12595,0.06545,0,1
rs,6144,2560,512,gpu,15,c_fluxgemm_only,1,0.09011,0.08909,0.09011,0.02016,0,1
rs,6144,2560,512,gpu,16,c_cublas,2,0.07270,0.07270,0.07270,0.03513,0,1
rs,6144,2560,512,gpu,16,A_gemmrs,0,0.11571,0.11571,0.11571,0.06548,0,1
rs,6144,2560,512,gpu,16,c_fluxgemm_only,1,0.08806,0.08806,0.08806,0.01955,0,1
rs,6144,2560,512,gpu,17,c_cublas,1,0.07373,0.07270,0.07270,0.03387,0,1
rs,6144,2560,512,gpu,17,A_gemmrs,0,0.16691,0.16691,0.16691,0.06803,0,1
rs,6144,2560,512,gpu,17,c_fluxgemm_only,2,0.08806,0.08806,0.08806,0.02139,0,1
rs,6144,2560,512,gpu,18,c_cublas,2,0.07475,0.07373,0.07475,0.03594,0,1
rs,6144,2560,512,gpu,18,A_gemmrs,0,0.12902,0.12902,0.12902,0.08200,0,1
rs,6144,2560,512,gpu,18,c_fluxgemm_only,1,0.08909,0.08806,0.08909,0.02070,0,1
rs,6144,2560,512,gpu,19,c_cublas,1,0.07373,0.07270,0.07270,0.03513,0,1
rs,6144,2560,512,gpu,19,A_gemmrs,2,0.13414,0.13414,0.13414,0.06393,0,1
rs,6144,2560,512,gpu,19,c_fluxgemm_only,0,0.08806,0.08704,0.08704,0.02196,0,1
rs,6144,2560,512,gpu,20,c_cublas,1,0.07373,0.07270,0.07373,0.04629,0,1
rs,6144,2560,512,gpu,20,A_gemmrs,0,0.11674,0.11469,0.11674,0.05966,0,1
rs,6144,2560,512,gpu,20,c_fluxgemm_only,2,0.08909,0.08704,0.08704,0.02221,0,1
rs,6144,2560,512,gpu,21,c_cublas,0,0.07373,0.07270,0.07373,0.03701,0,1
rs,6144,2560,512,gpu,21,A_gemmrs,1,0.12902,0.12698,0.12902,0.06436,0,1
rs,6144,2560,512,gpu,21,c_fluxgemm_only,2,0.08909,0.08806,0.08909,0.01958,0,1
rs,6144,2560,512,gpu,22,c_cublas,0,0.07373,0.07373,0.07373,0.03657,0,1
rs,6144,2560,512,gpu,22,A_gemmrs,1,0.12800,0.12800,0.12800,0.06522,0,1
rs,6144,2560,512,gpu,22,c_fluxgemm_only,2,0.08909,0.08909,0.08909,0.02011,0,1
rs,6144,2560,512,gpu,23,c_cublas,2,0.07373,0.07270,0.07373,0.03499,0,1
rs,6144,2560,512,gpu,23,A_gemmrs,1,0.11674,0.11571,0.11571,0.06220,0,1
rs,6144,2560,512,gpu,23,c_fluxgemm_only,0,0.08806,0.08806,0.08806,0.02173,0,1
rs,6144,2560,512,gpu,24,c_cublas,1,0.07373,0.07270,0.07373,0.03635,1410,1
rs,6144,2560,512,gpu,24,A_gemmrs,2,0.16384,0.16384,0.16384,0.06521,1410,1
rs,6144,2560,512,gpu,24,c_fluxgemm_only,0,0.08909,0.08806,0.08909,0.02280,1410,1
rs,6144,2560,512,gpu,25,c_cublas,1,0.07373,0.07373,0.07373,0.03627,1410,1
rs,6144,2560,512,gpu,25,A_gemmrs,2,0.13414,0.13414,0.13414,0.06369,1410,1
rs,6144,2560,512,gpu,25,c_fluxgemm_only,0,0.08909,0.08909,0.08909,0.02170,1410,1
rs,6144,2560,512,gpu,26,c_cublas,2,0.07475,0.07475,0.07475,0.03572,1410,1
rs,6144,2560,512,gpu,26,A_gemmrs,0,0.11469,0.11469,0.11469,0.06224,1410,1
rs,6144,2560,512,gpu,26,c_fluxgemm_only,1,0.08909,0.08909,0.08909,0.01974,1410,1
rs,6144,2560,512,gpu,27,c_cublas,1,0.07270,0.07270,0.07270,0.03594,1410,1
rs,6144,2560,512,gpu,27,A_gemmrs,2,0.13824,0.13722,0.13824,0.08096,1410,1
rs,6144,2560,512,gpu,27,c_fluxgemm_only,0,0.08806,0.08704,0.08806,0.02221,1410,1
rs,6144,2560,512,gpu,28,c_cublas,1,0.07373,0.07270,0.07270,0.03413,1410,1
rs,6144,2560,512,gpu,28,A_gemmrs,0,0.11674,0.11571,0.11674,0.06172,1410,1
rs,6144,2560,512,gpu,28,c_fluxgemm_only,2,0.08909,0.08909,0.08909,0.02169,1410,1
rs,6144,2560,512,gpu,29,c_cublas,0,0.07373,0.07270,0.07270,0.03567,1410,1
rs,6144,2560,512,gpu,29,A_gemmrs,2,0.11571,0.11469,0.11571,0.06124,1410,1
rs,6144,2560,512,gpu,29,c_fluxgemm_only,1,0.08909,0.08909,0.08909,0.02118,1410,1
rs,6144,2560,512,gpu,30,c_cublas,2,0.07373,0.07373,0.07373,0.03607,1410,1
rs,6144,2560,512,gpu,30,A_gemmrs,0,0.12800,0.12800,0.12800,0.07643,1410,1
rs,6144,2560,512,gpu,30,c_fluxgemm_only,1,0.08806,0.08806,0.08806,0.02105,1410,1
rs,6144,2560,512,gpu,31,c_cublas,0,0.07373,0.07270,0.07373,0.03317,1410,1
rs,6144,2560,512,gpu,31,A_gemmrs,2,0.11469,0.11469,0.11469,0.06501,1410,1
rs,6144,2560,512,gpu,31,c_fluxgemm_only,1,0.08909,0.08806,0.08909,0.02181,1410,1
rs,6144,2560,512,gpu,32,c_cublas,0,0.07373,0.07270,0.07270,0.03621,1410,1
rs,6144,2560,512,gpu,32,A_gemmrs,1,0.16486,0.16486,0.16486,0.07453,1410,1
rs,6144,2560,512,gpu,32,c_fluxgemm_only,2,0.08909,0.08806,0.08806,0.02121,1410,1
rs,6144,2560,512,gpu,33,c_cublas,2,0.07270,0.07270,0.07270,0.03635,1410,1
rs,6144,2560,512,gpu,33,A_gemmrs,0,0.13005,0.13005,0.13005,0.06387,1410,1
rs,6144,2560,512,gpu,33,c_fluxgemm_only,1,0.08909,0.08806,0.08909,0.01961,1410,1
rs,6144,2560,512,gpu,34,c_cublas,1,0.07373,0.07373,0.07373,0.03607,1410,1
rs,6144,2560,512,gpu,34,A_gemmrs,2,0.13107,0.13107,0.13107,0.06456,1410,1
rs,6144,2560,512,gpu,34,c_fluxgemm_only,0,0.08909,0.08806,0.08806,0.02192,1410,1
rs,6144,2560,512,gpu,35,c_cublas,1,0.07475,0.07373,0.07475,0.03386,1410,1
rs,6144,2560,512,gpu,35,A_gemmrs,0,0.12698,0.12698,0.12698,0.06425,1410,1
rs,6144,2560,512,gpu,35,c_fluxgemm_only,2,0.08806,0.08806,0.08806,0.02143,1410,1
rs,6144,2560,512,gpu,36,c_cublas,0,0.10445,0.07270,0.07270,0.03716,1410,1
rs,6144,2560,512,gpu,36,A_gemmrs,1,0.13414,0.13312,0.13414,0.09056,1410,1
rs,6144,2560,512,gpu,36,c_fluxgemm_only,2,0.08806,0.08806,0.08806,0.02078,1410,1
rs,6144,2560,512,gpu,37,c_cublas,1,0.07373,0.07270,0.07373,0.03503,1410,1
rs,6144,2560,512,gpu,37,A_gemmrs,0,0.11571,0.11571,0.11571,0.06548,1410,1
rs,6144,2560,512,gpu,37,c_fluxgemm_only,2,0.08806,0.08806,0.08806,0.02104,1410,1
rs,6144,2560,512,gpu,38,c_cublas,0,0.07373,0.07373,0.07373,0.03653,1410,1
rs,6144,2560,512,gpu,38,A_gemmrs,2,0.14131,0.14029,0.14131,0.06475,1410,1
rs,6144,2560,512,gpu,38,c_fluxgemm_only,1,0.08909,0.08806,0.08909,0.02168,1410,1
rs,6144,2560,512,gpu,39,c_cublas,1,0.07475,0.07373,0.07373,0.03473,1410,1
rs,6144,2560,512,gpu,39,A_gemmrs,0,0.12800,0.12800,0.12800,0.06302,1410,1
rs,6144,2560,512,gpu,39,c_fluxgemm_only,2,0.08909,0.08909,0.08909,0.02167,1410,1
rs,6144,2560,512,gpu,40,c_cublas,1,0.07270,0.07270,0.07270,0.03559,1410,1
rs,6144,2560,512,gpu,40,A_gemmrs,2,0.16486,0.16486,0.16486,0.06527,1410,1
rs,6144,2560,512,gpu,40,c_fluxgemm_only,0,0.08909,0.08806,0.08806,0.02001,1410,1
rs,6144,2560,512,gpu,41,c_cublas,0,0.07373,0.07373,0.07373,0.03688,1410,1
rs,6144,2560,512,gpu,41,A_gemmrs,2,0.11571,0.11571,0.11571,0.06257,1410,1
rs,6144,2560,512,gpu,41,c_fluxgemm_only,1,0.09011,0.09011,0.09011,0.02268,1410,1
rs,6144,2560,512,gpu,42,c_cublas,0,0.07373,0.07373,0.07373,0.03557,1410,1
rs,6144,2560,512,gpu,42,A_gemmrs,2,0.13517,0.13414,0.13517,0.06139,1410,1
rs,6144,2560,512,gpu,42,c_fluxgemm_only,1,0.08806,0.08806,0.08806,0.02193,1410,1
rs,6144,2560,512,gpu,43,c_cublas,1,0.07373,0.07270,0.07373,0.04162,1410,1
rs,6144,2560,512,gpu,43,A_gemmrs,2,0.11571,0.11469,0.11571,0.06477,1410,1
rs,6144,2560,512,gpu,43,c_fluxgemm_only,0,0.08909,0.08806,0.08806,0.02085,1410,1
rs,6144,2560,512,gpu,44,c_cublas,2,0.07373,0.07270,0.07373,0.03501,1410,1
rs,6144,2560,512,gpu,44,A_gemmrs,1,0.13414,0.13414,0.13414,0.08476,1410,1
rs,6144,2560,512,gpu,44,c_fluxgemm_only,0,0.10650,0.08909,0.10650,0.02438,1410,1
rs,6144,2560,512,gpu,45,c_cublas,2,0.07373,0.07270,0.07270,0.03607,1410,1
rs,6144,2560,512,gpu,45,A_gemmrs,0,0.12902,0.12800,0.12902,0.08401,1410,1
rs,6144,2560,512,gpu,45,c_fluxgemm_only,1,0.08806,0.08704,0.08806,0.02162,1410,1
rs,6144,2560,512,gpu,46,c_cublas,2,0.07373,0.07373,0.07373,0.03644,1410,1
rs,6144,2560,512,gpu,46,A_gemmrs,0,0.12800,0.12698,0.12800,0.06586,1410,1
rs,6144,2560,512,gpu,46,c_fluxgemm_only,1,0.08909,0.08806,0.08909,0.01998,1410,1
rs,6144,2560,512,gpu,47,c_cublas,2,0.07270,0.07270,0.07270,0.03499,1410,1
rs,6144,2560,512,gpu,47,A_gemmrs,1,0.12902,0.12800,0.12902,0.07064,1410,1
rs,6144,2560,512,gpu,47,c_fluxgemm_only,0,0.08806,0.08704,0.08704,0.02241,1410,1
rs,6144,2560,512,gpu,48,c_cublas,2,0.07270,0.07270,0.07270,0.03520,1410,1
rs,6144,2560,512,gpu,48,A_gemmrs,0,0.16486,0.16486,0.16486,0.06559,1410,1
rs,6144,2560,512,gpu,48,c_fluxgemm_only,1,0.08806,0.08806,0.08806,0.01980,1410,1
rs,6144,2560,512,gpu,49,c_cublas,2,0.07373,0.07270,0.07373,0.04554,1410,1
rs,6144,2560,512,gpu,49,A_gemmrs,0,0.12595,0.12595,0.12595,0.06552,1410,1
rs,6144,2560,512,gpu,49,c_fluxgemm_only,1,0.09011,0.08806,0.08806,0.01921,1410,1
rs,6144,2560,512,gpu,50,c_cublas,1,0.07373,0.07270,0.07373,0.03480,1410,1
rs,6144,2560,512,gpu,50,A_gemmrs,2,0.12902,0.12800,0.12902,0.06321,1410,1
rs,6144,2560,512,gpu,50,c_fluxgemm_only,0,0.08909,0.08909,0.08909,0.02206,1410,1
rs,6144,2560,512,gpu,51,c_cublas,2,0.07270,0.07270,0.07270,0.03566,1410,1
rs,6144,2560,512,gpu,51,A_gemmrs,0,0.11571,0.11469,0.11571,0.06374,1410,1
rs,6144,2560,512,gpu,51,c_fluxgemm_only,1,0.09011,0.09011,0.09011,0.01984,1410,1
rs,6144,2560,512,gpu,52,c_cublas,0,0.07373,0.07270,0.07373,0.03446,1410,1
rs,6144,2560,512,gpu,52,A_gemmrs,1,0.13619,0.13517,0.13619,0.06567,1410,1
rs,6144,2560,512,gpu,52,c_fluxgemm_only,2,0.08909,0.08909,0.08909,0.02033,1410,1
rs,6144,2560,512,gpu,53,c_cublas,2,0.07373,0.07373,0.07373,0.03487,1410,1
rs,6144,2560,512,gpu,53,A_gemmrs,1,0.11571,0.11469,0.11469,0.06158,1410,1
rs,6144,2560,512,gpu,53,c_fluxgemm_only,0,0.08806,0.08806,0.08806,0.01817,1410,1
rs,6144,2560,512,gpu,54,c_cublas,0,0.07373,0.07373,0.07373,0.03339,1410,1
rs,6144,2560,512,gpu,54,A_gemmrs,2,0.12902,0.12800,0.12800,0.07602,1410,1
rs,6144,2560,512,gpu,54,c_fluxgemm_only,1,0.08909,0.08806,0.08909,0.02178,1410,1
rs,6144,2560,512,gpu,55,c_cublas,1,0.07270,0.07270,0.07270,0.03649,1410,1
rs,6144,2560,512,gpu,55,A_gemmrs,2,0.16896,0.16794,0.16896,0.06318,1410,1
rs,6144,2560,512,gpu,55,c_fluxgemm_only,0,0.08909,0.08806,0.08806,0.02115,1410,1
rs,6144,2560,512,gpu,56,c_cublas,2,0.07373,0.07270,0.07373,0.03549,1410,1
rs,6144,2560,512,gpu,56,A_gemmrs,0,0.11674,0.11674,0.11674,0.05900,1410,1
rs,6144,2560,512,gpu,56,c_fluxgemm_only,1,0.08909,0.08909,0.08909,0.02001,1410,1
rs,6144,2560,512,gpu,57,c_cublas,1,0.07373,0.07270,0.07270,0.03419,1410,1
rs,6144,2560,512,gpu,57,A_gemmrs,0,0.12902,0.12698,0.12902,0.07273,1410,1
rs,6144,2560,512,gpu,57,c_fluxgemm_only,2,0.08909,0.08909,0.08909,0.02146,1410,1
rs,6144,2560,512,gpu,58,c_cublas,2,0.07475,0.07373,0.07373,0.03597,1410,1
rs,6144,2560,512,gpu,58,A_gemmrs,0,0.12800,0.12698,0.12800,0.06523,1410,1
rs,6144,2560,512,gpu,58,c_fluxgemm_only,1,0.08909,0.08806,0.08909,0.01930,1410,1
rs,6144,2560,512,gpu,59,c_cublas,1,0.07475,0.07373,0.07373,0.03577,1410,1
rs,6144,2560,512,gpu,59,A_gemmrs,0,0.13005,0.12902,0.13005,0.06435,1410,1
rs,6144,2560,512,gpu,59,c_fluxgemm_only,2,0.08909,0.08806,0.08806,0.02219,1410,1
rs,6144,2560,512,gpu,60,c_cublas,0,0.07373,0.07270,0.07270,0.03648,1410,1
rs,6144,2560,512,gpu,60,A_gemmrs,1,0.14848,0.14848,0.14848,0.06459,1410,1
rs,6144,2560,512,gpu,60,c_fluxgemm_only,2,0.08909,0.08806,0.08909,0.01978,1410,1
rs,6144,2560,512,gpu,61,c_cublas,1,0.07373,0.07270,0.07270,0.03393,1410,1
rs,6144,2560,512,gpu,61,A_gemmrs,0,0.11674,0.11469,0.11469,0.06342,1410,1
rs,6144,2560,512,gpu,61,c_fluxgemm_only,2,0.08909,0.08806,0.08909,0.02832,1410,1
rs,6144,2560,512,gpu,62,c_cublas,1,0.07270,0.07270,0.07270,0.03625,1410,1
rs,6144,2560,512,gpu,62,A_gemmrs,2,0.13005,0.13005,0.13005,0.06447,1410,1
rs,6144,2560,512,gpu,62,c_fluxgemm_only,0,0.09011,0.09011,0.09011,0.02035,1410,1
rs,6144,2560,512,gpu,63,c_cublas,0,0.07270,0.07270,0.07270,0.03629,1410,1
rs,6144,2560,512,gpu,63,A_gemmrs,1,0.16486,0.16384,0.16486,0.06513,1410,1
rs,6144,2560,512,gpu,63,c_fluxgemm_only,2,0.08909,0.08909,0.08909,0.02039,1410,1
rs,6144,2560,512,gpu,64,c_cublas,1,0.07270,0.07270,0.07270,0.03675,1410,1
rs,6144,2560,512,gpu,64,A_gemmrs,2,0.12800,0.12800,0.12800,0.06417,1410,1
rs,6144,2560,512,gpu,64,c_fluxgemm_only,0,0.08909,0.08806,0.08909,0.02096,1410,1
rs,6144,2560,512,gpu,65,c_cublas,2,0.07373,0.07270,0.07373,0.03526,1410,1
rs,6144,2560,512,gpu,65,A_gemmrs,0,0.11469,0.11469,0.11469,0.06275,1410,1
rs,6144,2560,512,gpu,65,c_fluxgemm_only,1,0.08909,0.08806,0.08909,0.01952,1410,1
rs,6144,2560,512,gpu,66,c_cublas,1,0.07270,0.07270,0.07270,0.04110,1410,1
rs,6144,2560,512,gpu,66,A_gemmrs,0,0.12698,0.12698,0.12698,0.06593,1410,1
rs,6144,2560,512,gpu,66,c_fluxgemm_only,2,0.09011,0.09011,0.09011,0.02207,1410,1
rs,6144,2560,512,gpu,67,c_cublas,2,0.07373,0.07373,0.07373,0.03585,1410,1
rs,6144,2560,512,gpu,67,A_gemmrs,0,0.13005,0.13005,0.13005,0.06592,1410,1
rs,6144,2560,512,gpu,67,c_fluxgemm_only,1,0.08909,0.08909,0.08909,0.01933,1410,1
rs,6144,2560,512,gpu,68,c_cublas,0,0.07270,0.07270,0.07270,0.03485,1410,1
rs,6144,2560,512,gpu,68,A_gemmrs,2,0.13619,0.13619,0.13619,0.06286,1410,1
rs,6144,2560,512,gpu,68,c_fluxgemm_only,1,0.08909,0.08909,0.08909,0.02374,1410,1
rs,6144,2560,512,gpu,69,c_cublas,0,0.07373,0.07270,0.07373,0.03762,1410,1
rs,6144,2560,512,gpu,69,A_gemmrs,1,0.11674,0.11469,0.11674,0.06531,1410,1
rs,6144,2560,512,gpu,69,c_fluxgemm_only,2,0.08806,0.08806,0.08806,0.02028,1410,1
rs,6144,2560,512,gpu,70,c_cublas,1,0.07270,0.07270,0.07270,0.03479,1410,1
rs,6144,2560,512,gpu,70,A_gemmrs,0,0.11571,0.11469,0.11469,0.06318,1410,1
rs,6144,2560,512,gpu,70,c_fluxgemm_only,2,0.08909,0.08909,0.08909,0.02070,1410,1
rs,6144,2560,512,gpu,71,c_cublas,2,0.07373,0.07373,0.07373,0.03560,1410,1
rs,6144,2560,512,gpu,71,A_gemmrs,1,0.16486,0.16282,0.16486,0.07480,1410,1
rs,6144,2560,512,gpu,71,c_fluxgemm_only,0,0.08806,0.08704,0.08806,0.01992,1410,1
rs,6144,2560,512,gpu,72,c_cublas,0,0.07270,0.07270,0.07270,0.03340,1410,1
rs,6144,2560,512,gpu,72,A_gemmrs,1,0.14029,0.14029,0.14029,0.06507,1410,1
rs,6144,2560,512,gpu,72,c_fluxgemm_only,2,0.08909,0.08806,0.08909,0.01959,1410,1
rs,6144,2560,512,gpu,73,c_cublas,0,0.07373,0.07373,0.07373,0.03676,1410,1
rs,6144,2560,512,gpu,73,A_gemmrs,2,0.11571,0.11469,0.11571,0.06681,1410,1
rs,6144,2560,512,gpu,73,c_fluxgemm_only,1,0.08909,0.08909,0.08909,0.02154,1410,1
rs,6144,2560,512,gpu,74,c_cublas,0,0.07475,0.07373,0.07373,0.03590,1410,1
rs,6144,2560,512,gpu,74,A_gemmrs,2,0.13005,0.12902,0.13005,0.06188,1410,1
rs,6144,2560,512,gpu,74,c_fluxgemm_only,1,0.08909,0.08806,0.08909,0.02179,1410,1
rs,6144,2560,512,gpu,75,c_cublas,1,0.07475,0.07475,0.07475,0.03466,1410,1
rs,6144,2560,512,gpu,75,A_gemmrs,0,0.11571,0.11571,0.11571,0.06215,1410,1
rs,6144,2560,512,gpu,75,c_fluxgemm_only,2,0.08909,0.08909,0.08909,0.02159,1410,1
rs,6144,2560,512,gpu,76,c_cublas,0,0.07373,0.07270,0.07373,0.03932,1410,1
rs,6144,2560,512,gpu,76,A_gemmrs,1,0.13414,0.13414,0.13414,0.06594,1410,1
rs,6144,2560,512,gpu,76,c_fluxgemm_only,2,0.08806,0.08806,0.08806,0.01979,1410,1
rs,6144,2560,512,gpu,77,c_cublas,1,0.07475,0.07475,0.07475,0.03655,1410,1
rs,6144,2560,512,gpu,77,A_gemmrs,2,0.11571,0.11571,0.11571,0.06419,1410,1
rs,6144,2560,512,gpu,77,c_fluxgemm_only,0,0.08909,0.08806,0.08806,0.02048,1410,1
rs,6144,2560,512,gpu,78,c_cublas,1,0.07270,0.07270,0.07270,0.03997,1410,1
rs,6144,2560,512,gpu,78,A_gemmrs,0,0.11571,0.11469,0.11571,0.06609,1410,1
rs,6144,2560,512,gpu,78,c_fluxgemm_only,2,0.08909,0.08909,0.08909,0.02175,1410,1
rs,6144,2560,512,gpu,79,c_cublas,2,0.07373,0.07270,0.07373,0.03428,1410,1
rs,6144,2560,512,gpu,79,A_gemmrs,1,0.16384,0.16282,0.16384,0.06292,1410,1
rs,6144,2560,512,gpu,79,c_fluxgemm_only,0,0.08806,0.08806,0.08806,0.02015,1410,1
rs,6144,2560,512,gpu,80,c_cublas,0,0.07373,0.07270,0.07270,0.03385,1410,1
rs,6144,2560,512,gpu,80,A_gemmrs,1,0.12902,0.12800,0.12902,0.07229,1410,1
rs,6144,2560,512,gpu,80,c_fluxgemm_only,2,0.08806,0.08806,0.08806,0.02129,1410,1
rs,6144,2560,512,gpu,81,c_cublas,0,0.07373,0.07270,0.07270,0.03678,1410,1
rs,6144,2560,512,gpu,81,A_gemmrs,2,0.12800,0.12698,0.12698,0.06196,1410,1
rs,6144,2560,512,gpu,81,c_fluxgemm_only,1,0.08909,0.08909,0.08909,0.02179,1410,1
rs,6144,2560,512,gpu,82,c_cublas,0,0.07475,0.07373,0.07475,0.03603,1410,1
rs,6144,2560,512,gpu,82,A_gemmrs,2,0.13005,0.13005,0.13005,0.07804,1410,1
rs,6144,2560,512,gpu,82,c_fluxgemm_only,1,0.08909,0.08909,0.08909,0.02242,1410,1
rs,6144,2560,512,gpu,83,c_cublas,0,0.07373,0.07373,0.07373,0.03651,1410,1
rs,6144,2560,512,gpu,83,A_gemmrs,2,0.13312,0.13312,0.13312,0.06207,1410,1
rs,6144,2560,512,gpu,83,c_fluxgemm_only,1,0.08806,0.08806,0.08806,0.02283,1410,1
rs,6144,2560,512,gpu,84,c_cublas,1,0.07373,0.07270,0.07270,0.03628,1410,1
rs,6144,2560,512,gpu,84,A_gemmrs,2,0.12800,0.12698,0.12800,0.06362,1410,1
rs,6144,2560,512,gpu,84,c_fluxgemm_only,0,0.08909,0.08806,0.08806,0.02015,1410,1
rs,6144,2560,512,gpu,85,c_cublas,2,0.07373,0.07270,0.07373,0.03594,1410,1
rs,6144,2560,512,gpu,85,A_gemmrs,0,0.11571,0.11469,0.11469,0.07667,1410,1
rs,6144,2560,512,gpu,85,c_fluxgemm_only,1,0.08909,0.08806,0.08909,0.02058,1410,1
rs,6144,2560,512,gpu,86,c_cublas,2,0.07373,0.07373,0.07373,0.03536,1410,1
rs,6144,2560,512,gpu,86,A_gemmrs,1,0.11571,0.11571,0.11571,0.06330,1410,1
rs,6144,2560,512,gpu,86,c_fluxgemm_only,0,0.09011,0.08909,0.09011,0.02178,1410,1
rs,6144,2560,512,gpu,87,c_cublas,2,0.07270,0.07270,0.07270,0.03606,1410,1
rs,6144,2560,512,gpu,87,A_gemmrs,1,0.16691,0.16691,0.16691,0.06240,1410,1
rs,6144,2560,512,gpu,87,c_fluxgemm_only,0,0.08806,0.08806,0.08806,0.02271,1410,1
rs,6144,2560,512,gpu,88,c_cublas,1,0.07270,0.07270,0.07270,0.03494,1410,1
rs,6144,2560,512,gpu,88,A_gemmrs,0,0.11571,0.11571,0.11571,0.06637,1410,1
rs,6144,2560,512,gpu,88,c_fluxgemm_only,2,0.08909,0.08806,0.08909,0.02170,1410,1
rs,6144,2560,512,gpu,89,c_cublas,0,0.07373,0.07270,0.07373,0.03705,1410,1
rs,6144,2560,512,gpu,89,A_gemmrs,1,0.11674,0.11469,0.11674,0.06519,1410,1
rs,6144,2560,512,gpu,89,c_fluxgemm_only,2,0.08909,0.08806,0.08806,0.01966,1410,1
rs,6144,2560,512,gpu,90,c_cublas,0,0.07475,0.07475,0.07475,0.03785,1410,1
rs,6144,2560,512,gpu,90,A_gemmrs,1,0.13926,0.13926,0.13926,0.06570,1410,1
rs,6144,2560,512,gpu,90,c_fluxgemm_only,2,0.09011,0.08909,0.08909,0.01999,1410,1
rs,6144,2560,512,gpu,91,c_cublas,0,0.07270,0.07270,0.07270,0.03624,1410,1
rs,6144,2560,512,gpu,91,A_gemmrs,2,0.13619,0.13517,0.13619,0.06209,1410,1
rs,6144,2560,512,gpu,91,c_fluxgemm_only,1,0.08806,0.08806,0.08806,0.02210,1410,1
rs,6144,2560,512,gpu,92,c_cublas,0,0.07373,0.07270,0.07373,0.03560,1410,1
rs,6144,2560,512,gpu,92,A_gemmrs,2,0.13414,0.13414,0.13414,0.06415,1410,1
rs,6144,2560,512,gpu,92,c_fluxgemm_only,1,0.08909,0.08806,0.08909,0.02264,1410,1
rs,6144,2560,512,gpu,93,c_cublas,1,0.07475,0.07475,0.07475,0.03653,1410,1
rs,6144,2560,512,gpu,93,A_gemmrs,2,0.11571,0.11469,0.11571,0.06478,1410,1
rs,6144,2560,512,gpu,93,c_fluxgemm_only,0,0.08806,0.08806,0.08806,0.02203,1410,1
rs,6144,2560,512,gpu,94,c_cublas,2,0.07475,0.07373,0.07373,0.04198,1410,1
rs,6144,2560,512,gpu,94,A_gemmrs,0,0.11878,0.11878,0.11878,0.06522,1410,1
rs,6144,2560,512,gpu,94,c_fluxgemm_only,1,0.08806,0.08806,0.08806,0.01973,1410,1
rs,6144,2560,512,gpu,95,c_cublas,1,0.07373,0.07270,0.07270,0.03560,1410,1
rs,6144,2560,512,gpu,95,A_gemmrs,2,0.15974,0.15872,0.15974,0.06403,1410,1
rs,6144,2560,512,gpu,95,c_fluxgemm_only,0,0.08806,0.08806,0.08806,0.02205,1410,1
rs,6144,2560,512,gpu,96,c_cublas,2,0.07373,0.07270,0.07270,0.03551,1410,1
rs,6144,2560,512,gpu,96,A_gemmrs,0,0.11674,0.11366,0.11674,0.06275,1410,1
rs,6144,2560,512,gpu,96,c_fluxgemm_only,1,0.08909,0.08909,0.08909,0.01945,1410,1
rs,6144,2560,512,gpu,97,c_cublas,2,0.07373,0.07270,0.07270,0.03608,1410,1
rs,6144,2560,512,gpu,97,A_gemmrs,0,0.11469,0.11469,0.11469,0.08016,1410,1
rs,6144,2560,512,gpu,97,c_fluxgemm_only,1,0.08806,0.08806,0.08806,0.02085,1410,1
rs,6144,2560,512,gpu,98,c_cublas,2,0.07373,0.07373,0.07373,0.03534,1410,1
rs,6144,2560,512,gpu,98,A_gemmrs,0,0.12902,0.12698,0.12902,0.06749,1410,1
rs,6144,2560,512,gpu,98,c_fluxgemm_only,1,0.08909,0.08909,0.08909,0.01944,1410,1
rs,6144,2560,512,gpu,99,c_cublas,0,0.07270,0.07270,0.07270,0.03411,1410,1
rs,6144,2560,512,gpu,99,A_gemmrs,2,0.14336,0.14336,0.14336,0.06819,1410,1
rs,6144,2560,512,gpu,99,c_fluxgemm_only,1,0.08806,0.08806,0.08806,0.02233,1410,1
rs,6144,2560,512,gpu,100,c_cublas,1,0.07270,0.07270,0.07270,0.03551,1410,1
rs,6144,2560,512,gpu,100,A_gemmrs,0,0.11674,0.11469,0.11674,0.06410,1410,1
rs,6144,2560,512,gpu,100,c_fluxgemm_only,2,0.08909,0.08704,0.08909,0.02250,1410,1
rs,6144,2560,512,gpu,101,c_cublas,1,0.07475,0.07373,0.07373,0.03584,1410,1
rs,6144,2560,512,gpu,101,A_gemmrs,2,0.12902,0.12698,0.12902,0.06522,1410,1
rs,6144,2560,512,gpu,101,c_fluxgemm_only,0,0.08909,0.08806,0.08909,0.01940,1410,1
rs,6144,2560,512,gpu,102,c_cublas,2,0.07475,0.07373,0.07373,0.03486,1410,1
rs,6144,2560,512,gpu,102,A_gemmrs,1,0.12902,0.12800,0.12800,0.06282,1410,1
rs,6144,2560,512,gpu,102,c_fluxgemm_only,0,0.08909,0.08909,0.08909,0.02207,1410,1
rs,6144,2560,512,gpu,103,c_cublas,0,0.07270,0.07270,0.07270,0.09709,1410,1
rs,6144,2560,512,gpu,103,A_gemmrs,1,0.16998,0.16896,0.16896,0.06552,1410,1
rs,6144,2560,512,gpu,103,c_fluxgemm_only,2,0.08909,0.08806,0.08806,0.01986,1410,1
rs,6144,2560,512,gpu,104,c_cublas,2,0.07373,0.07270,0.07373,0.03708,1410,1
rs,6144,2560,512,gpu,104,A_gemmrs,0,0.11674,0.11571,0.11674,0.07302,1410,1
rs,6144,2560,512,gpu,104,c_fluxgemm_only,1,0.08909,0.08806,0.08909,0.02161,1410,1
rs,6144,2560,512,gpu,105,c_cublas,0,0.07270,0.07270,0.07270,0.03466,1410,1
rs,6144,2560,512,gpu,105,A_gemmrs,1,0.11571,0.11469,0.11571,0.06482,1410,1
rs,6144,2560,512,gpu,105,c_fluxgemm_only,2,0.08909,0.08806,0.08909,0.01992,1410,1
rs,6144,2560,512,gpu,106,c_cublas,0,0.07475,0.07373,0.07373,0.03662,1410,1
rs,6144,2560,512,gpu,106,A_gemmrs,1,0.12800,0.12698,0.12800,0.06375,1410,1
rs,6144,2560,512,gpu,106,c_fluxgemm_only,2,0.09011,0.08909,0.08909,0.02048,1410,1
rs,6144,2560,512,gpu,107,c_cublas,1,0.07373,0.07270,0.07373,0.03666,1410,1
rs,6144,2560,512,gpu,107,A_gemmrs,2,0.13824,0.13722,0.13824,0.08947,1410,1
rs,6144,2560,512,gpu,107,c_fluxgemm_only,0,0.10240,0.08806,0.08806,0.02073,1410,1
rs,6144,2560,512,gpu,108,c_cublas,2,0.07373,0.07270,0.07270,0.03490,1410,1
rs,6144,2560,512,gpu,108,A_gemmrs,1,0.12698,0.12698,0.12698,0.06122,1410,1
rs,6144,2560,512,gpu,108,c_fluxgemm_only,0,0.08806,0.08806,0.08806,0.02201,1410,1
rs,6144,2560,512,gpu,109,c_cublas,0,0.07270,0.07270,0.07270,0.03361,1410,1
rs,6144,2560,512,gpu,109,A_gemmrs,2,0.13414,0.13414,0.13414,0.06151,1410,1
rs,6144,2560,512,gpu,109,c_fluxgemm_only,1,0.09114,0.09114,0.09114,0.02252,1410,1
rs,6144,2560,512,gpu,110,c_cublas,2,0.07475,0.07373,0.07373,0.03602,1410,1
rs,6144,2560,512,gpu,110,A_gemmrs,0,0.11571,0.11571,0.11571,0.06529,1410,1
rs,6144,2560,512,gpu,110,c_fluxgemm_only,1,0.08909,0.08909,0.08909,0.02027,1410,1
rs,6144,2560,512,gpu,111,c_cublas,2,0.07270,0.07270,0.07270,0.03417,1410,1
rs,6144,2560,512,gpu,111,A_gemmrs,1,0.16486,0.16282,0.16486,0.06306,1410,1
rs,6144,2560,512,gpu,111,c_fluxgemm_only,0,0.08806,0.08806,0.08806,0.02202,1410,1
rs,6144,2560,512,gpu,112,c_cublas,2,0.07373,0.07373,0.07373,0.03470,1410,1
rs,6144,2560,512,gpu,112,A_gemmrs,1,0.11571,0.11571,0.11571,0.06774,1410,1
rs,6144,2560,512,gpu,112,c_fluxgemm_only,0,0.08909,0.08909,0.08909,0.02212,1410,1
rs,6144,2560,512,gpu,113,c_cublas,0,0.07270,0.07270,0.07270,0.03555,1410,1
rs,6144,2560,512,gpu,113,A_gemmrs,1,0.11571,0.11469,0.11571,0.06427,1410,1
rs,6144,2560,512,gpu,113,c_fluxgemm_only,2,0.08909,0.08909,0.08909,0.01990,1410,1
rs,6144,2560,512,gpu,114,c_cublas,0,0.07373,0.07373,0.07373,0.03666,1410,1
rs,6144,2560,512,gpu,114,A_gemmrs,2,0.11674,0.11571,0.11571,0.07902,1410,1
rs,6144,2560,512,gpu,114,c_fluxgemm_only,1,0.08806,0.08806,0.08806,0.02976,1410,1
rs,6144,2560,512,gpu,115,c_cublas,2,0.07373,0.07270,0.07373,0.03484,1410,1
rs,6144,2560,512,gpu,115,A_gemmrs,1,0.14131,0.14131,0.14131,0.06189,1410,1
rs,6144,2560,512,gpu,115,c_fluxgemm_only,0,0.08909,0.08909,0.08909,0.02164,1410,1
rs,6144,2560,512,gpu,116,c_cublas,0,0.07373,0.07270,0.07270,0.03465,1410,1
rs,6144,2560,512,gpu,116,A_gemmrs,1,0.13722,0.13722,0.13722,0.06555,1410,1
rs,6144,2560,512,gpu,116,c_fluxgemm_only,2,0.08806,0.08806,0.08806,0.02019,1410,1
rs,6144,2560,512,gpu,117,c_cublas,2,0.07373,0.07270,0.07270,0.03424,1410,1
rs,6144,2560,512,gpu,117,A_gemmrs,1,0.12800,0.12800,0.12800,0.06247,1410,1
rs,6144,2560,512,gpu,117,c_fluxgemm_only,0,0.08806,0.08704,0.08704,0.02116,1410,1
rs,6144,2560,512,gpu,118,c_cublas,1,0.07373,0.07270,0.07373,0.03424,1410,1
rs,6144,2560,512,gpu,118,A_gemmrs,0,0.12902,0.12800,0.12902,0.06557,1410,1
rs,6144,2560,512,gpu,118,c_fluxgemm_only,2,0.09011,0.08909,0.08909,0.02191,1410,1
rs,6144,2560,512,gpu,119,c_cublas,1,0.07270,0.07270,0.07270,0.03717,1410,1
rs,6144,2560,512,gpu,119,A_gemmrs,2,0.16794,0.16691,0.16794,0.06498,1410,1
rs,6144,2560,512,gpu,119,c_fluxgemm_only,0,0.08704,0.08704,0.08704,0.02093,1410,1
rs,6144,2560,512,gpu,120,c_cublas,2,0.07373,0.07270,0.07270,0.03493,1410,1
rs,6144,2560,512,gpu,120,A_gemmrs,1,0.11571,0.11571,0.11571,0.05932,1410,1
rs,6144,2560,512,gpu,120,c_fluxgemm_only,0,0.08909,0.08806,0.08909,0.02092,1410,1
rs,6144,2560,512,gpu,121,c_cublas,0,0.07270,0.07270,0.07270,0.03371,1410,1
rs,6144,2560,512,gpu,121,A_gemmrs,2,0.11571,0.11469,0.11469,0.07510,1410,1
rs,6144,2560,512,gpu,121,c_fluxgemm_only,1,0.09011,0.09011,0.09011,0.02254,1410,1
rs,6144,2560,512,gpu,122,c_cublas,2,0.07475,0.07373,0.07373,0.03529,1410,1
rs,6144,2560,512,gpu,122,A_gemmrs,0,0.12083,0.11981,0.11981,0.06205,1410,1
rs,6144,2560,512,gpu,122,c_fluxgemm_only,1,0.08909,0.08806,0.08909,0.01921,1410,1
rs,6144,2560,512,gpu,123,c_cublas,2,0.07373,0.07270,0.07270,0.03528,1410,1
rs,6144,2560,512,gpu,123,A_gemmrs,0,0.14746,0.14746,0.14746,0.06662,1410,1
rs,6144,2560,512,gpu,123,c_fluxgemm_only,1,0.09011,0.08806,0.09011,0.02021,1410,1
rs,6144,2560,512,gpu,124,c_cublas,0,0.07270,0.07270,0.07270,0.03770,1410,1
rs,6144,2560,512,gpu,124,A_gemmrs,1,0.12902,0.12902,0.12902,0.06560,1410,1
rs,6144,2560,512,gpu,124,c_fluxgemm_only,2,0.08909,0.08806,0.08909,0.01970,1410,1
rs,6144,2560,512,gpu,125,c_cublas,1,0.07475,0.07373,0.07373,0.03671,1410,1
rs,6144,2560,512,gpu,125,A_gemmrs,2,0.12902,0.12902,0.12902,0.06387,1410,1
rs,6144,2560,512,gpu,125,c_fluxgemm_only,0,0.08806,0.08704,0.08806,0.01931,1410,1
rs,6144,2560,512,gpu,126,c_cublas,1,0.07270,0.07270,0.07270,0.04737,1410,1
rs,6144,2560,512,gpu,126,A_gemmrs,2,0.11674,0.11674,0.11674,0.06464,1410,1
rs,6144,2560,512,gpu,126,c_fluxgemm_only,0,0.09011,0.08909,0.09011,0.02081,1410,1
rs,6144,2560,512,gpu,127,c_cublas,0,0.07373,0.07270,0.07270,0.03605,1410,1
rs,6144,2560,512,gpu,127,A_gemmrs,1,0.16486,0.16486,0.16486,0.06495,1410,1
rs,6144,2560,512,gpu,127,c_fluxgemm_only,2,0.08909,0.08806,0.08806,0.01981,1410,1
rs,6144,2560,512,gpu,128,c_cublas,2,0.07270,0.07270,0.07270,0.04692,1410,1
rs,6144,2560,512,gpu,128,A_gemmrs,1,0.11571,0.11571,0.11571,0.06137,1410,1
rs,6144,2560,512,gpu,128,c_fluxgemm_only,0,0.08806,0.08704,0.08806,0.01932,1410,1
rs,6144,2560,512,gpu,129,c_cublas,2,0.07270,0.07270,0.07270,0.03536,1410,1
rs,6144,2560,512,gpu,129,A_gemmrs,0,0.11571,0.11469,0.11571,0.06543,1410,1
rs,6144,2560,512,gpu,129,c_fluxgemm_only,1,0.08909,0.08909,0.08909,0.02017,1410,1
rs,6144,2560,512,gpu,130,c_cublas,2,0.07475,0.07373,0.07475,0.03484,1410,1
rs,6144,2560,512,gpu,130,A_gemmrs,1,0.11469,0.11469,0.11469,0.06157,1410,1
rs,6144,2560,512,gpu,130,c_fluxgemm_only,0,0.08909,0.08909,0.08909,0.02202,1410,1
rs,6144,2560,512,gpu,131,c_cublas,2,0.07373,0.07373,0.07373,0.03501,1410,1
rs,6144,2560,512,gpu,131,A_gemmrs,1,0.15667,0.15565,0.15667,0.06393,1410,1
rs,6144,2560,512,gpu,131,c_fluxgemm_only,0,0.08909,0.08909,0.08909,0.02215,1410,1
rs,6144,2560,512,gpu,132,c_cublas,1,0.07270,0.07270,0.07270,0.03568,1410,1
rs,6144,2560,512,gpu,132,A_gemmrs,2,0.11571,0.11571,0.11571,0.06541,1410,1
rs,6144,2560,512,gpu,132,c_fluxgemm_only,0,0.08909,0.08806,0.08806,0.02216,1410,1
rs,6144,2560,512,gpu,133,c_cublas,2,0.07270,0.07270,0.07270,0.03661,1410,1
rs,6144,2560,512,gpu,133,A_gemmrs,0,0.13005,0.12902,0.12902,0.06312,1410,1
rs,6144,2560,512,gpu,133,c_fluxgemm_only,1,0.08909,0.08806,0.08806,0.01983,1410,1
rs,6144,2560,512,gpu,134,c_cublas,0,0.07475,0.07373,0.07373,0.03328,1410,1
rs,6144,2560,512,gpu,134,A_gemmrs,2,0.13005,0.12902,0.13005,0.06188,1410,1
rs,6144,2560,512,gpu,134,c_fluxgemm_only,1,0.08806,0.08806,0.08806,0.02237,1410,1
rs,6144,2560,512,gpu,135,c_cublas,0,0.07373,0.07373,0.07373,0.03562,1410,1
rs,6144,2560,512,gpu,135,A_gemmrs,1,0.16486,0.16384,0.16486,0.06448,1410,1
rs,6144,2560,512,gpu,135,c_fluxgemm_only,2,0.08909,0.08806,0.08909,0.01989,1410,1
rs,6144,2560,512,gpu,136,c_cublas,1,0.07270,0.07270,0.07270,0.03475,1410,1
rs,6144,2560,512,gpu,136,A_gemmrs,0,0.11674,0.11469,0.11674,0.06417,1410,1
rs,6144,2560,512,gpu,136,c_fluxgemm_only,2,0.08909,0.08806,0.08806,0.02182,1410,1
rs,6144,2560,512,gpu,137,c_cublas,1,0.07475,0.07373,0.07475,0.03643,1410,1
rs,6144,2560,512,gpu,137,A_gemmrs,2,0.11571,0.11469,0.11571,0.06331,1410,1
rs,6144,2560,512,gpu,137,c_fluxgemm_only,0,0.08909,0.08704,0.08909,0.02040,1410,1
rs,6144,2560,512,gpu,138,c_cublas,2,0.07475,0.07373,0.07475,0.03609,1410,1
rs,6144,2560,512,gpu,138,A_gemmrs,0,0.11469,0.11469,0.11469,0.06275,1410,1
rs,6144,2560,512,gpu,138,c_fluxgemm_only,1,0.08909,0.08806,0.08909,0.02047,1410,1
rs,6144,2560,512,gpu,139,c_cublas,1,0.07475,0.07475,0.07475,0.03385,1410,1
rs,6144,2560,512,gpu,139,A_gemmrs,0,0.15462,0.15360,0.15360,0.06663,1410,1
rs,6144,2560,512,gpu,139,c_fluxgemm_only,2,0.09011,0.08806,0.09011,0.02168,1410,1
rs,6144,2560,512,gpu,140,c_cublas,1,0.07373,0.07270,0.07270,0.03384,1410,1
rs,6144,2560,512,gpu,140,A_gemmrs,0,0.12083,0.11981,0.12083,0.06409,1410,1
rs,6144,2560,512,gpu,140,c_fluxgemm_only,2,0.08909,0.08909,0.08909,0.02224,1410,1
rs,6144,2560,512,gpu,141,c_cublas,1,0.07373,0.07270,0.07373,0.03452,1410,1
rs,6144,2560,512,gpu,141,A_gemmrs,0,0.13312,0.13210,0.13312,0.06620,1410,1
rs,6144,2560,512,gpu,141,c_fluxgemm_only,2,0.08909,0.08806,0.08909,0.02154,1410,1
rs,6144,2560,512,gpu,142,c_cublas,1,0.07270,0.07270,0.07270,0.03629,1410,1
rs,6144,2560,512,gpu,142,A_gemmrs,2,0.13005,0.13005,0.13005,0.06358,1410,1
rs,6144,2560,512,gpu,142,c_fluxgemm_only,0,0.08909,0.08806,0.08806,0.01961,1410,1
rs,6144,2560,512,gpu,143,c_cublas,2,0.07270,0.07270,0.07270,0.03445,1410,1
rs,6144,2560,512,gpu,143,A_gemmrs,1,0.16486,0.16486,0.16486,0.06204,1410,1
rs,6144,2560,512,gpu,143,c_fluxgemm_only,0,0.08909,0.08806,0.08909,0.02600,1410,1
rs,6144,2560,512,gpu,144,c_cublas,1,0.07373,0.07270,0.07373,0.03566,1410,1
rs,6144,2560,512,gpu,144,A_gemmrs,2,0.12800,0.12800,0.12800,0.06454,1410,1
rs,6144,2560,512,gpu,144,c_fluxgemm_only,0,0.09011,0.08806,0.09011,0.02267,1410,1
rs,6144,2560,512,gpu,145,c_cublas,2,0.07373,0.07270,0.07373,0.03541,1410,1
rs,6144,2560,512,gpu,145,A_gemmrs,0,0.11469,0.11366,0.11469,0.06249,1410,1
rs,6144,2560,512,gpu,145,c_fluxgemm_only,1,0.08806,0.08806,0.08806,0.01998,1410,1
rs,6144,2560,512,gpu,146,c_cublas,0,0.07373,0.07373,0.07373,0.03379,1410,1
rs,6144,2560,512,gpu,146,A_gemmrs,2,0.13414,0.13414,0.13414,0.06159,1410,1
rs,6144,2560,512,gpu,146,c_fluxgemm_only,1,0.08806,0.08806,0.08806,0.02246,1410,1
rs,6144,2560,512,gpu,147,c_cublas,0,0.07270,0.07270,0.07270,0.03555,1410,1
rs,6144,2560,512,gpu,147,A_gemmrs,1,0.12902,0.12902,0.12902,0.06433,1410,1
rs,6144,2560,512,gpu,147,c_fluxgemm_only,2,0.08909,0.08806,0.08806,0.03194,1410,1
rs,6144,2560,512,gpu,148,c_cublas,2,0.07270,0.07270,0.07270,0.03390,1410,1
rs,6144,2560,512,gpu,148,A_gemmrs,1,0.13414,0.13414,0.13414,0.06153,1410,1
rs,6144,2560,512,gpu,148,c_fluxgemm_only,0,0.08909,0.08806,0.08909,0.01955,1410,1
rs,6144,2560,512,gpu,149,c_cublas,2,0.07373,0.07270,0.07373,0.04558,1410,1
rs,6144,2560,512,gpu,149,A_gemmrs,0,0.11469,0.11469,0.11469,0.06591,1410,1
rs,6144,2560,512,gpu,149,c_fluxgemm_only,1,0.08909,0.08806,0.08806,0.02007,1410,1
rs,6144,2560,512,gpu,150,c_cublas,1,0.07270,0.07270,0.07270,0.03579,1410,1
rs,6144,2560,512,gpu,150,A_gemmrs,2,0.16486,0.16384,0.16384,0.06459,1410,1
rs,6144,2560,512,gpu,150,c_fluxgemm_only,0,0.08909,0.08909,0.08909,0.02217,1410,1
rs,6144,2560,512,gpu,151,c_cublas,2,0.07373,0.07270,0.07270,0.03542,1410,1
rs,6144,2560,512,gpu,151,A_gemmrs,0,0.12800,0.12698,0.12800,0.06252,1410,1
rs,6144,2560,512,gpu,151,c_fluxgemm_only,1,0.09011,0.08909,0.09011,0.01963,1410,1
rs,6144,2560,512,gpu,152,c_cublas,1,0.07373,0.07270,0.07270,0.03486,1410,1
rs,6144,2560,512,gpu,152,A_gemmrs,0,0.11674,0.11571,0.11674,0.08164,1410,1
rs,6144,2560,512,gpu,152,c_fluxgemm_only,2,0.08909,0.08806,0.08909,0.02204,1410,1
rs,6144,2560,512,gpu,153,c_cublas,1,0.07475,0.07475,0.07475,0.03643,1410,1
rs,6144,2560,512,gpu,153,A_gemmrs,2,0.12902,0.12800,0.12902,0.06326,1410,1
rs,6144,2560,512,gpu,153,c_fluxgemm_only,0,0.09011,0.08806,0.09011,0.01954,1410,1
rs,6144,2560,512,gpu,154,c_cublas,1,0.07373,0.07270,0.07373,0.03406,1410,1
rs,6144,2560,512,gpu,154,A_gemmrs,0,0.13312,0.13312,0.13312,0.05990,1410,1
rs,6144,2560,512,gpu,154,c_fluxgemm_only,2,0.09011,0.09011,0.09011,0.02200,1410,1
rs,6144,2560,512,gpu,155,c_cublas,1,0.07270,0.07270,0.07270,0.03677,1410,1
rs,6144,2560,512,gpu,155,A_gemmrs,2,0.12800,0.12698,0.12800,0.06374,1410,1
rs,6144,2560,512,gpu,155,c_fluxgemm_only,0,0.08806,0.08704,0.08806,0.02012,1410,1
rs,6144,2560,512,gpu,156,c_cublas,0,0.07270,0.07270,0.07270,0.03559,1410,1
rs,6144,2560,512,gpu,156,A_gemmrs,2,0.11571,0.11469,0.11571,0.06097,1410,1
rs,6144,2560,512,gpu,156,c_fluxgemm_only,1,0.08909,0.08806,0.08909,0.02212,1410,1
rs,6144,2560,512,gpu,157,c_cublas,0,0.07373,0.07270,0.07373,0.03627,1410,1
rs,6144,2560,512,gpu,157,A_gemmrs,1,0.13517,0.13312,0.13517,0.06493,1410,1
rs,6144,2560,512,gpu,157,c_fluxgemm_only,2,0.08909,0.08806,0.08909,0.02091,1410,1
rs,6144,2560,512,gpu,158,c_cublas,0,0.07373,0.07373,0.07373,0.03698,1410,1
rs,6144,2560,512,gpu,158,A_gemmrs,2,0.16794,0.16691,0.16691,0.06506,1410,1
rs,6144,2560,512,gpu,158,c_fluxgemm_only,1,0.08806,0.08806,0.08806,0.02183,1410,1
rs,6144,2560,512,gpu,159,c_cublas,1,0.07373,0.07270,0.07270,0.03691,1410,1
rs,6144,2560,512,gpu,159,A_gemmrs,2,0.13005,0.12800,0.13005,0.06408,1410,1
rs,6144,2560,512,gpu,159,c_fluxgemm_only,0,0.08909,0.08806,0.08909,0.02144,1410,1
rs,6144,2560,512,gpu,160,c_cublas,1,0.07373,0.07373,0.07373,0.03826,1410,1
rs,6144,2560,512,gpu,160,A_gemmrs,2,0.11469,0.11469,0.11469,0.06421,1410,1
rs,6144,2560,512,gpu,160,c_fluxgemm_only,0,0.08909,0.08806,0.08909,0.02187,1410,1
rs,6144,2560,512,gpu,161,c_cublas,1,0.07475,0.07373,0.07475,0.09441,1410,1
rs,6144,2560,512,gpu,161,A_gemmrs,2,0.13517,0.13517,0.13517,0.06672,1410,1
rs,6144,2560,512,gpu,161,c_fluxgemm_only,0,0.08909,0.08806,0.08806,0.02160,1410,1
rs,6144,2560,512,gpu,162,c_cublas,2,0.07373,0.07373,0.07373,0.03472,1410,1
rs,6144,2560,512,gpu,162,A_gemmrs,1,0.11674,0.11571,0.11571,0.06100,1410,1
rs,6144,2560,512,gpu,162,c_fluxgemm_only,0,0.09114,0.09011,0.09114,0.02155,1410,1
rs,6144,2560,512,gpu,163,c_cublas,0,0.07270,0.07270,0.07270,0.03392,1410,1
rs,6144,2560,512,gpu,163,A_gemmrs,1,0.12800,0.12800,0.12800,0.06513,1410,1
rs,6144,2560,512,gpu,163,c_fluxgemm_only,2,0.08909,0.08909,0.08909,0.01975,1410,1
rs,6144,2560,512,gpu,164,c_cublas,1,0.07270,0.07270,0.07270,0.03462,1410,1
rs,6144,2560,512,gpu,164,A_gemmrs,0,0.11674,0.11571,0.11674,0.07790,1410,1
rs,6144,2560,512,gpu,164,c_fluxgemm_only,2,0.08909,0.08806,0.08909,0.02113,1410,1
rs,6144,2560,512,gpu,165,c_cublas,0,0.07270,0.07270,0.07270,0.03507,1410,1
rs,6144,2560,512,gpu,165,A_gemmrs,2,0.13005,0.13005,0.13005,0.06091,1410,1
rs,6144,2560,512,gpu,165,c_fluxgemm_only,1,0.08909,0.08909,0.08909,0.02114,1410,1
rs,6144,2560,512,gpu,166,c_cublas,2,0.07475,0.07373,0.07475,0.03728,1410,1
rs,6144,2560,512,gpu,166,A_gemmrs,0,0.12902,0.12800,0.12902,0.06296,1410,1
rs,6144,2560,512,gpu,166,c_fluxgemm_only,1,0.09011,0.08909,0.09011,0.02979,1410,1
rs,6144,2560,512,gpu,167,c_cublas,0,0.07270,0.07270,0.07270,0.03376,1410,1
rs,6144,2560,512,gpu,167,A_gemmrs,2,0.16077,0.16077,0.16077,0.06280,1410,1
rs,6144,2560,512,gpu,167,c_fluxgemm_only,1,0.08909,0.08806,0.08806,0.02239,1410,1
rs,6144,2560,512,gpu,168,c_cublas,1,0.07373,0.07270,0.07373,0.03592,1410,1
rs,6144,2560,512,gpu,168,A_gemmrs,2,0.12902,0.12800,0.12902,0.06231,1410,1
rs,6144,2560,512,gpu,168,c_fluxgemm_only,0,0.08806,0.08806,0.08806,0.01987,1410,1
rs,6144,2560,512,gpu,169,c_cublas,2,0.07270,0.07270,0.07270,0.03577,1410,1
rs,6144,2560,512,gpu,169,A_gemmrs,0,0.11571,0.11469,0.11571,0.06389,1410,1
rs,6144,2560,512,gpu,169,c_fluxgemm_only,1,0.08909,0.08806,0.08909,0.01974,1410,1
rs,6144,2560,512,gpu,170,c_cublas,2,0.07373,0.07373,0.07373,0.03480,1410,1
rs,6144,2560,512,gpu,170,A_gemmrs,0,0.13619,0.13517,0.13619,0.06586,1410,1
rs,6144,2560,512,gpu,170,c_fluxgemm_only,1,0.08806,0.08806,0.08806,0.01965,1410,1
rs,6144,2560,512,gpu,171,c_cublas,2,0.07373,0.07270,0.07270,0.03446,1410,1
rs,6144,2560,512,gpu,171,A_gemmrs,1,0.13107,0.12902,0.12902,0.06348,1410,1
rs,6144,2560,512,gpu,171,c_fluxgemm_only,0,0.08806,0.08704,0.08806,0.02725,1410,1
rs,6144,2560,512,gpu,172,c_cublas,1,0.07270,0.07270,0.07270,0.03626,1410,1
rs,6144,2560,512,gpu,172,A_gemmrs,2,0.11571,0.11571,0.11571,0.06365,1410,1
rs,6144,2560,512,gpu,172,c_fluxgemm_only,0,0.08909,0.08806,0.08806,0.02216,1410,1
rs,6144,2560,512,gpu,173,c_cublas,0,0.07373,0.07270,0.07373,0.03597,1410,1
rs,6144,2560,512,gpu,173,A_gemmrs,2,0.12800,0.12800,0.12800,0.06619,1410,1
rs,6144,2560,512,gpu,173,c_fluxgemm_only,1,0.09011,0.08909,0.09011,0.02227,1410,1
rs,6144,2560,512,gpu,174,c_cublas,0,0.07475,0.07373,0.07373,0.03606,1410,1
rs,6144,2560,512,gpu,174,A_gemmrs,2,0.11674,0.11674,0.11674,0.06359,1410,1
rs,6144,2560,512,gpu,174,c_fluxgemm_only,1,0.08909,0.08806,0.08909,0.02192,1410,1
rs,6144,2560,512,gpu,175,c_cublas,2,0.07373,0.07270,0.07270,0.03568,1410,1
rs,6144,2560,512,gpu,175,A_gemmrs,0,0.11571,0.11571,0.11571,0.06500,1410,1
rs,6144,2560,512,gpu,175,c_fluxgemm_only,1,0.09011,0.08909,0.09011,0.01989,1410,1
rs,6144,2560,512,gpu,176,c_cublas,0,0.07270,0.07270,0.07270,0.04105,1410,1
rs,6144,2560,512,gpu,176,A_gemmrs,2,0.16896,0.16794,0.16896,0.06589,1410,1
rs,6144,2560,512,gpu,176,c_fluxgemm_only,1,0.08806,0.08806,0.08806,0.02244,1410,1
rs,6144,2560,512,gpu,177,c_cublas,1,0.07270,0.07270,0.07270,0.03501,1410,1
rs,6144,2560,512,gpu,177,A_gemmrs,0,0.11571,0.11469,0.11571,0.06406,1410,1
rs,6144,2560,512,gpu,177,c_fluxgemm_only,2,0.08909,0.08806,0.08909,0.02168,1410,1
rs,6144,2560,512,gpu,178,c_cublas,0,0.10342,0.07475,0.07475,0.03666,1410,1
rs,6144,2560,512,gpu,178,A_gemmrs,2,0.13517,0.13414,0.13414,0.09486,1410,1
rs,6144,2560,512,gpu,178,c_fluxgemm_only,1,0.08909,0.08806,0.08806,0.02586,1410,1
rs,6144,2560,512,gpu,179,c_cublas,1,0.07373,0.07373,0.07373,0.03401,1410,1
rs,6144,2560,512,gpu,179,A_gemmrs,0,0.12902,0.12902,0.12902,0.07541,1410,1
rs,6144,2560,512,gpu,179,c_fluxgemm_only,2,0.08909,0.08909,0.08909,0.02112,1410,1
rs,6144,2560,512,gpu,180,c_cublas,0,0.07270,0.07270,0.07270,0.03634,1410,1
rs,6144,2560,512,gpu,180,A_gemmrs,1,0.11571,0.11469,0.11469,0.06601,1410,1
rs,6144,2560,512,gpu,180,c_fluxgemm_only,2,0.08909,0.08909,0.08909,0.01948,1410,1
rs,6144,2560,512,gpu,181,c_cublas,1,0.07475,0.07475,0.07475,0.03734,1410,1
rs,6144,2560,512,gpu,181,A_gemmrs,2,0.12902,0.12902,0.12902,0.06807,1410,1
rs,6144,2560,512,gpu,181,c_fluxgemm_only,0,0.08909,0.08704,0.08909,0.01979,1410,1
rs,6144,2560,512,gpu,182,c_cublas,2,0.07475,0.07373,0.07373,0.03411,1410,1
rs,6144,2560,512,gpu,182,A_gemmrs,1,0.11674,0.11571,0.11571,0.06298,1410,1
rs,6144,2560,512,gpu,182,c_fluxgemm_only,0,0.09114,0.08909,0.09114,0.02149,1410,1
rs,6144,2560,512,gpu,183,c_cublas,1,0.07270,0.07270,0.07270,0.03610,1410,1
rs,6144,2560,512,gpu,183,A_gemmrs,2,0.16794,0.16691,0.16794,0.06557,1410,1
rs,6144,2560,512,gpu,183,c_fluxgemm_only,0,0.08806,0.08806,0.08806,0.02213,1410,1
rs,6144,2560,512,gpu,184,c_cublas,1,0.07373,0.07270,0.07270,0.03625,1410,1
rs,6144,2560,512,gpu,184,A_gemmrs,2,0.13312,0.13312,0.13312,0.06399,1410,1
rs,6144,2560,512,gpu,184,c_fluxgemm_only,0,0.08909,0.08806,0.08806,0.02129,1410,1
rs,6144,2560,512,gpu,185,c_cublas,2,0.07270,0.07270,0.07270,0.04921,1410,1
rs,6144,2560,512,gpu,185,A_gemmrs,0,0.11469,0.11469,0.11469,0.07556,1410,1
rs,6144,2560,512,gpu,185,c_fluxgemm_only,1,0.08909,0.08909,0.08909,0.01991,1410,1
rs,6144,2560,512,gpu,186,c_cublas,2,0.07475,0.07373,0.07475,0.03474,1410,1
rs,6144,2560,512,gpu,186,A_gemmrs,1,0.13517,0.13517,0.13517,0.06642,1410,1
rs,6144,2560,512,gpu,186,c_fluxgemm_only,0,0.09011,0.08806,0.09011,0.02259,1410,1
rs,6144,2560,512,gpu,187,c_cublas,2,0.07270,0.07270,0.07270,0.03502,1410,1
rs,6144,2560,512,gpu,187,A_gemmrs,0,0.12800,0.12698,0.12800,0.06432,1410,1
rs,6144,2560,512,gpu,187,c_fluxgemm_only,1,0.09011,0.09011,0.09011,0.01963,1410,1
rs,6144,2560,512,gpu,188,c_cublas,2,0.07270,0.07270,0.07270,0.04031,1410,1
rs,6144,2560,512,gpu,188,A_gemmrs,1,0.11571,0.11469,0.11469,0.06266,1410,1
rs,6144,2560,512,gpu,188,c_fluxgemm_only,0,0.08909,0.08806,0.08909,0.02206,1410,1
rs,6144,2560,512,gpu,189,c_cublas,1,0.07373,0.07270,0.07270,0.03414,1410,1
rs,6144,2560,512,gpu,189,A_gemmrs,0,0.11571,0.11571,0.11571,0.06713,1410,1
rs,6144,2560,512,gpu,189,c_fluxgemm_only,2,0.08806,0.08806,0.08806,0.02123,1410,1
rs,6144,2560,512,gpu,190,c_cublas,1,0.07270,0.07270,0.07270,0.03601,1410,1
rs,6144,2560,512,gpu,190,A_gemmrs,2,0.13517,0.13414,0.13517,0.06385,1410,1
rs,6144,2560,512,gpu,190,c_fluxgemm_only,0,0.08909,0.08909,0.08909,0.02017,1410,1
rs,6144,2560,512,gpu,191,c_cublas,0,0.07270,0.07270,0.07270,0.04309,1410,1
rs,6144,2560,512,gpu,191,A_gemmrs,2,0.16589,0.16589,0.16589,0.06135,1410,1
rs,6144,2560,512,gpu,191,c_fluxgemm_only,1,0.08909,0.08806,0.08806,0.02220,1410,1
rs,6144,2560,512,gpu,192,c_cublas,2,0.07270,0.07270,0.07270,0.03703,1410,1
rs,6144,2560,512,gpu,192,A_gemmrs,0,0.11571,0.11469,0.11571,0.06427,1410,1
rs,6144,2560,512,gpu,192,c_fluxgemm_only,1,0.08909,0.08806,0.08806,0.02027,1410,1
rs,6144,2560,512,gpu,193,c_cublas,0,0.07270,0.07168,0.07270,0.03308,1410,1
rs,6144,2560,512,gpu,193,A_gemmrs,1,0.12902,0.12902,0.12902,0.08172,1410,1
rs,6144,2560,512,gpu,193,c_fluxgemm_only,2,0.08909,0.08806,0.08806,0.02090,1410,1
rs,6144,2560,512,gpu,194,c_cublas,1,0.07373,0.07270,0.07373,0.03483,1410,1
rs,6144,2560,512,gpu,194,A_gemmrs,0,0.13312,0.13312,0.13312,0.06507,1410,1
rs,6144,2560,512,gpu,194,c_fluxgemm_only,2,0.09011,0.09011,0.09011,0.02151,1410,1
rs,6144,2560,512,gpu,195,c_cublas,0,0.07270,0.07270,0.07270,0.03572,1410,1
rs,6144,2560,512,gpu,195,A_gemmrs,1,0.13107,0.13107,0.13107,0.06472,1410,1
rs,6144,2560,512,gpu,195,c_fluxgemm_only,2,0.08909,0.08909,0.08909,0.02736,1410,1
rs,6144,2560,512,gpu,196,c_cublas,2,0.07270,0.07270,0.07270,0.03552,1410,1
rs,6144,2560,512,gpu,196,A_gemmrs,0,0.11571,0.11469,0.11571,0.06469,1410,1
rs,6144,2560,512,gpu,196,c_fluxgemm_only,1,0.08909,0.08806,0.08806,0.01965,1410,1
rs,6144,2560,512,gpu,197,c_cublas,0,0.07270,0.07270,0.07270,0.03460,1410,1
rs,6144,2560,512,gpu,197,A_gemmrs,1,0.11571,0.11469,0.11571,0.06473,1410,1
rs,6144,2560,512,gpu,197,c_fluxgemm_only,2,0.08806,0.08806,0.08806,0.02000,1410,1
rs,6144,2560,512,gpu,198,c_cublas,1,0.07373,0.07270,0.07373,0.03473,1410,1
rs,6144,2560,512,gpu,198,A_gemmrs,0,0.11674,0.11571,0.11674,0.06327,1410,1
rs,6144,2560,512,gpu,198,c_fluxgemm_only,2,0.09011,0.09011,0.09011,0.02131,1410,1
rs,6144,2560,512,gpu,199,c_cublas,2,0.07373,0.07270,0.07270,0.03463,1410,1
rs,6144,2560,512,gpu,199,A_gemmrs,1,0.16998,0.16896,0.16998,0.06155,1410,1
rs,6144,2560,512,gpu,199,c_fluxgemm_only,0,0.08806,0.08806,0.08806,0.02057,1410,1
rs,6144,2560,512,steady,0,c_cublas,1,0.07411,0.07142,0.07411,0.02016,0,1
rs,6144,2560,512,steady,0,A_gemmrs,2,0.11923,0.11917,0.11923,0.03502,0,1
rs,6144,2560,512,steady,0,c_fluxgemm_only,0,0.09139,0.08646,0.09139,0.01103,0,1
rs,6144,2560,512,steady,1,c_cublas,2,0.07270,0.07155,0.07270,0.01291,0,1
rs,6144,2560,512,steady,1,A_gemmrs,0,0.11795,0.11667,0.11667,0.03208,0,1
rs,6144,2560,512,steady,1,c_fluxgemm_only,1,0.08909,0.08627,0.08909,0.01095,0,1
rs,6144,2560,512,steady,2,c_cublas,2,0.07264,0.07149,0.07264,0.01398,0,1
rs,6144,2560,512,steady,2,A_gemmrs,0,0.11866,0.11712,0.11712,0.03196,0,1
rs,6144,2560,512,steady,2,c_fluxgemm_only,1,0.08787,0.08646,0.08787,0.01020,0,1
rs,6144,2560,512,steady,3,c_cublas,2,0.07270,0.07072,0.07270,0.01269,0,1
rs,6144,2560,512,steady,3,A_gemmrs,0,0.11949,0.11866,0.11866,0.03292,0,1
rs,6144,2560,512,steady,3,c_fluxgemm_only,1,0.08787,0.08640,0.08787,0.01001,0,1
rs,6144,2560,512,steady,4,c_cublas,2,0.07270,0.07078,0.07270,0.01271,0,1
rs,6144,2560,512,steady,4,A_gemmrs,1,0.11923,0.11923,0.11923,0.03374,0,1
rs,6144,2560,512,steady,4,c_fluxgemm_only,0,0.08896,0.08544,0.08896,0.01034,0,1
rs,6144,2560,512,steady,5,c_cublas,0,0.07437,0.07066,0.07437,0.01242,0,1
rs,6144,2560,512,steady,5,A_gemmrs,2,0.11693,0.11686,0.11693,0.03288,0,1
rs,6144,2560,512,steady,5,c_fluxgemm_only,1,0.08794,0.08557,0.08794,0.01037,0,1
rs,6144,2560,512,steady,6,c_cublas,2,0.07258,0.07078,0.07258,0.01706,0,1
rs,6144,2560,512,steady,6,A_gemmrs,1,0.11373,0.11366,0.11373,0.03149,0,1
rs,6144,2560,512,steady,6,c_fluxgemm_only,0,0.08896,0.08614,0.08896,0.01044,0,1
rs,6144,2560,512,steady,7,c_cublas,0,0.07430,0.07072,0.07430,0.01247,0,1
rs,6144,2560,512,steady,7,A_gemmrs,2,0.11981,0.11974,0.11981,0.03187,0,1
rs,6144,2560,512,steady,7,c_fluxgemm_only,1,0.08800,0.08557,0.08800,0.01024,0,1
rs,6144,2560,512,steady,8,c_cublas,0,0.07443,0.07238,0.07443,0.01273,1350,1
rs,6144,2560,512,steady,8,A_gemmrs,1,0.11763,0.11757,0.11763,0.03344,1350,1
rs,6144,2560,512,steady,8,c_fluxgemm_only,2,0.08787,0.08550,0.08787,0.01002,1350,1
rs,6144,2560,512,steady,9,c_cublas,2,0.07258,0.07072,0.07258,0.01262,1350,1
rs,6144,2560,512,steady,9,A_gemmrs,1,0.11366,0.11366,0.11366,0.03402,1350,1
rs,6144,2560,512,steady,9,c_fluxgemm_only,0,0.08870,0.08550,0.08870,0.01015,1350,1
rs,6144,2560,512,steady,10,c_cublas,1,0.07258,0.07072,0.07258,0.01263,1350,1
rs,6144,2560,512,steady,10,A_gemmrs,2,0.12166,0.12166,0.12166,0.03322,1350,1
rs,6144,2560,512,steady,10,c_fluxgemm_only,0,0.08909,0.08544,0.08909,0.01043,1350,1
rs,6144,2560,512,steady,11,c_cublas,2,0.07270,0.07066,0.07270,0.01262,1350,1
rs,6144,2560,512,steady,11,A_gemmrs,0,0.11629,0.11539,0.11539,0.03273,1350,1
rs,6144,2560,512,steady,11,c_fluxgemm_only,1,0.08794,0.08550,0.08794,0.01013,1350,1
rs,6144,2560,512,steady,12,c_cublas,1,0.07264,0.07072,0.07264,0.01378,1350,1
rs,6144,2560,512,steady,12,A_gemmrs,2,0.11360,0.11354,0.11360,0.03174,1350,1
rs,6144,2560,512,steady,12,c_fluxgemm_only,0,0.08909,0.08550,0.08909,0.01040,1350,1
rs,6144,2560,512,steady,13,c_cublas,1,0.07251,0.07072,0.07251,0.01399,1350,1
rs,6144,2560,512,steady,13,A_gemmrs,0,0.12365,0.12314,0.12314,0.03188,1350,1
rs,6144,2560,512,steady,13,c_fluxgemm_only,2,0.08787,0.08557,0.08787,0.01047,1350,1
rs,6144,2560,512,steady,14,c_cublas,0,0.07424,0.07085,0.07424,0.01265,1350,1
rs,6144,2560,512,steady,14,A_gemmrs,2,0.11450,0.11437,0.11450,0.03365,1350,1
rs,6144,2560,512,steady,14,c_fluxgemm_only,1,0.08755,0.08550,0.08755,0.01025,1350,1
rs,6144,2560,512,steady,15,c_cublas,2,0.07232,0.07066,0.07232,0.01257,1350,1
rs,6144,2560,512,steady,15,A_gemmrs,1,0.12211,0.12211,0.12211,0.03197,1350,1
rs,6144,2560,512,steady,15,c_fluxgemm_only,0,0.08845,0.08621,0.08845,0.01028,1350,1
rs,6144,2560,512,steady,16,c_cublas,1,0.07232,0.07072,0.07232,0.01372,1350,1
rs,6144,2560,512,steady,16,A_gemmrs,2,0.11347,0.11334,0.11347,0.03202,1350,1
rs,6144,2560,512,steady,16,c_fluxgemm_only,0,0.08851,0.08557,0.08851,0.01049,1350,1
rs,6144,2560,512,steady,17,c_cublas,2,0.07226,0.07072,0.07226,0.01267,1350,1
rs,6144,2560,512,steady,17,A_gemmrs,0,0.11584,0.11526,0.11584,0.03178,1350,1
rs,6144,2560,512,steady,17,c_fluxgemm_only,1,0.08742,0.08550,0.08742,0.01117,1350,1
rs,6144,2560,512,steady,18,c_cublas,1,0.07238,0.07072,0.07238,0.01256,1350,1
rs,6144,2560,512,steady,18,A_gemmrs,0,0.12032,0.11955,0.11955,0.03274,1350,1
rs,6144,2560,512,steady,18,c_fluxgemm_only,2,0.08819,0.08544,0.08819,0.01132,1350,1
rs,6144,2560,512,steady,19,c_cublas,1,0.07315,0.07098,0.07315,0.01292,1350,1
rs,6144,2560,512,steady,19,A_gemmrs,2,0.11661,0.11654,0.11661,0.03217,1350,1
rs,6144,2560,512,steady,19,c_fluxgemm_only,0,0.08922,0.08563,0.08922,0.01020,1350,1
rs,6144,2560,512,steady,20,c_cublas,2,0.07309,0.07104,0.07309,0.01284,1350,1
rs,6144,2560,512,steady,20,A_gemmrs,0,0.11667,0.11578,0.11578,0.03326,1350,1
rs,6144,2560,512,steady,20,c_fluxgemm_only,1,0.08832,0.08563,0.08832,0.01018,1350,1
rs,6144,2560,512,steady,21,c_cublas,2,0.07296,0.07181,0.07296,0.01278,1350,1
rs,6144,2560,512,steady,21,A_gemmrs,0,0.12006,0.11917,0.11917,0.03202,1350,1
rs,6144,2560,512,steady,21,c_fluxgemm_only,1,0.08845,0.08646,0.08845,0.01127,1350,1
rs,6144,2560,512,steady,22,c_cublas,2,0.07302,0.07181,0.07302,0.01369,1350,1
rs,6144,2560,512,steady,22,A_gemmrs,1,0.11763,0.11750,0.11763,0.03163,1350,1
rs,6144,2560,512,steady,22,c_fluxgemm_only,0,0.08934,0.08659,0.08934,0.01029,1350,1
rs,6144,2560,512,steady,23,c_cublas,1,0.07309,0.07194,0.07309,0.01263,1350,1
rs,6144,2560,512,steady,23,A_gemmrs,0,0.11712,0.11629,0.11629,0.03303,1350,1
rs,6144,2560,512,steady,23,c_fluxgemm_only,2,0.08819,0.08653,0.08819,0.01021,1350,1
rs,6144,2560,512,steady,24,c_cublas,1,0.07302,0.07181,0.07302,0.01254,1350,1
rs,6144,2560,512,steady,24,A_gemmrs,0,0.11994,0.11955,0.11955,0.03308,1350,1
rs,6144,2560,512,steady,24,c_fluxgemm_only,2,0.08832,0.08659,0.08832,0.01033,1350,1
rs,6144,2560,512,steady,25,c_cublas,2,0.07302,0.07181,0.07302,0.01265,1350,1
rs,6144,2560,512,steady,25,A_gemmrs,1,0.11757,0.11757,0.11757,0.03388,1350,1
rs,6144,2560,512,steady,25,c_fluxgemm_only,0,0.08922,0.08659,0.08922,0.01012,1350,1
rs,6144,2560,512,steady,26,c_cublas,2,0.07309,0.07181,0.07309,0.01352,1350,1
rs,6144,2560,512,steady,26,A_gemmrs,1,0.12173,0.12166,0.12173,0.03162,1350,1
rs,6144,2560,512,steady,26,c_fluxgemm_only,0,0.08928,0.08659,0.08928,0.01020,1350,1
rs,6144,2560,512,steady,27,c_cublas,0,0.07469,0.07174,0.07469,0.01340,1350,1
rs,6144,2560,512,steady,27,A_gemmrs,1,0.11424,0.11405,0.11424,0.03193,1350,1
rs,6144,2560,512,steady,27,c_fluxgemm_only,2,0.08826,0.08653,0.08826,0.01079,1350,1
rs,6144,2560,512,steady,28,c_cublas,1,0.07302,0.07181,0.07302,0.01385,1350,1
rs,6144,2560,512,steady,28,A_gemmrs,2,0.12365,0.12365,0.12365,0.03201,1350,1
rs,6144,2560,512,steady,28,c_fluxgemm_only,0,0.08915,0.08653,0.08915,0.01013,1350,1
rs,6144,2560,512,steady,29,c_cublas,1,0.07302,0.07174,0.07302,0.01263,1350,1
rs,6144,2560,512,steady,29,A_gemmrs,0,0.11642,0.11546,0.11546,0.03146,1350,1
rs,6144,2560,512,steady,29,c_fluxgemm_only,2,0.08838,0.08672,0.08838,0.01031,1350,1
rs,6144,2560,512,steady,30,c_cublas,1,0.07309,0.07181,0.07309,0.01336,1350,1
rs,6144,2560,512,steady,30,A_gemmrs,0,0.11590,0.11565,0.11565,0.03194,1350,1
rs,6144,2560,512,steady,30,c_fluxgemm_only,2,0.08819,0.08659,0.08819,0.01034,1350,1
rs,6144,2560,512,steady,31,c_cublas,2,0.07302,0.07187,0.07302,0.01321,1350,1
rs,6144,2560,512,steady,31,A_gemmrs,0,0.12429,0.12403,0.12403,0.03362,1350,1
rs,6144,2560,512,steady,31,c_fluxgemm_only,1,0.08826,0.08666,0.08826,0.01008,1350,1
rs,6144,2560,512,steady,32,c_cublas,0,0.07475,0.07194,0.07475,0.01230,1350,1
rs,6144,2560,512,steady,32,A_gemmrs,2,0.11629,0.11622,0.11629,0.03149,1350,1
rs,6144,2560,512,steady,32,c_fluxgemm_only,1,0.08819,0.08704,0.08819,0.01024,1350,1
rs,6144,2560,512,steady,33,c_cublas,2,0.07398,0.07226,0.07398,0.01263,1335,1
rs,6144,2560,512,steady,33,A_gemmrs,1,0.12410,0.12403,0.12403,0.03681,1335,1
rs,6144,2560,512,steady,33,c_fluxgemm_only,0,0.08992,0.08787,0.08992,0.01023,1335,1
rs,6144,2560,512,steady,34,c_cublas,1,0.07392,0.07213,0.07392,0.01256,1335,1
rs,6144,2560,512,steady,34,A_gemmrs,2,0.11635,0.11635,0.11635,0.03299,1335,1
rs,6144,2560,512,steady,34,c_fluxgemm_only,0,0.09024,0.08723,0.09024,0.01025,1335,1
rs,6144,2560,512,steady,35,c_cublas,2,0.07379,0.07232,0.07379,0.01263,1335,1
rs,6144,2560,512,steady,35,A_gemmrs,1,0.11917,0.11910,0.11917,0.03147,1335,1
rs,6144,2560,512,steady,35,c_fluxgemm_only,0,0.08998,0.08781,0.08998,0.01025,1335,1
rs,6144,2560,512,steady,36,c_cublas,1,0.07392,0.07226,0.07392,0.01250,1335,1
rs,6144,2560,512,steady,36,A_gemmrs,0,0.12077,0.12000,0.12000,0.03288,1335,1
rs,6144,2560,512,steady,36,c_fluxgemm_only,2,0.08941,0.08717,0.08941,0.01123,1335,1
rs,6144,2560,512,steady,37,c_cublas,2,0.07392,0.07168,0.07392,0.01250,1335,1
rs,6144,2560,512,steady,37,A_gemmrs,1,0.11725,0.11718,0.11725,0.03188,1335,1
rs,6144,2560,512,steady,37,c_fluxgemm_only,0,0.09011,0.08698,0.09011,0.01023,1335,1
rs,6144,2560,512,steady,38,c_cublas,0,0.07565,0.07174,0.07565,0.01249,1335,1
rs,6144,2560,512,steady,38,A_gemmrs,1,0.12288,0.12282,0.12288,0.03379,1335,1
rs,6144,2560,512,steady,38,c_fluxgemm_only,2,0.08941,0.08659,0.08941,0.01029,1335,1
rs,6144,2560,512,steady,39,c_cublas,2,0.07386,0.07162,0.07386,0.01277,1335,1
rs,6144,2560,512,steady,39,A_gemmrs,0,0.11686,0.11635,0.11635,0.03308,1335,1
rs,6144,2560,512,steady,39,c_fluxgemm_only,1,0.08934,0.08659,0.08934,0.01006,1335,1
rs,6144,2560,512,steady,40,c_cublas,2,0.07398,0.07174,0.07398,0.01257,1335,1
rs,6144,2560,512,steady,40,A_gemmrs,1,0.12019,0.12013,0.12019,0.03408,1335,1
rs,6144,2560,512,steady,40,c_fluxgemm_only,0,0.09018,0.08646,0.09018,0.01023,1335,1
rs,6144,2560,512,steady,41,c_cublas,0,0.07558,0.07168,0.07558,0.01237,1335,1
rs,6144,2560,512,steady,41,A_gemmrs,1,0.12013,0.12006,0.12013,0.03199,1335,1
rs,6144,2560,512,steady,41,c_fluxgemm_only,2,0.08934,0.08659,0.08934,0.01033,1335,1
rs,6144,2560,512,steady,42,c_cublas,1,0.07392,0.07168,0.07392,0.01258,1335,1
rs,6144,2560,512,steady,42,A_gemmrs,0,0.11706,0.11667,0.11667,0.03243,1335,1
rs,6144,2560,512,steady,42,c_fluxgemm_only,2,0.08922,0.08653,0.08922,0.01125,1335,1
rs,6144,2560,512,steady,43,c_cublas,2,0.07379,0.07168,0.07379,0.01262,1320,1
rs,6144,2560,512,steady,43,A_gemmrs,1,0.12230,0.12230,0.12230,0.03459,1320,1
rs,6144,2560,512,steady,43,c_fluxgemm_only,0,0.08992,0.08659,0.08992,0.01014,1320,1
rs,6144,2560,512,steady,44,c_cublas,2,0.07398,0.07181,0.07398,0.01271,1320,1
rs,6144,2560,512,steady,44,A_gemmrs,0,0.11942,0.11846,0.11846,0.03372,1320,1
rs,6144,2560,512,steady,44,c_fluxgemm_only,1,0.08915,0.08640,0.08915,0.01008,1320,1
rs,6144,2560,512,steady,45,c_cublas,0,0.07546,0.07424,0.07546,0.01845,1320,1
rs,6144,2560,512,steady,45,A_gemmrs,2,0.12006,0.12000,0.12006,0.03269,1320,1
rs,6144,2560,512,steady,45,c_fluxgemm_only,1,0.08915,0.08640,0.08915,0.01026,1320,1
rs,6144,2560,512,steady,46,c_cublas,1,0.07392,0.07174,0.07392,0.01263,1320,1
rs,6144,2560,512,steady,46,A_gemmrs,2,0.11962,0.11955,0.11962,0.03605,1320,1
rs,6144,2560,512,steady,46,c_fluxgemm_only,0,0.09011,0.08710,0.09011,0.01034,1320,1
rs,6144,2560,512,steady,47,c_cublas,2,0.07386,0.07168,0.07386,0.01365,1320,1
rs,6144,2560,512,steady,47,A_gemmrs,0,0.11802,0.11635,0.11635,0.03192,1320,1
rs,6144,2560,512,steady,47,c_fluxgemm_only,1,0.08934,0.08653,0.08934,0.01013,1320,1
rs,6144,2560,512,steady,48,c_cublas,1,0.07398,0.07168,0.07398,0.01268,1320,1
rs,6144,2560,512,steady,48,A_gemmrs,0,0.12083,0.11987,0.11987,0.03507,1320,1
rs,6144,2560,512,steady,48,c_fluxgemm_only,2,0.08928,0.08640,0.08928,0.01145,1320,1
rs,6144,2560,512,steady,49,c_cublas,1,0.07386,0.07174,0.07386,0.01374,1320,1
rs,6144,2560,512,steady,49,A_gemmrs,2,0.12045,0.12045,0.12045,0.03217,1320,1
rs,6144,2560,512,steady,49,c_fluxgemm_only,0,0.08998,0.08659,0.08998,0.01012,1320,1
rs,6144,2560,2048,gpu,0,c_cublas,2,0.27341,0.27136,0.27341,0.04216,0,1
rs,6144,2560,2048,gpu,0,A_gemmrs,0,0.35840,0.35738,0.35840,0.08563,0,1
rs,6144,2560,2048,gpu,0,c_fluxgemm_only,1,0.29696,0.29082,0.29696,0.02556,0,1
rs,6144,2560,2048,gpu,1,c_cublas,1,0.27341,0.27238,0.27341,0.03708,0,1
rs,6144,2560,2048,gpu,1,A_gemmrs,0,0.33894,0.33894,0.33894,0.07240,0,1
rs,6144,2560,2048,gpu,1,c_fluxgemm_only,2,0.29286,0.28877,0.29286,0.02458,0,1
rs,6144,2560,2048,gpu,2,c_cublas,1,0.27443,0.27238,0.27443,0.03802,0,1
rs,6144,2560,2048,gpu,2,A_gemmrs,2,0.37888,0.37888,0.37888,0.06839,0,1
rs,6144,2560,2048,gpu,2,c_fluxgemm_only,0,0.29594,0.29491,0.29491,0.02234,0,1
rs,6144,2560,2048,gpu,3,c_cublas,0,0.27341,0.27341,0.27341,0.03744,0,1
rs,6144,2560,2048,gpu,3,A_gemmrs,2,0.34304,0.34202,0.34304,0.06412,0,1
rs,6144,2560,2048,gpu,3,c_fluxgemm_only,1,0.29594,0.29389,0.29594,0.02473,0,1
rs,6144,2560,2048,gpu,4,c_cublas,1,0.27443,0.27443,0.27443,0.03632,0,1
rs,6144,2560,2048,gpu,4,A_gemmrs,0,0.33894,0.33690,0.33894,0.06446,0,1
rs,6144,2560,2048,gpu,4,c_fluxgemm_only,2,0.29184,0.28877,0.29184,0.02346,0,1
rs,6144,2560,2048,gpu,5,c_cublas,2,0.27341,0.26931,0.27341,0.03669,0,1
rs,6144,2560,2048,gpu,5,A_gemmrs,0,0.34202,0.34099,0.34202,0.06762,0,1
rs,6144,2560,2048,gpu,5,c_fluxgemm_only,1,0.29286,0.28979,0.29286,0.02152,0,1
rs,6144,2560,2048,gpu,6,c_cublas,2,0.27341,0.26931,0.27341,0.03647,0,1
rs,6144,2560,2048,gpu,6,A_gemmrs,0,0.35328,0.35328,0.35328,0.06854,0,1
rs,6144,2560,2048,gpu,6,c_fluxgemm_only,1,0.29594,0.29286,0.29594,0.02163,0,1
rs,6144,2560,2048,gpu,7,c_cublas,2,0.27443,0.27034,0.27443,0.03575,0,1
rs,6144,2560,2048,gpu,7,A_gemmrs,0,0.33792,0.33690,0.33792,0.06914,0,1
rs,6144,2560,2048,gpu,7,c_fluxgemm_only,1,0.29594,0.28877,0.29594,0.02150,0,1
rs,6144,2560,2048,gpu,8,c_cublas,1,0.27443,0.27034,0.27443,0.03478,0,1
rs,6144,2560,2048,gpu,8,A_gemmrs,0,0.39014,0.38912,0.39014,0.06822,0,1
rs,6144,2560,2048,gpu,8,c_fluxgemm_only,2,0.29286,0.28672,0.29286,0.02297,0,1
rs,6144,2560,2048,gpu,9,c_cublas,2,0.27238,0.26931,0.27238,0.04283,0,1
rs,6144,2560,2048,gpu,9,A_gemmrs,1,0.33792,0.33382,0.33792,0.06404,0,1
rs,6144,2560,2048,gpu,9,c_fluxgemm_only,0,0.29594,0.28672,0.29594,0.02264,0,1
rs,6144,2560,2048,gpu,10,c_cublas,0,0.27136,0.26931,0.27136,0.03441,0,1
rs,6144,2560,2048,gpu,10,A_gemmrs,1,0.34202,0.33997,0.34202,0.06835,0,1
rs,6144,2560,2048,gpu,10,c_fluxgemm_only,2,0.29184,0.28774,0.29184,0.02373,0,1
rs,6144,2560,2048,gpu,11,c_cublas,1,0.27238,0.26931,0.27238,0.03522,0,1
rs,6144,2560,2048,gpu,11,A_gemmrs,0,0.33792,0.33690,0.33792,0.06688,0,1
rs,6144,2560,2048,gpu,11,c_fluxgemm_only,2,0.29286,0.28774,0.29286,0.02308,0,1
rs,6144,2560,2048,gpu,12,c_cublas,2,0.27034,0.27034,0.27034,0.03599,0,1
rs,6144,2560,2048,gpu,12,A_gemmrs,1,0.35635,0.35635,0.35635,0.06429,0,1
rs,6144,2560,2048,gpu,12,c_fluxgemm_only,0,0.29184,0.28877,0.29184,0.02144,0,1
rs,6144,2560,2048,gpu,13,c_cublas,1,0.27034,0.26931,0.27034,0.04742,0,1
rs,6144,2560,2048,gpu,13,A_gemmrs,2,0.38605,0.38400,0.38605,0.06728,0,1
rs,6144,2560,2048,gpu,13,c_fluxgemm_only,0,0.29389,0.28570,0.29389,0.02367,0,1
rs,6144,2560,2048,gpu,14,c_cublas,0,0.27034,0.27034,0.27034,0.03632,0,1
rs,6144,2560,2048,gpu,14,A_gemmrs,2,0.33690,0.33587,0.33690,0.06356,0,1
rs,6144,2560,2048,gpu,14,c_fluxgemm_only,1,0.29184,0.28672,0.29184,0.02439,0,1
rs,6144,2560,2048,gpu,15,c_cublas,2,0.27136,0.27034,0.27136,0.03568,0,1
rs,6144,2560,2048,gpu,15,A_gemmrs,0,0.33894,0.33587,0.33894,0.07905,0,1
rs,6144,2560,2048,gpu,15,c_fluxgemm_only,1,0.28979,0.28774,0.28979,0.02177,0,1
rs,6144,2560,2048,gpu,16,c_cublas,1,0.27136,0.26931,0.27136,0.03438,0,1
rs,6144,2560,2048,gpu,16,A_gemmrs,0,0.33894,0.33690,0.33894,0.07250,0,1
rs,6144,2560,2048,gpu,16,c_fluxgemm_only,2,0.28877,0.28774,0.28877,0.02449,0,1
rs,6144,2560,2048,gpu,17,c_cublas,0,0.26931,0.26931,0.26931,0.03760,0,1
rs,6144,2560,2048,gpu,17,A_gemmrs,1,0.36147,0.36045,0.36147,0.06715,0,1
rs,6144,2560,2048,gpu,17,c_fluxgemm_only,2,0.28877,0.28672,0.28877,0.02118,0,1
rs,6144,2560,2048,gpu,18,c_cublas,1,0.27034,0.27034,0.27034,0.03476,1410,1
rs,6144,2560,2048,gpu,18,A_gemmrs,0,0.34509,0.34406,0.34509,0.06632,1410,1
rs,6144,2560,2048,gpu,18,c_fluxgemm_only,2,0.28979,0.28570,0.28979,0.02306,1410,1
rs,6144,2560,2048,gpu,19,c_cublas,0,0.27136,0.27034,0.27034,0.03960,1410,1
rs,6144,2560,2048,gpu,19,A_gemmrs,1,0.38707,0.38605,0.38707,0.07486,1410,1
rs,6144,2560,2048,gpu,19,c_fluxgemm_only,2,0.29594,0.29184,0.29594,0.02231,1410,1
rs,6144,2560,2048,gpu,20,c_cublas,0,0.26931,0.26931,0.26931,0.03816,1410,1
rs,6144,2560,2048,gpu,20,A_gemmrs,1,0.34099,0.33997,0.34099,0.06699,1410,1
rs,6144,2560,2048,gpu,20,c_fluxgemm_only,2,0.29389,0.28774,0.29389,0.02177,1410,1
rs,6144,2560,2048,gpu,21,c_cublas,1,0.26931,0.26829,0.26931,0.03726,1410,1
rs,6144,2560,2048,gpu,21,A_gemmrs,2,0.33792,0.33690,0.33792,0.06592,1410,1
rs,6144,2560,2048,gpu,21,c_fluxgemm_only,0,0.28979,0.28570,0.28979,0.02338,1410,1
rs,6144,2560,2048,gpu,22,c_cublas,1,0.27034,0.26829,0.27034,0.03484,1410,1
rs,6144,2560,2048,gpu,22,A_gemmrs,0,0.33997,0.33997,0.33997,0.06445,1410,1
rs,6144,2560,2048,gpu,22,c_fluxgemm_only,2,0.28979,0.28672,0.28979,0.02299,1410,1
rs,6144,2560,2048,gpu,23,c_cublas,0,0.27136,0.26931,0.27136,0.03690,1410,1
rs,6144,2560,2048,gpu,23,A_gemmrs,1,0.36045,0.36045,0.36045,0.06709,1410,1
rs,6144,2560,2048,gpu,23,c_fluxgemm_only,2,0.29082,0.28774,0.29082,0.02149,1410,1
rs,6144,2560,2048,gpu,24,c_cublas,2,0.27034,0.26829,0.27034,0.03539,1410,1
rs,6144,2560,2048,gpu,24,A_gemmrs,1,0.33792,0.33587,0.33792,0.06544,1410,1
rs,6144,2560,2048,gpu,24,c_fluxgemm_only,0,0.29389,0.28672,0.29389,0.02183,1410,1
rs,6144,2560,2048,gpu,25,c_cublas,1,0.27034,0.26829,0.27034,0.03605,1410,1
rs,6144,2560,2048,gpu,25,A_gemmrs,2,0.40141,0.40038,0.40141,0.06581,1410,1
rs,6144,2560,2048,gpu,25,c_fluxgemm_only,0,0.28979,0.28672,0.28979,0.02414,1410,1
rs,6144,2560,2048,gpu,26,c_cublas,2,0.26931,0.26829,0.26931,0.03679,1410,1
rs,6144,2560,2048,gpu,26,A_gemmrs,1,0.33792,0.33690,0.33792,0.06755,1410,1
rs,6144,2560,2048,gpu,26,c_fluxgemm_only,0,0.29184,0.28467,0.29184,0.02310,1410,1
rs,6144,2560,2048,gpu,27,c_cublas,1,0.26931,0.26829,0.26931,0.03657,1410,1
rs,6144,2560,2048,gpu,27,A_gemmrs,2,0.33894,0.33690,0.33894,0.06927,1410,1
rs,6144,2560,2048,gpu,27,c_fluxgemm_only,0,0.29184,0.28877,0.29184,0.02420,1410,1
rs,6144,2560,2048,gpu,28,c_cublas,1,0.27136,0.27034,0.27136,0.03530,1410,1
rs,6144,2560,2048,gpu,28,A_gemmrs,0,0.33690,0.33485,0.33690,0.06672,1410,1
rs,6144,2560,2048,gpu,28,c_fluxgemm_only,2,0.29082,0.28570,0.29082,0.02313,1410,1
rs,6144,2560,2048,gpu,29,c_cublas,1,0.26931,0.26726,0.26931,0.03692,1410,1
rs,6144,2560,2048,gpu,29,A_gemmrs,2,0.34406,0.34304,0.34406,0.06560,1410,1
rs,6144,2560,2048,gpu,29,c_fluxgemm_only,0,0.29082,0.28979,0.28979,0.02201,1410,1
rs,6144,2560,2048,gpu,30,c_cublas,0,0.26931,0.26829,0.26931,0.03634,1410,1
rs,6144,2560,2048,gpu,30,A_gemmrs,2,0.33997,0.33894,0.33997,0.06352,1410,1
rs,6144,2560,2048,gpu,30,c_fluxgemm_only,1,0.29184,0.28774,0.29184,0.02420,1410,1
rs,6144,2560,2048,gpu,31,c_cublas,0,0.27136,0.26931,0.27136,0.03698,1410,1
rs,6144,2560,2048,gpu,31,A_gemmrs,1,0.39526,0.39424,0.39526,0.06698,1410,1
rs,6144,2560,2048,gpu,31,c_fluxgemm_only,2,0.29491,0.28672,0.29491,0.02166,1410,1
rs,6144,2560,2048,gpu,32,c_cublas,1,0.27034,0.26829,0.27034,0.03725,1410,1
rs,6144,2560,2048,gpu,32,A_gemmrs,2,0.34509,0.34509,0.34509,0.06743,1410,1
rs,6144,2560,2048,gpu,32,c_fluxgemm_only,0,0.29184,0.28877,0.28877,0.02220,1410,1
rs,6144,2560,2048,gpu,33,c_cublas,2,0.27034,0.26829,0.27034,0.03618,1410,1
rs,6144,2560,2048,gpu,33,A_gemmrs,0,0.33792,0.33792,0.33792,0.06710,1410,1
rs,6144,2560,2048,gpu,33,c_fluxgemm_only,1,0.29082,0.28672,0.29082,0.02158,1410,1
rs,6144,2560,2048,gpu,34,c_cublas,2,0.27034,0.26931,0.27034,0.04459,1410,1
rs,6144,2560,2048,gpu,34,A_gemmrs,0,0.33997,0.33894,0.33997,0.06800,1410,1
rs,6144,2560,2048,gpu,34,c_fluxgemm_only,1,0.28877,0.28467,0.28877,0.02097,1410,1
rs,6144,2560,2048,gpu,35,c_cublas,1,0.27136,0.26726,0.27136,0.03617,1410,1
rs,6144,2560,2048,gpu,35,A_gemmrs,2,0.34714,0.34509,0.34714,0.07887,1410,1
rs,6144,2560,2048,gpu,35,c_fluxgemm_only,0,0.29491,0.28774,0.29491,0.02378,1410,1
rs,6144,2560,2048,gpu,36,c_cublas,1,0.27136,0.26931,0.27136,0.03499,1410,1
rs,6144,2560,2048,gpu,36,A_gemmrs,0,0.33587,0.33587,0.33587,0.06506,1410,1
rs,6144,2560,2048,gpu,36,c_fluxgemm_only,2,0.29184,0.28877,0.28877,0.02380,1410,1
rs,6144,2560,2048,gpu,37,c_cublas,1,0.27034,0.26829,0.27034,0.03734,1410,1
rs,6144,2560,2048,gpu,37,A_gemmrs,2,0.38605,0.38502,0.38605,0.07064,1410,1
rs,6144,2560,2048,gpu,37,c_fluxgemm_only,0,0.28979,0.28672,0.28979,0.02163,1410,1
rs,6144,2560,2048,gpu,38,c_cublas,2,0.27034,0.26829,0.27034,0.03779,1410,1
rs,6144,2560,2048,gpu,38,A_gemmrs,0,0.33587,0.33485,0.33587,0.06448,1410,1
rs,6144,2560,2048,gpu,38,c_fluxgemm_only,1,0.28979,0.28570,0.28979,0.02749,1410,1
rs,6144,2560,2048,gpu,39,c_cublas,0,0.27136,0.27034,0.27136,0.03378,1410,1
rs,6144,2560,2048,gpu,39,A_gemmrs,2,0.33690,0.33690,0.33690,0.06483,1410,1
rs,6144,2560,2048,gpu,39,c_fluxgemm_only,1,0.29491,0.28672,0.29491,0.02976,1410,1
rs,6144,2560,2048,gpu,40,c_cublas,1,0.27136,0.27034,0.27136,0.03778,1410,1
rs,6144,2560,2048,gpu,40,A_gemmrs,0,0.33792,0.33792,0.33792,0.06867,1410,1
rs,6144,2560,2048,gpu,40,c_fluxgemm_only,2,0.29184,0.28979,0.28979,0.02482,1410,1
rs,6144,2560,2048,gpu,41,c_cublas,1,0.27034,0.26829,0.27034,0.03737,1410,1
rs,6144,2560,2048,gpu,41,A_gemmrs,2,0.34611,0.34509,0.34611,0.06631,1410,1
rs,6144,2560,2048,gpu,41,c_fluxgemm_only,0,0.28979,0.28570,0.28979,0.02285,1410,1
rs,6144,2560,2048,gpu,42,c_cublas,1,0.27034,0.26931,0.27034,0.03507,1410,1
rs,6144,2560,2048,gpu,42,A_gemmrs,0,0.33894,0.33894,0.33894,0.07838,1410,1
rs,6144,2560,2048,gpu,42,c_fluxgemm_only,2,0.28979,0.28570,0.28979,0.02359,1410,1
rs,6144,2560,2048,gpu,43,c_cublas,1,0.27034,0.26829,0.27034,0.03613,1410,1
rs,6144,2560,2048,gpu,43,A_gemmrs,2,0.38605,0.38502,0.38605,0.06619,1410,1
rs,6144,2560,2048,gpu,43,c_fluxgemm_only,0,0.29082,0.28774,0.29082,0.02199,1410,1
rs,6144,2560,2048,gpu,44,c_cublas,0,0.27034,0.26829,0.27034,0.03670,1410,1
rs,6144,2560,2048,gpu,44,A_gemmrs,1,0.34304,0.34304,0.34304,0.06762,1410,1
rs,6144,2560,2048,gpu,44,c_fluxgemm_only,2,0.29491,0.28672,0.29491,0.02170,1410,1
rs,6144,2560,2048,gpu,45,c_cublas,0,0.27034,0.26931,0.27034,0.03793,1410,1
rs,6144,2560,2048,gpu,45,A_gemmrs,1,0.33997,0.33792,0.33997,0.06685,1410,1
rs,6144,2560,2048,gpu,45,c_fluxgemm_only,2,0.29286,0.28672,0.29286,0.02149,1410,1
rs,6144,2560,2048,gpu,46,c_cublas,1,0.27136,0.27034,0.27136,0.03718,1410,1
rs,6144,2560,2048,gpu,46,A_gemmrs,2,0.33792,0.33792,0.33792,0.06740,1410,1
rs,6144,2560,2048,gpu,46,c_fluxgemm_only,0,0.29491,0.28570,0.29491,0.02122,1410,1
rs,6144,2560,2048,gpu,47,c_cublas,1,0.27034,0.26931,0.27034,0.03469,1410,1
rs,6144,2560,2048,gpu,47,A_gemmrs,0,0.33792,0.33690,0.33792,0.06571,1410,1
rs,6144,2560,2048,gpu,47,c_fluxgemm_only,2,0.29184,0.29184,0.29184,0.02307,1410,1
rs,6144,2560,2048,gpu,48,c_cublas,0,0.26931,0.26829,0.26931,0.03706,1410,1
rs,6144,2560,2048,gpu,48,A_gemmrs,1,0.35021,0.34918,0.35021,0.06774,1410,1
rs,6144,2560,2048,gpu,48,c_fluxgemm_only,2,0.28979,0.28774,0.28979,0.02156,1410,1
rs,6144,2560,2048,gpu,49,c_cublas,2,0.27034,0.26829,0.27034,0.03620,1410,1
rs,6144,2560,2048,gpu,49,A_gemmrs,0,0.41984,0.41779,0.41984,0.06576,1410,1
rs,6144,2560,2048,gpu,49,c_fluxgemm_only,1,0.29286,0.28570,0.29286,0.02077,1410,1
rs,6144,2560,2048,gpu,50,c_cublas,0,0.27034,0.26829,0.27034,0.03533,1410,1
rs,6144,2560,2048,gpu,50,A_gemmrs,1,0.34406,0.34304,0.34406,0.06760,1410,1
rs,6144,2560,2048,gpu,50,c_fluxgemm_only,2,0.29082,0.28979,0.28979,0.02158,1410,1
rs,6144,2560,2048,gpu,51,c_cublas,2,0.27136,0.26931,0.27136,0.03679,1410,1
rs,6144,2560,2048,gpu,51,A_gemmrs,0,0.33690,0.33690,0.33690,0.06560,1410,1
rs,6144,2560,2048,gpu,51,c_fluxgemm_only,1,0.29082,0.28672,0.29082,0.02080,1410,1
rs,6144,2560,2048,gpu,52,c_cublas,1,0.27136,0.26931,0.27136,0.03617,1410,1
rs,6144,2560,2048,gpu,52,A_gemmrs,0,0.33690,0.33485,0.33690,0.06998,1410,1
rs,6144,2560,2048,gpu,52,c_fluxgemm_only,2,0.29389,0.28672,0.29389,0.02396,1410,1
rs,6144,2560,2048,gpu,53,c_cublas,1,0.27034,0.26829,0.27034,0.03688,1410,1
rs,6144,2560,2048,gpu,53,A_gemmrs,2,0.34509,0.34509,0.34509,0.06589,1410,1
rs,6144,2560,2048,gpu,53,c_fluxgemm_only,0,0.28979,0.28570,0.28979,0.02159,1410,1
rs,6144,2560,2048,gpu,54,c_cublas,1,0.27136,0.26931,0.27136,0.03680,1410,1
rs,6144,2560,2048,gpu,54,A_gemmrs,2,0.38298,0.38298,0.38298,0.06601,1410,1
rs,6144,2560,2048,gpu,54,c_fluxgemm_only,0,0.29082,0.28570,0.29082,0.02293,1410,1
rs,6144,2560,2048,gpu,55,c_cublas,2,0.27136,0.26931,0.27136,0.03470,1410,1
rs,6144,2560,2048,gpu,55,A_gemmrs,1,0.33997,0.33792,0.33997,0.06364,1410,1
rs,6144,2560,2048,gpu,55,c_fluxgemm_only,0,0.29082,0.28672,0.29082,0.02316,1410,1
rs,6144,2560,2048,gpu,56,c_cublas,2,0.27034,0.26829,0.27034,0.03660,1410,1
rs,6144,2560,2048,gpu,56,A_gemmrs,0,0.33997,0.33894,0.33997,0.06740,1410,1
rs,6144,2560,2048,gpu,56,c_fluxgemm_only,1,0.29082,0.28877,0.29082,0.02241,1410,1
rs,6144,2560,2048,gpu,57,c_cublas,2,0.27034,0.26829,0.27034,0.03523,1410,1
rs,6144,2560,2048,gpu,57,A_gemmrs,0,0.33792,0.33792,0.33792,0.06882,1410,1
rs,6144,2560,2048,gpu,57,c_fluxgemm_only,1,0.29082,0.28672,0.29082,0.02150,1410,1
rs,6144,2560,2048,gpu,58,c_cublas,2,0.27034,0.26829,0.27034,0.03577,1410,1
rs,6144,2560,2048,gpu,58,A_gemmrs,0,0.33587,0.33587,0.33587,0.06868,1410,1
rs,6144,2560,2048,gpu,58,c_fluxgemm_only,1,0.28979,0.28672,0.28979,0.02170,1410,1
rs,6144,2560,2048,gpu,59,c_cublas,0,0.27034,0.26931,0.27034,0.03408,1410,1
rs,6144,2560,2048,gpu,59,A_gemmrs,2,0.34714,0.34714,0.34714,0.06317,1410,1
rs,6144,2560,2048,gpu,59,c_fluxgemm_only,1,0.29389,0.28672,0.29389,0.02372,1410,1
rs,6144,2560,2048,gpu,60,c_cublas,2,0.26931,0.26829,0.26931,0.03515,1410,1
rs,6144,2560,2048,gpu,60,A_gemmrs,1,0.38707,0.38707,0.38707,0.06580,1410,1
rs,6144,2560,2048,gpu,60,c_fluxgemm_only,0,0.29389,0.28672,0.29389,0.02387,1410,1
rs,6144,2560,2048,gpu,61,c_cublas,0,0.26931,0.26829,0.26931,0.03467,1410,1
rs,6144,2560,2048,gpu,61,A_gemmrs,1,0.33894,0.33792,0.33894,0.06661,1410,1
rs,6144,2560,2048,gpu,61,c_fluxgemm_only,2,0.29491,0.28672,0.29491,0.03356,1410,1
rs,6144,2560,2048,gpu,62,c_cublas,2,0.26931,0.26829,0.26931,0.04731,1410,1
rs,6144,2560,2048,gpu,62,A_gemmrs,1,0.33587,0.33587,0.33587,0.06473,1410,1
rs,6144,2560,2048,gpu,62,c_fluxgemm_only,0,0.28979,0.28672,0.28979,0.02211,1410,1
rs,6144,2560,2048,gpu,63,c_cublas,1,0.27034,0.26931,0.27034,0.03543,1410,1
rs,6144,2560,2048,gpu,63,A_gemmrs,2,0.33997,0.33792,0.33997,0.08403,1410,1
rs,6144,2560,2048,gpu,63,c_fluxgemm_only,0,0.29389,0.28672,0.29389,0.02388,1410,1
rs,6144,2560,2048,gpu,64,c_cublas,2,0.27034,0.26829,0.27034,0.03709,1410,1
rs,6144,2560,2048,gpu,64,A_gemmrs,0,1.30355,0.37069,1.30355,0.08986,1410,1
rs,6144,2560,2048,gpu,64,c_fluxgemm_only,1,0.29491,0.28672,0.29491,0.02255,1410,1
rs,6144,2560,2048,gpu,65,c_cublas,2,0.26931,0.26931,0.26931,0.03819,1410,1
rs,6144,2560,2048,gpu,65,A_gemmrs,0,0.35328,0.35328,0.35328,0.06887,1410,1
rs,6144,2560,2048,gpu,65,c_fluxgemm_only,1,0.29082,0.28979,0.29082,0.02184,1410,1
rs,6144,2560,2048,gpu,66,c_cublas,1,0.27136,0.26931,0.27136,0.03700,1410,1
rs,6144,2560,2048,gpu,66,A_gemmrs,2,0.38810,0.38707,0.38810,0.07036,1410,1
rs,6144,2560,2048,gpu,66,c_fluxgemm_only,0,0.28979,0.28570,0.28979,0.02389,1410,1
rs,6144,2560,2048,gpu,67,c_cublas,0,0.27136,0.27034,0.27136,0.03705,1410,1
rs,6144,2560,2048,gpu,67,A_gemmrs,2,0.33894,0.33792,0.33894,0.06575,1410,1
rs,6144,2560,2048,gpu,67,c_fluxgemm_only,1,0.28979,0.28672,0.28979,0.02969,1410,1
rs,6144,2560,2048,gpu,68,c_cublas,0,0.27034,0.26829,0.27034,0.03949,1410,1
rs,6144,2560,2048,gpu,68,A_gemmrs,2,0.33690,0.33587,0.33690,0.07165,1410,1
rs,6144,2560,2048,gpu,68,c_fluxgemm_only,1,0.28979,0.28672,0.28979,0.02413,1410,1
rs,6144,2560,2048,gpu,69,c_cublas,2,0.27034,0.26931,0.27034,0.03533,1410,1
rs,6144,2560,2048,gpu,69,A_gemmrs,1,0.33894,0.33792,0.33894,0.06513,1410,1
rs,6144,2560,2048,gpu,69,c_fluxgemm_only,0,0.29491,0.28570,0.29491,0.02333,1410,1
rs,6144,2560,2048,gpu,70,c_cublas,2,0.27034,0.26931,0.27034,0.03453,1410,1
rs,6144,2560,2048,gpu,70,A_gemmrs,1,0.35635,0.35533,0.35635,0.06600,1410,1
rs,6144,2560,2048,gpu,70,c_fluxgemm_only,0,0.29389,0.28570,0.29389,0.02373,1410,1
rs,6144,2560,2048,gpu,71,c_cublas,2,0.27136,0.27136,0.27136,0.03589,1410,1
rs,6144,2560,2048,gpu,71,A_gemmrs,0,0.33792,0.33690,0.33792,0.07862,1410,1
rs,6144,2560,2048,gpu,71,c_fluxgemm_only,1,0.29491,0.28774,0.29491,0.02242,1410,1
rs,6144,2560,2048,gpu,72,c_cublas,2,0.26931,0.26931,0.26931,0.03441,1410,1
rs,6144,2560,2048,gpu,72,A_gemmrs,1,0.39014,0.39014,0.39014,0.06461,1410,1
rs,6144,2560,2048,gpu,72,c_fluxgemm_only,0,0.28877,0.28672,0.28877,0.02406,1410,1
rs,6144,2560,2048,gpu,73,c_cublas,0,0.26931,0.26931,0.26931,0.03458,1410,1
rs,6144,2560,2048,gpu,73,A_gemmrs,1,0.33690,0.33587,0.33690,0.06716,1410,1
rs,6144,2560,2048,gpu,73,c_fluxgemm_only,2,0.28979,0.28672,0.28979,0.02214,1410,1
rs,6144,2560,2048,gpu,74,c_cublas,0,0.27034,0.26931,0.26931,0.03663,1410,1
rs,6144,2560,2048,gpu,74,A_gemmrs,1,0.33997,0.33792,0.33997,0.06730,1410,1
rs,6144,2560,2048,gpu,74,c_fluxgemm_only,2,0.29389,0.28774,0.29389,0.02159,1410,1
rs,6144,2560,2048,gpu,75,c_cublas,1,0.27034,0.26931,0.27034,0.03722,1410,1
rs,6144,2560,2048,gpu,75,A_gemmrs,2,0.33894,0.33587,0.33894,0.06589,1410,1
rs,6144,2560,2048,gpu,75,c_fluxgemm_only,0,0.28979,0.28774,0.28979,0.02198,1410,1
rs,6144,2560,2048,gpu,76,c_cublas,1,0.26931,0.26931,0.26931,0.03689,1410,1
rs,6144,2560,2048,gpu,76,A_gemmrs,2,0.34816,0.34816,0.34816,0.07016,1410,1
rs,6144,2560,2048,gpu,76,c_fluxgemm_only,0,0.29491,0.29082,0.29491,0.02344,1410,1
rs,6144,2560,2048,gpu,77,c_cublas,1,0.26931,0.26931,0.26931,0.03798,1410,1
rs,6144,2560,2048,gpu,77,A_gemmrs,2,0.38093,0.37990,0.38093,0.06631,1410,1
rs,6144,2560,2048,gpu,77,c_fluxgemm_only,0,0.28979,0.28774,0.28979,0.02447,1410,1
rs,6144,2560,2048,gpu,78,c_cublas,2,0.26931,0.26931,0.26931,0.03512,1410,1
rs,6144,2560,2048,gpu,78,A_gemmrs,1,0.35635,0.35635,0.35635,0.06289,1410,1
rs,6144,2560,2048,gpu,78,c_fluxgemm_only,0,0.29082,0.29082,0.29082,0.02315,1410,1
rs,6144,2560,2048,gpu,79,c_cublas,0,0.27034,0.27034,0.27034,0.03472,1410,1
rs,6144,2560,2048,gpu,79,A_gemmrs,1,0.33587,0.33587,0.33587,0.06735,1410,1
rs,6144,2560,2048,gpu,79,c_fluxgemm_only,2,0.29594,0.29389,0.29594,0.02178,1410,1
rs,6144,2560,2048,gpu,80,c_cublas,0,0.26931,0.26931,0.26931,0.03692,1410,1
rs,6144,2560,2048,gpu,80,A_gemmrs,2,0.33894,0.33792,0.33894,0.06315,1410,1
rs,6144,2560,2048,gpu,80,c_fluxgemm_only,1,0.29286,0.28672,0.29286,0.02378,1410,1
rs,6144,2560,2048,gpu,81,c_cublas,1,0.26931,0.26931,0.26931,0.20726,1410,1
rs,6144,2560,2048,gpu,81,A_gemmrs,0,0.33792,0.33690,0.33792,0.06556,1410,1
rs,6144,2560,2048,gpu,81,c_fluxgemm_only,2,0.28979,0.28774,0.28979,0.02374,1410,1
rs,6144,2560,2048,gpu,82,c_cublas,2,0.26931,0.26931,0.26931,0.03657,1410,1
rs,6144,2560,2048,gpu,82,A_gemmrs,0,0.33894,0.33690,0.33894,0.06800,1410,1
rs,6144,2560,2048,gpu,82,c_fluxgemm_only,1,0.28979,0.28672,0.28979,0.02186,1410,1
rs,6144,2560,2048,gpu,83,c_cublas,0,0.27034,0.27034,0.27034,0.03541,1410,1
rs,6144,2560,2048,gpu,83,A_gemmrs,2,0.38195,0.38093,0.38195,0.06314,1410,1
rs,6144,2560,2048,gpu,83,c_fluxgemm_only,1,0.29082,0.28672,0.29082,0.02420,1410,1
rs,6144,2560,2048,gpu,84,c_cublas,2,0.27034,0.27034,0.27034,0.03515,1410,1
rs,6144,2560,2048,gpu,84,A_gemmrs,1,0.34816,0.34714,0.34816,0.06277,1410,1
rs,6144,2560,2048,gpu,84,c_fluxgemm_only,0,0.29594,0.28672,0.29594,0.02328,1410,1
rs,6144,2560,2048,gpu,85,c_cublas,1,0.26931,0.26931,0.26931,0.03666,1410,1
rs,6144,2560,2048,gpu,85,A_gemmrs,2,0.33792,0.33792,0.33792,0.06656,1410,1
rs,6144,2560,2048,gpu,85,c_fluxgemm_only,0,0.29286,0.28672,0.29286,0.02419,1410,1
rs,6144,2560,2048,gpu,86,c_cublas,0,0.26931,0.26931,0.26931,0.03601,1410,1
rs,6144,2560,2048,gpu,86,A_gemmrs,2,0.36147,0.36147,0.36147,0.06333,1410,1
rs,6144,2560,2048,gpu,86,c_fluxgemm_only,1,0.29082,0.28774,0.29082,0.02349,1410,1
rs,6144,2560,2048,gpu,87,c_cublas,2,0.27136,0.27034,0.27136,0.03635,1410,1
rs,6144,2560,2048,gpu,87,A_gemmrs,0,0.33690,0.33587,0.33690,0.06724,1410,1
rs,6144,2560,2048,gpu,87,c_fluxgemm_only,1,0.29491,0.28774,0.29491,0.02126,1410,1
rs,6144,2560,2048,gpu,88,c_cublas,1,0.27034,0.27034,0.27034,0.03516,1410,1
rs,6144,2560,2048,gpu,88,A_gemmrs,0,0.33690,0.33690,0.33690,0.07010,1410,1
rs,6144,2560,2048,gpu,88,c_fluxgemm_only,2,0.29286,0.28979,0.28979,0.02301,1410,1
rs,6144,2560,2048,gpu,89,c_cublas,1,0.26931,0.26931,0.26931,0.03751,1410,1
rs,6144,2560,2048,gpu,89,A_gemmrs,2,0.40038,0.39936,0.40038,0.06559,1410,1
rs,6144,2560,2048,gpu,89,c_fluxgemm_only,0,0.29082,0.28979,0.28979,0.02248,1410,1
rs,6144,2560,2048,gpu,90,c_cublas,0,0.26931,0.26931,0.26931,0.03660,1410,1
rs,6144,2560,2048,gpu,90,A_gemmrs,1,0.33690,0.33587,0.33690,0.06649,1410,1
rs,6144,2560,2048,gpu,90,c_fluxgemm_only,2,0.29389,0.28672,0.29389,0.02282,1410,1
rs,6144,2560,2048,gpu,91,c_cublas,1,0.26931,0.26931,0.26931,0.03751,1410,1
rs,6144,2560,2048,gpu,91,A_gemmrs,2,0.33792,0.33690,0.33792,0.07059,1410,1
rs,6144,2560,2048,gpu,91,c_fluxgemm_only,0,0.29286,0.29082,0.29082,0.02182,1410,1
rs,6144,2560,2048,gpu,92,c_cublas,1,0.26931,0.26829,0.26931,0.03664,1410,1
rs,6144,2560,2048,gpu,92,A_gemmrs,2,0.36250,0.36147,0.36250,0.06927,1410,1
rs,6144,2560,2048,gpu,92,c_fluxgemm_only,0,0.28979,0.28774,0.28979,0.02299,1410,1
rs,6144,2560,2048,gpu,93,c_cublas,0,0.27034,0.26931,0.27034,0.03749,1410,1
rs,6144,2560,2048,gpu,93,A_gemmrs,2,0.33587,0.33485,0.33587,0.07705,1410,1
rs,6144,2560,2048,gpu,93,c_fluxgemm_only,1,0.28877,0.28774,0.28877,0.02930,1410,1
rs,6144,2560,2048,gpu,94,c_cublas,1,0.27034,0.26931,0.27034,0.03659,1410,1
rs,6144,2560,2048,gpu,94,A_gemmrs,0,0.33792,0.33792,0.33792,0.06491,1410,1
rs,6144,2560,2048,gpu,94,c_fluxgemm_only,2,0.28979,0.28570,0.28979,0.02369,1410,1
rs,6144,2560,2048,gpu,95,c_cublas,0,0.27136,0.27034,0.27136,0.03639,1410,1
rs,6144,2560,2048,gpu,95,A_gemmrs,1,0.39526,0.39322,0.39526,0.06684,1410,1
rs,6144,2560,2048,gpu,95,c_fluxgemm_only,2,0.29184,0.28877,0.29184,0.02167,1410,1
rs,6144,2560,2048,gpu,96,c_cublas,0,0.27034,0.26931,0.27034,0.04609,1410,1
rs,6144,2560,2048,gpu,96,A_gemmrs,2,0.34304,0.34202,0.34304,0.06454,1410,1
rs,6144,2560,2048,gpu,96,c_fluxgemm_only,1,0.28877,0.28774,0.28877,0.02393,1410,1
rs,6144,2560,2048,gpu,97,c_cublas,2,0.27034,0.26931,0.27034,0.03539,1410,1
rs,6144,2560,2048,gpu,97,A_gemmrs,1,0.34406,0.34202,0.34406,0.06217,1410,1
rs,6144,2560,2048,gpu,97,c_fluxgemm_only,0,0.29082,0.28672,0.29082,0.02481,1410,1
rs,6144,2560,2048,gpu,98,c_cublas,2,0.27034,0.26931,0.26931,0.03630,1410,1
rs,6144,2560,2048,gpu,98,A_gemmrs,0,0.35021,0.34918,0.35021,0.06849,1410,1
rs,6144,2560,2048,gpu,98,c_fluxgemm_only,1,0.29286,0.28672,0.29286,0.02201,1410,1
rs,6144,2560,2048,gpu,99,c_cublas,1,0.27034,0.26931,0.27034,0.03455,1410,1
rs,6144,2560,2048,gpu,99,A_gemmrs,0,0.33894,0.33792,0.33894,0.06741,1410,1
rs,6144,2560,2048,gpu,99,c_fluxgemm_only,2,0.29184,0.28877,0.29184,0.02303,1410,1
rs,6144,2560,2048,gpu,100,c_cublas,1,0.27034,0.27034,0.27034,0.03494,1410,1
rs,6144,2560,2048,gpu,100,A_gemmrs,0,0.33690,0.33587,0.33690,0.06644,1410,1
rs,6144,2560,2048,gpu,100,c_fluxgemm_only,2,0.28979,0.28672,0.28979,0.02320,1410,1
rs,6144,2560,2048,gpu,101,c_cublas,2,0.27034,0.26931,0.26931,0.03599,1410,1
rs,6144,2560,2048,gpu,101,A_gemmrs,0,0.38298,0.38298,0.38298,0.06789,1410,1
rs,6144,2560,2048,gpu,101,c_fluxgemm_only,1,0.28877,0.28672,0.28877,0.02124,1410,1
rs,6144,2560,2048,gpu,102,c_cublas,0,0.26931,0.26829,0.26931,0.03576,1410,1
rs,6144,2560,2048,gpu,102,A_gemmrs,1,0.35328,0.35226,0.35328,0.06695,1410,1
rs,6144,2560,2048,gpu,102,c_fluxgemm_only,2,0.29286,0.28774,0.29286,0.02162,1410,1
rs,6144,2560,2048,gpu,103,c_cublas,1,0.26931,0.26931,0.26931,0.03779,1410,1
rs,6144,2560,2048,gpu,103,A_gemmrs,2,0.33894,0.33587,0.33894,0.06723,1410,1
rs,6144,2560,2048,gpu,103,c_fluxgemm_only,0,0.29491,0.29184,0.29491,0.02227,1410,1
rs,6144,2560,2048,gpu,104,c_cublas,0,0.27034,0.26931,0.27034,0.03706,1410,1
rs,6144,2560,2048,gpu,104,A_gemmrs,2,0.33690,0.33485,0.33690,0.06401,1410,1
rs,6144,2560,2048,gpu,104,c_fluxgemm_only,1,0.28979,0.28774,0.28979,0.02384,1410,1
rs,6144,2560,2048,gpu,105,c_cublas,1,0.27034,0.26931,0.27034,0.07136,1410,1
rs,6144,2560,2048,gpu,105,A_gemmrs,2,0.38502,0.38400,0.38502,0.11091,1410,1
rs,6144,2560,2048,gpu,105,c_fluxgemm_only,0,0.29184,0.28774,0.29184,0.05939,1410,1
rs,6144,2560,2048,gpu,106,c_cublas,2,0.26931,0.26829,0.26931,0.09542,1410,1
rs,6144,2560,2048,gpu,106,A_gemmrs,0,0.33587,0.33485,0.33587,0.06692,1410,1
rs,6144,2560,2048,gpu,106,c_fluxgemm_only,1,0.28979,0.28774,0.28979,0.02432,1410,1
rs,6144,2560,2048,gpu,107,c_cublas,1,0.27034,0.26931,0.27034,0.03508,1410,1
rs,6144,2560,2048,gpu,107,A_gemmrs,0,0.33894,0.33792,0.33894,0.07374,1410,1
rs,6144,2560,2048,gpu,107,c_fluxgemm_only,2,0.29491,0.28979,0.29491,0.02325,1410,1
rs,6144,2560,2048,gpu,108,c_cublas,2,0.26931,0.26931,0.26931,0.03504,1410,1
rs,6144,2560,2048,gpu,108,A_gemmrs,1,0.34406,0.34202,0.34406,0.06416,1410,1
rs,6144,2560,2048,gpu,108,c_fluxgemm_only,0,0.28979,0.28774,0.28979,0.02260,1410,1
rs,6144,2560,2048,gpu,109,c_cublas,0,0.26931,0.26829,0.26931,0.03562,1410,1
rs,6144,2560,2048,gpu,109,A_gemmrs,1,0.36762,0.36659,0.36762,0.06750,1410,1
rs,6144,2560,2048,gpu,109,c_fluxgemm_only,2,0.28979,0.28774,0.28979,0.02173,1410,1
rs,6144,2560,2048,gpu,110,c_cublas,0,0.26931,0.26931,0.26931,0.03741,1410,1
rs,6144,2560,2048,gpu,110,A_gemmrs,1,0.34099,0.34099,0.34099,0.06727,1410,1
rs,6144,2560,2048,gpu,110,c_fluxgemm_only,2,0.28979,0.28774,0.28979,0.02160,1410,1
rs,6144,2560,2048,gpu,111,c_cublas,0,0.27136,0.27034,0.27136,0.03697,1410,1
rs,6144,2560,2048,gpu,111,A_gemmrs,2,0.38502,0.38400,0.38502,0.06286,1410,1
rs,6144,2560,2048,gpu,111,c_fluxgemm_only,1,0.28877,0.28672,0.28877,0.02314,1410,1
rs,6144,2560,2048,gpu,112,c_cublas,2,0.26931,0.26931,0.26931,0.03530,1410,1
rs,6144,2560,2048,gpu,112,A_gemmrs,1,0.33792,0.33690,0.33792,0.06529,1410,1
rs,6144,2560,2048,gpu,112,c_fluxgemm_only,0,0.28979,0.28774,0.28979,0.02368,1410,1
rs,6144,2560,2048,gpu,113,c_cublas,2,0.27034,0.26829,0.27034,0.03569,1410,1
rs,6144,2560,2048,gpu,113,A_gemmrs,0,0.34099,0.33997,0.33997,0.08608,1410,1
rs,6144,2560,2048,gpu,113,c_fluxgemm_only,1,0.29389,0.28672,0.29389,0.02150,1410,1
rs,6144,2560,2048,gpu,114,c_cublas,0,0.26931,0.26931,0.26931,0.03548,1410,1
rs,6144,2560,2048,gpu,114,A_gemmrs,1,0.33997,0.33792,0.33997,0.06753,1410,1
rs,6144,2560,2048,gpu,114,c_fluxgemm_only,2,0.28979,0.28672,0.28979,0.02155,1410,1
rs,6144,2560,2048,gpu,115,c_cublas,0,0.27034,0.27034,0.27034,0.03671,1410,1
rs,6144,2560,2048,gpu,115,A_gemmrs,2,0.36250,0.36147,0.36250,0.06368,1410,1
rs,6144,2560,2048,gpu,115,c_fluxgemm_only,1,0.28979,0.28672,0.28979,0.02355,1410,1
rs,6144,2560,2048,gpu,116,c_cublas,2,0.27034,0.26931,0.27034,0.03684,1410,1
rs,6144,2560,2048,gpu,116,A_gemmrs,0,0.33587,0.33485,0.33587,0.06586,1410,1
rs,6144,2560,2048,gpu,116,c_fluxgemm_only,1,0.29491,0.28877,0.29491,0.02255,1410,1
rs,6144,2560,2048,gpu,117,c_cublas,2,0.26931,0.26931,0.26931,0.03637,1410,1
rs,6144,2560,2048,gpu,117,A_gemmrs,0,0.38707,0.38605,0.38605,0.07486,1410,1
rs,6144,2560,2048,gpu,117,c_fluxgemm_only,1,0.28979,0.28774,0.28979,0.02234,1410,1
rs,6144,2560,2048,gpu,118,c_cublas,0,0.26931,0.26931,0.26931,0.03581,1410,1
rs,6144,2560,2048,gpu,118,A_gemmrs,1,0.33792,0.33690,0.33792,0.06789,1410,1
rs,6144,2560,2048,gpu,118,c_fluxgemm_only,2,0.29389,0.28774,0.29389,0.02148,1410,1
rs,6144,2560,2048,gpu,119,c_cublas,0,0.27136,0.27034,0.27136,0.03707,1410,1
rs,6144,2560,2048,gpu,119,A_gemmrs,1,0.33690,0.33587,0.33690,0.06733,1410,1
rs,6144,2560,2048,gpu,119,c_fluxgemm_only,2,0.29491,0.28877,0.29491,0.02149,1410,1
rs,6144,2560,2048,gpu,120,c_cublas,0,0.26931,0.26931,0.26931,0.03732,1410,1
rs,6144,2560,2048,gpu,120,A_gemmrs,1,0.33792,0.33587,0.33792,0.06641,1410,1
rs,6144,2560,2048,gpu,120,c_fluxgemm_only,2,0.29389,0.29184,0.29389,0.02161,1410,1
rs,6144,2560,2048,gpu,121,c_cublas,2,0.27034,0.26931,0.27034,0.03724,1410,1
rs,6144,2560,2048,gpu,121,A_gemmrs,1,0.35635,0.35430,0.35635,0.06371,1410,1
rs,6144,2560,2048,gpu,121,c_fluxgemm_only,0,0.29389,0.29082,0.29389,0.02163,1410,1
rs,6144,2560,2048,gpu,122,c_cublas,1,0.27034,0.27034,0.27034,0.03631,1410,1
rs,6144,2560,2048,gpu,122,A_gemmrs,2,0.37888,0.37786,0.37888,0.06651,1410,1
rs,6144,2560,2048,gpu,122,c_fluxgemm_only,0,0.28877,0.28672,0.28877,0.02396,1410,1
rs,6144,2560,2048,gpu,123,c_cublas,2,0.27034,0.27034,0.27034,0.03592,1410,1
rs,6144,2560,2048,gpu,123,A_gemmrs,0,0.33587,0.33485,0.33587,0.06503,1410,1
rs,6144,2560,2048,gpu,123,c_fluxgemm_only,1,0.29491,0.28672,0.29491,0.02146,1410,1
rs,6144,2560,2048,gpu,124,c_cublas,1,0.27136,0.27034,0.27034,0.03476,1410,1
rs,6144,2560,2048,gpu,124,A_gemmrs,0,0.33894,0.33894,0.33894,0.06883,1410,1
rs,6144,2560,2048,gpu,124,c_fluxgemm_only,2,0.29491,0.28774,0.29491,0.03414,1410,1
rs,6144,2560,2048,gpu,125,c_cublas,2,0.26931,0.26931,0.26931,0.05088,1410,1
rs,6144,2560,2048,gpu,125,A_gemmrs,0,0.33894,0.33792,0.33894,0.06761,1410,1
rs,6144,2560,2048,gpu,125,c_fluxgemm_only,1,0.29389,0.29082,0.29389,0.02147,1410,1
rs,6144,2560,2048,gpu,126,c_cublas,2,0.27034,0.26931,0.26931,0.03542,1410,1
rs,6144,2560,2048,gpu,126,A_gemmrs,1,0.34202,0.33894,0.34202,0.06431,1410,1
rs,6144,2560,2048,gpu,126,c_fluxgemm_only,0,0.29184,0.28979,0.28979,0.02422,1410,1
rs,6144,2560,2048,gpu,127,c_cublas,2,0.27136,0.27034,0.27136,0.03712,1410,1
rs,6144,2560,2048,gpu,127,A_gemmrs,1,0.36659,0.36454,0.36659,0.06438,1410,1
rs,6144,2560,2048,gpu,127,c_fluxgemm_only,0,0.29082,0.28979,0.29082,0.02430,1410,1
rs,6144,2560,2048,gpu,128,c_cublas,2,0.27034,0.26931,0.27034,0.03609,1410,1
rs,6144,2560,2048,gpu,128,A_gemmrs,0,0.39117,0.38912,0.39117,0.06820,1410,1
rs,6144,2560,2048,gpu,128,c_fluxgemm_only,1,0.29491,0.28774,0.29491,0.02639,1410,1
rs,6144,2560,2048,gpu,129,c_cublas,0,0.26931,0.26829,0.26931,0.03446,1410,1
rs,6144,2560,2048,gpu,129,A_gemmrs,2,0.33997,0.33997,0.33997,0.06518,1410,1
rs,6144,2560,2048,gpu,129,c_fluxgemm_only,1,0.29389,0.28672,0.29389,0.02551,1410,1
rs,6144,2560,2048,gpu,130,c_cublas,1,0.27136,0.27034,0.27136,0.03684,1410,1
rs,6144,2560,2048,gpu,130,A_gemmrs,2,0.33587,0.33485,0.33587,0.06673,1410,1
rs,6144,2560,2048,gpu,130,c_fluxgemm_only,0,0.29491,0.29286,0.29491,0.02249,1410,1
rs,6144,2560,2048,gpu,131,c_cublas,2,0.27136,0.27034,0.27136,0.03657,1410,1
rs,6144,2560,2048,gpu,131,A_gemmrs,0,0.33587,0.33587,0.33587,0.07761,1410,1
rs,6144,2560,2048,gpu,131,c_fluxgemm_only,1,0.29491,0.28672,0.29491,0.02269,1410,1
rs,6144,2560,2048,gpu,132,c_cublas,2,0.27034,0.26931,0.27034,0.03598,1410,1
rs,6144,2560,2048,gpu,132,A_gemmrs,0,0.34304,0.34099,0.34304,0.07403,1410,1
rs,6144,2560,2048,gpu,132,c_fluxgemm_only,1,0.29082,0.28877,0.29082,0.02176,1410,1
rs,6144,2560,2048,gpu,133,c_cublas,1,0.26931,0.26931,0.26931,0.03673,1410,1
rs,6144,2560,2048,gpu,133,A_gemmrs,2,0.39219,0.39117,0.39219,0.06631,1410,1
rs,6144,2560,2048,gpu,133,c_fluxgemm_only,0,0.29389,0.28672,0.29389,0.02876,1410,1
rs,6144,2560,2048,gpu,134,c_cublas,1,0.27034,0.26931,0.27034,0.03410,1410,1
rs,6144,2560,2048,gpu,134,A_gemmrs,0,0.34202,0.34099,0.34202,0.06290,1410,1
rs,6144,2560,2048,gpu,134,c_fluxgemm_only,2,0.29184,0.29082,0.29082,0.02316,1410,1
rs,6144,2560,2048,gpu,135,c_cublas,1,0.26931,0.26931,0.26931,0.03487,1410,1
rs,6144,2560,2048,gpu,135,A_gemmrs,0,0.33997,0.33792,0.33997,0.06829,1410,1
rs,6144,2560,2048,gpu,135,c_fluxgemm_only,2,0.29184,0.28877,0.29184,0.02335,1410,1
rs,6144,2560,2048,gpu,136,c_cublas,2,0.27034,0.26931,0.27034,0.03477,1410,1
rs,6144,2560,2048,gpu,136,A_gemmrs,1,0.33792,0.33690,0.33690,0.06387,1410,1
rs,6144,2560,2048,gpu,136,c_fluxgemm_only,0,0.29286,0.28672,0.29286,0.02183,1410,1
rs,6144,2560,2048,gpu,137,c_cublas,1,0.27034,0.26931,0.26931,0.03691,1410,1
rs,6144,2560,2048,gpu,137,A_gemmrs,2,0.33997,0.33997,0.33997,0.06584,1410,1
rs,6144,2560,2048,gpu,137,c_fluxgemm_only,0,0.29389,0.28774,0.29389,0.02425,1410,1
rs,6144,2560,2048,gpu,138,c_cublas,1,0.27136,0.27034,0.27136,0.03663,1410,1
rs,6144,2560,2048,gpu,138,A_gemmrs,2,0.33997,0.33997,0.33997,0.06669,1410,1
rs,6144,2560,2048,gpu,138,c_fluxgemm_only,0,0.29082,0.28570,0.29082,0.02362,1410,1
rs,6144,2560,2048,gpu,139,c_cublas,1,0.26931,0.26931,0.26931,0.03482,1410,1
rs,6144,2560,2048,gpu,139,A_gemmrs,0,0.41574,0.41574,0.41574,0.06673,1410,1
rs,6144,2560,2048,gpu,139,c_fluxgemm_only,2,0.29696,0.28877,0.29696,0.02313,1410,1
rs,6144,2560,2048,gpu,140,c_cublas,0,0.27034,0.26931,0.27034,0.03617,1410,1
rs,6144,2560,2048,gpu,140,A_gemmrs,2,0.34304,0.34202,0.34304,0.06435,1410,1
rs,6144,2560,2048,gpu,140,c_fluxgemm_only,1,0.29286,0.28672,0.29286,0.02320,1410,1
rs,6144,2560,2048,gpu,141,c_cublas,2,0.27034,0.26931,0.27034,0.03636,1410,1
rs,6144,2560,2048,gpu,141,A_gemmrs,0,0.33690,0.33690,0.33690,0.06657,1410,1
rs,6144,2560,2048,gpu,141,c_fluxgemm_only,1,0.28979,0.28672,0.28979,0.02162,1410,1
rs,6144,2560,2048,gpu,142,c_cublas,2,0.27034,0.26931,0.27034,0.03461,1410,1
rs,6144,2560,2048,gpu,142,A_gemmrs,1,0.33792,0.33690,0.33792,0.06402,1410,1
rs,6144,2560,2048,gpu,142,c_fluxgemm_only,0,0.29286,0.28467,0.29286,0.02286,1410,1
rs,6144,2560,2048,gpu,143,c_cublas,0,0.27034,0.27034,0.27034,0.03502,1410,1
rs,6144,2560,2048,gpu,143,A_gemmrs,1,0.34611,0.34509,0.34611,0.06756,1410,1
rs,6144,2560,2048,gpu,143,c_fluxgemm_only,2,0.29491,0.28877,0.29491,0.02121,1410,1
rs,6144,2560,2048,gpu,144,c_cublas,2,0.27034,0.26931,0.27034,0.03572,1410,1
rs,6144,2560,2048,gpu,144,A_gemmrs,1,0.39834,0.39731,0.39834,0.06378,1410,1
rs,6144,2560,2048,gpu,144,c_fluxgemm_only,0,0.28979,0.28570,0.28979,0.02150,1410,1
rs,6144,2560,2048,gpu,145,c_cublas,2,0.27034,0.26931,0.27034,0.03491,1410,1
rs,6144,2560,2048,gpu,145,A_gemmrs,1,0.33587,0.33485,0.33587,0.06452,1410,1
rs,6144,2560,2048,gpu,145,c_fluxgemm_only,0,0.29184,0.28979,0.28979,0.02450,1410,1
rs,6144,2560,2048,gpu,146,c_cublas,2,0.27034,0.26931,0.27034,0.03790,1410,1
rs,6144,2560,2048,gpu,146,A_gemmrs,0,0.34816,0.34714,0.34816,0.06841,1410,1
rs,6144,2560,2048,gpu,146,c_fluxgemm_only,1,0.29082,0.28774,0.29082,0.02192,1410,1
rs,6144,2560,2048,gpu,147,c_cublas,1,0.27034,0.26931,0.27034,0.03444,1410,1
rs,6144,2560,2048,gpu,147,A_gemmrs,0,0.33894,0.33690,0.33894,0.06784,1410,1
rs,6144,2560,2048,gpu,147,c_fluxgemm_only,2,0.28979,0.28774,0.28979,0.02278,1410,1
rs,6144,2560,2048,gpu,148,c_cublas,2,0.26931,0.26931,0.26931,0.03453,1410,1
rs,6144,2560,2048,gpu,148,A_gemmrs,1,0.33792,0.33690,0.33792,0.06532,1410,1
rs,6144,2560,2048,gpu,148,c_fluxgemm_only,0,0.29082,0.28877,0.28877,0.02298,1410,1
rs,6144,2560,2048,gpu,149,c_cublas,2,0.26931,0.26931,0.26931,0.03744,1410,1
rs,6144,2560,2048,gpu,149,A_gemmrs,0,0.33792,0.33587,0.33792,0.06973,1410,1
rs,6144,2560,2048,gpu,149,c_fluxgemm_only,1,0.29286,0.28672,0.29286,0.02204,1410,1
rs,6144,2560,2048,gpu,150,c_cublas,0,0.26931,0.26829,0.26829,0.03504,1410,1
rs,6144,2560,2048,gpu,150,A_gemmrs,2,0.38707,0.38605,0.38707,0.07458,1410,1
rs,6144,2560,2048,gpu,150,c_fluxgemm_only,1,0.29389,0.28774,0.29389,0.02420,1410,1
rs,6144,2560,2048,gpu,151,c_cublas,2,0.27136,0.27136,0.27136,0.03683,1410,1
rs,6144,2560,2048,gpu,151,A_gemmrs,0,0.33792,0.33690,0.33792,0.06646,1410,1
rs,6144,2560,2048,gpu,151,c_fluxgemm_only,1,0.29286,0.28672,0.29286,0.02122,1410,1
rs,6144,2560,2048,gpu,152,c_cublas,0,0.26931,0.26931,0.26931,0.03368,1410,1
rs,6144,2560,2048,gpu,152,A_gemmrs,2,0.34406,0.34304,0.34406,0.06944,1410,1
rs,6144,2560,2048,gpu,152,c_fluxgemm_only,1,0.29389,0.28774,0.29389,0.02388,1410,1
rs,6144,2560,2048,gpu,153,c_cublas,2,0.27034,0.26931,0.26931,0.03669,1410,1
rs,6144,2560,2048,gpu,153,A_gemmrs,0,0.33792,0.33690,0.33792,0.06431,1410,1
rs,6144,2560,2048,gpu,153,c_fluxgemm_only,1,0.28979,0.28672,0.28979,0.02714,1410,1
rs,6144,2560,2048,gpu,154,c_cublas,2,0.27034,0.26931,0.27034,0.03661,1410,1
rs,6144,2560,2048,gpu,154,A_gemmrs,0,0.34099,0.33997,0.34099,0.06826,1410,1
rs,6144,2560,2048,gpu,154,c_fluxgemm_only,1,0.28877,0.28774,0.28877,0.02576,1410,1
rs,6144,2560,2048,gpu,155,c_cublas,2,0.27034,0.27034,0.27034,0.04051,1410,1
rs,6144,2560,2048,gpu,155,A_gemmrs,1,0.33587,0.33485,0.33587,0.08110,1410,1
rs,6144,2560,2048,gpu,155,c_fluxgemm_only,0,0.29082,0.28672,0.29082,0.02373,1410,1
rs,6144,2560,2048,gpu,156,c_cublas,2,0.27034,0.26931,0.27034,0.03495,1410,1
rs,6144,2560,2048,gpu,156,A_gemmrs,1,0.38707,0.38707,0.38707,0.07299,1410,1
rs,6144,2560,2048,gpu,156,c_fluxgemm_only,0,0.28979,0.28672,0.28979,0.02411,1410,1
rs,6144,2560,2048,gpu,157,c_cublas,0,0.27034,0.26829,0.27034,0.04162,1410,1
rs,6144,2560,2048,gpu,157,A_gemmrs,1,0.33894,0.33894,0.33894,0.06761,1410,1
rs,6144,2560,2048,gpu,157,c_fluxgemm_only,2,0.29286,0.28774,0.29286,0.02147,1410,1
rs,6144,2560,2048,gpu,158,c_cublas,1,0.27136,0.27034,0.27136,0.03930,1410,1
rs,6144,2560,2048,gpu,158,A_gemmrs,2,0.33690,0.33690,0.33690,0.06629,1410,1
rs,6144,2560,2048,gpu,158,c_fluxgemm_only,0,0.29286,0.28672,0.29286,0.02791,1410,1
rs,6144,2560,2048,gpu,159,c_cublas,2,0.27136,0.27034,0.27034,0.03700,1410,1
rs,6144,2560,2048,gpu,159,A_gemmrs,0,0.33894,0.33690,0.33894,0.06594,1410,1
rs,6144,2560,2048,gpu,159,c_fluxgemm_only,1,0.28877,0.28877,0.28877,0.02141,1410,1
rs,6144,2560,2048,gpu,160,c_cublas,1,0.27136,0.27136,0.27136,0.03484,1410,1
rs,6144,2560,2048,gpu,160,A_gemmrs,0,0.33690,0.33690,0.33690,0.06966,1410,1
rs,6144,2560,2048,gpu,160,c_fluxgemm_only,2,0.28979,0.28570,0.28979,0.02337,1410,1
rs,6144,2560,2048,gpu,161,c_cublas,2,0.26931,0.26931,0.26931,0.03513,1410,1
rs,6144,2560,2048,gpu,161,A_gemmrs,1,0.34099,0.33894,0.34099,0.06508,1410,1
rs,6144,2560,2048,gpu,161,c_fluxgemm_only,0,0.29082,0.28570,0.29082,0.02281,1410,1
rs,6144,2560,2048,gpu,162,c_cublas,2,0.26931,0.26931,0.26931,0.03577,1410,1
rs,6144,2560,2048,gpu,162,A_gemmrs,0,0.38912,0.38912,0.38912,0.06902,1410,1
rs,6144,2560,2048,gpu,162,c_fluxgemm_only,1,0.30413,0.28979,0.28979,0.02416,1410,1
rs,6144,2560,2048,gpu,163,c_cublas,1,0.26931,0.26931,0.26931,0.03698,1410,1
rs,6144,2560,2048,gpu,163,A_gemmrs,2,0.33792,0.33690,0.33792,0.08801,1410,1
rs,6144,2560,2048,gpu,163,c_fluxgemm_only,0,0.29082,0.28774,0.29082,0.02404,1410,1
rs,6144,2560,2048,gpu,164,c_cublas,2,0.27034,0.27034,0.27034,0.03608,1410,1
rs,6144,2560,2048,gpu,164,A_gemmrs,0,0.33690,0.33485,0.33690,0.06645,1410,1
rs,6144,2560,2048,gpu,164,c_fluxgemm_only,1,0.29082,0.28774,0.29082,0.02130,1410,1
rs,6144,2560,2048,gpu,165,c_cublas,0,0.27034,0.26931,0.27034,0.03518,1410,1
rs,6144,2560,2048,gpu,165,A_gemmrs,1,0.33485,0.33382,0.33485,0.06743,1410,1
rs,6144,2560,2048,gpu,165,c_fluxgemm_only,2,0.29286,0.28979,0.28979,0.02175,1410,1
rs,6144,2560,2048,gpu,166,c_cublas,2,0.27034,0.26931,0.27034,0.04996,1410,1
rs,6144,2560,2048,gpu,166,A_gemmrs,1,0.33997,0.33997,0.33997,0.07199,1410,1
rs,6144,2560,2048,gpu,166,c_fluxgemm_only,0,0.29082,0.28979,0.28979,0.02389,1410,1
rs,6144,2560,2048,gpu,167,c_cublas,0,0.27034,0.27034,0.27034,0.03425,1410,1
rs,6144,2560,2048,gpu,167,A_gemmrs,1,0.39424,0.39322,0.39424,0.06689,1410,1
rs,6144,2560,2048,gpu,167,c_fluxgemm_only,2,0.29082,0.28774,0.29082,0.02168,1410,1
rs,6144,2560,2048,gpu,168,c_cublas,1,0.27136,0.27034,0.27034,0.03556,1410,1
rs,6144,2560,2048,gpu,168,A_gemmrs,0,0.33894,0.33792,0.33894,0.06628,1410,1
rs,6144,2560,2048,gpu,168,c_fluxgemm_only,2,0.28979,0.28774,0.28979,0.02947,1410,1
rs,6144,2560,2048,gpu,169,c_cublas,0,0.26931,0.26931,0.26931,0.03712,1410,1
rs,6144,2560,2048,gpu,169,A_gemmrs,1,0.33894,0.33792,0.33894,0.06593,1410,1
rs,6144,2560,2048,gpu,169,c_fluxgemm_only,2,0.29491,0.28672,0.29491,0.02262,1410,1
rs,6144,2560,2048,gpu,170,c_cublas,0,0.26931,0.26931,0.26931,0.03713,1410,1
rs,6144,2560,2048,gpu,170,A_gemmrs,2,0.33894,0.33792,0.33894,0.07327,1410,1
rs,6144,2560,2048,gpu,170,c_fluxgemm_only,1,0.29082,0.28774,0.29082,0.02339,1410,1
rs,6144,2560,2048,gpu,171,c_cublas,2,0.27136,0.27136,0.27136,0.03730,1410,1
rs,6144,2560,2048,gpu,171,A_gemmrs,0,0.33485,0.33485,0.33485,0.06377,1410,1
rs,6144,2560,2048,gpu,171,c_fluxgemm_only,1,0.28979,0.28774,0.28979,0.02112,1410,1
rs,6144,2560,2048,gpu,172,c_cublas,2,0.27034,0.26931,0.27034,0.03660,1410,1
rs,6144,2560,2048,gpu,172,A_gemmrs,0,0.33690,0.33587,0.33690,0.06802,1410,1
rs,6144,2560,2048,gpu,172,c_fluxgemm_only,1,0.29082,0.28672,0.29082,0.03379,1410,1
rs,6144,2560,2048,gpu,173,c_cublas,2,0.27034,0.26931,0.27034,0.03565,1410,1
rs,6144,2560,2048,gpu,173,A_gemmrs,1,0.38400,0.38298,0.38400,0.07777,1410,1
rs,6144,2560,2048,gpu,173,c_fluxgemm_only,0,0.29491,0.29286,0.29491,0.02421,1410,1
rs,6144,2560,2048,gpu,174,c_cublas,2,0.27034,0.26931,0.27034,0.03643,1410,1
rs,6144,2560,2048,gpu,174,A_gemmrs,0,0.33792,0.33792,0.33792,0.06900,1410,1
rs,6144,2560,2048,gpu,174,c_fluxgemm_only,1,0.29184,0.29082,0.29082,0.02254,1410,1
rs,6144,2560,2048,gpu,175,c_cublas,1,0.26931,0.26931,0.26931,0.03667,1410,1
rs,6144,2560,2048,gpu,175,A_gemmrs,2,0.34202,0.33997,0.34202,0.06660,1410,1
rs,6144,2560,2048,gpu,175,c_fluxgemm_only,0,0.29286,0.29082,0.29082,0.02335,1410,1
rs,6144,2560,2048,gpu,176,c_cublas,0,0.27034,0.26931,0.27034,0.04701,1410,1
rs,6144,2560,2048,gpu,176,A_gemmrs,1,0.33587,0.33382,0.33587,0.06742,1410,1
rs,6144,2560,2048,gpu,176,c_fluxgemm_only,2,0.28979,0.28774,0.28979,0.02175,1410,1
rs,6144,2560,2048,gpu,177,c_cublas,0,0.27034,0.26931,0.27034,0.04033,1410,1
rs,6144,2560,2048,gpu,177,A_gemmrs,1,0.33690,0.33690,0.33690,0.06720,1410,1
rs,6144,2560,2048,gpu,177,c_fluxgemm_only,2,0.29184,0.28979,0.28979,0.02150,1410,1
rs,6144,2560,2048,gpu,178,c_cublas,0,0.26931,0.26931,0.26931,0.04253,1410,1
rs,6144,2560,2048,gpu,178,A_gemmrs,2,0.40858,0.40755,0.40858,0.06483,1410,1
rs,6144,2560,2048,gpu,178,c_fluxgemm_only,1,0.29082,0.28774,0.29082,0.02390,1410,1
rs,6144,2560,2048,gpu,179,c_cublas,0,0.27136,0.27034,0.27136,0.03630,1410,1
rs,6144,2560,2048,gpu,179,A_gemmrs,1,0.33792,0.33690,0.33792,0.06716,1410,1
rs,6144,2560,2048,gpu,179,c_fluxgemm_only,2,0.29184,0.28774,0.29184,0.02154,1410,1
rs,6144,2560,2048,gpu,180,c_cublas,1,0.27034,0.26931,0.27034,0.03717,1410,1
rs,6144,2560,2048,gpu,180,A_gemmrs,2,0.33690,0.33587,0.33690,0.06672,1410,1
rs,6144,2560,2048,gpu,180,c_fluxgemm_only,0,0.28979,0.28774,0.28979,0.02190,1410,1
rs,6144,2560,2048,gpu,181,c_cublas,2,0.27034,0.26931,0.26931,0.03457,1410,1
rs,6144,2560,2048,gpu,181,A_gemmrs,1,0.33894,0.33690,0.33894,0.06227,1410,1
rs,6144,2560,2048,gpu,181,c_fluxgemm_only,0,0.29286,0.28979,0.28979,0.02253,1410,1
rs,6144,2560,2048,gpu,182,c_cublas,1,0.27136,0.27034,0.27136,0.03637,1410,1
rs,6144,2560,2048,gpu,182,A_gemmrs,2,0.34406,0.34202,0.34406,0.06656,1410,1
rs,6144,2560,2048,gpu,182,c_fluxgemm_only,0,0.28979,0.28672,0.28979,0.02374,1410,1
rs,6144,2560,2048,gpu,183,c_cublas,2,0.27034,0.27034,0.27034,0.03604,1410,1
rs,6144,2560,2048,gpu,183,A_gemmrs,0,0.33690,0.33587,0.33690,0.06318,1410,1
rs,6144,2560,2048,gpu,183,c_fluxgemm_only,1,0.29389,0.28672,0.29389,0.02111,1410,1
rs,6144,2560,2048,gpu,184,c_cublas,2,0.27034,0.27034,0.27034,0.03567,1410,1
rs,6144,2560,2048,gpu,184,A_gemmrs,0,0.39117,0.39014,0.39117,0.06947,1410,1
rs,6144,2560,2048,gpu,184,c_fluxgemm_only,1,0.29491,0.28877,0.29491,0.02156,1410,1
rs,6144,2560,2048,gpu,185,c_cublas,2,0.27034,0.27034,0.27034,0.03569,1410,1
rs,6144,2560,2048,gpu,185,A_gemmrs,0,0.33894,0.33792,0.33894,0.06708,1410,1
rs,6144,2560,2048,gpu,185,c_fluxgemm_only,1,0.28979,0.28877,0.28979,0.02164,1410,1
rs,6144,2560,2048,gpu,186,c_cublas,2,0.26931,0.26931,0.26931,0.03582,1410,1
rs,6144,2560,2048,gpu,186,A_gemmrs,1,0.33792,0.33587,0.33587,0.07026,1410,1
rs,6144,2560,2048,gpu,186,c_fluxgemm_only,0,0.28979,0.28672,0.28979,0.02352,1410,1
rs,6144,2560,2048,gpu,187,c_cublas,2,0.27034,0.27034,0.27034,0.03596,1410,1
rs,6144,2560,2048,gpu,187,A_gemmrs,0,0.33792,0.33792,0.33792,0.06735,1410,1
rs,6144,2560,2048,gpu,187,c_fluxgemm_only,1,0.29389,0.29184,0.29389,0.02081,1410,1
rs,6144,2560,2048,gpu,188,c_cublas,0,0.26931,0.26931,0.26931,0.03560,1410,1
rs,6144,2560,2048,gpu,188,A_gemmrs,2,0.34099,0.34099,0.34099,0.06384,1410,1
rs,6144,2560,2048,gpu,188,c_fluxgemm_only,1,0.29389,0.28774,0.29389,0.02379,1410,1
rs,6144,2560,2048,gpu,189,c_cublas,1,0.26931,0.26931,0.26931,0.03456,1410,1
rs,6144,2560,2048,gpu,189,A_gemmrs,0,0.33792,0.33690,0.33792,0.06590,1410,1
rs,6144,2560,2048,gpu,189,c_fluxgemm_only,2,0.29184,0.28979,0.28979,0.02332,1410,1
rs,6144,2560,2048,gpu,190,c_cublas,1,0.27034,0.27034,0.27034,0.07197,1410,1
rs,6144,2560,2048,gpu,190,A_gemmrs,2,0.38605,0.38400,0.38605,0.13827,1410,1
rs,6144,2560,2048,gpu,190,c_fluxgemm_only,0,0.28979,0.28672,0.28979,0.05705,1410,1
rs,6144,2560,2048,gpu,191,c_cublas,2,0.27136,0.27034,0.27136,0.03834,1410,1
rs,6144,2560,2048,gpu,191,A_gemmrs,1,0.33792,0.33792,0.33792,0.06871,1410,1
rs,6144,2560,2048,gpu,191,c_fluxgemm_only,0,0.29082,0.28877,0.29082,0.02492,1410,1
rs,6144,2560,2048,gpu,192,c_cublas,1,0.26931,0.26931,0.26931,0.03640,1410,1
rs,6144,2560,2048,gpu,192,A_gemmrs,2,0.33997,0.33997,0.33997,0.07311,1410,1
rs,6144,2560,2048,gpu,192,c_fluxgemm_only,0,0.29594,0.29184,0.29594,0.02451,1410,1
rs,6144,2560,2048,gpu,193,c_cublas,2,0.27034,0.26829,0.27034,0.03783,1410,1
rs,6144,2560,2048,gpu,193,A_gemmrs,0,0.33997,0.33894,0.33997,0.06509,1410,1
rs,6144,2560,2048,gpu,193,c_fluxgemm_only,1,0.29082,0.28979,0.28979,0.02143,1410,1
rs,6144,2560,2048,gpu,194,c_cublas,2,0.26931,0.26931,0.26931,0.03638,1410,1
rs,6144,2560,2048,gpu,194,A_gemmrs,1,0.35123,0.35021,0.35123,0.06617,1410,1
rs,6144,2560,2048,gpu,194,c_fluxgemm_only,0,0.29389,0.28774,0.29389,0.02382,1410,1
rs,6144,2560,2048,gpu,195,c_cublas,1,0.26931,0.26829,0.26931,0.04541,1410,1
rs,6144,2560,2048,gpu,195,A_gemmrs,2,0.33690,0.33587,0.33690,0.06760,1410,1
rs,6144,2560,2048,gpu,195,c_fluxgemm_only,0,0.29491,0.28877,0.29491,0.02410,1410,1
rs,6144,2560,2048,gpu,196,c_cublas,1,0.27034,0.26931,0.27034,0.04798,1410,1
rs,6144,2560,2048,gpu,196,A_gemmrs,2,0.38912,0.38810,0.38912,0.06764,1410,1
rs,6144,2560,2048,gpu,196,c_fluxgemm_only,0,0.29286,0.28774,0.29286,0.02367,1410,1
rs,6144,2560,2048,gpu,197,c_cublas,1,0.27034,0.26931,0.27034,0.03554,1410,1
rs,6144,2560,2048,gpu,197,A_gemmrs,0,0.33894,0.33792,0.33894,0.07906,1410,1
rs,6144,2560,2048,gpu,197,c_fluxgemm_only,2,0.28877,0.28774,0.28877,0.02387,1410,1
rs,6144,2560,2048,gpu,198,c_cublas,1,0.27034,0.26931,0.27034,0.03571,1410,1
rs,6144,2560,2048,gpu,198,A_gemmrs,0,0.33792,0.33587,0.33792,0.07735,1410,1
rs,6144,2560,2048,gpu,198,c_fluxgemm_only,2,0.29491,0.28672,0.29491,0.02340,1410,1
rs,6144,2560,2048,gpu,199,c_cublas,1,0.27034,0.26931,0.27034,0.03765,1410,1
rs,6144,2560,2048,gpu,199,A_gemmrs,2,0.37274,0.37069,0.37274,0.06651,1410,1
rs,6144,2560,2048,gpu,199,c_fluxgemm_only,0,0.29082,0.28774,0.29082,0.02792,1410,1
rs,6144,2560,2048,steady,0,c_cublas,1,0.29421,0.28390,0.29421,0.01332,0,1
rs,6144,2560,2048,steady,0,A_gemmrs,0,0.37056,0.35898,0.37056,0.03539,0,1
rs,6144,2560,2048,steady,0,c_fluxgemm_only,2,0.31117,0.30131,0.31117,0.01210,0,1
rs,6144,2560,2048,steady,1,c_cublas,1,0.29408,0.28378,0.29408,0.01382,0,1
rs,6144,2560,2048,steady,1,A_gemmrs,0,0.36154,0.36032,0.36032,0.03427,0,1
rs,6144,2560,2048,steady,1,c_fluxgemm_only,2,0.31142,0.30138,0.31142,0.01206,0,1
rs,6144,2560,2048,steady,2,c_cublas,2,0.29421,0.28397,0.29421,0.01439,1275,1
rs,6144,2560,2048,steady,2,A_gemmrs,0,0.36205,0.36051,0.36051,0.03425,1275,1
rs,6144,2560,2048,steady,2,c_fluxgemm_only,1,0.31142,0.30131,0.31142,0.01170,1275,1
rs,6144,2560,2048,steady,3,c_cublas,0,0.29606,0.28390,0.29606,0.01374,1275,1
rs,6144,2560,2048,steady,3,A_gemmrs,1,0.36160,0.36141,0.36160,0.03430,1275,1
rs,6144,2560,2048,steady,3,c_fluxgemm_only,2,0.31155,0.30080,0.31155,0.01187,1275,1
rs,6144,2560,2048,steady,4,c_cublas,0,0.29606,0.28378,0.29606,0.01327,1275,1
rs,6144,2560,2048,steady,4,A_gemmrs,1,0.36262,0.36250,0.36262,0.03568,1275,1
rs,6144,2560,2048,steady,4,c_fluxgemm_only,2,0.31117,0.30131,0.31117,0.01173,1275,1
rs,6144,2560,2048,steady,5,c_cublas,1,0.29414,0.28390,0.29414,0.01327,1275,1
rs,6144,2560,2048,steady,5,A_gemmrs,0,0.36640,0.36595,0.36595,0.03406,1275,1
rs,6144,2560,2048,steady,5,c_fluxgemm_only,2,0.31142,0.30112,0.31142,0.01188,1275,1
rs,6144,2560,2048,steady,6,c_cublas,1,0.29408,0.28390,0.29408,0.01442,1275,1
rs,6144,2560,2048,steady,6,A_gemmrs,0,0.36198,0.36154,0.36154,0.03415,1275,1
rs,6144,2560,2048,steady,6,c_fluxgemm_only,2,0.31110,0.30138,0.31110,0.01217,1275,1
rs,6144,2560,2048,steady,7,c_cublas,2,0.29421,0.28384,0.29421,0.01406,1275,1
rs,6144,2560,2048,steady,7,A_gemmrs,1,0.36186,0.36179,0.36186,0.03363,1275,1
rs,6144,2560,2048,steady,7,c_fluxgemm_only,0,0.31270,0.30125,0.31270,0.01214,1275,1
rs,6144,2560,2048,steady,8,c_cublas,0,0.29600,0.28384,0.29600,0.01387,1275,1
rs,6144,2560,2048,steady,8,A_gemmrs,1,0.36262,0.36256,0.36262,0.03422,1275,1
rs,6144,2560,2048,steady,8,c_fluxgemm_only,2,0.31142,0.30138,0.31142,0.01159,1275,1
rs,6144,2560,2048,steady,9,c_cublas,1,0.29421,0.28397,0.29421,0.01296,1275,1
rs,6144,2560,2048,steady,9,A_gemmrs,0,0.36320,0.36269,0.36269,0.03510,1275,1
rs,6144,2560,2048,steady,9,c_fluxgemm_only,2,0.31155,0.30138,0.31155,0.01194,1275,1
rs,6144,2560,2048,steady,10,c_cublas,0,0.29613,0.28384,0.29613,0.01314,1275,1
rs,6144,2560,2048,steady,10,A_gemmrs,2,0.36166,0.36147,0.36166,0.03473,1275,1
rs,6144,2560,2048,steady,10,c_fluxgemm_only,1,0.31110,0.30163,0.31110,0.01199,1275,1
rs,6144,2560,2048,steady,11,c_cublas,1,0.29414,0.28390,0.29414,0.01320,1275,1
rs,6144,2560,2048,steady,11,A_gemmrs,2,0.36141,0.36128,0.36141,0.03516,1275,1
rs,6144,2560,2048,steady,11,c_fluxgemm_only,0,0.31245,0.30221,0.31245,0.01207,1275,1
rs,6144,2560,2048,steady,12,c_cublas,1,0.29421,0.28397,0.29421,0.01299,1275,1
rs,6144,2560,2048,steady,12,A_gemmrs,0,0.36211,0.36115,0.36115,0.03474,1275,1
rs,6144,2560,2048,steady,12,c_fluxgemm_only,2,0.31104,0.30106,0.31104,0.01308,1275,1
rs,6144,2560,2048,steady,13,c_cublas,0,0.29606,0.28390,0.29606,0.01324,1275,1
rs,6144,2560,2048,steady,13,A_gemmrs,2,0.36224,0.36205,0.36224,0.03378,1275,1
rs,6144,2560,2048,steady,13,c_fluxgemm_only,1,0.31117,0.30150,0.31117,0.01195,1275,1
rs,6144,2560,2048,steady,14,c_cublas,2,0.29414,0.28384,0.29414,0.01324,1275,1
rs,6144,2560,2048,steady,14,A_gemmrs,0,0.35949,0.35853,0.35949,0.03593,1275,1
rs,6144,2560,2048,steady,14,c_fluxgemm_only,1,0.31149,0.30125,0.31149,0.01186,1275,1
rs,6144,2560,2048,steady,15,c_cublas,2,0.29414,0.28390,0.29414,0.01320,1275,1
rs,6144,2560,2048,steady,15,A_gemmrs,1,0.36275,0.36269,0.36275,0.03541,1275,1
rs,6144,2560,2048,steady,15,c_fluxgemm_only,0,0.31226,0.30138,0.31226,0.01212,1275,1
rs,6144,2560,2048,steady,16,c_cublas,2,0.29408,0.28390,0.29408,0.01684,1275,1
rs,6144,2560,2048,steady,16,A_gemmrs,0,0.36384,0.36301,0.36301,0.03396,1275,1
rs,6144,2560,2048,steady,16,c_fluxgemm_only,1,0.31104,0.30144,0.31104,0.01331,1275,1
rs,6144,2560,2048,steady,17,c_cublas,0,0.29626,0.28384,0.29626,0.01722,1275,1
rs,6144,2560,2048,steady,17,A_gemmrs,2,0.36160,0.36147,0.36160,0.03543,1275,1
rs,6144,2560,2048,steady,17,c_fluxgemm_only,1,0.31091,0.30144,0.31091,0.01194,1275,1
rs,6144,2560,2048,steady,18,c_cublas,2,0.29414,0.28736,0.29414,0.01309,1275,1
rs,6144,2560,2048,steady,18,A_gemmrs,1,0.36230,0.36224,0.36230,0.03367,1275,1
rs,6144,2560,2048,steady,18,c_fluxgemm_only,0,0.31187,0.30240,0.31187,0.01191,1275,1
rs,6144,2560,2048,steady,19,c_cublas,0,0.29613,0.28749,0.29613,0.01306,1275,1
rs,6144,2560,2048,steady,19,A_gemmrs,2,0.36256,0.36243,0.36256,0.03374,1275,1
rs,6144,2560,2048,steady,19,c_fluxgemm_only,1,0.31142,0.30445,0.31142,0.01330,1275,1
rs,6144,2560,2048,steady,20,c_cublas,1,0.29414,0.28742,0.29414,0.01314,1275,1
rs,6144,2560,2048,steady,20,A_gemmrs,0,0.35949,0.35904,0.35904,0.03390,1275,1
rs,6144,2560,2048,steady,20,c_fluxgemm_only,2,0.31142,0.30458,0.31142,0.01189,1275,1
rs,6144,2560,2048,steady,21,c_cublas,0,0.29613,0.28883,0.29613,0.01338,1275,1
rs,6144,2560,2048,steady,21,A_gemmrs,2,0.36141,0.36128,0.36141,0.03516,1275,1
rs,6144,2560,2048,steady,21,c_fluxgemm_only,1,0.31149,0.30496,0.31149,0.01188,1275,1
rs,6144,2560,2048,steady,22,c_cublas,0,0.29574,0.28934,0.29574,0.01435,1275,1
rs,6144,2560,2048,steady,22,A_gemmrs,1,0.36352,0.36333,0.36352,0.03382,1275,1
rs,6144,2560,2048,steady,22,c_fluxgemm_only,2,0.31123,0.30106,0.31123,0.01271,1275,1
rs,6144,2560,2048,steady,23,c_cublas,2,0.29427,0.28384,0.29427,0.01435,1275,1
rs,6144,2560,2048,steady,23,A_gemmrs,0,0.36474,0.36352,0.36352,0.03527,1275,1
rs,6144,2560,2048,steady,23,c_fluxgemm_only,1,0.31104,0.30125,0.31104,0.01189,1275,1
rs,6144,2560,2048,steady,24,c_cublas,2,0.30131,0.28634,0.30131,0.01322,1275,1
rs,6144,2560,2048,steady,24,A_gemmrs,0,0.36301,0.36192,0.36192,0.03549,1275,1
rs,6144,2560,2048,steady,24,c_fluxgemm_only,1,0.31738,0.30150,0.31738,0.01168,1275,1
rs,6144,2560,2048,steady,25,c_cublas,0,0.30317,0.29766,0.30317,0.01301,1275,1
rs,6144,2560,2048,steady,25,A_gemmrs,2,0.37197,0.37184,0.37197,0.03414,1275,1
rs,6144,2560,2048,steady,25,c_fluxgemm_only,1,0.31859,0.31565,0.31859,0.01313,1275,1
rs,6144,2560,2048,steady,26,c_cublas,1,0.30490,0.29760,0.30490,0.01310,1230,1
rs,6144,2560,2048,steady,26,A_gemmrs,0,0.37158,0.37056,0.37158,0.03646,1230,1
rs,6144,2560,2048,steady,26,c_fluxgemm_only,2,0.32211,0.31482,0.32211,0.01263,1230,1
rs,6144,2560,2048,steady,27,c_cublas,1,0.30496,0.29536,0.30496,0.01309,1230,1
rs,6144,2560,2048,steady,27,A_gemmrs,2,0.37325,0.37306,0.37325,0.03494,1230,1
rs,6144,2560,2048,steady,27,c_fluxgemm_only,0,0.32326,0.31443,0.32326,0.01192,1230,1
rs,6144,2560,2048,steady,28,c_cublas,1,0.30144,0.29427,0.30144,0.01308,1230,1
rs,6144,2560,2048,steady,28,A_gemmrs,2,0.37011,0.36998,0.37011,0.03400,1230,1
rs,6144,2560,2048,steady,28,c_fluxgemm_only,0,0.32096,0.31245,0.32096,0.01186,1230,1
rs,6144,2560,2048,steady,29,c_cublas,1,0.30138,0.29427,0.30138,0.01303,1230,1
rs,6144,2560,2048,steady,29,A_gemmrs,0,0.36832,0.36762,0.36762,0.03487,1230,1
rs,6144,2560,2048,steady,29,c_fluxgemm_only,2,0.31814,0.31046,0.31814,0.01188,1230,1
rs,6144,2560,2048,steady,30,c_cublas,2,0.29971,0.29056,0.29971,0.01311,1245,1
rs,6144,2560,2048,steady,30,A_gemmrs,1,0.36954,0.36947,0.36954,0.03555,1245,1
rs,6144,2560,2048,steady,30,c_fluxgemm_only,0,0.31917,0.30771,0.31917,0.01176,1245,1
rs,6144,2560,2048,steady,31,c_cublas,2,0.29760,0.29005,0.29760,0.01306,1245,1
rs,6144,2560,2048,steady,31,A_gemmrs,0,0.36909,0.36826,0.36826,0.03493,1245,1
rs,6144,2560,2048,steady,31,c_fluxgemm_only,1,0.31462,0.30790,0.31462,0.01169,1245,1
rs,6144,2560,2048,steady,32,c_cublas,2,0.29754,0.28979,0.29754,0.01300,1245,1
rs,6144,2560,2048,steady,32,A_gemmrs,1,0.36518,0.36506,0.36518,0.03397,1245,1
rs,6144,2560,2048,steady,32,c_fluxgemm_only,0,0.31578,0.30675,0.31578,0.01204,1245,1
rs,6144,2560,2048,steady,33,c_cublas,1,0.29747,0.28979,0.29747,0.01311,1260,1
rs,6144,2560,2048,steady,33,A_gemmrs,0,0.36845,0.36755,0.36755,0.03676,1260,1
rs,6144,2560,2048,steady,33,c_fluxgemm_only,2,0.31488,0.30362,0.31488,0.01200,1260,1
rs,6144,2560,2048,steady,34,c_cublas,0,0.29952,0.28659,0.29952,0.01316,1260,1
rs,6144,2560,2048,steady,34,A_gemmrs,1,0.36390,0.36378,0.36390,0.03411,1260,1
rs,6144,2560,2048,steady,34,c_fluxgemm_only,2,0.31149,0.30374,0.31149,0.01167,1260,1
rs,6144,2560,2048,steady,35,c_cublas,1,0.29414,0.28659,0.29414,0.01310,1260,1
rs,6144,2560,2048,steady,35,A_gemmrs,0,0.36666,0.36602,0.36602,0.03644,1260,1
rs,6144,2560,2048,steady,35,c_fluxgemm_only,2,0.31136,0.30355,0.31136,0.01185,1260,1
rs,6144,2560,2048,steady,36,c_cublas,2,0.29485,0.28653,0.29485,0.01295,1275,1
rs,6144,2560,2048,steady,36,A_gemmrs,1,0.36122,0.36109,0.36122,0.03478,1275,1
rs,6144,2560,2048,steady,36,c_fluxgemm_only,0,0.31238,0.30362,0.31238,0.01177,1275,1
rs,6144,2560,2048,steady,37,c_cublas,0,0.29811,0.28653,0.29811,0.01277,1275,1
rs,6144,2560,2048,steady,37,A_gemmrs,1,0.36595,0.36582,0.36595,0.03486,1275,1
rs,6144,2560,2048,steady,37,c_fluxgemm_only,2,0.31539,0.30381,0.31539,0.01162,1275,1
rs,6144,2560,2048,steady,38,c_cublas,0,0.30054,0.28787,0.30054,0.01332,1275,1
rs,6144,2560,2048,steady,38,A_gemmrs,1,0.36646,0.36646,0.36646,0.03521,1275,1
rs,6144,2560,2048,steady,38,c_fluxgemm_only,2,0.31565,0.30701,0.31565,0.01203,1275,1
rs,6144,2560,2048,steady,39,c_cublas,0,0.30061,0.28973,0.30061,0.01324,1260,1
rs,6144,2560,2048,steady,39,A_gemmrs,2,0.36813,0.36794,0.36813,0.03465,1260,1
rs,6144,2560,2048,steady,39,c_fluxgemm_only,1,0.31552,0.30669,0.31552,0.01180,1260,1
rs,6144,2560,2048,steady,40,c_cublas,2,0.29850,0.28966,0.29850,0.01314,1260,1
rs,6144,2560,2048,steady,40,A_gemmrs,0,0.36499,0.36435,0.36435,0.03391,1260,1
rs,6144,2560,2048,steady,40,c_fluxgemm_only,1,0.31565,0.30694,0.31565,0.01262,1260,1
rs,6144,2560,2048,steady,41,c_cublas,2,0.29862,0.28576,0.29862,0.01302,1260,1
rs,6144,2560,2048,steady,41,A_gemmrs,1,0.36634,0.36614,0.36634,0.03479,1260,1
rs,6144,2560,2048,steady,41,c_fluxgemm_only,0,0.31680,0.30701,0.31680,0.01204,1260,1
rs,6144,2560,2048,steady,42,c_cublas,0,0.29824,0.28557,0.29824,0.01283,1275,1
rs,6144,2560,2048,steady,42,A_gemmrs,2,0.36205,0.36198,0.36205,0.03465,1275,1
rs,6144,2560,2048,steady,42,c_fluxgemm_only,1,0.31206,0.30272,0.31206,0.01178,1275,1
rs,6144,2560,2048,steady,43,c_cublas,0,0.29690,0.28755,0.29690,0.01315,1275,1
rs,6144,2560,2048,steady,43,A_gemmrs,2,0.36262,0.36250,0.36262,0.03454,1275,1
rs,6144,2560,2048,steady,43,c_fluxgemm_only,1,0.31110,0.30227,0.31110,0.01177,1275,1
rs,6144,2560,2048,steady,44,c_cublas,0,0.29619,0.28742,0.29619,0.01526,1275,1
rs,6144,2560,2048,steady,44,A_gemmrs,1,0.36531,0.36518,0.36531,0.03391,1275,1
rs,6144,2560,2048,steady,44,c_fluxgemm_only,2,0.31149,0.30112,0.31149,0.01197,1275,1
rs,6144,2560,2048,steady,45,c_cublas,1,0.29414,0.28730,0.29414,0.01361,1275,1
rs,6144,2560,2048,steady,45,A_gemmrs,2,0.36250,0.36237,0.36250,0.03384,1275,1
rs,6144,2560,2048,steady,45,c_fluxgemm_only,0,0.31232,0.30381,0.31232,0.01177,1275,1
rs,6144,2560,2048,steady,46,c_cublas,2,0.29427,0.28736,0.29427,0.01305,1275,1
rs,6144,2560,2048,steady,46,A_gemmrs,1,0.36416,0.36403,0.36416,0.03571,1275,1
rs,6144,2560,2048,steady,46,c_fluxgemm_only,0,0.31219,0.30579,0.31219,0.01189,1275,1
rs,6144,2560,2048,steady,47,c_cublas,2,0.29421,0.28749,0.29421,0.01312,1275,1
rs,6144,2560,2048,steady,47,A_gemmrs,0,0.36422,0.36346,0.36346,0.03438,1275,1
rs,6144,2560,2048,steady,47,c_fluxgemm_only,1,0.31117,0.30445,0.31117,0.01212,1275,1
rs,6144,2560,2048,steady,48,c_cublas,1,0.29421,0.28736,0.29421,0.01303,1275,1
rs,6144,2560,2048,steady,48,A_gemmrs,2,0.36288,0.36269,0.36288,0.03649,1275,1
rs,6144,2560,2048,steady,48,c_fluxgemm_only,0,0.31213,0.30483,0.31213,0.01202,1275,1
rs,6144,2560,2048,steady,49,c_cublas,1,0.29421,0.28736,0.29421,0.01311,1275,1
rs,6144,2560,2048,steady,49,A_gemmrs,0,0.36224,0.36019,0.36019,0.03434,1275,1
rs,6144,2560,2048,steady,49,c_fluxgemm_only,2,0.31110,0.30502,0.31110,0.01326,1275,1
rs,6144,2560,8192,gpu,0,c_cublas,1,1.04960,1.01786,1.04960,0.04056,0,1
rs,6144,2560,8192,gpu,0,A_gemmrs,2,1.27386,1.26874,1.27386,0.07442,0,1
rs,6144,2560,8192,gpu,0,c_fluxgemm_only,0,1.08851,1.05882,1.08851,0.02436,0,1
rs,6144,2560,8192,gpu,1,c_cublas,0,1.05062,1.00762,1.05062,0.04041,0,1
rs,6144,2560,8192,gpu,1,A_gemmrs,2,1.24006,1.23392,1.24006,0.06641,0,1
rs,6144,2560,8192,gpu,1,c_fluxgemm_only,1,1.08851,1.04550,1.08851,0.02266,0,1
rs,6144,2560,8192,gpu,2,c_cublas,2,1.05165,1.00659,1.05165,0.04381,0,1
rs,6144,2560,8192,gpu,2,A_gemmrs,1,1.22982,1.22266,1.22982,0.06325,0,1
rs,6144,2560,8192,gpu,2,c_fluxgemm_only,0,1.08749,1.04653,1.08749,0.02207,0,1
rs,6144,2560,8192,gpu,3,c_cublas,2,1.05062,1.00454,1.05062,0.03626,0,1
rs,6144,2560,8192,gpu,3,A_gemmrs,1,1.26669,1.26054,1.26669,0.06128,0,1
rs,6144,2560,8192,gpu,3,c_fluxgemm_only,0,1.08851,1.04550,1.08851,0.02210,0,1
rs,6144,2560,8192,gpu,4,c_cublas,2,1.03936,1.00557,1.03936,0.03584,0,1
rs,6144,2560,8192,gpu,4,A_gemmrs,1,1.22880,1.22573,1.22880,0.07598,0,1
rs,6144,2560,8192,gpu,4,c_fluxgemm_only,0,1.07622,1.04448,1.07622,0.02171,0,1
rs,6144,2560,8192,gpu,5,c_cublas,2,1.03834,1.00352,1.03834,0.03674,0,1
rs,6144,2560,8192,gpu,5,A_gemmrs,0,1.21651,1.21242,1.21651,0.06662,0,1
rs,6144,2560,8192,gpu,5,c_fluxgemm_only,1,1.07827,1.04448,1.07827,0.01973,0,1
rs,6144,2560,8192,gpu,6,c_cublas,2,1.03834,1.00352,1.03834,0.03715,0,1
rs,6144,2560,8192,gpu,6,A_gemmrs,0,1.26054,1.25747,1.26054,0.06667,0,1
rs,6144,2560,8192,gpu,6,c_fluxgemm_only,1,1.07725,1.04243,1.07725,0.02011,0,1
rs,6144,2560,8192,gpu,7,c_cublas,1,1.03834,1.00454,1.03834,0.03551,0,1
rs,6144,2560,8192,gpu,7,A_gemmrs,0,1.22982,1.22470,1.22982,0.06804,0,1
rs,6144,2560,8192,gpu,7,c_fluxgemm_only,2,1.07622,1.04346,1.07622,0.02153,0,1
rs,6144,2560,8192,gpu,8,c_cublas,0,1.03936,1.00454,1.03936,0.04868,0,1
rs,6144,2560,8192,gpu,8,A_gemmrs,2,1.26054,1.25747,1.26054,0.06220,0,1
rs,6144,2560,8192,gpu,8,c_fluxgemm_only,1,1.07725,1.04141,1.07725,0.02196,0,1
rs,6144,2560,8192,gpu,9,c_cublas,1,1.03936,1.00557,1.03936,0.03530,1335,1
rs,6144,2560,8192,gpu,9,A_gemmrs,0,1.21754,1.21344,1.21754,0.06416,1335,1
rs,6144,2560,8192,gpu,9,c_fluxgemm_only,2,1.07622,1.04243,1.07622,0.02094,1335,1
rs,6144,2560,8192,gpu,10,c_cublas,1,1.03834,1.00352,1.03834,0.03839,1335,1
rs,6144,2560,8192,gpu,10,A_gemmrs,2,1.22880,1.22573,1.22880,0.06446,1335,1
rs,6144,2560,8192,gpu,10,c_fluxgemm_only,0,1.07622,1.04346,1.07622,0.02191,1335,1
rs,6144,2560,8192,gpu,11,c_cublas,0,1.03834,1.00352,1.03834,0.03743,1335,1
rs,6144,2560,8192,gpu,11,A_gemmrs,1,1.25952,1.25440,1.25952,0.06415,1335,1
rs,6144,2560,8192,gpu,11,c_fluxgemm_only,2,1.07725,1.04448,1.07725,0.01947,1335,1
rs,6144,2560,8192,gpu,12,c_cublas,2,1.03936,1.00454,1.03936,0.03609,1335,1
rs,6144,2560,8192,gpu,12,A_gemmrs,1,1.21651,1.21139,1.21651,0.06143,1335,1
rs,6144,2560,8192,gpu,12,c_fluxgemm_only,0,1.07622,1.04448,1.07622,0.02074,1335,1
rs,6144,2560,8192,gpu,13,c_cublas,0,1.03731,1.00352,1.03731,0.03588,1335,1
rs,6144,2560,8192,gpu,13,A_gemmrs,1,1.22982,1.22675,1.22982,0.06495,1335,1
rs,6144,2560,8192,gpu,13,c_fluxgemm_only,2,1.07622,1.04243,1.07622,0.01980,1335,1
rs,6144,2560,8192,gpu,14,c_cublas,1,1.03936,1.00352,1.03936,0.03796,1335,1
rs,6144,2560,8192,gpu,14,A_gemmrs,2,1.25747,1.25235,1.25747,0.06312,1335,1
rs,6144,2560,8192,gpu,14,c_fluxgemm_only,0,1.07520,1.04243,1.07520,0.02077,1335,1
rs,6144,2560,8192,gpu,15,c_cublas,0,1.03834,1.00352,1.03834,0.03742,1335,1
rs,6144,2560,8192,gpu,15,A_gemmrs,2,1.21754,1.21446,1.21754,0.07443,1335,1
rs,6144,2560,8192,gpu,15,c_fluxgemm_only,1,1.07827,1.04550,1.07827,0.02172,1335,1
rs,6144,2560,8192,gpu,16,c_cublas,0,1.04038,1.00557,1.04038,0.03825,1335,1
rs,6144,2560,8192,gpu,16,A_gemmrs,1,1.23187,1.22778,1.23187,0.06453,1335,1
rs,6144,2560,8192,gpu,16,c_fluxgemm_only,2,1.07725,1.04550,1.07725,0.01972,1335,1
rs,6144,2560,8192,gpu,17,c_cublas,0,1.03834,1.00454,1.03834,0.03789,1335,1
rs,6144,2560,8192,gpu,17,A_gemmrs,2,1.25030,1.24518,1.25030,0.08487,1335,1
rs,6144,2560,8192,gpu,17,c_fluxgemm_only,1,1.07622,1.04346,1.07622,0.02161,1335,1
rs,6144,2560,8192,gpu,18,c_cublas,1,1.03936,1.00454,1.03936,0.03786,1335,1
rs,6144,2560,8192,gpu,18,A_gemmrs,2,1.21651,1.21242,1.21651,0.06316,1335,1
rs,6144,2560,8192,gpu,18,c_fluxgemm_only,0,1.07520,1.04243,1.07520,0.02180,1335,1
rs,6144,2560,8192,gpu,19,c_cublas,1,1.03936,1.01478,1.03936,0.04384,1335,1
rs,6144,2560,8192,gpu,19,A_gemmrs,0,1.23290,1.22982,1.23290,0.06456,1335,1
rs,6144,2560,8192,gpu,19,c_fluxgemm_only,2,1.07725,1.05472,1.07725,0.02148,1335,1
rs,6144,2560,8192,gpu,20,c_cublas,2,1.03936,1.01581,1.03936,0.03735,1335,1
rs,6144,2560,8192,gpu,20,A_gemmrs,0,1.21446,1.21037,1.21446,0.06663,1335,1
rs,6144,2560,8192,gpu,20,c_fluxgemm_only,1,1.07622,1.05267,1.07622,0.01947,1335,1
rs,6144,2560,8192,gpu,21,c_cublas,1,1.03834,1.01478,1.03834,0.03737,1335,1
rs,6144,2560,8192,gpu,21,A_gemmrs,2,1.26464,1.26157,1.26464,0.06575,1335,1
rs,6144,2560,8192,gpu,21,c_fluxgemm_only,0,1.07622,1.05472,1.07622,0.02207,1335,1
rs,6144,2560,8192,gpu,22,c_cublas,1,1.03936,1.01478,1.03936,0.03528,1335,1
rs,6144,2560,8192,gpu,22,A_gemmrs,0,1.21549,1.21139,1.21549,0.07094,1335,1
rs,6144,2560,8192,gpu,22,c_fluxgemm_only,2,1.07725,1.05472,1.07725,0.02115,1335,1
rs,6144,2560,8192,gpu,23,c_cublas,2,1.03834,1.01478,1.03834,0.03624,1335,1
rs,6144,2560,8192,gpu,23,A_gemmrs,1,1.21446,1.21139,1.21446,0.07173,1335,1
rs,6144,2560,8192,gpu,23,c_fluxgemm_only,0,1.07622,1.05267,1.07622,0.02080,1335,1
rs,6144,2560,8192,gpu,24,c_cublas,0,1.03936,1.01478,1.03936,0.03819,1335,1
rs,6144,2560,8192,gpu,24,A_gemmrs,1,1.26669,1.26566,1.26669,0.06729,1335,1
rs,6144,2560,8192,gpu,24,c_fluxgemm_only,2,1.07622,1.05472,1.07622,0.02023,1335,1
rs,6144,2560,8192,gpu,25,c_cublas,2,1.03936,1.01786,1.03936,0.03681,1335,1
rs,6144,2560,8192,gpu,25,A_gemmrs,1,1.21651,1.21446,1.21651,0.06931,1335,1
rs,6144,2560,8192,gpu,25,c_fluxgemm_only,0,1.07622,1.05370,1.07622,0.02046,1335,1
rs,6144,2560,8192,gpu,26,c_cublas,1,1.03936,1.01683,1.03936,0.03832,1335,1
rs,6144,2560,8192,gpu,26,A_gemmrs,2,1.21446,1.21037,1.21446,0.06486,1335,1
rs,6144,2560,8192,gpu,26,c_fluxgemm_only,0,1.07622,1.05779,1.07622,0.02212,1335,1
rs,6144,2560,8192,gpu,27,c_cublas,1,1.03936,1.01786,1.03936,0.03803,1335,1
rs,6144,2560,8192,gpu,27,A_gemmrs,2,1.26669,1.26362,1.26669,0.06450,1335,1
rs,6144,2560,8192,gpu,27,c_fluxgemm_only,0,1.07520,1.05779,1.07520,0.02187,1335,1
rs,6144,2560,8192,gpu,28,c_cublas,2,1.03936,1.01888,1.03936,0.03697,1335,1
rs,6144,2560,8192,gpu,28,A_gemmrs,0,1.22266,1.21856,1.22266,0.06416,1335,1
rs,6144,2560,8192,gpu,28,c_fluxgemm_only,1,1.07622,1.05779,1.07622,0.01975,1335,1
rs,6144,2560,8192,gpu,29,c_cublas,1,1.03834,1.01786,1.03834,0.03798,1335,1
rs,6144,2560,8192,gpu,29,A_gemmrs,2,1.21446,1.21037,1.21446,0.06387,1335,1
rs,6144,2560,8192,gpu,29,c_fluxgemm_only,0,1.07725,1.05677,1.07725,0.02167,1335,1
rs,6144,2560,8192,gpu,30,c_cublas,0,1.03834,1.01786,1.03834,0.03722,1335,1
rs,6144,2560,8192,gpu,30,A_gemmrs,2,1.26464,1.26157,1.26464,0.06112,1335,1
rs,6144,2560,8192,gpu,30,c_fluxgemm_only,1,1.07622,1.05677,1.07622,0.02175,1335,1
rs,6144,2560,8192,gpu,31,c_cublas,0,1.03936,1.01683,1.03936,0.03805,1335,1
rs,6144,2560,8192,gpu,31,A_gemmrs,2,1.21446,1.21139,1.21446,0.06095,1335,1
rs,6144,2560,8192,gpu,31,c_fluxgemm_only,1,1.07725,1.05882,1.07725,0.02185,1335,1
rs,6144,2560,8192,gpu,32,c_cublas,1,1.03834,1.01786,1.03834,0.03784,1335,1
rs,6144,2560,8192,gpu,32,A_gemmrs,2,1.21856,1.21651,1.21856,0.06357,1335,1
rs,6144,2560,8192,gpu,32,c_fluxgemm_only,0,1.07725,1.05779,1.07725,0.02091,1335,1
rs,6144,2560,8192,gpu,33,c_cublas,1,1.03936,1.01786,1.03936,0.03564,1335,1
rs,6144,2560,8192,gpu,33,A_gemmrs,0,1.21549,1.21242,1.21549,0.06432,1335,1
rs,6144,2560,8192,gpu,33,c_fluxgemm_only,2,1.07622,1.05677,1.07622,0.02044,1335,1
rs,6144,2560,8192,gpu,34,c_cublas,1,1.03936,1.01786,1.03936,0.03766,1335,1
rs,6144,2560,8192,gpu,34,A_gemmrs,2,1.26566,1.26259,1.26566,0.06394,1335,1
rs,6144,2560,8192,gpu,34,c_fluxgemm_only,0,1.07622,1.05677,1.07622,0.02030,1335,1
rs,6144,2560,8192,gpu,35,c_cublas,0,1.03834,1.01786,1.03834,0.03750,1335,1
rs,6144,2560,8192,gpu,35,A_gemmrs,2,1.21856,1.21549,1.21856,0.06112,1335,1
rs,6144,2560,8192,gpu,35,c_fluxgemm_only,1,1.07725,1.05779,1.07725,0.02173,1335,1
rs,6144,2560,8192,gpu,36,c_cublas,1,1.03936,1.01786,1.03936,0.03793,1335,1
rs,6144,2560,8192,gpu,36,A_gemmrs,2,1.21754,1.21446,1.21754,0.07039,1335,1
rs,6144,2560,8192,gpu,36,c_fluxgemm_only,0,1.07827,1.05779,1.07827,0.02153,1335,1
rs,6144,2560,8192,gpu,37,c_cublas,0,1.03731,1.01786,1.03731,0.03776,1335,1
rs,6144,2560,8192,gpu,37,A_gemmrs,1,1.27078,1.26669,1.27078,0.06368,1335,1
rs,6144,2560,8192,gpu,37,c_fluxgemm_only,2,1.07622,1.05882,1.07622,0.01962,1335,1
rs,6144,2560,8192,gpu,38,c_cublas,0,1.03834,1.01786,1.03834,0.03801,1335,1
rs,6144,2560,8192,gpu,38,A_gemmrs,1,1.21958,1.21754,1.21958,0.08134,1335,1
rs,6144,2560,8192,gpu,38,c_fluxgemm_only,2,1.07725,1.05677,1.07725,0.02047,1335,1
rs,6144,2560,8192,gpu,39,c_cublas,2,1.03834,1.01786,1.03834,0.03696,1335,1
rs,6144,2560,8192,gpu,39,A_gemmrs,0,1.21549,1.21242,1.21549,0.06510,1335,1
rs,6144,2560,8192,gpu,39,c_fluxgemm_only,1,1.07622,1.05677,1.07622,0.01943,1335,1
rs,6144,2560,8192,gpu,40,c_cublas,0,1.03936,1.01888,1.03936,0.03626,1335,1
rs,6144,2560,8192,gpu,40,A_gemmrs,2,1.26566,1.26259,1.26566,0.06480,1335,1
rs,6144,2560,8192,gpu,40,c_fluxgemm_only,1,1.07622,1.05677,1.07622,0.03248,1335,1
rs,6144,2560,8192,gpu,41,c_cublas,0,1.03936,1.01888,1.03936,0.03797,1335,1
rs,6144,2560,8192,gpu,41,A_gemmrs,1,1.22163,1.21754,1.22163,0.06446,1335,1
rs,6144,2560,8192,gpu,41,c_fluxgemm_only,2,1.07622,1.05677,1.07622,0.01928,1335,1
rs,6144,2560,8192,gpu,42,c_cublas,2,1.03834,1.01786,1.03834,0.03716,1335,1
rs,6144,2560,8192,gpu,42,A_gemmrs,0,1.21754,1.21446,1.21754,0.06356,1335,1
rs,6144,2560,8192,gpu,42,c_fluxgemm_only,1,1.07622,1.05779,1.07622,0.02019,1335,1
rs,6144,2560,8192,gpu,43,c_cublas,2,1.03731,1.01683,1.03731,0.03552,1335,1
rs,6144,2560,8192,gpu,43,A_gemmrs,1,1.26566,1.26054,1.26566,0.06195,1335,1
rs,6144,2560,8192,gpu,43,c_fluxgemm_only,0,1.07622,1.05779,1.07622,0.02161,1335,1
rs,6144,2560,8192,gpu,44,c_cublas,1,1.03834,1.01786,1.03834,0.03719,1335,1
rs,6144,2560,8192,gpu,44,A_gemmrs,2,1.21958,1.21754,1.21958,0.06445,1335,1
rs,6144,2560,8192,gpu,44,c_fluxgemm_only,0,1.07827,1.05882,1.07827,0.03219,1335,1
rs,6144,2560,8192,gpu,45,c_cublas,1,1.03731,1.01786,1.03731,0.03772,1335,1
rs,6144,2560,8192,gpu,45,A_gemmrs,2,1.21549,1.21242,1.21549,0.07003,1335,1
rs,6144,2560,8192,gpu,45,c_fluxgemm_only,0,1.07520,1.05779,1.07520,0.02138,1335,1
rs,6144,2560,8192,gpu,46,c_cublas,0,1.03936,1.01786,1.03936,0.03961,1335,1
rs,6144,2560,8192,gpu,46,A_gemmrs,2,1.26874,1.26669,1.26874,0.06494,1335,1
rs,6144,2560,8192,gpu,46,c_fluxgemm_only,1,1.07725,1.05882,1.07725,0.02172,1335,1
rs,6144,2560,8192,gpu,47,c_cublas,1,1.03834,1.01683,1.03834,0.03594,1335,1
rs,6144,2560,8192,gpu,47,A_gemmrs,0,1.21446,1.21242,1.21446,0.06367,1335,1
rs,6144,2560,8192,gpu,47,c_fluxgemm_only,2,1.07622,1.05574,1.07622,0.02083,1335,1
rs,6144,2560,8192,gpu,48,c_cublas,1,1.04038,1.01786,1.04038,0.03779,1335,1
rs,6144,2560,8192,gpu,48,A_gemmrs,2,1.22778,1.22470,1.22778,0.06395,1335,1
rs,6144,2560,8192,gpu,48,c_fluxgemm_only,0,1.07827,1.05779,1.07827,0.02120,1335,1
rs,6144,2560,8192,gpu,49,c_cublas,0,1.05062,1.01786,1.05062,0.03743,1335,1
rs,6144,2560,8192,gpu,49,A_gemmrs,2,1.28307,1.27898,1.28307,0.06210,1335,1
rs,6144,2560,8192,gpu,49,c_fluxgemm_only,1,1.08851,1.05677,1.08851,0.02149,1335,1
rs,6144,2560,8192,gpu,50,c_cublas,2,1.05062,1.01683,1.05062,0.03670,1335,1
rs,6144,2560,8192,gpu,50,A_gemmrs,0,1.22880,1.22163,1.22880,0.06472,1335,1
rs,6144,2560,8192,gpu,50,c_fluxgemm_only,1,1.08749,1.05779,1.08749,0.01894,1335,1
rs,6144,2560,8192,gpu,51,c_cublas,1,1.05165,1.01888,1.05165,0.03531,1335,1
rs,6144,2560,8192,gpu,51,A_gemmrs,0,1.22573,1.22163,1.22573,0.06617,1335,1
rs,6144,2560,8192,gpu,51,c_fluxgemm_only,2,1.08749,1.05779,1.08749,0.02144,1335,1
rs,6144,2560,8192,gpu,52,c_cublas,0,1.05062,1.01786,1.05062,0.03785,1335,1
rs,6144,2560,8192,gpu,52,A_gemmrs,2,1.27693,1.27386,1.27693,0.06177,1335,1
rs,6144,2560,8192,gpu,52,c_fluxgemm_only,1,1.08749,1.05677,1.08749,0.02113,1335,1
rs,6144,2560,8192,gpu,53,c_cublas,0,1.05062,1.01786,1.05062,0.03999,1335,1
rs,6144,2560,8192,gpu,53,A_gemmrs,1,1.23187,1.22778,1.23187,0.06915,1335,1
rs,6144,2560,8192,gpu,53,c_fluxgemm_only,2,1.08544,1.05882,1.08544,0.02091,1335,1
rs,6144,2560,8192,gpu,54,c_cublas,1,1.05062,1.01683,1.05062,0.03576,1335,1
rs,6144,2560,8192,gpu,54,A_gemmrs,0,1.22675,1.22163,1.22675,0.06611,1335,1
rs,6144,2560,8192,gpu,54,c_fluxgemm_only,2,1.08749,1.05677,1.08749,0.02152,1335,1
rs,6144,2560,8192,gpu,55,c_cublas,1,1.05062,1.01786,1.05062,0.03585,1335,1
rs,6144,2560,8192,gpu,55,A_gemmrs,0,1.22573,1.22163,1.22573,0.06899,1335,1
rs,6144,2560,8192,gpu,55,c_fluxgemm_only,2,1.08646,1.05677,1.08646,0.02136,1335,1
rs,6144,2560,8192,gpu,56,c_cublas,1,1.05062,1.01786,1.05062,0.03768,1335,1
rs,6144,2560,8192,gpu,56,A_gemmrs,2,1.28102,1.27590,1.28102,0.06504,1335,1
rs,6144,2560,8192,gpu,56,c_fluxgemm_only,0,1.08749,1.05779,1.08749,0.02071,1335,1
rs,6144,2560,8192,gpu,57,c_cublas,1,1.05062,1.01786,1.05062,0.03843,1320,1
rs,6144,2560,8192,gpu,57,A_gemmrs,2,1.22778,1.22266,1.22778,0.06400,1320,1
rs,6144,2560,8192,gpu,57,c_fluxgemm_only,0,1.08749,1.05779,1.08749,0.02204,1320,1
rs,6144,2560,8192,gpu,58,c_cublas,0,1.05062,1.01786,1.05062,0.03809,1320,1
rs,6144,2560,8192,gpu,58,A_gemmrs,1,1.22880,1.22368,1.22880,0.06355,1320,1
rs,6144,2560,8192,gpu,58,c_fluxgemm_only,2,1.08851,1.05779,1.08851,0.02011,1320,1
rs,6144,2560,8192,gpu,59,c_cublas,1,1.05062,1.01683,1.05062,0.03626,1320,1
rs,6144,2560,8192,gpu,59,A_gemmrs,0,1.22778,1.22368,1.22778,0.06482,1320,1
rs,6144,2560,8192,gpu,59,c_fluxgemm_only,2,1.08851,1.05779,1.08851,0.02075,1320,1
rs,6144,2560,8192,gpu,60,c_cublas,1,1.04960,1.01683,1.04960,0.05011,1320,1
rs,6144,2560,8192,gpu,60,A_gemmrs,2,1.27488,1.27181,1.27488,0.06369,1320,1
rs,6144,2560,8192,gpu,60,c_fluxgemm_only,0,1.08749,1.05779,1.08749,0.02052,1320,1
rs,6144,2560,8192,gpu,61,c_cublas,2,1.04960,1.01786,1.04960,0.03596,1320,1
rs,6144,2560,8192,gpu,61,A_gemmrs,1,1.22675,1.22470,1.22675,0.06191,1320,1
rs,6144,2560,8192,gpu,61,c_fluxgemm_only,0,1.08749,1.05677,1.08749,0.02117,1320,1
rs,6144,2560,8192,gpu,62,c_cublas,1,1.04960,1.01888,1.04960,0.03576,1320,1
rs,6144,2560,8192,gpu,62,A_gemmrs,0,1.22470,1.22061,1.22470,0.07319,1320,1
rs,6144,2560,8192,gpu,62,c_fluxgemm_only,2,1.08749,1.05677,1.08749,0.02157,1320,1
rs,6144,2560,8192,gpu,63,c_cublas,1,1.05062,1.01990,1.05062,0.03774,1320,1
rs,6144,2560,8192,gpu,63,A_gemmrs,2,1.29331,1.28922,1.29331,0.06382,1320,1
rs,6144,2560,8192,gpu,63,c_fluxgemm_only,0,1.08646,1.05677,1.08646,0.02081,1320,1
rs,6144,2560,8192,gpu,64,c_cublas,1,1.05062,1.01786,1.05062,0.03615,1320,1
rs,6144,2560,8192,gpu,64,A_gemmrs,0,1.23085,1.22675,1.23085,0.06424,1320,1
rs,6144,2560,8192,gpu,64,c_fluxgemm_only,2,1.08851,1.05779,1.08851,0.02152,1320,1
rs,6144,2560,8192,gpu,65,c_cublas,2,1.05267,1.01888,1.05267,0.04192,1320,1
rs,6144,2560,8192,gpu,65,A_gemmrs,1,1.22880,1.22163,1.22880,0.06179,1320,1
rs,6144,2560,8192,gpu,65,c_fluxgemm_only,0,1.08646,1.05574,1.08646,0.02061,1320,1
rs,6144,2560,8192,gpu,66,c_cublas,1,1.05370,1.01683,1.05370,0.03738,1320,1
rs,6144,2560,8192,gpu,66,A_gemmrs,2,1.26566,1.26362,1.26566,0.06339,1320,1
rs,6144,2560,8192,gpu,66,c_fluxgemm_only,0,1.09056,1.05677,1.09056,0.02226,1320,1
rs,6144,2560,8192,gpu,67,c_cublas,2,1.04141,1.01888,1.04141,0.03725,1320,1
rs,6144,2560,8192,gpu,67,A_gemmrs,0,1.21651,1.21344,1.21651,0.07565,1320,1
rs,6144,2560,8192,gpu,67,c_fluxgemm_only,1,1.08032,1.05677,1.08032,0.02030,1320,1
rs,6144,2560,8192,gpu,68,c_cublas,1,1.04243,1.01786,1.04243,0.03580,1335,1
rs,6144,2560,8192,gpu,68,A_gemmrs,0,1.22368,1.21958,1.22368,0.07063,1335,1
rs,6144,2560,8192,gpu,68,c_fluxgemm_only,2,1.08134,1.05779,1.08134,0.02224,1335,1
rs,6144,2560,8192,gpu,69,c_cublas,1,1.04346,1.01888,1.04346,0.03637,1335,1
rs,6144,2560,8192,gpu,69,A_gemmrs,0,1.21856,1.21549,1.21856,0.08000,1335,1
rs,6144,2560,8192,gpu,69,c_fluxgemm_only,2,1.07930,1.05677,1.07930,0.02150,1335,1
rs,6144,2560,8192,gpu,70,c_cublas,2,1.04141,1.01786,1.04141,0.03732,1335,1
rs,6144,2560,8192,gpu,70,A_gemmrs,0,1.26771,1.26362,1.26771,0.06638,1335,1
rs,6144,2560,8192,gpu,70,c_fluxgemm_only,1,1.08032,1.05779,1.08032,0.01994,1335,1
rs,6144,2560,8192,gpu,71,c_cublas,1,1.04243,1.01888,1.04243,0.03757,1335,1
rs,6144,2560,8192,gpu,71,A_gemmrs,2,1.22266,1.21958,1.22266,0.06444,1335,1
rs,6144,2560,8192,gpu,71,c_fluxgemm_only,0,1.08032,1.05574,1.08032,0.02139,1335,1
rs,6144,2560,8192,gpu,72,c_cublas,2,1.04346,1.01888,1.04346,0.03689,1335,1
rs,6144,2560,8192,gpu,72,A_gemmrs,0,1.21651,1.21446,1.21651,0.06475,1335,1
rs,6144,2560,8192,gpu,72,c_fluxgemm_only,1,1.08032,1.05882,1.08032,0.01915,1335,1
rs,6144,2560,8192,gpu,73,c_cublas,0,1.04038,1.01786,1.04038,0.03706,1335,1
rs,6144,2560,8192,gpu,73,A_gemmrs,1,1.26976,1.26669,1.26976,0.06520,1335,1
rs,6144,2560,8192,gpu,73,c_fluxgemm_only,2,1.08032,1.05779,1.08032,0.01941,1335,1
rs,6144,2560,8192,gpu,74,c_cublas,2,1.04141,1.01888,1.04141,0.03881,1335,1
rs,6144,2560,8192,gpu,74,A_gemmrs,1,1.22675,1.22163,1.22675,0.06263,1335,1
rs,6144,2560,8192,gpu,74,c_fluxgemm_only,0,1.08032,1.05882,1.08032,0.01993,1335,1
rs,6144,2560,8192,gpu,75,c_cublas,0,1.04038,1.01683,1.04038,0.03601,1335,1
rs,6144,2560,8192,gpu,75,A_gemmrs,1,1.21651,1.21344,1.21651,0.06552,1335,1
rs,6144,2560,8192,gpu,75,c_fluxgemm_only,2,1.08032,1.05882,1.08032,0.01931,1335,1
rs,6144,2560,8192,gpu,76,c_cublas,2,1.04346,1.01888,1.04346,0.04222,1335,1
rs,6144,2560,8192,gpu,76,A_gemmrs,0,1.27283,1.26976,1.27283,0.06647,1335,1
rs,6144,2560,8192,gpu,76,c_fluxgemm_only,1,1.07930,1.05779,1.07930,0.01867,1335,1
rs,6144,2560,8192,gpu,77,c_cublas,2,1.04346,1.01786,1.04346,0.03510,1335,1
rs,6144,2560,8192,gpu,77,A_gemmrs,1,1.22675,1.22266,1.22675,0.06307,1335,1
rs,6144,2560,8192,gpu,77,c_fluxgemm_only,0,1.07930,1.05677,1.07930,0.02190,1335,1
rs,6144,2560,8192,gpu,78,c_cublas,1,1.04243,1.01786,1.04243,0.08006,1335,1
rs,6144,2560,8192,gpu,78,A_gemmrs,0,1.21856,1.21446,1.21856,0.08625,1335,1
rs,6144,2560,8192,gpu,78,c_fluxgemm_only,2,1.07930,1.05677,1.07930,0.02344,1335,1
rs,6144,2560,8192,gpu,79,c_cublas,1,1.04141,1.01888,1.04141,0.03624,1335,1
rs,6144,2560,8192,gpu,79,A_gemmrs,0,1.26362,1.26054,1.26362,0.06613,1335,1
rs,6144,2560,8192,gpu,79,c_fluxgemm_only,2,1.08032,1.05677,1.08032,0.02118,1335,1
rs,6144,2560,8192,gpu,80,c_cublas,2,1.04346,1.01888,1.04346,0.03672,1335,1
rs,6144,2560,8192,gpu,80,A_gemmrs,0,1.22163,1.21856,1.22163,0.06638,1335,1
rs,6144,2560,8192,gpu,80,c_fluxgemm_only,1,1.07930,1.05574,1.07930,0.01909,1335,1
rs,6144,2560,8192,gpu,81,c_cublas,0,1.04141,1.01786,1.04141,0.03714,1335,1
rs,6144,2560,8192,gpu,81,A_gemmrs,1,1.22266,1.21958,1.22266,0.06524,1335,1
rs,6144,2560,8192,gpu,81,c_fluxgemm_only,2,1.08134,1.05779,1.08134,0.02041,1335,1
rs,6144,2560,8192,gpu,82,c_cublas,0,1.04141,1.01786,1.04141,0.03769,1335,1
rs,6144,2560,8192,gpu,82,A_gemmrs,2,1.27078,1.26771,1.27078,0.06188,1335,1
rs,6144,2560,8192,gpu,82,c_fluxgemm_only,1,1.07827,1.05677,1.07827,0.02181,1335,1
rs,6144,2560,8192,gpu,83,c_cublas,1,1.04243,1.01888,1.04243,0.03811,1335,1
rs,6144,2560,8192,gpu,83,A_gemmrs,2,1.22061,1.21754,1.22061,0.07945,1335,1
rs,6144,2560,8192,gpu,83,c_fluxgemm_only,0,1.08134,1.05677,1.08134,0.02114,1335,1
rs,6144,2560,8192,gpu,84,c_cublas,2,1.04243,1.01888,1.04243,0.03699,1335,1
rs,6144,2560,8192,gpu,84,A_gemmrs,1,1.21856,1.21651,1.21856,0.06439,1335,1
rs,6144,2560,8192,gpu,84,c_fluxgemm_only,0,1.08237,1.05779,1.08237,0.02128,1335,1
rs,6144,2560,8192,gpu,85,c_cublas,2,1.04243,1.01786,1.04243,0.03569,1335,1
rs,6144,2560,8192,gpu,85,A_gemmrs,1,1.26669,1.26259,1.26669,0.06293,1335,1
rs,6144,2560,8192,gpu,85,c_fluxgemm_only,0,1.08032,1.05779,1.08032,0.02221,1335,1
rs,6144,2560,8192,gpu,86,c_cublas,1,1.04141,1.01786,1.04141,0.03721,1335,1
rs,6144,2560,8192,gpu,86,A_gemmrs,2,1.21856,1.21446,1.21856,0.06430,1335,1
rs,6144,2560,8192,gpu,86,c_fluxgemm_only,0,1.08032,1.05779,1.08032,0.02218,1335,1
rs,6144,2560,8192,gpu,87,c_cublas,0,1.04141,1.01888,1.04141,0.03814,1335,1
rs,6144,2560,8192,gpu,87,A_gemmrs,1,1.21651,1.21446,1.21651,0.06452,1335,1
rs,6144,2560,8192,gpu,87,c_fluxgemm_only,2,1.07725,1.05779,1.07725,0.01914,1335,1
rs,6144,2560,8192,gpu,88,c_cublas,1,1.03936,1.01786,1.03936,0.03775,1335,1
rs,6144,2560,8192,gpu,88,A_gemmrs,2,1.26976,1.26771,1.26976,0.06516,1335,1
rs,6144,2560,8192,gpu,88,c_fluxgemm_only,0,1.07827,1.05779,1.07827,0.01992,1335,1
rs,6144,2560,8192,gpu,89,c_cublas,1,1.04038,1.01990,1.04038,0.03553,1335,1
rs,6144,2560,8192,gpu,89,A_gemmrs,0,1.21549,1.21139,1.21549,0.06889,1335,1
rs,6144,2560,8192,gpu,89,c_fluxgemm_only,2,1.07725,1.05779,1.07725,0.02112,1335,1
rs,6144,2560,8192,gpu,90,c_cublas,1,1.03834,1.01786,1.03834,0.03601,1335,1
rs,6144,2560,8192,gpu,90,A_gemmrs,0,1.21651,1.21446,1.21651,0.06854,1335,1
rs,6144,2560,8192,gpu,90,c_fluxgemm_only,2,1.07622,1.05677,1.07622,0.02233,1335,1
rs,6144,2560,8192,gpu,91,c_cublas,0,1.03731,1.01786,1.03731,0.03792,1335,1
rs,6144,2560,8192,gpu,91,A_gemmrs,2,1.27181,1.26874,1.27181,0.06276,1335,1
rs,6144,2560,8192,gpu,91,c_fluxgemm_only,1,1.07725,1.05779,1.07725,0.02126,1335,1
rs,6144,2560,8192,gpu,92,c_cublas,1,1.03834,1.01786,1.03834,0.04841,1335,1
rs,6144,2560,8192,gpu,92,A_gemmrs,0,1.21549,1.21242,1.21549,0.06316,1335,1
rs,6144,2560,8192,gpu,92,c_fluxgemm_only,2,1.07725,1.05882,1.07725,0.02135,1335,1
rs,6144,2560,8192,gpu,93,c_cublas,1,1.04038,1.01786,1.04038,0.03542,1335,1
rs,6144,2560,8192,gpu,93,A_gemmrs,0,1.21651,1.21446,1.21651,0.06496,1335,1
rs,6144,2560,8192,gpu,93,c_fluxgemm_only,2,1.07622,1.05779,1.07622,0.02036,1335,1
rs,6144,2560,8192,gpu,94,c_cublas,2,1.03834,1.01786,1.03834,0.04193,1335,1
rs,6144,2560,8192,gpu,94,A_gemmrs,1,1.27078,1.26771,1.27078,0.06269,1335,1
rs,6144,2560,8192,gpu,94,c_fluxgemm_only,0,1.07622,1.05574,1.07622,0.01994,1335,1
rs,6144,2560,8192,gpu,95,c_cublas,1,1.03834,1.01786,1.03834,0.03597,1335,1
rs,6144,2560,8192,gpu,95,A_gemmrs,0,1.21754,1.21549,1.21754,0.06613,1335,1
rs,6144,2560,8192,gpu,95,c_fluxgemm_only,2,1.07827,1.05677,1.07827,0.02075,1335,1
rs,6144,2560,8192,gpu,96,c_cublas,2,1.03936,1.01990,1.03936,0.03551,1335,1
rs,6144,2560,8192,gpu,96,A_gemmrs,1,1.21549,1.21344,1.21549,0.06600,1335,1
rs,6144,2560,8192,gpu,96,c_fluxgemm_only,0,1.07725,1.05882,1.07725,0.02027,1335,1
rs,6144,2560,8192,gpu,97,c_cublas,1,1.04038,1.01888,1.04038,0.03582,1335,1
rs,6144,2560,8192,gpu,97,A_gemmrs,0,1.26566,1.26362,1.26566,0.06648,1335,1
rs,6144,2560,8192,gpu,97,c_fluxgemm_only,2,1.07622,1.05677,1.07622,0.02123,1335,1
rs,6144,2560,8192,gpu,98,c_cublas,2,1.03834,1.01786,1.03834,0.03570,1335,1
rs,6144,2560,8192,gpu,98,A_gemmrs,1,1.21549,1.21242,1.21549,0.06358,1335,1
rs,6144,2560,8192,gpu,98,c_fluxgemm_only,0,1.07622,1.05677,1.07622,0.01998,1335,1
rs,6144,2560,8192,gpu,99,c_cublas,0,1.03834,1.01683,1.03834,0.03670,1335,1
rs,6144,2560,8192,gpu,99,A_gemmrs,1,1.21446,1.21139,1.21446,0.06491,1335,1
rs,6144,2560,8192,gpu,99,c_fluxgemm_only,2,1.07622,1.05677,1.07622,0.01933,1335,1
rs,6144,2560,8192,gpu,100,c_cublas,1,1.03834,1.01786,1.03834,0.03846,1335,1
rs,6144,2560,8192,gpu,100,A_gemmrs,2,1.27078,1.26771,1.27078,0.06450,1335,1
rs,6144,2560,8192,gpu,100,c_fluxgemm_only,0,1.07725,1.05882,1.07725,0.02476,1335,1
rs,6144,2560,8192,gpu,101,c_cublas,2,1.03834,1.01786,1.03834,0.03568,1335,1
rs,6144,2560,8192,gpu,101,A_gemmrs,1,1.21651,1.21446,1.21651,0.06144,1335,1
rs,6144,2560,8192,gpu,101,c_fluxgemm_only,0,1.07622,1.05779,1.07622,0.02161,1335,1
rs,6144,2560,8192,gpu,102,c_cublas,1,1.03936,1.01786,1.03936,0.03712,1335,1
rs,6144,2560,8192,gpu,102,A_gemmrs,0,1.21958,1.21549,1.21958,0.06567,1335,1
rs,6144,2560,8192,gpu,102,c_fluxgemm_only,2,1.07622,1.05677,1.07622,0.02190,1335,1
rs,6144,2560,8192,gpu,103,c_cublas,2,1.03834,1.01786,1.03834,0.03689,1335,1
rs,6144,2560,8192,gpu,103,A_gemmrs,0,1.21549,1.21242,1.21549,0.06618,1335,1
rs,6144,2560,8192,gpu,103,c_fluxgemm_only,1,1.07725,1.05677,1.07725,0.01933,1335,1
rs,6144,2560,8192,gpu,104,c_cublas,2,1.03936,1.01888,1.03936,0.03679,1335,1
rs,6144,2560,8192,gpu,104,A_gemmrs,0,1.27078,1.26874,1.27078,0.06710,1335,1
rs,6144,2560,8192,gpu,104,c_fluxgemm_only,1,1.07622,1.05677,1.07622,0.01958,1335,1
rs,6144,2560,8192,gpu,105,c_cublas,2,1.03936,1.01786,1.03936,0.03629,1335,1
rs,6144,2560,8192,gpu,105,A_gemmrs,1,1.21446,1.21242,1.21446,0.06549,1335,1
rs,6144,2560,8192,gpu,105,c_fluxgemm_only,0,1.07622,1.05677,1.07622,0.02138,1335,1
rs,6144,2560,8192,gpu,106,c_cublas,0,1.03834,1.01683,1.03834,0.03611,1335,1
rs,6144,2560,8192,gpu,106,A_gemmrs,2,1.26874,1.26669,1.26874,0.06056,1335,1
rs,6144,2560,8192,gpu,106,c_fluxgemm_only,1,1.07622,1.05677,1.07622,0.02179,1335,1
rs,6144,2560,8192,gpu,107,c_cublas,2,1.03834,1.01786,1.03834,0.05136,1335,1
rs,6144,2560,8192,gpu,107,A_gemmrs,0,1.21754,1.21446,1.21754,0.06428,1335,1
rs,6144,2560,8192,gpu,107,c_fluxgemm_only,1,1.07622,1.05677,1.07622,0.01865,1335,1
rs,6144,2560,8192,gpu,108,c_cublas,1,1.03834,1.01786,1.03834,0.03541,1335,1
rs,6144,2560,8192,gpu,108,A_gemmrs,0,1.21754,1.21242,1.21754,0.06768,1335,1
rs,6144,2560,8192,gpu,108,c_fluxgemm_only,2,1.07827,1.05984,1.07827,0.02096,1335,1
rs,6144,2560,8192,gpu,109,c_cublas,2,1.03834,1.01786,1.03834,0.03869,1335,1
rs,6144,2560,8192,gpu,109,A_gemmrs,1,1.26771,1.26566,1.26771,0.06227,1335,1
rs,6144,2560,8192,gpu,109,c_fluxgemm_only,0,1.07520,1.05779,1.07520,0.02039,1335,1
rs,6144,2560,8192,gpu,110,c_cublas,2,1.03834,1.01786,1.03834,0.03650,1335,1
rs,6144,2560,8192,gpu,110,A_gemmrs,0,1.21754,1.21344,1.21754,0.06621,1335,1
rs,6144,2560,8192,gpu,110,c_fluxgemm_only,1,1.07622,1.05779,1.07622,0.01946,1335,1
rs,6144,2560,8192,gpu,111,c_cublas,2,1.03834,1.01786,1.03834,0.03621,1335,1
rs,6144,2560,8192,gpu,111,A_gemmrs,1,1.21958,1.21651,1.21958,0.06873,1335,1
rs,6144,2560,8192,gpu,111,c_fluxgemm_only,0,1.07520,1.05677,1.07520,0.02191,1335,1
rs,6144,2560,8192,gpu,112,c_cublas,1,1.03731,1.01786,1.03731,0.03573,1335,1
rs,6144,2560,8192,gpu,112,A_gemmrs,0,1.26566,1.26259,1.26566,0.07017,1335,1
rs,6144,2560,8192,gpu,112,c_fluxgemm_only,2,1.07725,1.05882,1.07725,0.02109,1335,1
rs,6144,2560,8192,gpu,113,c_cublas,0,1.03834,1.01683,1.03834,0.03737,1335,1
rs,6144,2560,8192,gpu,113,A_gemmrs,1,1.21549,1.21242,1.21549,0.06961,1335,1
rs,6144,2560,8192,gpu,113,c_fluxgemm_only,2,1.07827,1.05779,1.07827,0.01897,1335,1
rs,6144,2560,8192,gpu,114,c_cublas,1,1.03731,1.01888,1.03731,0.03876,1335,1
rs,6144,2560,8192,gpu,114,A_gemmrs,2,1.26566,1.26362,1.26566,0.06480,1335,1
rs,6144,2560,8192,gpu,114,c_fluxgemm_only,0,1.07520,1.05677,1.07520,0.02016,1335,1
rs,6144,2560,8192,gpu,115,c_cublas,1,1.04038,1.01888,1.04038,0.03902,1335,1
rs,6144,2560,8192,gpu,115,A_gemmrs,2,1.21549,1.21344,1.21549,0.06413,1335,1
rs,6144,2560,8192,gpu,115,c_fluxgemm_only,0,1.07622,1.05677,1.07622,0.02201,1335,1
rs,6144,2560,8192,gpu,116,c_cublas,1,1.03834,1.01786,1.03834,0.03571,1335,1
rs,6144,2560,8192,gpu,116,A_gemmrs,0,1.21549,1.21242,1.21549,0.06369,1335,1
rs,6144,2560,8192,gpu,116,c_fluxgemm_only,2,1.07725,1.05882,1.07725,0.02132,1335,1
rs,6144,2560,8192,gpu,117,c_cublas,2,1.04038,1.01786,1.04038,0.03562,1335,1
rs,6144,2560,8192,gpu,117,A_gemmrs,1,1.26054,1.25747,1.26054,0.06374,1335,1
rs,6144,2560,8192,gpu,117,c_fluxgemm_only,0,1.07622,1.05574,1.07622,0.02024,1335,1
rs,6144,2560,8192,gpu,118,c_cublas,2,1.03834,1.01786,1.03834,0.03621,1335,1
rs,6144,2560,8192,gpu,118,A_gemmrs,0,1.21754,1.21344,1.21754,0.06645,1335,1
rs,6144,2560,8192,gpu,118,c_fluxgemm_only,1,1.07725,1.05779,1.07725,0.02005,1335,1
rs,6144,2560,8192,gpu,119,c_cublas,0,1.04141,1.01683,1.04141,0.03934,1335,1
rs,6144,2560,8192,gpu,119,A_gemmrs,2,1.22778,1.22266,1.22778,0.06193,1335,1
rs,6144,2560,8192,gpu,119,c_fluxgemm_only,1,1.08749,1.05779,1.08749,0.02196,1335,1
rs,6144,2560,8192,gpu,120,c_cublas,0,1.05165,1.01888,1.05165,0.03830,1335,1
rs,6144,2560,8192,gpu,120,A_gemmrs,1,1.27590,1.26976,1.27590,0.06427,1335,1
rs,6144,2560,8192,gpu,120,c_fluxgemm_only,2,1.08851,1.05779,1.08851,0.01971,1335,1
rs,6144,2560,8192,gpu,121,c_cublas,0,1.05062,1.01786,1.05062,0.03910,1335,1
rs,6144,2560,8192,gpu,121,A_gemmrs,1,1.22778,1.22266,1.22778,0.06579,1335,1
rs,6144,2560,8192,gpu,121,c_fluxgemm_only,2,1.08646,1.05882,1.08646,0.02028,1335,1
rs,6144,2560,8192,gpu,122,c_cublas,1,1.04960,1.01786,1.04960,0.03850,1335,1
rs,6144,2560,8192,gpu,122,A_gemmrs,2,1.25338,1.24928,1.25338,0.08133,1335,1
rs,6144,2560,8192,gpu,122,c_fluxgemm_only,0,1.08749,1.05882,1.08749,0.02020,1335,1
rs,6144,2560,8192,gpu,123,c_cublas,2,1.04960,1.01786,1.04960,0.03707,1335,1
rs,6144,2560,8192,gpu,123,A_gemmrs,0,1.28000,1.27386,1.28000,0.06688,1335,1
rs,6144,2560,8192,gpu,123,c_fluxgemm_only,1,1.08749,1.05882,1.08749,0.01995,1335,1
rs,6144,2560,8192,gpu,124,c_cublas,0,1.05062,1.01888,1.05062,0.03659,1335,1
rs,6144,2560,8192,gpu,124,A_gemmrs,2,1.22675,1.22266,1.22675,0.06330,1335,1
rs,6144,2560,8192,gpu,124,c_fluxgemm_only,1,1.08646,1.05677,1.08646,0.02604,1335,1
rs,6144,2560,8192,gpu,125,c_cublas,2,1.04960,1.01786,1.04960,0.03741,1320,1
rs,6144,2560,8192,gpu,125,A_gemmrs,0,1.22675,1.22163,1.22675,0.06616,1320,1
rs,6144,2560,8192,gpu,125,c_fluxgemm_only,1,1.08749,1.05882,1.08749,0.01912,1320,1
rs,6144,2560,8192,gpu,126,c_cublas,0,1.04960,1.01683,1.04960,0.03730,1320,1
rs,6144,2560,8192,gpu,126,A_gemmrs,2,1.27693,1.27181,1.27693,0.06152,1320,1
rs,6144,2560,8192,gpu,126,c_fluxgemm_only,1,1.08749,1.05677,1.08749,0.02209,1320,1
rs,6144,2560,8192,gpu,127,c_cublas,1,1.04960,1.01786,1.04960,0.03546,1320,1
rs,6144,2560,8192,gpu,127,A_gemmrs,0,1.23085,1.22778,1.23085,0.06522,1320,1
rs,6144,2560,8192,gpu,127,c_fluxgemm_only,2,1.08646,1.05677,1.08646,0.02122,1320,1
rs,6144,2560,8192,gpu,128,c_cublas,0,1.05165,1.01888,1.05165,0.03794,1320,1
rs,6144,2560,8192,gpu,128,A_gemmrs,1,1.22675,1.22266,1.22675,0.06531,1320,1
rs,6144,2560,8192,gpu,128,c_fluxgemm_only,2,1.08954,1.05882,1.08954,0.01938,1320,1
rs,6144,2560,8192,gpu,129,c_cublas,2,1.05062,1.01786,1.05062,0.04185,1320,1
rs,6144,2560,8192,gpu,129,A_gemmrs,1,1.27181,1.26874,1.27181,0.06195,1320,1
rs,6144,2560,8192,gpu,129,c_fluxgemm_only,0,1.08544,1.05677,1.08544,0.02041,1320,1
rs,6144,2560,8192,gpu,130,c_cublas,1,1.05062,1.01786,1.05062,0.03593,1320,1
rs,6144,2560,8192,gpu,130,A_gemmrs,0,1.23392,1.23085,1.23392,0.06844,1320,1
rs,6144,2560,8192,gpu,130,c_fluxgemm_only,2,1.08749,1.05574,1.08749,0.02131,1320,1
rs,6144,2560,8192,gpu,131,c_cublas,1,1.05165,1.01990,1.05165,0.03945,1320,1
rs,6144,2560,8192,gpu,131,A_gemmrs,2,1.24314,1.23904,1.24314,0.06541,1320,1
rs,6144,2560,8192,gpu,131,c_fluxgemm_only,0,1.08646,1.05574,1.08646,0.02094,1320,1
rs,6144,2560,8192,gpu,132,c_cublas,1,1.05062,1.01786,1.05062,0.03589,1320,1
rs,6144,2560,8192,gpu,132,A_gemmrs,0,1.27181,1.26771,1.27181,0.06399,1320,1
rs,6144,2560,8192,gpu,132,c_fluxgemm_only,2,1.08851,1.05882,1.08851,0.02088,1320,1
rs,6144,2560,8192,gpu,133,c_cublas,1,1.05165,1.01888,1.05165,0.03607,1320,1
rs,6144,2560,8192,gpu,133,A_gemmrs,0,1.23085,1.22778,1.23085,0.07232,1320,1
rs,6144,2560,8192,gpu,133,c_fluxgemm_only,2,1.08749,1.05677,1.08749,0.02047,1320,1
rs,6144,2560,8192,gpu,134,c_cublas,1,1.05062,1.01786,1.05062,0.03914,1320,1
rs,6144,2560,8192,gpu,134,A_gemmrs,2,1.27181,1.26874,1.27181,0.06684,1320,1
rs,6144,2560,8192,gpu,134,c_fluxgemm_only,0,1.08544,1.05779,1.08544,0.02186,1320,1
rs,6144,2560,8192,gpu,135,c_cublas,0,1.04960,1.01888,1.04960,0.03754,1320,1
rs,6144,2560,8192,gpu,135,A_gemmrs,2,1.22982,1.22573,1.22982,0.06201,1320,1
rs,6144,2560,8192,gpu,135,c_fluxgemm_only,1,1.08954,1.05882,1.08954,0.02150,1320,1
rs,6144,2560,8192,gpu,136,c_cublas,0,1.05165,1.01990,1.05165,0.03786,1320,1
rs,6144,2560,8192,gpu,136,A_gemmrs,1,1.22982,1.22573,1.22982,0.06851,1320,1
rs,6144,2560,8192,gpu,136,c_fluxgemm_only,2,1.08851,1.05882,1.08851,0.02130,1320,1
rs,6144,2560,8192,gpu,137,c_cublas,0,1.03936,1.01786,1.03936,0.03873,1320,1
rs,6144,2560,8192,gpu,137,A_gemmrs,2,1.26464,1.26259,1.26464,0.06146,1320,1
rs,6144,2560,8192,gpu,137,c_fluxgemm_only,1,1.07622,1.05677,1.07622,0.02150,1320,1
rs,6144,2560,8192,gpu,138,c_cublas,1,1.03834,1.01786,1.03834,0.03949,1320,1
rs,6144,2560,8192,gpu,138,A_gemmrs,2,1.22778,1.22675,1.22778,0.06507,1320,1
rs,6144,2560,8192,gpu,138,c_fluxgemm_only,0,1.07622,1.05779,1.07622,0.02147,1320,1
rs,6144,2560,8192,gpu,139,c_cublas,1,1.03936,1.01786,1.03936,0.03547,1320,1
rs,6144,2560,8192,gpu,139,A_gemmrs,0,1.21754,1.21446,1.21754,0.06327,1320,1
rs,6144,2560,8192,gpu,139,c_fluxgemm_only,2,1.07725,1.05677,1.07725,0.02082,1320,1
rs,6144,2560,8192,gpu,140,c_cublas,0,1.03834,1.01990,1.03834,0.03776,1320,1
rs,6144,2560,8192,gpu,140,A_gemmrs,1,1.26259,1.25850,1.26259,0.06540,1320,1
rs,6144,2560,8192,gpu,140,c_fluxgemm_only,2,1.07725,1.05984,1.07725,0.01990,1320,1
rs,6144,2560,8192,gpu,141,c_cublas,1,1.03834,1.01786,1.03834,0.03816,1320,1
rs,6144,2560,8192,gpu,141,A_gemmrs,2,1.23597,1.23290,1.23597,0.06344,1320,1
rs,6144,2560,8192,gpu,141,c_fluxgemm_only,0,1.07622,1.05779,1.07622,0.01994,1320,1
rs,6144,2560,8192,gpu,142,c_cublas,2,1.03834,1.01786,1.03834,0.03762,1320,1
rs,6144,2560,8192,gpu,142,A_gemmrs,0,1.21549,1.21344,1.21549,0.06509,1320,1
rs,6144,2560,8192,gpu,142,c_fluxgemm_only,1,1.07725,1.05779,1.07725,0.01936,1320,1
rs,6144,2560,8192,gpu,143,c_cublas,1,1.03936,1.01683,1.03936,0.03567,1320,1
rs,6144,2560,8192,gpu,143,A_gemmrs,0,1.26259,1.25952,1.26259,0.06561,1320,1
rs,6144,2560,8192,gpu,143,c_fluxgemm_only,2,1.07520,1.05677,1.07520,0.02079,1320,1
rs,6144,2560,8192,gpu,144,c_cublas,0,1.04038,1.01888,1.04038,0.03833,1320,1
rs,6144,2560,8192,gpu,144,A_gemmrs,1,1.23392,1.23085,1.23392,0.06463,1320,1
rs,6144,2560,8192,gpu,144,c_fluxgemm_only,2,1.07827,1.05882,1.07827,0.01930,1320,1
rs,6144,2560,8192,gpu,145,c_cublas,1,1.03936,1.01786,1.03936,0.03798,1320,1
rs,6144,2560,8192,gpu,145,A_gemmrs,2,1.26157,1.25850,1.26157,0.06284,1320,1
rs,6144,2560,8192,gpu,145,c_fluxgemm_only,0,1.07725,1.05779,1.07725,0.01959,1320,1
rs,6144,2560,8192,gpu,146,c_cublas,1,1.03834,1.01786,1.03834,0.03508,1320,1
rs,6144,2560,8192,gpu,146,A_gemmrs,0,1.22163,1.21856,1.22163,0.06366,1320,1
rs,6144,2560,8192,gpu,146,c_fluxgemm_only,2,1.07725,1.05882,1.07725,0.02147,1320,1
rs,6144,2560,8192,gpu,147,c_cublas,2,1.03834,1.01786,1.03834,0.03573,1320,1
rs,6144,2560,8192,gpu,147,A_gemmrs,1,1.22778,1.22573,1.22778,0.06261,1320,1
rs,6144,2560,8192,gpu,147,c_fluxgemm_only,0,1.07622,1.05677,1.07622,0.02056,1320,1
rs,6144,2560,8192,gpu,148,c_cublas,0,1.03834,1.01888,1.03834,0.03600,1335,1
rs,6144,2560,8192,gpu,148,A_gemmrs,1,1.26362,1.26054,1.26362,0.06573,1335,1
rs,6144,2560,8192,gpu,148,c_fluxgemm_only,2,1.07725,1.05882,1.07725,0.01983,1335,1
rs,6144,2560,8192,gpu,149,c_cublas,1,1.03936,1.01786,1.03936,0.03809,1335,1
rs,6144,2560,8192,gpu,149,A_gemmrs,2,1.21754,1.21344,1.21754,0.06780,1335,1
rs,6144,2560,8192,gpu,149,c_fluxgemm_only,0,1.07622,1.05677,1.07622,0.02045,1335,1
rs,6144,2560,8192,gpu,150,c_cublas,0,1.04141,1.01786,1.04141,0.03755,1335,1
rs,6144,2560,8192,gpu,150,A_gemmrs,1,1.23085,1.22368,1.23085,0.06472,1335,1
rs,6144,2560,8192,gpu,150,c_fluxgemm_only,2,1.08749,1.05779,1.08749,0.01938,1335,1
rs,6144,2560,8192,gpu,151,c_cublas,0,1.04960,1.01888,1.04960,0.03817,1335,1
rs,6144,2560,8192,gpu,151,A_gemmrs,2,1.28614,1.28102,1.28614,0.06459,1335,1
rs,6144,2560,8192,gpu,151,c_fluxgemm_only,1,1.08851,1.05779,1.08851,0.02094,1335,1
rs,6144,2560,8192,gpu,152,c_cublas,0,1.05165,1.01990,1.05165,0.03763,1335,1
rs,6144,2560,8192,gpu,152,A_gemmrs,2,1.23085,1.22675,1.23085,0.06065,1335,1
rs,6144,2560,8192,gpu,152,c_fluxgemm_only,1,1.08749,1.05677,1.08749,0.02140,1335,1
rs,6144,2560,8192,gpu,153,c_cublas,2,1.05062,1.01683,1.05062,0.03657,1335,1
rs,6144,2560,8192,gpu,153,A_gemmrs,1,1.22778,1.22266,1.22778,0.06286,1335,1
rs,6144,2560,8192,gpu,153,c_fluxgemm_only,0,1.08749,1.05779,1.08749,0.02424,1335,1
rs,6144,2560,8192,gpu,154,c_cublas,1,1.04960,1.01683,1.04960,0.03732,1335,1
rs,6144,2560,8192,gpu,154,A_gemmrs,2,1.27283,1.26976,1.27283,0.06352,1335,1
rs,6144,2560,8192,gpu,154,c_fluxgemm_only,0,1.08749,1.05779,1.08749,0.02249,1335,1
rs,6144,2560,8192,gpu,155,c_cublas,1,1.06291,1.01990,1.06291,0.03844,1335,1
rs,6144,2560,8192,gpu,155,A_gemmrs,2,1.24928,1.24416,1.24928,0.07114,1335,1
rs,6144,2560,8192,gpu,155,c_fluxgemm_only,0,1.08646,1.05677,1.08646,0.02196,1335,1
rs,6144,2560,8192,gpu,156,c_cublas,0,1.06291,1.01888,1.06291,0.03860,1335,1
rs,6144,2560,8192,gpu,156,A_gemmrs,2,1.24006,1.23392,1.24006,0.06845,1335,1
rs,6144,2560,8192,gpu,156,c_fluxgemm_only,1,1.09773,1.05779,1.09773,0.02549,1335,1
rs,6144,2560,8192,gpu,157,c_cublas,2,1.06189,1.01786,1.06189,0.03614,1335,1
rs,6144,2560,8192,gpu,157,A_gemmrs,1,1.27488,1.27078,1.27488,0.06189,1335,1
rs,6144,2560,8192,gpu,157,c_fluxgemm_only,0,1.09773,1.05779,1.09773,0.02118,1335,1
rs,6144,2560,8192,gpu,158,c_cublas,0,1.06086,1.01786,1.06086,0.04708,1335,1
rs,6144,2560,8192,gpu,158,A_gemmrs,2,1.24928,1.24416,1.24928,0.06223,1335,1
rs,6144,2560,8192,gpu,158,c_fluxgemm_only,1,1.09875,1.05677,1.09875,0.02180,1335,1
rs,6144,2560,8192,gpu,159,c_cublas,1,1.06189,1.01786,1.06189,0.03572,1305,1
rs,6144,2560,8192,gpu,159,A_gemmrs,0,1.24211,1.23597,1.24211,0.06526,1305,1
rs,6144,2560,8192,gpu,159,c_fluxgemm_only,2,1.09875,1.05779,1.09875,0.02115,1305,1
rs,6144,2560,8192,gpu,160,c_cublas,0,1.06291,1.01888,1.06291,0.03817,1305,1
rs,6144,2560,8192,gpu,160,A_gemmrs,1,1.27590,1.27181,1.27590,0.06529,1305,1
rs,6144,2560,8192,gpu,160,c_fluxgemm_only,2,1.10080,1.07008,1.10080,0.01959,1305,1
rs,6144,2560,8192,gpu,161,c_cublas,1,1.06189,1.02810,1.06189,0.03851,1305,1
rs,6144,2560,8192,gpu,161,A_gemmrs,2,1.25440,1.24928,1.25440,0.06445,1305,1
rs,6144,2560,8192,gpu,161,c_fluxgemm_only,0,1.09773,1.06598,1.09773,0.02037,1305,1
rs,6144,2560,8192,gpu,162,c_cublas,0,1.06086,1.02810,1.06086,0.03750,1305,1
rs,6144,2560,8192,gpu,162,A_gemmrs,1,1.23802,1.23392,1.23802,0.06456,1305,1
rs,6144,2560,8192,gpu,162,c_fluxgemm_only,2,1.09875,1.06803,1.09875,0.01927,1305,1
rs,6144,2560,8192,gpu,163,c_cublas,0,1.06086,1.02707,1.06086,0.03852,1305,1
rs,6144,2560,8192,gpu,163,A_gemmrs,1,1.28922,1.28307,1.28922,0.06484,1305,1
rs,6144,2560,8192,gpu,163,c_fluxgemm_only,2,1.11104,1.06701,1.11104,0.02039,1305,1
rs,6144,2560,8192,gpu,164,c_cublas,0,1.07520,1.02912,1.07520,0.03908,1305,1
rs,6144,2560,8192,gpu,164,A_gemmrs,2,1.26362,1.25747,1.26362,0.07928,1305,1
rs,6144,2560,8192,gpu,164,c_fluxgemm_only,1,1.10899,1.06598,1.10899,0.02199,1305,1
rs,6144,2560,8192,gpu,165,c_cublas,1,1.07418,1.04038,1.07418,0.03825,1305,1
rs,6144,2560,8192,gpu,165,A_gemmrs,2,1.25747,1.25235,1.25747,0.06358,1305,1
rs,6144,2560,8192,gpu,165,c_fluxgemm_only,0,1.11104,1.07725,1.11104,0.02189,1305,1
rs,6144,2560,8192,gpu,166,c_cublas,1,1.07418,1.03936,1.07418,0.03597,1305,1
rs,6144,2560,8192,gpu,166,A_gemmrs,0,1.30048,1.29434,1.30048,0.06612,1305,1
rs,6144,2560,8192,gpu,166,c_fluxgemm_only,2,1.11206,1.07930,1.11206,0.02100,1305,1
rs,6144,2560,8192,gpu,167,c_cublas,2,1.07520,1.04038,1.07520,0.04923,1305,1
rs,6144,2560,8192,gpu,167,A_gemmrs,1,1.26771,1.26362,1.26771,0.06104,1305,1
rs,6144,2560,8192,gpu,167,c_fluxgemm_only,0,1.10899,1.07622,1.10899,0.02057,1305,1
rs,6144,2560,8192,gpu,168,c_cublas,0,1.07520,1.04141,1.07520,0.03526,1305,1
rs,6144,2560,8192,gpu,168,A_gemmrs,2,1.29741,1.29229,1.29741,0.06129,1305,1
rs,6144,2560,8192,gpu,168,c_fluxgemm_only,1,1.11104,1.07827,1.11104,0.02163,1305,1
rs,6144,2560,8192,gpu,169,c_cublas,2,1.07520,1.04038,1.07520,0.03583,1305,1
rs,6144,2560,8192,gpu,169,A_gemmrs,1,1.25338,1.24621,1.25338,0.06057,1305,1
rs,6144,2560,8192,gpu,169,c_fluxgemm_only,0,1.11002,1.07827,1.11002,0.02127,1305,1
rs,6144,2560,8192,gpu,170,c_cublas,0,1.07520,1.04038,1.07520,0.07768,1290,1
rs,6144,2560,8192,gpu,170,A_gemmrs,2,1.26362,1.26054,1.26362,0.06584,1290,1
rs,6144,2560,8192,gpu,170,c_fluxgemm_only,1,1.11104,1.07725,1.11104,0.02227,1290,1
rs,6144,2560,8192,gpu,171,c_cublas,1,1.07520,1.03936,1.07520,0.03606,1290,1
rs,6144,2560,8192,gpu,171,A_gemmrs,0,1.28922,1.28410,1.28922,0.06390,1290,1
rs,6144,2560,8192,gpu,171,c_fluxgemm_only,2,1.11002,1.07827,1.11002,0.02103,1290,1
rs,6144,2560,8192,gpu,172,c_cublas,1,1.07520,1.03936,1.07520,0.03530,1290,1
rs,6144,2560,8192,gpu,172,A_gemmrs,0,1.29126,1.28614,1.29126,0.06513,1290,1
rs,6144,2560,8192,gpu,172,c_fluxgemm_only,2,1.11104,1.08032,1.11104,0.02063,1290,1
rs,6144,2560,8192,gpu,173,c_cublas,1,1.07520,1.03731,1.07520,0.03574,1290,1
rs,6144,2560,8192,gpu,173,A_gemmrs,0,1.25235,1.25030,1.25235,0.06545,1290,1
rs,6144,2560,8192,gpu,173,c_fluxgemm_only,2,1.11104,1.06598,1.11104,0.02143,1290,1
rs,6144,2560,8192,gpu,174,c_cublas,0,1.07418,1.02810,1.07418,0.03736,1290,1
rs,6144,2560,8192,gpu,174,A_gemmrs,2,1.29331,1.28717,1.29331,0.06162,1290,1
rs,6144,2560,8192,gpu,174,c_fluxgemm_only,1,1.11104,1.06598,1.11104,0.02147,1290,1
rs,6144,2560,8192,gpu,175,c_cublas,2,1.07418,1.02810,1.07418,0.03742,1290,1
rs,6144,2560,8192,gpu,175,A_gemmrs,0,1.25030,1.24314,1.25030,0.06457,1290,1
rs,6144,2560,8192,gpu,175,c_fluxgemm_only,1,1.11104,1.06598,1.11104,0.01928,1290,1
rs,6144,2560,8192,gpu,176,c_cublas,1,1.07418,1.02912,1.07418,0.03572,1290,1
rs,6144,2560,8192,gpu,176,A_gemmrs,0,1.25338,1.24723,1.25338,0.06617,1290,1
rs,6144,2560,8192,gpu,176,c_fluxgemm_only,2,1.11206,1.06701,1.11206,0.02739,1290,1
rs,6144,2560,8192,gpu,177,c_cublas,2,1.06189,1.02810,1.06189,0.03733,1290,1
rs,6144,2560,8192,gpu,177,A_gemmrs,0,1.26976,1.26566,1.26976,0.07104,1290,1
rs,6144,2560,8192,gpu,177,c_fluxgemm_only,1,1.09978,1.06906,1.09978,0.01891,1290,1
rs,6144,2560,8192,gpu,178,c_cublas,1,1.06189,1.02810,1.06189,0.03655,1290,1
rs,6144,2560,8192,gpu,178,A_gemmrs,0,1.28410,1.27898,1.28410,0.08385,1290,1
rs,6144,2560,8192,gpu,178,c_fluxgemm_only,2,1.09875,1.06701,1.09875,0.02141,1290,1
rs,6144,2560,8192,gpu,179,c_cublas,1,1.06291,1.02912,1.06291,0.03792,1290,1
rs,6144,2560,8192,gpu,179,A_gemmrs,2,1.25747,1.25338,1.25747,0.07586,1290,1
rs,6144,2560,8192,gpu,179,c_fluxgemm_only,0,1.09875,1.06598,1.09875,0.02075,1290,1
rs,6144,2560,8192,gpu,180,c_cublas,2,1.06394,1.02810,1.06394,0.03681,1290,1
rs,6144,2560,8192,gpu,180,A_gemmrs,0,1.23802,1.23290,1.23802,0.06394,1290,1
rs,6144,2560,8192,gpu,180,c_fluxgemm_only,1,1.09875,1.06496,1.09875,0.01931,1290,1
rs,6144,2560,8192,gpu,181,c_cublas,2,1.06086,1.02707,1.06086,0.03740,1305,1
rs,6144,2560,8192,gpu,181,A_gemmrs,0,1.28307,1.28000,1.28307,0.07417,1305,1
rs,6144,2560,8192,gpu,181,c_fluxgemm_only,1,1.09978,1.06598,1.09978,0.02149,1305,1
rs,6144,2560,8192,gpu,182,c_cublas,2,1.06189,1.01478,1.06189,0.03655,1305,1
rs,6144,2560,8192,gpu,182,A_gemmrs,0,1.24109,1.23392,1.24109,0.06636,1305,1
rs,6144,2560,8192,gpu,182,c_fluxgemm_only,1,1.09875,1.05267,1.09875,0.01990,1305,1
rs,6144,2560,8192,gpu,183,c_cublas,2,1.06291,1.01478,1.06291,0.03649,1305,1
rs,6144,2560,8192,gpu,183,A_gemmrs,0,1.24723,1.24109,1.24723,0.06696,1305,1
rs,6144,2560,8192,gpu,183,c_fluxgemm_only,1,1.09978,1.05472,1.09978,0.01908,1305,1
rs,6144,2560,8192,gpu,184,c_cublas,1,1.06291,1.01478,1.06291,0.03567,1305,1
rs,6144,2560,8192,gpu,184,A_gemmrs,0,1.27386,1.26669,1.27386,0.06536,1305,1
rs,6144,2560,8192,gpu,184,c_fluxgemm_only,2,1.09978,1.05472,1.09978,0.02175,1305,1
rs,6144,2560,8192,gpu,185,c_cublas,2,1.05062,1.01581,1.05062,0.03693,1305,1
rs,6144,2560,8192,gpu,185,A_gemmrs,0,1.23187,1.22778,1.23187,0.06445,1305,1
rs,6144,2560,8192,gpu,185,c_fluxgemm_only,1,1.08851,1.05472,1.08851,0.01911,1305,1
rs,6144,2560,8192,gpu,186,c_cublas,2,1.05062,1.01581,1.05062,0.03677,1305,1
rs,6144,2560,8192,gpu,186,A_gemmrs,0,1.23904,1.23494,1.23904,0.07694,1305,1
rs,6144,2560,8192,gpu,186,c_fluxgemm_only,1,1.08851,1.05370,1.08851,0.01972,1305,1
rs,6144,2560,8192,gpu,187,c_cublas,0,1.04960,1.01478,1.04960,0.03660,1305,1
rs,6144,2560,8192,gpu,187,A_gemmrs,1,1.25542,1.24928,1.25542,0.06486,1305,1
rs,6144,2560,8192,gpu,187,c_fluxgemm_only,2,1.08646,1.05472,1.08646,0.01965,1305,1
rs,6144,2560,8192,gpu,188,c_cublas,2,1.05062,1.01683,1.05062,0.03658,1305,1
rs,6144,2560,8192,gpu,188,A_gemmrs,0,1.23085,1.22470,1.23085,0.06433,1305,1
rs,6144,2560,8192,gpu,188,c_fluxgemm_only,1,1.08646,1.05370,1.08646,0.01914,1305,1
rs,6144,2560,8192,gpu,189,c_cublas,0,1.04960,1.01376,1.04960,0.03602,1305,1
rs,6144,2560,8192,gpu,189,A_gemmrs,2,1.25030,1.24826,1.25030,0.07122,1305,1
rs,6144,2560,8192,gpu,189,c_fluxgemm_only,1,1.08646,1.05370,1.08646,0.02189,1305,1
rs,6144,2560,8192,gpu,190,c_cublas,0,1.05062,1.01581,1.05062,0.03778,1305,1
rs,6144,2560,8192,gpu,190,A_gemmrs,1,1.25952,1.25440,1.25952,0.06468,1305,1
rs,6144,2560,8192,gpu,190,c_fluxgemm_only,2,1.08749,1.05472,1.08749,0.02003,1305,1
rs,6144,2560,8192,gpu,191,c_cublas,1,1.05062,1.01478,1.05062,0.04039,1305,1
rs,6144,2560,8192,gpu,191,A_gemmrs,0,1.24416,1.24109,1.24416,0.06492,1305,1
rs,6144,2560,8192,gpu,191,c_fluxgemm_only,2,1.08749,1.05370,1.08749,0.02184,1305,1
rs,6144,2560,8192,gpu,192,c_cublas,0,1.05062,1.01581,1.05062,0.03763,1320,1
rs,6144,2560,8192,gpu,192,A_gemmrs,2,1.25440,1.25133,1.25440,0.09528,1320,1
rs,6144,2560,8192,gpu,192,c_fluxgemm_only,1,1.08646,1.05370,1.08646,0.02146,1320,1
rs,6144,2560,8192,gpu,193,c_cublas,0,1.05062,1.01478,1.05062,0.03906,1320,1
rs,6144,2560,8192,gpu,193,A_gemmrs,1,1.25747,1.25133,1.25747,0.06506,1320,1
rs,6144,2560,8192,gpu,193,c_fluxgemm_only,2,1.08749,1.05267,1.08749,0.01914,1320,1
rs,6144,2560,8192,gpu,194,c_cublas,1,1.04960,1.01478,1.04960,0.03790,1320,1
rs,6144,2560,8192,gpu,194,A_gemmrs,2,1.24314,1.23904,1.24314,0.06289,1320,1
rs,6144,2560,8192,gpu,194,c_fluxgemm_only,0,1.08646,1.05472,1.08646,0.01935,1320,1
rs,6144,2560,8192,gpu,195,c_cublas,2,1.04960,1.01581,1.04960,0.03566,1320,1
rs,6144,2560,8192,gpu,195,A_gemmrs,1,1.25338,1.24826,1.25338,0.06121,1320,1
rs,6144,2560,8192,gpu,195,c_fluxgemm_only,0,1.08544,1.05472,1.08544,0.02137,1320,1
rs,6144,2560,8192,gpu,196,c_cublas,2,1.05062,1.01581,1.05062,0.04487,1320,1
rs,6144,2560,8192,gpu,196,A_gemmrs,0,1.25338,1.24928,1.25338,0.06489,1320,1
rs,6144,2560,8192,gpu,196,c_fluxgemm_only,1,1.08749,1.05472,1.08749,0.01914,1320,1
rs,6144,2560,8192,gpu,197,c_cublas,1,1.05062,1.01581,1.05062,0.03579,1320,1
rs,6144,2560,8192,gpu,197,A_gemmrs,0,1.23085,1.22573,1.23085,0.06626,1320,1
rs,6144,2560,8192,gpu,197,c_fluxgemm_only,2,1.08749,1.05370,1.08749,0.02132,1320,1
rs,6144,2560,8192,gpu,198,c_cublas,0,1.05062,1.01478,1.05062,0.03786,1320,1
rs,6144,2560,8192,gpu,198,A_gemmrs,1,1.26976,1.26669,1.26976,0.06712,1320,1
rs,6144,2560,8192,gpu,198,c_fluxgemm_only,2,1.08749,1.05370,1.08749,0.01965,1320,1
rs,6144,2560,8192,gpu,199,c_cublas,0,1.04960,1.01581,1.04960,0.04871,1320,1
rs,6144,2560,8192,gpu,199,A_gemmrs,2,1.25030,1.24621,1.25030,0.07801,1320,1
rs,6144,2560,8192,gpu,199,c_fluxgemm_only,1,1.08851,1.05370,1.08851,0.03168,1320,1
rs,6144,2560,8192,steady,0,c_cublas,0,1.13632,1.11699,1.13632,0.03224,1230,1
rs,6144,2560,8192,steady,0,A_gemmrs,2,1.31264,1.31219,1.31264,0.03483,1230,1
rs,6144,2560,8192,steady,0,c_fluxgemm_only,1,1.17158,1.12966,1.17158,0.01101,1230,1
rs,6144,2560,8192,steady,1,c_cublas,2,1.15258,1.09773,1.15258,0.01574,1200,1
rs,6144,2560,8192,steady,1,A_gemmrs,1,1.34010,1.33958,1.34010,0.03170,1200,1
rs,6144,2560,8192,steady,1,c_fluxgemm_only,0,1.18470,1.13933,1.18470,0.01068,1200,1
rs,6144,2560,8192,steady,2,c_cublas,0,1.13946,1.08806,1.13946,0.01413,1230,1
rs,6144,2560,8192,steady,2,A_gemmrs,1,1.31219,1.31187,1.31219,0.03399,1230,1
rs,6144,2560,8192,steady,2,c_fluxgemm_only,2,1.17875,1.13050,1.17875,0.00987,1230,1
rs,6144,2560,8192,steady,3,c_cublas,2,1.15034,1.10541,1.15034,0.01497,1200,1
rs,6144,2560,8192,steady,3,A_gemmrs,0,1.33555,1.33344,1.33344,0.03367,1200,1
rs,6144,2560,8192,steady,3,c_fluxgemm_only,1,1.19354,1.14522,1.19354,0.00957,1200,1
rs,6144,2560,8192,steady,4,c_cublas,1,1.12237,1.07635,1.12237,0.01513,1230,1
rs,6144,2560,8192,steady,4,A_gemmrs,2,1.30854,1.30822,1.30854,0.03537,1230,1
rs,6144,2560,8192,steady,4,c_fluxgemm_only,0,1.17286,1.13146,1.17286,0.01033,1230,1
rs,6144,2560,8192,steady,5,c_cublas,1,1.13894,1.09190,1.13894,0.01576,1215,1
rs,6144,2560,8192,steady,5,A_gemmrs,2,1.31834,1.31802,1.31834,0.03301,1215,1
rs,6144,2560,8192,steady,5,c_fluxgemm_only,0,1.17581,1.12512,1.17581,0.01034,1215,1
rs,6144,2560,8192,steady,6,c_cublas,2,1.13926,1.09434,1.13926,0.01545,1215,1
rs,6144,2560,8192,steady,6,A_gemmrs,0,1.31904,1.31872,1.31872,0.03413,1215,1
rs,6144,2560,8192,steady,6,c_fluxgemm_only,1,1.18285,1.14106,1.18285,0.00999,1215,1
rs,6144,2560,8192,steady,7,c_cublas,1,1.12237,1.08275,1.12237,0.01514,1230,1
rs,6144,2560,8192,steady,7,A_gemmrs,2,1.31014,1.30989,1.31014,0.03581,1230,1
rs,6144,2560,8192,steady,7,c_fluxgemm_only,0,1.17664,1.12762,1.17664,0.01107,1230,1
rs,6144,2560,8192,steady,8,c_cublas,2,1.13344,1.11072,1.13344,0.01628,1215,1
rs,6144,2560,8192,steady,8,A_gemmrs,0,1.30662,1.30618,1.30618,0.03404,1215,1
rs,6144,2560,8192,steady,8,c_fluxgemm_only,1,1.17075,1.14266,1.17075,0.01000,1215,1
rs,6144,2560,8192,steady,9,c_cublas,1,1.12256,1.09766,1.12256,0.03446,1230,1
rs,6144,2560,8192,steady,9,A_gemmrs,0,1.31155,1.30886,1.30886,0.03532,1230,1
rs,6144,2560,8192,steady,9,c_fluxgemm_only,2,1.16582,1.12787,1.16582,0.01049,1230,1
rs,6144,2560,8192,steady,10,c_cublas,0,1.12608,1.08371,1.12608,0.01576,1245,1
rs,6144,2560,8192,steady,10,A_gemmrs,2,1.29344,1.29318,1.29344,0.03444,1245,1
rs,6144,2560,8192,steady,10,c_fluxgemm_only,1,1.15238,1.11866,1.15238,0.01062,1245,1
rs,6144,2560,8192,steady,11,c_cublas,2,1.13626,1.09152,1.13626,0.01601,1215,1
rs,6144,2560,8192,steady,11,A_gemmrs,1,1.32090,1.32051,1.32090,0.03490,1215,1
rs,6144,2560,8192,steady,11,c_fluxgemm_only,0,1.18042,1.12384,1.18042,0.01065,1215,1
rs,6144,2560,8192,steady,12,c_cublas,0,1.12755,1.08742,1.12755,0.01505,1230,1
rs,6144,2560,8192,steady,12,A_gemmrs,1,1.30010,1.29978,1.30010,0.03468,1230,1
rs,6144,2560,8192,steady,12,c_fluxgemm_only,2,1.16147,1.12883,1.16147,0.01009,1230,1
rs,6144,2560,8192,steady,13,c_cublas,1,1.13280,1.09798,1.13280,0.01513,1230,1
rs,6144,2560,8192,steady,13,A_gemmrs,0,1.31283,1.31059,1.31059,0.03450,1230,1
rs,6144,2560,8192,steady,13,c_fluxgemm_only,2,1.17094,1.13562,1.17094,0.01217,1230,1
rs,6144,2560,8192,steady,14,c_cublas,1,1.12256,1.08973,1.12256,0.01889,1230,1
rs,6144,2560,8192,steady,14,A_gemmrs,0,1.31002,1.30771,1.30771,0.03594,1230,1
rs,6144,2560,8192,steady,14,c_fluxgemm_only,2,1.16589,1.13389,1.16589,0.00992,1230,1
rs,6144,2560,8192,steady,15,c_cublas,1,1.12256,1.10669,1.12256,0.01568,1230,1
rs,6144,2560,8192,steady,15,A_gemmrs,0,1.31130,1.30835,1.30835,0.03466,1230,1
rs,6144,2560,8192,steady,15,c_fluxgemm_only,2,1.16589,1.15014,1.16589,0.01013,1230,1
rs,6144,2560,8192,steady,16,c_cublas,0,1.12742,1.09926,1.12742,0.01674,1230,1
rs,6144,2560,8192,steady,16,A_gemmrs,1,1.30810,1.30784,1.30810,0.03477,1230,1
rs,6144,2560,8192,steady,16,c_fluxgemm_only,2,1.17286,1.12570,1.17286,0.01028,1230,1
rs,6144,2560,8192,steady,17,c_cublas,0,1.15136,1.09542,1.15136,0.03444,1215,1
rs,6144,2560,8192,steady,17,A_gemmrs,2,1.32755,1.32717,1.32755,0.03638,1215,1
rs,6144,2560,8192,steady,17,c_fluxgemm_only,1,1.18074,1.13894,1.18074,0.01015,1215,1
rs,6144,2560,8192,steady,18,c_cublas,0,1.14285,1.11110,1.14285,0.01648,1230,1
rs,6144,2560,8192,steady,18,A_gemmrs,1,1.31430,1.31392,1.31430,0.03396,1230,1
rs,6144,2560,8192,steady,18,c_fluxgemm_only,2,1.18400,1.14880,1.18400,0.00988,1230,1
rs,6144,2560,8192,steady,19,c_cublas,1,1.15021,1.13030,1.15021,0.01969,1200,1
rs,6144,2560,8192,steady,19,A_gemmrs,2,1.32582,1.32550,1.32582,0.03584,1200,1
rs,6144,2560,8192,steady,19,c_fluxgemm_only,0,1.19834,1.17114,1.19834,0.01220,1200,1
rs,6144,2560,8192,steady,20,c_cublas,1,1.13626,1.09792,1.13626,0.01599,1215,1
rs,6144,2560,8192,steady,20,A_gemmrs,2,1.31123,1.31098,1.31123,0.03577,1215,1
rs,6144,2560,8192,steady,20,c_fluxgemm_only,0,1.18125,1.14253,1.18125,0.01043,1215,1
rs,6144,2560,8192,steady,21,c_cublas,2,1.14790,1.08378,1.14790,0.01584,1200,1
rs,6144,2560,8192,steady,21,A_gemmrs,1,1.32365,1.32320,1.32365,0.03389,1200,1
rs,6144,2560,8192,steady,21,c_fluxgemm_only,0,1.17888,1.12941,1.17888,0.01055,1200,1
rs,6144,2560,8192,steady,22,c_cublas,2,1.14662,1.07827,1.14662,0.01568,1215,1
rs,6144,2560,8192,steady,22,A_gemmrs,1,1.32346,1.32301,1.32346,0.03515,1215,1
rs,6144,2560,8192,steady,22,c_fluxgemm_only,0,1.18406,1.12109,1.18406,0.01093,1215,1
rs,6144,2560,8192,steady,23,c_cublas,2,1.13645,1.08205,1.13645,0.01582,1215,1
rs,6144,2560,8192,steady,23,A_gemmrs,0,1.32730,1.32461,1.32461,0.03477,1215,1
rs,6144,2560,8192,steady,23,c_fluxgemm_only,1,1.17946,1.11949,1.17946,0.00982,1215,1
rs,6144,2560,8192,steady,24,c_cublas,0,1.13101,1.07834,1.13101,0.01546,1230,1
rs,6144,2560,8192,steady,24,A_gemmrs,1,1.30906,1.30861,1.30906,0.03618,1230,1
rs,6144,2560,8192,steady,24,c_fluxgemm_only,2,1.17299,1.12186,1.17299,0.01012,1230,1
rs,6144,2560,8192,steady,25,c_cublas,0,1.13421,1.09792,1.13421,0.01650,1230,1
rs,6144,2560,8192,steady,25,A_gemmrs,1,1.31027,1.31008,1.31027,0.03486,1230,1
rs,6144,2560,8192,steady,25,c_fluxgemm_only,2,1.17126,1.14106,1.17126,0.01201,1230,1
rs,6144,2560,8192,steady,26,c_cublas,1,1.13344,1.09645,1.13344,0.03462,1215,1
rs,6144,2560,8192,steady,26,A_gemmrs,2,1.30861,1.30829,1.30861,0.03513,1215,1
rs,6144,2560,8192,steady,26,c_fluxgemm_only,0,1.18061,1.14112,1.18061,0.01032,1215,1
rs,6144,2560,8192,steady,27,c_cublas,1,1.13472,1.10822,1.13472,0.01586,1230,1
rs,6144,2560,8192,steady,27,A_gemmrs,2,1.31213,1.31187,1.31213,0.03371,1230,1
rs,6144,2560,8192,steady,27,c_fluxgemm_only,0,1.17005,1.12723,1.17005,0.01034,1230,1
rs,6144,2560,8192,steady,28,c_cublas,1,1.13798,1.09792,1.13798,0.01598,1230,1
rs,6144,2560,8192,steady,28,A_gemmrs,0,1.31443,1.31437,1.31443,0.03507,1230,1
rs,6144,2560,8192,steady,28,c_fluxgemm_only,2,1.16922,1.12902,1.16922,0.01004,1230,1
rs,6144,2560,8192,steady,29,c_cublas,0,1.12934,1.08384,1.12934,0.01720,1245,1
rs,6144,2560,8192,steady,29,A_gemmrs,1,1.29888,1.29856,1.29888,0.03391,1245,1
rs,6144,2560,8192,steady,29,c_fluxgemm_only,2,1.16422,1.12397,1.16422,0.01063,1245,1
rs,6144,2560,8192,steady,30,c_cublas,0,1.12570,1.08218,1.12570,0.01543,1245,1
rs,6144,2560,8192,steady,30,A_gemmrs,1,1.29984,1.29958,1.29984,0.03415,1245,1
rs,6144,2560,8192,steady,30,c_fluxgemm_only,2,1.16346,1.12858,1.16346,0.00968,1245,1
rs,6144,2560,8192,steady,31,c_cublas,1,1.12576,1.09536,1.12576,0.01689,1230,1
rs,6144,2560,8192,steady,31,A_gemmrs,2,1.31462,1.31430,1.31462,0.03425,1230,1
rs,6144,2560,8192,steady,31,c_fluxgemm_only,0,1.16717,1.13869,1.16717,0.01057,1230,1
rs,6144,2560,8192,steady,32,c_cublas,1,1.13958,1.10688,1.13958,0.01704,1215,1
rs,6144,2560,8192,steady,32,A_gemmrs,2,1.32051,1.32019,1.32051,0.03329,1215,1
rs,6144,2560,8192,steady,32,c_fluxgemm_only,0,1.17926,1.14790,1.17926,0.01068,1215,1
rs,6144,2560,8192,steady,33,c_cublas,0,1.12883,1.09766,1.12883,0.01854,1230,1
rs,6144,2560,8192,steady,33,A_gemmrs,1,1.30995,1.30989,1.30995,0.03781,1230,1
rs,6144,2560,8192,steady,33,c_fluxgemm_only,2,1.17210,1.14342,1.17210,0.01031,1230,1
rs,6144,2560,8192,steady,34,c_cublas,1,1.13606,1.11110,1.13606,0.01585,1215,1
rs,6144,2560,8192,steady,34,A_gemmrs,0,1.32736,1.32480,1.32480,0.03537,1215,1
rs,6144,2560,8192,steady,34,c_fluxgemm_only,2,1.17747,1.15392,1.17747,0.01012,1215,1
rs,6144,2560,8192,steady,35,c_cublas,0,1.13005,1.10963,1.13005,0.01692,1230,1
rs,6144,2560,8192,steady,35,A_gemmrs,2,1.31859,1.31834,1.31859,0.03571,1230,1
rs,6144,2560,8192,steady,35,c_fluxgemm_only,1,1.16922,1.12768,1.16922,0.01048,1230,1
rs,6144,2560,8192,steady,36,c_cublas,1,1.13523,1.09779,1.13523,0.01569,1230,1
rs,6144,2560,8192,steady,36,A_gemmrs,0,1.32627,1.32525,1.32525,0.03328,1230,1
rs,6144,2560,8192,steady,36,c_fluxgemm_only,2,1.16589,1.13990,1.16589,0.00991,1230,1
rs,6144,2560,8192,steady,37,c_cublas,1,1.13517,1.09536,1.13517,0.01593,1215,1
rs,6144,2560,8192,steady,37,A_gemmrs,0,1.31642,1.31443,1.31443,0.03528,1215,1
rs,6144,2560,8192,steady,37,c_fluxgemm_only,2,1.16582,1.13894,1.16582,0.01000,1215,1
rs,6144,2560,8192,steady,38,c_cublas,2,1.13613,1.10835,1.13613,0.01686,1215,1
rs,6144,2560,8192,steady,38,A_gemmrs,0,1.31328,1.31098,1.31098,0.03693,1215,1
rs,6144,2560,8192,steady,38,c_fluxgemm_only,1,1.17958,1.13952,1.17958,0.01004,1215,1
rs,6144,2560,8192,steady,39,c_cublas,0,1.12717,1.09197,1.12717,0.01523,1230,1
rs,6144,2560,8192,steady,39,A_gemmrs,1,1.29510,1.29485,1.29510,0.03485,1230,1
rs,6144,2560,8192,steady,39,c_fluxgemm_only,2,1.17427,1.12301,1.17427,0.01025,1230,1
rs,6144,2560,8192,steady,40,c_cublas,1,1.15347,1.07802,1.15347,0.01619,1200,1
rs,6144,2560,8192,steady,40,A_gemmrs,2,1.32800,1.32742,1.32800,0.03576,1200,1
rs,6144,2560,8192,steady,40,c_fluxgemm_only,0,1.19405,1.12774,1.19405,0.01067,1200,1
rs,6144,2560,8192,steady,41,c_cublas,1,1.13946,1.08390,1.13946,0.01525,1215,1
rs,6144,2560,8192,steady,41,A_gemmrs,2,1.31635,1.31603,1.31635,0.03378,1215,1
rs,6144,2560,8192,steady,41,c_fluxgemm_only,0,1.18374,1.12320,1.18374,0.01014,1215,1
rs,6144,2560,8192,steady,42,c_cublas,0,1.12685,1.08864,1.12685,0.01648,1230,1
rs,6144,2560,8192,steady,42,A_gemmrs,1,1.30918,1.30886,1.30918,0.03394,1230,1
rs,6144,2560,8192,steady,42,c_fluxgemm_only,2,1.17229,1.13210,1.17229,0.00979,1230,1
rs,6144,2560,8192,steady,43,c_cublas,2,1.13619,1.09786,1.13619,0.01699,1215,1
rs,6144,2560,8192,steady,43,A_gemmrs,1,1.32422,1.32397,1.32422,0.03485,1215,1
rs,6144,2560,8192,steady,43,c_fluxgemm_only,0,1.18048,1.14112,1.18048,0.01013,1215,1
rs,6144,2560,8192,steady,44,c_cublas,1,1.13638,1.09773,1.13638,0.01561,1215,1
rs,6144,2560,8192,steady,44,A_gemmrs,0,1.32512,1.32250,1.32250,0.03560,1215,1
rs,6144,2560,8192,steady,44,c_fluxgemm_only,2,1.17523,1.13958,1.17523,0.00997,1215,1
rs,6144,2560,8192,steady,45,c_cublas,0,1.12346,1.08371,1.12346,0.01728,1245,1
rs,6144,2560,8192,steady,45,A_gemmrs,1,1.29619,1.29600,1.29619,0.03432,1245,1
rs,6144,2560,8192,steady,45,c_fluxgemm_only,2,1.16787,1.13862,1.16787,0.00986,1245,1
rs,6144,2560,8192,steady,46,c_cublas,0,1.14029,1.10835,1.14029,0.01673,1230,1
rs,6144,2560,8192,steady,46,A_gemmrs,2,1.31098,1.31072,1.31098,0.03474,1230,1
rs,6144,2560,8192,steady,46,c_fluxgemm_only,1,1.16595,1.13984,1.16595,0.01063,1230,1
rs,6144,2560,8192,steady,47,c_cublas,1,1.13632,1.10842,1.13632,0.10794,1215,1
rs,6144,2560,8192,steady,47,A_gemmrs,2,1.31168,1.31155,1.31168,0.03437,1215,1
rs,6144,2560,8192,steady,47,c_fluxgemm_only,0,1.17926,1.14112,1.17926,0.01042,1215,1
rs,6144,2560,8192,steady,48,c_cublas,1,1.13651,1.08371,1.13651,0.01597,1215,1
rs,6144,2560,8192,steady,48,A_gemmrs,2,1.31642,1.31610,1.31642,0.03266,1215,1
rs,6144,2560,8192,steady,48,c_fluxgemm_only,0,1.17843,1.12896,1.17843,0.01013,1215,1
rs,6144,2560,8192,steady,49,c_cublas,2,1.13946,1.09786,1.13946,0.01600,1215,1
rs,6144,2560,8192,steady,49,A_gemmrs,0,1.32371,1.32237,1.32237,0.04237,1215,1
rs,6144,2560,8192,steady,49,c_fluxgemm_only,1,1.18278,1.13722,1.18278,0.01020,1215,1
