group,dim0,dim1,M,mode,round,item,order_pos,rank_max_ms,rank_min_ms,rank0_ms,cpu_launch_rank_max_ms,min_sm_clock_mhz,kept
rs,6144,2560,16,gpu,0,c_cublas,0,0.06656,0.03686,0.03891,0.43523,0,1
rs,6144,2560,16,gpu,0,A_gemmrs,2,0.08397,0.08192,0.08397,0.07872,0,1
rs,6144,2560,16,gpu,0,c_fluxgemm_only,1,0.05325,0.04813,0.05325,0.02727,0,1
rs,6144,2560,16,gpu,1,c_cublas,0,0.03994,0.03789,0.03994,0.03632,0,1
rs,6144,2560,16,gpu,1,A_gemmrs,1,0.08294,0.08192,0.08192,0.06602,0,1
rs,6144,2560,16,gpu,1,c_fluxgemm_only,2,0.05325,0.04915,0.05222,0.02271,0,1
rs,6144,2560,16,gpu,2,c_cublas,2,0.03789,0.03584,0.03789,0.03451,0,1
rs,6144,2560,16,gpu,2,A_gemmrs,1,0.08806,0.08602,0.08704,0.06223,0,1
rs,6144,2560,16,gpu,2,c_fluxgemm_only,0,0.05120,0.04710,0.05120,0.02135,0,1
rs,6144,2560,16,gpu,3,c_cublas,2,0.03789,0.03584,0.03789,0.03410,0,1
rs,6144,2560,16,gpu,3,A_gemmrs,1,0.08602,0.08294,0.08499,0.06958,0,1
rs,6144,2560,16,gpu,3,c_fluxgemm_only,0,0.05120,0.04813,0.05120,0.02420,0,1
rs,6144,2560,16,gpu,4,c_cublas,0,0.03789,0.03584,0.03686,0.03198,0,1
rs,6144,2560,16,gpu,4,A_gemmrs,1,0.08397,0.08192,0.08192,0.06555,0,1
rs,6144,2560,16,gpu,4,c_fluxgemm_only,2,0.05325,0.04813,0.05120,0.02779,0,1
rs,6144,2560,16,gpu,5,c_cublas,0,0.03994,0.03789,0.03891,0.03582,0,1
rs,6144,2560,16,gpu,5,A_gemmrs,2,0.08499,0.08397,0.08397,0.06181,0,1
rs,6144,2560,16,gpu,5,c_fluxgemm_only,1,0.05222,0.04710,0.05120,0.02333,0,1
rs,6144,2560,16,gpu,6,c_cublas,0,0.03891,0.03584,0.03789,0.04098,0,1
rs,6144,2560,16,gpu,6,A_gemmrs,1,0.08397,0.08192,0.08397,0.06369,0,1
rs,6144,2560,16,gpu,6,c_fluxgemm_only,2,0.05222,0.04813,0.05120,0.02191,0,1
rs,6144,2560,16,gpu,7,c_cublas,0,0.03789,0.03686,0.03686,0.03511,0,1
rs,6144,2560,16,gpu,7,A_gemmrs,2,0.08397,0.08192,0.08397,0.06142,0,1
rs,6144,2560,16,gpu,7,c_fluxgemm_only,1,0.05120,0.04710,0.05018,0.02313,0,1
rs,6144,2560,16,gpu,8,c_cublas,1,0.03994,0.03789,0.03789,0.03546,0,1
rs,6144,2560,16,gpu,8,A_gemmrs,2,0.08397,0.08294,0.08294,0.06284,0,1
rs,6144,2560,16,gpu,8,c_fluxgemm_only,0,0.05222,0.04813,0.05222,0.02262,0,1
rs,6144,2560,16,gpu,9,c_cublas,1,0.03891,0.03584,0.03789,0.03316,0,1
rs,6144,2560,16,gpu,9,A_gemmrs,0,0.08602,0.08294,0.08602,0.06287,0,1
rs,6144,2560,16,gpu,9,c_fluxgemm_only,2,0.05325,0.04813,0.05222,0.02372,0,1
rs,6144,2560,16,gpu,10,c_cublas,1,0.03994,0.03686,0.03891,0.03342,0,1
rs,6144,2560,16,gpu,10,A_gemmrs,0,0.08499,0.08294,0.08499,0.06529,0,1
rs,6144,2560,16,gpu,10,c_fluxgemm_only,2,0.05222,0.04813,0.05120,0.02310,0,1
rs,6144,2560,16,gpu,11,c_cublas,0,0.03891,0.03584,0.03891,0.03454,0,1
rs,6144,2560,16,gpu,11,A_gemmrs,2,0.08397,0.08294,0.08294,0.06790,0,1
rs,6144,2560,16,gpu,11,c_fluxgemm_only,1,0.05222,0.04710,0.05120,0.02315,0,1
rs,6144,2560,16,gpu,12,c_cublas,2,0.03891,0.03584,0.03686,0.03391,0,1
rs,6144,2560,16,gpu,12,A_gemmrs,1,0.08294,0.08192,0.08294,0.06075,0,1
rs,6144,2560,16,gpu,12,c_fluxgemm_only,0,0.05222,0.04813,0.05222,0.02754,0,1
rs,6144,2560,16,gpu,13,c_cublas,2,0.03891,0.03789,0.03789,0.03437,0,1
rs,6144,2560,16,gpu,13,A_gemmrs,1,0.08704,0.08294,0.08704,0.06142,0,1
rs,6144,2560,16,gpu,13,c_fluxgemm_only,0,0.05222,0.04915,0.05222,0.02418,0,1
rs,6144,2560,16,gpu,14,c_cublas,1,0.03891,0.03789,0.03891,0.03298,0,1
rs,6144,2560,16,gpu,14,A_gemmrs,0,0.08499,0.08294,0.08294,0.06576,0,1
rs,6144,2560,16,gpu,14,c_fluxgemm_only,2,0.05222,0.04710,0.05120,0.02347,0,1
rs,6144,2560,16,gpu,15,c_cublas,0,0.03789,0.03584,0.03789,0.03437,0,1
rs,6144,2560,16,gpu,15,A_gemmrs,2,0.08806,0.08397,0.08806,0.06198,0,1
rs,6144,2560,16,gpu,15,c_fluxgemm_only,1,0.05222,0.04813,0.05120,0.02957,0,1
rs,6144,2560,16,gpu,16,c_cublas,1,0.03891,0.03789,0.03891,0.03570,0,1
rs,6144,2560,16,gpu,16,A_gemmrs,2,0.08397,0.08192,0.08397,0.06284,0,1
rs,6144,2560,16,gpu,16,c_fluxgemm_only,0,0.05222,0.04813,0.05222,0.02276,0,1
rs,6144,2560,16,gpu,17,c_cublas,2,0.03994,0.03789,0.03891,0.03457,0,1
rs,6144,2560,16,gpu,17,A_gemmrs,0,0.08192,0.08090,0.08192,0.06714,0,1
rs,6144,2560,16,gpu,17,c_fluxgemm_only,1,0.05120,0.04710,0.05120,0.02136,0,1
rs,6144,2560,16,gpu,18,c_cublas,0,0.03789,0.03584,0.03789,0.03279,0,1
rs,6144,2560,16,gpu,18,A_gemmrs,1,0.08806,0.08397,0.08806,0.06397,0,1
rs,6144,2560,16,gpu,18,c_fluxgemm_only,2,0.05120,0.04813,0.05120,0.02214,0,1
rs,6144,2560,16,gpu,19,c_cublas,1,0.03891,0.03584,0.03789,0.03595,0,1
rs,6144,2560,16,gpu,19,A_gemmrs,2,0.08397,0.08192,0.08397,0.06298,0,1
rs,6144,2560,16,gpu,19,c_fluxgemm_only,0,0.05120,0.04710,0.05018,0.02111,0,1
rs,6144,2560,16,gpu,20,c_cublas,0,0.03891,0.03686,0.03789,0.03438,0,1
rs,6144,2560,16,gpu,20,A_gemmrs,2,0.08397,0.08090,0.08294,0.06245,0,1
rs,6144,2560,16,gpu,20,c_fluxgemm_only,1,0.05325,0.04915,0.05325,0.02364,0,1
rs,6144,2560,16,gpu,21,c_cublas,0,0.03994,0.03789,0.03891,0.03549,0,1
rs,6144,2560,16,gpu,21,A_gemmrs,2,0.08397,0.08294,0.08397,0.06605,0,1
rs,6144,2560,16,gpu,21,c_fluxgemm_only,1,0.05222,0.04813,0.05222,0.03017,0,1
rs,6144,2560,16,gpu,22,c_cublas,2,0.03789,0.03686,0.03789,0.03995,0,1
rs,6144,2560,16,gpu,22,A_gemmrs,1,0.08499,0.08397,0.08397,0.07268,0,1
rs,6144,2560,16,gpu,22,c_fluxgemm_only,0,0.06656,0.04710,0.05120,0.02352,0,1
rs,6144,2560,16,gpu,23,c_cublas,2,0.03891,0.03584,0.03891,0.04001,0,1
rs,6144,2560,16,gpu,23,A_gemmrs,1,0.08397,0.08294,0.08397,0.06614,0,1
rs,6144,2560,16,gpu,23,c_fluxgemm_only,0,0.05222,0.04710,0.05120,0.02391,0,1
rs,6144,2560,16,gpu,24,c_cublas,1,0.03994,0.03789,0.03891,0.03447,0,1
rs,6144,2560,16,gpu,24,A_gemmrs,2,0.08397,0.08192,0.08397,0.06786,0,1
rs,6144,2560,16,gpu,24,c_fluxgemm_only,0,0.05222,0.04813,0.05120,0.02412,0,1
rs,6144,2560,16,gpu,25,c_cublas,0,0.03891,0.03789,0.03891,0.03463,0,1
rs,6144,2560,16,gpu,25,A_gemmrs,2,0.08397,0.08397,0.08397,0.06251,0,1
rs,6144,2560,16,gpu,25,c_fluxgemm_only,1,0.05120,0.04710,0.05120,0.02366,0,1
rs,6144,2560,16,gpu,26,c_cublas,1,0.03891,0.03686,0.03789,0.03566,0,1
rs,6144,2560,16,gpu,26,A_gemmrs,2,0.08294,0.08294,0.08294,0.06658,0,1
rs,6144,2560,16,gpu,26,c_fluxgemm_only,0,0.05120,0.04710,0.05120,0.02299,0,1
rs,6144,2560,16,gpu,27,c_cublas,2,0.03891,0.03584,0.03789,0.03535,0,1
rs,6144,2560,16,gpu,27,A_gemmrs,0,0.08397,0.08294,0.08397,0.06278,0,1
rs,6144,2560,16,gpu,27,c_fluxgemm_only,1,0.05222,0.04710,0.05120,0.02201,0,1
rs,6144,2560,16,gpu,28,c_cublas,1,0.03994,0.03789,0.03891,0.03461,0,1
rs,6144,2560,16,gpu,28,A_gemmrs,2,0.08397,0.08192,0.08192,0.06947,0,1
rs,6144,2560,16,gpu,28,c_fluxgemm_only,0,0.05120,0.04813,0.05120,0.02380,0,1
rs,6144,2560,16,gpu,29,c_cublas,0,0.03994,0.03686,0.03994,0.04083,0,1
rs,6144,2560,16,gpu,29,A_gemmrs,1,0.08397,0.08192,0.08294,0.06741,0,1
rs,6144,2560,16,gpu,29,c_fluxgemm_only,2,0.05222,0.04813,0.05222,0.02228,0,1
rs,6144,2560,16,gpu,30,c_cublas,2,0.03789,0.03584,0.03789,0.03516,0,1
rs,6144,2560,16,gpu,30,A_gemmrs,0,0.08397,0.08192,0.08294,0.06523,0,1
rs,6144,2560,16,gpu,30,c_fluxgemm_only,1,0.05325,0.04915,0.05222,0.02175,0,1
rs,6144,2560,16,gpu,31,c_cublas,2,0.03789,0.03584,0.03789,0.03358,0,1
rs,6144,2560,16,gpu,31,A_gemmrs,1,0.08397,0.08294,0.08397,0.06637,0,1
rs,6144,2560,16,gpu,31,c_fluxgemm_only,0,0.05222,0.04710,0.05120,0.02390,0,1
rs,6144,2560,16,gpu,32,c_cublas,2,0.03789,0.03584,0.03789,0.03344,0,1
rs,6144,2560,16,gpu,32,A_gemmrs,1,0.08294,0.08090,0.08192,0.06698,0,1
rs,6144,2560,16,gpu,32,c_fluxgemm_only,0,0.05120,0.04813,0.05120,0.02448,0,1
rs,6144,2560,16,gpu,33,c_cublas,2,0.03994,0.03686,0.03891,0.03316,0,1
rs,6144,2560,16,gpu,33,A_gemmrs,1,0.08397,0.08192,0.08397,0.06664,0,1
rs,6144,2560,16,gpu,33,c_fluxgemm_only,0,0.05325,0.04915,0.05222,0.02383,0,1
rs,6144,2560,16,gpu,34,c_cublas,0,0.03789,0.03584,0.03789,0.03225,0,1
rs,6144,2560,16,gpu,34,A_gemmrs,2,0.08294,0.08192,0.08294,0.07176,0,1
rs,6144,2560,16,gpu,34,c_fluxgemm_only,1,0.05222,0.04813,0.05120,0.02437,0,1
rs,6144,2560,16,gpu,35,c_cublas,0,0.03891,0.03584,0.03686,0.03479,0,1
rs,6144,2560,16,gpu,35,A_gemmrs,2,0.08294,0.08192,0.08294,0.06158,0,1
rs,6144,2560,16,gpu,35,c_fluxgemm_only,1,0.05222,0.04608,0.05120,0.02773,0,1
rs,6144,2560,16,gpu,36,c_cublas,0,0.06963,0.03686,0.03686,0.03771,0,1
rs,6144,2560,16,gpu,36,A_gemmrs,1,0.08397,0.08192,0.08397,0.09442,0,1
rs,6144,2560,16,gpu,36,c_fluxgemm_only,2,0.05222,0.04813,0.05120,0.02305,0,1
rs,6144,2560,16,gpu,37,c_cublas,2,0.03891,0.03686,0.03891,0.03525,0,1
rs,6144,2560,16,gpu,37,A_gemmrs,0,0.08806,0.08602,0.08806,0.06720,0,1
rs,6144,2560,16,gpu,37,c_fluxgemm_only,1,0.05120,0.04710,0.05120,0.02701,0,1
rs,6144,2560,16,gpu,38,c_cublas,0,0.03891,0.03584,0.03789,0.03241,1155,0
rs,6144,2560,16,gpu,38,A_gemmrs,2,0.08397,0.08294,0.08397,0.06657,1155,0
rs,6144,2560,16,gpu,38,c_fluxgemm_only,1,0.05120,0.04710,0.05018,0.02413,1155,0
rs,6144,2560,16,gpu,39,c_cublas,1,0.03891,0.03686,0.03789,0.03602,1155,0
rs,6144,2560,16,gpu,39,A_gemmrs,2,0.08294,0.08192,0.08294,0.06409,1155,0
rs,6144,2560,16,gpu,39,c_fluxgemm_only,0,0.05222,0.04813,0.05120,0.02242,1155,0
rs,6144,2560,16,gpu,40,c_cublas,1,0.03994,0.03789,0.03994,0.03544,1155,0
rs,6144,2560,16,gpu,40,A_gemmrs,2,0.08397,0.08192,0.08397,0.07175,1155,0
rs,6144,2560,16,gpu,40,c_fluxgemm_only,0,0.05120,0.04710,0.05120,0.02298,1155,0
rs,6144,2560,16,gpu,41,c_cublas,1,0.03891,0.03686,0.03891,0.03545,1155,0
rs,6144,2560,16,gpu,41,A_gemmrs,2,0.08397,0.08192,0.08397,0.06441,1155,0
rs,6144,2560,16,gpu,41,c_fluxgemm_only,0,0.05325,0.05018,0.05325,0.02339,1155,0
rs,6144,2560,16,gpu,42,c_cublas,2,0.03891,0.03584,0.03789,0.03665,1155,0
rs,6144,2560,16,gpu,42,A_gemmrs,0,0.08397,0.08294,0.08397,0.06292,1155,0
rs,6144,2560,16,gpu,42,c_fluxgemm_only,1,0.05325,0.04915,0.05325,0.02386,1155,0
rs,6144,2560,16,gpu,43,c_cublas,0,0.03789,0.03584,0.03789,0.03243,1155,0
rs,6144,2560,16,gpu,43,A_gemmrs,1,0.08397,0.08192,0.08294,0.06686,1155,0
rs,6144,2560,16,gpu,43,c_fluxgemm_only,2,0.05222,0.04813,0.05120,0.02243,1155,0
rs,6144,2560,16,gpu,44,c_cublas,0,0.03789,0.03686,0.03789,0.03586,1155,0
rs,6144,2560,16,gpu,44,A_gemmrs,2,0.08499,0.08397,0.08499,0.06909,1155,0
rs,6144,2560,16,gpu,44,c_fluxgemm_only,1,0.05325,0.04915,0.05222,0.02350,1155,0
rs,6144,2560,16,gpu,45,c_cublas,2,0.03994,0.03686,0.03994,0.03403,1155,0
rs,6144,2560,16,gpu,45,A_gemmrs,1,0.08397,0.08192,0.08294,0.06083,1155,0
rs,6144,2560,16,gpu,45,c_fluxgemm_only,0,0.05325,0.04813,0.05222,0.02298,1155,0
rs,6144,2560,16,gpu,46,c_cublas,0,0.03891,0.03584,0.03789,0.03283,1155,0
rs,6144,2560,16,gpu,46,A_gemmrs,1,0.08397,0.08192,0.08397,0.06848,1155,0
rs,6144,2560,16,gpu,46,c_fluxgemm_only,2,0.05120,0.04710,0.05120,0.02300,1155,0
rs,6144,2560,16,gpu,47,c_cublas,1,0.03789,0.03584,0.03686,0.03610,1155,0
rs,6144,2560,16,gpu,47,A_gemmrs,2,0.08806,0.08499,0.08602,0.06840,1155,0
rs,6144,2560,16,gpu,47,c_fluxgemm_only,0,0.05120,0.04710,0.05120,0.02133,1155,0
rs,6144,2560,16,gpu,48,c_cublas,2,0.03789,0.03584,0.03789,0.03410,1155,0
rs,6144,2560,16,gpu,48,A_gemmrs,1,0.08294,0.08192,0.08294,0.08947,1155,0
rs,6144,2560,16,gpu,48,c_fluxgemm_only,0,0.06861,0.04710,0.06861,0.02470,1155,0
rs,6144,2560,16,gpu,49,c_cublas,1,0.03789,0.03686,0.03789,0.03472,1155,0
rs,6144,2560,16,gpu,49,A_gemmrs,2,0.08602,0.08397,0.08602,0.06618,1155,0
rs,6144,2560,16,gpu,49,c_fluxgemm_only,0,0.05325,0.04915,0.05325,0.02434,1155,0
rs,6144,2560,16,gpu,50,c_cublas,0,0.03891,0.03584,0.03789,0.03487,1155,0
rs,6144,2560,16,gpu,50,A_gemmrs,1,0.08602,0.08192,0.08602,0.06429,1155,0
rs,6144,2560,16,gpu,50,c_fluxgemm_only,2,0.05120,0.04710,0.05120,0.02194,1155,0
rs,6144,2560,16,gpu,51,c_cublas,0,0.03891,0.03584,0.03686,0.03721,1155,0
rs,6144,2560,16,gpu,51,A_gemmrs,2,0.08397,0.08192,0.08397,0.06505,1155,0
rs,6144,2560,16,gpu,51,c_fluxgemm_only,1,0.05120,0.04710,0.05018,0.02525,1155,0
rs,6144,2560,16,gpu,52,c_cublas,2,0.03891,0.03584,0.03789,0.03555,1155,0
rs,6144,2560,16,gpu,52,A_gemmrs,1,0.08294,0.08192,0.08192,0.06703,1155,0
rs,6144,2560,16,gpu,52,c_fluxgemm_only,0,0.05120,0.04710,0.05120,0.02418,1155,0
rs,6144,2560,16,gpu,53,c_cublas,0,0.03994,0.03686,0.03891,0.03681,1155,0
rs,6144,2560,16,gpu,53,A_gemmrs,1,0.08397,0.08192,0.08397,0.07053,1155,0
rs,6144,2560,16,gpu,53,c_fluxgemm_only,2,0.05325,0.04813,0.05222,0.02290,1155,0
rs,6144,2560,16,gpu,54,c_cublas,1,0.03891,0.03686,0.03891,0.03375,1155,0
rs,6144,2560,16,gpu,54,A_gemmrs,0,0.08294,0.08192,0.08294,0.06595,1155,0
rs,6144,2560,16,gpu,54,c_fluxgemm_only,2,0.05222,0.04710,0.05222,0.02364,1155,0
rs,6144,2560,16,gpu,55,c_cublas,1,0.03891,0.03584,0.03789,0.03371,1155,0
rs,6144,2560,16,gpu,55,A_gemmrs,0,0.08397,0.08192,0.08294,0.06555,1155,0
rs,6144,2560,16,gpu,55,c_fluxgemm_only,2,0.05222,0.04710,0.05120,0.02362,1155,0
rs,6144,2560,16,gpu,56,c_cublas,2,0.03789,0.03584,0.03686,0.03435,1155,0
rs,6144,2560,16,gpu,56,A_gemmrs,1,0.08294,0.08090,0.08294,0.06187,1155,0
rs,6144,2560,16,gpu,56,c_fluxgemm_only,0,0.05120,0.04608,0.05120,0.02161,1155,0
rs,6144,2560,16,gpu,57,c_cublas,0,0.03994,0.03686,0.03686,0.03162,1155,0
rs,6144,2560,16,gpu,57,A_gemmrs,1,0.08294,0.08192,0.08294,0.06508,1155,0
rs,6144,2560,16,gpu,57,c_fluxgemm_only,2,0.05325,0.04813,0.04915,0.02252,1155,0
rs,6144,2560,16,gpu,58,c_cublas,1,0.03891,0.03686,0.03789,0.03376,1155,0
rs,6144,2560,16,gpu,58,A_gemmrs,0,0.08294,0.08090,0.08090,0.06565,1155,0
rs,6144,2560,16,gpu,58,c_fluxgemm_only,2,0.05222,0.04710,0.04813,0.02990,1155,0
rs,6144,2560,16,gpu,59,c_cublas,1,0.03891,0.03584,0.03584,0.03415,1155,0
rs,6144,2560,16,gpu,59,A_gemmrs,0,0.08397,0.08294,0.08294,0.08078,1155,0
rs,6144,2560,16,gpu,59,c_fluxgemm_only,2,0.05222,0.04710,0.04710,0.02414,1155,0
rs,6144,2560,16,gpu,60,c_cublas,1,0.03994,0.03686,0.03686,0.03564,1155,0
rs,6144,2560,16,gpu,60,A_gemmrs,2,0.08397,0.07987,0.07987,0.07202,1155,0
rs,6144,2560,16,gpu,60,c_fluxgemm_only,0,0.05120,0.04608,0.04608,0.02220,1155,0
rs,6144,2560,16,gpu,61,c_cublas,1,0.03789,0.03584,0.03686,0.03576,1155,0
rs,6144,2560,16,gpu,61,A_gemmrs,2,0.08294,0.08294,0.08294,0.07263,1155,0
rs,6144,2560,16,gpu,61,c_fluxgemm_only,0,0.05325,0.04915,0.04915,0.02325,1155,0
rs,6144,2560,16,gpu,62,c_cublas,2,0.03891,0.03686,0.03686,0.04147,1155,0
rs,6144,2560,16,gpu,62,A_gemmrs,1,0.08397,0.08192,0.08192,0.06679,1155,0
rs,6144,2560,16,gpu,62,c_fluxgemm_only,0,0.05222,0.04710,0.04813,0.02343,1155,0
rs,6144,2560,16,gpu,63,c_cublas,2,0.03789,0.03584,0.03584,0.03343,1155,0
rs,6144,2560,16,gpu,63,A_gemmrs,1,0.08294,0.08192,0.08192,0.06220,1155,0
rs,6144,2560,16,gpu,63,c_fluxgemm_only,0,0.05222,0.04710,0.04710,0.02400,1155,0
rs,6144,2560,16,gpu,64,c_cublas,2,0.03891,0.03584,0.03686,0.04167,1155,0
rs,6144,2560,16,gpu,64,A_gemmrs,0,0.08192,0.08090,0.08192,0.06670,1155,0
rs,6144,2560,16,gpu,64,c_fluxgemm_only,1,0.05120,0.04710,0.04710,0.02210,1155,0
rs,6144,2560,16,gpu,65,c_cublas,1,0.03789,0.03584,0.03686,0.03429,1155,0
rs,6144,2560,16,gpu,65,A_gemmrs,2,0.08294,0.08192,0.08294,0.06506,1155,0
rs,6144,2560,16,gpu,65,c_fluxgemm_only,0,0.05325,0.04710,0.04710,0.02390,1155,0
rs,6144,2560,16,gpu,66,c_cublas,0,0.03891,0.03584,0.03584,0.03468,1155,0
rs,6144,2560,16,gpu,66,A_gemmrs,2,0.08294,0.08192,0.08192,0.07307,1155,0
rs,6144,2560,16,gpu,66,c_fluxgemm_only,1,0.05222,0.04710,0.04710,0.02768,1155,0
rs,6144,2560,16,gpu,67,c_cublas,0,0.03789,0.03584,0.03686,0.03476,1155,0
rs,6144,2560,16,gpu,67,A_gemmrs,1,0.10957,0.10547,0.10957,0.08043,1155,0
rs,6144,2560,16,gpu,67,c_fluxgemm_only,2,0.05222,0.04710,0.04813,0.02238,1155,0
rs,6144,2560,16,gpu,68,c_cublas,1,0.03994,0.03686,0.03789,0.03590,1155,0
rs,6144,2560,16,gpu,68,A_gemmrs,2,0.08397,0.08192,0.08192,0.06552,1155,0
rs,6144,2560,16,gpu,68,c_fluxgemm_only,0,0.05120,0.04608,0.04710,0.02092,1155,0
rs,6144,2560,16,gpu,69,c_cublas,1,0.03789,0.03584,0.03584,0.03501,1155,0
rs,6144,2560,16,gpu,69,A_gemmrs,2,0.08397,0.08192,0.08192,0.06354,1155,0
rs,6144,2560,16,gpu,69,c_fluxgemm_only,0,0.05325,0.04813,0.04915,0.02365,1155,0
rs,6144,2560,16,gpu,70,c_cublas,0,0.03891,0.03584,0.03584,0.03447,1155,0
rs,6144,2560,16,gpu,70,A_gemmrs,1,0.08397,0.08090,0.08090,0.07025,1155,0
rs,6144,2560,16,gpu,70,c_fluxgemm_only,2,0.05120,0.04710,0.04813,0.02222,1155,0
rs,6144,2560,16,gpu,71,c_cublas,1,0.03891,0.03584,0.03584,0.03314,1155,0
rs,6144,2560,16,gpu,71,A_gemmrs,0,0.08397,0.08294,0.08294,0.06518,1155,0
rs,6144,2560,16,gpu,71,c_fluxgemm_only,2,0.05222,0.04710,0.04710,0.02334,1155,0
rs,6144,2560,16,gpu,72,c_cublas,0,0.03789,0.03584,0.03686,0.03508,1155,0
rs,6144,2560,16,gpu,72,A_gemmrs,2,0.08192,0.08090,0.08192,0.06688,1155,0
rs,6144,2560,16,gpu,72,c_fluxgemm_only,1,0.05325,0.04813,0.04915,0.02355,1155,0
rs,6144,2560,16,gpu,73,c_cublas,0,0.03994,0.03686,0.03686,0.03517,1155,0
rs,6144,2560,16,gpu,73,A_gemmrs,2,0.08294,0.08192,0.08192,0.06242,1155,0
rs,6144,2560,16,gpu,73,c_fluxgemm_only,1,0.05222,0.04710,0.04710,0.02432,1155,0
rs,6144,2560,16,gpu,74,c_cublas,1,0.04096,0.03789,0.03789,0.03810,1155,0
rs,6144,2560,16,gpu,74,A_gemmrs,0,0.08294,0.08192,0.08192,0.06787,1155,0
rs,6144,2560,16,gpu,74,c_fluxgemm_only,2,0.05222,0.04710,0.04710,0.02369,1155,0
rs,6144,2560,16,gpu,75,c_cublas,2,0.03789,0.03584,0.03686,0.08860,1155,0
rs,6144,2560,16,gpu,75,A_gemmrs,0,0.08397,0.08192,0.08192,0.06690,1155,0
rs,6144,2560,16,gpu,75,c_fluxgemm_only,1,0.05120,0.04710,0.04710,0.02154,1155,0
rs,6144,2560,16,gpu,76,c_cublas,2,0.03686,0.03584,0.03584,0.03495,1155,0
rs,6144,2560,16,gpu,76,A_gemmrs,0,0.08397,0.08192,0.08192,0.06843,1155,0
rs,6144,2560,16,gpu,76,c_fluxgemm_only,1,0.05222,0.04710,0.04710,0.02258,1155,0
rs,6144,2560,16,gpu,77,c_cublas,1,0.03686,0.03584,0.03584,0.03442,1155,0
rs,6144,2560,16,gpu,77,A_gemmrs,2,0.08090,0.07885,0.08090,0.06729,1155,0
rs,6144,2560,16,gpu,77,c_fluxgemm_only,0,0.04813,0.04813,0.04813,0.02425,1155,0
rs,6144,2560,16,gpu,78,c_cublas,1,0.03686,0.03584,0.03584,0.03511,1155,0
rs,6144,2560,16,gpu,78,A_gemmrs,2,0.07475,0.07270,0.07475,0.06324,1155,0
rs,6144,2560,16,gpu,78,c_fluxgemm_only,0,0.04813,0.04710,0.04710,0.02354,1155,0
rs,6144,2560,16,gpu,79,c_cublas,1,0.03686,0.03584,0.03584,0.03538,1155,0
rs,6144,2560,16,gpu,79,A_gemmrs,2,0.07475,0.07373,0.07475,0.06750,1155,0
rs,6144,2560,16,gpu,79,c_fluxgemm_only,0,0.04813,0.04608,0.04813,0.02350,1155,0
rs,6144,2560,16,gpu,80,c_cublas,2,0.03686,0.03584,0.03584,0.03461,1155,0
rs,6144,2560,16,gpu,80,A_gemmrs,0,0.07475,0.07373,0.07475,0.06066,1155,0
rs,6144,2560,16,gpu,80,c_fluxgemm_only,1,0.04813,0.04710,0.04710,0.02192,1155,0
rs,6144,2560,16,gpu,81,c_cublas,1,0.03686,0.03584,0.03584,0.03405,1155,0
rs,6144,2560,16,gpu,81,A_gemmrs,0,0.07475,0.07373,0.07475,0.07182,1155,0
rs,6144,2560,16,gpu,81,c_fluxgemm_only,2,0.04915,0.04813,0.04915,0.02342,1155,0
rs,6144,2560,16,gpu,82,c_cublas,1,0.03789,0.03686,0.03789,0.07989,1155,0
rs,6144,2560,16,gpu,82,A_gemmrs,0,0.07885,0.07578,0.07578,0.06917,1155,0
rs,6144,2560,16,gpu,82,c_fluxgemm_only,2,0.04813,0.04710,0.04710,0.02364,1155,0
rs,6144,2560,16,gpu,83,c_cublas,0,0.03789,0.03584,0.03584,0.03476,1155,0
rs,6144,2560,16,gpu,83,A_gemmrs,2,0.07578,0.07373,0.07578,0.06441,1155,0
rs,6144,2560,16,gpu,83,c_fluxgemm_only,1,0.04710,0.04608,0.04710,0.02358,1155,0
rs,6144,2560,16,gpu,84,c_cublas,1,0.03891,0.03686,0.03789,0.03619,1155,0
rs,6144,2560,16,gpu,84,A_gemmrs,2,0.07885,0.07782,0.07782,0.06650,1155,0
rs,6144,2560,16,gpu,84,c_fluxgemm_only,0,0.04813,0.04710,0.04813,0.02319,1155,0
rs,6144,2560,16,gpu,85,c_cublas,0,0.03789,0.03686,0.03686,0.03936,1155,0
rs,6144,2560,16,gpu,85,A_gemmrs,1,0.07475,0.07270,0.07373,0.06945,1155,0
rs,6144,2560,16,gpu,85,c_fluxgemm_only,2,0.04915,0.04813,0.04813,0.02917,1155,0
rs,6144,2560,16,gpu,86,c_cublas,0,0.03686,0.03686,0.03686,0.04196,1410,1
rs,6144,2560,16,gpu,86,A_gemmrs,1,0.08192,0.07987,0.08090,0.06600,1410,1
rs,6144,2560,16,gpu,86,c_fluxgemm_only,2,0.04813,0.04710,0.04710,0.02285,1410,1
rs,6144,2560,16,gpu,87,c_cublas,1,0.03686,0.03584,0.03686,0.03630,1410,1
rs,6144,2560,16,gpu,87,A_gemmrs,2,0.07578,0.07373,0.07475,0.06758,1410,1
rs,6144,2560,16,gpu,87,c_fluxgemm_only,0,0.04710,0.04608,0.04608,0.02206,1410,1
rs,6144,2560,16,gpu,88,c_cublas,0,0.03789,0.03584,0.03686,0.03604,1410,1
rs,6144,2560,16,gpu,88,A_gemmrs,1,0.07475,0.07373,0.07475,0.06980,1410,1
rs,6144,2560,16,gpu,88,c_fluxgemm_only,2,0.04813,0.04710,0.04710,0.02257,1410,1
rs,6144,2560,16,gpu,89,c_cublas,1,0.03686,0.03584,0.03686,0.03441,1410,1
rs,6144,2560,16,gpu,89,A_gemmrs,0,1.04858,0.10854,1.04755,0.08242,1410,1
rs,6144,2560,16,gpu,89,c_fluxgemm_only,2,0.04915,0.04813,0.04813,0.02370,1410,1
rs,6144,2560,16,gpu,90,c_cublas,0,0.03686,0.03584,0.03584,0.03516,1410,1
rs,6144,2560,16,gpu,90,A_gemmrs,1,0.07885,0.07475,0.07578,0.06905,1410,1
rs,6144,2560,16,gpu,90,c_fluxgemm_only,2,0.04710,0.04608,0.04710,0.02229,1410,1
rs,6144,2560,16,gpu,91,c_cublas,1,0.03686,0.03584,0.03584,0.03367,1410,1
rs,6144,2560,16,gpu,91,A_gemmrs,0,0.07680,0.07578,0.07680,0.07006,1410,1
rs,6144,2560,16,gpu,91,c_fluxgemm_only,2,0.04813,0.04710,0.04710,0.02396,1410,1
rs,6144,2560,16,gpu,92,c_cublas,1,0.03789,0.03686,0.03789,0.03580,1410,1
rs,6144,2560,16,gpu,92,A_gemmrs,2,0.07885,0.07782,0.07885,0.06831,1410,1
rs,6144,2560,16,gpu,92,c_fluxgemm_only,0,0.04813,0.04608,0.04813,0.02168,1410,1
rs,6144,2560,16,gpu,93,c_cublas,1,0.03686,0.03584,0.03686,0.03528,1410,1
rs,6144,2560,16,gpu,93,A_gemmrs,2,0.08090,0.07987,0.08090,0.06395,1410,1
rs,6144,2560,16,gpu,93,c_fluxgemm_only,0,0.04915,0.04813,0.04813,0.02357,1410,1
rs,6144,2560,16,gpu,94,c_cublas,2,0.03789,0.03584,0.03686,0.03386,1410,1
rs,6144,2560,16,gpu,94,A_gemmrs,1,0.07680,0.07475,0.07578,0.06088,1410,1
rs,6144,2560,16,gpu,94,c_fluxgemm_only,0,0.04710,0.04710,0.04710,0.02330,1410,1
rs,6144,2560,16,gpu,95,c_cublas,0,0.03686,0.03584,0.03584,0.03285,1410,1
rs,6144,2560,16,gpu,95,A_gemmrs,1,0.07475,0.07373,0.07373,0.07174,1410,1
rs,6144,2560,16,gpu,95,c_fluxgemm_only,2,0.04915,0.04710,0.04710,0.02943,1410,1
rs,6144,2560,16,gpu,96,c_cublas,0,0.03686,0.03584,0.03584,0.04196,1410,1
rs,6144,2560,16,gpu,96,A_gemmrs,1,0.07578,0.07475,0.07475,0.06798,1410,1
rs,6144,2560,16,gpu,96,c_fluxgemm_only,2,0.04813,0.04710,0.04710,0.02251,1410,1
rs,6144,2560,16,gpu,97,c_cublas,2,0.03789,0.03686,0.03789,0.03414,1410,1
rs,6144,2560,16,gpu,97,A_gemmrs,1,0.07578,0.07475,0.07475,0.06503,1410,1
rs,6144,2560,16,gpu,97,c_fluxgemm_only,0,0.04813,0.04813,0.04813,0.02253,1410,1
rs,6144,2560,16,gpu,98,c_cublas,0,0.03686,0.03584,0.03686,0.03216,1410,1
rs,6144,2560,16,gpu,98,A_gemmrs,1,0.07885,0.07373,0.07475,0.06800,1410,1
rs,6144,2560,16,gpu,98,c_fluxgemm_only,2,0.04710,0.04710,0.04710,0.02245,1410,1
rs,6144,2560,16,gpu,99,c_cublas,1,0.03789,0.03584,0.03584,0.03413,1410,1
rs,6144,2560,16,gpu,99,A_gemmrs,0,0.07680,0.07475,0.07578,0.07540,1410,1
rs,6144,2560,16,gpu,99,c_fluxgemm_only,2,0.04813,0.04710,0.04710,0.02380,1410,1
rs,6144,2560,16,gpu,100,c_cublas,2,0.03789,0.03686,0.03686,0.03522,1410,1
rs,6144,2560,16,gpu,100,A_gemmrs,0,0.07475,0.07373,0.07475,0.06964,1410,1
rs,6144,2560,16,gpu,100,c_fluxgemm_only,1,0.04710,0.04710,0.04710,0.02478,1410,1
rs,6144,2560,16,gpu,101,c_cublas,1,0.03686,0.03584,0.03686,0.03335,1410,1
rs,6144,2560,16,gpu,101,A_gemmrs,0,0.07475,0.07270,0.07475,0.06909,1410,1
rs,6144,2560,16,gpu,101,c_fluxgemm_only,2,0.04915,0.04813,0.04915,0.02358,1410,1
rs,6144,2560,16,gpu,102,c_cublas,0,0.03686,0.03686,0.03686,0.03494,1410,1
rs,6144,2560,16,gpu,102,A_gemmrs,1,0.08090,0.07987,0.08090,0.07600,1410,1
rs,6144,2560,16,gpu,102,c_fluxgemm_only,2,0.04813,0.04608,0.04710,0.02199,1410,1
rs,6144,2560,16,gpu,103,c_cublas,2,0.03686,0.03584,0.03686,0.03516,1410,1
rs,6144,2560,16,gpu,103,A_gemmrs,0,0.08090,0.07782,0.07885,0.06753,1410,1
rs,6144,2560,16,gpu,103,c_fluxgemm_only,1,0.04813,0.04710,0.04813,0.02479,1410,1
rs,6144,2560,16,gpu,104,c_cublas,1,0.03789,0.03686,0.03789,0.03457,1410,1
rs,6144,2560,16,gpu,104,A_gemmrs,2,0.07578,0.07475,0.07578,0.06796,1410,1
rs,6144,2560,16,gpu,104,c_fluxgemm_only,0,0.04710,0.04710,0.04710,0.02408,1410,1
rs,6144,2560,16,gpu,105,c_cublas,1,0.03686,0.03584,0.03584,0.03376,1410,1
rs,6144,2560,16,gpu,105,A_gemmrs,0,1.50630,0.11571,1.50426,0.09087,1410,1
rs,6144,2560,16,gpu,105,c_fluxgemm_only,2,0.04915,0.04915,0.04915,0.02358,1410,1
rs,6144,2560,16,gpu,106,c_cublas,0,0.03686,0.03584,0.03686,0.03447,1410,1
rs,6144,2560,16,gpu,106,A_gemmrs,2,0.07885,0.07475,0.07475,0.06313,1410,1
rs,6144,2560,16,gpu,106,c_fluxgemm_only,1,0.04813,0.04710,0.04710,0.02339,1410,1
rs,6144,2560,16,gpu,107,c_cublas,2,0.03686,0.03686,0.03686,0.03443,1410,1
rs,6144,2560,16,gpu,107,A_gemmrs,1,0.07578,0.07373,0.07475,0.06356,1410,1
rs,6144,2560,16,gpu,107,c_fluxgemm_only,0,0.04813,0.04710,0.04710,0.02268,1410,1
rs,6144,2560,16,gpu,108,c_cublas,0,0.03686,0.03584,0.03686,0.03264,1410,1
rs,6144,2560,16,gpu,108,A_gemmrs,2,0.07475,0.07373,0.07475,0.06520,1410,1
rs,6144,2560,16,gpu,108,c_fluxgemm_only,1,0.04915,0.04813,0.04813,0.02432,1410,1
rs,6144,2560,16,gpu,109,c_cublas,1,0.03686,0.03584,0.03686,0.03350,1410,1
rs,6144,2560,16,gpu,109,A_gemmrs,0,0.07475,0.07373,0.07373,0.06365,1410,1
rs,6144,2560,16,gpu,109,c_fluxgemm_only,2,0.04915,0.04813,0.04813,0.02341,1410,1
rs,6144,2560,16,gpu,110,c_cublas,2,0.03686,0.03584,0.03584,0.04025,1410,1
rs,6144,2560,16,gpu,110,A_gemmrs,0,0.08397,0.07885,0.07885,0.06900,1410,1
rs,6144,2560,16,gpu,110,c_fluxgemm_only,1,0.04915,0.04813,0.04915,0.02151,1410,1
rs,6144,2560,16,gpu,111,c_cublas,1,0.03686,0.03686,0.03686,0.03549,1410,1
rs,6144,2560,16,gpu,111,A_gemmrs,2,0.07475,0.07373,0.07475,0.06498,1410,1
rs,6144,2560,16,gpu,111,c_fluxgemm_only,0,0.04710,0.04608,0.04710,0.02391,1410,1
rs,6144,2560,16,gpu,112,c_cublas,0,0.03686,0.03584,0.03584,0.03477,1410,1
rs,6144,2560,16,gpu,112,A_gemmrs,2,0.07578,0.07475,0.07578,0.06550,1410,1
rs,6144,2560,16,gpu,112,c_fluxgemm_only,1,0.05018,0.04813,0.05018,0.02394,1410,1
rs,6144,2560,16,gpu,113,c_cublas,0,0.03789,0.03686,0.03789,0.03530,1410,1
rs,6144,2560,16,gpu,113,A_gemmrs,1,0.07475,0.07373,0.07475,0.07041,1410,1
rs,6144,2560,16,gpu,113,c_fluxgemm_only,2,0.04915,0.04813,0.04813,0.02205,1410,1
rs,6144,2560,16,gpu,114,c_cublas,1,0.03686,0.03584,0.03686,0.03989,1410,1
rs,6144,2560,16,gpu,114,A_gemmrs,2,0.07885,0.07475,0.07475,0.06526,1410,1
rs,6144,2560,16,gpu,114,c_fluxgemm_only,0,0.04710,0.04608,0.04608,0.02169,1410,1
rs,6144,2560,16,gpu,115,c_cublas,0,0.03686,0.03584,0.03686,0.03513,1410,1
rs,6144,2560,16,gpu,115,A_gemmrs,2,0.07578,0.07475,0.07578,0.07005,1410,1
rs,6144,2560,16,gpu,115,c_fluxgemm_only,1,0.04813,0.04710,0.04710,0.02427,1410,1
rs,6144,2560,16,gpu,116,c_cublas,2,0.03686,0.03584,0.03584,0.03427,1410,1
rs,6144,2560,16,gpu,116,A_gemmrs,1,0.07578,0.07373,0.07578,0.06436,1410,1
rs,6144,2560,16,gpu,116,c_fluxgemm_only,0,0.04813,0.04710,0.04813,0.02263,1410,1
rs,6144,2560,16,gpu,117,c_cublas,2,0.03789,0.03789,0.03789,0.03375,1410,1
rs,6144,2560,16,gpu,117,A_gemmrs,1,0.07578,0.07373,0.07475,0.07128,1410,1
rs,6144,2560,16,gpu,117,c_fluxgemm_only,0,0.04915,0.04813,0.04915,0.02397,1410,1
rs,6144,2560,16,gpu,118,c_cublas,1,0.03789,0.03686,0.03686,0.03360,1410,1
rs,6144,2560,16,gpu,118,A_gemmrs,0,0.08192,0.07782,0.08192,0.06768,1410,1
rs,6144,2560,16,gpu,118,c_fluxgemm_only,2,0.04813,0.04710,0.04813,0.02331,1410,1
rs,6144,2560,16,gpu,119,c_cublas,0,0.06656,0.03584,0.06656,0.03779,1410,1
rs,6144,2560,16,gpu,119,A_gemmrs,1,0.07475,0.07373,0.07475,0.09522,1410,1
rs,6144,2560,16,gpu,119,c_fluxgemm_only,2,0.04813,0.04813,0.04813,0.02220,1410,1
rs,6144,2560,16,gpu,120,c_cublas,0,0.03686,0.03584,0.03686,0.03548,1410,1
rs,6144,2560,16,gpu,120,A_gemmrs,1,0.07578,0.07475,0.07578,0.06840,1410,1
rs,6144,2560,16,gpu,120,c_fluxgemm_only,2,0.04813,0.04710,0.04710,0.02254,1410,1
rs,6144,2560,16,gpu,121,c_cublas,0,0.03789,0.03686,0.03686,0.03623,1410,1
rs,6144,2560,16,gpu,121,A_gemmrs,2,0.07578,0.07475,0.07475,0.06378,1410,1
rs,6144,2560,16,gpu,121,c_fluxgemm_only,1,0.04710,0.04608,0.04710,0.02346,1410,1
rs,6144,2560,16,gpu,122,c_cublas,0,0.03686,0.03584,0.03584,0.03531,1410,1
rs,6144,2560,16,gpu,122,A_gemmrs,1,0.07987,0.07475,0.07578,0.06557,1410,1
rs,6144,2560,16,gpu,122,c_fluxgemm_only,2,0.04813,0.04710,0.04710,0.02218,1410,1
rs,6144,2560,16,gpu,123,c_cublas,2,0.03686,0.03584,0.03584,0.03566,1410,1
rs,6144,2560,16,gpu,123,A_gemmrs,0,0.07578,0.07475,0.07578,0.06570,1410,1
rs,6144,2560,16,gpu,123,c_fluxgemm_only,1,0.04813,0.04710,0.04813,0.02188,1410,1
rs,6144,2560,16,gpu,124,c_cublas,0,0.03686,0.03584,0.03686,0.03283,1410,1
rs,6144,2560,16,gpu,124,A_gemmrs,1,0.07475,0.07373,0.07373,0.06631,1410,1
rs,6144,2560,16,gpu,124,c_fluxgemm_only,2,0.04710,0.04710,0.04710,0.02903,1410,1
rs,6144,2560,16,gpu,125,c_cublas,0,0.03789,0.03686,0.03789,0.04137,1410,1
rs,6144,2560,16,gpu,125,A_gemmrs,1,0.07885,0.07782,0.07885,0.07286,1410,1
rs,6144,2560,16,gpu,125,c_fluxgemm_only,2,0.04915,0.04813,0.04813,0.02202,1410,1
rs,6144,2560,16,gpu,126,c_cublas,0,0.03686,0.03584,0.03686,0.03604,1410,1
rs,6144,2560,16,gpu,126,A_gemmrs,2,0.07987,0.07885,0.07987,0.06547,1410,1
rs,6144,2560,16,gpu,126,c_fluxgemm_only,1,0.04710,0.04710,0.04710,0.02341,1410,1
rs,6144,2560,16,gpu,127,c_cublas,0,0.03789,0.03584,0.03789,0.03592,1410,1
rs,6144,2560,16,gpu,127,A_gemmrs,1,0.07578,0.07475,0.07475,0.06844,1410,1
rs,6144,2560,16,gpu,127,c_fluxgemm_only,2,0.04813,0.04710,0.04710,0.02229,1410,1
rs,6144,2560,16,gpu,128,c_cublas,1,0.03686,0.03584,0.03686,0.03523,1410,1
rs,6144,2560,16,gpu,128,A_gemmrs,0,0.07578,0.07373,0.07475,0.06979,1410,1
rs,6144,2560,16,gpu,128,c_fluxgemm_only,2,0.04813,0.04710,0.04710,0.02355,1410,1
rs,6144,2560,16,gpu,129,c_cublas,1,0.03686,0.03584,0.03686,0.03436,1410,1
rs,6144,2560,16,gpu,129,A_gemmrs,0,0.07578,0.07373,0.07475,0.06585,1410,1
rs,6144,2560,16,gpu,129,c_fluxgemm_only,2,0.04915,0.04813,0.04813,0.02450,1410,1
rs,6144,2560,16,gpu,130,c_cublas,0,0.03686,0.03584,0.03686,0.03616,1410,1
rs,6144,2560,16,gpu,130,A_gemmrs,1,0.07885,0.07680,0.07680,0.06785,1410,1
rs,6144,2560,16,gpu,130,c_fluxgemm_only,2,0.04813,0.04710,0.04710,0.02239,1410,1
rs,6144,2560,16,gpu,131,c_cublas,2,0.03789,0.03584,0.03686,0.03554,1410,1
rs,6144,2560,16,gpu,131,A_gemmrs,0,0.07578,0.07475,0.07578,0.06461,1410,1
rs,6144,2560,16,gpu,131,c_fluxgemm_only,1,0.04813,0.04710,0.04813,0.02185,1410,1
rs,6144,2560,16,gpu,132,c_cublas,1,0.03789,0.03686,0.03789,0.03542,1410,1
rs,6144,2560,16,gpu,132,A_gemmrs,2,0.07475,0.07270,0.07373,0.06886,1410,1
rs,6144,2560,16,gpu,132,c_fluxgemm_only,0,0.04710,0.04608,0.04608,0.02367,1410,1
rs,6144,2560,16,gpu,133,c_cublas,2,0.03789,0.03686,0.03686,0.03537,1410,1
rs,6144,2560,16,gpu,133,A_gemmrs,0,0.07475,0.07373,0.07475,0.06755,1410,1
rs,6144,2560,16,gpu,133,c_fluxgemm_only,1,0.04915,0.04710,0.04710,0.02607,1410,1
rs,6144,2560,16,gpu,134,c_cublas,2,0.03789,0.03584,0.03789,0.04221,1410,1
rs,6144,2560,16,gpu,134,A_gemmrs,0,0.07885,0.07782,0.07885,0.07149,1410,1
rs,6144,2560,16,gpu,134,c_fluxgemm_only,1,0.04915,0.04813,0.04915,0.02221,1410,1
rs,6144,2560,16,gpu,135,c_cublas,0,0.03686,0.03584,0.03686,0.03955,1410,1
rs,6144,2560,16,gpu,135,A_gemmrs,2,0.07885,0.07680,0.07885,0.06258,1410,1
rs,6144,2560,16,gpu,135,c_fluxgemm_only,1,0.04710,0.04608,0.04710,0.02792,1410,1
rs,6144,2560,16,gpu,136,c_cublas,2,0.03686,0.03584,0.03584,0.03327,1410,1
rs,6144,2560,16,gpu,136,A_gemmrs,1,0.07987,0.07475,0.07987,0.06400,1410,1
rs,6144,2560,16,gpu,136,c_fluxgemm_only,0,0.04813,0.04710,0.04710,0.02344,1410,1
rs,6144,2560,16,gpu,137,c_cublas,0,0.03891,0.03686,0.03789,0.03238,1410,1
rs,6144,2560,16,gpu,137,A_gemmrs,2,0.07578,0.07475,0.07475,0.07002,1410,1
rs,6144,2560,16,gpu,137,c_fluxgemm_only,1,0.04813,0.04710,0.04813,0.02385,1410,1
rs,6144,2560,16,gpu,138,c_cublas,2,0.03686,0.03584,0.03686,0.03382,1410,1
rs,6144,2560,16,gpu,138,A_gemmrs,1,0.08090,0.07578,0.07680,0.06346,1410,1
rs,6144,2560,16,gpu,138,c_fluxgemm_only,0,0.04813,0.04710,0.04710,0.02787,1410,1
rs,6144,2560,16,gpu,139,c_cublas,1,0.03686,0.03584,0.03686,0.03318,1410,1
rs,6144,2560,16,gpu,139,A_gemmrs,0,0.07578,0.07475,0.07578,0.06756,1410,1
rs,6144,2560,16,gpu,139,c_fluxgemm_only,2,0.04813,0.04710,0.04710,0.02378,1410,1
rs,6144,2560,16,gpu,140,c_cublas,0,0.03789,0.03584,0.03584,0.03566,1410,1
rs,6144,2560,16,gpu,140,A_gemmrs,2,0.07578,0.07475,0.07578,0.06627,1410,1
rs,6144,2560,16,gpu,140,c_fluxgemm_only,1,0.04915,0.04813,0.04813,0.02361,1410,1
rs,6144,2560,16,gpu,141,c_cublas,1,0.03686,0.03584,0.03584,0.03583,1410,1
rs,6144,2560,16,gpu,141,A_gemmrs,2,0.07578,0.07475,0.07578,0.07545,1410,1
rs,6144,2560,16,gpu,141,c_fluxgemm_only,0,0.04813,0.04813,0.04813,0.02457,1410,1
rs,6144,2560,16,gpu,142,c_cublas,1,0.03789,0.03686,0.03686,0.03390,1410,1
rs,6144,2560,16,gpu,142,A_gemmrs,0,0.07885,0.07782,0.07885,0.06360,1410,1
rs,6144,2560,16,gpu,142,c_fluxgemm_only,2,0.04813,0.04710,0.04813,0.02403,1410,1
rs,6144,2560,16,gpu,143,c_cublas,1,0.03789,0.03584,0.03584,0.03530,1410,1
rs,6144,2560,16,gpu,143,A_gemmrs,2,0.07885,0.07578,0.07885,0.06715,1410,1
rs,6144,2560,16,gpu,143,c_fluxgemm_only,0,0.04710,0.04710,0.04710,0.02129,1410,1
rs,6144,2560,16,gpu,144,c_cublas,2,0.03686,0.03584,0.03686,0.03521,1410,1
rs,6144,2560,16,gpu,144,A_gemmrs,0,0.07475,0.07270,0.07373,0.06307,1410,1
rs,6144,2560,16,gpu,144,c_fluxgemm_only,1,0.04813,0.04608,0.04813,0.02171,1410,1
rs,6144,2560,16,gpu,145,c_cublas,2,0.03789,0.03789,0.03789,0.03370,1410,1
rs,6144,2560,16,gpu,145,A_gemmrs,1,0.07987,0.07373,0.07885,0.06527,1410,1
rs,6144,2560,16,gpu,145,c_fluxgemm_only,0,0.04813,0.04813,0.04813,0.02515,1410,1
rs,6144,2560,16,gpu,146,c_cublas,0,0.03686,0.03584,0.03686,0.03362,1410,1
rs,6144,2560,16,gpu,146,A_gemmrs,2,0.07782,0.07373,0.07373,0.06240,1410,1
rs,6144,2560,16,gpu,146,c_fluxgemm_only,1,0.04813,0.04710,0.04813,0.02427,1410,1
rs,6144,2560,16,gpu,147,c_cublas,1,0.03686,0.03584,0.03584,0.03580,1410,1
rs,6144,2560,16,gpu,147,A_gemmrs,2,0.07475,0.07373,0.07373,0.07638,1410,1
rs,6144,2560,16,gpu,147,c_fluxgemm_only,0,0.04813,0.04710,0.04710,0.02298,1410,1
rs,6144,2560,16,gpu,148,c_cublas,2,0.03686,0.03584,0.03686,0.03458,1410,1
rs,6144,2560,16,gpu,148,A_gemmrs,0,0.07475,0.07270,0.07475,0.06262,1410,1
rs,6144,2560,16,gpu,148,c_fluxgemm_only,1,0.04710,0.04710,0.04710,0.02244,1410,1
rs,6144,2560,16,gpu,149,c_cublas,2,0.03789,0.03789,0.03789,0.03473,1410,1
rs,6144,2560,16,gpu,149,A_gemmrs,0,0.07475,0.07270,0.07475,0.06797,1410,1
rs,6144,2560,16,gpu,149,c_fluxgemm_only,1,0.04813,0.04710,0.04710,0.02182,1410,1
rs,6144,2560,16,gpu,150,c_cublas,1,0.03686,0.03584,0.03686,0.03526,1410,1
rs,6144,2560,16,gpu,150,A_gemmrs,2,0.07885,0.07475,0.07885,0.06791,1410,1
rs,6144,2560,16,gpu,150,c_fluxgemm_only,0,0.04710,0.04710,0.04710,0.02384,1410,1
rs,6144,2560,16,gpu,151,c_cublas,1,0.03686,0.03584,0.03584,0.03411,1410,1
rs,6144,2560,16,gpu,151,A_gemmrs,0,0.07578,0.07475,0.07578,0.06840,1410,1
rs,6144,2560,16,gpu,151,c_fluxgemm_only,2,0.04813,0.04608,0.04710,0.02418,1410,1
rs,6144,2560,16,gpu,152,c_cublas,2,0.03686,0.03584,0.03686,0.03453,1410,1
rs,6144,2560,16,gpu,152,A_gemmrs,0,0.07885,0.07475,0.07475,0.06911,1410,1
rs,6144,2560,16,gpu,152,c_fluxgemm_only,1,0.04813,0.04710,0.04710,0.02190,1410,1
rs,6144,2560,16,gpu,153,c_cublas,2,0.03789,0.03686,0.03789,0.03426,1410,1
rs,6144,2560,16,gpu,153,A_gemmrs,0,0.07475,0.07373,0.07475,0.06881,1410,1
rs,6144,2560,16,gpu,153,c_fluxgemm_only,1,0.04813,0.04710,0.04710,0.02213,1410,1
rs,6144,2560,16,gpu,154,c_cublas,2,0.03686,0.03584,0.03686,0.03406,1410,1
rs,6144,2560,16,gpu,154,A_gemmrs,1,0.07578,0.07475,0.07475,0.06444,1410,1
rs,6144,2560,16,gpu,154,c_fluxgemm_only,0,0.04813,0.04608,0.04608,0.02389,1410,1
rs,6144,2560,16,gpu,155,c_cublas,0,0.03686,0.03584,0.03686,0.03194,1410,1
rs,6144,2560,16,gpu,155,A_gemmrs,2,0.07885,0.07475,0.07475,0.06291,1410,1
rs,6144,2560,16,gpu,155,c_fluxgemm_only,1,0.04813,0.04710,0.04710,0.02411,1410,1
rs,6144,2560,16,gpu,156,c_cublas,1,0.03686,0.03584,0.03584,0.03387,1410,1
rs,6144,2560,16,gpu,156,A_gemmrs,0,0.07987,0.07578,0.07987,0.06405,1410,1
rs,6144,2560,16,gpu,156,c_fluxgemm_only,2,0.04813,0.04710,0.04710,0.02341,1410,1
rs,6144,2560,16,gpu,157,c_cublas,2,0.03686,0.03686,0.03686,0.04108,1410,1
rs,6144,2560,16,gpu,157,A_gemmrs,1,0.07475,0.07373,0.07475,0.07207,1410,1
rs,6144,2560,16,gpu,157,c_fluxgemm_only,0,0.04813,0.04710,0.04813,0.02167,1410,1
rs,6144,2560,16,gpu,158,c_cublas,2,0.03789,0.03584,0.03686,0.03463,1410,1
rs,6144,2560,16,gpu,158,A_gemmrs,0,0.07578,0.07373,0.07475,0.07919,1410,1
rs,6144,2560,16,gpu,158,c_fluxgemm_only,1,0.04915,0.04813,0.04915,0.02211,1410,1
rs,6144,2560,16,gpu,159,c_cublas,0,0.03686,0.03584,0.03686,0.03257,1410,1
rs,6144,2560,16,gpu,159,A_gemmrs,2,0.07987,0.07475,0.07987,0.06647,1410,1
rs,6144,2560,16,gpu,159,c_fluxgemm_only,1,0.04710,0.04608,0.04710,0.02425,1410,1
rs,6144,2560,16,gpu,160,c_cublas,2,0.03686,0.03584,0.03686,0.03419,1410,1
rs,6144,2560,16,gpu,160,A_gemmrs,1,0.07885,0.07680,0.07680,0.06521,1410,1
rs,6144,2560,16,gpu,160,c_fluxgemm_only,0,0.04710,0.04710,0.04710,0.02331,1410,1
rs,6144,2560,16,gpu,161,c_cublas,0,0.03891,0.03686,0.03789,0.03273,1410,1
rs,6144,2560,16,gpu,161,A_gemmrs,2,0.07680,0.07578,0.07578,0.06288,1410,1
rs,6144,2560,16,gpu,161,c_fluxgemm_only,1,0.04813,0.04710,0.04813,0.02425,1410,1
rs,6144,2560,16,gpu,162,c_cublas,1,0.03789,0.03686,0.03789,0.03421,1410,1
rs,6144,2560,16,gpu,162,A_gemmrs,0,0.07475,0.07270,0.07373,0.06410,1410,1
rs,6144,2560,16,gpu,162,c_fluxgemm_only,2,0.04710,0.04710,0.04710,0.02324,1410,1
rs,6144,2560,16,gpu,163,c_cublas,1,0.03686,0.03584,0.03686,0.03384,1410,1
rs,6144,2560,16,gpu,163,A_gemmrs,0,0.07680,0.07578,0.07578,0.06599,1410,1
rs,6144,2560,16,gpu,163,c_fluxgemm_only,2,0.04710,0.04710,0.04710,0.02335,1410,1
rs,6144,2560,16,gpu,164,c_cublas,2,0.03686,0.03686,0.03686,0.03558,1410,1
rs,6144,2560,16,gpu,164,A_gemmrs,0,0.07885,0.07680,0.07885,0.06925,1410,1
rs,6144,2560,16,gpu,164,c_fluxgemm_only,1,0.04710,0.04710,0.04710,0.02726,1410,1
rs,6144,2560,16,gpu,165,c_cublas,0,0.06451,0.03686,0.03686,0.03987,1410,1
rs,6144,2560,16,gpu,165,A_gemmrs,1,0.07475,0.07270,0.07373,0.08120,1410,1
rs,6144,2560,16,gpu,165,c_fluxgemm_only,2,0.04915,0.04813,0.04813,0.02227,1410,1
rs,6144,2560,16,gpu,166,c_cublas,2,0.03686,0.03584,0.03686,0.03398,1410,1
rs,6144,2560,16,gpu,166,A_gemmrs,1,0.07680,0.07578,0.07578,0.06559,1410,1
rs,6144,2560,16,gpu,166,c_fluxgemm_only,0,0.04710,0.04710,0.04710,0.02605,1410,1
rs,6144,2560,16,gpu,167,c_cublas,0,0.03686,0.03584,0.03686,0.03275,1410,1
rs,6144,2560,16,gpu,167,A_gemmrs,2,0.07885,0.07475,0.07885,0.06452,1410,1
rs,6144,2560,16,gpu,167,c_fluxgemm_only,1,0.04813,0.04710,0.04710,0.02444,1410,1
rs,6144,2560,16,gpu,168,c_cublas,1,0.03789,0.03686,0.03789,0.03654,1410,1
rs,6144,2560,16,gpu,168,A_gemmrs,2,0.07885,0.07475,0.07475,0.06430,1410,1
rs,6144,2560,16,gpu,168,c_fluxgemm_only,0,0.04813,0.04710,0.04710,0.02308,1410,1
rs,6144,2560,16,gpu,169,c_cublas,2,0.03891,0.03686,0.03789,0.03382,1410,1
rs,6144,2560,16,gpu,169,A_gemmrs,1,0.07475,0.07270,0.07475,0.06419,1410,1
rs,6144,2560,16,gpu,169,c_fluxgemm_only,0,0.04915,0.04813,0.04915,0.02319,1410,1
rs,6144,2560,16,gpu,170,c_cublas,1,0.03891,0.03686,0.03686,0.03369,1410,1
rs,6144,2560,16,gpu,170,A_gemmrs,0,0.07475,0.07475,0.07475,0.06695,1410,1
rs,6144,2560,16,gpu,170,c_fluxgemm_only,2,0.04710,0.04710,0.04710,0.02371,1410,1
rs,6144,2560,16,gpu,171,c_cublas,0,0.03686,0.03584,0.03584,0.03530,1410,1
rs,6144,2560,16,gpu,171,A_gemmrs,2,0.07885,0.07373,0.07373,0.06526,1410,1
rs,6144,2560,16,gpu,171,c_fluxgemm_only,1,0.04813,0.04710,0.04710,0.02417,1410,1
rs,6144,2560,16,gpu,172,c_cublas,1,0.03789,0.03686,0.03686,0.03644,1410,1
rs,6144,2560,16,gpu,172,A_gemmrs,2,0.07987,0.07475,0.07987,0.06814,1410,1
rs,6144,2560,16,gpu,172,c_fluxgemm_only,0,0.04710,0.04710,0.04710,0.02318,1410,1
rs,6144,2560,16,gpu,173,c_cublas,1,0.03686,0.03584,0.03584,0.03388,1410,1
rs,6144,2560,16,gpu,173,A_gemmrs,0,0.07475,0.07373,0.07373,0.06373,1410,1
rs,6144,2560,16,gpu,173,c_fluxgemm_only,2,0.04813,0.04813,0.04813,0.02391,1410,1
rs,6144,2560,16,gpu,174,c_cublas,0,0.03686,0.03686,0.03686,0.03522,1410,1
rs,6144,2560,16,gpu,174,A_gemmrs,2,0.07578,0.07373,0.07578,0.07130,1410,1
rs,6144,2560,16,gpu,174,c_fluxgemm_only,1,0.04813,0.04608,0.04608,0.02421,1410,1
rs,6144,2560,16,gpu,175,c_cublas,0,0.03686,0.03584,0.03584,0.03546,1410,1
rs,6144,2560,16,gpu,175,A_gemmrs,2,0.07885,0.07578,0.07885,0.06945,1410,1
rs,6144,2560,16,gpu,175,c_fluxgemm_only,1,0.04813,0.04710,0.04813,0.02400,1410,1
rs,6144,2560,16,gpu,176,c_cublas,0,0.03686,0.03584,0.03584,0.03537,1410,1
rs,6144,2560,16,gpu,176,A_gemmrs,1,0.07475,0.07475,0.07475,0.06440,1410,1
rs,6144,2560,16,gpu,176,c_fluxgemm_only,2,0.04813,0.04710,0.04710,0.02272,1410,1
rs,6144,2560,16,gpu,177,c_cublas,2,0.03789,0.03686,0.03789,0.03352,1410,1
rs,6144,2560,16,gpu,177,A_gemmrs,1,0.07885,0.07373,0.07373,0.06760,1410,1
rs,6144,2560,16,gpu,177,c_fluxgemm_only,0,0.04915,0.04710,0.04710,0.02149,1410,1
rs,6144,2560,16,gpu,178,c_cublas,0,0.03686,0.03584,0.03584,0.03268,1410,1
rs,6144,2560,16,gpu,178,A_gemmrs,2,0.07578,0.07475,0.07578,0.06624,1410,1
rs,6144,2560,16,gpu,178,c_fluxgemm_only,1,0.04813,0.04710,0.04710,0.02434,1410,1
rs,6144,2560,16,gpu,179,c_cublas,2,0.03686,0.03584,0.03686,0.03521,1410,1
rs,6144,2560,16,gpu,179,A_gemmrs,0,0.07578,0.07475,0.07475,0.06563,1410,1
rs,6144,2560,16,gpu,179,c_fluxgemm_only,1,0.04813,0.04710,0.04710,0.02214,1410,1
rs,6144,2560,16,gpu,180,c_cublas,1,0.03686,0.03584,0.03584,0.03378,1410,1
rs,6144,2560,16,gpu,180,A_gemmrs,0,0.07782,0.07475,0.07475,0.07017,1410,1
rs,6144,2560,16,gpu,180,c_fluxgemm_only,2,0.04710,0.04710,0.04710,0.02374,1410,1
rs,6144,2560,16,gpu,181,c_cublas,2,0.03891,0.03686,0.03789,0.03496,1410,1
rs,6144,2560,16,gpu,181,A_gemmrs,0,1.66298,0.12083,1.66195,0.09581,1410,1
rs,6144,2560,16,gpu,181,c_fluxgemm_only,1,0.04813,0.04710,0.04813,0.02226,1410,1
rs,6144,2560,16,gpu,182,c_cublas,0,0.03686,0.03584,0.03584,0.03459,1410,1
rs,6144,2560,16,gpu,182,A_gemmrs,2,0.07885,0.07680,0.07885,0.06414,1410,1
rs,6144,2560,16,gpu,182,c_fluxgemm_only,1,0.04813,0.04710,0.04710,0.02345,1410,1
rs,6144,2560,16,gpu,183,c_cublas,2,0.03686,0.03584,0.03686,0.04253,1410,1
rs,6144,2560,16,gpu,183,A_gemmrs,1,0.07475,0.07373,0.07475,0.06439,1410,1
rs,6144,2560,16,gpu,183,c_fluxgemm_only,0,0.04813,0.04710,0.04710,0.02300,1410,1
rs,6144,2560,16,gpu,184,c_cublas,2,0.03686,0.03584,0.03584,0.03387,1410,1
rs,6144,2560,16,gpu,184,A_gemmrs,1,0.07885,0.07475,0.07475,0.06993,1410,1
rs,6144,2560,16,gpu,184,c_fluxgemm_only,0,0.04813,0.04710,0.04813,0.03014,1410,1
rs,6144,2560,16,gpu,185,c_cublas,0,0.03891,0.03686,0.03789,0.03181,1410,1
rs,6144,2560,16,gpu,185,A_gemmrs,2,0.07578,0.07373,0.07475,0.06767,1410,1
rs,6144,2560,16,gpu,185,c_fluxgemm_only,1,0.04813,0.04710,0.04813,0.02445,1410,1
rs,6144,2560,16,gpu,186,c_cublas,2,0.03686,0.03584,0.03686,0.03536,1410,1
rs,6144,2560,16,gpu,186,A_gemmrs,0,0.07373,0.07373,0.07373,0.06750,1410,1
rs,6144,2560,16,gpu,186,c_fluxgemm_only,1,0.04915,0.04813,0.04813,0.02174,1410,1
rs,6144,2560,16,gpu,187,c_cublas,0,0.03686,0.03584,0.03686,0.03298,1410,1
rs,6144,2560,16,gpu,187,A_gemmrs,1,0.07782,0.07475,0.07475,0.07230,1410,1
rs,6144,2560,16,gpu,187,c_fluxgemm_only,2,0.04813,0.04710,0.04813,0.02298,1410,1
rs,6144,2560,16,gpu,188,c_cublas,1,0.03789,0.03584,0.03584,0.03364,1410,1
rs,6144,2560,16,gpu,188,A_gemmrs,0,0.07475,0.07373,0.07475,0.06817,1410,1
rs,6144,2560,16,gpu,188,c_fluxgemm_only,2,0.04915,0.04710,0.04915,0.02388,1410,1
rs,6144,2560,16,gpu,189,c_cublas,1,0.03686,0.03584,0.03584,0.03522,1410,1
rs,6144,2560,16,gpu,189,A_gemmrs,0,0.07885,0.07373,0.07885,0.07100,1410,1
rs,6144,2560,16,gpu,189,c_fluxgemm_only,2,0.04915,0.04813,0.04813,0.02466,1410,1
rs,6144,2560,16,gpu,190,c_cublas,2,0.03686,0.03584,0.03686,0.03448,1410,1
rs,6144,2560,16,gpu,190,A_gemmrs,1,0.07578,0.07475,0.07578,0.06685,1410,1
rs,6144,2560,16,gpu,190,c_fluxgemm_only,0,0.04813,0.04608,0.04813,0.02156,1410,1
rs,6144,2560,16,gpu,191,c_cublas,2,0.03686,0.03584,0.03584,0.03457,1410,1
rs,6144,2560,16,gpu,191,A_gemmrs,0,0.07987,0.07578,0.07987,0.06852,1410,1
rs,6144,2560,16,gpu,191,c_fluxgemm_only,1,0.04813,0.04710,0.04710,0.02218,1410,1
rs,6144,2560,16,gpu,192,c_cublas,0,0.03686,0.03584,0.03584,0.03190,1410,1
rs,6144,2560,16,gpu,192,A_gemmrs,2,0.07782,0.07578,0.07578,0.07074,1410,1
rs,6144,2560,16,gpu,192,c_fluxgemm_only,1,0.04915,0.04813,0.04813,0.02389,1410,1
rs,6144,2560,16,gpu,193,c_cublas,0,0.03891,0.03789,0.03789,0.03490,1410,1
rs,6144,2560,16,gpu,193,A_gemmrs,1,0.07578,0.07373,0.07475,0.06827,1410,1
rs,6144,2560,16,gpu,193,c_fluxgemm_only,2,0.05018,0.04813,0.05018,0.02901,1410,1
rs,6144,2560,16,gpu,194,c_cublas,1,0.03789,0.03686,0.03789,0.03471,1410,1
rs,6144,2560,16,gpu,194,A_gemmrs,0,0.07578,0.07373,0.07578,0.07412,1410,1
rs,6144,2560,16,gpu,194,c_fluxgemm_only,2,0.04710,0.04710,0.04710,0.02331,1410,1
rs,6144,2560,16,gpu,195,c_cublas,2,0.03686,0.03584,0.03686,0.11814,1410,1
rs,6144,2560,16,gpu,195,A_gemmrs,0,0.98406,0.12390,0.12390,0.09814,1410,1
rs,6144,2560,16,gpu,195,c_fluxgemm_only,1,0.04813,0.04710,0.04813,0.03089,1410,1
rs,6144,2560,16,gpu,196,c_cublas,2,0.03686,0.03584,0.03584,0.03540,1410,1
rs,6144,2560,16,gpu,196,A_gemmrs,0,0.07578,0.07475,0.07578,0.06988,1410,1
rs,6144,2560,16,gpu,196,c_fluxgemm_only,1,0.04813,0.04710,0.04710,0.02227,1410,1
rs,6144,2560,16,gpu,197,c_cublas,2,0.03789,0.03686,0.03789,0.03387,1410,1
rs,6144,2560,16,gpu,197,A_gemmrs,1,0.07987,0.07475,0.07885,0.06409,1410,1
rs,6144,2560,16,gpu,197,c_fluxgemm_only,0,0.04915,0.04710,0.04915,0.02998,1410,1
rs,6144,2560,16,gpu,198,c_cublas,0,0.03686,0.03584,0.03686,0.03319,1410,1
rs,6144,2560,16,gpu,198,A_gemmrs,1,0.08090,0.07680,0.08090,0.06884,1410,1
rs,6144,2560,16,gpu,198,c_fluxgemm_only,2,0.04813,0.04710,0.04710,0.02236,1410,1
rs,6144,2560,16,gpu,199,c_cublas,0,0.03686,0.03584,0.03686,0.03573,1410,1
rs,6144,2560,16,gpu,199,A_gemmrs,1,0.07782,0.07373,0.07782,0.06703,1410,1
rs,6144,2560,16,gpu,199,c_fluxgemm_only,2,0.04813,0.04710,0.04813,0.02197,1410,1
rs,6144,2560,16,steady,0,c_cublas,0,0.02778,0.02528,0.02528,0.02707,0,1
rs,6144,2560,16,steady,0,A_gemmrs,2,0.06323,0.06317,0.06323,0.03536,0,1
rs,6144,2560,16,steady,0,c_fluxgemm_only,1,0.03808,0.03789,0.03789,0.01315,0,1
rs,6144,2560,16,steady,1,c_cublas,1,0.02554,0.02522,0.02528,0.01228,0,1
rs,6144,2560,16,steady,1,A_gemmrs,0,0.06470,0.06419,0.06451,0.03317,0,1
rs,6144,2560,16,steady,1,c_fluxgemm_only,2,0.03808,0.03782,0.03782,0.01340,0,1
rs,6144,2560,16,steady,2,c_cublas,0,0.02714,0.02611,0.02624,0.01242,0,1
rs,6144,2560,16,steady,2,A_gemmrs,1,0.06355,0.06349,0.06355,0.03383,0,1
rs,6144,2560,16,steady,2,c_fluxgemm_only,2,0.03808,0.03789,0.03789,0.01274,0,1
rs,6144,2560,16,steady,3,c_cublas,0,0.02682,0.02611,0.02650,0.01244,0,1
rs,6144,2560,16,steady,3,A_gemmrs,2,0.06362,0.06349,0.06355,0.03289,0,1
rs,6144,2560,16,steady,3,c_fluxgemm_only,1,0.03808,0.03776,0.03776,0.01334,0,1
rs,6144,2560,16,steady,4,c_cublas,2,0.02547,0.02522,0.02528,0.01282,0,1
rs,6144,2560,16,steady,4,A_gemmrs,0,0.06432,0.06406,0.06419,0.03284,0,1
rs,6144,2560,16,steady,4,c_fluxgemm_only,1,0.03808,0.03776,0.03776,0.01271,0,1
rs,6144,2560,16,steady,5,c_cublas,0,0.02682,0.02598,0.02650,0.01189,0,1
rs,6144,2560,16,steady,5,A_gemmrs,2,0.06342,0.06336,0.06342,0.03327,0,1
rs,6144,2560,16,steady,5,c_fluxgemm_only,1,0.03814,0.03782,0.03782,0.01291,0,1
rs,6144,2560,16,steady,6,c_cublas,1,0.02554,0.02515,0.02528,0.01230,0,1
rs,6144,2560,16,steady,6,A_gemmrs,0,0.06413,0.06400,0.06400,0.03286,0,1
rs,6144,2560,16,steady,6,c_fluxgemm_only,2,0.03814,0.03789,0.03789,0.01286,0,1
rs,6144,2560,16,steady,7,c_cublas,2,0.02547,0.02515,0.02528,0.01279,0,1
rs,6144,2560,16,steady,7,A_gemmrs,1,0.06381,0.06374,0.06381,0.03295,0,1
rs,6144,2560,16,steady,7,c_fluxgemm_only,0,0.03834,0.03802,0.03834,0.01293,0,1
rs,6144,2560,16,steady,8,c_cublas,1,0.02560,0.02522,0.02528,0.01223,0,1
rs,6144,2560,16,steady,8,A_gemmrs,2,0.06349,0.06342,0.06349,0.03336,0,1
rs,6144,2560,16,steady,8,c_fluxgemm_only,0,0.03904,0.03814,0.03853,0.01306,0,1
rs,6144,2560,16,steady,9,c_cublas,2,0.02560,0.02522,0.02547,0.01229,0,1
rs,6144,2560,16,steady,9,A_gemmrs,1,0.06336,0.06336,0.06336,0.03304,0,1
rs,6144,2560,16,steady,9,c_fluxgemm_only,0,0.03910,0.03866,0.03866,0.01272,0,1
rs,6144,2560,16,steady,10,c_cublas,2,0.02554,0.02515,0.02515,0.01277,0,1
rs,6144,2560,16,steady,10,A_gemmrs,1,0.06342,0.06336,0.06342,0.03305,0,1
rs,6144,2560,16,steady,10,c_fluxgemm_only,0,0.03930,0.03840,0.03891,0.01341,0,1
rs,6144,2560,16,steady,11,c_cublas,2,0.02554,0.02515,0.02528,0.01227,0,1
rs,6144,2560,16,steady,11,A_gemmrs,1,0.06304,0.06298,0.06304,0.03321,0,1
rs,6144,2560,16,steady,11,c_fluxgemm_only,0,0.03904,0.03808,0.03853,0.01295,0,1
rs,6144,2560,16,steady,12,c_cublas,1,0.02554,0.02522,0.02541,0.01219,0,1
rs,6144,2560,16,steady,12,A_gemmrs,0,0.09965,0.06541,0.09952,0.03366,0,1
rs,6144,2560,16,steady,12,c_fluxgemm_only,2,0.03821,0.03782,0.03782,0.01288,0,1
rs,6144,2560,16,steady,13,c_cublas,0,0.02669,0.02598,0.02598,0.01231,0,1
rs,6144,2560,16,steady,13,A_gemmrs,2,0.06362,0.06355,0.06362,0.03302,0,1
rs,6144,2560,16,steady,13,c_fluxgemm_only,1,0.03802,0.03789,0.03789,0.01287,0,1
rs,6144,2560,16,steady,14,c_cublas,1,0.02554,0.02515,0.02515,0.01239,0,1
rs,6144,2560,16,steady,14,A_gemmrs,2,0.06355,0.06342,0.06355,0.03276,0,1
rs,6144,2560,16,steady,14,c_fluxgemm_only,0,0.03898,0.03866,0.03866,0.01277,0,1
rs,6144,2560,16,steady,15,c_cublas,1,0.02547,0.02515,0.02534,0.01224,0,1
rs,6144,2560,16,steady,15,A_gemmrs,0,0.06419,0.06400,0.06413,0.03254,0,1
rs,6144,2560,16,steady,15,c_fluxgemm_only,2,0.03808,0.03782,0.03782,0.01287,0,1
rs,6144,2560,16,steady,16,c_cublas,1,0.02560,0.02509,0.02534,0.01234,0,1
rs,6144,2560,16,steady,16,A_gemmrs,2,0.06381,0.06374,0.06374,0.03323,0,1
rs,6144,2560,16,steady,16,c_fluxgemm_only,0,0.03821,0.03782,0.03795,0.01265,0,1
rs,6144,2560,16,steady,17,c_cublas,2,0.02566,0.02522,0.02534,0.01240,0,1
rs,6144,2560,16,steady,17,A_gemmrs,0,0.06426,0.06406,0.06406,0.03284,0,1
rs,6144,2560,16,steady,17,c_fluxgemm_only,1,0.03808,0.03789,0.03789,0.01269,0,1
rs,6144,2560,16,steady,18,c_cublas,0,0.02694,0.02611,0.02662,0.01202,0,1
rs,6144,2560,16,steady,18,A_gemmrs,1,0.06349,0.06323,0.06323,0.03306,0,1
rs,6144,2560,16,steady,18,c_fluxgemm_only,2,0.03802,0.03776,0.03776,0.01319,0,1
rs,6144,2560,16,steady,19,c_cublas,2,0.02547,0.02522,0.02528,0.01429,0,1
rs,6144,2560,16,steady,19,A_gemmrs,1,0.06349,0.06342,0.06342,0.03347,0,1
rs,6144,2560,16,steady,19,c_fluxgemm_only,0,0.04019,0.03789,0.04019,0.01274,0,1
rs,6144,2560,16,steady,20,c_cublas,0,0.02682,0.02579,0.02682,0.01259,0,1
rs,6144,2560,16,steady,20,A_gemmrs,1,0.06330,0.06317,0.06330,0.03401,0,1
rs,6144,2560,16,steady,20,c_fluxgemm_only,2,0.03814,0.03770,0.03770,0.01325,0,1
rs,6144,2560,16,steady,21,c_cublas,1,0.02541,0.02528,0.02528,0.01246,0,1
rs,6144,2560,16,steady,21,A_gemmrs,2,0.06362,0.06355,0.06362,0.03338,0,1
rs,6144,2560,16,steady,21,c_fluxgemm_only,0,0.03834,0.03776,0.03776,0.01257,0,1
rs,6144,2560,16,steady,22,c_cublas,0,0.02720,0.02662,0.02669,0.01236,0,1
rs,6144,2560,16,steady,22,A_gemmrs,2,0.06349,0.06342,0.06349,0.03260,0,1
rs,6144,2560,16,steady,22,c_fluxgemm_only,1,0.03814,0.03782,0.03782,0.01322,0,1
rs,6144,2560,16,steady,23,c_cublas,1,0.02554,0.02515,0.02515,0.01228,0,1
rs,6144,2560,16,steady,23,A_gemmrs,0,0.06413,0.06400,0.06400,0.03283,0,1
rs,6144,2560,16,steady,23,c_fluxgemm_only,2,0.03821,0.03789,0.03789,0.01330,0,1
rs,6144,2560,16,steady,24,c_cublas,0,0.02688,0.02573,0.02605,0.01222,0,1
rs,6144,2560,16,steady,24,A_gemmrs,2,0.06342,0.06336,0.06336,0.03314,0,1
rs,6144,2560,16,steady,24,c_fluxgemm_only,1,0.03814,0.03782,0.03782,0.01275,0,1
rs,6144,2560,16,steady,25,c_cublas,1,0.02554,0.02522,0.02522,0.01227,0,1
rs,6144,2560,16,steady,25,A_gemmrs,0,0.06451,0.06413,0.06413,0.03293,0,1
rs,6144,2560,16,steady,25,c_fluxgemm_only,2,0.03808,0.03782,0.03782,0.01287,0,1
rs,6144,2560,16,steady,26,c_cublas,0,0.02656,0.02592,0.02605,0.01270,0,1
rs,6144,2560,16,steady,26,A_gemmrs,2,0.06342,0.06336,0.06342,0.03354,0,1
rs,6144,2560,16,steady,26,c_fluxgemm_only,1,0.03808,0.03782,0.03782,0.01281,0,1
rs,6144,2560,16,steady,27,c_cublas,2,0.02554,0.02515,0.02534,0.01229,0,1
rs,6144,2560,16,steady,27,A_gemmrs,1,0.06336,0.06317,0.06336,0.03309,0,1
rs,6144,2560,16,steady,27,c_fluxgemm_only,0,0.03898,0.03859,0.03859,0.01292,0,1
rs,6144,2560,16,steady,28,c_cublas,1,0.02560,0.02522,0.02534,0.01275,0,1
rs,6144,2560,16,steady,28,A_gemmrs,2,0.06323,0.06317,0.06323,0.03296,0,1
rs,6144,2560,16,steady,28,c_fluxgemm_only,0,0.03917,0.03821,0.03885,0.01299,0,1
rs,6144,2560,16,steady,29,c_cublas,2,0.02554,0.02515,0.02528,0.01231,0,1
rs,6144,2560,16,steady,29,A_gemmrs,1,0.06336,0.06323,0.06336,0.03259,0,1
rs,6144,2560,16,steady,29,c_fluxgemm_only,0,0.03898,0.03859,0.03859,0.01318,0,1
rs,6144,2560,16,steady,30,c_cublas,2,0.02554,0.02515,0.02522,0.01236,0,1
rs,6144,2560,16,steady,30,A_gemmrs,1,0.06310,0.06304,0.06310,0.03333,0,1
rs,6144,2560,16,steady,30,c_fluxgemm_only,0,0.03910,0.03827,0.03866,0.01302,0,1
rs,6144,2560,16,steady,31,c_cublas,0,0.02694,0.02592,0.02662,0.01192,0,1
rs,6144,2560,16,steady,31,A_gemmrs,2,0.06387,0.06381,0.06387,0.03779,0,1
rs,6144,2560,16,steady,31,c_fluxgemm_only,1,0.03808,0.03776,0.03776,0.01330,0,1
rs,6144,2560,16,steady,32,c_cublas,0,0.02733,0.02662,0.02682,0.01282,0,1
rs,6144,2560,16,steady,32,A_gemmrs,2,0.06342,0.06330,0.06342,0.03273,0,1
rs,6144,2560,16,steady,32,c_fluxgemm_only,1,0.03814,0.03782,0.03782,0.01291,0,1
rs,6144,2560,16,steady,33,c_cublas,2,0.02560,0.02528,0.02528,0.01241,0,1
rs,6144,2560,16,steady,33,A_gemmrs,0,0.06432,0.06406,0.06413,0.03268,0,1
rs,6144,2560,16,steady,33,c_fluxgemm_only,1,0.03821,0.03789,0.03789,0.01311,0,1
rs,6144,2560,16,steady,34,c_cublas,2,0.02554,0.02528,0.02528,0.01228,0,1
rs,6144,2560,16,steady,34,A_gemmrs,0,0.06451,0.06432,0.06451,0.03358,0,1
rs,6144,2560,16,steady,34,c_fluxgemm_only,1,0.03814,0.03776,0.03776,0.01260,0,1
rs,6144,2560,16,steady,35,c_cublas,2,0.02554,0.02522,0.02522,0.01233,0,1
rs,6144,2560,16,steady,35,A_gemmrs,0,0.06445,0.06432,0.06438,0.03337,0,1
rs,6144,2560,16,steady,35,c_fluxgemm_only,1,0.03808,0.03763,0.03763,0.01268,0,1
rs,6144,2560,16,steady,36,c_cublas,2,0.02547,0.02528,0.02534,0.01232,0,1
rs,6144,2560,16,steady,36,A_gemmrs,0,0.06528,0.06522,0.06522,0.03313,0,1
rs,6144,2560,16,steady,36,c_fluxgemm_only,1,0.03814,0.03789,0.03789,0.01318,0,1
rs,6144,2560,16,steady,37,c_cublas,0,0.02662,0.02573,0.02656,0.01192,0,1
rs,6144,2560,16,steady,37,A_gemmrs,1,0.06336,0.06323,0.06336,0.03339,0,1
rs,6144,2560,16,steady,37,c_fluxgemm_only,2,0.03808,0.03782,0.03782,0.01269,0,1
rs,6144,2560,16,steady,38,c_cublas,1,0.02547,0.02515,0.02528,0.01244,0,1
rs,6144,2560,16,steady,38,A_gemmrs,2,0.06336,0.06330,0.06336,0.03306,0,1
rs,6144,2560,16,steady,38,c_fluxgemm_only,0,0.03821,0.03789,0.03789,0.01288,0,1
rs,6144,2560,16,steady,39,c_cublas,2,0.02560,0.02515,0.02515,0.01233,0,1
rs,6144,2560,16,steady,39,A_gemmrs,0,0.06451,0.06426,0.06426,0.03365,0,1
rs,6144,2560,16,steady,39,c_fluxgemm_only,1,0.03808,0.03782,0.03782,0.01284,0,1
rs,6144,2560,16,steady,40,c_cublas,0,0.02675,0.02586,0.02643,0.01193,0,1
rs,6144,2560,16,steady,40,A_gemmrs,1,0.06400,0.06368,0.06400,0.03373,0,1
rs,6144,2560,16,steady,40,c_fluxgemm_only,2,0.03808,0.03782,0.03782,0.01272,0,1
rs,6144,2560,16,steady,41,c_cublas,1,0.02547,0.02522,0.02528,0.01242,0,1
rs,6144,2560,16,steady,41,A_gemmrs,2,0.06400,0.06394,0.06400,0.03353,0,1
rs,6144,2560,16,steady,41,c_fluxgemm_only,0,0.03821,0.03789,0.03821,0.01265,0,1
rs,6144,2560,16,steady,42,c_cublas,2,0.02547,0.02522,0.02534,0.01228,0,1
rs,6144,2560,16,steady,42,A_gemmrs,1,0.06310,0.06298,0.06310,0.03328,0,1
rs,6144,2560,16,steady,42,c_fluxgemm_only,0,0.03898,0.03853,0.03859,0.01289,0,1
rs,6144,2560,16,steady,43,c_cublas,0,0.02694,0.02611,0.02650,0.01208,0,1
rs,6144,2560,16,steady,43,A_gemmrs,2,0.06349,0.06342,0.06342,0.03369,0,1
rs,6144,2560,16,steady,43,c_fluxgemm_only,1,0.03827,0.03789,0.03789,0.01289,0,1
rs,6144,2560,16,steady,44,c_cublas,2,0.02554,0.02515,0.02522,0.01788,1410,1
rs,6144,2560,16,steady,44,A_gemmrs,0,0.06406,0.06394,0.06394,0.03606,1410,1
rs,6144,2560,16,steady,44,c_fluxgemm_only,1,0.03808,0.03789,0.03789,0.01275,1410,1
rs,6144,2560,16,steady,45,c_cublas,0,0.02682,0.02573,0.02611,0.01210,1410,1
rs,6144,2560,16,steady,45,A_gemmrs,2,0.06349,0.06336,0.06342,0.03673,1410,1
rs,6144,2560,16,steady,45,c_fluxgemm_only,1,0.03814,0.03782,0.03782,0.01284,1410,1
rs,6144,2560,16,steady,46,c_cublas,2,0.02554,0.02515,0.02515,0.01226,1410,1
rs,6144,2560,16,steady,46,A_gemmrs,1,0.06336,0.06330,0.06336,0.03346,1410,1
rs,6144,2560,16,steady,46,c_fluxgemm_only,0,0.03891,0.03866,0.03866,0.01276,1410,1
rs,6144,2560,16,steady,47,c_cublas,2,0.02554,0.02522,0.02534,0.01233,1410,1
rs,6144,2560,16,steady,47,A_gemmrs,1,0.06323,0.06317,0.06323,0.03301,1410,1
rs,6144,2560,16,steady,47,c_fluxgemm_only,0,0.03904,0.03814,0.03885,0.01291,1410,1
rs,6144,2560,16,steady,48,c_cublas,1,0.02566,0.02522,0.02534,0.01220,1410,1
rs,6144,2560,16,steady,48,A_gemmrs,0,0.06496,0.06464,0.06496,0.03331,1410,1
rs,6144,2560,16,steady,48,c_fluxgemm_only,2,0.03808,0.03782,0.03782,0.01280,1410,1
rs,6144,2560,16,steady,49,c_cublas,2,0.02560,0.02528,0.02534,0.01235,1410,1
rs,6144,2560,16,steady,49,A_gemmrs,0,0.06362,0.06362,0.06362,0.03338,1410,1
rs,6144,2560,16,steady,49,c_fluxgemm_only,1,0.03814,0.03776,0.03776,0.01266,1410,1
rs,6144,2560,128,gpu,0,c_cublas,0,0.04301,0.04198,0.04301,0.10210,0,1
rs,6144,2560,128,gpu,0,A_gemmrs,1,0.10035,0.09830,0.10035,0.07793,0,1
rs,6144,2560,128,gpu,0,c_fluxgemm_only,2,0.05120,0.05018,0.05018,0.02384,0,1
rs,6144,2560,128,gpu,1,c_cublas,2,0.04403,0.04301,0.04301,0.03266,0,1
rs,6144,2560,128,gpu,1,A_gemmrs,1,0.10240,0.10138,0.10240,0.06616,0,1
rs,6144,2560,128,gpu,1,c_fluxgemm_only,0,0.05120,0.05120,0.05120,0.02108,0,1
rs,6144,2560,128,gpu,2,c_cublas,0,0.04198,0.04096,0.04096,0.03058,0,1
rs,6144,2560,128,gpu,2,A_gemmrs,1,0.10138,0.10035,0.10138,0.06457,0,1
rs,6144,2560,128,gpu,2,c_fluxgemm_only,2,0.05120,0.05018,0.05120,0.02241,0,1
rs,6144,2560,128,gpu,3,c_cublas,0,0.04301,0.04198,0.04301,0.03432,0,1
rs,6144,2560,128,gpu,3,A_gemmrs,1,0.09318,0.09216,0.09318,0.07915,0,1
rs,6144,2560,128,gpu,3,c_fluxgemm_only,2,0.05120,0.05018,0.05120,0.02193,0,1
rs,6144,2560,128,gpu,4,c_cublas,1,0.04198,0.04198,0.04198,0.03178,0,1
rs,6144,2560,128,gpu,4,A_gemmrs,0,0.09114,0.08909,0.09011,0.06507,0,1
rs,6144,2560,128,gpu,4,c_fluxgemm_only,2,0.05018,0.05018,0.05018,0.02332,0,1
rs,6144,2560,128,gpu,5,c_cublas,2,0.04403,0.04301,0.04403,0.03402,0,1
rs,6144,2560,128,gpu,5,A_gemmrs,0,0.07885,0.07782,0.07885,0.06744,0,1
rs,6144,2560,128,gpu,5,c_fluxgemm_only,1,0.05018,0.05018,0.05018,0.02100,0,1
rs,6144,2560,128,gpu,6,c_cublas,0,0.04301,0.04198,0.04301,0.03096,0,1
rs,6144,2560,128,gpu,6,A_gemmrs,2,0.11469,0.11366,0.11366,0.06279,0,1
rs,6144,2560,128,gpu,6,c_fluxgemm_only,1,0.05018,0.04915,0.05018,0.02398,0,1
rs,6144,2560,128,gpu,7,c_cublas,2,0.04301,0.04096,0.04198,0.03357,0,1
rs,6144,2560,128,gpu,7,A_gemmrs,0,0.10752,0.10650,0.10650,0.06250,0,1
rs,6144,2560,128,gpu,7,c_fluxgemm_only,1,0.05120,0.05018,0.05018,0.02131,0,1
rs,6144,2560,128,gpu,8,c_cublas,2,0.04301,0.04096,0.04198,0.03206,0,1
rs,6144,2560,128,gpu,8,A_gemmrs,1,0.10035,0.09933,0.09933,0.06365,0,1
rs,6144,2560,128,gpu,8,c_fluxgemm_only,0,0.05018,0.04915,0.05018,0.02355,0,1
rs,6144,2560,128,gpu,9,c_cublas,1,0.04301,0.04096,0.04301,0.03330,0,1
rs,6144,2560,128,gpu,9,A_gemmrs,2,0.09318,0.09216,0.09318,0.06520,0,1
rs,6144,2560,128,gpu,9,c_fluxgemm_only,0,0.05222,0.05222,0.05222,0.02400,0,1
rs,6144,2560,128,gpu,10,c_cublas,1,0.04198,0.04096,0.04198,0.03412,0,1
rs,6144,2560,128,gpu,10,A_gemmrs,2,0.10650,0.10547,0.10650,0.06270,0,1
rs,6144,2560,128,gpu,10,c_fluxgemm_only,0,0.05120,0.05018,0.05018,0.02316,0,1
rs,6144,2560,128,gpu,11,c_cublas,2,0.04301,0.04096,0.04301,0.03296,0,1
rs,6144,2560,128,gpu,11,A_gemmrs,0,0.07885,0.07782,0.07885,0.05959,0,1
rs,6144,2560,128,gpu,11,c_fluxgemm_only,1,0.05120,0.05018,0.05120,0.02142,0,1
rs,6144,2560,128,gpu,12,c_cublas,0,0.04198,0.04198,0.04198,0.03036,0,1
rs,6144,2560,128,gpu,12,A_gemmrs,2,0.09421,0.09216,0.09421,0.06266,0,1
rs,6144,2560,128,gpu,12,c_fluxgemm_only,1,0.05222,0.05120,0.05222,0.02361,0,1
rs,6144,2560,128,gpu,13,c_cublas,1,0.04198,0.04096,0.04198,0.03329,0,1
rs,6144,2560,128,gpu,13,A_gemmrs,2,0.08090,0.07885,0.08090,0.06331,0,1
rs,6144,2560,128,gpu,13,c_fluxgemm_only,0,0.05222,0.05120,0.05222,0.02236,0,1
rs,6144,2560,128,gpu,14,c_cublas,0,0.04301,0.04198,0.04198,0.03330,0,1
rs,6144,2560,128,gpu,14,A_gemmrs,2,0.11264,0.11059,0.11162,0.06135,0,1
rs,6144,2560,128,gpu,14,c_fluxgemm_only,1,0.05120,0.05018,0.05018,0.02382,0,1
rs,6144,2560,128,gpu,15,c_cublas,2,0.04198,0.04198,0.04198,0.03273,0,1
rs,6144,2560,128,gpu,15,A_gemmrs,1,0.09216,0.09114,0.09216,0.06380,0,1
rs,6144,2560,128,gpu,15,c_fluxgemm_only,0,0.05222,0.04915,0.05120,0.02259,0,1
rs,6144,2560,128,gpu,16,c_cublas,1,0.04403,0.04301,0.04403,0.03229,0,1
rs,6144,2560,128,gpu,16,A_gemmrs,2,0.10138,0.09933,0.10138,0.06401,0,1
rs,6144,2560,128,gpu,16,c_fluxgemm_only,0,0.05120,0.05018,0.05018,0.02407,0,1
rs,6144,2560,128,gpu,17,c_cublas,2,0.04301,0.04301,0.04301,0.03184,0,1
rs,6144,2560,128,gpu,17,A_gemmrs,1,0.07885,0.07782,0.07885,0.06078,0,1
rs,6144,2560,128,gpu,17,c_fluxgemm_only,0,0.05222,0.05120,0.05222,0.02295,0,1
rs,6144,2560,128,gpu,18,c_cublas,0,0.04301,0.04096,0.04198,0.03026,0,1
rs,6144,2560,128,gpu,18,A_gemmrs,2,0.10752,0.10342,0.10752,0.06850,0,1
rs,6144,2560,128,gpu,18,c_fluxgemm_only,1,0.05120,0.05018,0.05018,0.02408,0,1
rs,6144,2560,128,gpu,19,c_cublas,1,0.04301,0.04198,0.04301,0.03373,0,1
rs,6144,2560,128,gpu,19,A_gemmrs,2,0.10650,0.10650,0.10650,0.06381,0,1
rs,6144,2560,128,gpu,19,c_fluxgemm_only,0,0.05120,0.05018,0.05018,0.02277,0,1
rs,6144,2560,128,gpu,20,c_cublas,1,0.04403,0.04301,0.04301,0.03369,0,1
rs,6144,2560,128,gpu,20,A_gemmrs,2,0.09318,0.09216,0.09318,0.06289,0,1
rs,6144,2560,128,gpu,20,c_fluxgemm_only,0,0.05018,0.05018,0.05018,0.02260,0,1
rs,6144,2560,128,gpu,21,c_cublas,0,0.04403,0.04301,0.04403,0.03231,0,1
rs,6144,2560,128,gpu,21,A_gemmrs,1,0.07885,0.07782,0.07885,0.06359,0,1
rs,6144,2560,128,gpu,21,c_fluxgemm_only,2,0.05222,0.05222,0.05222,0.02882,0,1
rs,6144,2560,128,gpu,22,c_cublas,1,0.04403,0.04301,0.04403,0.03172,0,1
rs,6144,2560,128,gpu,22,A_gemmrs,0,0.07885,0.07680,0.07885,0.06520,0,1
rs,6144,2560,128,gpu,22,c_fluxgemm_only,2,0.05018,0.05018,0.05018,0.02324,0,1
rs,6144,2560,128,gpu,23,c_cublas,0,0.04198,0.04096,0.04198,0.03325,0,1
rs,6144,2560,128,gpu,23,A_gemmrs,2,0.11059,0.10957,0.11059,0.06218,0,1
rs,6144,2560,128,gpu,23,c_fluxgemm_only,1,0.05120,0.04915,0.05120,0.02348,0,1
rs,6144,2560,128,gpu,24,c_cublas,0,0.04198,0.04096,0.04198,0.03333,0,1
rs,6144,2560,128,gpu,24,A_gemmrs,2,0.10035,0.09933,0.10035,0.06076,0,1
rs,6144,2560,128,gpu,24,c_fluxgemm_only,1,0.05222,0.05120,0.05222,0.02334,0,1
rs,6144,2560,128,gpu,25,c_cublas,0,0.06963,0.04198,0.04301,0.03967,0,1
rs,6144,2560,128,gpu,25,A_gemmrs,1,0.07782,0.07782,0.07782,0.07453,0,1
rs,6144,2560,128,gpu,25,c_fluxgemm_only,2,0.05222,0.05120,0.05222,0.02213,0,1
rs,6144,2560,128,gpu,26,c_cublas,0,0.04301,0.04198,0.04198,0.03396,0,1
rs,6144,2560,128,gpu,26,A_gemmrs,2,0.10342,0.10138,0.10342,0.06145,0,1
rs,6144,2560,128,gpu,26,c_fluxgemm_only,1,0.05018,0.04915,0.04915,0.02342,0,1
rs,6144,2560,128,gpu,27,c_cublas,2,0.04301,0.04198,0.04198,0.03336,0,1
rs,6144,2560,128,gpu,27,A_gemmrs,0,0.07987,0.07782,0.07885,0.06231,0,1
rs,6144,2560,128,gpu,27,c_fluxgemm_only,1,0.05120,0.05018,0.05018,0.02892,0,1
rs,6144,2560,128,gpu,28,c_cublas,0,0.04198,0.04096,0.04096,0.03109,0,1
rs,6144,2560,128,gpu,28,A_gemmrs,1,0.10035,0.09933,0.09933,0.06809,0,1
rs,6144,2560,128,gpu,28,c_fluxgemm_only,2,0.05120,0.05018,0.05018,0.02169,0,1
rs,6144,2560,128,gpu,29,c_cublas,2,0.04403,0.04301,0.04403,0.03328,0,1
rs,6144,2560,128,gpu,29,A_gemmrs,0,0.09318,0.09216,0.09216,0.06600,0,1
rs,6144,2560,128,gpu,29,c_fluxgemm_only,1,0.05120,0.05018,0.05120,0.02125,0,1
rs,6144,2560,128,gpu,30,c_cublas,1,0.04403,0.04301,0.04301,0.03129,0,1
rs,6144,2560,128,gpu,30,A_gemmrs,0,0.09421,0.09318,0.09421,0.06740,0,1
rs,6144,2560,128,gpu,30,c_fluxgemm_only,2,0.05120,0.05018,0.05018,0.02356,0,1
rs,6144,2560,128,gpu,31,c_cublas,2,0.04301,0.04198,0.04198,0.03308,0,1
rs,6144,2560,128,gpu,31,A_gemmrs,0,0.09318,0.09216,0.09318,0.06619,0,1
rs,6144,2560,128,gpu,31,c_fluxgemm_only,1,0.05120,0.05018,0.05018,0.02149,0,1
rs,6144,2560,128,gpu,32,c_cublas,0,0.04301,0.04096,0.04198,0.03045,0,1
rs,6144,2560,128,gpu,32,A_gemmrs,2,0.10752,0.10650,0.10752,0.06161,0,1
rs,6144,2560,128,gpu,32,c_fluxgemm_only,1,0.05222,0.05120,0.05120,0.02399,0,1
rs,6144,2560,128,gpu,33,c_cublas,2,0.04403,0.04198,0.04403,0.03347,0,1
rs,6144,2560,128,gpu,33,A_gemmrs,0,0.09318,0.09216,0.09318,0.06482,0,1
rs,6144,2560,128,gpu,33,c_fluxgemm_only,1,0.05120,0.05018,0.05018,0.02119,0,1
rs,6144,2560,128,gpu,34,c_cublas,1,0.04403,0.04301,0.04403,0.03135,0,1
rs,6144,2560,128,gpu,34,A_gemmrs,0,0.07885,0.07782,0.07885,0.06752,0,1
rs,6144,2560,128,gpu,34,c_fluxgemm_only,2,0.05120,0.05018,0.05120,0.02323,0,1
rs,6144,2560,128,gpu,35,c_cublas,0,0.04301,0.04096,0.04198,0.03281,0,1
rs,6144,2560,128,gpu,35,A_gemmrs,2,0.10240,0.10138,0.10240,0.06202,0,1
rs,6144,2560,128,gpu,35,c_fluxgemm_only,1,0.05018,0.04915,0.05018,0.02336,0,1
rs,6144,2560,128,gpu,36,c_cublas,0,0.04301,0.04096,0.04301,0.03309,0,1
rs,6144,2560,128,gpu,36,A_gemmrs,2,0.10240,0.10138,0.10138,0.06801,0,1
rs,6144,2560,128,gpu,36,c_fluxgemm_only,1,0.05222,0.05120,0.05120,0.02348,0,1
rs,6144,2560,128,gpu,37,c_cublas,1,0.04301,0.04198,0.04301,0.03344,0,1
rs,6144,2560,128,gpu,37,A_gemmrs,2,0.10752,0.10650,0.10752,0.06396,0,1
rs,6144,2560,128,gpu,37,c_fluxgemm_only,0,0.05222,0.05120,0.05222,0.02272,0,1
rs,6144,2560,128,gpu,38,c_cublas,2,0.04198,0.04096,0.04198,0.03347,0,1
rs,6144,2560,128,gpu,38,A_gemmrs,0,0.09318,0.09216,0.09318,0.06367,0,1
rs,6144,2560,128,gpu,38,c_fluxgemm_only,1,0.05222,0.05120,0.05120,0.02115,0,1
rs,6144,2560,128,gpu,39,c_cublas,0,0.04301,0.04096,0.04198,0.03045,0,1
rs,6144,2560,128,gpu,39,A_gemmrs,2,0.07885,0.07680,0.07885,0.06926,0,1
rs,6144,2560,128,gpu,39,c_fluxgemm_only,1,0.05018,0.05018,0.05018,0.02350,0,1
rs,6144,2560,128,gpu,40,c_cublas,2,0.04301,0.04096,0.04198,0.03286,0,1
rs,6144,2560,128,gpu,40,A_gemmrs,0,0.07885,0.07782,0.07782,0.06413,0,1
rs,6144,2560,128,gpu,40,c_fluxgemm_only,1,0.05120,0.05018,0.05018,0.02152,0,1
rs,6144,2560,128,gpu,41,c_cublas,1,0.04301,0.04198,0.04301,0.03155,0,1
rs,6144,2560,128,gpu,41,A_gemmrs,0,1.44896,0.12493,1.44896,0.09685,0,1
rs,6144,2560,128,gpu,41,c_fluxgemm_only,2,0.05222,0.05120,0.05222,0.02377,0,1
rs,6144,2560,128,gpu,42,c_cublas,1,0.04403,0.04301,0.04403,0.03173,0,1
rs,6144,2560,128,gpu,42,A_gemmrs,0,0.07885,0.07782,0.07885,0.06494,0,1
rs,6144,2560,128,gpu,42,c_fluxgemm_only,2,0.05120,0.05018,0.05120,0.02324,0,1
rs,6144,2560,128,gpu,43,c_cublas,1,0.04301,0.04096,0.04198,0.04588,1410,1
rs,6144,2560,128,gpu,43,A_gemmrs,2,0.10240,0.10240,0.10240,0.06513,1410,1
rs,6144,2560,128,gpu,43,c_fluxgemm_only,0,0.05120,0.05018,0.05120,0.02225,1410,1
rs,6144,2560,128,gpu,44,c_cublas,0,0.04301,0.04096,0.04301,0.03296,1410,1
rs,6144,2560,128,gpu,44,A_gemmrs,2,0.10138,0.10035,0.10138,0.06141,1410,1
rs,6144,2560,128,gpu,44,c_fluxgemm_only,1,0.05222,0.05120,0.05222,0.02362,1410,1
rs,6144,2560,128,gpu,45,c_cublas,1,0.04301,0.04198,0.04198,0.03419,1410,1
rs,6144,2560,128,gpu,45,A_gemmrs,2,0.10957,0.10854,0.10957,0.06378,1410,1
rs,6144,2560,128,gpu,45,c_fluxgemm_only,0,0.05222,0.05120,0.05222,0.02832,1410,1
rs,6144,2560,128,gpu,46,c_cublas,2,0.04198,0.04096,0.04096,0.03329,1410,1
rs,6144,2560,128,gpu,46,A_gemmrs,0,0.09318,0.09114,0.09318,0.06235,1410,1
rs,6144,2560,128,gpu,46,c_fluxgemm_only,1,0.05222,0.05120,0.05120,0.02123,1410,1
rs,6144,2560,128,gpu,47,c_cublas,1,0.04198,0.04096,0.04198,0.03820,1410,1
rs,6144,2560,128,gpu,47,A_gemmrs,0,0.07987,0.07885,0.07885,0.06957,1410,1
rs,6144,2560,128,gpu,47,c_fluxgemm_only,2,0.05120,0.05018,0.05120,0.02360,1410,1
rs,6144,2560,128,gpu,48,c_cublas,2,0.04301,0.04198,0.04198,0.03329,1410,1
rs,6144,2560,128,gpu,48,A_gemmrs,0,0.11469,0.11366,0.11469,0.07256,1410,1
rs,6144,2560,128,gpu,48,c_fluxgemm_only,1,0.05018,0.04915,0.04915,0.02169,1410,1
rs,6144,2560,128,gpu,49,c_cublas,0,0.04403,0.04198,0.04198,0.03087,1410,1
rs,6144,2560,128,gpu,49,A_gemmrs,2,0.09318,0.09216,0.09318,0.06262,1410,1
rs,6144,2560,128,gpu,49,c_fluxgemm_only,1,0.05120,0.05018,0.05018,0.02378,1410,1
rs,6144,2560,128,gpu,50,c_cublas,0,0.04301,0.04198,0.04301,0.03363,1410,1
rs,6144,2560,128,gpu,50,A_gemmrs,2,0.07885,0.07782,0.07885,0.06158,1410,1
rs,6144,2560,128,gpu,50,c_fluxgemm_only,1,0.05120,0.05018,0.05018,0.02378,1410,1
rs,6144,2560,128,gpu,51,c_cublas,1,0.04301,0.04198,0.04198,0.03193,1410,1
rs,6144,2560,128,gpu,51,A_gemmrs,0,0.07987,0.07885,0.07987,0.06167,1410,1
rs,6144,2560,128,gpu,51,c_fluxgemm_only,2,0.05120,0.05018,0.05120,0.02331,1410,1
rs,6144,2560,128,gpu,52,c_cublas,2,0.04198,0.04198,0.04198,0.03319,1410,1
rs,6144,2560,128,gpu,52,A_gemmrs,0,0.10445,0.10240,0.10342,0.06997,1410,1
rs,6144,2560,128,gpu,52,c_fluxgemm_only,1,0.05120,0.05018,0.05120,0.02144,1410,1
rs,6144,2560,128,gpu,53,c_cublas,0,0.04403,0.04198,0.04403,0.03137,1410,1
rs,6144,2560,128,gpu,53,A_gemmrs,1,0.10035,0.09830,0.10035,0.06776,1410,1
rs,6144,2560,128,gpu,53,c_fluxgemm_only,2,0.05325,0.05120,0.05222,0.02173,1410,1
rs,6144,2560,128,gpu,54,c_cublas,1,0.04198,0.04096,0.04096,0.03558,1410,1
rs,6144,2560,128,gpu,54,A_gemmrs,2,0.09216,0.09114,0.09216,0.06464,1410,1
rs,6144,2560,128,gpu,54,c_fluxgemm_only,0,0.05018,0.04915,0.04915,0.02062,1410,1
rs,6144,2560,128,gpu,55,c_cublas,0,0.07066,0.04096,0.07066,0.03555,1410,1
rs,6144,2560,128,gpu,55,A_gemmrs,2,0.11366,0.11264,0.11264,0.09001,1410,1
rs,6144,2560,128,gpu,55,c_fluxgemm_only,1,0.05120,0.05018,0.05120,0.03007,1410,1
rs,6144,2560,128,gpu,56,c_cublas,1,0.04198,0.04198,0.04198,0.03189,1410,1
rs,6144,2560,128,gpu,56,A_gemmrs,0,0.09114,0.09011,0.09114,0.06019,1410,1
rs,6144,2560,128,gpu,56,c_fluxgemm_only,2,0.05120,0.05018,0.05120,0.02295,1410,1
rs,6144,2560,128,gpu,57,c_cublas,1,0.04198,0.04198,0.04198,0.03182,1410,1
rs,6144,2560,128,gpu,57,A_gemmrs,0,0.09318,0.09216,0.09216,0.06541,1410,1
rs,6144,2560,128,gpu,57,c_fluxgemm_only,2,0.05222,0.05120,0.05222,0.02328,1410,1
rs,6144,2560,128,gpu,58,c_cublas,0,0.04301,0.04096,0.04198,0.03311,1410,1
rs,6144,2560,128,gpu,58,A_gemmrs,2,0.07885,0.07782,0.07885,0.06675,1410,1
rs,6144,2560,128,gpu,58,c_fluxgemm_only,1,0.05120,0.05018,0.05018,0.02712,1410,1
rs,6144,2560,128,gpu,59,c_cublas,2,0.04301,0.04198,0.04301,0.03307,1410,1
rs,6144,2560,128,gpu,59,A_gemmrs,1,0.10342,0.10138,0.10240,0.06588,1410,1
rs,6144,2560,128,gpu,59,c_fluxgemm_only,0,0.05120,0.05018,0.05120,0.02304,1410,1
rs,6144,2560,128,gpu,60,c_cublas,1,0.04198,0.04096,0.04198,0.03176,1410,1
rs,6144,2560,128,gpu,60,A_gemmrs,0,0.09011,0.08909,0.08909,0.06791,1410,1
rs,6144,2560,128,gpu,60,c_fluxgemm_only,2,0.05120,0.05018,0.05120,0.02346,1410,1
rs,6144,2560,128,gpu,61,c_cublas,2,0.04403,0.04301,0.04403,0.03233,1410,1
rs,6144,2560,128,gpu,61,A_gemmrs,1,0.10240,0.10138,0.10138,0.06714,1410,1
rs,6144,2560,128,gpu,61,c_fluxgemm_only,0,0.05222,0.05120,0.05222,0.02109,1410,1
rs,6144,2560,128,gpu,62,c_cublas,0,0.04301,0.04198,0.04198,0.03076,1410,1
rs,6144,2560,128,gpu,62,A_gemmrs,2,0.09318,0.09216,0.09216,0.06285,1410,1
rs,6144,2560,128,gpu,62,c_fluxgemm_only,1,0.05120,0.05018,0.05120,0.02383,1410,1
rs,6144,2560,128,gpu,63,c_cublas,2,0.04198,0.04198,0.04198,0.03341,1410,1
rs,6144,2560,128,gpu,63,A_gemmrs,0,0.07885,0.07885,0.07885,0.06179,1410,1
rs,6144,2560,128,gpu,63,c_fluxgemm_only,1,0.05120,0.05018,0.05120,0.02129,1410,1
rs,6144,2560,128,gpu,64,c_cublas,2,0.04301,0.04096,0.04198,0.03377,1410,1
rs,6144,2560,128,gpu,64,A_gemmrs,0,0.11571,0.11366,0.11571,0.07403,1410,1
rs,6144,2560,128,gpu,64,c_fluxgemm_only,1,0.05120,0.05018,0.05018,0.02207,1410,1
rs,6144,2560,128,gpu,65,c_cublas,2,0.04403,0.04301,0.04301,0.03204,1410,1
rs,6144,2560,128,gpu,65,A_gemmrs,1,0.09318,0.09114,0.09216,0.06321,1410,1
rs,6144,2560,128,gpu,65,c_fluxgemm_only,0,0.05222,0.05120,0.05120,0.02352,1410,1
rs,6144,2560,128,gpu,66,c_cublas,1,0.04403,0.04301,0.04403,0.03148,1410,1
rs,6144,2560,128,gpu,66,A_gemmrs,0,0.09216,0.09114,0.09216,0.06766,1410,1
rs,6144,2560,128,gpu,66,c_fluxgemm_only,2,0.05120,0.04915,0.05120,0.02320,1410,1
rs,6144,2560,128,gpu,67,c_cublas,0,0.04198,0.04198,0.04198,0.03332,1410,1
rs,6144,2560,128,gpu,67,A_gemmrs,2,0.11264,0.11162,0.11264,0.06260,1410,1
rs,6144,2560,128,gpu,67,c_fluxgemm_only,1,0.05120,0.05018,0.05018,0.02698,1410,1
rs,6144,2560,128,gpu,68,c_cublas,0,0.04198,0.04198,0.04198,0.03345,1410,1
rs,6144,2560,128,gpu,68,A_gemmrs,2,0.07987,0.07782,0.07885,0.06219,1410,1
rs,6144,2560,128,gpu,68,c_fluxgemm_only,1,0.05222,0.05120,0.05120,0.02614,1410,1
rs,6144,2560,128,gpu,69,c_cublas,2,0.04403,0.04301,0.04301,0.03246,1410,1
rs,6144,2560,128,gpu,69,A_gemmrs,1,0.10138,0.10138,0.10138,0.06362,1410,1
rs,6144,2560,128,gpu,69,c_fluxgemm_only,0,0.05222,0.05120,0.05222,0.02250,1410,1
rs,6144,2560,128,gpu,70,c_cublas,0,0.04301,0.04096,0.04198,0.03031,1410,1
rs,6144,2560,128,gpu,70,A_gemmrs,2,0.09318,0.09216,0.09318,0.06219,1410,1
rs,6144,2560,128,gpu,70,c_fluxgemm_only,1,0.05120,0.05018,0.05120,0.02421,1410,1
rs,6144,2560,128,gpu,71,c_cublas,1,0.04198,0.04096,0.04198,0.03223,1410,1
rs,6144,2560,128,gpu,71,A_gemmrs,0,0.09216,0.09011,0.09114,0.06423,1410,1
rs,6144,2560,128,gpu,71,c_fluxgemm_only,2,0.05120,0.05018,0.05018,0.02382,1410,1
rs,6144,2560,128,gpu,72,c_cublas,0,0.04198,0.04198,0.04198,0.03270,1410,1
rs,6144,2560,128,gpu,72,A_gemmrs,1,0.10854,0.10752,0.10854,0.06381,1410,1
rs,6144,2560,128,gpu,72,c_fluxgemm_only,2,0.05120,0.05018,0.05018,0.02215,1410,1
rs,6144,2560,128,gpu,73,c_cublas,2,0.04403,0.04301,0.04403,0.03222,1410,1
rs,6144,2560,128,gpu,73,A_gemmrs,1,0.09114,0.09011,0.09011,0.06836,1410,1
rs,6144,2560,128,gpu,73,c_fluxgemm_only,0,0.05222,0.05120,0.05120,0.02065,1410,1
rs,6144,2560,128,gpu,74,c_cublas,2,0.04198,0.04198,0.04198,0.03241,1410,1
rs,6144,2560,128,gpu,74,A_gemmrs,1,0.09421,0.09216,0.09421,0.07720,1410,1
rs,6144,2560,128,gpu,74,c_fluxgemm_only,0,0.06861,0.05018,0.05018,0.02514,1410,1
rs,6144,2560,128,gpu,75,c_cublas,1,0.04198,0.04198,0.04198,0.03238,1410,1
rs,6144,2560,128,gpu,75,A_gemmrs,2,0.10547,0.10445,0.10547,0.06481,1410,1
rs,6144,2560,128,gpu,75,c_fluxgemm_only,0,0.05018,0.05018,0.05018,0.02344,1410,1
rs,6144,2560,128,gpu,76,c_cublas,0,0.04301,0.04198,0.04301,0.03355,1410,1
rs,6144,2560,128,gpu,76,A_gemmrs,2,0.10035,0.10035,0.10035,0.06110,1410,1
rs,6144,2560,128,gpu,76,c_fluxgemm_only,1,0.05222,0.05222,0.05222,0.02318,1410,1
rs,6144,2560,128,gpu,77,c_cublas,1,0.04198,0.04198,0.04198,0.03475,1410,1
rs,6144,2560,128,gpu,77,A_gemmrs,2,0.09318,0.09216,0.09216,0.06396,1410,1
rs,6144,2560,128,gpu,77,c_fluxgemm_only,0,0.05222,0.05120,0.05222,0.02249,1410,1
rs,6144,2560,128,gpu,78,c_cublas,1,0.04403,0.04301,0.04403,0.03190,1410,1
rs,6144,2560,128,gpu,78,A_gemmrs,0,0.09318,0.09114,0.09216,0.06576,1410,1
rs,6144,2560,128,gpu,78,c_fluxgemm_only,2,0.05018,0.05018,0.05018,0.02346,1410,1
rs,6144,2560,128,gpu,79,c_cublas,1,0.04198,0.04198,0.04198,0.03373,1410,1
rs,6144,2560,128,gpu,79,A_gemmrs,2,0.10650,0.10650,0.10650,0.06310,1410,1
rs,6144,2560,128,gpu,79,c_fluxgemm_only,0,0.05018,0.05018,0.05018,0.02082,1410,1
rs,6144,2560,128,gpu,80,c_cublas,0,0.04198,0.04198,0.04198,0.03311,1410,1
rs,6144,2560,128,gpu,80,A_gemmrs,1,0.07987,0.07782,0.07987,0.06347,1410,1
rs,6144,2560,128,gpu,80,c_fluxgemm_only,2,0.05120,0.04915,0.05018,0.02171,1410,1
rs,6144,2560,128,gpu,81,c_cublas,1,0.04301,0.04198,0.04198,0.03470,1410,1
rs,6144,2560,128,gpu,81,A_gemmrs,2,0.09114,0.09011,0.09011,0.06347,1410,1
rs,6144,2560,128,gpu,81,c_fluxgemm_only,0,0.05120,0.05120,0.05120,0.02094,1410,1
rs,6144,2560,128,gpu,82,c_cublas,0,0.04301,0.04096,0.04301,0.03342,1410,1
rs,6144,2560,128,gpu,82,A_gemmrs,2,0.07885,0.07680,0.07885,0.06151,1410,1
rs,6144,2560,128,gpu,82,c_fluxgemm_only,1,0.05222,0.05018,0.05018,0.02375,1410,1
rs,6144,2560,128,gpu,83,c_cublas,0,0.04301,0.04096,0.04301,0.03353,1410,1
rs,6144,2560,128,gpu,83,A_gemmrs,1,0.09318,0.09318,0.09318,0.07037,1410,1
rs,6144,2560,128,gpu,83,c_fluxgemm_only,2,0.05018,0.05018,0.05018,0.02184,1410,1
rs,6144,2560,128,gpu,84,c_cublas,1,0.04198,0.04198,0.04198,0.03246,1410,1
rs,6144,2560,128,gpu,84,A_gemmrs,0,0.10240,0.10138,0.10240,0.06381,1410,1
rs,6144,2560,128,gpu,84,c_fluxgemm_only,2,0.05120,0.05018,0.05120,0.02325,1410,1
rs,6144,2560,128,gpu,85,c_cublas,2,0.04403,0.04198,0.04403,0.03344,1410,1
rs,6144,2560,128,gpu,85,A_gemmrs,0,0.10445,0.10240,0.10445,0.06572,1410,1
rs,6144,2560,128,gpu,85,c_fluxgemm_only,1,0.05222,0.05018,0.05120,0.02143,1410,1
rs,6144,2560,128,gpu,86,c_cublas,1,0.04198,0.04096,0.04096,0.03936,1410,1
rs,6144,2560,128,gpu,86,A_gemmrs,2,0.10650,0.10445,0.10547,0.06409,1410,1
rs,6144,2560,128,gpu,86,c_fluxgemm_only,0,0.05018,0.05018,0.05018,0.02380,1410,1
rs,6144,2560,128,gpu,87,c_cublas,1,0.04198,0.04096,0.04198,0.03126,1410,1
rs,6144,2560,128,gpu,87,A_gemmrs,0,0.07885,0.07782,0.07782,0.06414,1410,1
rs,6144,2560,128,gpu,87,c_fluxgemm_only,2,0.05120,0.05018,0.05018,0.02312,1410,1
rs,6144,2560,128,gpu,88,c_cublas,2,0.04301,0.04096,0.04198,0.03201,1410,1
rs,6144,2560,128,gpu,88,A_gemmrs,1,0.11059,0.10957,0.11059,0.06191,1410,1
rs,6144,2560,128,gpu,88,c_fluxgemm_only,0,0.05018,0.05018,0.05018,0.02108,1410,1
rs,6144,2560,128,gpu,89,c_cublas,2,0.04403,0.04301,0.04403,0.03315,1410,1
rs,6144,2560,128,gpu,89,A_gemmrs,0,0.07885,0.07680,0.07885,0.06646,1410,1
rs,6144,2560,128,gpu,89,c_fluxgemm_only,1,0.05018,0.05018,0.05018,0.02838,1410,1
rs,6144,2560,128,gpu,90,c_cublas,2,0.04301,0.04198,0.04198,0.03346,1410,1
rs,6144,2560,128,gpu,90,A_gemmrs,0,0.09114,0.09011,0.09011,0.06751,1410,1
rs,6144,2560,128,gpu,90,c_fluxgemm_only,1,0.05222,0.05222,0.05222,0.02202,1410,1
rs,6144,2560,128,gpu,91,c_cublas,2,0.04198,0.04198,0.04198,0.03312,1410,1
rs,6144,2560,128,gpu,91,A_gemmrs,0,0.07885,0.07782,0.07885,0.06740,1410,1
rs,6144,2560,128,gpu,91,c_fluxgemm_only,1,0.05018,0.05018,0.05018,0.02147,1410,1
rs,6144,2560,128,gpu,92,c_cublas,2,0.04198,0.04198,0.04198,0.03360,1410,1
rs,6144,2560,128,gpu,92,A_gemmrs,0,0.10342,0.10138,0.10342,0.06725,1410,1
rs,6144,2560,128,gpu,92,c_fluxgemm_only,1,0.05018,0.05018,0.05018,0.02188,1410,1
rs,6144,2560,128,gpu,93,c_cublas,0,0.04403,0.04198,0.04301,0.03047,1410,1
rs,6144,2560,128,gpu,93,A_gemmrs,1,0.07885,0.07680,0.07885,0.06511,1410,1
rs,6144,2560,128,gpu,93,c_fluxgemm_only,2,0.05222,0.05120,0.05120,0.02208,1410,1
rs,6144,2560,128,gpu,94,c_cublas,1,0.04403,0.04301,0.04403,0.03246,1410,1
rs,6144,2560,128,gpu,94,A_gemmrs,0,0.09421,0.09216,0.09318,0.06596,1410,1
rs,6144,2560,128,gpu,94,c_fluxgemm_only,2,0.05120,0.05018,0.05018,0.02332,1410,1
rs,6144,2560,128,gpu,95,c_cublas,2,0.04301,0.04096,0.04198,0.03933,1410,1
rs,6144,2560,128,gpu,95,A_gemmrs,0,0.11469,0.11366,0.11469,0.06616,1410,1
rs,6144,2560,128,gpu,95,c_fluxgemm_only,1,0.05120,0.05018,0.05120,0.02134,1410,1
rs,6144,2560,128,gpu,96,c_cublas,2,0.04301,0.04096,0.04301,0.03212,1410,1
rs,6144,2560,128,gpu,96,A_gemmrs,1,0.10957,0.10854,0.10957,0.06223,1410,1
rs,6144,2560,128,gpu,96,c_fluxgemm_only,0,0.05120,0.04915,0.05018,0.02330,1410,1
rs,6144,2560,128,gpu,97,c_cublas,0,0.04403,0.04301,0.04301,0.02984,1410,1
rs,6144,2560,128,gpu,97,A_gemmrs,1,0.10240,0.10035,0.10138,0.06564,1410,1
rs,6144,2560,128,gpu,97,c_fluxgemm_only,2,0.05222,0.05120,0.05222,0.02205,1410,1
rs,6144,2560,128,gpu,98,c_cublas,0,0.04301,0.04198,0.04301,0.03450,1410,1
rs,6144,2560,128,gpu,98,A_gemmrs,2,0.09421,0.09216,0.09318,0.06868,1410,1
rs,6144,2560,128,gpu,98,c_fluxgemm_only,1,0.05120,0.05018,0.05120,0.02306,1410,1
rs,6144,2560,128,gpu,99,c_cublas,1,0.04198,0.04198,0.04198,0.03191,1410,1
rs,6144,2560,128,gpu,99,A_gemmrs,0,1.05062,0.11264,1.04960,0.07745,1410,1
rs,6144,2560,128,gpu,99,c_fluxgemm_only,2,0.05120,0.05018,0.05018,0.02330,1410,1
rs,6144,2560,128,gpu,100,c_cublas,2,0.04198,0.04096,0.04198,0.03199,1410,1
rs,6144,2560,128,gpu,100,A_gemmrs,1,0.09011,0.08909,0.09011,0.06222,1410,1
rs,6144,2560,128,gpu,100,c_fluxgemm_only,0,0.05018,0.04915,0.05018,0.02099,1410,1
rs,6144,2560,128,gpu,101,c_cublas,2,0.04403,0.04198,0.04301,0.03186,1410,1
rs,6144,2560,128,gpu,101,A_gemmrs,1,0.09318,0.09216,0.09318,0.06199,1410,1
rs,6144,2560,128,gpu,101,c_fluxgemm_only,0,0.05222,0.05120,0.05120,0.02392,1410,1
rs,6144,2560,128,gpu,102,c_cublas,2,0.04301,0.04096,0.04301,0.03241,1410,1
rs,6144,2560,128,gpu,102,A_gemmrs,1,0.10854,0.10854,0.10854,0.06528,1410,1
rs,6144,2560,128,gpu,102,c_fluxgemm_only,0,0.05120,0.05018,0.05018,0.02417,1410,1
rs,6144,2560,128,gpu,103,c_cublas,2,0.04198,0.04198,0.04198,0.03278,1410,1
rs,6144,2560,128,gpu,103,A_gemmrs,0,0.09318,0.09114,0.09318,0.06687,1410,1
rs,6144,2560,128,gpu,103,c_fluxgemm_only,1,0.05120,0.05018,0.05120,0.02203,1410,1
rs,6144,2560,128,gpu,104,c_cublas,0,0.04198,0.04198,0.04198,0.03029,1410,1
rs,6144,2560,128,gpu,104,A_gemmrs,1,0.11162,0.11059,0.11059,0.06422,1410,1
rs,6144,2560,128,gpu,104,c_fluxgemm_only,2,0.05018,0.05018,0.05018,0.02173,1410,1
rs,6144,2560,128,gpu,105,c_cublas,2,0.04403,0.04301,0.04403,0.03190,1410,1
rs,6144,2560,128,gpu,105,A_gemmrs,1,0.10445,0.10342,0.10342,0.06387,1410,1
rs,6144,2560,128,gpu,105,c_fluxgemm_only,0,0.05120,0.05120,0.05120,0.02598,1410,1
rs,6144,2560,128,gpu,106,c_cublas,1,0.04301,0.04198,0.04301,0.03169,1410,1
rs,6144,2560,128,gpu,106,A_gemmrs,0,0.09114,0.08909,0.09114,0.06677,1410,1
rs,6144,2560,128,gpu,106,c_fluxgemm_only,2,0.05120,0.05018,0.05120,0.02367,1410,1
rs,6144,2560,128,gpu,107,c_cublas,0,0.04301,0.04096,0.04096,0.03311,1410,1
rs,6144,2560,128,gpu,107,A_gemmrs,1,0.07885,0.07782,0.07885,0.06437,1410,1
rs,6144,2560,128,gpu,107,c_fluxgemm_only,2,0.05120,0.05018,0.05120,0.02186,1410,1
rs,6144,2560,128,gpu,108,c_cublas,1,0.04198,0.04096,0.04096,0.03199,1410,1
rs,6144,2560,128,gpu,108,A_gemmrs,0,0.09114,0.08909,0.09114,0.07059,1410,1
rs,6144,2560,128,gpu,108,c_fluxgemm_only,2,0.05120,0.05018,0.05120,0.02344,1410,1
rs,6144,2560,128,gpu,109,c_cublas,0,0.04301,0.04301,0.04301,0.03359,1410,1
rs,6144,2560,128,gpu,109,A_gemmrs,1,0.10240,0.10138,0.10240,0.06780,1410,1
rs,6144,2560,128,gpu,109,c_fluxgemm_only,2,0.05325,0.05120,0.05222,0.02349,1410,1
rs,6144,2560,128,gpu,110,c_cublas,2,0.04198,0.04096,0.04198,0.04186,1410,1
rs,6144,2560,128,gpu,110,A_gemmrs,1,0.10752,0.10650,0.10752,0.06441,1410,1
rs,6144,2560,128,gpu,110,c_fluxgemm_only,0,0.05018,0.04915,0.04915,0.02205,1410,1
rs,6144,2560,128,gpu,111,c_cublas,1,0.04301,0.04198,0.04198,0.03385,1410,1
rs,6144,2560,128,gpu,111,A_gemmrs,2,0.07987,0.07782,0.07987,0.06529,1410,1
rs,6144,2560,128,gpu,111,c_fluxgemm_only,0,0.05018,0.05018,0.05018,0.02996,1410,1
rs,6144,2560,128,gpu,112,c_cublas,2,0.04301,0.04198,0.04198,0.03291,1410,1
rs,6144,2560,128,gpu,112,A_gemmrs,0,0.09114,0.09114,0.09114,0.06344,1410,1
rs,6144,2560,128,gpu,112,c_fluxgemm_only,1,0.05120,0.05120,0.05120,0.02149,1410,1
rs,6144,2560,128,gpu,113,c_cublas,2,0.04301,0.04198,0.04301,0.03205,1410,1
rs,6144,2560,128,gpu,113,A_gemmrs,1,0.11776,0.11674,0.11776,0.06277,1410,1
rs,6144,2560,128,gpu,113,c_fluxgemm_only,0,0.05120,0.05120,0.05120,0.02347,1410,1
rs,6144,2560,128,gpu,114,c_cublas,0,0.04198,0.04096,0.04198,0.03006,1410,1
rs,6144,2560,128,gpu,114,A_gemmrs,1,0.09216,0.09114,0.09216,0.06877,1410,1
rs,6144,2560,128,gpu,114,c_fluxgemm_only,2,0.05120,0.05018,0.05120,0.02240,1410,1
rs,6144,2560,128,gpu,115,c_cublas,1,0.04198,0.04198,0.04198,0.03451,1410,1
rs,6144,2560,128,gpu,115,A_gemmrs,2,0.07885,0.07680,0.07885,0.09323,1410,1
rs,6144,2560,128,gpu,115,c_fluxgemm_only,0,0.06758,0.05018,0.05018,0.02469,1410,1
rs,6144,2560,128,gpu,116,c_cublas,2,0.04198,0.04096,0.04198,0.03251,1410,1
rs,6144,2560,128,gpu,116,A_gemmrs,1,0.09216,0.09114,0.09114,0.06898,1410,1
rs,6144,2560,128,gpu,116,c_fluxgemm_only,0,0.05018,0.05018,0.05018,0.02269,1410,1
rs,6144,2560,128,gpu,117,c_cublas,0,0.04301,0.04301,0.04301,0.02992,1410,1
rs,6144,2560,128,gpu,117,A_gemmrs,1,0.10342,0.10138,0.10342,0.06831,1410,1
rs,6144,2560,128,gpu,117,c_fluxgemm_only,2,0.05222,0.05120,0.05222,0.02237,1410,1
rs,6144,2560,128,gpu,118,c_cublas,0,0.04301,0.04096,0.04096,0.03430,1410,1
rs,6144,2560,128,gpu,118,A_gemmrs,2,0.07885,0.07782,0.07885,0.06308,1410,1
rs,6144,2560,128,gpu,118,c_fluxgemm_only,1,0.05018,0.05018,0.05018,0.02305,1410,1
rs,6144,2560,128,gpu,119,c_cublas,0,0.04198,0.04096,0.04198,0.03331,1410,1
rs,6144,2560,128,gpu,119,A_gemmrs,2,0.10752,0.10650,0.10650,0.06218,1410,1
rs,6144,2560,128,gpu,119,c_fluxgemm_only,1,0.05222,0.05018,0.05018,0.02399,1410,1
rs,6144,2560,128,gpu,120,c_cublas,0,0.04198,0.04096,0.04198,0.03359,1410,1
rs,6144,2560,128,gpu,120,A_gemmrs,2,0.11366,0.11264,0.11366,0.06128,1410,1
rs,6144,2560,128,gpu,120,c_fluxgemm_only,1,0.05222,0.05120,0.05222,0.02349,1410,1
rs,6144,2560,128,gpu,121,c_cublas,2,0.04403,0.04301,0.04301,0.03317,1410,1
rs,6144,2560,128,gpu,121,A_gemmrs,0,0.09216,0.09114,0.09216,0.06307,1410,1
rs,6144,2560,128,gpu,121,c_fluxgemm_only,1,0.05120,0.05018,0.05120,0.02140,1410,1
rs,6144,2560,128,gpu,122,c_cublas,1,0.04198,0.04096,0.04096,0.03319,1410,1
rs,6144,2560,128,gpu,122,A_gemmrs,2,0.09011,0.08806,0.09011,0.06770,1410,1
rs,6144,2560,128,gpu,122,c_fluxgemm_only,0,0.05018,0.04915,0.05018,0.02330,1410,1
rs,6144,2560,128,gpu,123,c_cublas,2,0.04403,0.04198,0.04403,0.03327,1410,1
rs,6144,2560,128,gpu,123,A_gemmrs,0,0.09216,0.09011,0.09216,0.06670,1410,1
rs,6144,2560,128,gpu,123,c_fluxgemm_only,1,0.05120,0.05018,0.05120,0.02271,1410,1
rs,6144,2560,128,gpu,124,c_cublas,1,0.04301,0.04198,0.04198,0.03161,1410,1
rs,6144,2560,128,gpu,124,A_gemmrs,0,0.07885,0.07782,0.07885,0.06475,1410,1
rs,6144,2560,128,gpu,124,c_fluxgemm_only,2,0.05120,0.05120,0.05120,0.02346,1410,1
rs,6144,2560,128,gpu,125,c_cublas,2,0.04403,0.04301,0.04403,0.03358,1410,1
rs,6144,2560,128,gpu,125,A_gemmrs,0,0.09011,0.08909,0.08909,0.06333,1410,1
rs,6144,2560,128,gpu,125,c_fluxgemm_only,1,0.05120,0.05018,0.05018,0.02103,1410,1
rs,6144,2560,128,gpu,126,c_cublas,0,0.04198,0.04198,0.04198,0.05209,1410,1
rs,6144,2560,128,gpu,126,A_gemmrs,1,0.09421,0.09318,0.09421,0.06519,1410,1
rs,6144,2560,128,gpu,126,c_fluxgemm_only,2,0.05018,0.05018,0.05018,0.02226,1410,1
rs,6144,2560,128,gpu,127,c_cublas,0,0.04301,0.04198,0.04198,0.03410,1410,1
rs,6144,2560,128,gpu,127,A_gemmrs,2,0.10138,0.10035,0.10138,0.06162,1410,1
rs,6144,2560,128,gpu,127,c_fluxgemm_only,1,0.05018,0.04915,0.05018,0.02325,1410,1
rs,6144,2560,128,gpu,128,c_cublas,1,0.04403,0.04198,0.04301,0.03380,1410,1
rs,6144,2560,128,gpu,128,A_gemmrs,2,0.11366,0.11264,0.11366,0.07042,1410,1
rs,6144,2560,128,gpu,128,c_fluxgemm_only,0,0.05120,0.05120,0.05120,0.02249,1410,1
rs,6144,2560,128,gpu,129,c_cublas,2,0.04301,0.04198,0.04301,0.03304,1410,1
rs,6144,2560,128,gpu,129,A_gemmrs,0,0.86938,0.13005,0.13005,0.08072,1410,1
rs,6144,2560,128,gpu,129,c_fluxgemm_only,1,0.05120,0.05018,0.05018,0.02231,1410,1
rs,6144,2560,128,gpu,130,c_cublas,0,0.04198,0.04198,0.04198,0.03057,1410,1
rs,6144,2560,128,gpu,130,A_gemmrs,2,0.09011,0.08909,0.09011,0.06274,1410,1
rs,6144,2560,128,gpu,130,c_fluxgemm_only,1,0.05120,0.04915,0.05120,0.02354,1410,1
rs,6144,2560,128,gpu,131,c_cublas,2,0.04301,0.04198,0.04301,0.03246,1410,1
rs,6144,2560,128,gpu,131,A_gemmrs,1,0.07885,0.07782,0.07885,0.06316,1410,1
rs,6144,2560,128,gpu,131,c_fluxgemm_only,0,0.05120,0.05018,0.05018,0.02243,1410,1
rs,6144,2560,128,gpu,132,c_cublas,2,0.04198,0.04096,0.04198,0.03198,1410,1
rs,6144,2560,128,gpu,132,A_gemmrs,1,0.09114,0.08909,0.09011,0.07519,1410,1
rs,6144,2560,128,gpu,132,c_fluxgemm_only,0,0.05018,0.05018,0.05018,0.02424,1410,1
rs,6144,2560,128,gpu,133,c_cublas,1,0.04198,0.04096,0.04096,0.03141,1410,1
rs,6144,2560,128,gpu,133,A_gemmrs,0,0.09114,0.09011,0.09114,0.06685,1410,1
rs,6144,2560,128,gpu,133,c_fluxgemm_only,2,0.05222,0.05120,0.05120,0.02362,1410,1
rs,6144,2560,128,gpu,134,c_cublas,0,0.04301,0.04198,0.04198,0.03312,1410,1
rs,6144,2560,128,gpu,134,A_gemmrs,1,0.09523,0.09318,0.09421,0.06466,1410,1
rs,6144,2560,128,gpu,134,c_fluxgemm_only,2,0.05018,0.05018,0.05018,0.02183,1410,1
rs,6144,2560,128,gpu,135,c_cublas,0,0.04198,0.04198,0.04198,0.03557,1410,1
rs,6144,2560,128,gpu,135,A_gemmrs,1,0.09318,0.09114,0.09216,0.06902,1410,1
rs,6144,2560,128,gpu,135,c_fluxgemm_only,2,0.05120,0.05018,0.05120,0.02185,1410,1
rs,6144,2560,128,gpu,136,c_cublas,2,0.04198,0.04198,0.04198,0.03260,1410,1
rs,6144,2560,128,gpu,136,A_gemmrs,1,0.12083,0.11981,0.11981,0.06381,1410,1
rs,6144,2560,128,gpu,136,c_fluxgemm_only,0,0.05018,0.04915,0.04915,0.02096,1410,1
rs,6144,2560,128,gpu,137,c_cublas,2,0.04506,0.04301,0.04301,0.03221,1410,1
rs,6144,2560,128,gpu,137,A_gemmrs,1,0.10240,0.10035,0.10240,0.06247,1410,1
rs,6144,2560,128,gpu,137,c_fluxgemm_only,0,0.05222,0.05120,0.05120,0.02388,1410,1
rs,6144,2560,128,gpu,138,c_cublas,1,0.04198,0.04096,0.04198,0.03295,1410,1
rs,6144,2560,128,gpu,138,A_gemmrs,2,0.09011,0.08806,0.09011,0.06410,1410,1
rs,6144,2560,128,gpu,138,c_fluxgemm_only,0,0.05120,0.05018,0.05018,0.02350,1410,1
rs,6144,2560,128,gpu,139,c_cublas,1,0.04301,0.04096,0.04198,0.03411,1410,1
rs,6144,2560,128,gpu,139,A_gemmrs,2,0.09114,0.09011,0.09114,0.06423,1410,1
rs,6144,2560,128,gpu,139,c_fluxgemm_only,0,0.05018,0.05018,0.05018,0.02304,1410,1
rs,6144,2560,128,gpu,140,c_cublas,0,0.04301,0.04096,0.04301,0.03320,1410,1
rs,6144,2560,128,gpu,140,A_gemmrs,1,0.09011,0.08909,0.09011,0.06291,1410,1
rs,6144,2560,128,gpu,140,c_fluxgemm_only,2,0.05120,0.05018,0.05120,0.02176,1410,1
rs,6144,2560,128,gpu,141,c_cublas,0,0.05632,0.04301,0.04301,0.03422,1410,1
rs,6144,2560,128,gpu,141,A_gemmrs,1,0.08090,0.07680,0.08090,0.06782,1410,1
rs,6144,2560,128,gpu,141,c_fluxgemm_only,2,0.05325,0.05018,0.05222,0.02173,1410,1
rs,6144,2560,128,gpu,142,c_cublas,1,0.04301,0.04301,0.04301,0.03224,1410,1
rs,6144,2560,128,gpu,142,A_gemmrs,0,0.07987,0.07680,0.07987,0.06650,1410,1
rs,6144,2560,128,gpu,142,c_fluxgemm_only,2,0.05120,0.05018,0.05120,0.02317,1410,1
rs,6144,2560,128,gpu,143,c_cublas,0,0.04198,0.04096,0.04198,0.03335,1410,1
rs,6144,2560,128,gpu,143,A_gemmrs,2,0.10342,0.10240,0.10342,0.06197,1410,1
rs,6144,2560,128,gpu,143,c_fluxgemm_only,1,0.05018,0.05018,0.05018,0.02339,1410,1
rs,6144,2560,128,gpu,144,c_cublas,0,0.04301,0.04096,0.04198,0.03334,1410,1
rs,6144,2560,128,gpu,144,A_gemmrs,2,0.11366,0.11264,0.11366,0.06946,1410,1
rs,6144,2560,128,gpu,144,c_fluxgemm_only,1,0.05222,0.05120,0.05222,0.02343,1410,1
rs,6144,2560,128,gpu,145,c_cublas,2,0.04301,0.04301,0.04301,0.03226,1410,1
rs,6144,2560,128,gpu,145,A_gemmrs,1,0.10547,0.10342,0.10547,0.05921,1410,1
rs,6144,2560,128,gpu,145,c_fluxgemm_only,0,0.05222,0.05120,0.05120,0.02271,1410,1
rs,6144,2560,128,gpu,146,c_cublas,0,0.04198,0.04096,0.04198,0.03059,1410,1
rs,6144,2560,128,gpu,146,A_gemmrs,1,0.10752,0.10650,0.10752,0.06782,1410,1
rs,6144,2560,128,gpu,146,c_fluxgemm_only,2,0.05018,0.05018,0.05018,0.02252,1410,1
rs,6144,2560,128,gpu,147,c_cublas,1,0.04198,0.04096,0.04198,0.03188,1410,1
rs,6144,2560,128,gpu,147,A_gemmrs,0,0.09318,0.09011,0.09318,0.06207,1410,1
rs,6144,2560,128,gpu,147,c_fluxgemm_only,2,0.05120,0.05018,0.05120,0.02368,1410,1
rs,6144,2560,128,gpu,148,c_cublas,0,0.07168,0.04096,0.04301,0.03698,1410,1
rs,6144,2560,128,gpu,148,A_gemmrs,2,0.09216,0.09114,0.09216,0.06970,1410,1
rs,6144,2560,128,gpu,148,c_fluxgemm_only,1,0.05222,0.05120,0.05120,0.02386,1410,1
rs,6144,2560,128,gpu,149,c_cublas,0,0.04301,0.04301,0.04301,0.03291,1410,1
rs,6144,2560,128,gpu,149,A_gemmrs,1,0.07987,0.07885,0.07885,0.06337,1410,1
rs,6144,2560,128,gpu,149,c_fluxgemm_only,2,0.05222,0.05120,0.05222,0.02258,1410,1
rs,6144,2560,128,gpu,150,c_cublas,1,0.04403,0.04301,0.04301,0.03257,1410,1
rs,6144,2560,128,gpu,150,A_gemmrs,0,0.07885,0.07782,0.07885,0.06572,1410,1
rs,6144,2560,128,gpu,150,c_fluxgemm_only,2,0.05120,0.05018,0.05120,0.02370,1410,1
rs,6144,2560,128,gpu,151,c_cublas,0,0.04198,0.04096,0.04198,0.03295,1410,1
rs,6144,2560,128,gpu,151,A_gemmrs,2,0.10240,0.10138,0.10240,0.06162,1410,1
rs,6144,2560,128,gpu,151,c_fluxgemm_only,1,0.05120,0.05018,0.05018,0.02320,1410,1
rs,6144,2560,128,gpu,152,c_cublas,1,0.04403,0.04198,0.04198,0.04931,1410,1
rs,6144,2560,128,gpu,152,A_gemmrs,2,0.11674,0.11571,0.11674,0.09928,1410,1
rs,6144,2560,128,gpu,152,c_fluxgemm_only,0,0.05120,0.05018,0.05120,0.04563,1410,1
rs,6144,2560,128,gpu,153,c_cublas,0,0.04301,0.04301,0.04301,0.03301,1410,1
rs,6144,2560,128,gpu,153,A_gemmrs,2,0.10854,0.10650,0.10854,0.06082,1410,1
rs,6144,2560,128,gpu,153,c_fluxgemm_only,1,0.05120,0.05018,0.05120,0.02605,1410,1
rs,6144,2560,128,gpu,154,c_cublas,2,0.04301,0.04096,0.04198,0.03375,1410,1
rs,6144,2560,128,gpu,154,A_gemmrs,0,0.09216,0.09114,0.09216,0.07272,1410,1
rs,6144,2560,128,gpu,154,c_fluxgemm_only,1,0.05222,0.05120,0.05120,0.02165,1410,1
rs,6144,2560,128,gpu,155,c_cublas,0,0.04198,0.04198,0.04198,0.03129,1410,1
rs,6144,2560,128,gpu,155,A_gemmrs,1,0.09114,0.08909,0.09114,0.06424,1410,1
rs,6144,2560,128,gpu,155,c_fluxgemm_only,2,0.05018,0.05018,0.05018,0.02200,1410,1
rs,6144,2560,128,gpu,156,c_cublas,2,0.04301,0.04198,0.04198,0.26158,1410,1
rs,6144,2560,128,gpu,156,A_gemmrs,1,0.09114,0.09011,0.09114,0.06156,1410,1
rs,6144,2560,128,gpu,156,c_fluxgemm_only,0,0.05120,0.05018,0.05120,0.02243,1410,1
rs,6144,2560,128,gpu,157,c_cublas,1,0.04198,0.04198,0.04198,0.03241,1410,1
rs,6144,2560,128,gpu,157,A_gemmrs,0,0.09011,0.08909,0.09011,0.06704,1410,1
rs,6144,2560,128,gpu,157,c_fluxgemm_only,2,0.05222,0.05120,0.05120,0.02337,1410,1
rs,6144,2560,128,gpu,158,c_cublas,0,0.04301,0.04198,0.04198,0.03320,1410,1
rs,6144,2560,128,gpu,158,A_gemmrs,2,0.07885,0.07782,0.07885,0.06169,1410,1
rs,6144,2560,128,gpu,158,c_fluxgemm_only,1,0.05120,0.05018,0.05018,0.02315,1410,1
rs,6144,2560,128,gpu,159,c_cublas,0,0.04198,0.04096,0.04198,0.03366,1410,1
rs,6144,2560,128,gpu,159,A_gemmrs,1,0.09421,0.09216,0.09216,0.07397,1410,1
rs,6144,2560,128,gpu,159,c_fluxgemm_only,2,0.05120,0.05018,0.05120,0.02213,1410,1
rs,6144,2560,128,gpu,160,c_cublas,1,0.04198,0.04096,0.04198,0.03280,1410,1
rs,6144,2560,128,gpu,160,A_gemmrs,0,0.09216,0.09011,0.09216,0.06437,1410,1
rs,6144,2560,128,gpu,160,c_fluxgemm_only,2,0.05120,0.05018,0.05018,0.02349,1410,1
rs,6144,2560,128,gpu,161,c_cublas,2,0.04403,0.04198,0.04403,0.03344,1410,1
rs,6144,2560,128,gpu,161,A_gemmrs,0,0.11878,0.11674,0.11878,0.06705,1410,1
rs,6144,2560,128,gpu,161,c_fluxgemm_only,1,0.05120,0.05018,0.05120,0.02179,1410,1
rs,6144,2560,128,gpu,162,c_cublas,0,0.04198,0.04198,0.04198,0.03152,1410,1
rs,6144,2560,128,gpu,162,A_gemmrs,2,0.10342,0.10240,0.10240,0.06276,1410,1
rs,6144,2560,128,gpu,162,c_fluxgemm_only,1,0.05120,0.05018,0.05018,0.02358,1410,1
rs,6144,2560,128,gpu,163,c_cublas,1,0.04403,0.04096,0.04198,0.03366,1410,1
rs,6144,2560,128,gpu,163,A_gemmrs,2,0.09626,0.09523,0.09523,0.06388,1410,1
rs,6144,2560,128,gpu,163,c_fluxgemm_only,0,0.05120,0.05018,0.05018,0.02292,1410,1
rs,6144,2560,128,gpu,164,c_cublas,0,0.04301,0.04198,0.04198,0.12008,1410,1
rs,6144,2560,128,gpu,164,A_gemmrs,1,0.09011,0.09011,0.09011,0.06557,1410,1
rs,6144,2560,128,gpu,164,c_fluxgemm_only,2,0.05018,0.05018,0.05018,0.02243,1410,1
rs,6144,2560,128,gpu,165,c_cublas,1,0.04198,0.04096,0.04198,0.03489,1410,1
rs,6144,2560,128,gpu,165,A_gemmrs,2,0.08090,0.07885,0.07987,0.06395,1410,1
rs,6144,2560,128,gpu,165,c_fluxgemm_only,0,0.05222,0.05018,0.05120,0.02091,1410,1
rs,6144,2560,128,gpu,166,c_cublas,1,0.04301,0.04198,0.04198,0.03195,1410,1
rs,6144,2560,128,gpu,166,A_gemmrs,0,0.09011,0.08806,0.09011,0.06472,1410,1
rs,6144,2560,128,gpu,166,c_fluxgemm_only,2,0.05018,0.05018,0.05018,0.02371,1410,1
rs,6144,2560,128,gpu,167,c_cublas,1,0.04301,0.04198,0.04198,0.03346,1410,1
rs,6144,2560,128,gpu,167,A_gemmrs,2,0.09523,0.09216,0.09523,0.06380,1410,1
rs,6144,2560,128,gpu,167,c_fluxgemm_only,0,0.05018,0.05018,0.05018,0.02102,1410,1
rs,6144,2560,128,gpu,168,c_cublas,1,0.04301,0.04096,0.04301,0.03206,1410,1
rs,6144,2560,128,gpu,168,A_gemmrs,0,0.09011,0.09011,0.09011,0.06450,1410,1
rs,6144,2560,128,gpu,168,c_fluxgemm_only,2,0.05120,0.05018,0.05120,0.02327,1410,1
rs,6144,2560,128,gpu,169,c_cublas,2,0.04301,0.04301,0.04301,0.03286,1410,1
rs,6144,2560,128,gpu,169,A_gemmrs,1,0.10854,0.10752,0.10752,0.06419,1410,1
rs,6144,2560,128,gpu,169,c_fluxgemm_only,0,0.05120,0.05018,0.05120,0.02125,1410,1
rs,6144,2560,128,gpu,170,c_cublas,2,0.04301,0.04096,0.04198,0.03305,1410,1
rs,6144,2560,128,gpu,170,A_gemmrs,0,0.07782,0.07680,0.07782,0.06758,1410,1
rs,6144,2560,128,gpu,170,c_fluxgemm_only,1,0.05222,0.05120,0.05120,0.02144,1410,1
rs,6144,2560,128,gpu,171,c_cublas,1,0.04198,0.04096,0.04198,0.03281,1410,1
rs,6144,2560,128,gpu,171,A_gemmrs,2,0.10547,0.10547,0.10547,0.06634,1410,1
rs,6144,2560,128,gpu,171,c_fluxgemm_only,0,0.05018,0.05018,0.05018,0.02323,1410,1
rs,6144,2560,128,gpu,172,c_cublas,1,0.04403,0.04198,0.04403,0.03344,1410,1
rs,6144,2560,128,gpu,172,A_gemmrs,2,0.10342,0.10035,0.10342,0.07002,1410,1
rs,6144,2560,128,gpu,172,c_fluxgemm_only,0,0.05120,0.05018,0.05018,0.02294,1410,1
rs,6144,2560,128,gpu,173,c_cublas,0,0.07066,0.04301,0.04301,0.03516,1410,1
rs,6144,2560,128,gpu,173,A_gemmrs,2,0.07987,0.07782,0.07987,0.07261,1410,1
rs,6144,2560,128,gpu,173,c_fluxgemm_only,1,0.05120,0.05018,0.05120,0.02390,1410,1
rs,6144,2560,128,gpu,174,c_cublas,1,0.04301,0.04198,0.04198,0.03366,1410,1
rs,6144,2560,128,gpu,174,A_gemmrs,2,0.07885,0.07782,0.07885,0.06307,1410,1
rs,6144,2560,128,gpu,174,c_fluxgemm_only,0,0.05222,0.05018,0.05120,0.02256,1410,1
rs,6144,2560,128,gpu,175,c_cublas,2,0.04301,0.04096,0.04301,0.03398,1410,1
rs,6144,2560,128,gpu,175,A_gemmrs,0,0.09421,0.09114,0.09421,0.06471,1410,1
rs,6144,2560,128,gpu,175,c_fluxgemm_only,1,0.05120,0.05018,0.05018,0.02317,1410,1
rs,6144,2560,128,gpu,176,c_cublas,2,0.04198,0.04096,0.04198,0.03226,1410,1
rs,6144,2560,128,gpu,176,A_gemmrs,1,0.09011,0.08909,0.08909,0.06311,1410,1
rs,6144,2560,128,gpu,176,c_fluxgemm_only,0,0.05120,0.05018,0.05120,0.02336,1410,1
rs,6144,2560,128,gpu,177,c_cublas,0,0.04403,0.04301,0.04403,0.02983,1410,1
rs,6144,2560,128,gpu,177,A_gemmrs,1,0.11776,0.11366,0.11776,0.07056,1410,1
rs,6144,2560,128,gpu,177,c_fluxgemm_only,2,0.05222,0.05222,0.05222,0.02231,1410,1
rs,6144,2560,128,gpu,178,c_cublas,1,0.04403,0.04301,0.04301,0.22205,1410,1
rs,6144,2560,128,gpu,178,A_gemmrs,0,0.09318,0.09114,0.09318,0.06655,1410,1
rs,6144,2560,128,gpu,178,c_fluxgemm_only,2,0.05120,0.05018,0.05018,0.02385,1410,1
rs,6144,2560,128,gpu,179,c_cublas,1,0.04198,0.04198,0.04198,0.03420,1410,1
rs,6144,2560,128,gpu,179,A_gemmrs,2,0.10650,0.10547,0.10547,0.06557,1410,1
rs,6144,2560,128,gpu,179,c_fluxgemm_only,0,0.05120,0.04915,0.05120,0.02158,1410,1
rs,6144,2560,128,gpu,180,c_cublas,1,0.04301,0.04301,0.04301,0.03391,1410,1
rs,6144,2560,128,gpu,180,A_gemmrs,2,0.10240,0.10240,0.10240,0.06394,1410,1
rs,6144,2560,128,gpu,180,c_fluxgemm_only,0,0.05018,0.05018,0.05018,0.02290,1410,1
rs,6144,2560,128,gpu,181,c_cublas,1,0.04301,0.04096,0.04198,0.03205,1410,1
rs,6144,2560,128,gpu,181,A_gemmrs,0,0.07885,0.07782,0.07885,0.06217,1410,1
rs,6144,2560,128,gpu,181,c_fluxgemm_only,2,0.05222,0.05120,0.05222,0.02331,1410,1
rs,6144,2560,128,gpu,182,c_cublas,2,0.04198,0.04198,0.04198,0.03363,1410,1
rs,6144,2560,128,gpu,182,A_gemmrs,0,0.07885,0.07782,0.07885,0.06694,1410,1
rs,6144,2560,128,gpu,182,c_fluxgemm_only,1,0.05222,0.05120,0.05222,0.02754,1410,1
rs,6144,2560,128,gpu,183,c_cublas,2,0.04198,0.04096,0.04198,0.03324,1410,1
rs,6144,2560,128,gpu,183,A_gemmrs,0,0.09318,0.09216,0.09318,0.07004,1410,1
rs,6144,2560,128,gpu,183,c_fluxgemm_only,1,0.05120,0.05018,0.05018,0.02220,1410,1
rs,6144,2560,128,gpu,184,c_cublas,0,0.04301,0.04096,0.04301,0.03101,1410,1
rs,6144,2560,128,gpu,184,A_gemmrs,1,0.09114,0.08909,0.09114,0.06810,1410,1
rs,6144,2560,128,gpu,184,c_fluxgemm_only,2,0.05120,0.05018,0.05018,0.02216,1410,1
rs,6144,2560,128,gpu,185,c_cublas,0,0.04403,0.04198,0.04403,0.03434,1410,1
rs,6144,2560,128,gpu,185,A_gemmrs,2,0.11366,0.11264,0.11366,0.10444,1410,1
rs,6144,2560,128,gpu,185,c_fluxgemm_only,1,0.62566,0.05018,0.05018,1.13131,1410,1
rs,6144,2560,128,gpu,186,c_cublas,0,0.04301,0.04096,0.04301,0.04646,1410,1
rs,6144,2560,128,gpu,186,A_gemmrs,1,0.09523,0.09318,0.09523,0.07373,1410,1
rs,6144,2560,128,gpu,186,c_fluxgemm_only,2,0.05120,0.05018,0.05018,0.02576,1410,1
rs,6144,2560,128,gpu,187,c_cublas,0,0.04301,0.04198,0.04198,0.03453,1410,1
rs,6144,2560,128,gpu,187,A_gemmrs,1,0.09011,0.08806,0.08909,0.06479,1410,1
rs,6144,2560,128,gpu,187,c_fluxgemm_only,2,0.05120,0.05018,0.05120,0.02226,1410,1
rs,6144,2560,128,gpu,188,c_cublas,1,0.04198,0.04198,0.04198,0.03181,1410,1
rs,6144,2560,128,gpu,188,A_gemmrs,0,0.10650,0.10445,0.10547,0.06535,1410,1
rs,6144,2560,128,gpu,188,c_fluxgemm_only,2,0.05120,0.05018,0.05018,0.02314,1410,1
rs,6144,2560,128,gpu,189,c_cublas,0,0.07066,0.04198,0.04301,0.03471,1410,1
rs,6144,2560,128,gpu,189,A_gemmrs,2,0.10240,0.10240,0.10240,0.10673,1410,1
rs,6144,2560,128,gpu,189,c_fluxgemm_only,1,0.05018,0.05018,0.05018,0.02373,1410,1
rs,6144,2560,128,gpu,190,c_cublas,0,0.04301,0.04198,0.04198,0.03425,1410,1
rs,6144,2560,128,gpu,190,A_gemmrs,2,0.09114,0.08806,0.09114,0.06405,1410,1
rs,6144,2560,128,gpu,190,c_fluxgemm_only,1,0.05018,0.05018,0.05018,0.02354,1410,1
rs,6144,2560,128,gpu,191,c_cublas,0,0.04198,0.04096,0.04198,0.03468,1410,1
rs,6144,2560,128,gpu,191,A_gemmrs,2,0.09216,0.09114,0.09114,0.06278,1410,1
rs,6144,2560,128,gpu,191,c_fluxgemm_only,1,0.05222,0.05018,0.05120,0.02383,1410,1
rs,6144,2560,128,gpu,192,c_cublas,2,0.04198,0.04096,0.04198,0.03363,1410,1
rs,6144,2560,128,gpu,192,A_gemmrs,0,0.07782,0.07782,0.07782,0.06028,1410,1
rs,6144,2560,128,gpu,192,c_fluxgemm_only,1,0.05120,0.05018,0.05120,0.02185,1410,1
rs,6144,2560,128,gpu,193,c_cublas,1,0.04198,0.04198,0.04198,0.03316,1410,1
rs,6144,2560,128,gpu,193,A_gemmrs,2,0.11571,0.11469,0.11571,0.06856,1410,1
rs,6144,2560,128,gpu,193,c_fluxgemm_only,0,0.05222,0.05120,0.05120,0.02352,1410,1
rs,6144,2560,128,gpu,194,c_cublas,1,0.04403,0.04198,0.04403,0.03252,1410,1
rs,6144,2560,128,gpu,194,A_gemmrs,0,0.09318,0.09114,0.09216,0.06218,1410,1
rs,6144,2560,128,gpu,194,c_fluxgemm_only,2,0.05018,0.04915,0.04915,0.02324,1410,1
rs,6144,2560,128,gpu,195,c_cublas,2,0.04301,0.04096,0.04198,0.03407,1410,1
rs,6144,2560,128,gpu,195,A_gemmrs,0,0.09421,0.09216,0.09318,0.06589,1410,1
rs,6144,2560,128,gpu,195,c_fluxgemm_only,1,0.05120,0.05018,0.05018,0.02200,1410,1
rs,6144,2560,128,gpu,196,c_cublas,2,0.04301,0.04096,0.04198,0.03311,1410,1
rs,6144,2560,128,gpu,196,A_gemmrs,1,0.09216,0.09114,0.09216,0.06483,1410,1
rs,6144,2560,128,gpu,196,c_fluxgemm_only,0,0.05120,0.04915,0.05120,0.02330,1410,1
rs,6144,2560,128,gpu,197,c_cublas,2,0.04301,0.04198,0.04301,0.32656,1410,1
rs,6144,2560,128,gpu,197,A_gemmrs,1,0.10342,0.10240,0.10240,0.06735,1410,1
rs,6144,2560,128,gpu,197,c_fluxgemm_only,0,0.05222,0.05120,0.05120,0.02403,1410,1
rs,6144,2560,128,gpu,198,c_cublas,2,0.04301,0.04096,0.04301,0.03195,1410,1
rs,6144,2560,128,gpu,198,A_gemmrs,1,0.10854,0.10752,0.10854,0.06705,1410,1
rs,6144,2560,128,gpu,198,c_fluxgemm_only,0,0.05018,0.05018,0.05018,0.02399,1410,1
rs,6144,2560,128,gpu,199,c_cublas,0,0.04301,0.04198,0.04198,0.03173,1410,1
rs,6144,2560,128,gpu,199,A_gemmrs,2,0.09114,0.09011,0.09114,0.07000,1410,1
rs,6144,2560,128,gpu,199,c_fluxgemm_only,1,0.05120,0.05018,0.05018,0.02414,1410,1
rs,6144,2560,128,steady,0,c_cublas,0,0.03232,0.03206,0.03232,0.01220,0,1
rs,6144,2560,128,steady,0,A_gemmrs,1,0.07104,0.07091,0.07104,0.03445,0,1
rs,6144,2560,128,steady,0,c_fluxgemm_only,2,0.04141,0.04122,0.04128,0.01290,0,1
rs,6144,2560,128,steady,1,c_cublas,0,0.03194,0.03136,0.03194,0.01202,0,1
rs,6144,2560,128,steady,1,A_gemmrs,1,0.07334,0.07334,0.07334,0.03379,0,1
rs,6144,2560,128,steady,1,c_fluxgemm_only,2,0.04128,0.04109,0.04109,0.01277,0,1
rs,6144,2560,128,steady,2,c_cublas,0,0.03200,0.03181,0.03181,0.01221,0,1
rs,6144,2560,128,steady,2,A_gemmrs,1,0.07373,0.07366,0.07373,0.03313,0,1
rs,6144,2560,128,steady,2,c_fluxgemm_only,2,0.04122,0.04115,0.04122,0.01312,0,1
rs,6144,2560,128,steady,3,c_cublas,0,0.03181,0.03149,0.03181,0.01187,0,1
rs,6144,2560,128,steady,3,A_gemmrs,1,0.07302,0.07296,0.07302,0.03367,0,1
rs,6144,2560,128,steady,3,c_fluxgemm_only,2,0.04141,0.04115,0.04122,0.01275,0,1
rs,6144,2560,128,steady,4,c_cublas,1,0.03066,0.03021,0.03066,0.01198,0,1
rs,6144,2560,128,steady,4,A_gemmrs,2,0.07181,0.07168,0.07181,0.03369,0,1
rs,6144,2560,128,steady,4,c_fluxgemm_only,0,0.04154,0.04109,0.04154,0.01254,0,1
rs,6144,2560,128,steady,5,c_cublas,2,0.03053,0.03008,0.03053,0.01188,0,1
rs,6144,2560,128,steady,5,A_gemmrs,1,0.07482,0.07475,0.07482,0.03295,0,1
rs,6144,2560,128,steady,5,c_fluxgemm_only,0,0.04230,0.04205,0.04230,0.01319,0,1
rs,6144,2560,128,steady,6,c_cublas,0,0.03155,0.03110,0.03155,0.01141,0,1
rs,6144,2560,128,steady,6,A_gemmrs,1,0.06970,0.06963,0.06963,0.03384,0,1
rs,6144,2560,128,steady,6,c_fluxgemm_only,2,0.04141,0.04122,0.04141,0.01276,0,1
rs,6144,2560,128,steady,7,c_cublas,2,0.03046,0.03014,0.03046,0.01235,0,1
rs,6144,2560,128,steady,7,A_gemmrs,1,0.07782,0.07782,0.07782,0.03293,0,1
rs,6144,2560,128,steady,7,c_fluxgemm_only,0,0.04198,0.04128,0.04198,0.01273,0,1
rs,6144,2560,128,steady,8,c_cublas,1,0.03053,0.03027,0.03053,0.01221,0,1
rs,6144,2560,128,steady,8,A_gemmrs,2,0.07091,0.07085,0.07091,0.03312,0,1
rs,6144,2560,128,steady,8,c_fluxgemm_only,0,0.04224,0.04173,0.04224,0.01305,0,1
rs,6144,2560,128,steady,9,c_cublas,0,0.03194,0.03168,0.03194,0.01179,0,1
rs,6144,2560,128,steady,9,A_gemmrs,2,0.07680,0.07674,0.07674,0.03350,0,1
rs,6144,2560,128,steady,9,c_fluxgemm_only,1,0.04134,0.04122,0.04134,0.01284,0,1
rs,6144,2560,128,steady,10,c_cublas,0,0.03187,0.03174,0.03181,0.01214,0,1
rs,6144,2560,128,steady,10,A_gemmrs,1,0.06874,0.06861,0.06867,0.03308,0,1
rs,6144,2560,128,steady,10,c_fluxgemm_only,2,0.04128,0.04115,0.04128,0.01319,0,1
rs,6144,2560,128,steady,11,c_cublas,2,0.03034,0.03021,0.03034,0.01175,0,1
rs,6144,2560,128,steady,11,A_gemmrs,0,0.06982,0.06976,0.06982,0.03361,0,1
rs,6144,2560,128,steady,11,c_fluxgemm_only,1,0.04134,0.04122,0.04122,0.01266,0,1
rs,6144,2560,128,steady,12,c_cublas,1,0.03046,0.03021,0.03046,0.01163,0,1
rs,6144,2560,128,steady,12,A_gemmrs,0,0.07546,0.07520,0.07520,0.03336,0,1
rs,6144,2560,128,steady,12,c_fluxgemm_only,2,0.04141,0.04115,0.04122,0.01323,0,1
rs,6144,2560,128,steady,13,c_cublas,0,0.03149,0.03123,0.03149,0.01183,0,1
rs,6144,2560,128,steady,13,A_gemmrs,1,0.07027,0.07027,0.07027,0.03630,0,1
rs,6144,2560,128,steady,13,c_fluxgemm_only,2,0.04128,0.04102,0.04128,0.01275,0,1
rs,6144,2560,128,steady,14,c_cublas,1,0.03034,0.03014,0.03027,0.01214,0,1
rs,6144,2560,128,steady,14,A_gemmrs,0,0.07840,0.07795,0.07840,0.03346,0,1
rs,6144,2560,128,steady,14,c_fluxgemm_only,2,0.04134,0.04109,0.04122,0.01284,0,1
rs,6144,2560,128,steady,15,c_cublas,2,0.03034,0.03021,0.03034,0.01214,0,1
rs,6144,2560,128,steady,15,A_gemmrs,1,0.07123,0.07117,0.07123,0.03312,0,1
rs,6144,2560,128,steady,15,c_fluxgemm_only,0,0.04179,0.04109,0.04166,0.01296,0,1
rs,6144,2560,128,steady,16,c_cublas,0,0.03155,0.03117,0.03155,0.01143,0,1
rs,6144,2560,128,steady,16,A_gemmrs,1,0.13658,0.13645,0.13651,0.13447,0,1
rs,6144,2560,128,steady,16,c_fluxgemm_only,2,0.04134,0.04122,0.04134,0.01293,0,1
rs,6144,2560,128,steady,17,c_cublas,1,0.03046,0.03021,0.03046,0.01278,0,1
rs,6144,2560,128,steady,17,A_gemmrs,0,0.07219,0.07200,0.07200,0.03431,0,1
rs,6144,2560,128,steady,17,c_fluxgemm_only,2,0.04134,0.04109,0.04115,0.01295,0,1
rs,6144,2560,128,steady,18,c_cublas,0,0.03270,0.03021,0.03046,0.01665,0,1
rs,6144,2560,128,steady,18,A_gemmrs,2,0.07469,0.07456,0.07469,0.03331,0,1
rs,6144,2560,128,steady,18,c_fluxgemm_only,1,0.04134,0.04109,0.04134,0.01323,0,1
rs,6144,2560,128,steady,19,c_cublas,2,0.03046,0.03021,0.03046,0.01187,0,1
rs,6144,2560,128,steady,19,A_gemmrs,1,0.07046,0.07040,0.07046,0.03335,0,1
rs,6144,2560,128,steady,19,c_fluxgemm_only,0,0.04250,0.04179,0.04205,0.01266,0,1
rs,6144,2560,128,steady,20,c_cublas,0,0.03194,0.03098,0.03194,0.01220,0,1
rs,6144,2560,128,steady,20,A_gemmrs,2,0.07706,0.07699,0.07699,0.03396,0,1
rs,6144,2560,128,steady,20,c_fluxgemm_only,1,0.04122,0.04109,0.04122,0.01300,0,1
rs,6144,2560,128,steady,21,c_cublas,2,0.03059,0.03027,0.03059,0.01180,0,1
rs,6144,2560,128,steady,21,A_gemmrs,0,0.07174,0.07155,0.07162,0.03262,0,1
rs,6144,2560,128,steady,21,c_fluxgemm_only,1,0.04141,0.04115,0.04128,0.01274,0,1
rs,6144,2560,128,steady,22,c_cublas,0,0.03168,0.03117,0.03168,0.01134,0,1
rs,6144,2560,128,steady,22,A_gemmrs,2,0.07373,0.07360,0.07373,0.03355,0,1
rs,6144,2560,128,steady,22,c_fluxgemm_only,1,0.04134,0.04115,0.04134,0.01303,0,1
rs,6144,2560,128,steady,23,c_cublas,0,0.03194,0.03168,0.03194,0.01173,0,1
rs,6144,2560,128,steady,23,A_gemmrs,1,0.07123,0.07085,0.07117,0.03353,0,1
rs,6144,2560,128,steady,23,c_fluxgemm_only,2,0.04134,0.04115,0.04128,0.01280,0,1
rs,6144,2560,128,steady,24,c_cublas,2,0.03040,0.03014,0.03040,0.01169,0,1
rs,6144,2560,128,steady,24,A_gemmrs,1,0.07034,0.07008,0.07034,0.03368,0,1
rs,6144,2560,128,steady,24,c_fluxgemm_only,0,0.04192,0.04109,0.04192,0.01268,0,1
rs,6144,2560,128,steady,25,c_cublas,0,0.03142,0.03110,0.03142,0.01136,0,1
rs,6144,2560,128,steady,25,A_gemmrs,2,0.07366,0.07366,0.07366,0.03283,0,1
rs,6144,2560,128,steady,25,c_fluxgemm_only,1,0.04134,0.04128,0.04134,0.01300,0,1
rs,6144,2560,128,steady,26,c_cublas,1,0.03040,0.03021,0.03040,0.01173,0,1
rs,6144,2560,128,steady,26,A_gemmrs,0,0.07066,0.07040,0.07053,0.03274,0,1
rs,6144,2560,128,steady,26,c_fluxgemm_only,2,0.04128,0.04115,0.04128,0.01284,0,1
rs,6144,2560,128,steady,27,c_cublas,0,0.03194,0.03136,0.03181,0.01210,0,1
rs,6144,2560,128,steady,27,A_gemmrs,2,0.07456,0.07450,0.07450,0.03342,0,1
rs,6144,2560,128,steady,27,c_fluxgemm_only,1,0.04134,0.04109,0.04134,0.01283,0,1
rs,6144,2560,128,steady,28,c_cublas,1,0.03053,0.03027,0.03053,0.01225,0,1
rs,6144,2560,128,steady,28,A_gemmrs,2,0.07034,0.07021,0.07034,0.03311,0,1
rs,6144,2560,128,steady,28,c_fluxgemm_only,0,0.04198,0.04179,0.04192,0.01273,0,1
rs,6144,2560,128,steady,29,c_cublas,2,0.03046,0.03040,0.03046,0.01179,0,1
rs,6144,2560,128,steady,29,A_gemmrs,0,0.06976,0.06944,0.06944,0.03273,0,1
rs,6144,2560,128,steady,29,c_fluxgemm_only,1,0.04128,0.04115,0.04128,0.01309,0,1
rs,6144,2560,128,steady,30,c_cublas,2,0.03059,0.03014,0.03059,0.01163,0,1
rs,6144,2560,128,steady,30,A_gemmrs,1,0.07283,0.07277,0.07283,0.03326,0,1
rs,6144,2560,128,steady,30,c_fluxgemm_only,0,0.04224,0.04160,0.04211,0.01299,0,1
rs,6144,2560,128,steady,31,c_cublas,0,0.03162,0.03104,0.03162,0.01129,0,1
rs,6144,2560,128,steady,31,A_gemmrs,1,0.06874,0.06874,0.06874,0.03380,0,1
rs,6144,2560,128,steady,31,c_fluxgemm_only,2,0.04134,0.04109,0.04115,0.01270,0,1
rs,6144,2560,128,steady,32,c_cublas,2,0.03040,0.03021,0.03040,0.01181,0,1
rs,6144,2560,128,steady,32,A_gemmrs,0,0.07450,0.07443,0.07450,0.03361,0,1
rs,6144,2560,128,steady,32,c_fluxgemm_only,1,0.04134,0.04115,0.04134,0.01271,0,1
rs,6144,2560,128,steady,33,c_cublas,0,0.03162,0.03104,0.03162,0.01135,0,1
rs,6144,2560,128,steady,33,A_gemmrs,2,0.06944,0.06931,0.06944,0.03306,0,1
rs,6144,2560,128,steady,33,c_fluxgemm_only,1,0.04115,0.04115,0.04115,0.01286,0,1
rs,6144,2560,128,steady,34,c_cublas,1,0.03040,0.03027,0.03034,0.01185,0,1
rs,6144,2560,128,steady,34,A_gemmrs,2,0.07469,0.07456,0.07469,0.03366,0,1
rs,6144,2560,128,steady,34,c_fluxgemm_only,0,0.04230,0.04198,0.04224,0.01280,0,1
rs,6144,2560,128,steady,35,c_cublas,0,0.03200,0.03174,0.03200,0.01175,0,1
rs,6144,2560,128,steady,35,A_gemmrs,2,0.06861,0.06854,0.06854,0.03288,0,1
rs,6144,2560,128,steady,35,c_fluxgemm_only,1,0.04141,0.04115,0.04141,0.01334,0,1
rs,6144,2560,128,steady,36,c_cublas,2,0.03053,0.03027,0.03040,0.01180,0,1
rs,6144,2560,128,steady,36,A_gemmrs,0,0.07533,0.07520,0.07520,0.03261,0,1
rs,6144,2560,128,steady,36,c_fluxgemm_only,1,0.04128,0.04122,0.04122,0.01327,0,1
rs,6144,2560,128,steady,37,c_cublas,2,0.03046,0.03027,0.03046,0.01177,0,1
rs,6144,2560,128,steady,37,A_gemmrs,1,0.06944,0.06944,0.06944,0.03284,0,1
rs,6144,2560,128,steady,37,c_fluxgemm_only,0,0.04211,0.04192,0.04211,0.01319,0,1
rs,6144,2560,128,steady,38,c_cublas,0,0.03155,0.03110,0.03155,0.01146,0,1
rs,6144,2560,128,steady,38,A_gemmrs,1,0.06957,0.06925,0.06957,0.03364,0,1
rs,6144,2560,128,steady,38,c_fluxgemm_only,2,0.04128,0.04109,0.04128,0.01276,0,1
rs,6144,2560,128,steady,39,c_cublas,1,0.03040,0.03021,0.03040,0.01185,0,1
rs,6144,2560,128,steady,39,A_gemmrs,0,0.07526,0.07514,0.07526,0.03501,0,1
rs,6144,2560,128,steady,39,c_fluxgemm_only,2,0.04147,0.04122,0.04128,0.01325,0,1
rs,6144,2560,128,steady,40,c_cublas,2,0.03040,0.03027,0.03034,0.01167,0,1
rs,6144,2560,128,steady,40,A_gemmrs,1,0.07610,0.07603,0.07610,0.03357,0,1
rs,6144,2560,128,steady,40,c_fluxgemm_only,0,0.04186,0.04102,0.04154,0.01256,0,1
rs,6144,2560,128,steady,41,c_cublas,0,0.03149,0.03110,0.03149,0.01129,0,1
rs,6144,2560,128,steady,41,A_gemmrs,1,0.07027,0.07014,0.07027,0.03439,0,1
rs,6144,2560,128,steady,41,c_fluxgemm_only,2,0.04141,0.04122,0.04122,0.01276,0,1
rs,6144,2560,128,steady,42,c_cublas,2,0.03027,0.03021,0.03027,0.01173,0,1
rs,6144,2560,128,steady,42,A_gemmrs,1,0.07085,0.07072,0.07085,0.03321,0,1
rs,6144,2560,128,steady,42,c_fluxgemm_only,0,0.04173,0.04128,0.04128,0.01295,0,1
rs,6144,2560,128,steady,43,c_cublas,0,0.03155,0.03130,0.03155,0.01134,0,1
rs,6144,2560,128,steady,43,A_gemmrs,1,0.07622,0.07603,0.07603,0.03382,0,1
rs,6144,2560,128,steady,43,c_fluxgemm_only,2,0.04128,0.04115,0.04128,0.01266,0,1
rs,6144,2560,128,steady,44,c_cublas,0,0.03206,0.03136,0.03206,0.01186,0,1
rs,6144,2560,128,steady,44,A_gemmrs,1,0.07040,0.07034,0.07040,0.03329,0,1
rs,6144,2560,128,steady,44,c_fluxgemm_only,2,0.04134,0.04115,0.04134,0.01323,0,1
rs,6144,2560,128,steady,45,c_cublas,2,0.03046,0.03027,0.03046,0.01186,0,1
rs,6144,2560,128,steady,45,A_gemmrs,0,0.07475,0.07469,0.07469,0.03461,0,1
rs,6144,2560,128,steady,45,c_fluxgemm_only,1,0.04147,0.04115,0.04128,0.01269,0,1
rs,6144,2560,128,steady,46,c_cublas,2,0.03046,0.03027,0.03040,0.01189,0,1
rs,6144,2560,128,steady,46,A_gemmrs,0,0.07059,0.07027,0.07059,0.03405,0,1
rs,6144,2560,128,steady,46,c_fluxgemm_only,1,0.04141,0.04109,0.04122,0.01351,0,1
rs,6144,2560,128,steady,47,c_cublas,1,0.03046,0.03021,0.03046,0.01163,0,1
rs,6144,2560,128,steady,47,A_gemmrs,0,0.07187,0.07181,0.07181,0.03450,0,1
rs,6144,2560,128,steady,47,c_fluxgemm_only,2,0.04147,0.04109,0.04128,0.01297,0,1
rs,6144,2560,128,steady,48,c_cublas,2,0.03040,0.03027,0.03040,0.01180,0,1
rs,6144,2560,128,steady,48,A_gemmrs,0,0.07590,0.07584,0.07590,0.03354,0,1
rs,6144,2560,128,steady,48,c_fluxgemm_only,1,0.04154,0.04115,0.04115,0.01285,0,1
rs,6144,2560,128,steady,49,c_cublas,1,0.03053,0.03021,0.03053,0.03239,0,1
rs,6144,2560,128,steady,49,A_gemmrs,0,0.07706,0.07680,0.07680,0.03361,0,1
rs,6144,2560,128,steady,49,c_fluxgemm_only,2,0.04147,0.04102,0.04102,0.01317,0,1
rs,6144,2560,512,gpu,0,c_cublas,2,0.07475,0.07373,0.07475,0.04109,0,1
rs,6144,2560,512,gpu,0,A_gemmrs,0,0.15667,0.15462,0.15667,0.07137,0,1
rs,6144,2560,512,gpu,0,c_fluxgemm_only,1,0.08909,0.08806,0.08806,0.01974,0,1
rs,6144,2560,512,gpu,1,c_cublas,2,0.07475,0.07270,0.07270,0.08179,0,1
rs,6144,2560,512,gpu,1,A_gemmrs,0,0.14746,0.14643,0.14746,0.06360,0,1
rs,6144,2560,512,gpu,1,c_fluxgemm_only,1,0.09011,0.08806,0.08806,0.01863,0,1
rs,6144,2560,512,gpu,2,c_cublas,1,0.07373,0.07270,0.07373,0.03437,0,1
rs,6144,2560,512,gpu,2,A_gemmrs,2,0.15770,0.15565,0.15770,0.06164,0,1
rs,6144,2560,512,gpu,2,c_fluxgemm_only,0,0.09011,0.08909,0.08909,0.02070,0,1
rs,6144,2560,512,gpu,3,c_cublas,2,0.07373,0.07373,0.07373,0.03393,0,1
rs,6144,2560,512,gpu,3,A_gemmrs,1,0.11981,0.11878,0.11981,0.05664,0,1
rs,6144,2560,512,gpu,3,c_fluxgemm_only,0,0.08909,0.08806,0.08909,0.01968,0,1
rs,6144,2560,512,gpu,4,c_cublas,2,0.07373,0.07270,0.07373,0.03310,0,1
rs,6144,2560,512,gpu,4,A_gemmrs,1,0.16794,0.16794,0.16794,0.07355,0,1
rs,6144,2560,512,gpu,4,c_fluxgemm_only,0,0.09011,0.08806,0.08806,0.02068,0,1
rs,6144,2560,512,gpu,5,c_cublas,2,0.07373,0.07373,0.07373,0.03327,0,1
rs,6144,2560,512,gpu,5,A_gemmrs,1,0.11878,0.11674,0.11878,0.05898,0,1
rs,6144,2560,512,gpu,5,c_fluxgemm_only,0,0.09011,0.08909,0.08909,0.02074,0,1
rs,6144,2560,512,gpu,6,c_cublas,0,0.07475,0.07373,0.07373,0.03151,0,1
rs,6144,2560,512,gpu,6,A_gemmrs,1,0.11878,0.11776,0.11878,0.06149,0,1
rs,6144,2560,512,gpu,6,c_fluxgemm_only,2,0.09011,0.08909,0.08909,0.01873,0,1
rs,6144,2560,512,gpu,7,c_cublas,2,0.07373,0.07270,0.07270,0.03358,0,1
rs,6144,2560,512,gpu,7,A_gemmrs,1,0.12083,0.11878,0.12083,0.06519,0,1
rs,6144,2560,512,gpu,7,c_fluxgemm_only,0,0.08909,0.08806,0.08806,0.01772,0,1
rs,6144,2560,512,gpu,8,c_cublas,1,0.07373,0.07373,0.07373,0.03420,0,1
rs,6144,2560,512,gpu,8,A_gemmrs,2,0.15155,0.14950,0.15155,0.06117,0,1
rs,6144,2560,512,gpu,8,c_fluxgemm_only,0,0.08909,0.08806,0.08909,0.02050,0,1
rs,6144,2560,512,gpu,9,c_cublas,2,0.07373,0.07373,0.07373,0.04156,0,1
rs,6144,2560,512,gpu,9,A_gemmrs,1,0.11981,0.11776,0.11878,0.05678,0,1
rs,6144,2560,512,gpu,9,c_fluxgemm_only,0,0.08909,0.08909,0.08909,0.01959,0,1
rs,6144,2560,512,gpu,10,c_cublas,1,0.07373,0.07270,0.07373,0.03274,0,1
rs,6144,2560,512,gpu,10,A_gemmrs,0,0.13312,0.13005,0.13210,0.06192,0,1
rs,6144,2560,512,gpu,10,c_fluxgemm_only,2,0.09011,0.08909,0.08909,0.02004,0,1
rs,6144,2560,512,gpu,11,c_cublas,1,0.07578,0.07475,0.07475,0.03281,0,1
rs,6144,2560,512,gpu,11,A_gemmrs,0,0.16998,0.16896,0.16998,0.06014,0,1
rs,6144,2560,512,gpu,11,c_fluxgemm_only,2,0.08909,0.08806,0.08909,0.02017,0,1
rs,6144,2560,512,gpu,12,c_cublas,1,0.07373,0.07373,0.07373,0.03503,0,1
rs,6144,2560,512,gpu,12,A_gemmrs,2,0.16896,0.16691,0.16896,0.06059,0,1
rs,6144,2560,512,gpu,12,c_fluxgemm_only,0,0.08909,0.08806,0.08909,0.01802,0,1
rs,6144,2560,512,gpu,13,c_cublas,1,0.07578,0.07373,0.07578,0.03485,0,1
rs,6144,2560,512,gpu,13,A_gemmrs,2,0.13517,0.13414,0.13517,0.06007,0,1
rs,6144,2560,512,gpu,13,c_fluxgemm_only,0,0.08909,0.08704,0.08806,0.01976,0,1
rs,6144,2560,512,gpu,14,c_cublas,2,0.07578,0.07475,0.07578,0.03436,0,1
rs,6144,2560,512,gpu,14,A_gemmrs,0,0.13210,0.12800,0.13210,0.06638,0,1
rs,6144,2560,512,gpu,14,c_fluxgemm_only,1,0.08909,0.08806,0.08909,0.01854,0,1
rs,6144,2560,512,gpu,15,c_cublas,2,0.07373,0.07373,0.07373,0.03411,0,1
rs,6144,2560,512,gpu,15,A_gemmrs,0,0.11981,0.11776,0.11981,0.06107,0,1
rs,6144,2560,512,gpu,15,c_fluxgemm_only,1,0.09114,0.09011,0.09114,0.01800,0,1
rs,6144,2560,512,gpu,16,c_cublas,2,0.07475,0.07270,0.07270,0.03446,0,1
rs,6144,2560,512,gpu,16,A_gemmrs,0,0.16896,0.16589,0.16896,0.06371,0,1
rs,6144,2560,512,gpu,16,c_fluxgemm_only,1,0.08909,0.08806,0.08909,0.01821,0,1
rs,6144,2560,512,gpu,17,c_cublas,1,0.07373,0.07270,0.07373,0.03260,0,1
rs,6144,2560,512,gpu,17,A_gemmrs,0,0.13005,0.12902,0.12902,0.06076,0,1
rs,6144,2560,512,gpu,17,c_fluxgemm_only,2,0.08909,0.08806,0.08806,0.02011,0,1
rs,6144,2560,512,gpu,18,c_cublas,2,0.07578,0.07475,0.07578,0.03440,0,1
rs,6144,2560,512,gpu,18,A_gemmrs,0,0.13107,0.13005,0.13107,0.06223,0,1
rs,6144,2560,512,gpu,18,c_fluxgemm_only,1,0.08909,0.08806,0.08806,0.01798,0,1
rs,6144,2560,512,gpu,19,c_cublas,1,0.07373,0.07373,0.07373,0.03401,0,1
rs,6144,2560,512,gpu,19,A_gemmrs,2,0.17101,0.16896,0.17101,0.06058,0,1
rs,6144,2560,512,gpu,19,c_fluxgemm_only,0,0.08909,0.08806,0.08806,0.02032,0,1
rs,6144,2560,512,gpu,20,c_cublas,1,0.07373,0.07373,0.07373,0.03295,0,1
rs,6144,2560,512,gpu,20,A_gemmrs,0,0.18330,0.18227,0.18330,0.05751,0,1
rs,6144,2560,512,gpu,20,c_fluxgemm_only,2,0.09011,0.08806,0.08806,0.02034,0,1
rs,6144,2560,512,gpu,21,c_cublas,0,0.10445,0.07270,0.07270,0.03755,0,1
rs,6144,2560,512,gpu,21,A_gemmrs,1,0.13312,0.13107,0.13312,0.07793,0,1
rs,6144,2560,512,gpu,21,c_fluxgemm_only,2,0.08909,0.08806,0.08909,0.01905,0,1
rs,6144,2560,512,gpu,22,c_cublas,0,0.07578,0.07373,0.07578,0.03530,0,1
rs,6144,2560,512,gpu,22,A_gemmrs,1,0.13722,0.13619,0.13722,0.06284,0,1
rs,6144,2560,512,gpu,22,c_fluxgemm_only,2,0.09216,0.08909,0.08909,0.01894,0,1
rs,6144,2560,512,gpu,23,c_cublas,2,0.07373,0.07373,0.07373,0.03344,0,1
rs,6144,2560,512,gpu,23,A_gemmrs,1,0.15155,0.15053,0.15155,0.05833,0,1
rs,6144,2560,512,gpu,23,c_fluxgemm_only,0,0.08909,0.08806,0.08806,0.01729,0,1
rs,6144,2560,512,gpu,24,c_cublas,1,0.07373,0.07373,0.07373,0.03404,0,1
rs,6144,2560,512,gpu,24,A_gemmrs,2,0.13210,0.13005,0.13107,0.06114,0,1
rs,6144,2560,512,gpu,24,c_fluxgemm_only,0,0.08909,0.08806,0.08909,0.02050,0,1
rs,6144,2560,512,gpu,25,c_cublas,1,0.07578,0.07475,0.07475,0.03425,0,1
rs,6144,2560,512,gpu,25,A_gemmrs,2,0.13312,0.13107,0.13210,0.06059,0,1
rs,6144,2560,512,gpu,25,c_fluxgemm_only,0,0.08806,0.08806,0.08806,0.01931,0,1
rs,6144,2560,512,gpu,26,c_cublas,2,0.07475,0.07475,0.07475,0.03473,0,1
rs,6144,2560,512,gpu,26,A_gemmrs,0,0.11981,0.11878,0.11878,0.05595,0,1
rs,6144,2560,512,gpu,26,c_fluxgemm_only,1,0.08909,0.08806,0.08806,0.01824,0,1
rs,6144,2560,512,gpu,27,c_cublas,1,0.07373,0.07270,0.07373,0.03338,0,1
rs,6144,2560,512,gpu,27,A_gemmrs,2,0.17715,0.17510,0.17715,0.05981,0,1
rs,6144,2560,512,gpu,27,c_fluxgemm_only,0,0.09011,0.08806,0.09011,0.02037,0,1
rs,6144,2560,512,gpu,28,c_cublas,1,0.07373,0.07270,0.07373,0.03341,0,1
rs,6144,2560,512,gpu,28,A_gemmrs,0,0.13210,0.13107,0.13210,0.05841,0,1
rs,6144,2560,512,gpu,28,c_fluxgemm_only,2,0.08909,0.08806,0.08806,0.02852,0,1
rs,6144,2560,512,gpu,29,c_cublas,0,0.07373,0.07270,0.07373,0.03439,0,1
rs,6144,2560,512,gpu,29,A_gemmrs,2,0.13210,0.13107,0.13210,0.05897,0,1
rs,6144,2560,512,gpu,29,c_fluxgemm_only,1,0.09114,0.08909,0.09011,0.02006,0,1
rs,6144,2560,512,gpu,30,c_cublas,2,0.07578,0.07475,0.07578,0.03580,0,1
rs,6144,2560,512,gpu,30,A_gemmrs,0,0.13107,0.13005,0.13107,0.05681,0,1
rs,6144,2560,512,gpu,30,c_fluxgemm_only,1,0.08909,0.08806,0.08806,0.01786,0,1
rs,6144,2560,512,gpu,31,c_cublas,0,0.07373,0.07270,0.07270,0.03160,0,1
rs,6144,2560,512,gpu,31,A_gemmrs,2,0.14234,0.14131,0.14234,0.05839,0,1
rs,6144,2560,512,gpu,31,c_fluxgemm_only,1,0.08909,0.08806,0.08806,0.02044,0,1
rs,6144,2560,512,gpu,32,c_cublas,0,0.07373,0.07373,0.07373,0.03372,0,1
rs,6144,2560,512,gpu,32,A_gemmrs,1,0.13312,0.13107,0.13312,0.06010,0,1
rs,6144,2560,512,gpu,32,c_fluxgemm_only,2,0.08909,0.08909,0.08909,0.01884,0,1
rs,6144,2560,512,gpu,33,c_cublas,2,0.07373,0.07270,0.07373,0.03504,0,1
rs,6144,2560,512,gpu,33,A_gemmrs,0,0.13107,0.13005,0.13107,0.05784,0,1
rs,6144,2560,512,gpu,33,c_fluxgemm_only,1,0.08909,0.08806,0.08909,0.01826,0,1
rs,6144,2560,512,gpu,34,c_cublas,1,0.07373,0.07270,0.07270,0.03476,0,1
rs,6144,2560,512,gpu,34,A_gemmrs,2,0.15974,0.15872,0.15974,0.06086,0,1
rs,6144,2560,512,gpu,34,c_fluxgemm_only,0,0.09011,0.08909,0.08909,0.02015,0,1
rs,6144,2560,512,gpu,35,c_cublas,1,0.07475,0.07475,0.07475,0.03619,0,1
rs,6144,2560,512,gpu,35,A_gemmrs,0,0.19046,0.18944,0.19046,0.05968,0,1
rs,6144,2560,512,gpu,35,c_fluxgemm_only,2,0.08909,0.08806,0.08806,0.02025,0,1
rs,6144,2560,512,gpu,36,c_cublas,0,0.07373,0.07270,0.07270,0.03414,0,1
rs,6144,2560,512,gpu,36,A_gemmrs,1,0.14336,0.14131,0.14336,0.06164,0,1
rs,6144,2560,512,gpu,36,c_fluxgemm_only,2,0.09011,0.08806,0.08806,0.01833,0,1
rs,6144,2560,512,gpu,37,c_cublas,1,0.07475,0.07270,0.07270,0.03389,0,1
rs,6144,2560,512,gpu,37,A_gemmrs,0,0.13414,0.13210,0.13414,0.05884,0,1
rs,6144,2560,512,gpu,37,c_fluxgemm_only,2,0.08909,0.08806,0.08806,0.01994,0,1
rs,6144,2560,512,gpu,38,c_cublas,0,0.07578,0.07475,0.07475,0.03427,1410,1
rs,6144,2560,512,gpu,38,A_gemmrs,2,0.13210,0.13210,0.13210,0.05869,1410,1
rs,6144,2560,512,gpu,38,c_fluxgemm_only,1,0.08909,0.08806,0.08909,0.01985,1410,1
rs,6144,2560,512,gpu,39,c_cublas,1,0.07475,0.07475,0.07475,0.03319,1410,1
rs,6144,2560,512,gpu,39,A_gemmrs,0,0.15155,0.15053,0.15155,0.05883,1410,1
rs,6144,2560,512,gpu,39,c_fluxgemm_only,2,0.08909,0.08806,0.08909,0.02003,1410,1
rs,6144,2560,512,gpu,40,c_cublas,1,0.07373,0.07270,0.07373,0.03570,1410,1
rs,6144,2560,512,gpu,40,A_gemmrs,2,0.13210,0.13107,0.13210,0.05987,1410,1
rs,6144,2560,512,gpu,40,c_fluxgemm_only,0,0.08806,0.08704,0.08806,0.01821,1410,1
rs,6144,2560,512,gpu,41,c_cublas,0,0.07475,0.07373,0.07373,0.03413,1410,1
rs,6144,2560,512,gpu,41,A_gemmrs,2,0.12083,0.11776,0.12083,0.05867,1410,1
rs,6144,2560,512,gpu,41,c_fluxgemm_only,1,0.09011,0.08909,0.09011,0.02048,1410,1
rs,6144,2560,512,gpu,42,c_cublas,0,0.25293,0.07373,0.07475,0.18833,1410,1
rs,6144,2560,512,gpu,42,A_gemmrs,2,0.18739,0.18534,0.18739,0.07835,1410,1
rs,6144,2560,512,gpu,42,c_fluxgemm_only,1,0.11571,0.08909,0.08909,0.03453,1410,1
rs,6144,2560,512,gpu,43,c_cublas,1,0.07475,0.07270,0.07373,0.04646,1410,1
rs,6144,2560,512,gpu,43,A_gemmrs,2,0.14234,0.14029,0.14131,0.06370,1410,1
rs,6144,2560,512,gpu,43,c_fluxgemm_only,0,0.08909,0.08806,0.08909,0.02143,1410,1
rs,6144,2560,512,gpu,44,c_cublas,2,0.07373,0.07373,0.07373,0.03351,1410,1
rs,6144,2560,512,gpu,44,A_gemmrs,1,0.13312,0.13107,0.13312,0.06927,1410,1
rs,6144,2560,512,gpu,44,c_fluxgemm_only,0,0.08909,0.08806,0.08806,0.01996,1410,1
rs,6144,2560,512,gpu,45,c_cublas,2,0.07373,0.07373,0.07373,0.03475,1410,1
rs,6144,2560,512,gpu,45,A_gemmrs,0,0.11878,0.11776,0.11878,0.06040,1410,1
rs,6144,2560,512,gpu,45,c_fluxgemm_only,1,0.08909,0.08806,0.08909,0.01897,1410,1
rs,6144,2560,512,gpu,46,c_cublas,2,0.07578,0.07475,0.07475,0.03445,1410,1
rs,6144,2560,512,gpu,46,A_gemmrs,0,0.15565,0.15258,0.15462,0.06182,1410,1
rs,6144,2560,512,gpu,46,c_fluxgemm_only,1,0.08909,0.08806,0.08909,0.01828,1410,1
rs,6144,2560,512,gpu,47,c_cublas,2,0.07373,0.07270,0.07373,0.03570,1410,1
rs,6144,2560,512,gpu,47,A_gemmrs,1,0.11981,0.11878,0.11981,0.06126,1410,1
rs,6144,2560,512,gpu,47,c_fluxgemm_only,0,0.08909,0.08806,0.08806,0.01958,1410,1
rs,6144,2560,512,gpu,48,c_cublas,2,0.07373,0.07373,0.07373,0.03475,1410,1
rs,6144,2560,512,gpu,48,A_gemmrs,0,0.13414,0.13312,0.13414,0.06350,1410,1
rs,6144,2560,512,gpu,48,c_fluxgemm_only,1,0.08909,0.08806,0.08909,0.01830,1410,1
rs,6144,2560,512,gpu,49,c_cublas,2,0.07373,0.07373,0.07373,0.03463,1410,1
rs,6144,2560,512,gpu,49,A_gemmrs,0,0.13210,0.13210,0.13210,0.06161,1410,1
rs,6144,2560,512,gpu,49,c_fluxgemm_only,1,0.09011,0.08806,0.08806,0.01815,1410,1
rs,6144,2560,512,gpu,50,c_cublas,1,0.07373,0.07270,0.07373,0.03383,1410,1
rs,6144,2560,512,gpu,50,A_gemmrs,2,0.17101,0.16998,0.17101,0.06106,1410,1
rs,6144,2560,512,gpu,50,c_fluxgemm_only,0,0.09011,0.08909,0.08909,0.02007,1410,1
rs,6144,2560,512,gpu,51,c_cublas,2,0.07373,0.07373,0.07373,0.03525,1410,1
rs,6144,2560,512,gpu,51,A_gemmrs,0,0.15872,0.15667,0.15872,0.05764,1410,1
rs,6144,2560,512,gpu,51,c_fluxgemm_only,1,0.09011,0.08909,0.08909,0.01803,1410,1
rs,6144,2560,512,gpu,52,c_cublas,0,0.07373,0.07373,0.07373,0.03235,1410,1
rs,6144,2560,512,gpu,52,A_gemmrs,1,0.13210,0.13107,0.13210,0.06205,1410,1
rs,6144,2560,512,gpu,52,c_fluxgemm_only,2,0.08909,0.08806,0.08806,0.01873,1410,1
rs,6144,2560,512,gpu,53,c_cublas,2,0.07475,0.07373,0.07373,0.03322,1410,1
rs,6144,2560,512,gpu,53,A_gemmrs,1,0.14234,0.14131,0.14234,0.06065,1410,1
rs,6144,2560,512,gpu,53,c_fluxgemm_only,0,0.08806,0.08806,0.08806,0.01796,1410,1
rs,6144,2560,512,gpu,54,c_cublas,0,0.07475,0.07373,0.07475,0.03175,1410,1
rs,6144,2560,512,gpu,54,A_gemmrs,2,0.12083,0.11878,0.12083,0.05939,1410,1
rs,6144,2560,512,gpu,54,c_fluxgemm_only,1,0.08909,0.08806,0.08806,0.02065,1410,1
rs,6144,2560,512,gpu,55,c_cublas,1,0.07373,0.07373,0.07373,0.03460,1410,1
rs,6144,2560,512,gpu,55,A_gemmrs,2,0.13619,0.13517,0.13619,0.05974,1410,1
rs,6144,2560,512,gpu,55,c_fluxgemm_only,0,0.09011,0.08806,0.08806,0.01943,1410,1
rs,6144,2560,512,gpu,56,c_cublas,2,0.07373,0.07373,0.07373,0.03546,1410,1
rs,6144,2560,512,gpu,56,A_gemmrs,0,0.13312,0.13210,0.13312,0.05820,1410,1
rs,6144,2560,512,gpu,56,c_fluxgemm_only,1,0.08909,0.08806,0.08806,0.01881,1410,1
rs,6144,2560,512,gpu,57,c_cublas,1,0.07373,0.07270,0.07373,0.03295,1410,1
rs,6144,2560,512,gpu,57,A_gemmrs,0,0.13926,0.13824,0.13824,0.06147,1410,1
rs,6144,2560,512,gpu,57,c_fluxgemm_only,2,0.08806,0.08806,0.08806,0.02010,1410,1
rs,6144,2560,512,gpu,58,c_cublas,2,0.07578,0.07475,0.07475,0.04266,1410,1
rs,6144,2560,512,gpu,58,A_gemmrs,0,0.16998,0.16691,0.16896,0.06007,1410,1
rs,6144,2560,512,gpu,58,c_fluxgemm_only,1,0.09011,0.08806,0.08806,0.01805,1410,1
rs,6144,2560,512,gpu,59,c_cublas,1,0.07578,0.07475,0.07475,0.03312,1410,1
rs,6144,2560,512,gpu,59,A_gemmrs,0,0.14746,0.14643,0.14746,0.06261,1410,1
rs,6144,2560,512,gpu,59,c_fluxgemm_only,2,0.08909,0.08806,0.08806,0.02017,1410,1
rs,6144,2560,512,gpu,60,c_cublas,0,0.10240,0.07270,0.07270,0.03526,1410,1
rs,6144,2560,512,gpu,60,A_gemmrs,1,0.14336,0.14131,0.14336,0.09539,1410,1
rs,6144,2560,512,gpu,60,c_fluxgemm_only,2,0.08909,0.08806,0.08806,0.01870,1410,1
rs,6144,2560,512,gpu,61,c_cublas,1,0.07475,0.07373,0.07373,0.03325,1410,1
rs,6144,2560,512,gpu,61,A_gemmrs,0,0.14336,0.14234,0.14234,0.05950,1410,1
rs,6144,2560,512,gpu,61,c_fluxgemm_only,2,0.08909,0.08806,0.08909,0.01999,1410,1
rs,6144,2560,512,gpu,62,c_cublas,1,0.07373,0.07270,0.07373,0.03530,1410,1
rs,6144,2560,512,gpu,62,A_gemmrs,2,0.13312,0.13107,0.13312,0.06062,1410,1
rs,6144,2560,512,gpu,62,c_fluxgemm_only,0,0.09011,0.08806,0.08909,0.01748,1410,1
rs,6144,2560,512,gpu,63,c_cublas,0,0.07373,0.07373,0.07373,0.03409,1410,1
rs,6144,2560,512,gpu,63,A_gemmrs,1,0.13414,0.13210,0.13414,0.06455,1410,1
rs,6144,2560,512,gpu,63,c_fluxgemm_only,2,0.08909,0.08806,0.08806,0.01831,1410,1
rs,6144,2560,512,gpu,64,c_cublas,1,0.07373,0.07270,0.07270,0.03538,1410,1
rs,6144,2560,512,gpu,64,A_gemmrs,2,0.11981,0.11776,0.11878,0.06024,1410,1
rs,6144,2560,512,gpu,64,c_fluxgemm_only,0,0.08909,0.08806,0.08806,0.01743,1410,1
rs,6144,2560,512,gpu,65,c_cublas,2,0.07373,0.07373,0.07373,0.04163,1410,1
rs,6144,2560,512,gpu,65,A_gemmrs,0,0.16896,0.16794,0.16896,0.05665,1410,1
rs,6144,2560,512,gpu,65,c_fluxgemm_only,1,0.08909,0.08909,0.08909,0.01907,1410,1
rs,6144,2560,512,gpu,66,c_cublas,1,0.07373,0.07373,0.07373,0.03241,1410,1
rs,6144,2560,512,gpu,66,A_gemmrs,0,0.15360,0.15155,0.15258,0.06480,1410,1
rs,6144,2560,512,gpu,66,c_fluxgemm_only,2,0.09114,0.08909,0.09011,0.01994,1410,1
rs,6144,2560,512,gpu,67,c_cublas,2,0.07373,0.07270,0.07373,0.03492,1410,1
rs,6144,2560,512,gpu,67,A_gemmrs,0,0.13210,0.13107,0.13210,0.06013,1410,1
rs,6144,2560,512,gpu,67,c_fluxgemm_only,1,0.09114,0.08909,0.09011,0.01812,1410,1
rs,6144,2560,512,gpu,68,c_cublas,0,0.07373,0.07270,0.07270,0.03183,1410,1
rs,6144,2560,512,gpu,68,A_gemmrs,2,0.15360,0.15258,0.15360,0.05885,1410,1
rs,6144,2560,512,gpu,68,c_fluxgemm_only,1,0.08909,0.08806,0.08806,0.02040,1410,1
rs,6144,2560,512,gpu,69,c_cublas,0,0.07373,0.07270,0.07373,0.03515,1410,1
rs,6144,2560,512,gpu,69,A_gemmrs,1,0.13107,0.13107,0.13107,0.06108,1410,1
rs,6144,2560,512,gpu,69,c_fluxgemm_only,2,0.08909,0.08806,0.08806,0.01984,1410,1
rs,6144,2560,512,gpu,70,c_cublas,1,0.07475,0.07270,0.07475,0.03367,1410,1
rs,6144,2560,512,gpu,70,A_gemmrs,0,0.13414,0.13210,0.13414,0.06985,1410,1
rs,6144,2560,512,gpu,70,c_fluxgemm_only,2,0.09011,0.08909,0.08909,0.02010,1410,1
rs,6144,2560,512,gpu,71,c_cublas,2,0.07373,0.07373,0.07373,0.03322,1410,1
rs,6144,2560,512,gpu,71,A_gemmrs,1,0.13312,0.13210,0.13312,0.05884,1410,1
rs,6144,2560,512,gpu,71,c_fluxgemm_only,0,0.08909,0.08806,0.08806,0.01782,1410,1
rs,6144,2560,512,gpu,72,c_cublas,0,0.10240,0.07270,0.10240,0.03494,1410,1
rs,6144,2560,512,gpu,72,A_gemmrs,1,0.17613,0.17510,0.17613,0.08781,1410,1
rs,6144,2560,512,gpu,72,c_fluxgemm_only,2,0.08909,0.08806,0.08806,0.01886,1410,1
rs,6144,2560,512,gpu,73,c_cublas,0,0.07373,0.07373,0.07373,0.03475,1410,1
rs,6144,2560,512,gpu,73,A_gemmrs,2,0.14234,0.14234,0.14234,0.05831,1410,1
rs,6144,2560,512,gpu,73,c_fluxgemm_only,1,0.09011,0.08909,0.08909,0.02010,1410,1
rs,6144,2560,512,gpu,74,c_cublas,0,0.07475,0.07475,0.07475,0.03378,1410,1
rs,6144,2560,512,gpu,74,A_gemmrs,2,0.14029,0.13926,0.13926,0.05792,1410,1
rs,6144,2560,512,gpu,74,c_fluxgemm_only,1,0.08909,0.08806,0.08806,0.02046,1410,1
rs,6144,2560,512,gpu,75,c_cublas,1,0.07578,0.07475,0.07578,0.03306,1410,1
rs,6144,2560,512,gpu,75,A_gemmrs,0,0.11878,0.11776,0.11878,0.05933,1410,1
rs,6144,2560,512,gpu,75,c_fluxgemm_only,2,0.08909,0.08806,0.08806,0.02015,1410,1
rs,6144,2560,512,gpu,76,c_cublas,0,0.07373,0.07373,0.07373,0.03438,1410,1
rs,6144,2560,512,gpu,76,A_gemmrs,1,0.15565,0.15462,0.15565,0.06123,1410,1
rs,6144,2560,512,gpu,76,c_fluxgemm_only,2,0.09011,0.08806,0.09011,0.01922,1410,1
rs,6144,2560,512,gpu,77,c_cublas,1,0.07578,0.07475,0.07475,0.03524,1410,1
rs,6144,2560,512,gpu,77,A_gemmrs,2,0.13005,0.13005,0.13005,0.06011,1410,1
rs,6144,2560,512,gpu,77,c_fluxgemm_only,0,0.08909,0.08806,0.08806,0.01745,1410,1
rs,6144,2560,512,gpu,78,c_cublas,1,0.07373,0.07373,0.07373,0.03266,1410,1
rs,6144,2560,512,gpu,78,A_gemmrs,0,0.14336,0.14029,0.14336,0.05794,1410,1
rs,6144,2560,512,gpu,78,c_fluxgemm_only,2,0.09114,0.08909,0.08909,0.02694,1410,1
rs,6144,2560,512,gpu,79,c_cublas,2,0.07373,0.07373,0.07373,0.03326,1410,1
rs,6144,2560,512,gpu,79,A_gemmrs,1,0.12083,0.11878,0.12083,0.05994,1410,1
rs,6144,2560,512,gpu,79,c_fluxgemm_only,0,0.08909,0.08806,0.08806,0.01764,1410,1
rs,6144,2560,512,gpu,80,c_cublas,0,0.07373,0.07373,0.07373,0.03215,1410,1
rs,6144,2560,512,gpu,80,A_gemmrs,1,0.16794,0.16691,0.16794,0.06186,1410,1
rs,6144,2560,512,gpu,80,c_fluxgemm_only,2,0.08909,0.08806,0.08909,0.01841,1410,1
rs,6144,2560,512,gpu,81,c_cublas,0,0.07475,0.07373,0.07475,0.03545,1410,1
rs,6144,2560,512,gpu,81,A_gemmrs,2,0.14336,0.14234,0.14336,0.05846,1410,1
rs,6144,2560,512,gpu,81,c_fluxgemm_only,1,0.09011,0.08909,0.09011,0.02017,1410,1
rs,6144,2560,512,gpu,82,c_cublas,0,0.07578,0.07475,0.07475,0.03388,1410,1
rs,6144,2560,512,gpu,82,A_gemmrs,2,0.14336,0.14131,0.14131,0.05810,1410,1
rs,6144,2560,512,gpu,82,c_fluxgemm_only,1,0.09011,0.08806,0.08909,0.02027,1410,1
rs,6144,2560,512,gpu,83,c_cublas,0,0.07373,0.07270,0.07373,0.05981,1410,1
rs,6144,2560,512,gpu,83,A_gemmrs,2,0.13210,0.13107,0.13210,0.05908,1410,1
rs,6144,2560,512,gpu,83,c_fluxgemm_only,1,0.09011,0.08806,0.08806,0.02075,1410,1
rs,6144,2560,512,gpu,84,c_cublas,1,0.07373,0.07373,0.07373,0.03520,1410,1
rs,6144,2560,512,gpu,84,A_gemmrs,2,0.14234,0.14131,0.14234,0.06085,1410,1
rs,6144,2560,512,gpu,84,c_fluxgemm_only,0,0.09011,0.08806,0.08806,0.01900,1410,1
rs,6144,2560,512,gpu,85,c_cublas,2,0.07373,0.07270,0.07373,0.03486,1410,1
rs,6144,2560,512,gpu,85,A_gemmrs,0,0.11981,0.11776,0.11981,0.05691,1410,1
rs,6144,2560,512,gpu,85,c_fluxgemm_only,1,0.08909,0.08806,0.08806,0.01832,1410,1
rs,6144,2560,512,gpu,86,c_cublas,2,0.07578,0.07475,0.07475,0.03320,1410,1
rs,6144,2560,512,gpu,86,A_gemmrs,1,0.13312,0.13107,0.13312,0.06038,1410,1
rs,6144,2560,512,gpu,86,c_fluxgemm_only,0,0.08909,0.08909,0.08909,0.02024,1410,1
rs,6144,2560,512,gpu,87,c_cublas,2,0.07475,0.07270,0.07373,0.03348,1410,1
rs,6144,2560,512,gpu,87,A_gemmrs,1,0.14131,0.13926,0.14131,0.05836,1410,1
rs,6144,2560,512,gpu,87,c_fluxgemm_only,0,0.08909,0.08806,0.08909,0.02074,1410,1
rs,6144,2560,512,gpu,88,c_cublas,1,0.07475,0.07373,0.07475,0.03298,1410,1
rs,6144,2560,512,gpu,88,A_gemmrs,0,0.17101,0.16998,0.17101,0.06421,1410,1
rs,6144,2560,512,gpu,88,c_fluxgemm_only,2,0.09011,0.08909,0.08909,0.02068,1410,1
rs,6144,2560,512,gpu,89,c_cublas,0,0.10547,0.07270,0.07373,0.03863,1410,1
rs,6144,2560,512,gpu,89,A_gemmrs,1,0.14234,0.14029,0.14234,0.07696,1410,1
rs,6144,2560,512,gpu,89,c_fluxgemm_only,2,0.09011,0.08806,0.08806,0.01857,1410,1
rs,6144,2560,512,gpu,90,c_cublas,0,0.07578,0.07475,0.07578,0.03587,1410,1
rs,6144,2560,512,gpu,90,A_gemmrs,1,0.14234,0.14029,0.14131,0.06355,1410,1
rs,6144,2560,512,gpu,90,c_fluxgemm_only,2,0.09011,0.08909,0.09011,0.01902,1410,1
rs,6144,2560,512,gpu,91,c_cublas,0,0.07373,0.07373,0.07373,0.03517,1410,1
rs,6144,2560,512,gpu,91,A_gemmrs,2,0.15872,0.15667,0.15872,0.05889,1410,1
rs,6144,2560,512,gpu,91,c_fluxgemm_only,1,0.08909,0.08806,0.08909,0.01960,1410,1
rs,6144,2560,512,gpu,92,c_cublas,0,0.07373,0.07373,0.07373,0.03413,1410,1
rs,6144,2560,512,gpu,92,A_gemmrs,2,0.14131,0.14029,0.14029,0.05879,1410,1
rs,6144,2560,512,gpu,92,c_fluxgemm_only,1,0.09011,0.08806,0.09011,0.02007,1410,1
rs,6144,2560,512,gpu,93,c_cublas,1,0.07475,0.07475,0.07475,0.03504,1410,1
rs,6144,2560,512,gpu,93,A_gemmrs,2,0.13210,0.13107,0.13210,0.06027,1410,1
rs,6144,2560,512,gpu,93,c_fluxgemm_only,0,0.08909,0.08806,0.08909,0.01917,1410,1
rs,6144,2560,512,gpu,94,c_cublas,2,0.07578,0.07373,0.07373,0.03425,1410,1
rs,6144,2560,512,gpu,94,A_gemmrs,0,0.13107,0.13107,0.13107,0.05791,1410,1
rs,6144,2560,512,gpu,94,c_fluxgemm_only,1,0.08909,0.08806,0.08909,0.01845,1410,1
rs,6144,2560,512,gpu,95,c_cublas,1,0.07373,0.07270,0.07270,0.03436,1410,1
rs,6144,2560,512,gpu,95,A_gemmrs,2,0.16794,0.16589,0.16794,0.06094,1410,1
rs,6144,2560,512,gpu,95,c_fluxgemm_only,0,0.08909,0.08806,0.08909,0.02519,1410,1
rs,6144,2560,512,gpu,96,c_cublas,2,0.07373,0.07270,0.07270,0.03535,1410,1
rs,6144,2560,512,gpu,96,A_gemmrs,0,0.14234,0.14131,0.14131,0.05657,1410,1
rs,6144,2560,512,gpu,96,c_fluxgemm_only,1,0.08909,0.08806,0.08806,0.01830,1410,1
rs,6144,2560,512,gpu,97,c_cublas,2,0.07475,0.07270,0.07270,0.03480,1410,1
rs,6144,2560,512,gpu,97,A_gemmrs,0,0.14131,0.13926,0.14131,0.06181,1410,1
rs,6144,2560,512,gpu,97,c_fluxgemm_only,1,0.08909,0.08909,0.08909,0.01866,1410,1
rs,6144,2560,512,gpu,98,c_cublas,2,0.07475,0.07373,0.07475,0.03476,1410,1
rs,6144,2560,512,gpu,98,A_gemmrs,0,0.13210,0.13107,0.13210,0.06110,1410,1
rs,6144,2560,512,gpu,98,c_fluxgemm_only,1,0.08909,0.08806,0.08806,0.01832,1410,1
rs,6144,2560,512,gpu,99,c_cublas,0,0.07373,0.07270,0.07270,0.03078,1410,1
rs,6144,2560,512,gpu,99,A_gemmrs,2,0.15770,0.15667,0.15770,0.06823,1410,1
rs,6144,2560,512,gpu,99,c_fluxgemm_only,1,0.08909,0.08806,0.08909,0.02010,1410,1
rs,6144,2560,512,gpu,100,c_cublas,1,0.07373,0.07373,0.07373,0.03303,1410,1
rs,6144,2560,512,gpu,100,A_gemmrs,0,0.14336,0.14029,0.14234,0.05768,1410,1
rs,6144,2560,512,gpu,100,c_fluxgemm_only,2,0.08909,0.08806,0.08909,0.02022,1410,1
rs,6144,2560,512,gpu,101,c_cublas,1,0.07475,0.07373,0.07475,0.03476,1410,1
rs,6144,2560,512,gpu,101,A_gemmrs,2,0.13210,0.13107,0.13210,0.06122,1410,1
rs,6144,2560,512,gpu,101,c_fluxgemm_only,0,0.08909,0.08806,0.08806,0.01760,1410,1
rs,6144,2560,512,gpu,102,c_cublas,2,0.07475,0.07475,0.07475,0.03355,1410,1
rs,6144,2560,512,gpu,102,A_gemmrs,1,0.13210,0.13107,0.13210,0.05663,1410,1
rs,6144,2560,512,gpu,102,c_fluxgemm_only,0,0.09011,0.08909,0.09011,0.01946,1410,1
rs,6144,2560,512,gpu,103,c_cublas,0,0.07373,0.07270,0.07270,0.03103,1410,1
rs,6144,2560,512,gpu,103,A_gemmrs,1,0.17920,0.17715,0.17920,0.06090,1410,1
rs,6144,2560,512,gpu,103,c_fluxgemm_only,2,0.09011,0.08806,0.08909,0.01890,1410,1
rs,6144,2560,512,gpu,104,c_cublas,2,0.07475,0.07373,0.07373,0.03421,1410,1
rs,6144,2560,512,gpu,104,A_gemmrs,0,0.14131,0.14029,0.14131,0.05967,1410,1
rs,6144,2560,512,gpu,104,c_fluxgemm_only,1,0.08909,0.08806,0.08806,0.01780,1410,1
rs,6144,2560,512,gpu,105,c_cublas,0,0.07373,0.07270,0.07373,0.03173,1410,1
rs,6144,2560,512,gpu,105,A_gemmrs,1,0.14438,0.14131,0.14438,0.06102,1410,1
rs,6144,2560,512,gpu,105,c_fluxgemm_only,2,0.08909,0.08909,0.08909,0.01852,1410,1
rs,6144,2560,512,gpu,106,c_cublas,0,0.07578,0.07475,0.07475,0.03486,1410,1
rs,6144,2560,512,gpu,106,A_gemmrs,1,0.11981,0.11776,0.11981,0.06118,1410,1
rs,6144,2560,512,gpu,106,c_fluxgemm_only,2,0.09114,0.08909,0.08909,0.01864,1410,1
rs,6144,2560,512,gpu,107,c_cublas,1,0.07373,0.07373,0.07373,0.03546,1410,1
rs,6144,2560,512,gpu,107,A_gemmrs,2,0.14438,0.14438,0.14438,0.06031,1410,1
rs,6144,2560,512,gpu,107,c_fluxgemm_only,0,0.08806,0.08806,0.08806,0.01721,1410,1
rs,6144,2560,512,gpu,108,c_cublas,2,0.07373,0.07270,0.07270,0.03422,1410,1
rs,6144,2560,512,gpu,108,A_gemmrs,1,0.13312,0.13107,0.13312,0.05711,1410,1
rs,6144,2560,512,gpu,108,c_fluxgemm_only,0,0.08909,0.08806,0.08909,0.01909,1410,1
rs,6144,2560,512,gpu,109,c_cublas,0,0.07373,0.07270,0.07373,0.03142,1410,1
rs,6144,2560,512,gpu,109,A_gemmrs,2,0.13107,0.13005,0.13107,0.05902,1410,1
rs,6144,2560,512,gpu,109,c_fluxgemm_only,1,0.09011,0.09011,0.09011,0.02046,1410,1
rs,6144,2560,512,gpu,110,c_cublas,2,0.07475,0.07475,0.07475,0.03472,1410,1
rs,6144,2560,512,gpu,110,A_gemmrs,0,0.14029,0.13926,0.14029,0.05670,1410,1
rs,6144,2560,512,gpu,110,c_fluxgemm_only,1,0.08909,0.08806,0.08909,0.01815,1410,1
rs,6144,2560,512,gpu,111,c_cublas,2,0.07373,0.07373,0.07373,0.03334,1410,1
rs,6144,2560,512,gpu,111,A_gemmrs,1,0.17818,0.17715,0.17715,0.05898,1410,1
rs,6144,2560,512,gpu,111,c_fluxgemm_only,0,0.08909,0.08704,0.08909,0.02046,1410,1
rs,6144,2560,512,gpu,112,c_cublas,2,0.07373,0.07373,0.07373,0.03305,1410,1
rs,6144,2560,512,gpu,112,A_gemmrs,1,0.14746,0.14541,0.14746,0.06714,1410,1
rs,6144,2560,512,gpu,112,c_fluxgemm_only,0,0.08909,0.08806,0.08909,0.02022,1410,1
rs,6144,2560,512,gpu,113,c_cublas,0,0.07373,0.07270,0.07373,0.03766,1410,1
rs,6144,2560,512,gpu,113,A_gemmrs,1,0.14131,0.14131,0.14131,0.06407,1410,1
rs,6144,2560,512,gpu,113,c_fluxgemm_only,2,0.08806,0.08806,0.08806,0.01871,1410,1
rs,6144,2560,512,gpu,114,c_cublas,0,0.07578,0.07475,0.07475,0.03542,1410,1
rs,6144,2560,512,gpu,114,A_gemmrs,2,0.13210,0.13107,0.13210,0.05855,1410,1
rs,6144,2560,512,gpu,114,c_fluxgemm_only,1,0.08909,0.08704,0.08806,0.01962,1410,1
rs,6144,2560,512,gpu,115,c_cublas,2,0.07475,0.07270,0.07373,0.03325,1410,1
rs,6144,2560,512,gpu,115,A_gemmrs,1,0.15565,0.15360,0.15565,0.06364,1410,1
rs,6144,2560,512,gpu,115,c_fluxgemm_only,0,0.08909,0.08806,0.08909,0.01894,1410,1
rs,6144,2560,512,gpu,116,c_cublas,0,0.07373,0.07270,0.07373,0.03123,1410,1
rs,6144,2560,512,gpu,116,A_gemmrs,1,0.14131,0.14131,0.14131,0.06090,1410,1
rs,6144,2560,512,gpu,116,c_fluxgemm_only,2,0.08909,0.08806,0.08909,0.01845,1410,1
rs,6144,2560,512,gpu,117,c_cublas,2,0.07475,0.07373,0.07373,0.08233,1410,1
rs,6144,2560,512,gpu,117,A_gemmrs,1,0.14541,0.14438,0.14541,0.05813,1410,1
rs,6144,2560,512,gpu,117,c_fluxgemm_only,0,0.08909,0.08806,0.08909,0.01733,1410,1
rs,6144,2560,512,gpu,118,c_cublas,1,0.07373,0.07270,0.07373,0.03255,1410,1
rs,6144,2560,512,gpu,118,A_gemmrs,0,0.13312,0.13107,0.13312,0.06163,1410,1
rs,6144,2560,512,gpu,118,c_fluxgemm_only,2,0.09114,0.08909,0.09011,0.02021,1410,1
rs,6144,2560,512,gpu,119,c_cublas,1,0.07373,0.07270,0.07270,0.03442,1410,1
rs,6144,2560,512,gpu,119,A_gemmrs,2,0.16896,0.16691,0.16896,0.06090,1410,1
rs,6144,2560,512,gpu,119,c_fluxgemm_only,0,0.08909,0.08704,0.08909,0.01763,1410,1
rs,6144,2560,512,gpu,120,c_cublas,2,0.07373,0.07373,0.07373,0.06717,1410,1
rs,6144,2560,512,gpu,120,A_gemmrs,1,0.14336,0.14131,0.14336,0.05659,1410,1
rs,6144,2560,512,gpu,120,c_fluxgemm_only,0,0.09011,0.08806,0.09011,0.01961,1410,1
rs,6144,2560,512,gpu,121,c_cublas,0,0.07373,0.07270,0.07270,0.03292,1410,1
rs,6144,2560,512,gpu,121,A_gemmrs,2,0.14131,0.14029,0.14131,0.05911,1410,1
rs,6144,2560,512,gpu,121,c_fluxgemm_only,1,0.09011,0.08909,0.08909,0.02069,1410,1
rs,6144,2560,512,gpu,122,c_cublas,2,0.07578,0.07373,0.07475,0.03444,1410,1
rs,6144,2560,512,gpu,122,A_gemmrs,0,0.14131,0.13926,0.14029,0.06444,1410,1
rs,6144,2560,512,gpu,122,c_fluxgemm_only,1,0.08909,0.08909,0.08909,0.01813,1410,1
rs,6144,2560,512,gpu,123,c_cublas,2,0.07373,0.07373,0.07373,0.03420,1410,1
rs,6144,2560,512,gpu,123,A_gemmrs,0,0.15462,0.15462,0.15462,0.06174,1410,1
rs,6144,2560,512,gpu,123,c_fluxgemm_only,1,0.09011,0.08909,0.08909,0.01828,1410,1
rs,6144,2560,512,gpu,124,c_cublas,0,0.07373,0.07270,0.07373,0.03180,1410,1
rs,6144,2560,512,gpu,124,A_gemmrs,1,0.14234,0.14131,0.14234,0.06192,1410,1
rs,6144,2560,512,gpu,124,c_fluxgemm_only,2,0.08909,0.08806,0.08909,0.01868,1410,1
rs,6144,2560,512,gpu,125,c_cublas,1,0.07578,0.07373,0.07475,0.03553,1410,1
rs,6144,2560,512,gpu,125,A_gemmrs,2,0.13210,0.13005,0.13210,0.06051,1410,1
rs,6144,2560,512,gpu,125,c_fluxgemm_only,0,0.08909,0.08806,0.08909,0.01722,1410,1
rs,6144,2560,512,gpu,126,c_cublas,1,0.07373,0.07373,0.07373,0.03498,1410,1
rs,6144,2560,512,gpu,126,A_gemmrs,2,0.14131,0.14029,0.14131,0.06758,1410,1
rs,6144,2560,512,gpu,126,c_fluxgemm_only,0,0.09011,0.08909,0.09011,0.01912,1410,1
rs,6144,2560,512,gpu,127,c_cublas,0,0.07373,0.07270,0.07373,0.03432,1410,1
rs,6144,2560,512,gpu,127,A_gemmrs,1,0.18739,0.18637,0.18739,0.06095,1410,1
rs,6144,2560,512,gpu,127,c_fluxgemm_only,2,0.09011,0.08806,0.08806,0.01846,1410,1
rs,6144,2560,512,gpu,128,c_cublas,2,0.10138,0.07373,0.07373,0.03455,1410,1
rs,6144,2560,512,gpu,128,A_gemmrs,1,0.13312,0.13312,0.13312,0.05815,1410,1
rs,6144,2560,512,gpu,128,c_fluxgemm_only,0,0.08806,0.08806,0.08806,0.01764,1410,1
rs,6144,2560,512,gpu,129,c_cublas,2,0.07373,0.07270,0.07373,0.18550,1410,1
rs,6144,2560,512,gpu,129,A_gemmrs,0,0.14029,0.13926,0.14029,0.06135,1410,1
rs,6144,2560,512,gpu,129,c_fluxgemm_only,1,0.08909,0.08806,0.08909,0.01838,1410,1
rs,6144,2560,512,gpu,130,c_cublas,2,0.07475,0.07373,0.07475,0.03298,1410,1
rs,6144,2560,512,gpu,130,A_gemmrs,1,0.14131,0.14131,0.14131,0.05984,1410,1
rs,6144,2560,512,gpu,130,c_fluxgemm_only,0,0.09011,0.08806,0.08909,0.02055,1410,1
rs,6144,2560,512,gpu,131,c_cublas,2,0.07373,0.07373,0.07373,0.03290,1410,1
rs,6144,2560,512,gpu,131,A_gemmrs,1,0.13210,0.13210,0.13210,0.05926,1410,1
rs,6144,2560,512,gpu,131,c_fluxgemm_only,0,0.08806,0.08806,0.08806,0.02049,1410,1
rs,6144,2560,512,gpu,132,c_cublas,1,0.07373,0.07373,0.07373,0.03420,1410,1
rs,6144,2560,512,gpu,132,A_gemmrs,2,0.13107,0.13005,0.13107,0.06107,1410,1
rs,6144,2560,512,gpu,132,c_fluxgemm_only,0,0.08909,0.08806,0.08806,0.02105,1410,1
rs,6144,2560,512,gpu,133,c_cublas,2,0.07373,0.07270,0.07373,0.03511,1410,1
rs,6144,2560,512,gpu,133,A_gemmrs,0,0.14029,0.13926,0.13926,0.05990,1410,1
rs,6144,2560,512,gpu,133,c_fluxgemm_only,1,0.08909,0.08806,0.08806,0.01829,1410,1
rs,6144,2560,512,gpu,134,c_cublas,0,0.07475,0.07475,0.07475,0.03758,1410,1
rs,6144,2560,512,gpu,134,A_gemmrs,2,0.17306,0.16998,0.17306,0.05897,1410,1
rs,6144,2560,512,gpu,134,c_fluxgemm_only,1,0.08909,0.08806,0.08806,0.02083,1410,1
rs,6144,2560,512,gpu,135,c_cublas,0,0.07373,0.07373,0.07373,0.03352,1410,1
rs,6144,2560,512,gpu,135,A_gemmrs,1,0.13210,0.13107,0.13210,0.06015,1410,1
rs,6144,2560,512,gpu,135,c_fluxgemm_only,2,0.08909,0.08806,0.08909,0.01822,1410,1
rs,6144,2560,512,gpu,136,c_cublas,1,0.07373,0.07270,0.07373,0.03390,1410,1
rs,6144,2560,512,gpu,136,A_gemmrs,0,0.11981,0.11878,0.11878,0.05834,1410,1
rs,6144,2560,512,gpu,136,c_fluxgemm_only,2,0.08909,0.08806,0.08909,0.02030,1410,1
rs,6144,2560,512,gpu,137,c_cublas,1,0.07475,0.07373,0.07475,0.03480,1410,1
rs,6144,2560,512,gpu,137,A_gemmrs,2,0.14131,0.14029,0.14131,0.06022,1410,1
rs,6144,2560,512,gpu,137,c_fluxgemm_only,0,0.08909,0.08806,0.08806,0.01736,1410,1
rs,6144,2560,512,gpu,138,c_cublas,2,0.07475,0.07475,0.07475,0.08598,1410,1
rs,6144,2560,512,gpu,138,A_gemmrs,0,0.14234,0.14234,0.14234,0.05956,1410,1
rs,6144,2560,512,gpu,138,c_fluxgemm_only,1,0.08909,0.08806,0.08806,0.01858,1410,1
rs,6144,2560,512,gpu,139,c_cublas,1,0.07475,0.07475,0.07475,0.03292,1410,1
rs,6144,2560,512,gpu,139,A_gemmrs,0,0.13210,0.13107,0.13210,0.06137,1410,1
rs,6144,2560,512,gpu,139,c_fluxgemm_only,2,0.09011,0.08806,0.09011,0.01994,1410,1
rs,6144,2560,512,gpu,140,c_cublas,1,0.07373,0.07270,0.07373,0.03316,1410,1
rs,6144,2560,512,gpu,140,A_gemmrs,0,0.14848,0.14746,0.14848,0.06290,1410,1
rs,6144,2560,512,gpu,140,c_fluxgemm_only,2,0.08909,0.08806,0.08909,0.01991,1410,1
rs,6144,2560,512,gpu,141,c_cublas,1,0.07373,0.07270,0.07373,0.03337,1410,1
rs,6144,2560,512,gpu,141,A_gemmrs,0,0.87654,0.16589,0.16589,0.09213,1410,1
rs,6144,2560,512,gpu,141,c_fluxgemm_only,2,0.08909,0.08704,0.08909,0.02057,1410,1
rs,6144,2560,512,gpu,142,c_cublas,1,0.07373,0.07270,0.07373,0.03528,1410,1
rs,6144,2560,512,gpu,142,A_gemmrs,2,0.18637,0.18432,0.18637,0.06241,1410,1
rs,6144,2560,512,gpu,142,c_fluxgemm_only,0,0.09011,0.08909,0.08909,0.01749,1410,1
rs,6144,2560,512,gpu,143,c_cublas,2,0.07373,0.07373,0.07373,0.04173,1410,1
rs,6144,2560,512,gpu,143,A_gemmrs,1,0.12083,0.11878,0.11981,0.05702,1410,1
rs,6144,2560,512,gpu,143,c_fluxgemm_only,0,0.08909,0.08806,0.08909,0.01954,1410,1
rs,6144,2560,512,gpu,144,c_cublas,1,0.07373,0.07270,0.07373,0.03410,1410,1
rs,6144,2560,512,gpu,144,A_gemmrs,2,0.14643,0.14541,0.14643,0.06161,1410,1
rs,6144,2560,512,gpu,144,c_fluxgemm_only,0,0.09011,0.08806,0.08806,0.02082,1410,1
rs,6144,2560,512,gpu,145,c_cublas,2,0.07373,0.07373,0.07373,0.03496,1410,1
rs,6144,2560,512,gpu,145,A_gemmrs,0,0.14234,0.14029,0.14029,0.05708,1410,1
rs,6144,2560,512,gpu,145,c_fluxgemm_only,1,0.08909,0.08806,0.08806,0.01830,1410,1
rs,6144,2560,512,gpu,146,c_cublas,0,0.07475,0.07373,0.07373,0.03200,1410,1
rs,6144,2560,512,gpu,146,A_gemmrs,2,0.13824,0.13722,0.13824,0.05937,1410,1
rs,6144,2560,512,gpu,146,c_fluxgemm_only,1,0.08806,0.08806,0.08806,0.02068,1410,1
rs,6144,2560,512,gpu,147,c_cublas,0,0.07475,0.07270,0.07373,0.03469,1410,1
rs,6144,2560,512,gpu,147,A_gemmrs,1,0.13005,0.13005,0.13005,0.06025,1410,1
rs,6144,2560,512,gpu,147,c_fluxgemm_only,2,0.08909,0.08806,0.08806,0.01877,1410,1
rs,6144,2560,512,gpu,148,c_cublas,2,0.07475,0.07373,0.07373,0.03388,1410,1
rs,6144,2560,512,gpu,148,A_gemmrs,1,0.17306,0.17203,0.17203,0.05812,1410,1
rs,6144,2560,512,gpu,148,c_fluxgemm_only,0,0.08909,0.08806,0.08909,0.01720,1410,1
rs,6144,2560,512,gpu,149,c_cublas,2,0.07475,0.07270,0.07475,0.03435,1410,1
rs,6144,2560,512,gpu,149,A_gemmrs,0,0.13107,0.13005,0.13107,0.06430,1410,1
rs,6144,2560,512,gpu,149,c_fluxgemm_only,1,0.08909,0.08806,0.08909,0.01849,1410,1
rs,6144,2560,512,gpu,150,c_cublas,1,0.07373,0.07270,0.07373,0.03440,1410,1
rs,6144,2560,512,gpu,150,A_gemmrs,2,0.17306,0.17101,0.17306,0.06154,1410,1
rs,6144,2560,512,gpu,150,c_fluxgemm_only,0,0.09011,0.08909,0.08909,0.02022,1410,1
rs,6144,2560,512,gpu,151,c_cublas,2,0.07373,0.07270,0.07373,0.03473,1410,1
rs,6144,2560,512,gpu,151,A_gemmrs,0,0.12083,0.11878,0.11981,0.05993,1410,1
rs,6144,2560,512,gpu,151,c_fluxgemm_only,1,0.09011,0.08909,0.09011,0.01840,1410,1
rs,6144,2560,512,gpu,152,c_cublas,1,0.07475,0.07373,0.07373,0.03255,1410,1
rs,6144,2560,512,gpu,152,A_gemmrs,0,0.14746,0.14643,0.14746,0.06159,1410,1
rs,6144,2560,512,gpu,152,c_fluxgemm_only,2,0.08909,0.08909,0.08909,0.02760,1410,1
rs,6144,2560,512,gpu,153,c_cublas,1,0.07475,0.07475,0.07475,0.03541,1410,1
rs,6144,2560,512,gpu,153,A_gemmrs,2,0.15462,0.15360,0.15462,0.06097,1410,1
rs,6144,2560,512,gpu,153,c_fluxgemm_only,0,0.08909,0.08704,0.08704,0.01810,1410,1
rs,6144,2560,512,gpu,154,c_cublas,1,0.07373,0.07373,0.07373,0.03288,1410,1
rs,6144,2560,512,gpu,154,A_gemmrs,0,0.13722,0.13414,0.13619,0.05687,1410,1
rs,6144,2560,512,gpu,154,c_fluxgemm_only,2,0.09011,0.09011,0.09011,0.01995,1410,1
rs,6144,2560,512,gpu,155,c_cublas,1,0.07373,0.07270,0.07373,0.03537,1410,1
rs,6144,2560,512,gpu,155,A_gemmrs,2,0.13107,0.12902,0.13107,0.06566,1410,1
rs,6144,2560,512,gpu,155,c_fluxgemm_only,0,0.08909,0.08704,0.08909,0.01807,1410,1
rs,6144,2560,512,gpu,156,c_cublas,0,0.07373,0.07270,0.07270,0.03458,1410,1
rs,6144,2560,512,gpu,156,A_gemmrs,2,0.13005,0.12902,0.12902,0.05845,1410,1
rs,6144,2560,512,gpu,156,c_fluxgemm_only,1,0.08909,0.08909,0.08909,0.02056,1410,1
rs,6144,2560,512,gpu,157,c_cublas,0,0.07373,0.07373,0.07373,0.03436,1410,1
rs,6144,2560,512,gpu,157,A_gemmrs,1,0.11981,0.11776,0.11878,0.06079,1410,1
rs,6144,2560,512,gpu,157,c_fluxgemm_only,2,0.08909,0.08909,0.08909,0.01859,1410,1
rs,6144,2560,512,gpu,158,c_cublas,0,0.10547,0.07475,0.07475,0.03831,1410,1
rs,6144,2560,512,gpu,158,A_gemmrs,2,0.17715,0.17510,0.17510,0.07720,1410,1
rs,6144,2560,512,gpu,158,c_fluxgemm_only,1,0.08909,0.08806,0.08806,0.02107,1410,1
rs,6144,2560,512,gpu,159,c_cublas,1,0.07373,0.07373,0.07373,0.03786,1410,1
rs,6144,2560,512,gpu,159,A_gemmrs,2,0.14746,0.14541,0.14746,0.06056,1410,1
rs,6144,2560,512,gpu,159,c_fluxgemm_only,0,0.08909,0.08806,0.08909,0.01966,1410,1
rs,6144,2560,512,gpu,160,c_cublas,1,0.07373,0.07270,0.07270,0.03524,1410,1
rs,6144,2560,512,gpu,160,A_gemmrs,2,0.15462,0.15258,0.15462,0.06054,1410,1
rs,6144,2560,512,gpu,160,c_fluxgemm_only,0,0.09011,0.08806,0.09011,0.01959,1410,1
rs,6144,2560,512,gpu,161,c_cublas,1,0.07475,0.07475,0.07475,0.03489,1410,1
rs,6144,2560,512,gpu,161,A_gemmrs,2,0.14336,0.14234,0.14336,0.05987,1410,1
rs,6144,2560,512,gpu,161,c_fluxgemm_only,0,0.08909,0.08806,0.08806,0.02004,1410,1
rs,6144,2560,512,gpu,162,c_cublas,2,0.07475,0.07475,0.07475,0.03372,1410,1
rs,6144,2560,512,gpu,162,A_gemmrs,1,0.11878,0.11776,0.11776,0.05808,1410,1
rs,6144,2560,512,gpu,162,c_fluxgemm_only,0,0.09114,0.08909,0.09011,0.01966,1410,1
rs,6144,2560,512,gpu,163,c_cublas,0,0.07373,0.07270,0.07270,0.03121,1410,1
rs,6144,2560,512,gpu,163,A_gemmrs,1,0.13107,0.12800,0.13107,0.06146,1410,1
rs,6144,2560,512,gpu,163,c_fluxgemm_only,2,0.08909,0.08909,0.08909,0.01867,1410,1
rs,6144,2560,512,gpu,164,c_cublas,1,0.07373,0.07270,0.07373,0.03305,1410,1
rs,6144,2560,512,gpu,164,A_gemmrs,0,0.13517,0.13414,0.13414,0.06095,1410,1
rs,6144,2560,512,gpu,164,c_fluxgemm_only,2,0.08909,0.08806,0.08909,0.02049,1410,1
rs,6144,2560,512,gpu,165,c_cublas,0,0.07373,0.07373,0.07373,0.03446,1410,1
rs,6144,2560,512,gpu,165,A_gemmrs,2,0.11878,0.11878,0.11878,0.05834,1410,1
rs,6144,2560,512,gpu,165,c_fluxgemm_only,1,0.09011,0.08909,0.08909,0.01972,1410,1
rs,6144,2560,512,gpu,166,c_cublas,2,0.07578,0.07475,0.07475,0.03449,1410,1
rs,6144,2560,512,gpu,166,A_gemmrs,0,0.19046,0.18944,0.19046,0.05922,1410,1
rs,6144,2560,512,gpu,166,c_fluxgemm_only,1,0.08909,0.08806,0.08909,0.01955,1410,1
rs,6144,2560,512,gpu,167,c_cublas,0,0.07373,0.07270,0.07373,0.03198,1410,1
rs,6144,2560,512,gpu,167,A_gemmrs,2,0.14643,0.14438,0.14643,0.05865,1410,1
rs,6144,2560,512,gpu,167,c_fluxgemm_only,1,0.08806,0.08806,0.08806,0.02051,1410,1
rs,6144,2560,512,gpu,168,c_cublas,1,0.07373,0.07270,0.07373,0.03481,1410,1
rs,6144,2560,512,gpu,168,A_gemmrs,2,0.15565,0.15360,0.15565,0.06059,1410,1
rs,6144,2560,512,gpu,168,c_fluxgemm_only,0,0.08909,0.08806,0.08806,0.01920,1410,1
rs,6144,2560,512,gpu,169,c_cublas,2,0.07373,0.07373,0.07373,0.03450,1410,1
rs,6144,2560,512,gpu,169,A_gemmrs,0,0.14234,0.14029,0.14234,0.06359,1410,1
rs,6144,2560,512,gpu,169,c_fluxgemm_only,1,0.08909,0.08806,0.08909,0.01817,1410,1
rs,6144,2560,512,gpu,170,c_cublas,2,0.07475,0.07475,0.07475,0.03420,1410,1
rs,6144,2560,512,gpu,170,A_gemmrs,0,0.13414,0.13210,0.13414,0.06153,1410,1
rs,6144,2560,512,gpu,170,c_fluxgemm_only,1,0.08909,0.08806,0.08806,0.01845,1410,1
rs,6144,2560,512,gpu,171,c_cublas,2,0.07373,0.07373,0.07373,0.03286,1410,1
rs,6144,2560,512,gpu,171,A_gemmrs,1,0.14643,0.14541,0.14643,0.06544,1410,1
rs,6144,2560,512,gpu,171,c_fluxgemm_only,0,0.08806,0.08806,0.08806,0.02027,1410,1
rs,6144,2560,512,gpu,172,c_cublas,1,0.07373,0.07373,0.07373,0.03390,1410,1
rs,6144,2560,512,gpu,172,A_gemmrs,2,0.11878,0.11776,0.11878,0.06060,1410,1
rs,6144,2560,512,gpu,172,c_fluxgemm_only,0,0.09011,0.08806,0.08806,0.02046,1410,1
rs,6144,2560,512,gpu,173,c_cublas,0,0.07373,0.07270,0.07373,0.03359,1410,1
rs,6144,2560,512,gpu,173,A_gemmrs,2,0.16794,0.16691,0.16794,0.06647,1410,1
rs,6144,2560,512,gpu,173,c_fluxgemm_only,1,0.09011,0.08909,0.08909,0.02021,1410,1
rs,6144,2560,512,gpu,174,c_cublas,0,0.07578,0.07475,0.07475,0.03417,1410,1
rs,6144,2560,512,gpu,174,A_gemmrs,2,0.14234,0.14131,0.14234,0.05732,1410,1
rs,6144,2560,512,gpu,174,c_fluxgemm_only,1,0.09011,0.08806,0.09011,0.02042,1410,1
rs,6144,2560,512,gpu,175,c_cublas,2,0.07373,0.07270,0.07373,0.03453,1410,1
rs,6144,2560,512,gpu,175,A_gemmrs,0,0.18125,0.17920,0.18125,0.05899,1410,1
rs,6144,2560,512,gpu,175,c_fluxgemm_only,1,0.09011,0.08909,0.09011,0.01821,1410,1
rs,6144,2560,512,gpu,176,c_cublas,0,0.07373,0.07373,0.07373,0.03147,1410,1
rs,6144,2560,512,gpu,176,A_gemmrs,2,0.14131,0.14029,0.14131,0.05841,1410,1
rs,6144,2560,512,gpu,176,c_fluxgemm_only,1,0.08909,0.08806,0.08909,0.02034,1410,1
rs,6144,2560,512,gpu,177,c_cublas,1,0.07373,0.07373,0.07373,0.03306,1410,1
rs,6144,2560,512,gpu,177,A_gemmrs,0,0.13312,0.13107,0.13210,0.05871,1410,1
rs,6144,2560,512,gpu,177,c_fluxgemm_only,2,0.08909,0.08806,0.08806,0.01997,1410,1
rs,6144,2560,512,gpu,178,c_cublas,0,0.07578,0.07373,0.07373,0.03971,1410,1
rs,6144,2560,512,gpu,178,A_gemmrs,2,0.17510,0.17306,0.17408,0.05830,1410,1
rs,6144,2560,512,gpu,178,c_fluxgemm_only,1,0.08806,0.08806,0.08806,0.02011,1410,1
rs,6144,2560,512,gpu,179,c_cublas,1,0.07475,0.07373,0.07475,0.03355,1410,1
rs,6144,2560,512,gpu,179,A_gemmrs,0,0.13107,0.13005,0.13107,0.05793,1410,1
rs,6144,2560,512,gpu,179,c_fluxgemm_only,2,0.08909,0.08806,0.08806,0.02039,1410,1
rs,6144,2560,512,gpu,180,c_cublas,0,0.10957,0.07270,0.07373,0.09296,1410,1
rs,6144,2560,512,gpu,180,A_gemmrs,1,0.11981,0.11878,0.11981,0.07297,1410,1
rs,6144,2560,512,gpu,180,c_fluxgemm_only,2,0.08909,0.08909,0.08909,0.01821,1410,1
rs,6144,2560,512,gpu,181,c_cublas,1,0.07578,0.07475,0.07475,0.03514,1410,1
rs,6144,2560,512,gpu,181,A_gemmrs,2,0.16691,0.16589,0.16691,0.06017,1410,1
rs,6144,2560,512,gpu,181,c_fluxgemm_only,0,0.08909,0.08806,0.08806,0.01723,1410,1
rs,6144,2560,512,gpu,182,c_cublas,2,0.07578,0.07475,0.07475,0.03302,1410,1
rs,6144,2560,512,gpu,182,A_gemmrs,1,0.15360,0.15258,0.15360,0.05797,1410,1
rs,6144,2560,512,gpu,182,c_fluxgemm_only,0,0.09011,0.08909,0.08909,0.02069,1410,1
rs,6144,2560,512,gpu,183,c_cublas,1,0.07373,0.07373,0.07373,0.03383,1410,1
rs,6144,2560,512,gpu,183,A_gemmrs,2,0.11981,0.11878,0.11981,0.06149,1410,1
rs,6144,2560,512,gpu,183,c_fluxgemm_only,0,0.08909,0.08806,0.08806,0.02180,1410,1
rs,6144,2560,512,gpu,184,c_cublas,1,0.07373,0.07270,0.07373,0.03494,1410,1
rs,6144,2560,512,gpu,184,A_gemmrs,2,0.14234,0.14029,0.14234,0.06119,1410,1
rs,6144,2560,512,gpu,184,c_fluxgemm_only,0,0.09011,0.08806,0.08806,0.02455,1410,1
rs,6144,2560,512,gpu,185,c_cublas,2,0.07373,0.07270,0.07373,0.03540,1410,1
rs,6144,2560,512,gpu,185,A_gemmrs,0,0.13107,0.13005,0.13107,0.06085,1410,1
rs,6144,2560,512,gpu,185,c_fluxgemm_only,1,0.08909,0.08806,0.08909,0.01923,1410,1
rs,6144,2560,512,gpu,186,c_cublas,2,0.07578,0.07475,0.07475,0.03371,1410,1
rs,6144,2560,512,gpu,186,A_gemmrs,1,0.13005,0.12800,0.13005,0.06784,1410,1
rs,6144,2560,512,gpu,186,c_fluxgemm_only,0,0.09011,0.08909,0.08909,0.02014,1410,1
rs,6144,2560,512,gpu,187,c_cublas,2,0.07373,0.07270,0.07373,0.03432,1410,1
rs,6144,2560,512,gpu,187,A_gemmrs,0,0.13210,0.13005,0.13210,0.06142,1410,1
rs,6144,2560,512,gpu,187,c_fluxgemm_only,1,0.09114,0.08909,0.08909,0.01858,1410,1
rs,6144,2560,512,gpu,188,c_cublas,2,0.07373,0.07373,0.07373,0.04006,1410,1
rs,6144,2560,512,gpu,188,A_gemmrs,1,0.11981,0.11776,0.11981,0.05854,1410,1
rs,6144,2560,512,gpu,188,c_fluxgemm_only,0,0.08806,0.08806,0.08806,0.01991,1410,1
rs,6144,2560,512,gpu,189,c_cublas,1,0.07373,0.07270,0.07270,0.03207,1410,1
rs,6144,2560,512,gpu,189,A_gemmrs,0,0.11878,0.11776,0.11878,0.06435,1410,1
rs,6144,2560,512,gpu,189,c_fluxgemm_only,2,0.08909,0.08806,0.08806,0.02039,1410,1
rs,6144,2560,512,gpu,190,c_cublas,1,0.07475,0.07373,0.07373,0.03479,1410,1
rs,6144,2560,512,gpu,190,A_gemmrs,2,0.17818,0.17613,0.17715,0.06076,1410,1
rs,6144,2560,512,gpu,190,c_fluxgemm_only,0,0.08909,0.08806,0.08909,0.01785,1410,1
rs,6144,2560,512,gpu,191,c_cublas,0,0.07373,0.07373,0.07373,0.03532,1410,1
rs,6144,2560,512,gpu,191,A_gemmrs,2,0.14336,0.14131,0.14336,0.05879,1410,1
rs,6144,2560,512,gpu,191,c_fluxgemm_only,1,0.08909,0.08806,0.08806,0.02034,1410,1
rs,6144,2560,512,gpu,192,c_cublas,2,0.07373,0.07373,0.07373,0.03451,1410,1
rs,6144,2560,512,gpu,192,A_gemmrs,0,0.11981,0.11878,0.11981,0.06033,1410,1
rs,6144,2560,512,gpu,192,c_fluxgemm_only,1,0.08909,0.08909,0.08909,0.01843,1410,1
rs,6144,2560,512,gpu,193,c_cublas,0,0.07373,0.07270,0.07373,0.03143,1410,1
rs,6144,2560,512,gpu,193,A_gemmrs,1,0.14950,0.14746,0.14950,0.06443,1410,1
rs,6144,2560,512,gpu,193,c_fluxgemm_only,2,0.08806,0.08806,0.08806,0.01883,1410,1
rs,6144,2560,512,gpu,194,c_cublas,1,0.07373,0.07270,0.07373,0.03325,1410,1
rs,6144,2560,512,gpu,194,A_gemmrs,0,0.13107,0.12902,0.13005,0.05790,1410,1
rs,6144,2560,512,gpu,194,c_fluxgemm_only,2,0.09011,0.09011,0.09011,0.01993,1410,1
rs,6144,2560,512,gpu,195,c_cublas,0,0.07373,0.07270,0.07270,0.03468,1410,1
rs,6144,2560,512,gpu,195,A_gemmrs,1,0.13312,0.13107,0.13312,0.06111,1410,1
rs,6144,2560,512,gpu,195,c_fluxgemm_only,2,0.09011,0.08806,0.08909,0.01880,1410,1
rs,6144,2560,512,gpu,196,c_cublas,2,0.07475,0.07270,0.07373,0.03461,1410,1
rs,6144,2560,512,gpu,196,A_gemmrs,0,0.12083,0.11878,0.12083,0.05877,1410,1
rs,6144,2560,512,gpu,196,c_fluxgemm_only,1,0.09011,0.08806,0.08806,0.01831,1410,1
rs,6144,2560,512,gpu,197,c_cublas,0,0.10035,0.07270,0.07373,0.03407,1410,1
rs,6144,2560,512,gpu,197,A_gemmrs,1,0.17306,0.17203,0.17203,0.08919,1410,1
rs,6144,2560,512,gpu,197,c_fluxgemm_only,2,0.08909,0.08909,0.08909,0.01889,1410,1
rs,6144,2560,512,gpu,198,c_cublas,1,0.07373,0.07270,0.07270,0.03338,1410,1
rs,6144,2560,512,gpu,198,A_gemmrs,0,0.14029,0.13824,0.14029,0.05919,1410,1
rs,6144,2560,512,gpu,198,c_fluxgemm_only,2,0.09114,0.08909,0.08909,0.02000,1410,1
rs,6144,2560,512,gpu,199,c_cublas,2,0.07475,0.07373,0.07373,0.03375,1410,1
rs,6144,2560,512,gpu,199,A_gemmrs,1,0.13312,0.13210,0.13312,0.06060,1410,1
rs,6144,2560,512,gpu,199,c_fluxgemm_only,0,0.08909,0.08806,0.08909,0.01937,1410,1
rs,6144,2560,512,steady,0,c_cublas,1,0.07386,0.07194,0.07386,0.01282,0,1
rs,6144,2560,512,steady,0,A_gemmrs,2,0.12179,0.12173,0.12179,0.03255,0,1
rs,6144,2560,512,steady,0,c_fluxgemm_only,0,0.08973,0.08768,0.08973,0.00997,0,1
rs,6144,2560,512,steady,1,c_cublas,2,0.07392,0.07206,0.07392,0.01246,0,1
rs,6144,2560,512,steady,1,A_gemmrs,0,0.11942,0.11872,0.11898,0.03015,0,1
rs,6144,2560,512,steady,1,c_fluxgemm_only,1,0.08864,0.08672,0.08864,0.00957,0,1
rs,6144,2560,512,steady,2,c_cublas,2,0.07398,0.07168,0.07398,0.01245,0,1
rs,6144,2560,512,steady,2,A_gemmrs,0,0.12627,0.12614,0.12614,0.03023,0,1
rs,6144,2560,512,steady,2,c_fluxgemm_only,1,0.08864,0.08589,0.08864,0.00952,0,1
rs,6144,2560,512,steady,3,c_cublas,2,0.07386,0.07162,0.07386,0.01233,0,1
rs,6144,2560,512,steady,3,A_gemmrs,0,0.12205,0.12198,0.12205,0.03046,0,1
rs,6144,2560,512,steady,3,c_fluxgemm_only,1,0.08864,0.08608,0.08864,0.00961,0,1
rs,6144,2560,512,steady,4,c_cublas,2,0.07386,0.07162,0.07386,0.01217,0,1
rs,6144,2560,512,steady,4,A_gemmrs,1,0.12762,0.12755,0.12762,0.03018,0,1
rs,6144,2560,512,steady,4,c_fluxgemm_only,0,0.08928,0.08602,0.08928,0.00965,0,1
rs,6144,2560,512,steady,5,c_cublas,0,0.07501,0.07149,0.07501,0.01188,0,1
rs,6144,2560,512,steady,5,A_gemmrs,2,0.12019,0.12006,0.12019,0.02999,0,1
rs,6144,2560,512,steady,5,c_fluxgemm_only,1,0.08870,0.08602,0.08870,0.00969,0,1
rs,6144,2560,512,steady,6,c_cublas,2,0.07386,0.07168,0.07386,0.01282,0,1
rs,6144,2560,512,steady,6,A_gemmrs,1,0.11808,0.11795,0.11808,0.02925,0,1
rs,6144,2560,512,steady,6,c_fluxgemm_only,0,0.08928,0.08659,0.08928,0.00959,0,1
rs,6144,2560,512,steady,7,c_cublas,0,0.07501,0.07149,0.07501,0.01214,0,1
rs,6144,2560,512,steady,7,A_gemmrs,2,0.12845,0.12832,0.12845,0.02955,0,1
rs,6144,2560,512,steady,7,c_fluxgemm_only,1,0.08870,0.08595,0.08870,0.00970,0,1
rs,6144,2560,512,steady,8,c_cublas,0,0.07539,0.07328,0.07539,0.01262,0,1
rs,6144,2560,512,steady,8,A_gemmrs,1,0.12064,0.12058,0.12064,0.02965,0,1
rs,6144,2560,512,steady,8,c_fluxgemm_only,2,0.08858,0.08602,0.08858,0.00946,0,1
rs,6144,2560,512,steady,9,c_cublas,2,0.07360,0.07162,0.07360,0.01226,0,1
rs,6144,2560,512,steady,9,A_gemmrs,1,0.11872,0.11859,0.11872,0.03004,0,1
rs,6144,2560,512,steady,9,c_fluxgemm_only,0,0.08870,0.08582,0.08870,0.00927,0,1
rs,6144,2560,512,steady,10,c_cublas,1,0.07360,0.07155,0.07360,0.01217,0,1
rs,6144,2560,512,steady,10,A_gemmrs,2,0.12883,0.12877,0.12883,0.03074,0,1
rs,6144,2560,512,steady,10,c_fluxgemm_only,0,0.08896,0.08589,0.08896,0.00975,0,1
rs,6144,2560,512,steady,11,c_cublas,2,0.07354,0.07155,0.07354,0.01305,0,1
rs,6144,2560,512,steady,11,A_gemmrs,0,0.12077,0.11923,0.12077,0.03142,0,1
rs,6144,2560,512,steady,11,c_fluxgemm_only,1,0.08851,0.08608,0.08851,0.00948,0,1
rs,6144,2560,512,steady,12,c_cublas,1,0.07360,0.07155,0.07360,0.01218,1335,1
rs,6144,2560,512,steady,12,A_gemmrs,2,0.11834,0.11827,0.11834,0.03029,1335,1
rs,6144,2560,512,steady,12,c_fluxgemm_only,0,0.08890,0.08589,0.08890,0.00975,1335,1
rs,6144,2560,512,steady,13,c_cublas,1,0.07373,0.07174,0.07373,0.01224,1335,1
rs,6144,2560,512,steady,13,A_gemmrs,0,0.13222,0.13158,0.13203,0.02930,1335,1
rs,6144,2560,512,steady,13,c_fluxgemm_only,2,0.08819,0.08589,0.08819,0.01007,1335,1
rs,6144,2560,512,steady,14,c_cublas,0,0.07507,0.07162,0.07507,0.01233,1335,1
rs,6144,2560,512,steady,14,A_gemmrs,2,0.11789,0.11782,0.11789,0.03010,1335,1
rs,6144,2560,512,steady,14,c_fluxgemm_only,1,0.08826,0.08595,0.08826,0.00962,1335,1
rs,6144,2560,512,steady,15,c_cublas,2,0.07360,0.07149,0.07360,0.01234,1335,1
rs,6144,2560,512,steady,15,A_gemmrs,1,0.12781,0.12774,0.12774,0.02946,1335,1
rs,6144,2560,512,steady,15,c_fluxgemm_only,0,0.08909,0.08666,0.08909,0.00964,1335,1
rs,6144,2560,512,steady,16,c_cublas,1,0.07354,0.07155,0.07354,0.01282,1335,1
rs,6144,2560,512,steady,16,A_gemmrs,2,0.11878,0.11872,0.11878,0.03121,1335,1
rs,6144,2560,512,steady,16,c_fluxgemm_only,0,0.08922,0.08589,0.08922,0.00967,1335,1
rs,6144,2560,512,steady,17,c_cublas,2,0.07354,0.07162,0.07354,0.01238,1335,1
rs,6144,2560,512,steady,17,A_gemmrs,0,0.11968,0.11923,0.11949,0.02976,1335,1
rs,6144,2560,512,steady,17,c_fluxgemm_only,1,0.08826,0.08608,0.08826,0.00954,1335,1
rs,6144,2560,512,steady,18,c_cublas,1,0.07360,0.07162,0.07360,0.01271,1335,1
rs,6144,2560,512,steady,18,A_gemmrs,0,0.12678,0.12672,0.12678,0.02958,1335,1
rs,6144,2560,512,steady,18,c_fluxgemm_only,2,0.08819,0.08614,0.08819,0.00973,1335,1
rs,6144,2560,512,steady,19,c_cublas,1,0.07360,0.07162,0.07360,0.01230,1335,1
rs,6144,2560,512,steady,19,A_gemmrs,2,0.12160,0.12154,0.12160,0.03016,1335,1
rs,6144,2560,512,steady,19,c_fluxgemm_only,0,0.08838,0.08589,0.08838,0.00929,1335,1
rs,6144,2560,512,steady,20,c_cublas,2,0.07360,0.07162,0.07360,0.01292,1335,1
rs,6144,2560,512,steady,20,A_gemmrs,0,0.12198,0.12045,0.12045,0.03004,1335,1
rs,6144,2560,512,steady,20,c_fluxgemm_only,1,0.08826,0.08589,0.08826,0.00950,1335,1
rs,6144,2560,512,steady,21,c_cublas,2,0.07360,0.07162,0.07360,0.01229,1335,1
rs,6144,2560,512,steady,21,A_gemmrs,0,0.12845,0.12838,0.12838,0.03039,1335,1
rs,6144,2560,512,steady,21,c_fluxgemm_only,1,0.08826,0.08602,0.08826,0.00957,1335,1
rs,6144,2560,512,steady,22,c_cublas,2,0.07360,0.07162,0.07360,0.01220,1335,1
rs,6144,2560,512,steady,22,A_gemmrs,1,0.12230,0.12224,0.12230,0.02973,1335,1
rs,6144,2560,512,steady,22,c_fluxgemm_only,0,0.08915,0.08608,0.08915,0.00963,1335,1
rs,6144,2560,512,steady,23,c_cublas,1,0.07360,0.07168,0.07360,0.01215,1335,1
rs,6144,2560,512,steady,23,A_gemmrs,0,0.12013,0.12006,0.12013,0.03021,1335,1
rs,6144,2560,512,steady,23,c_fluxgemm_only,2,0.08819,0.08595,0.08819,0.00962,1335,1
rs,6144,2560,512,steady,24,c_cublas,1,0.07360,0.07155,0.07360,0.01279,1335,1
rs,6144,2560,512,steady,24,A_gemmrs,0,0.12710,0.12704,0.12710,0.02963,1335,1
rs,6144,2560,512,steady,24,c_fluxgemm_only,2,0.08826,0.08602,0.08826,0.00962,1335,1
rs,6144,2560,512,steady,25,c_cublas,2,0.07366,0.07155,0.07366,0.01222,1335,1
rs,6144,2560,512,steady,25,A_gemmrs,1,0.12205,0.12192,0.12205,0.03043,1335,1
rs,6144,2560,512,steady,25,c_fluxgemm_only,0,0.08838,0.08589,0.08838,0.00938,1335,1
rs,6144,2560,512,steady,26,c_cublas,2,0.07373,0.07174,0.07373,0.01264,1335,1
rs,6144,2560,512,steady,26,A_gemmrs,1,0.12890,0.12877,0.12890,0.02940,1335,1
rs,6144,2560,512,steady,26,c_fluxgemm_only,0,0.08909,0.08589,0.08909,0.00964,1335,1
rs,6144,2560,512,steady,27,c_cublas,0,0.07462,0.07155,0.07462,0.01176,1335,1
rs,6144,2560,512,steady,27,A_gemmrs,1,0.11782,0.11776,0.11782,0.02958,1335,1
rs,6144,2560,512,steady,27,c_fluxgemm_only,2,0.08832,0.08602,0.08832,0.00982,1335,1
rs,6144,2560,512,steady,28,c_cublas,1,0.07366,0.07162,0.07366,0.01251,1335,1
rs,6144,2560,512,steady,28,A_gemmrs,2,0.13203,0.13197,0.13203,0.02967,1335,1
rs,6144,2560,512,steady,28,c_fluxgemm_only,0,0.08838,0.08595,0.08838,0.00971,1335,1
rs,6144,2560,512,steady,29,c_cublas,1,0.07366,0.07174,0.07366,0.01221,1335,1
rs,6144,2560,512,steady,29,A_gemmrs,0,0.12160,0.12147,0.12154,0.02956,1335,1
rs,6144,2560,512,steady,29,c_fluxgemm_only,2,0.08838,0.08602,0.08838,0.00960,1335,1
rs,6144,2560,512,steady,30,c_cublas,1,0.07360,0.07155,0.07360,0.01231,1335,1
rs,6144,2560,512,steady,30,A_gemmrs,0,0.11859,0.11846,0.11859,0.03005,1335,1
rs,6144,2560,512,steady,30,c_fluxgemm_only,2,0.08845,0.08595,0.08845,0.00967,1335,1
rs,6144,2560,512,steady,31,c_cublas,2,0.07360,0.07162,0.07360,0.01238,1335,1
rs,6144,2560,512,steady,31,A_gemmrs,0,0.12762,0.12755,0.12755,0.03159,1335,1
rs,6144,2560,512,steady,31,c_fluxgemm_only,1,0.08832,0.08589,0.08832,0.00953,1335,1
rs,6144,2560,512,steady,32,c_cublas,0,0.07482,0.07168,0.07482,0.01176,1335,1
rs,6144,2560,512,steady,32,A_gemmrs,2,0.12448,0.12442,0.12448,0.03060,1335,1
rs,6144,2560,512,steady,32,c_fluxgemm_only,1,0.08832,0.08602,0.08832,0.00970,1335,1
rs,6144,2560,512,steady,33,c_cublas,2,0.07354,0.07162,0.07354,0.01225,1335,1
rs,6144,2560,512,steady,33,A_gemmrs,1,0.12608,0.12602,0.12608,0.03003,1335,1
rs,6144,2560,512,steady,33,c_fluxgemm_only,0,0.08915,0.08589,0.08915,0.00971,1335,1
rs,6144,2560,512,steady,34,c_cublas,1,0.07360,0.07155,0.07360,0.01211,1335,1
rs,6144,2560,512,steady,34,A_gemmrs,2,0.12134,0.12128,0.12128,0.03001,1335,1
rs,6144,2560,512,steady,34,c_fluxgemm_only,0,0.08896,0.08582,0.08896,0.00967,1335,1
rs,6144,2560,512,steady,35,c_cublas,2,0.07354,0.07149,0.07354,0.01271,1335,1
rs,6144,2560,512,steady,35,A_gemmrs,1,0.12474,0.12461,0.12474,0.02951,1335,1
rs,6144,2560,512,steady,35,c_fluxgemm_only,0,0.08902,0.08672,0.08902,0.00960,1335,1
rs,6144,2560,512,steady,36,c_cublas,1,0.07360,0.07162,0.07360,0.01220,1335,1
rs,6144,2560,512,steady,36,A_gemmrs,0,0.12627,0.12621,0.12627,0.03014,1335,1
rs,6144,2560,512,steady,36,c_fluxgemm_only,2,0.08826,0.08602,0.08826,0.00965,1335,1
rs,6144,2560,512,steady,37,c_cublas,2,0.07354,0.07155,0.07354,0.02048,1335,1
rs,6144,2560,512,steady,37,A_gemmrs,1,0.12064,0.12051,0.12064,0.02968,1335,1
rs,6144,2560,512,steady,37,c_fluxgemm_only,0,0.08826,0.08589,0.08826,0.00933,1335,1
rs,6144,2560,512,steady,38,c_cublas,0,0.07507,0.07155,0.07507,0.01196,1335,1
rs,6144,2560,512,steady,38,A_gemmrs,1,0.13062,0.13050,0.13062,0.03058,1335,1
rs,6144,2560,512,steady,38,c_fluxgemm_only,2,0.08832,0.08589,0.08832,0.00948,1335,1
rs,6144,2560,512,steady,39,c_cublas,2,0.07360,0.07194,0.07360,0.01233,1335,1
rs,6144,2560,512,steady,39,A_gemmrs,0,0.11834,0.11821,0.11834,0.02998,1335,1
rs,6144,2560,512,steady,39,c_fluxgemm_only,1,0.08832,0.08595,0.08832,0.00948,1335,1
rs,6144,2560,512,steady,40,c_cublas,2,0.07366,0.07200,0.07366,0.01228,1335,1
rs,6144,2560,512,steady,40,A_gemmrs,1,0.12083,0.12070,0.12083,0.03152,1335,1
rs,6144,2560,512,steady,40,c_fluxgemm_only,0,0.08909,0.08640,0.08909,0.00967,1335,1
rs,6144,2560,512,steady,41,c_cublas,0,0.07475,0.07200,0.07475,0.01183,1335,1
rs,6144,2560,512,steady,41,A_gemmrs,1,0.12806,0.12800,0.12806,0.02989,1335,1
rs,6144,2560,512,steady,41,c_fluxgemm_only,2,0.08826,0.08653,0.08826,0.00948,1335,1
rs,6144,2560,512,steady,42,c_cublas,1,0.07366,0.07206,0.07366,0.01231,1335,1
rs,6144,2560,512,steady,42,A_gemmrs,0,0.12026,0.11878,0.12026,0.02937,1335,1
rs,6144,2560,512,steady,42,c_fluxgemm_only,2,0.08838,0.08659,0.08838,0.01020,1335,1
rs,6144,2560,512,steady,43,c_cublas,2,0.07360,0.07206,0.07360,0.01272,1335,1
rs,6144,2560,512,steady,43,A_gemmrs,1,0.12026,0.11994,0.12026,0.02952,1335,1
rs,6144,2560,512,steady,43,c_fluxgemm_only,0,0.08864,0.08653,0.08864,0.00935,1335,1
rs,6144,2560,512,steady,44,c_cublas,2,0.07360,0.07149,0.07360,0.01245,1335,1
rs,6144,2560,512,steady,44,A_gemmrs,0,0.12678,0.12672,0.12672,0.03029,1335,1
rs,6144,2560,512,steady,44,c_fluxgemm_only,1,0.08832,0.08589,0.08832,0.00955,1335,1
rs,6144,2560,512,steady,45,c_cublas,0,0.07482,0.07142,0.07482,0.01211,1335,1
rs,6144,2560,512,steady,45,A_gemmrs,2,0.12083,0.12070,0.12083,0.03086,1335,1
rs,6144,2560,512,steady,45,c_fluxgemm_only,1,0.08826,0.08576,0.08826,0.00972,1335,1
rs,6144,2560,512,steady,46,c_cublas,1,0.07360,0.07142,0.07360,0.01289,1335,1
rs,6144,2560,512,steady,46,A_gemmrs,2,0.12678,0.12672,0.12678,0.02959,1335,1
rs,6144,2560,512,steady,46,c_fluxgemm_only,0,0.08909,0.08672,0.08909,0.00961,1335,1
rs,6144,2560,512,steady,47,c_cublas,2,0.07360,0.07142,0.07360,0.01230,1335,1
rs,6144,2560,512,steady,47,A_gemmrs,0,0.11891,0.11866,0.11866,0.02998,1335,1
rs,6144,2560,512,steady,47,c_fluxgemm_only,1,0.08851,0.08589,0.08851,0.00951,1335,1
rs,6144,2560,512,steady,48,c_cublas,1,0.07360,0.07149,0.07360,0.01270,1335,1
rs,6144,2560,512,steady,48,A_gemmrs,0,0.12179,0.12166,0.12179,0.02990,1335,1
rs,6144,2560,512,steady,48,c_fluxgemm_only,2,0.08832,0.08608,0.08832,0.00970,1335,1
rs,6144,2560,512,steady,49,c_cublas,1,0.07373,0.07155,0.07373,0.01231,1335,1
rs,6144,2560,512,steady,49,A_gemmrs,2,0.12800,0.12794,0.12800,0.03027,1335,1
rs,6144,2560,512,steady,49,c_fluxgemm_only,0,0.08832,0.08589,0.08832,0.00942,1335,1
rs,6144,2560,2048,gpu,0,c_cublas,2,0.27546,0.27034,0.27238,0.03889,0,1
rs,6144,2560,2048,gpu,0,A_gemmrs,0,0.33587,0.33485,0.33485,0.08089,0,1
rs,6144,2560,2048,gpu,0,c_fluxgemm_only,1,0.29594,0.29286,0.29594,0.02318,0,1
rs,6144,2560,2048,gpu,1,c_cublas,1,0.27648,0.26931,0.27238,0.03450,0,1
rs,6144,2560,2048,gpu,1,A_gemmrs,0,0.35226,0.35123,0.35226,0.06701,0,1
rs,6144,2560,2048,gpu,1,c_fluxgemm_only,2,0.29491,0.28774,0.29491,0.02280,0,1
rs,6144,2560,2048,gpu,2,c_cublas,1,0.27648,0.27136,0.27443,0.03560,0,1
rs,6144,2560,2048,gpu,2,A_gemmrs,2,0.34918,0.34509,0.34918,0.06333,0,1
rs,6144,2560,2048,gpu,2,c_fluxgemm_only,0,0.29389,0.29082,0.29184,0.02031,0,1
rs,6144,2560,2048,gpu,3,c_cublas,0,0.27648,0.27238,0.27443,0.03570,0,1
rs,6144,2560,2048,gpu,3,A_gemmrs,2,0.33178,0.33075,0.33178,0.06025,0,1
rs,6144,2560,2048,gpu,3,c_fluxgemm_only,1,0.29389,0.29082,0.29184,0.02249,0,1
rs,6144,2560,2048,gpu,4,c_cublas,1,0.27648,0.27136,0.27443,0.03392,0,1
rs,6144,2560,2048,gpu,4,A_gemmrs,0,0.33587,0.33485,0.33587,0.05837,0,1
rs,6144,2560,2048,gpu,4,c_fluxgemm_only,2,0.29594,0.28774,0.29286,0.02205,0,1
rs,6144,2560,2048,gpu,5,c_cublas,2,0.27341,0.26931,0.27238,0.03526,0,1
rs,6144,2560,2048,gpu,5,A_gemmrs,0,0.32870,0.32666,0.32870,0.06413,0,1
rs,6144,2560,2048,gpu,5,c_fluxgemm_only,1,0.29286,0.28774,0.29286,0.01967,0,1
rs,6144,2560,2048,gpu,6,c_cublas,2,0.27341,0.27034,0.27341,0.03512,0,1
rs,6144,2560,2048,gpu,6,A_gemmrs,0,0.33894,0.33690,0.33894,0.06882,0,1
rs,6144,2560,2048,gpu,6,c_fluxgemm_only,1,0.29491,0.28877,0.29286,0.01997,0,1
rs,6144,2560,2048,gpu,7,c_cublas,2,0.27546,0.27136,0.27546,0.03518,0,1
rs,6144,2560,2048,gpu,7,A_gemmrs,0,0.34099,0.33894,0.34099,0.06250,0,1
rs,6144,2560,2048,gpu,7,c_fluxgemm_only,1,0.29594,0.29184,0.29594,0.01996,0,1
rs,6144,2560,2048,gpu,8,c_cublas,1,0.27443,0.27136,0.27443,0.03388,0,1
rs,6144,2560,2048,gpu,8,A_gemmrs,0,0.32973,0.32768,0.32973,0.06242,0,1
rs,6144,2560,2048,gpu,8,c_fluxgemm_only,2,0.29594,0.29286,0.29491,0.02181,0,1
rs,6144,2560,2048,gpu,9,c_cublas,2,0.27341,0.27034,0.27341,0.03374,0,1
rs,6144,2560,2048,gpu,9,A_gemmrs,1,0.34816,0.34714,0.34816,0.06037,0,1
rs,6144,2560,2048,gpu,9,c_fluxgemm_only,0,0.29696,0.28979,0.29696,0.02001,0,1
rs,6144,2560,2048,gpu,10,c_cublas,0,0.27341,0.27136,0.27341,0.03220,0,1
rs,6144,2560,2048,gpu,10,A_gemmrs,1,0.33075,0.32870,0.33075,0.06245,0,1
rs,6144,2560,2048,gpu,10,c_fluxgemm_only,2,0.29491,0.28774,0.29286,0.02137,0,1
rs,6144,2560,2048,gpu,11,c_cublas,1,0.27341,0.26931,0.27341,0.03368,0,1
rs,6144,2560,2048,gpu,11,A_gemmrs,0,0.32870,0.32461,0.32666,0.06184,0,1
rs,6144,2560,2048,gpu,11,c_fluxgemm_only,2,0.29491,0.29082,0.29184,0.02208,0,1
rs,6144,2560,2048,gpu,12,c_cublas,2,0.27341,0.26829,0.27341,0.03432,0,1
rs,6144,2560,2048,gpu,12,A_gemmrs,1,0.34816,0.34406,0.34816,0.06015,0,1
rs,6144,2560,2048,gpu,12,c_fluxgemm_only,0,0.29594,0.28774,0.29594,0.01932,0,1
rs,6144,2560,2048,gpu,13,c_cublas,1,0.27341,0.26931,0.27341,0.04045,0,1
rs,6144,2560,2048,gpu,13,A_gemmrs,2,0.34611,0.34509,0.34611,0.06286,0,1
rs,6144,2560,2048,gpu,13,c_fluxgemm_only,0,0.29389,0.28774,0.29184,0.02217,0,1
rs,6144,2560,2048,gpu,14,c_cublas,0,0.27341,0.26931,0.27341,0.03493,0,1
rs,6144,2560,2048,gpu,14,A_gemmrs,2,0.33382,0.33178,0.33178,0.05966,0,1
rs,6144,2560,2048,gpu,14,c_fluxgemm_only,1,0.29594,0.28877,0.29286,0.02224,0,1
rs,6144,2560,2048,gpu,15,c_cublas,2,0.27443,0.27034,0.27443,0.03501,0,1
rs,6144,2560,2048,gpu,15,A_gemmrs,0,0.34406,0.34202,0.34406,0.06560,0,1
rs,6144,2560,2048,gpu,15,c_fluxgemm_only,1,0.29594,0.29082,0.29594,0.02018,0,1
rs,6144,2560,2048,gpu,16,c_cublas,1,0.27546,0.27034,0.27546,0.03330,0,1
rs,6144,2560,2048,gpu,16,A_gemmrs,0,0.32768,0.32563,0.32768,0.06395,0,1
rs,6144,2560,2048,gpu,16,c_fluxgemm_only,2,0.29491,0.28877,0.29491,0.02164,0,1
rs,6144,2560,2048,gpu,17,c_cublas,0,0.27238,0.26829,0.27238,0.03548,0,1
rs,6144,2560,2048,gpu,17,A_gemmrs,1,0.32666,0.32563,0.32666,0.06170,0,1
rs,6144,2560,2048,gpu,17,c_fluxgemm_only,2,0.29286,0.28774,0.29286,0.02039,0,1
rs,6144,2560,2048,gpu,18,c_cublas,1,0.27341,0.26931,0.27341,0.03377,0,1
rs,6144,2560,2048,gpu,18,A_gemmrs,0,0.33178,0.32973,0.33075,0.06150,0,1
rs,6144,2560,2048,gpu,18,c_fluxgemm_only,2,0.29184,0.28877,0.29184,0.02185,0,1
rs,6144,2560,2048,gpu,19,c_cublas,0,0.30003,0.27136,0.27136,0.03716,0,1
rs,6144,2560,2048,gpu,19,A_gemmrs,1,0.34202,0.33997,0.34202,0.08702,0,1
rs,6144,2560,2048,gpu,19,c_fluxgemm_only,2,0.29184,0.28877,0.29184,0.02162,0,1
rs,6144,2560,2048,gpu,20,c_cublas,0,0.27238,0.26931,0.27136,0.03575,0,1
rs,6144,2560,2048,gpu,20,A_gemmrs,1,0.37376,0.36864,0.37171,0.06344,0,1
rs,6144,2560,2048,gpu,20,c_fluxgemm_only,2,0.29389,0.29082,0.29389,0.02001,0,1
rs,6144,2560,2048,gpu,21,c_cublas,1,0.27034,0.26931,0.27034,0.03725,0,1
rs,6144,2560,2048,gpu,21,A_gemmrs,2,0.32666,0.32563,0.32666,0.06375,0,1
rs,6144,2560,2048,gpu,21,c_fluxgemm_only,0,0.29389,0.28774,0.29389,0.02310,0,1
rs,6144,2560,2048,gpu,22,c_cublas,1,0.27136,0.26931,0.27136,0.03371,0,1
rs,6144,2560,2048,gpu,22,A_gemmrs,0,0.32870,0.32768,0.32870,0.05974,0,1
rs,6144,2560,2048,gpu,22,c_fluxgemm_only,2,0.29184,0.28877,0.29082,0.02156,0,1
rs,6144,2560,2048,gpu,23,c_cublas,0,0.27238,0.27034,0.27238,0.03546,0,1
rs,6144,2560,2048,gpu,23,A_gemmrs,1,0.33075,0.32973,0.33075,0.06255,0,1
rs,6144,2560,2048,gpu,23,c_fluxgemm_only,2,0.29286,0.28979,0.29184,0.02008,0,1
rs,6144,2560,2048,gpu,24,c_cublas,2,0.27136,0.26931,0.27136,0.03444,0,1
rs,6144,2560,2048,gpu,24,A_gemmrs,1,0.32973,0.32768,0.32973,0.05995,0,1
rs,6144,2560,2048,gpu,24,c_fluxgemm_only,0,0.29082,0.28877,0.29082,0.01996,0,1
rs,6144,2560,2048,gpu,25,c_cublas,1,0.27136,0.26931,0.27136,0.03491,0,1
rs,6144,2560,2048,gpu,25,A_gemmrs,2,0.34304,0.34099,0.34304,0.06295,0,1
rs,6144,2560,2048,gpu,25,c_fluxgemm_only,0,0.29389,0.29082,0.29389,0.02221,0,1
rs,6144,2560,2048,gpu,26,c_cublas,2,0.27034,0.26931,0.27034,0.03461,1395,1
rs,6144,2560,2048,gpu,26,A_gemmrs,1,0.34611,0.34406,0.34509,0.05986,1395,1
rs,6144,2560,2048,gpu,26,c_fluxgemm_only,0,0.29184,0.28877,0.29082,0.02141,1395,1
rs,6144,2560,2048,gpu,27,c_cublas,1,0.27034,0.26931,0.27034,0.03518,1395,1
rs,6144,2560,2048,gpu,27,A_gemmrs,2,0.32973,0.32870,0.32973,0.06213,1395,1
rs,6144,2560,2048,gpu,27,c_fluxgemm_only,0,0.29491,0.28979,0.29491,0.02271,1395,1
rs,6144,2560,2048,gpu,28,c_cublas,1,0.27136,0.27034,0.27136,0.03367,1395,1
rs,6144,2560,2048,gpu,28,A_gemmrs,0,0.41882,0.35635,0.35635,0.08141,1395,1
rs,6144,2560,2048,gpu,28,c_fluxgemm_only,2,0.29082,0.28774,0.29082,0.02179,1395,1
rs,6144,2560,2048,gpu,29,c_cublas,1,0.27034,0.26829,0.27034,0.03542,1395,1
rs,6144,2560,2048,gpu,29,A_gemmrs,2,0.33178,0.32973,0.33178,0.06376,1395,1
rs,6144,2560,2048,gpu,29,c_fluxgemm_only,0,0.29491,0.28774,0.29491,0.01964,1395,1
rs,6144,2560,2048,gpu,30,c_cublas,0,0.27034,0.26931,0.27034,0.03460,1395,1
rs,6144,2560,2048,gpu,30,A_gemmrs,2,0.33587,0.33382,0.33485,0.05985,1395,1
rs,6144,2560,2048,gpu,30,c_fluxgemm_only,1,0.29286,0.28979,0.29082,0.02222,1395,1
rs,6144,2560,2048,gpu,31,c_cublas,0,0.27238,0.27034,0.27136,0.03544,1395,1
rs,6144,2560,2048,gpu,31,A_gemmrs,1,0.34714,0.34509,0.34714,0.06147,1395,1
rs,6144,2560,2048,gpu,31,c_fluxgemm_only,2,0.29594,0.28979,0.29594,0.02032,1395,1
rs,6144,2560,2048,gpu,32,c_cublas,1,0.27136,0.26931,0.27136,0.03614,1395,1
rs,6144,2560,2048,gpu,32,A_gemmrs,2,0.34714,0.34611,0.34714,0.06210,1395,1
rs,6144,2560,2048,gpu,32,c_fluxgemm_only,0,0.29389,0.28774,0.29389,0.01922,1395,1
rs,6144,2560,2048,gpu,33,c_cublas,2,0.27034,0.26931,0.27034,0.03533,1395,1
rs,6144,2560,2048,gpu,33,A_gemmrs,0,0.32973,0.32870,0.32973,0.05831,1395,1
rs,6144,2560,2048,gpu,33,c_fluxgemm_only,1,0.29389,0.28979,0.28979,0.01978,1395,1
rs,6144,2560,2048,gpu,34,c_cublas,2,0.27136,0.26931,0.27136,0.03483,1395,1
rs,6144,2560,2048,gpu,34,A_gemmrs,0,0.33280,0.33178,0.33280,0.06679,1395,1
rs,6144,2560,2048,gpu,34,c_fluxgemm_only,1,0.29491,0.28774,0.29491,0.02038,1395,1
rs,6144,2560,2048,gpu,35,c_cublas,1,0.27034,0.26829,0.27034,0.03563,1395,1
rs,6144,2560,2048,gpu,35,A_gemmrs,2,0.33075,0.32973,0.33075,0.06268,1395,1
rs,6144,2560,2048,gpu,35,c_fluxgemm_only,0,0.29491,0.28877,0.29491,0.02191,1395,1
rs,6144,2560,2048,gpu,36,c_cublas,1,0.27238,0.26931,0.27238,0.03370,1395,1
rs,6144,2560,2048,gpu,36,A_gemmrs,0,0.32973,0.32768,0.32973,0.05820,1395,1
rs,6144,2560,2048,gpu,36,c_fluxgemm_only,2,0.29286,0.28979,0.29286,0.02137,1395,1
rs,6144,2560,2048,gpu,37,c_cublas,1,0.27136,0.26931,0.27136,0.03577,1395,1
rs,6144,2560,2048,gpu,37,A_gemmrs,2,0.33485,0.33382,0.33485,0.06304,1395,1
rs,6144,2560,2048,gpu,37,c_fluxgemm_only,0,0.29389,0.28979,0.28979,0.02080,1395,1
rs,6144,2560,2048,gpu,38,c_cublas,2,0.27034,0.26931,0.27034,0.04437,1395,1
rs,6144,2560,2048,gpu,38,A_gemmrs,0,0.32461,0.32256,0.32461,0.06105,1395,1
rs,6144,2560,2048,gpu,38,c_fluxgemm_only,1,0.29491,0.28877,0.29491,0.02021,1395,1
rs,6144,2560,2048,gpu,39,c_cublas,0,0.27034,0.26931,0.27034,0.03232,1395,1
rs,6144,2560,2048,gpu,39,A_gemmrs,2,0.35738,0.35635,0.35738,0.06848,1395,1
rs,6144,2560,2048,gpu,39,c_fluxgemm_only,1,0.29389,0.28672,0.29389,0.02229,1395,1
rs,6144,2560,2048,gpu,40,c_cublas,1,0.27238,0.26931,0.27238,0.04206,1395,1
rs,6144,2560,2048,gpu,40,A_gemmrs,0,0.33075,0.32973,0.33075,0.06581,1395,1
rs,6144,2560,2048,gpu,40,c_fluxgemm_only,2,0.29389,0.28672,0.28979,0.02200,1395,1
rs,6144,2560,2048,gpu,41,c_cublas,1,0.27136,0.26931,0.27136,0.03543,1395,1
rs,6144,2560,2048,gpu,41,A_gemmrs,2,0.32973,0.32870,0.32870,0.06272,1395,1
rs,6144,2560,2048,gpu,41,c_fluxgemm_only,0,0.29184,0.28774,0.28877,0.01943,1395,1
rs,6144,2560,2048,gpu,42,c_cublas,1,0.27136,0.26829,0.27136,0.03485,1395,1
rs,6144,2560,2048,gpu,42,A_gemmrs,0,0.32768,0.32461,0.32768,0.05894,1395,1
rs,6144,2560,2048,gpu,42,c_fluxgemm_only,2,0.29389,0.28672,0.29389,0.02182,1395,1
rs,6144,2560,2048,gpu,43,c_cublas,1,0.27034,0.26931,0.27034,0.04240,1395,1
rs,6144,2560,2048,gpu,43,A_gemmrs,2,0.34611,0.34406,0.34406,0.06259,1395,1
rs,6144,2560,2048,gpu,43,c_fluxgemm_only,0,0.29286,0.28774,0.29082,0.01965,1395,1
rs,6144,2560,2048,gpu,44,c_cublas,0,0.27034,0.26931,0.27034,0.03501,1410,1
rs,6144,2560,2048,gpu,44,A_gemmrs,1,0.32870,0.32666,0.32870,0.06234,1410,1
rs,6144,2560,2048,gpu,44,c_fluxgemm_only,2,0.29286,0.28877,0.29082,0.02018,1410,1
rs,6144,2560,2048,gpu,45,c_cublas,0,0.27136,0.26931,0.27136,0.03600,1410,1
rs,6144,2560,2048,gpu,45,A_gemmrs,1,0.34918,0.34714,0.34918,0.06246,1410,1
rs,6144,2560,2048,gpu,45,c_fluxgemm_only,2,0.29491,0.28672,0.29491,0.02026,1410,1
rs,6144,2560,2048,gpu,46,c_cublas,1,0.27238,0.27034,0.27238,0.03627,1410,1
rs,6144,2560,2048,gpu,46,A_gemmrs,2,0.32870,0.32666,0.32870,0.06230,1410,1
rs,6144,2560,2048,gpu,46,c_fluxgemm_only,0,0.29594,0.28672,0.29594,0.02554,1410,1
rs,6144,2560,2048,gpu,47,c_cublas,1,0.27136,0.26931,0.27136,0.03384,1410,1
rs,6144,2560,2048,gpu,47,A_gemmrs,0,0.33075,0.32768,0.33075,0.06099,1410,1
rs,6144,2560,2048,gpu,47,c_fluxgemm_only,2,0.29082,0.28774,0.29082,0.02195,1410,1
rs,6144,2560,2048,gpu,48,c_cublas,0,0.27034,0.26931,0.27034,0.03449,1410,1
rs,6144,2560,2048,gpu,48,A_gemmrs,1,0.33894,0.33792,0.33894,0.06256,1410,1
rs,6144,2560,2048,gpu,48,c_fluxgemm_only,2,0.29389,0.29082,0.29082,0.02041,1410,1
rs,6144,2560,2048,gpu,49,c_cublas,2,0.27034,0.26931,0.27034,0.03511,1410,1
rs,6144,2560,2048,gpu,49,A_gemmrs,0,0.32870,0.32666,0.32768,0.06020,1410,1
rs,6144,2560,2048,gpu,49,c_fluxgemm_only,1,0.29286,0.28672,0.29286,0.01945,1410,1
rs,6144,2560,2048,gpu,50,c_cublas,0,0.27136,0.26829,0.27136,0.03198,1410,1
rs,6144,2560,2048,gpu,50,A_gemmrs,1,0.34099,0.33997,0.34099,0.06289,1410,1
rs,6144,2560,2048,gpu,50,c_fluxgemm_only,2,0.29286,0.28672,0.28979,0.02033,1410,1
rs,6144,2560,2048,gpu,51,c_cublas,2,0.27136,0.27034,0.27136,0.03493,1410,1
rs,6144,2560,2048,gpu,51,A_gemmrs,0,0.35840,0.35738,0.35840,0.06343,1410,1
rs,6144,2560,2048,gpu,51,c_fluxgemm_only,1,0.29491,0.29184,0.29491,0.01973,1410,1
rs,6144,2560,2048,gpu,52,c_cublas,1,0.27136,0.27034,0.27136,0.03359,1410,1
rs,6144,2560,2048,gpu,52,A_gemmrs,0,0.32870,0.32768,0.32870,0.06287,1410,1
rs,6144,2560,2048,gpu,52,c_fluxgemm_only,2,0.29389,0.28774,0.29389,0.02168,1410,1
rs,6144,2560,2048,gpu,53,c_cublas,1,0.27034,0.26829,0.27034,0.03546,1410,1
rs,6144,2560,2048,gpu,53,A_gemmrs,2,0.32768,0.32666,0.32768,0.06163,1410,1
rs,6144,2560,2048,gpu,53,c_fluxgemm_only,0,0.29286,0.28774,0.29286,0.01978,1410,1
rs,6144,2560,2048,gpu,54,c_cublas,1,0.27136,0.27034,0.27136,0.03583,1410,1
rs,6144,2560,2048,gpu,54,A_gemmrs,2,0.34099,0.34099,0.34099,0.06111,1410,1
rs,6144,2560,2048,gpu,54,c_fluxgemm_only,0,0.29389,0.28877,0.29389,0.02112,1410,1
rs,6144,2560,2048,gpu,55,c_cublas,2,0.27136,0.27034,0.27034,0.03551,1410,1
rs,6144,2560,2048,gpu,55,A_gemmrs,1,0.33382,0.33178,0.33382,0.06737,1410,1
rs,6144,2560,2048,gpu,55,c_fluxgemm_only,0,0.29594,0.29286,0.29594,0.02179,1410,1
rs,6144,2560,2048,gpu,56,c_cublas,2,0.27034,0.26931,0.27034,0.03546,1410,1
rs,6144,2560,2048,gpu,56,A_gemmrs,0,0.34202,0.34099,0.34202,0.06353,1410,1
rs,6144,2560,2048,gpu,56,c_fluxgemm_only,1,0.29184,0.28774,0.28979,0.02017,1410,1
rs,6144,2560,2048,gpu,57,c_cublas,2,0.27034,0.26931,0.27034,0.03526,1410,1
rs,6144,2560,2048,gpu,57,A_gemmrs,0,0.34918,0.34611,0.34918,0.06407,1410,1
rs,6144,2560,2048,gpu,57,c_fluxgemm_only,1,0.29184,0.28672,0.28979,0.02004,1410,1
rs,6144,2560,2048,gpu,58,c_cublas,2,0.27034,0.26931,0.27034,0.03546,1410,1
rs,6144,2560,2048,gpu,58,A_gemmrs,0,0.32870,0.32666,0.32870,0.06301,1410,1
rs,6144,2560,2048,gpu,58,c_fluxgemm_only,1,0.29082,0.28774,0.28979,0.02029,1410,1
rs,6144,2560,2048,gpu,59,c_cublas,0,0.27136,0.26931,0.27136,0.03291,1410,1
rs,6144,2560,2048,gpu,59,A_gemmrs,2,0.32973,0.32870,0.32870,0.06020,1410,1
rs,6144,2560,2048,gpu,59,c_fluxgemm_only,1,0.29389,0.28672,0.29389,0.02214,1410,1
rs,6144,2560,2048,gpu,60,c_cublas,2,0.27034,0.26931,0.27034,0.03347,1410,1
rs,6144,2560,2048,gpu,60,A_gemmrs,1,0.33485,0.33280,0.33485,0.05896,1410,1
rs,6144,2560,2048,gpu,60,c_fluxgemm_only,0,0.29389,0.28877,0.28877,0.02108,1410,1
rs,6144,2560,2048,gpu,61,c_cublas,0,0.27034,0.26829,0.26931,0.03129,1410,1
rs,6144,2560,2048,gpu,61,A_gemmrs,1,0.32870,0.32666,0.32768,0.06383,1410,1
rs,6144,2560,2048,gpu,61,c_fluxgemm_only,2,0.29082,0.28877,0.28979,0.02052,1410,1
rs,6144,2560,2048,gpu,62,c_cublas,2,0.26931,0.26931,0.26931,0.03407,1410,1
rs,6144,2560,2048,gpu,62,A_gemmrs,1,0.34304,0.34099,0.34304,0.05992,1410,1
rs,6144,2560,2048,gpu,62,c_fluxgemm_only,0,0.29286,0.28570,0.29286,0.01926,1410,1
rs,6144,2560,2048,gpu,63,c_cublas,1,0.27034,0.26829,0.27034,0.03466,1410,1
rs,6144,2560,2048,gpu,63,A_gemmrs,2,0.34816,0.34714,0.34816,0.06188,1410,1
rs,6144,2560,2048,gpu,63,c_fluxgemm_only,0,0.29491,0.28877,0.29082,0.02248,1410,1
rs,6144,2560,2048,gpu,64,c_cublas,2,0.27034,0.26829,0.27034,0.03512,1410,1
rs,6144,2560,2048,gpu,64,A_gemmrs,0,0.32563,0.32358,0.32461,0.06111,1410,1
rs,6144,2560,2048,gpu,64,c_fluxgemm_only,1,0.29286,0.29082,0.29184,0.02005,1410,1
rs,6144,2560,2048,gpu,65,c_cublas,2,0.27034,0.26931,0.27034,0.03643,1410,1
rs,6144,2560,2048,gpu,65,A_gemmrs,0,0.32358,0.32256,0.32358,0.06659,1410,1
rs,6144,2560,2048,gpu,65,c_fluxgemm_only,1,0.29389,0.28774,0.29286,0.02236,1410,1
rs,6144,2560,2048,gpu,66,c_cublas,1,0.27034,0.26931,0.27034,0.03495,1410,1
rs,6144,2560,2048,gpu,66,A_gemmrs,2,0.33075,0.32768,0.32870,0.06168,1410,1
rs,6144,2560,2048,gpu,66,c_fluxgemm_only,0,0.29184,0.28672,0.29184,0.02179,1410,1
rs,6144,2560,2048,gpu,67,c_cublas,0,0.27136,0.27034,0.27136,0.03528,1410,1
rs,6144,2560,2048,gpu,67,A_gemmrs,2,0.32768,0.32666,0.32666,0.06758,1410,1
rs,6144,2560,2048,gpu,67,c_fluxgemm_only,1,0.29389,0.28774,0.29389,0.02232,1410,1
rs,6144,2560,2048,gpu,68,c_cublas,0,0.27034,0.26829,0.26931,0.03513,1410,1
rs,6144,2560,2048,gpu,68,A_gemmrs,2,0.34509,0.34406,0.34509,0.06753,1410,1
rs,6144,2560,2048,gpu,68,c_fluxgemm_only,1,0.29184,0.28979,0.29082,0.02200,1410,1
rs,6144,2560,2048,gpu,69,c_cublas,2,0.26931,0.26931,0.26931,0.03459,1410,1
rs,6144,2560,2048,gpu,69,A_gemmrs,1,0.34406,0.34202,0.34406,0.08919,1410,1
rs,6144,2560,2048,gpu,69,c_fluxgemm_only,0,0.29286,0.29082,0.29286,0.02071,1410,1
rs,6144,2560,2048,gpu,70,c_cublas,2,0.27034,0.26931,0.27034,0.03433,1410,1
rs,6144,2560,2048,gpu,70,A_gemmrs,1,0.33485,0.33178,0.33485,0.06137,1410,1
rs,6144,2560,2048,gpu,70,c_fluxgemm_only,0,0.29389,0.28672,0.29389,0.02270,1410,1
rs,6144,2560,2048,gpu,71,c_cublas,2,0.27136,0.27034,0.27136,0.03569,1410,1
rs,6144,2560,2048,gpu,71,A_gemmrs,0,0.32768,0.32666,0.32768,0.06316,1410,1
rs,6144,2560,2048,gpu,71,c_fluxgemm_only,1,0.28979,0.28672,0.28979,0.02159,1410,1
rs,6144,2560,2048,gpu,72,c_cublas,2,0.27034,0.26931,0.27034,0.03374,1410,1
rs,6144,2560,2048,gpu,72,A_gemmrs,1,0.32973,0.32973,0.32973,0.06773,1410,1
rs,6144,2560,2048,gpu,72,c_fluxgemm_only,0,0.29389,0.28672,0.29286,0.02148,1410,1
rs,6144,2560,2048,gpu,73,c_cublas,0,0.26931,0.26829,0.26931,0.03155,1410,1
rs,6144,2560,2048,gpu,73,A_gemmrs,1,0.32563,0.32461,0.32563,0.12734,1410,1
rs,6144,2560,2048,gpu,73,c_fluxgemm_only,2,0.29286,0.28877,0.28877,0.02941,1410,1
rs,6144,2560,2048,gpu,74,c_cublas,0,0.27034,0.26931,0.26931,0.10908,1410,1
rs,6144,2560,2048,gpu,74,A_gemmrs,1,0.34304,0.34202,0.34304,0.06337,1410,1
rs,6144,2560,2048,gpu,74,c_fluxgemm_only,2,0.29389,0.28877,0.29389,0.02027,1410,1
rs,6144,2560,2048,gpu,75,c_cublas,1,0.27034,0.26829,0.27034,0.03616,1410,1
rs,6144,2560,2048,gpu,75,A_gemmrs,2,0.34611,0.34509,0.34611,0.06347,1410,1
rs,6144,2560,2048,gpu,75,c_fluxgemm_only,0,0.29491,0.28877,0.29491,0.01905,1410,1
rs,6144,2560,2048,gpu,76,c_cublas,1,0.27034,0.26829,0.27034,0.03603,1410,1
rs,6144,2560,2048,gpu,76,A_gemmrs,2,0.33587,0.33382,0.33587,0.06181,1410,1
rs,6144,2560,2048,gpu,76,c_fluxgemm_only,0,0.29389,0.29184,0.29389,0.02136,1410,1
rs,6144,2560,2048,gpu,77,c_cublas,1,0.27034,0.26931,0.27034,0.03599,1410,1
rs,6144,2560,2048,gpu,77,A_gemmrs,2,0.32358,0.32256,0.32358,0.06237,1410,1
rs,6144,2560,2048,gpu,77,c_fluxgemm_only,0,0.29184,0.28979,0.28979,0.02156,1410,1
rs,6144,2560,2048,gpu,78,c_cublas,2,0.27034,0.26931,0.27034,0.03377,1410,1
rs,6144,2560,2048,gpu,78,A_gemmrs,1,0.32973,0.32768,0.32973,0.07637,1410,1
rs,6144,2560,2048,gpu,78,c_fluxgemm_only,0,0.29286,0.28672,0.29082,0.02204,1410,1
rs,6144,2560,2048,gpu,79,c_cublas,0,0.27136,0.27034,0.27136,0.03184,1410,1
rs,6144,2560,2048,gpu,79,A_gemmrs,1,0.32870,0.32666,0.32870,0.06323,1410,1
rs,6144,2560,2048,gpu,79,c_fluxgemm_only,2,0.29594,0.28877,0.29594,0.02042,1410,1
rs,6144,2560,2048,gpu,80,c_cublas,0,0.27034,0.26829,0.27034,0.03546,1410,1
rs,6144,2560,2048,gpu,80,A_gemmrs,2,0.34816,0.34611,0.34816,0.06366,1410,1
rs,6144,2560,2048,gpu,80,c_fluxgemm_only,1,0.29286,0.28979,0.28979,0.02176,1410,1
rs,6144,2560,2048,gpu,81,c_cublas,1,0.27034,0.26931,0.26931,0.03381,1410,1
rs,6144,2560,2048,gpu,81,A_gemmrs,0,0.32973,0.32768,0.32973,0.06110,1410,1
rs,6144,2560,2048,gpu,81,c_fluxgemm_only,2,0.29184,0.29082,0.29082,0.02199,1410,1
rs,6144,2560,2048,gpu,82,c_cublas,2,0.27034,0.26931,0.27034,0.03580,1410,1
rs,6144,2560,2048,gpu,82,A_gemmrs,0,0.34611,0.34304,0.34611,0.06190,1410,1
rs,6144,2560,2048,gpu,82,c_fluxgemm_only,1,0.29389,0.28672,0.29389,0.01982,1410,1
rs,6144,2560,2048,gpu,83,c_cublas,0,0.27136,0.26931,0.27034,0.03340,1410,1
rs,6144,2560,2048,gpu,83,A_gemmrs,2,0.33280,0.33280,0.33280,0.06071,1410,1
rs,6144,2560,2048,gpu,83,c_fluxgemm_only,1,0.29184,0.28774,0.29082,0.02241,1410,1
rs,6144,2560,2048,gpu,84,c_cublas,2,0.27034,0.26931,0.27034,0.03414,1410,1
rs,6144,2560,2048,gpu,84,A_gemmrs,1,0.32870,0.32666,0.32870,0.05826,1410,1
rs,6144,2560,2048,gpu,84,c_fluxgemm_only,0,0.29491,0.28774,0.29082,0.02067,1410,1
rs,6144,2560,2048,gpu,85,c_cublas,1,0.27034,0.26931,0.26931,0.03492,1410,1
rs,6144,2560,2048,gpu,85,A_gemmrs,2,0.33280,0.33075,0.33280,0.06250,1410,1
rs,6144,2560,2048,gpu,85,c_fluxgemm_only,0,0.29286,0.28774,0.28979,0.02223,1410,1
rs,6144,2560,2048,gpu,86,c_cublas,0,0.27034,0.26931,0.27034,0.03453,1410,1
rs,6144,2560,2048,gpu,86,A_gemmrs,2,0.34304,0.34202,0.34304,0.05942,1410,1
rs,6144,2560,2048,gpu,86,c_fluxgemm_only,1,0.29594,0.28979,0.29594,0.02210,1410,1
rs,6144,2560,2048,gpu,87,c_cublas,2,0.27238,0.27034,0.27136,0.03511,1410,1
rs,6144,2560,2048,gpu,87,A_gemmrs,0,0.32870,0.32666,0.32870,0.05913,1410,1
rs,6144,2560,2048,gpu,87,c_fluxgemm_only,1,0.29286,0.28774,0.28877,0.01978,1410,1
rs,6144,2560,2048,gpu,88,c_cublas,1,0.27136,0.27034,0.27136,0.03367,1410,1
rs,6144,2560,2048,gpu,88,A_gemmrs,0,0.34918,0.34714,0.34918,0.06357,1410,1
rs,6144,2560,2048,gpu,88,c_fluxgemm_only,2,0.29491,0.29184,0.29491,0.02218,1410,1
rs,6144,2560,2048,gpu,89,c_cublas,1,0.27034,0.26931,0.26931,0.04440,1410,1
rs,6144,2560,2048,gpu,89,A_gemmrs,2,0.33792,0.33485,0.33690,0.07948,1410,1
rs,6144,2560,2048,gpu,89,c_fluxgemm_only,0,0.29184,0.28774,0.28877,0.03264,1410,1
rs,6144,2560,2048,gpu,90,c_cublas,0,0.27034,0.26829,0.27034,0.03545,1410,1
rs,6144,2560,2048,gpu,90,A_gemmrs,1,0.32666,0.32461,0.32666,0.07395,1410,1
rs,6144,2560,2048,gpu,90,c_fluxgemm_only,2,0.29491,0.28979,0.29491,0.02641,1410,1
rs,6144,2560,2048,gpu,91,c_cublas,1,0.27034,0.26931,0.27034,0.03580,1410,1
rs,6144,2560,2048,gpu,91,A_gemmrs,2,0.34714,0.34509,0.34714,0.06979,1410,1
rs,6144,2560,2048,gpu,91,c_fluxgemm_only,0,0.29594,0.29082,0.29594,0.01904,1410,1
rs,6144,2560,2048,gpu,92,c_cublas,1,0.27034,0.26931,0.26931,0.03591,1410,1
rs,6144,2560,2048,gpu,92,A_gemmrs,2,0.33587,0.33382,0.33587,0.06294,1410,1
rs,6144,2560,2048,gpu,92,c_fluxgemm_only,0,0.29389,0.28774,0.28877,0.02138,1410,1
rs,6144,2560,2048,gpu,93,c_cublas,0,0.27034,0.26931,0.27034,0.03482,1410,1
rs,6144,2560,2048,gpu,93,A_gemmrs,2,0.34918,0.34816,0.34918,0.06020,1410,1
rs,6144,2560,2048,gpu,93,c_fluxgemm_only,1,0.29389,0.28979,0.29389,0.02205,1410,1
rs,6144,2560,2048,gpu,94,c_cublas,1,0.27034,0.26931,0.27034,0.03465,1410,1
rs,6144,2560,2048,gpu,94,A_gemmrs,0,0.32870,0.32666,0.32870,0.05707,1410,1
rs,6144,2560,2048,gpu,94,c_fluxgemm_only,2,0.28979,0.28774,0.28979,0.02223,1410,1
rs,6144,2560,2048,gpu,95,c_cublas,0,0.27136,0.27034,0.27136,0.03446,1410,1
rs,6144,2560,2048,gpu,95,A_gemmrs,1,0.32768,0.32666,0.32768,0.06620,1410,1
rs,6144,2560,2048,gpu,95,c_fluxgemm_only,2,0.29594,0.28877,0.29594,0.02040,1410,1
rs,6144,2560,2048,gpu,96,c_cublas,0,0.27034,0.26931,0.27034,0.03562,1410,1
rs,6144,2560,2048,gpu,96,A_gemmrs,2,0.32358,0.32256,0.32358,0.05987,1410,1
rs,6144,2560,2048,gpu,96,c_fluxgemm_only,1,0.29389,0.28672,0.29389,0.02223,1410,1
rs,6144,2560,2048,gpu,97,c_cublas,2,0.26931,0.26931,0.26931,0.03372,1410,1
rs,6144,2560,2048,gpu,97,A_gemmrs,1,0.34304,0.34099,0.34304,0.05863,1410,1
rs,6144,2560,2048,gpu,97,c_fluxgemm_only,0,0.29184,0.28877,0.28979,0.02079,1410,1
rs,6144,2560,2048,gpu,98,c_cublas,2,0.27034,0.26931,0.27034,0.03507,1410,1
rs,6144,2560,2048,gpu,98,A_gemmrs,0,0.32666,0.32563,0.32563,0.06846,1410,1
rs,6144,2560,2048,gpu,98,c_fluxgemm_only,1,0.29389,0.28672,0.29389,0.02051,1410,1
rs,6144,2560,2048,gpu,99,c_cublas,1,0.27034,0.26931,0.26931,0.03315,1410,1
rs,6144,2560,2048,gpu,99,A_gemmrs,0,0.33690,0.33587,0.33690,0.06308,1410,1
rs,6144,2560,2048,gpu,99,c_fluxgemm_only,2,0.29491,0.29082,0.29491,0.02182,1410,1
rs,6144,2560,2048,gpu,100,c_cublas,1,0.27136,0.26931,0.27136,0.03371,1410,1
rs,6144,2560,2048,gpu,100,A_gemmrs,0,0.34816,0.34611,0.34816,0.06415,1410,1
rs,6144,2560,2048,gpu,100,c_fluxgemm_only,2,0.29286,0.28774,0.28979,0.02181,1410,1
rs,6144,2560,2048,gpu,101,c_cublas,2,0.27034,0.26931,0.27034,0.03518,1410,1
rs,6144,2560,2048,gpu,101,A_gemmrs,0,0.33075,0.32973,0.33075,0.06379,1410,1
rs,6144,2560,2048,gpu,101,c_fluxgemm_only,1,0.29184,0.28774,0.28979,0.01965,1410,1
rs,6144,2560,2048,gpu,102,c_cublas,0,0.29594,0.26931,0.26931,0.03323,1410,1
rs,6144,2560,2048,gpu,102,A_gemmrs,1,0.32666,0.32461,0.32563,0.06278,1410,1
rs,6144,2560,2048,gpu,102,c_fluxgemm_only,2,0.29286,0.28979,0.28979,0.02672,1410,1
rs,6144,2560,2048,gpu,103,c_cublas,1,0.27034,0.26931,0.26931,0.03661,1410,1
rs,6144,2560,2048,gpu,103,A_gemmrs,2,0.34406,0.34099,0.34304,0.06241,1410,1
rs,6144,2560,2048,gpu,103,c_fluxgemm_only,0,0.29491,0.28877,0.29082,0.01919,1410,1
rs,6144,2560,2048,gpu,104,c_cublas,0,0.27034,0.26829,0.27034,0.03514,1410,1
rs,6144,2560,2048,gpu,104,A_gemmrs,2,0.33075,0.32870,0.33075,0.06631,1410,1
rs,6144,2560,2048,gpu,104,c_fluxgemm_only,1,0.28979,0.28774,0.28979,0.02222,1410,1
rs,6144,2560,2048,gpu,105,c_cublas,1,0.27034,0.26829,0.27034,0.03623,1410,1
rs,6144,2560,2048,gpu,105,A_gemmrs,2,0.36352,0.36250,0.36352,0.06247,1410,1
rs,6144,2560,2048,gpu,105,c_fluxgemm_only,0,0.29184,0.28979,0.29082,0.02125,1410,1
rs,6144,2560,2048,gpu,106,c_cublas,2,0.27034,0.26931,0.27034,0.03649,1410,1
rs,6144,2560,2048,gpu,106,A_gemmrs,0,0.32768,0.32563,0.32768,0.05866,1410,1
rs,6144,2560,2048,gpu,106,c_fluxgemm_only,1,0.29491,0.28774,0.29491,0.02106,1410,1
rs,6144,2560,2048,gpu,107,c_cublas,1,0.27034,0.26931,0.27034,0.03348,1410,1
rs,6144,2560,2048,gpu,107,A_gemmrs,0,0.33178,0.32973,0.33178,0.06278,1410,1
rs,6144,2560,2048,gpu,107,c_fluxgemm_only,2,0.29184,0.28979,0.29184,0.02182,1410,1
rs,6144,2560,2048,gpu,108,c_cublas,2,0.27034,0.26931,0.27034,0.03463,1410,1
rs,6144,2560,2048,gpu,108,A_gemmrs,1,0.32563,0.32461,0.32563,0.06052,1410,1
rs,6144,2560,2048,gpu,108,c_fluxgemm_only,0,0.29184,0.28672,0.28979,0.01965,1410,1
rs,6144,2560,2048,gpu,109,c_cublas,0,0.27034,0.26829,0.27034,0.03233,1410,1
rs,6144,2560,2048,gpu,109,A_gemmrs,1,0.34099,0.33997,0.34099,0.06341,1410,1
rs,6144,2560,2048,gpu,109,c_fluxgemm_only,2,0.29491,0.28774,0.29491,0.02040,1410,1
rs,6144,2560,2048,gpu,110,c_cublas,0,0.27034,0.26931,0.27034,0.03549,1410,1
rs,6144,2560,2048,gpu,110,A_gemmrs,1,0.32563,0.32461,0.32563,0.06353,1410,1
rs,6144,2560,2048,gpu,110,c_fluxgemm_only,2,0.29184,0.28877,0.29082,0.02063,1410,1
rs,6144,2560,2048,gpu,111,c_cublas,0,0.43827,0.27034,0.27136,0.18386,1410,1
rs,6144,2560,2048,gpu,111,A_gemmrs,2,0.34714,0.34611,0.34714,0.12215,1410,1
rs,6144,2560,2048,gpu,111,c_fluxgemm_only,1,0.29286,0.28672,0.29082,0.11879,1410,1
rs,6144,2560,2048,gpu,112,c_cublas,2,0.27034,0.26931,0.27034,0.04052,1410,1
rs,6144,2560,2048,gpu,112,A_gemmrs,1,0.34099,0.33894,0.34099,0.07165,1410,1
rs,6144,2560,2048,gpu,112,c_fluxgemm_only,0,0.29082,0.28774,0.29082,0.02512,1410,1
rs,6144,2560,2048,gpu,113,c_cublas,2,0.27034,0.26931,0.27034,0.03684,1410,1
rs,6144,2560,2048,gpu,113,A_gemmrs,0,0.32666,0.32461,0.32666,0.06814,1410,1
rs,6144,2560,2048,gpu,113,c_fluxgemm_only,1,0.29491,0.28979,0.29491,0.02215,1410,1
rs,6144,2560,2048,gpu,114,c_cublas,0,0.27034,0.26931,0.27034,0.03347,1410,1
rs,6144,2560,2048,gpu,114,A_gemmrs,1,0.32358,0.32154,0.32358,0.06739,1410,1
rs,6144,2560,2048,gpu,114,c_fluxgemm_only,2,0.29286,0.28979,0.28979,0.02180,1410,1
rs,6144,2560,2048,gpu,115,c_cublas,0,0.27136,0.27034,0.27136,0.03556,1410,1
rs,6144,2560,2048,gpu,115,A_gemmrs,2,0.34304,0.34202,0.34304,0.09747,1410,1
rs,6144,2560,2048,gpu,115,c_fluxgemm_only,1,0.29389,0.28979,0.29389,0.04575,1410,1
rs,6144,2560,2048,gpu,116,c_cublas,2,0.27034,0.26931,0.27034,0.05341,1410,1
rs,6144,2560,2048,gpu,116,A_gemmrs,0,0.32768,0.32666,0.32768,0.07864,1410,1
rs,6144,2560,2048,gpu,116,c_fluxgemm_only,1,0.29491,0.29286,0.29491,0.02420,1410,1
rs,6144,2560,2048,gpu,117,c_cublas,2,0.27034,0.26931,0.27034,0.03795,1410,1
rs,6144,2560,2048,gpu,117,A_gemmrs,0,1.35578,0.38912,1.35578,0.08631,1410,1
rs,6144,2560,2048,gpu,117,c_fluxgemm_only,1,0.29286,0.28979,0.28979,0.02077,1410,1
rs,6144,2560,2048,gpu,118,c_cublas,0,0.26931,0.26931,0.26931,0.03178,1410,1
rs,6144,2560,2048,gpu,118,A_gemmrs,1,0.33690,0.33485,0.33690,0.06206,1410,1
rs,6144,2560,2048,gpu,118,c_fluxgemm_only,2,0.29286,0.28877,0.29082,0.02052,1410,1
rs,6144,2560,2048,gpu,119,c_cublas,0,0.27136,0.27034,0.27034,0.03646,1410,1
rs,6144,2560,2048,gpu,119,A_gemmrs,1,0.32870,0.32666,0.32870,0.06138,1410,1
rs,6144,2560,2048,gpu,119,c_fluxgemm_only,2,0.29491,0.28877,0.29491,0.02032,1410,1
rs,6144,2560,2048,gpu,120,c_cublas,0,0.26931,0.26931,0.26931,0.03528,1410,1
rs,6144,2560,2048,gpu,120,A_gemmrs,1,0.32768,0.32563,0.32768,0.06125,1410,1
rs,6144,2560,2048,gpu,120,c_fluxgemm_only,2,0.29286,0.28774,0.28979,0.02007,1410,1
rs,6144,2560,2048,gpu,121,c_cublas,2,0.27034,0.26931,0.26931,0.03399,1410,1
rs,6144,2560,2048,gpu,121,A_gemmrs,1,0.34406,0.34202,0.34406,0.06372,1410,1
rs,6144,2560,2048,gpu,121,c_fluxgemm_only,0,0.29286,0.28877,0.28979,0.01935,1410,1
rs,6144,2560,2048,gpu,122,c_cublas,1,0.27136,0.26931,0.27136,0.03338,1410,1
rs,6144,2560,2048,gpu,122,A_gemmrs,2,0.34714,0.34611,0.34714,0.06865,1410,1
rs,6144,2560,2048,gpu,122,c_fluxgemm_only,0,0.29286,0.28877,0.28877,0.02243,1410,1
rs,6144,2560,2048,gpu,123,c_cublas,2,0.27136,0.27034,0.27136,0.03444,1410,1
rs,6144,2560,2048,gpu,123,A_gemmrs,0,0.32358,0.32256,0.32358,0.05736,1410,1
rs,6144,2560,2048,gpu,123,c_fluxgemm_only,1,0.29286,0.28877,0.28979,0.02016,1410,1
rs,6144,2560,2048,gpu,124,c_cublas,1,0.27238,0.27136,0.27238,0.04013,1410,1
rs,6144,2560,2048,gpu,124,A_gemmrs,0,0.32870,0.32768,0.32870,0.06127,1410,1
rs,6144,2560,2048,gpu,124,c_fluxgemm_only,2,0.29491,0.28877,0.29491,0.02182,1410,1
rs,6144,2560,2048,gpu,125,c_cublas,2,0.27034,0.26931,0.27034,0.03392,1410,1
rs,6144,2560,2048,gpu,125,A_gemmrs,0,0.33178,0.33075,0.33178,0.06293,1410,1
rs,6144,2560,2048,gpu,125,c_fluxgemm_only,1,0.29389,0.28877,0.28979,0.02552,1410,1
rs,6144,2560,2048,gpu,126,c_cublas,2,0.27034,0.26931,0.27034,0.03346,1410,1
rs,6144,2560,2048,gpu,126,A_gemmrs,1,0.32666,0.32666,0.32666,0.08231,1410,1
rs,6144,2560,2048,gpu,126,c_fluxgemm_only,0,0.30720,0.28877,0.30720,0.02317,1410,1
rs,6144,2560,2048,gpu,127,c_cublas,2,0.27136,0.27034,0.27136,0.03315,1410,1
rs,6144,2560,2048,gpu,127,A_gemmrs,1,0.34406,0.34304,0.34406,0.05939,1410,1
rs,6144,2560,2048,gpu,127,c_fluxgemm_only,0,0.29389,0.29082,0.29082,0.02197,1410,1
rs,6144,2560,2048,gpu,128,c_cublas,2,0.27034,0.26931,0.27034,0.03393,1410,1
rs,6144,2560,2048,gpu,128,A_gemmrs,0,0.32666,0.32461,0.32666,0.06265,1410,1
rs,6144,2560,2048,gpu,128,c_fluxgemm_only,1,0.29389,0.28877,0.29082,0.02059,1410,1
rs,6144,2560,2048,gpu,129,c_cublas,0,0.27034,0.26931,0.26931,0.03184,1410,1
rs,6144,2560,2048,gpu,129,A_gemmrs,2,0.34714,0.34611,0.34714,0.06001,1410,1
rs,6144,2560,2048,gpu,129,c_fluxgemm_only,1,0.29184,0.28672,0.28877,0.02211,1410,1
rs,6144,2560,2048,gpu,130,c_cublas,1,0.27238,0.27034,0.27238,0.03429,1410,1
rs,6144,2560,2048,gpu,130,A_gemmrs,2,0.33075,0.32768,0.33075,0.06099,1410,1
rs,6144,2560,2048,gpu,130,c_fluxgemm_only,0,0.29389,0.29082,0.29389,0.02133,1410,1
rs,6144,2560,2048,gpu,131,c_cublas,2,0.27136,0.27034,0.27136,0.20684,1410,1
rs,6144,2560,2048,gpu,131,A_gemmrs,0,0.32666,0.32563,0.32666,0.05851,1410,1
rs,6144,2560,2048,gpu,131,c_fluxgemm_only,1,0.29286,0.28877,0.29082,0.02046,1410,1
rs,6144,2560,2048,gpu,132,c_cublas,2,0.27034,0.26931,0.26931,0.03412,1410,1
rs,6144,2560,2048,gpu,132,A_gemmrs,0,0.33280,0.33178,0.33280,0.06442,1410,1
rs,6144,2560,2048,gpu,132,c_fluxgemm_only,1,0.29594,0.28877,0.29594,0.02045,1410,1
rs,6144,2560,2048,gpu,133,c_cublas,1,0.27034,0.26931,0.27034,0.03351,1410,1
rs,6144,2560,2048,gpu,133,A_gemmrs,2,0.34099,0.33894,0.33997,0.06101,1410,1
rs,6144,2560,2048,gpu,133,c_fluxgemm_only,0,0.29286,0.28672,0.29286,0.02180,1410,1
rs,6144,2560,2048,gpu,134,c_cublas,1,0.27034,0.26931,0.27034,0.03311,1410,1
rs,6144,2560,2048,gpu,134,A_gemmrs,0,0.32870,0.32768,0.32870,0.06091,1410,1
rs,6144,2560,2048,gpu,134,c_fluxgemm_only,2,0.29286,0.28774,0.29082,0.02197,1410,1
rs,6144,2560,2048,gpu,135,c_cublas,1,0.27034,0.26931,0.27034,0.03298,1410,1
rs,6144,2560,2048,gpu,135,A_gemmrs,0,0.32666,0.32563,0.32666,0.06423,1410,1
rs,6144,2560,2048,gpu,135,c_fluxgemm_only,2,0.29389,0.28979,0.29184,0.02161,1410,1
rs,6144,2560,2048,gpu,136,c_cublas,2,0.27034,0.26931,0.26931,0.03270,1410,1
rs,6144,2560,2048,gpu,136,A_gemmrs,1,0.36045,0.36045,0.36045,0.05950,1410,1
rs,6144,2560,2048,gpu,136,c_fluxgemm_only,0,0.29184,0.28979,0.28979,0.01974,1410,1
rs,6144,2560,2048,gpu,137,c_cublas,1,0.27034,0.26829,0.26931,0.03332,1410,1
rs,6144,2560,2048,gpu,137,A_gemmrs,2,0.33075,0.32973,0.33075,0.06135,1410,1
rs,6144,2560,2048,gpu,137,c_fluxgemm_only,0,0.29286,0.28877,0.29286,0.02193,1410,1
rs,6144,2560,2048,gpu,138,c_cublas,1,0.27136,0.27034,0.27136,0.03417,1410,1
rs,6144,2560,2048,gpu,138,A_gemmrs,2,0.32973,0.32768,0.32973,0.07238,1410,1
rs,6144,2560,2048,gpu,138,c_fluxgemm_only,0,0.29286,0.28979,0.29082,0.02149,1410,1
rs,6144,2560,2048,gpu,139,c_cublas,1,0.27034,0.26931,0.27034,0.03306,1410,1
rs,6144,2560,2048,gpu,139,A_gemmrs,0,0.32666,0.32563,0.32563,0.05793,1410,1
rs,6144,2560,2048,gpu,139,c_fluxgemm_only,2,0.29491,0.28979,0.29491,0.02166,1410,1
rs,6144,2560,2048,gpu,140,c_cublas,0,0.27034,0.26931,0.26931,0.03449,1410,1
rs,6144,2560,2048,gpu,140,A_gemmrs,2,0.34202,0.33997,0.34202,0.06194,1410,1
rs,6144,2560,2048,gpu,140,c_fluxgemm_only,1,0.29389,0.28979,0.28979,0.02185,1410,1
rs,6144,2560,2048,gpu,141,c_cublas,2,0.27034,0.26931,0.27034,0.03416,1410,1
rs,6144,2560,2048,gpu,141,A_gemmrs,0,0.32768,0.32666,0.32768,0.05940,1410,1
rs,6144,2560,2048,gpu,141,c_fluxgemm_only,1,0.29082,0.28774,0.28979,0.02056,1410,1
rs,6144,2560,2048,gpu,142,c_cublas,2,0.27034,0.26931,0.27034,0.03292,1410,1
rs,6144,2560,2048,gpu,142,A_gemmrs,1,0.34816,0.34714,0.34816,0.05999,1410,1
rs,6144,2560,2048,gpu,142,c_fluxgemm_only,0,0.29286,0.28877,0.29286,0.02225,1410,1
rs,6144,2560,2048,gpu,143,c_cublas,0,0.27136,0.27034,0.27034,0.03121,1410,1
rs,6144,2560,2048,gpu,143,A_gemmrs,1,0.32563,0.32461,0.32461,0.06193,1410,1
rs,6144,2560,2048,gpu,143,c_fluxgemm_only,2,0.29389,0.28979,0.29082,0.02037,1410,1
rs,6144,2560,2048,gpu,144,c_cublas,2,0.27034,0.26931,0.27034,0.03292,1410,1
rs,6144,2560,2048,gpu,144,A_gemmrs,1,0.32973,0.32973,0.32973,0.05867,1410,1
rs,6144,2560,2048,gpu,144,c_fluxgemm_only,0,0.29184,0.28672,0.28774,0.01929,1410,1
rs,6144,2560,2048,gpu,145,c_cublas,2,0.27034,0.26931,0.26931,0.03297,1410,1
rs,6144,2560,2048,gpu,145,A_gemmrs,1,0.32973,0.32870,0.32973,0.05925,1410,1
rs,6144,2560,2048,gpu,145,c_fluxgemm_only,0,0.29389,0.28774,0.29082,0.02202,1410,1
rs,6144,2560,2048,gpu,146,c_cublas,2,0.27034,0.26931,0.27034,0.03379,1410,1
rs,6144,2560,2048,gpu,146,A_gemmrs,0,0.32358,0.32256,0.32358,0.06351,1410,1
rs,6144,2560,2048,gpu,146,c_fluxgemm_only,1,0.29389,0.28774,0.29389,0.02025,1410,1
rs,6144,2560,2048,gpu,147,c_cublas,1,0.27034,0.26931,0.27034,0.03248,1410,1
rs,6144,2560,2048,gpu,147,A_gemmrs,0,0.33997,0.33894,0.33894,0.06448,1410,1
rs,6144,2560,2048,gpu,147,c_fluxgemm_only,2,0.29491,0.29286,0.29491,0.02897,1410,1
rs,6144,2560,2048,gpu,148,c_cublas,2,0.27034,0.26931,0.26931,0.03862,1410,1
rs,6144,2560,2048,gpu,148,A_gemmrs,1,0.34611,0.34406,0.34611,0.05911,1410,1
rs,6144,2560,2048,gpu,148,c_fluxgemm_only,0,0.29491,0.28774,0.29491,0.01976,1410,1
rs,6144,2560,2048,gpu,149,c_cublas,2,0.27034,0.26829,0.27034,0.03558,1410,1
rs,6144,2560,2048,gpu,149,A_gemmrs,0,0.32973,0.32768,0.32870,0.06611,1410,1
rs,6144,2560,2048,gpu,149,c_fluxgemm_only,1,0.29389,0.28774,0.28979,0.02235,1410,1
rs,6144,2560,2048,gpu,150,c_cublas,0,0.27034,0.26931,0.26931,0.03159,1410,1
rs,6144,2560,2048,gpu,150,A_gemmrs,2,0.33178,0.32870,0.33178,0.06006,1410,1
rs,6144,2560,2048,gpu,150,c_fluxgemm_only,1,0.29594,0.28979,0.29594,0.02230,1410,1
rs,6144,2560,2048,gpu,151,c_cublas,2,0.27136,0.27034,0.27136,0.03467,1410,1
rs,6144,2560,2048,gpu,151,A_gemmrs,0,0.32973,0.32870,0.32973,0.06390,1410,1
rs,6144,2560,2048,gpu,151,c_fluxgemm_only,1,0.29286,0.28877,0.29286,0.02047,1410,1
rs,6144,2560,2048,gpu,152,c_cublas,0,0.27034,0.26931,0.26931,0.03142,1410,1
rs,6144,2560,2048,gpu,152,A_gemmrs,2,0.34202,0.34099,0.34202,0.05933,1410,1
rs,6144,2560,2048,gpu,152,c_fluxgemm_only,1,0.29491,0.28877,0.28877,0.02243,1410,1
rs,6144,2560,2048,gpu,153,c_cublas,2,0.27034,0.26829,0.26931,0.03409,1410,1
rs,6144,2560,2048,gpu,153,A_gemmrs,0,0.32461,0.32358,0.32461,0.07256,1410,1
rs,6144,2560,2048,gpu,153,c_fluxgemm_only,1,0.29286,0.28979,0.28979,0.02026,1410,1
rs,6144,2560,2048,gpu,154,c_cublas,2,0.27034,0.26931,0.27034,0.03380,1410,1
rs,6144,2560,2048,gpu,154,A_gemmrs,0,0.34918,0.34611,0.34918,0.06706,1410,1
rs,6144,2560,2048,gpu,154,c_fluxgemm_only,1,0.29286,0.28774,0.28979,0.02038,1410,1
rs,6144,2560,2048,gpu,155,c_cublas,2,0.27136,0.26931,0.27034,0.03329,1410,1
rs,6144,2560,2048,gpu,155,A_gemmrs,1,0.32666,0.32461,0.32666,0.05975,1410,1
rs,6144,2560,2048,gpu,155,c_fluxgemm_only,0,0.29286,0.28877,0.29184,0.02192,1410,1
rs,6144,2560,2048,gpu,156,c_cublas,2,0.27136,0.27034,0.27136,0.03305,1410,1
rs,6144,2560,2048,gpu,156,A_gemmrs,1,0.32870,0.32768,0.32870,0.05941,1410,1
rs,6144,2560,2048,gpu,156,c_fluxgemm_only,0,0.29184,0.28877,0.28877,0.02348,1410,1
rs,6144,2560,2048,gpu,157,c_cublas,0,0.27034,0.26931,0.27034,0.03184,1410,1
rs,6144,2560,2048,gpu,157,A_gemmrs,1,0.33178,0.33075,0.33178,0.06246,1410,1
rs,6144,2560,2048,gpu,157,c_fluxgemm_only,2,0.29389,0.28877,0.29389,0.02070,1410,1
rs,6144,2560,2048,gpu,158,c_cublas,1,0.27136,0.27034,0.27136,0.03487,1410,1
rs,6144,2560,2048,gpu,158,A_gemmrs,2,0.34202,0.33997,0.34202,0.06548,1410,1
rs,6144,2560,2048,gpu,158,c_fluxgemm_only,0,0.29082,0.28979,0.28979,0.01930,1410,1
rs,6144,2560,2048,gpu,159,c_cublas,2,0.27136,0.27034,0.27136,0.03439,1410,1
rs,6144,2560,2048,gpu,159,A_gemmrs,0,0.32768,0.32768,0.32768,0.05787,1410,1
rs,6144,2560,2048,gpu,159,c_fluxgemm_only,1,0.29184,0.28774,0.28979,0.01979,1410,1
rs,6144,2560,2048,gpu,160,c_cublas,1,0.27136,0.27034,0.27136,0.03225,1410,1
rs,6144,2560,2048,gpu,160,A_gemmrs,0,0.34816,0.34714,0.34816,0.06323,1410,1
rs,6144,2560,2048,gpu,160,c_fluxgemm_only,2,0.28979,0.28774,0.28979,0.02198,1410,1
rs,6144,2560,2048,gpu,161,c_cublas,2,0.27034,0.26931,0.26931,0.03343,1410,1
rs,6144,2560,2048,gpu,161,A_gemmrs,1,0.32461,0.32358,0.32358,0.05927,1410,1
rs,6144,2560,2048,gpu,161,c_fluxgemm_only,0,0.29286,0.28774,0.29286,0.01997,1410,1
rs,6144,2560,2048,gpu,162,c_cublas,2,0.27034,0.26931,0.26931,0.03428,1410,1
rs,6144,2560,2048,gpu,162,A_gemmrs,0,0.32666,0.32461,0.32666,0.06533,1410,1
rs,6144,2560,2048,gpu,162,c_fluxgemm_only,1,0.29389,0.28774,0.29389,0.02033,1410,1
rs,6144,2560,2048,gpu,163,c_cublas,1,0.27034,0.26931,0.26931,0.03327,1410,1
rs,6144,2560,2048,gpu,163,A_gemmrs,2,0.32973,0.32768,0.32973,0.06249,1410,1
rs,6144,2560,2048,gpu,163,c_fluxgemm_only,0,0.29491,0.28774,0.29491,0.02165,1410,1
rs,6144,2560,2048,gpu,164,c_cublas,2,0.26931,0.26931,0.26931,0.03395,1410,1
rs,6144,2560,2048,gpu,164,A_gemmrs,0,0.33178,0.32973,0.33178,0.06133,1410,1
rs,6144,2560,2048,gpu,164,c_fluxgemm_only,1,0.29286,0.28979,0.29184,0.02013,1410,1
rs,6144,2560,2048,gpu,165,c_cublas,0,0.26931,0.26931,0.26931,0.03187,1410,1
rs,6144,2560,2048,gpu,165,A_gemmrs,1,0.34406,0.34099,0.34304,0.06203,1410,1
rs,6144,2560,2048,gpu,165,c_fluxgemm_only,2,0.29286,0.28877,0.29286,0.02033,1410,1
rs,6144,2560,2048,gpu,166,c_cublas,2,0.27034,0.26829,0.27034,0.03290,1410,1
rs,6144,2560,2048,gpu,166,A_gemmrs,1,0.35123,0.35021,0.35123,0.05844,1410,1
rs,6144,2560,2048,gpu,166,c_fluxgemm_only,0,0.29389,0.28774,0.29389,0.01970,1410,1
rs,6144,2560,2048,gpu,167,c_cublas,0,0.27136,0.27034,0.27136,0.03148,1410,1
rs,6144,2560,2048,gpu,167,A_gemmrs,1,0.32666,0.32461,0.32666,0.08590,1410,1
rs,6144,2560,2048,gpu,167,c_fluxgemm_only,2,0.29696,0.28877,0.29696,0.02048,1410,1
rs,6144,2560,2048,gpu,168,c_cublas,1,0.27136,0.27034,0.27136,0.03285,1410,1
rs,6144,2560,2048,gpu,168,A_gemmrs,0,0.32973,0.32870,0.32973,0.05932,1410,1
rs,6144,2560,2048,gpu,168,c_fluxgemm_only,2,0.29389,0.28877,0.29389,0.02159,1410,1
rs,6144,2560,2048,gpu,169,c_cublas,0,0.27034,0.26931,0.27034,0.03435,1410,1
rs,6144,2560,2048,gpu,169,A_gemmrs,1,0.32768,0.32563,0.32666,0.06125,1410,1
rs,6144,2560,2048,gpu,169,c_fluxgemm_only,2,0.29184,0.28774,0.28979,0.02004,1410,1
rs,6144,2560,2048,gpu,170,c_cublas,0,0.27034,0.26931,0.27034,0.03501,1410,1
rs,6144,2560,2048,gpu,170,A_gemmrs,2,0.33280,0.33075,0.33280,0.05881,1410,1
rs,6144,2560,2048,gpu,170,c_fluxgemm_only,1,0.29082,0.28979,0.29082,0.02161,1410,1
rs,6144,2560,2048,gpu,171,c_cublas,2,0.27136,0.27034,0.27136,0.03401,1410,1
rs,6144,2560,2048,gpu,171,A_gemmrs,0,0.34509,0.34509,0.34509,0.05953,1410,1
rs,6144,2560,2048,gpu,171,c_fluxgemm_only,1,0.29184,0.28774,0.28979,0.01979,1410,1
rs,6144,2560,2048,gpu,172,c_cublas,2,0.27034,0.26931,0.27034,0.03357,1410,1
rs,6144,2560,2048,gpu,172,A_gemmrs,0,0.34714,0.34509,0.34611,0.06310,1410,1
rs,6144,2560,2048,gpu,172,c_fluxgemm_only,1,0.29286,0.28979,0.29082,0.02003,1410,1
rs,6144,2560,2048,gpu,173,c_cublas,2,0.27034,0.26931,0.27034,0.03302,1410,1
rs,6144,2560,2048,gpu,173,A_gemmrs,1,0.32666,0.32461,0.32563,0.05984,1410,1
rs,6144,2560,2048,gpu,173,c_fluxgemm_only,0,0.29389,0.28774,0.29389,0.02167,1410,1
rs,6144,2560,2048,gpu,174,c_cublas,2,0.27034,0.26931,0.26931,0.04027,1410,1
rs,6144,2560,2048,gpu,174,A_gemmrs,0,0.32973,0.32768,0.32973,0.06403,1410,1
rs,6144,2560,2048,gpu,174,c_fluxgemm_only,1,0.29389,0.28877,0.29389,0.02002,1410,1
rs,6144,2560,2048,gpu,175,c_cublas,1,0.27034,0.26931,0.27034,0.03358,1410,1
rs,6144,2560,2048,gpu,175,A_gemmrs,2,0.32870,0.32768,0.32870,0.06838,1410,1
rs,6144,2560,2048,gpu,175,c_fluxgemm_only,0,0.29286,0.28979,0.29082,0.02193,1410,1
rs,6144,2560,2048,gpu,176,c_cublas,0,0.27034,0.26931,0.26931,0.03403,1410,1
rs,6144,2560,2048,gpu,176,A_gemmrs,1,0.32973,0.32768,0.32973,0.09216,1410,1
rs,6144,2560,2048,gpu,176,c_fluxgemm_only,2,0.29286,0.28774,0.29082,0.02093,1410,1
rs,6144,2560,2048,gpu,177,c_cublas,0,0.27034,0.26931,0.26931,0.03487,1410,1
rs,6144,2560,2048,gpu,177,A_gemmrs,1,0.35226,0.35123,0.35226,0.06170,1410,1
rs,6144,2560,2048,gpu,177,c_fluxgemm_only,2,0.29286,0.28979,0.28979,0.02055,1410,1
rs,6144,2560,2048,gpu,178,c_cublas,0,0.27034,0.26931,0.26931,0.03490,1410,1
rs,6144,2560,2048,gpu,178,A_gemmrs,2,0.34816,0.34714,0.34816,0.06003,1410,1
rs,6144,2560,2048,gpu,178,c_fluxgemm_only,1,0.29491,0.29286,0.29491,0.02197,1410,1
rs,6144,2560,2048,gpu,179,c_cublas,0,0.27136,0.27034,0.27136,0.03401,1410,1
rs,6144,2560,2048,gpu,179,A_gemmrs,1,0.32563,0.32461,0.32563,0.06256,1410,1
rs,6144,2560,2048,gpu,179,c_fluxgemm_only,2,0.29389,0.29082,0.29389,0.02040,1410,1
rs,6144,2560,2048,gpu,180,c_cublas,1,0.27034,0.26931,0.26931,0.03481,1410,1
rs,6144,2560,2048,gpu,180,A_gemmrs,2,0.32870,0.32666,0.32870,0.06182,1410,1
rs,6144,2560,2048,gpu,180,c_fluxgemm_only,0,0.29389,0.28672,0.29389,0.01933,1410,1
rs,6144,2560,2048,gpu,181,c_cublas,2,0.27034,0.26931,0.26931,0.03328,1410,1
rs,6144,2560,2048,gpu,181,A_gemmrs,1,0.32358,0.32154,0.32358,0.05878,1410,1
rs,6144,2560,2048,gpu,181,c_fluxgemm_only,0,0.29491,0.29184,0.29491,0.02134,1410,1
rs,6144,2560,2048,gpu,182,c_cublas,1,0.27136,0.27034,0.27136,0.03366,1410,1
rs,6144,2560,2048,gpu,182,A_gemmrs,2,0.32563,0.32358,0.32563,0.06143,1410,1
rs,6144,2560,2048,gpu,182,c_fluxgemm_only,0,0.29389,0.28774,0.29389,0.02219,1410,1
rs,6144,2560,2048,gpu,183,c_cublas,2,0.27136,0.27034,0.27136,0.03402,1410,1
rs,6144,2560,2048,gpu,183,A_gemmrs,0,0.34202,0.33997,0.34202,0.06569,1410,1
rs,6144,2560,2048,gpu,183,c_fluxgemm_only,1,0.29491,0.28979,0.29491,0.02070,1410,1
rs,6144,2560,2048,gpu,184,c_cublas,2,0.27034,0.26931,0.27034,0.03367,1410,1
rs,6144,2560,2048,gpu,184,A_gemmrs,0,0.33382,0.33178,0.33382,0.06214,1410,1
rs,6144,2560,2048,gpu,184,c_fluxgemm_only,1,0.29389,0.28979,0.29184,0.02014,1410,1
rs,6144,2560,2048,gpu,185,c_cublas,2,0.27034,0.26931,0.27034,0.03420,1410,1
rs,6144,2560,2048,gpu,185,A_gemmrs,0,0.34918,0.34816,0.34918,0.06306,1410,1
rs,6144,2560,2048,gpu,185,c_fluxgemm_only,1,0.29286,0.28877,0.29286,0.01998,1410,1
rs,6144,2560,2048,gpu,186,c_cublas,2,0.27034,0.26931,0.26931,0.03352,1410,1
rs,6144,2560,2048,gpu,186,A_gemmrs,1,0.32358,0.32256,0.32358,0.05984,1410,1
rs,6144,2560,2048,gpu,186,c_fluxgemm_only,0,0.29286,0.28979,0.28979,0.02222,1410,1
rs,6144,2560,2048,gpu,187,c_cublas,2,0.27136,0.27034,0.27136,0.03364,1410,1
rs,6144,2560,2048,gpu,187,A_gemmrs,0,0.32666,0.32563,0.32666,0.06209,1410,1
rs,6144,2560,2048,gpu,187,c_fluxgemm_only,1,0.29286,0.28979,0.28979,0.01997,1410,1
rs,6144,2560,2048,gpu,188,c_cublas,0,0.27034,0.26931,0.27034,0.03143,1410,1
rs,6144,2560,2048,gpu,188,A_gemmrs,2,0.34611,0.34304,0.34611,0.06523,1410,1
rs,6144,2560,2048,gpu,188,c_fluxgemm_only,1,0.29184,0.28877,0.28979,0.02205,1410,1
rs,6144,2560,2048,gpu,189,c_cublas,1,0.27034,0.26829,0.26931,0.03265,1410,1
rs,6144,2560,2048,gpu,189,A_gemmrs,0,0.32973,0.32768,0.32973,0.05768,1410,1
rs,6144,2560,2048,gpu,189,c_fluxgemm_only,2,0.29082,0.28877,0.28979,0.02188,1410,1
rs,6144,2560,2048,gpu,190,c_cublas,1,0.27136,0.27034,0.27136,0.03468,1410,1
rs,6144,2560,2048,gpu,190,A_gemmrs,2,0.34611,0.34406,0.34611,0.06144,1410,1
rs,6144,2560,2048,gpu,190,c_fluxgemm_only,0,0.29286,0.28672,0.28979,0.01941,1410,1
rs,6144,2560,2048,gpu,191,c_cublas,2,0.27136,0.27034,0.27034,0.03324,1410,1
rs,6144,2560,2048,gpu,191,A_gemmrs,1,0.32358,0.32358,0.32358,0.05809,1410,1
rs,6144,2560,2048,gpu,191,c_fluxgemm_only,0,0.29491,0.29082,0.29082,0.02133,1410,1
rs,6144,2560,2048,gpu,192,c_cublas,1,0.27034,0.26931,0.27034,0.03304,1410,1
rs,6144,2560,2048,gpu,192,A_gemmrs,2,0.33075,0.32973,0.32973,0.06135,1410,1
rs,6144,2560,2048,gpu,192,c_fluxgemm_only,0,0.29389,0.28774,0.28979,0.02215,1410,1
rs,6144,2560,2048,gpu,193,c_cublas,2,0.27034,0.26931,0.27034,0.03387,1410,1
rs,6144,2560,2048,gpu,193,A_gemmrs,0,0.33075,0.32768,0.33075,0.05995,1410,1
rs,6144,2560,2048,gpu,193,c_fluxgemm_only,1,0.29184,0.28774,0.29082,0.01985,1410,1
rs,6144,2560,2048,gpu,194,c_cublas,2,0.27034,0.26931,0.27034,0.03286,1410,1
rs,6144,2560,2048,gpu,194,A_gemmrs,1,0.33894,0.33894,0.33894,0.06022,1410,1
rs,6144,2560,2048,gpu,194,c_fluxgemm_only,0,0.28877,0.28672,0.28877,0.02182,1410,1
rs,6144,2560,2048,gpu,195,c_cublas,1,0.27034,0.26931,0.26931,0.04623,1410,1
rs,6144,2560,2048,gpu,195,A_gemmrs,2,0.32973,0.32870,0.32973,0.06197,1410,1
rs,6144,2560,2048,gpu,195,c_fluxgemm_only,0,0.29389,0.28979,0.29389,0.02209,1410,1
rs,6144,2560,2048,gpu,196,c_cublas,1,0.27034,0.26931,0.27034,0.03432,1410,1
rs,6144,2560,2048,gpu,196,A_gemmrs,2,0.35123,0.34918,0.35021,0.06228,1410,1
rs,6144,2560,2048,gpu,196,c_fluxgemm_only,0,0.29389,0.28774,0.29184,0.02241,1410,1
rs,6144,2560,2048,gpu,197,c_cublas,1,0.27034,0.26931,0.27034,0.03275,1410,1
rs,6144,2560,2048,gpu,197,A_gemmrs,0,0.32358,0.32154,0.32358,0.05883,1410,1
rs,6144,2560,2048,gpu,197,c_fluxgemm_only,2,0.29389,0.28774,0.29389,0.02180,1410,1
rs,6144,2560,2048,gpu,198,c_cublas,1,0.27034,0.26931,0.26931,0.03346,1410,1
rs,6144,2560,2048,gpu,198,A_gemmrs,0,0.32461,0.32256,0.32461,0.06336,1410,1
rs,6144,2560,2048,gpu,198,c_fluxgemm_only,2,0.29082,0.28774,0.28877,0.02152,1410,1
rs,6144,2560,2048,gpu,199,c_cublas,1,0.27034,0.26829,0.27034,0.03423,1410,1
rs,6144,2560,2048,gpu,199,A_gemmrs,2,0.32973,0.32870,0.32870,0.06409,1410,1
rs,6144,2560,2048,gpu,199,c_fluxgemm_only,0,0.29389,0.28979,0.29389,0.01963,1410,1
rs,6144,2560,2048,steady,0,c_cublas,1,0.29056,0.28653,0.28838,0.01712,0,1
rs,6144,2560,2048,steady,0,A_gemmrs,0,0.36781,0.35667,0.35667,0.03979,0,1
rs,6144,2560,2048,steady,0,c_fluxgemm_only,2,0.30573,0.30170,0.30445,0.01228,0,1
rs,6144,2560,2048,steady,1,c_cublas,1,0.28742,0.28429,0.28742,0.01339,0,1
rs,6144,2560,2048,steady,1,A_gemmrs,0,0.34074,0.34067,0.34074,0.03450,0,1
rs,6144,2560,2048,steady,1,c_fluxgemm_only,2,0.30714,0.30214,0.30714,0.01214,0,1
rs,6144,2560,2048,steady,2,c_cublas,2,0.29075,0.28749,0.29075,0.01331,0,1
rs,6144,2560,2048,steady,2,A_gemmrs,0,0.34317,0.34304,0.34304,0.03408,0,1
rs,6144,2560,2048,steady,2,c_fluxgemm_only,1,0.30810,0.30234,0.30810,0.01183,0,1
rs,6144,2560,2048,steady,3,c_cublas,0,0.29478,0.28768,0.29478,0.01277,0,1
rs,6144,2560,2048,steady,3,A_gemmrs,1,0.34726,0.34714,0.34726,0.03521,0,1
rs,6144,2560,2048,steady,3,c_fluxgemm_only,2,0.31110,0.30586,0.31110,0.01173,0,1
rs,6144,2560,2048,steady,4,c_cublas,0,0.29568,0.28838,0.29568,0.01338,1290,1
rs,6144,2560,2048,steady,4,A_gemmrs,1,0.34688,0.34682,0.34688,0.03352,1290,1
rs,6144,2560,2048,steady,4,c_fluxgemm_only,2,0.31213,0.30541,0.31213,0.01171,1290,1
rs,6144,2560,2048,steady,5,c_cublas,1,0.29542,0.28832,0.29542,0.02183,1275,1
rs,6144,2560,2048,steady,5,A_gemmrs,0,0.35270,0.35258,0.35270,0.03466,1275,1
rs,6144,2560,2048,steady,5,c_fluxgemm_only,2,0.31219,0.30541,0.31219,0.01681,1275,1
rs,6144,2560,2048,steady,6,c_cublas,1,0.29536,0.28845,0.29536,0.01415,1275,1
rs,6144,2560,2048,steady,6,A_gemmrs,0,0.34746,0.34733,0.34746,0.03422,1275,1
rs,6144,2560,2048,steady,6,c_fluxgemm_only,2,0.31174,0.30579,0.31174,0.01177,1275,1
rs,6144,2560,2048,steady,7,c_cublas,2,0.29530,0.28851,0.29530,0.01313,1275,1
rs,6144,2560,2048,steady,7,A_gemmrs,1,0.34624,0.34618,0.34624,0.03498,1275,1
rs,6144,2560,2048,steady,7,c_fluxgemm_only,0,0.31264,0.30669,0.31264,0.01109,1275,1
rs,6144,2560,2048,steady,8,c_cublas,0,0.29670,0.28832,0.29670,0.01229,1275,1
rs,6144,2560,2048,steady,8,A_gemmrs,1,0.34803,0.34797,0.34803,0.03172,1275,1
rs,6144,2560,2048,steady,8,c_fluxgemm_only,2,0.31194,0.30573,0.31194,0.01130,1275,1
rs,6144,2560,2048,steady,9,c_cublas,1,0.29536,0.28832,0.29536,0.01285,1275,1
rs,6144,2560,2048,steady,9,A_gemmrs,0,0.35386,0.35366,0.35366,0.03184,1275,1
rs,6144,2560,2048,steady,9,c_fluxgemm_only,2,0.31219,0.30592,0.31219,0.01131,1275,1
rs,6144,2560,2048,steady,10,c_cublas,0,0.29907,0.28832,0.29542,0.01926,1275,1
rs,6144,2560,2048,steady,10,A_gemmrs,2,0.34643,0.34630,0.34643,0.03438,1275,1
rs,6144,2560,2048,steady,10,c_fluxgemm_only,1,0.31238,0.30573,0.31238,0.01203,1275,1
rs,6144,2560,2048,steady,11,c_cublas,1,0.29427,0.28838,0.29427,0.01785,1275,1
rs,6144,2560,2048,steady,11,A_gemmrs,2,0.34739,0.34726,0.34739,0.03486,1275,1
rs,6144,2560,2048,steady,11,c_fluxgemm_only,0,0.31424,0.30611,0.31424,0.01355,1275,1
rs,6144,2560,2048,steady,12,c_cublas,1,0.29421,0.28755,0.29421,0.01526,1275,1
rs,6144,2560,2048,steady,12,A_gemmrs,0,0.35373,0.34778,0.35373,0.04148,1275,1
rs,6144,2560,2048,steady,12,c_fluxgemm_only,2,0.31104,0.30470,0.31104,0.01261,1275,1
rs,6144,2560,2048,steady,13,c_cublas,0,0.29600,0.28768,0.29600,0.01334,1275,1
rs,6144,2560,2048,steady,13,A_gemmrs,2,0.34733,0.34720,0.34733,0.03455,1275,1
rs,6144,2560,2048,steady,13,c_fluxgemm_only,1,0.31098,0.30438,0.31098,0.01196,1275,1
rs,6144,2560,2048,steady,14,c_cublas,2,0.29427,0.28486,0.29427,0.01355,1275,1
rs,6144,2560,2048,steady,14,A_gemmrs,0,0.34630,0.34406,0.34598,0.03404,1275,1
rs,6144,2560,2048,steady,14,c_fluxgemm_only,1,0.31130,0.30208,0.31130,0.01187,1275,1
rs,6144,2560,2048,steady,15,c_cublas,2,0.29421,0.28422,0.29421,0.01342,1275,1
rs,6144,2560,2048,steady,15,A_gemmrs,1,0.34675,0.34662,0.34675,0.03393,1275,1
rs,6144,2560,2048,steady,15,c_fluxgemm_only,0,0.31200,0.30208,0.31200,0.01204,1275,1
rs,6144,2560,2048,steady,16,c_cublas,2,0.29421,0.28403,0.29421,0.03316,1275,1
rs,6144,2560,2048,steady,16,A_gemmrs,0,0.35450,0.35418,0.35418,0.03526,1275,1
rs,6144,2560,2048,steady,16,c_fluxgemm_only,1,0.31117,0.30131,0.31117,0.01174,1275,1
rs,6144,2560,2048,steady,17,c_cublas,0,0.29574,0.28403,0.29574,0.01289,1275,1
rs,6144,2560,2048,steady,17,A_gemmrs,2,0.34701,0.34688,0.34701,0.03379,1275,1
rs,6144,2560,2048,steady,17,c_fluxgemm_only,1,0.31110,0.30170,0.31110,0.01186,1275,1
rs,6144,2560,2048,steady,18,c_cublas,2,0.29414,0.28403,0.29414,0.01377,1275,1
rs,6144,2560,2048,steady,18,A_gemmrs,1,0.34867,0.34854,0.34867,0.03301,1275,1
rs,6144,2560,2048,steady,18,c_fluxgemm_only,0,0.31232,0.30208,0.31232,0.01205,1275,1
rs,6144,2560,2048,steady,19,c_cublas,0,0.29549,0.28403,0.29549,0.01290,1275,1
rs,6144,2560,2048,steady,19,A_gemmrs,2,0.34573,0.34566,0.34566,0.03419,1275,1
rs,6144,2560,2048,steady,19,c_fluxgemm_only,1,0.31104,0.30163,0.31104,0.01195,1275,1
rs,6144,2560,2048,steady,20,c_cublas,1,0.29421,0.28410,0.29421,0.02264,1275,1
rs,6144,2560,2048,steady,20,A_gemmrs,0,0.36890,0.34720,0.36890,0.04030,1275,1
rs,6144,2560,2048,steady,20,c_fluxgemm_only,2,0.31110,0.30157,0.31110,0.01294,1275,1
rs,6144,2560,2048,steady,21,c_cublas,0,0.29587,0.28416,0.29587,0.01350,1275,1
rs,6144,2560,2048,steady,21,A_gemmrs,2,0.34656,0.34650,0.34656,0.03336,1275,1
rs,6144,2560,2048,steady,21,c_fluxgemm_only,1,0.31123,0.30144,0.31123,0.01198,1275,1
rs,6144,2560,2048,steady,22,c_cublas,0,0.29594,0.28672,0.29594,0.01338,1275,1
rs,6144,2560,2048,steady,22,A_gemmrs,1,0.35085,0.35072,0.35085,0.03420,1275,1
rs,6144,2560,2048,steady,22,c_fluxgemm_only,2,0.31149,0.30234,0.31149,0.01183,1275,1
rs,6144,2560,2048,steady,23,c_cublas,2,0.29760,0.28768,0.29760,0.01430,1275,1
rs,6144,2560,2048,steady,23,A_gemmrs,0,0.34413,0.34413,0.34413,0.03386,1275,1
rs,6144,2560,2048,steady,23,c_fluxgemm_only,1,0.31194,0.30464,0.31194,0.01176,1275,1
rs,6144,2560,2048,steady,24,c_cublas,2,0.29888,0.28768,0.29888,0.01329,1275,1
rs,6144,2560,2048,steady,24,A_gemmrs,0,0.34925,0.34893,0.34893,0.03358,1275,1
rs,6144,2560,2048,steady,24,c_fluxgemm_only,1,0.31475,0.30458,0.31475,0.01224,1275,1
rs,6144,2560,2048,steady,25,c_cublas,0,0.30272,0.28832,0.30272,0.01351,1275,1
rs,6144,2560,2048,steady,25,A_gemmrs,2,0.35437,0.35424,0.35437,0.03442,1275,1
rs,6144,2560,2048,steady,25,c_fluxgemm_only,1,0.31789,0.30554,0.31789,0.01198,1275,1
rs,6144,2560,2048,steady,26,c_cublas,1,0.31264,0.29171,0.31264,0.01323,1200,0
rs,6144,2560,2048,steady,26,A_gemmrs,0,0.35693,0.35648,0.35661,0.03365,1200,0
rs,6144,2560,2048,steady,26,c_fluxgemm_only,2,0.32928,0.30867,0.32928,0.01232,1200,0
rs,6144,2560,2048,steady,27,c_cublas,1,0.31251,0.29523,0.31251,0.01331,1200,0
rs,6144,2560,2048,steady,27,A_gemmrs,2,0.36230,0.36224,0.36230,0.03414,1200,0
rs,6144,2560,2048,steady,27,c_fluxgemm_only,0,0.32934,0.31194,0.32934,0.01201,1200,0
rs,6144,2560,2048,steady,28,c_cublas,1,0.31226,0.29626,0.31226,0.01847,1200,0
rs,6144,2560,2048,steady,28,A_gemmrs,2,0.36090,0.36083,0.36090,0.03415,1200,0
rs,6144,2560,2048,steady,28,c_fluxgemm_only,0,0.32966,0.31501,0.32966,0.01303,1200,0
rs,6144,2560,2048,steady,29,c_cublas,1,0.30874,0.29248,0.30874,0.01356,1200,0
rs,6144,2560,2048,steady,29,A_gemmrs,0,0.35987,0.35866,0.35962,0.03253,1200,0
rs,6144,2560,2048,steady,29,c_fluxgemm_only,2,0.32410,0.30810,0.32410,0.01138,1200,0
rs,6144,2560,2048,steady,30,c_cublas,2,0.30502,0.29005,0.30502,0.01314,1230,1
rs,6144,2560,2048,steady,30,A_gemmrs,1,0.35635,0.35622,0.35635,0.03178,1230,1
rs,6144,2560,2048,steady,30,c_fluxgemm_only,0,0.32422,0.30797,0.32422,0.01123,1230,1
rs,6144,2560,2048,steady,31,c_cublas,2,0.30144,0.28666,0.30144,0.01257,1230,1
rs,6144,2560,2048,steady,31,A_gemmrs,0,0.35776,0.35770,0.35776,0.03180,1230,1
rs,6144,2560,2048,steady,31,c_fluxgemm_only,1,0.31814,0.30368,0.31814,0.01120,1230,1
rs,6144,2560,2048,steady,32,c_cublas,2,0.29766,0.28659,0.29766,0.01255,1230,1
rs,6144,2560,2048,steady,32,A_gemmrs,1,0.34867,0.34854,0.34867,0.03183,1230,1
rs,6144,2560,2048,steady,32,c_fluxgemm_only,0,0.31942,0.30374,0.31942,0.01156,1230,1
rs,6144,2560,2048,steady,33,c_cublas,1,0.29754,0.28659,0.29754,0.01297,1260,1
rs,6144,2560,2048,steady,33,A_gemmrs,0,0.35565,0.35558,0.35565,0.03126,1260,1
rs,6144,2560,2048,steady,33,c_fluxgemm_only,2,0.31456,0.30362,0.31456,0.01133,1260,1
rs,6144,2560,2048,steady,34,c_cublas,0,0.29946,0.28646,0.29946,0.01291,1260,1
rs,6144,2560,2048,steady,34,A_gemmrs,1,0.34976,0.34970,0.34970,0.03142,1260,1
rs,6144,2560,2048,steady,34,c_fluxgemm_only,2,0.31475,0.30330,0.31475,0.01161,1260,1
rs,6144,2560,2048,steady,35,c_cublas,1,0.29760,0.28486,0.29760,0.01526,1260,1
rs,6144,2560,2048,steady,35,A_gemmrs,0,0.35667,0.35654,0.35667,0.03152,1260,1
rs,6144,2560,2048,steady,35,c_fluxgemm_only,2,0.31488,0.30240,0.31488,0.01130,1260,1
rs,6144,2560,2048,steady,36,c_cublas,2,0.29856,0.28480,0.29856,0.01254,1260,1
rs,6144,2560,2048,steady,36,A_gemmrs,1,0.34861,0.34854,0.34861,0.03191,1260,1
rs,6144,2560,2048,steady,36,c_fluxgemm_only,0,0.31507,0.30221,0.31507,0.01105,1260,1
rs,6144,2560,2048,steady,37,c_cublas,0,0.30003,0.28486,0.30003,0.01225,1260,1
rs,6144,2560,2048,steady,37,A_gemmrs,1,0.34803,0.34803,0.34803,0.03190,1260,1
rs,6144,2560,2048,steady,37,c_fluxgemm_only,2,0.31206,0.30227,0.31206,0.01114,1260,1
rs,6144,2560,2048,steady,38,c_cublas,0,0.29651,0.28467,0.29651,0.01301,1260,1
rs,6144,2560,2048,steady,38,A_gemmrs,1,0.34605,0.34592,0.34598,0.03150,1260,1
rs,6144,2560,2048,steady,38,c_fluxgemm_only,2,0.31226,0.30246,0.31226,0.01111,1260,1
rs,6144,2560,2048,steady,39,c_cublas,0,0.29670,0.28480,0.29670,0.01265,1260,1
rs,6144,2560,2048,steady,39,A_gemmrs,2,0.34662,0.34650,0.34662,0.03160,1260,1
rs,6144,2560,2048,steady,39,c_fluxgemm_only,1,0.31187,0.30202,0.31187,0.01120,1260,1
rs,6144,2560,2048,steady,40,c_cublas,2,0.29523,0.28486,0.29523,0.01320,1275,1
rs,6144,2560,2048,steady,40,A_gemmrs,0,0.34810,0.34477,0.34477,0.03157,1275,1
rs,6144,2560,2048,steady,40,c_fluxgemm_only,1,0.31200,0.30208,0.31200,0.01128,1275,1
rs,6144,2560,2048,steady,41,c_cublas,2,0.29542,0.28768,0.29542,0.01258,1275,1
rs,6144,2560,2048,steady,41,A_gemmrs,1,0.34739,0.34733,0.34739,0.03191,1275,1
rs,6144,2560,2048,steady,41,c_fluxgemm_only,0,0.31264,0.30477,0.31264,0.01148,1275,1
rs,6144,2560,2048,steady,42,c_cublas,0,0.29664,0.28749,0.29664,0.01220,1275,1
rs,6144,2560,2048,steady,42,A_gemmrs,2,0.34714,0.34701,0.34714,0.03187,1275,1
rs,6144,2560,2048,steady,42,c_fluxgemm_only,1,0.31162,0.30477,0.31162,0.01141,1275,1
rs,6144,2560,2048,steady,43,c_cublas,0,0.29587,0.28928,0.29587,0.01295,1275,1
rs,6144,2560,2048,steady,43,A_gemmrs,2,0.34797,0.34790,0.34797,0.03121,1275,1
rs,6144,2560,2048,steady,43,c_fluxgemm_only,1,0.31149,0.30496,0.31149,0.01128,1275,1
rs,6144,2560,2048,steady,44,c_cublas,0,0.29421,0.28768,0.29421,0.01418,1275,1
rs,6144,2560,2048,steady,44,A_gemmrs,1,0.34957,0.34950,0.34957,0.03439,1275,1
rs,6144,2560,2048,steady,44,c_fluxgemm_only,2,0.31149,0.30502,0.31149,0.01116,1275,1
rs,6144,2560,2048,steady,45,c_cublas,1,0.29434,0.28826,0.29434,0.01263,1275,1
rs,6144,2560,2048,steady,45,A_gemmrs,2,0.34611,0.34598,0.34611,0.03370,1275,1
rs,6144,2560,2048,steady,45,c_fluxgemm_only,0,0.31136,0.30451,0.31136,0.01107,1275,1
rs,6144,2560,2048,steady,46,c_cublas,2,0.29773,0.28838,0.29773,0.01255,1275,1
rs,6144,2560,2048,steady,46,A_gemmrs,1,0.35245,0.35245,0.35245,0.03185,1275,1
rs,6144,2560,2048,steady,46,c_fluxgemm_only,0,0.31174,0.30656,0.31174,0.01134,1275,1
rs,6144,2560,2048,steady,47,c_cublas,2,0.29766,0.28845,0.29766,0.01258,1260,1
rs,6144,2560,2048,steady,47,A_gemmrs,0,0.34707,0.34669,0.34669,0.03189,1260,1
rs,6144,2560,2048,steady,47,c_fluxgemm_only,1,0.31456,0.30560,0.31456,0.01121,1260,1
rs,6144,2560,2048,steady,48,c_cublas,1,0.29754,0.28832,0.29754,0.01262,1260,1
rs,6144,2560,2048,steady,48,A_gemmrs,2,0.34938,0.34931,0.34938,0.03212,1260,1
rs,6144,2560,2048,steady,48,c_fluxgemm_only,0,0.31584,0.30573,0.31584,0.01165,1260,1
rs,6144,2560,2048,steady,49,c_cublas,1,0.29427,0.28474,0.29427,0.01247,1260,1
rs,6144,2560,2048,steady,49,A_gemmrs,0,0.34496,0.34477,0.34477,0.03170,1260,1
rs,6144,2560,2048,steady,49,c_fluxgemm_only,2,0.31149,0.30278,0.31149,0.01132,1260,1
rs,6144,2560,8192,gpu,0,c_cublas,1,1.03834,1.01786,1.03834,0.03879,0,1
rs,6144,2560,8192,gpu,0,A_gemmrs,2,1.21549,1.21344,1.21446,0.06885,0,1
rs,6144,2560,8192,gpu,0,c_fluxgemm_only,0,1.07622,1.06496,1.07622,0.02260,0,1
rs,6144,2560,8192,gpu,1,c_cublas,0,1.03834,1.01888,1.03834,0.03461,0,1
rs,6144,2560,8192,gpu,1,A_gemmrs,2,1.15507,1.14893,1.15507,0.05730,0,1
rs,6144,2560,8192,gpu,1,c_fluxgemm_only,1,1.07520,1.05779,1.07520,0.02000,0,1
rs,6144,2560,8192,gpu,2,c_cublas,2,1.03834,1.00659,1.03834,0.03348,0,1
rs,6144,2560,8192,gpu,2,A_gemmrs,1,1.15917,1.15712,1.15917,0.06317,0,1
rs,6144,2560,8192,gpu,2,c_fluxgemm_only,0,1.07622,1.05779,1.07622,0.01853,0,1
rs,6144,2560,8192,gpu,3,c_cublas,2,1.03936,1.00762,1.03936,0.03356,0,1
rs,6144,2560,8192,gpu,3,A_gemmrs,1,1.20525,1.20320,1.20525,0.06492,0,1
rs,6144,2560,8192,gpu,3,c_fluxgemm_only,0,1.07622,1.04858,1.07622,0.01982,0,1
rs,6144,2560,8192,gpu,4,c_cublas,2,1.03936,1.00762,1.03936,0.03346,0,1
rs,6144,2560,8192,gpu,4,A_gemmrs,1,1.21651,1.21446,1.21549,0.05598,0,1
rs,6144,2560,8192,gpu,4,c_fluxgemm_only,0,1.07725,1.04858,1.07725,0.01994,0,1
rs,6144,2560,8192,gpu,5,c_cublas,2,1.03834,1.00762,1.03834,0.03412,0,1
rs,6144,2560,8192,gpu,5,A_gemmrs,0,1.17146,1.16941,1.17146,0.06095,0,1
rs,6144,2560,8192,gpu,5,c_fluxgemm_only,1,1.07827,1.04858,1.07827,0.01769,0,1
rs,6144,2560,8192,gpu,6,c_cublas,2,1.03731,1.00659,1.03731,0.03404,0,1
rs,6144,2560,8192,gpu,6,A_gemmrs,0,1.20832,1.20525,1.20832,0.06028,0,1
rs,6144,2560,8192,gpu,6,c_fluxgemm_only,1,1.07520,1.04653,1.07520,0.01764,0,1
rs,6144,2560,8192,gpu,7,c_cublas,1,1.03834,1.00659,1.03834,0.03336,0,1
rs,6144,2560,8192,gpu,7,A_gemmrs,0,1.15200,1.14790,1.15200,0.06779,0,1
rs,6144,2560,8192,gpu,7,c_fluxgemm_only,2,1.07725,1.04653,1.07725,0.01934,0,1
rs,6144,2560,8192,gpu,8,c_cublas,0,1.03936,1.00762,1.03936,0.03403,0,1
rs,6144,2560,8192,gpu,8,A_gemmrs,2,1.21549,1.20730,1.21549,0.06359,0,1
rs,6144,2560,8192,gpu,8,c_fluxgemm_only,1,1.07622,1.04755,1.07622,0.01887,0,1
rs,6144,2560,8192,gpu,9,c_cublas,1,1.03936,1.00762,1.03936,0.03308,0,1
rs,6144,2560,8192,gpu,9,A_gemmrs,0,1.15302,1.15098,1.15302,0.05737,0,1
rs,6144,2560,8192,gpu,9,c_fluxgemm_only,2,1.07725,1.04653,1.07725,0.01918,0,1
rs,6144,2560,8192,gpu,10,c_cublas,1,1.03936,1.00659,1.03936,0.03433,0,1
rs,6144,2560,8192,gpu,10,A_gemmrs,2,1.14995,1.14790,1.14995,0.06601,0,1
rs,6144,2560,8192,gpu,10,c_fluxgemm_only,0,1.07725,1.04653,1.07725,0.01761,0,1
rs,6144,2560,8192,gpu,11,c_cublas,0,1.03834,1.00659,1.03834,0.03444,0,1
rs,6144,2560,8192,gpu,11,A_gemmrs,1,1.20934,1.20627,1.20934,0.05777,0,1
rs,6144,2560,8192,gpu,11,c_fluxgemm_only,2,1.07725,1.04346,1.07725,0.01757,0,1
rs,6144,2560,8192,gpu,12,c_cublas,2,1.04038,1.01581,1.04038,0.04047,0,1
rs,6144,2560,8192,gpu,12,A_gemmrs,1,1.21856,1.21651,1.21856,0.05923,0,1
rs,6144,2560,8192,gpu,12,c_fluxgemm_only,0,1.07827,1.04448,1.07827,0.01689,0,1
rs,6144,2560,8192,gpu,13,c_cublas,0,1.03834,1.01478,1.03834,0.03180,1335,1
rs,6144,2560,8192,gpu,13,A_gemmrs,1,1.15098,1.14995,1.15098,0.05882,1335,1
rs,6144,2560,8192,gpu,13,c_fluxgemm_only,2,1.07622,1.05472,1.07622,0.01804,1335,1
rs,6144,2560,8192,gpu,14,c_cublas,1,1.03834,1.01478,1.03834,0.03462,1335,1
rs,6144,2560,8192,gpu,14,A_gemmrs,2,1.19194,1.18989,1.19194,0.05856,1335,1
rs,6144,2560,8192,gpu,14,c_fluxgemm_only,0,1.07520,1.05472,1.07520,0.01694,1335,1
rs,6144,2560,8192,gpu,15,c_cublas,0,1.03731,1.01478,1.03731,0.03472,1335,1
rs,6144,2560,8192,gpu,15,A_gemmrs,2,1.22061,1.21958,1.22061,0.05585,1335,1
rs,6144,2560,8192,gpu,15,c_fluxgemm_only,1,1.07725,1.05574,1.07725,0.01954,1335,1
rs,6144,2560,8192,gpu,16,c_cublas,0,1.03936,1.01581,1.03936,0.03407,1335,1
rs,6144,2560,8192,gpu,16,A_gemmrs,1,1.15610,1.15507,1.15610,0.05877,1335,1
rs,6144,2560,8192,gpu,16,c_fluxgemm_only,2,1.07827,1.05472,1.07827,0.01776,1335,1
rs,6144,2560,8192,gpu,17,c_cublas,0,1.03936,1.01478,1.03936,0.03511,1335,1
rs,6144,2560,8192,gpu,17,A_gemmrs,2,1.19808,1.19501,1.19808,0.05844,1335,1
rs,6144,2560,8192,gpu,17,c_fluxgemm_only,1,1.07622,1.05472,1.07622,0.01927,1335,1
rs,6144,2560,8192,gpu,18,c_cublas,1,1.03834,1.01478,1.03834,0.04083,1335,1
rs,6144,2560,8192,gpu,18,A_gemmrs,2,1.20422,1.20320,1.20320,0.05828,1335,1
rs,6144,2560,8192,gpu,18,c_fluxgemm_only,0,1.07725,1.05370,1.07725,0.01860,1335,1
rs,6144,2560,8192,gpu,19,c_cublas,1,1.03834,1.01478,1.03834,0.03341,1335,1
rs,6144,2560,8192,gpu,19,A_gemmrs,0,1.15507,1.15302,1.15507,0.05937,1335,1
rs,6144,2560,8192,gpu,19,c_fluxgemm_only,2,1.07725,1.05370,1.07725,0.01923,1335,1
rs,6144,2560,8192,gpu,20,c_cublas,2,1.03936,1.01581,1.03936,0.03453,1335,1
rs,6144,2560,8192,gpu,20,A_gemmrs,0,1.14893,1.14688,1.14893,0.05984,1335,1
rs,6144,2560,8192,gpu,20,c_fluxgemm_only,1,1.07520,1.05370,1.07520,0.01719,1335,1
rs,6144,2560,8192,gpu,21,c_cublas,1,1.03936,1.01478,1.03936,0.03374,1335,1
rs,6144,2560,8192,gpu,21,A_gemmrs,2,1.21958,1.21549,1.21958,0.05780,1335,1
rs,6144,2560,8192,gpu,21,c_fluxgemm_only,0,1.07520,1.05472,1.07520,0.01909,1335,1
rs,6144,2560,8192,gpu,22,c_cublas,1,1.03936,1.01478,1.03936,0.03274,1335,1
rs,6144,2560,8192,gpu,22,A_gemmrs,0,1.14893,1.14790,1.14790,0.05475,1335,1
rs,6144,2560,8192,gpu,22,c_fluxgemm_only,2,1.07725,1.05472,1.07725,0.01906,1335,1
rs,6144,2560,8192,gpu,23,c_cublas,2,1.03834,1.01478,1.03834,0.03355,1335,1
rs,6144,2560,8192,gpu,23,A_gemmrs,1,1.14893,1.14688,1.14790,0.05679,1335,1
rs,6144,2560,8192,gpu,23,c_fluxgemm_only,0,1.07622,1.05370,1.07622,0.01700,1335,1
rs,6144,2560,8192,gpu,24,c_cublas,0,1.03834,1.01581,1.03834,0.03223,1335,1
rs,6144,2560,8192,gpu,24,A_gemmrs,1,1.21856,1.21549,1.21754,0.05946,1335,1
rs,6144,2560,8192,gpu,24,c_fluxgemm_only,2,1.07622,1.05574,1.07622,0.02451,1335,1
rs,6144,2560,8192,gpu,25,c_cublas,2,1.03834,1.01478,1.03834,0.03336,1335,1
rs,6144,2560,8192,gpu,25,A_gemmrs,1,1.21139,1.20627,1.20934,0.06533,1335,1
rs,6144,2560,8192,gpu,25,c_fluxgemm_only,0,1.07622,1.05370,1.07622,0.01735,1335,1
rs,6144,2560,8192,gpu,26,c_cublas,1,1.03936,1.01478,1.03936,0.03401,1335,1
rs,6144,2560,8192,gpu,26,A_gemmrs,2,1.15302,1.15098,1.15302,0.06572,1335,1
rs,6144,2560,8192,gpu,26,c_fluxgemm_only,0,1.07520,1.05472,1.07520,0.01981,1335,1
rs,6144,2560,8192,gpu,27,c_cublas,1,1.04038,1.01581,1.04038,0.03496,1335,1
rs,6144,2560,8192,gpu,27,A_gemmrs,2,1.19296,1.19194,1.19194,0.05817,1335,1
rs,6144,2560,8192,gpu,27,c_fluxgemm_only,0,1.07622,1.05677,1.07622,0.01898,1335,1
rs,6144,2560,8192,gpu,28,c_cublas,2,1.03936,1.01581,1.03936,0.03386,1335,1
rs,6144,2560,8192,gpu,28,A_gemmrs,0,1.14995,1.14893,1.14995,0.05625,1335,1
rs,6144,2560,8192,gpu,28,c_fluxgemm_only,1,1.07725,1.05574,1.07725,0.01759,1335,1
rs,6144,2560,8192,gpu,29,c_cublas,1,1.03936,1.01376,1.03936,0.03527,1335,1
rs,6144,2560,8192,gpu,29,A_gemmrs,2,1.21651,1.21549,1.21651,0.06945,1335,1
rs,6144,2560,8192,gpu,29,c_fluxgemm_only,0,1.08749,1.05472,1.08749,0.01966,1335,1
rs,6144,2560,8192,gpu,30,c_cublas,0,1.03731,1.01581,1.03731,0.03446,1335,1
rs,6144,2560,8192,gpu,30,A_gemmrs,2,1.19398,1.19398,1.19398,0.05752,1335,1
rs,6144,2560,8192,gpu,30,c_fluxgemm_only,1,1.07725,1.05472,1.07725,0.01935,1335,1
rs,6144,2560,8192,gpu,31,c_cublas,0,1.03936,1.01581,1.03936,0.03422,1335,1
rs,6144,2560,8192,gpu,31,A_gemmrs,2,1.15507,1.15302,1.15507,0.05750,1335,1
rs,6144,2560,8192,gpu,31,c_fluxgemm_only,1,1.07725,1.05574,1.07725,0.01947,1335,1
rs,6144,2560,8192,gpu,32,c_cublas,1,1.03834,1.01478,1.03834,0.03474,1335,1
rs,6144,2560,8192,gpu,32,A_gemmrs,2,1.21139,1.20934,1.21139,0.06324,1335,1
rs,6144,2560,8192,gpu,32,c_fluxgemm_only,0,1.07725,1.05370,1.07725,0.01861,1335,1
rs,6144,2560,8192,gpu,33,c_cublas,1,1.03936,1.01683,1.03936,0.03288,1335,1
rs,6144,2560,8192,gpu,33,A_gemmrs,0,1.15917,1.15610,1.15917,0.05620,1335,1
rs,6144,2560,8192,gpu,33,c_fluxgemm_only,2,1.07520,1.05779,1.07520,0.02123,1335,1
rs,6144,2560,8192,gpu,34,c_cublas,1,1.03936,1.01786,1.03936,0.03417,1335,1
rs,6144,2560,8192,gpu,34,A_gemmrs,2,1.20320,1.20115,1.20320,0.06606,1335,1
rs,6144,2560,8192,gpu,34,c_fluxgemm_only,0,1.07520,1.05677,1.07520,0.01733,1335,1
rs,6144,2560,8192,gpu,35,c_cublas,0,1.03936,1.01683,1.03936,0.03447,1335,1
rs,6144,2560,8192,gpu,35,A_gemmrs,2,1.21446,1.21242,1.21446,0.05593,1335,1
rs,6144,2560,8192,gpu,35,c_fluxgemm_only,1,1.07827,1.05882,1.07827,0.01952,1335,1
rs,6144,2560,8192,gpu,36,c_cublas,1,1.03834,1.01683,1.03834,0.03451,1335,1
rs,6144,2560,8192,gpu,36,A_gemmrs,2,1.14995,1.14893,1.14995,0.05845,1335,1
rs,6144,2560,8192,gpu,36,c_fluxgemm_only,0,1.07827,1.05984,1.07827,0.01814,1335,1
rs,6144,2560,8192,gpu,37,c_cublas,0,1.03834,1.01786,1.03834,0.03370,1335,1
rs,6144,2560,8192,gpu,37,A_gemmrs,1,1.22368,1.22163,1.22368,0.05824,1335,1
rs,6144,2560,8192,gpu,37,c_fluxgemm_only,2,1.07622,1.05882,1.07622,0.01788,1335,1
rs,6144,2560,8192,gpu,38,c_cublas,0,1.03834,1.01683,1.03834,0.03494,1335,1
rs,6144,2560,8192,gpu,38,A_gemmrs,1,1.14790,1.14586,1.14790,0.05804,1335,1
rs,6144,2560,8192,gpu,38,c_fluxgemm_only,2,1.07622,1.05677,1.07622,0.01791,1335,1
rs,6144,2560,8192,gpu,39,c_cublas,2,1.03834,1.01786,1.03834,0.03401,1335,1
rs,6144,2560,8192,gpu,39,A_gemmrs,0,1.21856,1.21446,1.21856,0.06074,1335,1
rs,6144,2560,8192,gpu,39,c_fluxgemm_only,1,1.07725,1.05779,1.07725,0.01724,1335,1
rs,6144,2560,8192,gpu,40,c_cublas,0,1.03936,1.01786,1.03936,0.03300,1335,1
rs,6144,2560,8192,gpu,40,A_gemmrs,2,1.19501,1.19398,1.19501,0.06396,1335,1
rs,6144,2560,8192,gpu,40,c_fluxgemm_only,1,1.07725,1.05779,1.07725,0.01905,1335,1
rs,6144,2560,8192,gpu,41,c_cublas,0,1.03834,1.01786,1.03834,0.03476,1335,1
rs,6144,2560,8192,gpu,41,A_gemmrs,1,1.16019,1.15712,1.16019,0.06149,1335,1
rs,6144,2560,8192,gpu,41,c_fluxgemm_only,2,1.07622,1.05882,1.07622,0.01807,1335,1
rs,6144,2560,8192,gpu,42,c_cublas,2,1.03834,1.01786,1.03834,0.03401,1335,1
rs,6144,2560,8192,gpu,42,A_gemmrs,0,1.21856,1.21651,1.21856,0.05932,1335,1
rs,6144,2560,8192,gpu,42,c_fluxgemm_only,1,1.07725,1.05779,1.07725,0.01714,1335,1
rs,6144,2560,8192,gpu,43,c_cublas,2,1.03834,1.01786,1.03834,0.03286,1335,1
rs,6144,2560,8192,gpu,43,A_gemmrs,1,1.22061,1.21856,1.22061,0.05823,1335,1
rs,6144,2560,8192,gpu,43,c_fluxgemm_only,0,1.07622,1.05677,1.07622,0.01924,1335,1
rs,6144,2560,8192,gpu,44,c_cublas,1,1.03834,1.01786,1.03834,0.03334,1335,1
rs,6144,2560,8192,gpu,44,A_gemmrs,2,1.20422,1.20013,1.20422,0.06636,1335,1
rs,6144,2560,8192,gpu,44,c_fluxgemm_only,0,1.07827,1.05779,1.07827,0.01945,1335,1
rs,6144,2560,8192,gpu,45,c_cublas,1,1.03834,1.01786,1.03834,0.03475,1335,1
rs,6144,2560,8192,gpu,45,A_gemmrs,2,1.15814,1.15507,1.15814,0.06040,1335,1
rs,6144,2560,8192,gpu,45,c_fluxgemm_only,0,1.07622,1.05882,1.07622,0.01869,1335,1
rs,6144,2560,8192,gpu,46,c_cublas,0,1.03834,1.01786,1.03834,0.03467,1335,1
rs,6144,2560,8192,gpu,46,A_gemmrs,2,1.19603,1.19398,1.19603,0.06494,1335,1
rs,6144,2560,8192,gpu,46,c_fluxgemm_only,1,1.07622,1.05882,1.07622,0.01914,1335,1
rs,6144,2560,8192,gpu,47,c_cublas,1,1.03834,1.01786,1.03834,0.03296,1335,1
rs,6144,2560,8192,gpu,47,A_gemmrs,0,1.15098,1.14995,1.15098,0.05597,1335,1
rs,6144,2560,8192,gpu,47,c_fluxgemm_only,2,1.07725,1.05882,1.07725,0.01941,1335,1
rs,6144,2560,8192,gpu,48,c_cublas,1,1.03936,1.01683,1.03936,0.03450,1335,1
rs,6144,2560,8192,gpu,48,A_gemmrs,2,1.22368,1.22163,1.22368,0.06888,1335,1
rs,6144,2560,8192,gpu,48,c_fluxgemm_only,0,1.07725,1.05882,1.07725,0.01783,1335,1
rs,6144,2560,8192,gpu,49,c_cublas,0,1.03834,1.01786,1.03834,0.03423,1335,1
rs,6144,2560,8192,gpu,49,A_gemmrs,2,1.19296,1.19091,1.19296,0.05835,1335,1
rs,6144,2560,8192,gpu,49,c_fluxgemm_only,1,1.07622,1.05677,1.07520,0.01942,1335,1
rs,6144,2560,8192,gpu,50,c_cublas,2,1.03834,1.01786,1.03834,0.15891,1335,1
rs,6144,2560,8192,gpu,50,A_gemmrs,0,1.42848,1.26874,1.42438,0.29869,1335,1
rs,6144,2560,8192,gpu,50,c_fluxgemm_only,1,1.07725,1.05677,1.07622,0.07908,1335,1
rs,6144,2560,8192,gpu,51,c_cublas,1,1.03834,1.01786,1.03834,0.04167,1335,1
rs,6144,2560,8192,gpu,51,A_gemmrs,0,1.14995,1.14893,1.14995,0.07046,1335,1
rs,6144,2560,8192,gpu,51,c_fluxgemm_only,2,1.07725,1.05677,1.07622,0.02343,1335,1
rs,6144,2560,8192,gpu,52,c_cublas,0,1.03936,1.01786,1.03936,0.03931,1335,1
rs,6144,2560,8192,gpu,52,A_gemmrs,2,1.22470,1.22266,1.22470,0.06751,1335,1
rs,6144,2560,8192,gpu,52,c_fluxgemm_only,1,1.07520,1.05882,1.07520,0.02173,1335,1
rs,6144,2560,8192,gpu,53,c_cublas,0,1.04038,1.01786,1.04038,0.03823,1335,1
rs,6144,2560,8192,gpu,53,A_gemmrs,1,1.15712,1.15507,1.15712,0.06324,1335,1
rs,6144,2560,8192,gpu,53,c_fluxgemm_only,2,1.07725,1.05779,1.07520,0.01975,1335,1
rs,6144,2560,8192,gpu,54,c_cublas,1,1.03834,1.01683,1.03834,0.03579,1335,1
rs,6144,2560,8192,gpu,54,A_gemmrs,0,1.15507,1.15302,1.15507,0.06227,1335,1
rs,6144,2560,8192,gpu,54,c_fluxgemm_only,2,1.07622,1.05984,1.07622,0.02210,1335,1
rs,6144,2560,8192,gpu,55,c_cublas,1,1.03834,1.01683,1.03834,0.03541,1335,1
rs,6144,2560,8192,gpu,55,A_gemmrs,0,1.16019,1.15814,1.16019,0.06259,1335,1
rs,6144,2560,8192,gpu,55,c_fluxgemm_only,2,1.07725,1.05779,1.07622,0.02096,1335,1
rs,6144,2560,8192,gpu,56,c_cublas,1,1.03834,1.01786,1.03834,0.06233,1335,1
rs,6144,2560,8192,gpu,56,A_gemmrs,2,1.21958,1.21856,1.21958,0.08805,1335,1
rs,6144,2560,8192,gpu,56,c_fluxgemm_only,0,1.07725,1.05882,1.07725,0.04404,1335,1
rs,6144,2560,8192,gpu,57,c_cublas,1,1.03936,1.01683,1.03936,0.03970,1335,1
rs,6144,2560,8192,gpu,57,A_gemmrs,2,1.15302,1.15200,1.15302,0.06369,1335,1
rs,6144,2560,8192,gpu,57,c_fluxgemm_only,0,1.07622,1.05677,1.07622,0.02126,1335,1
rs,6144,2560,8192,gpu,58,c_cublas,0,1.03936,1.01786,1.03936,0.03538,1335,1
rs,6144,2560,8192,gpu,58,A_gemmrs,1,1.16326,1.16224,1.16326,0.06091,1335,1
rs,6144,2560,8192,gpu,58,c_fluxgemm_only,2,1.07725,1.05779,1.07725,0.01868,1335,1
rs,6144,2560,8192,gpu,59,c_cublas,1,1.03834,1.01786,1.03834,0.03353,1335,1
rs,6144,2560,8192,gpu,59,A_gemmrs,0,1.16838,1.16531,1.16838,0.05967,1335,1
rs,6144,2560,8192,gpu,59,c_fluxgemm_only,2,1.07622,1.05779,1.07622,0.01962,1335,1
rs,6144,2560,8192,gpu,60,c_cublas,1,1.03834,1.01786,1.03834,0.04210,1335,1
rs,6144,2560,8192,gpu,60,A_gemmrs,2,1.22266,1.21856,1.22266,0.05953,1335,1
rs,6144,2560,8192,gpu,60,c_fluxgemm_only,0,1.07725,1.05779,1.07725,0.01734,1335,1
rs,6144,2560,8192,gpu,61,c_cublas,2,1.03834,1.01683,1.03834,0.03379,1335,1
rs,6144,2560,8192,gpu,61,A_gemmrs,1,1.15610,1.15302,1.15610,0.05559,1335,1
rs,6144,2560,8192,gpu,61,c_fluxgemm_only,0,1.07725,1.05882,1.07622,0.01904,1335,1
rs,6144,2560,8192,gpu,62,c_cublas,1,1.03834,1.01581,1.03834,0.04104,1335,1
rs,6144,2560,8192,gpu,62,A_gemmrs,0,1.15507,1.15302,1.15507,0.06146,1335,1
rs,6144,2560,8192,gpu,62,c_fluxgemm_only,2,1.07622,1.05472,1.07622,0.01944,1335,1
rs,6144,2560,8192,gpu,63,c_cublas,1,1.03936,1.01786,1.03936,0.03622,1335,1
rs,6144,2560,8192,gpu,63,A_gemmrs,2,1.21754,1.21446,1.21754,0.06291,1335,1
rs,6144,2560,8192,gpu,63,c_fluxgemm_only,0,1.07622,1.05267,1.07520,0.01712,1335,1
rs,6144,2560,8192,gpu,64,c_cublas,1,1.03834,1.01581,1.03834,0.04057,1335,1
rs,6144,2560,8192,gpu,64,A_gemmrs,0,1.15200,1.14995,1.15200,0.05582,1335,1
rs,6144,2560,8192,gpu,64,c_fluxgemm_only,2,1.07827,1.05574,1.07827,0.01913,1335,1
rs,6144,2560,8192,gpu,65,c_cublas,2,1.03936,1.01478,1.03731,0.03340,1335,1
rs,6144,2560,8192,gpu,65,A_gemmrs,1,1.15507,1.15302,1.15507,0.05800,1335,1
rs,6144,2560,8192,gpu,65,c_fluxgemm_only,0,1.07827,1.05370,1.07520,0.01723,1335,1
rs,6144,2560,8192,gpu,66,c_cublas,1,1.03936,1.01581,1.03834,0.03487,1335,1
rs,6144,2560,8192,gpu,66,A_gemmrs,2,1.22368,1.22266,1.22368,0.06559,1335,1
rs,6144,2560,8192,gpu,66,c_fluxgemm_only,0,1.07827,1.05370,1.07725,0.01998,1335,1
rs,6144,2560,8192,gpu,67,c_cublas,2,1.05062,1.01786,1.05062,0.03424,1335,1
rs,6144,2560,8192,gpu,67,A_gemmrs,0,1.15814,1.15712,1.15814,0.05778,1335,1
rs,6144,2560,8192,gpu,67,c_fluxgemm_only,1,1.08749,1.05882,1.08749,0.01787,1335,1
rs,6144,2560,8192,gpu,68,c_cublas,1,1.04960,1.01786,1.04960,0.03294,1335,1
rs,6144,2560,8192,gpu,68,A_gemmrs,0,1.16429,1.16122,1.16429,0.06108,1335,1
rs,6144,2560,8192,gpu,68,c_fluxgemm_only,2,1.08954,1.05882,1.08954,0.01928,1335,1
rs,6144,2560,8192,gpu,69,c_cublas,1,1.05165,1.01888,1.05165,0.03492,1335,1
rs,6144,2560,8192,gpu,69,A_gemmrs,0,1.16019,1.15917,1.16019,0.06023,1335,1
rs,6144,2560,8192,gpu,69,c_fluxgemm_only,2,1.08749,1.05677,1.08749,0.01897,1335,1
rs,6144,2560,8192,gpu,70,c_cublas,2,1.05062,1.01786,1.05062,0.04161,1335,1
rs,6144,2560,8192,gpu,70,A_gemmrs,0,1.22061,1.21958,1.22061,0.06881,1335,1
rs,6144,2560,8192,gpu,70,c_fluxgemm_only,1,1.08749,1.05779,1.08749,0.01728,1335,1
rs,6144,2560,8192,gpu,71,c_cublas,1,1.05062,1.01888,1.05062,0.03409,1335,1
rs,6144,2560,8192,gpu,71,A_gemmrs,2,1.16326,1.16122,1.16326,0.05906,1335,1
rs,6144,2560,8192,gpu,71,c_fluxgemm_only,0,1.08749,1.05779,1.08749,0.02013,1335,1
rs,6144,2560,8192,gpu,72,c_cublas,2,1.05165,1.01888,1.05165,0.03522,1335,1
rs,6144,2560,8192,gpu,72,A_gemmrs,0,1.16019,1.15610,1.16019,0.05784,1335,1
rs,6144,2560,8192,gpu,72,c_fluxgemm_only,1,1.08749,1.05882,1.08749,0.01842,1335,1
rs,6144,2560,8192,gpu,73,c_cublas,0,1.04960,1.01683,1.04960,0.03441,1335,1
rs,6144,2560,8192,gpu,73,A_gemmrs,1,1.22778,1.22368,1.22778,0.05956,1335,1
rs,6144,2560,8192,gpu,73,c_fluxgemm_only,2,1.08851,1.05882,1.08851,0.01819,1335,1
rs,6144,2560,8192,gpu,74,c_cublas,2,1.05062,1.01786,1.05062,0.03364,1335,1
rs,6144,2560,8192,gpu,74,A_gemmrs,1,1.16326,1.16122,1.16326,0.07179,1335,1
rs,6144,2560,8192,gpu,74,c_fluxgemm_only,0,1.08749,1.05677,1.08749,0.01719,1335,1
rs,6144,2560,8192,gpu,75,c_cublas,0,1.04960,1.01786,1.04960,0.03147,1335,1
rs,6144,2560,8192,gpu,75,A_gemmrs,1,1.16531,1.16429,1.16531,0.05949,1335,1
rs,6144,2560,8192,gpu,75,c_fluxgemm_only,2,1.08749,1.05882,1.08749,0.01807,1335,1
rs,6144,2560,8192,gpu,76,c_cublas,2,1.05062,1.01888,1.05062,0.03462,1320,1
rs,6144,2560,8192,gpu,76,A_gemmrs,0,1.20115,1.19603,1.20115,0.05899,1320,1
rs,6144,2560,8192,gpu,76,c_fluxgemm_only,1,1.08749,1.06086,1.08749,0.01812,1320,1
rs,6144,2560,8192,gpu,77,c_cublas,2,1.05062,1.01888,1.05062,0.03339,1320,1
rs,6144,2560,8192,gpu,77,A_gemmrs,1,1.21856,1.21549,1.21856,0.05722,1320,1
rs,6144,2560,8192,gpu,77,c_fluxgemm_only,0,1.08749,1.05882,1.08749,0.01950,1320,1
rs,6144,2560,8192,gpu,78,c_cublas,1,1.05062,1.01786,1.05062,0.03361,1320,1
rs,6144,2560,8192,gpu,78,A_gemmrs,0,1.17248,1.17043,1.17248,0.06247,1320,1
rs,6144,2560,8192,gpu,78,c_fluxgemm_only,2,1.08749,1.05779,1.08749,0.01965,1320,1
rs,6144,2560,8192,gpu,79,c_cublas,1,1.05062,1.01786,1.05062,0.03340,1320,1
rs,6144,2560,8192,gpu,79,A_gemmrs,0,1.19808,1.19398,1.19603,0.06450,1320,1
rs,6144,2560,8192,gpu,79,c_fluxgemm_only,2,1.08749,1.05882,1.08749,0.01916,1320,1
rs,6144,2560,8192,gpu,80,c_cublas,2,1.05165,1.01888,1.05165,0.03459,1320,1
rs,6144,2560,8192,gpu,80,A_gemmrs,0,1.16122,1.15917,1.16122,0.06074,1320,1
rs,6144,2560,8192,gpu,80,c_fluxgemm_only,1,1.08851,1.05677,1.08851,0.01765,1320,1
rs,6144,2560,8192,gpu,81,c_cublas,0,1.04960,1.01683,1.04960,0.03215,1320,1
rs,6144,2560,8192,gpu,81,A_gemmrs,1,1.22573,1.22061,1.22573,0.05879,1320,1
rs,6144,2560,8192,gpu,81,c_fluxgemm_only,2,1.08749,1.05882,1.08749,0.01827,1320,1
rs,6144,2560,8192,gpu,82,c_cublas,0,1.04960,1.01683,1.04960,0.03526,1320,1
rs,6144,2560,8192,gpu,82,A_gemmrs,2,1.19910,1.19501,1.19910,0.05727,1320,1
rs,6144,2560,8192,gpu,82,c_fluxgemm_only,1,1.08544,1.05574,1.08544,0.01912,1320,1
rs,6144,2560,8192,gpu,83,c_cublas,1,1.05062,1.01888,1.05062,0.03498,1320,1
rs,6144,2560,8192,gpu,83,A_gemmrs,2,1.15917,1.15814,1.15917,0.05875,1320,1
rs,6144,2560,8192,gpu,83,c_fluxgemm_only,0,1.08646,1.05677,1.08646,0.01841,1320,1
rs,6144,2560,8192,gpu,84,c_cublas,2,1.04038,1.01888,1.03936,0.03363,1320,1
rs,6144,2560,8192,gpu,84,A_gemmrs,1,1.21754,1.21651,1.21754,0.05623,1320,1
rs,6144,2560,8192,gpu,84,c_fluxgemm_only,0,1.08032,1.05882,1.08032,0.01912,1320,1
rs,6144,2560,8192,gpu,85,c_cublas,2,1.04141,1.01786,1.04141,0.04143,1320,1
rs,6144,2560,8192,gpu,85,A_gemmrs,1,1.19808,1.19808,1.19808,0.05667,1320,1
rs,6144,2560,8192,gpu,85,c_fluxgemm_only,0,1.08032,1.05677,1.08032,0.01973,1320,1
rs,6144,2560,8192,gpu,86,c_cublas,1,1.04038,1.01786,1.04038,0.05857,1320,1
rs,6144,2560,8192,gpu,86,A_gemmrs,2,1.15098,1.14995,1.15098,0.06484,1320,1
rs,6144,2560,8192,gpu,86,c_fluxgemm_only,0,1.08032,1.05677,1.08032,0.01958,1320,1
rs,6144,2560,8192,gpu,87,c_cublas,0,1.04243,1.01786,1.04243,0.03463,1320,1
rs,6144,2560,8192,gpu,87,A_gemmrs,1,1.21139,1.20934,1.21037,0.05866,1320,1
rs,6144,2560,8192,gpu,87,c_fluxgemm_only,2,1.08032,1.05882,1.08032,0.02336,1320,1
rs,6144,2560,8192,gpu,88,c_cublas,1,1.04243,1.01786,1.04243,0.03500,1320,1
rs,6144,2560,8192,gpu,88,A_gemmrs,2,1.20013,1.19910,1.19910,0.05875,1320,1
rs,6144,2560,8192,gpu,88,c_fluxgemm_only,0,1.08134,1.05882,1.08134,0.01714,1320,1
rs,6144,2560,8192,gpu,89,c_cublas,1,1.04346,1.01888,1.04346,0.03332,1320,1
rs,6144,2560,8192,gpu,89,A_gemmrs,0,1.16122,1.15814,1.16122,0.05545,1320,1
rs,6144,2560,8192,gpu,89,c_fluxgemm_only,2,1.08032,1.05779,1.08032,0.02504,1320,1
rs,6144,2560,8192,gpu,90,c_cublas,1,1.04141,1.01786,1.04141,0.03292,1320,1
rs,6144,2560,8192,gpu,90,A_gemmrs,0,1.15405,1.15200,1.15405,0.06002,1320,1
rs,6144,2560,8192,gpu,90,c_fluxgemm_only,2,1.08032,1.05677,1.08032,0.01897,1320,1
rs,6144,2560,8192,gpu,91,c_cublas,0,1.04038,1.01786,1.04038,0.03458,1335,1
rs,6144,2560,8192,gpu,91,A_gemmrs,2,1.21754,1.21446,1.21754,0.05679,1335,1
rs,6144,2560,8192,gpu,91,c_fluxgemm_only,1,1.08032,1.05984,1.08032,0.01898,1335,1
rs,6144,2560,8192,gpu,92,c_cublas,1,1.04141,1.01683,1.04141,0.03576,1335,1
rs,6144,2560,8192,gpu,92,A_gemmrs,0,1.16019,1.15814,1.16019,0.06671,1335,1
rs,6144,2560,8192,gpu,92,c_fluxgemm_only,2,1.08134,1.05882,1.08134,0.01979,1335,1
rs,6144,2560,8192,gpu,93,c_cublas,1,1.04243,1.01888,1.04243,0.03341,1335,1
rs,6144,2560,8192,gpu,93,A_gemmrs,0,1.15610,1.15507,1.15610,0.06048,1335,1
rs,6144,2560,8192,gpu,93,c_fluxgemm_only,2,1.08032,1.05882,1.08032,0.01898,1335,1
rs,6144,2560,8192,gpu,94,c_cublas,2,1.04243,1.01581,1.04243,0.03352,1335,1
rs,6144,2560,8192,gpu,94,A_gemmrs,1,1.19706,1.19398,1.19706,0.05699,1335,1
rs,6144,2560,8192,gpu,94,c_fluxgemm_only,0,1.07930,1.05370,1.07930,0.01757,1335,1
rs,6144,2560,8192,gpu,95,c_cublas,1,1.04141,1.01581,1.04141,0.03315,1335,1
rs,6144,2560,8192,gpu,95,A_gemmrs,0,1.21651,1.21446,1.21651,0.06355,1335,1
rs,6144,2560,8192,gpu,95,c_fluxgemm_only,2,1.07930,1.05574,1.07930,0.01942,1335,1
rs,6144,2560,8192,gpu,96,c_cublas,2,1.04141,1.01581,1.04141,0.03333,1335,1
rs,6144,2560,8192,gpu,96,A_gemmrs,1,1.15712,1.15507,1.15610,0.06780,1335,1
rs,6144,2560,8192,gpu,96,c_fluxgemm_only,0,1.09158,1.05472,1.09158,0.01915,1335,1
rs,6144,2560,8192,gpu,97,c_cublas,1,1.04243,1.01581,1.04243,0.03284,1335,1
rs,6144,2560,8192,gpu,97,A_gemmrs,0,1.22470,1.22061,1.22470,0.06115,1335,1
rs,6144,2560,8192,gpu,97,c_fluxgemm_only,2,1.08134,1.05370,1.08134,0.01924,1335,1
rs,6144,2560,8192,gpu,98,c_cublas,2,1.04243,1.01581,1.04243,0.03341,1335,1
rs,6144,2560,8192,gpu,98,A_gemmrs,1,1.21856,1.21651,1.21856,0.05662,1335,1
rs,6144,2560,8192,gpu,98,c_fluxgemm_only,0,1.08032,1.05370,1.08032,0.01756,1335,1
rs,6144,2560,8192,gpu,99,c_cublas,0,1.04141,1.01478,1.04141,0.03212,1335,1
rs,6144,2560,8192,gpu,99,A_gemmrs,1,1.15405,1.15302,1.15405,0.05907,1335,1
rs,6144,2560,8192,gpu,99,c_fluxgemm_only,2,1.08032,1.05472,1.08032,0.02364,1335,1
rs,6144,2560,8192,gpu,100,c_cublas,1,1.04141,1.01581,1.04141,0.03602,1335,1
rs,6144,2560,8192,gpu,100,A_gemmrs,2,1.20115,1.19910,1.20115,0.06227,1335,1
rs,6144,2560,8192,gpu,100,c_fluxgemm_only,0,1.08134,1.05472,1.08134,0.01832,1335,1
rs,6144,2560,8192,gpu,101,c_cublas,2,1.04141,1.01683,1.04141,0.04225,1335,1
rs,6144,2560,8192,gpu,101,A_gemmrs,1,1.22368,1.22163,1.22266,0.06305,1335,1
rs,6144,2560,8192,gpu,101,c_fluxgemm_only,0,1.08032,1.05574,1.08032,0.01952,1335,1
rs,6144,2560,8192,gpu,102,c_cublas,1,1.04141,1.01581,1.04141,0.03305,1335,1
rs,6144,2560,8192,gpu,102,A_gemmrs,0,1.15200,1.15098,1.15200,0.06366,1335,1
rs,6144,2560,8192,gpu,102,c_fluxgemm_only,2,1.07930,1.05472,1.07930,0.01939,1335,1
rs,6144,2560,8192,gpu,103,c_cublas,2,1.04141,1.01683,1.04141,0.04185,1335,1
rs,6144,2560,8192,gpu,103,A_gemmrs,0,1.16019,1.15610,1.16019,0.06023,1335,1
rs,6144,2560,8192,gpu,103,c_fluxgemm_only,1,1.08032,1.05472,1.08032,0.01755,1335,1
rs,6144,2560,8192,gpu,104,c_cublas,2,1.04346,1.01683,1.04346,0.03443,1335,1
rs,6144,2560,8192,gpu,104,A_gemmrs,0,1.20115,1.19910,1.20115,0.06133,1335,1
rs,6144,2560,8192,gpu,104,c_fluxgemm_only,1,1.08032,1.05472,1.08032,0.01787,1335,1
rs,6144,2560,8192,gpu,105,c_cublas,2,1.04038,1.01581,1.04038,0.04069,1335,1
rs,6144,2560,8192,gpu,105,A_gemmrs,1,1.20218,1.19808,1.20218,0.05778,1335,1
rs,6144,2560,8192,gpu,105,c_fluxgemm_only,0,1.07930,1.05472,1.07930,0.01995,1335,1
rs,6144,2560,8192,gpu,106,c_cublas,0,1.04141,1.01581,1.04141,0.03186,1335,1
rs,6144,2560,8192,gpu,106,A_gemmrs,2,1.20218,1.20013,1.20218,0.05644,1335,1
rs,6144,2560,8192,gpu,106,c_fluxgemm_only,1,1.08032,1.05370,1.08032,0.01974,1335,1
rs,6144,2560,8192,gpu,107,c_cublas,2,1.03834,1.01581,1.03834,0.04148,1335,1
rs,6144,2560,8192,gpu,107,A_gemmrs,0,1.16019,1.15814,1.16019,0.05505,1335,1
rs,6144,2560,8192,gpu,107,c_fluxgemm_only,1,1.07622,1.05472,1.07622,0.01733,1335,1
rs,6144,2560,8192,gpu,108,c_cublas,1,1.03834,1.01683,1.03834,0.03296,1335,1
rs,6144,2560,8192,gpu,108,A_gemmrs,0,1.14790,1.14483,1.14790,0.05915,1335,1
rs,6144,2560,8192,gpu,108,c_fluxgemm_only,2,1.07725,1.05574,1.07725,0.01923,1335,1
rs,6144,2560,8192,gpu,109,c_cublas,2,1.03834,1.01683,1.03834,0.03337,1335,1
rs,6144,2560,8192,gpu,109,A_gemmrs,1,1.24928,1.24416,1.24928,0.05862,1335,1
rs,6144,2560,8192,gpu,109,c_fluxgemm_only,0,1.07622,1.05472,1.07622,0.01730,1335,1
rs,6144,2560,8192,gpu,110,c_cublas,2,1.03834,1.01581,1.03834,0.03479,1335,1
rs,6144,2560,8192,gpu,110,A_gemmrs,0,1.15814,1.15814,1.15814,0.06364,1335,1
rs,6144,2560,8192,gpu,110,c_fluxgemm_only,1,1.07520,1.05472,1.07520,0.01858,1335,1
rs,6144,2560,8192,gpu,111,c_cublas,2,1.03834,1.01581,1.03834,0.03375,1335,1
rs,6144,2560,8192,gpu,111,A_gemmrs,1,1.14995,1.14586,1.14995,0.05668,1335,1
rs,6144,2560,8192,gpu,111,c_fluxgemm_only,0,1.07622,1.05472,1.07622,0.01927,1335,1
rs,6144,2560,8192,gpu,112,c_cublas,1,1.03834,1.01581,1.03834,0.03326,1335,1
rs,6144,2560,8192,gpu,112,A_gemmrs,0,1.22573,1.22163,1.22573,0.06097,1335,1
rs,6144,2560,8192,gpu,112,c_fluxgemm_only,2,1.07827,1.05574,1.07827,0.01933,1335,1
rs,6144,2560,8192,gpu,113,c_cublas,0,1.03936,1.01581,1.03936,0.03487,1335,1
rs,6144,2560,8192,gpu,113,A_gemmrs,1,1.20934,1.20525,1.20934,0.05886,1335,1
rs,6144,2560,8192,gpu,113,c_fluxgemm_only,2,1.07725,1.05472,1.07725,0.01826,1335,1
rs,6144,2560,8192,gpu,114,c_cublas,1,1.03834,1.01683,1.03834,0.03493,1335,1
rs,6144,2560,8192,gpu,114,A_gemmrs,2,1.18989,1.18784,1.18989,0.05840,1335,1
rs,6144,2560,8192,gpu,114,c_fluxgemm_only,0,1.07520,1.05472,1.07520,0.01716,1335,1
rs,6144,2560,8192,gpu,115,c_cublas,1,1.03936,1.01683,1.03936,0.03489,1335,1
rs,6144,2560,8192,gpu,115,A_gemmrs,2,1.14688,1.14483,1.14688,0.06763,1335,1
rs,6144,2560,8192,gpu,115,c_fluxgemm_only,0,1.07622,1.05472,1.07622,0.01899,1335,1
rs,6144,2560,8192,gpu,116,c_cublas,1,1.03834,1.01581,1.03834,0.03368,1335,1
rs,6144,2560,8192,gpu,116,A_gemmrs,0,1.15405,1.15302,1.15405,0.05594,1335,1
rs,6144,2560,8192,gpu,116,c_fluxgemm_only,2,1.07930,1.05677,1.07827,0.01934,1335,1
rs,6144,2560,8192,gpu,117,c_cublas,2,1.03834,1.01581,1.03834,0.03379,1335,1
rs,6144,2560,8192,gpu,117,A_gemmrs,1,1.27386,1.27181,1.27386,0.05806,1335,1
rs,6144,2560,8192,gpu,117,c_fluxgemm_only,0,1.07930,1.05472,1.07520,0.01908,1335,1
rs,6144,2560,8192,gpu,118,c_cublas,2,1.03936,1.01581,1.03731,0.03437,1335,1
rs,6144,2560,8192,gpu,118,A_gemmrs,0,1.15712,1.15610,1.15712,0.06114,1335,1
rs,6144,2560,8192,gpu,118,c_fluxgemm_only,1,1.07930,1.05574,1.07622,0.01800,1335,1
rs,6144,2560,8192,gpu,119,c_cublas,0,1.03834,1.01478,1.03731,0.03261,1335,1
rs,6144,2560,8192,gpu,119,A_gemmrs,2,1.15712,1.15507,1.15610,0.06652,1335,1
rs,6144,2560,8192,gpu,119,c_fluxgemm_only,1,1.07930,1.05574,1.07725,0.01966,1335,1
rs,6144,2560,8192,gpu,120,c_cublas,0,1.05165,1.01683,1.05165,0.03548,1335,1
rs,6144,2560,8192,gpu,120,A_gemmrs,1,1.22470,1.22266,1.22470,0.05779,1335,1
rs,6144,2560,8192,gpu,120,c_fluxgemm_only,2,1.08749,1.05472,1.08749,0.01855,1335,1
rs,6144,2560,8192,gpu,121,c_cublas,0,1.04960,1.01581,1.04960,0.03527,1335,1
rs,6144,2560,8192,gpu,121,A_gemmrs,1,1.15917,1.15302,1.15917,0.05838,1335,1
rs,6144,2560,8192,gpu,121,c_fluxgemm_only,2,1.08851,1.05472,1.08851,0.01795,1335,1
rs,6144,2560,8192,gpu,122,c_cublas,1,1.04960,1.01581,1.04960,0.03550,1335,1
rs,6144,2560,8192,gpu,122,A_gemmrs,2,1.16224,1.15814,1.16224,0.05781,1335,1
rs,6144,2560,8192,gpu,122,c_fluxgemm_only,0,1.08749,1.05472,1.08749,0.01714,1335,1
rs,6144,2560,8192,gpu,123,c_cublas,2,1.05062,1.01581,1.05062,0.03452,1335,1
rs,6144,2560,8192,gpu,123,A_gemmrs,0,1.20832,1.20525,1.20832,0.05577,1335,1
rs,6144,2560,8192,gpu,123,c_fluxgemm_only,1,1.08749,1.05370,1.08749,0.01750,1335,1
rs,6144,2560,8192,gpu,124,c_cublas,0,1.05165,1.01581,1.05165,0.03308,1335,1
rs,6144,2560,8192,gpu,124,A_gemmrs,2,1.21958,1.21651,1.21958,0.06158,1335,1
rs,6144,2560,8192,gpu,124,c_fluxgemm_only,1,1.08749,1.05472,1.08749,0.01981,1335,1
rs,6144,2560,8192,gpu,125,c_cublas,2,1.04960,1.01786,1.04960,0.03501,1335,1
rs,6144,2560,8192,gpu,125,A_gemmrs,0,1.16122,1.15917,1.16122,0.05747,1335,1
rs,6144,2560,8192,gpu,125,c_fluxgemm_only,1,1.08851,1.05882,1.08851,0.01822,1335,1
rs,6144,2560,8192,gpu,126,c_cublas,0,1.04858,1.01683,1.04858,0.03199,1335,1
rs,6144,2560,8192,gpu,126,A_gemmrs,2,1.20832,1.20320,1.20832,0.05731,1335,1
rs,6144,2560,8192,gpu,126,c_fluxgemm_only,1,1.08851,1.05779,1.08851,0.01969,1335,1
rs,6144,2560,8192,gpu,127,c_cublas,1,1.05062,1.01786,1.05062,0.04124,1335,1
rs,6144,2560,8192,gpu,127,A_gemmrs,0,1.16429,1.15814,1.16326,0.05725,1335,1
rs,6144,2560,8192,gpu,127,c_fluxgemm_only,2,1.08646,1.05779,1.08646,0.01937,1335,1
rs,6144,2560,8192,gpu,128,c_cublas,0,1.05165,1.01786,1.05165,0.03437,1335,1
rs,6144,2560,8192,gpu,128,A_gemmrs,1,1.21958,1.21549,1.21958,0.06055,1335,1
rs,6144,2560,8192,gpu,128,c_fluxgemm_only,2,1.08851,1.05984,1.08851,0.01842,1335,1
rs,6144,2560,8192,gpu,129,c_cublas,2,1.05062,1.01683,1.05062,0.03382,1320,1
rs,6144,2560,8192,gpu,129,A_gemmrs,1,1.20627,1.20320,1.20525,0.06354,1320,1
rs,6144,2560,8192,gpu,129,c_fluxgemm_only,0,1.08646,1.05779,1.08646,0.01783,1320,1
rs,6144,2560,8192,gpu,130,c_cublas,1,1.05062,1.01683,1.05062,0.03291,1320,1
rs,6144,2560,8192,gpu,130,A_gemmrs,0,1.16122,1.15917,1.16122,0.06495,1320,1
rs,6144,2560,8192,gpu,130,c_fluxgemm_only,2,1.08851,1.05779,1.08851,0.01939,1320,1
rs,6144,2560,8192,gpu,131,c_cublas,1,1.05165,1.01990,1.05165,0.03875,1320,1
rs,6144,2560,8192,gpu,131,A_gemmrs,2,1.22163,1.22061,1.22061,0.05822,1320,1
rs,6144,2560,8192,gpu,131,c_fluxgemm_only,0,1.08646,1.05677,1.08646,0.01746,1320,1
rs,6144,2560,8192,gpu,132,c_cublas,1,1.04960,1.01786,1.04960,0.03326,1320,1
rs,6144,2560,8192,gpu,132,A_gemmrs,0,1.20218,1.20013,1.20218,0.05719,1320,1
rs,6144,2560,8192,gpu,132,c_fluxgemm_only,2,1.08851,1.05882,1.08851,0.01921,1320,1
rs,6144,2560,8192,gpu,133,c_cublas,1,1.05165,1.01888,1.05165,0.03317,1320,1
rs,6144,2560,8192,gpu,133,A_gemmrs,0,1.16838,1.16736,1.16838,0.05917,1320,1
rs,6144,2560,8192,gpu,133,c_fluxgemm_only,2,1.08749,1.05882,1.08749,0.01923,1320,1
rs,6144,2560,8192,gpu,134,c_cublas,1,1.05062,1.01786,1.05062,0.03464,1320,1
rs,6144,2560,8192,gpu,134,A_gemmrs,2,1.21958,1.21651,1.21958,0.05877,1320,1
rs,6144,2560,8192,gpu,134,c_fluxgemm_only,0,1.08646,1.05779,1.08646,0.01741,1320,1
rs,6144,2560,8192,gpu,135,c_cublas,0,1.05062,1.01683,1.05062,0.03433,1320,1
rs,6144,2560,8192,gpu,135,A_gemmrs,2,1.16838,1.16736,1.16838,0.05681,1320,1
rs,6144,2560,8192,gpu,135,c_fluxgemm_only,1,1.08954,1.05779,1.08954,0.02043,1320,1
rs,6144,2560,8192,gpu,136,c_cublas,0,1.05062,1.01888,1.05062,0.03404,1320,1
rs,6144,2560,8192,gpu,136,A_gemmrs,1,1.16326,1.16122,1.16326,0.05823,1320,1
rs,6144,2560,8192,gpu,136,c_fluxgemm_only,2,1.08851,1.05984,1.08851,0.01784,1320,1
rs,6144,2560,8192,gpu,137,c_cublas,0,1.04960,1.01786,1.04960,0.03493,1320,1
rs,6144,2560,8192,gpu,137,A_gemmrs,2,1.21856,1.21549,1.21856,0.06757,1320,1
rs,6144,2560,8192,gpu,137,c_fluxgemm_only,1,1.08544,1.05677,1.08544,0.01956,1320,1
rs,6144,2560,8192,gpu,138,c_cublas,1,1.05062,1.01888,1.05062,0.03605,1320,1
rs,6144,2560,8192,gpu,138,A_gemmrs,2,1.16736,1.16531,1.16736,0.05892,1320,1
rs,6144,2560,8192,gpu,138,c_fluxgemm_only,0,1.08749,1.05882,1.08749,0.01860,1320,1
rs,6144,2560,8192,gpu,139,c_cublas,1,1.05062,1.01786,1.05062,0.03315,1320,1
rs,6144,2560,8192,gpu,139,A_gemmrs,0,1.16429,1.16224,1.16429,0.05658,1320,1
rs,6144,2560,8192,gpu,139,c_fluxgemm_only,2,1.08851,1.05677,1.08851,0.01913,1320,1
rs,6144,2560,8192,gpu,140,c_cublas,0,1.05165,1.01888,1.05165,0.03443,1320,1
rs,6144,2560,8192,gpu,140,A_gemmrs,1,1.20013,1.19706,1.20013,0.05817,1320,1
rs,6144,2560,8192,gpu,140,c_fluxgemm_only,2,1.08851,1.05882,1.08851,0.01787,1320,1
rs,6144,2560,8192,gpu,141,c_cublas,1,1.04960,1.01683,1.04960,0.03533,1320,1
rs,6144,2560,8192,gpu,141,A_gemmrs,2,1.22470,1.22266,1.22470,0.06871,1320,1
rs,6144,2560,8192,gpu,141,c_fluxgemm_only,0,1.08749,1.05677,1.08749,0.01767,1320,1
rs,6144,2560,8192,gpu,142,c_cublas,2,1.04960,1.01786,1.04960,0.03455,1320,1
rs,6144,2560,8192,gpu,142,A_gemmrs,0,1.16736,1.16019,1.16736,0.05760,1320,1
rs,6144,2560,8192,gpu,142,c_fluxgemm_only,1,1.08851,1.05677,1.08851,0.01779,1320,1
rs,6144,2560,8192,gpu,143,c_cublas,1,1.04960,1.01786,1.04960,0.03316,1320,1
rs,6144,2560,8192,gpu,143,A_gemmrs,0,1.19706,1.19501,1.19706,0.06120,1320,1
rs,6144,2560,8192,gpu,143,c_fluxgemm_only,2,1.08749,1.05882,1.08749,0.01930,1320,1
rs,6144,2560,8192,gpu,144,c_cublas,0,1.05165,1.01990,1.05165,0.03450,1320,1
rs,6144,2560,8192,gpu,144,A_gemmrs,1,1.16634,1.16326,1.16634,0.06648,1320,1
rs,6144,2560,8192,gpu,144,c_fluxgemm_only,2,1.08749,1.05984,1.08749,0.01821,1320,1
rs,6144,2560,8192,gpu,145,c_cublas,1,1.05062,1.01786,1.05062,0.03552,1320,1
rs,6144,2560,8192,gpu,145,A_gemmrs,2,1.22573,1.22368,1.22573,0.06039,1320,1
rs,6144,2560,8192,gpu,145,c_fluxgemm_only,0,1.08749,1.05779,1.08749,0.01728,1320,1
rs,6144,2560,8192,gpu,146,c_cublas,1,1.04960,1.01786,1.04960,0.03332,1320,1
rs,6144,2560,8192,gpu,146,A_gemmrs,0,1.15814,1.15302,1.15814,0.06554,1320,1
rs,6144,2560,8192,gpu,146,c_fluxgemm_only,2,1.08749,1.05677,1.08749,0.01951,1320,1
rs,6144,2560,8192,gpu,147,c_cublas,2,1.05062,1.01786,1.05062,0.03360,1320,1
rs,6144,2560,8192,gpu,147,A_gemmrs,1,1.16531,1.16224,1.16531,0.05759,1320,1
rs,6144,2560,8192,gpu,147,c_fluxgemm_only,0,1.08646,1.05779,1.08646,0.01795,1320,1
rs,6144,2560,8192,gpu,148,c_cublas,0,1.05062,1.01888,1.05062,0.03223,1320,1
rs,6144,2560,8192,gpu,148,A_gemmrs,1,1.20320,1.20115,1.20320,0.05952,1320,1
rs,6144,2560,8192,gpu,148,c_fluxgemm_only,2,1.08851,1.05984,1.08851,0.01828,1320,1
rs,6144,2560,8192,gpu,149,c_cublas,1,1.05062,1.01683,1.05062,0.05482,1320,1
rs,6144,2560,8192,gpu,149,A_gemmrs,2,1.21754,1.21754,1.21754,0.06983,1320,1
rs,6144,2560,8192,gpu,149,c_fluxgemm_only,0,1.08851,1.05677,1.08851,0.02739,1320,1
rs,6144,2560,8192,gpu,150,c_cublas,0,1.05062,1.01683,1.05062,0.03500,1320,1
rs,6144,2560,8192,gpu,150,A_gemmrs,1,1.16326,1.15917,1.16326,0.05836,1320,1
rs,6144,2560,8192,gpu,150,c_fluxgemm_only,2,1.08646,1.05779,1.08646,0.01789,1320,1
rs,6144,2560,8192,gpu,151,c_cublas,0,1.05062,1.01888,1.05062,0.03632,1320,1
rs,6144,2560,8192,gpu,151,A_gemmrs,2,1.19910,1.19706,1.19910,0.05757,1320,1
rs,6144,2560,8192,gpu,151,c_fluxgemm_only,1,1.08851,1.05984,1.08851,0.01911,1320,1
rs,6144,2560,8192,gpu,152,c_cublas,0,1.05574,1.01683,1.05165,0.03496,1320,1
rs,6144,2560,8192,gpu,152,A_gemmrs,2,1.22368,1.22266,1.22368,0.06134,1320,1
rs,6144,2560,8192,gpu,152,c_fluxgemm_only,1,1.08646,1.05472,1.08646,0.02004,1320,1
rs,6144,2560,8192,gpu,153,c_cublas,2,1.04960,1.01376,1.04960,0.03368,1320,1
rs,6144,2560,8192,gpu,153,A_gemmrs,1,1.16224,1.16122,1.16224,0.05510,1320,1
rs,6144,2560,8192,gpu,153,c_fluxgemm_only,0,1.08749,1.05370,1.08749,0.01855,1320,1
rs,6144,2560,8192,gpu,154,c_cublas,1,1.04960,1.01478,1.04960,0.03355,1320,1
rs,6144,2560,8192,gpu,154,A_gemmrs,2,1.19808,1.19501,1.19808,0.05895,1320,1
rs,6144,2560,8192,gpu,154,c_fluxgemm_only,0,1.08851,1.05370,1.08851,0.01989,1320,1
rs,6144,2560,8192,gpu,155,c_cublas,1,1.05267,1.01683,1.05267,0.04213,1320,1
rs,6144,2560,8192,gpu,155,A_gemmrs,2,1.22368,1.22266,1.22368,0.05888,1320,1
rs,6144,2560,8192,gpu,155,c_fluxgemm_only,0,1.08851,1.05370,1.08851,0.01896,1320,1
rs,6144,2560,8192,gpu,156,c_cublas,0,1.05165,1.01581,1.05165,0.03407,1320,1
rs,6144,2560,8192,gpu,156,A_gemmrs,2,1.15712,1.15507,1.15712,0.05665,1320,1
rs,6144,2560,8192,gpu,156,c_fluxgemm_only,1,1.08749,1.05472,1.08749,0.02182,1320,1
rs,6144,2560,8192,gpu,157,c_cublas,2,1.04960,1.01478,1.04960,0.11113,1320,1
rs,6144,2560,8192,gpu,157,A_gemmrs,1,1.21344,1.21139,1.21344,0.05669,1320,1
rs,6144,2560,8192,gpu,157,c_fluxgemm_only,0,1.08749,1.05370,1.08749,0.01887,1320,1
rs,6144,2560,8192,gpu,158,c_cublas,0,1.05062,1.01376,1.05062,0.03225,1320,1
rs,6144,2560,8192,gpu,158,A_gemmrs,2,1.21344,1.21037,1.21344,0.05660,1320,1
rs,6144,2560,8192,gpu,158,c_fluxgemm_only,1,1.08749,1.05370,1.08749,0.02013,1320,1
rs,6144,2560,8192,gpu,159,c_cublas,1,1.05062,1.01478,1.05062,0.03339,1320,1
rs,6144,2560,8192,gpu,159,A_gemmrs,0,1.16531,1.16019,1.16531,0.06681,1320,1
rs,6144,2560,8192,gpu,159,c_fluxgemm_only,2,1.08442,1.05472,1.08442,0.01943,1320,1
rs,6144,2560,8192,gpu,160,c_cublas,0,1.03834,1.01581,1.03834,0.03434,1320,1
rs,6144,2560,8192,gpu,160,A_gemmrs,1,1.19706,1.19501,1.19603,0.06242,1320,1
rs,6144,2560,8192,gpu,160,c_fluxgemm_only,2,1.07725,1.05882,1.07725,0.01890,1320,1
rs,6144,2560,8192,gpu,161,c_cublas,1,1.03936,1.01786,1.03731,0.03589,1320,1
rs,6144,2560,8192,gpu,161,A_gemmrs,2,1.21651,1.21549,1.21651,0.06033,1320,1
rs,6144,2560,8192,gpu,161,c_fluxgemm_only,0,1.07827,1.05677,1.07622,0.01805,1320,1
rs,6144,2560,8192,gpu,162,c_cublas,0,1.03834,1.01888,1.03834,0.03451,1335,1
rs,6144,2560,8192,gpu,162,A_gemmrs,1,1.15712,1.15507,1.15712,0.05814,1335,1
rs,6144,2560,8192,gpu,162,c_fluxgemm_only,2,1.07930,1.05882,1.07622,0.01837,1335,1
rs,6144,2560,8192,gpu,163,c_cublas,0,1.03936,1.02605,1.03936,0.03619,1335,1
rs,6144,2560,8192,gpu,163,A_gemmrs,1,1.20320,1.20115,1.20320,0.06919,1335,1
rs,6144,2560,8192,gpu,163,c_fluxgemm_only,2,1.07827,1.06701,1.07622,0.01774,1335,1
rs,6144,2560,8192,gpu,164,c_cublas,0,1.03936,1.02912,1.03936,0.03545,1335,1
rs,6144,2560,8192,gpu,164,A_gemmrs,2,1.21037,1.20934,1.21037,0.05652,1335,1
rs,6144,2560,8192,gpu,164,c_fluxgemm_only,1,1.07930,1.06701,1.07520,0.01893,1335,1
rs,6144,2560,8192,gpu,165,c_cublas,1,1.04960,1.02707,1.03834,0.03571,1335,1
rs,6144,2560,8192,gpu,165,A_gemmrs,2,1.17760,1.17453,1.17658,0.05875,1335,1
rs,6144,2560,8192,gpu,165,c_fluxgemm_only,0,1.08646,1.06803,1.07827,0.01920,1335,1
rs,6144,2560,8192,gpu,166,c_cublas,1,1.04960,1.02810,1.03834,0.03310,1335,1
rs,6144,2560,8192,gpu,166,A_gemmrs,0,1.21037,1.20525,1.21037,0.05948,1335,1
rs,6144,2560,8192,gpu,166,c_fluxgemm_only,2,1.09056,1.06803,1.07622,0.01919,1335,1
rs,6144,2560,8192,gpu,167,c_cublas,2,1.04960,1.02810,1.03834,0.03415,1335,1
rs,6144,2560,8192,gpu,167,A_gemmrs,1,1.23699,1.23494,1.23597,0.05966,1335,1
rs,6144,2560,8192,gpu,167,c_fluxgemm_only,0,1.08954,1.06598,1.07418,0.01875,1335,1
rs,6144,2560,8192,gpu,168,c_cublas,0,1.05165,1.02707,1.03936,0.03236,1320,1
rs,6144,2560,8192,gpu,168,A_gemmrs,2,1.22061,1.21651,1.22061,0.07125,1320,1
rs,6144,2560,8192,gpu,168,c_fluxgemm_only,1,1.08851,1.06496,1.07622,0.02005,1320,1
rs,6144,2560,8192,gpu,169,c_cublas,2,1.07418,1.03731,1.07418,0.03339,1320,1
rs,6144,2560,8192,gpu,169,A_gemmrs,1,1.18272,1.17965,1.18272,0.05570,1320,1
rs,6144,2560,8192,gpu,169,c_fluxgemm_only,0,1.11104,1.07622,1.11104,0.01911,1320,1
rs,6144,2560,8192,gpu,170,c_cublas,0,1.07418,1.03731,1.07418,0.03150,1320,1
rs,6144,2560,8192,gpu,170,A_gemmrs,2,1.23904,1.23187,1.23904,0.05687,1320,1
rs,6144,2560,8192,gpu,170,c_fluxgemm_only,1,1.11104,1.07622,1.11104,0.02730,1320,1
rs,6144,2560,8192,gpu,171,c_cublas,1,1.07520,1.03834,1.07520,0.03344,1320,1
rs,6144,2560,8192,gpu,171,A_gemmrs,0,1.18170,1.17965,1.18170,0.05834,1320,1
rs,6144,2560,8192,gpu,171,c_fluxgemm_only,2,1.11104,1.07725,1.11104,0.01957,1320,1
rs,6144,2560,8192,gpu,172,c_cublas,1,1.07418,1.02605,1.07418,0.03309,1320,1
rs,6144,2560,8192,gpu,172,A_gemmrs,0,1.22880,1.22675,1.22880,0.06052,1320,1
rs,6144,2560,8192,gpu,172,c_fluxgemm_only,2,1.11309,1.06598,1.11309,0.01952,1320,1
rs,6144,2560,8192,gpu,173,c_cublas,1,1.07622,1.02707,1.07622,0.03338,1320,1
rs,6144,2560,8192,gpu,173,A_gemmrs,0,1.18886,1.18579,1.18886,0.05878,1320,1
rs,6144,2560,8192,gpu,173,c_fluxgemm_only,2,1.11206,1.06496,1.11206,0.01938,1320,1
rs,6144,2560,8192,gpu,174,c_cublas,0,1.07520,1.02502,1.07520,0.03454,1290,1
rs,6144,2560,8192,gpu,174,A_gemmrs,2,1.24211,1.23802,1.24211,0.06147,1290,1
rs,6144,2560,8192,gpu,174,c_fluxgemm_only,1,1.11002,1.06394,1.11002,0.01942,1290,1
rs,6144,2560,8192,gpu,175,c_cublas,2,1.07418,1.02707,1.07418,0.03491,1290,1
rs,6144,2560,8192,gpu,175,A_gemmrs,0,1.18170,1.17965,1.18170,0.06175,1290,1
rs,6144,2560,8192,gpu,175,c_fluxgemm_only,1,1.11206,1.06496,1.11206,0.01719,1290,1
rs,6144,2560,8192,gpu,176,c_cublas,1,1.07520,1.02605,1.07520,0.03291,1290,1
rs,6144,2560,8192,gpu,176,A_gemmrs,0,1.18784,1.18374,1.18784,0.05900,1290,1
rs,6144,2560,8192,gpu,176,c_fluxgemm_only,2,1.11206,1.06701,1.11206,0.01900,1290,1
rs,6144,2560,8192,gpu,177,c_cublas,2,1.06189,1.02707,1.06189,0.03915,1290,1
rs,6144,2560,8192,gpu,177,A_gemmrs,0,1.18682,1.18477,1.18682,0.08282,1290,1
rs,6144,2560,8192,gpu,177,c_fluxgemm_only,1,1.11104,1.06598,1.11104,0.01804,1290,1
rs,6144,2560,8192,gpu,178,c_cublas,1,1.06086,1.02605,1.06086,0.03946,1290,1
rs,6144,2560,8192,gpu,178,A_gemmrs,0,1.24826,1.24621,1.24826,0.06208,1290,1
rs,6144,2560,8192,gpu,178,c_fluxgemm_only,2,1.09875,1.06496,1.09875,0.01987,1290,1
rs,6144,2560,8192,gpu,179,c_cublas,1,1.06189,1.02707,1.06189,0.03491,1290,1
rs,6144,2560,8192,gpu,179,A_gemmrs,2,1.17555,1.17248,1.17555,0.06336,1290,1
rs,6144,2560,8192,gpu,179,c_fluxgemm_only,0,1.09875,1.06496,1.09875,0.01802,1290,1
rs,6144,2560,8192,gpu,180,c_cublas,2,1.06291,1.02707,1.06291,0.03457,1290,1
rs,6144,2560,8192,gpu,180,A_gemmrs,0,1.17043,1.16838,1.17043,0.05731,1290,1
rs,6144,2560,8192,gpu,180,c_fluxgemm_only,1,1.09773,1.06496,1.09773,0.01803,1290,1
rs,6144,2560,8192,gpu,181,c_cublas,2,1.06189,1.02605,1.06189,0.03453,1290,1
rs,6144,2560,8192,gpu,181,A_gemmrs,0,1.23699,1.23494,1.23699,0.07385,1290,1
rs,6144,2560,8192,gpu,181,c_fluxgemm_only,1,1.09978,1.06598,1.09978,0.01851,1290,1
rs,6144,2560,8192,gpu,182,c_cublas,2,1.04960,1.02707,1.04960,0.03457,1290,1
rs,6144,2560,8192,gpu,182,A_gemmrs,0,1.16941,1.16838,1.16941,0.06121,1290,1
rs,6144,2560,8192,gpu,182,c_fluxgemm_only,1,1.08749,1.06394,1.08749,0.01829,1290,1
rs,6144,2560,8192,gpu,183,c_cublas,2,1.04960,1.02605,1.04960,0.04157,1290,1
rs,6144,2560,8192,gpu,183,A_gemmrs,0,1.17043,1.16838,1.16838,0.06188,1290,1
rs,6144,2560,8192,gpu,183,c_fluxgemm_only,1,1.08851,1.06598,1.08749,0.01838,1290,1
rs,6144,2560,8192,gpu,184,c_cublas,1,1.05062,1.02605,1.05062,0.03313,1290,1
rs,6144,2560,8192,gpu,184,A_gemmrs,0,1.23494,1.23187,1.23494,0.06279,1290,1
rs,6144,2560,8192,gpu,184,c_fluxgemm_only,2,1.08954,1.06598,1.08954,0.01964,1290,1
rs,6144,2560,8192,gpu,185,c_cublas,2,1.04960,1.02605,1.04960,0.03485,1290,1
rs,6144,2560,8192,gpu,185,A_gemmrs,0,1.16019,1.15610,1.16019,0.06864,1290,1
rs,6144,2560,8192,gpu,185,c_fluxgemm_only,1,1.08954,1.06701,1.08954,0.02444,1290,1
rs,6144,2560,8192,gpu,186,c_cublas,2,1.05062,1.02605,1.05062,0.03444,1320,1
rs,6144,2560,8192,gpu,186,A_gemmrs,0,1.16941,1.16736,1.16941,0.06391,1320,1
rs,6144,2560,8192,gpu,186,c_fluxgemm_only,1,1.08749,1.06496,1.08646,0.01822,1320,1
rs,6144,2560,8192,gpu,187,c_cublas,0,1.04960,1.02502,1.04960,0.03300,1320,1
rs,6144,2560,8192,gpu,187,A_gemmrs,1,1.22470,1.22368,1.22470,0.06767,1320,1
rs,6144,2560,8192,gpu,187,c_fluxgemm_only,2,1.08851,1.06394,1.08851,0.01871,1320,1
rs,6144,2560,8192,gpu,188,c_cublas,2,1.05062,1.02810,1.05062,0.03448,1320,1
rs,6144,2560,8192,gpu,188,A_gemmrs,0,1.16019,1.15814,1.16019,0.06141,1320,1
rs,6144,2560,8192,gpu,188,c_fluxgemm_only,1,1.08646,1.06496,1.08544,0.01787,1320,1
rs,6144,2560,8192,gpu,189,c_cublas,0,1.05062,1.02502,1.05062,0.03228,1320,1
rs,6144,2560,8192,gpu,189,A_gemmrs,2,1.17248,1.17043,1.17248,0.06032,1320,1
rs,6144,2560,8192,gpu,189,c_fluxgemm_only,1,1.08749,1.06496,1.08749,0.02086,1320,1
rs,6144,2560,8192,gpu,190,c_cublas,0,1.04960,1.02502,1.04960,0.03521,1320,1
rs,6144,2560,8192,gpu,190,A_gemmrs,1,1.22266,1.22061,1.22266,0.06191,1320,1
rs,6144,2560,8192,gpu,190,c_fluxgemm_only,2,1.08749,1.06598,1.08749,0.01847,1320,1
rs,6144,2560,8192,gpu,191,c_cublas,1,1.04960,1.02912,1.04960,0.08061,1320,1
rs,6144,2560,8192,gpu,191,A_gemmrs,0,1.15917,1.15814,1.15917,0.06458,1320,1
rs,6144,2560,8192,gpu,191,c_fluxgemm_only,2,1.08749,1.06906,1.08646,0.03651,1320,1
rs,6144,2560,8192,gpu,192,c_cublas,0,1.05165,1.02912,1.05165,0.04413,1320,1
rs,6144,2560,8192,gpu,192,A_gemmrs,2,1.16736,1.16531,1.16736,0.09053,1320,1
rs,6144,2560,8192,gpu,192,c_fluxgemm_only,1,1.08646,1.06701,1.08646,0.02248,1320,1
rs,6144,2560,8192,gpu,193,c_cublas,0,1.04960,1.02810,1.04960,0.04795,1320,1
rs,6144,2560,8192,gpu,193,A_gemmrs,1,1.22061,1.21856,1.22061,0.06911,1320,1
rs,6144,2560,8192,gpu,193,c_fluxgemm_only,2,1.08646,1.06701,1.08646,0.02024,1320,1
rs,6144,2560,8192,gpu,194,c_cublas,1,1.04960,1.02707,1.04960,0.03738,1320,1
rs,6144,2560,8192,gpu,194,A_gemmrs,2,1.16838,1.16531,1.16838,0.06575,1320,1
rs,6144,2560,8192,gpu,194,c_fluxgemm_only,0,1.08749,1.06701,1.08749,0.01842,1320,1
rs,6144,2560,8192,gpu,195,c_cublas,2,1.06189,1.02707,1.06189,0.03528,1320,1
rs,6144,2560,8192,gpu,195,A_gemmrs,1,1.17862,1.17555,1.17862,0.06027,1320,1
rs,6144,2560,8192,gpu,195,c_fluxgemm_only,0,1.08749,1.06701,1.08749,0.01973,1320,1
rs,6144,2560,8192,gpu,196,c_cublas,2,1.06394,1.02810,1.06394,0.03577,1320,1
rs,6144,2560,8192,gpu,196,A_gemmrs,0,1.28307,1.27898,1.28307,0.06368,1320,1
rs,6144,2560,8192,gpu,196,c_fluxgemm_only,1,1.09875,1.06496,1.09875,0.01872,1320,1
rs,6144,2560,8192,gpu,197,c_cublas,1,1.06291,1.02810,1.06291,0.03487,1320,1
rs,6144,2560,8192,gpu,197,A_gemmrs,0,1.17658,1.17555,1.17555,0.06451,1320,1
rs,6144,2560,8192,gpu,197,c_fluxgemm_only,2,1.09978,1.06496,1.09978,0.02128,1320,1
rs,6144,2560,8192,gpu,198,c_cublas,0,1.06189,1.02707,1.06189,0.03612,1320,1
rs,6144,2560,8192,gpu,198,A_gemmrs,1,1.17658,1.17350,1.17658,0.06377,1320,1
rs,6144,2560,8192,gpu,198,c_fluxgemm_only,2,1.09875,1.06496,1.09875,0.01947,1320,1
rs,6144,2560,8192,gpu,199,c_cublas,0,1.06189,1.02707,1.06189,0.03614,1320,1
rs,6144,2560,8192,gpu,199,A_gemmrs,2,1.23494,1.23187,1.23494,0.07287,1320,1
rs,6144,2560,8192,gpu,199,c_fluxgemm_only,1,1.09978,1.06598,1.09978,0.02060,1320,1
rs,6144,2560,8192,steady,0,c_cublas,0,1.13318,1.09210,1.13318,0.03203,0,1
rs,6144,2560,8192,steady,0,A_gemmrs,2,1.22624,1.22605,1.22624,0.03216,0,1
rs,6144,2560,8192,steady,0,c_fluxgemm_only,1,1.16154,1.12128,1.16083,0.00982,0,1
rs,6144,2560,8192,steady,1,c_cublas,2,1.13504,1.09792,1.13504,0.01376,1215,1
rs,6144,2560,8192,steady,1,A_gemmrs,1,1.24614,1.24595,1.24614,0.03180,1215,1
rs,6144,2560,8192,steady,1,c_fluxgemm_only,0,1.17082,1.12710,1.17082,0.00988,1215,1
rs,6144,2560,8192,steady,2,c_cublas,0,1.13421,1.09466,1.13421,0.01426,1215,1
rs,6144,2560,8192,steady,2,A_gemmrs,1,1.23802,1.23776,1.23802,0.03183,1215,1
rs,6144,2560,8192,steady,2,c_fluxgemm_only,2,1.18266,1.13158,1.18266,0.01011,1215,1
rs,6144,2560,8192,steady,3,c_cublas,2,1.15315,1.10982,1.15315,0.01488,1200,1
rs,6144,2560,8192,steady,3,A_gemmrs,0,1.25184,1.25056,1.25056,0.03211,1200,1
rs,6144,2560,8192,steady,3,c_fluxgemm_only,1,1.19731,1.15251,1.19731,0.00954,1200,1
rs,6144,2560,8192,steady,4,c_cublas,1,1.12352,1.09664,1.12352,0.01405,1215,1
rs,6144,2560,8192,steady,4,A_gemmrs,2,1.22259,1.22246,1.22259,0.03248,1215,1
rs,6144,2560,8192,steady,4,c_fluxgemm_only,0,1.18163,1.14010,1.18163,0.00972,1215,1
rs,6144,2560,8192,steady,5,c_cublas,1,1.13606,1.09645,1.13606,0.01462,1215,1
rs,6144,2560,8192,steady,5,A_gemmrs,2,1.23757,1.23738,1.23757,0.03148,1215,1
rs,6144,2560,8192,steady,5,c_fluxgemm_only,0,1.17414,1.13664,1.17414,0.00970,1215,1
rs,6144,2560,8192,steady,6,c_cublas,2,1.13645,1.10445,1.13645,0.01464,1215,1
rs,6144,2560,8192,steady,6,A_gemmrs,0,1.24794,1.24557,1.24563,0.03130,1215,1
rs,6144,2560,8192,steady,6,c_fluxgemm_only,1,1.17933,1.14906,1.17933,0.00966,1215,1
rs,6144,2560,8192,steady,7,c_cublas,1,1.12275,1.08269,1.12275,0.01476,1230,1
rs,6144,2560,8192,steady,7,A_gemmrs,2,1.23558,1.23539,1.23558,0.03308,1230,1
rs,6144,2560,8192,steady,7,c_fluxgemm_only,0,1.17504,1.14138,1.17504,0.01043,1230,1
rs,6144,2560,8192,steady,8,c_cublas,2,1.15130,1.10880,1.15130,0.01454,1230,1
rs,6144,2560,8192,steady,8,A_gemmrs,0,1.24678,1.24454,1.24659,0.03201,1230,1
rs,6144,2560,8192,steady,8,c_fluxgemm_only,1,1.19712,1.14163,1.19712,0.00962,1230,1
rs,6144,2560,8192,steady,9,c_cublas,1,1.13574,1.09645,1.13574,0.01413,1215,1
rs,6144,2560,8192,steady,9,A_gemmrs,0,1.25254,1.25120,1.25120,0.03235,1215,1
rs,6144,2560,8192,steady,9,c_fluxgemm_only,2,1.16582,1.12979,1.16582,0.01023,1215,1
rs,6144,2560,8192,steady,10,c_cublas,0,1.12448,1.09683,1.12448,0.01462,1230,1
rs,6144,2560,8192,steady,10,A_gemmrs,2,1.21907,1.21894,1.21901,0.03245,1230,1
rs,6144,2560,8192,steady,10,c_fluxgemm_only,1,1.15494,1.13088,1.15494,0.00980,1230,1
rs,6144,2560,8192,steady,11,c_cublas,2,1.14739,1.09811,1.14739,0.01471,1215,1
rs,6144,2560,8192,steady,11,A_gemmrs,1,1.25152,1.25133,1.25152,0.03111,1215,1
rs,6144,2560,8192,steady,11,c_fluxgemm_only,0,1.17517,1.13818,1.17517,0.00983,1215,1
rs,6144,2560,8192,steady,12,c_cublas,0,1.13997,1.09107,1.13997,0.01454,1200,1
rs,6144,2560,8192,steady,12,A_gemmrs,1,1.23590,1.23565,1.23590,0.03229,1200,1
rs,6144,2560,8192,steady,12,c_fluxgemm_only,2,1.17459,1.12499,1.17459,0.01005,1200,1
rs,6144,2560,8192,steady,13,c_cublas,1,1.13926,1.09638,1.13926,0.01505,1215,1
rs,6144,2560,8192,steady,13,A_gemmrs,0,1.25094,1.25037,1.25037,0.03525,1215,1
rs,6144,2560,8192,steady,13,c_fluxgemm_only,2,1.17939,1.13952,1.17939,0.01037,1215,1
rs,6144,2560,8192,steady,14,c_cublas,1,1.13664,1.09658,1.13664,0.01696,1230,1
rs,6144,2560,8192,steady,14,A_gemmrs,0,1.24915,1.24365,1.24365,0.03483,1230,1
rs,6144,2560,8192,steady,14,c_fluxgemm_only,2,1.16582,1.13939,1.16582,0.01059,1230,1
rs,6144,2560,8192,steady,15,c_cublas,1,1.13600,1.10976,1.13600,0.01470,1230,1
rs,6144,2560,8192,steady,15,A_gemmrs,0,1.23488,1.23469,1.23469,0.03210,1230,1
rs,6144,2560,8192,steady,15,c_fluxgemm_only,2,1.16589,1.14221,1.16589,0.00980,1230,1
rs,6144,2560,8192,steady,16,c_cublas,0,1.12467,1.09766,1.12467,0.01611,1215,1
rs,6144,2560,8192,steady,16,A_gemmrs,1,1.22144,1.22131,1.22144,0.03272,1215,1
rs,6144,2560,8192,steady,16,c_fluxgemm_only,2,1.17261,1.13562,1.17261,0.00949,1215,1
rs,6144,2560,8192,steady,17,c_cublas,0,1.13850,1.09779,1.13850,0.01456,1230,1
rs,6144,2560,8192,steady,17,A_gemmrs,2,1.23309,1.23296,1.23309,0.03158,1230,1
rs,6144,2560,8192,steady,17,c_fluxgemm_only,1,1.17210,1.13440,1.17210,0.01026,1230,1
rs,6144,2560,8192,steady,18,c_cublas,0,1.12672,1.08653,1.12672,0.01458,1230,1
rs,6144,2560,8192,steady,18,A_gemmrs,1,1.23578,1.23552,1.23578,0.03202,1230,1
rs,6144,2560,8192,steady,18,c_fluxgemm_only,2,1.17280,1.13203,1.17280,0.00968,1230,1
rs,6144,2560,8192,steady,19,c_cublas,1,1.13626,1.09786,1.13626,0.01514,1230,1
rs,6144,2560,8192,steady,19,A_gemmrs,2,1.23616,1.23597,1.23616,0.03154,1230,1
rs,6144,2560,8192,steady,19,c_fluxgemm_only,0,1.18317,1.14157,1.18317,0.00964,1230,1
rs,6144,2560,8192,steady,20,c_cublas,1,1.12237,1.09664,1.12237,0.01483,1230,1
rs,6144,2560,8192,steady,20,A_gemmrs,2,1.21907,1.21901,1.21907,0.03193,1230,1
rs,6144,2560,8192,steady,20,c_fluxgemm_only,0,1.16717,1.12806,1.16717,0.00971,1230,1
rs,6144,2560,8192,steady,21,c_cublas,2,1.14880,1.10816,1.14880,0.01491,1200,1
rs,6144,2560,8192,steady,21,A_gemmrs,1,1.24685,1.24672,1.24685,0.03114,1200,1
rs,6144,2560,8192,steady,21,c_fluxgemm_only,0,1.17882,1.14189,1.17882,0.01014,1200,1
rs,6144,2560,8192,steady,22,c_cublas,2,1.14662,1.09286,1.14662,0.01385,1200,1
rs,6144,2560,8192,steady,22,A_gemmrs,1,1.24659,1.24634,1.24659,0.03153,1200,1
rs,6144,2560,8192,steady,22,c_fluxgemm_only,0,1.18285,1.13894,1.18285,0.00992,1200,1
rs,6144,2560,8192,steady,23,c_cublas,2,1.13146,1.09126,1.13146,0.01390,1215,1
rs,6144,2560,8192,steady,23,A_gemmrs,0,1.25382,1.25242,1.25242,0.03169,1215,1
rs,6144,2560,8192,steady,23,c_fluxgemm_only,1,1.18086,1.13274,1.18086,0.00961,1215,1
rs,6144,2560,8192,steady,24,c_cublas,0,1.12186,1.07814,1.12186,0.01386,1245,1
rs,6144,2560,8192,steady,24,A_gemmrs,1,1.22259,1.22234,1.22259,0.03196,1245,1
rs,6144,2560,8192,steady,24,c_fluxgemm_only,2,1.16301,1.11424,1.16301,0.00967,1245,1
rs,6144,2560,8192,steady,25,c_cublas,0,1.13837,1.08986,1.13837,0.01515,1215,1
rs,6144,2560,8192,steady,25,A_gemmrs,1,1.23635,1.23610,1.23635,0.03184,1215,1
rs,6144,2560,8192,steady,25,c_fluxgemm_only,2,1.18003,1.13830,1.18003,0.01000,1215,1
rs,6144,2560,8192,steady,26,c_cublas,1,1.13613,1.10778,1.13613,0.01500,1230,1
rs,6144,2560,8192,steady,26,A_gemmrs,2,1.23424,1.23405,1.23424,0.03218,1230,1
rs,6144,2560,8192,steady,26,c_fluxgemm_only,0,1.19296,1.15219,1.19296,0.00939,1230,1
rs,6144,2560,8192,steady,27,c_cublas,1,1.13939,1.11085,1.13939,0.01478,1230,1
rs,6144,2560,8192,steady,27,A_gemmrs,2,1.23987,1.23962,1.23987,0.03213,1230,1
rs,6144,2560,8192,steady,27,c_fluxgemm_only,0,1.18202,1.14054,1.18202,0.00981,1230,1
rs,6144,2560,8192,steady,28,c_cublas,1,1.14938,1.09978,1.14938,0.01902,1230,1
rs,6144,2560,8192,steady,28,A_gemmrs,0,1.25306,1.24992,1.25286,0.03949,1230,1
rs,6144,2560,8192,steady,28,c_fluxgemm_only,2,1.18592,1.14784,1.18592,0.01169,1230,1
rs,6144,2560,8192,steady,29,c_cublas,0,1.13062,1.09370,1.13062,0.01474,1215,1
rs,6144,2560,8192,steady,29,A_gemmrs,1,1.23302,1.23277,1.23302,0.03155,1215,1
rs,6144,2560,8192,steady,29,c_fluxgemm_only,2,1.17254,1.13203,1.17254,0.00982,1215,1
rs,6144,2560,8192,steady,30,c_cublas,0,1.13382,1.09670,1.13382,0.01587,1215,1
rs,6144,2560,8192,steady,30,A_gemmrs,1,1.23290,1.23270,1.23290,0.03670,1215,1
rs,6144,2560,8192,steady,30,c_fluxgemm_only,2,1.16954,1.13958,1.16954,0.01023,1215,1
rs,6144,2560,8192,steady,31,c_cublas,1,1.13530,1.10643,1.13530,0.01528,1215,1
rs,6144,2560,8192,steady,31,A_gemmrs,2,1.23405,1.23386,1.23405,0.03219,1215,1
rs,6144,2560,8192,steady,31,c_fluxgemm_only,0,1.17971,1.15174,1.17971,0.00972,1215,1
rs,6144,2560,8192,steady,32,c_cublas,1,1.13850,1.10912,1.13850,0.01568,1215,1
rs,6144,2560,8192,steady,32,A_gemmrs,2,1.23731,1.23718,1.23731,0.03181,1215,1
rs,6144,2560,8192,steady,32,c_fluxgemm_only,0,1.18086,1.14221,1.18086,0.01016,1215,1
rs,6144,2560,8192,steady,33,c_cublas,0,1.15110,1.09997,1.15110,0.01498,1200,1
rs,6144,2560,8192,steady,33,A_gemmrs,1,1.24333,1.24320,1.24333,0.03178,1200,1
rs,6144,2560,8192,steady,33,c_fluxgemm_only,2,1.17965,1.13971,1.17965,0.00985,1200,1
rs,6144,2560,8192,steady,34,c_cublas,1,1.14618,1.10854,1.14618,0.01495,1215,1
rs,6144,2560,8192,steady,34,A_gemmrs,0,1.25024,1.25011,1.25024,0.03272,1215,1
rs,6144,2560,8192,steady,34,c_fluxgemm_only,2,1.17734,1.14624,1.17734,0.00973,1215,1
rs,6144,2560,8192,steady,35,c_cublas,0,1.12506,1.08800,1.12506,0.01974,1230,1
rs,6144,2560,8192,steady,35,A_gemmrs,2,1.23853,1.23827,1.23853,0.03261,1230,1
rs,6144,2560,8192,steady,35,c_fluxgemm_only,1,1.16589,1.11462,1.16589,0.00987,1230,1
rs,6144,2560,8192,steady,36,c_cublas,1,1.14925,1.10963,1.14925,0.01482,1215,1
rs,6144,2560,8192,steady,36,A_gemmrs,0,1.26086,1.25971,1.25990,0.03330,1215,1
rs,6144,2560,8192,steady,36,c_fluxgemm_only,2,1.17875,1.14714,1.17875,0.00988,1215,1
rs,6144,2560,8192,steady,37,c_cublas,1,1.13715,1.09651,1.13715,0.01452,1230,1
rs,6144,2560,8192,steady,37,A_gemmrs,0,1.24192,1.24128,1.24128,0.03454,1230,1
rs,6144,2560,8192,steady,37,c_fluxgemm_only,2,1.16557,1.12851,1.16557,0.01016,1230,1
rs,6144,2560,8192,steady,38,c_cublas,2,1.13619,1.10938,1.13619,0.02350,1215,1
rs,6144,2560,8192,steady,38,A_gemmrs,0,1.23680,1.23661,1.23661,0.03822,1215,1
rs,6144,2560,8192,steady,38,c_fluxgemm_only,1,1.17882,1.15251,1.17882,0.00955,1215,1
rs,6144,2560,8192,steady,39,c_cublas,0,1.12538,1.09664,1.12538,0.01367,1215,1
rs,6144,2560,8192,steady,39,A_gemmrs,1,1.22176,1.22163,1.22176,0.03189,1215,1
rs,6144,2560,8192,steady,39,c_fluxgemm_only,2,1.17197,1.12851,1.17197,0.01006,1215,1
rs,6144,2560,8192,steady,40,c_cublas,1,1.13613,1.09210,1.13613,0.01594,1215,1
rs,6144,2560,8192,steady,40,A_gemmrs,2,1.23846,1.23827,1.23846,0.03230,1215,1
rs,6144,2560,8192,steady,40,c_fluxgemm_only,0,1.18029,1.14176,1.18029,0.00951,1215,1
rs,6144,2560,8192,steady,41,c_cublas,1,1.13331,1.09651,1.13331,0.01539,1230,1
rs,6144,2560,8192,steady,41,A_gemmrs,2,1.23680,1.23667,1.23680,0.03251,1230,1
rs,6144,2560,8192,steady,41,c_fluxgemm_only,0,1.17517,1.13299,1.17517,0.01007,1230,1
rs,6144,2560,8192,steady,42,c_cublas,0,1.12838,1.09702,1.12838,0.01492,1230,1
rs,6144,2560,8192,steady,42,A_gemmrs,1,1.23533,1.23520,1.23533,0.03219,1230,1
rs,6144,2560,8192,steady,42,c_fluxgemm_only,2,1.17178,1.14182,1.17178,0.00959,1230,1
rs,6144,2560,8192,steady,43,c_cublas,2,1.14963,1.10938,1.14963,0.01457,1200,1
rs,6144,2560,8192,steady,43,A_gemmrs,1,1.24723,1.24704,1.24723,0.03135,1200,1
rs,6144,2560,8192,steady,43,c_fluxgemm_only,0,1.17978,1.14182,1.17978,0.01010,1200,1
rs,6144,2560,8192,steady,44,c_cublas,1,1.15014,1.09760,1.15014,0.01432,1215,1
rs,6144,2560,8192,steady,44,A_gemmrs,0,1.24723,1.24685,1.24685,0.03199,1215,1
rs,6144,2560,8192,steady,44,c_fluxgemm_only,2,1.18022,1.13222,1.18022,0.00977,1215,1
rs,6144,2560,8192,steady,45,c_cublas,0,1.13805,1.07738,1.13805,0.01411,1215,1
rs,6144,2560,8192,steady,45,A_gemmrs,1,1.23731,1.23706,1.23731,0.03316,1215,1
rs,6144,2560,8192,steady,45,c_fluxgemm_only,2,1.17504,1.12909,1.17504,0.00970,1215,1
rs,6144,2560,8192,steady,46,c_cublas,0,1.13818,1.09786,1.13818,0.01494,1230,1
rs,6144,2560,8192,steady,46,A_gemmrs,2,1.23539,1.23526,1.23539,0.03166,1230,1
rs,6144,2560,8192,steady,46,c_fluxgemm_only,1,1.17261,1.12826,1.17261,0.00990,1230,1
rs,6144,2560,8192,steady,47,c_cublas,1,1.13325,1.10778,1.13325,0.01485,1230,1
rs,6144,2560,8192,steady,47,A_gemmrs,2,1.23520,1.23507,1.23520,0.03137,1230,1
rs,6144,2560,8192,steady,47,c_fluxgemm_only,0,1.17498,1.14541,1.17498,0.00980,1230,1
rs,6144,2560,8192,steady,48,c_cublas,1,1.13293,1.09530,1.13293,0.01500,1230,1
rs,6144,2560,8192,steady,48,A_gemmrs,2,1.23405,1.23373,1.23405,0.03780,1230,1
rs,6144,2560,8192,steady,48,c_fluxgemm_only,0,1.17350,1.14016,1.17350,0.01023,1230,1
rs,6144,2560,8192,steady,49,c_cublas,2,1.14989,1.10470,1.14989,0.01489,1200,1
rs,6144,2560,8192,steady,49,A_gemmrs,0,1.25088,1.25043,1.25082,0.03303,1200,1
rs,6144,2560,8192,steady,49,c_fluxgemm_only,1,1.19360,1.15200,1.19360,0.00971,1200,1
