group,dim0,dim1,M,mode,round,item,order_pos,rank_max_ms,rank_min_ms,rank0_ms,cpu_launch_rank_max_ms,min_sm_clock_mhz,kept
ag,5120,10240,16,gpu,0,c_cublas,0,0.12083,0.08704,0.12083,0.04201,0,1
ag,5120,10240,16,gpu,0,c_fluxgemm,3,0.12493,0.11469,0.12390,0.04646,0,1
ag,5120,10240,16,gpu,0,c_flux_ag,1,0.84170,0.18829,0.83411,0.05705,0,1
ag,5120,10240,16,gpu,0,A_fused,2,0.17613,0.16589,0.17613,0.07034,0,1
ag,5120,10240,16,gpu,1,c_cublas,3,0.08909,0.08499,0.08909,0.03786,0,1
ag,5120,10240,16,gpu,1,c_fluxgemm,0,0.12493,0.11469,0.12390,0.03422,0,1
ag,5120,10240,16,gpu,1,c_flux_ag,2,0.06566,0.06368,0.06566,0.04182,0,1
ag,5120,10240,16,gpu,1,A_fused,1,0.17920,0.16589,0.17613,0.06438,0,1
ag,5120,10240,16,gpu,2,c_cublas,3,0.08704,0.08397,0.08704,0.04311,0,1
ag,5120,10240,16,gpu,2,c_fluxgemm,2,0.12493,0.11469,0.12493,0.03559,0,1
ag,5120,10240,16,gpu,2,c_flux_ag,1,0.06544,0.06048,0.06544,0.04113,0,1
ag,5120,10240,16,gpu,2,A_fused,0,0.18842,0.17306,0.18842,0.06812,0,1
ag,5120,10240,16,gpu,3,c_cublas,3,0.08704,0.08294,0.08704,0.03567,0,1
ag,5120,10240,16,gpu,3,c_fluxgemm,0,0.12390,0.11366,0.12186,0.04208,0,1
ag,5120,10240,16,gpu,3,c_flux_ag,2,0.06810,0.06080,0.06810,0.04099,0,1
ag,5120,10240,16,gpu,3,A_fused,1,0.17510,0.16691,0.17510,0.06512,0,1
ag,5120,10240,16,gpu,4,c_cublas,2,0.08704,0.08294,0.08704,0.03541,0,1
ag,5120,10240,16,gpu,4,c_fluxgemm,1,0.12390,0.11366,0.12288,0.03618,0,1
ag,5120,10240,16,gpu,4,c_flux_ag,0,0.06624,0.06013,0.06320,0.04765,0,1
ag,5120,10240,16,gpu,4,A_fused,3,0.17510,0.16179,0.17510,0.06657,0,1
ag,5120,10240,16,gpu,5,c_cublas,2,0.08806,0.08499,0.08806,0.03440,0,1
ag,5120,10240,16,gpu,5,c_fluxgemm,3,0.12493,0.11571,0.12493,0.03683,0,1
ag,5120,10240,16,gpu,5,c_flux_ag,0,0.08400,0.07267,0.07267,0.04400,0,1
ag,5120,10240,16,gpu,5,A_fused,1,0.19251,0.17510,0.19251,0.05987,0,1
ag,5120,10240,16,gpu,6,c_cublas,0,0.08806,0.08397,0.08704,0.03558,0,1
ag,5120,10240,16,gpu,6,c_fluxgemm,3,0.12595,0.11366,0.12390,0.03536,0,1
ag,5120,10240,16,gpu,6,c_flux_ag,2,0.07955,0.06774,0.06957,0.04227,0,1
ag,5120,10240,16,gpu,6,A_fused,1,0.19354,0.16794,0.18842,0.06595,0,1
ag,5120,10240,16,gpu,7,c_cublas,3,0.08704,0.08294,0.08704,0.03569,0,1
ag,5120,10240,16,gpu,7,c_fluxgemm,1,0.12595,0.11571,0.12493,0.03482,0,1
ag,5120,10240,16,gpu,7,c_flux_ag,0,0.06954,0.06099,0.06954,0.04574,0,1
ag,5120,10240,16,gpu,7,A_fused,2,0.17818,0.16179,0.17510,0.06228,0,1
ag,5120,10240,16,gpu,8,c_cublas,0,0.08602,0.08294,0.08602,0.03211,0,1
ag,5120,10240,16,gpu,8,c_fluxgemm,3,0.12800,0.11674,0.12390,0.03435,0,1
ag,5120,10240,16,gpu,8,c_flux_ag,1,0.06778,0.06144,0.06778,0.04757,0,1
ag,5120,10240,16,gpu,8,A_fused,2,0.17510,0.15974,0.16998,0.06146,0,1
ag,5120,10240,16,gpu,9,c_cublas,1,0.08806,0.08397,0.08806,0.03496,0,1
ag,5120,10240,16,gpu,9,c_fluxgemm,2,0.12390,0.11469,0.12186,0.03604,0,1
ag,5120,10240,16,gpu,9,c_flux_ag,3,0.08310,0.06458,0.07213,0.05048,0,1
ag,5120,10240,16,gpu,9,A_fused,0,0.17715,0.16486,0.17715,0.06578,0,1
ag,5120,10240,16,gpu,10,c_cublas,1,0.08704,0.08294,0.08704,0.03520,0,1
ag,5120,10240,16,gpu,10,c_fluxgemm,0,0.12390,0.11469,0.12390,0.03665,0,1
ag,5120,10240,16,gpu,10,c_flux_ag,2,0.07533,0.06243,0.06243,0.04702,0,1
ag,5120,10240,16,gpu,10,A_fused,3,0.17818,0.16179,0.16179,0.06140,0,1
ag,5120,10240,16,gpu,11,c_cublas,1,0.08602,0.08294,0.08397,0.03550,0,1
ag,5120,10240,16,gpu,11,c_fluxgemm,0,0.12288,0.11469,0.11469,0.03650,0,1
ag,5120,10240,16,gpu,11,c_flux_ag,3,0.06826,0.05776,0.06579,0.04069,0,1
ag,5120,10240,16,gpu,11,A_fused,2,0.18842,0.16998,0.16998,0.06599,0,1
ag,5120,10240,16,gpu,12,c_cublas,0,0.08704,0.08294,0.08499,0.03560,0,1
ag,5120,10240,16,gpu,12,c_fluxgemm,1,0.12493,0.11571,0.11674,0.03740,0,1
ag,5120,10240,16,gpu,12,c_flux_ag,2,0.06909,0.06445,0.06445,0.04526,0,1
ag,5120,10240,16,gpu,12,A_fused,3,0.17203,0.16179,0.16179,0.06071,0,1
ag,5120,10240,16,gpu,13,c_cublas,0,0.08602,0.08294,0.08397,0.03602,0,1
ag,5120,10240,16,gpu,13,c_fluxgemm,1,0.12493,0.11571,0.11571,0.04253,0,1
ag,5120,10240,16,gpu,13,c_flux_ag,2,0.06682,0.06214,0.06522,0.05006,0,1
ag,5120,10240,16,gpu,13,A_fused,3,0.17203,0.16077,0.16282,0.06159,0,1
ag,5120,10240,16,gpu,14,c_cublas,2,0.08704,0.08192,0.08499,0.03590,0,1
ag,5120,10240,16,gpu,14,c_fluxgemm,3,0.12390,0.11366,0.11366,0.03702,0,1
ag,5120,10240,16,gpu,14,c_flux_ag,1,0.06573,0.06022,0.06573,0.04001,0,1
ag,5120,10240,16,gpu,14,A_fused,0,0.17920,0.16179,0.16691,0.06279,0,1
ag,5120,10240,16,gpu,15,c_cublas,2,0.08602,0.08294,0.08499,0.03444,0,1
ag,5120,10240,16,gpu,15,c_fluxgemm,3,0.12390,0.11469,0.11469,0.03689,0,1
ag,5120,10240,16,gpu,15,c_flux_ag,0,0.08013,0.07427,0.07427,0.04612,0,1
ag,5120,10240,16,gpu,15,A_fused,1,0.18330,0.17306,0.17306,0.06105,0,1
ag,5120,10240,16,gpu,16,c_cublas,1,0.08499,0.08294,0.08397,0.03558,0,1
ag,5120,10240,16,gpu,16,c_fluxgemm,3,0.12390,0.11469,0.11571,0.03895,0,1
ag,5120,10240,16,gpu,16,c_flux_ag,0,0.07635,0.06070,0.06352,0.04735,0,1
ag,5120,10240,16,gpu,16,A_fused,2,0.18739,0.16691,0.16998,0.06597,0,1
ag,5120,10240,16,gpu,17,c_cublas,1,0.08602,0.08499,0.08499,0.16934,0,1
ag,5120,10240,16,gpu,17,c_fluxgemm,0,0.12595,0.11571,0.11571,0.05617,0,1
ag,5120,10240,16,gpu,17,c_flux_ag,3,0.06800,0.06246,0.06336,0.04404,0,1
ag,5120,10240,16,gpu,17,A_fused,2,0.17920,0.16384,0.17306,0.07995,0,1
ag,5120,10240,16,gpu,18,c_cublas,3,0.08397,0.08294,0.08397,0.03562,0,1
ag,5120,10240,16,gpu,18,c_fluxgemm,0,0.12390,0.11571,0.11674,0.04257,0,1
ag,5120,10240,16,gpu,18,c_flux_ag,1,0.07043,0.06118,0.06118,0.04431,0,1
ag,5120,10240,16,gpu,18,A_fused,2,0.17613,0.16179,0.16282,0.06007,0,1
ag,5120,10240,16,gpu,19,c_cublas,3,0.08499,0.08294,0.08499,0.03506,0,1
ag,5120,10240,16,gpu,19,c_fluxgemm,2,0.11571,0.11469,0.11571,0.03583,0,1
ag,5120,10240,16,gpu,19,c_flux_ag,1,0.05910,0.05738,0.05738,0.04151,0,1
ag,5120,10240,16,gpu,19,A_fused,0,0.17920,0.16794,0.17510,0.06660,0,1
ag,5120,10240,16,gpu,20,c_cublas,1,0.08499,0.08294,0.08499,0.03438,0,0
ag,5120,10240,16,gpu,20,c_fluxgemm,0,0.11674,0.11366,0.11366,0.03717,0,0
ag,5120,10240,16,gpu,20,c_flux_ag,3,0.06259,0.05654,0.06259,0.04329,0,0
ag,5120,10240,16,gpu,20,A_fused,2,0.17510,0.16794,0.16794,0.06668,0,0
ag,5120,10240,16,gpu,21,c_cublas,0,0.08499,0.08192,0.08397,0.03625,0,0
ag,5120,10240,16,gpu,21,c_fluxgemm,1,0.11674,0.11674,0.11674,0.03756,0,0
ag,5120,10240,16,gpu,21,c_flux_ag,2,0.06413,0.05914,0.05914,0.05004,0,0
ag,5120,10240,16,gpu,21,A_fused,3,0.16794,0.15565,0.15565,0.06089,0,0
ag,5120,10240,16,gpu,22,c_cublas,2,0.08499,0.08294,0.08499,0.03508,0,0
ag,5120,10240,16,gpu,22,c_fluxgemm,1,0.12186,0.11469,0.11674,0.03582,0,0
ag,5120,10240,16,gpu,22,c_flux_ag,0,0.06096,0.05302,0.06096,0.04319,0,0
ag,5120,10240,16,gpu,22,A_fused,3,0.16282,0.16077,0.16179,0.06552,0,0
ag,5120,10240,16,gpu,23,c_cublas,3,0.08499,0.08294,0.08499,0.03604,0,0
ag,5120,10240,16,gpu,23,c_fluxgemm,1,0.11571,0.11469,0.11571,0.03420,0,0
ag,5120,10240,16,gpu,23,c_flux_ag,2,0.06710,0.05952,0.06656,0.04406,0,0
ag,5120,10240,16,gpu,23,A_fused,0,0.16282,0.15974,0.16077,0.06325,0,0
ag,5120,10240,16,gpu,24,c_cublas,1,0.08499,0.08294,0.08499,0.03515,0,0
ag,5120,10240,16,gpu,24,c_fluxgemm,3,0.11571,0.11469,0.11571,0.03512,0,0
ag,5120,10240,16,gpu,24,c_flux_ag,0,0.05930,0.05683,0.05686,0.04738,0,0
ag,5120,10240,16,gpu,24,A_fused,2,0.17306,0.15872,0.17306,0.06649,0,0
ag,5120,10240,16,gpu,25,c_cublas,2,0.08499,0.08294,0.08499,0.03508,0,0
ag,5120,10240,16,gpu,25,c_fluxgemm,0,0.11776,0.11469,0.11571,0.03346,0,0
ag,5120,10240,16,gpu,25,c_flux_ag,3,0.06077,0.05875,0.06077,0.04548,0,0
ag,5120,10240,16,gpu,25,A_fused,1,0.17408,0.16282,0.17203,0.06407,0,0
ag,5120,10240,16,gpu,26,c_cublas,0,0.08602,0.08294,0.08602,0.03613,0,0
ag,5120,10240,16,gpu,26,c_fluxgemm,1,0.11776,0.11469,0.11469,0.03837,0,0
ag,5120,10240,16,gpu,26,c_flux_ag,3,0.05750,0.05408,0.05750,0.04217,0,0
ag,5120,10240,16,gpu,26,A_fused,2,0.16896,0.16589,0.16794,0.06451,0,0
ag,5120,10240,16,gpu,27,c_cublas,2,0.08704,0.08294,0.08397,0.03552,0,0
ag,5120,10240,16,gpu,27,c_fluxgemm,1,0.11878,0.11571,0.11571,0.04429,0,0
ag,5120,10240,16,gpu,27,c_flux_ag,0,0.06525,0.05702,0.05869,0.04479,0,0
ag,5120,10240,16,gpu,27,A_fused,3,0.16896,0.15872,0.15872,0.06580,0,0
ag,5120,10240,16,gpu,28,c_cublas,1,0.08602,0.08294,0.08602,0.03546,0,0
ag,5120,10240,16,gpu,28,c_fluxgemm,0,0.11571,0.11469,0.11469,0.03672,0,0
ag,5120,10240,16,gpu,28,c_flux_ag,3,0.06685,0.05741,0.05837,0.04038,0,0
ag,5120,10240,16,gpu,28,A_fused,2,0.16998,0.16077,0.16282,0.06767,0,0
ag,5120,10240,16,gpu,29,c_cublas,2,0.08602,0.08397,0.08602,0.03622,1155,0
ag,5120,10240,16,gpu,29,c_fluxgemm,3,0.12083,0.11571,0.11674,0.03748,1155,0
ag,5120,10240,16,gpu,29,c_flux_ag,1,0.06294,0.05584,0.05808,0.04004,1155,0
ag,5120,10240,16,gpu,29,A_fused,0,0.17510,0.16077,0.17203,0.06526,1155,0
ag,5120,10240,16,gpu,30,c_cublas,2,0.08499,0.08294,0.08499,0.04192,1155,0
ag,5120,10240,16,gpu,30,c_fluxgemm,0,0.11776,0.11469,0.11674,0.03436,1155,0
ag,5120,10240,16,gpu,30,c_flux_ag,3,0.07648,0.06173,0.06173,0.04649,1155,0
ag,5120,10240,16,gpu,30,A_fused,1,0.18330,0.16998,0.17408,0.06448,1155,0
ag,5120,10240,16,gpu,31,c_cublas,1,0.08397,0.08294,0.08397,0.03508,1155,0
ag,5120,10240,16,gpu,31,c_fluxgemm,0,0.11571,0.11469,0.11571,0.03735,1155,0
ag,5120,10240,16,gpu,31,c_flux_ag,3,0.06074,0.05562,0.06070,0.04364,1155,0
ag,5120,10240,16,gpu,31,A_fused,2,0.16282,0.15667,0.16282,0.06542,1155,0
ag,5120,10240,16,gpu,32,c_cublas,3,0.08499,0.08294,0.08499,0.04063,1155,0
ag,5120,10240,16,gpu,32,c_fluxgemm,2,0.11776,0.11469,0.11571,0.03512,1155,0
ag,5120,10240,16,gpu,32,c_flux_ag,1,0.06448,0.06192,0.06294,0.04151,1155,0
ag,5120,10240,16,gpu,32,A_fused,0,0.16691,0.16077,0.16077,0.06323,1155,0
ag,5120,10240,16,gpu,33,c_cublas,0,0.11059,0.08499,0.08499,0.03275,1155,0
ag,5120,10240,16,gpu,33,c_fluxgemm,3,0.11674,0.11469,0.11469,0.04210,1155,0
ag,5120,10240,16,gpu,33,c_flux_ag,1,0.06259,0.06102,0.06234,0.04750,1155,0
ag,5120,10240,16,gpu,33,A_fused,2,0.16282,0.15872,0.16282,0.06137,1155,0
ag,5120,10240,16,gpu,34,c_cublas,1,0.08397,0.08294,0.08294,0.03616,1155,0
ag,5120,10240,16,gpu,34,c_fluxgemm,0,0.11674,0.11366,0.11469,0.03675,1155,0
ag,5120,10240,16,gpu,34,c_flux_ag,2,0.07162,0.06019,0.06058,0.04698,1155,0
ag,5120,10240,16,gpu,34,A_fused,3,0.16998,0.16179,0.16179,0.06276,1155,0
ag,5120,10240,16,gpu,35,c_cublas,1,0.08602,0.08294,0.08602,0.04179,1155,0
ag,5120,10240,16,gpu,35,c_fluxgemm,3,0.11674,0.11366,0.11571,0.03669,1155,0
ag,5120,10240,16,gpu,35,c_flux_ag,2,0.07114,0.05894,0.06336,0.04770,1155,0
ag,5120,10240,16,gpu,35,A_fused,0,0.16691,0.16077,0.16179,0.06265,1155,0
ag,5120,10240,16,gpu,36,c_cublas,1,0.08397,0.08294,0.08397,0.03507,1155,0
ag,5120,10240,16,gpu,36,c_fluxgemm,0,0.11571,0.11469,0.11571,0.03518,1155,0
ag,5120,10240,16,gpu,36,c_flux_ag,2,0.06730,0.05894,0.06730,0.04717,1155,0
ag,5120,10240,16,gpu,36,A_fused,3,0.34816,0.19354,0.19354,0.06346,1155,0
ag,5120,10240,16,gpu,37,c_cublas,0,0.08602,0.08294,0.08602,0.03516,1155,0
ag,5120,10240,16,gpu,37,c_fluxgemm,2,0.11571,0.11264,0.11469,0.03427,1155,0
ag,5120,10240,16,gpu,37,c_flux_ag,3,0.06605,0.05203,0.05587,0.04392,1155,0
ag,5120,10240,16,gpu,37,A_fused,1,0.17613,0.16691,0.16691,0.06785,1155,0
ag,5120,10240,16,gpu,38,c_cublas,2,0.08499,0.08294,0.08499,0.03539,1155,0
ag,5120,10240,16,gpu,38,c_fluxgemm,1,0.11571,0.11366,0.11366,0.03724,1155,0
ag,5120,10240,16,gpu,38,c_flux_ag,3,0.05965,0.05338,0.05338,0.04555,1155,0
ag,5120,10240,16,gpu,38,A_fused,0,0.16998,0.16077,0.16077,0.06278,1155,0
ag,5120,10240,16,gpu,39,c_cublas,2,0.08704,0.08397,0.08499,0.03503,1155,0
ag,5120,10240,16,gpu,39,c_fluxgemm,1,0.11469,0.11366,0.11469,0.04129,1155,0
ag,5120,10240,16,gpu,39,c_flux_ag,3,0.06592,0.05731,0.05942,0.04680,1155,0
ag,5120,10240,16,gpu,39,A_fused,0,0.16794,0.15565,0.16282,0.06319,1155,0
ag,5120,10240,16,gpu,40,c_cublas,3,0.08397,0.08192,0.08397,0.03580,1155,0
ag,5120,10240,16,gpu,40,c_fluxgemm,2,0.11878,0.11469,0.11469,0.03511,1155,0
ag,5120,10240,16,gpu,40,c_flux_ag,0,0.06371,0.06134,0.06250,0.04398,1155,0
ag,5120,10240,16,gpu,40,A_fused,1,0.15872,0.15667,0.15667,0.06157,1155,0
ag,5120,10240,16,gpu,41,c_cublas,0,0.08499,0.08397,0.08499,0.03287,1155,0
ag,5120,10240,16,gpu,41,c_fluxgemm,1,0.11674,0.11674,0.11674,0.03858,1155,0
ag,5120,10240,16,gpu,41,c_flux_ag,2,0.07606,0.06035,0.06400,0.05256,1155,0
ag,5120,10240,16,gpu,41,A_fused,3,0.16691,0.16179,0.16282,0.06225,1155,0
ag,5120,10240,16,gpu,42,c_cublas,0,0.08397,0.08397,0.08397,0.03617,1155,0
ag,5120,10240,16,gpu,42,c_fluxgemm,1,0.11674,0.11469,0.11469,0.03846,1155,0
ag,5120,10240,16,gpu,42,c_flux_ag,2,0.06592,0.06160,0.06592,0.04605,1155,0
ag,5120,10240,16,gpu,42,A_fused,3,0.18022,0.16384,0.16384,0.06225,1155,0
ag,5120,10240,16,gpu,43,c_cublas,2,0.08499,0.08294,0.08499,0.03510,1155,0
ag,5120,10240,16,gpu,43,c_fluxgemm,0,0.11571,0.11469,0.11469,0.03617,1155,0
ag,5120,10240,16,gpu,43,c_flux_ag,3,0.06451,0.05568,0.05670,0.04653,1155,0
ag,5120,10240,16,gpu,43,A_fused,1,0.17408,0.16486,0.16486,0.06419,1155,0
ag,5120,10240,16,gpu,44,c_cublas,0,0.08397,0.08294,0.08294,0.03514,1155,0
ag,5120,10240,16,gpu,44,c_fluxgemm,1,0.12186,0.11571,0.11571,0.03826,1155,0
ag,5120,10240,16,gpu,44,c_flux_ag,2,0.06778,0.06086,0.06086,0.04502,1155,0
ag,5120,10240,16,gpu,44,A_fused,3,0.16589,0.15565,0.16589,0.07071,1155,0
ag,5120,10240,16,gpu,45,c_cublas,0,0.08499,0.08397,0.08499,0.03585,1155,0
ag,5120,10240,16,gpu,45,c_fluxgemm,2,0.11571,0.11366,0.11366,0.03376,1155,0
ag,5120,10240,16,gpu,45,c_flux_ag,3,0.06742,0.05904,0.05930,0.05188,1155,0
ag,5120,10240,16,gpu,45,A_fused,1,0.17408,0.16691,0.17203,0.06593,1155,0
ag,5120,10240,16,gpu,46,c_cublas,1,0.08602,0.08294,0.08602,0.03509,1410,1
ag,5120,10240,16,gpu,46,c_fluxgemm,3,0.11674,0.11469,0.11469,0.03662,1410,1
ag,5120,10240,16,gpu,46,c_flux_ag,2,0.06397,0.05386,0.05386,0.04686,1410,1
ag,5120,10240,16,gpu,46,A_fused,0,0.16998,0.15872,0.16998,0.06283,1410,1
ag,5120,10240,16,gpu,47,c_cublas,2,0.08499,0.08294,0.08397,0.03608,1410,1
ag,5120,10240,16,gpu,47,c_fluxgemm,0,0.12083,0.11366,0.11469,0.03502,1410,1
ag,5120,10240,16,gpu,47,c_flux_ag,1,0.08947,0.07792,0.08131,0.04469,1410,1
ag,5120,10240,16,gpu,47,A_fused,3,0.23859,0.18125,0.22938,0.07112,1410,1
ag,5120,10240,16,gpu,48,c_cublas,2,0.08806,0.08397,0.08806,0.03566,1410,1
ag,5120,10240,16,gpu,48,c_fluxgemm,0,0.11674,0.11571,0.11571,0.03586,1410,1
ag,5120,10240,16,gpu,48,c_flux_ag,3,0.06870,0.05834,0.06870,0.04638,1410,1
ag,5120,10240,16,gpu,48,A_fused,1,0.17818,0.16998,0.16998,0.06390,1410,1
ag,5120,10240,16,gpu,49,c_cublas,3,0.08602,0.08294,0.08602,0.03509,1410,1
ag,5120,10240,16,gpu,49,c_fluxgemm,0,0.11776,0.11571,0.11571,0.03722,1410,1
ag,5120,10240,16,gpu,49,c_flux_ag,1,0.06518,0.05718,0.05894,0.04461,1410,1
ag,5120,10240,16,gpu,49,A_fused,2,0.16589,0.15667,0.15974,0.06137,1410,1
ag,5120,10240,16,gpu,50,c_cublas,1,0.08499,0.08294,0.08499,0.03438,1410,1
ag,5120,10240,16,gpu,50,c_fluxgemm,2,0.11571,0.11366,0.11571,0.03723,1410,1
ag,5120,10240,16,gpu,50,c_flux_ag,3,0.05789,0.05562,0.05789,0.04550,1410,1
ag,5120,10240,16,gpu,50,A_fused,0,0.16794,0.16077,0.16077,0.06840,1410,1
ag,5120,10240,16,gpu,51,c_cublas,0,0.08397,0.08294,0.08397,0.03561,1410,1
ag,5120,10240,16,gpu,51,c_fluxgemm,2,0.11878,0.11469,0.11674,0.03457,1410,1
ag,5120,10240,16,gpu,51,c_flux_ag,3,0.06461,0.05978,0.06246,0.04427,1410,1
ag,5120,10240,16,gpu,51,A_fused,1,0.17101,0.15974,0.16077,0.06630,1410,1
ag,5120,10240,16,gpu,52,c_cublas,3,0.08602,0.08294,0.08602,0.03577,1410,1
ag,5120,10240,16,gpu,52,c_fluxgemm,1,0.11776,0.11571,0.11674,0.03383,1410,1
ag,5120,10240,16,gpu,52,c_flux_ag,2,0.07424,0.05971,0.07424,0.04534,1410,1
ag,5120,10240,16,gpu,52,A_fused,0,0.16896,0.15770,0.16179,0.06317,1410,1
ag,5120,10240,16,gpu,53,c_cublas,0,0.08602,0.08294,0.08602,0.03265,1410,1
ag,5120,10240,16,gpu,53,c_fluxgemm,3,0.11674,0.11366,0.11674,0.03332,1410,1
ag,5120,10240,16,gpu,53,c_flux_ag,1,0.06246,0.05846,0.05846,0.04737,1410,1
ag,5120,10240,16,gpu,53,A_fused,2,0.17101,0.15770,0.16077,0.06168,1410,1
ag,5120,10240,16,gpu,54,c_cublas,1,0.08499,0.08397,0.08499,0.03555,1410,1
ag,5120,10240,16,gpu,54,c_fluxgemm,0,0.11981,0.11469,0.11674,0.03330,1410,1
ag,5120,10240,16,gpu,54,c_flux_ag,3,0.07168,0.06141,0.06592,0.04150,1410,1
ag,5120,10240,16,gpu,54,A_fused,2,0.17715,0.16179,0.16179,0.06673,1410,1
ag,5120,10240,16,gpu,55,c_cublas,3,0.08499,0.08294,0.08499,0.03526,1410,1
ag,5120,10240,16,gpu,55,c_fluxgemm,2,0.11571,0.11469,0.11571,0.03449,1410,1
ag,5120,10240,16,gpu,55,c_flux_ag,0,0.06336,0.05686,0.06090,0.04148,1410,1
ag,5120,10240,16,gpu,55,A_fused,1,0.16794,0.16486,0.16691,0.06084,1410,1
ag,5120,10240,16,gpu,56,c_cublas,2,0.08397,0.08397,0.08397,0.03570,1410,1
ag,5120,10240,16,gpu,56,c_fluxgemm,3,0.11776,0.11571,0.11776,0.03760,1410,1
ag,5120,10240,16,gpu,56,c_flux_ag,1,0.06486,0.05997,0.06365,0.04171,1410,1
ag,5120,10240,16,gpu,56,A_fused,0,0.16998,0.16179,0.16998,0.06677,1410,1
ag,5120,10240,16,gpu,57,c_cublas,0,0.08602,0.08499,0.08602,0.03536,1410,1
ag,5120,10240,16,gpu,57,c_fluxgemm,2,0.12083,0.11571,0.11571,0.03618,1410,1
ag,5120,10240,16,gpu,57,c_flux_ag,1,0.06717,0.05850,0.05850,0.04686,1410,1
ag,5120,10240,16,gpu,57,A_fused,3,0.16896,0.15974,0.15974,0.06390,1410,1
ag,5120,10240,16,gpu,58,c_cublas,2,0.08602,0.08294,0.08602,0.03534,1410,1
ag,5120,10240,16,gpu,58,c_fluxgemm,0,0.11674,0.11571,0.11674,0.03584,1410,1
ag,5120,10240,16,gpu,58,c_flux_ag,3,0.06701,0.05674,0.06013,0.04544,1410,1
ag,5120,10240,16,gpu,58,A_fused,1,0.18022,0.16896,0.16896,0.06308,1410,1
ag,5120,10240,16,gpu,59,c_cublas,3,0.08499,0.08397,0.08499,0.03477,1410,1
ag,5120,10240,16,gpu,59,c_fluxgemm,0,0.11571,0.11366,0.11366,0.04226,1410,1
ag,5120,10240,16,gpu,59,c_flux_ag,1,0.06787,0.05642,0.06118,0.04474,1410,1
ag,5120,10240,16,gpu,59,A_fused,2,0.16794,0.16077,0.16077,0.06049,1410,1
ag,5120,10240,16,gpu,60,c_cublas,2,0.08602,0.08294,0.08602,0.03584,1410,1
ag,5120,10240,16,gpu,60,c_fluxgemm,0,0.11674,0.11469,0.11674,0.03763,1410,1
ag,5120,10240,16,gpu,60,c_flux_ag,1,0.07610,0.06560,0.06560,0.04556,1410,1
ag,5120,10240,16,gpu,60,A_fused,3,0.16486,0.15667,0.15770,0.06503,1410,1
ag,5120,10240,16,gpu,61,c_cublas,3,0.08602,0.08397,0.08602,0.03533,1410,1
ag,5120,10240,16,gpu,61,c_fluxgemm,0,0.11776,0.11469,0.11469,0.03641,1410,1
ag,5120,10240,16,gpu,61,c_flux_ag,2,0.06614,0.05856,0.05869,0.04140,1410,1
ag,5120,10240,16,gpu,61,A_fused,1,0.16794,0.16179,0.16486,0.06351,1410,1
ag,5120,10240,16,gpu,62,c_cublas,3,0.08499,0.08294,0.08499,0.03475,1410,1
ag,5120,10240,16,gpu,62,c_fluxgemm,0,0.11674,0.11674,0.11674,0.03804,1410,1
ag,5120,10240,16,gpu,62,c_flux_ag,1,0.07136,0.05981,0.07136,0.05107,1410,1
ag,5120,10240,16,gpu,62,A_fused,2,0.16179,0.15974,0.15974,0.06118,1410,1
ag,5120,10240,16,gpu,63,c_cublas,0,0.08499,0.08294,0.08397,0.03269,1410,1
ag,5120,10240,16,gpu,63,c_fluxgemm,2,0.11776,0.11469,0.11571,0.03467,1410,1
ag,5120,10240,16,gpu,63,c_flux_ag,3,0.07408,0.06051,0.06285,0.04393,1410,1
ag,5120,10240,16,gpu,63,A_fused,1,0.17101,0.16179,0.17101,0.06718,1410,1
ag,5120,10240,16,gpu,64,c_cublas,3,0.08602,0.08192,0.08397,0.03496,1410,1
ag,5120,10240,16,gpu,64,c_fluxgemm,1,0.11469,0.11366,0.11469,0.03535,1410,1
ag,5120,10240,16,gpu,64,c_flux_ag,0,0.05878,0.05725,0.05725,0.04240,1410,1
ag,5120,10240,16,gpu,64,A_fused,2,0.16384,0.15770,0.15770,0.06734,1410,1
ag,5120,10240,16,gpu,65,c_cublas,3,0.08704,0.08294,0.08704,0.03548,1410,1
ag,5120,10240,16,gpu,65,c_fluxgemm,0,0.11674,0.11571,0.11571,0.03801,1410,1
ag,5120,10240,16,gpu,65,c_flux_ag,2,0.06646,0.05827,0.05885,0.05143,1410,1
ag,5120,10240,16,gpu,65,A_fused,1,0.16794,0.16384,0.16589,0.06473,1410,1
ag,5120,10240,16,gpu,66,c_cublas,0,0.08499,0.08294,0.08499,0.03156,1410,1
ag,5120,10240,16,gpu,66,c_fluxgemm,1,0.11571,0.11469,0.11571,0.03889,1410,1
ag,5120,10240,16,gpu,66,c_flux_ag,3,0.07037,0.06282,0.06282,0.04183,1410,1
ag,5120,10240,16,gpu,66,A_fused,2,0.17510,0.16794,0.16794,0.06462,1410,1
ag,5120,10240,16,gpu,67,c_cublas,0,0.08602,0.08294,0.08602,0.03638,1410,1
ag,5120,10240,16,gpu,67,c_fluxgemm,3,0.11674,0.11469,0.11571,0.03650,1410,1
ag,5120,10240,16,gpu,67,c_flux_ag,1,0.06208,0.05878,0.06032,0.04639,1410,1
ag,5120,10240,16,gpu,67,A_fused,2,0.17613,0.15974,0.16486,0.06142,1410,1
ag,5120,10240,16,gpu,68,c_cublas,1,0.08602,0.08294,0.08602,0.03519,1410,1
ag,5120,10240,16,gpu,68,c_fluxgemm,0,0.11571,0.11366,0.11571,0.03319,1410,1
ag,5120,10240,16,gpu,68,c_flux_ag,2,0.06397,0.06218,0.06259,0.04731,1410,1
ag,5120,10240,16,gpu,68,A_fused,3,0.16896,0.16179,0.16384,0.06888,1410,1
ag,5120,10240,16,gpu,69,c_cublas,2,0.08704,0.08397,0.08704,0.03547,1410,1
ag,5120,10240,16,gpu,69,c_fluxgemm,3,0.11674,0.11469,0.11571,0.04281,1410,1
ag,5120,10240,16,gpu,69,c_flux_ag,1,0.07373,0.05910,0.06176,0.04270,1410,1
ag,5120,10240,16,gpu,69,A_fused,0,0.16691,0.15974,0.16486,0.06393,1410,1
ag,5120,10240,16,gpu,70,c_cublas,2,0.08397,0.08294,0.08397,0.03552,1410,1
ag,5120,10240,16,gpu,70,c_fluxgemm,1,0.11674,0.11366,0.11469,0.03408,1410,1
ag,5120,10240,16,gpu,70,c_flux_ag,3,0.06480,0.05578,0.06253,0.04558,1410,1
ag,5120,10240,16,gpu,70,A_fused,0,0.17306,0.16282,0.17306,0.06570,1410,1
ag,5120,10240,16,gpu,71,c_cublas,0,0.08602,0.08294,0.08602,0.06778,1410,1
ag,5120,10240,16,gpu,71,c_fluxgemm,2,0.11571,0.11469,0.11469,0.03838,1410,1
ag,5120,10240,16,gpu,71,c_flux_ag,1,0.05894,0.05344,0.05440,0.04711,1410,1
ag,5120,10240,16,gpu,71,A_fused,3,0.16998,0.15770,0.16179,0.07050,1410,1
ag,5120,10240,16,gpu,72,c_cublas,3,0.08397,0.08294,0.08397,0.03528,1410,1
ag,5120,10240,16,gpu,72,c_fluxgemm,1,0.11674,0.11571,0.11571,0.03672,1410,1
ag,5120,10240,16,gpu,72,c_flux_ag,0,0.06928,0.05574,0.05574,0.04373,1410,1
ag,5120,10240,16,gpu,72,A_fused,2,0.16998,0.16282,0.16282,0.06300,1410,1
ag,5120,10240,16,gpu,73,c_cublas,0,0.08602,0.08397,0.08499,0.03321,1410,1
ag,5120,10240,16,gpu,73,c_fluxgemm,3,0.11674,0.11571,0.11571,0.03417,1410,1
ag,5120,10240,16,gpu,73,c_flux_ag,1,0.07917,0.06237,0.06237,0.04724,1410,1
ag,5120,10240,16,gpu,73,A_fused,2,0.17510,0.16282,0.16282,0.06199,1410,1
ag,5120,10240,16,gpu,74,c_cublas,2,0.08602,0.08397,0.08602,0.03626,1410,1
ag,5120,10240,16,gpu,74,c_fluxgemm,0,0.11776,0.11469,0.11469,0.03390,1410,1
ag,5120,10240,16,gpu,74,c_flux_ag,1,0.07315,0.06394,0.06698,0.04534,1410,1
ag,5120,10240,16,gpu,74,A_fused,3,0.17818,0.16691,0.17408,0.06561,1410,1
ag,5120,10240,16,gpu,75,c_cublas,0,0.08602,0.08294,0.08602,0.03517,1410,1
ag,5120,10240,16,gpu,75,c_fluxgemm,1,0.11776,0.11469,0.11674,0.03808,1410,1
ag,5120,10240,16,gpu,75,c_flux_ag,2,0.06128,0.05776,0.06125,0.04632,1410,1
ag,5120,10240,16,gpu,75,A_fused,3,0.16486,0.15770,0.15872,0.06063,1410,1
ag,5120,10240,16,gpu,76,c_cublas,0,0.08397,0.08294,0.08397,0.03612,1410,1
ag,5120,10240,16,gpu,76,c_fluxgemm,2,0.11674,0.11469,0.11469,0.03665,1410,1
ag,5120,10240,16,gpu,76,c_flux_ag,1,0.06150,0.05443,0.05904,0.04711,1410,1
ag,5120,10240,16,gpu,76,A_fused,3,0.16691,0.15872,0.15872,0.06215,1410,1
ag,5120,10240,16,gpu,77,c_cublas,0,0.08602,0.08397,0.08602,0.03588,1410,1
ag,5120,10240,16,gpu,77,c_fluxgemm,3,0.11776,0.11571,0.11674,0.03513,1410,1
ag,5120,10240,16,gpu,77,c_flux_ag,1,0.06256,0.05949,0.05949,0.04688,1410,1
ag,5120,10240,16,gpu,77,A_fused,2,0.16794,0.16179,0.16179,0.06108,1410,1
ag,5120,10240,16,gpu,78,c_cublas,2,0.08499,0.08397,0.08499,0.03544,1410,1
ag,5120,10240,16,gpu,78,c_fluxgemm,0,0.11878,0.11571,0.11571,0.03371,1410,1
ag,5120,10240,16,gpu,78,c_flux_ag,3,0.07706,0.06346,0.06346,0.04542,1410,1
ag,5120,10240,16,gpu,78,A_fused,1,0.16794,0.16384,0.16794,0.06220,1410,1
ag,5120,10240,16,gpu,79,c_cublas,2,0.08499,0.08294,0.08397,0.03565,1410,1
ag,5120,10240,16,gpu,79,c_fluxgemm,3,0.11571,0.11366,0.11366,0.03717,1410,1
ag,5120,10240,16,gpu,79,c_flux_ag,1,0.06230,0.05754,0.05754,0.04113,1410,1
ag,5120,10240,16,gpu,79,A_fused,0,0.16179,0.16179,0.16179,0.06524,1410,1
ag,5120,10240,16,gpu,80,c_cublas,1,0.08499,0.08294,0.08397,0.03569,1410,1
ag,5120,10240,16,gpu,80,c_fluxgemm,2,0.11674,0.11469,0.11469,0.03744,1410,1
ag,5120,10240,16,gpu,80,c_flux_ag,0,0.06438,0.06237,0.06237,0.05081,1410,1
ag,5120,10240,16,gpu,80,A_fused,3,0.17818,0.16486,0.16794,0.06342,1410,1
ag,5120,10240,16,gpu,81,c_cublas,2,0.08397,0.08294,0.08397,0.03497,1410,1
ag,5120,10240,16,gpu,81,c_fluxgemm,1,0.11469,0.11366,0.11366,0.03632,1410,1
ag,5120,10240,16,gpu,81,c_flux_ag,0,0.06512,0.05722,0.05734,0.04389,1410,1
ag,5120,10240,16,gpu,81,A_fused,3,0.17101,0.15872,0.15872,0.06570,1410,1
ag,5120,10240,16,gpu,82,c_cublas,1,0.08397,0.08294,0.08397,0.03483,1410,1
ag,5120,10240,16,gpu,82,c_fluxgemm,2,0.11674,0.11469,0.11674,0.03736,1410,1
ag,5120,10240,16,gpu,82,c_flux_ag,3,0.06557,0.05683,0.05683,0.04784,1410,1
ag,5120,10240,16,gpu,82,A_fused,0,0.16384,0.15974,0.16077,0.06383,1410,1
ag,5120,10240,16,gpu,83,c_cublas,3,0.08499,0.08294,0.08499,0.03564,1410,1
ag,5120,10240,16,gpu,83,c_fluxgemm,1,0.11571,0.11366,0.11469,0.03992,1410,1
ag,5120,10240,16,gpu,83,c_flux_ag,2,0.06032,0.05843,0.06032,0.04404,1410,1
ag,5120,10240,16,gpu,83,A_fused,0,0.16794,0.15872,0.16179,0.06519,1410,1
ag,5120,10240,16,gpu,84,c_cublas,3,0.08397,0.08294,0.08397,0.03561,1410,1
ag,5120,10240,16,gpu,84,c_fluxgemm,0,0.11674,0.11469,0.11469,0.03814,1410,1
ag,5120,10240,16,gpu,84,c_flux_ag,2,0.06976,0.06102,0.06976,0.04177,1410,1
ag,5120,10240,16,gpu,84,A_fused,1,0.18125,0.16691,0.16691,0.06348,1410,1
ag,5120,10240,16,gpu,85,c_cublas,3,0.08704,0.08397,0.08704,0.03823,1410,1
ag,5120,10240,16,gpu,85,c_fluxgemm,2,0.11776,0.11571,0.11571,0.03599,1410,1
ag,5120,10240,16,gpu,85,c_flux_ag,0,0.07354,0.06195,0.07354,0.04681,1410,1
ag,5120,10240,16,gpu,85,A_fused,1,0.16691,0.15974,0.16589,0.06137,1410,1
ag,5120,10240,16,gpu,86,c_cublas,3,0.08397,0.08397,0.08397,0.03532,1410,1
ag,5120,10240,16,gpu,86,c_fluxgemm,2,0.11981,0.11469,0.11571,0.04385,1410,1
ag,5120,10240,16,gpu,86,c_flux_ag,1,0.07827,0.06544,0.07386,0.04136,1410,1
ag,5120,10240,16,gpu,86,A_fused,0,0.17306,0.16691,0.17101,0.06738,1410,1
ag,5120,10240,16,gpu,87,c_cublas,1,0.08397,0.08192,0.08397,0.03490,1410,1
ag,5120,10240,16,gpu,87,c_fluxgemm,0,0.11571,0.11469,0.11571,0.03732,1410,1
ag,5120,10240,16,gpu,87,c_flux_ag,3,0.06138,0.05946,0.06038,0.04303,1410,1
ag,5120,10240,16,gpu,87,A_fused,2,0.16896,0.15770,0.15974,0.06613,1410,1
ag,5120,10240,16,gpu,88,c_cublas,1,0.11366,0.08294,0.11366,0.03557,1410,1
ag,5120,10240,16,gpu,88,c_fluxgemm,3,0.11674,0.11571,0.11674,0.04120,1410,1
ag,5120,10240,16,gpu,88,c_flux_ag,2,0.06301,0.05907,0.06301,0.04805,1410,1
ag,5120,10240,16,gpu,88,A_fused,0,0.26931,0.18739,0.26931,0.07046,1410,1
ag,5120,10240,16,gpu,89,c_cublas,1,0.08397,0.08294,0.08397,0.03497,1410,1
ag,5120,10240,16,gpu,89,c_fluxgemm,3,0.11776,0.11469,0.11469,0.03645,1410,1
ag,5120,10240,16,gpu,89,c_flux_ag,2,0.06589,0.06118,0.06118,0.04697,1410,1
ag,5120,10240,16,gpu,89,A_fused,0,0.16589,0.16179,0.16486,0.06550,1410,1
ag,5120,10240,16,gpu,90,c_cublas,3,0.08397,0.08294,0.08397,0.03558,1410,1
ag,5120,10240,16,gpu,90,c_fluxgemm,1,0.11674,0.11469,0.11469,0.03320,1410,1
ag,5120,10240,16,gpu,90,c_flux_ag,2,0.06154,0.05638,0.05638,0.05159,1410,1
ag,5120,10240,16,gpu,90,A_fused,0,0.16998,0.15974,0.15974,0.06524,1410,1
ag,5120,10240,16,gpu,91,c_cublas,0,0.08499,0.08397,0.08499,0.03253,1410,1
ag,5120,10240,16,gpu,91,c_fluxgemm,1,0.11571,0.11469,0.11571,0.03807,1410,1
ag,5120,10240,16,gpu,91,c_flux_ag,3,0.06896,0.05616,0.06896,0.04203,1410,1
ag,5120,10240,16,gpu,91,A_fused,2,0.17920,0.17408,0.17408,0.06437,1410,1
ag,5120,10240,16,gpu,92,c_cublas,0,0.08499,0.08294,0.08499,0.03618,1410,1
ag,5120,10240,16,gpu,92,c_fluxgemm,3,0.11674,0.11469,0.11469,0.03982,1410,1
ag,5120,10240,16,gpu,92,c_flux_ag,1,0.06534,0.05645,0.06531,0.04643,1410,1
ag,5120,10240,16,gpu,92,A_fused,2,0.16282,0.15565,0.15667,0.06276,1410,1
ag,5120,10240,16,gpu,93,c_cublas,0,0.08602,0.08499,0.08602,0.03563,1410,1
ag,5120,10240,16,gpu,93,c_fluxgemm,2,0.11674,0.11469,0.11571,0.03395,1410,1
ag,5120,10240,16,gpu,93,c_flux_ag,3,0.06691,0.06160,0.06160,0.05140,1410,1
ag,5120,10240,16,gpu,93,A_fused,1,0.17306,0.16077,0.16282,0.06711,1410,1
ag,5120,10240,16,gpu,94,c_cublas,2,0.08499,0.08294,0.08499,0.03528,1410,1
ag,5120,10240,16,gpu,94,c_fluxgemm,1,0.11571,0.11366,0.11469,0.03424,1410,1
ag,5120,10240,16,gpu,94,c_flux_ag,3,0.05827,0.05594,0.05594,0.04582,1410,1
ag,5120,10240,16,gpu,94,A_fused,0,0.16794,0.15974,0.16077,0.06412,1410,1
ag,5120,10240,16,gpu,95,c_cublas,1,0.08499,0.08397,0.08397,0.03546,1410,1
ag,5120,10240,16,gpu,95,c_fluxgemm,0,0.11571,0.11571,0.11571,0.03730,1410,1
ag,5120,10240,16,gpu,95,c_flux_ag,3,0.06784,0.06022,0.06246,0.04170,1410,1
ag,5120,10240,16,gpu,95,A_fused,2,0.16794,0.16179,0.16179,0.06628,1410,1
ag,5120,10240,16,gpu,96,c_cublas,3,0.08499,0.08192,0.08499,0.29218,1410,1
ag,5120,10240,16,gpu,96,c_fluxgemm,0,0.11571,0.11571,0.11571,0.03675,1410,1
ag,5120,10240,16,gpu,96,c_flux_ag,1,0.06742,0.06240,0.06531,0.04431,1410,1
ag,5120,10240,16,gpu,96,A_fused,2,0.16589,0.15770,0.15770,0.06007,1410,1
ag,5120,10240,16,gpu,97,c_cublas,1,0.08499,0.08192,0.08499,0.03431,1410,1
ag,5120,10240,16,gpu,97,c_fluxgemm,2,0.11571,0.11469,0.11571,0.03763,1410,1
ag,5120,10240,16,gpu,97,c_flux_ag,3,0.07642,0.05562,0.06922,0.04838,1410,1
ag,5120,10240,16,gpu,97,A_fused,0,0.17818,0.16486,0.16486,0.06734,1410,1
ag,5120,10240,16,gpu,98,c_cublas,3,0.08397,0.08192,0.08397,0.03517,1410,1
ag,5120,10240,16,gpu,98,c_fluxgemm,0,0.11776,0.11469,0.11571,0.03623,1410,1
ag,5120,10240,16,gpu,98,c_flux_ag,1,0.07114,0.05795,0.07114,0.04466,1410,1
ag,5120,10240,16,gpu,98,A_fused,2,0.16384,0.15667,0.15872,0.06126,1410,1
ag,5120,10240,16,gpu,99,c_cublas,2,0.08397,0.08294,0.08397,0.03596,1410,1
ag,5120,10240,16,gpu,99,c_fluxgemm,0,0.14541,0.11469,0.11571,0.04058,1410,1
ag,5120,10240,16,gpu,99,c_flux_ag,1,0.07034,0.06282,0.06301,0.05386,1410,1
ag,5120,10240,16,gpu,99,A_fused,3,0.17101,0.16077,0.16077,0.06562,1410,1
ag,5120,10240,16,gpu,100,c_cublas,2,0.08704,0.08397,0.08704,0.03445,1410,1
ag,5120,10240,16,gpu,100,c_fluxgemm,0,0.11674,0.11366,0.11366,0.03610,1410,1
ag,5120,10240,16,gpu,100,c_flux_ag,3,0.06707,0.05770,0.05987,0.04490,1410,1
ag,5120,10240,16,gpu,100,A_fused,1,0.16896,0.15770,0.16179,0.06664,1410,1
ag,5120,10240,16,gpu,101,c_cublas,3,0.08602,0.08499,0.08602,0.03504,1410,1
ag,5120,10240,16,gpu,101,c_fluxgemm,2,0.11776,0.11674,0.11674,0.03569,1410,1
ag,5120,10240,16,gpu,101,c_flux_ag,1,0.06550,0.05901,0.06550,0.03997,1410,1
ag,5120,10240,16,gpu,101,A_fused,0,0.17101,0.16384,0.16384,0.06492,1410,1
ag,5120,10240,16,gpu,102,c_cublas,2,0.08499,0.08294,0.08499,0.03469,1410,1
ag,5120,10240,16,gpu,102,c_fluxgemm,3,0.11674,0.11366,0.11571,0.03730,1410,1
ag,5120,10240,16,gpu,102,c_flux_ag,1,0.06192,0.05926,0.05952,0.04467,1410,1
ag,5120,10240,16,gpu,102,A_fused,0,0.18227,0.16691,0.16691,0.06644,1410,1
ag,5120,10240,16,gpu,103,c_cublas,1,0.08397,0.08294,0.08397,0.03567,1410,1
ag,5120,10240,16,gpu,103,c_fluxgemm,2,0.11571,0.11469,0.11571,0.03709,1410,1
ag,5120,10240,16,gpu,103,c_flux_ag,0,0.06928,0.06243,0.06739,0.04555,1410,1
ag,5120,10240,16,gpu,103,A_fused,3,0.17613,0.16179,0.16589,0.06368,1410,1
ag,5120,10240,16,gpu,104,c_cublas,3,0.08499,0.08294,0.08397,0.03528,1410,1
ag,5120,10240,16,gpu,104,c_fluxgemm,2,0.11674,0.11469,0.11571,0.03450,1410,1
ag,5120,10240,16,gpu,104,c_flux_ag,1,0.06979,0.06234,0.06534,0.04125,1410,1
ag,5120,10240,16,gpu,104,A_fused,0,0.16691,0.16384,0.16486,0.06160,1410,1
ag,5120,10240,16,gpu,105,c_cublas,3,0.08602,0.08397,0.08602,0.03517,1410,1
ag,5120,10240,16,gpu,105,c_fluxgemm,0,0.11776,0.11571,0.11674,0.03744,1410,1
ag,5120,10240,16,gpu,105,c_flux_ag,1,0.06941,0.06573,0.06941,0.04455,1410,1
ag,5120,10240,16,gpu,105,A_fused,2,0.17203,0.16384,0.16589,0.06394,1410,1
ag,5120,10240,16,gpu,106,c_cublas,2,0.08499,0.08294,0.08499,0.03482,1410,1
ag,5120,10240,16,gpu,106,c_fluxgemm,0,0.11776,0.11571,0.11571,0.03819,1410,1
ag,5120,10240,16,gpu,106,c_flux_ag,3,0.06688,0.05952,0.05952,0.04514,1410,1
ag,5120,10240,16,gpu,106,A_fused,1,0.18022,0.16691,0.18022,0.06317,1410,1
ag,5120,10240,16,gpu,107,c_cublas,1,0.08397,0.08294,0.08397,0.03467,1410,1
ag,5120,10240,16,gpu,107,c_fluxgemm,3,0.11571,0.11469,0.11469,0.03663,1410,1
ag,5120,10240,16,gpu,107,c_flux_ag,2,0.07136,0.06963,0.07136,0.04582,1410,1
ag,5120,10240,16,gpu,107,A_fused,0,0.18637,0.16282,0.17306,0.06474,1410,1
ag,5120,10240,16,gpu,108,c_cublas,1,0.08602,0.08294,0.08602,0.03502,1410,1
ag,5120,10240,16,gpu,108,c_fluxgemm,0,0.11674,0.11469,0.11469,0.03445,1410,1
ag,5120,10240,16,gpu,108,c_flux_ag,3,0.06262,0.05549,0.06262,0.04172,1410,1
ag,5120,10240,16,gpu,108,A_fused,2,0.16486,0.15974,0.16179,0.06564,1410,1
ag,5120,10240,16,gpu,109,c_cublas,1,0.08397,0.08294,0.08397,0.03540,1410,1
ag,5120,10240,16,gpu,109,c_fluxgemm,3,0.11776,0.11571,0.11674,0.03404,1410,1
ag,5120,10240,16,gpu,109,c_flux_ag,0,0.07520,0.06394,0.06394,0.04336,1410,1
ag,5120,10240,16,gpu,109,A_fused,2,0.16179,0.15770,0.15974,0.06546,1410,1
ag,5120,10240,16,gpu,110,c_cublas,3,0.08499,0.08397,0.08397,0.03481,1410,1
ag,5120,10240,16,gpu,110,c_fluxgemm,2,0.11776,0.11571,0.11571,0.03436,1410,1
ag,5120,10240,16,gpu,110,c_flux_ag,1,0.05622,0.05142,0.05405,0.04031,1410,1
ag,5120,10240,16,gpu,110,A_fused,0,0.16384,0.15974,0.16384,0.06608,1410,1
ag,5120,10240,16,gpu,111,c_cublas,1,0.08499,0.08294,0.08499,0.03463,1410,1
ag,5120,10240,16,gpu,111,c_fluxgemm,2,0.11674,0.11366,0.11469,0.03777,1410,1
ag,5120,10240,16,gpu,111,c_flux_ag,0,0.06931,0.06042,0.06042,0.04755,1410,1
ag,5120,10240,16,gpu,111,A_fused,3,0.17101,0.15974,0.16998,0.06330,1410,1
ag,5120,10240,16,gpu,112,c_cublas,0,0.08397,0.08294,0.08397,0.04146,1410,1
ag,5120,10240,16,gpu,112,c_fluxgemm,2,0.11674,0.11571,0.11674,0.03541,1410,1
ag,5120,10240,16,gpu,112,c_flux_ag,3,0.05853,0.05517,0.05731,0.04315,1410,1
ag,5120,10240,16,gpu,112,A_fused,1,0.16896,0.16179,0.16896,0.06646,1410,1
ag,5120,10240,16,gpu,113,c_cublas,3,0.08602,0.08397,0.08602,0.03555,1410,1
ag,5120,10240,16,gpu,113,c_fluxgemm,0,0.11981,0.11571,0.11571,0.03523,1410,1
ag,5120,10240,16,gpu,113,c_flux_ag,2,0.06666,0.05600,0.06218,0.04078,1410,1
ag,5120,10240,16,gpu,113,A_fused,1,0.18125,0.16998,0.16998,0.06303,1410,1
ag,5120,10240,16,gpu,114,c_cublas,1,0.08704,0.08397,0.08704,0.03489,1410,1
ag,5120,10240,16,gpu,114,c_fluxgemm,2,0.11878,0.11571,0.11571,0.03755,1410,1
ag,5120,10240,16,gpu,114,c_flux_ag,0,0.06614,0.05869,0.05869,0.04642,1410,1
ag,5120,10240,16,gpu,114,A_fused,3,0.17920,0.16691,0.16691,0.06330,1410,1
ag,5120,10240,16,gpu,115,c_cublas,3,0.08397,0.08294,0.08397,0.03528,1410,1
ag,5120,10240,16,gpu,115,c_fluxgemm,2,0.11674,0.11366,0.11571,0.03505,1410,1
ag,5120,10240,16,gpu,115,c_flux_ag,1,0.06333,0.05907,0.06333,0.04736,1410,1
ag,5120,10240,16,gpu,115,A_fused,0,0.16998,0.16179,0.16179,0.06231,1410,1
ag,5120,10240,16,gpu,116,c_cublas,2,0.08499,0.08294,0.08499,0.03479,1410,1
ag,5120,10240,16,gpu,116,c_fluxgemm,3,0.11674,0.11571,0.11674,0.03721,1410,1
ag,5120,10240,16,gpu,116,c_flux_ag,0,0.06019,0.05926,0.06019,0.04676,1410,1
ag,5120,10240,16,gpu,116,A_fused,1,0.16691,0.16282,0.16282,0.06143,1410,1
ag,5120,10240,16,gpu,117,c_cublas,1,0.08499,0.08294,0.08499,0.03700,1410,1
ag,5120,10240,16,gpu,117,c_fluxgemm,3,0.11674,0.11469,0.11571,0.03487,1410,1
ag,5120,10240,16,gpu,117,c_flux_ag,0,0.07338,0.06483,0.06483,0.04634,1410,1
ag,5120,10240,16,gpu,117,A_fused,2,0.16486,0.15565,0.15974,0.06888,1410,1
ag,5120,10240,16,gpu,118,c_cublas,1,0.08397,0.08294,0.08397,0.03516,1410,1
ag,5120,10240,16,gpu,118,c_fluxgemm,0,0.11776,0.11571,0.11674,0.03380,1410,1
ag,5120,10240,16,gpu,118,c_flux_ag,3,0.07194,0.06000,0.06128,0.04178,1410,1
ag,5120,10240,16,gpu,118,A_fused,2,0.16998,0.15974,0.16998,0.07416,1410,1
ag,5120,10240,16,gpu,119,c_cublas,0,0.08499,0.08294,0.08499,0.03570,1410,1
ag,5120,10240,16,gpu,119,c_fluxgemm,2,0.11776,0.11674,0.11674,0.03622,1410,1
ag,5120,10240,16,gpu,119,c_flux_ag,3,0.06624,0.05776,0.06624,0.04371,1410,1
ag,5120,10240,16,gpu,119,A_fused,1,0.15974,0.15565,0.15974,0.06600,1410,1
ag,5120,10240,16,gpu,120,c_cublas,3,0.08397,0.08192,0.08397,0.04011,1410,1
ag,5120,10240,16,gpu,120,c_fluxgemm,0,0.11571,0.11469,0.11571,0.03636,1410,1
ag,5120,10240,16,gpu,120,c_flux_ag,2,0.06909,0.05958,0.06115,0.04072,1410,1
ag,5120,10240,16,gpu,120,A_fused,1,0.17920,0.16077,0.16589,0.06245,1410,1
ag,5120,10240,16,gpu,121,c_cublas,2,0.08499,0.08294,0.08499,0.03496,1410,1
ag,5120,10240,16,gpu,121,c_fluxgemm,0,0.11571,0.11571,0.11571,0.03881,1410,1
ag,5120,10240,16,gpu,121,c_flux_ag,3,0.06083,0.05322,0.05322,0.05135,1410,1
ag,5120,10240,16,gpu,121,A_fused,1,0.17408,0.16589,0.16589,0.06389,1410,1
ag,5120,10240,16,gpu,122,c_cublas,0,0.08397,0.08294,0.08294,0.03514,1410,1
ag,5120,10240,16,gpu,122,c_fluxgemm,3,0.11571,0.11366,0.11366,0.03533,1410,1
ag,5120,10240,16,gpu,122,c_flux_ag,2,0.07581,0.06317,0.06352,0.04123,1410,1
ag,5120,10240,16,gpu,122,A_fused,1,0.16794,0.16282,0.16794,0.06678,1410,1
ag,5120,10240,16,gpu,123,c_cublas,0,0.08602,0.08397,0.08602,0.03589,1410,1
ag,5120,10240,16,gpu,123,c_fluxgemm,3,0.11571,0.11469,0.11571,0.03512,1410,1
ag,5120,10240,16,gpu,123,c_flux_ag,2,0.06080,0.05309,0.05309,0.04123,1410,1
ag,5120,10240,16,gpu,123,A_fused,1,0.16998,0.16077,0.16179,0.06645,1410,1
ag,5120,10240,16,gpu,124,c_cublas,1,0.08499,0.08294,0.08499,0.03584,1410,1
ag,5120,10240,16,gpu,124,c_fluxgemm,2,0.11674,0.11366,0.11366,0.03750,1410,1
ag,5120,10240,16,gpu,124,c_flux_ag,0,0.06573,0.05651,0.06573,0.04405,1410,1
ag,5120,10240,16,gpu,124,A_fused,3,0.17613,0.16179,0.16486,0.06315,1410,1
ag,5120,10240,16,gpu,125,c_cublas,1,0.08397,0.08294,0.08397,0.03557,1410,1
ag,5120,10240,16,gpu,125,c_fluxgemm,2,0.11674,0.11469,0.11571,0.03748,1410,1
ag,5120,10240,16,gpu,125,c_flux_ag,0,0.06026,0.05786,0.05786,0.04396,1410,1
ag,5120,10240,16,gpu,125,A_fused,3,0.17715,0.16486,0.16486,0.06282,1410,1
ag,5120,10240,16,gpu,126,c_cublas,0,0.08397,0.08294,0.08397,0.03587,1410,1
ag,5120,10240,16,gpu,126,c_fluxgemm,1,0.11674,0.11366,0.11571,0.03810,1410,1
ag,5120,10240,16,gpu,126,c_flux_ag,2,0.07184,0.06509,0.06915,0.04513,1410,1
ag,5120,10240,16,gpu,126,A_fused,3,0.16794,0.15770,0.16384,0.06090,1410,1
ag,5120,10240,16,gpu,127,c_cublas,3,0.08397,0.08294,0.08397,0.03535,1410,1
ag,5120,10240,16,gpu,127,c_fluxgemm,2,0.11571,0.11469,0.11571,0.03516,1410,1
ag,5120,10240,16,gpu,127,c_flux_ag,1,0.05936,0.05386,0.05386,0.04012,1410,1
ag,5120,10240,16,gpu,127,A_fused,0,0.16589,0.15667,0.15667,0.06291,1410,1
ag,5120,10240,16,gpu,128,c_cublas,3,0.08499,0.08294,0.08499,0.03533,1410,1
ag,5120,10240,16,gpu,128,c_fluxgemm,1,0.11674,0.11469,0.11571,0.03358,1410,1
ag,5120,10240,16,gpu,128,c_flux_ag,2,0.06538,0.05427,0.05824,0.04476,1410,1
ag,5120,10240,16,gpu,128,A_fused,0,0.17306,0.16282,0.16282,0.06639,1410,1
ag,5120,10240,16,gpu,129,c_cublas,2,0.08499,0.08294,0.08499,0.03533,1410,1
ag,5120,10240,16,gpu,129,c_fluxgemm,0,0.11674,0.11571,0.11571,0.03787,1410,1
ag,5120,10240,16,gpu,129,c_flux_ag,3,0.06410,0.05674,0.06365,0.09455,1410,1
ag,5120,10240,16,gpu,129,A_fused,1,0.16794,0.16691,0.16794,0.06427,1410,1
ag,5120,10240,16,gpu,130,c_cublas,2,0.08499,0.08397,0.08499,0.03532,1410,1
ag,5120,10240,16,gpu,130,c_fluxgemm,1,0.11571,0.11366,0.11571,0.03735,1410,1
ag,5120,10240,16,gpu,130,c_flux_ag,3,0.07098,0.05789,0.06266,0.05027,1410,1
ag,5120,10240,16,gpu,130,A_fused,0,0.16179,0.15872,0.15872,0.06417,1410,1
ag,5120,10240,16,gpu,131,c_cublas,0,0.08397,0.08192,0.08397,0.03624,1410,1
ag,5120,10240,16,gpu,131,c_fluxgemm,2,0.11674,0.11469,0.11674,0.03419,1410,1
ag,5120,10240,16,gpu,131,c_flux_ag,3,0.05638,0.05242,0.05638,0.04367,1410,1
ag,5120,10240,16,gpu,131,A_fused,1,0.17306,0.16179,0.16589,0.06639,1410,1
ag,5120,10240,16,gpu,132,c_cublas,2,0.08602,0.08499,0.08602,0.03525,1410,1
ag,5120,10240,16,gpu,132,c_fluxgemm,0,0.11674,0.11469,0.11469,0.03662,1410,1
ag,5120,10240,16,gpu,132,c_flux_ag,3,0.06368,0.05194,0.05194,0.11407,1410,1
ag,5120,10240,16,gpu,132,A_fused,1,0.16179,0.15770,0.15872,0.06801,1410,1
ag,5120,10240,16,gpu,133,c_cublas,2,0.08602,0.08397,0.08602,0.03657,1410,1
ag,5120,10240,16,gpu,133,c_fluxgemm,3,0.11878,0.11571,0.11878,0.03851,1410,1
ag,5120,10240,16,gpu,133,c_flux_ag,1,0.06358,0.05654,0.06054,0.09207,1410,1
ag,5120,10240,16,gpu,133,A_fused,0,0.17101,0.16486,0.16486,0.07033,1410,1
ag,5120,10240,16,gpu,134,c_cublas,2,0.08602,0.08192,0.08602,0.03651,1410,1
ag,5120,10240,16,gpu,134,c_fluxgemm,3,0.11571,0.11366,0.11571,0.03791,1410,1
ag,5120,10240,16,gpu,134,c_flux_ag,1,0.06243,0.05862,0.06243,0.04389,1410,1
ag,5120,10240,16,gpu,134,A_fused,0,0.17613,0.16179,0.16179,0.06653,1410,1
ag,5120,10240,16,gpu,135,c_cublas,1,0.08602,0.08294,0.08602,0.03954,1410,1
ag,5120,10240,16,gpu,135,c_fluxgemm,2,0.11776,0.11469,0.11776,0.03682,1410,1
ag,5120,10240,16,gpu,135,c_flux_ag,3,0.06314,0.05578,0.05693,0.04518,1410,1
ag,5120,10240,16,gpu,135,A_fused,0,0.17203,0.16384,0.16794,0.06611,1410,1
ag,5120,10240,16,gpu,136,c_cublas,3,0.08499,0.08192,0.08499,0.03769,1410,1
ag,5120,10240,16,gpu,136,c_fluxgemm,1,0.11571,0.11366,0.11366,0.03624,1410,1
ag,5120,10240,16,gpu,136,c_flux_ag,0,0.73187,0.07360,0.72061,0.04617,1410,1
ag,5120,10240,16,gpu,136,A_fused,2,0.17203,0.16691,0.17203,0.07136,1410,1
ag,5120,10240,16,gpu,137,c_cublas,2,0.08397,0.08294,0.08397,0.03446,1410,1
ag,5120,10240,16,gpu,137,c_fluxgemm,0,0.11776,0.11674,0.11674,0.03818,1410,1
ag,5120,10240,16,gpu,137,c_flux_ag,3,0.06080,0.05344,0.05344,0.04587,1410,1
ag,5120,10240,16,gpu,137,A_fused,1,0.18330,0.16794,0.16794,0.06513,1410,1
ag,5120,10240,16,gpu,138,c_cublas,0,0.08397,0.08294,0.08294,0.03549,1410,1
ag,5120,10240,16,gpu,138,c_fluxgemm,2,0.11776,0.11469,0.11776,0.03635,1410,1
ag,5120,10240,16,gpu,138,c_flux_ag,1,0.05856,0.05402,0.05779,0.04553,1410,1
ag,5120,10240,16,gpu,138,A_fused,3,0.16179,0.15872,0.16179,0.06342,1410,1
ag,5120,10240,16,gpu,139,c_cublas,2,0.08499,0.08294,0.08499,0.03503,1410,1
ag,5120,10240,16,gpu,139,c_fluxgemm,3,0.11776,0.11366,0.11469,0.03770,1410,1
ag,5120,10240,16,gpu,139,c_flux_ag,0,0.06685,0.06026,0.06083,0.04448,1410,1
ag,5120,10240,16,gpu,139,A_fused,1,0.16282,0.15974,0.15974,0.06057,1410,1
ag,5120,10240,16,gpu,140,c_cublas,2,0.08499,0.08192,0.08499,0.03484,1410,1
ag,5120,10240,16,gpu,140,c_fluxgemm,1,0.11674,0.11366,0.11674,0.03551,1410,1
ag,5120,10240,16,gpu,140,c_flux_ag,0,0.06422,0.05933,0.05933,0.04594,1410,1
ag,5120,10240,16,gpu,140,A_fused,3,0.16384,0.15872,0.16282,0.06648,1410,1
ag,5120,10240,16,gpu,141,c_cublas,0,0.08602,0.08499,0.08499,0.03519,1410,1
ag,5120,10240,16,gpu,141,c_fluxgemm,3,0.11776,0.11469,0.11469,0.03583,1410,1
ag,5120,10240,16,gpu,141,c_flux_ag,2,0.07747,0.05795,0.07091,0.04158,1410,1
ag,5120,10240,16,gpu,141,A_fused,1,0.16998,0.16077,0.16077,0.06787,1410,1
ag,5120,10240,16,gpu,142,c_cublas,2,0.08397,0.08397,0.08397,0.08793,1410,1
ag,5120,10240,16,gpu,142,c_fluxgemm,3,0.11674,0.11469,0.11469,0.05993,1410,1
ag,5120,10240,16,gpu,142,c_flux_ag,1,0.06650,0.05760,0.05760,0.05586,1410,1
ag,5120,10240,16,gpu,142,A_fused,0,0.16896,0.16077,0.16794,0.14934,1410,1
ag,5120,10240,16,gpu,143,c_cublas,1,0.08499,0.08294,0.08499,0.03948,1410,1
ag,5120,10240,16,gpu,143,c_fluxgemm,0,0.11571,0.11469,0.11469,0.03743,1410,1
ag,5120,10240,16,gpu,143,c_flux_ag,3,0.07776,0.06170,0.06170,0.04687,1410,1
ag,5120,10240,16,gpu,143,A_fused,2,0.16794,0.15974,0.16794,0.07505,1410,1
ag,5120,10240,16,gpu,144,c_cublas,3,0.08499,0.08294,0.08499,0.03791,1410,1
ag,5120,10240,16,gpu,144,c_fluxgemm,1,0.11674,0.11469,0.11674,0.03587,1410,1
ag,5120,10240,16,gpu,144,c_flux_ag,2,0.07091,0.06374,0.07091,0.04756,1410,1
ag,5120,10240,16,gpu,144,A_fused,0,0.16486,0.15872,0.15974,0.06865,1410,1
ag,5120,10240,16,gpu,145,c_cublas,3,0.08602,0.08499,0.08602,0.03622,1410,1
ag,5120,10240,16,gpu,145,c_fluxgemm,1,0.11571,0.11469,0.11469,0.03796,1410,1
ag,5120,10240,16,gpu,145,c_flux_ag,0,0.05770,0.05475,0.05610,0.05307,1410,1
ag,5120,10240,16,gpu,145,A_fused,2,0.16077,0.15667,0.15667,0.06890,1410,1
ag,5120,10240,16,gpu,146,c_cublas,3,0.08499,0.08192,0.08499,0.03596,1410,1
ag,5120,10240,16,gpu,146,c_fluxgemm,2,0.11878,0.11469,0.11776,0.03544,1410,1
ag,5120,10240,16,gpu,146,c_flux_ag,0,0.06422,0.05562,0.06410,0.05078,1410,1
ag,5120,10240,16,gpu,146,A_fused,1,0.16486,0.15872,0.16486,0.06882,1410,1
ag,5120,10240,16,gpu,147,c_cublas,1,0.08499,0.08294,0.08499,0.03524,1410,1
ag,5120,10240,16,gpu,147,c_fluxgemm,0,0.11571,0.11366,0.11571,0.04571,1410,1
ag,5120,10240,16,gpu,147,c_flux_ag,3,0.06554,0.05664,0.05779,0.04471,1410,1
ag,5120,10240,16,gpu,147,A_fused,2,0.17920,0.16794,0.16794,0.07240,1410,1
ag,5120,10240,16,gpu,148,c_cublas,2,0.08499,0.08294,0.08499,0.03633,1410,1
ag,5120,10240,16,gpu,148,c_fluxgemm,1,0.11674,0.11469,0.11469,0.03739,1410,1
ag,5120,10240,16,gpu,148,c_flux_ag,0,0.05914,0.05296,0.05786,0.05414,1410,1
ag,5120,10240,16,gpu,148,A_fused,3,0.16282,0.15872,0.15872,0.07155,1410,1
ag,5120,10240,16,gpu,149,c_cublas,3,0.08499,0.08397,0.08499,0.03602,1410,1
ag,5120,10240,16,gpu,149,c_fluxgemm,1,0.11571,0.11469,0.11571,0.03883,1410,1
ag,5120,10240,16,gpu,149,c_flux_ag,0,0.06397,0.06093,0.06397,0.04685,1410,1
ag,5120,10240,16,gpu,149,A_fused,2,0.16896,0.15974,0.16179,0.06766,1410,1
ag,5120,10240,16,gpu,150,c_cublas,3,0.08499,0.08294,0.08499,0.03601,1410,1
ag,5120,10240,16,gpu,150,c_fluxgemm,1,0.11571,0.11366,0.11366,0.03560,1410,1
ag,5120,10240,16,gpu,150,c_flux_ag,2,0.05818,0.05312,0.05520,0.04769,1410,1
ag,5120,10240,16,gpu,150,A_fused,0,1.45613,0.18432,1.44384,0.07165,1410,1
ag,5120,10240,16,gpu,151,c_cublas,1,0.08499,0.08294,0.08499,0.03554,1410,1
ag,5120,10240,16,gpu,151,c_fluxgemm,0,0.11571,0.11366,0.11571,0.03915,1410,1
ag,5120,10240,16,gpu,151,c_flux_ag,2,0.06285,0.05670,0.05725,0.05138,1410,1
ag,5120,10240,16,gpu,151,A_fused,3,0.16794,0.16077,0.16691,0.06744,1410,1
ag,5120,10240,16,gpu,152,c_cublas,1,0.08499,0.08294,0.08499,0.03629,1410,1
ag,5120,10240,16,gpu,152,c_fluxgemm,2,0.11674,0.11469,0.11571,0.04046,1410,1
ag,5120,10240,16,gpu,152,c_flux_ag,0,0.06086,0.05613,0.05613,0.04853,1410,1
ag,5120,10240,16,gpu,152,A_fused,3,0.18637,0.17203,0.17818,0.06884,1410,1
ag,5120,10240,16,gpu,153,c_cublas,0,0.08499,0.08294,0.08499,0.04112,1410,1
ag,5120,10240,16,gpu,153,c_fluxgemm,1,0.11776,0.11571,0.11674,0.03906,1410,1
ag,5120,10240,16,gpu,153,c_flux_ag,2,0.07030,0.05600,0.06419,0.05115,1410,1
ag,5120,10240,16,gpu,153,A_fused,3,0.16077,0.15565,0.15974,0.06668,1410,1
ag,5120,10240,16,gpu,154,c_cublas,2,0.08602,0.08397,0.08397,0.03649,1410,1
ag,5120,10240,16,gpu,154,c_fluxgemm,0,0.11674,0.11571,0.11571,0.03690,1410,1
ag,5120,10240,16,gpu,154,c_flux_ag,1,0.06845,0.06250,0.06845,0.04854,1410,1
ag,5120,10240,16,gpu,154,A_fused,3,0.16077,0.15565,0.15974,0.06971,1410,1
ag,5120,10240,16,gpu,155,c_cublas,2,0.08704,0.08192,0.08397,0.03575,1410,1
ag,5120,10240,16,gpu,155,c_fluxgemm,0,0.11674,0.11366,0.11674,0.03855,1410,1
ag,5120,10240,16,gpu,155,c_flux_ag,3,0.07779,0.06384,0.07325,0.05052,1410,1
ag,5120,10240,16,gpu,155,A_fused,1,0.16691,0.16282,0.16589,0.06968,1410,1
ag,5120,10240,16,gpu,156,c_cublas,2,0.08602,0.08294,0.08602,0.03565,1410,1
ag,5120,10240,16,gpu,156,c_fluxgemm,0,0.11571,0.11366,0.11366,0.03884,1410,1
ag,5120,10240,16,gpu,156,c_flux_ag,3,0.06080,0.05395,0.05491,0.05032,1410,1
ag,5120,10240,16,gpu,156,A_fused,1,0.17306,0.16486,0.16589,0.07395,1410,1
ag,5120,10240,16,gpu,157,c_cublas,3,0.08602,0.08397,0.08499,0.03527,1410,1
ag,5120,10240,16,gpu,157,c_fluxgemm,2,0.11571,0.11469,0.11469,0.03673,1410,1
ag,5120,10240,16,gpu,157,c_flux_ag,0,0.06506,0.05808,0.05808,0.04713,1410,1
ag,5120,10240,16,gpu,157,A_fused,1,0.16691,0.16486,0.16691,0.06560,1410,1
ag,5120,10240,16,gpu,158,c_cublas,0,0.08499,0.08397,0.08499,0.03231,1410,1
ag,5120,10240,16,gpu,158,c_fluxgemm,3,0.11469,0.11469,0.11469,0.03521,1410,1
ag,5120,10240,16,gpu,158,c_flux_ag,1,0.08013,0.06781,0.07002,0.05149,1410,1
ag,5120,10240,16,gpu,158,A_fused,2,0.16589,0.15667,0.15667,0.06907,1410,1
ag,5120,10240,16,gpu,159,c_cublas,1,0.08397,0.08294,0.08397,0.03594,1410,1
ag,5120,10240,16,gpu,159,c_fluxgemm,2,0.11469,0.11469,0.11469,0.04600,1410,1
ag,5120,10240,16,gpu,159,c_flux_ag,0,0.06410,0.05773,0.06400,0.04938,1410,1
ag,5120,10240,16,gpu,159,A_fused,3,0.16794,0.15770,0.16179,0.06713,1410,1
ag,5120,10240,16,gpu,160,c_cublas,0,0.08602,0.08294,0.08602,0.03580,1410,1
ag,5120,10240,16,gpu,160,c_fluxgemm,3,0.11776,0.11571,0.11776,0.03592,1410,1
ag,5120,10240,16,gpu,160,c_flux_ag,1,0.06298,0.05574,0.05574,0.04992,1410,1
ag,5120,10240,16,gpu,160,A_fused,2,0.16896,0.16077,0.16179,0.06637,1410,1
ag,5120,10240,16,gpu,161,c_cublas,2,0.08499,0.08397,0.08499,0.03510,1410,1
ag,5120,10240,16,gpu,161,c_fluxgemm,1,0.11571,0.11366,0.11469,0.03362,1410,1
ag,5120,10240,16,gpu,161,c_flux_ag,3,0.07034,0.06163,0.07034,0.05419,1410,1
ag,5120,10240,16,gpu,161,A_fused,0,0.16794,0.15974,0.16282,0.06836,1410,1
ag,5120,10240,16,gpu,162,c_cublas,0,0.08397,0.08294,0.08397,0.03496,1410,1
ag,5120,10240,16,gpu,162,c_fluxgemm,1,0.11981,0.11469,0.11469,0.03875,1410,1
ag,5120,10240,16,gpu,162,c_flux_ag,3,0.06989,0.05779,0.05914,0.04521,1410,1
ag,5120,10240,16,gpu,162,A_fused,2,0.17203,0.16282,0.17203,0.06879,1410,1
ag,5120,10240,16,gpu,163,c_cublas,3,0.08499,0.08294,0.08499,0.03549,1410,1
ag,5120,10240,16,gpu,163,c_fluxgemm,0,0.11674,0.11571,0.11674,0.03705,1410,1
ag,5120,10240,16,gpu,163,c_flux_ag,1,0.06294,0.05629,0.06141,0.04894,1410,1
ag,5120,10240,16,gpu,163,A_fused,2,0.16589,0.15667,0.15667,0.06497,1410,1
ag,5120,10240,16,gpu,164,c_cublas,0,0.08397,0.08294,0.08397,0.03198,1410,1
ag,5120,10240,16,gpu,164,c_fluxgemm,1,0.11981,0.11674,0.11674,0.04364,1410,1
ag,5120,10240,16,gpu,164,c_flux_ag,3,0.06144,0.05254,0.05254,0.04616,1410,1
ag,5120,10240,16,gpu,164,A_fused,2,0.18125,0.16486,0.16794,0.06858,1410,1
ag,5120,10240,16,gpu,165,c_cublas,1,0.08499,0.08294,0.08499,0.03569,1410,1
ag,5120,10240,16,gpu,165,c_fluxgemm,3,0.11674,0.11674,0.11674,0.03804,1410,1
ag,5120,10240,16,gpu,165,c_flux_ag,2,0.05571,0.05344,0.05344,0.05069,1410,1
ag,5120,10240,16,gpu,165,A_fused,0,0.16794,0.15770,0.16179,0.06775,1410,1
ag,5120,10240,16,gpu,166,c_cublas,0,0.08499,0.08294,0.08397,0.03531,1410,1
ag,5120,10240,16,gpu,166,c_fluxgemm,3,0.11571,0.11366,0.11571,0.03663,1410,1
ag,5120,10240,16,gpu,166,c_flux_ag,1,0.06458,0.05840,0.05840,0.05111,1410,1
ag,5120,10240,16,gpu,166,A_fused,2,0.16384,0.15974,0.16384,0.06526,1410,1
ag,5120,10240,16,gpu,167,c_cublas,1,0.08397,0.08294,0.08397,0.03649,1410,1
ag,5120,10240,16,gpu,167,c_fluxgemm,3,0.11674,0.11366,0.11366,0.03557,1410,1
ag,5120,10240,16,gpu,167,c_flux_ag,0,0.06429,0.05728,0.06058,0.04856,1410,1
ag,5120,10240,16,gpu,167,A_fused,2,0.17203,0.16282,0.16282,0.07003,1410,1
ag,5120,10240,16,gpu,168,c_cublas,2,0.08397,0.08397,0.08397,0.03520,1410,1
ag,5120,10240,16,gpu,168,c_fluxgemm,3,0.11674,0.11469,0.11674,0.03857,1410,1
ag,5120,10240,16,gpu,168,c_flux_ag,0,0.06944,0.06477,0.06477,0.04895,1410,1
ag,5120,10240,16,gpu,168,A_fused,1,0.17408,0.16896,0.16896,0.06638,1410,1
ag,5120,10240,16,gpu,169,c_cublas,1,0.08499,0.08294,0.08499,0.03636,1410,1
ag,5120,10240,16,gpu,169,c_fluxgemm,2,0.12186,0.11674,0.11674,0.04067,1410,1
ag,5120,10240,16,gpu,169,c_flux_ag,0,0.06291,0.06128,0.06154,0.05071,1410,1
ag,5120,10240,16,gpu,169,A_fused,3,0.16282,0.15872,0.16282,0.06760,1410,1
ag,5120,10240,16,gpu,170,c_cublas,0,0.08499,0.08294,0.08397,0.03553,1410,1
ag,5120,10240,16,gpu,170,c_fluxgemm,1,0.11571,0.11469,0.11469,0.03932,1410,1
ag,5120,10240,16,gpu,170,c_flux_ag,2,0.07555,0.06381,0.06381,0.04985,1410,1
ag,5120,10240,16,gpu,170,A_fused,3,0.16486,0.15974,0.15974,0.06589,1410,1
ag,5120,10240,16,gpu,171,c_cublas,3,0.08499,0.08294,0.08397,0.03543,1410,1
ag,5120,10240,16,gpu,171,c_fluxgemm,2,0.11674,0.11469,0.11571,0.03625,1410,1
ag,5120,10240,16,gpu,171,c_flux_ag,1,0.05658,0.05136,0.05635,0.04572,1410,1
ag,5120,10240,16,gpu,171,A_fused,0,0.16282,0.15667,0.16077,0.06720,1410,1
ag,5120,10240,16,gpu,172,c_cublas,3,0.08397,0.08294,0.08397,0.03492,1410,1
ag,5120,10240,16,gpu,172,c_fluxgemm,1,0.11571,0.11366,0.11366,0.03815,1410,1
ag,5120,10240,16,gpu,172,c_flux_ag,0,0.05578,0.05216,0.05578,0.04944,1410,1
ag,5120,10240,16,gpu,172,A_fused,2,0.16384,0.15974,0.15974,0.06767,1410,1
ag,5120,10240,16,gpu,173,c_cublas,0,0.08499,0.08294,0.08499,0.04081,1410,1
ag,5120,10240,16,gpu,173,c_fluxgemm,1,0.11878,0.11571,0.11571,0.03971,1410,1
ag,5120,10240,16,gpu,173,c_flux_ag,2,0.07261,0.06038,0.06778,0.05070,1410,1
ag,5120,10240,16,gpu,173,A_fused,3,0.17203,0.16077,0.17203,0.06441,1410,1
ag,5120,10240,16,gpu,174,c_cublas,1,0.08499,0.08294,0.08499,0.03585,1410,1
ag,5120,10240,16,gpu,174,c_fluxgemm,0,0.11674,0.11571,0.11674,0.03733,1410,1
ag,5120,10240,16,gpu,174,c_flux_ag,3,0.05786,0.05219,0.05498,0.04903,1410,1
ag,5120,10240,16,gpu,174,A_fused,2,0.16282,0.15872,0.16282,0.07044,1410,1
ag,5120,10240,16,gpu,175,c_cublas,1,0.08499,0.08294,0.08499,0.04277,1410,1
ag,5120,10240,16,gpu,175,c_fluxgemm,0,0.11674,0.11469,0.11469,0.03834,1410,1
ag,5120,10240,16,gpu,175,c_flux_ag,2,0.06013,0.05498,0.06013,0.05203,1410,1
ag,5120,10240,16,gpu,175,A_fused,3,0.16282,0.15565,0.16282,0.06539,1410,1
ag,5120,10240,16,gpu,176,c_cublas,1,0.08704,0.08294,0.08704,0.03567,1410,1
ag,5120,10240,16,gpu,176,c_fluxgemm,0,0.11571,0.11469,0.11571,0.03756,1410,1
ag,5120,10240,16,gpu,176,c_flux_ag,3,0.05523,0.05117,0.05523,0.04501,1410,1
ag,5120,10240,16,gpu,176,A_fused,2,0.17715,0.16179,0.16691,0.07039,1410,1
ag,5120,10240,16,gpu,177,c_cublas,0,0.08602,0.08499,0.08499,0.03583,1410,1
ag,5120,10240,16,gpu,177,c_fluxgemm,2,0.11571,0.11366,0.11366,0.03945,1410,1
ag,5120,10240,16,gpu,177,c_flux_ag,3,0.05562,0.05389,0.05389,0.04760,1410,1
ag,5120,10240,16,gpu,177,A_fused,1,0.17306,0.16384,0.16384,0.07221,1410,1
ag,5120,10240,16,gpu,178,c_cublas,0,0.08397,0.08294,0.08397,0.03641,1410,1
ag,5120,10240,16,gpu,178,c_fluxgemm,1,0.11571,0.11366,0.11469,0.03924,1410,1
ag,5120,10240,16,gpu,178,c_flux_ag,3,0.06192,0.05536,0.05536,0.04509,1410,1
ag,5120,10240,16,gpu,178,A_fused,2,0.17510,0.15667,0.15770,0.07644,1410,1
ag,5120,10240,16,gpu,179,c_cublas,0,0.08499,0.08192,0.08499,0.03666,1410,1
ag,5120,10240,16,gpu,179,c_fluxgemm,1,0.11674,0.11366,0.11571,0.03945,1410,1
ag,5120,10240,16,gpu,179,c_flux_ag,3,0.07120,0.05824,0.05824,0.04582,1410,1
ag,5120,10240,16,gpu,179,A_fused,2,0.17818,0.16896,0.16896,0.06836,1410,1
ag,5120,10240,16,gpu,180,c_cublas,3,0.08499,0.08294,0.08499,0.04327,1410,1
ag,5120,10240,16,gpu,180,c_fluxgemm,0,0.11571,0.11366,0.11469,0.03737,1410,1
ag,5120,10240,16,gpu,180,c_flux_ag,2,0.06272,0.05299,0.05299,0.04541,1410,1
ag,5120,10240,16,gpu,180,A_fused,1,0.16486,0.15974,0.16384,0.06769,1410,1
ag,5120,10240,16,gpu,181,c_cublas,2,0.08499,0.08397,0.08499,0.03532,1410,1
ag,5120,10240,16,gpu,181,c_fluxgemm,0,0.11776,0.11571,0.11571,0.03902,1410,1
ag,5120,10240,16,gpu,181,c_flux_ag,3,0.06426,0.05971,0.06058,0.04930,1410,1
ag,5120,10240,16,gpu,181,A_fused,1,0.16896,0.16486,0.16794,0.06894,1410,1
ag,5120,10240,16,gpu,182,c_cublas,2,0.08499,0.08294,0.08499,0.03604,1410,1
ag,5120,10240,16,gpu,182,c_fluxgemm,3,0.11571,0.11469,0.11571,0.03918,1410,1
ag,5120,10240,16,gpu,182,c_flux_ag,1,0.06893,0.06134,0.06134,0.04437,1410,1
ag,5120,10240,16,gpu,182,A_fused,0,0.18022,0.16486,0.17818,0.06975,1410,1
ag,5120,10240,16,gpu,183,c_cublas,1,0.08499,0.08294,0.08499,0.03597,1410,1
ag,5120,10240,16,gpu,183,c_fluxgemm,2,0.11674,0.11571,0.11674,0.03912,1410,1
ag,5120,10240,16,gpu,183,c_flux_ag,3,0.06253,0.05280,0.05290,0.05318,1410,1
ag,5120,10240,16,gpu,183,A_fused,0,0.16589,0.15565,0.15565,0.06953,1410,1
ag,5120,10240,16,gpu,184,c_cublas,1,0.08602,0.08397,0.08602,0.03526,1410,1
ag,5120,10240,16,gpu,184,c_fluxgemm,3,0.11776,0.11571,0.11674,0.03891,1410,1
ag,5120,10240,16,gpu,184,c_flux_ag,2,0.06586,0.05821,0.05939,0.04967,1410,1
ag,5120,10240,16,gpu,184,A_fused,0,0.16486,0.15872,0.16179,0.06881,1410,1
ag,5120,10240,16,gpu,185,c_cublas,0,0.08499,0.08294,0.08397,0.03626,1410,1
ag,5120,10240,16,gpu,185,c_fluxgemm,1,0.11776,0.11571,0.11571,0.03817,1410,1
ag,5120,10240,16,gpu,185,c_flux_ag,2,0.07840,0.06858,0.06858,0.04886,1410,1
ag,5120,10240,16,gpu,185,A_fused,3,0.17306,0.16589,0.17306,0.06609,1410,1
ag,5120,10240,16,gpu,186,c_cublas,0,0.08499,0.08294,0.08397,0.03564,1410,1
ag,5120,10240,16,gpu,186,c_fluxgemm,2,0.11674,0.11366,0.11571,0.03495,1410,1
ag,5120,10240,16,gpu,186,c_flux_ag,3,0.06166,0.05821,0.05821,0.04655,1410,1
ag,5120,10240,16,gpu,186,A_fused,1,0.17408,0.16179,0.17203,0.07118,1410,1
ag,5120,10240,16,gpu,187,c_cublas,3,0.08397,0.08294,0.08397,0.03603,1410,1
ag,5120,10240,16,gpu,187,c_fluxgemm,0,0.15053,0.11469,0.11469,0.04228,1410,1
ag,5120,10240,16,gpu,187,c_flux_ag,1,0.08237,0.07590,0.08237,0.05041,1410,1
ag,5120,10240,16,gpu,187,A_fused,2,0.16384,0.15872,0.15872,0.06668,1410,1
ag,5120,10240,16,gpu,188,c_cublas,1,0.08499,0.08192,0.08499,0.03489,1410,1
ag,5120,10240,16,gpu,188,c_fluxgemm,2,0.11981,0.11469,0.11571,0.03856,1410,1
ag,5120,10240,16,gpu,188,c_flux_ag,0,0.06096,0.05280,0.05280,0.04988,1410,1
ag,5120,10240,16,gpu,188,A_fused,3,0.16691,0.16179,0.16282,0.06767,1410,1
ag,5120,10240,16,gpu,189,c_cublas,3,0.08704,0.08397,0.08704,0.04064,1410,1
ag,5120,10240,16,gpu,189,c_fluxgemm,0,0.11571,0.11469,0.11469,0.03805,1410,1
ag,5120,10240,16,gpu,189,c_flux_ag,2,0.05987,0.05754,0.05850,0.04524,1410,1
ag,5120,10240,16,gpu,189,A_fused,1,0.17101,0.16589,0.16998,0.06743,1410,1
ag,5120,10240,16,gpu,190,c_cublas,3,0.08397,0.08294,0.08397,0.03530,1410,1
ag,5120,10240,16,gpu,190,c_fluxgemm,2,0.12083,0.11571,0.11674,0.03530,1410,1
ag,5120,10240,16,gpu,190,c_flux_ag,0,0.12381,0.07187,0.07187,0.05011,1410,1
ag,5120,10240,16,gpu,190,A_fused,1,0.15974,0.15667,0.15872,0.06683,1410,1
ag,5120,10240,16,gpu,191,c_cublas,0,0.08397,0.08192,0.08397,0.03332,1410,1
ag,5120,10240,16,gpu,191,c_fluxgemm,1,0.11571,0.11469,0.11571,0.03849,1410,1
ag,5120,10240,16,gpu,191,c_flux_ag,3,0.06499,0.05782,0.06029,0.04559,1410,1
ag,5120,10240,16,gpu,191,A_fused,2,0.18125,0.16998,0.17101,0.06986,1410,1
ag,5120,10240,16,gpu,192,c_cublas,2,0.08602,0.08397,0.08602,0.03536,1410,1
ag,5120,10240,16,gpu,192,c_fluxgemm,0,0.11674,0.11469,0.11571,0.04537,1410,1
ag,5120,10240,16,gpu,192,c_flux_ag,3,0.07469,0.06387,0.06387,0.05109,1410,1
ag,5120,10240,16,gpu,192,A_fused,1,0.16077,0.15565,0.15770,0.06888,1410,1
ag,5120,10240,16,gpu,193,c_cublas,1,0.08397,0.08294,0.08397,0.03570,1410,1
ag,5120,10240,16,gpu,193,c_fluxgemm,3,0.11776,0.11469,0.11776,0.04129,1410,1
ag,5120,10240,16,gpu,193,c_flux_ag,2,0.06026,0.05354,0.06026,0.05246,1410,1
ag,5120,10240,16,gpu,193,A_fused,0,0.16179,0.15974,0.16077,0.07034,1410,1
ag,5120,10240,16,gpu,194,c_cublas,3,0.08499,0.08294,0.08397,0.03536,1410,1
ag,5120,10240,16,gpu,194,c_fluxgemm,1,0.11571,0.11571,0.11571,0.04293,1410,1
ag,5120,10240,16,gpu,194,c_flux_ag,0,0.06554,0.05686,0.05885,0.05040,1410,1
ag,5120,10240,16,gpu,194,A_fused,2,0.15872,0.15565,0.15565,0.06931,1410,1
ag,5120,10240,16,gpu,195,c_cublas,0,0.08499,0.08294,0.08397,0.03258,1410,1
ag,5120,10240,16,gpu,195,c_fluxgemm,2,0.11674,0.11469,0.11469,0.03759,1410,1
ag,5120,10240,16,gpu,195,c_flux_ag,1,0.06480,0.05971,0.05971,0.05019,1410,1
ag,5120,10240,16,gpu,195,A_fused,3,0.16691,0.15667,0.15667,0.06698,1410,1
ag,5120,10240,16,gpu,196,c_cublas,2,0.08397,0.08294,0.08397,0.03583,1410,1
ag,5120,10240,16,gpu,196,c_fluxgemm,3,0.11878,0.11571,0.11674,0.03870,1410,1
ag,5120,10240,16,gpu,196,c_flux_ag,1,0.06285,0.06010,0.06243,0.04493,1410,1
ag,5120,10240,16,gpu,196,A_fused,0,0.16896,0.16077,0.16589,0.06676,1410,1
ag,5120,10240,16,gpu,197,c_cublas,1,0.08397,0.08294,0.08397,0.03544,1410,1
ag,5120,10240,16,gpu,197,c_fluxgemm,2,0.11571,0.11469,0.11469,0.04650,1410,1
ag,5120,10240,16,gpu,197,c_flux_ag,3,0.06691,0.05923,0.06106,0.04923,1410,1
ag,5120,10240,16,gpu,197,A_fused,0,0.17818,0.16691,0.16896,0.06926,1410,1
ag,5120,10240,16,gpu,198,c_cublas,0,0.08397,0.08397,0.08397,0.03625,1410,1
ag,5120,10240,16,gpu,198,c_fluxgemm,1,0.11674,0.11571,0.11571,0.04455,1410,1
ag,5120,10240,16,gpu,198,c_flux_ag,2,0.07786,0.06307,0.07344,0.04942,1410,1
ag,5120,10240,16,gpu,198,A_fused,3,0.16794,0.16077,0.16589,0.06652,1410,1
ag,5120,10240,16,gpu,199,c_cublas,1,0.08397,0.08294,0.08397,0.03563,1410,1
ag,5120,10240,16,gpu,199,c_fluxgemm,3,0.11674,0.11366,0.11469,0.03818,1410,1
ag,5120,10240,16,gpu,199,c_flux_ag,2,0.06288,0.05514,0.05626,0.04940,1410,1
ag,5120,10240,16,gpu,199,A_fused,0,0.16794,0.15872,0.16794,0.06507,1410,1
ag,5120,10240,16,steady,0,c_cublas,2,0.06867,0.06810,0.06867,0.02862,0,1
ag,5120,10240,16,steady,0,c_fluxgemm,1,0.10541,0.10522,0.10541,0.01960,0,1
ag,5120,10240,16,steady,0,c_flux_ag,3,0.06202,0.06171,0.06188,0.03708,0,1
ag,5120,10240,16,steady,0,A_fused,0,0.17203,0.15418,0.17203,0.04744,0,1
ag,5120,10240,16,steady,1,c_cublas,0,0.07002,0.06982,0.07002,0.01339,0,1
ag,5120,10240,16,steady,1,c_fluxgemm,3,0.10534,0.10515,0.10522,0.02007,0,1
ag,5120,10240,16,steady,1,c_flux_ag,2,0.05804,0.05785,0.05804,0.03716,0,1
ag,5120,10240,16,steady,1,A_fused,1,0.15302,0.15258,0.15258,0.04704,0,1
ag,5120,10240,16,steady,2,c_cublas,3,0.06835,0.06810,0.06835,0.01290,0,1
ag,5120,10240,16,steady,2,c_fluxgemm,1,0.10592,0.10502,0.10534,0.01931,0,1
ag,5120,10240,16,steady,2,c_flux_ag,2,0.06115,0.06070,0.06086,0.03727,0,1
ag,5120,10240,16,steady,2,A_fused,0,0.15328,0.15194,0.15328,0.04696,0,1
ag,5120,10240,16,steady,3,c_cublas,3,0.06848,0.06810,0.06848,0.01318,0,1
ag,5120,10240,16,steady,3,c_fluxgemm,2,0.10605,0.10586,0.10586,0.01952,0,1
ag,5120,10240,16,steady,3,c_flux_ag,1,0.05819,0.05777,0.05777,0.03671,0,1
ag,5120,10240,16,steady,3,A_fused,0,0.15501,0.15366,0.15366,0.04675,0,1
ag,5120,10240,16,steady,4,c_cublas,2,0.06874,0.06797,0.06874,0.01698,0,1
ag,5120,10240,16,steady,4,c_fluxgemm,3,0.10560,0.10528,0.10547,0.02308,0,1
ag,5120,10240,16,steady,4,c_flux_ag,1,0.05852,0.05787,0.05833,0.04514,0,1
ag,5120,10240,16,steady,4,A_fused,0,0.18682,0.17210,0.18682,0.06636,0,1
ag,5120,10240,16,steady,5,c_cublas,0,0.07264,0.06810,0.06848,0.01568,0,1
ag,5120,10240,16,steady,5,c_fluxgemm,3,0.10560,0.10522,0.10560,0.01865,0,1
ag,5120,10240,16,steady,5,c_flux_ag,1,0.05936,0.05896,0.05900,0.03438,0,1
ag,5120,10240,16,steady,5,A_fused,2,0.15354,0.15322,0.15334,0.04316,0,1
ag,5120,10240,16,steady,6,c_cublas,2,0.06861,0.06822,0.06861,0.01289,0,1
ag,5120,10240,16,steady,6,c_fluxgemm,0,0.10714,0.10643,0.10643,0.01762,0,1
ag,5120,10240,16,steady,6,c_flux_ag,1,0.05978,0.05931,0.05933,0.03252,0,1
ag,5120,10240,16,steady,6,A_fused,3,0.15264,0.15232,0.15232,0.04129,0,1
ag,5120,10240,16,steady,7,c_cublas,0,0.07008,0.06963,0.06963,0.01272,0,1
ag,5120,10240,16,steady,7,c_fluxgemm,1,0.10547,0.10528,0.10534,0.01803,0,1
ag,5120,10240,16,steady,7,c_flux_ag,2,0.06113,0.06086,0.06088,0.03184,0,1
ag,5120,10240,16,steady,7,A_fused,3,0.15277,0.15245,0.15245,0.04022,0,1
ag,5120,10240,16,steady,8,c_cublas,0,0.06995,0.06963,0.06982,0.01240,0,1
ag,5120,10240,16,steady,8,c_fluxgemm,1,0.10579,0.10509,0.10534,0.01796,0,1
ag,5120,10240,16,steady,8,c_flux_ag,2,0.05979,0.05965,0.05967,0.03218,0,1
ag,5120,10240,16,steady,8,A_fused,3,0.15181,0.15162,0.15162,0.04086,0,1
ag,5120,10240,16,steady,9,c_cublas,0,0.07014,0.06970,0.06989,0.01277,0,1
ag,5120,10240,16,steady,9,c_fluxgemm,2,0.10611,0.10560,0.10592,0.01830,0,1
ag,5120,10240,16,steady,9,c_flux_ag,1,0.05882,0.05861,0.05861,0.03214,0,1
ag,5120,10240,16,steady,9,A_fused,3,0.15213,0.15187,0.15187,0.04095,0,1
ag,5120,10240,16,steady,10,c_cublas,2,0.06854,0.06810,0.06854,0.01232,0,1
ag,5120,10240,16,steady,10,c_fluxgemm,0,0.10739,0.10688,0.10694,0.01766,0,1
ag,5120,10240,16,steady,10,c_flux_ag,1,0.06028,0.05996,0.06011,0.03272,0,1
ag,5120,10240,16,steady,10,A_fused,3,0.15411,0.15398,0.15411,0.04125,0,1
ag,5120,10240,16,steady,11,c_cublas,2,0.06842,0.06810,0.06822,0.01230,0,1
ag,5120,10240,16,steady,11,c_fluxgemm,0,0.10758,0.10733,0.10758,0.01775,0,1
ag,5120,10240,16,steady,11,c_flux_ag,3,0.05913,0.05865,0.05890,0.03269,0,1
ag,5120,10240,16,steady,11,A_fused,1,0.15334,0.15302,0.15315,0.04082,0,1
ag,5120,10240,16,steady,12,c_cublas,1,0.06874,0.06810,0.06874,0.01230,1410,1
ag,5120,10240,16,steady,12,c_fluxgemm,3,0.10560,0.10528,0.10528,0.01775,1410,1
ag,5120,10240,16,steady,12,c_flux_ag,2,0.06081,0.06056,0.06068,0.03341,1410,1
ag,5120,10240,16,steady,12,A_fused,0,0.15341,0.15283,0.15283,0.04123,1410,1
ag,5120,10240,16,steady,13,c_cublas,3,0.06848,0.06810,0.06848,0.01279,1410,1
ag,5120,10240,16,steady,13,c_fluxgemm,0,0.10733,0.10598,0.10618,0.01742,1410,1
ag,5120,10240,16,steady,13,c_flux_ag,2,0.05935,0.05901,0.05935,0.03177,1410,1
ag,5120,10240,16,steady,13,A_fused,1,0.15584,0.15539,0.15571,0.04105,1410,1
ag,5120,10240,16,steady,14,c_cublas,0,0.07168,0.07098,0.07149,0.01223,1410,1
ag,5120,10240,16,steady,14,c_fluxgemm,2,0.10579,0.10522,0.10560,0.01829,1410,1
ag,5120,10240,16,steady,14,c_flux_ag,3,0.06003,0.05971,0.05971,0.03221,1410,1
ag,5120,10240,16,steady,14,A_fused,1,0.15290,0.15264,0.15277,0.04076,1410,1
ag,5120,10240,16,steady,15,c_cublas,2,0.06867,0.06810,0.06867,0.01233,1410,1
ag,5120,10240,16,steady,15,c_fluxgemm,0,0.10707,0.10675,0.10707,0.01779,1410,1
ag,5120,10240,16,steady,15,c_flux_ag,1,0.05951,0.05927,0.05927,0.03250,1410,1
ag,5120,10240,16,steady,15,A_fused,3,0.15347,0.15322,0.15341,0.04125,1410,1
ag,5120,10240,16,steady,16,c_cublas,0,0.07008,0.06970,0.07008,0.01243,1410,1
ag,5120,10240,16,steady,16,c_fluxgemm,3,0.10547,0.10502,0.10547,0.01938,1410,1
ag,5120,10240,16,steady,16,c_flux_ag,1,0.05830,0.05795,0.05824,0.03211,1410,1
ag,5120,10240,16,steady,16,A_fused,2,0.15334,0.15322,0.15322,0.04940,1410,1
ag,5120,10240,16,steady,17,c_cublas,3,0.06886,0.06810,0.06886,0.01487,1410,1
ag,5120,10240,16,steady,17,c_fluxgemm,2,0.10611,0.10573,0.10611,0.02109,1410,1
ag,5120,10240,16,steady,17,c_flux_ag,0,0.06581,0.06025,0.06025,0.03995,1410,1
ag,5120,10240,16,steady,17,A_fused,1,0.15315,0.15283,0.15302,0.04968,1410,1
ag,5120,10240,16,steady,18,c_cublas,1,0.06854,0.06803,0.06854,0.01417,1410,1
ag,5120,10240,16,steady,18,c_fluxgemm,0,0.10778,0.10650,0.10778,0.01998,1410,1
ag,5120,10240,16,steady,18,c_flux_ag,3,0.06034,0.05996,0.06034,0.03655,1410,1
ag,5120,10240,16,steady,18,A_fused,2,0.15392,0.15379,0.15379,0.04682,1410,1
ag,5120,10240,16,steady,19,c_cublas,0,0.07021,0.06931,0.07021,0.01280,1410,1
ag,5120,10240,16,steady,19,c_fluxgemm,1,0.10566,0.10528,0.10566,0.01972,1410,1
ag,5120,10240,16,steady,19,c_flux_ag,2,0.05883,0.05846,0.05856,0.03684,1410,1
ag,5120,10240,16,steady,19,A_fused,3,0.15232,0.15206,0.15219,0.04710,1410,1
ag,5120,10240,16,steady,20,c_cublas,3,0.06880,0.06816,0.06880,0.01311,1410,1
ag,5120,10240,16,steady,20,c_fluxgemm,2,0.10618,0.10566,0.10598,0.01899,1410,1
ag,5120,10240,16,steady,20,c_flux_ag,0,0.05890,0.05824,0.05853,0.03746,1410,1
ag,5120,10240,16,steady,20,A_fused,1,0.15475,0.15392,0.15475,0.04644,1410,1
ag,5120,10240,16,steady,21,c_cublas,1,0.06854,0.06810,0.06854,0.01241,1410,1
ag,5120,10240,16,steady,21,c_fluxgemm,2,0.10650,0.10560,0.10624,0.01912,1410,1
ag,5120,10240,16,steady,21,c_flux_ag,0,0.05800,0.05771,0.05791,0.03709,1410,1
ag,5120,10240,16,steady,21,A_fused,3,0.15610,0.15590,0.15610,0.04642,1410,1
ag,5120,10240,16,steady,22,c_cublas,1,0.06848,0.06803,0.06848,0.01259,1410,1
ag,5120,10240,16,steady,22,c_fluxgemm,0,0.10771,0.10675,0.10733,0.01895,1410,1
ag,5120,10240,16,steady,22,c_flux_ag,3,0.05882,0.05832,0.05875,0.03709,1410,1
ag,5120,10240,16,steady,22,A_fused,2,0.15430,0.15411,0.15430,0.04666,1410,1
ag,5120,10240,16,steady,23,c_cublas,0,0.07021,0.06950,0.07021,0.01621,1410,1
ag,5120,10240,16,steady,23,c_fluxgemm,1,0.10560,0.10502,0.10560,0.01925,1410,1
ag,5120,10240,16,steady,23,c_flux_ag,2,0.05967,0.05939,0.05939,0.03732,1410,1
ag,5120,10240,16,steady,23,A_fused,3,0.15258,0.15232,0.15258,0.04616,1410,1
ag,5120,10240,16,steady,24,c_cublas,3,0.06854,0.06810,0.06854,0.01256,1410,1
ag,5120,10240,16,steady,24,c_fluxgemm,2,0.10611,0.10554,0.10592,0.01948,1410,1
ag,5120,10240,16,steady,24,c_flux_ag,1,0.05879,0.05865,0.05877,0.03646,1410,1
ag,5120,10240,16,steady,24,A_fused,0,0.15648,0.15597,0.15597,0.04664,1410,1
ag,5120,10240,16,steady,25,c_cublas,0,0.07181,0.07117,0.07136,0.01220,1410,1
ag,5120,10240,16,steady,25,c_fluxgemm,1,0.10573,0.10502,0.10566,0.01933,1410,1
ag,5120,10240,16,steady,25,c_flux_ag,3,0.05972,0.05938,0.05939,0.03710,1410,1
ag,5120,10240,16,steady,25,A_fused,2,0.15514,0.15475,0.15514,0.04697,1410,1
ag,5120,10240,16,steady,26,c_cublas,3,0.06848,0.06810,0.06848,0.01272,1410,1
ag,5120,10240,16,steady,26,c_fluxgemm,2,0.10624,0.10579,0.10624,0.01960,1410,1
ag,5120,10240,16,steady,26,c_flux_ag,1,0.05881,0.05845,0.05881,0.03686,1410,1
ag,5120,10240,16,steady,26,A_fused,0,0.15322,0.15277,0.15277,0.04660,1410,1
ag,5120,10240,16,steady,27,c_cublas,3,0.06842,0.06810,0.06842,0.01270,1410,1
ag,5120,10240,16,steady,27,c_fluxgemm,2,0.10611,0.10534,0.10605,0.01940,1410,1
ag,5120,10240,16,steady,27,c_flux_ag,1,0.05908,0.05902,0.05907,0.03661,1410,1
ag,5120,10240,16,steady,27,A_fused,0,0.15648,0.15610,0.15648,0.04625,1410,1
ag,5120,10240,16,steady,28,c_cublas,1,0.06842,0.06822,0.06842,0.01261,1410,1
ag,5120,10240,16,steady,28,c_fluxgemm,0,0.10790,0.10714,0.10771,0.01965,1410,1
ag,5120,10240,16,steady,28,c_flux_ag,3,0.06010,0.05944,0.05958,0.03684,1410,1
ag,5120,10240,16,steady,28,A_fused,2,0.15622,0.15482,0.15520,0.04715,1410,1
ag,5120,10240,16,steady,29,c_cublas,0,0.07494,0.06957,0.06957,0.01739,1410,1
ag,5120,10240,16,steady,29,c_fluxgemm,2,0.10611,0.10566,0.10611,0.01916,1410,1
ag,5120,10240,16,steady,29,c_flux_ag,1,0.05719,0.05678,0.05696,0.03727,1410,1
ag,5120,10240,16,steady,29,A_fused,3,0.15238,0.15200,0.15238,0.04661,1410,1
ag,5120,10240,16,steady,30,c_cublas,3,0.06867,0.06803,0.06867,0.01287,1410,1
ag,5120,10240,16,steady,30,c_fluxgemm,2,0.10637,0.10560,0.10624,0.01968,1410,1
ag,5120,10240,16,steady,30,c_flux_ag,1,0.06169,0.06095,0.06112,0.03652,1410,1
ag,5120,10240,16,steady,30,A_fused,0,0.15590,0.15520,0.15520,0.04562,1410,1
ag,5120,10240,16,steady,31,c_cublas,1,0.06867,0.06822,0.06867,0.01256,1410,1
ag,5120,10240,16,steady,31,c_fluxgemm,3,0.10573,0.10509,0.10547,0.01968,1410,1
ag,5120,10240,16,steady,31,c_flux_ag,2,0.05874,0.05834,0.05874,0.03705,1410,1
ag,5120,10240,16,steady,31,A_fused,0,0.15386,0.15296,0.15296,0.04698,1410,1
ag,5120,10240,16,steady,32,c_cublas,2,0.06848,0.06816,0.06848,0.01276,1410,1
ag,5120,10240,16,steady,32,c_fluxgemm,1,0.10541,0.10509,0.10534,0.01915,1410,1
ag,5120,10240,16,steady,32,c_flux_ag,0,0.06110,0.06017,0.06102,0.03716,1410,1
ag,5120,10240,16,steady,32,A_fused,3,0.15296,0.15283,0.15283,0.04719,1410,1
ag,5120,10240,16,steady,33,c_cublas,3,0.06874,0.06810,0.06874,0.01320,1410,1
ag,5120,10240,16,steady,33,c_fluxgemm,2,0.10579,0.10534,0.10579,0.01911,1410,1
ag,5120,10240,16,steady,33,c_flux_ag,1,0.05872,0.05847,0.05864,0.03711,1410,1
ag,5120,10240,16,steady,33,A_fused,0,0.15302,0.15219,0.15219,0.04629,1410,1
ag,5120,10240,16,steady,34,c_cublas,1,0.06861,0.06816,0.06861,0.01300,1410,1
ag,5120,10240,16,steady,34,c_fluxgemm,0,0.10765,0.10637,0.10765,0.01917,1410,1
ag,5120,10240,16,steady,34,c_flux_ag,3,0.05926,0.05902,0.05919,0.03664,1410,1
ag,5120,10240,16,steady,34,A_fused,2,0.15552,0.15488,0.15514,0.04710,1410,1
ag,5120,10240,16,steady,35,c_cublas,3,0.06861,0.06816,0.06861,0.02881,1410,1
ag,5120,10240,16,steady,35,c_fluxgemm,0,0.10739,0.10701,0.10739,0.01923,1410,1
ag,5120,10240,16,steady,35,c_flux_ag,2,0.05909,0.05873,0.05895,0.03658,1410,1
ag,5120,10240,16,steady,35,A_fused,1,0.15213,0.15181,0.15213,0.04646,1410,1
ag,5120,10240,16,steady,36,c_cublas,0,0.07162,0.07117,0.07136,0.01296,1410,1
ag,5120,10240,16,steady,36,c_fluxgemm,2,0.10573,0.10547,0.10566,0.01899,1410,1
ag,5120,10240,16,steady,36,c_flux_ag,3,0.05862,0.05826,0.05862,0.03739,1410,1
ag,5120,10240,16,steady,36,A_fused,1,0.15590,0.15565,0.15578,0.04662,1410,1
ag,5120,10240,16,steady,37,c_cublas,3,0.06842,0.06816,0.06842,0.01260,1410,1
ag,5120,10240,16,steady,37,c_fluxgemm,1,0.10554,0.10528,0.10541,0.01904,1410,1
ag,5120,10240,16,steady,37,c_flux_ag,2,0.05932,0.05860,0.05932,0.03707,1410,1
ag,5120,10240,16,steady,37,A_fused,0,0.15334,0.15290,0.15334,0.04650,1410,1
ag,5120,10240,16,steady,38,c_cublas,1,0.06848,0.06822,0.06848,0.01239,1410,1
ag,5120,10240,16,steady,38,c_fluxgemm,0,0.10771,0.10746,0.10771,0.01958,1410,1
ag,5120,10240,16,steady,38,c_flux_ag,2,0.06035,0.06004,0.06004,0.03753,1410,1
ag,5120,10240,16,steady,38,A_fused,3,0.15194,0.15155,0.15194,0.04685,1410,1
ag,5120,10240,16,steady,39,c_cublas,1,0.06854,0.06803,0.06854,0.01253,1410,1
ag,5120,10240,16,steady,39,c_fluxgemm,3,0.10560,0.10528,0.10541,0.01875,1410,1
ag,5120,10240,16,steady,39,c_flux_ag,0,0.05765,0.05717,0.05717,0.03705,1410,1
ag,5120,10240,16,steady,39,A_fused,2,0.15347,0.15309,0.15322,0.04711,1410,1
ag,5120,10240,16,steady,40,c_cublas,3,0.06848,0.06829,0.06835,0.01284,1410,1
ag,5120,10240,16,steady,40,c_fluxgemm,1,0.10560,0.10496,0.10522,0.01962,1410,1
ag,5120,10240,16,steady,40,c_flux_ag,0,0.05977,0.05947,0.05977,0.03670,1410,1
ag,5120,10240,16,steady,40,A_fused,2,0.15162,0.15142,0.15149,0.04580,1410,1
ag,5120,10240,16,steady,41,c_cublas,1,0.06842,0.06810,0.06842,0.01244,1410,1
ag,5120,10240,16,steady,41,c_fluxgemm,3,0.10579,0.10534,0.10554,0.01906,1410,1
ag,5120,10240,16,steady,41,c_flux_ag,2,0.06100,0.06087,0.06097,0.03760,1410,1
ag,5120,10240,16,steady,41,A_fused,0,0.15379,0.15334,0.15360,0.04649,1410,1
ag,5120,10240,16,steady,42,c_cublas,2,0.06842,0.06784,0.06842,0.01253,1410,1
ag,5120,10240,16,steady,42,c_fluxgemm,1,0.10566,0.10515,0.10541,0.01885,1410,1
ag,5120,10240,16,steady,42,c_flux_ag,3,0.06201,0.06169,0.06201,0.03731,1410,1
ag,5120,10240,16,steady,42,A_fused,0,0.15706,0.15354,0.15706,0.04625,1410,1
ag,5120,10240,16,steady,43,c_cublas,3,0.06854,0.06803,0.06854,0.01247,1410,1
ag,5120,10240,16,steady,43,c_fluxgemm,2,0.10592,0.10560,0.10592,0.01891,1410,1
ag,5120,10240,16,steady,43,c_flux_ag,1,0.05875,0.05838,0.05838,0.03674,1410,1
ag,5120,10240,16,steady,43,A_fused,0,0.15379,0.15347,0.15360,0.04659,1410,1
ag,5120,10240,16,steady,44,c_cublas,1,0.06848,0.06797,0.06848,0.01288,1410,1
ag,5120,10240,16,steady,44,c_fluxgemm,0,0.10726,0.10643,0.10726,0.01923,1410,1
ag,5120,10240,16,steady,44,c_flux_ag,2,0.06047,0.06016,0.06041,0.03665,1410,1
ag,5120,10240,16,steady,44,A_fused,3,0.15386,0.15360,0.15360,0.04633,1410,1
ag,5120,10240,16,steady,45,c_cublas,2,0.06848,0.06803,0.06848,0.02344,1410,1
ag,5120,10240,16,steady,45,c_fluxgemm,3,0.10566,0.10496,0.10547,0.01952,1410,1
ag,5120,10240,16,steady,45,c_flux_ag,1,0.05847,0.05825,0.05825,0.03719,1410,1
ag,5120,10240,16,steady,45,A_fused,0,0.15245,0.15232,0.15232,0.04598,1410,1
ag,5120,10240,16,steady,46,c_cublas,0,0.06995,0.06963,0.06963,0.01308,1410,1
ag,5120,10240,16,steady,46,c_fluxgemm,1,0.10566,0.10528,0.10554,0.01984,1410,1
ag,5120,10240,16,steady,46,c_flux_ag,2,0.06227,0.06144,0.06170,0.03675,1410,1
ag,5120,10240,16,steady,46,A_fused,3,0.15277,0.15245,0.15277,0.04641,1410,1
ag,5120,10240,16,steady,47,c_cublas,1,0.06861,0.06810,0.06861,0.01326,1410,1
ag,5120,10240,16,steady,47,c_fluxgemm,3,0.10554,0.10509,0.10554,0.01922,1410,1
ag,5120,10240,16,steady,47,c_flux_ag,0,0.05942,0.05778,0.05935,0.03679,1410,1
ag,5120,10240,16,steady,47,A_fused,2,0.15174,0.15155,0.15155,0.04588,1410,1
ag,5120,10240,16,steady,48,c_cublas,1,0.06854,0.06822,0.06854,0.01268,1410,1
ag,5120,10240,16,steady,48,c_fluxgemm,0,0.10726,0.10579,0.10726,0.01958,1410,1
ag,5120,10240,16,steady,48,c_flux_ag,2,0.06104,0.06061,0.06061,0.03741,1410,1
ag,5120,10240,16,steady,48,A_fused,3,0.15130,0.15117,0.15123,0.04680,1410,1
ag,5120,10240,16,steady,49,c_cublas,3,0.06842,0.06816,0.06842,0.01255,1410,1
ag,5120,10240,16,steady,49,c_fluxgemm,0,0.10746,0.10707,0.10726,0.01929,1410,1
ag,5120,10240,16,steady,49,c_flux_ag,1,0.05876,0.05849,0.05876,0.03724,1410,1
ag,5120,10240,16,steady,49,A_fused,2,0.15245,0.15226,0.15245,0.04638,1410,1
ag,5120,10240,128,gpu,0,c_cublas,0,0.13619,0.10547,0.10547,0.04174,0,1
ag,5120,10240,128,gpu,0,c_fluxgemm,1,0.11878,0.11571,0.11878,0.04388,0,1
ag,5120,10240,128,gpu,0,c_flux_ag,3,0.08867,0.08563,0.08646,0.04783,0,1
ag,5120,10240,128,gpu,0,A_fused,2,0.20992,0.19661,0.19661,0.07017,0,1
ag,5120,10240,128,gpu,1,c_cublas,2,0.10752,0.10650,0.10650,0.03795,0,1
ag,5120,10240,128,gpu,1,c_fluxgemm,0,0.11776,0.11571,0.11776,0.03901,0,1
ag,5120,10240,128,gpu,1,c_flux_ag,1,0.08870,0.07498,0.07818,0.05114,0,1
ag,5120,10240,128,gpu,1,A_fused,3,0.19968,0.18227,0.19354,0.07920,0,1
ag,5120,10240,128,gpu,2,c_cublas,0,0.10752,0.10547,0.10752,0.03788,0,1
ag,5120,10240,128,gpu,2,c_fluxgemm,1,0.12390,0.11776,0.11776,0.03793,0,1
ag,5120,10240,128,gpu,2,c_flux_ag,3,0.08909,0.07744,0.07862,0.05450,0,1
ag,5120,10240,128,gpu,2,A_fused,2,0.17408,0.16691,0.16691,0.06850,0,1
ag,5120,10240,128,gpu,3,c_cublas,3,0.10752,0.10547,0.10752,0.04522,0,1
ag,5120,10240,128,gpu,3,c_fluxgemm,2,0.11981,0.11674,0.11776,0.03606,0,1
ag,5120,10240,128,gpu,3,c_flux_ag,1,0.06758,0.06438,0.06470,0.04604,0,1
ag,5120,10240,128,gpu,3,A_fused,0,0.18227,0.16998,0.18227,0.06953,0,1
ag,5120,10240,128,gpu,4,c_cublas,0,0.10752,0.10650,0.10752,0.03732,0,1
ag,5120,10240,128,gpu,4,c_fluxgemm,3,0.11674,0.11674,0.11674,0.03902,0,1
ag,5120,10240,128,gpu,4,c_flux_ag,1,0.08682,0.07571,0.08682,0.05118,0,1
ag,5120,10240,128,gpu,4,A_fused,2,0.18227,0.16589,0.17306,0.06666,0,1
ag,5120,10240,128,gpu,5,c_cublas,2,0.10854,0.10445,0.10854,0.03673,0,1
ag,5120,10240,128,gpu,5,c_fluxgemm,0,0.11776,0.11674,0.11674,0.03574,0,1
ag,5120,10240,128,gpu,5,c_flux_ag,3,0.10611,0.09149,0.10256,0.05773,0,1
ag,5120,10240,128,gpu,5,A_fused,1,0.17510,0.16691,0.16896,0.06885,0,1
ag,5120,10240,128,gpu,6,c_cublas,0,0.10752,0.10342,0.10752,0.03799,0,1
ag,5120,10240,128,gpu,6,c_fluxgemm,3,0.11981,0.11776,0.11878,0.04362,0,1
ag,5120,10240,128,gpu,6,c_flux_ag,2,0.08266,0.07830,0.07830,0.04509,0,1
ag,5120,10240,128,gpu,6,A_fused,1,0.19149,0.19046,0.19046,0.07021,0,1
ag,5120,10240,128,gpu,7,c_cublas,2,0.10650,0.10445,0.10650,0.03675,0,1
ag,5120,10240,128,gpu,7,c_fluxgemm,3,0.11878,0.11674,0.11878,0.04321,0,1
ag,5120,10240,128,gpu,7,c_flux_ag,0,0.08227,0.07094,0.07485,0.05053,0,1
ag,5120,10240,128,gpu,7,A_fused,1,0.18330,0.16794,0.16794,0.06600,0,1
ag,5120,10240,128,gpu,8,c_cublas,1,0.10650,0.10547,0.10650,0.03679,0,1
ag,5120,10240,128,gpu,8,c_fluxgemm,0,0.11878,0.11674,0.11776,0.03425,0,1
ag,5120,10240,128,gpu,8,c_flux_ag,3,0.08429,0.07587,0.08074,0.05431,0,1
ag,5120,10240,128,gpu,8,A_fused,2,0.17920,0.17408,0.17613,0.07114,0,1
ag,5120,10240,128,gpu,9,c_cublas,1,0.10752,0.10342,0.10650,0.03735,0,1
ag,5120,10240,128,gpu,9,c_fluxgemm,2,0.11878,0.11571,0.11776,0.03742,0,1
ag,5120,10240,128,gpu,9,c_flux_ag,0,0.07792,0.06784,0.06784,0.04630,0,1
ag,5120,10240,128,gpu,9,A_fused,3,0.19354,0.18227,0.19354,0.07726,0,1
ag,5120,10240,128,gpu,10,c_cublas,0,0.10854,0.10547,0.10752,0.03720,0,1
ag,5120,10240,128,gpu,10,c_fluxgemm,2,0.11878,0.11571,0.11674,0.03487,0,1
ag,5120,10240,128,gpu,10,c_flux_ag,3,0.07229,0.06822,0.07222,0.04921,0,1
ag,5120,10240,128,gpu,10,A_fused,1,0.17920,0.17306,0.17920,0.06867,0,1
ag,5120,10240,128,gpu,11,c_cublas,3,0.10752,0.10240,0.10752,0.04361,0,1
ag,5120,10240,128,gpu,11,c_fluxgemm,1,0.11981,0.11776,0.11776,0.03642,0,1
ag,5120,10240,128,gpu,11,c_flux_ag,0,0.09779,0.08358,0.08723,0.04659,0,1
ag,5120,10240,128,gpu,11,A_fused,2,0.19763,0.18227,0.19251,0.06671,0,1
ag,5120,10240,128,gpu,12,c_cublas,0,0.10752,0.10547,0.10752,0.03382,0,1
ag,5120,10240,128,gpu,12,c_fluxgemm,1,0.11776,0.11674,0.11674,0.03809,0,1
ag,5120,10240,128,gpu,12,c_flux_ag,3,0.07875,0.06931,0.07875,0.04706,0,1
ag,5120,10240,128,gpu,12,A_fused,2,0.19558,0.18842,0.19558,0.06827,0,1
ag,5120,10240,128,gpu,13,c_cublas,0,0.10650,0.10445,0.10650,0.03752,0,1
ag,5120,10240,128,gpu,13,c_fluxgemm,3,0.11981,0.11674,0.11776,0.03560,0,1
ag,5120,10240,128,gpu,13,c_flux_ag,1,0.06426,0.06134,0.06426,0.04953,0,1
ag,5120,10240,128,gpu,13,A_fused,2,0.16896,0.16589,0.16691,0.06645,0,1
ag,5120,10240,128,gpu,14,c_cublas,1,0.10957,0.10445,0.10957,0.03691,0,1
ag,5120,10240,128,gpu,14,c_fluxgemm,0,0.11878,0.11674,0.11878,0.03536,0,1
ag,5120,10240,128,gpu,14,c_flux_ag,2,0.06982,0.06243,0.06938,0.05135,0,1
ag,5120,10240,128,gpu,14,A_fused,3,0.18944,0.18432,0.18944,0.07332,0,1
ag,5120,10240,128,gpu,15,c_cublas,0,0.10752,0.10547,0.10752,0.03700,0,1
ag,5120,10240,128,gpu,15,c_fluxgemm,2,0.11878,0.11674,0.11776,0.03788,0,1
ag,5120,10240,128,gpu,15,c_flux_ag,1,0.08154,0.07370,0.08154,0.05110,0,1
ag,5120,10240,128,gpu,15,A_fused,3,0.18842,0.17203,0.18739,0.07480,0,1
ag,5120,10240,128,gpu,16,c_cublas,2,0.10752,0.10445,0.10752,0.03698,0,1
ag,5120,10240,128,gpu,16,c_fluxgemm,3,0.11981,0.11776,0.11776,0.04363,0,1
ag,5120,10240,128,gpu,16,c_flux_ag,1,0.10003,0.08864,0.10003,0.04530,0,1
ag,5120,10240,128,gpu,16,A_fused,0,0.19149,0.17408,0.19149,0.06642,0,1
ag,5120,10240,128,gpu,17,c_cublas,3,0.10650,0.10547,0.10650,0.03742,0,1
ag,5120,10240,128,gpu,17,c_fluxgemm,1,0.11878,0.11776,0.11878,0.03588,0,1
ag,5120,10240,128,gpu,17,c_flux_ag,2,0.07021,0.06509,0.07021,0.04848,0,1
ag,5120,10240,128,gpu,17,A_fused,0,0.19046,0.18022,0.18022,0.07063,0,1
ag,5120,10240,128,gpu,18,c_cublas,2,0.10650,0.10547,0.10650,0.03714,0,1
ag,5120,10240,128,gpu,18,c_fluxgemm,0,0.11981,0.11878,0.11878,0.03776,0,1
ag,5120,10240,128,gpu,18,c_flux_ag,1,0.09750,0.08650,0.08650,0.04926,0,1
ag,5120,10240,128,gpu,18,A_fused,3,0.18330,0.17203,0.17715,0.07132,0,1
ag,5120,10240,128,gpu,19,c_cublas,0,0.10752,0.10445,0.10752,0.03643,0,1
ag,5120,10240,128,gpu,19,c_fluxgemm,2,0.11878,0.11571,0.11571,0.03521,0,1
ag,5120,10240,128,gpu,19,c_flux_ag,3,0.07917,0.07043,0.07917,0.05226,0,1
ag,5120,10240,128,gpu,19,A_fused,1,0.18637,0.17203,0.17306,0.06995,0,1
ag,5120,10240,128,gpu,20,c_cublas,0,0.10650,0.10342,0.10650,0.03786,0,1
ag,5120,10240,128,gpu,20,c_fluxgemm,3,0.11776,0.11469,0.11674,0.03580,0,1
ag,5120,10240,128,gpu,20,c_flux_ag,1,0.09789,0.07472,0.07472,0.05105,0,1
ag,5120,10240,128,gpu,20,A_fused,2,0.19046,0.18739,0.19046,0.06590,0,1
ag,5120,10240,128,gpu,21,c_cublas,2,0.10650,0.10547,0.10650,0.04433,0,1
ag,5120,10240,128,gpu,21,c_fluxgemm,3,0.11878,0.11776,0.11776,0.03757,0,1
ag,5120,10240,128,gpu,21,c_flux_ag,1,0.07453,0.06634,0.07363,0.04587,0,1
ag,5120,10240,128,gpu,21,A_fused,0,0.18432,0.17715,0.17715,0.06752,0,1
ag,5120,10240,128,gpu,22,c_cublas,0,0.10854,0.10752,0.10752,0.03627,0,1
ag,5120,10240,128,gpu,22,c_fluxgemm,1,0.12083,0.11776,0.12083,0.03728,0,1
ag,5120,10240,128,gpu,22,c_flux_ag,3,0.06845,0.06138,0.06845,0.04645,0,1
ag,5120,10240,128,gpu,22,A_fused,2,0.20378,0.18944,0.20378,0.06840,0,1
ag,5120,10240,128,gpu,23,c_cublas,2,0.10650,0.10547,0.10650,0.04460,0,1
ag,5120,10240,128,gpu,23,c_fluxgemm,3,0.11878,0.11674,0.11674,0.03769,0,1
ag,5120,10240,128,gpu,23,c_flux_ag,0,0.07715,0.06589,0.06589,0.04708,0,1
ag,5120,10240,128,gpu,23,A_fused,1,0.17203,0.16384,0.16794,0.06467,0,1
ag,5120,10240,128,gpu,24,c_cublas,2,0.10752,0.10445,0.10752,0.03648,0,1
ag,5120,10240,128,gpu,24,c_fluxgemm,1,0.11776,0.11571,0.11776,0.03402,0,1
ag,5120,10240,128,gpu,24,c_flux_ag,3,0.08874,0.07917,0.07917,0.05053,0,1
ag,5120,10240,128,gpu,24,A_fused,0,0.19354,0.18432,0.18739,0.07038,0,1
ag,5120,10240,128,gpu,25,c_cublas,0,0.10650,0.10445,0.10650,0.03686,0,1
ag,5120,10240,128,gpu,25,c_fluxgemm,1,0.11981,0.11878,0.11981,0.03721,0,1
ag,5120,10240,128,gpu,25,c_flux_ag,3,0.08234,0.07574,0.07955,0.04603,0,1
ag,5120,10240,128,gpu,25,A_fused,2,0.18944,0.17920,0.18944,0.07610,0,1
ag,5120,10240,128,gpu,26,c_cublas,3,0.10854,0.10547,0.10752,0.03715,0,1
ag,5120,10240,128,gpu,26,c_fluxgemm,0,0.11878,0.11571,0.11776,0.03644,0,1
ag,5120,10240,128,gpu,26,c_flux_ag,2,0.08157,0.07302,0.08157,0.05323,0,1
ag,5120,10240,128,gpu,26,A_fused,1,0.17920,0.17715,0.17818,0.06837,0,1
ag,5120,10240,128,gpu,27,c_cublas,2,0.10752,0.10547,0.10650,0.04497,0,1
ag,5120,10240,128,gpu,27,c_fluxgemm,3,0.11776,0.11674,0.11776,0.03735,0,1
ag,5120,10240,128,gpu,27,c_flux_ag,1,0.07216,0.06054,0.06163,0.04610,0,1
ag,5120,10240,128,gpu,27,A_fused,0,0.18022,0.16896,0.16896,0.07112,0,1
ag,5120,10240,128,gpu,28,c_cublas,3,0.10854,0.10342,0.10650,0.03671,1410,1
ag,5120,10240,128,gpu,28,c_fluxgemm,0,0.11776,0.11469,0.11776,0.03416,1410,1
ag,5120,10240,128,gpu,28,c_flux_ag,1,0.10166,0.08941,0.10061,0.04936,1410,1
ag,5120,10240,128,gpu,28,A_fused,2,0.18739,0.17920,0.18637,0.07484,1410,1
ag,5120,10240,128,gpu,29,c_cublas,3,0.10752,0.10547,0.10547,0.03645,1410,1
ag,5120,10240,128,gpu,29,c_fluxgemm,0,0.11878,0.11674,0.11776,0.03755,1410,1
ag,5120,10240,128,gpu,29,c_flux_ag,1,0.08586,0.07830,0.08586,0.04944,1410,1
ag,5120,10240,128,gpu,29,A_fused,2,0.16998,0.16589,0.16589,0.07334,1410,1
ag,5120,10240,128,gpu,30,c_cublas,1,0.10752,0.10547,0.10650,0.03620,1410,1
ag,5120,10240,128,gpu,30,c_fluxgemm,0,0.11878,0.11674,0.11776,0.03838,1410,1
ag,5120,10240,128,gpu,30,c_flux_ag,2,0.07229,0.06554,0.06554,0.05864,1410,1
ag,5120,10240,128,gpu,30,A_fused,3,0.19661,0.19149,0.19661,0.06506,1410,1
ag,5120,10240,128,gpu,31,c_cublas,1,0.10854,0.10445,0.10854,0.04245,1410,1
ag,5120,10240,128,gpu,31,c_fluxgemm,2,0.11776,0.11674,0.11674,0.03750,1410,1
ag,5120,10240,128,gpu,31,c_flux_ag,3,0.08272,0.07619,0.08115,0.04905,1410,1
ag,5120,10240,128,gpu,31,A_fused,0,0.17920,0.17510,0.17818,0.06639,1410,1
ag,5120,10240,128,gpu,32,c_cublas,3,0.10650,0.10547,0.10650,0.03700,1410,1
ag,5120,10240,128,gpu,32,c_fluxgemm,1,0.11981,0.11776,0.11981,0.04366,1410,1
ag,5120,10240,128,gpu,32,c_flux_ag,0,0.08064,0.07213,0.07213,0.04685,1410,1
ag,5120,10240,128,gpu,32,A_fused,2,0.17715,0.16691,0.17510,0.06871,1410,1
ag,5120,10240,128,gpu,33,c_cublas,0,0.10752,0.10342,0.10752,0.03375,1410,1
ag,5120,10240,128,gpu,33,c_fluxgemm,3,0.11981,0.11674,0.11776,0.03500,1410,1
ag,5120,10240,128,gpu,33,c_flux_ag,1,0.06736,0.06067,0.06736,0.05773,1410,1
ag,5120,10240,128,gpu,33,A_fused,2,0.20173,0.18637,0.20173,0.06765,1410,1
ag,5120,10240,128,gpu,34,c_cublas,3,0.10752,0.10547,0.10752,0.03656,1410,1
ag,5120,10240,128,gpu,34,c_fluxgemm,0,0.11776,0.11674,0.11776,0.03352,1410,1
ag,5120,10240,128,gpu,34,c_flux_ag,1,0.07510,0.07142,0.07347,0.05620,1410,1
ag,5120,10240,128,gpu,34,A_fused,2,0.19763,0.19251,0.19763,0.06634,1410,1
ag,5120,10240,128,gpu,35,c_cublas,3,0.10650,0.10342,0.10650,0.03603,1410,1
ag,5120,10240,128,gpu,35,c_fluxgemm,1,0.11878,0.11776,0.11878,0.04133,1410,1
ag,5120,10240,128,gpu,35,c_flux_ag,0,0.07219,0.06877,0.07219,0.04983,1410,1
ag,5120,10240,128,gpu,35,A_fused,2,0.18637,0.17203,0.17203,0.06671,1410,1
ag,5120,10240,128,gpu,36,c_cublas,0,0.10650,0.10547,0.10547,0.03298,1410,1
ag,5120,10240,128,gpu,36,c_fluxgemm,1,0.11878,0.11674,0.11878,0.04469,1410,1
ag,5120,10240,128,gpu,36,c_flux_ag,3,0.09360,0.08566,0.08784,0.04578,1410,1
ag,5120,10240,128,gpu,36,A_fused,2,0.18637,0.17818,0.18637,0.06751,1410,1
ag,5120,10240,128,gpu,37,c_cublas,2,0.10752,0.10445,0.10752,0.03817,1410,1
ag,5120,10240,128,gpu,37,c_fluxgemm,1,0.11776,0.11571,0.11571,0.04213,1410,1
ag,5120,10240,128,gpu,37,c_flux_ag,0,0.08208,0.07274,0.08208,0.05056,1410,1
ag,5120,10240,128,gpu,37,A_fused,3,0.18330,0.18022,0.18227,0.07173,1410,1
ag,5120,10240,128,gpu,38,c_cublas,2,0.10752,0.10547,0.10752,0.03691,1410,1
ag,5120,10240,128,gpu,38,c_fluxgemm,3,0.11981,0.11776,0.11776,0.03711,1410,1
ag,5120,10240,128,gpu,38,c_flux_ag,1,0.06838,0.06394,0.06838,0.04585,1410,1
ag,5120,10240,128,gpu,38,A_fused,0,0.19149,0.17920,0.17920,0.06624,1410,1
ag,5120,10240,128,gpu,39,c_cublas,3,0.10650,0.10445,0.10650,0.03933,1410,1
ag,5120,10240,128,gpu,39,c_fluxgemm,2,0.12186,0.11776,0.11878,0.03870,1410,1
ag,5120,10240,128,gpu,39,c_flux_ag,1,0.06822,0.06234,0.06650,0.04671,1410,1
ag,5120,10240,128,gpu,39,A_fused,0,0.20480,0.18944,0.20173,0.07110,1410,1
ag,5120,10240,128,gpu,40,c_cublas,3,0.10650,0.10445,0.10547,0.03745,1410,1
ag,5120,10240,128,gpu,40,c_fluxgemm,0,0.11878,0.11776,0.11878,0.03837,1410,1
ag,5120,10240,128,gpu,40,c_flux_ag,2,0.63389,0.09453,0.63389,0.05044,1410,1
ag,5120,10240,128,gpu,40,A_fused,1,0.18739,0.18330,0.18739,0.07145,1410,1
ag,5120,10240,128,gpu,41,c_cublas,1,0.10752,0.10445,0.10547,0.03594,1410,1
ag,5120,10240,128,gpu,41,c_fluxgemm,0,0.11878,0.11674,0.11776,0.03816,1410,1
ag,5120,10240,128,gpu,41,c_flux_ag,2,0.08163,0.07363,0.07734,0.05159,1410,1
ag,5120,10240,128,gpu,41,A_fused,3,0.19558,0.18125,0.18125,0.06601,1410,1
ag,5120,10240,128,gpu,42,c_cublas,1,0.10752,0.10240,0.10650,0.03706,1410,1
ag,5120,10240,128,gpu,42,c_fluxgemm,2,0.12186,0.11674,0.11776,0.03813,1410,1
ag,5120,10240,128,gpu,42,c_flux_ag,0,0.07901,0.07171,0.07629,0.04860,1410,1
ag,5120,10240,128,gpu,42,A_fused,3,0.18637,0.17818,0.18022,0.06849,1410,1
ag,5120,10240,128,gpu,43,c_cublas,2,0.10650,0.10342,0.10650,0.03632,1410,1
ag,5120,10240,128,gpu,43,c_fluxgemm,0,0.14541,0.11776,0.14541,0.03951,1410,1
ag,5120,10240,128,gpu,43,c_flux_ag,3,0.09165,0.08682,0.09165,0.04996,1410,1
ag,5120,10240,128,gpu,43,A_fused,1,0.19046,0.17613,0.17613,0.06684,1410,1
ag,5120,10240,128,gpu,44,c_cublas,3,0.10650,0.10445,0.10650,0.03687,1410,1
ag,5120,10240,128,gpu,44,c_fluxgemm,2,0.11878,0.11674,0.11776,0.03538,1410,1
ag,5120,10240,128,gpu,44,c_flux_ag,0,0.07901,0.07235,0.07827,0.04663,1410,1
ag,5120,10240,128,gpu,44,A_fused,1,0.16896,0.16589,0.16896,0.06585,1410,1
ag,5120,10240,128,gpu,45,c_cublas,3,0.10854,0.10445,0.10854,0.03617,1410,1
ag,5120,10240,128,gpu,45,c_fluxgemm,1,0.11878,0.11571,0.11878,0.03662,1410,1
ag,5120,10240,128,gpu,45,c_flux_ag,0,0.08883,0.07926,0.08714,0.05033,1410,1
ag,5120,10240,128,gpu,45,A_fused,2,0.19251,0.18432,0.18944,0.06758,1410,1
ag,5120,10240,128,gpu,46,c_cublas,3,0.10854,0.10752,0.10752,0.03672,1410,1
ag,5120,10240,128,gpu,46,c_fluxgemm,0,0.11981,0.11776,0.11981,0.03776,1410,1
ag,5120,10240,128,gpu,46,c_flux_ag,2,0.08042,0.07373,0.07434,0.04684,1410,1
ag,5120,10240,128,gpu,46,A_fused,1,0.18637,0.17818,0.17920,0.06767,1410,1
ag,5120,10240,128,gpu,47,c_cublas,1,0.10650,0.10445,0.10650,0.03550,1410,1
ag,5120,10240,128,gpu,47,c_fluxgemm,3,0.11776,0.11674,0.11674,0.03648,1410,1
ag,5120,10240,128,gpu,47,c_flux_ag,2,0.09104,0.07443,0.08429,0.05040,1410,1
ag,5120,10240,128,gpu,47,A_fused,0,0.18637,0.17715,0.17715,0.07040,1410,1
ag,5120,10240,128,gpu,48,c_cublas,1,0.10650,0.10445,0.10650,0.03671,1410,1
ag,5120,10240,128,gpu,48,c_fluxgemm,0,0.11981,0.11674,0.11674,0.03404,1410,1
ag,5120,10240,128,gpu,48,c_flux_ag,2,0.08246,0.07629,0.07690,0.04989,1410,1
ag,5120,10240,128,gpu,48,A_fused,3,0.19558,0.19046,0.19046,0.06625,1410,1
ag,5120,10240,128,gpu,49,c_cublas,3,0.10650,0.10547,0.10650,0.03646,1410,1
ag,5120,10240,128,gpu,49,c_fluxgemm,2,0.12083,0.11674,0.11674,0.03750,1410,1
ag,5120,10240,128,gpu,49,c_flux_ag,0,0.09936,0.08762,0.09936,0.05045,1410,1
ag,5120,10240,128,gpu,49,A_fused,1,0.18227,0.17408,0.17613,0.06758,1410,1
ag,5120,10240,128,gpu,50,c_cublas,2,0.10752,0.10445,0.10752,0.03640,1410,1
ag,5120,10240,128,gpu,50,c_fluxgemm,1,0.11878,0.11571,0.11776,0.03757,1410,1
ag,5120,10240,128,gpu,50,c_flux_ag,0,0.07421,0.07338,0.07360,0.05663,1410,1
ag,5120,10240,128,gpu,50,A_fused,3,0.19763,0.19046,0.19558,0.07061,1410,1
ag,5120,10240,128,gpu,51,c_cublas,2,0.10752,0.10445,0.10752,0.03688,1410,1
ag,5120,10240,128,gpu,51,c_fluxgemm,1,0.12186,0.11776,0.11776,0.03664,1410,1
ag,5120,10240,128,gpu,51,c_flux_ag,0,0.08403,0.07059,0.07610,0.04911,1410,1
ag,5120,10240,128,gpu,51,A_fused,3,0.19456,0.18125,0.19456,0.07043,1410,1
ag,5120,10240,128,gpu,52,c_cublas,1,0.10650,0.10547,0.10650,0.03764,1410,1
ag,5120,10240,128,gpu,52,c_fluxgemm,0,0.11776,0.11674,0.11776,0.03845,1410,1
ag,5120,10240,128,gpu,52,c_flux_ag,2,0.07926,0.07424,0.07526,0.05099,1410,1
ag,5120,10240,128,gpu,52,A_fused,3,0.18330,0.17408,0.17408,0.06777,1410,1
ag,5120,10240,128,gpu,53,c_cublas,0,0.13722,0.10547,0.10752,0.04360,1410,1
ag,5120,10240,128,gpu,53,c_fluxgemm,3,0.11981,0.11776,0.11776,0.04455,1410,1
ag,5120,10240,128,gpu,53,c_flux_ag,2,0.07402,0.06717,0.07402,0.05950,1410,1
ag,5120,10240,128,gpu,53,A_fused,1,0.19046,0.18022,0.18227,0.08458,1410,1
ag,5120,10240,128,gpu,54,c_cublas,1,0.10650,0.10547,0.10547,0.03755,1410,1
ag,5120,10240,128,gpu,54,c_fluxgemm,3,0.11981,0.11776,0.11981,0.03735,1410,1
ag,5120,10240,128,gpu,54,c_flux_ag,2,0.07565,0.06906,0.06906,0.05089,1410,1
ag,5120,10240,128,gpu,54,A_fused,0,0.20378,0.19149,0.20378,0.06864,1410,1
ag,5120,10240,128,gpu,55,c_cublas,2,0.10650,0.10342,0.10547,0.03829,1410,1
ag,5120,10240,128,gpu,55,c_fluxgemm,1,0.11776,0.11571,0.11674,0.03408,1410,1
ag,5120,10240,128,gpu,55,c_flux_ag,3,0.09869,0.08365,0.09715,0.05141,1410,1
ag,5120,10240,128,gpu,55,A_fused,0,0.19251,0.17715,0.17715,0.06905,1410,1
ag,5120,10240,128,gpu,56,c_cublas,2,0.10650,0.10547,0.10547,0.03723,1410,1
ag,5120,10240,128,gpu,56,c_fluxgemm,3,0.11981,0.11674,0.11776,0.03751,1410,1
ag,5120,10240,128,gpu,56,c_flux_ag,1,0.06762,0.06301,0.06634,0.04500,1410,1
ag,5120,10240,128,gpu,56,A_fused,0,0.17408,0.16998,0.17306,0.06968,1410,1
ag,5120,10240,128,gpu,57,c_cublas,3,0.10650,0.10445,0.10650,0.03638,1410,1
ag,5120,10240,128,gpu,57,c_fluxgemm,0,0.11776,0.11674,0.11674,0.03744,1410,1
ag,5120,10240,128,gpu,57,c_flux_ag,1,0.07875,0.06867,0.07699,0.04969,1410,1
ag,5120,10240,128,gpu,57,A_fused,2,0.19456,0.18432,0.19456,0.06623,1410,1
ag,5120,10240,128,gpu,58,c_cublas,1,0.10547,0.10342,0.10547,0.03642,1410,1
ag,5120,10240,128,gpu,58,c_fluxgemm,3,0.11878,0.11776,0.11776,0.03754,1410,1
ag,5120,10240,128,gpu,58,c_flux_ag,2,0.08067,0.07078,0.07142,0.04968,1410,1
ag,5120,10240,128,gpu,58,A_fused,0,0.17408,0.16691,0.16794,0.07005,1410,1
ag,5120,10240,128,gpu,59,c_cublas,2,0.10650,0.10445,0.10650,0.03664,1410,1
ag,5120,10240,128,gpu,59,c_fluxgemm,3,0.11878,0.11674,0.11776,0.03741,1410,1
ag,5120,10240,128,gpu,59,c_flux_ag,0,0.08070,0.06582,0.07203,0.04857,1410,1
ag,5120,10240,128,gpu,59,A_fused,1,0.20480,0.18432,0.20480,0.06557,1410,1
ag,5120,10240,128,gpu,60,c_cublas,1,0.10650,0.10342,0.10650,0.03908,1410,1
ag,5120,10240,128,gpu,60,c_fluxgemm,3,0.12083,0.11674,0.11674,0.03677,1410,1
ag,5120,10240,128,gpu,60,c_flux_ag,2,0.08506,0.06746,0.06749,0.05046,1410,1
ag,5120,10240,128,gpu,60,A_fused,0,0.19456,0.18330,0.19456,0.07053,1410,1
ag,5120,10240,128,gpu,61,c_cublas,0,0.10752,0.10445,0.10752,0.03709,1410,1
ag,5120,10240,128,gpu,61,c_fluxgemm,1,0.12083,0.11674,0.11776,0.03733,1410,1
ag,5120,10240,128,gpu,61,c_flux_ag,3,0.08758,0.08026,0.08595,0.04492,1410,1
ag,5120,10240,128,gpu,61,A_fused,2,0.19866,0.18842,0.18944,0.06899,1410,1
ag,5120,10240,128,gpu,62,c_cublas,3,0.10854,0.10650,0.10650,0.03671,1410,1
ag,5120,10240,128,gpu,62,c_fluxgemm,2,0.11981,0.11674,0.11878,0.03614,1410,1
ag,5120,10240,128,gpu,62,c_flux_ag,1,0.07674,0.06768,0.07072,0.04474,1410,1
ag,5120,10240,128,gpu,62,A_fused,0,0.18227,0.17203,0.18227,0.06734,1410,1
ag,5120,10240,128,gpu,63,c_cublas,1,0.10752,0.10650,0.10752,0.03684,1410,1
ag,5120,10240,128,gpu,63,c_fluxgemm,3,0.11981,0.11571,0.11674,0.03516,1410,1
ag,5120,10240,128,gpu,63,c_flux_ag,0,0.08710,0.07725,0.08416,0.05084,1410,1
ag,5120,10240,128,gpu,63,A_fused,2,0.18125,0.17715,0.18022,0.07013,1410,1
ag,5120,10240,128,gpu,64,c_cublas,3,0.10650,0.10240,0.10650,0.03728,1410,1
ag,5120,10240,128,gpu,64,c_fluxgemm,0,0.11878,0.11571,0.11571,0.03340,1410,1
ag,5120,10240,128,gpu,64,c_flux_ag,2,0.09965,0.08797,0.08797,0.04589,1410,1
ag,5120,10240,128,gpu,64,A_fused,1,0.17920,0.17613,0.17613,0.06736,1410,1
ag,5120,10240,128,gpu,65,c_cublas,1,0.10650,0.10240,0.10650,0.03578,1410,1
ag,5120,10240,128,gpu,65,c_fluxgemm,0,0.12083,0.11571,0.11878,0.03793,1410,1
ag,5120,10240,128,gpu,65,c_flux_ag,2,0.08832,0.07792,0.08035,0.05052,1410,1
ag,5120,10240,128,gpu,65,A_fused,3,0.19251,0.17203,0.18125,0.06614,1410,1
ag,5120,10240,128,gpu,66,c_cublas,0,0.10957,0.10650,0.10957,0.03726,1410,1
ag,5120,10240,128,gpu,66,c_fluxgemm,3,0.11981,0.11776,0.11776,0.03792,1410,1
ag,5120,10240,128,gpu,66,c_flux_ag,1,0.07344,0.06480,0.06723,0.05089,1410,1
ag,5120,10240,128,gpu,66,A_fused,2,0.17613,0.16589,0.16691,0.06581,1410,1
ag,5120,10240,128,gpu,67,c_cublas,2,0.10650,0.10445,0.10650,0.03638,1410,1
ag,5120,10240,128,gpu,67,c_fluxgemm,3,0.11981,0.11571,0.11571,0.03703,1410,1
ag,5120,10240,128,gpu,67,c_flux_ag,0,0.09664,0.08781,0.08781,0.05050,1410,1
ag,5120,10240,128,gpu,67,A_fused,1,0.19149,0.18227,0.18227,0.06525,1410,1
ag,5120,10240,128,gpu,68,c_cublas,0,0.10752,0.10445,0.10752,0.03667,1410,1
ag,5120,10240,128,gpu,68,c_fluxgemm,1,0.11878,0.11571,0.11674,0.03698,1410,1
ag,5120,10240,128,gpu,68,c_flux_ag,2,0.08285,0.08099,0.08285,0.04992,1410,1
ag,5120,10240,128,gpu,68,A_fused,3,0.18534,0.18227,0.18227,0.06556,1410,1
ag,5120,10240,128,gpu,69,c_cublas,3,0.10752,0.10445,0.10547,0.03602,1410,1
ag,5120,10240,128,gpu,69,c_fluxgemm,1,0.12083,0.11674,0.11674,0.03687,1410,1
ag,5120,10240,128,gpu,69,c_flux_ag,0,0.06867,0.06102,0.06102,0.04857,1410,1
ag,5120,10240,128,gpu,69,A_fused,2,0.19558,0.18842,0.19456,0.06655,1410,1
ag,5120,10240,128,gpu,70,c_cublas,3,0.10752,0.10650,0.10650,0.03640,1410,1
ag,5120,10240,128,gpu,70,c_fluxgemm,0,0.11878,0.11776,0.11776,0.03855,1410,1
ag,5120,10240,128,gpu,70,c_flux_ag,2,0.08928,0.07958,0.07958,0.04544,1410,1
ag,5120,10240,128,gpu,70,A_fused,1,0.19763,0.18842,0.19251,0.06805,1410,1
ag,5120,10240,128,gpu,71,c_cublas,1,0.10752,0.10547,0.10752,0.03657,1410,1
ag,5120,10240,128,gpu,71,c_fluxgemm,0,0.11981,0.11674,0.11878,0.03816,1410,1
ag,5120,10240,128,gpu,71,c_flux_ag,3,0.07264,0.06624,0.07152,0.04558,1410,1
ag,5120,10240,128,gpu,71,A_fused,2,0.18739,0.18022,0.18022,0.07026,1410,1
ag,5120,10240,128,gpu,72,c_cublas,1,0.10752,0.10547,0.10650,0.03699,1410,1
ag,5120,10240,128,gpu,72,c_fluxgemm,2,0.11878,0.11571,0.11674,0.03705,1410,1
ag,5120,10240,128,gpu,72,c_flux_ag,0,0.07021,0.06320,0.06320,0.04698,1410,1
ag,5120,10240,128,gpu,72,A_fused,3,0.20582,0.19558,0.19558,0.06825,1410,1
ag,5120,10240,128,gpu,73,c_cublas,2,0.10752,0.10445,0.10752,0.03658,1410,1
ag,5120,10240,128,gpu,73,c_fluxgemm,1,0.11674,0.11674,0.11674,0.03421,1410,1
ag,5120,10240,128,gpu,73,c_flux_ag,3,0.08813,0.07834,0.08813,0.05054,1410,1
ag,5120,10240,128,gpu,73,A_fused,0,0.18227,0.17203,0.17408,0.06667,1410,1
ag,5120,10240,128,gpu,74,c_cublas,0,0.10854,0.10445,0.10752,0.03686,1410,1
ag,5120,10240,128,gpu,74,c_fluxgemm,2,0.11981,0.11776,0.11981,0.03706,1410,1
ag,5120,10240,128,gpu,74,c_flux_ag,1,0.07821,0.07315,0.07821,0.05121,1410,1
ag,5120,10240,128,gpu,74,A_fused,3,0.18534,0.17920,0.18022,0.06709,1410,1
ag,5120,10240,128,gpu,75,c_cublas,2,0.10752,0.10650,0.10650,0.03648,1410,1
ag,5120,10240,128,gpu,75,c_fluxgemm,0,0.11981,0.11776,0.11776,0.03579,1410,1
ag,5120,10240,128,gpu,75,c_flux_ag,3,0.09210,0.08598,0.09174,0.05196,1410,1
ag,5120,10240,128,gpu,75,A_fused,1,0.17613,0.17408,0.17510,0.06656,1410,1
ag,5120,10240,128,gpu,76,c_cublas,2,0.10752,0.10240,0.10650,0.03739,1410,1
ag,5120,10240,128,gpu,76,c_fluxgemm,0,0.11878,0.11674,0.11674,0.03829,1410,1
ag,5120,10240,128,gpu,76,c_flux_ag,1,0.08474,0.07232,0.08474,0.04911,1410,1
ag,5120,10240,128,gpu,76,A_fused,3,0.19661,0.18534,0.19661,0.07790,1410,1
ag,5120,10240,128,gpu,77,c_cublas,1,0.10854,0.10547,0.10854,0.03615,1410,1
ag,5120,10240,128,gpu,77,c_fluxgemm,3,0.11981,0.11776,0.11981,0.04235,1410,1
ag,5120,10240,128,gpu,77,c_flux_ag,2,0.06685,0.06029,0.06029,0.04942,1410,1
ag,5120,10240,128,gpu,77,A_fused,0,0.19866,0.18432,0.19251,0.06696,1410,1
ag,5120,10240,128,gpu,78,c_cublas,3,0.10854,0.10445,0.10752,0.04369,1410,1
ag,5120,10240,128,gpu,78,c_fluxgemm,2,0.11878,0.11776,0.11878,0.03491,1410,1
ag,5120,10240,128,gpu,78,c_flux_ag,0,0.09331,0.07638,0.07638,0.04914,1410,1
ag,5120,10240,128,gpu,78,A_fused,1,0.19354,0.18330,0.19046,0.06679,1410,1
ag,5120,10240,128,gpu,79,c_cublas,2,0.10650,0.10342,0.10650,0.03631,1410,1
ag,5120,10240,128,gpu,79,c_fluxgemm,3,0.11878,0.11674,0.11878,0.03742,1410,1
ag,5120,10240,128,gpu,79,c_flux_ag,1,0.07338,0.06979,0.07338,0.04569,1410,1
ag,5120,10240,128,gpu,79,A_fused,0,0.18739,0.18125,0.18739,0.07200,1410,1
ag,5120,10240,128,gpu,80,c_cublas,2,0.10752,0.10547,0.10752,0.03616,1410,1
ag,5120,10240,128,gpu,80,c_fluxgemm,0,0.11878,0.11571,0.11674,0.03412,1410,1
ag,5120,10240,128,gpu,80,c_flux_ag,3,0.08854,0.07152,0.08541,0.04943,1410,1
ag,5120,10240,128,gpu,80,A_fused,1,0.18739,0.17408,0.17408,0.06802,1410,1
ag,5120,10240,128,gpu,81,c_cublas,0,0.10650,0.10445,0.10650,0.03687,1410,1
ag,5120,10240,128,gpu,81,c_fluxgemm,3,0.11981,0.11776,0.11878,0.03637,1410,1
ag,5120,10240,128,gpu,81,c_flux_ag,2,0.07584,0.07251,0.07584,0.04546,1410,1
ag,5120,10240,128,gpu,81,A_fused,1,0.20173,0.18534,0.19763,0.07002,1410,1
ag,5120,10240,128,gpu,82,c_cublas,0,0.10854,0.10650,0.10854,0.03706,1410,1
ag,5120,10240,128,gpu,82,c_fluxgemm,3,0.11981,0.11776,0.11776,0.03559,1410,1
ag,5120,10240,128,gpu,82,c_flux_ag,2,0.08131,0.07235,0.07600,0.04600,1410,1
ag,5120,10240,128,gpu,82,A_fused,1,0.19456,0.17818,0.18637,0.06935,1410,1
ag,5120,10240,128,gpu,83,c_cublas,0,0.10650,0.10342,0.10547,0.03700,1410,1
ag,5120,10240,128,gpu,83,c_fluxgemm,2,0.12083,0.11776,0.11878,0.03672,1410,1
ag,5120,10240,128,gpu,83,c_flux_ag,1,0.08816,0.08029,0.08515,0.05028,1410,1
ag,5120,10240,128,gpu,83,A_fused,3,0.19149,0.18534,0.19149,0.06690,1410,1
ag,5120,10240,128,gpu,84,c_cublas,2,0.10650,0.10445,0.10650,0.04739,1410,1
ag,5120,10240,128,gpu,84,c_fluxgemm,3,0.12083,0.11674,0.11674,0.03624,1410,1
ag,5120,10240,128,gpu,84,c_flux_ag,1,0.07958,0.07245,0.07958,0.04426,1410,1
ag,5120,10240,128,gpu,84,A_fused,0,0.17715,0.17306,0.17510,0.06736,1410,1
ag,5120,10240,128,gpu,85,c_cublas,2,0.10752,0.10547,0.10650,0.05799,1410,1
ag,5120,10240,128,gpu,85,c_fluxgemm,3,0.11981,0.11776,0.11878,0.03821,1410,1
ag,5120,10240,128,gpu,85,c_flux_ag,1,0.07843,0.07088,0.07280,0.04801,1410,1
ag,5120,10240,128,gpu,85,A_fused,0,0.17510,0.17101,0.17510,0.06898,1410,1
ag,5120,10240,128,gpu,86,c_cublas,0,0.10854,0.10650,0.10752,0.03659,1410,1
ag,5120,10240,128,gpu,86,c_fluxgemm,3,0.11878,0.11674,0.11776,0.03580,1410,1
ag,5120,10240,128,gpu,86,c_flux_ag,2,0.09254,0.08464,0.08701,0.05450,1410,1
ag,5120,10240,128,gpu,86,A_fused,1,0.18432,0.17715,0.17715,0.06999,1410,1
ag,5120,10240,128,gpu,87,c_cublas,3,0.10650,0.10445,0.10445,0.03637,1410,1
ag,5120,10240,128,gpu,87,c_fluxgemm,2,0.11981,0.11674,0.11776,0.03945,1410,1
ag,5120,10240,128,gpu,87,c_flux_ag,0,0.07498,0.07376,0.07440,0.04938,1410,1
ag,5120,10240,128,gpu,87,A_fused,1,0.18534,0.17306,0.17306,0.06583,1410,1
ag,5120,10240,128,gpu,88,c_cublas,1,0.10650,0.10445,0.10650,0.03609,1410,1
ag,5120,10240,128,gpu,88,c_fluxgemm,2,0.11981,0.11674,0.11674,0.04661,1410,1
ag,5120,10240,128,gpu,88,c_flux_ag,0,0.09219,0.07958,0.08688,0.05069,1410,1
ag,5120,10240,128,gpu,88,A_fused,3,0.19456,0.18637,0.19149,0.06777,1410,1
ag,5120,10240,128,gpu,89,c_cublas,3,0.10650,0.10445,0.10650,0.03743,1410,1
ag,5120,10240,128,gpu,89,c_fluxgemm,0,0.11878,0.11674,0.11878,0.03732,1410,1
ag,5120,10240,128,gpu,89,c_flux_ag,2,0.08352,0.07808,0.08352,0.04740,1410,1
ag,5120,10240,128,gpu,89,A_fused,1,0.19149,0.18432,0.19149,0.06750,1410,1
ag,5120,10240,128,gpu,90,c_cublas,2,0.10752,0.10650,0.10752,0.03702,1410,1
ag,5120,10240,128,gpu,90,c_fluxgemm,3,0.11878,0.11878,0.11878,0.03752,1410,1
ag,5120,10240,128,gpu,90,c_flux_ag,1,0.07443,0.06813,0.07443,0.04698,1410,1
ag,5120,10240,128,gpu,90,A_fused,0,0.62157,0.19251,0.61850,0.07080,1410,1
ag,5120,10240,128,gpu,91,c_cublas,0,0.10650,0.10547,0.10547,0.03686,1410,1
ag,5120,10240,128,gpu,91,c_fluxgemm,1,0.11878,0.11571,0.11878,0.03725,1410,1
ag,5120,10240,128,gpu,91,c_flux_ag,3,0.07898,0.06845,0.07898,0.04504,1410,1
ag,5120,10240,128,gpu,91,A_fused,2,0.20378,0.19046,0.19046,0.06807,1410,1
ag,5120,10240,128,gpu,92,c_cublas,1,0.10650,0.10547,0.10650,0.03649,1410,1
ag,5120,10240,128,gpu,92,c_fluxgemm,0,0.11776,0.11571,0.11674,0.03700,1410,1
ag,5120,10240,128,gpu,92,c_flux_ag,3,0.19542,0.08246,0.08246,0.04674,1410,1
ag,5120,10240,128,gpu,92,A_fused,2,0.18022,0.17715,0.17920,0.07185,1410,1
ag,5120,10240,128,gpu,93,c_cublas,3,0.10650,0.10547,0.10650,0.03669,1410,1
ag,5120,10240,128,gpu,93,c_fluxgemm,2,0.11776,0.11674,0.11776,0.03645,1410,1
ag,5120,10240,128,gpu,93,c_flux_ag,1,0.06528,0.06099,0.06262,0.04548,1410,1
ag,5120,10240,128,gpu,93,A_fused,0,0.19354,0.18432,0.18739,0.06759,1410,1
ag,5120,10240,128,gpu,94,c_cublas,0,0.10752,0.10445,0.10752,0.03408,1410,1
ag,5120,10240,128,gpu,94,c_fluxgemm,2,0.11878,0.11776,0.11776,0.03699,1410,1
ag,5120,10240,128,gpu,94,c_flux_ag,1,0.09363,0.08016,0.08016,0.05105,1410,1
ag,5120,10240,128,gpu,94,A_fused,3,0.18330,0.17510,0.18022,0.06624,1410,1
ag,5120,10240,128,gpu,95,c_cublas,1,0.10752,0.10547,0.10752,0.03679,1410,1
ag,5120,10240,128,gpu,95,c_fluxgemm,0,0.11878,0.11776,0.11878,0.03598,1410,1
ag,5120,10240,128,gpu,95,c_flux_ag,3,0.07229,0.06557,0.07158,0.04602,1410,1
ag,5120,10240,128,gpu,95,A_fused,2,0.18944,0.17613,0.18022,0.06853,1410,1
ag,5120,10240,128,gpu,96,c_cublas,1,0.10752,0.10547,0.10752,0.03732,1410,1
ag,5120,10240,128,gpu,96,c_fluxgemm,2,0.11776,0.11674,0.11776,0.03769,1410,1
ag,5120,10240,128,gpu,96,c_flux_ag,0,0.07882,0.06477,0.07008,0.04765,1410,1
ag,5120,10240,128,gpu,96,A_fused,3,0.19763,0.19456,0.19661,0.06714,1410,1
ag,5120,10240,128,gpu,97,c_cublas,2,0.10650,0.10445,0.10547,0.03759,1410,1
ag,5120,10240,128,gpu,97,c_fluxgemm,3,0.11878,0.11776,0.11776,0.04465,1410,1
ag,5120,10240,128,gpu,97,c_flux_ag,0,0.07802,0.07030,0.07802,0.04811,1410,1
ag,5120,10240,128,gpu,97,A_fused,1,0.16998,0.16589,0.16896,0.06424,1410,1
ag,5120,10240,128,gpu,98,c_cublas,0,0.10752,0.10650,0.10752,0.03660,1410,1
ag,5120,10240,128,gpu,98,c_fluxgemm,2,0.11878,0.11674,0.11878,0.03631,1410,1
ag,5120,10240,128,gpu,98,c_flux_ag,1,0.09651,0.08627,0.08627,0.05054,1410,1
ag,5120,10240,128,gpu,98,A_fused,3,0.17613,0.17101,0.17613,0.06555,1410,1
ag,5120,10240,128,gpu,99,c_cublas,0,0.10752,0.10342,0.10547,0.03713,1410,1
ag,5120,10240,128,gpu,99,c_fluxgemm,2,0.11776,0.11674,0.11674,0.03508,1410,1
ag,5120,10240,128,gpu,99,c_flux_ag,3,0.09331,0.08992,0.08992,0.04712,1410,1
ag,5120,10240,128,gpu,99,A_fused,1,0.17613,0.16998,0.17613,0.06930,1410,1
ag,5120,10240,128,gpu,100,c_cublas,1,0.10752,0.10240,0.10752,0.03638,1410,1
ag,5120,10240,128,gpu,100,c_fluxgemm,2,0.12186,0.11878,0.12083,0.03794,1410,1
ag,5120,10240,128,gpu,100,c_flux_ag,3,0.08186,0.07190,0.07446,0.04938,1410,1
ag,5120,10240,128,gpu,100,A_fused,0,0.19149,0.18432,0.18432,0.06776,1410,1
ag,5120,10240,128,gpu,101,c_cublas,3,0.10752,0.10445,0.10445,0.03720,1410,1
ag,5120,10240,128,gpu,101,c_fluxgemm,0,0.11878,0.11674,0.11878,0.03670,1410,1
ag,5120,10240,128,gpu,101,c_flux_ag,1,0.07555,0.06630,0.07114,0.04854,1410,1
ag,5120,10240,128,gpu,101,A_fused,2,0.18739,0.17510,0.17510,0.06609,1410,1
ag,5120,10240,128,gpu,102,c_cublas,2,0.10650,0.10342,0.10650,0.03706,1410,1
ag,5120,10240,128,gpu,102,c_fluxgemm,1,0.11981,0.11776,0.11776,0.03758,1410,1
ag,5120,10240,128,gpu,102,c_flux_ag,0,0.09130,0.07949,0.09130,0.05135,1410,1
ag,5120,10240,128,gpu,102,A_fused,3,0.18637,0.17613,0.18330,0.06880,1410,1
ag,5120,10240,128,gpu,103,c_cublas,0,0.13619,0.10547,0.10752,0.04829,1410,1
ag,5120,10240,128,gpu,103,c_fluxgemm,3,0.11776,0.11674,0.11674,0.03711,1410,1
ag,5120,10240,128,gpu,103,c_flux_ag,2,0.08768,0.07658,0.08768,0.04709,1410,1
ag,5120,10240,128,gpu,103,A_fused,1,0.18227,0.17613,0.18125,0.08435,1410,1
ag,5120,10240,128,gpu,104,c_cublas,0,0.10650,0.10547,0.10650,0.03751,1410,1
ag,5120,10240,128,gpu,104,c_fluxgemm,2,0.11981,0.11878,0.11878,0.03567,1410,1
ag,5120,10240,128,gpu,104,c_flux_ag,3,0.07162,0.06874,0.06902,0.04942,1410,1
ag,5120,10240,128,gpu,104,A_fused,1,0.18227,0.17203,0.18227,0.07126,1410,1
ag,5120,10240,128,gpu,105,c_cublas,0,0.10752,0.10342,0.10752,0.03782,1410,1
ag,5120,10240,128,gpu,105,c_fluxgemm,2,0.11776,0.11571,0.11674,0.03710,1410,1
ag,5120,10240,128,gpu,105,c_flux_ag,1,0.10208,0.08874,0.09130,0.05066,1410,1
ag,5120,10240,128,gpu,105,A_fused,3,0.18227,0.18022,0.18022,0.07460,1410,1
ag,5120,10240,128,gpu,106,c_cublas,2,0.10752,0.10547,0.10752,0.03778,1410,1
ag,5120,10240,128,gpu,106,c_fluxgemm,3,0.11981,0.11776,0.11981,0.04272,1410,1
ag,5120,10240,128,gpu,106,c_flux_ag,1,0.07117,0.06362,0.07117,0.04892,1410,1
ag,5120,10240,128,gpu,106,A_fused,0,0.18432,0.16998,0.17715,0.06646,1410,1
ag,5120,10240,128,gpu,107,c_cublas,2,0.10650,0.10445,0.10547,0.07812,1410,1
ag,5120,10240,128,gpu,107,c_fluxgemm,0,0.12083,0.11776,0.11878,0.03379,1410,1
ag,5120,10240,128,gpu,107,c_flux_ag,3,0.08774,0.07414,0.08026,0.05862,1410,1
ag,5120,10240,128,gpu,107,A_fused,1,0.18944,0.18432,0.18739,0.06963,1410,1
ag,5120,10240,128,gpu,108,c_cublas,2,0.10752,0.10445,0.10752,0.03735,1410,1
ag,5120,10240,128,gpu,108,c_fluxgemm,3,0.11878,0.11674,0.11674,0.04315,1410,1
ag,5120,10240,128,gpu,108,c_flux_ag,1,0.07398,0.07299,0.07398,0.04580,1410,1
ag,5120,10240,128,gpu,108,A_fused,0,0.19661,0.18432,0.19661,0.07059,1410,1
ag,5120,10240,128,gpu,109,c_cublas,1,0.10752,0.10650,0.10650,0.03707,1410,1
ag,5120,10240,128,gpu,109,c_fluxgemm,3,0.11981,0.11776,0.11878,0.03823,1410,1
ag,5120,10240,128,gpu,109,c_flux_ag,2,0.08362,0.06845,0.08362,0.05129,1410,1
ag,5120,10240,128,gpu,109,A_fused,0,0.19149,0.18227,0.19149,0.06919,1410,1
ag,5120,10240,128,gpu,110,c_cublas,1,0.10752,0.10445,0.10752,0.03740,1410,1
ag,5120,10240,128,gpu,110,c_fluxgemm,2,0.11981,0.11776,0.11878,0.03736,1410,1
ag,5120,10240,128,gpu,110,c_flux_ag,0,0.07274,0.07024,0.07024,0.04980,1410,1
ag,5120,10240,128,gpu,110,A_fused,3,0.20890,0.19968,0.20378,0.06877,1410,1
ag,5120,10240,128,gpu,111,c_cublas,2,0.10752,0.10547,0.10752,0.04521,1410,1
ag,5120,10240,128,gpu,111,c_fluxgemm,0,0.11981,0.11776,0.11878,0.03594,1410,1
ag,5120,10240,128,gpu,111,c_flux_ag,3,0.08490,0.07155,0.08490,0.04927,1410,1
ag,5120,10240,128,gpu,111,A_fused,1,0.16998,0.16589,0.16896,0.06606,1410,1
ag,5120,10240,128,gpu,112,c_cublas,0,0.10547,0.10445,0.10547,0.03761,1410,1
ag,5120,10240,128,gpu,112,c_fluxgemm,1,0.11981,0.11571,0.11776,0.03840,1410,1
ag,5120,10240,128,gpu,112,c_flux_ag,2,0.09629,0.08755,0.08845,0.04847,1410,1
ag,5120,10240,128,gpu,112,A_fused,3,0.16896,0.16384,0.16896,0.06781,1410,1
ag,5120,10240,128,gpu,113,c_cublas,3,0.10650,0.10445,0.10547,0.03706,1410,1
ag,5120,10240,128,gpu,113,c_fluxgemm,1,0.11981,0.11674,0.11674,0.03699,1410,1
ag,5120,10240,128,gpu,113,c_flux_ag,0,0.08077,0.06483,0.06496,0.04731,1410,1
ag,5120,10240,128,gpu,113,A_fused,2,0.18739,0.17510,0.18637,0.07462,1410,1
ag,5120,10240,128,gpu,114,c_cublas,1,0.10752,0.10240,0.10752,0.03686,1410,1
ag,5120,10240,128,gpu,114,c_fluxgemm,2,0.12083,0.11776,0.11776,0.04520,1410,1
ag,5120,10240,128,gpu,114,c_flux_ag,0,0.08086,0.06813,0.07578,0.04983,1410,1
ag,5120,10240,128,gpu,114,A_fused,3,0.19558,0.18227,0.19558,0.06770,1410,1
ag,5120,10240,128,gpu,115,c_cublas,0,0.10650,0.10342,0.10650,0.03695,1410,1
ag,5120,10240,128,gpu,115,c_fluxgemm,3,0.11776,0.11571,0.11776,0.03489,1410,1
ag,5120,10240,128,gpu,115,c_flux_ag,1,0.08272,0.06976,0.07318,0.05036,1410,1
ag,5120,10240,128,gpu,115,A_fused,2,0.18330,0.17101,0.18330,0.07648,1410,1
ag,5120,10240,128,gpu,116,c_cublas,2,0.10650,0.10445,0.10650,0.04450,1410,1
ag,5120,10240,128,gpu,116,c_fluxgemm,0,0.11981,0.11776,0.11776,0.03389,1410,1
ag,5120,10240,128,gpu,116,c_flux_ag,1,0.09862,0.08963,0.09862,0.05086,1410,1
ag,5120,10240,128,gpu,116,A_fused,3,0.17715,0.17203,0.17306,0.07026,1410,1
ag,5120,10240,128,gpu,117,c_cublas,3,0.10650,0.10547,0.10547,0.03663,1410,1
ag,5120,10240,128,gpu,117,c_fluxgemm,2,0.11878,0.11674,0.11674,0.03546,1410,1
ag,5120,10240,128,gpu,117,c_flux_ag,0,0.07190,0.06829,0.07190,0.04777,1410,1
ag,5120,10240,128,gpu,117,A_fused,1,0.17306,0.16691,0.16998,0.06391,1410,1
ag,5120,10240,128,gpu,118,c_cublas,0,0.10752,0.10547,0.10752,0.03390,1410,1
ag,5120,10240,128,gpu,118,c_fluxgemm,1,0.11878,0.11776,0.11776,0.03729,1410,1
ag,5120,10240,128,gpu,118,c_flux_ag,3,0.08822,0.07050,0.08822,0.04604,1410,1
ag,5120,10240,128,gpu,118,A_fused,2,0.19968,0.19046,0.19046,0.07689,1410,1
ag,5120,10240,128,gpu,119,c_cublas,1,0.10752,0.10445,0.10752,0.07768,1410,1
ag,5120,10240,128,gpu,119,c_fluxgemm,2,0.11981,0.11878,0.11878,0.04415,1410,1
ag,5120,10240,128,gpu,119,c_flux_ag,0,0.08157,0.07446,0.07731,0.04649,1410,1
ag,5120,10240,128,gpu,119,A_fused,3,0.18842,0.18022,0.18022,0.06932,1410,1
ag,5120,10240,128,gpu,120,c_cublas,0,0.10650,0.10342,0.10650,0.03754,1410,1
ag,5120,10240,128,gpu,120,c_fluxgemm,1,0.11878,0.11674,0.11674,0.03782,1410,1
ag,5120,10240,128,gpu,120,c_flux_ag,3,0.07120,0.06486,0.06486,0.04636,1410,1
ag,5120,10240,128,gpu,120,A_fused,2,0.19149,0.17920,0.18739,0.07059,1410,1
ag,5120,10240,128,gpu,121,c_cublas,3,0.10650,0.10240,0.10650,0.03673,1410,1
ag,5120,10240,128,gpu,121,c_fluxgemm,2,0.11981,0.11571,0.11674,0.03565,1410,1
ag,5120,10240,128,gpu,121,c_flux_ag,0,0.09283,0.07389,0.08374,0.04591,1410,1
ag,5120,10240,128,gpu,121,A_fused,1,0.17408,0.16691,0.17101,0.06492,1410,1
ag,5120,10240,128,gpu,122,c_cublas,2,0.10547,0.10342,0.10445,0.03725,1410,1
ag,5120,10240,128,gpu,122,c_fluxgemm,0,0.12083,0.11878,0.11878,0.03781,1410,1
ag,5120,10240,128,gpu,122,c_flux_ag,3,0.08099,0.07187,0.07472,0.04936,1410,1
ag,5120,10240,128,gpu,122,A_fused,1,0.20173,0.19866,0.19866,0.06844,1410,1
ag,5120,10240,128,gpu,123,c_cublas,0,0.10752,0.10445,0.10650,0.03692,1410,1
ag,5120,10240,128,gpu,123,c_fluxgemm,2,0.11776,0.11571,0.11674,0.03556,1410,1
ag,5120,10240,128,gpu,123,c_flux_ag,3,0.09181,0.08400,0.09072,0.04841,1410,1
ag,5120,10240,128,gpu,123,A_fused,1,0.19046,0.18125,0.18330,0.06951,1410,1
ag,5120,10240,128,gpu,124,c_cublas,2,0.10752,0.10547,0.10752,0.03764,1410,1
ag,5120,10240,128,gpu,124,c_fluxgemm,3,0.11674,0.11674,0.11674,0.03718,1410,1
ag,5120,10240,128,gpu,124,c_flux_ag,1,0.07478,0.06611,0.07366,0.05313,1410,1
ag,5120,10240,128,gpu,124,A_fused,0,0.17920,0.17101,0.17613,0.06825,1410,1
ag,5120,10240,128,gpu,125,c_cublas,0,0.10752,0.10445,0.10752,0.03671,1410,1
ag,5120,10240,128,gpu,125,c_fluxgemm,3,0.11878,0.11674,0.11674,0.03585,1410,1
ag,5120,10240,128,gpu,125,c_flux_ag,2,0.08218,0.07405,0.08138,0.04777,1410,1
ag,5120,10240,128,gpu,125,A_fused,1,0.18842,0.18022,0.18227,0.07033,1410,1
ag,5120,10240,128,gpu,126,c_cublas,1,0.10752,0.10445,0.10752,0.03656,1410,1
ag,5120,10240,128,gpu,126,c_fluxgemm,0,0.12083,0.11674,0.11674,0.03422,1410,1
ag,5120,10240,128,gpu,126,c_flux_ag,3,0.07318,0.06931,0.07318,0.04500,1410,1
ag,5120,10240,128,gpu,126,A_fused,2,0.19046,0.18022,0.18944,0.07009,1410,1
ag,5120,10240,128,gpu,127,c_cublas,2,0.10854,0.10547,0.10854,0.03712,1410,1
ag,5120,10240,128,gpu,127,c_fluxgemm,1,0.11878,0.11776,0.11776,0.03694,1410,1
ag,5120,10240,128,gpu,127,c_flux_ag,0,0.08301,0.07402,0.07402,0.04612,1410,1
ag,5120,10240,128,gpu,127,A_fused,3,0.20480,0.19661,0.19866,0.07057,1410,1
ag,5120,10240,128,gpu,128,c_cublas,3,0.10650,0.10445,0.10650,0.03713,1410,1
ag,5120,10240,128,gpu,128,c_fluxgemm,2,0.11776,0.11674,0.11776,0.03752,1410,1
ag,5120,10240,128,gpu,128,c_flux_ag,0,0.08573,0.07034,0.07034,0.04963,1410,1
ag,5120,10240,128,gpu,128,A_fused,1,0.17408,0.16691,0.16691,0.07856,1410,1
ag,5120,10240,128,gpu,129,c_cublas,3,0.10650,0.10445,0.10650,0.03652,1410,1
ag,5120,10240,128,gpu,129,c_fluxgemm,1,0.11674,0.11571,0.11674,0.04420,1410,1
ag,5120,10240,128,gpu,129,c_flux_ag,0,0.08547,0.08445,0.08547,0.05059,1410,1
ag,5120,10240,128,gpu,129,A_fused,2,0.18637,0.18125,0.18227,0.06794,1410,1
ag,5120,10240,128,gpu,130,c_cublas,0,0.10957,0.10752,0.10957,0.03302,1410,1
ag,5120,10240,128,gpu,130,c_fluxgemm,3,0.11776,0.11776,0.11776,0.03562,1410,1
ag,5120,10240,128,gpu,130,c_flux_ag,2,0.07200,0.06454,0.07200,0.04664,1410,1
ag,5120,10240,128,gpu,130,A_fused,1,0.17818,0.17306,0.17613,0.07729,1410,1
ag,5120,10240,128,gpu,131,c_cublas,2,0.10752,0.10547,0.10650,0.03655,1410,1
ag,5120,10240,128,gpu,131,c_fluxgemm,0,0.12083,0.11878,0.11878,0.03387,1410,1
ag,5120,10240,128,gpu,131,c_flux_ag,3,0.08368,0.07555,0.08368,0.04960,1410,1
ag,5120,10240,128,gpu,131,A_fused,1,0.18739,0.17920,0.17920,0.07599,1410,1
ag,5120,10240,128,gpu,132,c_cublas,3,0.10752,0.10445,0.10650,0.03707,1410,1
ag,5120,10240,128,gpu,132,c_fluxgemm,2,0.11981,0.11674,0.11776,0.03641,1410,1
ag,5120,10240,128,gpu,132,c_flux_ag,1,0.06621,0.06384,0.06522,0.04651,1410,1
ag,5120,10240,128,gpu,132,A_fused,0,0.19866,0.17818,0.17818,0.06867,1410,1
ag,5120,10240,128,gpu,133,c_cublas,1,0.10650,0.10445,0.10650,0.04231,1410,1
ag,5120,10240,128,gpu,133,c_fluxgemm,0,0.11878,0.11674,0.11776,0.03837,1410,1
ag,5120,10240,128,gpu,133,c_flux_ag,3,0.09117,0.08106,0.08550,0.13181,1410,1
ag,5120,10240,128,gpu,133,A_fused,2,0.20685,0.18739,0.18739,0.07051,1410,1
ag,5120,10240,128,gpu,134,c_cublas,2,0.10854,0.10445,0.10752,0.03928,1410,1
ag,5120,10240,128,gpu,134,c_fluxgemm,0,0.11776,0.11776,0.11776,0.04191,1410,1
ag,5120,10240,128,gpu,134,c_flux_ag,3,0.09795,0.07232,0.07600,0.05241,1410,1
ag,5120,10240,128,gpu,134,A_fused,1,0.19354,0.18842,0.19149,0.07042,1410,1
ag,5120,10240,128,gpu,135,c_cublas,1,0.10752,0.10445,0.10752,0.03723,1410,1
ag,5120,10240,128,gpu,135,c_fluxgemm,3,0.11878,0.11571,0.11674,0.04087,1410,1
ag,5120,10240,128,gpu,135,c_flux_ag,2,0.07133,0.06387,0.07101,0.05051,1410,1
ag,5120,10240,128,gpu,135,A_fused,0,0.18739,0.17306,0.18739,0.07736,1410,1
ag,5120,10240,128,gpu,136,c_cublas,1,0.10752,0.10445,0.10547,0.03699,1410,1
ag,5120,10240,128,gpu,136,c_fluxgemm,3,0.11776,0.11674,0.11674,0.03771,1410,1
ag,5120,10240,128,gpu,136,c_flux_ag,2,0.06563,0.06291,0.06291,0.11749,1410,1
ag,5120,10240,128,gpu,136,A_fused,0,0.17920,0.16998,0.17510,0.07689,1410,1
ag,5120,10240,128,gpu,137,c_cublas,2,0.10854,0.10342,0.10854,0.03739,1410,1
ag,5120,10240,128,gpu,137,c_fluxgemm,0,0.11878,0.11674,0.11776,0.03404,1410,1
ag,5120,10240,128,gpu,137,c_flux_ag,1,0.08512,0.08061,0.08144,0.05052,1410,1
ag,5120,10240,128,gpu,137,A_fused,3,0.18432,0.17408,0.18432,0.07019,1410,1
ag,5120,10240,128,gpu,138,c_cublas,1,0.10650,0.10547,0.10650,0.03785,1410,1
ag,5120,10240,128,gpu,138,c_fluxgemm,2,0.11981,0.11776,0.11878,0.03945,1410,1
ag,5120,10240,128,gpu,138,c_flux_ag,0,0.08653,0.07987,0.08365,0.04960,1410,1
ag,5120,10240,128,gpu,138,A_fused,3,0.20275,0.19456,0.19661,0.06821,1410,1
ag,5120,10240,128,gpu,139,c_cublas,3,0.10650,0.10547,0.10650,0.03733,1410,1
ag,5120,10240,128,gpu,139,c_fluxgemm,1,0.11878,0.11776,0.11776,0.03883,1410,1
ag,5120,10240,128,gpu,139,c_flux_ag,0,0.07946,0.07328,0.07946,0.05585,1410,1
ag,5120,10240,128,gpu,139,A_fused,2,0.19149,0.18739,0.18944,0.06765,1410,1
ag,5120,10240,128,gpu,140,c_cublas,0,0.13517,0.10547,0.10752,0.04030,1410,1
ag,5120,10240,128,gpu,140,c_fluxgemm,1,0.11878,0.11674,0.11878,0.03847,1410,1
ag,5120,10240,128,gpu,140,c_flux_ag,2,0.07357,0.06957,0.07078,0.05133,1410,1
ag,5120,10240,128,gpu,140,A_fused,3,0.19354,0.18739,0.18739,0.06606,1410,1
ag,5120,10240,128,gpu,141,c_cublas,3,0.10650,0.10342,0.10547,0.03737,1410,1
ag,5120,10240,128,gpu,141,c_fluxgemm,1,0.12083,0.11776,0.11776,0.03703,1410,1
ag,5120,10240,128,gpu,141,c_flux_ag,2,0.06675,0.06259,0.06675,0.04956,1410,1
ag,5120,10240,128,gpu,141,A_fused,0,0.18534,0.17306,0.17408,0.07704,1410,1
ag,5120,10240,128,gpu,142,c_cublas,2,0.13722,0.10342,0.13722,0.12430,1410,1
ag,5120,10240,128,gpu,142,c_fluxgemm,3,0.12083,0.11776,0.11776,0.03839,1410,1
ag,5120,10240,128,gpu,142,c_flux_ag,0,0.08422,0.08096,0.08176,0.05638,1410,1
ag,5120,10240,128,gpu,142,A_fused,1,0.17613,0.16896,0.16896,0.06719,1410,1
ag,5120,10240,128,gpu,143,c_cublas,3,0.10650,0.10445,0.10650,0.03664,1410,1
ag,5120,10240,128,gpu,143,c_fluxgemm,0,0.11878,0.11674,0.11878,0.03456,1410,1
ag,5120,10240,128,gpu,143,c_flux_ag,1,0.09776,0.08813,0.09776,0.04989,1410,1
ag,5120,10240,128,gpu,143,A_fused,2,0.19251,0.17920,0.18842,0.06765,1410,1
ag,5120,10240,128,gpu,144,c_cublas,1,0.10650,0.10240,0.10650,0.03603,1410,1
ag,5120,10240,128,gpu,144,c_fluxgemm,3,0.11878,0.11571,0.11776,0.03627,1410,1
ag,5120,10240,128,gpu,144,c_flux_ag,0,0.09114,0.08160,0.09114,0.05068,1410,1
ag,5120,10240,128,gpu,144,A_fused,2,0.17818,0.16998,0.17818,0.07832,1410,1
ag,5120,10240,128,gpu,145,c_cublas,1,0.10650,0.10547,0.10547,0.03691,1410,1
ag,5120,10240,128,gpu,145,c_fluxgemm,3,0.12083,0.11776,0.11776,0.03813,1410,1
ag,5120,10240,128,gpu,145,c_flux_ag,0,0.06778,0.06141,0.06141,0.04941,1410,1
ag,5120,10240,128,gpu,145,A_fused,2,0.17818,0.16998,0.17715,0.07797,1410,1
ag,5120,10240,128,gpu,146,c_cublas,0,0.10752,0.10650,0.10650,0.03728,1410,1
ag,5120,10240,128,gpu,146,c_fluxgemm,1,0.11981,0.11776,0.11878,0.03833,1410,1
ag,5120,10240,128,gpu,146,c_flux_ag,2,0.06566,0.06186,0.06541,0.04988,1410,1
ag,5120,10240,128,gpu,146,A_fused,3,0.20582,0.18944,0.18944,0.06703,1410,1
ag,5120,10240,128,gpu,147,c_cublas,0,0.10650,0.10445,0.10547,0.03727,1410,1
ag,5120,10240,128,gpu,147,c_fluxgemm,2,0.11981,0.11776,0.11776,0.03819,1410,1
ag,5120,10240,128,gpu,147,c_flux_ag,1,0.08570,0.07638,0.08326,0.05035,1410,1
ag,5120,10240,128,gpu,147,A_fused,3,0.18330,0.17101,0.17613,0.06849,1410,1
ag,5120,10240,128,gpu,148,c_cublas,1,0.10752,0.10445,0.10752,0.03670,1410,1
ag,5120,10240,128,gpu,148,c_fluxgemm,0,0.12083,0.11674,0.11776,0.03763,1410,1
ag,5120,10240,128,gpu,148,c_flux_ag,2,0.09450,0.08557,0.09450,0.05041,1410,1
ag,5120,10240,128,gpu,148,A_fused,3,0.17818,0.17306,0.17510,0.06626,1410,1
ag,5120,10240,128,gpu,149,c_cublas,1,0.10752,0.10547,0.10752,0.03676,1410,1
ag,5120,10240,128,gpu,149,c_fluxgemm,0,0.11981,0.11674,0.11776,0.03778,1410,1
ag,5120,10240,128,gpu,149,c_flux_ag,2,0.08896,0.08550,0.08573,0.05736,1410,1
ag,5120,10240,128,gpu,149,A_fused,3,0.17510,0.17203,0.17203,0.06570,1410,1
ag,5120,10240,128,gpu,150,c_cublas,2,0.10854,0.10547,0.10854,0.04536,1410,1
ag,5120,10240,128,gpu,150,c_fluxgemm,0,0.11878,0.11674,0.11878,0.03674,1410,1
ag,5120,10240,128,gpu,150,c_flux_ag,1,0.06589,0.06198,0.06589,0.04847,1410,1
ag,5120,10240,128,gpu,150,A_fused,3,0.18330,0.17408,0.18125,0.07068,1410,1
ag,5120,10240,128,gpu,151,c_cublas,0,0.10752,0.10650,0.10752,0.03653,1410,1
ag,5120,10240,128,gpu,151,c_fluxgemm,1,0.12083,0.11571,0.11571,0.03850,1410,1
ag,5120,10240,128,gpu,151,c_flux_ag,2,0.07194,0.06589,0.07002,0.05706,1410,1
ag,5120,10240,128,gpu,151,A_fused,3,0.17613,0.17203,0.17203,0.06609,1410,1
ag,5120,10240,128,gpu,152,c_cublas,0,0.10752,0.10547,0.10650,0.03788,1410,1
ag,5120,10240,128,gpu,152,c_fluxgemm,3,0.11674,0.11571,0.11674,0.04682,1410,1
ag,5120,10240,128,gpu,152,c_flux_ag,1,0.08278,0.07830,0.08278,0.06462,1410,1
ag,5120,10240,128,gpu,152,A_fused,2,0.36352,0.20070,0.36250,0.08564,1410,1
ag,5120,10240,128,gpu,153,c_cublas,1,0.10752,0.10547,0.10650,0.03754,1410,1
ag,5120,10240,128,gpu,153,c_fluxgemm,3,0.11981,0.11776,0.11878,0.03653,1410,1
ag,5120,10240,128,gpu,153,c_flux_ag,2,0.07088,0.06352,0.06941,0.05019,1410,1
ag,5120,10240,128,gpu,153,A_fused,0,0.17408,0.16794,0.16896,0.07348,1410,1
ag,5120,10240,128,gpu,154,c_cublas,0,0.10854,0.10547,0.10752,0.03709,1410,1
ag,5120,10240,128,gpu,154,c_fluxgemm,2,0.11981,0.11674,0.11674,0.03521,1410,1
ag,5120,10240,128,gpu,154,c_flux_ag,3,0.10189,0.08509,0.10189,0.04762,1410,1
ag,5120,10240,128,gpu,154,A_fused,1,0.19661,0.19149,0.19149,0.07943,1410,1
ag,5120,10240,128,gpu,155,c_cublas,3,0.10650,0.10445,0.10547,0.03668,1410,1
ag,5120,10240,128,gpu,155,c_fluxgemm,0,0.12083,0.11674,0.11776,0.03754,1410,1
ag,5120,10240,128,gpu,155,c_flux_ag,1,0.07811,0.06806,0.07024,0.04986,1410,1
ag,5120,10240,128,gpu,155,A_fused,2,0.19046,0.17818,0.17818,0.06587,1410,1
ag,5120,10240,128,gpu,156,c_cublas,2,0.10854,0.10445,0.10854,0.03717,1410,1
ag,5120,10240,128,gpu,156,c_fluxgemm,3,0.11878,0.11674,0.11776,0.03733,1410,1
ag,5120,10240,128,gpu,156,c_flux_ag,1,0.06678,0.06352,0.06602,0.04598,1410,1
ag,5120,10240,128,gpu,156,A_fused,0,0.17920,0.16794,0.17408,0.07030,1410,1
ag,5120,10240,128,gpu,157,c_cublas,1,0.10650,0.10342,0.10650,0.03658,1410,1
ag,5120,10240,128,gpu,157,c_fluxgemm,2,0.12288,0.11776,0.11878,0.03716,1410,1
ag,5120,10240,128,gpu,157,c_flux_ag,3,0.09213,0.08618,0.09187,0.04936,1410,1
ag,5120,10240,128,gpu,157,A_fused,0,0.17613,0.16589,0.17510,0.07186,1410,1
ag,5120,10240,128,gpu,158,c_cublas,0,0.10752,0.10445,0.10752,0.03746,1410,1
ag,5120,10240,128,gpu,158,c_fluxgemm,2,0.11776,0.11776,0.11776,0.03545,1410,1
ag,5120,10240,128,gpu,158,c_flux_ag,3,0.07894,0.06813,0.07130,0.04807,1410,1
ag,5120,10240,128,gpu,158,A_fused,1,0.17715,0.17306,0.17715,0.07066,1410,1
ag,5120,10240,128,gpu,159,c_cublas,2,0.10752,0.10240,0.10547,0.03795,1410,1
ag,5120,10240,128,gpu,159,c_fluxgemm,0,0.11981,0.11776,0.11878,0.03651,1410,1
ag,5120,10240,128,gpu,159,c_flux_ag,3,0.09782,0.09050,0.09782,0.04976,1410,1
ag,5120,10240,128,gpu,159,A_fused,1,0.17203,0.16794,0.17203,0.06818,1410,1
ag,5120,10240,128,gpu,160,c_cublas,0,0.10650,0.10342,0.10650,0.03711,1410,1
ag,5120,10240,128,gpu,160,c_fluxgemm,1,0.11981,0.11674,0.11878,0.03821,1410,1
ag,5120,10240,128,gpu,160,c_flux_ag,2,0.09293,0.08947,0.09293,0.05012,1410,1
ag,5120,10240,128,gpu,160,A_fused,3,0.20480,0.18637,0.18637,0.06523,1410,1
ag,5120,10240,128,gpu,161,c_cublas,0,0.10854,0.10445,0.10854,0.03750,1410,1
ag,5120,10240,128,gpu,161,c_fluxgemm,3,0.12186,0.11776,0.11776,0.03741,1410,1
ag,5120,10240,128,gpu,161,c_flux_ag,1,0.07987,0.07018,0.07018,0.05107,1410,1
ag,5120,10240,128,gpu,161,A_fused,2,0.18330,0.17408,0.17613,0.07224,1410,1
ag,5120,10240,128,gpu,162,c_cublas,3,0.10854,0.10752,0.10854,0.03732,1410,1
ag,5120,10240,128,gpu,162,c_fluxgemm,1,0.11878,0.11776,0.11776,0.03513,1410,1
ag,5120,10240,128,gpu,162,c_flux_ag,2,0.07370,0.06522,0.07040,0.04841,1410,1
ag,5120,10240,128,gpu,162,A_fused,0,0.17203,0.16896,0.16896,0.07610,1410,1
ag,5120,10240,128,gpu,163,c_cublas,1,0.10752,0.10445,0.10752,0.03630,1410,1
ag,5120,10240,128,gpu,163,c_fluxgemm,0,0.11981,0.11776,0.11776,0.03804,1410,1
ag,5120,10240,128,gpu,163,c_flux_ag,3,0.08986,0.08176,0.08176,0.04550,1410,1
ag,5120,10240,128,gpu,163,A_fused,2,0.18739,0.18022,0.18637,0.06927,1410,1
ag,5120,10240,128,gpu,164,c_cublas,0,0.10650,0.10342,0.10650,0.04394,1410,1
ag,5120,10240,128,gpu,164,c_fluxgemm,3,0.11981,0.11674,0.11674,0.03769,1410,1
ag,5120,10240,128,gpu,164,c_flux_ag,2,0.06672,0.06186,0.06186,0.04612,1410,1
ag,5120,10240,128,gpu,164,A_fused,1,0.18330,0.16998,0.16998,0.06996,1410,1
ag,5120,10240,128,gpu,165,c_cublas,1,0.10752,0.10547,0.10650,0.03677,1410,1
ag,5120,10240,128,gpu,165,c_fluxgemm,0,0.11776,0.11674,0.11776,0.03421,1410,1
ag,5120,10240,128,gpu,165,c_flux_ag,2,0.09174,0.08432,0.09171,0.05114,1410,1
ag,5120,10240,128,gpu,165,A_fused,3,0.20787,0.19251,0.20787,0.06612,1410,1
ag,5120,10240,128,gpu,166,c_cublas,2,0.10650,0.10342,0.10650,0.03609,1410,1
ag,5120,10240,128,gpu,166,c_fluxgemm,0,0.11981,0.11878,0.11878,0.04381,1410,1
ag,5120,10240,128,gpu,166,c_flux_ag,3,0.08643,0.07101,0.08643,0.04988,1410,1
ag,5120,10240,128,gpu,166,A_fused,1,0.17510,0.17101,0.17510,0.06794,1410,1
ag,5120,10240,128,gpu,167,c_cublas,3,0.10650,0.10445,0.10650,0.03684,1410,1
ag,5120,10240,128,gpu,167,c_fluxgemm,1,0.11878,0.11674,0.11674,0.03712,1410,1
ag,5120,10240,128,gpu,167,c_flux_ag,0,0.08784,0.08531,0.08784,0.05269,1410,1
ag,5120,10240,128,gpu,167,A_fused,2,0.17818,0.17101,0.17818,0.06656,1410,1
ag,5120,10240,128,gpu,168,c_cublas,3,0.10854,0.10547,0.10854,0.03676,1410,1
ag,5120,10240,128,gpu,168,c_fluxgemm,0,0.11776,0.11571,0.11776,0.04502,1410,1
ag,5120,10240,128,gpu,168,c_flux_ag,1,0.06851,0.06186,0.06186,0.05011,1410,1
ag,5120,10240,128,gpu,168,A_fused,2,0.18739,0.16794,0.17715,0.06599,1410,1
ag,5120,10240,128,gpu,169,c_cublas,1,0.10650,0.10445,0.10445,0.03588,1410,1
ag,5120,10240,128,gpu,169,c_fluxgemm,0,0.11981,0.11674,0.11981,0.04325,1410,1
ag,5120,10240,128,gpu,169,c_flux_ag,3,0.08758,0.08083,0.08083,0.04682,1410,1
ag,5120,10240,128,gpu,169,A_fused,2,0.18944,0.17818,0.18842,0.06989,1410,1
ag,5120,10240,128,gpu,170,c_cublas,2,0.10752,0.10445,0.10547,0.03721,1410,1
ag,5120,10240,128,gpu,170,c_fluxgemm,1,0.11674,0.11674,0.11674,0.03555,1410,1
ag,5120,10240,128,gpu,170,c_flux_ag,3,0.09347,0.09123,0.09174,0.05108,1410,1
ag,5120,10240,128,gpu,170,A_fused,0,0.17306,0.16691,0.16998,0.06865,1410,1
ag,5120,10240,128,gpu,171,c_cublas,2,0.10650,0.10445,0.10650,0.03622,1410,1
ag,5120,10240,128,gpu,171,c_fluxgemm,0,0.12186,0.11674,0.11776,0.03812,1410,1
ag,5120,10240,128,gpu,171,c_flux_ag,3,0.08410,0.07706,0.08096,0.04892,1410,1
ag,5120,10240,128,gpu,171,A_fused,1,0.19456,0.19149,0.19149,0.06820,1410,1
ag,5120,10240,128,gpu,172,c_cublas,1,0.10650,0.10445,0.10650,0.03743,1410,1
ag,5120,10240,128,gpu,172,c_fluxgemm,0,0.11981,0.11674,0.11674,0.03916,1410,1
ag,5120,10240,128,gpu,172,c_flux_ag,3,0.07363,0.06694,0.07078,0.04673,1410,1
ag,5120,10240,128,gpu,172,A_fused,2,0.19968,0.18739,0.19354,0.07065,1410,1
ag,5120,10240,128,gpu,173,c_cublas,2,0.10650,0.10342,0.10547,0.03739,1410,1
ag,5120,10240,128,gpu,173,c_fluxgemm,0,0.11878,0.11776,0.11878,0.03755,1410,1
ag,5120,10240,128,gpu,173,c_flux_ag,1,0.07171,0.06810,0.06890,0.04864,1410,1
ag,5120,10240,128,gpu,173,A_fused,3,0.18534,0.17510,0.17715,0.07117,1410,1
ag,5120,10240,128,gpu,174,c_cublas,1,0.10854,0.10650,0.10650,0.03708,1410,1
ag,5120,10240,128,gpu,174,c_fluxgemm,0,0.11878,0.11776,0.11878,0.03741,1410,1
ag,5120,10240,128,gpu,174,c_flux_ag,3,0.08902,0.07981,0.07981,0.04639,1410,1
ag,5120,10240,128,gpu,174,A_fused,2,0.17818,0.16691,0.17715,0.07084,1410,1
ag,5120,10240,128,gpu,175,c_cublas,0,0.10650,0.10445,0.10650,0.03767,1410,1
ag,5120,10240,128,gpu,175,c_fluxgemm,3,0.11981,0.11674,0.11674,0.03619,1410,1
ag,5120,10240,128,gpu,175,c_flux_ag,2,0.07050,0.06010,0.06458,0.04567,1410,1
ag,5120,10240,128,gpu,175,A_fused,1,0.19968,0.18739,0.18739,0.06992,1410,1
ag,5120,10240,128,gpu,176,c_cublas,1,0.10650,0.10342,0.10547,0.03709,1410,1
ag,5120,10240,128,gpu,176,c_fluxgemm,2,0.11878,0.11674,0.11878,0.03690,1410,1
ag,5120,10240,128,gpu,176,c_flux_ag,3,0.09274,0.08893,0.09229,0.05008,1410,1
ag,5120,10240,128,gpu,176,A_fused,0,0.19661,0.19661,0.19661,0.06838,1410,1
ag,5120,10240,128,gpu,177,c_cublas,3,0.10752,0.10547,0.10752,0.03679,1410,1
ag,5120,10240,128,gpu,177,c_fluxgemm,2,0.11776,0.11571,0.11776,0.03562,1410,1
ag,5120,10240,128,gpu,177,c_flux_ag,0,0.09062,0.07053,0.09062,0.04891,1410,1
ag,5120,10240,128,gpu,177,A_fused,1,0.17715,0.16589,0.16998,0.06673,1410,1
ag,5120,10240,128,gpu,178,c_cublas,1,0.10547,0.10445,0.10547,0.03629,1410,1
ag,5120,10240,128,gpu,178,c_fluxgemm,2,0.12288,0.11674,0.11878,0.03728,1410,1
ag,5120,10240,128,gpu,178,c_flux_ag,0,0.08819,0.07936,0.07936,0.05305,1410,1
ag,5120,10240,128,gpu,178,A_fused,3,0.18739,0.16998,0.18739,0.06786,1410,1
ag,5120,10240,128,gpu,179,c_cublas,2,0.10854,0.10650,0.10854,0.03726,1410,1
ag,5120,10240,128,gpu,179,c_fluxgemm,0,0.11981,0.11776,0.11878,0.03698,1410,1
ag,5120,10240,128,gpu,179,c_flux_ag,1,0.07971,0.07059,0.07254,0.04882,1410,1
ag,5120,10240,128,gpu,179,A_fused,3,0.17408,0.16794,0.17408,0.06956,1410,1
ag,5120,10240,128,gpu,180,c_cublas,1,0.10650,0.10547,0.10547,0.03643,1410,1
ag,5120,10240,128,gpu,180,c_fluxgemm,2,0.11878,0.11776,0.11878,0.03738,1410,1
ag,5120,10240,128,gpu,180,c_flux_ag,3,0.09488,0.08438,0.08438,0.05000,1410,1
ag,5120,10240,128,gpu,180,A_fused,0,0.19046,0.18842,0.18842,0.06708,1410,1
ag,5120,10240,128,gpu,181,c_cublas,2,0.10752,0.10445,0.10752,0.03665,1410,1
ag,5120,10240,128,gpu,181,c_fluxgemm,3,0.12083,0.11674,0.11878,0.03773,1410,1
ag,5120,10240,128,gpu,181,c_flux_ag,0,0.08214,0.06800,0.07542,0.04789,1410,1
ag,5120,10240,128,gpu,181,A_fused,1,0.20173,0.19354,0.19456,0.06627,1410,1
ag,5120,10240,128,gpu,182,c_cublas,3,0.10854,0.10547,0.10752,0.03645,1410,1
ag,5120,10240,128,gpu,182,c_fluxgemm,2,0.11981,0.11674,0.11776,0.03515,1410,1
ag,5120,10240,128,gpu,182,c_flux_ag,0,0.09363,0.08138,0.09363,0.05013,1410,1
ag,5120,10240,128,gpu,182,A_fused,1,0.18637,0.18125,0.18125,0.06480,1410,1
ag,5120,10240,128,gpu,183,c_cublas,0,0.10752,0.10445,0.10752,0.03417,1410,1
ag,5120,10240,128,gpu,183,c_fluxgemm,1,0.11776,0.11674,0.11776,0.03810,1410,1
ag,5120,10240,128,gpu,183,c_flux_ag,2,0.08893,0.08547,0.08630,0.05051,1410,1
ag,5120,10240,128,gpu,183,A_fused,3,0.18125,0.17203,0.18125,0.06809,1410,1
ag,5120,10240,128,gpu,184,c_cublas,2,0.10752,0.10547,0.10752,0.03687,1410,1
ag,5120,10240,128,gpu,184,c_fluxgemm,1,0.11878,0.11776,0.11878,0.03681,1410,1
ag,5120,10240,128,gpu,184,c_flux_ag,0,0.07158,0.06819,0.07158,0.05015,1410,1
ag,5120,10240,128,gpu,184,A_fused,3,0.17920,0.17101,0.17715,0.06903,1410,1
ag,5120,10240,128,gpu,185,c_cublas,3,0.10650,0.10547,0.10650,0.03661,1410,1
ag,5120,10240,128,gpu,185,c_fluxgemm,0,0.11776,0.11571,0.11571,0.03681,1410,1
ag,5120,10240,128,gpu,185,c_flux_ag,2,0.07686,0.06554,0.06749,0.04633,1410,1
ag,5120,10240,128,gpu,185,A_fused,1,0.19046,0.17715,0.18330,0.06764,1410,1
ag,5120,10240,128,gpu,186,c_cublas,3,0.10854,0.10650,0.10752,0.03654,1410,1
ag,5120,10240,128,gpu,186,c_fluxgemm,2,0.12083,0.11776,0.11776,0.03566,1410,1
ag,5120,10240,128,gpu,186,c_flux_ag,0,0.09667,0.07904,0.07904,0.05043,1410,1
ag,5120,10240,128,gpu,186,A_fused,1,0.19456,0.18432,0.19456,0.06579,1410,1
ag,5120,10240,128,gpu,187,c_cublas,1,0.10650,0.10547,0.10650,0.03630,1410,1
ag,5120,10240,128,gpu,187,c_fluxgemm,0,0.12288,0.11776,0.11878,0.03826,1410,1
ag,5120,10240,128,gpu,187,c_flux_ag,3,0.07856,0.07120,0.07856,0.04594,1410,1
ag,5120,10240,128,gpu,187,A_fused,2,0.20992,0.20173,0.20992,0.06850,1410,1
ag,5120,10240,128,gpu,188,c_cublas,2,0.10752,0.10240,0.10752,0.03685,1410,1
ag,5120,10240,128,gpu,188,c_fluxgemm,1,0.11981,0.11674,0.11776,0.03476,1410,1
ag,5120,10240,128,gpu,188,c_flux_ag,3,0.10026,0.08026,0.08285,0.05035,1410,1
ag,5120,10240,128,gpu,188,A_fused,0,0.72499,0.19558,0.71578,0.07155,1410,1
ag,5120,10240,128,gpu,189,c_cublas,2,0.10957,0.10342,0.10957,0.03695,1410,1
ag,5120,10240,128,gpu,189,c_fluxgemm,0,0.11878,0.11674,0.11776,0.03800,1410,1
ag,5120,10240,128,gpu,189,c_flux_ag,3,0.38624,0.09478,0.38333,0.05155,1410,1
ag,5120,10240,128,gpu,189,A_fused,1,0.17306,0.16896,0.17306,0.07533,1410,1
ag,5120,10240,128,gpu,190,c_cublas,2,0.10752,0.10547,0.10752,0.03660,1410,1
ag,5120,10240,128,gpu,190,c_fluxgemm,3,0.11981,0.11776,0.11981,0.03725,1410,1
ag,5120,10240,128,gpu,190,c_flux_ag,0,0.06480,0.06035,0.06189,0.04637,1410,1
ag,5120,10240,128,gpu,190,A_fused,1,0.18842,0.18125,0.18534,0.06605,1410,1
ag,5120,10240,128,gpu,191,c_cublas,2,0.10752,0.10342,0.10650,0.03674,1410,1
ag,5120,10240,128,gpu,191,c_fluxgemm,0,0.11878,0.11674,0.11878,0.03460,1410,1
ag,5120,10240,128,gpu,191,c_flux_ag,3,0.08262,0.06925,0.07290,0.04951,1410,1
ag,5120,10240,128,gpu,191,A_fused,1,0.19866,0.18227,0.18227,0.06753,1410,1
ag,5120,10240,128,gpu,192,c_cublas,2,0.10752,0.10547,0.10650,0.03653,1410,1
ag,5120,10240,128,gpu,192,c_fluxgemm,0,0.14848,0.11674,0.14848,0.04028,1410,1
ag,5120,10240,128,gpu,192,c_flux_ag,3,0.07962,0.06912,0.07962,0.05047,1410,1
ag,5120,10240,128,gpu,192,A_fused,1,0.20582,0.19456,0.20173,0.06891,1410,1
ag,5120,10240,128,gpu,193,c_cublas,2,0.10650,0.10547,0.10650,0.03743,1410,1
ag,5120,10240,128,gpu,193,c_fluxgemm,0,0.11981,0.11571,0.11674,0.03766,1410,1
ag,5120,10240,128,gpu,193,c_flux_ag,1,0.08717,0.07421,0.08717,0.04901,1410,1
ag,5120,10240,128,gpu,193,A_fused,3,0.19558,0.17306,0.17306,0.06932,1410,1
ag,5120,10240,128,gpu,194,c_cublas,0,0.10957,0.10650,0.10650,0.03689,1410,1
ag,5120,10240,128,gpu,194,c_fluxgemm,2,0.11776,0.11674,0.11674,0.03482,1410,1
ag,5120,10240,128,gpu,194,c_flux_ag,3,0.08093,0.07693,0.07818,0.04804,1410,1
ag,5120,10240,128,gpu,194,A_fused,1,0.17818,0.17203,0.17510,0.06957,1410,1
ag,5120,10240,128,gpu,195,c_cublas,3,0.10650,0.10342,0.10650,0.03739,1410,1
ag,5120,10240,128,gpu,195,c_fluxgemm,0,0.11981,0.11674,0.11878,0.03792,1410,1
ag,5120,10240,128,gpu,195,c_flux_ag,1,0.08138,0.07296,0.08138,0.04941,1410,1
ag,5120,10240,128,gpu,195,A_fused,2,0.19149,0.18022,0.18022,0.06705,1410,1
ag,5120,10240,128,gpu,196,c_cublas,1,0.10752,0.10445,0.10752,0.03628,1410,1
ag,5120,10240,128,gpu,196,c_fluxgemm,3,0.11878,0.11674,0.11674,0.03657,1410,1
ag,5120,10240,128,gpu,196,c_flux_ag,2,0.06419,0.06099,0.06406,0.04992,1410,1
ag,5120,10240,128,gpu,196,A_fused,0,0.18125,0.17613,0.17613,0.07289,1410,1
ag,5120,10240,128,gpu,197,c_cublas,3,0.10650,0.10342,0.10650,0.03704,1410,1
ag,5120,10240,128,gpu,197,c_fluxgemm,0,0.11878,0.11469,0.11674,0.03694,1410,1
ag,5120,10240,128,gpu,197,c_flux_ag,1,0.09117,0.07974,0.08061,0.04881,1410,1
ag,5120,10240,128,gpu,197,A_fused,2,0.19866,0.19456,0.19866,0.06695,1410,1
ag,5120,10240,128,gpu,198,c_cublas,0,0.10752,0.10547,0.10752,0.03670,1410,1
ag,5120,10240,128,gpu,198,c_fluxgemm,2,0.12083,0.11674,0.11674,0.03711,1410,1
ag,5120,10240,128,gpu,198,c_flux_ag,3,0.08250,0.07338,0.08250,0.04834,1410,1
ag,5120,10240,128,gpu,198,A_fused,1,0.18534,0.16794,0.18534,0.07091,1410,1
ag,5120,10240,128,gpu,199,c_cublas,0,0.10650,0.10547,0.10650,0.03789,1410,1
ag,5120,10240,128,gpu,199,c_fluxgemm,3,0.11878,0.11571,0.11571,0.03602,1410,1
ag,5120,10240,128,gpu,199,c_flux_ag,1,0.07798,0.06374,0.07798,0.05007,1410,1
ag,5120,10240,128,gpu,199,A_fused,2,0.17408,0.16589,0.17408,0.06673,1410,1
ag,5120,10240,128,steady,0,c_cublas,3,0.09261,0.09203,0.09261,0.01498,0,1
ag,5120,10240,128,steady,0,c_fluxgemm,1,0.10797,0.10720,0.10778,0.01998,0,1
ag,5120,10240,128,steady,0,c_flux_ag,2,0.07342,0.07265,0.07293,0.03670,0,1
ag,5120,10240,128,steady,0,A_fused,0,0.18362,0.16787,0.17837,0.04929,0,1
ag,5120,10240,128,steady,1,c_cublas,0,0.09382,0.09331,0.09382,0.01427,0,1
ag,5120,10240,128,steady,1,c_fluxgemm,1,0.10829,0.10771,0.10797,0.01956,0,1
ag,5120,10240,128,steady,1,c_flux_ag,3,0.06693,0.06650,0.06693,0.03683,0,1
ag,5120,10240,128,steady,1,A_fused,2,0.16986,0.16960,0.16979,0.04706,0,1
ag,5120,10240,128,steady,2,c_cublas,1,0.09286,0.09197,0.09286,0.01540,0,1
ag,5120,10240,128,steady,2,c_fluxgemm,2,0.10778,0.10739,0.10765,0.01930,0,1
ag,5120,10240,128,steady,2,c_flux_ag,0,0.06599,0.06566,0.06599,0.03695,0,1
ag,5120,10240,128,steady,2,A_fused,3,0.16762,0.16755,0.16762,0.04684,0,1
ag,5120,10240,128,steady,3,c_cublas,3,0.09248,0.09197,0.09248,0.01499,0,1
ag,5120,10240,128,steady,3,c_fluxgemm,1,0.10752,0.10707,0.10752,0.01919,0,1
ag,5120,10240,128,steady,3,c_flux_ag,2,0.06816,0.06784,0.06816,0.03741,0,1
ag,5120,10240,128,steady,3,A_fused,0,0.17050,0.16909,0.17011,0.04635,0,1
ag,5120,10240,128,steady,4,c_cublas,1,0.09267,0.09210,0.09254,0.01468,0,1
ag,5120,10240,128,steady,4,c_fluxgemm,0,0.10899,0.10842,0.10880,0.01924,0,1
ag,5120,10240,128,steady,4,c_flux_ag,3,0.06853,0.06805,0.06805,0.03748,0,1
ag,5120,10240,128,steady,4,A_fused,2,0.17254,0.17222,0.17242,0.04722,0,1
ag,5120,10240,128,steady,5,c_cublas,2,0.09254,0.09222,0.09254,0.01479,0,1
ag,5120,10240,128,steady,5,c_fluxgemm,1,0.10797,0.10778,0.10778,0.01965,0,1
ag,5120,10240,128,steady,5,c_flux_ag,0,0.06508,0.06464,0.06508,0.03704,0,1
ag,5120,10240,128,steady,5,A_fused,3,0.16378,0.16301,0.16320,0.04696,0,1
ag,5120,10240,128,steady,6,c_cublas,2,0.09286,0.09229,0.09286,0.01516,0,1
ag,5120,10240,128,steady,6,c_fluxgemm,1,0.10765,0.10739,0.10746,0.01932,0,1
ag,5120,10240,128,steady,6,c_flux_ag,3,0.06808,0.06787,0.06793,0.03669,0,1
ag,5120,10240,128,steady,6,A_fused,0,0.17286,0.17254,0.17254,0.04664,0,1
ag,5120,10240,128,steady,7,c_cublas,2,0.09280,0.09210,0.09280,0.01479,0,1
ag,5120,10240,128,steady,7,c_fluxgemm,3,0.10810,0.10758,0.10797,0.01960,0,1
ag,5120,10240,128,steady,7,c_flux_ag,0,0.06548,0.06509,0.06509,0.03674,0,1
ag,5120,10240,128,steady,7,A_fused,1,0.16461,0.16390,0.16390,0.04655,0,1
ag,5120,10240,128,steady,8,c_cublas,1,0.09267,0.09222,0.09267,0.01516,0,1
ag,5120,10240,128,steady,8,c_fluxgemm,0,0.10880,0.10810,0.10861,0.01906,0,1
ag,5120,10240,128,steady,8,c_flux_ag,3,0.06819,0.06786,0.06819,0.03667,0,1
ag,5120,10240,128,steady,8,A_fused,2,0.17197,0.17146,0.17165,0.04617,0,1
ag,5120,10240,128,steady,9,c_cublas,0,0.09427,0.09331,0.09427,0.01515,0,1
ag,5120,10240,128,steady,9,c_fluxgemm,3,0.10803,0.10752,0.10803,0.01994,0,1
ag,5120,10240,128,steady,9,c_flux_ag,1,0.06667,0.06633,0.06644,0.03673,0,1
ag,5120,10240,128,steady,9,A_fused,2,0.16333,0.16294,0.16333,0.04657,0,1
ag,5120,10240,128,steady,10,c_cublas,1,0.09286,0.09152,0.09286,0.01534,0,1
ag,5120,10240,128,steady,10,c_fluxgemm,2,0.10746,0.10701,0.10746,0.01918,0,1
ag,5120,10240,128,steady,10,c_flux_ag,0,0.07631,0.07605,0.07631,0.03706,0,1
ag,5120,10240,128,steady,10,A_fused,3,0.16486,0.16416,0.16416,0.04669,0,1
ag,5120,10240,128,steady,11,c_cublas,0,0.09453,0.09318,0.09453,0.01481,0,1
ag,5120,10240,128,steady,11,c_fluxgemm,2,0.10797,0.10694,0.10733,0.01953,0,1
ag,5120,10240,128,steady,11,c_flux_ag,3,0.06758,0.06716,0.06758,0.03727,0,1
ag,5120,10240,128,steady,11,A_fused,1,0.17075,0.16966,0.17011,0.04675,0,1
ag,5120,10240,128,steady,12,c_cublas,1,0.09267,0.09178,0.09267,0.01517,0,1
ag,5120,10240,128,steady,12,c_fluxgemm,2,0.10771,0.10714,0.10752,0.01929,0,1
ag,5120,10240,128,steady,12,c_flux_ag,3,0.07053,0.06872,0.07051,0.03755,0,1
ag,5120,10240,128,steady,12,A_fused,0,0.16595,0.16563,0.16563,0.04639,0,1
ag,5120,10240,128,steady,13,c_cublas,3,0.09248,0.09190,0.09248,0.01469,0,1
ag,5120,10240,128,steady,13,c_fluxgemm,0,0.10880,0.10739,0.10867,0.01931,0,1
ag,5120,10240,128,steady,13,c_flux_ag,2,0.06768,0.06734,0.06748,0.03680,0,1
ag,5120,10240,128,steady,13,A_fused,1,0.16998,0.16979,0.16979,0.04674,0,1
ag,5120,10240,128,steady,14,c_cublas,3,0.09261,0.09203,0.09261,0.01474,1410,1
ag,5120,10240,128,steady,14,c_fluxgemm,1,0.10803,0.10784,0.10784,0.01913,1410,1
ag,5120,10240,128,steady,14,c_flux_ag,0,0.06702,0.06592,0.06694,0.03735,1410,1
ag,5120,10240,128,steady,14,A_fused,2,0.16781,0.16710,0.16710,0.04735,1410,1
ag,5120,10240,128,steady,15,c_cublas,3,0.09286,0.09210,0.09286,0.01473,1410,1
ag,5120,10240,128,steady,15,c_fluxgemm,1,0.10835,0.10746,0.10771,0.01959,1410,1
ag,5120,10240,128,steady,15,c_flux_ag,0,0.07270,0.07220,0.07220,0.03699,1410,1
ag,5120,10240,128,steady,15,A_fused,2,0.16634,0.16576,0.16614,0.04626,1410,1
ag,5120,10240,128,steady,16,c_cublas,2,0.09280,0.09197,0.09248,0.01527,1410,1
ag,5120,10240,128,steady,16,c_fluxgemm,0,0.10912,0.10765,0.10912,0.01919,1410,1
ag,5120,10240,128,steady,16,c_flux_ag,3,0.06869,0.06835,0.06835,0.03721,1410,1
ag,5120,10240,128,steady,16,A_fused,1,0.17261,0.17203,0.17203,0.04667,1410,1
ag,5120,10240,128,steady,17,c_cublas,1,0.09254,0.09178,0.09254,0.01476,1410,1
ag,5120,10240,128,steady,17,c_fluxgemm,3,0.10797,0.10739,0.10784,0.01959,1410,1
ag,5120,10240,128,steady,17,c_flux_ag,0,0.06611,0.06588,0.06601,0.03698,1410,1
ag,5120,10240,128,steady,17,A_fused,2,0.16403,0.16358,0.16365,0.04631,1410,1
ag,5120,10240,128,steady,18,c_cublas,0,0.09440,0.09325,0.09440,0.01478,1410,1
ag,5120,10240,128,steady,18,c_fluxgemm,1,0.10784,0.10752,0.10784,0.01933,1410,1
ag,5120,10240,128,steady,18,c_flux_ag,2,0.07393,0.07376,0.07376,0.03732,1410,1
ag,5120,10240,128,steady,18,A_fused,3,0.16493,0.16429,0.16429,0.04677,1410,1
ag,5120,10240,128,steady,19,c_cublas,2,0.09222,0.09158,0.09222,0.01471,1410,1
ag,5120,10240,128,steady,19,c_fluxgemm,3,0.10784,0.10765,0.10784,0.01915,1410,1
ag,5120,10240,128,steady,19,c_flux_ag,1,0.06766,0.06730,0.06756,0.03709,1410,1
ag,5120,10240,128,steady,19,A_fused,0,0.16570,0.16538,0.16570,0.04650,1410,1
ag,5120,10240,128,steady,20,c_cublas,1,0.09254,0.09222,0.09254,0.01523,1410,1
ag,5120,10240,128,steady,20,c_fluxgemm,3,0.10784,0.10758,0.10765,0.01958,1410,1
ag,5120,10240,128,steady,20,c_flux_ag,2,0.06891,0.06852,0.06886,0.03704,1410,1
ag,5120,10240,128,steady,20,A_fused,0,0.17165,0.17120,0.17126,0.04655,1410,1
ag,5120,10240,128,steady,21,c_cublas,2,0.09242,0.09222,0.09235,0.01534,1410,1
ag,5120,10240,128,steady,21,c_fluxgemm,3,0.10803,0.10771,0.10771,0.01931,1410,1
ag,5120,10240,128,steady,21,c_flux_ag,1,0.06991,0.06872,0.06938,0.03661,1410,1
ag,5120,10240,128,steady,21,A_fused,0,0.16397,0.16371,0.16371,0.04687,1410,1
ag,5120,10240,128,steady,22,c_cublas,3,0.09280,0.09210,0.09280,0.01477,1410,1
ag,5120,10240,128,steady,22,c_fluxgemm,2,0.10765,0.10714,0.10714,0.01908,1410,1
ag,5120,10240,128,steady,22,c_flux_ag,1,0.06670,0.06650,0.06650,0.03709,1410,1
ag,5120,10240,128,steady,22,A_fused,0,0.17043,0.17005,0.17005,0.04678,1410,1
ag,5120,10240,128,steady,23,c_cublas,3,0.09306,0.09216,0.09306,0.01476,1410,1
ag,5120,10240,128,steady,23,c_fluxgemm,1,0.10822,0.10784,0.10784,0.01957,1410,1
ag,5120,10240,128,steady,23,c_flux_ag,0,0.06737,0.06703,0.06713,0.03693,1410,1
ag,5120,10240,128,steady,23,A_fused,2,0.17242,0.17210,0.17235,0.04613,1410,1
ag,5120,10240,128,steady,24,c_cublas,2,0.09280,0.09216,0.09280,0.01474,1410,1
ag,5120,10240,128,steady,24,c_fluxgemm,1,0.10803,0.10778,0.10803,0.01945,1410,1
ag,5120,10240,128,steady,24,c_flux_ag,0,0.06736,0.06670,0.06709,0.03804,1410,1
ag,5120,10240,128,steady,24,A_fused,3,0.16717,0.16678,0.16698,0.04650,1410,1
ag,5120,10240,128,steady,25,c_cublas,2,0.09242,0.09197,0.09242,0.01473,1410,1
ag,5120,10240,128,steady,25,c_fluxgemm,0,0.10918,0.10829,0.10842,0.01943,1410,1
ag,5120,10240,128,steady,25,c_flux_ag,3,0.06720,0.06692,0.06704,0.03723,1410,1
ag,5120,10240,128,steady,25,A_fused,1,0.17056,0.16986,0.17037,0.04652,1410,1
ag,5120,10240,128,steady,26,c_cublas,3,0.09267,0.09210,0.09267,0.01475,1410,1
ag,5120,10240,128,steady,26,c_fluxgemm,1,0.10784,0.10739,0.10784,0.01904,1410,1
ag,5120,10240,128,steady,26,c_flux_ag,2,0.06968,0.06886,0.06919,0.03730,1410,1
ag,5120,10240,128,steady,26,A_fused,0,0.16851,0.16794,0.16838,0.04686,1410,1
ag,5120,10240,128,steady,27,c_cublas,3,0.09254,0.09178,0.09254,0.01481,1410,1
ag,5120,10240,128,steady,27,c_fluxgemm,1,0.10784,0.10746,0.10758,0.01901,1410,1
ag,5120,10240,128,steady,27,c_flux_ag,2,0.07090,0.07061,0.07061,0.03722,1410,1
ag,5120,10240,128,steady,27,A_fused,0,0.17050,0.16986,0.16986,0.05055,1410,1
ag,5120,10240,128,steady,28,c_cublas,1,0.09274,0.09222,0.09274,0.01540,1410,1
ag,5120,10240,128,steady,28,c_fluxgemm,2,0.10784,0.10707,0.10758,0.01960,1410,1
ag,5120,10240,128,steady,28,c_flux_ag,3,0.07260,0.07242,0.07260,0.03813,1410,1
ag,5120,10240,128,steady,28,A_fused,0,0.16493,0.16435,0.16435,0.04697,1410,1
ag,5120,10240,128,steady,29,c_cublas,0,0.09446,0.09350,0.09446,0.01471,1410,1
ag,5120,10240,128,steady,29,c_fluxgemm,3,0.10810,0.10752,0.10752,0.01902,1410,1
ag,5120,10240,128,steady,29,c_flux_ag,2,0.07073,0.07003,0.07003,0.03716,1410,1
ag,5120,10240,128,steady,29,A_fused,1,0.16896,0.16877,0.16883,0.04671,1410,1
ag,5120,10240,128,steady,30,c_cublas,0,0.16173,0.09363,0.09382,0.10568,1410,1
ag,5120,10240,128,steady,30,c_fluxgemm,3,0.10803,0.10778,0.10803,0.01959,1410,1
ag,5120,10240,128,steady,30,c_flux_ag,2,0.06923,0.06906,0.06914,0.03679,1410,1
ag,5120,10240,128,steady,30,A_fused,1,0.16896,0.16838,0.16838,0.04685,1410,1
ag,5120,10240,128,steady,31,c_cublas,1,0.09286,0.09171,0.09286,0.03133,1410,1
ag,5120,10240,128,steady,31,c_fluxgemm,0,0.10842,0.10803,0.10816,0.01896,1410,1
ag,5120,10240,128,steady,31,c_flux_ag,3,0.06901,0.06869,0.06901,0.03698,1410,1
ag,5120,10240,128,steady,31,A_fused,2,0.17158,0.17018,0.17018,0.04635,1410,1
ag,5120,10240,128,steady,32,c_cublas,0,0.09421,0.09331,0.09414,0.01529,1410,1
ag,5120,10240,128,steady,32,c_fluxgemm,3,0.10803,0.10739,0.10803,0.01948,1410,1
ag,5120,10240,128,steady,32,c_flux_ag,1,0.07053,0.07028,0.07053,0.03689,1410,1
ag,5120,10240,128,steady,32,A_fused,2,0.16486,0.16422,0.16422,0.04653,1410,1
ag,5120,10240,128,steady,33,c_cublas,3,0.09248,0.09197,0.09248,0.01483,1410,1
ag,5120,10240,128,steady,33,c_fluxgemm,0,0.10880,0.10758,0.10848,0.01884,1410,1
ag,5120,10240,128,steady,33,c_flux_ag,2,0.07110,0.07052,0.07110,0.03714,1410,1
ag,5120,10240,128,steady,33,A_fused,1,0.17024,0.16992,0.17024,0.04610,1410,1
ag,5120,10240,128,steady,34,c_cublas,2,0.09248,0.09184,0.09248,0.01527,1410,1
ag,5120,10240,128,steady,34,c_fluxgemm,1,0.10784,0.10752,0.10778,0.01913,1410,1
ag,5120,10240,128,steady,34,c_flux_ag,3,0.07536,0.07508,0.07536,0.03696,1410,1
ag,5120,10240,128,steady,34,A_fused,0,0.16480,0.16461,0.16461,0.04683,1410,1
ag,5120,10240,128,steady,35,c_cublas,0,0.09408,0.09325,0.09408,0.01487,1410,1
ag,5120,10240,128,steady,35,c_fluxgemm,1,0.10797,0.10765,0.10778,0.01968,1410,1
ag,5120,10240,128,steady,35,c_flux_ag,3,0.06671,0.06644,0.06671,0.03744,1410,1
ag,5120,10240,128,steady,35,A_fused,2,0.16678,0.16640,0.16678,0.04702,1410,1
ag,5120,10240,128,steady,36,c_cublas,2,0.09267,0.09203,0.09267,0.01479,1410,1
ag,5120,10240,128,steady,36,c_fluxgemm,0,0.10925,0.10803,0.10886,0.01934,1410,1
ag,5120,10240,128,steady,36,c_flux_ag,1,0.07286,0.07185,0.07286,0.03756,1410,1
ag,5120,10240,128,steady,36,A_fused,3,0.16717,0.16678,0.16678,0.04702,1410,1
ag,5120,10240,128,steady,37,c_cublas,3,0.09331,0.09203,0.09331,0.01522,1410,1
ag,5120,10240,128,steady,37,c_fluxgemm,0,0.10912,0.10835,0.10886,0.01950,1410,1
ag,5120,10240,128,steady,37,c_flux_ag,1,0.07188,0.07120,0.07188,0.03699,1410,1
ag,5120,10240,128,steady,37,A_fused,2,0.16461,0.16416,0.16429,0.04640,1410,1
ag,5120,10240,128,steady,38,c_cublas,1,0.09254,0.09229,0.09254,0.01467,1410,1
ag,5120,10240,128,steady,38,c_fluxgemm,0,0.10925,0.10765,0.10925,0.01937,1410,1
ag,5120,10240,128,steady,38,c_flux_ag,3,0.06910,0.06849,0.06895,0.03711,1410,1
ag,5120,10240,128,steady,38,A_fused,2,0.17242,0.17197,0.17203,0.04653,1410,1
ag,5120,10240,128,steady,39,c_cublas,1,0.09248,0.09210,0.09248,0.01488,1410,1
ag,5120,10240,128,steady,39,c_fluxgemm,3,0.10803,0.10752,0.10803,0.01931,1410,1
ag,5120,10240,128,steady,39,c_flux_ag,0,0.06551,0.06516,0.06539,0.03732,1410,1
ag,5120,10240,128,steady,39,A_fused,2,0.16582,0.16525,0.16550,0.04741,1410,1
ag,5120,10240,128,steady,40,c_cublas,3,0.09312,0.09184,0.09312,0.01474,1410,1
ag,5120,10240,128,steady,40,c_fluxgemm,1,0.10816,0.10746,0.10790,0.01981,1410,1
ag,5120,10240,128,steady,40,c_flux_ag,0,0.07367,0.07270,0.07292,0.03725,1410,1
ag,5120,10240,128,steady,40,A_fused,2,0.16646,0.16614,0.16614,0.04670,1410,1
ag,5120,10240,128,steady,41,c_cublas,1,0.09286,0.09197,0.09286,0.01532,1410,1
ag,5120,10240,128,steady,41,c_fluxgemm,0,0.10899,0.10842,0.10874,0.01943,1410,1
ag,5120,10240,128,steady,41,c_flux_ag,2,0.07611,0.07564,0.07605,0.03717,1410,1
ag,5120,10240,128,steady,41,A_fused,3,0.16717,0.16666,0.16704,0.04642,1410,1
ag,5120,10240,128,steady,42,c_cublas,1,0.09280,0.09197,0.09280,0.03209,1410,1
ag,5120,10240,128,steady,42,c_fluxgemm,0,0.10893,0.10842,0.10893,0.01892,1410,1
ag,5120,10240,128,steady,42,c_flux_ag,2,0.06784,0.06737,0.06784,0.03757,1410,1
ag,5120,10240,128,steady,42,A_fused,3,0.16378,0.16314,0.16314,0.04685,1410,1
ag,5120,10240,128,steady,43,c_cublas,1,0.09280,0.09216,0.09280,0.01492,1410,1
ag,5120,10240,128,steady,43,c_fluxgemm,3,0.10803,0.10739,0.10771,0.01943,1410,1
ag,5120,10240,128,steady,43,c_flux_ag,0,0.07454,0.07370,0.07423,0.03721,1410,1
ag,5120,10240,128,steady,43,A_fused,2,0.16768,0.16730,0.16730,0.04735,1410,1
ag,5120,10240,128,steady,44,c_cublas,0,0.09446,0.09286,0.09446,0.01533,1410,1
ag,5120,10240,128,steady,44,c_fluxgemm,1,0.10778,0.10739,0.10778,0.01921,1410,1
ag,5120,10240,128,steady,44,c_flux_ag,2,0.07617,0.07569,0.07575,0.03779,1410,1
ag,5120,10240,128,steady,44,A_fused,3,0.16646,0.16608,0.16621,0.04665,1410,1
ag,5120,10240,128,steady,45,c_cublas,2,0.09274,0.09203,0.09274,0.01491,1410,1
ag,5120,10240,128,steady,45,c_fluxgemm,0,0.10874,0.10842,0.10867,0.01926,1410,1
ag,5120,10240,128,steady,45,c_flux_ag,1,0.06817,0.06788,0.06814,0.03721,1410,1
ag,5120,10240,128,steady,45,A_fused,3,0.16589,0.16429,0.16486,0.04724,1410,1
ag,5120,10240,128,steady,46,c_cublas,2,0.09267,0.09229,0.09267,0.01485,1410,1
ag,5120,10240,128,steady,46,c_fluxgemm,0,0.10906,0.10752,0.10829,0.01922,1410,1
ag,5120,10240,128,steady,46,c_flux_ag,1,0.07341,0.07302,0.07328,0.03689,1410,1
ag,5120,10240,128,steady,46,A_fused,3,0.16410,0.16378,0.16390,0.04649,1410,1
ag,5120,10240,128,steady,47,c_cublas,2,0.09254,0.09197,0.09254,0.01475,1410,1
ag,5120,10240,128,steady,47,c_fluxgemm,0,0.10925,0.10861,0.10918,0.01920,1410,1
ag,5120,10240,128,steady,47,c_flux_ag,1,0.06905,0.06847,0.06903,0.03757,1410,1
ag,5120,10240,128,steady,47,A_fused,3,0.17190,0.17158,0.17158,0.04704,1410,1
ag,5120,10240,128,steady,48,c_cublas,1,0.09261,0.09222,0.09261,0.01494,1410,1
ag,5120,10240,128,steady,48,c_fluxgemm,3,0.10822,0.10752,0.10803,0.01928,1410,1
ag,5120,10240,128,steady,48,c_flux_ag,0,0.06759,0.06710,0.06710,0.03732,1410,1
ag,5120,10240,128,steady,48,A_fused,2,0.16454,0.16416,0.16454,0.04681,1410,1
ag,5120,10240,128,steady,49,c_cublas,2,0.09248,0.09210,0.09248,0.01541,1410,1
ag,5120,10240,128,steady,49,c_fluxgemm,0,0.10822,0.10771,0.10810,0.01935,1410,1
ag,5120,10240,128,steady,49,c_flux_ag,1,0.07698,0.07651,0.07698,0.03704,1410,1
ag,5120,10240,128,steady,49,A_fused,3,0.16538,0.16499,0.16531,0.04685,1410,1
ag,5120,10240,512,gpu,0,c_cublas,1,0.25395,0.25190,0.25293,0.04464,0,1
ag,5120,10240,512,gpu,0,c_fluxgemm,2,0.28058,0.27853,0.27853,0.04299,0,1
ag,5120,10240,512,gpu,0,c_flux_ag,3,0.12106,0.11354,0.12106,0.05945,0,1
ag,5120,10240,512,gpu,0,A_fused,0,0.48128,0.43520,0.48128,0.08223,0,1
ag,5120,10240,512,gpu,1,c_cublas,0,0.25293,0.25190,0.25293,0.03627,0,1
ag,5120,10240,512,gpu,1,c_fluxgemm,2,0.28058,0.27750,0.27750,0.03689,0,1
ag,5120,10240,512,gpu,1,c_flux_ag,1,0.11699,0.09299,0.10259,0.05758,0,1
ag,5120,10240,512,gpu,1,A_fused,3,0.38912,0.37376,0.37376,0.06817,0,1
ag,5120,10240,512,gpu,2,c_cublas,2,0.25395,0.25190,0.25190,0.03538,0,1
ag,5120,10240,512,gpu,2,c_fluxgemm,3,0.28160,0.27750,0.27750,0.03625,0,1
ag,5120,10240,512,gpu,2,c_flux_ag,1,0.11254,0.08925,0.11254,0.04580,0,1
ag,5120,10240,512,gpu,2,A_fused,0,0.43213,0.41882,0.42701,0.06619,0,1
ag,5120,10240,512,gpu,3,c_cublas,2,0.25395,0.25293,0.25293,0.03490,0,1
ag,5120,10240,512,gpu,3,c_fluxgemm,3,0.28160,0.27750,0.27750,0.03625,0,1
ag,5120,10240,512,gpu,3,c_flux_ag,0,0.09197,0.08646,0.08646,0.05558,0,1
ag,5120,10240,512,gpu,3,A_fused,1,0.38400,0.37069,0.37069,0.06409,0,1
ag,5120,10240,512,gpu,4,c_cublas,0,0.25395,0.25190,0.25293,0.03439,0,1
ag,5120,10240,512,gpu,4,c_fluxgemm,1,0.27955,0.27750,0.27853,0.03574,0,1
ag,5120,10240,512,gpu,4,c_flux_ag,2,0.16909,0.13427,0.13427,0.04999,0,1
ag,5120,10240,512,gpu,4,A_fused,3,0.41677,0.39731,0.41574,0.06378,0,1
ag,5120,10240,512,gpu,5,c_cublas,1,0.25395,0.25190,0.25190,0.03479,0,1
ag,5120,10240,512,gpu,5,c_fluxgemm,2,0.27853,0.27853,0.27853,0.03557,0,1
ag,5120,10240,512,gpu,5,c_flux_ag,0,0.11443,0.09978,0.11443,0.04655,0,1
ag,5120,10240,512,gpu,5,A_fused,3,0.41779,0.40653,0.41779,0.06663,0,1
ag,5120,10240,512,gpu,6,c_cublas,2,0.25498,0.25293,0.25293,0.04169,0,1
ag,5120,10240,512,gpu,6,c_fluxgemm,0,0.27955,0.27853,0.27955,0.03365,0,1
ag,5120,10240,512,gpu,6,c_flux_ag,3,0.11622,0.10029,0.10224,0.04986,0,1
ag,5120,10240,512,gpu,6,A_fused,1,0.41165,0.38912,0.40141,0.06509,0,1
ag,5120,10240,512,gpu,7,c_cublas,0,0.25395,0.25293,0.25293,0.03411,0,1
ag,5120,10240,512,gpu,7,c_fluxgemm,2,0.28058,0.27648,0.27648,0.03313,0,1
ag,5120,10240,512,gpu,7,c_flux_ag,3,0.09120,0.08694,0.08733,0.04700,0,1
ag,5120,10240,512,gpu,7,A_fused,1,0.38707,0.37683,0.37683,0.06876,0,1
ag,5120,10240,512,gpu,8,c_cublas,3,0.25395,0.25190,0.25190,0.03442,0,1
ag,5120,10240,512,gpu,8,c_fluxgemm,0,0.28058,0.27955,0.27955,0.03384,0,1
ag,5120,10240,512,gpu,8,c_flux_ag,1,0.09786,0.09427,0.09427,0.04730,0,1
ag,5120,10240,512,gpu,8,A_fused,2,0.40960,0.39322,0.40960,0.06502,0,1
ag,5120,10240,512,gpu,9,c_cublas,0,0.25395,0.25088,0.25088,0.03178,0,1
ag,5120,10240,512,gpu,9,c_fluxgemm,3,0.27955,0.27648,0.27648,0.03433,0,1
ag,5120,10240,512,gpu,9,c_flux_ag,2,0.10061,0.09904,0.09930,0.04587,0,1
ag,5120,10240,512,gpu,9,A_fused,1,0.44032,0.43213,0.43315,0.06865,0,1
ag,5120,10240,512,gpu,10,c_cublas,0,0.25395,0.25190,0.25190,0.03966,0,1
ag,5120,10240,512,gpu,10,c_fluxgemm,1,0.28262,0.27955,0.27955,0.03564,0,1
ag,5120,10240,512,gpu,10,c_flux_ag,3,0.11398,0.09158,0.09158,0.04425,0,1
ag,5120,10240,512,gpu,10,A_fused,2,0.41779,0.40653,0.41370,0.06661,0,1
ag,5120,10240,512,gpu,11,c_cublas,0,0.25498,0.25293,0.25293,0.03494,0,1
ag,5120,10240,512,gpu,11,c_fluxgemm,3,0.28262,0.27750,0.27750,0.03496,0,1
ag,5120,10240,512,gpu,11,c_flux_ag,1,0.09408,0.08726,0.08726,0.04889,0,1
ag,5120,10240,512,gpu,11,A_fused,2,0.40755,0.38400,0.40755,0.06376,0,1
ag,5120,10240,512,gpu,12,c_cublas,3,0.25293,0.25190,0.25190,0.03437,0,1
ag,5120,10240,512,gpu,12,c_fluxgemm,0,0.28058,0.27750,0.27955,0.03200,0,1
ag,5120,10240,512,gpu,12,c_flux_ag,1,0.09898,0.09072,0.09898,0.04933,0,1
ag,5120,10240,512,gpu,12,A_fused,2,0.38912,0.36966,0.37683,0.06238,0,1
ag,5120,10240,512,gpu,13,c_cublas,3,0.25395,0.25190,0.25190,0.03443,0,1
ag,5120,10240,512,gpu,13,c_fluxgemm,0,0.28058,0.27750,0.27750,0.03679,0,1
ag,5120,10240,512,gpu,13,c_flux_ag,1,0.11082,0.09552,0.10854,0.04981,0,1
ag,5120,10240,512,gpu,13,A_fused,2,0.45056,0.40346,0.45056,0.06489,0,1
ag,5120,10240,512,gpu,14,c_cublas,3,0.25293,0.25190,0.25293,0.03401,0,1
ag,5120,10240,512,gpu,14,c_fluxgemm,2,0.27955,0.27648,0.27648,0.03464,0,1
ag,5120,10240,512,gpu,14,c_flux_ag,0,0.16720,0.12790,0.14762,0.05172,0,1
ag,5120,10240,512,gpu,14,A_fused,1,0.40858,0.37683,0.37990,0.06540,0,1
ag,5120,10240,512,gpu,15,c_cublas,2,0.25293,0.25190,0.25190,0.03470,0,1
ag,5120,10240,512,gpu,15,c_fluxgemm,0,0.28262,0.27853,0.27853,0.03633,0,1
ag,5120,10240,512,gpu,15,c_flux_ag,1,0.15293,0.13165,0.15136,0.05053,0,1
ag,5120,10240,512,gpu,15,A_fused,3,0.39629,0.38195,0.39629,0.06762,0,1
ag,5120,10240,512,gpu,16,c_cublas,0,0.25293,0.25190,0.25190,0.03387,0,1
ag,5120,10240,512,gpu,16,c_fluxgemm,2,0.28058,0.27853,0.27853,0.03304,0,1
ag,5120,10240,512,gpu,16,c_flux_ag,3,0.10611,0.09107,0.10611,0.04682,0,1
ag,5120,10240,512,gpu,16,A_fused,1,0.39936,0.37069,0.39936,0.06775,0,1
ag,5120,10240,512,gpu,17,c_cublas,3,0.25395,0.25190,0.25190,0.03438,0,1
ag,5120,10240,512,gpu,17,c_fluxgemm,0,0.27853,0.27648,0.27648,0.03497,0,1
ag,5120,10240,512,gpu,17,c_flux_ag,1,0.09901,0.09162,0.09520,0.04694,0,1
ag,5120,10240,512,gpu,17,A_fused,2,0.41267,0.38195,0.41267,0.06343,0,1
ag,5120,10240,512,gpu,18,c_cublas,3,0.25395,0.25190,0.25190,0.04261,0,1
ag,5120,10240,512,gpu,18,c_fluxgemm,1,0.28058,0.27750,0.27955,0.03541,0,1
ag,5120,10240,512,gpu,18,c_flux_ag,0,0.14026,0.11904,0.14026,0.04871,0,1
ag,5120,10240,512,gpu,18,A_fused,2,0.43827,0.41779,0.41779,0.06353,0,1
ag,5120,10240,512,gpu,19,c_cublas,3,0.25395,0.25293,0.25293,0.03494,0,1
ag,5120,10240,512,gpu,19,c_fluxgemm,0,0.28160,0.27853,0.27853,0.03651,0,1
ag,5120,10240,512,gpu,19,c_flux_ag,2,0.14669,0.11405,0.14669,0.04511,0,1
ag,5120,10240,512,gpu,19,A_fused,1,0.41370,0.39526,0.40141,0.06591,0,1
ag,5120,10240,512,gpu,20,c_cublas,2,0.25293,0.25190,0.25190,0.03428,1410,1
ag,5120,10240,512,gpu,20,c_fluxgemm,3,0.28058,0.27648,0.27648,0.03710,1410,1
ag,5120,10240,512,gpu,20,c_flux_ag,0,0.10483,0.09002,0.10483,0.04926,1410,1
ag,5120,10240,512,gpu,20,A_fused,1,0.40346,0.37786,0.37786,0.07051,1410,1
ag,5120,10240,512,gpu,21,c_cublas,1,0.25293,0.25190,0.25190,0.03421,1410,1
ag,5120,10240,512,gpu,21,c_fluxgemm,0,0.28058,0.27750,0.27750,0.03313,1410,1
ag,5120,10240,512,gpu,21,c_flux_ag,3,0.09258,0.08726,0.09258,0.04474,1410,1
ag,5120,10240,512,gpu,21,A_fused,2,0.38298,0.37786,0.37990,0.06960,1410,1
ag,5120,10240,512,gpu,22,c_cublas,1,0.25395,0.25190,0.25293,0.03477,1410,1
ag,5120,10240,512,gpu,22,c_fluxgemm,0,0.27955,0.27648,0.27648,0.03522,1410,1
ag,5120,10240,512,gpu,22,c_flux_ag,2,0.12778,0.12573,0.12778,0.04927,1410,1
ag,5120,10240,512,gpu,22,A_fused,3,0.43008,0.41370,0.41370,0.06427,1410,1
ag,5120,10240,512,gpu,23,c_cublas,0,0.25600,0.25293,0.25395,0.03485,1410,1
ag,5120,10240,512,gpu,23,c_fluxgemm,3,0.28058,0.27853,0.27853,0.03266,1410,1
ag,5120,10240,512,gpu,23,c_flux_ag,1,0.11898,0.09987,0.11034,0.05002,1410,1
ag,5120,10240,512,gpu,23,A_fused,2,0.40141,0.39629,0.39936,0.06568,1410,1
ag,5120,10240,512,gpu,24,c_cublas,3,0.25293,0.25190,0.25190,0.03448,1410,1
ag,5120,10240,512,gpu,24,c_fluxgemm,0,0.27955,0.27750,0.27750,0.03271,1410,1
ag,5120,10240,512,gpu,24,c_flux_ag,1,0.13520,0.11923,0.13344,0.04860,1410,1
ag,5120,10240,512,gpu,24,A_fused,2,0.40448,0.37683,0.40243,0.06378,1410,1
ag,5120,10240,512,gpu,25,c_cublas,0,0.25293,0.25190,0.25190,0.03170,1410,1
ag,5120,10240,512,gpu,25,c_fluxgemm,1,0.28058,0.27750,0.27750,0.03670,1410,1
ag,5120,10240,512,gpu,25,c_flux_ag,3,0.11674,0.09779,0.10342,0.04698,1410,1
ag,5120,10240,512,gpu,25,A_fused,2,0.38707,0.36966,0.38707,0.06625,1410,1
ag,5120,10240,512,gpu,26,c_cublas,1,0.25395,0.25190,0.25190,0.03508,1410,1
ag,5120,10240,512,gpu,26,c_fluxgemm,3,0.27955,0.27955,0.27955,0.03245,1410,1
ag,5120,10240,512,gpu,26,c_flux_ag,0,0.09014,0.08758,0.08758,0.04433,1410,1
ag,5120,10240,512,gpu,26,A_fused,2,0.38195,0.37888,0.38093,0.06921,1410,1
ag,5120,10240,512,gpu,27,c_cublas,2,0.25395,0.25190,0.25190,0.04257,1410,1
ag,5120,10240,512,gpu,27,c_fluxgemm,0,0.27955,0.27750,0.27750,0.03155,1410,1
ag,5120,10240,512,gpu,27,c_flux_ag,1,0.16890,0.13594,0.14330,0.04907,1410,1
ag,5120,10240,512,gpu,27,A_fused,3,0.40550,0.38605,0.40346,0.06719,1410,1
ag,5120,10240,512,gpu,28,c_cublas,3,0.25293,0.25190,0.25293,0.03458,1410,1
ag,5120,10240,512,gpu,28,c_fluxgemm,1,0.28058,0.27853,0.27853,0.03456,1410,1
ag,5120,10240,512,gpu,28,c_flux_ag,0,0.11776,0.11178,0.11178,0.04724,1410,1
ag,5120,10240,512,gpu,28,A_fused,2,0.42291,0.37376,0.37376,0.06974,1410,1
ag,5120,10240,512,gpu,29,c_cublas,3,0.25395,0.25190,0.25293,0.03436,1410,1
ag,5120,10240,512,gpu,29,c_fluxgemm,1,0.28262,0.27648,0.27648,0.03619,1410,1
ag,5120,10240,512,gpu,29,c_flux_ag,0,0.13683,0.12304,0.13085,0.05039,1410,1
ag,5120,10240,512,gpu,29,A_fused,2,0.40550,0.38195,0.39834,0.06378,1410,1
ag,5120,10240,512,gpu,30,c_cublas,2,0.25498,0.25293,0.25498,0.03393,1410,1
ag,5120,10240,512,gpu,30,c_fluxgemm,0,0.28058,0.27648,0.27648,0.03683,1410,1
ag,5120,10240,512,gpu,30,c_flux_ag,3,0.09219,0.09082,0.09082,0.05651,1410,1
ag,5120,10240,512,gpu,30,A_fused,1,0.40755,0.39117,0.39424,0.06621,1410,1
ag,5120,10240,512,gpu,31,c_cublas,1,0.25395,0.25190,0.25293,0.03434,1410,1
ag,5120,10240,512,gpu,31,c_fluxgemm,2,0.27955,0.27648,0.27648,0.03625,1410,1
ag,5120,10240,512,gpu,31,c_flux_ag,3,0.18275,0.13213,0.14080,0.04869,1410,1
ag,5120,10240,512,gpu,31,A_fused,0,0.39526,0.38298,0.38707,0.06587,1410,1
ag,5120,10240,512,gpu,32,c_cublas,3,0.25293,0.25190,0.25190,0.03425,1410,1
ag,5120,10240,512,gpu,32,c_fluxgemm,0,0.28160,0.27853,0.27853,0.03513,1410,1
ag,5120,10240,512,gpu,32,c_flux_ag,1,0.10883,0.09619,0.10883,0.04781,1410,1
ag,5120,10240,512,gpu,32,A_fused,2,0.41984,0.40346,0.40346,0.06392,1410,1
ag,5120,10240,512,gpu,33,c_cublas,1,0.25395,0.25088,0.25190,0.03376,1410,1
ag,5120,10240,512,gpu,33,c_fluxgemm,3,0.28058,0.27750,0.27750,0.03344,1410,1
ag,5120,10240,512,gpu,33,c_flux_ag,0,0.09626,0.09059,0.09165,0.05083,1410,1
ag,5120,10240,512,gpu,33,A_fused,2,0.41472,0.40755,0.41370,0.06961,1410,1
ag,5120,10240,512,gpu,34,c_cublas,0,0.25293,0.25190,0.25293,0.03426,1410,1
ag,5120,10240,512,gpu,34,c_fluxgemm,1,0.28160,0.27750,0.27750,0.04196,1410,1
ag,5120,10240,512,gpu,34,c_flux_ag,2,0.10470,0.09642,0.10214,0.04974,1410,1
ag,5120,10240,512,gpu,34,A_fused,3,0.40755,0.39322,0.40653,0.06328,1410,1
ag,5120,10240,512,gpu,35,c_cublas,2,0.25395,0.25190,0.25293,0.04446,1410,1
ag,5120,10240,512,gpu,35,c_fluxgemm,0,0.28058,0.27853,0.27955,0.04582,1410,1
ag,5120,10240,512,gpu,35,c_flux_ag,1,0.11155,0.09376,0.09376,0.04946,1410,1
ag,5120,10240,512,gpu,35,A_fused,3,0.39834,0.37171,0.38093,0.06957,1410,1
ag,5120,10240,512,gpu,36,c_cublas,1,0.25498,0.25190,0.25190,0.03363,1410,1
ag,5120,10240,512,gpu,36,c_fluxgemm,3,0.27955,0.27750,0.27750,0.03574,1410,1
ag,5120,10240,512,gpu,36,c_flux_ag,2,0.14960,0.11949,0.11949,0.04886,1410,1
ag,5120,10240,512,gpu,36,A_fused,0,0.41677,0.40550,0.41677,0.07066,1410,1
ag,5120,10240,512,gpu,37,c_cublas,1,0.25395,0.25190,0.25190,0.03480,1410,1
ag,5120,10240,512,gpu,37,c_fluxgemm,3,0.27955,0.27750,0.27955,0.03363,1410,1
ag,5120,10240,512,gpu,37,c_flux_ag,0,0.12371,0.11386,0.11482,0.04795,1410,1
ag,5120,10240,512,gpu,37,A_fused,2,0.38502,0.37990,0.38195,0.06766,1410,1
ag,5120,10240,512,gpu,38,c_cublas,3,0.25395,0.25190,0.25190,0.03455,1410,1
ag,5120,10240,512,gpu,38,c_fluxgemm,2,0.28160,0.27750,0.27750,0.03314,1410,1
ag,5120,10240,512,gpu,38,c_flux_ag,0,0.12448,0.11322,0.12448,0.04953,1410,1
ag,5120,10240,512,gpu,38,A_fused,1,0.42086,0.39117,0.40755,0.06318,1410,1
ag,5120,10240,512,gpu,39,c_cublas,3,0.25395,0.25293,0.25293,0.03406,1410,1
ag,5120,10240,512,gpu,39,c_fluxgemm,1,0.28058,0.27750,0.27750,0.03518,1410,1
ag,5120,10240,512,gpu,39,c_flux_ag,0,0.09664,0.09181,0.09181,0.05055,1410,1
ag,5120,10240,512,gpu,39,A_fused,2,0.39424,0.38298,0.38298,0.06628,1410,1
ag,5120,10240,512,gpu,40,c_cublas,3,0.25395,0.25190,0.25190,0.03490,1410,1
ag,5120,10240,512,gpu,40,c_fluxgemm,1,0.27955,0.27648,0.27750,0.03290,1410,1
ag,5120,10240,512,gpu,40,c_flux_ag,2,0.12752,0.11603,0.12752,0.04944,1410,1
ag,5120,10240,512,gpu,40,A_fused,0,0.38298,0.36659,0.36659,0.06710,1410,1
ag,5120,10240,512,gpu,41,c_cublas,1,0.25395,0.25190,0.25190,0.04053,1410,1
ag,5120,10240,512,gpu,41,c_fluxgemm,0,0.28058,0.27853,0.27853,0.03634,1410,1
ag,5120,10240,512,gpu,41,c_flux_ag,2,0.16365,0.14314,0.14314,0.05025,1410,1
ag,5120,10240,512,gpu,41,A_fused,3,0.41267,0.39834,0.40243,0.06474,1410,1
ag,5120,10240,512,gpu,42,c_cublas,0,0.25498,0.25088,0.25190,0.05715,1410,1
ag,5120,10240,512,gpu,42,c_fluxgemm,2,0.28160,0.27853,0.27853,0.03467,1410,1
ag,5120,10240,512,gpu,42,c_flux_ag,1,0.13757,0.11683,0.13757,0.05048,1410,1
ag,5120,10240,512,gpu,42,A_fused,3,0.41370,0.38912,0.39731,0.06375,1410,1
ag,5120,10240,512,gpu,43,c_cublas,3,0.25498,0.25293,0.25293,0.03442,1410,1
ag,5120,10240,512,gpu,43,c_fluxgemm,0,0.28262,0.27750,0.27750,0.03430,1410,1
ag,5120,10240,512,gpu,43,c_flux_ag,1,0.09661,0.08944,0.09619,0.04906,1410,1
ag,5120,10240,512,gpu,43,A_fused,2,0.40448,0.37171,0.39014,0.06263,1410,1
ag,5120,10240,512,gpu,44,c_cublas,2,0.25395,0.25190,0.25190,0.07841,1410,1
ag,5120,10240,512,gpu,44,c_fluxgemm,3,0.27955,0.27853,0.27853,0.03735,1410,1
ag,5120,10240,512,gpu,44,c_flux_ag,0,0.09091,0.08790,0.08790,0.05077,1410,1
ag,5120,10240,512,gpu,44,A_fused,1,0.40858,0.38400,0.39731,0.06727,1410,1
ag,5120,10240,512,gpu,45,c_cublas,3,0.25395,0.25190,0.25190,0.03443,1410,1
ag,5120,10240,512,gpu,45,c_fluxgemm,0,0.27955,0.27853,0.27853,0.03286,1410,1
ag,5120,10240,512,gpu,45,c_flux_ag,2,0.11542,0.08733,0.08733,0.04508,1410,1
ag,5120,10240,512,gpu,45,A_fused,1,0.42906,0.41984,0.41984,0.06488,1410,1
ag,5120,10240,512,gpu,46,c_cublas,2,0.25293,0.25190,0.25190,0.03463,1410,1
ag,5120,10240,512,gpu,46,c_fluxgemm,1,0.28160,0.27750,0.27853,0.03566,1410,1
ag,5120,10240,512,gpu,46,c_flux_ag,0,0.15850,0.13082,0.13082,0.04953,1410,1
ag,5120,10240,512,gpu,46,A_fused,3,0.41165,0.40448,0.41062,0.06810,1410,1
ag,5120,10240,512,gpu,47,c_cublas,0,0.25498,0.25293,0.25395,0.03422,1410,1
ag,5120,10240,512,gpu,47,c_fluxgemm,2,0.28058,0.27853,0.27853,0.03466,1410,1
ag,5120,10240,512,gpu,47,c_flux_ag,1,0.10803,0.09821,0.10803,0.05009,1410,1
ag,5120,10240,512,gpu,47,A_fused,3,0.40038,0.38707,0.40038,0.06532,1410,1
ag,5120,10240,512,gpu,48,c_cublas,1,0.25498,0.25293,0.25293,0.04274,1410,1
ag,5120,10240,512,gpu,48,c_fluxgemm,2,0.28058,0.27853,0.27955,0.04543,1410,1
ag,5120,10240,512,gpu,48,c_flux_ag,0,0.10179,0.08707,0.08707,0.08802,1410,1
ag,5120,10240,512,gpu,48,A_fused,3,0.41574,0.39526,0.39526,0.06750,1410,1
ag,5120,10240,512,gpu,49,c_cublas,0,0.25395,0.25190,0.25293,0.03531,1410,1
ag,5120,10240,512,gpu,49,c_fluxgemm,3,0.28058,0.27750,0.27750,0.03896,1410,1
ag,5120,10240,512,gpu,49,c_flux_ag,1,0.08998,0.08534,0.08822,0.04962,1410,1
ag,5120,10240,512,gpu,49,A_fused,2,0.42291,0.40448,0.41062,0.06268,1410,1
ag,5120,10240,512,gpu,50,c_cublas,3,0.25395,0.25190,0.25190,0.03470,1410,1
ag,5120,10240,512,gpu,50,c_fluxgemm,0,0.27955,0.27750,0.27750,0.03320,1410,1
ag,5120,10240,512,gpu,50,c_flux_ag,1,0.15629,0.13763,0.13763,0.04846,1410,1
ag,5120,10240,512,gpu,50,A_fused,2,0.41677,0.40141,0.40141,0.06306,1410,1
ag,5120,10240,512,gpu,51,c_cublas,2,0.25498,0.25293,0.25293,0.03437,1410,1
ag,5120,10240,512,gpu,51,c_fluxgemm,3,0.28160,0.27853,0.27853,0.03555,1410,1
ag,5120,10240,512,gpu,51,c_flux_ag,1,0.11162,0.10115,0.10550,0.05190,1410,1
ag,5120,10240,512,gpu,51,A_fused,0,0.41574,0.40653,0.41267,0.06933,1410,1
ag,5120,10240,512,gpu,52,c_cublas,3,0.25293,0.25190,0.25293,0.03487,1410,1
ag,5120,10240,512,gpu,52,c_fluxgemm,1,0.28058,0.27750,0.27750,0.03584,1410,1
ag,5120,10240,512,gpu,52,c_flux_ag,0,0.11824,0.09990,0.11824,0.05060,1410,1
ag,5120,10240,512,gpu,52,A_fused,2,0.40448,0.37888,0.37888,0.07182,1410,1
ag,5120,10240,512,gpu,53,c_cublas,2,0.25293,0.25190,0.25190,0.03393,1410,1
ag,5120,10240,512,gpu,53,c_fluxgemm,3,0.27955,0.27648,0.27648,0.03600,1410,1
ag,5120,10240,512,gpu,53,c_flux_ag,0,0.09315,0.09030,0.09190,0.05807,1410,1
ag,5120,10240,512,gpu,53,A_fused,1,0.40448,0.38400,0.40038,0.06592,1410,1
ag,5120,10240,512,gpu,54,c_cublas,1,0.25395,0.25190,0.25190,0.03457,1410,1
ag,5120,10240,512,gpu,54,c_fluxgemm,0,0.27955,0.27750,0.27750,0.03320,1410,1
ag,5120,10240,512,gpu,54,c_flux_ag,3,0.10400,0.09133,0.09926,0.04651,1410,1
ag,5120,10240,512,gpu,54,A_fused,2,0.45056,0.43725,0.45056,0.06763,1410,1
ag,5120,10240,512,gpu,55,c_cublas,1,0.25498,0.25395,0.25395,0.03437,1410,1
ag,5120,10240,512,gpu,55,c_fluxgemm,0,0.28058,0.27750,0.28058,0.03557,1410,1
ag,5120,10240,512,gpu,55,c_flux_ag,3,0.11805,0.10864,0.10864,0.04507,1410,1
ag,5120,10240,512,gpu,55,A_fused,2,0.41882,0.40960,0.41882,0.06735,1410,1
ag,5120,10240,512,gpu,56,c_cublas,0,0.25395,0.25190,0.25190,0.03479,1410,1
ag,5120,10240,512,gpu,56,c_fluxgemm,3,0.28058,0.27648,0.27648,0.03350,1410,1
ag,5120,10240,512,gpu,56,c_flux_ag,1,0.11667,0.09402,0.10771,0.04859,1410,1
ag,5120,10240,512,gpu,56,A_fused,2,0.40346,0.38093,0.39629,0.07246,1410,1
ag,5120,10240,512,gpu,57,c_cublas,3,0.25395,0.25190,0.25190,0.03463,1410,1
ag,5120,10240,512,gpu,57,c_fluxgemm,0,0.27853,0.27750,0.27750,0.03210,1410,1
ag,5120,10240,512,gpu,57,c_flux_ag,1,0.11952,0.09491,0.09491,0.04946,1410,1
ag,5120,10240,512,gpu,57,A_fused,2,0.39834,0.37888,0.39834,0.06434,1410,1
ag,5120,10240,512,gpu,58,c_cublas,0,0.25395,0.25088,0.25088,0.03202,1410,1
ag,5120,10240,512,gpu,58,c_fluxgemm,3,0.27955,0.27648,0.27648,0.03345,1410,1
ag,5120,10240,512,gpu,58,c_flux_ag,1,0.11078,0.09178,0.09178,0.05121,1410,1
ag,5120,10240,512,gpu,58,A_fused,2,0.38912,0.38093,0.38298,0.06514,1410,1
ag,5120,10240,512,gpu,59,c_cublas,3,0.25498,0.25395,0.25395,0.03475,1410,1
ag,5120,10240,512,gpu,59,c_fluxgemm,2,0.28160,0.27853,0.27853,0.03366,1410,1
ag,5120,10240,512,gpu,59,c_flux_ag,0,0.17802,0.14480,0.14771,0.04960,1410,1
ag,5120,10240,512,gpu,59,A_fused,1,0.39219,0.37581,0.39014,0.06571,1410,1
ag,5120,10240,512,gpu,60,c_cublas,1,0.25395,0.25190,0.25293,0.03392,1410,1
ag,5120,10240,512,gpu,60,c_fluxgemm,3,0.27853,0.27750,0.27750,0.03472,1410,1
ag,5120,10240,512,gpu,60,c_flux_ag,2,0.09520,0.08694,0.08810,0.05029,1410,1
ag,5120,10240,512,gpu,60,A_fused,0,0.41677,0.41370,0.41677,0.07225,1410,1
ag,5120,10240,512,gpu,61,c_cublas,2,0.25395,0.25190,0.25190,0.03461,1410,1
ag,5120,10240,512,gpu,61,c_fluxgemm,0,0.27955,0.27648,0.27750,0.03212,1410,1
ag,5120,10240,512,gpu,61,c_flux_ag,1,0.10816,0.09626,0.10816,0.04830,1410,1
ag,5120,10240,512,gpu,61,A_fused,3,0.39731,0.39322,0.39731,0.06720,1410,1
ag,5120,10240,512,gpu,62,c_cublas,1,0.25293,0.25190,0.25190,0.03398,1410,1
ag,5120,10240,512,gpu,62,c_fluxgemm,2,0.28160,0.27955,0.28160,0.03611,1410,1
ag,5120,10240,512,gpu,62,c_flux_ag,3,0.10278,0.09514,0.09514,0.04868,1410,1
ag,5120,10240,512,gpu,62,A_fused,0,0.38605,0.36864,0.38605,0.06877,1410,1
ag,5120,10240,512,gpu,63,c_cublas,0,0.25498,0.25190,0.25190,0.03472,1410,1
ag,5120,10240,512,gpu,63,c_fluxgemm,1,0.28058,0.27853,0.27853,0.03594,1410,1
ag,5120,10240,512,gpu,63,c_flux_ag,2,0.17930,0.13782,0.13782,0.05012,1410,1
ag,5120,10240,512,gpu,63,A_fused,3,0.40243,0.36250,0.37888,0.06476,1410,1
ag,5120,10240,512,gpu,64,c_cublas,3,0.25395,0.25190,0.25190,0.03440,1410,1
ag,5120,10240,512,gpu,64,c_fluxgemm,1,0.28160,0.27750,0.27750,0.03415,1410,1
ag,5120,10240,512,gpu,64,c_flux_ag,0,0.09690,0.08864,0.09670,0.04619,1410,1
ag,5120,10240,512,gpu,64,A_fused,2,0.41984,0.40653,0.40653,0.06411,1410,1
ag,5120,10240,512,gpu,65,c_cublas,2,0.25395,0.25190,0.25190,0.03479,1410,1
ag,5120,10240,512,gpu,65,c_fluxgemm,1,0.28160,0.27750,0.27750,0.04295,1410,1
ag,5120,10240,512,gpu,65,c_flux_ag,0,0.74624,0.12765,0.73949,0.05080,1410,1
ag,5120,10240,512,gpu,65,A_fused,3,0.40346,0.37683,0.40346,0.06669,1410,1
ag,5120,10240,512,gpu,66,c_cublas,2,0.25498,0.25293,0.25293,0.03452,1410,1
ag,5120,10240,512,gpu,66,c_fluxgemm,0,0.27955,0.27750,0.27853,0.03468,1410,1
ag,5120,10240,512,gpu,66,c_flux_ag,3,0.10474,0.08966,0.08966,0.05027,1410,1
ag,5120,10240,512,gpu,66,A_fused,1,0.40346,0.37888,0.40346,0.06508,1410,1
ag,5120,10240,512,gpu,67,c_cublas,3,0.25498,0.25293,0.25293,0.04221,1410,1
ag,5120,10240,512,gpu,67,c_fluxgemm,2,0.28058,0.27853,0.27853,0.03405,1410,1
ag,5120,10240,512,gpu,67,c_flux_ag,1,0.10771,0.09306,0.10221,0.04458,1410,1
ag,5120,10240,512,gpu,67,A_fused,0,0.57037,0.41574,0.41574,0.06695,1410,1
ag,5120,10240,512,gpu,68,c_cublas,2,0.25498,0.25395,0.25395,0.03462,1410,1
ag,5120,10240,512,gpu,68,c_fluxgemm,0,0.28160,0.27750,0.27750,0.03782,1410,1
ag,5120,10240,512,gpu,68,c_flux_ag,1,0.17571,0.13482,0.13482,0.04912,1410,1
ag,5120,10240,512,gpu,68,A_fused,3,0.41779,0.40550,0.41779,0.06694,1410,1
ag,5120,10240,512,gpu,69,c_cublas,0,0.25293,0.25190,0.25293,0.03767,1410,1
ag,5120,10240,512,gpu,69,c_fluxgemm,1,0.27853,0.27750,0.27750,0.03610,1410,1
ag,5120,10240,512,gpu,69,c_flux_ag,2,0.12832,0.10483,0.11622,0.04810,1410,1
ag,5120,10240,512,gpu,69,A_fused,3,0.41062,0.39629,0.39629,0.06222,1410,1
ag,5120,10240,512,gpu,70,c_cublas,2,0.25498,0.25293,0.25293,0.03464,1410,1
ag,5120,10240,512,gpu,70,c_fluxgemm,1,0.27853,0.27750,0.27750,0.03259,1410,1
ag,5120,10240,512,gpu,70,c_flux_ag,3,0.11005,0.09741,0.11005,0.05722,1410,1
ag,5120,10240,512,gpu,70,A_fused,0,0.40038,0.37786,0.40038,0.06463,1410,1
ag,5120,10240,512,gpu,71,c_cublas,2,0.25498,0.25395,0.25395,0.03420,1410,1
ag,5120,10240,512,gpu,71,c_fluxgemm,3,0.28058,0.27648,0.27648,0.03572,1410,1
ag,5120,10240,512,gpu,71,c_flux_ag,0,0.10925,0.08922,0.10925,0.04617,1410,1
ag,5120,10240,512,gpu,71,A_fused,1,0.40755,0.37274,0.37274,0.06401,1410,1
ag,5120,10240,512,gpu,72,c_cublas,3,0.25395,0.25190,0.25190,0.03432,1410,1
ag,5120,10240,512,gpu,72,c_fluxgemm,0,0.28160,0.27853,0.27853,0.03242,1410,1
ag,5120,10240,512,gpu,72,c_flux_ag,1,0.09424,0.09056,0.09424,0.04867,1410,1
ag,5120,10240,512,gpu,72,A_fused,2,0.42189,0.41062,0.41165,0.07024,1410,1
ag,5120,10240,512,gpu,73,c_cublas,1,0.25395,0.25190,0.25293,0.03381,1410,1
ag,5120,10240,512,gpu,73,c_fluxgemm,0,0.27955,0.27750,0.27853,0.03638,1410,1
ag,5120,10240,512,gpu,73,c_flux_ag,2,0.15763,0.14432,0.14432,0.04903,1410,1
ag,5120,10240,512,gpu,73,A_fused,3,0.41267,0.39629,0.40243,0.06302,1410,1
ag,5120,10240,512,gpu,74,c_cublas,3,0.25293,0.25190,0.25293,0.03482,1410,1
ag,5120,10240,512,gpu,74,c_fluxgemm,1,0.28160,0.27750,0.27750,0.03266,1410,1
ag,5120,10240,512,gpu,74,c_flux_ag,2,0.11674,0.09894,0.11469,0.04728,1410,1
ag,5120,10240,512,gpu,74,A_fused,0,0.37990,0.36966,0.36966,0.07364,1410,1
ag,5120,10240,512,gpu,75,c_cublas,0,0.25395,0.25293,0.25293,0.03149,1410,1
ag,5120,10240,512,gpu,75,c_fluxgemm,1,0.28262,0.27750,0.27750,0.03604,1410,1
ag,5120,10240,512,gpu,75,c_flux_ag,3,0.11418,0.10544,0.10544,0.04404,1410,1
ag,5120,10240,512,gpu,75,A_fused,2,0.40141,0.39014,0.40141,0.06558,1410,1
ag,5120,10240,512,gpu,76,c_cublas,2,0.25395,0.25293,0.25293,0.03562,1410,1
ag,5120,10240,512,gpu,76,c_fluxgemm,0,0.28058,0.27853,0.27853,0.03525,1410,1
ag,5120,10240,512,gpu,76,c_flux_ag,1,0.12173,0.09635,0.10582,0.04764,1410,1
ag,5120,10240,512,gpu,76,A_fused,3,0.41267,0.40141,0.41267,0.06731,1410,1
ag,5120,10240,512,gpu,77,c_cublas,3,0.25395,0.25190,0.25190,0.04188,1410,1
ag,5120,10240,512,gpu,77,c_fluxgemm,1,0.28058,0.27750,0.27750,0.03269,1410,1
ag,5120,10240,512,gpu,77,c_flux_ag,2,0.09190,0.08451,0.08451,0.04739,1410,1
ag,5120,10240,512,gpu,77,A_fused,0,0.41779,0.39424,0.41779,0.06653,1410,1
ag,5120,10240,512,gpu,78,c_cublas,2,0.25395,0.25190,0.25190,0.03440,1410,1
ag,5120,10240,512,gpu,78,c_fluxgemm,1,0.27955,0.27750,0.27955,0.03470,1410,1
ag,5120,10240,512,gpu,78,c_flux_ag,0,0.16064,0.14566,0.14566,0.04965,1410,1
ag,5120,10240,512,gpu,78,A_fused,3,0.39014,0.36966,0.37581,0.06867,1410,1
ag,5120,10240,512,gpu,79,c_cublas,1,0.25395,0.25088,0.25088,0.03428,1410,1
ag,5120,10240,512,gpu,79,c_fluxgemm,2,0.28160,0.27955,0.27955,0.03582,1410,1
ag,5120,10240,512,gpu,79,c_flux_ag,0,0.11795,0.09488,0.11795,0.04695,1410,1
ag,5120,10240,512,gpu,79,A_fused,3,0.40550,0.39526,0.39629,0.06565,1410,1
ag,5120,10240,512,gpu,80,c_cublas,1,0.25395,0.25190,0.25190,0.03444,1410,1
ag,5120,10240,512,gpu,80,c_fluxgemm,3,0.27955,0.27648,0.27648,0.03639,1410,1
ag,5120,10240,512,gpu,80,c_flux_ag,2,0.09686,0.09043,0.09043,0.04929,1410,1
ag,5120,10240,512,gpu,80,A_fused,0,0.40858,0.39834,0.40653,0.06489,1410,1
ag,5120,10240,512,gpu,81,c_cublas,3,0.25395,0.25190,0.25190,0.03436,1410,1
ag,5120,10240,512,gpu,81,c_fluxgemm,0,0.27955,0.27648,0.27750,0.03224,1410,1
ag,5120,10240,512,gpu,81,c_flux_ag,1,0.15069,0.11984,0.15069,0.04963,1410,1
ag,5120,10240,512,gpu,81,A_fused,2,0.40653,0.37990,0.40653,0.06338,1410,1
ag,5120,10240,512,gpu,82,c_cublas,0,0.25395,0.25190,0.25190,0.03133,1410,1
ag,5120,10240,512,gpu,82,c_fluxgemm,1,0.28262,0.27853,0.27853,0.03627,1410,1
ag,5120,10240,512,gpu,82,c_flux_ag,2,0.15923,0.14275,0.14496,0.04876,1410,1
ag,5120,10240,512,gpu,82,A_fused,3,0.40960,0.37376,0.37376,0.06224,1410,1
ag,5120,10240,512,gpu,83,c_cublas,1,0.25395,0.25190,0.25190,0.03385,1410,1
ag,5120,10240,512,gpu,83,c_fluxgemm,3,0.28058,0.27750,0.27750,0.03471,1410,1
ag,5120,10240,512,gpu,83,c_flux_ag,2,0.11616,0.09462,0.10992,0.05119,1410,1
ag,5120,10240,512,gpu,83,A_fused,0,0.38400,0.37069,0.37069,0.06559,1410,1
ag,5120,10240,512,gpu,84,c_cublas,3,0.25293,0.25088,0.25190,0.03501,1410,1
ag,5120,10240,512,gpu,84,c_fluxgemm,2,0.28058,0.27853,0.27853,0.03453,1410,1
ag,5120,10240,512,gpu,84,c_flux_ag,1,0.11702,0.10355,0.10355,0.04429,1410,1
ag,5120,10240,512,gpu,84,A_fused,0,0.38093,0.37171,0.37171,0.06681,1410,1
ag,5120,10240,512,gpu,85,c_cublas,0,0.25293,0.25190,0.25190,0.03144,1410,1
ag,5120,10240,512,gpu,85,c_fluxgemm,3,0.27955,0.27648,0.27648,0.03303,1410,1
ag,5120,10240,512,gpu,85,c_flux_ag,1,0.09869,0.09427,0.09427,0.04992,1410,1
ag,5120,10240,512,gpu,85,A_fused,2,0.38400,0.36864,0.38400,0.06583,1410,1
ag,5120,10240,512,gpu,86,c_cublas,1,0.25395,0.25190,0.25190,0.03453,1410,1
ag,5120,10240,512,gpu,86,c_fluxgemm,0,0.27955,0.27648,0.27750,0.03494,1410,1
ag,5120,10240,512,gpu,86,c_flux_ag,3,0.14800,0.14314,0.14406,0.04521,1410,1
ag,5120,10240,512,gpu,86,A_fused,2,0.42086,0.41062,0.41472,0.07530,1410,1
ag,5120,10240,512,gpu,87,c_cublas,3,0.25395,0.25293,0.25293,0.03450,1410,1
ag,5120,10240,512,gpu,87,c_fluxgemm,2,0.28058,0.27853,0.27853,0.03442,1410,1
ag,5120,10240,512,gpu,87,c_flux_ag,1,0.09184,0.08486,0.08778,0.04448,1410,1
ag,5120,10240,512,gpu,87,A_fused,0,0.41882,0.40653,0.40653,0.06472,1410,1
ag,5120,10240,512,gpu,88,c_cublas,3,0.25293,0.25190,0.25190,0.03415,1410,1
ag,5120,10240,512,gpu,88,c_fluxgemm,0,0.28160,0.27853,0.27955,0.05234,1410,1
ag,5120,10240,512,gpu,88,c_flux_ag,1,0.09834,0.09062,0.09062,0.04882,1410,1
ag,5120,10240,512,gpu,88,A_fused,2,0.40141,0.38502,0.40141,0.06444,1410,1
ag,5120,10240,512,gpu,89,c_cublas,2,0.25293,0.25190,0.25293,0.03429,1410,1
ag,5120,10240,512,gpu,89,c_fluxgemm,0,0.28262,0.27853,0.27853,0.03668,1410,1
ag,5120,10240,512,gpu,89,c_flux_ag,1,0.11968,0.11194,0.11194,0.04913,1410,1
ag,5120,10240,512,gpu,89,A_fused,3,0.38912,0.37581,0.37581,0.06818,1410,1
ag,5120,10240,512,gpu,90,c_cublas,1,0.25293,0.25190,0.25190,0.03417,1410,1
ag,5120,10240,512,gpu,90,c_fluxgemm,2,0.28058,0.27955,0.27955,0.03522,1410,1
ag,5120,10240,512,gpu,90,c_flux_ag,3,0.12774,0.11629,0.11629,0.04801,1410,1
ag,5120,10240,512,gpu,90,A_fused,0,0.38502,0.36966,0.37683,0.06558,1410,1
ag,5120,10240,512,gpu,91,c_cublas,0,0.25498,0.25395,0.25395,0.03482,1410,1
ag,5120,10240,512,gpu,91,c_fluxgemm,2,0.28058,0.27648,0.27750,0.03307,1410,1
ag,5120,10240,512,gpu,91,c_flux_ag,3,0.10496,0.08982,0.09955,0.04972,1410,1
ag,5120,10240,512,gpu,91,A_fused,1,0.44237,0.43110,0.43418,0.06711,1410,1
ag,5120,10240,512,gpu,92,c_cublas,3,0.25395,0.25190,0.25190,0.03460,1410,1
ag,5120,10240,512,gpu,92,c_fluxgemm,2,0.28160,0.27853,0.27853,0.03399,1410,1
ag,5120,10240,512,gpu,92,c_flux_ag,1,0.09747,0.08576,0.09747,0.04463,1410,1
ag,5120,10240,512,gpu,92,A_fused,0,0.42906,0.40243,0.40960,0.06582,1410,1
ag,5120,10240,512,gpu,93,c_cublas,2,0.25395,0.25190,0.25190,0.03489,1410,1
ag,5120,10240,512,gpu,93,c_fluxgemm,0,0.28058,0.27648,0.27750,0.03564,1410,1
ag,5120,10240,512,gpu,93,c_flux_ag,1,0.11834,0.09923,0.11834,0.05003,1410,1
ag,5120,10240,512,gpu,93,A_fused,3,0.41267,0.40755,0.41267,0.06717,1410,1
ag,5120,10240,512,gpu,94,c_cublas,3,0.25395,0.25190,0.25190,0.03396,1410,1
ag,5120,10240,512,gpu,94,c_fluxgemm,1,0.27955,0.27750,0.27853,0.03421,1410,1
ag,5120,10240,512,gpu,94,c_flux_ag,0,0.09078,0.08682,0.08739,0.04811,1410,1
ag,5120,10240,512,gpu,94,A_fused,2,0.38195,0.37683,0.37683,0.06373,1410,1
ag,5120,10240,512,gpu,95,c_cublas,1,0.25395,0.25293,0.25395,0.04065,1410,1
ag,5120,10240,512,gpu,95,c_fluxgemm,0,0.28058,0.27853,0.27853,0.03634,1410,1
ag,5120,10240,512,gpu,95,c_flux_ag,2,0.16214,0.14906,0.14906,0.05064,1410,1
ag,5120,10240,512,gpu,95,A_fused,3,0.41574,0.37683,0.41574,0.06442,1410,1
ag,5120,10240,512,gpu,96,c_cublas,2,0.25395,0.25293,0.25293,0.03415,1410,1
ag,5120,10240,512,gpu,96,c_fluxgemm,1,0.28058,0.27955,0.27955,0.03392,1410,1
ag,5120,10240,512,gpu,96,c_flux_ag,0,0.10374,0.09971,0.10243,0.04716,1410,1
ag,5120,10240,512,gpu,96,A_fused,3,0.39014,0.37478,0.38195,0.06852,1410,1
ag,5120,10240,512,gpu,97,c_cublas,1,0.25293,0.25190,0.25293,0.03382,1410,1
ag,5120,10240,512,gpu,97,c_fluxgemm,3,0.28058,0.27853,0.27955,0.03493,1410,1
ag,5120,10240,512,gpu,97,c_flux_ag,2,0.09318,0.09149,0.09312,0.04951,1410,1
ag,5120,10240,512,gpu,97,A_fused,0,0.41370,0.40550,0.41370,0.06567,1410,1
ag,5120,10240,512,gpu,98,c_cublas,3,0.25293,0.25190,0.25190,0.04274,1410,1
ag,5120,10240,512,gpu,98,c_fluxgemm,2,0.28058,0.27750,0.27750,0.03251,1410,1
ag,5120,10240,512,gpu,98,c_flux_ag,0,0.10397,0.09414,0.10397,0.04931,1410,1
ag,5120,10240,512,gpu,98,A_fused,1,0.42086,0.40346,0.41779,0.06497,1410,1
ag,5120,10240,512,gpu,99,c_cublas,2,0.25498,0.25293,0.25293,0.03370,1410,1
ag,5120,10240,512,gpu,99,c_fluxgemm,3,0.28365,0.27853,0.27853,0.03525,1410,1
ag,5120,10240,512,gpu,99,c_flux_ag,0,0.09331,0.08957,0.08957,0.05236,1410,1
ag,5120,10240,512,gpu,99,A_fused,1,0.37990,0.36966,0.37683,0.06363,1410,1
ag,5120,10240,512,gpu,100,c_cublas,3,0.25293,0.25190,0.25190,0.03470,1410,1
ag,5120,10240,512,gpu,100,c_fluxgemm,1,0.27955,0.27648,0.27648,0.03186,1410,1
ag,5120,10240,512,gpu,100,c_flux_ag,2,0.11955,0.10131,0.11955,0.05446,1410,1
ag,5120,10240,512,gpu,100,A_fused,0,0.44134,0.42803,0.43008,0.06748,1410,1
ag,5120,10240,512,gpu,101,c_cublas,3,0.25293,0.25190,0.25190,0.03429,1410,1
ag,5120,10240,512,gpu,101,c_fluxgemm,1,0.28365,0.27750,0.27853,0.03464,1410,1
ag,5120,10240,512,gpu,101,c_flux_ag,0,0.10326,0.08730,0.10326,0.05138,1410,1
ag,5120,10240,512,gpu,101,A_fused,2,0.42086,0.40653,0.40858,0.06414,1410,1
ag,5120,10240,512,gpu,102,c_cublas,0,0.25293,0.25190,0.25293,0.03189,1410,1
ag,5120,10240,512,gpu,102,c_fluxgemm,1,0.27955,0.27853,0.27853,0.03704,1410,1
ag,5120,10240,512,gpu,102,c_flux_ag,3,0.11920,0.10877,0.10877,0.04526,1410,1
ag,5120,10240,512,gpu,102,A_fused,2,0.41267,0.38707,0.39526,0.06517,1410,1
ag,5120,10240,512,gpu,103,c_cublas,1,0.25395,0.25190,0.25293,0.03384,1410,1
ag,5120,10240,512,gpu,103,c_fluxgemm,2,0.27955,0.27750,0.27750,0.03617,1410,1
ag,5120,10240,512,gpu,103,c_flux_ag,3,0.09629,0.09251,0.09376,0.04919,1410,1
ag,5120,10240,512,gpu,103,A_fused,0,0.37888,0.37683,0.37888,0.06575,1410,1
ag,5120,10240,512,gpu,104,c_cublas,3,0.25293,0.25190,0.25293,0.09530,1410,1
ag,5120,10240,512,gpu,104,c_fluxgemm,1,0.28262,0.27750,0.27750,0.05182,1410,1
ag,5120,10240,512,gpu,104,c_flux_ag,0,0.89443,0.14851,0.89443,0.05399,1410,1
ag,5120,10240,512,gpu,104,A_fused,2,0.41472,0.39322,0.41472,0.06662,1410,1
ag,5120,10240,512,gpu,105,c_cublas,0,0.25293,0.25190,0.25190,0.03332,1410,1
ag,5120,10240,512,gpu,105,c_fluxgemm,2,0.28160,0.27853,0.27853,0.03330,1410,1
ag,5120,10240,512,gpu,105,c_flux_ag,3,0.09414,0.08614,0.08614,0.04738,1410,1
ag,5120,10240,512,gpu,105,A_fused,1,0.40141,0.38605,0.40141,0.06877,1410,1
ag,5120,10240,512,gpu,106,c_cublas,0,0.52326,0.25190,0.52326,0.17237,1410,1
ag,5120,10240,512,gpu,106,c_fluxgemm,1,0.28160,0.27853,0.27853,0.03897,1410,1
ag,5120,10240,512,gpu,106,c_flux_ag,3,0.12016,0.10893,0.10893,0.04578,1410,1
ag,5120,10240,512,gpu,106,A_fused,2,0.41267,0.40550,0.41267,0.06590,1410,1
ag,5120,10240,512,gpu,107,c_cublas,2,0.25293,0.25190,0.25190,0.03461,1410,1
ag,5120,10240,512,gpu,107,c_fluxgemm,0,0.28058,0.27750,0.27750,0.03485,1410,1
ag,5120,10240,512,gpu,107,c_flux_ag,3,0.08899,0.08803,0.08899,0.05008,1410,1
ag,5120,10240,512,gpu,107,A_fused,1,0.38502,0.37581,0.37888,0.06556,1410,1
ag,5120,10240,512,gpu,108,c_cublas,2,0.25498,0.25293,0.25293,0.03509,1410,1
ag,5120,10240,512,gpu,108,c_fluxgemm,0,0.28160,0.27853,0.27853,0.03594,1410,1
ag,5120,10240,512,gpu,108,c_flux_ag,1,0.16739,0.14029,0.15651,0.04805,1410,1
ag,5120,10240,512,gpu,108,A_fused,3,0.41779,0.37786,0.41779,0.06877,1410,1
ag,5120,10240,512,gpu,109,c_cublas,2,0.25395,0.25190,0.25190,0.03461,1410,1
ag,5120,10240,512,gpu,109,c_fluxgemm,0,0.27955,0.27546,0.27750,0.03531,1410,1
ag,5120,10240,512,gpu,109,c_flux_ag,1,0.10982,0.09261,0.10982,0.04928,1410,1
ag,5120,10240,512,gpu,109,A_fused,3,0.38298,0.37683,0.38298,0.06737,1410,1
ag,5120,10240,512,gpu,110,c_cublas,0,0.25293,0.25190,0.25190,0.03451,1410,1
ag,5120,10240,512,gpu,110,c_fluxgemm,3,0.28160,0.27853,0.27853,0.03372,1410,1
ag,5120,10240,512,gpu,110,c_flux_ag,2,0.14349,0.10214,0.12902,0.04506,1410,1
ag,5120,10240,512,gpu,110,A_fused,1,0.38195,0.36864,0.37786,0.06921,1410,1
ag,5120,10240,512,gpu,111,c_cublas,0,0.25498,0.25293,0.25293,0.03488,1410,1
ag,5120,10240,512,gpu,111,c_fluxgemm,2,0.28160,0.27750,0.27750,0.03484,1410,1
ag,5120,10240,512,gpu,111,c_flux_ag,1,0.13021,0.11754,0.11779,0.04942,1410,1
ag,5120,10240,512,gpu,111,A_fused,3,0.40448,0.37990,0.40448,0.07195,1410,1
ag,5120,10240,512,gpu,112,c_cublas,3,0.25395,0.25190,0.25190,0.03472,1410,1
ag,5120,10240,512,gpu,112,c_fluxgemm,0,0.27955,0.27750,0.27750,0.03439,1410,1
ag,5120,10240,512,gpu,112,c_flux_ag,2,0.15776,0.14397,0.14397,0.04439,1410,1
ag,5120,10240,512,gpu,112,A_fused,1,0.38093,0.37274,0.37581,0.06481,1410,1
ag,5120,10240,512,gpu,113,c_cublas,3,0.25395,0.25190,0.25190,0.03439,1410,1
ag,5120,10240,512,gpu,113,c_fluxgemm,2,0.28058,0.27750,0.27750,0.03394,1410,1
ag,5120,10240,512,gpu,113,c_flux_ag,1,0.09277,0.08611,0.08704,0.05141,1410,1
ag,5120,10240,512,gpu,113,A_fused,0,0.40653,0.39731,0.39731,0.07079,1410,1
ag,5120,10240,512,gpu,114,c_cublas,2,0.25498,0.25293,0.25395,0.03386,1410,1
ag,5120,10240,512,gpu,114,c_fluxgemm,0,0.27955,0.27955,0.27955,0.03634,1410,1
ag,5120,10240,512,gpu,114,c_flux_ag,3,0.09773,0.09376,0.09773,0.04892,1410,1
ag,5120,10240,512,gpu,114,A_fused,1,0.41062,0.38195,0.40448,0.06568,1410,1
ag,5120,10240,512,gpu,115,c_cublas,3,0.25395,0.25293,0.25293,0.03467,1410,1
ag,5120,10240,512,gpu,115,c_fluxgemm,2,0.28160,0.27853,0.27955,0.03444,1410,1
ag,5120,10240,512,gpu,115,c_flux_ag,1,0.09488,0.08989,0.09488,0.04718,1410,1
ag,5120,10240,512,gpu,115,A_fused,0,0.42701,0.38400,0.39014,0.06606,1410,1
ag,5120,10240,512,gpu,116,c_cublas,2,0.25498,0.25293,0.25293,0.03460,1410,1
ag,5120,10240,512,gpu,116,c_fluxgemm,1,0.28160,0.27853,0.27853,0.03574,1410,1
ag,5120,10240,512,gpu,116,c_flux_ag,0,0.10557,0.09488,0.10554,0.04951,1410,1
ag,5120,10240,512,gpu,116,A_fused,3,0.41165,0.40550,0.40550,0.06897,1410,1
ag,5120,10240,512,gpu,117,c_cublas,1,0.25293,0.25190,0.25190,0.03493,1410,1
ag,5120,10240,512,gpu,117,c_fluxgemm,0,0.28058,0.27750,0.27750,0.03487,1410,1
ag,5120,10240,512,gpu,117,c_flux_ag,3,0.09027,0.08685,0.09027,0.04520,1410,1
ag,5120,10240,512,gpu,117,A_fused,2,0.45261,0.43315,0.43315,0.06801,1410,1
ag,5120,10240,512,gpu,118,c_cublas,2,0.25395,0.25190,0.25190,0.03469,1410,1
ag,5120,10240,512,gpu,118,c_fluxgemm,1,0.28058,0.27750,0.27750,0.03469,1410,1
ag,5120,10240,512,gpu,118,c_flux_ag,0,0.09613,0.08570,0.08970,0.04531,1410,1
ag,5120,10240,512,gpu,118,A_fused,3,0.39936,0.38093,0.39936,0.07596,1410,1
ag,5120,10240,512,gpu,119,c_cublas,3,0.25395,0.25293,0.25395,0.03407,1410,1
ag,5120,10240,512,gpu,119,c_fluxgemm,0,0.28160,0.27853,0.27853,0.03449,1410,1
ag,5120,10240,512,gpu,119,c_flux_ag,1,0.11158,0.09405,0.10528,0.04817,1410,1
ag,5120,10240,512,gpu,119,A_fused,2,0.41267,0.39936,0.40550,0.06260,1410,1
ag,5120,10240,512,gpu,120,c_cublas,3,0.25293,0.25190,0.25190,0.03453,1410,1
ag,5120,10240,512,gpu,120,c_fluxgemm,1,0.28262,0.27750,0.27750,0.03466,1410,1
ag,5120,10240,512,gpu,120,c_flux_ag,0,0.09862,0.08813,0.08813,0.04968,1410,1
ag,5120,10240,512,gpu,120,A_fused,2,0.39731,0.38707,0.39731,0.07142,1410,1
ag,5120,10240,512,gpu,121,c_cublas,1,0.25293,0.25190,0.25190,0.03372,1410,1
ag,5120,10240,512,gpu,121,c_fluxgemm,3,0.27955,0.27750,0.27750,0.03370,1410,1
ag,5120,10240,512,gpu,121,c_flux_ag,0,0.10659,0.09075,0.10397,0.05057,1410,1
ag,5120,10240,512,gpu,121,A_fused,2,0.39424,0.38502,0.39322,0.06831,1410,1
ag,5120,10240,512,gpu,122,c_cublas,0,0.25395,0.25190,0.25190,0.03456,1410,1
ag,5120,10240,512,gpu,122,c_fluxgemm,3,0.28160,0.27750,0.27750,0.03398,1410,1
ag,5120,10240,512,gpu,122,c_flux_ag,2,0.11392,0.10461,0.11050,0.04567,1410,1
ag,5120,10240,512,gpu,122,A_fused,1,0.45363,0.43622,0.43622,0.07553,1410,1
ag,5120,10240,512,gpu,123,c_cublas,2,0.25498,0.25293,0.25395,0.03431,1410,1
ag,5120,10240,512,gpu,123,c_fluxgemm,3,0.28262,0.27853,0.27955,0.03614,1410,1
ag,5120,10240,512,gpu,123,c_flux_ag,0,0.10771,0.09437,0.10198,0.04852,1410,1
ag,5120,10240,512,gpu,123,A_fused,1,0.39014,0.36352,0.36352,0.06302,1410,1
ag,5120,10240,512,gpu,124,c_cublas,1,0.25293,0.25190,0.25190,0.03443,1410,1
ag,5120,10240,512,gpu,124,c_fluxgemm,3,0.28058,0.27648,0.27648,0.03514,1410,1
ag,5120,10240,512,gpu,124,c_flux_ag,2,0.09155,0.08739,0.08784,0.05028,1410,1
ag,5120,10240,512,gpu,124,A_fused,0,0.40755,0.38912,0.40448,0.06912,1410,1
ag,5120,10240,512,gpu,125,c_cublas,3,0.25395,0.25190,0.25190,0.04264,1410,1
ag,5120,10240,512,gpu,125,c_fluxgemm,0,0.27853,0.27648,0.27648,0.03310,1410,1
ag,5120,10240,512,gpu,125,c_flux_ag,1,0.10765,0.09600,0.10413,0.04868,1410,1
ag,5120,10240,512,gpu,125,A_fused,2,0.41472,0.39014,0.41472,0.06363,1410,1
ag,5120,10240,512,gpu,126,c_cublas,0,0.25293,0.25190,0.25293,0.03217,1410,1
ag,5120,10240,512,gpu,126,c_fluxgemm,1,0.28058,0.27750,0.27750,0.03660,1410,1
ag,5120,10240,512,gpu,126,c_flux_ag,2,0.16512,0.14800,0.14800,0.04978,1410,1
ag,5120,10240,512,gpu,126,A_fused,3,0.43213,0.41677,0.42189,0.06325,1410,1
ag,5120,10240,512,gpu,127,c_cublas,2,0.25395,0.25190,0.25293,0.03543,1410,1
ag,5120,10240,512,gpu,127,c_fluxgemm,0,0.27955,0.27750,0.27750,0.03491,1410,1
ag,5120,10240,512,gpu,127,c_flux_ag,1,0.10912,0.09181,0.10912,0.04844,1410,1
ag,5120,10240,512,gpu,127,A_fused,3,0.39117,0.37478,0.38605,0.06715,1410,1
ag,5120,10240,512,gpu,128,c_cublas,2,0.25498,0.25293,0.25293,0.03446,1410,1
ag,5120,10240,512,gpu,128,c_fluxgemm,1,0.28160,0.27853,0.27955,0.03492,1410,1
ag,5120,10240,512,gpu,128,c_flux_ag,0,0.09411,0.08646,0.09411,0.04671,1410,1
ag,5120,10240,512,gpu,128,A_fused,3,0.38400,0.37478,0.37478,0.06911,1410,1
ag,5120,10240,512,gpu,129,c_cublas,2,0.25293,0.25190,0.25190,0.03433,1410,1
ag,5120,10240,512,gpu,129,c_fluxgemm,1,0.27955,0.27750,0.27750,0.03386,1410,1
ag,5120,10240,512,gpu,129,c_flux_ag,3,0.10752,0.08774,0.10752,0.05170,1410,1
ag,5120,10240,512,gpu,129,A_fused,0,0.42701,0.40038,0.41062,0.06563,1410,1
ag,5120,10240,512,gpu,130,c_cublas,3,0.25395,0.25190,0.25190,0.04156,1410,1
ag,5120,10240,512,gpu,130,c_fluxgemm,2,0.28058,0.27853,0.27853,0.03345,1410,1
ag,5120,10240,512,gpu,130,c_flux_ag,0,0.11885,0.09024,0.11885,0.04694,1410,1
ag,5120,10240,512,gpu,130,A_fused,1,0.37786,0.37274,0.37581,0.06679,1410,1
ag,5120,10240,512,gpu,131,c_cublas,2,0.25395,0.25190,0.25293,0.03439,1410,1
ag,5120,10240,512,gpu,131,c_fluxgemm,0,0.28262,0.27853,0.27853,0.03641,1410,1
ag,5120,10240,512,gpu,131,c_flux_ag,1,0.17427,0.15123,0.15123,0.05329,1410,1
ag,5120,10240,512,gpu,131,A_fused,3,0.39731,0.37888,0.39731,0.06659,1410,1
ag,5120,10240,512,gpu,132,c_cublas,2,0.25293,0.25190,0.25190,0.03421,1410,1
ag,5120,10240,512,gpu,132,c_fluxgemm,3,0.28160,0.27750,0.27955,0.03670,1410,1
ag,5120,10240,512,gpu,132,c_flux_ag,1,0.09597,0.09107,0.09107,0.04480,1410,1
ag,5120,10240,512,gpu,132,A_fused,0,0.41370,0.40346,0.41062,0.06545,1410,1
ag,5120,10240,512,gpu,133,c_cublas,1,0.25293,0.25190,0.25190,0.03372,1410,1
ag,5120,10240,512,gpu,133,c_fluxgemm,2,0.28058,0.27853,0.27853,0.03517,1410,1
ag,5120,10240,512,gpu,133,c_flux_ag,3,0.09286,0.08618,0.09267,0.04824,1410,1
ag,5120,10240,512,gpu,133,A_fused,0,0.37786,0.36659,0.37069,0.06713,1410,1
ag,5120,10240,512,gpu,134,c_cublas,1,0.25395,0.25088,0.25190,0.03453,1410,1
ag,5120,10240,512,gpu,134,c_fluxgemm,0,0.28058,0.27546,0.27546,0.03518,1410,1
ag,5120,10240,512,gpu,134,c_flux_ag,3,0.08893,0.08749,0.08749,0.04581,1410,1
ag,5120,10240,512,gpu,134,A_fused,2,0.41677,0.40346,0.41370,0.07489,1410,1
ag,5120,10240,512,gpu,135,c_cublas,2,0.25293,0.25190,0.25190,0.03417,1410,1
ag,5120,10240,512,gpu,135,c_fluxgemm,1,0.28160,0.27648,0.27648,0.03313,1410,1
ag,5120,10240,512,gpu,135,c_flux_ag,3,0.14982,0.13750,0.14982,0.05023,1410,1
ag,5120,10240,512,gpu,135,A_fused,0,0.40755,0.38298,0.40346,0.06492,1410,1
ag,5120,10240,512,gpu,136,c_cublas,1,0.25293,0.25190,0.25190,0.03401,1410,1
ag,5120,10240,512,gpu,136,c_fluxgemm,2,0.27955,0.27750,0.27750,0.03714,1410,1
ag,5120,10240,512,gpu,136,c_flux_ag,3,0.11171,0.09254,0.11171,0.04795,1410,1
ag,5120,10240,512,gpu,136,A_fused,0,0.41165,0.38810,0.41165,0.06672,1410,1
ag,5120,10240,512,gpu,137,c_cublas,0,0.25293,0.25190,0.25190,0.03525,1410,1
ag,5120,10240,512,gpu,137,c_fluxgemm,2,0.28160,0.27955,0.27955,0.03392,1410,1
ag,5120,10240,512,gpu,137,c_flux_ag,3,0.09632,0.08896,0.08896,0.04739,1410,1
ag,5120,10240,512,gpu,137,A_fused,1,0.38810,0.37990,0.37990,0.06776,1410,1
ag,5120,10240,512,gpu,138,c_cublas,0,0.25395,0.25190,0.25190,0.03917,1410,1
ag,5120,10240,512,gpu,138,c_fluxgemm,1,0.28160,0.27853,0.27853,0.03664,1410,1
ag,5120,10240,512,gpu,138,c_flux_ag,3,0.10346,0.09062,0.10346,0.04442,1410,1
ag,5120,10240,512,gpu,138,A_fused,2,0.41472,0.40448,0.41472,0.06597,1410,1
ag,5120,10240,512,gpu,139,c_cublas,2,0.25293,0.25190,0.25190,0.03383,1410,1
ag,5120,10240,512,gpu,139,c_fluxgemm,0,0.28058,0.27853,0.27955,0.03549,1410,1
ag,5120,10240,512,gpu,139,c_flux_ag,3,0.10512,0.09130,0.10464,0.04950,1410,1
ag,5120,10240,512,gpu,139,A_fused,1,0.41062,0.37786,0.40755,0.06758,1410,1
ag,5120,10240,512,gpu,140,c_cublas,2,0.25395,0.25190,0.25190,0.03729,1410,1
ag,5120,10240,512,gpu,140,c_fluxgemm,3,0.28058,0.27750,0.27750,0.03574,1410,1
ag,5120,10240,512,gpu,140,c_flux_ag,0,0.13251,0.12752,0.12752,0.13975,1410,1
ag,5120,10240,512,gpu,140,A_fused,1,0.44339,0.42394,0.44339,0.06380,1410,1
ag,5120,10240,512,gpu,141,c_cublas,3,0.25293,0.25190,0.25293,0.03501,1410,1
ag,5120,10240,512,gpu,141,c_fluxgemm,0,0.27853,0.27546,0.27546,0.03244,1410,1
ag,5120,10240,512,gpu,141,c_flux_ag,2,0.13712,0.09978,0.13712,0.12968,1410,1
ag,5120,10240,512,gpu,141,A_fused,1,0.42598,0.39322,0.41882,0.07341,1410,1
ag,5120,10240,512,gpu,142,c_cublas,3,0.25395,0.25190,0.25190,0.03457,1410,1
ag,5120,10240,512,gpu,142,c_fluxgemm,2,0.28160,0.27750,0.27750,0.03368,1410,1
ag,5120,10240,512,gpu,142,c_flux_ag,1,0.09238,0.08611,0.08611,0.04496,1410,1
ag,5120,10240,512,gpu,142,A_fused,0,0.38605,0.36966,0.38298,0.06871,1410,1
ag,5120,10240,512,gpu,143,c_cublas,3,0.25498,0.25293,0.25293,0.03471,1410,1
ag,5120,10240,512,gpu,143,c_fluxgemm,2,0.28160,0.27750,0.27853,0.03385,1410,1
ag,5120,10240,512,gpu,143,c_flux_ag,1,0.08864,0.08547,0.08864,0.04542,1410,1
ag,5120,10240,512,gpu,143,A_fused,0,0.68813,0.41370,0.68813,0.07361,1410,1
ag,5120,10240,512,gpu,144,c_cublas,1,0.25395,0.25293,0.25293,0.03356,1410,1
ag,5120,10240,512,gpu,144,c_fluxgemm,3,0.27853,0.27750,0.27750,0.03341,1410,1
ag,5120,10240,512,gpu,144,c_flux_ag,0,0.11120,0.09142,0.10858,0.05013,1410,1
ag,5120,10240,512,gpu,144,A_fused,2,0.45363,0.42701,0.45363,0.06742,1410,1
ag,5120,10240,512,gpu,145,c_cublas,3,0.25395,0.25190,0.25190,0.03424,1410,1
ag,5120,10240,512,gpu,145,c_fluxgemm,1,0.28160,0.27955,0.27955,0.04180,1410,1
ag,5120,10240,512,gpu,145,c_flux_ag,0,0.30128,0.11942,0.11942,0.04854,1410,1
ag,5120,10240,512,gpu,145,A_fused,2,0.40346,0.37683,0.40346,0.06637,1410,1
ag,5120,10240,512,gpu,146,c_cublas,0,0.25395,0.25190,0.25190,0.03093,1410,1
ag,5120,10240,512,gpu,146,c_fluxgemm,3,0.28058,0.27853,0.27853,0.03243,1410,1
ag,5120,10240,512,gpu,146,c_flux_ag,1,0.13616,0.11069,0.13616,0.04970,1410,1
ag,5120,10240,512,gpu,146,A_fused,2,0.41779,0.38093,0.40346,0.06309,1410,1
ag,5120,10240,512,gpu,147,c_cublas,0,0.25498,0.25293,0.25293,0.03481,1410,1
ag,5120,10240,512,gpu,147,c_fluxgemm,2,0.28058,0.27648,0.27750,0.03408,1410,1
ag,5120,10240,512,gpu,147,c_flux_ag,3,0.10227,0.08771,0.10227,0.04770,1410,1
ag,5120,10240,512,gpu,147,A_fused,1,0.41165,0.38093,0.40346,0.06859,1410,1
ag,5120,10240,512,gpu,148,c_cublas,1,0.25395,0.25190,0.25293,0.08417,1410,1
ag,5120,10240,512,gpu,148,c_fluxgemm,3,0.27955,0.27648,0.27750,0.03562,1410,1
ag,5120,10240,512,gpu,148,c_flux_ag,2,0.18010,0.13194,0.16477,0.04925,1410,1
ag,5120,10240,512,gpu,148,A_fused,0,0.40755,0.40141,0.40755,0.06593,1410,1
ag,5120,10240,512,gpu,149,c_cublas,2,0.25395,0.25190,0.25190,0.03483,1410,1
ag,5120,10240,512,gpu,149,c_fluxgemm,1,0.27955,0.27648,0.27750,0.03314,1410,1
ag,5120,10240,512,gpu,149,c_flux_ag,3,0.11568,0.09824,0.09824,0.04819,1410,1
ag,5120,10240,512,gpu,149,A_fused,0,0.43622,0.42598,0.43008,0.07446,1410,1
ag,5120,10240,512,gpu,150,c_cublas,1,0.25293,0.25088,0.25088,0.03441,1410,1
ag,5120,10240,512,gpu,150,c_fluxgemm,2,0.27853,0.27750,0.27853,0.03564,1410,1
ag,5120,10240,512,gpu,150,c_flux_ag,0,0.10819,0.08864,0.09786,0.04714,1410,1
ag,5120,10240,512,gpu,150,A_fused,3,0.40038,0.38400,0.39834,0.07340,1410,1
ag,5120,10240,512,gpu,151,c_cublas,0,0.25395,0.25395,0.25395,0.03526,1410,1
ag,5120,10240,512,gpu,151,c_fluxgemm,1,0.28160,0.27853,0.27853,0.03704,1410,1
ag,5120,10240,512,gpu,151,c_flux_ag,3,0.09379,0.08870,0.09379,0.04632,1410,1
ag,5120,10240,512,gpu,151,A_fused,2,0.41779,0.38912,0.41779,0.06578,1410,1
ag,5120,10240,512,gpu,152,c_cublas,2,0.25293,0.25190,0.25190,0.04224,1410,1
ag,5120,10240,512,gpu,152,c_fluxgemm,3,0.27955,0.27750,0.27750,0.03617,1410,1
ag,5120,10240,512,gpu,152,c_flux_ag,0,0.10746,0.09702,0.10746,0.04906,1410,1
ag,5120,10240,512,gpu,152,A_fused,1,0.39629,0.38195,0.39322,0.06423,1410,1
ag,5120,10240,512,gpu,153,c_cublas,0,0.25293,0.25190,0.25190,0.03428,1410,1
ag,5120,10240,512,gpu,153,c_fluxgemm,1,0.27955,0.27750,0.27750,0.03602,1410,1
ag,5120,10240,512,gpu,153,c_flux_ag,2,0.16250,0.13981,0.13981,0.05027,1410,1
ag,5120,10240,512,gpu,153,A_fused,3,0.40448,0.37171,0.38298,0.06403,1410,1
ag,5120,10240,512,gpu,154,c_cublas,1,0.25498,0.25293,0.25293,0.04188,1410,1
ag,5120,10240,512,gpu,154,c_fluxgemm,3,0.28262,0.27955,0.28262,0.03470,1410,1
ag,5120,10240,512,gpu,154,c_flux_ag,2,0.12576,0.10336,0.10698,0.05086,1410,1
ag,5120,10240,512,gpu,154,A_fused,0,0.41779,0.40141,0.40346,0.06599,1410,1
ag,5120,10240,512,gpu,155,c_cublas,3,0.25498,0.25293,0.25293,0.03470,1410,1
ag,5120,10240,512,gpu,155,c_fluxgemm,2,0.28058,0.27853,0.27853,0.03361,1410,1
ag,5120,10240,512,gpu,155,c_flux_ag,1,0.10800,0.09354,0.10326,0.04475,1410,1
ag,5120,10240,512,gpu,155,A_fused,0,0.38400,0.36762,0.37581,0.06644,1410,1
ag,5120,10240,512,gpu,156,c_cublas,1,0.25498,0.25293,0.25293,0.03409,1410,1
ag,5120,10240,512,gpu,156,c_fluxgemm,3,0.27955,0.27648,0.27853,0.03309,1410,1
ag,5120,10240,512,gpu,156,c_flux_ag,0,0.11878,0.09997,0.11878,0.05375,1410,1
ag,5120,10240,512,gpu,156,A_fused,2,0.40448,0.39219,0.40141,0.06794,1410,1
ag,5120,10240,512,gpu,157,c_cublas,1,0.25293,0.25190,0.25293,0.03448,1410,1
ag,5120,10240,512,gpu,157,c_fluxgemm,2,0.28058,0.27546,0.27546,0.03537,1410,1
ag,5120,10240,512,gpu,157,c_flux_ag,0,0.09107,0.08486,0.08611,0.04929,1410,1
ag,5120,10240,512,gpu,157,A_fused,3,0.45261,0.42394,0.42394,0.07436,1410,1
ag,5120,10240,512,gpu,158,c_cublas,2,0.25293,0.25190,0.25190,0.03468,1410,1
ag,5120,10240,512,gpu,158,c_fluxgemm,1,0.27955,0.27750,0.27750,0.03464,1410,1
ag,5120,10240,512,gpu,158,c_flux_ag,0,0.15533,0.14496,0.15533,0.04636,1410,1
ag,5120,10240,512,gpu,158,A_fused,3,0.41165,0.38605,0.38605,0.06816,1410,1
ag,5120,10240,512,gpu,159,c_cublas,2,0.25395,0.25190,0.25190,0.03523,1410,1
ag,5120,10240,512,gpu,159,c_fluxgemm,0,0.27955,0.27750,0.27955,0.03470,1410,1
ag,5120,10240,512,gpu,159,c_flux_ag,1,0.12365,0.09856,0.11398,0.04762,1410,1
ag,5120,10240,512,gpu,159,A_fused,3,0.40858,0.37581,0.39424,0.06868,1410,1
ag,5120,10240,512,gpu,160,c_cublas,3,0.25293,0.25088,0.25088,0.03488,1410,1
ag,5120,10240,512,gpu,160,c_fluxgemm,2,0.28058,0.27750,0.27853,0.03350,1410,1
ag,5120,10240,512,gpu,160,c_flux_ag,1,0.12099,0.09613,0.10771,0.04513,1410,1
ag,5120,10240,512,gpu,160,A_fused,0,0.38707,0.36966,0.38195,0.06502,1410,1
ag,5120,10240,512,gpu,161,c_cublas,1,0.25293,0.25088,0.25293,0.03356,1410,1
ag,5120,10240,512,gpu,161,c_fluxgemm,0,0.27955,0.27648,0.27648,0.04187,1410,1
ag,5120,10240,512,gpu,161,c_flux_ag,2,0.12003,0.10163,0.12003,0.05049,1410,1
ag,5120,10240,512,gpu,161,A_fused,3,0.38810,0.37376,0.37478,0.06380,1410,1
ag,5120,10240,512,gpu,162,c_cublas,1,0.25293,0.25190,0.25190,0.03421,1410,1
ag,5120,10240,512,gpu,162,c_fluxgemm,3,0.28058,0.27853,0.27955,0.03368,1410,1
ag,5120,10240,512,gpu,162,c_flux_ag,0,0.12579,0.12358,0.12579,0.04716,1410,1
ag,5120,10240,512,gpu,162,A_fused,2,0.44544,0.41779,0.41779,0.06845,1410,1
ag,5120,10240,512,gpu,163,c_cublas,2,0.25395,0.25190,0.25190,0.03451,1410,1
ag,5120,10240,512,gpu,163,c_fluxgemm,1,0.27853,0.27648,0.27750,0.03678,1410,1
ag,5120,10240,512,gpu,163,c_flux_ag,0,0.10768,0.09206,0.09206,0.04843,1410,1
ag,5120,10240,512,gpu,163,A_fused,3,0.40960,0.39014,0.39014,0.06745,1410,1
ag,5120,10240,512,gpu,164,c_cublas,3,0.25395,0.25190,0.25190,0.03449,1410,1
ag,5120,10240,512,gpu,164,c_fluxgemm,2,0.28058,0.27750,0.27955,0.03972,1410,1
ag,5120,10240,512,gpu,164,c_flux_ag,0,0.10742,0.09552,0.10502,0.04771,1410,1
ag,5120,10240,512,gpu,164,A_fused,1,0.40755,0.38502,0.40038,0.06217,1410,1
ag,5120,10240,512,gpu,165,c_cublas,1,0.25293,0.25190,0.25190,0.03393,1410,1
ag,5120,10240,512,gpu,165,c_fluxgemm,3,0.28058,0.27750,0.27853,0.03303,1410,1
ag,5120,10240,512,gpu,165,c_flux_ag,0,0.10605,0.09424,0.10605,0.05059,1410,1
ag,5120,10240,512,gpu,165,A_fused,2,0.38298,0.37171,0.38298,0.06762,1410,1
ag,5120,10240,512,gpu,166,c_cublas,1,0.25395,0.25190,0.25293,0.03504,1410,1
ag,5120,10240,512,gpu,166,c_fluxgemm,0,0.28058,0.27750,0.27750,0.03155,1410,1
ag,5120,10240,512,gpu,166,c_flux_ag,2,0.12890,0.12765,0.12790,0.04966,1410,1
ag,5120,10240,512,gpu,166,A_fused,3,0.43827,0.42086,0.43315,0.06357,1410,1
ag,5120,10240,512,gpu,167,c_cublas,3,0.25395,0.25293,0.25293,0.03444,1410,1
ag,5120,10240,512,gpu,167,c_fluxgemm,1,0.27955,0.27750,0.27750,0.03430,1410,1
ag,5120,10240,512,gpu,167,c_flux_ag,0,0.09642,0.09056,0.09530,0.04726,1410,1
ag,5120,10240,512,gpu,167,A_fused,2,0.38912,0.37478,0.38912,0.06304,1410,1
ag,5120,10240,512,gpu,168,c_cublas,2,0.25395,0.25293,0.25293,0.03499,1410,1
ag,5120,10240,512,gpu,168,c_fluxgemm,0,0.28058,0.28058,0.28058,0.04192,1410,1
ag,5120,10240,512,gpu,168,c_flux_ag,1,0.13514,0.11162,0.13446,0.04920,1410,1
ag,5120,10240,512,gpu,168,A_fused,3,0.41267,0.39322,0.41267,0.06766,1410,1
ag,5120,10240,512,gpu,169,c_cublas,1,0.25395,0.25190,0.25190,0.03322,1410,1
ag,5120,10240,512,gpu,169,c_fluxgemm,3,0.27955,0.27750,0.27853,0.04322,1410,1
ag,5120,10240,512,gpu,169,c_flux_ag,2,0.11536,0.09731,0.09731,0.04855,1410,1
ag,5120,10240,512,gpu,169,A_fused,0,0.38810,0.37990,0.38810,0.06392,1410,1
ag,5120,10240,512,gpu,170,c_cublas,3,0.25293,0.25190,0.25190,0.03471,1410,1
ag,5120,10240,512,gpu,170,c_fluxgemm,0,0.27853,0.27750,0.27750,0.03215,1410,1
ag,5120,10240,512,gpu,170,c_flux_ag,1,0.09574,0.08909,0.09392,0.04772,1410,1
ag,5120,10240,512,gpu,170,A_fused,2,0.38810,0.36864,0.38605,0.06330,1410,1
ag,5120,10240,512,gpu,171,c_cublas,2,0.25293,0.25190,0.25293,0.03363,1410,1
ag,5120,10240,512,gpu,171,c_fluxgemm,0,0.28262,0.27853,0.27853,0.03591,1410,1
ag,5120,10240,512,gpu,171,c_flux_ag,3,0.10550,0.09146,0.10550,0.04979,1410,1
ag,5120,10240,512,gpu,171,A_fused,1,0.45773,0.42394,0.43725,0.06548,1410,1
ag,5120,10240,512,gpu,172,c_cublas,0,0.25293,0.25190,0.25190,0.03447,1410,1
ag,5120,10240,512,gpu,172,c_fluxgemm,3,0.27955,0.27750,0.27750,0.03386,1410,1
ag,5120,10240,512,gpu,172,c_flux_ag,2,0.11075,0.10166,0.10166,0.04419,1410,1
ag,5120,10240,512,gpu,172,A_fused,1,0.39219,0.36966,0.36966,0.06806,1410,1
ag,5120,10240,512,gpu,173,c_cublas,0,0.25395,0.25190,0.25190,0.03467,1410,1
ag,5120,10240,512,gpu,173,c_fluxgemm,3,0.28058,0.27750,0.27750,0.03356,1410,1
ag,5120,10240,512,gpu,173,c_flux_ag,2,0.11978,0.10176,0.10198,0.04650,1410,1
ag,5120,10240,512,gpu,173,A_fused,1,0.42701,0.40550,0.40550,0.07467,1410,1
ag,5120,10240,512,gpu,174,c_cublas,2,0.25395,0.25190,0.25293,0.03503,1410,1
ag,5120,10240,512,gpu,174,c_fluxgemm,0,0.28058,0.27750,0.27750,0.03170,1410,1
ag,5120,10240,512,gpu,174,c_flux_ag,1,0.11926,0.09386,0.10976,0.04700,1410,1
ag,5120,10240,512,gpu,174,A_fused,3,0.39117,0.37990,0.38093,0.06731,1410,1
ag,5120,10240,512,gpu,175,c_cublas,0,0.25498,0.25293,0.25293,0.04003,1410,1
ag,5120,10240,512,gpu,175,c_fluxgemm,3,0.28160,0.27853,0.27853,0.03332,1410,1
ag,5120,10240,512,gpu,175,c_flux_ag,2,0.17123,0.15190,0.15190,0.04576,1410,1
ag,5120,10240,512,gpu,175,A_fused,1,0.39219,0.38195,0.38195,0.06715,1410,1
ag,5120,10240,512,gpu,176,c_cublas,1,0.25293,0.25190,0.25190,0.03438,1410,1
ag,5120,10240,512,gpu,176,c_fluxgemm,3,0.28058,0.27750,0.27750,0.03996,1410,1
ag,5120,10240,512,gpu,176,c_flux_ag,2,0.09718,0.08883,0.09094,0.05848,1410,1
ag,5120,10240,512,gpu,176,A_fused,0,0.40038,0.38605,0.40038,0.06679,1410,1
ag,5120,10240,512,gpu,177,c_cublas,2,0.25293,0.25190,0.25293,0.03436,1410,1
ag,5120,10240,512,gpu,177,c_fluxgemm,3,0.27955,0.27853,0.27955,0.03566,1410,1
ag,5120,10240,512,gpu,177,c_flux_ag,0,0.12470,0.11056,0.11056,0.04874,1410,1
ag,5120,10240,512,gpu,177,A_fused,1,0.39731,0.38298,0.39731,0.06379,1410,1
ag,5120,10240,512,gpu,178,c_cublas,0,0.25395,0.25190,0.25190,0.03407,1410,1
ag,5120,10240,512,gpu,178,c_fluxgemm,1,0.28160,0.27750,0.27750,0.03488,1410,1
ag,5120,10240,512,gpu,178,c_flux_ag,3,0.11830,0.10707,0.10707,0.04481,1410,1
ag,5120,10240,512,gpu,178,A_fused,2,0.41062,0.40346,0.41062,0.07404,1410,1
ag,5120,10240,512,gpu,179,c_cublas,2,0.25395,0.25190,0.25190,0.03536,1410,1
ag,5120,10240,512,gpu,179,c_fluxgemm,0,0.30822,0.27750,0.27853,0.03819,1410,1
ag,5120,10240,512,gpu,179,c_flux_ag,1,0.11696,0.10336,0.10742,0.04794,1410,1
ag,5120,10240,512,gpu,179,A_fused,3,0.44851,0.43418,0.43418,0.06796,1410,1
ag,5120,10240,512,gpu,180,c_cublas,2,0.25293,0.25190,0.25293,0.03461,1410,1
ag,5120,10240,512,gpu,180,c_fluxgemm,1,0.28160,0.27648,0.27648,0.03259,1410,1
ag,5120,10240,512,gpu,180,c_flux_ag,3,0.09062,0.08592,0.09062,0.05051,1410,1
ag,5120,10240,512,gpu,180,A_fused,0,0.41984,0.40038,0.41267,0.06477,1410,1
ag,5120,10240,512,gpu,181,c_cublas,2,0.25395,0.25190,0.25190,0.03467,1410,1
ag,5120,10240,512,gpu,181,c_fluxgemm,1,0.28262,0.27853,0.27955,0.03484,1410,1
ag,5120,10240,512,gpu,181,c_flux_ag,0,0.11827,0.10730,0.11827,0.04734,1410,1
ag,5120,10240,512,gpu,181,A_fused,3,0.38298,0.37581,0.37990,0.06784,1410,1
ag,5120,10240,512,gpu,182,c_cublas,2,0.25395,0.25293,0.25293,0.03516,1410,1
ag,5120,10240,512,gpu,182,c_fluxgemm,0,0.27955,0.27750,0.27750,0.03609,1410,1
ag,5120,10240,512,gpu,182,c_flux_ag,3,0.11885,0.11238,0.11238,0.06057,1410,1
ag,5120,10240,512,gpu,182,A_fused,1,0.38502,0.37888,0.38400,0.06622,1410,1
ag,5120,10240,512,gpu,183,c_cublas,3,0.25395,0.25293,0.25293,0.03452,1410,1
ag,5120,10240,512,gpu,183,c_fluxgemm,2,0.27955,0.27853,0.27955,0.03377,1410,1
ag,5120,10240,512,gpu,183,c_flux_ag,1,0.09424,0.08531,0.09238,0.04451,1410,1
ag,5120,10240,512,gpu,183,A_fused,0,0.38707,0.37478,0.38707,0.06624,1410,1
ag,5120,10240,512,gpu,184,c_cublas,3,0.25293,0.25190,0.25190,0.03474,1410,1
ag,5120,10240,512,gpu,184,c_fluxgemm,0,0.30720,0.27853,0.30720,0.03926,1410,1
ag,5120,10240,512,gpu,184,c_flux_ag,2,0.11670,0.10749,0.11402,0.04532,1410,1
ag,5120,10240,512,gpu,184,A_fused,1,0.44954,0.42086,0.43520,0.06843,1410,1
ag,5120,10240,512,gpu,185,c_cublas,1,0.25293,0.25190,0.25190,0.03406,1410,1
ag,5120,10240,512,gpu,185,c_fluxgemm,3,0.28058,0.27648,0.27648,0.04028,1410,1
ag,5120,10240,512,gpu,185,c_flux_ag,0,0.09459,0.08608,0.09286,0.05065,1410,1
ag,5120,10240,512,gpu,185,A_fused,2,0.40653,0.39834,0.40448,0.06643,1410,1
ag,5120,10240,512,gpu,186,c_cublas,0,0.25395,0.25190,0.25293,0.03529,1410,1
ag,5120,10240,512,gpu,186,c_fluxgemm,3,0.28058,0.27750,0.27750,0.03358,1410,1
ag,5120,10240,512,gpu,186,c_flux_ag,2,0.09328,0.08605,0.08941,0.04513,1410,1
ag,5120,10240,512,gpu,186,A_fused,1,0.38605,0.37888,0.38400,0.06876,1410,1
ag,5120,10240,512,gpu,187,c_cublas,2,0.25395,0.25293,0.25395,0.03448,1410,1
ag,5120,10240,512,gpu,187,c_fluxgemm,3,0.28160,0.27750,0.27750,0.03629,1410,1
ag,5120,10240,512,gpu,187,c_flux_ag,0,0.11898,0.09280,0.10819,0.04781,1410,1
ag,5120,10240,512,gpu,187,A_fused,1,0.42394,0.40858,0.41677,0.06497,1410,1
ag,5120,10240,512,gpu,188,c_cublas,1,0.25498,0.25293,0.25293,0.03475,1410,1
ag,5120,10240,512,gpu,188,c_fluxgemm,2,0.28058,0.27853,0.27955,0.03586,1410,1
ag,5120,10240,512,gpu,188,c_flux_ag,0,0.09299,0.08650,0.08650,0.04965,1410,1
ag,5120,10240,512,gpu,188,A_fused,3,0.44442,0.43622,0.44134,0.06559,1410,1
ag,5120,10240,512,gpu,189,c_cublas,1,0.25395,0.25190,0.25190,0.04058,1410,1
ag,5120,10240,512,gpu,189,c_fluxgemm,3,0.27955,0.27648,0.27648,0.03280,1410,1
ag,5120,10240,512,gpu,189,c_flux_ag,0,0.11974,0.10525,0.11974,0.04616,1410,1
ag,5120,10240,512,gpu,189,A_fused,2,0.37786,0.37478,0.37478,0.06907,1410,1
ag,5120,10240,512,gpu,190,c_cublas,1,0.25498,0.25293,0.25293,0.03540,1410,1
ag,5120,10240,512,gpu,190,c_fluxgemm,3,0.28058,0.27853,0.27853,0.04161,1410,1
ag,5120,10240,512,gpu,190,c_flux_ag,2,0.09152,0.08829,0.09152,0.06637,1410,1
ag,5120,10240,512,gpu,190,A_fused,0,0.40755,0.39526,0.39834,0.06594,1410,1
ag,5120,10240,512,gpu,191,c_cublas,2,0.25498,0.25293,0.25395,0.03501,1410,1
ag,5120,10240,512,gpu,191,c_fluxgemm,3,0.28058,0.27853,0.28058,0.03552,1410,1
ag,5120,10240,512,gpu,191,c_flux_ag,1,0.10282,0.09334,0.10070,0.04813,1410,1
ag,5120,10240,512,gpu,191,A_fused,0,0.38502,0.37376,0.38502,0.06757,1410,1
ag,5120,10240,512,gpu,192,c_cublas,0,0.25395,0.25293,0.25293,0.03410,1410,1
ag,5120,10240,512,gpu,192,c_fluxgemm,2,0.27853,0.27648,0.27648,0.03287,1410,1
ag,5120,10240,512,gpu,192,c_flux_ag,3,0.09325,0.08714,0.09264,0.04673,1410,1
ag,5120,10240,512,gpu,192,A_fused,1,0.43622,0.41677,0.41677,0.06800,1410,1
ag,5120,10240,512,gpu,193,c_cublas,3,0.25293,0.25088,0.25190,0.03448,1410,1
ag,5120,10240,512,gpu,193,c_fluxgemm,0,0.27955,0.27648,0.27955,0.03496,1410,1
ag,5120,10240,512,gpu,193,c_flux_ag,1,0.16499,0.14774,0.15184,0.04826,1410,1
ag,5120,10240,512,gpu,193,A_fused,2,0.40755,0.39629,0.40755,0.06345,1410,1
ag,5120,10240,512,gpu,194,c_cublas,3,0.25395,0.25088,0.25088,0.03450,1410,1
ag,5120,10240,512,gpu,194,c_fluxgemm,2,0.28160,0.27648,0.27648,0.03291,1410,1
ag,5120,10240,512,gpu,194,c_flux_ag,0,0.09734,0.08691,0.09328,0.04964,1410,1
ag,5120,10240,512,gpu,194,A_fused,1,0.37888,0.37274,0.37888,0.06604,1410,1
ag,5120,10240,512,gpu,195,c_cublas,2,0.25395,0.25293,0.25293,0.03405,1410,1
ag,5120,10240,512,gpu,195,c_fluxgemm,3,0.28058,0.27853,0.27853,0.03525,1410,1
ag,5120,10240,512,gpu,195,c_flux_ag,0,0.11542,0.11104,0.11322,0.05027,1410,1
ag,5120,10240,512,gpu,195,A_fused,1,0.40243,0.38707,0.39322,0.06382,1410,1
ag,5120,10240,512,gpu,196,c_cublas,3,0.25293,0.25190,0.25190,0.03466,1410,1
ag,5120,10240,512,gpu,196,c_fluxgemm,1,0.28058,0.27648,0.27648,0.03295,1410,1
ag,5120,10240,512,gpu,196,c_flux_ag,2,0.11581,0.10166,0.10166,0.04933,1410,1
ag,5120,10240,512,gpu,196,A_fused,0,0.40346,0.37786,0.38707,0.06723,1410,1
ag,5120,10240,512,gpu,197,c_cublas,1,0.25395,0.25088,0.25190,0.03392,1410,1
ag,5120,10240,512,gpu,197,c_fluxgemm,0,0.28058,0.27546,0.27648,0.03657,1410,1
ag,5120,10240,512,gpu,197,c_flux_ag,2,0.16474,0.13862,0.13862,0.04983,1410,1
ag,5120,10240,512,gpu,197,A_fused,3,0.42394,0.40653,0.41472,0.06702,1410,1
ag,5120,10240,512,gpu,198,c_cublas,2,0.25498,0.25293,0.25293,0.03432,1410,1
ag,5120,10240,512,gpu,198,c_fluxgemm,0,0.27955,0.27750,0.27955,0.03676,1410,1
ag,5120,10240,512,gpu,198,c_flux_ag,3,0.09405,0.08733,0.08842,0.04959,1410,1
ag,5120,10240,512,gpu,198,A_fused,1,0.40243,0.39219,0.40243,0.06794,1410,1
ag,5120,10240,512,gpu,199,c_cublas,3,0.25498,0.25395,0.25395,0.03466,1410,1
ag,5120,10240,512,gpu,199,c_fluxgemm,2,0.28160,0.27853,0.27853,0.03379,1410,1
ag,5120,10240,512,gpu,199,c_flux_ag,0,0.11990,0.09814,0.11360,0.04839,1410,1
ag,5120,10240,512,gpu,199,A_fused,1,0.42189,0.40858,0.41984,0.06377,1410,1
ag,5120,10240,512,steady,0,c_cublas,2,0.26106,0.25530,0.26106,0.01595,0,1
ag,5120,10240,512,steady,0,c_fluxgemm,3,0.27590,0.27315,0.27590,0.01828,0,1
ag,5120,10240,512,steady,0,c_flux_ag,0,0.10960,0.09233,0.10951,0.03736,0,1
ag,5120,10240,512,steady,0,A_fused,1,0.39878,0.39693,0.39878,0.04531,0,1
ag,5120,10240,512,steady,1,c_cublas,1,0.26118,0.25389,0.26118,0.02391,0,1
ag,5120,10240,512,steady,1,c_fluxgemm,2,0.27622,0.27360,0.27622,0.01956,0,1
ag,5120,10240,512,steady,1,c_flux_ag,3,0.10413,0.10393,0.10393,0.03703,0,1
ag,5120,10240,512,steady,1,A_fused,0,0.41395,0.39642,0.41395,0.04820,0,1
ag,5120,10240,512,steady,2,c_cublas,0,0.26291,0.25562,0.26291,0.01298,0,1
ag,5120,10240,512,steady,2,c_fluxgemm,2,0.27757,0.27354,0.27635,0.01759,0,1
ag,5120,10240,512,steady,2,c_flux_ag,3,0.10470,0.10435,0.10469,0.03720,0,1
ag,5120,10240,512,steady,2,A_fused,1,0.39392,0.39334,0.39392,0.04528,0,1
ag,5120,10240,512,steady,3,c_cublas,1,0.26131,0.25658,0.26131,0.01340,1335,1
ag,5120,10240,512,steady,3,c_fluxgemm,3,0.27610,0.27443,0.27610,0.01756,1335,1
ag,5120,10240,512,steady,3,c_flux_ag,2,0.10089,0.10048,0.10048,0.03709,1335,1
ag,5120,10240,512,steady,3,A_fused,0,0.39373,0.39251,0.39373,0.04488,1335,1
ag,5120,10240,512,steady,4,c_cublas,3,0.25920,0.25638,0.25862,0.01347,1335,1
ag,5120,10240,512,steady,4,c_fluxgemm,2,0.27642,0.27514,0.27642,0.01794,1335,1
ag,5120,10240,512,steady,4,c_flux_ag,1,0.10106,0.10077,0.10082,0.03736,1335,1
ag,5120,10240,512,steady,4,A_fused,0,0.39475,0.39309,0.39386,0.04470,1335,1
ag,5120,10240,512,steady,5,c_cublas,2,0.25882,0.25651,0.25862,0.01641,1335,1
ag,5120,10240,512,steady,5,c_fluxgemm,3,0.27456,0.27450,0.27450,0.01826,1335,1
ag,5120,10240,512,steady,5,c_flux_ag,1,0.09312,0.09278,0.09312,0.03699,1335,1
ag,5120,10240,512,steady,5,A_fused,0,0.39475,0.39405,0.39430,0.04691,1335,1
ag,5120,10240,512,steady,6,c_cublas,2,0.25869,0.25645,0.25869,0.01285,1365,1
ag,5120,10240,512,steady,6,c_fluxgemm,3,0.27501,0.27418,0.27494,0.01807,1365,1
ag,5120,10240,512,steady,6,c_flux_ag,1,0.09257,0.09222,0.09222,0.03738,1365,1
ag,5120,10240,512,steady,6,A_fused,0,0.39648,0.39603,0.39648,0.04540,1365,1
ag,5120,10240,512,steady,7,c_cublas,2,0.26099,0.25638,0.26099,0.01277,1365,1
ag,5120,10240,512,steady,7,c_fluxgemm,0,0.27648,0.27546,0.27648,0.01734,1365,1
ag,5120,10240,512,steady,7,c_flux_ag,1,0.10766,0.10685,0.10761,0.03742,1365,1
ag,5120,10240,512,steady,7,A_fused,3,0.39488,0.39373,0.39450,0.04557,1365,1
ag,5120,10240,512,steady,8,c_cublas,2,0.25734,0.25638,0.25683,0.02702,1365,1
ag,5120,10240,512,steady,8,c_fluxgemm,3,0.27494,0.27354,0.27443,0.01991,1365,1
ag,5120,10240,512,steady,8,c_flux_ag,1,0.09400,0.09363,0.09400,0.03891,1365,1
ag,5120,10240,512,steady,8,A_fused,0,0.42906,0.40378,0.42886,0.05161,1365,1
ag,5120,10240,512,steady,9,c_cublas,3,0.26259,0.25370,0.26259,0.01336,1365,1
ag,5120,10240,512,steady,9,c_fluxgemm,0,0.27661,0.27526,0.27590,0.01782,1365,1
ag,5120,10240,512,steady,9,c_flux_ag,1,0.10789,0.10722,0.10754,0.03686,1365,1
ag,5120,10240,512,steady,9,A_fused,2,0.39117,0.38906,0.39117,0.04522,1365,1
ag,5120,10240,512,steady,10,c_cublas,3,0.26528,0.25235,0.26528,0.01299,1365,1
ag,5120,10240,512,steady,10,c_fluxgemm,0,0.27904,0.27341,0.27904,0.01806,1365,1
ag,5120,10240,512,steady,10,c_flux_ag,2,0.09353,0.09319,0.09329,0.03658,1365,1
ag,5120,10240,512,steady,10,A_fused,1,0.39379,0.39334,0.39360,0.04463,1365,1
ag,5120,10240,512,steady,11,c_cublas,3,0.26291,0.25370,0.26291,0.01280,1320,1
ag,5120,10240,512,steady,11,c_fluxgemm,0,0.28006,0.27334,0.28006,0.01825,1320,1
ag,5120,10240,512,steady,11,c_flux_ag,1,0.10633,0.10604,0.10606,0.03689,1320,1
ag,5120,10240,512,steady,11,A_fused,2,0.38976,0.38899,0.38912,0.04496,1320,1
ag,5120,10240,512,steady,12,c_cublas,0,0.26394,0.25382,0.26394,0.01566,1320,1
ag,5120,10240,512,steady,12,c_fluxgemm,3,0.27706,0.27302,0.27706,0.02729,1320,1
ag,5120,10240,512,steady,12,c_flux_ag,2,0.09354,0.09304,0.09354,0.09706,1320,1
ag,5120,10240,512,steady,12,A_fused,1,0.39667,0.39571,0.39648,0.04529,1320,1
ag,5120,10240,512,steady,13,c_cublas,1,0.26003,0.25408,0.25971,0.01655,1320,1
ag,5120,10240,512,steady,13,c_fluxgemm,3,0.27616,0.27430,0.27558,0.01770,1320,1
ag,5120,10240,512,steady,13,c_flux_ag,2,0.09567,0.09555,0.09565,0.03783,1320,1
ag,5120,10240,512,steady,13,A_fused,0,0.39955,0.39706,0.39942,0.04538,1320,1
ag,5120,10240,512,steady,14,c_cublas,0,0.26182,0.25536,0.26086,0.01283,1350,1
ag,5120,10240,512,steady,14,c_fluxgemm,1,0.27603,0.27354,0.27565,0.01807,1350,1
ag,5120,10240,512,steady,14,c_flux_ag,2,0.10641,0.10502,0.10641,0.03723,1350,1
ag,5120,10240,512,steady,14,A_fused,3,0.39053,0.39014,0.39021,0.04471,1350,1
ag,5120,10240,512,steady,15,c_cublas,1,0.26285,0.25402,0.26285,0.01304,1350,1
ag,5120,10240,512,steady,15,c_fluxgemm,0,0.27917,0.27494,0.27789,0.01768,1350,1
ag,5120,10240,512,steady,15,c_flux_ag,3,0.09570,0.09531,0.09570,0.03651,1350,1
ag,5120,10240,512,steady,15,A_fused,2,0.39763,0.39661,0.39661,0.04524,1350,1
ag,5120,10240,512,steady,16,c_cublas,0,0.26573,0.26106,0.26573,0.01277,1350,1
ag,5120,10240,512,steady,16,c_fluxgemm,2,0.27776,0.27616,0.27616,0.01730,1350,1
ag,5120,10240,512,steady,16,c_flux_ag,3,0.10456,0.10427,0.10450,0.03640,1350,1
ag,5120,10240,512,steady,16,A_fused,1,0.39616,0.39590,0.39597,0.04503,1350,1
ag,5120,10240,512,steady,17,c_cublas,2,0.26278,0.25683,0.26278,0.01319,1335,1
ag,5120,10240,512,steady,17,c_fluxgemm,0,0.27917,0.27712,0.27821,0.01748,1335,1
ag,5120,10240,512,steady,17,c_flux_ag,3,0.10247,0.10227,0.10237,0.03678,1335,1
ag,5120,10240,512,steady,17,A_fused,1,0.39526,0.39475,0.39520,0.04398,1335,1
ag,5120,10240,512,steady,18,c_cublas,2,0.26400,0.25670,0.26400,0.01265,1335,1
ag,5120,10240,512,steady,18,c_fluxgemm,0,0.27910,0.27590,0.27859,0.01763,1335,1
ag,5120,10240,512,steady,18,c_flux_ag,1,0.10283,0.10216,0.10216,0.03651,1335,1
ag,5120,10240,512,steady,18,A_fused,3,0.40064,0.39718,0.39718,0.04448,1335,1
ag,5120,10240,512,steady,19,c_cublas,0,0.26208,0.25696,0.26099,0.01318,1335,1
ag,5120,10240,512,steady,19,c_fluxgemm,3,0.27603,0.27424,0.27603,0.01746,1335,1
ag,5120,10240,512,steady,19,c_flux_ag,2,0.09814,0.09786,0.09812,0.03709,1335,1
ag,5120,10240,512,steady,19,A_fused,1,0.39968,0.39859,0.39968,0.04435,1335,1
ag,5120,10240,512,steady,20,c_cublas,1,0.26099,0.25632,0.26099,0.01297,1335,1
ag,5120,10240,512,steady,20,c_fluxgemm,2,0.27661,0.27501,0.27661,0.01804,1335,1
ag,5120,10240,512,steady,20,c_flux_ag,0,0.10574,0.10535,0.10535,0.03714,1335,1
ag,5120,10240,512,steady,20,A_fused,3,0.39392,0.39322,0.39392,0.04458,1335,1
ag,5120,10240,512,steady,21,c_cublas,0,0.26259,0.25811,0.26259,0.01273,1335,1
ag,5120,10240,512,steady,21,c_fluxgemm,2,0.27782,0.27501,0.27782,0.01835,1335,1
ag,5120,10240,512,steady,21,c_flux_ag,1,0.09834,0.09794,0.09834,0.03688,1335,1
ag,5120,10240,512,steady,21,A_fused,3,0.39750,0.39610,0.39750,0.04475,1335,1
ag,5120,10240,512,steady,22,c_cublas,3,0.26093,0.25626,0.26093,0.01282,1335,1
ag,5120,10240,512,steady,22,c_fluxgemm,2,0.27757,0.27507,0.27757,0.01750,1335,1
ag,5120,10240,512,steady,22,c_flux_ag,0,0.09669,0.09555,0.09555,0.03688,1335,1
ag,5120,10240,512,steady,22,A_fused,1,0.39501,0.39392,0.39488,0.04483,1335,1
ag,5120,10240,512,steady,23,c_cublas,2,0.26099,0.25894,0.26099,0.01289,1335,1
ag,5120,10240,512,steady,23,c_fluxgemm,0,0.27795,0.27533,0.27795,0.01756,1335,1
ag,5120,10240,512,steady,23,c_flux_ag,1,0.10601,0.10577,0.10578,0.03730,1335,1
ag,5120,10240,512,steady,23,A_fused,3,0.39501,0.39430,0.39430,0.04476,1335,1
ag,5120,10240,512,steady,24,c_cublas,0,0.26534,0.25984,0.26419,0.01378,1320,1
ag,5120,10240,512,steady,24,c_fluxgemm,2,0.27898,0.27610,0.27808,0.01750,1320,1
ag,5120,10240,512,steady,24,c_flux_ag,1,0.10725,0.10700,0.10711,0.03730,1320,1
ag,5120,10240,512,steady,24,A_fused,3,0.40026,0.39866,0.39910,0.04485,1320,1
ag,5120,10240,512,steady,25,c_cublas,1,0.26534,0.25901,0.26406,0.01271,1320,1
ag,5120,10240,512,steady,25,c_fluxgemm,2,0.27872,0.27629,0.27757,0.01808,1320,1
ag,5120,10240,512,steady,25,c_flux_ag,3,0.10712,0.10677,0.10711,0.03687,1320,1
ag,5120,10240,512,steady,25,A_fused,0,0.39507,0.39462,0.39507,0.04501,1320,1
ag,5120,10240,512,steady,26,c_cublas,1,0.26522,0.25901,0.26406,0.01291,1320,1
ag,5120,10240,512,steady,26,c_fluxgemm,2,0.27872,0.27578,0.27757,0.01773,1320,1
ag,5120,10240,512,steady,26,c_flux_ag,0,0.09735,0.09446,0.09735,0.03720,1320,1
ag,5120,10240,512,steady,26,A_fused,3,0.39994,0.39910,0.39910,0.04533,1320,1
ag,5120,10240,512,steady,27,c_cublas,3,0.26349,0.25664,0.26349,0.01322,1320,1
ag,5120,10240,512,steady,27,c_fluxgemm,1,0.27782,0.27354,0.27782,0.01772,1320,1
ag,5120,10240,512,steady,27,c_flux_ag,2,0.09700,0.09657,0.09674,0.03678,1320,1
ag,5120,10240,512,steady,27,A_fused,0,0.39654,0.39526,0.39654,0.04469,1320,1
ag,5120,10240,512,steady,28,c_cublas,0,0.26675,0.25670,0.26669,0.01292,1320,1
ag,5120,10240,512,steady,28,c_fluxgemm,2,0.27917,0.27539,0.27878,0.01802,1320,1
ag,5120,10240,512,steady,28,c_flux_ag,1,0.10472,0.10390,0.10390,0.03683,1320,1
ag,5120,10240,512,steady,28,A_fused,3,0.40090,0.39962,0.39994,0.04531,1320,1
ag,5120,10240,512,steady,29,c_cublas,2,0.26528,0.25382,0.26528,0.01282,1320,1
ag,5120,10240,512,steady,29,c_fluxgemm,1,0.27827,0.27360,0.27827,0.01810,1320,1
ag,5120,10240,512,steady,29,c_flux_ag,0,0.09580,0.09518,0.09580,0.03681,1320,1
ag,5120,10240,512,steady,29,A_fused,3,0.40077,0.40032,0.40058,0.04530,1320,1
ag,5120,10240,512,steady,30,c_cublas,3,0.26528,0.25658,0.26528,0.01283,1335,1
ag,5120,10240,512,steady,30,c_fluxgemm,0,0.28013,0.27654,0.28013,0.01731,1335,1
ag,5120,10240,512,steady,30,c_flux_ag,2,0.09488,0.09460,0.09488,0.03711,1335,1
ag,5120,10240,512,steady,30,A_fused,1,0.39802,0.39725,0.39725,0.04523,1335,1
ag,5120,10240,512,steady,31,c_cublas,2,0.26528,0.25658,0.26528,0.01290,1320,1
ag,5120,10240,512,steady,31,c_fluxgemm,3,0.27808,0.27443,0.27808,0.01800,1320,1
ag,5120,10240,512,steady,31,c_flux_ag,1,0.09563,0.09526,0.09526,0.03704,1320,1
ag,5120,10240,512,steady,31,A_fused,0,0.39846,0.39802,0.39846,0.04481,1320,1
ag,5120,10240,512,steady,32,c_cublas,0,0.26490,0.25677,0.26490,0.01283,1320,1
ag,5120,10240,512,steady,32,c_fluxgemm,3,0.27712,0.27482,0.27712,0.01787,1320,1
ag,5120,10240,512,steady,32,c_flux_ag,1,0.10557,0.10537,0.10539,0.03720,1320,1
ag,5120,10240,512,steady,32,A_fused,2,0.39066,0.39014,0.39014,0.04429,1320,1
ag,5120,10240,512,steady,33,c_cublas,3,0.26406,0.25773,0.26406,0.01331,1320,1
ag,5120,10240,512,steady,33,c_fluxgemm,1,0.27706,0.27526,0.27706,0.01774,1320,1
ag,5120,10240,512,steady,33,c_flux_ag,2,0.10283,0.10249,0.10283,0.03675,1320,1
ag,5120,10240,512,steady,33,A_fused,0,0.39789,0.39731,0.39731,0.04451,1320,1
ag,5120,10240,512,steady,34,c_cublas,1,0.26528,0.25773,0.26438,0.01269,1320,1
ag,5120,10240,512,steady,34,c_fluxgemm,0,0.28064,0.27520,0.27891,0.01750,1320,1
ag,5120,10240,512,steady,34,c_flux_ag,2,0.10702,0.10482,0.10702,0.03730,1320,1
ag,5120,10240,512,steady,34,A_fused,3,0.38938,0.38835,0.38938,0.04486,1320,1
ag,5120,10240,512,steady,35,c_cublas,0,0.26848,0.25933,0.26848,0.01279,1320,1
ag,5120,10240,512,steady,35,c_fluxgemm,1,0.27840,0.27514,0.27840,0.01777,1320,1
ag,5120,10240,512,steady,35,c_flux_ag,2,0.10488,0.10461,0.10463,0.03746,1320,1
ag,5120,10240,512,steady,35,A_fused,3,0.39245,0.39194,0.39245,0.04497,1320,1
ag,5120,10240,512,steady,36,c_cublas,0,0.26662,0.25779,0.26662,0.01350,1320,1
ag,5120,10240,512,steady,36,c_fluxgemm,1,0.27834,0.27443,0.27834,0.01806,1320,1
ag,5120,10240,512,steady,36,c_flux_ag,3,0.09277,0.09242,0.09277,0.03742,1320,1
ag,5120,10240,512,steady,36,A_fused,2,0.39802,0.39699,0.39802,0.04525,1320,1
ag,5120,10240,512,steady,37,c_cublas,0,0.26842,0.25798,0.26842,0.01273,1320,1
ag,5120,10240,512,steady,37,c_fluxgemm,2,0.27885,0.27296,0.27885,0.01742,1320,1
ag,5120,10240,512,steady,37,c_flux_ag,3,0.10188,0.10136,0.10188,0.03719,1320,1
ag,5120,10240,512,steady,37,A_fused,1,0.39616,0.39520,0.39616,0.04552,1320,1
ag,5120,10240,512,steady,38,c_cublas,3,0.26534,0.25370,0.26534,0.01270,1320,1
ag,5120,10240,512,steady,38,c_fluxgemm,2,0.27891,0.27430,0.27891,0.01794,1320,1
ag,5120,10240,512,steady,38,c_flux_ag,1,0.09191,0.09156,0.09184,0.03623,1320,1
ag,5120,10240,512,steady,38,A_fused,0,0.39258,0.39200,0.39200,0.04506,1320,1
ag,5120,10240,512,steady,39,c_cublas,3,0.26522,0.25363,0.26522,0.01378,1320,1
ag,5120,10240,512,steady,39,c_fluxgemm,1,0.27853,0.27302,0.27853,0.01801,1320,1
ag,5120,10240,512,steady,39,c_flux_ag,0,0.10665,0.10550,0.10657,0.03684,1320,1
ag,5120,10240,512,steady,39,A_fused,2,0.39309,0.39187,0.39283,0.04504,1320,1
ag,5120,10240,512,steady,40,c_cublas,1,0.26541,0.25376,0.26541,0.01323,1320,1
ag,5120,10240,512,steady,40,c_fluxgemm,3,0.27494,0.27328,0.27494,0.01770,1320,1
ag,5120,10240,512,steady,40,c_flux_ag,0,0.10312,0.10188,0.10188,0.03716,1320,1
ag,5120,10240,512,steady,40,A_fused,2,0.39174,0.39110,0.39123,0.04501,1320,1
ag,5120,10240,512,steady,41,c_cublas,3,0.25971,0.25370,0.25971,0.01275,1320,1
ag,5120,10240,512,steady,41,c_fluxgemm,1,0.27565,0.27354,0.27565,0.01788,1320,1
ag,5120,10240,512,steady,41,c_flux_ag,0,0.10469,0.10454,0.10457,0.03706,1320,1
ag,5120,10240,512,steady,41,A_fused,2,0.38784,0.38765,0.38765,0.04517,1320,1
ag,5120,10240,512,steady,42,c_cublas,2,0.25971,0.25766,0.25971,0.01581,1320,1
ag,5120,10240,512,steady,42,c_fluxgemm,3,0.27501,0.27430,0.27430,0.01845,1320,1
ag,5120,10240,512,steady,42,c_flux_ag,1,0.09286,0.09239,0.09286,0.03708,1320,1
ag,5120,10240,512,steady,42,A_fused,0,0.40211,0.39590,0.39590,0.04939,1320,1
ag,5120,10240,512,steady,43,c_cublas,0,0.25978,0.25926,0.25978,0.02000,1365,1
ag,5120,10240,512,steady,43,c_fluxgemm,3,0.27494,0.27366,0.27405,0.01784,1365,1
ag,5120,10240,512,steady,43,c_flux_ag,1,0.10730,0.10651,0.10688,0.03791,1365,1
ag,5120,10240,512,steady,43,A_fused,2,0.39021,0.38957,0.39021,0.04497,1365,1
ag,5120,10240,512,steady,44,c_cublas,3,0.26029,0.25594,0.25683,0.01321,1365,1
ag,5120,10240,512,steady,44,c_fluxgemm,2,0.27680,0.27430,0.27456,0.01770,1365,1
ag,5120,10240,512,steady,44,c_flux_ag,1,0.09489,0.09444,0.09460,0.03744,1365,1
ag,5120,10240,512,steady,44,A_fused,0,0.39635,0.39507,0.39603,0.04512,1365,1
ag,5120,10240,512,steady,45,c_cublas,1,0.26259,0.25664,0.26259,0.01264,1365,1
ag,5120,10240,512,steady,45,c_fluxgemm,3,0.27674,0.27456,0.27674,0.01781,1365,1
ag,5120,10240,512,steady,45,c_flux_ag,2,0.09605,0.09550,0.09592,0.03762,1365,1
ag,5120,10240,512,steady,45,A_fused,0,0.39680,0.39590,0.39590,0.04586,1365,1
ag,5120,10240,512,steady,46,c_cublas,0,0.26438,0.25843,0.26438,0.01846,1350,1
ag,5120,10240,512,steady,46,c_fluxgemm,3,0.27699,0.27462,0.27699,0.01745,1350,1
ag,5120,10240,512,steady,46,c_flux_ag,2,0.09477,0.09427,0.09477,0.03719,1350,1
ag,5120,10240,512,steady,46,A_fused,1,0.39584,0.39501,0.39552,0.04503,1350,1
ag,5120,10240,512,steady,47,c_cublas,0,0.26259,0.26042,0.26259,0.01617,1335,1
ag,5120,10240,512,steady,47,c_fluxgemm,1,0.27744,0.27603,0.27744,0.02041,1335,1
ag,5120,10240,512,steady,47,c_flux_ag,3,0.09344,0.09311,0.09311,0.03786,1335,1
ag,5120,10240,512,steady,47,A_fused,2,0.39898,0.39853,0.39891,0.04730,1335,1
ag,5120,10240,512,steady,48,c_cublas,1,0.26317,0.25939,0.26259,0.01405,1335,1
ag,5120,10240,512,steady,48,c_fluxgemm,2,0.27725,0.27635,0.27725,0.01865,1335,1
ag,5120,10240,512,steady,48,c_flux_ag,0,0.09107,0.08974,0.09107,0.03742,1335,1
ag,5120,10240,512,steady,48,A_fused,3,0.39827,0.39712,0.39763,0.04523,1335,1
ag,5120,10240,512,steady,49,c_cublas,1,0.25990,0.25658,0.25990,0.01334,1335,1
ag,5120,10240,512,steady,49,c_fluxgemm,0,0.27795,0.27674,0.27674,0.01819,1335,1
ag,5120,10240,512,steady,49,c_flux_ag,2,0.10596,0.10551,0.10572,0.03727,1335,1
ag,5120,10240,512,steady,49,A_fused,3,0.39174,0.39072,0.39174,0.04503,1335,1
ag,5120,10240,2048,gpu,0,c_cublas,1,0.75366,0.74240,0.75366,0.04605,0,1
ag,5120,10240,2048,gpu,0,c_fluxgemm,3,0.81408,0.79360,0.81408,0.04176,0,1
ag,5120,10240,2048,gpu,0,c_flux_ag,2,0.20730,0.19370,0.20730,0.05219,0,1
ag,5120,10240,2048,gpu,0,A_fused,0,0.95949,0.94003,0.95949,0.08085,0,1
ag,5120,10240,2048,gpu,1,c_cublas,3,0.75264,0.74342,0.75264,0.03783,0,1
ag,5120,10240,2048,gpu,1,c_fluxgemm,2,0.81408,0.79462,0.81408,0.03410,0,1
ag,5120,10240,2048,gpu,1,c_flux_ag,1,0.21830,0.20000,0.20000,0.04538,0,1
ag,5120,10240,2048,gpu,1,A_fused,0,0.95232,0.93798,0.95232,0.07017,0,1
ag,5120,10240,2048,gpu,2,c_cublas,3,0.75264,0.74342,0.75264,0.03576,0,1
ag,5120,10240,2048,gpu,2,c_fluxgemm,0,0.81203,0.79155,0.81203,0.04466,0,1
ag,5120,10240,2048,gpu,2,c_flux_ag,1,0.20893,0.19546,0.20893,0.05031,0,1
ag,5120,10240,2048,gpu,2,A_fused,2,0.90829,0.88269,0.90829,0.06536,0,1
ag,5120,10240,2048,gpu,3,c_cublas,1,0.75264,0.74342,0.75264,0.03541,0,1
ag,5120,10240,2048,gpu,3,c_fluxgemm,0,0.81306,0.79360,0.81306,0.03980,0,1
ag,5120,10240,2048,gpu,3,c_flux_ag,3,0.24726,0.24362,0.24563,0.04648,0,1
ag,5120,10240,2048,gpu,3,A_fused,2,0.94106,0.90829,0.94106,0.06855,0,1
ag,5120,10240,2048,gpu,4,c_cublas,3,0.75366,0.74342,0.75366,0.03835,0,1
ag,5120,10240,2048,gpu,4,c_fluxgemm,1,0.81408,0.79258,0.81408,0.03322,0,1
ag,5120,10240,2048,gpu,4,c_flux_ag,2,0.19994,0.19062,0.19062,0.04815,0,1
ag,5120,10240,2048,gpu,4,A_fused,0,0.94310,0.90931,0.94310,0.06478,0,1
ag,5120,10240,2048,gpu,5,c_cublas,1,0.75264,0.74240,0.75264,0.03486,0,1
ag,5120,10240,2048,gpu,5,c_fluxgemm,2,0.81306,0.79258,0.81306,0.03579,0,1
ag,5120,10240,2048,gpu,5,c_flux_ag,3,0.22803,0.18896,0.21178,0.05130,0,1
ag,5120,10240,2048,gpu,5,A_fused,0,0.91853,0.89600,0.91853,0.07038,0,1
ag,5120,10240,2048,gpu,6,c_cublas,3,0.75366,0.74240,0.75366,0.03656,0,1
ag,5120,10240,2048,gpu,6,c_fluxgemm,1,0.81306,0.79258,0.81306,0.03278,0,1
ag,5120,10240,2048,gpu,6,c_flux_ag,2,0.23478,0.22832,0.23478,0.05344,0,1
ag,5120,10240,2048,gpu,6,A_fused,0,0.90829,0.88883,0.90829,0.06644,0,1
ag,5120,10240,2048,gpu,7,c_cublas,0,0.75264,0.74342,0.75264,0.03688,0,1
ag,5120,10240,2048,gpu,7,c_fluxgemm,2,0.81203,0.79155,0.81203,0.03577,0,1
ag,5120,10240,2048,gpu,7,c_flux_ag,1,0.24128,0.23350,0.24035,0.05060,0,1
ag,5120,10240,2048,gpu,7,A_fused,3,0.91341,0.88269,0.90419,0.06671,0,1
ag,5120,10240,2048,gpu,8,c_cublas,1,0.75366,0.74240,0.75366,0.03562,0,1
ag,5120,10240,2048,gpu,8,c_fluxgemm,2,0.81306,0.79258,0.81306,0.03600,0,1
ag,5120,10240,2048,gpu,8,c_flux_ag,3,0.25565,0.20691,0.22723,0.04944,0,1
ag,5120,10240,2048,gpu,8,A_fused,0,0.95642,0.90931,0.95642,0.06686,0,1
ag,5120,10240,2048,gpu,9,c_cublas,3,0.75264,0.74240,0.75264,0.03551,0,1
ag,5120,10240,2048,gpu,9,c_fluxgemm,2,0.81510,0.79155,0.81510,0.03433,0,1
ag,5120,10240,2048,gpu,9,c_flux_ag,0,0.20918,0.19149,0.20717,0.06194,0,1
ag,5120,10240,2048,gpu,9,A_fused,1,0.93389,0.88986,0.93389,0.06465,0,1
ag,5120,10240,2048,gpu,10,c_cublas,1,0.75264,0.74342,0.75264,0.03503,0,1
ag,5120,10240,2048,gpu,10,c_fluxgemm,3,0.81203,0.79155,0.81203,0.03291,0,1
ag,5120,10240,2048,gpu,10,c_flux_ag,0,0.23021,0.21725,0.22995,0.05017,0,1
ag,5120,10240,2048,gpu,10,A_fused,2,0.96154,0.93798,0.96154,0.06965,0,1
ag,5120,10240,2048,gpu,11,c_cublas,0,0.75366,0.74240,0.75366,0.03600,0,1
ag,5120,10240,2048,gpu,11,c_fluxgemm,3,0.81510,0.79360,0.81510,0.03303,0,1
ag,5120,10240,2048,gpu,11,c_flux_ag,1,0.22224,0.20899,0.22224,0.05209,0,1
ag,5120,10240,2048,gpu,11,A_fused,2,0.94515,0.92058,0.94515,0.06455,0,1
ag,5120,10240,2048,gpu,12,c_cublas,1,0.75469,0.74342,0.75469,0.03647,0,1
ag,5120,10240,2048,gpu,12,c_fluxgemm,0,0.81306,0.79258,0.81306,0.03751,0,1
ag,5120,10240,2048,gpu,12,c_flux_ag,2,0.19808,0.18486,0.19808,0.05134,0,1
ag,5120,10240,2048,gpu,12,A_fused,3,0.95232,0.91341,0.95232,0.06423,0,1
ag,5120,10240,2048,gpu,13,c_cublas,1,0.75366,0.74547,0.75366,0.03702,1395,1
ag,5120,10240,2048,gpu,13,c_fluxgemm,3,0.81101,0.79053,0.81101,0.04076,1395,1
ag,5120,10240,2048,gpu,13,c_flux_ag,0,0.22160,0.20310,0.20310,0.04962,1395,1
ag,5120,10240,2048,gpu,13,A_fused,2,0.95642,0.93696,0.95642,0.07110,1395,1
ag,5120,10240,2048,gpu,14,c_cublas,2,0.75264,0.74240,0.75264,0.03624,1395,1
ag,5120,10240,2048,gpu,14,c_fluxgemm,1,0.81203,0.79258,0.81203,0.03696,1395,1
ag,5120,10240,2048,gpu,14,c_flux_ag,3,0.21738,0.20432,0.20432,0.04968,1395,1
ag,5120,10240,2048,gpu,14,A_fused,0,0.92058,0.88474,0.92058,0.06800,1395,1
ag,5120,10240,2048,gpu,15,c_cublas,0,0.75264,0.74342,0.75264,0.03571,1395,1
ag,5120,10240,2048,gpu,15,c_fluxgemm,3,0.81306,0.79258,0.81306,0.03385,1395,1
ag,5120,10240,2048,gpu,15,c_flux_ag,2,0.23482,0.22611,0.22611,0.04528,1395,1
ag,5120,10240,2048,gpu,15,A_fused,1,0.91034,0.88474,0.91034,0.06965,1395,1
ag,5120,10240,2048,gpu,16,c_cublas,3,0.75366,0.74342,0.75366,0.03543,1395,1
ag,5120,10240,2048,gpu,16,c_fluxgemm,1,0.81203,0.79155,0.81203,0.03384,1395,1
ag,5120,10240,2048,gpu,16,c_flux_ag,0,0.21344,0.20013,0.20646,0.04879,1395,1
ag,5120,10240,2048,gpu,16,A_fused,2,0.95846,0.93901,0.95846,0.06551,1395,1
ag,5120,10240,2048,gpu,17,c_cublas,2,0.75366,0.74445,0.75366,0.03682,1395,1
ag,5120,10240,2048,gpu,17,c_fluxgemm,0,0.81408,0.79360,0.81408,0.03688,1395,1
ag,5120,10240,2048,gpu,17,c_flux_ag,1,0.20346,0.19962,0.20013,0.05016,1395,1
ag,5120,10240,2048,gpu,17,A_fused,3,0.93696,0.91955,0.93696,0.07575,1395,1
ag,5120,10240,2048,gpu,18,c_cublas,0,0.75264,0.74240,0.75264,0.03609,1395,1
ag,5120,10240,2048,gpu,18,c_fluxgemm,3,0.81203,0.79053,0.81203,0.03548,1395,1
ag,5120,10240,2048,gpu,18,c_flux_ag,1,0.26752,0.22877,0.22877,0.05827,1395,1
ag,5120,10240,2048,gpu,18,A_fused,2,0.93798,0.92058,0.93798,0.06509,1395,1
ag,5120,10240,2048,gpu,19,c_cublas,2,0.75264,0.74240,0.75264,0.03635,1395,1
ag,5120,10240,2048,gpu,19,c_fluxgemm,1,0.81203,0.79155,0.81203,0.03422,1395,1
ag,5120,10240,2048,gpu,19,c_flux_ag,0,0.21347,0.19878,0.20874,0.04960,1395,1
ag,5120,10240,2048,gpu,19,A_fused,3,0.96051,0.94106,0.96051,0.06805,1395,1
ag,5120,10240,2048,gpu,20,c_cublas,2,0.75264,0.74240,0.75264,0.03628,1395,1
ag,5120,10240,2048,gpu,20,c_fluxgemm,0,0.81510,0.79258,0.81510,0.03614,1395,1
ag,5120,10240,2048,gpu,20,c_flux_ag,1,0.20419,0.20150,0.20150,0.04900,1395,1
ag,5120,10240,2048,gpu,20,A_fused,3,0.92672,0.90829,0.92672,0.06725,1395,1
ag,5120,10240,2048,gpu,21,c_cublas,1,0.75366,0.74342,0.75366,0.03587,1395,1
ag,5120,10240,2048,gpu,21,c_fluxgemm,2,0.81306,0.79360,0.81306,0.03619,1395,1
ag,5120,10240,2048,gpu,21,c_flux_ag,0,0.26627,0.22797,0.22797,0.04862,1395,1
ag,5120,10240,2048,gpu,21,A_fused,3,0.92467,0.90419,0.92467,0.07184,1395,1
ag,5120,10240,2048,gpu,22,c_cublas,1,0.90522,0.74240,0.75264,0.15217,1395,1
ag,5120,10240,2048,gpu,22,c_fluxgemm,2,0.81203,0.79155,0.81203,0.19820,1395,1
ag,5120,10240,2048,gpu,22,c_flux_ag,0,0.24269,0.21107,0.23117,0.04822,1395,1
ag,5120,10240,2048,gpu,22,A_fused,3,0.95846,0.93696,0.95846,0.25072,1395,1
ag,5120,10240,2048,gpu,23,c_cublas,0,0.75366,0.74240,0.75366,0.06743,1395,1
ag,5120,10240,2048,gpu,23,c_fluxgemm,3,0.81306,0.79258,0.81306,0.04837,1395,1
ag,5120,10240,2048,gpu,23,c_flux_ag,2,0.23331,0.21363,0.23331,0.07379,1395,1
ag,5120,10240,2048,gpu,23,A_fused,1,0.93184,0.92262,0.92570,0.12686,1395,1
ag,5120,10240,2048,gpu,24,c_cublas,3,0.75366,0.74445,0.75366,0.04031,1395,1
ag,5120,10240,2048,gpu,24,c_fluxgemm,0,0.81408,0.79360,0.81408,0.03847,1395,1
ag,5120,10240,2048,gpu,24,c_flux_ag,1,0.20464,0.19974,0.20464,0.05441,1395,1
ag,5120,10240,2048,gpu,24,A_fused,2,0.91136,0.89702,0.91136,0.06305,1395,1
ag,5120,10240,2048,gpu,25,c_cublas,3,0.75264,0.74240,0.75264,0.03606,1395,1
ag,5120,10240,2048,gpu,25,c_fluxgemm,0,0.81306,0.79360,0.81306,0.04064,1395,1
ag,5120,10240,2048,gpu,25,c_flux_ag,2,0.24522,0.23485,0.24262,0.04483,1395,1
ag,5120,10240,2048,gpu,25,A_fused,1,0.91750,0.89600,0.91750,0.06599,1395,1
ag,5120,10240,2048,gpu,26,c_cublas,1,0.75264,0.74240,0.75264,0.03536,1395,1
ag,5120,10240,2048,gpu,26,c_fluxgemm,3,0.81306,0.79258,0.81306,0.03776,1395,1
ag,5120,10240,2048,gpu,26,c_flux_ag,2,0.23440,0.22077,0.23440,0.04984,1395,1
ag,5120,10240,2048,gpu,26,A_fused,0,0.92877,0.91853,0.92774,0.06861,1395,1
ag,5120,10240,2048,gpu,27,c_cublas,0,0.75264,0.74240,0.75264,0.03616,1395,1
ag,5120,10240,2048,gpu,27,c_fluxgemm,1,0.81408,0.79360,0.81408,0.03671,1395,1
ag,5120,10240,2048,gpu,27,c_flux_ag,2,0.20672,0.19360,0.20026,0.04879,1395,1
ag,5120,10240,2048,gpu,27,A_fused,3,0.92467,0.89293,0.92467,0.07068,1395,1
ag,5120,10240,2048,gpu,28,c_cublas,3,0.75469,0.74445,0.75469,0.03647,1395,1
ag,5120,10240,2048,gpu,28,c_fluxgemm,2,0.81306,0.79462,0.81306,0.03362,1395,1
ag,5120,10240,2048,gpu,28,c_flux_ag,1,0.19050,0.18762,0.18762,0.05161,1395,1
ag,5120,10240,2048,gpu,28,A_fused,0,0.91443,0.89702,0.91443,0.06512,1395,1
ag,5120,10240,2048,gpu,29,c_cublas,3,0.75264,0.74342,0.75264,0.03623,1395,1
ag,5120,10240,2048,gpu,29,c_fluxgemm,0,0.81408,0.79360,0.81408,0.04057,1395,1
ag,5120,10240,2048,gpu,29,c_flux_ag,2,0.23693,0.21472,0.23360,0.04664,1395,1
ag,5120,10240,2048,gpu,29,A_fused,1,0.97280,0.94618,0.97280,0.06585,1395,1
ag,5120,10240,2048,gpu,30,c_cublas,0,0.75264,0.74240,0.75264,0.03400,1395,1
ag,5120,10240,2048,gpu,30,c_fluxgemm,1,0.81203,0.79155,0.81203,0.03673,1395,1
ag,5120,10240,2048,gpu,30,c_flux_ag,2,0.20896,0.19354,0.19846,0.04866,1395,1
ag,5120,10240,2048,gpu,30,A_fused,3,0.92467,0.88883,0.92467,0.06234,1395,1
ag,5120,10240,2048,gpu,31,c_cublas,1,0.75264,0.74240,0.75264,0.03524,1395,1
ag,5120,10240,2048,gpu,31,c_fluxgemm,2,0.81408,0.79360,0.81408,0.03533,1395,1
ag,5120,10240,2048,gpu,31,c_flux_ag,3,0.19229,0.18483,0.19091,0.04927,1395,1
ag,5120,10240,2048,gpu,31,A_fused,0,0.91955,0.89702,0.91955,0.06667,1395,1
ag,5120,10240,2048,gpu,32,c_cublas,1,0.75264,0.74342,0.75264,0.03527,1395,1
ag,5120,10240,2048,gpu,32,c_fluxgemm,3,0.81408,0.79360,0.81408,0.03445,1395,1
ag,5120,10240,2048,gpu,32,c_flux_ag,2,0.27766,0.24810,0.26147,0.05145,1395,1
ag,5120,10240,2048,gpu,32,A_fused,0,0.90624,0.88781,0.90624,0.06588,1395,1
ag,5120,10240,2048,gpu,33,c_cublas,1,0.75264,0.74342,0.75264,0.03644,1395,1
ag,5120,10240,2048,gpu,33,c_fluxgemm,0,0.81306,0.79258,0.81306,0.03964,1395,1
ag,5120,10240,2048,gpu,33,c_flux_ag,2,0.21597,0.18890,0.20947,0.05004,1395,1
ag,5120,10240,2048,gpu,33,A_fused,3,0.94413,0.93184,0.93184,0.06367,1395,1
ag,5120,10240,2048,gpu,34,c_cublas,2,0.75366,0.74240,0.75366,0.03668,1395,1
ag,5120,10240,2048,gpu,34,c_fluxgemm,3,0.81306,0.79155,0.81306,0.03649,1395,1
ag,5120,10240,2048,gpu,34,c_flux_ag,1,0.19075,0.18470,0.19075,0.04593,1395,1
ag,5120,10240,2048,gpu,34,A_fused,0,0.91136,0.89293,0.91136,0.06638,1395,1
ag,5120,10240,2048,gpu,35,c_cublas,1,0.75264,0.74342,0.75264,0.03587,1395,1
ag,5120,10240,2048,gpu,35,c_fluxgemm,0,0.81306,0.79155,0.81306,0.03582,1395,1
ag,5120,10240,2048,gpu,35,c_flux_ag,3,0.19181,0.18742,0.19107,0.04502,1395,1
ag,5120,10240,2048,gpu,35,A_fused,2,0.95437,0.93696,0.95437,0.06761,1395,1
ag,5120,10240,2048,gpu,36,c_cublas,1,0.75162,0.74342,0.75162,0.03629,1395,1
ag,5120,10240,2048,gpu,36,c_fluxgemm,2,0.81510,0.79360,0.81510,0.03564,1395,1
ag,5120,10240,2048,gpu,36,c_flux_ag,0,0.19251,0.18941,0.19251,0.04698,1395,1
ag,5120,10240,2048,gpu,36,A_fused,3,0.93594,0.91341,0.93082,0.06717,1395,1
ag,5120,10240,2048,gpu,37,c_cublas,3,0.75571,0.74240,0.75264,0.03633,1395,1
ag,5120,10240,2048,gpu,37,c_fluxgemm,1,0.81306,0.79258,0.81306,0.03349,1395,1
ag,5120,10240,2048,gpu,37,c_flux_ag,2,0.19565,0.18813,0.18931,0.04665,1395,1
ag,5120,10240,2048,gpu,37,A_fused,0,0.91750,0.89600,0.91750,0.06516,1395,1
ag,5120,10240,2048,gpu,38,c_cublas,1,0.75469,0.74240,0.75162,0.03557,1395,1
ag,5120,10240,2048,gpu,38,c_fluxgemm,2,0.81306,0.79258,0.81306,0.03679,1395,1
ag,5120,10240,2048,gpu,38,c_flux_ag,0,0.19453,0.18570,0.18570,0.04984,1395,1
ag,5120,10240,2048,gpu,38,A_fused,3,0.96461,0.94618,0.96461,0.06508,1395,1
ag,5120,10240,2048,gpu,39,c_cublas,3,0.75571,0.74342,0.75366,0.03547,1395,1
ag,5120,10240,2048,gpu,39,c_fluxgemm,0,0.81306,0.79155,0.81306,0.03388,1395,1
ag,5120,10240,2048,gpu,39,c_flux_ag,1,0.20608,0.19792,0.20608,0.04836,1395,1
ag,5120,10240,2048,gpu,39,A_fused,2,0.94003,0.91853,0.93594,0.06227,1395,1
ag,5120,10240,2048,gpu,40,c_cublas,2,0.75674,0.74342,0.75469,0.03551,1395,1
ag,5120,10240,2048,gpu,40,c_fluxgemm,3,0.81306,0.79360,0.81306,0.04164,1395,1
ag,5120,10240,2048,gpu,40,c_flux_ag,1,0.20496,0.19078,0.20122,0.04393,1395,1
ag,5120,10240,2048,gpu,40,A_fused,0,0.92262,0.90112,0.92262,0.06765,1395,1
ag,5120,10240,2048,gpu,41,c_cublas,0,0.75571,0.74240,0.75264,0.03494,1395,1
ag,5120,10240,2048,gpu,41,c_fluxgemm,3,0.81306,0.79053,0.81306,0.03357,1395,1
ag,5120,10240,2048,gpu,41,c_flux_ag,1,0.19421,0.18851,0.19062,0.05575,1395,1
ag,5120,10240,2048,gpu,41,A_fused,2,0.90726,0.88371,0.90726,0.06311,1395,1
ag,5120,10240,2048,gpu,42,c_cublas,0,0.75571,0.74240,0.75366,0.03635,1395,1
ag,5120,10240,2048,gpu,42,c_fluxgemm,2,0.81203,0.79258,0.81203,0.03450,1395,1
ag,5120,10240,2048,gpu,42,c_flux_ag,1,0.27728,0.26230,0.27078,0.05096,1395,1
ag,5120,10240,2048,gpu,42,A_fused,3,0.92262,0.89702,0.92262,0.06638,1395,1
ag,5120,10240,2048,gpu,43,c_cublas,3,0.75571,0.74342,0.75264,0.03627,1395,1
ag,5120,10240,2048,gpu,43,c_fluxgemm,1,0.81306,0.79360,0.81306,0.03311,1395,1
ag,5120,10240,2048,gpu,43,c_flux_ag,2,0.19418,0.18694,0.18694,0.04762,1395,1
ag,5120,10240,2048,gpu,43,A_fused,0,0.94310,0.90931,0.94310,0.06672,1395,1
ag,5120,10240,2048,gpu,44,c_cublas,1,0.75571,0.74445,0.75366,0.03550,1395,1
ag,5120,10240,2048,gpu,44,c_fluxgemm,0,0.81408,0.79360,0.81408,0.03711,1395,1
ag,5120,10240,2048,gpu,44,c_flux_ag,3,0.20586,0.19322,0.20586,0.04707,1395,1
ag,5120,10240,2048,gpu,44,A_fused,2,0.90522,0.88678,0.90522,0.06860,1395,1
ag,5120,10240,2048,gpu,45,c_cublas,1,0.75571,0.74342,0.75366,0.03634,1395,1
ag,5120,10240,2048,gpu,45,c_fluxgemm,0,0.81408,0.79258,0.81408,0.03597,1395,1
ag,5120,10240,2048,gpu,45,c_flux_ag,2,0.26778,0.24010,0.24010,0.05153,1395,1
ag,5120,10240,2048,gpu,45,A_fused,3,0.92570,0.91443,0.92365,0.06300,1395,1
ag,5120,10240,2048,gpu,46,c_cublas,0,0.75469,0.74240,0.75264,0.03624,1395,1
ag,5120,10240,2048,gpu,46,c_fluxgemm,1,0.81408,0.79258,0.81408,0.03615,1395,1
ag,5120,10240,2048,gpu,46,c_flux_ag,2,0.25363,0.21075,0.23427,0.05006,1395,1
ag,5120,10240,2048,gpu,46,A_fused,3,0.91546,0.88474,0.91546,0.06327,1395,1
ag,5120,10240,2048,gpu,47,c_cublas,3,0.75469,0.74240,0.75162,0.03579,1395,1
ag,5120,10240,2048,gpu,47,c_fluxgemm,2,0.81203,0.79155,0.81203,0.03374,1395,1
ag,5120,10240,2048,gpu,47,c_flux_ag,0,0.22083,0.19958,0.19958,0.04892,1395,1
ag,5120,10240,2048,gpu,47,A_fused,1,0.90726,0.88678,0.90726,0.06266,1395,1
ag,5120,10240,2048,gpu,48,c_cublas,2,0.75469,0.74342,0.75264,0.03541,1395,1
ag,5120,10240,2048,gpu,48,c_fluxgemm,1,0.81306,0.79360,0.81306,0.03459,1395,1
ag,5120,10240,2048,gpu,48,c_flux_ag,0,0.19098,0.18438,0.19098,0.05104,1395,1
ag,5120,10240,2048,gpu,48,A_fused,3,0.98509,0.94208,0.98509,0.06855,1395,1
ag,5120,10240,2048,gpu,49,c_cublas,2,0.75674,0.74342,0.75469,0.03619,1395,1
ag,5120,10240,2048,gpu,49,c_fluxgemm,0,0.81306,0.79258,0.81306,0.03474,1395,1
ag,5120,10240,2048,gpu,49,c_flux_ag,1,0.20458,0.19494,0.20458,0.04966,1395,1
ag,5120,10240,2048,gpu,49,A_fused,3,0.92774,0.89498,0.92774,0.07453,1395,1
ag,5120,10240,2048,gpu,50,c_cublas,3,0.75571,0.74240,0.75366,0.03568,1395,1
ag,5120,10240,2048,gpu,50,c_fluxgemm,0,0.81306,0.79155,0.81306,0.03545,1395,1
ag,5120,10240,2048,gpu,50,c_flux_ag,1,0.19155,0.18634,0.18934,0.04855,1395,1
ag,5120,10240,2048,gpu,50,A_fused,2,0.93696,0.91955,0.93286,0.06550,1395,1
ag,5120,10240,2048,gpu,51,c_cublas,1,0.75469,0.74240,0.75264,0.03531,1395,1
ag,5120,10240,2048,gpu,51,c_fluxgemm,0,0.81510,0.79155,0.81510,0.03615,1395,1
ag,5120,10240,2048,gpu,51,c_flux_ag,3,0.22256,0.21690,0.22256,0.04566,1395,1
ag,5120,10240,2048,gpu,51,A_fused,2,0.95334,0.94003,0.95334,0.06738,1395,1
ag,5120,10240,2048,gpu,52,c_cublas,1,0.75674,0.74445,0.75469,0.03571,1395,1
ag,5120,10240,2048,gpu,52,c_fluxgemm,0,0.81408,0.79258,0.81408,0.03621,1395,1
ag,5120,10240,2048,gpu,52,c_flux_ag,3,0.19795,0.19405,0.19795,0.04561,1395,1
ag,5120,10240,2048,gpu,52,A_fused,2,0.91853,0.89498,0.91853,0.07032,1395,1
ag,5120,10240,2048,gpu,53,c_cublas,2,0.75571,0.74240,0.75366,0.03561,1395,1
ag,5120,10240,2048,gpu,53,c_fluxgemm,3,0.81408,0.79155,0.81408,0.03599,1395,1
ag,5120,10240,2048,gpu,53,c_flux_ag,0,0.19565,0.18666,0.19565,0.05186,1395,1
ag,5120,10240,2048,gpu,53,A_fused,1,0.91034,0.88371,0.91034,0.06464,1395,1
ag,5120,10240,2048,gpu,54,c_cublas,1,0.75571,0.74342,0.75264,0.03579,1395,1
ag,5120,10240,2048,gpu,54,c_fluxgemm,3,0.81306,0.79360,0.81306,0.03231,1395,1
ag,5120,10240,2048,gpu,54,c_flux_ag,0,0.24477,0.22406,0.24477,0.05048,1395,1
ag,5120,10240,2048,gpu,54,A_fused,2,0.95334,0.94515,0.95334,0.06728,1395,1
ag,5120,10240,2048,gpu,55,c_cublas,3,0.75571,0.74240,0.75264,0.03672,1395,1
ag,5120,10240,2048,gpu,55,c_fluxgemm,0,0.81408,0.79258,0.81408,0.03246,1395,1
ag,5120,10240,2048,gpu,55,c_flux_ag,2,0.19363,0.18883,0.19363,0.04770,1395,1
ag,5120,10240,2048,gpu,55,A_fused,1,0.92979,0.92160,0.92160,0.06613,1395,1
ag,5120,10240,2048,gpu,56,c_cublas,3,0.75674,0.74342,0.75469,0.03592,1395,1
ag,5120,10240,2048,gpu,56,c_fluxgemm,0,0.81510,0.79462,0.81510,0.03584,1395,1
ag,5120,10240,2048,gpu,56,c_flux_ag,1,0.19338,0.18605,0.19126,0.04868,1395,1
ag,5120,10240,2048,gpu,56,A_fused,2,0.91750,0.88269,0.91750,0.06425,1395,1
ag,5120,10240,2048,gpu,57,c_cublas,1,0.75674,0.74240,0.75264,0.07436,1395,1
ag,5120,10240,2048,gpu,57,c_fluxgemm,3,0.81408,0.79258,0.81408,0.03554,1395,1
ag,5120,10240,2048,gpu,57,c_flux_ag,2,0.27053,0.24323,0.25587,0.04985,1395,1
ag,5120,10240,2048,gpu,57,A_fused,0,0.94822,0.92262,0.92467,0.06938,1395,1
ag,5120,10240,2048,gpu,58,c_cublas,2,0.75674,0.74342,0.75366,0.03625,1395,1
ag,5120,10240,2048,gpu,58,c_fluxgemm,1,0.81306,0.79258,0.81306,0.03395,1395,1
ag,5120,10240,2048,gpu,58,c_flux_ag,0,0.27424,0.22381,0.24704,0.04933,1395,1
ag,5120,10240,2048,gpu,58,A_fused,3,0.92467,0.89088,0.92467,0.06747,1395,1
ag,5120,10240,2048,gpu,59,c_cublas,3,0.75469,0.74342,0.75264,0.03609,1395,1
ag,5120,10240,2048,gpu,59,c_fluxgemm,1,0.81306,0.79258,0.81306,0.03578,1395,1
ag,5120,10240,2048,gpu,59,c_flux_ag,0,0.21472,0.19206,0.20397,0.05155,1395,1
ag,5120,10240,2048,gpu,59,A_fused,2,0.90726,0.89395,0.90726,0.06466,1395,1
ag,5120,10240,2048,gpu,60,c_cublas,2,0.75674,0.74342,0.75366,0.04246,1395,1
ag,5120,10240,2048,gpu,60,c_fluxgemm,3,0.81408,0.79258,0.81408,0.03629,1395,1
ag,5120,10240,2048,gpu,60,c_flux_ag,1,0.23571,0.21466,0.21466,0.04720,1395,1
ag,5120,10240,2048,gpu,60,A_fused,0,0.93798,0.91443,0.92570,0.06876,1395,1
ag,5120,10240,2048,gpu,61,c_cublas,1,0.75674,0.74445,0.75366,0.03621,1395,1
ag,5120,10240,2048,gpu,61,c_fluxgemm,3,0.81306,0.79155,0.81306,0.03216,1395,1
ag,5120,10240,2048,gpu,61,c_flux_ag,0,0.28077,0.24765,0.28077,0.05008,1395,1
ag,5120,10240,2048,gpu,61,A_fused,2,0.91750,0.88678,0.91750,0.06762,1395,1
ag,5120,10240,2048,gpu,62,c_cublas,0,0.75469,0.74342,0.75264,0.03551,1395,1
ag,5120,10240,2048,gpu,62,c_fluxgemm,1,0.81408,0.79155,0.81408,0.03591,1395,1
ag,5120,10240,2048,gpu,62,c_flux_ag,3,0.21024,0.20259,0.20259,0.04507,1395,1
ag,5120,10240,2048,gpu,62,A_fused,2,0.92365,0.89293,0.92365,0.06598,1395,1
ag,5120,10240,2048,gpu,63,c_cublas,1,0.75674,0.74445,0.75264,0.03577,1395,1
ag,5120,10240,2048,gpu,63,c_fluxgemm,0,0.81203,0.79258,0.81203,0.03469,1395,1
ag,5120,10240,2048,gpu,63,c_flux_ag,2,0.23408,0.22989,0.22989,0.05039,1395,1
ag,5120,10240,2048,gpu,63,A_fused,3,0.92570,0.90317,0.92570,0.06296,1395,1
ag,5120,10240,2048,gpu,64,c_cublas,3,0.75674,0.74445,0.75366,0.03573,1395,1
ag,5120,10240,2048,gpu,64,c_fluxgemm,0,0.81408,0.79258,0.81408,0.03436,1395,1
ag,5120,10240,2048,gpu,64,c_flux_ag,2,0.20122,0.18669,0.20122,0.05283,1395,1
ag,5120,10240,2048,gpu,64,A_fused,1,0.95539,0.93798,0.95539,0.06472,1395,1
ag,5120,10240,2048,gpu,65,c_cublas,3,0.75469,0.74240,0.75264,0.03582,1395,1
ag,5120,10240,2048,gpu,65,c_fluxgemm,0,0.81510,0.79360,0.81510,0.04118,1395,1
ag,5120,10240,2048,gpu,65,c_flux_ag,2,0.20294,0.19165,0.20294,0.04495,1395,1
ag,5120,10240,2048,gpu,65,A_fused,1,0.92160,0.88781,0.92160,0.06602,1395,1
ag,5120,10240,2048,gpu,66,c_cublas,3,0.75571,0.74240,0.75264,0.03542,1395,1
ag,5120,10240,2048,gpu,66,c_fluxgemm,1,0.81408,0.79360,0.81408,0.03489,1395,1
ag,5120,10240,2048,gpu,66,c_flux_ag,0,0.19242,0.18707,0.19242,0.04901,1395,1
ag,5120,10240,2048,gpu,66,A_fused,2,0.94720,0.93184,0.94720,0.06419,1395,1
ag,5120,10240,2048,gpu,67,c_cublas,2,0.75674,0.74342,0.75469,0.03494,1395,1
ag,5120,10240,2048,gpu,67,c_fluxgemm,1,0.81203,0.79258,0.81203,0.03307,1395,1
ag,5120,10240,2048,gpu,67,c_flux_ag,3,0.27306,0.24170,0.25248,0.04975,1395,1
ag,5120,10240,2048,gpu,67,A_fused,0,0.90726,0.89293,0.90726,0.06928,1395,1
ag,5120,10240,2048,gpu,68,c_cublas,0,0.75674,0.74445,0.75366,0.03519,1395,1
ag,5120,10240,2048,gpu,68,c_fluxgemm,2,0.81510,0.79360,0.81510,0.04140,1395,1
ag,5120,10240,2048,gpu,68,c_flux_ag,1,0.22688,0.20701,0.20701,0.05023,1395,1
ag,5120,10240,2048,gpu,68,A_fused,3,0.90522,0.88986,0.90522,0.06769,1395,1
ag,5120,10240,2048,gpu,69,c_cublas,3,0.75674,0.74240,0.75264,0.03545,1395,1
ag,5120,10240,2048,gpu,69,c_fluxgemm,0,0.81408,0.79258,0.81408,0.03486,1395,1
ag,5120,10240,2048,gpu,69,c_flux_ag,2,0.23536,0.21251,0.22819,0.04505,1395,1
ag,5120,10240,2048,gpu,69,A_fused,1,0.94618,0.91648,0.94618,0.06467,1395,1
ag,5120,10240,2048,gpu,70,c_cublas,3,0.75571,0.74240,0.75366,0.03492,1395,1
ag,5120,10240,2048,gpu,70,c_fluxgemm,1,0.81510,0.79360,0.81510,0.03494,1395,1
ag,5120,10240,2048,gpu,70,c_flux_ag,0,0.19459,0.18819,0.19069,0.04928,1395,1
ag,5120,10240,2048,gpu,70,A_fused,2,0.90419,0.88986,0.90419,0.06533,1395,1
ag,5120,10240,2048,gpu,71,c_cublas,2,0.75571,0.74342,0.75264,0.03565,1395,1
ag,5120,10240,2048,gpu,71,c_fluxgemm,3,0.81306,0.79360,0.81306,0.03529,1395,1
ag,5120,10240,2048,gpu,71,c_flux_ag,1,0.21693,0.20915,0.20915,0.04579,1395,1
ag,5120,10240,2048,gpu,71,A_fused,0,0.94925,0.93594,0.94925,0.06853,1395,1
ag,5120,10240,2048,gpu,72,c_cublas,2,0.75571,0.74342,0.75366,0.03598,1395,1
ag,5120,10240,2048,gpu,72,c_fluxgemm,0,0.81408,0.79258,0.81408,0.03483,1395,1
ag,5120,10240,2048,gpu,72,c_flux_ag,1,0.23482,0.22122,0.23482,0.04869,1395,1
ag,5120,10240,2048,gpu,72,A_fused,3,0.91750,0.89498,0.91750,0.06876,1395,1
ag,5120,10240,2048,gpu,73,c_cublas,2,0.75674,0.74445,0.75469,0.03609,1395,1
ag,5120,10240,2048,gpu,73,c_fluxgemm,1,0.81408,0.79360,0.81408,0.03570,1395,1
ag,5120,10240,2048,gpu,73,c_flux_ag,0,0.25235,0.21226,0.25235,0.04784,1395,1
ag,5120,10240,2048,gpu,73,A_fused,3,0.96870,0.91443,0.96870,0.06689,1395,1
ag,5120,10240,2048,gpu,74,c_cublas,2,0.75571,0.74240,0.75264,0.03533,1395,1
ag,5120,10240,2048,gpu,74,c_fluxgemm,3,0.81203,0.79258,0.81203,0.03545,1395,1
ag,5120,10240,2048,gpu,74,c_flux_ag,1,0.22547,0.21120,0.21197,0.04522,1395,1
ag,5120,10240,2048,gpu,74,A_fused,0,0.92877,0.90317,0.92877,0.06476,1395,1
ag,5120,10240,2048,gpu,75,c_cublas,2,0.75674,0.74445,0.75469,0.03538,1395,1
ag,5120,10240,2048,gpu,75,c_fluxgemm,0,0.81408,0.79258,0.81408,0.03313,1395,1
ag,5120,10240,2048,gpu,75,c_flux_ag,3,0.21590,0.20397,0.20480,0.04937,1395,1
ag,5120,10240,2048,gpu,75,A_fused,1,0.94822,0.91034,0.94822,0.06573,1395,1
ag,5120,10240,2048,gpu,76,c_cublas,3,0.75571,0.74445,0.75469,0.03549,1395,1
ag,5120,10240,2048,gpu,76,c_fluxgemm,1,0.81203,0.79360,0.81203,0.03552,1395,1
ag,5120,10240,2048,gpu,76,c_flux_ag,0,0.23670,0.20931,0.22547,0.04703,1395,1
ag,5120,10240,2048,gpu,76,A_fused,2,0.90112,0.89190,0.90010,0.07055,1395,1
ag,5120,10240,2048,gpu,77,c_cublas,0,0.75571,0.74342,0.75264,0.03773,1395,1
ag,5120,10240,2048,gpu,77,c_fluxgemm,1,0.81306,0.79155,0.81306,0.03682,1395,1
ag,5120,10240,2048,gpu,77,c_flux_ag,3,0.21187,0.20560,0.20560,0.04547,1395,1
ag,5120,10240,2048,gpu,77,A_fused,2,0.96154,0.94515,0.96154,0.06501,1395,1
ag,5120,10240,2048,gpu,78,c_cublas,1,0.75469,0.74240,0.75264,0.03673,1395,1
ag,5120,10240,2048,gpu,78,c_fluxgemm,2,0.81306,0.79258,0.81306,0.03630,1395,1
ag,5120,10240,2048,gpu,78,c_flux_ag,0,0.23245,0.22451,0.22451,0.04682,1395,1
ag,5120,10240,2048,gpu,78,A_fused,3,0.93389,0.89600,0.93389,0.06510,1395,1
ag,5120,10240,2048,gpu,79,c_cublas,3,0.75469,0.74240,0.75264,0.04253,1395,1
ag,5120,10240,2048,gpu,79,c_fluxgemm,0,0.81203,0.79258,0.81203,0.03349,1395,1
ag,5120,10240,2048,gpu,79,c_flux_ag,2,0.23162,0.21373,0.22435,0.04540,1395,1
ag,5120,10240,2048,gpu,79,A_fused,1,0.90931,0.89088,0.90931,0.06478,1395,1
ag,5120,10240,2048,gpu,80,c_cublas,1,0.75571,0.74445,0.75469,0.03499,1395,1
ag,5120,10240,2048,gpu,80,c_fluxgemm,0,0.81306,0.79462,0.81306,0.03674,1395,1
ag,5120,10240,2048,gpu,80,c_flux_ag,3,0.25114,0.23430,0.23530,0.04546,1395,1
ag,5120,10240,2048,gpu,80,A_fused,2,0.95744,0.93696,0.95744,0.06881,1395,1
ag,5120,10240,2048,gpu,81,c_cublas,3,0.75469,0.74240,0.75264,0.07562,1395,1
ag,5120,10240,2048,gpu,81,c_fluxgemm,2,0.81408,0.79360,0.81408,0.03327,1395,1
ag,5120,10240,2048,gpu,81,c_flux_ag,0,0.19200,0.18630,0.19200,0.04785,1395,1
ag,5120,10240,2048,gpu,81,A_fused,1,0.90317,0.88678,0.90317,0.06374,1395,1
ag,5120,10240,2048,gpu,82,c_cublas,1,0.75469,0.74240,0.75264,0.03573,1395,1
ag,5120,10240,2048,gpu,82,c_fluxgemm,2,0.81203,0.79258,0.81203,0.03580,1395,1
ag,5120,10240,2048,gpu,82,c_flux_ag,0,0.22717,0.20346,0.20464,0.05178,1395,1
ag,5120,10240,2048,gpu,82,A_fused,3,0.92570,0.89395,0.92570,0.06478,1395,1
ag,5120,10240,2048,gpu,83,c_cublas,1,0.75571,0.74342,0.75264,0.03660,1395,1
ag,5120,10240,2048,gpu,83,c_fluxgemm,3,0.81408,0.79360,0.81408,0.03299,1395,1
ag,5120,10240,2048,gpu,83,c_flux_ag,0,0.24029,0.21821,0.23789,0.04735,1395,1
ag,5120,10240,2048,gpu,83,A_fused,2,0.96051,0.94310,0.96051,0.06731,1395,1
ag,5120,10240,2048,gpu,84,c_cublas,1,0.75264,0.74342,0.75264,0.03549,1395,1
ag,5120,10240,2048,gpu,84,c_fluxgemm,3,0.81306,0.79258,0.81306,0.03225,1395,1
ag,5120,10240,2048,gpu,84,c_flux_ag,0,0.23162,0.22883,0.22883,0.04826,1395,1
ag,5120,10240,2048,gpu,84,A_fused,2,0.90931,0.88781,0.90931,0.06686,1395,1
ag,5120,10240,2048,gpu,85,c_cublas,0,0.75264,0.74240,0.75264,0.03609,1395,1
ag,5120,10240,2048,gpu,85,c_fluxgemm,2,0.81306,0.79258,0.81306,0.03227,1395,1
ag,5120,10240,2048,gpu,85,c_flux_ag,3,0.21587,0.20045,0.20378,0.04699,1395,1
ag,5120,10240,2048,gpu,85,A_fused,1,0.92570,0.90931,0.92570,0.06840,1395,1
ag,5120,10240,2048,gpu,86,c_cublas,2,0.75264,0.74342,0.75264,0.03591,1395,1
ag,5120,10240,2048,gpu,86,c_fluxgemm,1,0.81408,0.79258,0.81408,0.03423,1395,1
ag,5120,10240,2048,gpu,86,c_flux_ag,0,0.23254,0.21187,0.22422,0.04684,1395,1
ag,5120,10240,2048,gpu,86,A_fused,3,0.95437,0.93491,0.95437,0.06842,1395,1
ag,5120,10240,2048,gpu,87,c_cublas,0,0.75264,0.74240,0.75264,0.03515,1395,1
ag,5120,10240,2048,gpu,87,c_fluxgemm,2,0.81510,0.79258,0.81510,0.03468,1395,1
ag,5120,10240,2048,gpu,87,c_flux_ag,1,0.20454,0.19738,0.20454,0.05004,1395,1
ag,5120,10240,2048,gpu,87,A_fused,3,0.91341,0.89088,0.91341,0.09983,1395,1
ag,5120,10240,2048,gpu,88,c_cublas,2,0.75264,0.74240,0.75264,0.04246,1395,1
ag,5120,10240,2048,gpu,88,c_fluxgemm,0,0.81510,0.79360,0.81510,0.03398,1395,1
ag,5120,10240,2048,gpu,88,c_flux_ag,1,0.20938,0.20234,0.20234,0.04845,1395,1
ag,5120,10240,2048,gpu,88,A_fused,3,0.92160,0.89498,0.92160,0.06729,1395,1
ag,5120,10240,2048,gpu,89,c_cublas,1,0.75366,0.74342,0.75366,0.03584,1395,1
ag,5120,10240,2048,gpu,89,c_fluxgemm,0,0.81408,0.79258,0.81408,0.03924,1395,1
ag,5120,10240,2048,gpu,89,c_flux_ag,2,0.28090,0.24691,0.26803,0.05048,1395,1
ag,5120,10240,2048,gpu,89,A_fused,3,0.92365,0.89907,0.92058,0.06291,1395,1
ag,5120,10240,2048,gpu,90,c_cublas,3,0.75366,0.74342,0.75366,0.03651,1395,1
ag,5120,10240,2048,gpu,90,c_fluxgemm,1,0.81203,0.79258,0.81203,0.03235,1395,1
ag,5120,10240,2048,gpu,90,c_flux_ag,2,0.19258,0.18826,0.19181,0.04747,1395,1
ag,5120,10240,2048,gpu,90,A_fused,0,0.91648,0.89293,0.91648,0.06623,1395,1
ag,5120,10240,2048,gpu,91,c_cublas,1,0.75366,0.74342,0.75366,0.03449,1395,1
ag,5120,10240,2048,gpu,91,c_fluxgemm,2,0.81510,0.79258,0.81510,0.03566,1395,1
ag,5120,10240,2048,gpu,91,c_flux_ag,3,0.21814,0.19882,0.21629,0.04861,1395,1
ag,5120,10240,2048,gpu,91,A_fused,0,0.93389,0.92262,0.92672,0.06979,1395,1
ag,5120,10240,2048,gpu,92,c_cublas,2,0.75264,0.74240,0.75264,0.04120,1395,1
ag,5120,10240,2048,gpu,92,c_fluxgemm,0,0.81510,0.79360,0.81510,0.03450,1395,1
ag,5120,10240,2048,gpu,92,c_flux_ag,1,0.23859,0.23270,0.23469,0.04860,1395,1
ag,5120,10240,2048,gpu,92,A_fused,3,0.95642,0.93389,0.95642,0.06701,1395,1
ag,5120,10240,2048,gpu,93,c_cublas,1,0.75264,0.74240,0.75264,0.03498,1395,1
ag,5120,10240,2048,gpu,93,c_fluxgemm,3,0.81306,0.79258,0.81306,0.03443,1395,1
ag,5120,10240,2048,gpu,93,c_flux_ag,2,0.19146,0.18397,0.19133,0.04931,1395,1
ag,5120,10240,2048,gpu,93,A_fused,0,0.91443,0.89293,0.91443,0.06564,1395,1
ag,5120,10240,2048,gpu,94,c_cublas,2,0.75264,0.74342,0.75264,0.03515,1395,1
ag,5120,10240,2048,gpu,94,c_fluxgemm,3,0.81306,0.79360,0.81306,0.03544,1395,1
ag,5120,10240,2048,gpu,94,c_flux_ag,0,0.19056,0.18915,0.19037,0.04962,1395,1
ag,5120,10240,2048,gpu,94,A_fused,1,0.91853,0.90931,0.91853,0.06256,1395,1
ag,5120,10240,2048,gpu,95,c_cublas,1,0.75264,0.74240,0.75264,0.03552,1395,1
ag,5120,10240,2048,gpu,95,c_fluxgemm,3,0.81408,0.79360,0.81408,0.03263,1395,1
ag,5120,10240,2048,gpu,95,c_flux_ag,0,0.26618,0.21258,0.21258,0.05019,1395,1
ag,5120,10240,2048,gpu,95,A_fused,2,0.94310,0.91238,0.94310,0.06732,1395,1
ag,5120,10240,2048,gpu,96,c_cublas,3,0.75469,0.74342,0.75469,0.03525,1395,1
ag,5120,10240,2048,gpu,96,c_fluxgemm,2,0.81306,0.79360,0.81306,0.03984,1395,1
ag,5120,10240,2048,gpu,96,c_flux_ag,1,0.21322,0.19219,0.19219,0.04470,1395,1
ag,5120,10240,2048,gpu,96,A_fused,0,0.95334,0.93389,0.95334,0.06619,1395,1
ag,5120,10240,2048,gpu,97,c_cublas,0,0.75264,0.74342,0.75264,0.03698,1395,1
ag,5120,10240,2048,gpu,97,c_fluxgemm,2,0.81306,0.79155,0.81306,0.03322,1395,1
ag,5120,10240,2048,gpu,97,c_flux_ag,3,0.24426,0.21370,0.21370,0.04867,1395,1
ag,5120,10240,2048,gpu,97,A_fused,1,0.92979,0.91238,0.92979,0.06987,1395,1
ag,5120,10240,2048,gpu,98,c_cublas,0,0.75264,0.74240,0.75264,0.03572,1395,1
ag,5120,10240,2048,gpu,98,c_fluxgemm,1,0.81203,0.79360,0.81203,0.03623,1395,1
ag,5120,10240,2048,gpu,98,c_flux_ag,3,0.24355,0.23965,0.24355,0.04543,1395,1
ag,5120,10240,2048,gpu,98,A_fused,2,0.94413,0.92979,0.94413,0.06522,1395,1
ag,5120,10240,2048,gpu,99,c_cublas,3,0.75264,0.74445,0.75264,0.03546,1395,1
ag,5120,10240,2048,gpu,99,c_fluxgemm,1,0.81203,0.79258,0.81203,0.03393,1395,1
ag,5120,10240,2048,gpu,99,c_flux_ag,0,0.33005,0.21558,0.33005,0.04742,1395,1
ag,5120,10240,2048,gpu,99,A_fused,2,0.92672,0.89088,0.92672,0.06421,1395,1
ag,5120,10240,2048,gpu,100,c_cublas,3,0.75469,0.74445,0.75469,0.03528,1395,1
ag,5120,10240,2048,gpu,100,c_fluxgemm,1,0.81203,0.79258,0.81203,0.04054,1395,1
ag,5120,10240,2048,gpu,100,c_flux_ag,0,0.22195,0.20058,0.20058,0.05355,1395,1
ag,5120,10240,2048,gpu,100,A_fused,2,0.90624,0.88576,0.90624,0.06420,1395,1
ag,5120,10240,2048,gpu,101,c_cublas,2,0.75469,0.74342,0.75469,0.03510,1395,1
ag,5120,10240,2048,gpu,101,c_fluxgemm,1,0.81306,0.79155,0.81306,0.03253,1395,1
ag,5120,10240,2048,gpu,101,c_flux_ag,3,0.28621,0.25197,0.27504,0.04991,1395,1
ag,5120,10240,2048,gpu,101,A_fused,0,0.92160,0.89600,0.92160,0.06858,1395,1
ag,5120,10240,2048,gpu,102,c_cublas,1,0.75366,0.74240,0.75366,0.03529,1395,1
ag,5120,10240,2048,gpu,102,c_fluxgemm,0,0.81408,0.79258,0.81408,0.03563,1395,1
ag,5120,10240,2048,gpu,102,c_flux_ag,3,0.21869,0.19581,0.20042,0.04464,1395,1
ag,5120,10240,2048,gpu,102,A_fused,2,0.93696,0.91648,0.93696,0.06694,1395,1
ag,5120,10240,2048,gpu,103,c_cublas,2,0.75264,0.74240,0.75264,0.03586,1395,1
ag,5120,10240,2048,gpu,103,c_fluxgemm,3,0.81408,0.79258,0.81408,0.03660,1395,1
ag,5120,10240,2048,gpu,103,c_flux_ag,1,0.19050,0.18659,0.18659,0.04458,1395,1
ag,5120,10240,2048,gpu,103,A_fused,0,0.91443,0.89702,0.91443,0.06540,1395,1
ag,5120,10240,2048,gpu,104,c_cublas,0,0.75469,0.74445,0.75469,0.03587,1395,1
ag,5120,10240,2048,gpu,104,c_fluxgemm,2,0.81408,0.79258,0.81408,0.03474,1395,1
ag,5120,10240,2048,gpu,104,c_flux_ag,1,0.21350,0.20442,0.20874,0.05632,1395,1
ag,5120,10240,2048,gpu,104,A_fused,3,0.97280,0.94413,0.97280,0.06431,1395,1
ag,5120,10240,2048,gpu,105,c_cublas,3,0.75264,0.74342,0.75264,0.03588,1395,1
ag,5120,10240,2048,gpu,105,c_fluxgemm,1,0.81306,0.79360,0.81306,0.03296,1395,1
ag,5120,10240,2048,gpu,105,c_flux_ag,2,0.26083,0.21027,0.26083,0.04693,1395,1
ag,5120,10240,2048,gpu,105,A_fused,0,0.91136,0.88678,0.91136,0.06453,1395,1
ag,5120,10240,2048,gpu,106,c_cublas,0,0.75264,0.74240,0.75264,0.03227,1395,1
ag,5120,10240,2048,gpu,106,c_fluxgemm,1,0.81306,0.79360,0.81306,0.03625,1395,1
ag,5120,10240,2048,gpu,106,c_flux_ag,2,0.19488,0.18691,0.19075,0.04910,1395,1
ag,5120,10240,2048,gpu,106,A_fused,3,0.91955,0.88883,0.91955,0.06346,1395,1
ag,5120,10240,2048,gpu,107,c_cublas,2,0.75366,0.74445,0.75366,0.03516,1395,1
ag,5120,10240,2048,gpu,107,c_fluxgemm,0,0.81306,0.79258,0.81306,0.03717,1395,1
ag,5120,10240,2048,gpu,107,c_flux_ag,3,0.28618,0.25901,0.27459,0.05267,1395,1
ag,5120,10240,2048,gpu,107,A_fused,1,0.92262,0.89293,0.92262,0.06486,1395,1
ag,5120,10240,2048,gpu,108,c_cublas,0,0.75366,0.74342,0.75366,0.03487,1395,1
ag,5120,10240,2048,gpu,108,c_fluxgemm,2,0.81306,0.79258,0.81306,0.03311,1395,1
ag,5120,10240,2048,gpu,108,c_flux_ag,3,0.18646,0.18259,0.18477,0.04736,1395,1
ag,5120,10240,2048,gpu,108,A_fused,1,0.92160,0.89395,0.92160,0.06900,1395,1
ag,5120,10240,2048,gpu,109,c_cublas,1,0.75366,0.74342,0.75366,0.03529,1395,1
ag,5120,10240,2048,gpu,109,c_fluxgemm,3,0.81408,0.79155,0.81408,0.03395,1395,1
ag,5120,10240,2048,gpu,109,c_flux_ag,2,0.19715,0.19062,0.19715,0.05036,1395,1
ag,5120,10240,2048,gpu,109,A_fused,0,0.93696,0.92160,0.93696,0.06774,1395,1
ag,5120,10240,2048,gpu,110,c_cublas,0,0.75264,0.74342,0.75264,0.03582,1395,1
ag,5120,10240,2048,gpu,110,c_fluxgemm,2,0.81306,0.79258,0.81306,0.03558,1395,1
ag,5120,10240,2048,gpu,110,c_flux_ag,1,0.22042,0.20806,0.20973,0.05023,1395,1
ag,5120,10240,2048,gpu,110,A_fused,3,0.97690,0.95027,0.97690,0.06466,1395,1
ag,5120,10240,2048,gpu,111,c_cublas,3,0.75264,0.74240,0.75264,0.03635,1395,1
ag,5120,10240,2048,gpu,111,c_fluxgemm,0,0.81203,0.79155,0.81203,0.03409,1395,1
ag,5120,10240,2048,gpu,111,c_flux_ag,2,0.19549,0.18525,0.18902,0.04516,1395,1
ag,5120,10240,2048,gpu,111,A_fused,1,0.92672,0.89702,0.92672,0.06456,1395,1
ag,5120,10240,2048,gpu,112,c_cublas,2,0.75469,0.74342,0.75264,0.03538,1395,1
ag,5120,10240,2048,gpu,112,c_fluxgemm,0,0.81408,0.79360,0.81408,0.03704,1395,1
ag,5120,10240,2048,gpu,112,c_flux_ag,3,0.19786,0.19270,0.19395,0.05001,1395,1
ag,5120,10240,2048,gpu,112,A_fused,1,0.91136,0.88781,0.91136,0.07276,1395,1
ag,5120,10240,2048,gpu,113,c_cublas,1,0.75571,0.74240,0.75366,0.03602,1395,1
ag,5120,10240,2048,gpu,113,c_fluxgemm,0,0.81510,0.79360,0.81510,0.03574,1395,1
ag,5120,10240,2048,gpu,113,c_flux_ag,3,0.22061,0.21309,0.21334,0.04530,1395,1
ag,5120,10240,2048,gpu,113,A_fused,2,0.95744,0.94925,0.95437,0.06760,1395,1
ag,5120,10240,2048,gpu,114,c_cublas,3,0.75571,0.74240,0.75264,0.03561,1395,1
ag,5120,10240,2048,gpu,114,c_fluxgemm,0,0.81306,0.79155,0.81306,0.03508,1395,1
ag,5120,10240,2048,gpu,114,c_flux_ag,2,0.18976,0.18499,0.18790,0.04512,1395,1
ag,5120,10240,2048,gpu,114,A_fused,1,0.92877,0.89702,0.92877,0.06531,1395,1
ag,5120,10240,2048,gpu,115,c_cublas,1,0.75571,0.74342,0.75264,0.03528,1395,1
ag,5120,10240,2048,gpu,115,c_fluxgemm,0,0.81306,0.79360,0.81306,0.03691,1395,1
ag,5120,10240,2048,gpu,115,c_flux_ag,2,0.19213,0.18813,0.19171,0.05023,1395,1
ag,5120,10240,2048,gpu,115,A_fused,3,0.91034,0.88269,0.91034,0.06957,1395,1
ag,5120,10240,2048,gpu,116,c_cublas,2,0.75571,0.74342,0.75264,0.04254,1395,1
ag,5120,10240,2048,gpu,116,c_fluxgemm,0,0.81408,0.79360,0.81408,0.03481,1395,1
ag,5120,10240,2048,gpu,116,c_flux_ag,3,0.28275,0.26496,0.26496,0.04987,1395,1
ag,5120,10240,2048,gpu,116,A_fused,1,0.97997,0.92774,0.97382,0.06561,1395,1
ag,5120,10240,2048,gpu,117,c_cublas,2,0.75469,0.74240,0.75366,0.03562,1395,1
ag,5120,10240,2048,gpu,117,c_fluxgemm,0,0.81408,0.79360,0.81408,0.03565,1395,1
ag,5120,10240,2048,gpu,117,c_flux_ag,3,0.19891,0.19187,0.19891,0.05001,1395,1
ag,5120,10240,2048,gpu,117,A_fused,1,0.92058,0.90112,0.92058,0.06546,1395,1
ag,5120,10240,2048,gpu,118,c_cublas,0,0.75469,0.74342,0.75264,0.03503,1395,1
ag,5120,10240,2048,gpu,118,c_fluxgemm,2,0.81408,0.79360,0.81408,0.03297,1395,1
ag,5120,10240,2048,gpu,118,c_flux_ag,3,0.19187,0.18586,0.18586,0.04647,1395,1
ag,5120,10240,2048,gpu,118,A_fused,1,0.90419,0.88371,0.90419,0.06727,1395,1
ag,5120,10240,2048,gpu,119,c_cublas,2,0.75571,0.74342,0.75366,0.03570,1395,1
ag,5120,10240,2048,gpu,119,c_fluxgemm,0,0.81306,0.79258,0.81306,0.03455,1395,1
ag,5120,10240,2048,gpu,119,c_flux_ag,1,0.25344,0.22474,0.22474,0.04832,1395,1
ag,5120,10240,2048,gpu,119,A_fused,3,0.97690,0.93901,0.97690,0.06698,1395,1
ag,5120,10240,2048,gpu,120,c_cublas,0,0.75571,0.74342,0.75366,0.03488,1395,1
ag,5120,10240,2048,gpu,120,c_fluxgemm,1,0.81408,0.79258,0.81408,0.04347,1395,1
ag,5120,10240,2048,gpu,120,c_flux_ag,2,0.24374,0.22042,0.24374,0.04916,1395,1
ag,5120,10240,2048,gpu,120,A_fused,3,0.91034,0.88781,0.91034,0.06211,1395,1
ag,5120,10240,2048,gpu,121,c_cublas,3,0.75571,0.74240,0.75366,0.03615,1395,1
ag,5120,10240,2048,gpu,121,c_fluxgemm,0,0.81408,0.79360,0.81408,0.03500,1395,1
ag,5120,10240,2048,gpu,121,c_flux_ag,2,0.19059,0.18758,0.18960,0.04505,1395,1
ag,5120,10240,2048,gpu,121,A_fused,1,0.90931,0.88474,0.90931,0.06475,1395,1
ag,5120,10240,2048,gpu,122,c_cublas,0,0.75571,0.74342,0.75264,0.03330,1395,1
ag,5120,10240,2048,gpu,122,c_fluxgemm,1,0.81408,0.79258,0.81408,0.03641,1395,1
ag,5120,10240,2048,gpu,122,c_flux_ag,3,0.21504,0.20288,0.20288,0.04448,1395,1
ag,5120,10240,2048,gpu,122,A_fused,2,0.96563,0.94822,0.96563,0.06545,1395,1
ag,5120,10240,2048,gpu,123,c_cublas,2,0.75674,0.74445,0.75366,0.10340,1395,1
ag,5120,10240,2048,gpu,123,c_fluxgemm,1,0.81306,0.79258,0.81306,0.03559,1395,1
ag,5120,10240,2048,gpu,123,c_flux_ag,3,0.19613,0.19552,0.19558,0.05863,1395,1
ag,5120,10240,2048,gpu,123,A_fused,0,0.90726,0.88269,0.90726,0.06695,1395,1
ag,5120,10240,2048,gpu,124,c_cublas,0,0.75776,0.74240,0.75366,0.03599,1395,1
ag,5120,10240,2048,gpu,124,c_fluxgemm,1,0.81408,0.79462,0.81408,0.03643,1395,1
ag,5120,10240,2048,gpu,124,c_flux_ag,2,0.23392,0.21114,0.23392,0.04834,1395,1
ag,5120,10240,2048,gpu,124,A_fused,3,0.92160,0.89395,0.92160,0.06268,1395,1
ag,5120,10240,2048,gpu,125,c_cublas,1,0.75674,0.74445,0.75366,0.03591,1395,1
ag,5120,10240,2048,gpu,125,c_fluxgemm,3,0.81306,0.79155,0.81306,0.03322,1395,1
ag,5120,10240,2048,gpu,125,c_flux_ag,0,0.19757,0.19034,0.19757,0.04745,1395,1
ag,5120,10240,2048,gpu,125,A_fused,2,0.95744,0.94515,0.95744,0.06785,1395,1
ag,5120,10240,2048,gpu,126,c_cublas,3,0.75571,0.74240,0.75366,0.03560,1395,1
ag,5120,10240,2048,gpu,126,c_fluxgemm,2,0.81203,0.79258,0.81203,0.03320,1395,1
ag,5120,10240,2048,gpu,126,c_flux_ag,1,0.22768,0.20563,0.20563,0.04488,1395,1
ag,5120,10240,2048,gpu,126,A_fused,0,0.92058,0.88576,0.92058,0.06624,1395,1
ag,5120,10240,2048,gpu,127,c_cublas,1,0.75571,0.74240,0.75264,0.03514,1395,1
ag,5120,10240,2048,gpu,127,c_fluxgemm,0,0.81306,0.79258,0.81306,0.03611,1395,1
ag,5120,10240,2048,gpu,127,c_flux_ag,2,0.24086,0.21254,0.24086,0.05015,1395,1
ag,5120,10240,2048,gpu,127,A_fused,3,0.91238,0.88474,0.91034,0.06920,1395,1
ag,5120,10240,2048,gpu,128,c_cublas,0,0.75571,0.74445,0.75469,0.03722,1395,1
ag,5120,10240,2048,gpu,128,c_fluxgemm,3,0.81510,0.79360,0.81510,0.03408,1395,1
ag,5120,10240,2048,gpu,128,c_flux_ag,1,0.26672,0.24912,0.26672,0.05949,1395,1
ag,5120,10240,2048,gpu,128,A_fused,2,0.92365,0.89702,0.92365,0.06537,1395,1
ag,5120,10240,2048,gpu,129,c_cublas,2,0.75674,0.74445,0.75469,0.03625,1395,1
ag,5120,10240,2048,gpu,129,c_fluxgemm,0,0.81408,0.79462,0.81408,0.03294,1395,1
ag,5120,10240,2048,gpu,129,c_flux_ag,1,0.21469,0.21085,0.21469,0.04920,1395,1
ag,5120,10240,2048,gpu,129,A_fused,3,0.92774,0.90624,0.92774,0.06633,1395,1
ag,5120,10240,2048,gpu,130,c_cublas,3,0.75469,0.74342,0.75366,0.03520,1395,1
ag,5120,10240,2048,gpu,130,c_fluxgemm,2,0.81203,0.79258,0.81203,0.03324,1395,1
ag,5120,10240,2048,gpu,130,c_flux_ag,0,0.19699,0.18781,0.19181,0.04800,1395,1
ag,5120,10240,2048,gpu,130,A_fused,1,0.90419,0.88883,0.90419,0.06214,1395,1
ag,5120,10240,2048,gpu,131,c_cublas,2,0.75366,0.74240,0.75366,0.03601,1395,1
ag,5120,10240,2048,gpu,131,c_fluxgemm,1,0.81306,0.79258,0.81306,0.03484,1395,1
ag,5120,10240,2048,gpu,131,c_flux_ag,0,0.23450,0.23034,0.23123,0.05132,1395,1
ag,5120,10240,2048,gpu,131,A_fused,3,0.96051,0.94003,0.96051,0.07451,1395,1
ag,5120,10240,2048,gpu,132,c_cublas,1,0.75366,0.74445,0.75366,0.03547,1395,1
ag,5120,10240,2048,gpu,132,c_fluxgemm,0,0.81408,0.79258,0.81408,0.03525,1395,1
ag,5120,10240,2048,gpu,132,c_flux_ag,3,0.21373,0.20394,0.20394,0.04527,1395,1
ag,5120,10240,2048,gpu,132,A_fused,2,0.91034,0.88678,0.91034,0.06839,1395,1
ag,5120,10240,2048,gpu,133,c_cublas,3,0.75059,0.74240,0.75059,0.03571,1395,1
ag,5120,10240,2048,gpu,133,c_fluxgemm,2,0.81101,0.79258,0.81101,0.03284,1395,1
ag,5120,10240,2048,gpu,133,c_flux_ag,0,0.21712,0.18749,0.20077,0.04734,1395,1
ag,5120,10240,2048,gpu,133,A_fused,1,0.92979,0.89293,0.92979,0.06267,1395,1
ag,5120,10240,2048,gpu,134,c_cublas,0,0.75059,0.74240,0.75059,0.03293,1395,1
ag,5120,10240,2048,gpu,134,c_fluxgemm,3,0.80896,0.79258,0.80896,0.03297,1395,1
ag,5120,10240,2048,gpu,134,c_flux_ag,1,0.23322,0.22000,0.23322,0.05106,1395,1
ag,5120,10240,2048,gpu,134,A_fused,2,0.93798,0.90931,0.93798,0.06309,1395,1
ag,5120,10240,2048,gpu,135,c_cublas,1,0.74957,0.74240,0.74957,0.03595,1395,1
ag,5120,10240,2048,gpu,135,c_fluxgemm,3,0.80998,0.79360,0.80998,0.03308,1395,1
ag,5120,10240,2048,gpu,135,c_flux_ag,0,0.27862,0.24912,0.27862,0.04909,1395,1
ag,5120,10240,2048,gpu,135,A_fused,2,0.93696,0.88474,0.92877,0.06729,1395,1
ag,5120,10240,2048,gpu,136,c_cublas,2,0.74957,0.74342,0.74957,0.03618,1395,1
ag,5120,10240,2048,gpu,136,c_fluxgemm,0,0.80998,0.79258,0.80998,0.03180,1395,1
ag,5120,10240,2048,gpu,136,c_flux_ag,1,0.21030,0.20960,0.20960,0.04890,1395,1
ag,5120,10240,2048,gpu,136,A_fused,3,0.91034,0.89395,0.91034,0.06846,1395,1
ag,5120,10240,2048,gpu,137,c_cublas,3,0.74957,0.74342,0.74957,0.03511,1395,1
ag,5120,10240,2048,gpu,137,c_fluxgemm,2,0.80998,0.79258,0.80998,0.03493,1395,1
ag,5120,10240,2048,gpu,137,c_flux_ag,1,0.18714,0.18202,0.18448,0.15463,1395,1
ag,5120,10240,2048,gpu,137,A_fused,0,0.94310,0.91546,0.94310,0.06926,1395,1
ag,5120,10240,2048,gpu,138,c_cublas,3,0.74957,0.74240,0.74957,0.03556,1395,1
ag,5120,10240,2048,gpu,138,c_fluxgemm,1,0.80998,0.79155,0.80998,0.03330,1395,1
ag,5120,10240,2048,gpu,138,c_flux_ag,2,0.20250,0.19254,0.20131,0.04734,1395,1
ag,5120,10240,2048,gpu,138,A_fused,0,0.95744,0.93696,0.95744,0.06959,1395,1
ag,5120,10240,2048,gpu,139,c_cublas,0,0.75059,0.74240,0.75059,0.03260,1395,1
ag,5120,10240,2048,gpu,139,c_fluxgemm,1,0.81101,0.79360,0.81101,0.03657,1395,1
ag,5120,10240,2048,gpu,139,c_flux_ag,3,0.23827,0.23114,0.23632,0.04502,1395,1
ag,5120,10240,2048,gpu,139,A_fused,2,0.91034,0.89190,0.91034,0.06677,1395,1
ag,5120,10240,2048,gpu,140,c_cublas,3,0.75162,0.74342,0.75162,0.03637,1395,1
ag,5120,10240,2048,gpu,140,c_fluxgemm,1,0.80896,0.79155,0.80896,0.03437,1395,1
ag,5120,10240,2048,gpu,140,c_flux_ag,0,0.20150,0.19901,0.20064,0.04632,1395,1
ag,5120,10240,2048,gpu,140,A_fused,2,0.90317,0.88986,0.90317,0.06384,1395,1
ag,5120,10240,2048,gpu,141,c_cublas,0,0.75469,0.74240,0.75059,0.05783,1395,1
ag,5120,10240,2048,gpu,141,c_fluxgemm,3,0.80998,0.79258,0.80998,0.04356,1395,1
ag,5120,10240,2048,gpu,141,c_flux_ag,2,0.22538,0.21293,0.22538,0.04567,1395,1
ag,5120,10240,2048,gpu,141,A_fused,1,0.95642,0.93696,0.95642,0.07623,1395,1
ag,5120,10240,2048,gpu,142,c_cublas,0,0.75571,0.74240,0.75059,0.03635,1410,1
ag,5120,10240,2048,gpu,142,c_fluxgemm,1,0.81408,0.79258,0.81408,0.03626,1410,1
ag,5120,10240,2048,gpu,142,c_flux_ag,3,0.24144,0.22278,0.22554,0.04545,1410,1
ag,5120,10240,2048,gpu,142,A_fused,2,0.95027,0.90214,0.94413,0.06643,1410,1
ag,5120,10240,2048,gpu,143,c_cublas,3,0.75469,0.74342,0.75264,0.03586,1410,1
ag,5120,10240,2048,gpu,143,c_fluxgemm,0,0.81203,0.79155,0.81203,0.03634,1410,1
ag,5120,10240,2048,gpu,143,c_flux_ag,2,0.20237,0.18874,0.19056,0.04465,1410,1
ag,5120,10240,2048,gpu,143,A_fused,1,0.91955,0.89498,0.91955,0.06478,1410,1
ag,5120,10240,2048,gpu,144,c_cublas,1,0.75674,0.74445,0.75469,0.03570,1410,1
ag,5120,10240,2048,gpu,144,c_fluxgemm,0,0.81306,0.79258,0.81306,0.03770,1410,1
ag,5120,10240,2048,gpu,144,c_flux_ag,2,0.26192,0.24022,0.24022,0.04994,1410,1
ag,5120,10240,2048,gpu,144,A_fused,3,0.90624,0.88371,0.90624,0.07168,1410,1
ag,5120,10240,2048,gpu,145,c_cublas,3,0.75571,0.74342,0.75366,0.03587,1410,1
ag,5120,10240,2048,gpu,145,c_fluxgemm,0,0.81510,0.79258,0.81510,0.03539,1410,1
ag,5120,10240,2048,gpu,145,c_flux_ag,2,0.20339,0.18957,0.20070,0.04477,1410,1
ag,5120,10240,2048,gpu,145,A_fused,1,0.94208,0.91136,0.94003,0.07037,1410,1
ag,5120,10240,2048,gpu,146,c_cublas,3,0.75571,0.74240,0.75264,0.03543,1410,1
ag,5120,10240,2048,gpu,146,c_fluxgemm,0,0.81408,0.79053,0.81408,0.03708,1410,1
ag,5120,10240,2048,gpu,146,c_flux_ag,1,0.22512,0.21638,0.22298,0.04951,1410,1
ag,5120,10240,2048,gpu,146,A_fused,2,0.91443,0.89395,0.90624,0.06309,1410,1
ag,5120,10240,2048,gpu,147,c_cublas,1,0.75469,0.74342,0.75366,0.03503,1395,1
ag,5120,10240,2048,gpu,147,c_fluxgemm,2,0.81510,0.79360,0.81510,0.03581,1395,1
ag,5120,10240,2048,gpu,147,c_flux_ag,3,0.24288,0.23968,0.24032,0.05052,1395,1
ag,5120,10240,2048,gpu,147,A_fused,0,0.91034,0.88781,0.91034,0.06880,1395,1
ag,5120,10240,2048,gpu,148,c_cublas,1,0.75674,0.74445,0.75366,0.03598,1395,1
ag,5120,10240,2048,gpu,148,c_fluxgemm,0,0.81510,0.79258,0.81510,0.03633,1395,1
ag,5120,10240,2048,gpu,148,c_flux_ag,2,0.23475,0.22483,0.22483,0.04980,1395,1
ag,5120,10240,2048,gpu,148,A_fused,3,0.92570,0.90317,0.92570,0.07228,1395,1
ag,5120,10240,2048,gpu,149,c_cublas,2,0.75674,0.74342,0.75469,0.03584,1395,1
ag,5120,10240,2048,gpu,149,c_fluxgemm,1,0.81408,0.79258,0.81408,0.03461,1395,1
ag,5120,10240,2048,gpu,149,c_flux_ag,0,0.22186,0.20778,0.22186,0.04662,1395,1
ag,5120,10240,2048,gpu,149,A_fused,3,0.92979,0.91034,0.91034,0.06734,1395,1
ag,5120,10240,2048,gpu,150,c_cublas,2,0.75571,0.74240,0.75366,0.03527,1395,1
ag,5120,10240,2048,gpu,150,c_fluxgemm,3,0.81203,0.79258,0.81203,0.03592,1395,1
ag,5120,10240,2048,gpu,150,c_flux_ag,0,0.20678,0.18832,0.19786,0.04825,1395,1
ag,5120,10240,2048,gpu,150,A_fused,1,0.90522,0.88371,0.90522,0.06267,1395,1
ag,5120,10240,2048,gpu,151,c_cublas,0,0.77517,0.74240,0.75366,0.04390,1395,1
ag,5120,10240,2048,gpu,151,c_fluxgemm,2,0.81306,0.79155,0.81306,0.04347,1395,1
ag,5120,10240,2048,gpu,151,c_flux_ag,1,0.24419,0.24022,0.24246,0.06605,1395,1
ag,5120,10240,2048,gpu,151,A_fused,3,0.94310,0.90624,0.92877,0.06410,1395,1
ag,5120,10240,2048,gpu,152,c_cublas,0,0.75674,0.74342,0.75469,0.03572,1395,1
ag,5120,10240,2048,gpu,152,c_fluxgemm,3,0.81408,0.79462,0.81408,0.03323,1395,1
ag,5120,10240,2048,gpu,152,c_flux_ag,2,0.21667,0.18886,0.21667,0.04499,1395,1
ag,5120,10240,2048,gpu,152,A_fused,1,0.92672,0.90010,0.92672,0.07315,1395,1
ag,5120,10240,2048,gpu,153,c_cublas,0,0.75571,0.74240,0.75264,0.03603,1395,1
ag,5120,10240,2048,gpu,153,c_fluxgemm,2,0.81510,0.79155,0.81510,0.03276,1395,1
ag,5120,10240,2048,gpu,153,c_flux_ag,3,0.19328,0.18774,0.18877,0.04688,1395,1
ag,5120,10240,2048,gpu,153,A_fused,1,0.92774,0.90624,0.90624,0.06826,1395,1
ag,5120,10240,2048,gpu,154,c_cublas,2,0.75571,0.74240,0.75264,0.03576,1395,1
ag,5120,10240,2048,gpu,154,c_fluxgemm,1,0.81510,0.79360,0.81510,0.03432,1395,1
ag,5120,10240,2048,gpu,154,c_flux_ag,0,0.23546,0.22592,0.22592,0.04719,1395,1
ag,5120,10240,2048,gpu,154,A_fused,3,0.96051,0.94208,0.96051,0.06737,1395,1
ag,5120,10240,2048,gpu,155,c_cublas,3,0.75469,0.74342,0.75366,0.03655,1395,1
ag,5120,10240,2048,gpu,155,c_fluxgemm,1,0.81408,0.79360,0.81408,0.04423,1395,1
ag,5120,10240,2048,gpu,155,c_flux_ag,2,0.21430,0.19187,0.21430,0.04750,1395,1
ag,5120,10240,2048,gpu,155,A_fused,0,0.92160,0.89805,0.92160,0.06583,1395,1
ag,5120,10240,2048,gpu,156,c_cublas,0,0.75674,0.74445,0.75366,0.03249,1395,1
ag,5120,10240,2048,gpu,156,c_fluxgemm,2,0.81408,0.79462,0.81408,0.03523,1395,1
ag,5120,10240,2048,gpu,156,c_flux_ag,1,0.23005,0.19856,0.21085,0.05708,1395,1
ag,5120,10240,2048,gpu,156,A_fused,3,0.94618,0.91341,0.94618,0.06468,1395,1
ag,5120,10240,2048,gpu,157,c_cublas,1,0.75469,0.74342,0.75366,0.03575,1395,1
ag,5120,10240,2048,gpu,157,c_fluxgemm,0,0.81408,0.79360,0.81408,0.03440,1395,1
ag,5120,10240,2048,gpu,157,c_flux_ag,3,0.21658,0.20806,0.20806,0.04490,1395,1
ag,5120,10240,2048,gpu,157,A_fused,2,0.95846,0.94310,0.95846,0.06680,1395,1
ag,5120,10240,2048,gpu,158,c_cublas,1,0.75571,0.74240,0.75264,0.03624,1395,1
ag,5120,10240,2048,gpu,158,c_fluxgemm,3,0.81306,0.79360,0.81306,0.03303,1395,1
ag,5120,10240,2048,gpu,158,c_flux_ag,0,0.21776,0.19946,0.20118,0.04579,1395,1
ag,5120,10240,2048,gpu,158,A_fused,2,0.91750,0.89600,0.91750,0.06732,1395,1
ag,5120,10240,2048,gpu,159,c_cublas,2,0.75469,0.74240,0.75366,0.03676,1395,1
ag,5120,10240,2048,gpu,159,c_fluxgemm,1,0.81408,0.79155,0.81408,0.03317,1395,1
ag,5120,10240,2048,gpu,159,c_flux_ag,0,0.23274,0.19427,0.21379,0.04880,1395,1
ag,5120,10240,2048,gpu,159,A_fused,3,0.93901,0.92058,0.92570,0.06875,1395,1
ag,5120,10240,2048,gpu,160,c_cublas,2,0.75264,0.74240,0.75264,0.03601,1395,1
ag,5120,10240,2048,gpu,160,c_fluxgemm,1,0.81203,0.79258,0.81203,0.03499,1395,1
ag,5120,10240,2048,gpu,160,c_flux_ag,0,0.19562,0.19008,0.19008,0.04732,1395,1
ag,5120,10240,2048,gpu,160,A_fused,3,0.96256,0.94413,0.96256,0.06804,1395,1
ag,5120,10240,2048,gpu,161,c_cublas,1,0.75469,0.74445,0.75469,0.03576,1395,1
ag,5120,10240,2048,gpu,161,c_fluxgemm,2,0.81408,0.79360,0.81408,0.03622,1395,1
ag,5120,10240,2048,gpu,161,c_flux_ag,0,0.22528,0.21261,0.21690,0.04697,1395,1
ag,5120,10240,2048,gpu,161,A_fused,3,0.91546,0.90010,0.91546,0.06482,1395,1
ag,5120,10240,2048,gpu,162,c_cublas,3,0.75264,0.74240,0.75264,0.03517,1395,1
ag,5120,10240,2048,gpu,162,c_fluxgemm,0,0.81306,0.79258,0.81306,0.03404,1395,1
ag,5120,10240,2048,gpu,162,c_flux_ag,1,0.19434,0.19133,0.19245,0.04756,1395,1
ag,5120,10240,2048,gpu,162,A_fused,2,0.95232,0.91238,0.95232,0.06245,1395,1
ag,5120,10240,2048,gpu,163,c_cublas,3,0.75264,0.74342,0.75264,0.03580,1395,1
ag,5120,10240,2048,gpu,163,c_fluxgemm,2,0.81306,0.79360,0.81306,0.03326,1395,1
ag,5120,10240,2048,gpu,163,c_flux_ag,1,0.25402,0.19853,0.22842,0.04487,1395,1
ag,5120,10240,2048,gpu,163,A_fused,0,0.90522,0.88781,0.90522,0.06868,1395,1
ag,5120,10240,2048,gpu,164,c_cublas,3,0.75366,0.74445,0.75366,0.03510,1395,1
ag,5120,10240,2048,gpu,164,c_fluxgemm,1,0.81306,0.79360,0.81306,0.03581,1395,1
ag,5120,10240,2048,gpu,164,c_flux_ag,0,0.28378,0.24861,0.26765,0.05014,1395,1
ag,5120,10240,2048,gpu,164,A_fused,2,0.92774,0.88781,0.92467,0.06451,1395,1
ag,5120,10240,2048,gpu,165,c_cublas,3,0.75264,0.74342,0.75264,0.03538,1395,1
ag,5120,10240,2048,gpu,165,c_fluxgemm,2,0.81408,0.79565,0.81408,0.03324,1395,1
ag,5120,10240,2048,gpu,165,c_flux_ag,0,0.19690,0.19296,0.19514,0.04997,1395,1
ag,5120,10240,2048,gpu,165,A_fused,1,0.94208,0.92672,0.94003,0.06463,1395,1
ag,5120,10240,2048,gpu,166,c_cublas,0,0.75264,0.74342,0.75264,0.03260,1395,1
ag,5120,10240,2048,gpu,166,c_fluxgemm,3,0.81306,0.79258,0.81306,0.03317,1395,1
ag,5120,10240,2048,gpu,166,c_flux_ag,1,0.22157,0.18848,0.20982,0.05132,1395,1
ag,5120,10240,2048,gpu,166,A_fused,2,0.90624,0.88883,0.90624,0.06274,1395,1
ag,5120,10240,2048,gpu,167,c_cublas,1,0.75366,0.74342,0.75366,0.03625,1395,1
ag,5120,10240,2048,gpu,167,c_fluxgemm,2,0.81306,0.79360,0.81306,0.03529,1395,1
ag,5120,10240,2048,gpu,167,c_flux_ag,0,0.26054,0.24512,0.25478,0.04850,1395,1
ag,5120,10240,2048,gpu,167,A_fused,3,0.92467,0.89395,0.92467,0.06820,1395,1
ag,5120,10240,2048,gpu,168,c_cublas,2,0.75366,0.74240,0.75366,0.03576,1395,1
ag,5120,10240,2048,gpu,168,c_fluxgemm,0,0.81510,0.79565,0.81510,0.03408,1395,1
ag,5120,10240,2048,gpu,168,c_flux_ag,3,0.19491,0.18698,0.19491,0.04958,1395,1
ag,5120,10240,2048,gpu,168,A_fused,1,0.95130,0.92467,0.95130,0.06524,1395,1
ag,5120,10240,2048,gpu,169,c_cublas,1,0.75366,0.74445,0.75366,0.11129,1395,1
ag,5120,10240,2048,gpu,169,c_fluxgemm,3,0.81306,0.79258,0.81306,0.03318,1395,1
ag,5120,10240,2048,gpu,169,c_flux_ag,0,0.19987,0.19824,0.19869,0.04647,1395,1
ag,5120,10240,2048,gpu,169,A_fused,2,0.90829,0.89088,0.90829,0.06959,1395,1
ag,5120,10240,2048,gpu,170,c_cublas,2,0.75469,0.74240,0.75264,0.03617,1395,1
ag,5120,10240,2048,gpu,170,c_fluxgemm,1,0.81306,0.79360,0.81306,0.03522,1395,1
ag,5120,10240,2048,gpu,170,c_flux_ag,0,0.29414,0.25264,0.25264,0.05088,1395,1
ag,5120,10240,2048,gpu,170,A_fused,3,0.93901,0.90317,0.93901,0.06723,1395,1
ag,5120,10240,2048,gpu,171,c_cublas,3,0.75571,0.74240,0.75366,0.03572,1395,1
ag,5120,10240,2048,gpu,171,c_fluxgemm,2,0.81306,0.79155,0.81306,0.04110,1395,1
ag,5120,10240,2048,gpu,171,c_flux_ag,1,0.19370,0.18800,0.18800,0.04768,1395,1
ag,5120,10240,2048,gpu,171,A_fused,0,0.94822,0.91853,0.94822,0.06493,1395,1
ag,5120,10240,2048,gpu,172,c_cublas,1,0.75674,0.74342,0.75469,0.03505,1395,1
ag,5120,10240,2048,gpu,172,c_fluxgemm,0,0.81510,0.79258,0.81510,0.03592,1395,1
ag,5120,10240,2048,gpu,172,c_flux_ag,3,0.27632,0.25171,0.27632,0.04579,1395,1
ag,5120,10240,2048,gpu,172,A_fused,2,0.91443,0.89395,0.91443,0.06776,1395,1
ag,5120,10240,2048,gpu,173,c_cublas,2,0.75674,0.74342,0.75366,0.03606,1395,1
ag,5120,10240,2048,gpu,173,c_fluxgemm,0,0.81510,0.79258,0.81510,0.03492,1395,1
ag,5120,10240,2048,gpu,173,c_flux_ag,1,0.20250,0.19555,0.20109,0.04724,1395,1
ag,5120,10240,2048,gpu,173,A_fused,3,0.95642,0.92570,0.95642,0.06627,1395,1
ag,5120,10240,2048,gpu,174,c_cublas,3,0.75571,0.74342,0.75264,0.06565,1395,1
ag,5120,10240,2048,gpu,174,c_fluxgemm,1,0.81408,0.79258,0.81408,0.03242,1395,1
ag,5120,10240,2048,gpu,174,c_flux_ag,2,0.19043,0.18499,0.19043,0.04750,1395,1
ag,5120,10240,2048,gpu,174,A_fused,0,0.93082,0.92160,0.92467,0.06570,1395,1
ag,5120,10240,2048,gpu,175,c_cublas,0,0.75571,0.74240,0.75264,0.03474,1395,1
ag,5120,10240,2048,gpu,175,c_fluxgemm,1,0.81510,0.79360,0.81510,0.03643,1395,1
ag,5120,10240,2048,gpu,175,c_flux_ag,3,0.25811,0.24710,0.24986,0.04524,1395,1
ag,5120,10240,2048,gpu,175,A_fused,2,0.93594,0.88986,0.93594,0.07351,1395,1
ag,5120,10240,2048,gpu,176,c_cublas,2,0.75571,0.74445,0.75366,0.03583,1395,1
ag,5120,10240,2048,gpu,176,c_fluxgemm,3,0.81510,0.79360,0.81510,0.03591,1395,1
ag,5120,10240,2048,gpu,176,c_flux_ag,0,0.20381,0.18909,0.20381,0.04746,1395,1
ag,5120,10240,2048,gpu,176,A_fused,1,0.90317,0.88269,0.90317,0.06270,1395,1
ag,5120,10240,2048,gpu,177,c_cublas,0,0.75469,0.74342,0.75264,0.03530,1395,1
ag,5120,10240,2048,gpu,177,c_fluxgemm,1,0.81306,0.79258,0.81306,0.03541,1395,1
ag,5120,10240,2048,gpu,177,c_flux_ag,3,0.21251,0.19997,0.19997,0.04498,1395,1
ag,5120,10240,2048,gpu,177,A_fused,2,0.95027,0.91443,0.95027,0.06515,1395,1
ag,5120,10240,2048,gpu,178,c_cublas,2,0.75469,0.74342,0.75366,0.03578,1395,1
ag,5120,10240,2048,gpu,178,c_fluxgemm,1,0.81306,0.79258,0.81306,0.03280,1395,1
ag,5120,10240,2048,gpu,178,c_flux_ag,3,0.27018,0.25088,0.27018,0.05127,1395,1
ag,5120,10240,2048,gpu,178,A_fused,0,0.91955,0.88474,0.91955,0.06644,1395,1
ag,5120,10240,2048,gpu,179,c_cublas,1,0.75571,0.74240,0.75264,0.03529,1395,1
ag,5120,10240,2048,gpu,179,c_fluxgemm,3,0.81510,0.79258,0.81510,0.03311,1395,1
ag,5120,10240,2048,gpu,179,c_flux_ag,0,0.21354,0.20010,0.20061,0.04665,1395,1
ag,5120,10240,2048,gpu,179,A_fused,2,0.90726,0.88474,0.90726,0.07589,1395,1
ag,5120,10240,2048,gpu,180,c_cublas,0,0.75571,0.74342,0.75366,0.03539,1395,1
ag,5120,10240,2048,gpu,180,c_fluxgemm,1,0.81408,0.79462,0.81408,0.03533,1395,1
ag,5120,10240,2048,gpu,180,c_flux_ag,2,0.23005,0.22400,0.22400,0.04880,1395,1
ag,5120,10240,2048,gpu,180,A_fused,3,0.92365,0.90214,0.92262,0.06161,1395,1
ag,5120,10240,2048,gpu,181,c_cublas,3,0.75469,0.74240,0.75366,0.06066,1395,1
ag,5120,10240,2048,gpu,181,c_fluxgemm,0,0.81510,0.79462,0.81510,0.03463,1395,1
ag,5120,10240,2048,gpu,181,c_flux_ag,1,0.19510,0.19123,0.19328,0.04807,1395,1
ag,5120,10240,2048,gpu,181,A_fused,2,0.90726,0.88371,0.90726,0.06208,1395,1
ag,5120,10240,2048,gpu,182,c_cublas,0,0.75469,0.74240,0.75264,0.03333,1395,1
ag,5120,10240,2048,gpu,182,c_fluxgemm,3,0.81306,0.79258,0.81306,0.03553,1395,1
ag,5120,10240,2048,gpu,182,c_flux_ag,2,0.20576,0.18643,0.19779,0.04458,1395,1
ag,5120,10240,2048,gpu,182,A_fused,1,0.96154,0.93901,0.96154,0.06973,1395,1
ag,5120,10240,2048,gpu,183,c_cublas,0,0.75571,0.74240,0.75366,0.03550,1395,1
ag,5120,10240,2048,gpu,183,c_fluxgemm,2,0.81510,0.79258,0.81510,0.03927,1395,1
ag,5120,10240,2048,gpu,183,c_flux_ag,3,0.24749,0.21002,0.21971,0.04782,1395,1
ag,5120,10240,2048,gpu,183,A_fused,1,0.96051,0.90624,0.96051,0.06769,1395,1
ag,5120,10240,2048,gpu,184,c_cublas,2,0.75469,0.74240,0.75264,0.03607,1395,1
ag,5120,10240,2048,gpu,184,c_fluxgemm,0,0.81408,0.79462,0.81408,0.03804,1395,1
ag,5120,10240,2048,gpu,184,c_flux_ag,1,0.19181,0.18720,0.18989,0.04815,1395,1
ag,5120,10240,2048,gpu,184,A_fused,3,0.91648,0.90010,0.91648,0.06749,1395,1
ag,5120,10240,2048,gpu,185,c_cublas,1,0.75571,0.74240,0.75366,0.03518,1395,1
ag,5120,10240,2048,gpu,185,c_fluxgemm,3,0.81510,0.79258,0.81510,0.03483,1395,1
ag,5120,10240,2048,gpu,185,c_flux_ag,2,0.25824,0.23782,0.25824,0.04966,1395,1
ag,5120,10240,2048,gpu,185,A_fused,0,0.92467,0.90829,0.92467,0.06500,1395,1
ag,5120,10240,2048,gpu,186,c_cublas,0,0.75469,0.74342,0.75264,0.03566,1395,1
ag,5120,10240,2048,gpu,186,c_fluxgemm,3,0.81306,0.79258,0.81306,0.03295,1395,1
ag,5120,10240,2048,gpu,186,c_flux_ag,1,0.23408,0.21658,0.23408,0.05031,1395,1
ag,5120,10240,2048,gpu,186,A_fused,2,0.92979,0.91546,0.92979,0.06387,1395,1
ag,5120,10240,2048,gpu,187,c_cublas,0,0.75571,0.74240,0.75264,0.03566,1395,1
ag,5120,10240,2048,gpu,187,c_fluxgemm,1,0.81613,0.79360,0.81613,0.03561,1395,1
ag,5120,10240,2048,gpu,187,c_flux_ag,2,0.19482,0.18707,0.18707,0.05637,1395,1
ag,5120,10240,2048,gpu,187,A_fused,3,0.92467,0.91034,0.92365,0.06456,1395,1
ag,5120,10240,2048,gpu,188,c_cublas,0,0.75674,0.74342,0.75571,0.03951,1395,1
ag,5120,10240,2048,gpu,188,c_fluxgemm,2,0.81510,0.79258,0.81510,0.03472,1395,1
ag,5120,10240,2048,gpu,188,c_flux_ag,1,0.34794,0.22605,0.29488,0.05091,1395,1
ag,5120,10240,2048,gpu,188,A_fused,3,0.94003,0.90931,0.92979,0.06465,1395,1
ag,5120,10240,2048,gpu,189,c_cublas,0,0.90726,0.74240,0.90726,0.16158,1395,1
ag,5120,10240,2048,gpu,189,c_fluxgemm,3,0.81306,0.79258,0.81306,0.07770,1395,1
ag,5120,10240,2048,gpu,189,c_flux_ag,1,0.24938,0.22176,0.22176,0.25577,1395,1
ag,5120,10240,2048,gpu,189,A_fused,2,0.92570,0.90931,0.92570,0.21675,1395,1
ag,5120,10240,2048,gpu,190,c_cublas,0,0.75571,0.74240,0.75264,0.03812,1395,1
ag,5120,10240,2048,gpu,190,c_fluxgemm,2,0.81306,0.79258,0.81306,0.04038,1395,1
ag,5120,10240,2048,gpu,190,c_flux_ag,1,0.21546,0.21046,0.21046,0.06296,1395,1
ag,5120,10240,2048,gpu,190,A_fused,3,0.96358,0.89907,0.90726,0.06893,1395,1
ag,5120,10240,2048,gpu,191,c_cublas,3,0.75571,0.74240,0.75366,0.03634,1395,1
ag,5120,10240,2048,gpu,191,c_fluxgemm,2,0.81203,0.79155,0.81203,0.03631,1395,1
ag,5120,10240,2048,gpu,191,c_flux_ag,1,0.25066,0.22432,0.22432,0.04744,1395,1
ag,5120,10240,2048,gpu,191,A_fused,0,0.95539,0.90419,0.95539,0.06759,1395,1
ag,5120,10240,2048,gpu,192,c_cublas,3,0.75674,0.74342,0.75366,0.03633,1395,1
ag,5120,10240,2048,gpu,192,c_fluxgemm,1,0.81510,0.79360,0.81510,0.03451,1395,1
ag,5120,10240,2048,gpu,192,c_flux_ag,2,0.21968,0.20582,0.21011,0.04876,1395,1
ag,5120,10240,2048,gpu,192,A_fused,0,0.94822,0.91238,0.94822,0.07037,1395,1
ag,5120,10240,2048,gpu,193,c_cublas,0,0.75571,0.74240,0.75264,0.03767,1395,1
ag,5120,10240,2048,gpu,193,c_fluxgemm,2,0.81408,0.79258,0.81408,0.03368,1395,1
ag,5120,10240,2048,gpu,193,c_flux_ag,3,0.24400,0.23638,0.24400,0.04896,1395,1
ag,5120,10240,2048,gpu,193,A_fused,1,0.92467,0.91136,0.92262,0.07525,1395,1
ag,5120,10240,2048,gpu,194,c_cublas,1,0.75571,0.74240,0.75264,0.03563,1395,1
ag,5120,10240,2048,gpu,194,c_fluxgemm,0,0.81306,0.79360,0.81306,0.04376,1395,1
ag,5120,10240,2048,gpu,194,c_flux_ag,2,0.24106,0.21869,0.21869,0.05092,1395,1
ag,5120,10240,2048,gpu,194,A_fused,3,0.94925,0.92058,0.93286,0.06606,1395,1
ag,5120,10240,2048,gpu,195,c_cublas,1,0.75571,0.74445,0.75469,0.03480,1395,1
ag,5120,10240,2048,gpu,195,c_fluxgemm,3,0.81408,0.79360,0.81408,0.03660,1395,1
ag,5120,10240,2048,gpu,195,c_flux_ag,2,0.21450,0.20493,0.21194,0.05714,1395,1
ag,5120,10240,2048,gpu,195,A_fused,0,0.99430,0.96461,0.96461,0.06900,1395,1
ag,5120,10240,2048,gpu,196,c_cublas,3,0.75674,0.74342,0.75469,0.03592,1395,1
ag,5120,10240,2048,gpu,196,c_fluxgemm,0,0.81510,0.79258,0.81510,0.03547,1395,1
ag,5120,10240,2048,gpu,196,c_flux_ag,2,0.23981,0.23046,0.23955,0.04578,1395,1
ag,5120,10240,2048,gpu,196,A_fused,1,0.92570,0.90829,0.92570,0.06679,1395,1
ag,5120,10240,2048,gpu,197,c_cublas,3,0.75571,0.74240,0.75366,0.03557,1395,1
ag,5120,10240,2048,gpu,197,c_fluxgemm,0,0.81408,0.79360,0.81408,0.03631,1395,1
ag,5120,10240,2048,gpu,197,c_flux_ag,1,0.24749,0.20899,0.20899,0.04862,1395,1
ag,5120,10240,2048,gpu,197,A_fused,2,0.94822,0.91341,0.94822,0.06329,1395,1
ag,5120,10240,2048,gpu,198,c_cublas,3,0.75571,0.74240,0.75366,0.03513,1395,1
ag,5120,10240,2048,gpu,198,c_fluxgemm,1,0.81510,0.79360,0.81510,0.03745,1395,1
ag,5120,10240,2048,gpu,198,c_flux_ag,0,0.22106,0.21136,0.21136,0.07183,1395,1
ag,5120,10240,2048,gpu,198,A_fused,2,0.92160,0.91136,0.92160,0.06518,1395,1
ag,5120,10240,2048,gpu,199,c_cublas,1,0.75571,0.74240,0.75366,0.03452,1395,1
ag,5120,10240,2048,gpu,199,c_fluxgemm,2,0.81408,0.79258,0.81408,0.03523,1395,1
ag,5120,10240,2048,gpu,199,c_flux_ag,3,0.28544,0.25494,0.28544,0.04904,1395,1
ag,5120,10240,2048,gpu,199,A_fused,0,0.92365,0.88781,0.92365,0.06840,1395,1
ag,5120,10240,2048,steady,0,c_cublas,1,0.85242,0.80410,0.85242,0.01377,0,1
ag,5120,10240,2048,steady,0,c_fluxgemm,2,0.90170,0.86586,0.90170,0.01769,0,1
ag,5120,10240,2048,steady,0,c_flux_ag,3,0.20210,0.20166,0.20210,0.03712,0,1
ag,5120,10240,2048,steady,0,A_fused,0,1.01363,0.99539,1.01363,0.04529,0,1
ag,5120,10240,2048,steady,1,c_cublas,0,0.85389,0.82803,0.85389,0.01341,1230,1
ag,5120,10240,2048,steady,1,c_fluxgemm,3,0.88717,0.85146,0.88717,0.01707,1230,1
ag,5120,10240,2048,steady,1,c_flux_ag,1,0.20179,0.20139,0.20144,0.03743,1230,1
ag,5120,10240,2048,steady,1,A_fused,2,0.97926,0.97670,0.97926,0.04417,1230,1
ag,5120,10240,2048,steady,2,c_cublas,2,0.85798,0.84000,0.85798,0.01393,1230,1
ag,5120,10240,2048,steady,2,c_fluxgemm,0,0.89587,0.86995,0.89587,0.01767,1230,1
ag,5120,10240,2048,steady,2,c_flux_ag,3,0.20649,0.20621,0.20621,0.03745,1230,1
ag,5120,10240,2048,steady,2,A_fused,1,1.00851,1.00685,1.00851,0.04628,1230,1
ag,5120,10240,2048,steady,3,c_cublas,2,0.84826,0.80723,0.84826,0.01341,1215,1
ag,5120,10240,2048,steady,3,c_fluxgemm,0,0.91034,0.86995,0.91034,0.01771,1215,1
ag,5120,10240,2048,steady,3,c_flux_ag,1,0.20488,0.20449,0.20487,0.03701,1215,1
ag,5120,10240,2048,steady,3,A_fused,3,0.98835,0.98592,0.98835,0.04588,1215,1
ag,5120,10240,2048,steady,4,c_cublas,2,0.84013,0.80800,0.82701,0.01421,1260,1
ag,5120,10240,2048,steady,4,c_fluxgemm,3,0.88928,0.85613,0.88646,0.01797,1260,1
ag,5120,10240,2048,steady,4,c_flux_ag,0,0.19350,0.19178,0.19227,0.03724,1260,1
ag,5120,10240,2048,steady,4,A_fused,1,0.98490,0.98214,0.98317,0.04505,1260,1
ag,5120,10240,2048,steady,5,c_cublas,2,0.85088,0.81773,0.84013,0.02719,1245,1
ag,5120,10240,2048,steady,5,c_fluxgemm,0,0.89280,0.85843,0.89280,0.01744,1245,1
ag,5120,10240,2048,steady,5,c_flux_ag,1,0.20727,0.20691,0.20716,0.03730,1245,1
ag,5120,10240,2048,steady,5,A_fused,3,0.99142,0.98976,0.99117,0.04465,1245,1
ag,5120,10240,2048,steady,6,c_cublas,2,0.83725,0.82080,0.83725,0.01464,1260,1
ag,5120,10240,2048,steady,6,c_fluxgemm,3,0.89280,0.87078,0.89280,0.01748,1260,1
ag,5120,10240,2048,steady,6,c_flux_ag,0,0.19493,0.19375,0.19387,0.03758,1260,1
ag,5120,10240,2048,steady,6,A_fused,1,0.98253,0.98112,0.98253,0.04421,1260,1
ag,5120,10240,2048,steady,7,c_cublas,3,0.88403,0.82995,0.88403,0.01462,1230,1
ag,5120,10240,2048,steady,7,c_fluxgemm,1,0.91968,0.88794,0.91968,0.01785,1230,1
ag,5120,10240,2048,steady,7,c_flux_ag,2,0.20592,0.20571,0.20571,0.03693,1230,1
ag,5120,10240,2048,steady,7,A_fused,0,1.00186,0.99859,1.00186,0.04453,1230,1
ag,5120,10240,2048,steady,8,c_cublas,2,0.85958,0.78650,0.85958,0.01435,1215,1
ag,5120,10240,2048,steady,8,c_fluxgemm,3,0.90221,0.85856,0.90221,0.01983,1215,1
ag,5120,10240,2048,steady,8,c_flux_ag,0,0.20820,0.20631,0.20631,0.03791,1215,1
ag,5120,10240,2048,steady,8,A_fused,1,1.00659,1.00141,1.00659,0.04553,1215,1
ag,5120,10240,2048,steady,9,c_cublas,0,0.85549,0.82765,0.85549,0.01480,1230,1
ag,5120,10240,2048,steady,9,c_fluxgemm,1,0.90234,0.87808,0.90234,0.01841,1230,1
ag,5120,10240,2048,steady,9,c_flux_ag,3,0.19774,0.19743,0.19774,0.03764,1230,1
ag,5120,10240,2048,steady,9,A_fused,2,1.00602,1.00390,1.00602,0.04577,1230,1
ag,5120,10240,2048,steady,10,c_cublas,1,0.85101,0.82822,0.83309,0.01731,1245,1
ag,5120,10240,2048,steady,10,c_fluxgemm,2,0.88269,0.85632,0.85632,0.01786,1245,1
ag,5120,10240,2048,steady,10,c_flux_ag,0,0.19392,0.19151,0.19392,0.03744,1245,1
ag,5120,10240,2048,steady,10,A_fused,3,0.98304,0.98176,0.98240,0.04501,1245,1
ag,5120,10240,2048,steady,11,c_cublas,2,0.86874,0.82778,0.86874,0.02811,1245,1
ag,5120,10240,2048,steady,11,c_fluxgemm,0,0.91315,0.87322,0.91315,0.02105,1245,1
ag,5120,10240,2048,steady,11,c_flux_ag,3,0.20265,0.20219,0.20265,0.03757,1245,1
ag,5120,10240,2048,steady,11,A_fused,1,1.02157,1.01568,1.02157,0.04545,1245,1
ag,5120,10240,2048,steady,12,c_cublas,2,0.85805,0.80838,0.85805,0.01425,1200,1
ag,5120,10240,2048,steady,12,c_fluxgemm,3,0.89414,0.85075,0.89414,0.01806,1200,1
ag,5120,10240,2048,steady,12,c_flux_ag,1,0.19368,0.19345,0.19368,0.03707,1200,1
ag,5120,10240,2048,steady,12,A_fused,0,1.01306,1.01107,1.01306,0.04524,1200,1
ag,5120,10240,2048,steady,13,c_cublas,1,0.84736,0.82739,0.84736,0.01392,1230,1
ag,5120,10240,2048,steady,13,c_fluxgemm,0,0.89216,0.86669,0.89216,0.01735,1230,1
ag,5120,10240,2048,steady,13,c_flux_ag,3,0.19452,0.19434,0.19449,0.03718,1230,1
ag,5120,10240,2048,steady,13,A_fused,2,0.99386,0.99226,0.99386,0.04512,1230,1
ag,5120,10240,2048,steady,14,c_cublas,3,0.85248,0.79245,0.85248,0.01435,1230,1
ag,5120,10240,2048,steady,14,c_fluxgemm,0,0.92454,0.87610,0.92454,0.01823,1230,1
ag,5120,10240,2048,steady,14,c_flux_ag,1,0.20293,0.20244,0.20293,0.03902,1230,1
ag,5120,10240,2048,steady,14,A_fused,2,1.00109,0.99738,1.00109,0.04410,1230,1
ag,5120,10240,2048,steady,15,c_cublas,3,0.85261,0.82093,0.85261,0.01371,1230,1
ag,5120,10240,2048,steady,15,c_fluxgemm,0,0.90355,0.86669,0.90355,0.01760,1230,1
ag,5120,10240,2048,steady,15,c_flux_ag,1,0.20352,0.20313,0.20352,0.03728,1230,1
ag,5120,10240,2048,steady,15,A_fused,2,0.99578,0.99379,0.99578,0.04486,1230,1
ag,5120,10240,2048,steady,16,c_cublas,2,0.84749,0.80038,0.84749,0.01341,1230,1
ag,5120,10240,2048,steady,16,c_fluxgemm,1,0.89926,0.85619,0.89926,0.01755,1230,1
ag,5120,10240,2048,steady,16,c_flux_ag,0,0.20164,0.20146,0.20164,0.03784,1230,1
ag,5120,10240,2048,steady,16,A_fused,3,0.99379,0.99181,0.99379,0.04488,1230,1
ag,5120,10240,2048,steady,17,c_cublas,2,0.84896,0.80858,0.84896,0.01372,1230,1
ag,5120,10240,2048,steady,17,c_fluxgemm,1,0.90848,0.86381,0.90848,0.01763,1230,1
ag,5120,10240,2048,steady,17,c_flux_ag,0,0.19360,0.19268,0.19268,0.03734,1230,1
ag,5120,10240,2048,steady,17,A_fused,3,0.99341,0.99142,0.99341,0.04507,1230,1
ag,5120,10240,2048,steady,18,c_cublas,1,0.86323,0.83110,0.85792,0.01373,1215,1
ag,5120,10240,2048,steady,18,c_fluxgemm,2,0.91379,0.88941,0.90835,0.01754,1215,1
ag,5120,10240,2048,steady,18,c_flux_ag,3,0.20212,0.20176,0.20202,0.03719,1215,1
ag,5120,10240,2048,steady,18,A_fused,0,0.99686,0.99456,0.99667,0.04466,1215,1
ag,5120,10240,2048,steady,19,c_cublas,3,0.85946,0.83731,0.84518,0.01484,1245,1
ag,5120,10240,2048,steady,19,c_fluxgemm,1,0.89126,0.86918,0.89126,0.01802,1245,1
ag,5120,10240,2048,steady,19,c_flux_ag,2,0.20590,0.20555,0.20580,0.03679,1245,1
ag,5120,10240,2048,steady,19,A_fused,0,1.00102,0.99949,1.00013,0.04589,1245,1
ag,5120,10240,2048,steady,20,c_cublas,1,0.85120,0.82765,0.84582,0.01435,1230,1
ag,5120,10240,2048,steady,20,c_fluxgemm,0,0.90675,0.87757,0.88685,0.01844,1230,1
ag,5120,10240,2048,steady,20,c_flux_ag,2,0.20479,0.20446,0.20472,0.03739,1230,1
ag,5120,10240,2048,steady,20,A_fused,3,0.99731,0.99571,0.99629,0.04484,1230,1
ag,5120,10240,2048,steady,21,c_cublas,2,0.85600,0.83290,0.85600,0.01453,1230,1
ag,5120,10240,2048,steady,21,c_fluxgemm,1,0.89786,0.87571,0.88698,0.01834,1230,1
ag,5120,10240,2048,steady,21,c_flux_ag,3,0.20958,0.20904,0.20941,0.03717,1230,1
ag,5120,10240,2048,steady,21,A_fused,0,0.99187,0.98784,0.98784,0.04649,1230,1
ag,5120,10240,2048,steady,22,c_cublas,1,0.83866,0.80806,0.83866,0.01715,1230,1
ag,5120,10240,2048,steady,22,c_fluxgemm,0,0.90765,0.87341,0.89082,0.02757,1230,1
ag,5120,10240,2048,steady,22,c_flux_ag,3,0.19558,0.19533,0.19540,0.03706,1230,1
ag,5120,10240,2048,steady,22,A_fused,2,0.99040,0.98790,0.99040,0.04946,1230,1
ag,5120,10240,2048,steady,23,c_cublas,3,0.85734,0.81171,0.85734,0.01515,1215,1
ag,5120,10240,2048,steady,23,c_fluxgemm,1,0.90227,0.86054,0.90227,0.01857,1215,1
ag,5120,10240,2048,steady,23,c_flux_ag,0,0.19393,0.19052,0.19052,0.03757,1215,1
ag,5120,10240,2048,steady,23,A_fused,2,0.97862,0.97709,0.97862,0.04527,1215,1
ag,5120,10240,2048,steady,24,c_cublas,0,0.86163,0.81779,0.86163,0.01578,1215,1
ag,5120,10240,2048,steady,24,c_fluxgemm,3,0.89114,0.86976,0.89114,0.01819,1215,1
ag,5120,10240,2048,steady,24,c_flux_ag,1,0.20153,0.20109,0.20129,0.03906,1215,1
ag,5120,10240,2048,steady,24,A_fused,2,0.99603,0.99475,0.99603,0.04575,1215,1
ag,5120,10240,2048,steady,25,c_cublas,3,0.85568,0.83027,0.85568,0.01442,1215,1
ag,5120,10240,2048,steady,25,c_fluxgemm,2,0.90605,0.86605,0.90605,0.01778,1215,1
ag,5120,10240,2048,steady,25,c_flux_ag,0,0.20441,0.20356,0.20356,0.03748,1215,1
ag,5120,10240,2048,steady,25,A_fused,1,1.00659,1.00307,1.00659,0.04535,1215,1
ag,5120,10240,2048,steady,26,c_cublas,3,0.86976,0.83034,0.86976,0.01449,1215,1
ag,5120,10240,2048,steady,26,c_fluxgemm,1,0.91277,0.87923,0.91277,0.01811,1215,1
ag,5120,10240,2048,steady,26,c_flux_ag,2,0.20325,0.20290,0.20290,0.03745,1215,1
ag,5120,10240,2048,steady,26,A_fused,0,1.01370,1.01216,1.01216,0.04717,1215,1
ag,5120,10240,2048,steady,27,c_cublas,3,0.85728,0.83699,0.85728,0.01462,1215,1
ag,5120,10240,2048,steady,27,c_fluxgemm,0,0.91616,0.86438,0.91616,0.01934,1215,1
ag,5120,10240,2048,steady,27,c_flux_ag,2,0.19490,0.19455,0.19490,0.03735,1215,1
ag,5120,10240,2048,steady,27,A_fused,1,1.00768,1.00570,1.00768,0.04594,1215,1
ag,5120,10240,2048,steady,28,c_cublas,0,0.84986,0.83149,0.84986,0.01412,1245,1
ag,5120,10240,2048,steady,28,c_fluxgemm,3,0.88915,0.86573,0.88224,0.01840,1245,1
ag,5120,10240,2048,steady,28,c_flux_ag,2,0.19511,0.19465,0.19478,0.03690,1245,1
ag,5120,10240,2048,steady,28,A_fused,1,0.99168,0.98982,0.99117,0.04715,1245,1
ag,5120,10240,2048,steady,29,c_cublas,3,0.87213,0.81677,0.87213,0.01455,1245,1
ag,5120,10240,2048,steady,29,c_fluxgemm,1,0.90227,0.87802,0.90227,0.01779,1245,1
ag,5120,10240,2048,steady,29,c_flux_ag,2,0.20899,0.20835,0.20899,0.03693,1245,1
ag,5120,10240,2048,steady,29,A_fused,0,0.99098,0.98835,0.99098,0.04585,1245,1
ag,5120,10240,2048,steady,30,c_cublas,0,0.86586,0.81050,0.86586,0.01375,1200,1
ag,5120,10240,2048,steady,30,c_fluxgemm,3,0.90227,0.85862,0.90227,0.01816,1200,1
ag,5120,10240,2048,steady,30,c_flux_ag,2,0.19334,0.19315,0.19315,0.03668,1200,1
ag,5120,10240,2048,steady,30,A_fused,1,0.99834,0.99578,0.99834,0.04628,1200,1
ag,5120,10240,2048,steady,31,c_cublas,2,0.84762,0.81728,0.84762,0.01491,1230,1
ag,5120,10240,2048,steady,31,c_fluxgemm,3,0.89805,0.86624,0.89805,0.01811,1230,1
ag,5120,10240,2048,steady,31,c_flux_ag,0,0.20417,0.20136,0.20136,0.03824,1230,1
ag,5120,10240,2048,steady,31,A_fused,1,0.98957,0.98758,0.98957,0.04534,1230,1
ag,5120,10240,2048,steady,32,c_cublas,2,0.85651,0.82656,0.85651,0.01499,1230,1
ag,5120,10240,2048,steady,32,c_fluxgemm,3,0.89818,0.86675,0.89818,0.01838,1230,1
ag,5120,10240,2048,steady,32,c_flux_ag,1,0.19315,0.19274,0.19315,0.03805,1230,1
ag,5120,10240,2048,steady,32,A_fused,0,0.99744,0.99610,0.99744,0.04658,1230,1
ag,5120,10240,2048,steady,33,c_cublas,1,0.85203,0.82118,0.85203,0.01814,1215,1
ag,5120,10240,2048,steady,33,c_fluxgemm,3,0.90880,0.87955,0.90880,0.01762,1215,1
ag,5120,10240,2048,steady,33,c_flux_ag,2,0.20432,0.20384,0.20419,0.03764,1215,1
ag,5120,10240,2048,steady,33,A_fused,0,0.99699,0.99629,0.99648,0.04573,1215,1
ag,5120,10240,2048,steady,34,c_cublas,3,0.84755,0.81472,0.84755,0.01422,1215,1
ag,5120,10240,2048,steady,34,c_fluxgemm,0,0.89920,0.87725,0.89920,0.01765,1215,1
ag,5120,10240,2048,steady,34,c_flux_ag,1,0.20659,0.20625,0.20645,0.03753,1215,1
ag,5120,10240,2048,steady,34,A_fused,2,0.99450,0.99238,0.99450,0.04478,1215,1
ag,5120,10240,2048,steady,35,c_cublas,2,0.84851,0.82502,0.84518,0.01416,1230,1
ag,5120,10240,2048,steady,35,c_fluxgemm,3,0.88960,0.86669,0.88742,0.01792,1230,1
ag,5120,10240,2048,steady,35,c_flux_ag,1,0.19626,0.19600,0.19608,0.03693,1230,1
ag,5120,10240,2048,steady,35,A_fused,0,0.99750,0.99629,0.99629,0.04558,1230,1
ag,5120,10240,2048,steady,36,c_cublas,2,0.85792,0.84006,0.85792,0.01407,1215,1
ag,5120,10240,2048,steady,36,c_fluxgemm,1,0.90387,0.87309,0.90387,0.01753,1215,1
ag,5120,10240,2048,steady,36,c_flux_ag,3,0.20902,0.20861,0.20902,0.03719,1215,1
ag,5120,10240,2048,steady,36,A_fused,0,0.99603,0.99398,0.99603,0.04601,1215,1
ag,5120,10240,2048,steady,37,c_cublas,2,0.85382,0.83021,0.85382,0.01376,1215,1
ag,5120,10240,2048,steady,37,c_fluxgemm,0,0.90976,0.89126,0.90976,0.01771,1215,1
ag,5120,10240,2048,steady,37,c_flux_ag,3,0.20462,0.20393,0.20462,0.03791,1215,1
ag,5120,10240,2048,steady,37,A_fused,1,0.99482,0.99354,0.99482,0.04444,1215,1
ag,5120,10240,2048,steady,38,c_cublas,3,0.84768,0.80819,0.84768,0.01458,1215,1
ag,5120,10240,2048,steady,38,c_fluxgemm,1,0.88602,0.85293,0.88602,0.01746,1215,1
ag,5120,10240,2048,steady,38,c_flux_ag,0,0.19541,0.19368,0.19368,0.03759,1215,1
ag,5120,10240,2048,steady,38,A_fused,2,0.97114,0.96838,0.97114,0.04492,1215,1
ag,5120,10240,2048,steady,39,c_cublas,0,0.85126,0.82086,0.84973,0.01361,1230,1
ag,5120,10240,2048,steady,39,c_fluxgemm,1,0.90035,0.86925,0.89779,0.01840,1230,1
ag,5120,10240,2048,steady,39,c_flux_ag,2,0.20500,0.20467,0.20500,0.03737,1230,1
ag,5120,10240,2048,steady,39,A_fused,3,0.99846,0.99597,0.99763,0.04509,1230,1
ag,5120,10240,2048,steady,40,c_cublas,2,0.85459,0.84045,0.85459,0.01455,1215,1
ag,5120,10240,2048,steady,40,c_fluxgemm,1,0.90022,0.87738,0.89658,0.01818,1215,1
ag,5120,10240,2048,steady,40,c_flux_ag,3,0.20615,0.20577,0.20588,0.03775,1215,1
ag,5120,10240,2048,steady,40,A_fused,0,1.00134,0.99610,0.99949,0.04548,1215,1
ag,5120,10240,2048,steady,41,c_cublas,3,0.83731,0.81690,0.83731,0.01448,1215,1
ag,5120,10240,2048,steady,41,c_fluxgemm,1,0.89254,0.86938,0.87347,0.01780,1215,1
ag,5120,10240,2048,steady,41,c_flux_ag,0,0.19316,0.19245,0.19293,0.03743,1215,1
ag,5120,10240,2048,steady,41,A_fused,2,0.97715,0.97478,0.97715,0.04491,1215,1
ag,5120,10240,2048,steady,42,c_cublas,3,0.83763,0.80282,0.83731,0.01391,1245,1
ag,5120,10240,2048,steady,42,c_fluxgemm,0,0.89894,0.86925,0.89894,0.01836,1245,1
ag,5120,10240,2048,steady,42,c_flux_ag,1,0.20353,0.20311,0.20347,0.03746,1245,1
ag,5120,10240,2048,steady,42,A_fused,2,0.98605,0.98413,0.98605,0.04457,1245,1
ag,5120,10240,2048,steady,43,c_cublas,2,0.84966,0.83072,0.84762,0.01408,1245,1
ag,5120,10240,2048,steady,43,c_fluxgemm,3,0.89773,0.87654,0.89773,0.01829,1245,1
ag,5120,10240,2048,steady,43,c_flux_ag,1,0.19249,0.19232,0.19249,0.03731,1245,1
ag,5120,10240,2048,steady,43,A_fused,0,0.99590,0.99418,0.99418,0.04562,1245,1
ag,5120,10240,2048,steady,44,c_cublas,0,0.84973,0.82118,0.84973,0.01336,1230,1
ag,5120,10240,2048,steady,44,c_fluxgemm,2,0.89114,0.86899,0.89114,0.01738,1230,1
ag,5120,10240,2048,steady,44,c_flux_ag,1,0.20474,0.20436,0.20463,0.03796,1230,1
ag,5120,10240,2048,steady,44,A_fused,3,0.98925,0.98803,0.98899,0.04465,1230,1
ag,5120,10240,2048,steady,45,c_cublas,1,0.86304,0.83066,0.86304,0.01343,1215,1
ag,5120,10240,2048,steady,45,c_fluxgemm,0,0.91123,0.87558,0.91123,0.01803,1215,1
ag,5120,10240,2048,steady,45,c_flux_ag,3,0.19516,0.19500,0.19513,0.03667,1215,1
ag,5120,10240,2048,steady,45,A_fused,2,1.01222,1.00992,1.01222,0.04489,1215,1
ag,5120,10240,2048,steady,46,c_cublas,1,0.85293,0.82746,0.85293,0.03360,1230,1
ag,5120,10240,2048,steady,46,c_fluxgemm,3,0.88256,0.86675,0.88256,0.01813,1230,1
ag,5120,10240,2048,steady,46,c_flux_ag,0,0.19409,0.19272,0.19272,0.03847,1230,1
ag,5120,10240,2048,steady,46,A_fused,2,0.98112,0.97990,0.98042,0.04573,1230,1
ag,5120,10240,2048,steady,47,c_cublas,3,0.86861,0.84627,0.86861,0.01384,1200,1
ag,5120,10240,2048,steady,47,c_fluxgemm,0,0.89485,0.88006,0.89485,0.01758,1200,1
ag,5120,10240,2048,steady,47,c_flux_ag,2,0.19540,0.19510,0.19511,0.03700,1200,1
ag,5120,10240,2048,steady,47,A_fused,1,1.01318,1.01171,1.01318,0.04476,1200,1
ag,5120,10240,2048,steady,48,c_cublas,2,0.85798,0.83757,0.85798,0.01421,1200,1
ag,5120,10240,2048,steady,48,c_fluxgemm,0,0.91078,0.88762,0.91078,0.01866,1200,1
ag,5120,10240,2048,steady,48,c_flux_ag,3,0.20683,0.20645,0.20645,0.03773,1200,1
ag,5120,10240,2048,steady,48,A_fused,1,1.00890,1.00749,1.00890,0.04554,1200,1
ag,5120,10240,2048,steady,49,c_cublas,2,0.84742,0.81568,0.84742,0.01366,1215,1
ag,5120,10240,2048,steady,49,c_fluxgemm,3,0.88730,0.85747,0.88730,0.01816,1215,1
ag,5120,10240,2048,steady,49,c_flux_ag,1,0.19572,0.19521,0.19572,0.03710,1215,1
ag,5120,10240,2048,steady,49,A_fused,0,1.00685,1.00243,1.00685,0.04501,1215,1
ag,5120,10240,8192,gpu,0,c_cublas,0,3.31776,3.18566,3.31776,0.04118,0,1
ag,5120,10240,8192,gpu,0,c_fluxgemm,2,3.47136,3.32800,3.47136,0.03857,0,1
ag,5120,10240,8192,gpu,0,c_flux_ag,3,0.59898,0.58733,0.59539,0.05023,0,1
ag,5120,10240,8192,gpu,0,A_fused,1,3.61165,3.48672,3.61165,0.07410,0,1
ag,5120,10240,8192,gpu,1,c_cublas,1,3.25120,3.14061,3.25120,0.03807,0,1
ag,5120,10240,8192,gpu,1,c_fluxgemm,0,3.44474,3.33005,3.44474,0.03524,0,1
ag,5120,10240,8192,gpu,1,c_flux_ag,2,0.64803,0.63667,0.64077,0.05116,0,1
ag,5120,10240,8192,gpu,1,A_fused,3,3.57683,3.47238,3.57683,0.06500,0,1
ag,5120,10240,8192,gpu,2,c_cublas,0,3.25120,3.13856,3.25120,0.03679,0,1
ag,5120,10240,8192,gpu,2,c_fluxgemm,2,3.44269,3.32698,3.44269,0.03975,0,1
ag,5120,10240,8192,gpu,2,c_flux_ag,3,0.64474,0.63754,0.64467,0.04985,0,1
ag,5120,10240,8192,gpu,2,A_fused,1,3.58400,3.47034,3.58400,0.06866,0,1
ag,5120,10240,8192,gpu,3,c_cublas,1,3.25120,3.13856,3.25120,0.03607,0,1
ag,5120,10240,8192,gpu,3,c_fluxgemm,3,3.44678,3.33107,3.44678,0.03494,0,1
ag,5120,10240,8192,gpu,3,c_flux_ag,2,0.58381,0.57757,0.58323,0.04993,0,1
ag,5120,10240,8192,gpu,3,A_fused,0,3.57990,3.46829,3.57990,0.06634,0,1
ag,5120,10240,8192,gpu,4,c_cublas,2,3.29011,3.13958,3.29011,0.03793,1275,1
ag,5120,10240,8192,gpu,4,c_fluxgemm,0,3.44781,3.32698,3.44781,0.03607,1275,1
ag,5120,10240,8192,gpu,4,c_flux_ag,1,0.64538,0.63862,0.63862,0.05760,1275,1
ag,5120,10240,8192,gpu,4,A_fused,3,3.61062,3.46419,3.61062,0.06856,1275,1
ag,5120,10240,8192,gpu,5,c_cublas,2,3.28806,3.13958,3.28806,0.03677,1275,1
ag,5120,10240,8192,gpu,5,c_fluxgemm,0,3.48262,3.32800,3.48262,0.03591,1275,1
ag,5120,10240,8192,gpu,5,c_flux_ag,1,0.64762,0.63453,0.64762,0.04883,1275,1
ag,5120,10240,8192,gpu,5,A_fused,3,3.61165,3.46112,3.61165,0.07584,1275,1
ag,5120,10240,8192,gpu,6,c_cublas,3,3.28909,3.13856,3.28909,0.03638,1275,1
ag,5120,10240,8192,gpu,6,c_fluxgemm,0,3.48160,3.32902,3.48160,0.03531,1275,1
ag,5120,10240,8192,gpu,6,c_flux_ag,1,0.67270,0.63987,0.65997,0.04854,1275,1
ag,5120,10240,8192,gpu,6,A_fused,2,3.61370,3.46726,3.61370,0.06230,1275,1
ag,5120,10240,8192,gpu,7,c_cublas,2,3.28909,3.17542,3.28909,0.03629,1275,1
ag,5120,10240,8192,gpu,7,c_fluxgemm,0,3.48365,3.32800,3.48365,0.03819,1275,1
ag,5120,10240,8192,gpu,7,c_flux_ag,3,0.59827,0.59418,0.59459,0.04976,1275,1
ag,5120,10240,8192,gpu,7,A_fused,1,3.60243,3.49184,3.60243,0.06884,1275,1
ag,5120,10240,8192,gpu,8,c_cublas,0,3.28806,3.17542,3.28806,0.03679,1275,1
ag,5120,10240,8192,gpu,8,c_fluxgemm,2,3.48365,3.36486,3.48365,0.03366,1275,1
ag,5120,10240,8192,gpu,8,c_flux_ag,3,0.60669,0.59485,0.59808,0.04854,1275,1
ag,5120,10240,8192,gpu,8,A_fused,1,3.61062,3.49798,3.61062,0.07024,1275,1
ag,5120,10240,8192,gpu,9,c_cublas,0,3.30342,3.17747,3.30342,0.03705,1275,1
ag,5120,10240,8192,gpu,9,c_fluxgemm,2,3.50106,3.36282,3.50106,0.03507,1275,1
ag,5120,10240,8192,gpu,9,c_flux_ag,1,0.64605,0.63978,0.63978,0.04967,1275,1
ag,5120,10240,8192,gpu,9,A_fused,3,3.64442,3.50720,3.64442,0.06461,1275,1
ag,5120,10240,8192,gpu,10,c_cublas,2,3.30240,3.17542,3.30240,0.03683,1260,1
ag,5120,10240,8192,gpu,10,c_fluxgemm,3,3.49491,3.36384,3.49491,0.03579,1260,1
ag,5120,10240,8192,gpu,10,c_flux_ag,1,0.65706,0.64003,0.64800,0.04650,1260,1
ag,5120,10240,8192,gpu,10,A_fused,0,3.63520,3.50106,3.63520,0.06754,1260,1
ag,5120,10240,8192,gpu,11,c_cublas,1,3.30035,3.17952,3.30035,0.03655,1260,1
ag,5120,10240,8192,gpu,11,c_fluxgemm,0,3.50003,3.36384,3.50003,0.03340,1260,1
ag,5120,10240,8192,gpu,11,c_flux_ag,3,0.61040,0.59610,0.59610,0.04565,1260,1
ag,5120,10240,8192,gpu,11,A_fused,2,3.63315,3.51130,3.63315,0.07118,1260,1
ag,5120,10240,8192,gpu,12,c_cublas,2,3.34336,3.18669,3.34336,0.03693,1260,1
ag,5120,10240,8192,gpu,12,c_fluxgemm,1,3.53178,3.37920,3.53178,0.03544,1260,1
ag,5120,10240,8192,gpu,12,c_flux_ag,0,0.61235,0.59418,0.60138,0.04804,1260,1
ag,5120,10240,8192,gpu,12,A_fused,3,3.67718,3.50822,3.67718,0.06796,1260,1
ag,5120,10240,8192,gpu,13,c_cublas,1,3.34336,3.18669,3.34336,0.03913,1260,1
ag,5120,10240,8192,gpu,13,c_fluxgemm,2,3.53792,3.38022,3.53792,0.03696,1260,1
ag,5120,10240,8192,gpu,13,c_flux_ag,0,0.60909,0.60006,0.60803,0.04810,1260,1
ag,5120,10240,8192,gpu,13,A_fused,3,3.62803,3.47443,3.62803,0.06657,1260,1
ag,5120,10240,8192,gpu,14,c_cublas,2,3.30138,3.14778,3.30138,0.03737,1260,1
ag,5120,10240,8192,gpu,14,c_fluxgemm,1,3.49594,3.34131,3.49594,0.03323,1260,1
ag,5120,10240,8192,gpu,14,c_flux_ag,3,0.64422,0.63882,0.64422,0.05010,1260,1
ag,5120,10240,8192,gpu,14,A_fused,0,3.63110,3.47136,3.63110,0.06743,1260,1
ag,5120,10240,8192,gpu,15,c_cublas,3,3.34438,3.22150,3.34438,0.03812,1260,1
ag,5120,10240,8192,gpu,15,c_fluxgemm,0,3.52973,3.35258,3.52973,0.03703,1260,1
ag,5120,10240,8192,gpu,15,c_flux_ag,1,0.59888,0.59517,0.59875,0.04820,1260,1
ag,5120,10240,8192,gpu,15,A_fused,2,3.68026,3.54816,3.68026,0.06362,1260,1
ag,5120,10240,8192,gpu,16,c_cublas,3,3.34234,3.22253,3.34234,0.03651,1260,1
ag,5120,10240,8192,gpu,16,c_fluxgemm,2,3.54816,3.41094,3.54816,0.03546,1260,1
ag,5120,10240,8192,gpu,16,c_flux_ag,1,0.61859,0.60714,0.61629,0.04736,1260,1
ag,5120,10240,8192,gpu,16,A_fused,0,3.67718,3.54304,3.67718,0.07078,1260,1
ag,5120,10240,8192,gpu,17,c_cublas,1,3.34336,3.21946,3.34336,0.03634,1260,1
ag,5120,10240,8192,gpu,17,c_fluxgemm,3,3.54611,3.41299,3.54611,0.03904,1260,1
ag,5120,10240,8192,gpu,17,c_flux_ag,0,0.63754,0.63229,0.63754,0.05067,1260,1
ag,5120,10240,8192,gpu,17,A_fused,2,3.68333,3.54304,3.68333,0.07325,1260,1
ag,5120,10240,8192,gpu,18,c_cublas,0,3.34234,3.22150,3.34234,0.03689,1245,1
ag,5120,10240,8192,gpu,18,c_fluxgemm,1,3.54509,3.41402,3.54509,0.03591,1245,1
ag,5120,10240,8192,gpu,18,c_flux_ag,2,0.63824,0.63050,0.63331,0.04965,1245,1
ag,5120,10240,8192,gpu,18,A_fused,3,3.68026,3.55226,3.68026,0.06980,1245,1
ag,5120,10240,8192,gpu,19,c_cublas,2,3.34336,3.21843,3.34336,0.03707,1245,1
ag,5120,10240,8192,gpu,19,c_fluxgemm,1,3.54509,3.41197,3.54509,0.03308,1245,1
ag,5120,10240,8192,gpu,19,c_flux_ag,3,0.63946,0.63677,0.63946,0.05041,1245,1
ag,5120,10240,8192,gpu,19,A_fused,0,3.68128,3.54816,3.68128,0.06522,1245,1
ag,5120,10240,8192,gpu,20,c_cublas,1,3.34336,3.22253,3.34336,0.03722,1245,1
ag,5120,10240,8192,gpu,20,c_fluxgemm,2,3.54816,3.41811,3.54816,0.03733,1245,1
ag,5120,10240,8192,gpu,20,c_flux_ag,3,0.64608,0.63834,0.64608,0.04937,1245,1
ag,5120,10240,8192,gpu,20,A_fused,0,3.68435,3.55328,3.68435,0.06655,1245,1
ag,5120,10240,8192,gpu,21,c_cublas,3,3.30035,3.14982,3.30035,0.03720,1245,1
ag,5120,10240,8192,gpu,21,c_fluxgemm,2,3.49696,3.37306,3.49696,0.03316,1245,1
ag,5120,10240,8192,gpu,21,c_flux_ag,0,0.60560,0.60080,0.60397,0.04685,1245,1
ag,5120,10240,8192,gpu,21,A_fused,1,3.68333,3.54918,3.68333,0.06391,1245,1
ag,5120,10240,8192,gpu,22,c_cublas,1,3.30035,3.14778,3.30035,0.03663,1245,1
ag,5120,10240,8192,gpu,22,c_fluxgemm,0,3.49901,3.34131,3.49901,0.04132,1245,1
ag,5120,10240,8192,gpu,22,c_flux_ag,3,0.60963,0.59558,0.59558,0.04722,1245,1
ag,5120,10240,8192,gpu,22,A_fused,2,3.63110,3.47238,3.63110,0.07231,1245,1
ag,5120,10240,8192,gpu,23,c_cublas,0,3.30138,3.17542,3.30138,0.03736,1260,1
ag,5120,10240,8192,gpu,23,c_fluxgemm,2,3.49491,3.38022,3.49491,0.03344,1260,1
ag,5120,10240,8192,gpu,23,c_flux_ag,3,0.64352,0.64022,0.64163,0.04746,1260,1
ag,5120,10240,8192,gpu,23,A_fused,1,3.63110,3.51539,3.63110,0.07619,1260,1
ag,5120,10240,8192,gpu,24,c_cublas,2,3.29114,3.18669,3.29114,0.03698,1260,1
ag,5120,10240,8192,gpu,24,c_fluxgemm,1,3.49594,3.37818,3.49594,0.03496,1260,1
ag,5120,10240,8192,gpu,24,c_flux_ag,0,0.60493,0.59565,0.59565,0.04803,1260,1
ag,5120,10240,8192,gpu,24,A_fused,3,3.59219,3.50003,3.59219,0.07701,1260,1
ag,5120,10240,8192,gpu,25,c_cublas,1,3.25222,3.14982,3.25222,0.03615,1260,1
ag,5120,10240,8192,gpu,25,c_fluxgemm,0,3.44678,3.33926,3.44678,0.03538,1260,1
ag,5120,10240,8192,gpu,25,c_flux_ag,3,0.61898,0.60365,0.60506,0.04516,1260,1
ag,5120,10240,8192,gpu,25,A_fused,2,3.57683,3.46419,3.57478,0.06847,1260,1
ag,5120,10240,8192,gpu,26,c_cublas,0,3.26451,3.14982,3.26451,0.03693,1260,1
ag,5120,10240,8192,gpu,26,c_fluxgemm,3,3.48058,3.37920,3.48058,0.03521,1260,1
ag,5120,10240,8192,gpu,26,c_flux_ag,1,0.59638,0.58198,0.59638,0.05247,1260,1
ag,5120,10240,8192,gpu,26,A_fused,2,3.61882,3.51642,3.61882,0.06729,1260,1
ag,5120,10240,8192,gpu,27,c_cublas,3,3.28704,3.18669,3.28704,0.03624,1260,1
ag,5120,10240,8192,gpu,27,c_fluxgemm,0,3.48365,3.37715,3.48365,0.03413,1260,1
ag,5120,10240,8192,gpu,27,c_flux_ag,1,0.64614,0.63638,0.64563,0.04882,1260,1
ag,5120,10240,8192,gpu,27,A_fused,2,3.60858,3.51744,3.60858,0.06317,1260,1
ag,5120,10240,8192,gpu,28,c_cublas,1,3.25120,3.18771,3.25120,0.03575,1275,1
ag,5120,10240,8192,gpu,28,c_fluxgemm,3,3.44986,3.37920,3.44986,0.03620,1275,1
ag,5120,10240,8192,gpu,28,c_flux_ag,2,0.63805,0.63363,0.63722,0.05046,1275,1
ag,5120,10240,8192,gpu,28,A_fused,0,3.57990,3.52154,3.57990,0.07151,1275,1
ag,5120,10240,8192,gpu,29,c_cublas,3,3.25222,3.14880,3.25222,0.03600,1275,1
ag,5120,10240,8192,gpu,29,c_fluxgemm,1,3.44269,3.37715,3.44269,0.03580,1275,1
ag,5120,10240,8192,gpu,29,c_flux_ag,0,0.61552,0.58006,0.59776,0.05027,1275,1
ag,5120,10240,8192,gpu,29,A_fused,2,3.57888,3.48160,3.57888,0.07339,1275,1
ag,5120,10240,8192,gpu,30,c_cublas,1,3.25018,3.14778,3.25018,0.03654,1275,1
ag,5120,10240,8192,gpu,30,c_fluxgemm,0,3.44576,3.33824,3.44576,0.03881,1275,1
ag,5120,10240,8192,gpu,30,c_flux_ag,2,0.65280,0.63834,0.65280,0.05103,1275,1
ag,5120,10240,8192,gpu,30,A_fused,3,3.58298,3.47034,3.58298,0.06386,1275,1
ag,5120,10240,8192,gpu,31,c_cublas,1,3.28909,3.14880,3.28909,0.03707,1275,1
ag,5120,10240,8192,gpu,31,c_fluxgemm,2,3.48160,3.34131,3.48160,0.04215,1275,1
ag,5120,10240,8192,gpu,31,c_flux_ag,0,0.59510,0.58589,0.59510,0.04870,1275,1
ag,5120,10240,8192,gpu,31,A_fused,3,3.60960,3.47034,3.60960,0.06626,1275,1
ag,5120,10240,8192,gpu,32,c_cublas,1,3.28909,3.14880,3.28909,0.03672,1275,1
ag,5120,10240,8192,gpu,32,c_fluxgemm,0,3.48160,3.33824,3.48160,0.03636,1275,1
ag,5120,10240,8192,gpu,32,c_flux_ag,2,0.63837,0.63309,0.63837,0.04968,1275,1
ag,5120,10240,8192,gpu,32,A_fused,3,3.65978,3.48877,3.65978,0.06343,1275,1
ag,5120,10240,8192,gpu,33,c_cublas,1,3.32800,3.18771,3.32800,0.03597,1245,1
ag,5120,10240,8192,gpu,33,c_fluxgemm,3,3.52461,3.37818,3.52461,0.03487,1245,1
ag,5120,10240,8192,gpu,33,c_flux_ag,2,0.64528,0.63795,0.63795,0.05043,1245,1
ag,5120,10240,8192,gpu,33,A_fused,0,3.66182,3.51744,3.66182,0.06745,1245,1
ag,5120,10240,8192,gpu,34,c_cublas,1,3.28909,3.18874,3.28909,0.03719,1245,1
ag,5120,10240,8192,gpu,34,c_fluxgemm,3,3.48774,3.37818,3.48774,0.03432,1245,1
ag,5120,10240,8192,gpu,34,c_flux_ag,2,0.65360,0.64099,0.65360,0.05013,1245,1
ag,5120,10240,8192,gpu,34,A_fused,0,3.63622,3.51232,3.63622,0.07375,1245,1
ag,5120,10240,8192,gpu,35,c_cublas,2,3.28806,3.19386,3.28806,0.03654,1245,1
ag,5120,10240,8192,gpu,35,c_fluxgemm,0,3.48570,3.37715,3.48570,0.03557,1245,1
ag,5120,10240,8192,gpu,35,c_flux_ag,3,0.68461,0.64198,0.68461,0.05013,1245,1
ag,5120,10240,8192,gpu,35,A_fused,1,3.61984,3.50720,3.61984,0.07202,1245,1
ag,5120,10240,8192,gpu,36,c_cublas,2,3.33005,3.21331,3.33005,0.03587,1245,1
ag,5120,10240,8192,gpu,36,c_fluxgemm,0,3.52358,3.40378,3.52358,0.03755,1245,1
ag,5120,10240,8192,gpu,36,c_flux_ag,3,0.64922,0.63443,0.64922,0.05117,1245,1
ag,5120,10240,8192,gpu,36,A_fused,1,3.65568,3.53894,3.65568,0.06469,1245,1
ag,5120,10240,8192,gpu,37,c_cublas,3,3.32902,3.22150,3.32902,0.03660,1245,1
ag,5120,10240,8192,gpu,37,c_fluxgemm,0,3.52358,3.41299,3.52358,0.03687,1245,1
ag,5120,10240,8192,gpu,37,c_flux_ag,2,0.60317,0.59475,0.59475,0.04527,1245,1
ag,5120,10240,8192,gpu,37,A_fused,1,3.65158,3.54406,3.65158,0.06556,1245,1
ag,5120,10240,8192,gpu,38,c_cublas,1,3.32902,3.22150,3.32902,0.03626,1245,1
ag,5120,10240,8192,gpu,38,c_fluxgemm,0,3.52666,3.41402,3.52666,0.03723,1245,1
ag,5120,10240,8192,gpu,38,c_flux_ag,3,0.60954,0.59658,0.59658,0.04548,1245,1
ag,5120,10240,8192,gpu,38,A_fused,2,3.65670,3.53997,3.65670,0.06840,1245,1
ag,5120,10240,8192,gpu,39,c_cublas,3,3.36896,3.22048,3.36896,0.03837,1245,1
ag,5120,10240,8192,gpu,39,c_fluxgemm,0,3.56147,3.41197,3.56147,0.03763,1245,1
ag,5120,10240,8192,gpu,39,c_flux_ag,1,0.59942,0.58451,0.59942,0.04842,1245,1
ag,5120,10240,8192,gpu,39,A_fused,2,3.69869,3.54714,3.69869,0.06456,1245,1
ag,5120,10240,8192,gpu,40,c_cublas,3,3.34234,3.22253,3.34234,0.03675,1245,1
ag,5120,10240,8192,gpu,40,c_fluxgemm,0,3.56352,3.40992,3.56352,0.04224,1245,1
ag,5120,10240,8192,gpu,40,c_flux_ag,1,0.64842,0.64314,0.64314,0.04975,1245,1
ag,5120,10240,8192,gpu,40,A_fused,2,3.66899,3.54816,3.66899,0.06266,1245,1
ag,5120,10240,8192,gpu,41,c_cublas,1,3.34336,3.21946,3.34336,0.04157,1245,1
ag,5120,10240,8192,gpu,41,c_fluxgemm,2,3.54714,3.41606,3.54714,0.03631,1245,1
ag,5120,10240,8192,gpu,41,c_flux_ag,0,0.60269,0.58528,0.60269,0.05867,1245,1
ag,5120,10240,8192,gpu,41,A_fused,3,3.67309,3.53485,3.67309,0.06539,1245,1
ag,5120,10240,8192,gpu,42,c_cublas,3,3.34336,3.21229,3.34336,0.03661,1245,1
ag,5120,10240,8192,gpu,42,c_fluxgemm,1,3.54406,3.40275,3.54406,0.03435,1245,1
ag,5120,10240,8192,gpu,42,c_flux_ag,2,0.64986,0.63258,0.64986,0.05684,1245,1
ag,5120,10240,8192,gpu,42,A_fused,0,3.67514,3.53997,3.67514,0.06770,1245,1
ag,5120,10240,8192,gpu,43,c_cublas,2,3.34336,3.21434,3.34336,0.04171,1245,1
ag,5120,10240,8192,gpu,43,c_fluxgemm,0,3.54611,3.40070,3.54611,0.03673,1245,1
ag,5120,10240,8192,gpu,43,c_flux_ag,3,0.63398,0.62966,0.63398,0.04978,1245,1
ag,5120,10240,8192,gpu,43,A_fused,1,3.67616,3.54099,3.67616,0.06650,1245,1
ag,5120,10240,8192,gpu,44,c_cublas,1,3.34541,3.21229,3.34541,0.03656,1245,1
ag,5120,10240,8192,gpu,44,c_fluxgemm,3,3.54406,3.38432,3.54406,0.03390,1245,1
ag,5120,10240,8192,gpu,44,c_flux_ag,0,0.61750,0.60451,0.60906,0.04647,1245,1
ag,5120,10240,8192,gpu,44,A_fused,2,3.67514,3.53997,3.67514,0.06707,1245,1
ag,5120,10240,8192,gpu,45,c_cublas,2,3.30240,3.17542,3.30240,0.03652,1245,1
ag,5120,10240,8192,gpu,45,c_fluxgemm,0,3.53382,3.36282,3.53382,0.03729,1245,1
ag,5120,10240,8192,gpu,45,c_flux_ag,3,0.60893,0.58909,0.60381,0.05866,1245,1
ag,5120,10240,8192,gpu,45,A_fused,1,3.63622,3.50106,3.63622,0.06684,1245,1
ag,5120,10240,8192,gpu,46,c_cublas,3,3.28602,3.17542,3.26963,0.03707,1245,1
ag,5120,10240,8192,gpu,46,c_fluxgemm,2,3.49798,3.36486,3.49798,0.03495,1245,1
ag,5120,10240,8192,gpu,46,c_flux_ag,1,0.64083,0.63136,0.64083,0.04600,1245,1
ag,5120,10240,8192,gpu,46,A_fused,0,3.62394,3.50003,3.62394,0.06704,1245,1
ag,5120,10240,8192,gpu,47,c_cublas,1,3.26554,3.17645,3.26554,0.06064,1260,1
ag,5120,10240,8192,gpu,47,c_fluxgemm,3,3.46112,3.36282,3.46112,0.03504,1260,1
ag,5120,10240,8192,gpu,47,c_flux_ag,2,0.64358,0.63066,0.64358,0.05164,1260,1
ag,5120,10240,8192,gpu,47,A_fused,0,3.59424,3.50106,3.59424,0.06939,1260,1
ag,5120,10240,8192,gpu,48,c_cublas,3,3.25018,3.14675,3.25018,0.04376,1260,1
ag,5120,10240,8192,gpu,48,c_fluxgemm,2,3.45088,3.35974,3.44576,0.03290,1260,1
ag,5120,10240,8192,gpu,48,c_flux_ag,0,0.62893,0.60515,0.61677,0.05020,1260,1
ag,5120,10240,8192,gpu,48,A_fused,1,3.60550,3.50208,3.60550,0.06592,1260,1
ag,5120,10240,8192,gpu,49,c_cublas,1,3.25120,3.13958,3.25120,0.08347,1260,1
ag,5120,10240,8192,gpu,49,c_fluxgemm,2,3.44474,3.33414,3.44474,0.03775,1260,1
ag,5120,10240,8192,gpu,49,c_flux_ag,3,0.64851,0.63699,0.64851,0.05504,1260,1
ag,5120,10240,8192,gpu,49,A_fused,0,3.58195,3.47341,3.58195,0.07069,1260,1
ag,5120,10240,8192,gpu,50,c_cublas,0,3.28909,3.20000,3.28909,0.03736,1260,1
ag,5120,10240,8192,gpu,50,c_fluxgemm,1,3.48058,3.40378,3.48058,0.04434,1260,1
ag,5120,10240,8192,gpu,50,c_flux_ag,2,0.63882,0.61766,0.63882,0.04940,1260,1
ag,5120,10240,8192,gpu,50,A_fused,3,3.61882,3.53587,3.61882,0.06503,1260,1
ag,5120,10240,8192,gpu,51,c_cublas,0,3.28806,3.21229,3.28806,0.03649,1260,1
ag,5120,10240,8192,gpu,51,c_fluxgemm,2,3.48262,3.40173,3.48262,0.03370,1260,1
ag,5120,10240,8192,gpu,51,c_flux_ag,3,0.60096,0.58138,0.59718,0.05503,1260,1
ag,5120,10240,8192,gpu,51,A_fused,1,3.60960,3.53792,3.60960,0.06887,1260,1
ag,5120,10240,8192,gpu,52,c_cublas,1,3.28909,3.21126,3.28909,0.03653,1260,1
ag,5120,10240,8192,gpu,52,c_fluxgemm,0,3.48160,3.40275,3.48160,0.03566,1260,1
ag,5120,10240,8192,gpu,52,c_flux_ag,3,0.63210,0.61542,0.61571,0.04527,1260,1
ag,5120,10240,8192,gpu,52,A_fused,2,3.61165,3.53690,3.61165,0.06839,1260,1
ag,5120,10240,8192,gpu,53,c_cublas,2,3.28806,3.18464,3.28806,0.03694,1260,1
ag,5120,10240,8192,gpu,53,c_fluxgemm,1,3.48262,3.37920,3.48262,0.03489,1260,1
ag,5120,10240,8192,gpu,53,c_flux_ag,3,0.66096,0.63891,0.66096,0.05019,1260,1
ag,5120,10240,8192,gpu,53,A_fused,0,3.61165,3.54202,3.61165,0.06668,1260,1
ag,5120,10240,8192,gpu,54,c_cublas,0,3.28806,3.18464,3.28806,0.03745,1260,1
ag,5120,10240,8192,gpu,54,c_fluxgemm,2,3.45498,3.37715,3.45498,0.03402,1260,1
ag,5120,10240,8192,gpu,54,c_flux_ag,3,0.66198,0.63789,0.64864,0.04963,1260,1
ag,5120,10240,8192,gpu,54,A_fused,1,3.61882,3.51130,3.61882,0.07001,1260,1
ag,5120,10240,8192,gpu,55,c_cublas,3,3.25018,3.18566,3.24915,0.03716,1275,1
ag,5120,10240,8192,gpu,55,c_fluxgemm,2,3.44781,3.37920,3.44781,0.03355,1275,1
ag,5120,10240,8192,gpu,55,c_flux_ag,1,0.60029,0.59475,0.59942,0.04523,1275,1
ag,5120,10240,8192,gpu,55,A_fused,0,3.58093,3.51949,3.58093,0.06680,1275,1
ag,5120,10240,8192,gpu,56,c_cublas,2,3.26554,3.18669,3.26554,0.03672,1275,1
ag,5120,10240,8192,gpu,56,c_fluxgemm,0,3.44678,3.38022,3.44678,0.03845,1275,1
ag,5120,10240,8192,gpu,56,c_flux_ag,3,0.60410,0.59510,0.60410,0.05048,1275,1
ag,5120,10240,8192,gpu,56,A_fused,1,3.59219,3.51642,3.59219,0.07448,1275,1
ag,5120,10240,8192,gpu,57,c_cublas,2,3.26451,3.18771,3.26451,0.12145,1275,1
ag,5120,10240,8192,gpu,57,c_fluxgemm,3,3.46726,3.36589,3.46726,0.03674,1275,1
ag,5120,10240,8192,gpu,57,c_flux_ag,0,0.62646,0.60614,0.61226,0.04685,1275,1
ag,5120,10240,8192,gpu,57,A_fused,1,3.60141,3.51642,3.60141,0.06415,1275,1
ag,5120,10240,8192,gpu,58,c_cublas,3,3.26451,3.14880,3.26451,0.03791,1275,1
ag,5120,10240,8192,gpu,58,c_fluxgemm,1,3.46317,3.33619,3.46317,0.03312,1275,1
ag,5120,10240,8192,gpu,58,c_flux_ag,2,0.59818,0.59229,0.59818,0.04843,1275,1
ag,5120,10240,8192,gpu,58,A_fused,0,3.59219,3.48467,3.59219,0.07106,1275,1
ag,5120,10240,8192,gpu,59,c_cublas,0,3.26451,3.14880,3.26451,0.03495,1275,1
ag,5120,10240,8192,gpu,59,c_fluxgemm,3,3.46010,3.34029,3.46010,0.03511,1275,1
ag,5120,10240,8192,gpu,59,c_flux_ag,2,0.60467,0.59984,0.60368,0.04605,1275,1
ag,5120,10240,8192,gpu,59,A_fused,1,3.58502,3.46419,3.58502,0.06923,1275,1
ag,5120,10240,8192,gpu,60,c_cublas,1,3.26349,3.14880,3.26349,0.03799,1275,1
ag,5120,10240,8192,gpu,60,c_fluxgemm,2,3.46112,3.33824,3.46112,0.03658,1275,1
ag,5120,10240,8192,gpu,60,c_flux_ag,0,0.58115,0.58003,0.58083,0.05118,1275,1
ag,5120,10240,8192,gpu,60,A_fused,3,3.58810,3.47648,3.58810,0.06588,1275,1
ag,5120,10240,8192,gpu,61,c_cublas,1,3.26349,3.17645,3.26349,0.03691,1275,1
ag,5120,10240,8192,gpu,61,c_fluxgemm,2,3.46112,3.36282,3.46112,0.04288,1275,1
ag,5120,10240,8192,gpu,61,c_flux_ag,3,0.63699,0.63389,0.63501,0.04864,1275,1
ag,5120,10240,8192,gpu,61,A_fused,0,3.59424,3.47750,3.59424,0.07022,1275,1
ag,5120,10240,8192,gpu,62,c_cublas,0,3.26349,3.17645,3.26349,0.05817,1275,1
ag,5120,10240,8192,gpu,62,c_fluxgemm,2,3.46317,3.36179,3.46317,0.03334,1275,1
ag,5120,10240,8192,gpu,62,c_flux_ag,3,0.63987,0.63648,0.63987,0.04991,1275,1
ag,5120,10240,8192,gpu,62,A_fused,1,3.59731,3.50413,3.59731,0.06937,1275,1
ag,5120,10240,8192,gpu,63,c_cublas,0,3.26451,3.17542,3.26451,0.04347,1275,1
ag,5120,10240,8192,gpu,63,c_fluxgemm,3,3.46317,3.36384,3.46317,0.03398,1275,1
ag,5120,10240,8192,gpu,63,c_flux_ag,2,0.63174,0.60317,0.61446,0.04628,1275,1
ag,5120,10240,8192,gpu,63,A_fused,1,3.59936,3.50515,3.59936,0.07025,1275,1
ag,5120,10240,8192,gpu,64,c_cublas,0,3.26451,3.21229,3.26451,0.03742,1260,1
ag,5120,10240,8192,gpu,64,c_fluxgemm,1,3.49491,3.40275,3.49491,0.03577,1260,1
ag,5120,10240,8192,gpu,64,c_flux_ag,3,0.60464,0.59568,0.59568,0.04864,1260,1
ag,5120,10240,8192,gpu,64,A_fused,2,3.61472,3.53894,3.61472,0.06671,1260,1
ag,5120,10240,8192,gpu,65,c_cublas,2,3.28806,3.20000,3.28806,0.03790,1260,1
ag,5120,10240,8192,gpu,65,c_fluxgemm,1,3.48365,3.39866,3.48365,0.03650,1260,1
ag,5120,10240,8192,gpu,65,c_flux_ag,0,0.59610,0.58723,0.58723,0.04863,1260,1
ag,5120,10240,8192,gpu,65,A_fused,3,3.61062,3.50106,3.61062,0.06893,1260,1
ag,5120,10240,8192,gpu,66,c_cublas,1,3.28909,3.17645,3.28909,0.04320,1260,1
ag,5120,10240,8192,gpu,66,c_fluxgemm,3,3.48160,3.36589,3.48160,0.03636,1260,1
ag,5120,10240,8192,gpu,66,c_flux_ag,2,0.65427,0.63293,0.64323,0.05259,1260,1
ag,5120,10240,8192,gpu,66,A_fused,0,3.61574,3.50310,3.61574,0.06847,1260,1
ag,5120,10240,8192,gpu,67,c_cublas,2,3.28806,3.17747,3.28806,0.03686,1260,1
ag,5120,10240,8192,gpu,67,c_fluxgemm,0,3.48160,3.36384,3.48160,0.03418,1260,1
ag,5120,10240,8192,gpu,67,c_flux_ag,3,0.65466,0.64182,0.65466,0.05625,1260,1
ag,5120,10240,8192,gpu,67,A_fused,1,3.61370,3.50106,3.61370,0.06583,1260,1
ag,5120,10240,8192,gpu,68,c_cublas,1,3.28806,3.17542,3.28806,0.03640,1260,1
ag,5120,10240,8192,gpu,68,c_fluxgemm,0,3.48365,3.36486,3.48365,0.03735,1260,1
ag,5120,10240,8192,gpu,68,c_flux_ag,2,0.62733,0.59552,0.61587,0.05001,1260,1
ag,5120,10240,8192,gpu,68,A_fused,3,3.60960,3.50515,3.60960,0.06405,1260,1
ag,5120,10240,8192,gpu,69,c_cublas,1,3.25734,3.17542,3.25018,0.03742,1260,1
ag,5120,10240,8192,gpu,69,c_fluxgemm,3,3.45293,3.36589,3.44576,0.03625,1260,1
ag,5120,10240,8192,gpu,69,c_flux_ag,2,0.62547,0.60822,0.61360,0.05043,1260,1
ag,5120,10240,8192,gpu,69,A_fused,0,3.59117,3.50208,3.59117,0.07129,1260,1
ag,5120,10240,8192,gpu,70,c_cublas,0,3.25734,3.17542,3.25018,0.03680,1260,1
ag,5120,10240,8192,gpu,70,c_fluxgemm,2,3.45498,3.36486,3.44576,0.03472,1260,1
ag,5120,10240,8192,gpu,70,c_flux_ag,1,0.63904,0.63392,0.63904,0.05010,1260,1
ag,5120,10240,8192,gpu,70,A_fused,3,3.56762,3.49901,3.54202,0.07187,1260,1
ag,5120,10240,8192,gpu,71,c_cublas,1,3.22253,3.14880,3.21229,0.03768,1260,1
ag,5120,10240,8192,gpu,71,c_fluxgemm,2,3.41914,3.33926,3.41197,0.03592,1260,1
ag,5120,10240,8192,gpu,71,c_flux_ag,3,0.63718,0.63261,0.63523,0.04896,1260,1
ag,5120,10240,8192,gpu,71,A_fused,0,3.55635,3.47341,3.53894,0.08049,1260,1
ag,5120,10240,8192,gpu,72,c_cublas,3,3.25018,3.18669,3.25018,0.03813,1260,1
ag,5120,10240,8192,gpu,72,c_fluxgemm,0,3.43859,3.33722,3.40582,0.03702,1260,1
ag,5120,10240,8192,gpu,72,c_flux_ag,2,0.62550,0.60563,0.61309,0.04736,1260,1
ag,5120,10240,8192,gpu,72,A_fused,1,3.58605,3.48160,3.58298,0.06536,1260,1
ag,5120,10240,8192,gpu,73,c_cublas,3,3.25734,3.18566,3.25734,0.03661,1275,1
ag,5120,10240,8192,gpu,73,c_fluxgemm,0,3.44474,3.37613,3.44474,0.03746,1275,1
ag,5120,10240,8192,gpu,73,c_flux_ag,2,0.62694,0.61386,0.62694,0.04622,1275,1
ag,5120,10240,8192,gpu,73,A_fused,1,3.58093,3.51130,3.58093,0.06703,1275,1
ag,5120,10240,8192,gpu,74,c_cublas,2,3.28806,3.18566,3.28806,0.03684,1275,1
ag,5120,10240,8192,gpu,74,c_fluxgemm,1,3.47955,3.37818,3.47955,0.03953,1275,1
ag,5120,10240,8192,gpu,74,c_flux_ag,3,0.64902,0.63914,0.64902,0.05005,1275,1
ag,5120,10240,8192,gpu,74,A_fused,0,3.61882,3.51334,3.61882,0.07009,1275,1
ag,5120,10240,8192,gpu,75,c_cublas,2,3.28909,3.18669,3.28909,0.03703,1275,1
ag,5120,10240,8192,gpu,75,c_fluxgemm,0,3.48570,3.37818,3.48570,0.03607,1275,1
ag,5120,10240,8192,gpu,75,c_flux_ag,1,0.60058,0.59021,0.60058,0.04845,1275,1
ag,5120,10240,8192,gpu,75,A_fused,3,3.58400,3.51334,3.57888,0.07588,1275,1
ag,5120,10240,8192,gpu,76,c_cublas,2,3.25018,3.18669,3.24915,0.03844,1275,1
ag,5120,10240,8192,gpu,76,c_fluxgemm,3,3.44883,3.38432,3.44883,0.03770,1275,1
ag,5120,10240,8192,gpu,76,c_flux_ag,1,0.62618,0.61366,0.61366,0.04731,1275,1
ag,5120,10240,8192,gpu,76,A_fused,0,3.58093,3.51437,3.58093,0.06833,1275,1
ag,5120,10240,8192,gpu,77,c_cublas,2,3.25018,3.18464,3.25018,0.04470,1275,1
ag,5120,10240,8192,gpu,77,c_fluxgemm,0,3.44576,3.38330,3.44576,0.03835,1275,1
ag,5120,10240,8192,gpu,77,c_flux_ag,1,0.67706,0.63888,0.66010,0.04977,1275,1
ag,5120,10240,8192,gpu,77,A_fused,3,3.58298,3.51539,3.58298,0.06893,1275,1
ag,5120,10240,8192,gpu,78,c_cublas,2,3.25837,3.18771,3.25837,0.03730,1275,1
ag,5120,10240,8192,gpu,78,c_fluxgemm,1,3.44474,3.37613,3.44474,0.03335,1275,1
ag,5120,10240,8192,gpu,78,c_flux_ag,3,0.64528,0.63971,0.64528,0.05040,1275,1
ag,5120,10240,8192,gpu,78,A_fused,0,3.58195,3.51027,3.58195,0.06706,1275,1
ag,5120,10240,8192,gpu,79,c_cublas,3,3.28806,3.21331,3.28806,0.03667,1275,1
ag,5120,10240,8192,gpu,79,c_fluxgemm,2,3.48058,3.39866,3.48058,0.03430,1275,1
ag,5120,10240,8192,gpu,79,c_flux_ag,1,0.59056,0.58086,0.58086,0.04597,1275,1
ag,5120,10240,8192,gpu,79,A_fused,0,3.61677,3.54099,3.61677,0.07467,1275,1
ag,5120,10240,8192,gpu,80,c_cublas,3,3.28909,3.21331,3.28909,0.04478,1275,1
ag,5120,10240,8192,gpu,80,c_fluxgemm,0,3.48262,3.39968,3.48262,0.03695,1275,1
ag,5120,10240,8192,gpu,80,c_flux_ag,1,0.63901,0.63779,0.63814,0.04914,1275,1
ag,5120,10240,8192,gpu,80,A_fused,2,3.61062,3.53485,3.61062,0.06271,1275,1
ag,5120,10240,8192,gpu,81,c_cublas,1,3.29011,3.21331,3.29011,0.03628,1275,1
ag,5120,10240,8192,gpu,81,c_fluxgemm,0,3.48058,3.40173,3.48058,0.03751,1275,1
ag,5120,10240,8192,gpu,81,c_flux_ag,3,0.60774,0.60518,0.60518,0.04571,1275,1
ag,5120,10240,8192,gpu,81,A_fused,2,3.61062,3.53997,3.61062,0.06903,1275,1
ag,5120,10240,8192,gpu,82,c_cublas,2,3.32800,3.21229,3.32800,0.03848,1245,1
ag,5120,10240,8192,gpu,82,c_fluxgemm,3,3.52461,3.40480,3.52461,0.03614,1245,1
ag,5120,10240,8192,gpu,82,c_flux_ag,1,0.59053,0.58317,0.59053,0.04572,1245,1
ag,5120,10240,8192,gpu,82,A_fused,0,3.67002,3.53894,3.67002,0.07212,1245,1
ag,5120,10240,8192,gpu,83,c_cublas,2,3.32800,3.21331,3.32800,0.04379,1245,1
ag,5120,10240,8192,gpu,83,c_fluxgemm,1,3.52870,3.40173,3.52870,0.04112,1245,1
ag,5120,10240,8192,gpu,83,c_flux_ag,3,0.64358,0.63770,0.64358,0.05111,1245,1
ag,5120,10240,8192,gpu,83,A_fused,0,3.65773,3.53997,3.65773,0.06935,1245,1
ag,5120,10240,8192,gpu,84,c_cublas,3,3.32800,3.21229,3.32800,0.03674,1245,1
ag,5120,10240,8192,gpu,84,c_fluxgemm,0,3.52563,3.40070,3.52563,0.03586,1245,1
ag,5120,10240,8192,gpu,84,c_flux_ag,1,0.60013,0.59702,0.59712,0.04841,1245,1
ag,5120,10240,8192,gpu,84,A_fused,2,3.64954,3.53587,3.64954,0.06476,1245,1
ag,5120,10240,8192,gpu,85,c_cublas,0,3.29933,3.21229,3.29933,0.03510,1245,1
ag,5120,10240,8192,gpu,85,c_fluxgemm,3,3.48365,3.40378,3.48365,0.03420,1245,1
ag,5120,10240,8192,gpu,85,c_flux_ag,1,0.63994,0.63395,0.63395,0.05348,1245,1
ag,5120,10240,8192,gpu,85,A_fused,2,3.61062,3.53792,3.61062,0.06719,1245,1
ag,5120,10240,8192,gpu,86,c_cublas,0,3.29011,3.21229,3.29011,0.03716,1245,1
ag,5120,10240,8192,gpu,86,c_fluxgemm,1,3.48160,3.40173,3.48160,0.03759,1245,1
ag,5120,10240,8192,gpu,86,c_flux_ag,2,0.63984,0.63450,0.63450,0.04877,1245,1
ag,5120,10240,8192,gpu,86,A_fused,3,3.61779,3.53997,3.61779,0.06349,1245,1
ag,5120,10240,8192,gpu,87,c_cublas,1,3.28909,3.21331,3.28909,0.04507,1260,1
ag,5120,10240,8192,gpu,87,c_fluxgemm,3,3.48160,3.40070,3.48160,0.03511,1260,1
ag,5120,10240,8192,gpu,87,c_flux_ag,2,0.63984,0.63530,0.63869,0.05109,1260,1
ag,5120,10240,8192,gpu,87,A_fused,0,3.61984,3.54509,3.61984,0.06715,1260,1
ag,5120,10240,8192,gpu,88,c_cublas,2,3.30035,3.18874,3.30035,0.03726,1260,1
ag,5120,10240,8192,gpu,88,c_fluxgemm,3,3.50003,3.38022,3.50003,0.04425,1260,1
ag,5120,10240,8192,gpu,88,c_flux_ag,1,0.60582,0.60070,0.60070,0.04629,1260,1
ag,5120,10240,8192,gpu,88,A_fused,0,3.61984,3.54099,3.61984,0.06789,1260,1
ag,5120,10240,8192,gpu,89,c_cublas,2,3.30138,3.18669,3.30138,0.03699,1260,1
ag,5120,10240,8192,gpu,89,c_fluxgemm,0,3.49901,3.37818,3.49901,0.03286,1260,1
ag,5120,10240,8192,gpu,89,c_flux_ag,1,0.64224,0.63510,0.64224,0.04878,1260,1
ag,5120,10240,8192,gpu,89,A_fused,3,3.61882,3.51437,3.61882,0.07046,1260,1
ag,5120,10240,8192,gpu,90,c_cublas,0,3.26656,3.14982,3.26656,0.04262,1260,1
ag,5120,10240,8192,gpu,90,c_fluxgemm,3,3.45907,3.33824,3.45907,0.03411,1260,1
ag,5120,10240,8192,gpu,90,c_flux_ag,1,0.63990,0.63462,0.63990,0.05188,1260,1
ag,5120,10240,8192,gpu,90,A_fused,2,3.60550,3.47136,3.60550,0.06537,1260,1
ag,5120,10240,8192,gpu,91,c_cublas,0,3.26451,3.14982,3.26451,0.03692,1260,1
ag,5120,10240,8192,gpu,91,c_fluxgemm,2,3.46317,3.34848,3.46317,0.03466,1260,1
ag,5120,10240,8192,gpu,91,c_flux_ag,1,0.64128,0.63613,0.64128,0.05098,1260,1
ag,5120,10240,8192,gpu,91,A_fused,3,3.63827,3.51744,3.63827,0.07410,1260,1
ag,5120,10240,8192,gpu,92,c_cublas,0,3.30240,3.18566,3.30240,0.03641,1260,1
ag,5120,10240,8192,gpu,92,c_fluxgemm,3,3.50003,3.37715,3.50003,0.03496,1260,1
ag,5120,10240,8192,gpu,92,c_flux_ag,2,0.61331,0.60442,0.61075,0.04886,1260,1
ag,5120,10240,8192,gpu,92,A_fused,1,3.62803,3.50822,3.62803,0.06769,1260,1
ag,5120,10240,8192,gpu,93,c_cublas,3,3.26554,3.18669,3.26554,0.03772,1260,1
ag,5120,10240,8192,gpu,93,c_fluxgemm,2,3.46010,3.38125,3.46010,0.03306,1260,1
ag,5120,10240,8192,gpu,93,c_flux_ag,0,0.58742,0.58010,0.58438,0.05355,1260,1
ag,5120,10240,8192,gpu,93,A_fused,1,3.60550,3.50925,3.60550,0.06368,1260,1
ag,5120,10240,8192,gpu,94,c_cublas,0,3.26451,3.18566,3.26451,0.03409,1260,1
ag,5120,10240,8192,gpu,94,c_fluxgemm,3,3.46112,3.34848,3.46112,0.04043,1260,1
ag,5120,10240,8192,gpu,94,c_flux_ag,1,0.64522,0.63789,0.63789,0.05028,1260,1
ag,5120,10240,8192,gpu,94,A_fused,2,3.59219,3.52051,3.59219,0.06320,1260,1
ag,5120,10240,8192,gpu,95,c_cublas,1,3.26451,3.14778,3.26451,0.03829,1260,1
ag,5120,10240,8192,gpu,95,c_fluxgemm,0,3.46010,3.34029,3.46010,0.03530,1260,1
ag,5120,10240,8192,gpu,95,c_flux_ag,2,0.63891,0.63472,0.63472,0.04989,1260,1
ag,5120,10240,8192,gpu,95,A_fused,3,3.59117,3.47136,3.59117,0.06356,1260,1
ag,5120,10240,8192,gpu,96,c_cublas,0,3.26451,3.14061,3.26451,0.03607,1260,1
ag,5120,10240,8192,gpu,96,c_fluxgemm,3,3.49798,3.32800,3.49798,0.03433,1260,1
ag,5120,10240,8192,gpu,96,c_flux_ag,2,0.64026,0.63104,0.63104,0.04635,1260,1
ag,5120,10240,8192,gpu,96,A_fused,1,3.63110,3.46317,3.63110,0.07588,1260,1
ag,5120,10240,8192,gpu,97,c_cublas,3,3.30240,3.14163,3.30240,0.04416,1260,1
ag,5120,10240,8192,gpu,97,c_fluxgemm,1,3.50003,3.32493,3.50003,0.03466,1260,1
ag,5120,10240,8192,gpu,97,c_flux_ag,0,0.58883,0.58112,0.58883,0.05089,1260,1
ag,5120,10240,8192,gpu,97,A_fused,2,3.63520,3.46931,3.63520,0.06476,1260,1
ag,5120,10240,8192,gpu,98,c_cublas,2,3.30240,3.17645,3.30240,0.03699,1260,1
ag,5120,10240,8192,gpu,98,c_fluxgemm,0,3.50208,3.36896,3.50208,0.03847,1260,1
ag,5120,10240,8192,gpu,98,c_flux_ag,1,0.63930,0.63165,0.63165,0.04981,1260,1
ag,5120,10240,8192,gpu,98,A_fused,3,3.62803,3.51027,3.62803,0.06767,1260,1
ag,5120,10240,8192,gpu,99,c_cublas,1,3.30138,3.17440,3.30138,0.03679,1260,1
ag,5120,10240,8192,gpu,99,c_fluxgemm,2,3.49901,3.36691,3.49901,0.03655,1260,1
ag,5120,10240,8192,gpu,99,c_flux_ag,3,0.64864,0.63635,0.64864,0.04903,1260,1
ag,5120,10240,8192,gpu,99,A_fused,0,3.62701,3.50208,3.62701,0.07051,1260,1
ag,5120,10240,8192,gpu,100,c_cublas,2,3.30138,3.17747,3.30138,0.03777,1260,1
ag,5120,10240,8192,gpu,100,c_fluxgemm,1,3.49798,3.36486,3.49798,0.03722,1260,1
ag,5120,10240,8192,gpu,100,c_flux_ag,0,0.62445,0.60000,0.62445,0.05198,1260,1
ag,5120,10240,8192,gpu,100,A_fused,3,3.63418,3.50618,3.63418,0.06985,1260,1
ag,5120,10240,8192,gpu,101,c_cublas,3,3.30138,3.17645,3.30138,0.04376,1260,1
ag,5120,10240,8192,gpu,101,c_fluxgemm,0,3.50208,3.36589,3.50208,0.03658,1260,1
ag,5120,10240,8192,gpu,101,c_flux_ag,2,0.61930,0.60093,0.61930,0.04647,1260,1
ag,5120,10240,8192,gpu,101,A_fused,1,3.63315,3.50003,3.63315,0.06561,1260,1
ag,5120,10240,8192,gpu,102,c_cublas,3,3.30138,3.17542,3.30138,0.03687,1260,1
ag,5120,10240,8192,gpu,102,c_fluxgemm,1,3.50106,3.36282,3.50106,0.03562,1260,1
ag,5120,10240,8192,gpu,102,c_flux_ag,2,0.63699,0.63286,0.63562,0.04838,1260,1
ag,5120,10240,8192,gpu,102,A_fused,0,3.63622,3.50413,3.63622,0.06991,1260,1
ag,5120,10240,8192,gpu,103,c_cublas,3,3.29933,3.17542,3.29933,0.03681,1260,1
ag,5120,10240,8192,gpu,103,c_fluxgemm,2,3.49184,3.36282,3.49184,0.03461,1260,1
ag,5120,10240,8192,gpu,103,c_flux_ag,1,0.60803,0.60317,0.60317,0.04600,1260,1
ag,5120,10240,8192,gpu,103,A_fused,0,3.63110,3.50618,3.63110,0.07270,1260,1
ag,5120,10240,8192,gpu,104,c_cublas,3,3.28806,3.17440,3.28806,0.04282,1260,1
ag,5120,10240,8192,gpu,104,c_fluxgemm,1,3.48365,3.36384,3.48365,0.03278,1260,1
ag,5120,10240,8192,gpu,104,c_flux_ag,2,0.59546,0.58560,0.59526,0.04753,1260,1
ag,5120,10240,8192,gpu,104,A_fused,0,3.63008,3.49594,3.63008,0.06936,1260,1
ag,5120,10240,8192,gpu,105,c_cublas,0,3.29011,3.17747,3.29011,0.03347,1260,1
ag,5120,10240,8192,gpu,105,c_fluxgemm,3,3.48570,3.36486,3.48570,0.03394,1260,1
ag,5120,10240,8192,gpu,105,c_flux_ag,2,0.60538,0.59718,0.59718,0.04590,1260,1
ag,5120,10240,8192,gpu,105,A_fused,1,3.60858,3.49798,3.60858,0.06913,1260,1
ag,5120,10240,8192,gpu,106,c_cublas,2,3.28909,3.17542,3.28909,0.03646,1260,1
ag,5120,10240,8192,gpu,106,c_fluxgemm,3,3.48467,3.36794,3.48467,0.03625,1260,1
ag,5120,10240,8192,gpu,106,c_flux_ag,0,0.59549,0.58435,0.58858,0.05036,1260,1
ag,5120,10240,8192,gpu,106,A_fused,1,3.61472,3.50106,3.61472,0.06441,1260,1
ag,5120,10240,8192,gpu,107,c_cublas,3,3.28909,3.17645,3.28909,0.03610,1260,1
ag,5120,10240,8192,gpu,107,c_fluxgemm,2,3.47955,3.36282,3.47955,0.03521,1260,1
ag,5120,10240,8192,gpu,107,c_flux_ag,1,0.61712,0.60016,0.60016,0.04554,1260,1
ag,5120,10240,8192,gpu,107,A_fused,0,3.60755,3.50515,3.60755,0.06862,1260,1
ag,5120,10240,8192,gpu,108,c_cublas,3,3.28806,3.21229,3.28806,0.03629,1260,1
ag,5120,10240,8192,gpu,108,c_fluxgemm,1,3.48160,3.38022,3.48160,0.03337,1260,1
ag,5120,10240,8192,gpu,108,c_flux_ag,2,0.59680,0.59043,0.59395,0.04897,1260,1
ag,5120,10240,8192,gpu,108,A_fused,0,3.60653,3.50106,3.60653,0.07093,1260,1
ag,5120,10240,8192,gpu,109,c_cublas,3,3.34131,3.21331,3.33005,0.03658,1260,1
ag,5120,10240,8192,gpu,109,c_fluxgemm,2,3.53690,3.40480,3.52358,0.03582,1260,1
ag,5120,10240,8192,gpu,109,c_flux_ag,1,0.62640,0.60205,0.60205,0.04593,1260,1
ag,5120,10240,8192,gpu,109,A_fused,0,3.66387,3.52870,3.65056,0.07418,1260,1
ag,5120,10240,8192,gpu,110,c_cublas,3,3.33926,3.21229,3.32800,0.04886,1245,1
ag,5120,10240,8192,gpu,110,c_fluxgemm,1,3.53178,3.40378,3.52358,0.03989,1245,1
ag,5120,10240,8192,gpu,110,c_flux_ag,2,0.60163,0.59635,0.59939,0.04813,1245,1
ag,5120,10240,8192,gpu,110,A_fused,0,3.67411,3.53894,3.65466,0.07051,1245,1
ag,5120,10240,8192,gpu,111,c_cublas,2,3.34234,3.21331,3.32902,0.13272,1245,1
ag,5120,10240,8192,gpu,111,c_fluxgemm,3,3.53382,3.41094,3.52154,0.03705,1245,1
ag,5120,10240,8192,gpu,111,c_flux_ag,1,0.60941,0.59286,0.59286,0.06975,1245,1
ag,5120,10240,8192,gpu,111,A_fused,0,3.66182,3.53997,3.65363,0.07008,1245,1
ag,5120,10240,8192,gpu,112,c_cublas,2,3.30035,3.18669,3.28806,0.03653,1245,1
ag,5120,10240,8192,gpu,112,c_fluxgemm,1,3.49389,3.40070,3.49389,0.03619,1245,1
ag,5120,10240,8192,gpu,112,c_flux_ag,0,0.64090,0.63536,0.64090,0.05027,1245,1
ag,5120,10240,8192,gpu,112,A_fused,3,3.62701,3.50208,3.61574,0.07492,1245,1
ag,5120,10240,8192,gpu,113,c_cublas,3,3.34234,3.18771,3.33005,0.03795,1245,1
ag,5120,10240,8192,gpu,113,c_fluxgemm,1,3.49184,3.36589,3.48160,0.03490,1245,1
ag,5120,10240,8192,gpu,113,c_flux_ag,2,0.59770,0.59162,0.59440,0.04756,1245,1
ag,5120,10240,8192,gpu,113,A_fused,0,3.62598,3.49901,3.61472,0.06601,1245,1
ag,5120,10240,8192,gpu,114,c_cublas,2,3.33926,3.24813,3.32902,0.09400,1245,1
ag,5120,10240,8192,gpu,114,c_fluxgemm,0,3.53382,3.43859,3.52461,0.03741,1245,1
ag,5120,10240,8192,gpu,114,c_flux_ag,3,0.59670,0.59395,0.59395,0.05086,1245,1
ag,5120,10240,8192,gpu,114,A_fused,1,3.67514,3.57069,3.65466,0.06876,1245,1
ag,5120,10240,8192,gpu,115,c_cublas,1,3.33926,3.23584,3.32800,0.03632,1245,1
ag,5120,10240,8192,gpu,115,c_fluxgemm,3,3.53587,3.40480,3.52563,0.03437,1245,1
ag,5120,10240,8192,gpu,115,c_flux_ag,2,0.64566,0.63872,0.64486,0.04984,1245,1
ag,5120,10240,8192,gpu,115,A_fused,0,3.66797,3.56659,3.65773,0.06792,1245,1
ag,5120,10240,8192,gpu,116,c_cublas,2,3.34029,3.21331,3.33414,0.03683,1245,1
ag,5120,10240,8192,gpu,116,c_fluxgemm,1,3.53178,3.40378,3.52358,0.03935,1245,1
ag,5120,10240,8192,gpu,116,c_flux_ag,3,0.64419,0.63424,0.64394,0.04966,1245,1
ag,5120,10240,8192,gpu,116,A_fused,0,3.67206,3.53792,3.65670,0.06895,1245,1
ag,5120,10240,8192,gpu,117,c_cublas,3,3.37101,3.21229,3.37101,0.03717,1245,1
ag,5120,10240,8192,gpu,117,c_fluxgemm,1,3.56659,3.40378,3.56659,0.04008,1245,1
ag,5120,10240,8192,gpu,117,c_flux_ag,2,0.58570,0.57923,0.58570,0.04863,1245,1
ag,5120,10240,8192,gpu,117,A_fused,0,3.69766,3.53894,3.69766,0.07102,1245,1
ag,5120,10240,8192,gpu,118,c_cublas,0,3.36794,3.21229,3.36794,0.03494,1245,1
ag,5120,10240,8192,gpu,118,c_fluxgemm,3,3.49082,3.36589,3.48058,0.03995,1245,1
ag,5120,10240,8192,gpu,118,c_flux_ag,2,0.61581,0.60394,0.61581,0.04775,1245,1
ag,5120,10240,8192,gpu,118,A_fused,1,3.63110,3.53178,3.63110,0.06891,1245,1
ag,5120,10240,8192,gpu,119,c_cublas,1,3.30035,3.17440,3.28806,0.03746,1245,1
ag,5120,10240,8192,gpu,119,c_fluxgemm,2,3.48774,3.36896,3.48672,0.03605,1245,1
ag,5120,10240,8192,gpu,119,c_flux_ag,0,0.59178,0.58240,0.58749,0.04999,1245,1
ag,5120,10240,8192,gpu,119,A_fused,3,3.60960,3.49901,3.60960,0.06577,1245,1
ag,5120,10240,8192,gpu,120,c_cublas,2,3.30035,3.18771,3.30035,0.03756,1260,1
ag,5120,10240,8192,gpu,120,c_fluxgemm,1,3.49594,3.37715,3.49594,0.03277,1260,1
ag,5120,10240,8192,gpu,120,c_flux_ag,3,0.64688,0.63792,0.64688,0.05127,1260,1
ag,5120,10240,8192,gpu,120,A_fused,0,3.62906,3.50720,3.62906,0.06570,1260,1
ag,5120,10240,8192,gpu,121,c_cublas,3,3.26656,3.18771,3.26656,0.03701,1260,1
ag,5120,10240,8192,gpu,121,c_fluxgemm,2,3.48467,3.38022,3.48467,0.03388,1260,1
ag,5120,10240,8192,gpu,121,c_flux_ag,0,0.61027,0.60368,0.61027,0.05194,1260,1
ag,5120,10240,8192,gpu,121,A_fused,1,3.63315,3.51437,3.63315,0.06633,1260,1
ag,5120,10240,8192,gpu,122,c_cublas,3,3.26554,3.18669,3.26554,0.04517,1260,1
ag,5120,10240,8192,gpu,122,c_fluxgemm,0,3.46112,3.38022,3.46112,0.03683,1260,1
ag,5120,10240,8192,gpu,122,c_flux_ag,1,0.64182,0.63645,0.64182,0.04908,1260,1
ag,5120,10240,8192,gpu,122,A_fused,2,3.58912,3.51539,3.58912,0.06275,1260,1
ag,5120,10240,8192,gpu,123,c_cublas,1,3.28806,3.18669,3.28806,0.03542,1260,1
ag,5120,10240,8192,gpu,123,c_fluxgemm,2,3.49798,3.37818,3.49798,0.03660,1260,1
ag,5120,10240,8192,gpu,123,c_flux_ag,3,0.65018,0.63821,0.64394,0.04867,1260,1
ag,5120,10240,8192,gpu,123,A_fused,0,3.60141,3.51437,3.60141,0.07018,1260,1
ag,5120,10240,8192,gpu,124,c_cublas,1,3.29933,3.18669,3.29933,0.03791,1260,1
ag,5120,10240,8192,gpu,124,c_fluxgemm,0,3.49798,3.37613,3.49798,0.04447,1260,1
ag,5120,10240,8192,gpu,124,c_flux_ag,2,0.60989,0.59293,0.60989,0.05166,1260,1
ag,5120,10240,8192,gpu,124,A_fused,3,3.63622,3.51846,3.63622,0.06412,1260,1
ag,5120,10240,8192,gpu,125,c_cublas,1,3.30240,3.18771,3.30240,0.03630,1260,1
ag,5120,10240,8192,gpu,125,c_fluxgemm,0,3.49798,3.37920,3.49798,0.03536,1260,1
ag,5120,10240,8192,gpu,125,c_flux_ag,3,0.60442,0.59325,0.59325,0.04806,1260,1
ag,5120,10240,8192,gpu,125,A_fused,2,3.63213,3.51539,3.63213,0.07531,1260,1
ag,5120,10240,8192,gpu,126,c_cublas,3,3.28909,3.18566,3.26349,0.03710,1260,1
ag,5120,10240,8192,gpu,126,c_fluxgemm,2,3.48058,3.38227,3.46317,0.03435,1260,1
ag,5120,10240,8192,gpu,126,c_flux_ag,1,0.59555,0.58093,0.58093,0.04536,1260,1
ag,5120,10240,8192,gpu,126,A_fused,0,3.63520,3.51130,3.63520,0.06963,1260,1
ag,5120,10240,8192,gpu,127,c_cublas,2,3.26349,3.18566,3.26349,0.03680,1260,1
ag,5120,10240,8192,gpu,127,c_fluxgemm,1,3.48058,3.38125,3.46522,0.03606,1260,1
ag,5120,10240,8192,gpu,127,c_flux_ag,0,0.64630,0.63405,0.63683,0.05266,1260,1
ag,5120,10240,8192,gpu,127,A_fused,3,3.58810,3.51027,3.58810,0.07287,1260,1
ag,5120,10240,8192,gpu,128,c_cublas,3,3.25018,3.18669,3.25018,0.03640,1260,1
ag,5120,10240,8192,gpu,128,c_fluxgemm,0,3.44576,3.37920,3.44576,0.03812,1260,1
ag,5120,10240,8192,gpu,128,c_flux_ag,2,0.65379,0.61648,0.65379,0.05575,1260,1
ag,5120,10240,8192,gpu,128,A_fused,1,3.57683,3.50618,3.57683,0.07310,1260,1
ag,5120,10240,8192,gpu,129,c_cublas,1,3.25018,3.18566,3.25018,0.03658,1260,1
ag,5120,10240,8192,gpu,129,c_fluxgemm,2,3.43245,3.38022,3.43245,0.03734,1260,1
ag,5120,10240,8192,gpu,129,c_flux_ag,0,0.59040,0.58205,0.59040,0.05078,1260,1
ag,5120,10240,8192,gpu,129,A_fused,3,3.54406,3.50413,3.54406,0.06708,1260,1
ag,5120,10240,8192,gpu,130,c_cublas,3,3.21229,3.17440,3.21229,0.03632,1260,1
ag,5120,10240,8192,gpu,130,c_fluxgemm,2,3.41094,3.36794,3.41094,0.03490,1260,1
ag,5120,10240,8192,gpu,130,c_flux_ag,0,0.62864,0.59802,0.61542,0.04957,1260,1
ag,5120,10240,8192,gpu,130,A_fused,1,3.54816,3.51130,3.54816,0.07162,1260,1
ag,5120,10240,8192,gpu,131,c_cublas,3,3.28806,3.18566,3.28806,0.03606,1290,1
ag,5120,10240,8192,gpu,131,c_fluxgemm,1,3.40992,3.38330,3.40992,0.03542,1290,1
ag,5120,10240,8192,gpu,131,c_flux_ag,0,0.64963,0.63315,0.64963,0.05165,1290,1
ag,5120,10240,8192,gpu,131,A_fused,2,3.61267,3.52563,3.61267,0.06687,1290,1
ag,5120,10240,8192,gpu,132,c_cublas,1,3.28909,3.18464,3.28909,0.04241,1290,1
ag,5120,10240,8192,gpu,132,c_fluxgemm,0,3.48058,3.37818,3.48058,0.03795,1290,1
ag,5120,10240,8192,gpu,132,c_flux_ag,2,0.65142,0.64826,0.64826,0.05179,1290,1
ag,5120,10240,8192,gpu,132,A_fused,3,3.61677,3.51232,3.61677,0.06446,1290,1
ag,5120,10240,8192,gpu,133,c_cublas,3,3.28909,3.18771,3.28909,0.04366,1290,1
ag,5120,10240,8192,gpu,133,c_fluxgemm,2,3.48262,3.37818,3.48262,0.03499,1290,1
ag,5120,10240,8192,gpu,133,c_flux_ag,1,0.58810,0.57827,0.57827,0.04581,1290,1
ag,5120,10240,8192,gpu,133,A_fused,0,3.61882,3.51334,3.61882,0.06906,1290,1
ag,5120,10240,8192,gpu,134,c_cublas,3,3.25018,3.14880,3.25018,0.03634,1260,1
ag,5120,10240,8192,gpu,134,c_fluxgemm,2,3.44576,3.36896,3.44576,0.03327,1260,1
ag,5120,10240,8192,gpu,134,c_flux_ag,0,0.64707,0.63914,0.64707,0.05113,1260,1
ag,5120,10240,8192,gpu,134,A_fused,1,3.61472,3.50720,3.61472,0.06442,1260,1
ag,5120,10240,8192,gpu,135,c_cublas,3,3.25120,3.15085,3.25018,0.03730,1260,1
ag,5120,10240,8192,gpu,135,c_fluxgemm,0,3.44883,3.34234,3.44883,0.03975,1260,1
ag,5120,10240,8192,gpu,135,c_flux_ag,1,0.65123,0.64445,0.64589,0.05586,1260,1
ag,5120,10240,8192,gpu,135,A_fused,2,3.58502,3.46931,3.57376,0.06514,1260,1
ag,5120,10240,8192,gpu,136,c_cublas,2,3.26554,3.18566,3.26554,0.03771,1260,1
ag,5120,10240,8192,gpu,136,c_fluxgemm,0,3.46010,3.33926,3.46010,0.03860,1260,1
ag,5120,10240,8192,gpu,136,c_flux_ag,1,0.64422,0.63866,0.63866,0.13484,1260,1
ag,5120,10240,8192,gpu,136,A_fused,3,3.60448,3.51130,3.60448,0.07211,1260,1
ag,5120,10240,8192,gpu,137,c_cublas,2,3.28806,3.18669,3.28806,0.03655,1260,1
ag,5120,10240,8192,gpu,137,c_fluxgemm,3,3.53894,3.38330,3.53894,0.03664,1260,1
ag,5120,10240,8192,gpu,137,c_flux_ag,1,0.64147,0.63699,0.63741,0.04611,1260,1
ag,5120,10240,8192,gpu,137,A_fused,0,3.59731,3.51744,3.59731,0.07604,1260,1
ag,5120,10240,8192,gpu,138,c_cublas,1,3.34234,3.18669,3.34234,0.03626,1245,1
ag,5120,10240,8192,gpu,138,c_fluxgemm,2,3.54509,3.37920,3.54509,0.04188,1245,1
ag,5120,10240,8192,gpu,138,c_flux_ag,3,0.64522,0.63686,0.63686,0.04865,1245,1
ag,5120,10240,8192,gpu,138,A_fused,0,3.67309,3.51539,3.67309,0.06944,1245,1
ag,5120,10240,8192,gpu,139,c_cublas,0,3.34234,3.18566,3.34234,0.03678,1245,1
ag,5120,10240,8192,gpu,139,c_fluxgemm,2,3.54406,3.38125,3.54406,0.03445,1245,1
ag,5120,10240,8192,gpu,139,c_flux_ag,3,0.63814,0.63638,0.63814,0.04676,1245,1
ag,5120,10240,8192,gpu,139,A_fused,1,3.68333,3.52154,3.68333,0.06915,1245,1
ag,5120,10240,8192,gpu,140,c_cublas,2,3.34438,3.18669,3.34438,0.03910,1245,1
ag,5120,10240,8192,gpu,140,c_fluxgemm,1,3.54406,3.38022,3.54406,0.03509,1245,1
ag,5120,10240,8192,gpu,140,c_flux_ag,3,0.64544,0.63680,0.64000,0.05025,1245,1
ag,5120,10240,8192,gpu,140,A_fused,0,3.67923,3.51949,3.67923,0.06842,1245,1
ag,5120,10240,8192,gpu,141,c_cublas,3,3.34336,3.22253,3.34336,0.04281,1245,1
ag,5120,10240,8192,gpu,141,c_fluxgemm,0,3.54918,3.41811,3.54918,0.03736,1245,1
ag,5120,10240,8192,gpu,141,c_flux_ag,2,0.63389,0.59683,0.63389,0.04516,1245,1
ag,5120,10240,8192,gpu,141,A_fused,1,3.68026,3.54406,3.68026,0.06692,1245,1
ag,5120,10240,8192,gpu,142,c_cublas,0,3.34438,3.22048,3.34438,0.03397,1260,1
ag,5120,10240,8192,gpu,142,c_fluxgemm,1,3.50003,3.40173,3.50003,0.03672,1260,1
ag,5120,10240,8192,gpu,142,c_flux_ag,2,0.65283,0.63738,0.63738,0.05048,1260,1
ag,5120,10240,8192,gpu,142,A_fused,3,3.62803,3.51539,3.62803,0.06640,1260,1
ag,5120,10240,8192,gpu,143,c_cublas,2,3.30240,3.18669,3.30240,0.03629,1260,1
ag,5120,10240,8192,gpu,143,c_fluxgemm,3,3.48979,3.37920,3.48979,0.03678,1260,1
ag,5120,10240,8192,gpu,143,c_flux_ag,0,0.61539,0.58451,0.59936,0.04872,1260,1
ag,5120,10240,8192,gpu,143,A_fused,1,3.63110,3.52051,3.63110,0.06501,1260,1
ag,5120,10240,8192,gpu,144,c_cublas,2,3.25120,3.18566,3.25120,0.03737,1260,1
ag,5120,10240,8192,gpu,144,c_fluxgemm,1,3.44576,3.37818,3.44576,0.03731,1260,1
ag,5120,10240,8192,gpu,144,c_flux_ag,0,0.67558,0.64022,0.67558,0.05639,1260,1
ag,5120,10240,8192,gpu,144,A_fused,3,3.57888,3.51232,3.57888,0.06982,1260,1
ag,5120,10240,8192,gpu,145,c_cublas,3,3.25120,3.21434,3.25120,0.04535,1260,1
ag,5120,10240,8192,gpu,145,c_fluxgemm,1,3.44678,3.38227,3.44678,0.03319,1260,1
ag,5120,10240,8192,gpu,145,c_flux_ag,2,0.59670,0.59187,0.59670,0.04686,1260,1
ag,5120,10240,8192,gpu,145,A_fused,0,3.57581,3.50822,3.57581,0.06731,1260,1
ag,5120,10240,8192,gpu,146,c_cublas,2,3.25018,3.21229,3.25018,0.03607,1260,1
ag,5120,10240,8192,gpu,146,c_fluxgemm,3,3.44678,3.40480,3.44678,0.03659,1260,1
ag,5120,10240,8192,gpu,146,c_flux_ag,1,0.61709,0.60016,0.60016,0.04755,1260,1
ag,5120,10240,8192,gpu,146,A_fused,0,3.57478,3.53280,3.57478,0.07068,1260,1
ag,5120,10240,8192,gpu,147,c_cublas,0,3.24915,3.21331,3.24915,0.03638,1275,1
ag,5120,10240,8192,gpu,147,c_fluxgemm,1,3.44371,3.40275,3.44371,0.04428,1275,1
ag,5120,10240,8192,gpu,147,c_flux_ag,3,0.61059,0.59926,0.59926,0.04720,1275,1
ag,5120,10240,8192,gpu,147,A_fused,2,3.57274,3.53894,3.57274,0.07680,1275,1
ag,5120,10240,8192,gpu,148,c_cublas,0,3.25018,3.22253,3.25018,0.03861,1275,1
ag,5120,10240,8192,gpu,148,c_fluxgemm,3,3.44678,3.41402,3.44678,0.03364,1275,1
ag,5120,10240,8192,gpu,148,c_flux_ag,1,0.59878,0.58410,0.59878,0.05069,1275,1
ag,5120,10240,8192,gpu,148,A_fused,2,3.58400,3.55021,3.58400,0.06554,1275,1
ag,5120,10240,8192,gpu,149,c_cublas,1,3.25222,3.18771,3.25222,0.03703,1275,1
ag,5120,10240,8192,gpu,149,c_fluxgemm,0,3.44678,3.38022,3.44678,0.03448,1275,1
ag,5120,10240,8192,gpu,149,c_flux_ag,2,0.64906,0.63923,0.64906,0.05342,1275,1
ag,5120,10240,8192,gpu,149,A_fused,3,3.57888,3.51027,3.57888,0.06458,1275,1
ag,5120,10240,8192,gpu,150,c_cublas,0,3.25018,3.18566,3.25018,0.03897,1275,1
ag,5120,10240,8192,gpu,150,c_fluxgemm,1,3.44064,3.37920,3.44064,0.03775,1275,1
ag,5120,10240,8192,gpu,150,c_flux_ag,2,0.66365,0.63667,0.66365,0.05022,1275,1
ag,5120,10240,8192,gpu,150,A_fused,3,3.57990,3.51130,3.57990,0.06290,1275,1
ag,5120,10240,8192,gpu,151,c_cublas,1,3.25120,3.18566,3.25120,0.03801,1275,1
ag,5120,10240,8192,gpu,151,c_fluxgemm,2,3.44986,3.37613,3.44986,0.03692,1275,1
ag,5120,10240,8192,gpu,151,c_flux_ag,0,0.58883,0.58086,0.58883,0.05523,1275,1
ag,5120,10240,8192,gpu,151,A_fused,3,3.57786,3.50618,3.57786,0.06599,1275,1
ag,5120,10240,8192,gpu,152,c_cublas,2,3.25018,3.17542,3.25018,0.03730,1275,1
ag,5120,10240,8192,gpu,152,c_fluxgemm,0,3.44371,3.36896,3.44371,0.03576,1275,1
ag,5120,10240,8192,gpu,152,c_flux_ag,1,0.60208,0.59078,0.60150,0.04852,1275,1
ag,5120,10240,8192,gpu,152,A_fused,3,3.57478,3.49594,3.57478,0.06774,1275,1
ag,5120,10240,8192,gpu,153,c_cublas,3,3.25222,3.17542,3.25222,0.03605,1275,1
ag,5120,10240,8192,gpu,153,c_fluxgemm,1,3.44269,3.36486,3.44269,0.03617,1275,1
ag,5120,10240,8192,gpu,153,c_flux_ag,0,0.61638,0.59475,0.60838,0.04886,1275,1
ag,5120,10240,8192,gpu,153,A_fused,2,3.57888,3.51130,3.57478,0.06686,1275,1
ag,5120,10240,8192,gpu,154,c_cublas,0,3.25018,3.17542,3.25018,0.03366,1275,1
ag,5120,10240,8192,gpu,154,c_fluxgemm,2,3.44678,3.36998,3.44678,0.03565,1275,1
ag,5120,10240,8192,gpu,154,c_flux_ag,1,0.64899,0.64006,0.64848,0.05191,1275,1
ag,5120,10240,8192,gpu,154,A_fused,3,3.58502,3.50720,3.58502,0.06799,1275,1
ag,5120,10240,8192,gpu,155,c_cublas,0,3.25018,3.17542,3.25018,0.03856,1275,1
ag,5120,10240,8192,gpu,155,c_fluxgemm,3,3.44883,3.36282,3.44883,0.03332,1275,1
ag,5120,10240,8192,gpu,155,c_flux_ag,1,0.65706,0.64461,0.65706,0.05127,1275,1
ag,5120,10240,8192,gpu,155,A_fused,2,3.58093,3.49798,3.58093,0.06457,1275,1
ag,5120,10240,8192,gpu,156,c_cublas,3,3.27578,3.19693,3.27578,0.03704,1275,1
ag,5120,10240,8192,gpu,156,c_fluxgemm,0,3.44474,3.36282,3.44474,0.03480,1275,1
ag,5120,10240,8192,gpu,156,c_flux_ag,2,0.61446,0.60547,0.60842,0.04686,1275,1
ag,5120,10240,8192,gpu,156,A_fused,1,3.57171,3.49491,3.57171,0.07230,1275,1
ag,5120,10240,8192,gpu,157,c_cublas,1,3.29011,3.21331,3.29011,0.03570,1275,1
ag,5120,10240,8192,gpu,157,c_fluxgemm,0,3.48570,3.39968,3.48570,0.03739,1275,1
ag,5120,10240,8192,gpu,157,c_flux_ag,2,0.65242,0.63821,0.65242,0.05078,1275,1
ag,5120,10240,8192,gpu,157,A_fused,3,3.61165,3.54509,3.61165,0.06488,1275,1
ag,5120,10240,8192,gpu,158,c_cublas,0,3.28806,3.21331,3.28806,0.03701,1275,1
ag,5120,10240,8192,gpu,158,c_fluxgemm,1,3.48160,3.40173,3.48160,0.03650,1275,1
ag,5120,10240,8192,gpu,158,c_flux_ag,3,0.60845,0.59680,0.59680,0.04461,1275,1
ag,5120,10240,8192,gpu,158,A_fused,2,3.61165,3.54099,3.61165,0.06679,1275,1
ag,5120,10240,8192,gpu,159,c_cublas,3,3.28806,3.21331,3.28806,0.03613,1275,1
ag,5120,10240,8192,gpu,159,c_fluxgemm,2,3.48160,3.40173,3.48160,0.03409,1275,1
ag,5120,10240,8192,gpu,159,c_flux_ag,0,0.59786,0.58739,0.59786,0.04705,1275,1
ag,5120,10240,8192,gpu,159,A_fused,1,3.61779,3.54406,3.61779,0.06358,1275,1
ag,5120,10240,8192,gpu,160,c_cublas,2,3.28806,3.21331,3.28806,0.03546,1275,1
ag,5120,10240,8192,gpu,160,c_fluxgemm,3,3.48160,3.40070,3.48160,0.03638,1275,1
ag,5120,10240,8192,gpu,160,c_flux_ag,0,0.64112,0.63610,0.63837,0.05178,1275,1
ag,5120,10240,8192,gpu,160,A_fused,1,3.61677,3.54714,3.61677,0.06438,1275,1
ag,5120,10240,8192,gpu,161,c_cublas,1,3.30240,3.21434,3.30240,0.03588,1275,1
ag,5120,10240,8192,gpu,161,c_fluxgemm,0,3.48160,3.39968,3.48160,0.03303,1275,1
ag,5120,10240,8192,gpu,161,c_flux_ag,2,0.63952,0.63408,0.63952,0.05116,1275,1
ag,5120,10240,8192,gpu,161,A_fused,3,3.65875,3.54304,3.65875,0.06507,1275,1
ag,5120,10240,8192,gpu,162,c_cublas,3,3.33005,3.21229,3.33005,0.03605,1275,1
ag,5120,10240,8192,gpu,162,c_fluxgemm,0,3.52256,3.40173,3.52256,0.03505,1275,1
ag,5120,10240,8192,gpu,162,c_flux_ag,1,0.61091,0.59466,0.59878,0.04899,1275,1
ag,5120,10240,8192,gpu,162,A_fused,2,3.65773,3.54202,3.65773,0.06375,1275,1
ag,5120,10240,8192,gpu,163,c_cublas,2,3.32800,3.21331,3.32800,0.04125,1275,1
ag,5120,10240,8192,gpu,163,c_fluxgemm,1,3.52666,3.40173,3.52666,0.03405,1275,1
ag,5120,10240,8192,gpu,163,c_flux_ag,3,0.64112,0.63315,0.64112,0.05684,1275,1
ag,5120,10240,8192,gpu,163,A_fused,0,3.65261,3.53792,3.65261,0.06954,1275,1
ag,5120,10240,8192,gpu,164,c_cublas,0,3.32902,3.22150,3.32902,0.03626,1245,1
ag,5120,10240,8192,gpu,164,c_fluxgemm,3,3.48774,3.40992,3.48774,0.03432,1245,1
ag,5120,10240,8192,gpu,164,c_flux_ag,1,0.59926,0.59619,0.59635,0.05039,1245,1
ag,5120,10240,8192,gpu,164,A_fused,2,3.65466,3.54304,3.65466,0.06394,1245,1
ag,5120,10240,8192,gpu,165,c_cublas,2,3.28806,3.18566,3.28806,0.03702,1245,1
ag,5120,10240,8192,gpu,165,c_fluxgemm,1,3.48467,3.37818,3.48467,0.03310,1245,1
ag,5120,10240,8192,gpu,165,c_flux_ag,3,0.65302,0.63968,0.65302,0.05127,1245,1
ag,5120,10240,8192,gpu,165,A_fused,0,3.60755,3.50720,3.60755,0.07145,1245,1
ag,5120,10240,8192,gpu,166,c_cublas,1,3.32800,3.18669,3.28806,0.03640,1245,1
ag,5120,10240,8192,gpu,166,c_fluxgemm,3,3.52154,3.38022,3.48467,0.03475,1245,1
ag,5120,10240,8192,gpu,166,c_flux_ag,2,0.60218,0.58528,0.58528,0.05012,1245,1
ag,5120,10240,8192,gpu,166,A_fused,0,3.61267,3.51130,3.61267,0.07124,1245,1
ag,5120,10240,8192,gpu,167,c_cublas,1,3.32800,3.18669,3.28806,0.03678,1245,1
ag,5120,10240,8192,gpu,167,c_fluxgemm,2,3.52051,3.37715,3.48262,0.04227,1245,1
ag,5120,10240,8192,gpu,167,c_flux_ag,3,0.64470,0.63747,0.64470,0.04943,1245,1
ag,5120,10240,8192,gpu,167,A_fused,0,3.65363,3.50310,3.61779,0.06780,1245,1
ag,5120,10240,8192,gpu,168,c_cublas,0,3.33312,3.18669,3.30035,0.03731,1245,1
ag,5120,10240,8192,gpu,168,c_fluxgemm,1,3.53382,3.37715,3.49696,0.03759,1245,1
ag,5120,10240,8192,gpu,168,c_flux_ag,2,0.60742,0.59299,0.60742,0.04950,1245,1
ag,5120,10240,8192,gpu,168,A_fused,3,3.67206,3.51334,3.63622,0.07133,1245,1
ag,5120,10240,8192,gpu,169,c_cublas,2,3.33926,3.17235,3.26349,0.03654,1245,1
ag,5120,10240,8192,gpu,169,c_fluxgemm,1,3.53382,3.38022,3.49286,0.03567,1245,1
ag,5120,10240,8192,gpu,169,c_flux_ag,0,0.64762,0.63837,0.64579,0.04876,1245,1
ag,5120,10240,8192,gpu,169,A_fused,3,3.67206,3.47443,3.59526,0.06907,1245,1
ag,5120,10240,8192,gpu,170,c_cublas,2,3.34234,3.15085,3.26656,0.03646,1245,1
ag,5120,10240,8192,gpu,170,c_fluxgemm,0,3.53280,3.34234,3.46522,0.03635,1245,1
ag,5120,10240,8192,gpu,170,c_flux_ag,1,0.64592,0.63213,0.64592,0.04990,1245,1
ag,5120,10240,8192,gpu,170,A_fused,3,3.65466,3.47750,3.59629,0.06975,1245,1
ag,5120,10240,8192,gpu,171,c_cublas,0,3.30138,3.14778,3.26554,0.03670,1245,1
ag,5120,10240,8192,gpu,171,c_fluxgemm,1,3.49184,3.33926,3.46112,0.03606,1245,1
ag,5120,10240,8192,gpu,171,c_flux_ag,3,0.60682,0.60016,0.60016,0.04544,1245,1
ag,5120,10240,8192,gpu,171,A_fused,2,3.61882,3.47238,3.59629,0.06624,1245,1
ag,5120,10240,8192,gpu,172,c_cublas,2,3.30138,3.14982,3.30138,0.03730,1245,1
ag,5120,10240,8192,gpu,172,c_fluxgemm,0,3.48979,3.34029,3.45907,0.03634,1245,1
ag,5120,10240,8192,gpu,172,c_flux_ag,3,0.64170,0.63370,0.64170,0.05035,1245,1
ag,5120,10240,8192,gpu,172,A_fused,1,3.62189,3.47955,3.60448,0.06665,1245,1
ag,5120,10240,8192,gpu,173,c_cublas,0,3.30342,3.15085,3.30342,0.03697,1245,1
ag,5120,10240,8192,gpu,173,c_fluxgemm,3,3.49798,3.33722,3.49798,0.03451,1245,1
ag,5120,10240,8192,gpu,173,c_flux_ag,2,0.61088,0.59808,0.59808,0.04596,1245,1
ag,5120,10240,8192,gpu,173,A_fused,1,3.63520,3.47443,3.63520,0.06887,1245,1
ag,5120,10240,8192,gpu,174,c_cublas,1,3.26349,3.14778,3.26349,0.03746,1245,1
ag,5120,10240,8192,gpu,174,c_fluxgemm,0,3.47341,3.33926,3.47341,0.03319,1245,1
ag,5120,10240,8192,gpu,174,c_flux_ag,2,0.63818,0.62957,0.63459,0.05024,1245,1
ag,5120,10240,8192,gpu,174,A_fused,3,3.59424,3.47648,3.59424,0.06304,1245,1
ag,5120,10240,8192,gpu,175,c_cublas,3,3.25222,3.14778,3.25222,0.05233,1260,1
ag,5120,10240,8192,gpu,175,c_fluxgemm,2,3.46419,3.33722,3.46419,0.03812,1260,1
ag,5120,10240,8192,gpu,175,c_flux_ag,0,0.61168,0.58333,0.59946,0.06950,1260,1
ag,5120,10240,8192,gpu,175,A_fused,1,3.60346,3.47034,3.60346,0.07239,1260,1
ag,5120,10240,8192,gpu,176,c_cublas,1,3.25120,3.18771,3.25120,0.03520,1260,1
ag,5120,10240,8192,gpu,176,c_fluxgemm,3,3.44474,3.38227,3.44474,0.04193,1260,1
ag,5120,10240,8192,gpu,176,c_flux_ag,2,0.59395,0.58294,0.59395,0.05196,1260,1
ag,5120,10240,8192,gpu,176,A_fused,0,3.57171,3.50720,3.57171,0.07139,1260,1
ag,5120,10240,8192,gpu,177,c_cublas,2,3.28909,3.18669,3.28909,0.03721,1275,1
ag,5120,10240,8192,gpu,177,c_fluxgemm,1,3.44781,3.37920,3.44781,0.03494,1275,1
ag,5120,10240,8192,gpu,177,c_flux_ag,0,0.65030,0.63875,0.63920,0.05048,1275,1
ag,5120,10240,8192,gpu,177,A_fused,3,3.61882,3.51027,3.61882,0.06982,1275,1
ag,5120,10240,8192,gpu,178,c_cublas,3,3.28909,3.18771,3.28909,0.03771,1275,1
ag,5120,10240,8192,gpu,178,c_fluxgemm,2,3.48774,3.37715,3.48774,0.03919,1275,1
ag,5120,10240,8192,gpu,178,c_flux_ag,0,0.64134,0.63725,0.63968,0.04829,1275,1
ag,5120,10240,8192,gpu,178,A_fused,1,3.61984,3.51539,3.61984,0.06560,1275,1
ag,5120,10240,8192,gpu,179,c_cublas,1,3.28909,3.18771,3.28909,0.03624,1275,1
ag,5120,10240,8192,gpu,179,c_fluxgemm,0,3.48058,3.37818,3.48058,0.03749,1275,1
ag,5120,10240,8192,gpu,179,c_flux_ag,2,0.65427,0.63667,0.65427,0.05242,1275,1
ag,5120,10240,8192,gpu,179,A_fused,3,3.62086,3.51334,3.62086,0.06559,1275,1
ag,5120,10240,8192,gpu,180,c_cublas,3,3.28806,3.18771,3.28806,0.03914,1275,1
ag,5120,10240,8192,gpu,180,c_fluxgemm,0,3.48262,3.37510,3.48262,0.03769,1275,1
ag,5120,10240,8192,gpu,180,c_flux_ag,2,0.64432,0.63536,0.64323,0.04594,1275,1
ag,5120,10240,8192,gpu,180,A_fused,1,3.61779,3.51334,3.61779,0.06858,1275,1
ag,5120,10240,8192,gpu,181,c_cublas,3,3.28909,3.18771,3.28909,0.03695,1260,1
ag,5120,10240,8192,gpu,181,c_fluxgemm,1,3.48365,3.37818,3.48365,0.03554,1260,1
ag,5120,10240,8192,gpu,181,c_flux_ag,2,0.65053,0.63802,0.65053,0.04813,1260,1
ag,5120,10240,8192,gpu,181,A_fused,0,3.62189,3.51437,3.62189,0.07384,1260,1
ag,5120,10240,8192,gpu,182,c_cublas,3,3.25018,3.18566,3.25018,0.04341,1260,1
ag,5120,10240,8192,gpu,182,c_fluxgemm,1,3.44678,3.37510,3.44678,0.03310,1260,1
ag,5120,10240,8192,gpu,182,c_flux_ag,2,0.64387,0.63485,0.64387,0.05362,1260,1
ag,5120,10240,8192,gpu,182,A_fused,0,3.58810,3.51744,3.58810,0.07232,1260,1
ag,5120,10240,8192,gpu,183,c_cublas,2,3.25018,3.18771,3.25018,0.25403,1260,1
ag,5120,10240,8192,gpu,183,c_fluxgemm,3,3.45907,3.38125,3.45907,0.04559,1260,1
ag,5120,10240,8192,gpu,183,c_flux_ag,0,0.60240,0.58650,0.59690,0.05042,1260,1
ag,5120,10240,8192,gpu,183,A_fused,1,3.57888,3.50925,3.57888,0.06568,1260,1
ag,5120,10240,8192,gpu,184,c_cublas,1,3.26554,3.18771,3.26554,0.03655,1260,1
ag,5120,10240,8192,gpu,184,c_fluxgemm,0,3.46214,3.37920,3.46214,0.03361,1260,1
ag,5120,10240,8192,gpu,184,c_flux_ag,2,0.66118,0.63981,0.65011,0.05320,1260,1
ag,5120,10240,8192,gpu,184,A_fused,3,3.60141,3.51437,3.60141,0.06477,1260,1
ag,5120,10240,8192,gpu,185,c_cublas,0,3.26554,3.18874,3.26554,0.03734,1260,1
ag,5120,10240,8192,gpu,185,c_fluxgemm,3,3.46726,3.38022,3.46726,0.03563,1260,1
ag,5120,10240,8192,gpu,185,c_flux_ag,2,0.63728,0.63158,0.63158,0.04646,1260,1
ag,5120,10240,8192,gpu,185,A_fused,1,3.59834,3.51130,3.59834,0.06868,1260,1
ag,5120,10240,8192,gpu,186,c_cublas,2,3.26451,3.18669,3.26451,0.03824,1275,1
ag,5120,10240,8192,gpu,186,c_fluxgemm,3,3.46010,3.37818,3.46010,0.03612,1275,1
ag,5120,10240,8192,gpu,186,c_flux_ag,1,0.62371,0.59395,0.59482,0.04625,1275,1
ag,5120,10240,8192,gpu,186,A_fused,0,3.60346,3.52051,3.60346,0.06893,1275,1
ag,5120,10240,8192,gpu,187,c_cublas,1,3.26451,3.14880,3.26451,0.03638,1275,1
ag,5120,10240,8192,gpu,187,c_fluxgemm,0,3.46010,3.34336,3.46010,0.03579,1275,1
ag,5120,10240,8192,gpu,187,c_flux_ag,3,0.60883,0.59382,0.59382,0.04807,1275,1
ag,5120,10240,8192,gpu,187,A_fused,2,3.59629,3.47750,3.59629,0.07494,1275,1
ag,5120,10240,8192,gpu,188,c_cublas,3,3.25120,3.14778,3.22355,0.03754,1275,1
ag,5120,10240,8192,gpu,188,c_fluxgemm,1,3.46317,3.34029,3.46317,0.03596,1275,1
ag,5120,10240,8192,gpu,188,c_flux_ag,0,0.61434,0.59571,0.61434,0.04689,1275,1
ag,5120,10240,8192,gpu,188,A_fused,2,3.57990,3.47341,3.57990,0.06589,1275,1
ag,5120,10240,8192,gpu,189,c_cublas,3,3.22662,3.14880,3.22662,0.03674,1275,1
ag,5120,10240,8192,gpu,189,c_fluxgemm,2,3.42426,3.34029,3.42426,0.03361,1275,1
ag,5120,10240,8192,gpu,189,c_flux_ag,0,0.63856,0.63091,0.63091,0.05092,1275,1
ag,5120,10240,8192,gpu,189,A_fused,1,3.58093,3.47341,3.56045,0.07056,1275,1
ag,5120,10240,8192,gpu,190,c_cublas,3,3.30035,3.18669,3.30035,0.03705,1260,1
ag,5120,10240,8192,gpu,190,c_fluxgemm,1,3.49696,3.36077,3.49696,0.03569,1260,1
ag,5120,10240,8192,gpu,190,c_flux_ag,0,0.65322,0.63718,0.64186,0.05221,1260,1
ag,5120,10240,8192,gpu,190,A_fused,2,3.62701,3.51334,3.62701,0.06473,1260,1
ag,5120,10240,8192,gpu,191,c_cublas,2,3.30138,3.18669,3.30138,0.03611,1260,1
ag,5120,10240,8192,gpu,191,c_fluxgemm,3,3.53792,3.38125,3.48262,0.03643,1260,1
ag,5120,10240,8192,gpu,191,c_flux_ag,1,0.60922,0.59635,0.59635,0.04587,1260,1
ag,5120,10240,8192,gpu,191,A_fused,0,3.62701,3.50925,3.62701,0.07281,1260,1
ag,5120,10240,8192,gpu,192,c_cublas,1,3.33926,3.18669,3.28806,0.04401,1260,1
ag,5120,10240,8192,gpu,192,c_fluxgemm,2,3.53280,3.38330,3.48365,0.03776,1260,1
ag,5120,10240,8192,gpu,192,c_flux_ag,3,0.64310,0.63648,0.64310,0.04985,1260,1
ag,5120,10240,8192,gpu,192,A_fused,0,3.67002,3.50310,3.64442,0.06963,1260,1
ag,5120,10240,8192,gpu,193,c_cublas,2,3.38330,3.14778,3.32902,0.04335,1260,1
ag,5120,10240,8192,gpu,193,c_fluxgemm,1,3.55942,3.37920,3.49696,0.03478,1260,1
ag,5120,10240,8192,gpu,193,c_flux_ag,0,0.61027,0.60723,0.61027,0.04740,1260,1
ag,5120,10240,8192,gpu,193,A_fused,3,3.71507,3.47341,3.66387,0.06800,1260,1
ag,5120,10240,8192,gpu,194,c_cublas,1,3.38330,3.14778,3.32902,0.03570,1230,1
ag,5120,10240,8192,gpu,194,c_fluxgemm,2,3.55942,3.34029,3.52256,0.03641,1230,1
ag,5120,10240,8192,gpu,194,c_flux_ag,3,0.64509,0.63606,0.64509,0.05743,1230,1
ag,5120,10240,8192,gpu,194,A_fused,0,3.71302,3.47136,3.65158,0.06657,1230,1
ag,5120,10240,8192,gpu,195,c_cublas,3,3.34029,3.18566,3.32800,0.03815,1230,1
ag,5120,10240,8192,gpu,195,c_fluxgemm,1,3.53587,3.37715,3.52256,0.03398,1230,1
ag,5120,10240,8192,gpu,195,c_flux_ag,2,0.58640,0.58067,0.58640,0.05014,1230,1
ag,5120,10240,8192,gpu,195,A_fused,0,3.67309,3.50618,3.65978,0.06721,1230,1
ag,5120,10240,8192,gpu,196,c_cublas,3,3.29933,3.15085,3.28909,0.04307,1230,1
ag,5120,10240,8192,gpu,196,c_fluxgemm,2,3.48979,3.36794,3.48467,0.03483,1230,1
ag,5120,10240,8192,gpu,196,c_flux_ag,0,0.64474,0.63437,0.64474,0.05085,1230,1
ag,5120,10240,8192,gpu,196,A_fused,1,3.65875,3.51130,3.65363,0.06518,1230,1
ag,5120,10240,8192,gpu,197,c_cublas,3,3.29011,3.14982,3.28909,0.03613,1230,1
ag,5120,10240,8192,gpu,197,c_fluxgemm,1,3.48979,3.33926,3.48262,0.03591,1230,1
ag,5120,10240,8192,gpu,197,c_flux_ag,0,0.63926,0.63360,0.63926,0.05145,1230,1
ag,5120,10240,8192,gpu,197,A_fused,2,3.62598,3.47443,3.62086,0.06493,1230,1
ag,5120,10240,8192,gpu,198,c_cublas,2,3.32902,3.18669,3.32902,0.03580,1230,1
ag,5120,10240,8192,gpu,198,c_fluxgemm,0,3.52870,3.36589,3.52870,0.03716,1230,1
ag,5120,10240,8192,gpu,198,c_flux_ag,3,0.60490,0.59453,0.59453,0.05012,1230,1
ag,5120,10240,8192,gpu,198,A_fused,1,3.65158,3.50618,3.65158,0.06726,1230,1
ag,5120,10240,8192,gpu,199,c_cublas,3,3.32902,3.18669,3.32902,0.03823,1245,1
ag,5120,10240,8192,gpu,199,c_fluxgemm,0,3.52358,3.38125,3.52358,0.03879,1245,1
ag,5120,10240,8192,gpu,199,c_flux_ag,2,0.60800,0.60038,0.60038,0.04628,1245,1
ag,5120,10240,8192,gpu,199,A_fused,1,3.65158,3.50822,3.65158,0.06746,1245,1
ag,5120,10240,8192,steady,0,c_cublas,1,3.49357,3.40666,3.49357,0.01790,1200,1
ag,5120,10240,8192,steady,0,c_fluxgemm,3,3.50816,3.47686,3.48557,0.01951,1200,1
ag,5120,10240,8192,steady,0,c_flux_ag,2,0.59738,0.59683,0.59738,0.03880,1200,1
ag,5120,10240,8192,steady,0,A_fused,0,3.71379,3.67181,3.71379,0.05287,1200,1
ag,5120,10240,8192,steady,1,c_cublas,2,3.45747,3.34688,3.45747,0.01719,1185,1
ag,5120,10240,8192,steady,1,c_fluxgemm,3,3.61139,3.49933,3.61139,0.01855,1185,1
ag,5120,10240,8192,steady,1,c_flux_ag,0,0.60800,0.60556,0.60800,0.04034,1185,1
ag,5120,10240,8192,steady,1,A_fused,1,3.77446,3.76499,3.77446,0.04771,1185,1
ag,5120,10240,8192,steady,2,c_cublas,2,3.36512,3.21875,3.36512,0.01809,1185,1
ag,5120,10240,8192,steady,2,c_fluxgemm,0,3.68973,3.56307,3.68973,0.02092,1185,1
ag,5120,10240,8192,steady,2,c_flux_ag,1,0.60582,0.60507,0.60582,0.03973,1185,1
ag,5120,10240,8192,steady,2,A_fused,3,3.74150,3.73632,3.74150,0.04651,1185,1
ag,5120,10240,8192,steady,3,c_cublas,3,3.49018,3.39379,3.49018,0.01679,1185,1
ag,5120,10240,8192,steady,3,c_fluxgemm,1,3.57997,3.47130,3.57997,0.01955,1185,1
ag,5120,10240,8192,steady,3,c_flux_ag,0,0.61189,0.60943,0.60943,0.03799,1185,1
ag,5120,10240,8192,steady,3,A_fused,2,3.82758,3.81990,3.82758,0.04601,1185,1
ag,5120,10240,8192,steady,4,c_cublas,2,3.43072,3.34086,3.43072,0.01687,1200,1
ag,5120,10240,8192,steady,4,c_fluxgemm,1,3.52538,3.41702,3.52538,0.01991,1200,1
ag,5120,10240,8192,steady,4,c_flux_ag,0,0.60035,0.59790,0.59790,0.03984,1200,1
ag,5120,10240,8192,steady,4,A_fused,3,3.76064,3.75571,3.76064,0.04601,1200,1
ag,5120,10240,8192,steady,5,c_cublas,2,3.36378,3.20166,3.36378,0.01814,1185,1
ag,5120,10240,8192,steady,5,c_fluxgemm,0,3.68909,3.61030,3.68909,0.02107,1185,1
ag,5120,10240,8192,steady,5,c_flux_ag,1,0.60945,0.60823,0.60875,0.04007,1185,1
ag,5120,10240,8192,steady,5,A_fused,3,3.75520,3.74899,3.75520,0.04588,1185,1
ag,5120,10240,8192,steady,6,c_cublas,3,3.31066,3.19693,3.31066,0.01693,1170,1
ag,5120,10240,8192,steady,6,c_fluxgemm,1,3.75443,3.60922,3.75443,0.01874,1170,1
ag,5120,10240,8192,steady,6,c_flux_ag,2,0.62286,0.61998,0.62286,0.03802,1170,1
ag,5120,10240,8192,steady,6,A_fused,0,3.87283,3.86682,3.87283,0.04778,1170,1
ag,5120,10240,8192,steady,7,c_cublas,2,3.40397,3.27923,3.27923,0.01631,1170,1
ag,5120,10240,8192,steady,7,c_fluxgemm,3,3.59750,3.50746,3.59750,0.01910,1170,1
ag,5120,10240,8192,steady,7,c_flux_ag,1,0.61810,0.61702,0.61803,0.03719,1170,1
ag,5120,10240,8192,steady,7,A_fused,0,3.76256,3.75398,3.75866,0.04780,1170,1
ag,5120,10240,8192,steady,8,c_cublas,2,3.41357,3.36634,3.41357,0.02032,1185,1
ag,5120,10240,8192,steady,8,c_fluxgemm,1,3.57043,3.48422,3.50426,0.02003,1185,1
ag,5120,10240,8192,steady,8,c_flux_ag,0,0.60941,0.60706,0.60706,0.03980,1185,1
ag,5120,10240,8192,steady,8,A_fused,3,3.79571,3.78688,3.79571,0.04637,1185,1
ag,5120,10240,8192,steady,9,c_cublas,0,3.50694,3.39046,3.50694,0.01820,1185,1
ag,5120,10240,8192,steady,9,c_fluxgemm,1,3.63002,3.50323,3.63002,0.02007,1185,1
ag,5120,10240,8192,steady,9,c_flux_ag,2,0.61017,0.60948,0.60983,0.03804,1185,1
ag,5120,10240,8192,steady,9,A_fused,3,3.72749,3.71757,3.72749,0.04565,1185,1
ag,5120,10240,8192,steady,10,c_cublas,3,3.29485,3.26957,3.29485,0.01688,1170,1
ag,5120,10240,8192,steady,10,c_fluxgemm,1,3.72934,3.60915,3.72934,0.01855,1170,1
ag,5120,10240,8192,steady,10,c_flux_ag,2,0.61137,0.61016,0.61137,0.03737,1170,1
ag,5120,10240,8192,steady,10,A_fused,0,3.86342,3.85773,3.86342,0.04822,1170,1
ag,5120,10240,8192,steady,11,c_cublas,3,3.47514,3.37203,3.47514,0.01658,1185,1
ag,5120,10240,8192,steady,11,c_fluxgemm,1,3.50771,3.42579,3.50771,0.02029,1185,1
ag,5120,10240,8192,steady,11,c_flux_ag,0,0.59894,0.59645,0.59645,0.04063,1185,1
ag,5120,10240,8192,steady,11,A_fused,2,3.82547,3.81978,3.82547,0.04654,1185,1
ag,5120,10240,8192,steady,12,c_cublas,0,3.38176,3.29914,3.38176,0.01665,1170,1
ag,5120,10240,8192,steady,12,c_fluxgemm,2,3.51136,3.43584,3.45440,0.02108,1170,1
ag,5120,10240,8192,steady,12,c_flux_ag,1,0.60123,0.60106,0.60116,0.03918,1170,1
ag,5120,10240,8192,steady,12,A_fused,3,3.82150,3.81350,3.82150,0.04643,1170,1
ag,5120,10240,8192,steady,13,c_cublas,1,3.35270,3.25382,3.35270,0.01752,1185,1
ag,5120,10240,8192,steady,13,c_fluxgemm,2,3.61478,3.50170,3.61478,0.02163,1185,1
ag,5120,10240,8192,steady,13,c_flux_ag,0,0.61777,0.61217,0.61706,0.04176,1185,1
ag,5120,10240,8192,steady,13,A_fused,3,3.81805,3.81357,3.81805,0.04648,1185,1
ag,5120,10240,8192,steady,14,c_cublas,0,3.47744,3.38266,3.47744,0.01710,1200,1
ag,5120,10240,8192,steady,14,c_fluxgemm,1,3.64422,3.54931,3.64422,0.01950,1200,1
ag,5120,10240,8192,steady,14,c_flux_ag,2,0.61013,0.60904,0.61013,0.03792,1200,1
ag,5120,10240,8192,steady,14,A_fused,3,3.71610,3.71136,3.71302,0.04514,1200,1
ag,5120,10240,8192,steady,15,c_cublas,3,3.35130,3.23763,3.35130,0.01697,1170,1
ag,5120,10240,8192,steady,15,c_fluxgemm,0,3.69094,3.60986,3.68589,0.01988,1170,1
ag,5120,10240,8192,steady,15,c_flux_ag,2,0.61564,0.61434,0.61473,0.03752,1170,1
ag,5120,10240,8192,steady,15,A_fused,1,3.82419,3.81747,3.82400,0.04657,1170,1
ag,5120,10240,8192,steady,16,c_cublas,2,3.36493,3.23245,3.36493,0.01669,1185,1
ag,5120,10240,8192,steady,16,c_fluxgemm,0,3.60160,3.52019,3.60160,0.02089,1185,1
ag,5120,10240,8192,steady,16,c_flux_ag,1,0.61118,0.60863,0.60956,0.03949,1185,1
ag,5120,10240,8192,steady,16,A_fused,3,3.75482,3.74611,3.75482,0.04634,1185,1
ag,5120,10240,8192,steady,17,c_cublas,2,3.42394,3.22733,3.42394,0.01720,1155,1
ag,5120,10240,8192,steady,17,c_fluxgemm,3,3.59859,3.46330,3.59859,0.01895,1155,1
ag,5120,10240,8192,steady,17,c_flux_ag,1,0.62251,0.62125,0.62251,0.03704,1155,1
ag,5120,10240,8192,steady,17,A_fused,0,3.90758,3.89837,3.90758,0.04748,1155,1
ag,5120,10240,8192,steady,18,c_cublas,3,3.44134,3.36646,3.44134,0.01689,1185,1
ag,5120,10240,8192,steady,18,c_fluxgemm,2,3.70778,3.58771,3.70778,0.01882,1185,1
ag,5120,10240,8192,steady,18,c_flux_ag,0,0.61372,0.61121,0.61121,0.03965,1185,1
ag,5120,10240,8192,steady,18,A_fused,1,3.78534,3.77370,3.78534,0.04691,1185,1
ag,5120,10240,8192,steady,19,c_cublas,0,3.37094,3.26643,3.36819,0.01606,1185,1
ag,5120,10240,8192,steady,19,c_fluxgemm,2,3.54445,3.41626,3.54445,0.01924,1185,1
ag,5120,10240,8192,steady,19,c_flux_ag,1,0.59721,0.59670,0.59700,0.03983,1185,1
ag,5120,10240,8192,steady,19,A_fused,3,3.80723,3.79974,3.80723,0.04635,1185,1
ag,5120,10240,8192,steady,20,c_cublas,0,3.50285,3.39411,3.50285,0.02021,1185,1
ag,5120,10240,8192,steady,20,c_fluxgemm,1,3.64115,3.51456,3.64115,0.01981,1185,1
ag,5120,10240,8192,steady,20,c_flux_ag,3,0.60494,0.60342,0.60494,0.03699,1185,1
ag,5120,10240,8192,steady,20,A_fused,2,3.81370,3.80819,3.81370,0.04723,1185,1
ag,5120,10240,8192,steady,21,c_cublas,3,3.33696,3.32282,3.33696,0.01736,1200,1
ag,5120,10240,8192,steady,21,c_fluxgemm,0,3.62797,3.48531,3.62797,0.02037,1200,1
ag,5120,10240,8192,steady,21,c_flux_ag,2,0.61430,0.61341,0.61413,0.03767,1200,1
ag,5120,10240,8192,steady,21,A_fused,1,3.81056,3.80243,3.81056,0.04709,1200,1
ag,5120,10240,8192,steady,22,c_cublas,1,3.25702,3.20550,3.23443,0.01707,1185,1
ag,5120,10240,8192,steady,22,c_fluxgemm,2,3.59853,3.53523,3.59853,0.02030,1185,1
ag,5120,10240,8192,steady,22,c_flux_ag,0,0.59829,0.59519,0.59519,0.04040,1185,1
ag,5120,10240,8192,steady,22,A_fused,3,3.87238,3.86093,3.87238,0.04590,1185,1
ag,5120,10240,8192,steady,23,c_cublas,2,3.32870,3.24941,3.27360,0.01674,1155,1
ag,5120,10240,8192,steady,23,c_fluxgemm,3,3.60813,3.48922,3.58944,0.01888,1155,1
ag,5120,10240,8192,steady,23,c_flux_ag,1,0.61811,0.61555,0.61661,0.03740,1155,1
ag,5120,10240,8192,steady,23,A_fused,0,3.89626,3.88845,3.89357,0.04793,1155,1
ag,5120,10240,8192,steady,24,c_cublas,3,3.44160,3.36762,3.44160,0.01679,1170,1
ag,5120,10240,8192,steady,24,c_fluxgemm,2,3.54643,3.47872,3.52934,0.01915,1170,1
ag,5120,10240,8192,steady,24,c_flux_ag,1,0.61789,0.61712,0.61780,0.03725,1170,1
ag,5120,10240,8192,steady,24,A_fused,0,3.85440,3.84704,3.85440,0.04909,1170,1
ag,5120,10240,8192,steady,25,c_cublas,0,3.39194,3.30752,3.39194,0.01674,1185,1
ag,5120,10240,8192,steady,25,c_fluxgemm,1,3.61190,3.51770,3.61190,0.02070,1185,1
ag,5120,10240,8192,steady,25,c_flux_ag,2,0.60706,0.60598,0.60706,0.03870,1185,1
ag,5120,10240,8192,steady,25,A_fused,3,3.74330,3.73523,3.74330,0.04627,1185,1
ag,5120,10240,8192,steady,26,c_cublas,2,3.32218,3.24070,3.32218,0.01719,1185,1
ag,5120,10240,8192,steady,26,c_fluxgemm,0,3.68966,3.60083,3.68966,0.02000,1185,1
ag,5120,10240,8192,steady,26,c_flux_ag,1,0.60471,0.60363,0.60471,0.03907,1185,1
ag,5120,10240,8192,steady,26,A_fused,3,3.76525,3.75923,3.76525,0.04574,1185,1
ag,5120,10240,8192,steady,27,c_cublas,1,3.31181,3.22317,3.31181,0.01745,1185,1
ag,5120,10240,8192,steady,27,c_fluxgemm,3,3.68653,3.64013,3.68640,0.01902,1185,1
ag,5120,10240,8192,steady,27,c_flux_ag,0,0.62447,0.62154,0.62154,0.03873,1185,1
ag,5120,10240,8192,steady,27,A_fused,2,3.74624,3.74240,3.74528,0.04632,1185,1
ag,5120,10240,8192,steady,28,c_cublas,1,3.33094,3.23341,3.33094,0.01807,1185,1
ag,5120,10240,8192,steady,28,c_fluxgemm,2,3.60685,3.51770,3.60685,0.01996,1185,1
ag,5120,10240,8192,steady,28,c_flux_ag,0,0.61582,0.61298,0.61394,0.04022,1185,1
ag,5120,10240,8192,steady,28,A_fused,3,3.83392,3.82554,3.83392,0.04547,1185,1
ag,5120,10240,8192,steady,29,c_cublas,3,3.47411,3.38925,3.47411,0.01725,1170,1
ag,5120,10240,8192,steady,29,c_fluxgemm,0,3.73869,3.59750,3.73869,0.02014,1170,1
ag,5120,10240,8192,steady,29,c_flux_ag,1,0.61241,0.61076,0.61102,0.03776,1170,1
ag,5120,10240,8192,steady,29,A_fused,2,3.70886,3.70240,3.70886,0.04512,1170,1
ag,5120,10240,8192,steady,30,c_cublas,1,3.22426,3.16122,3.21958,0.01695,1185,1
ag,5120,10240,8192,steady,30,c_fluxgemm,2,3.59469,3.50938,3.59469,0.01969,1185,1
ag,5120,10240,8192,steady,30,c_flux_ag,0,0.60967,0.60677,0.60677,0.03961,1185,1
ag,5120,10240,8192,steady,30,A_fused,3,3.82893,3.82170,3.82893,0.04737,1185,1
ag,5120,10240,8192,steady,31,c_cublas,2,3.46278,3.33837,3.46278,0.01770,1185,1
ag,5120,10240,8192,steady,31,c_fluxgemm,1,3.55072,3.47846,3.55072,0.01904,1185,1
ag,5120,10240,8192,steady,31,c_flux_ag,0,0.62090,0.61435,0.62090,0.03882,1185,1
ag,5120,10240,8192,steady,31,A_fused,3,3.79488,3.78342,3.79488,0.04548,1185,1
ag,5120,10240,8192,steady,32,c_cublas,3,3.49984,3.37139,3.49984,0.01718,1170,1
ag,5120,10240,8192,steady,32,c_fluxgemm,0,3.76627,3.60762,3.76627,0.02009,1170,1
ag,5120,10240,8192,steady,32,c_flux_ag,1,0.61558,0.61456,0.61558,0.03774,1170,1
ag,5120,10240,8192,steady,32,A_fused,2,3.70118,3.69350,3.70118,0.04516,1170,1
ag,5120,10240,8192,steady,33,c_cublas,2,3.50701,3.37638,3.50701,0.01583,1185,1
ag,5120,10240,8192,steady,33,c_fluxgemm,3,3.65658,3.53024,3.65658,0.01950,1185,1
ag,5120,10240,8192,steady,33,c_flux_ag,0,0.60727,0.60414,0.60414,0.03975,1185,1
ag,5120,10240,8192,steady,33,A_fused,1,3.69216,3.68525,3.69216,0.04715,1185,1
ag,5120,10240,8192,steady,34,c_cublas,2,3.52038,3.39744,3.52038,0.01658,1185,1
ag,5120,10240,8192,steady,34,c_fluxgemm,0,3.70022,3.52410,3.70022,0.02007,1185,1
ag,5120,10240,8192,steady,34,c_flux_ag,3,0.60286,0.60216,0.60286,0.03820,1185,1
ag,5120,10240,8192,steady,34,A_fused,1,3.82221,3.81677,3.82221,0.04739,1185,1
ag,5120,10240,8192,steady,35,c_cublas,3,3.45485,3.38234,3.45485,0.01663,1185,1
ag,5120,10240,8192,steady,35,c_fluxgemm,2,3.68672,3.63232,3.68672,0.01851,1185,1
ag,5120,10240,8192,steady,35,c_flux_ag,0,0.58832,0.58723,0.58811,0.03843,1185,1
ag,5120,10240,8192,steady,35,A_fused,1,3.59117,3.58285,3.59117,0.04785,1185,1
ag,5120,10240,8192,steady,36,c_cublas,1,3.46656,3.36294,3.46656,0.01761,1185,1
ag,5120,10240,8192,steady,36,c_fluxgemm,0,3.61088,3.53037,3.61088,0.02078,1185,1
ag,5120,10240,8192,steady,36,c_flux_ag,3,0.60849,0.60765,0.60849,0.03757,1185,1
ag,5120,10240,8192,steady,36,A_fused,2,3.78810,3.78208,3.78746,0.04731,1185,1
ag,5120,10240,8192,steady,37,c_cublas,0,3.32845,3.22592,3.30259,0.01764,1185,1
ag,5120,10240,8192,steady,37,c_fluxgemm,1,3.57178,3.52403,3.57178,0.02042,1185,1
ag,5120,10240,8192,steady,37,c_flux_ag,2,0.60574,0.60432,0.60574,0.03755,1185,1
ag,5120,10240,8192,steady,37,A_fused,3,3.71904,3.71283,3.71904,0.04509,1185,1
ag,5120,10240,8192,steady,38,c_cublas,1,3.51757,3.40326,3.51757,0.01675,1170,1
ag,5120,10240,8192,steady,38,c_fluxgemm,3,3.57728,3.42246,3.57728,0.01863,1170,1
ag,5120,10240,8192,steady,38,c_flux_ag,2,0.59894,0.59864,0.59894,0.03763,1170,1
ag,5120,10240,8192,steady,38,A_fused,0,3.87603,3.86688,3.87603,0.04779,1170,1
ag,5120,10240,8192,steady,39,c_cublas,1,3.33805,3.18368,3.33805,0.01820,1170,1
ag,5120,10240,8192,steady,39,c_fluxgemm,3,3.74451,3.60646,3.74451,0.01879,1170,1
ag,5120,10240,8192,steady,39,c_flux_ag,0,0.61041,0.60357,0.60357,0.04039,1170,1
ag,5120,10240,8192,steady,39,A_fused,2,3.74810,3.74304,3.74810,0.04751,1170,1
ag,5120,10240,8192,steady,40,c_cublas,2,3.46483,3.35290,3.46483,0.01774,1170,1
ag,5120,10240,8192,steady,40,c_fluxgemm,1,3.73050,3.56960,3.73050,0.01789,1170,1
ag,5120,10240,8192,steady,40,c_flux_ag,3,0.60033,0.59988,0.60031,0.03779,1170,1
ag,5120,10240,8192,steady,40,A_fused,0,3.85952,3.85152,3.85920,0.04872,1170,1
ag,5120,10240,8192,steady,41,c_cublas,0,3.29510,3.18662,3.29510,0.01762,1170,1
ag,5120,10240,8192,steady,41,c_fluxgemm,2,3.74746,3.59699,3.74746,0.01858,1170,1
ag,5120,10240,8192,steady,41,c_flux_ag,3,0.61525,0.61287,0.61525,0.03767,1170,1
ag,5120,10240,8192,steady,41,A_fused,1,3.79110,3.78214,3.79110,0.04831,1170,1
ag,5120,10240,8192,steady,42,c_cublas,2,3.42784,3.33376,3.42784,0.01723,1200,1
ag,5120,10240,8192,steady,42,c_fluxgemm,1,3.51072,3.40294,3.51072,0.01950,1200,1
ag,5120,10240,8192,steady,42,c_flux_ag,0,0.61190,0.60856,0.61190,0.03842,1200,1
ag,5120,10240,8192,steady,42,A_fused,3,3.77094,3.76461,3.77094,0.04620,1200,1
ag,5120,10240,8192,steady,43,c_cublas,1,3.46010,3.34432,3.46010,0.01689,1185,1
ag,5120,10240,8192,steady,43,c_fluxgemm,0,3.71322,3.61312,3.71322,0.01989,1185,1
ag,5120,10240,8192,steady,43,c_flux_ag,3,0.60999,0.60834,0.60999,0.03721,1185,1
ag,5120,10240,8192,steady,43,A_fused,2,3.77843,3.77133,3.77843,0.04615,1185,1
ag,5120,10240,8192,steady,44,c_cublas,1,3.43130,3.33869,3.43130,0.01712,1185,1
ag,5120,10240,8192,steady,44,c_fluxgemm,0,3.59219,3.48390,3.59219,0.02063,1185,1
ag,5120,10240,8192,steady,44,c_flux_ag,3,0.60892,0.60770,0.60892,0.03685,1185,1
ag,5120,10240,8192,steady,44,A_fused,2,3.76474,3.75949,3.76416,0.04684,1185,1
ag,5120,10240,8192,steady,45,c_cublas,0,3.33830,3.22394,3.33101,0.01779,1185,1
ag,5120,10240,8192,steady,45,c_fluxgemm,2,3.68755,3.60998,3.68755,0.01897,1185,1
ag,5120,10240,8192,steady,45,c_flux_ag,3,0.60799,0.60622,0.60715,0.03702,1185,1
ag,5120,10240,8192,steady,45,A_fused,1,3.77645,3.77037,3.77645,0.04741,1185,1
ag,5120,10240,8192,steady,46,c_cublas,0,3.31232,3.23219,3.31232,0.01788,1200,1
ag,5120,10240,8192,steady,46,c_fluxgemm,1,3.63187,3.49664,3.63187,0.01976,1200,1
ag,5120,10240,8192,steady,46,c_flux_ag,2,0.61055,0.60985,0.61055,0.03796,1200,1
ag,5120,10240,8192,steady,46,A_fused,3,3.75226,3.74042,3.75226,0.04529,1200,1
ag,5120,10240,8192,steady,47,c_cublas,0,3.51488,3.37658,3.51488,0.01784,1170,1
ag,5120,10240,8192,steady,47,c_fluxgemm,2,3.51194,3.43507,3.51194,0.01892,1170,1
ag,5120,10240,8192,steady,47,c_flux_ag,1,0.60180,0.60031,0.60106,0.03897,1170,1
ag,5120,10240,8192,steady,47,A_fused,3,3.82234,3.81312,3.82234,0.04515,1170,1
ag,5120,10240,8192,steady,48,c_cublas,3,3.43558,3.30445,3.43558,0.01741,1170,1
ag,5120,10240,8192,steady,48,c_fluxgemm,2,3.64755,3.45792,3.64755,0.01880,1170,1
ag,5120,10240,8192,steady,48,c_flux_ag,1,0.61907,0.61574,0.61907,0.03736,1170,1
ag,5120,10240,8192,steady,48,A_fused,0,3.88480,3.87456,3.88480,0.04891,1170,1
ag,5120,10240,8192,steady,49,c_cublas,2,3.50304,3.37331,3.50304,0.01644,1170,1
ag,5120,10240,8192,steady,49,c_fluxgemm,0,3.63731,3.52064,3.63731,0.02097,1170,1
ag,5120,10240,8192,steady,49,c_flux_ag,3,0.60106,0.60087,0.60095,0.03781,1170,1
ag,5120,10240,8192,steady,49,A_fused,1,3.81946,3.81197,3.81946,0.04745,1170,1
