phase,mode,L,M,round,policy,order_pos,rank_max_ms,kept
decode,graph,4,64,0,tp_ar,0,3.41197,0
decode,graph,4,64,0,tp_ar_vllm,2,2.71053,0
decode,graph,4,64,0,sp_nccl,1,3.70790,0
decode,graph,4,64,1,tp_ar,1,3.69562,0
decode,graph,4,64,1,tp_ar_vllm,0,3.07098,0
decode,graph,4,64,1,sp_nccl,2,3.87686,0
decode,graph,4,64,2,tp_ar,0,3.71200,0
decode,graph,4,64,2,tp_ar_vllm,1,3.34848,0
decode,graph,4,64,2,sp_nccl,2,3.82976,0
decode,graph,4,64,3,tp_ar,0,3.79904,0
decode,graph,4,64,3,tp_ar_vllm,1,3.67821,0
decode,graph,4,64,3,sp_nccl,2,3.82259,0
decode,graph,4,64,4,tp_ar,2,3.60243,0
decode,graph,4,64,4,tp_ar_vllm,0,3.70381,0
decode,graph,4,64,4,sp_nccl,1,3.77037,0
decode,graph,4,64,5,tp_ar,0,3.64646,0
decode,graph,4,64,5,tp_ar_vllm,1,3.73862,0
decode,graph,4,64,5,sp_nccl,2,3.69971,0
decode,graph,4,64,6,tp_ar,0,3.56966,0
decode,graph,4,64,6,tp_ar_vllm,2,3.74067,0
decode,graph,4,64,6,sp_nccl,1,3.69254,0
decode,graph,4,64,7,tp_ar,2,3.51027,0
decode,graph,4,64,7,tp_ar_vllm,0,3.83795,0
decode,graph,4,64,7,sp_nccl,1,3.68947,0
decode,graph,4,64,8,tp_ar,1,3.52154,0
decode,graph,4,64,8,tp_ar_vllm,2,3.77242,0
decode,graph,4,64,8,sp_nccl,0,3.68230,0
decode,graph,4,64,9,tp_ar,2,3.45190,0
decode,graph,4,64,9,tp_ar_vllm,1,3.71610,0
decode,graph,4,64,9,sp_nccl,0,3.64134,0
decode,graph,4,64,10,tp_ar,2,3.44883,0
decode,graph,4,64,10,tp_ar_vllm,1,3.78880,0
decode,graph,4,64,10,sp_nccl,0,3.69254,0
decode,graph,4,64,11,tp_ar,0,3.50515,0
decode,graph,4,64,11,tp_ar_vllm,1,3.81747,0
decode,graph,4,64,11,sp_nccl,2,3.60346,0
decode,graph,4,64,12,tp_ar,2,3.40070,0
decode,graph,4,64,12,tp_ar_vllm,1,3.76730,0
decode,graph,4,64,12,sp_nccl,0,3.54918,0
decode,graph,4,64,13,tp_ar,2,3.38330,0
decode,graph,4,64,13,tp_ar_vllm,0,3.80518,0
decode,graph,4,64,13,sp_nccl,1,3.53792,0
decode,graph,4,64,14,tp_ar,2,3.29318,0
decode,graph,4,64,14,tp_ar_vllm,1,3.70688,0
decode,graph,4,64,14,sp_nccl,0,3.55021,0
decode,graph,4,64,15,tp_ar,1,3.34848,0
decode,graph,4,64,15,tp_ar_vllm,2,3.77344,0
decode,graph,4,64,15,sp_nccl,0,3.50822,0
decode,graph,4,64,16,tp_ar,2,3.35770,0
decode,graph,4,64,16,tp_ar_vllm,0,3.72941,0
decode,graph,4,64,16,sp_nccl,1,3.49389,0
decode,graph,4,64,17,tp_ar,0,3.35667,0
decode,graph,4,64,17,tp_ar_vllm,2,3.70995,0
decode,graph,4,64,17,sp_nccl,1,3.55021,0
decode,graph,4,64,18,tp_ar,0,3.27885,0
decode,graph,4,64,18,tp_ar_vllm,1,3.81133,0
decode,graph,4,64,18,sp_nccl,2,3.48467,0
decode,graph,4,64,19,tp_ar,0,3.38432,0
decode,graph,4,64,19,tp_ar_vllm,1,3.76320,0
decode,graph,4,64,19,sp_nccl,2,3.45395,0
decode,graph,4,64,20,tp_ar,2,3.34438,0
decode,graph,4,64,20,tp_ar_vllm,0,3.67923,0
decode,graph,4,64,20,sp_nccl,1,3.49082,0
decode,graph,4,64,21,tp_ar,2,3.26349,0
decode,graph,4,64,21,tp_ar_vllm,1,3.75194,0
decode,graph,4,64,21,sp_nccl,0,3.45907,0
decode,graph,4,64,22,tp_ar,2,3.33312,0
decode,graph,4,64,22,tp_ar_vllm,1,3.62906,0
decode,graph,4,64,22,sp_nccl,0,3.43245,0
decode,graph,4,64,23,tp_ar,0,3.25120,0
decode,graph,4,64,23,tp_ar_vllm,1,3.70176,0
decode,graph,4,64,23,sp_nccl,2,3.40173,0
decode,graph,4,64,24,tp_ar,1,3.23584,0
decode,graph,4,64,24,tp_ar_vllm,2,3.74067,0
decode,graph,4,64,24,sp_nccl,0,3.42733,0
decode,graph,4,64,25,tp_ar,0,3.22560,0
decode,graph,4,64,25,tp_ar_vllm,1,3.71200,0
decode,graph,4,64,25,sp_nccl,2,3.42835,0
decode,graph,4,64,26,tp_ar,1,3.25632,0
decode,graph,4,64,26,tp_ar_vllm,0,3.68026,0
decode,graph,4,64,26,sp_nccl,2,3.39866,0
decode,graph,4,64,27,tp_ar,0,3.25427,0
decode,graph,4,64,27,tp_ar_vllm,2,3.71302,0
decode,graph,4,64,27,sp_nccl,1,3.40685,0
decode,graph,4,64,28,tp_ar,1,3.26349,1
decode,graph,4,64,28,tp_ar_vllm,2,3.65261,1
decode,graph,4,64,28,sp_nccl,0,3.40992,1
decode,graph,4,64,29,tp_ar,2,3.24813,1
decode,graph,4,64,29,tp_ar_vllm,0,3.69766,1
decode,graph,4,64,29,sp_nccl,1,3.44371,1
decode,graph,4,64,30,tp_ar,0,3.24096,1
decode,graph,4,64,30,tp_ar_vllm,2,3.70790,1
decode,graph,4,64,30,sp_nccl,1,3.40378,1
decode,graph,4,64,31,tp_ar,0,3.23994,1
decode,graph,4,64,31,tp_ar_vllm,2,3.79085,1
decode,graph,4,64,31,sp_nccl,1,3.45805,1
decode,graph,4,64,32,tp_ar,0,3.23072,1
decode,graph,4,64,32,tp_ar_vllm,2,3.74682,1
decode,graph,4,64,32,sp_nccl,1,3.41914,1
decode,graph,4,64,33,tp_ar,1,3.21843,1
decode,graph,4,64,33,tp_ar_vllm,2,3.63622,1
decode,graph,4,64,33,sp_nccl,0,3.39763,1
decode,graph,4,64,34,tp_ar,0,3.26246,1
decode,graph,4,64,34,tp_ar_vllm,1,3.78368,1
decode,graph,4,64,34,sp_nccl,2,3.46726,1
decode,graph,4,64,35,tp_ar,1,3.29830,1
decode,graph,4,64,35,tp_ar_vllm,2,3.63213,1
decode,graph,4,64,35,sp_nccl,0,3.38739,1
decode,graph,4,64,36,tp_ar,2,3.24813,1
decode,graph,4,64,36,tp_ar_vllm,1,3.72634,1
decode,graph,4,64,36,sp_nccl,0,3.47853,1
decode,graph,4,64,37,tp_ar,2,3.22048,1
decode,graph,4,64,37,tp_ar_vllm,1,3.65875,1
decode,graph,4,64,37,sp_nccl,0,3.38739,1
decode,graph,4,64,38,tp_ar,0,3.25632,1
decode,graph,4,64,38,tp_ar_vllm,2,3.66797,1
decode,graph,4,64,38,sp_nccl,1,3.40275,1
decode,graph,4,64,39,tp_ar,1,3.24096,1
decode,graph,4,64,39,tp_ar_vllm,0,3.66080,1
decode,graph,4,64,39,sp_nccl,2,3.41504,1
decode,graph,4,64,40,tp_ar,2,3.23789,1
decode,graph,4,64,40,tp_ar_vllm,1,3.66182,1
decode,graph,4,64,40,sp_nccl,0,3.42016,1
decode,graph,4,64,41,tp_ar,2,3.25837,1
decode,graph,4,64,41,tp_ar_vllm,1,3.70893,1
decode,graph,4,64,41,sp_nccl,0,3.39763,1
decode,graph,4,64,42,tp_ar,1,3.23584,1
decode,graph,4,64,42,tp_ar_vllm,2,3.65875,1
decode,graph,4,64,42,sp_nccl,0,3.39149,1
decode,graph,4,64,43,tp_ar,2,3.28294,1
decode,graph,4,64,43,tp_ar_vllm,0,3.71098,1
decode,graph,4,64,43,sp_nccl,1,3.39763,1
decode,graph,4,64,44,tp_ar,1,3.26554,1
decode,graph,4,64,44,tp_ar_vllm,0,3.61472,1
decode,graph,4,64,44,sp_nccl,2,3.40275,1
decode,graph,4,64,45,tp_ar,1,3.23277,1
decode,graph,4,64,45,tp_ar_vllm,0,3.70995,1
decode,graph,4,64,45,sp_nccl,2,3.42426,1
decode,graph,4,64,46,tp_ar,0,3.28294,1
decode,graph,4,64,46,tp_ar_vllm,2,3.72634,1
decode,graph,4,64,46,sp_nccl,1,3.38125,1
decode,graph,4,64,47,tp_ar,0,3.25632,1
decode,graph,4,64,47,tp_ar_vllm,2,3.71610,1
decode,graph,4,64,47,sp_nccl,1,3.42835,1
decode,graph,4,64,48,tp_ar,2,3.30138,1
decode,graph,4,64,48,tp_ar_vllm,1,3.68947,1
decode,graph,4,64,48,sp_nccl,0,3.40787,1
decode,graph,4,64,49,tp_ar,1,3.26451,1
decode,graph,4,64,49,tp_ar_vllm,2,3.68947,1
decode,graph,4,64,49,sp_nccl,0,3.42426,1
decode,graph,4,64,50,tp_ar,0,3.22150,1
decode,graph,4,64,50,tp_ar_vllm,1,3.64954,1
decode,graph,4,64,50,sp_nccl,2,3.40992,1
decode,graph,4,64,51,tp_ar,0,3.20614,1
decode,graph,4,64,51,tp_ar_vllm,1,3.74272,1
decode,graph,4,64,51,sp_nccl,2,3.39866,1
decode,graph,4,64,52,tp_ar,1,3.24813,1
decode,graph,4,64,52,tp_ar_vllm,2,3.70176,1
decode,graph,4,64,52,sp_nccl,0,3.39661,1
decode,graph,4,64,53,tp_ar,1,3.21331,1
decode,graph,4,64,53,tp_ar_vllm,0,3.62189,1
decode,graph,4,64,53,sp_nccl,2,3.40787,1
decode,graph,4,64,54,tp_ar,1,3.23584,1
decode,graph,4,64,54,tp_ar_vllm,2,3.68230,1
decode,graph,4,64,54,sp_nccl,0,3.38330,1
decode,graph,4,64,55,tp_ar,1,3.21126,1
decode,graph,4,64,55,tp_ar_vllm,2,3.61882,1
decode,graph,4,64,55,sp_nccl,0,3.37306,1
decode,graph,4,64,56,tp_ar,1,3.27987,1
decode,graph,4,64,56,tp_ar_vllm,2,3.66182,1
decode,graph,4,64,56,sp_nccl,0,3.39149,1
decode,graph,4,64,57,tp_ar,1,3.25120,1
decode,graph,4,64,57,tp_ar_vllm,2,3.66490,1
decode,graph,4,64,57,sp_nccl,0,3.41094,1
decode,graph,4,64,58,tp_ar,2,3.24403,1
decode,graph,4,64,58,tp_ar_vllm,0,3.69562,1
decode,graph,4,64,58,sp_nccl,1,3.41402,1
decode,graph,4,64,59,tp_ar,1,3.23072,1
decode,graph,4,64,59,tp_ar_vllm,2,3.58707,1
decode,graph,4,64,59,sp_nccl,0,3.38022,1
decode,graph,4,64,60,tp_ar,0,3.21536,1
decode,graph,4,64,60,tp_ar_vllm,2,3.67616,1
decode,graph,4,64,60,sp_nccl,1,3.42221,1
decode,graph,4,64,61,tp_ar,1,3.25632,1
decode,graph,4,64,61,tp_ar_vllm,0,3.64442,1
decode,graph,4,64,61,sp_nccl,2,3.40992,1
decode,graph,4,64,62,tp_ar,1,3.26656,1
decode,graph,4,64,62,tp_ar_vllm,2,3.70790,1
decode,graph,4,64,62,sp_nccl,0,3.38739,1
decode,graph,4,64,63,tp_ar,1,3.26861,1
decode,graph,4,64,63,tp_ar_vllm,2,3.72326,1
decode,graph,4,64,63,sp_nccl,0,3.39661,1
decode,graph,4,64,64,tp_ar,1,3.21946,1
decode,graph,4,64,64,tp_ar_vllm,2,3.62291,1
decode,graph,4,64,64,sp_nccl,0,3.38534,1
decode,graph,4,64,65,tp_ar,2,3.22253,1
decode,graph,4,64,65,tp_ar_vllm,1,3.57274,1
decode,graph,4,64,65,sp_nccl,0,3.38432,1
decode,graph,4,64,66,tp_ar,2,3.19693,1
decode,graph,4,64,66,tp_ar_vllm,0,3.64134,1
decode,graph,4,64,66,sp_nccl,1,3.41197,1
decode,graph,4,64,67,tp_ar,1,3.23277,1
decode,graph,4,64,67,tp_ar_vllm,2,3.61984,1
decode,graph,4,64,67,sp_nccl,0,3.40070,1
decode,graph,4,64,68,tp_ar,1,3.28909,1
decode,graph,4,64,68,tp_ar_vllm,0,3.61779,1
decode,graph,4,64,68,sp_nccl,2,3.39763,1
decode,graph,4,64,69,tp_ar,2,3.21536,1
decode,graph,4,64,69,tp_ar_vllm,0,3.65670,1
decode,graph,4,64,69,sp_nccl,1,3.41504,1
decode,graph,4,64,70,tp_ar,1,3.22458,1
decode,graph,4,64,70,tp_ar_vllm,0,3.70586,1
decode,graph,4,64,70,sp_nccl,2,3.38842,1
decode,graph,4,64,71,tp_ar,0,3.26042,1
decode,graph,4,64,71,tp_ar_vllm,1,3.71405,1
decode,graph,4,64,71,sp_nccl,2,3.38022,1
decode,graph,4,64,72,tp_ar,2,3.26861,1
decode,graph,4,64,72,tp_ar_vllm,1,3.72736,1
decode,graph,4,64,72,sp_nccl,0,3.38944,1
decode,graph,4,64,73,tp_ar,0,3.22150,1
decode,graph,4,64,73,tp_ar_vllm,2,3.57478,1
decode,graph,4,64,73,sp_nccl,1,3.42323,1
decode,graph,4,64,74,tp_ar,2,3.23789,1
decode,graph,4,64,74,tp_ar_vllm,1,3.65466,1
decode,graph,4,64,74,sp_nccl,0,3.39354,1
decode,graph,4,64,75,tp_ar,1,3.26349,1
decode,graph,4,64,75,tp_ar_vllm,2,3.67616,1
decode,graph,4,64,75,sp_nccl,0,3.44064,1
decode,graph,4,64,76,tp_ar,2,3.21126,1
decode,graph,4,64,76,tp_ar_vllm,0,3.68947,1
decode,graph,4,64,76,sp_nccl,1,3.45395,1
decode,graph,4,64,77,tp_ar,1,3.25632,1
decode,graph,4,64,77,tp_ar_vllm,2,3.68435,1
decode,graph,4,64,77,sp_nccl,0,3.43450,1
decode,graph,4,64,78,tp_ar,0,3.27066,1
decode,graph,4,64,78,tp_ar_vllm,2,3.74272,1
decode,graph,4,64,78,sp_nccl,1,3.39251,1
decode,graph,4,64,79,tp_ar,1,3.22560,1
decode,graph,4,64,79,tp_ar_vllm,0,3.65056,1
decode,graph,4,64,79,sp_nccl,2,3.40992,1
decode,graph,4,64,80,tp_ar,1,3.24301,1
decode,graph,4,64,80,tp_ar_vllm,0,3.70893,1
decode,graph,4,64,80,sp_nccl,2,3.39968,1
decode,graph,4,64,81,tp_ar,1,3.24710,1
decode,graph,4,64,81,tp_ar_vllm,0,3.73350,1
decode,graph,4,64,81,sp_nccl,2,3.42733,1
decode,graph,4,64,82,tp_ar,1,3.25530,1
decode,graph,4,64,82,tp_ar_vllm,0,3.65773,1
decode,graph,4,64,82,sp_nccl,2,3.43347,1
decode,graph,4,64,83,tp_ar,1,3.24403,1
decode,graph,4,64,83,tp_ar_vllm,2,3.70688,1
decode,graph,4,64,83,sp_nccl,0,3.41094,1
decode,graph,4,64,84,tp_ar,0,3.25632,1
decode,graph,4,64,84,tp_ar_vllm,2,3.64339,1
decode,graph,4,64,84,sp_nccl,1,3.39251,1
decode,graph,4,64,85,tp_ar,1,3.30035,1
decode,graph,4,64,85,tp_ar_vllm,2,3.67104,1
decode,graph,4,64,85,sp_nccl,0,3.44576,1
decode,graph,4,64,86,tp_ar,0,3.26246,1
decode,graph,4,64,86,tp_ar_vllm,2,3.72326,1
decode,graph,4,64,86,sp_nccl,1,3.40787,1
decode,graph,4,64,87,tp_ar,2,3.27987,1
decode,graph,4,64,87,tp_ar_vllm,0,3.68026,1
decode,graph,4,64,87,sp_nccl,1,3.41504,1
decode,graph,4,64,88,tp_ar,0,3.24813,1
decode,graph,4,64,88,tp_ar_vllm,1,3.68742,1
decode,graph,4,64,88,sp_nccl,2,3.39763,1
decode,graph,4,64,89,tp_ar,0,3.22970,1
decode,graph,4,64,89,tp_ar_vllm,2,3.65773,1
decode,graph,4,64,89,sp_nccl,1,3.39558,1
decode,graph,4,64,90,tp_ar,2,3.25325,1
decode,graph,4,64,90,tp_ar_vllm,1,3.70483,1
decode,graph,4,64,90,sp_nccl,0,3.39558,1
decode,graph,4,64,91,tp_ar,0,3.22150,1
decode,graph,4,64,91,tp_ar_vllm,1,3.73248,1
decode,graph,4,64,91,sp_nccl,2,3.38637,1
decode,graph,4,64,92,tp_ar,2,3.26656,1
decode,graph,4,64,92,tp_ar_vllm,0,3.71507,1
decode,graph,4,64,92,sp_nccl,1,3.42016,1
decode,graph,4,64,93,tp_ar,1,3.24403,1
decode,graph,4,64,93,tp_ar_vllm,0,3.65773,1
decode,graph,4,64,93,sp_nccl,2,3.40173,1
decode,graph,4,64,94,tp_ar,2,3.21536,1
decode,graph,4,64,94,tp_ar_vllm,1,3.68435,1
decode,graph,4,64,94,sp_nccl,0,3.39251,1
decode,graph,4,64,95,tp_ar,2,3.25837,1
decode,graph,4,64,95,tp_ar_vllm,1,3.63008,1
decode,graph,4,64,95,sp_nccl,0,3.39661,1
decode,graph,4,64,96,tp_ar,1,3.22970,1
decode,graph,4,64,96,tp_ar_vllm,2,3.69152,1
decode,graph,4,64,96,sp_nccl,0,3.41811,1
decode,graph,4,64,97,tp_ar,1,3.26861,1
decode,graph,4,64,97,tp_ar_vllm,2,3.57990,1
decode,graph,4,64,97,sp_nccl,0,3.41197,1
decode,graph,4,64,98,tp_ar,2,3.24506,1
decode,graph,4,64,98,tp_ar_vllm,0,3.74989,1
decode,graph,4,64,98,sp_nccl,1,3.39661,1
decode,graph,4,64,99,tp_ar,0,3.30240,1
decode,graph,4,64,99,tp_ar_vllm,1,3.70483,1
decode,graph,4,64,99,sp_nccl,2,3.40890,1
decode,graph,4,64,100,tp_ar,0,3.21843,1
decode,graph,4,64,100,tp_ar_vllm,1,3.64442,1
decode,graph,4,64,100,sp_nccl,2,3.43142,1
decode,graph,4,64,101,tp_ar,0,3.21024,1
decode,graph,4,64,101,tp_ar_vllm,1,3.71405,1
decode,graph,4,64,101,sp_nccl,2,3.42118,1
decode,graph,4,64,102,tp_ar,2,3.23072,1
decode,graph,4,64,102,tp_ar_vllm,0,3.64646,1
decode,graph,4,64,102,sp_nccl,1,3.40070,1
decode,graph,4,64,103,tp_ar,2,3.18874,1
decode,graph,4,64,103,tp_ar_vllm,0,3.67206,1
decode,graph,4,64,103,sp_nccl,1,3.41402,1
decode,graph,4,64,104,tp_ar,0,3.26861,1
decode,graph,4,64,104,tp_ar_vllm,2,3.64032,1
decode,graph,4,64,104,sp_nccl,1,3.39661,1
decode,graph,4,64,105,tp_ar,1,3.23994,1
decode,graph,4,64,105,tp_ar_vllm,2,3.66694,1
decode,graph,4,64,105,sp_nccl,0,3.39456,1
decode,graph,4,64,106,tp_ar,1,3.25325,1
decode,graph,4,64,106,tp_ar_vllm,2,3.74272,1
decode,graph,4,64,106,sp_nccl,0,3.37306,1
decode,graph,4,64,107,tp_ar,0,3.23072,1
decode,graph,4,64,107,tp_ar_vllm,2,3.78266,1
decode,graph,4,64,107,sp_nccl,1,3.40378,1
decode,graph,4,64,108,tp_ar,2,3.22458,1
decode,graph,4,64,108,tp_ar_vllm,1,3.66694,1
decode,graph,4,64,108,sp_nccl,0,3.42323,1
decode,graph,4,64,109,tp_ar,2,3.28602,1
decode,graph,4,64,109,tp_ar_vllm,1,3.68026,1
decode,graph,4,64,109,sp_nccl,0,3.36998,1
decode,graph,4,64,110,tp_ar,2,3.23072,1
decode,graph,4,64,110,tp_ar_vllm,1,3.66899,1
decode,graph,4,64,110,sp_nccl,0,3.41811,1
decode,graph,4,64,111,tp_ar,2,3.25120,1
decode,graph,4,64,111,tp_ar_vllm,1,3.61779,1
decode,graph,4,64,111,sp_nccl,0,3.38022,1
decode,graph,4,64,112,tp_ar,0,3.24608,1
decode,graph,4,64,112,tp_ar_vllm,1,3.68742,1
decode,graph,4,64,112,sp_nccl,2,3.41402,1
decode,graph,4,64,113,tp_ar,1,3.23789,1
decode,graph,4,64,113,tp_ar_vllm,0,3.73862,1
decode,graph,4,64,113,sp_nccl,2,3.40070,1
decode,graph,4,64,114,tp_ar,1,3.27987,1
decode,graph,4,64,114,tp_ar_vllm,0,3.68742,1
decode,graph,4,64,114,sp_nccl,2,3.40992,1
decode,graph,4,64,115,tp_ar,1,3.27475,1
decode,graph,4,64,115,tp_ar_vllm,2,3.68333,1
decode,graph,4,64,115,sp_nccl,0,3.37715,1
decode,graph,4,64,116,tp_ar,2,3.24710,1
decode,graph,4,64,116,tp_ar_vllm,1,3.67514,1
decode,graph,4,64,116,sp_nccl,0,3.40582,1
decode,graph,4,64,117,tp_ar,0,3.25222,1
decode,graph,4,64,117,tp_ar_vllm,1,3.71098,1
decode,graph,4,64,117,sp_nccl,2,3.40378,1
decode,graph,4,64,118,tp_ar,2,3.25530,1
decode,graph,4,64,118,tp_ar_vllm,1,3.63520,1
decode,graph,4,64,118,sp_nccl,0,3.53178,1
decode,graph,4,64,119,tp_ar,0,3.22458,1
decode,graph,4,64,119,tp_ar_vllm,2,3.62496,1
decode,graph,4,64,119,sp_nccl,1,3.40992,1
decode,graph,4,64,120,tp_ar,0,3.22048,1
decode,graph,4,64,120,tp_ar_vllm,1,3.61267,1
decode,graph,4,64,120,sp_nccl,2,3.38842,1
decode,graph,4,64,121,tp_ar,1,3.22765,1
decode,graph,4,64,121,tp_ar_vllm,0,3.68026,1
decode,graph,4,64,121,sp_nccl,2,3.40070,1
decode,graph,4,64,122,tp_ar,1,3.25632,1
decode,graph,4,64,122,tp_ar_vllm,0,3.65568,1
decode,graph,4,64,122,sp_nccl,2,3.40173,1
decode,graph,4,64,123,tp_ar,1,3.25530,1
decode,graph,4,64,123,tp_ar_vllm,0,3.67206,1
decode,graph,4,64,123,sp_nccl,2,3.42426,1
decode,graph,4,64,124,tp_ar,1,3.24710,1
decode,graph,4,64,124,tp_ar_vllm,0,3.63520,1
decode,graph,4,64,124,sp_nccl,2,3.39251,1
decode,graph,4,64,125,tp_ar,2,3.27885,1
decode,graph,4,64,125,tp_ar_vllm,0,3.68026,1
decode,graph,4,64,125,sp_nccl,1,3.38022,1
decode,graph,4,64,126,tp_ar,2,3.24403,1
decode,graph,4,64,126,tp_ar_vllm,1,3.69562,1
decode,graph,4,64,126,sp_nccl,0,3.37715,1
decode,graph,4,64,127,tp_ar,2,3.32390,1
decode,graph,4,64,127,tp_ar_vllm,0,3.65466,1
decode,graph,4,64,127,sp_nccl,1,3.39866,1
decode,graph,4,64,128,tp_ar,0,3.24915,1
decode,graph,4,64,128,tp_ar_vllm,2,3.63315,1
decode,graph,4,64,128,sp_nccl,1,3.39866,1
decode,graph,4,64,129,tp_ar,2,3.19386,1
decode,graph,4,64,129,tp_ar_vllm,0,3.66490,1
decode,graph,4,64,129,sp_nccl,1,3.41299,1
decode,graph,4,64,130,tp_ar,2,3.25837,1
decode,graph,4,64,130,tp_ar_vllm,0,3.60653,1
decode,graph,4,64,130,sp_nccl,1,3.40582,1
decode,graph,4,64,131,tp_ar,2,3.24813,1
decode,graph,4,64,131,tp_ar_vllm,1,3.75398,1
decode,graph,4,64,131,sp_nccl,0,3.40173,1
decode,graph,4,64,132,tp_ar,0,3.24710,1
decode,graph,4,64,132,tp_ar_vllm,1,3.60038,1
decode,graph,4,64,132,sp_nccl,2,3.42938,1
decode,graph,4,64,133,tp_ar,0,3.28909,1
decode,graph,4,64,133,tp_ar_vllm,2,3.76934,1
decode,graph,4,64,133,sp_nccl,1,3.41606,1
decode,graph,4,64,134,tp_ar,0,3.25939,1
decode,graph,4,64,134,tp_ar_vllm,1,3.64237,1
decode,graph,4,64,134,sp_nccl,2,3.41094,1
decode,graph,4,64,135,tp_ar,2,3.23482,1
decode,graph,4,64,135,tp_ar_vllm,1,3.68947,1
decode,graph,4,64,135,sp_nccl,0,3.41811,1
decode,graph,4,64,136,tp_ar,0,3.21536,1
decode,graph,4,64,136,tp_ar_vllm,1,3.66285,1
decode,graph,4,64,136,sp_nccl,2,3.43859,1
decode,graph,4,64,137,tp_ar,1,3.23174,1
decode,graph,4,64,137,tp_ar_vllm,0,3.73043,1
decode,graph,4,64,137,sp_nccl,2,3.42221,1
decode,graph,4,64,138,tp_ar,1,3.21638,1
decode,graph,4,64,138,tp_ar_vllm,0,3.75706,1
decode,graph,4,64,138,sp_nccl,2,3.43654,1
decode,graph,4,64,139,tp_ar,1,3.22355,1
decode,graph,4,64,139,tp_ar_vllm,2,3.56864,1
decode,graph,4,64,139,sp_nccl,0,3.40070,1
decode,graph,4,64,140,tp_ar,1,3.24198,1
decode,graph,4,64,140,tp_ar_vllm,2,3.71200,1
decode,graph,4,64,140,sp_nccl,0,3.44781,1
decode,graph,4,64,141,tp_ar,2,3.28090,1
decode,graph,4,64,141,tp_ar_vllm,0,3.61062,1
decode,graph,4,64,141,sp_nccl,1,3.38637,1
decode,graph,4,64,142,tp_ar,0,3.22560,1
decode,graph,4,64,142,tp_ar_vllm,2,3.64442,1
decode,graph,4,64,142,sp_nccl,1,3.46522,1
decode,graph,4,64,143,tp_ar,0,3.26144,1
decode,graph,4,64,143,tp_ar_vllm,2,3.67514,1
decode,graph,4,64,143,sp_nccl,1,3.42221,1
decode,graph,4,64,144,tp_ar,2,3.22458,1
decode,graph,4,64,144,tp_ar_vllm,1,3.67104,1
decode,graph,4,64,144,sp_nccl,0,3.40378,1
decode,graph,4,64,145,tp_ar,2,3.21331,1
decode,graph,4,64,145,tp_ar_vllm,0,3.69562,1
decode,graph,4,64,145,sp_nccl,1,3.42528,1
decode,graph,4,64,146,tp_ar,1,3.30138,1
decode,graph,4,64,146,tp_ar_vllm,0,3.71610,1
decode,graph,4,64,146,sp_nccl,2,3.40070,1
decode,graph,4,64,147,tp_ar,2,3.26246,1
decode,graph,4,64,147,tp_ar_vllm,0,3.71098,1
decode,graph,4,64,147,sp_nccl,1,3.43757,1
decode,graph,4,64,148,tp_ar,1,3.25734,1
decode,graph,4,64,148,tp_ar_vllm,2,3.71610,1
decode,graph,4,64,148,sp_nccl,0,3.37306,1
decode,graph,4,64,149,tp_ar,1,3.23379,1
decode,graph,4,64,149,tp_ar_vllm,0,3.64954,1
decode,graph,4,64,149,sp_nccl,2,3.40480,1
decode,graph,4,64,150,tp_ar,0,3.25837,1
decode,graph,4,64,150,tp_ar_vllm,1,3.64954,1
decode,graph,4,64,150,sp_nccl,2,3.41811,1
decode,graph,4,64,151,tp_ar,0,3.20717,1
decode,graph,4,64,151,tp_ar_vllm,1,3.72634,1
decode,graph,4,64,151,sp_nccl,2,3.38739,1
decode,graph,4,64,152,tp_ar,1,3.22765,1
decode,graph,4,64,152,tp_ar_vllm,0,3.61370,1
decode,graph,4,64,152,sp_nccl,2,3.42426,1
decode,graph,4,64,153,tp_ar,2,3.30445,1
decode,graph,4,64,153,tp_ar_vllm,1,3.71405,1
decode,graph,4,64,153,sp_nccl,0,3.41197,1
decode,graph,4,64,154,tp_ar,0,3.26758,1
decode,graph,4,64,154,tp_ar_vllm,1,3.67821,1
decode,graph,4,64,154,sp_nccl,2,3.40173,1
decode,graph,4,64,155,tp_ar,2,3.29011,1
decode,graph,4,64,155,tp_ar_vllm,1,3.69766,1
decode,graph,4,64,155,sp_nccl,0,3.41299,1
decode,graph,4,64,156,tp_ar,2,3.25222,1
decode,graph,4,64,156,tp_ar_vllm,0,3.70586,1
decode,graph,4,64,156,sp_nccl,1,3.40992,1
decode,graph,4,64,157,tp_ar,0,3.24710,1
decode,graph,4,64,157,tp_ar_vllm,1,3.68742,1
decode,graph,4,64,157,sp_nccl,2,3.40890,1
decode,graph,4,64,158,tp_ar,0,3.24710,1
decode,graph,4,64,158,tp_ar_vllm,2,3.76627,1
decode,graph,4,64,158,sp_nccl,1,3.42630,1
decode,graph,4,64,159,tp_ar,1,3.27168,1
decode,graph,4,64,159,tp_ar_vllm,0,3.67206,1
decode,graph,4,64,159,sp_nccl,2,3.42835,1
decode,graph,4,64,160,tp_ar,0,3.25325,1
decode,graph,4,64,160,tp_ar_vllm,1,3.63008,1
decode,graph,4,64,160,sp_nccl,2,3.39866,1
decode,graph,4,64,161,tp_ar,1,3.22765,1
decode,graph,4,64,161,tp_ar_vllm,0,3.66592,1
decode,graph,4,64,161,sp_nccl,2,3.39149,1
decode,graph,4,64,162,tp_ar,2,3.22970,1
decode,graph,4,64,162,tp_ar_vllm,1,3.61165,1
decode,graph,4,64,162,sp_nccl,0,3.39661,1
decode,graph,4,64,163,tp_ar,2,3.29318,1
decode,graph,4,64,163,tp_ar_vllm,0,3.63315,1
decode,graph,4,64,163,sp_nccl,1,3.39763,1
decode,graph,4,64,164,tp_ar,1,3.24813,1
decode,graph,4,64,164,tp_ar_vllm,0,3.65773,1
decode,graph,4,64,164,sp_nccl,2,3.37306,1
decode,graph,4,64,165,tp_ar,1,3.29728,1
decode,graph,4,64,165,tp_ar_vllm,2,3.68640,1
decode,graph,4,64,165,sp_nccl,0,3.38637,1
decode,graph,4,64,166,tp_ar,2,3.22560,1
decode,graph,4,64,166,tp_ar_vllm,1,3.67309,1
decode,graph,4,64,166,sp_nccl,0,3.39763,1
decode,graph,4,64,167,tp_ar,0,3.28192,1
decode,graph,4,64,167,tp_ar_vllm,2,3.56045,1
decode,graph,4,64,167,sp_nccl,1,3.39968,1
decode,graph,4,64,168,tp_ar,1,3.45702,1
decode,graph,4,64,168,tp_ar_vllm,0,3.63725,1
decode,graph,4,64,168,sp_nccl,2,3.40890,1
decode,graph,4,64,169,tp_ar,2,3.27578,1
decode,graph,4,64,169,tp_ar_vllm,0,3.61677,1
decode,graph,4,64,169,sp_nccl,1,3.43552,1
decode,graph,4,64,170,tp_ar,1,3.26554,1
decode,graph,4,64,170,tp_ar_vllm,0,3.65875,1
decode,graph,4,64,170,sp_nccl,2,3.38125,1
decode,graph,4,64,171,tp_ar,0,3.21946,1
decode,graph,4,64,171,tp_ar_vllm,1,3.64646,1
decode,graph,4,64,171,sp_nccl,2,3.42016,1
decode,graph,4,64,172,tp_ar,2,3.25120,1
decode,graph,4,64,172,tp_ar_vllm,0,3.63418,1
decode,graph,4,64,172,sp_nccl,1,3.47546,1
decode,graph,4,64,173,tp_ar,0,3.23379,1
decode,graph,4,64,173,tp_ar_vllm,1,3.68128,1
decode,graph,4,64,173,sp_nccl,2,3.39251,1
decode,graph,4,64,174,tp_ar,2,3.26349,1
decode,graph,4,64,174,tp_ar_vllm,0,3.70688,1
decode,graph,4,64,174,sp_nccl,1,3.36794,1
decode,graph,4,64,175,tp_ar,2,3.21229,1
decode,graph,4,64,175,tp_ar_vllm,0,3.70074,1
decode,graph,4,64,175,sp_nccl,1,3.37715,1
decode,graph,4,64,176,tp_ar,2,3.24301,1
decode,graph,4,64,176,tp_ar_vllm,1,3.64749,1
decode,graph,4,64,176,sp_nccl,0,3.40582,1
decode,graph,4,64,177,tp_ar,0,3.22765,1
decode,graph,4,64,177,tp_ar_vllm,1,3.61370,1
decode,graph,4,64,177,sp_nccl,2,3.38842,1
decode,graph,4,64,178,tp_ar,1,3.22867,1
decode,graph,4,64,178,tp_ar_vllm,0,3.72019,1
decode,graph,4,64,178,sp_nccl,2,3.42630,1
decode,graph,4,64,179,tp_ar,2,3.23686,1
decode,graph,4,64,179,tp_ar_vllm,1,3.72326,1
decode,graph,4,64,179,sp_nccl,0,3.38227,1
decode,graph,4,64,180,tp_ar,1,3.24608,1
decode,graph,4,64,180,tp_ar_vllm,0,3.62906,1
decode,graph,4,64,180,sp_nccl,2,3.37715,1
decode,graph,4,64,181,tp_ar,2,3.26042,1
decode,graph,4,64,181,tp_ar_vllm,1,3.69664,1
decode,graph,4,64,181,sp_nccl,0,3.40685,1
decode,graph,4,64,182,tp_ar,1,3.42221,1
decode,graph,4,64,182,tp_ar_vllm,0,3.73248,1
decode,graph,4,64,182,sp_nccl,2,3.44474,1
decode,graph,4,64,183,tp_ar,0,3.36794,1
decode,graph,4,64,183,tp_ar_vllm,1,3.66592,1
decode,graph,4,64,183,sp_nccl,2,3.39866,1
decode,graph,4,64,184,tp_ar,1,3.24096,1
decode,graph,4,64,184,tp_ar_vllm,2,3.67923,1
decode,graph,4,64,184,sp_nccl,0,3.39046,1
decode,graph,4,64,185,tp_ar,1,3.22970,1
decode,graph,4,64,185,tp_ar_vllm,0,3.59322,1
decode,graph,4,64,185,sp_nccl,2,3.39661,1
decode,graph,4,64,186,tp_ar,2,3.26861,1
decode,graph,4,64,186,tp_ar_vllm,0,3.68333,1
decode,graph,4,64,186,sp_nccl,1,3.39866,1
decode,graph,4,64,187,tp_ar,0,3.22150,1
decode,graph,4,64,187,tp_ar_vllm,2,3.62086,1
decode,graph,4,64,187,sp_nccl,1,3.39661,1
decode,graph,4,64,188,tp_ar,0,3.24608,1
decode,graph,4,64,188,tp_ar_vllm,2,3.67514,1
decode,graph,4,64,188,sp_nccl,1,3.40582,1
decode,graph,4,64,189,tp_ar,0,3.29216,1
decode,graph,4,64,189,tp_ar_vllm,1,3.65261,1
decode,graph,4,64,189,sp_nccl,2,3.39968,1
decode,graph,4,64,190,tp_ar,1,3.28704,1
decode,graph,4,64,190,tp_ar_vllm,2,3.69357,1
decode,graph,4,64,190,sp_nccl,0,3.39046,1
decode,graph,4,64,191,tp_ar,1,3.27066,1
decode,graph,4,64,191,tp_ar_vllm,0,3.60243,1
decode,graph,4,64,191,sp_nccl,2,3.41197,1
decode,graph,4,64,192,tp_ar,1,3.22662,1
decode,graph,4,64,192,tp_ar_vllm,0,3.58502,1
decode,graph,4,64,192,sp_nccl,2,3.41094,1
decode,graph,4,64,193,tp_ar,0,3.22560,1
decode,graph,4,64,193,tp_ar_vllm,1,3.67002,1
decode,graph,4,64,193,sp_nccl,2,3.42118,1
decode,graph,4,64,194,tp_ar,2,3.24710,1
decode,graph,4,64,194,tp_ar_vllm,0,3.67411,1
decode,graph,4,64,194,sp_nccl,1,3.39558,1
decode,graph,4,64,195,tp_ar,1,3.20410,1
decode,graph,4,64,195,tp_ar_vllm,2,3.62189,1
decode,graph,4,64,195,sp_nccl,0,3.42733,1
decode,graph,4,64,196,tp_ar,1,3.22765,1
decode,graph,4,64,196,tp_ar_vllm,0,3.72941,1
decode,graph,4,64,196,sp_nccl,2,3.37510,1
decode,graph,4,64,197,tp_ar,1,3.21331,1
decode,graph,4,64,197,tp_ar_vllm,0,3.69562,1
decode,graph,4,64,197,sp_nccl,2,3.41402,1
decode,graph,4,64,198,tp_ar,0,3.21741,1
decode,graph,4,64,198,tp_ar_vllm,1,3.65978,1
decode,graph,4,64,198,sp_nccl,2,3.38944,1
decode,graph,4,64,199,tp_ar,1,3.23686,1
decode,graph,4,64,199,tp_ar_vllm,0,3.65056,1
decode,graph,4,64,199,sp_nccl,2,3.42016,1
decode,graph,4,192,0,tp_ar,0,5.61869,1
decode,graph,4,192,0,tp_ar_vllm,2,5.11386,1
decode,graph,4,192,0,sp_nccl,1,4.67046,1
decode,graph,4,192,1,tp_ar,1,6.85466,1
decode,graph,4,192,1,tp_ar_vllm,2,5.22445,1
decode,graph,4,192,1,sp_nccl,0,4.56090,1
decode,graph,4,192,2,tp_ar,0,7.10349,1
decode,graph,4,192,2,tp_ar_vllm,1,5.35552,1
decode,graph,4,192,2,sp_nccl,2,4.64589,1
decode,graph,4,192,3,tp_ar,2,7.96877,1
decode,graph,4,192,3,tp_ar_vllm,0,5.77536,1
decode,graph,4,192,3,sp_nccl,1,4.59059,1
decode,graph,4,192,4,tp_ar,1,8.45926,1
decode,graph,4,192,4,tp_ar_vllm,2,6.08563,1
decode,graph,4,192,4,sp_nccl,0,4.55885,1
decode,graph,4,192,5,tp_ar,0,7.98925,1
decode,graph,4,192,5,tp_ar_vllm,1,6.38054,1
decode,graph,4,192,5,sp_nccl,2,4.66330,1
decode,graph,4,192,6,tp_ar,1,8.25446,1
decode,graph,4,192,6,tp_ar_vllm,2,6.77171,1
decode,graph,4,192,6,sp_nccl,0,4.60800,1
decode,graph,4,192,7,tp_ar,2,8.18483,1
decode,graph,4,192,7,tp_ar_vllm,0,7.41376,1
decode,graph,4,192,7,sp_nccl,1,4.65613,1
decode,graph,4,192,8,tp_ar,1,8.44288,1
decode,graph,4,192,8,tp_ar_vllm,2,7.75475,1
decode,graph,4,192,8,sp_nccl,0,4.58035,1
decode,graph,4,192,9,tp_ar,2,8.24525,1
decode,graph,4,192,9,tp_ar_vllm,1,8.49306,1
decode,graph,4,192,9,sp_nccl,0,4.59264,1
decode,graph,4,192,10,tp_ar,0,8.27290,1
decode,graph,4,192,10,tp_ar_vllm,2,8.56576,1
decode,graph,4,192,10,sp_nccl,1,4.66944,1
decode,graph,4,192,11,tp_ar,2,8.23398,1
decode,graph,4,192,11,tp_ar_vllm,0,9.28870,1
decode,graph,4,192,11,sp_nccl,1,4.60493,1
decode,graph,4,192,12,tp_ar,2,8.27187,1
decode,graph,4,192,12,tp_ar_vllm,1,9.37677,1
decode,graph,4,192,12,sp_nccl,0,4.56909,1
decode,graph,4,192,13,tp_ar,0,8.18278,1
decode,graph,4,192,13,tp_ar_vllm,1,9.41978,1
decode,graph,4,192,13,sp_nccl,2,4.69402,1
decode,graph,4,192,14,tp_ar,0,8.27392,1
decode,graph,4,192,14,tp_ar_vllm,1,9.34707,1
decode,graph,4,192,14,sp_nccl,2,4.67251,1
decode,graph,4,192,15,tp_ar,0,8.30669,1
decode,graph,4,192,15,tp_ar_vllm,1,9.30099,1
decode,graph,4,192,15,sp_nccl,2,4.69402,1
decode,graph,4,192,16,tp_ar,0,8.13875,1
decode,graph,4,192,16,tp_ar_vllm,1,9.42899,1
decode,graph,4,192,16,sp_nccl,2,4.60493,1
decode,graph,4,192,17,tp_ar,2,8.29850,1
decode,graph,4,192,17,tp_ar_vllm,0,9.44435,1
decode,graph,4,192,17,sp_nccl,1,4.60698,1
decode,graph,4,192,18,tp_ar,1,8.43366,1
decode,graph,4,192,18,tp_ar_vllm,2,9.36653,1
decode,graph,4,192,18,sp_nccl,0,4.59469,1
decode,graph,4,192,19,tp_ar,1,8.33434,1
decode,graph,4,192,19,tp_ar_vllm,0,9.37882,1
decode,graph,4,192,19,sp_nccl,2,4.63565,1
decode,graph,4,192,20,tp_ar,0,8.20429,1
decode,graph,4,192,20,tp_ar_vllm,1,9.39110,1
decode,graph,4,192,20,sp_nccl,2,4.69709,1
decode,graph,4,192,21,tp_ar,2,8.12646,1
decode,graph,4,192,21,tp_ar_vllm,1,9.37370,1
decode,graph,4,192,21,sp_nccl,0,4.57318,1
decode,graph,4,192,22,tp_ar,1,8.24218,1
decode,graph,4,192,22,tp_ar_vllm,0,9.29997,1
decode,graph,4,192,22,sp_nccl,2,4.60698,1
decode,graph,4,192,23,tp_ar,0,8.28314,1
decode,graph,4,192,23,tp_ar_vllm,1,9.33683,1
decode,graph,4,192,23,sp_nccl,2,4.58547,1
decode,graph,4,192,24,tp_ar,0,8.18790,1
decode,graph,4,192,24,tp_ar_vllm,2,9.33990,1
decode,graph,4,192,24,sp_nccl,1,4.66739,1
decode,graph,4,192,25,tp_ar,0,8.22682,1
decode,graph,4,192,25,tp_ar_vllm,1,9.48224,1
decode,graph,4,192,25,sp_nccl,2,4.61517,1
decode,graph,4,192,26,tp_ar,0,8.18381,1
decode,graph,4,192,26,tp_ar_vllm,2,9.38496,1
decode,graph,4,192,26,sp_nccl,1,4.59776,1
decode,graph,4,192,27,tp_ar,0,8.25958,1
decode,graph,4,192,27,tp_ar_vllm,1,9.36755,1
decode,graph,4,192,27,sp_nccl,2,4.60800,1
decode,graph,4,192,28,tp_ar,0,8.18381,1
decode,graph,4,192,28,tp_ar_vllm,1,9.41978,1
decode,graph,4,192,28,sp_nccl,2,4.68890,1
decode,graph,4,192,29,tp_ar,1,8.26778,1
decode,graph,4,192,29,tp_ar_vllm,0,9.22522,1
decode,graph,4,192,29,sp_nccl,2,4.57830,1
decode,graph,4,192,30,tp_ar,0,8.32307,1
decode,graph,4,192,30,tp_ar_vllm,2,9.31533,1
decode,graph,4,192,30,sp_nccl,1,4.59059,1
decode,graph,4,192,31,tp_ar,1,8.34253,1
decode,graph,4,192,31,tp_ar_vllm,0,9.40851,1
decode,graph,4,192,31,sp_nccl,2,4.77082,1
decode,graph,4,192,32,tp_ar,2,8.25754,1
decode,graph,4,192,32,tp_ar_vllm,1,9.42387,1
decode,graph,4,192,32,sp_nccl,0,4.63974,1
decode,graph,4,192,33,tp_ar,1,8.17152,1
decode,graph,4,192,33,tp_ar_vllm,0,9.43309,1
decode,graph,4,192,33,sp_nccl,2,4.59878,1
decode,graph,4,192,34,tp_ar,1,8.25446,1
decode,graph,4,192,34,tp_ar_vllm,2,9.42490,1
decode,graph,4,192,34,sp_nccl,0,4.57933,1
decode,graph,4,192,35,tp_ar,2,8.26880,1
decode,graph,4,192,35,tp_ar_vllm,0,9.41158,1
decode,graph,4,192,35,sp_nccl,1,4.67763,1
decode,graph,4,192,36,tp_ar,0,8.22477,1
decode,graph,4,192,36,tp_ar_vllm,2,9.44845,1
decode,graph,4,192,36,sp_nccl,1,4.59674,1
decode,graph,4,192,37,tp_ar,1,8.17664,1
decode,graph,4,192,37,tp_ar_vllm,0,9.34502,1
decode,graph,4,192,37,sp_nccl,2,4.63667,1
decode,graph,4,192,38,tp_ar,1,8.23501,1
decode,graph,4,192,38,tp_ar_vllm,0,9.30202,1
decode,graph,4,192,38,sp_nccl,2,4.66534,1
decode,graph,4,192,39,tp_ar,0,8.21862,1
decode,graph,4,192,39,tp_ar_vllm,2,9.27027,1
decode,graph,4,192,39,sp_nccl,1,4.62336,1
decode,graph,4,192,40,tp_ar,2,8.14285,1
decode,graph,4,192,40,tp_ar_vllm,1,9.34400,1
decode,graph,4,192,40,sp_nccl,0,4.59264,1
decode,graph,4,192,41,tp_ar,0,8.20838,1
decode,graph,4,192,41,tp_ar_vllm,1,9.40134,1
decode,graph,4,192,41,sp_nccl,2,4.60800,1
decode,graph,4,192,42,tp_ar,1,8.23501,1
decode,graph,4,192,42,tp_ar_vllm,2,9.32250,1
decode,graph,4,192,42,sp_nccl,0,4.64896,1
decode,graph,4,192,43,tp_ar,0,8.22784,1
decode,graph,4,192,43,tp_ar_vllm,1,9.28768,1
decode,graph,4,192,43,sp_nccl,2,4.64179,1
decode,graph,4,192,44,tp_ar,1,8.19405,1
decode,graph,4,192,44,tp_ar_vllm,2,9.36448,1
decode,graph,4,192,44,sp_nccl,0,4.66842,1
decode,graph,4,192,45,tp_ar,0,8.17152,1
decode,graph,4,192,45,tp_ar_vllm,1,9.42387,1
decode,graph,4,192,45,sp_nccl,2,4.62438,1
decode,graph,4,192,46,tp_ar,2,8.21862,1
decode,graph,4,192,46,tp_ar_vllm,0,9.35936,1
decode,graph,4,192,46,sp_nccl,1,4.57626,1
decode,graph,4,192,47,tp_ar,1,8.18483,1
decode,graph,4,192,47,tp_ar_vllm,0,9.32454,1
decode,graph,4,192,47,sp_nccl,2,4.60288,1
decode,graph,4,192,48,tp_ar,1,8.17562,1
decode,graph,4,192,48,tp_ar_vllm,0,9.49760,1
decode,graph,4,192,48,sp_nccl,2,4.61619,1
decode,graph,4,192,49,tp_ar,2,8.27290,1
decode,graph,4,192,49,tp_ar_vllm,0,9.59078,1
decode,graph,4,192,49,sp_nccl,1,4.58854,1
decode,graph,4,192,50,tp_ar,0,8.20224,1
decode,graph,4,192,50,tp_ar_vllm,2,9.30099,1
decode,graph,4,192,50,sp_nccl,1,4.65818,1
decode,graph,4,192,51,tp_ar,0,8.15206,1
decode,graph,4,192,51,tp_ar_vllm,1,9.47917,1
decode,graph,4,192,51,sp_nccl,2,4.68992,1
decode,graph,4,192,52,tp_ar,1,8.27085,1
decode,graph,4,192,52,tp_ar_vllm,0,9.24365,1
decode,graph,4,192,52,sp_nccl,2,4.59469,1
decode,graph,4,192,53,tp_ar,0,8.15718,1
decode,graph,4,192,53,tp_ar_vllm,2,9.45050,1
decode,graph,4,192,53,sp_nccl,1,4.64384,1
decode,graph,4,192,54,tp_ar,0,8.19302,1
decode,graph,4,192,54,tp_ar_vllm,1,9.32557,1
decode,graph,4,192,54,sp_nccl,2,4.58650,1
decode,graph,4,192,55,tp_ar,2,8.19098,1
decode,graph,4,192,55,tp_ar_vllm,1,9.35219,1
decode,graph,4,192,55,sp_nccl,0,4.63872,1
decode,graph,4,192,56,tp_ar,2,8.22989,1
decode,graph,4,192,56,tp_ar_vllm,1,9.53344,1
decode,graph,4,192,56,sp_nccl,0,4.64384,1
decode,graph,4,192,57,tp_ar,1,8.30669,1
decode,graph,4,192,57,tp_ar_vllm,2,9.47200,1
decode,graph,4,192,57,sp_nccl,0,4.60800,1
decode,graph,4,192,58,tp_ar,2,8.17562,1
decode,graph,4,192,58,tp_ar_vllm,0,9.29894,1
decode,graph,4,192,58,sp_nccl,1,4.71757,1
decode,graph,4,192,59,tp_ar,0,8.22579,1
decode,graph,4,192,59,tp_ar_vllm,2,9.35526,1
decode,graph,4,192,59,sp_nccl,1,4.62234,1
decode,graph,4,192,60,tp_ar,0,8.18381,1
decode,graph,4,192,60,tp_ar_vllm,2,9.43104,1
decode,graph,4,192,60,sp_nccl,1,4.67354,1
decode,graph,4,192,61,tp_ar,2,8.21862,1
decode,graph,4,192,61,tp_ar_vllm,1,9.35526,1
decode,graph,4,192,61,sp_nccl,0,4.65613,1
decode,graph,4,192,62,tp_ar,2,8.26368,1
decode,graph,4,192,62,tp_ar_vllm,1,9.34605,1
decode,graph,4,192,62,sp_nccl,0,4.61312,1
decode,graph,4,192,63,tp_ar,2,8.23706,1
decode,graph,4,192,63,tp_ar_vllm,0,9.33478,1
decode,graph,4,192,63,sp_nccl,1,4.68480,1
decode,graph,4,192,64,tp_ar,2,8.22579,1
decode,graph,4,192,64,tp_ar_vllm,0,9.41875,1
decode,graph,4,192,64,sp_nccl,1,4.63770,1
decode,graph,4,192,65,tp_ar,0,8.25958,1
decode,graph,4,192,65,tp_ar_vllm,2,9.54982,1
decode,graph,4,192,65,sp_nccl,1,4.76262,1
decode,graph,4,192,66,tp_ar,0,8.22989,1
decode,graph,4,192,66,tp_ar_vllm,2,9.36858,1
decode,graph,4,192,66,sp_nccl,1,4.64794,1
decode,graph,4,192,67,tp_ar,2,8.18074,1
decode,graph,4,192,67,tp_ar_vllm,0,9.39315,1
decode,graph,4,192,67,sp_nccl,1,4.69811,1
decode,graph,4,192,68,tp_ar,1,8.21043,1
decode,graph,4,192,68,tp_ar_vllm,2,9.33376,1
decode,graph,4,192,68,sp_nccl,0,4.57626,1
decode,graph,4,192,69,tp_ar,0,8.24627,1
decode,graph,4,192,69,tp_ar_vllm,2,9.27642,1
decode,graph,4,192,69,sp_nccl,1,4.56909,1
decode,graph,4,192,70,tp_ar,1,8.18586,1
decode,graph,4,192,70,tp_ar_vllm,0,9.40954,1
decode,graph,4,192,70,sp_nccl,2,4.58854,1
decode,graph,4,192,71,tp_ar,1,8.21453,1
decode,graph,4,192,71,tp_ar_vllm,0,9.41978,1
decode,graph,4,192,71,sp_nccl,2,4.65306,1
decode,graph,4,192,72,tp_ar,1,8.10598,1
decode,graph,4,192,72,tp_ar_vllm,2,9.39418,1
decode,graph,4,192,72,sp_nccl,0,4.60800,1
decode,graph,4,192,73,tp_ar,0,8.17766,1
decode,graph,4,192,73,tp_ar_vllm,2,9.38189,1
decode,graph,4,192,73,sp_nccl,1,4.56909,1
decode,graph,4,192,74,tp_ar,2,8.23296,1
decode,graph,4,192,74,tp_ar_vllm,0,9.32864,1
decode,graph,4,192,74,sp_nccl,1,4.59878,1
decode,graph,4,192,75,tp_ar,0,8.16026,1
decode,graph,4,192,75,tp_ar_vllm,1,9.46995,1
decode,graph,4,192,75,sp_nccl,2,4.66534,1
decode,graph,4,192,76,tp_ar,0,8.27494,1
decode,graph,4,192,76,tp_ar_vllm,2,9.52218,1
decode,graph,4,192,76,sp_nccl,1,4.66842,1
decode,graph,4,192,77,tp_ar,2,10.65984,1
decode,graph,4,192,77,tp_ar_vllm,1,9.30816,1
decode,graph,4,192,77,sp_nccl,0,4.78413,1
decode,graph,4,192,78,tp_ar,0,8.21862,1
decode,graph,4,192,78,tp_ar_vllm,2,9.41056,1
decode,graph,4,192,78,sp_nccl,1,4.60083,1
decode,graph,4,192,79,tp_ar,2,8.16230,1
decode,graph,4,192,79,tp_ar_vllm,0,9.29075,1
decode,graph,4,192,79,sp_nccl,1,4.60595,1
decode,graph,4,192,80,tp_ar,1,8.21760,1
decode,graph,4,192,80,tp_ar_vllm,2,9.49555,1
decode,graph,4,192,80,sp_nccl,0,4.62541,1
decode,graph,4,192,81,tp_ar,1,8.22886,1
decode,graph,4,192,81,tp_ar_vllm,0,9.39827,1
decode,graph,4,192,81,sp_nccl,2,4.56806,1
decode,graph,4,192,82,tp_ar,1,8.31386,1
decode,graph,4,192,82,tp_ar_vllm,2,9.43821,1
decode,graph,4,192,82,sp_nccl,0,4.53530,1
decode,graph,4,192,83,tp_ar,2,8.22170,1
decode,graph,4,192,83,tp_ar_vllm,0,9.34298,1
decode,graph,4,192,83,sp_nccl,1,4.61517,1
decode,graph,4,192,84,tp_ar,0,8.20019,1
decode,graph,4,192,84,tp_ar_vllm,1,9.23546,1
decode,graph,4,192,84,sp_nccl,2,4.55475,1
decode,graph,4,192,85,tp_ar,2,8.23296,1
decode,graph,4,192,85,tp_ar_vllm,1,9.41568,1
decode,graph,4,192,85,sp_nccl,0,4.68685,1
decode,graph,4,192,86,tp_ar,1,8.27699,1
decode,graph,4,192,86,tp_ar_vllm,2,9.31226,1
decode,graph,4,192,86,sp_nccl,0,4.60595,1
decode,graph,4,192,87,tp_ar,2,8.32307,1
decode,graph,4,192,87,tp_ar_vllm,0,9.35424,1
decode,graph,4,192,87,sp_nccl,1,4.70221,1
decode,graph,4,192,88,tp_ar,0,8.19917,1
decode,graph,4,192,88,tp_ar_vllm,1,9.34093,1
decode,graph,4,192,88,sp_nccl,2,4.66739,1
decode,graph,4,192,89,tp_ar,2,8.13568,1
decode,graph,4,192,89,tp_ar_vllm,0,9.38189,1
decode,graph,4,192,89,sp_nccl,1,4.64077,1
decode,graph,4,192,90,tp_ar,2,8.18176,1
decode,graph,4,192,90,tp_ar_vllm,1,9.33581,1
decode,graph,4,192,90,sp_nccl,0,4.62336,1
decode,graph,4,192,91,tp_ar,2,8.28416,1
decode,graph,4,192,91,tp_ar_vllm,1,9.19859,1
decode,graph,4,192,91,sp_nccl,0,4.65920,1
decode,graph,4,192,92,tp_ar,0,8.28416,1
decode,graph,4,192,92,tp_ar_vllm,2,9.35322,1
decode,graph,4,192,92,sp_nccl,1,4.54451,1
decode,graph,4,192,93,tp_ar,1,8.24320,1
decode,graph,4,192,93,tp_ar_vllm,2,9.43616,1
decode,graph,4,192,93,sp_nccl,0,4.55578,1
decode,graph,4,192,94,tp_ar,2,8.12749,1
decode,graph,4,192,94,tp_ar_vllm,0,9.50886,1
decode,graph,4,192,94,sp_nccl,1,4.63974,1
decode,graph,4,192,95,tp_ar,1,8.15718,1
decode,graph,4,192,95,tp_ar_vllm,0,9.37984,1
decode,graph,4,192,95,sp_nccl,2,4.58342,1
decode,graph,4,192,96,tp_ar,1,8.21555,1
decode,graph,4,192,96,tp_ar_vllm,0,9.45971,1
decode,graph,4,192,96,sp_nccl,2,4.62643,1
decode,graph,4,192,97,tp_ar,1,8.16845,1
decode,graph,4,192,97,tp_ar_vllm,0,9.49043,1
decode,graph,4,192,97,sp_nccl,2,4.62643,1
decode,graph,4,192,98,tp_ar,1,8.23910,1
decode,graph,4,192,98,tp_ar_vllm,2,9.37165,1
decode,graph,4,192,98,sp_nccl,0,4.64998,1
decode,graph,4,192,99,tp_ar,0,8.22682,1
decode,graph,4,192,99,tp_ar_vllm,1,9.46688,1
decode,graph,4,192,99,sp_nccl,2,4.64998,1
decode,graph,4,192,100,tp_ar,0,8.20838,1
decode,graph,4,192,100,tp_ar_vllm,1,9.28870,1
decode,graph,4,192,100,sp_nccl,2,4.59059,1
decode,graph,4,192,101,tp_ar,0,8.23194,1
decode,graph,4,192,101,tp_ar_vllm,2,9.41261,1
decode,graph,4,192,101,sp_nccl,1,4.66534,1
decode,graph,4,192,102,tp_ar,2,8.23808,1
decode,graph,4,192,102,tp_ar_vllm,0,9.33786,1
decode,graph,4,192,102,sp_nccl,1,4.59366,1
decode,graph,4,192,103,tp_ar,2,8.25344,1
decode,graph,4,192,103,tp_ar_vllm,0,9.50886,1
decode,graph,4,192,103,sp_nccl,1,4.61210,1
decode,graph,4,192,104,tp_ar,0,8.16230,1
decode,graph,4,192,104,tp_ar_vllm,2,9.29178,1
decode,graph,4,192,104,sp_nccl,1,4.58752,1
decode,graph,4,192,105,tp_ar,1,8.29850,1
decode,graph,4,192,105,tp_ar_vllm,2,14.46400,1
decode,graph,4,192,105,sp_nccl,0,4.57933,1
decode,graph,4,192,106,tp_ar,1,8.21248,1
decode,graph,4,192,106,tp_ar_vllm,2,9.31328,1
decode,graph,4,192,106,sp_nccl,0,4.59264,1
decode,graph,4,192,107,tp_ar,0,8.28006,1
decode,graph,4,192,107,tp_ar_vllm,1,9.31840,1
decode,graph,4,192,107,sp_nccl,2,4.59469,1
decode,graph,4,192,108,tp_ar,0,8.28518,1
decode,graph,4,192,108,tp_ar_vllm,2,9.34400,1
decode,graph,4,192,108,sp_nccl,1,4.58854,1
decode,graph,4,192,109,tp_ar,2,8.27290,1
decode,graph,4,192,109,tp_ar_vllm,0,9.28768,1
decode,graph,4,192,109,sp_nccl,1,4.57830,1
decode,graph,4,192,110,tp_ar,1,8.18483,1
decode,graph,4,192,110,tp_ar_vllm,0,9.55085,1
decode,graph,4,192,110,sp_nccl,2,4.59469,1
decode,graph,4,192,111,tp_ar,0,8.26061,1
decode,graph,4,192,111,tp_ar_vllm,2,9.48429,1
decode,graph,4,192,111,sp_nccl,1,4.65613,1
decode,graph,4,192,112,tp_ar,0,8.29338,1
decode,graph,4,192,112,tp_ar_vllm,2,9.30304,1
decode,graph,4,192,112,sp_nccl,1,4.66842,1
decode,graph,4,192,113,tp_ar,0,8.18278,1
decode,graph,4,192,113,tp_ar_vllm,1,9.45357,1
decode,graph,4,192,113,sp_nccl,2,4.55373,1
decode,graph,4,192,114,tp_ar,2,8.22989,1
decode,graph,4,192,114,tp_ar_vllm,1,9.37677,1
decode,graph,4,192,114,sp_nccl,0,4.67354,1
decode,graph,4,192,115,tp_ar,1,8.35379,1
decode,graph,4,192,115,tp_ar_vllm,0,9.34605,1
decode,graph,4,192,115,sp_nccl,2,4.63155,1
decode,graph,4,192,116,tp_ar,2,8.28211,1
decode,graph,4,192,116,tp_ar_vllm,1,9.48736,1
decode,graph,4,192,116,sp_nccl,0,4.57318,1
decode,graph,4,192,117,tp_ar,1,8.26982,1
decode,graph,4,192,117,tp_ar_vllm,0,9.50886,1
decode,graph,4,192,117,sp_nccl,2,4.56909,1
decode,graph,4,192,118,tp_ar,2,8.28723,1
decode,graph,4,192,118,tp_ar_vllm,1,9.37677,1
decode,graph,4,192,118,sp_nccl,0,4.55270,1
decode,graph,4,192,119,tp_ar,0,8.21965,1
decode,graph,4,192,119,tp_ar_vllm,1,9.53242,1
decode,graph,4,192,119,sp_nccl,2,4.56909,1
decode,graph,4,192,120,tp_ar,1,8.15411,1
decode,graph,4,192,120,tp_ar_vllm,0,9.43718,1
decode,graph,4,192,120,sp_nccl,2,4.65101,1
decode,graph,4,192,121,tp_ar,0,8.15002,1
decode,graph,4,192,121,tp_ar_vllm,2,9.26413,1
decode,graph,4,192,121,sp_nccl,1,4.63565,1
decode,graph,4,192,122,tp_ar,1,8.22784,1
decode,graph,4,192,122,tp_ar_vllm,2,9.53651,1
decode,graph,4,192,122,sp_nccl,0,4.56806,1
decode,graph,4,192,123,tp_ar,0,8.24115,1
decode,graph,4,192,123,tp_ar_vllm,1,9.41773,1
decode,graph,4,192,123,sp_nccl,2,4.57114,1
decode,graph,4,192,124,tp_ar,2,8.18893,1
decode,graph,4,192,124,tp_ar_vllm,1,9.44435,1
decode,graph,4,192,124,sp_nccl,0,4.57523,1
decode,graph,4,192,125,tp_ar,0,8.17664,1
decode,graph,4,192,125,tp_ar_vllm,1,9.52832,1
decode,graph,4,192,125,sp_nccl,2,4.65203,1
decode,graph,4,192,126,tp_ar,1,8.20941,1
decode,graph,4,192,126,tp_ar_vllm,2,9.46074,1
decode,graph,4,192,126,sp_nccl,0,4.67149,1
decode,graph,4,192,127,tp_ar,2,8.24730,1
decode,graph,4,192,127,tp_ar_vllm,1,9.72493,1
decode,graph,4,192,127,sp_nccl,0,4.64896,1
decode,graph,4,192,128,tp_ar,0,8.16947,1
decode,graph,4,192,128,tp_ar_vllm,2,9.54163,1
decode,graph,4,192,128,sp_nccl,1,4.57114,1
decode,graph,4,192,129,tp_ar,2,8.20019,1
decode,graph,4,192,129,tp_ar_vllm,1,10.18982,1
decode,graph,4,192,129,sp_nccl,0,4.55168,1
decode,graph,4,192,130,tp_ar,1,8.23501,1
decode,graph,4,192,130,tp_ar_vllm,2,9.59386,1
decode,graph,4,192,130,sp_nccl,0,4.67661,1
decode,graph,4,192,131,tp_ar,1,8.26470,1
decode,graph,4,192,131,tp_ar_vllm,2,9.38291,1
decode,graph,4,192,131,sp_nccl,0,4.62643,1
decode,graph,4,192,132,tp_ar,1,8.12442,1
decode,graph,4,192,132,tp_ar_vllm,2,9.78022,1
decode,graph,4,192,132,sp_nccl,0,4.67456,1
decode,graph,4,192,133,tp_ar,0,8.20429,1
decode,graph,4,192,133,tp_ar_vllm,1,9.42694,1
decode,graph,4,192,133,sp_nccl,2,4.68480,1
decode,graph,4,192,134,tp_ar,1,8.26675,1
decode,graph,4,192,134,tp_ar_vllm,2,9.34912,1
decode,graph,4,192,134,sp_nccl,0,4.58240,1
decode,graph,4,192,135,tp_ar,0,8.21043,1
decode,graph,4,192,135,tp_ar_vllm,1,9.30816,1
decode,graph,4,192,135,sp_nccl,2,4.69299,1
decode,graph,4,192,136,tp_ar,2,8.26982,1
decode,graph,4,192,136,tp_ar_vllm,0,9.33888,1
decode,graph,4,192,136,sp_nccl,1,4.68685,1
decode,graph,4,192,137,tp_ar,1,8.25242,1
decode,graph,4,192,137,tp_ar_vllm,0,9.25594,1
decode,graph,4,192,137,sp_nccl,2,4.68480,1
decode,graph,4,192,138,tp_ar,2,8.12851,1
decode,graph,4,192,138,tp_ar_vllm,0,9.35629,1
decode,graph,4,192,138,sp_nccl,1,4.58547,1
decode,graph,4,192,139,tp_ar,2,8.42035,1
decode,graph,4,192,139,tp_ar_vllm,0,9.45664,1
decode,graph,4,192,139,sp_nccl,1,4.56806,1
decode,graph,4,192,140,tp_ar,1,8.24934,1
decode,graph,4,192,140,tp_ar_vllm,2,9.33786,1
decode,graph,4,192,140,sp_nccl,0,4.70630,1
decode,graph,4,192,141,tp_ar,2,8.22579,1
decode,graph,4,192,141,tp_ar_vllm,1,9.32966,1
decode,graph,4,192,141,sp_nccl,0,5.22547,1
decode,graph,4,192,142,tp_ar,1,8.21350,1
decode,graph,4,192,142,tp_ar_vllm,2,9.38394,1
decode,graph,4,192,142,sp_nccl,0,4.57114,1
decode,graph,4,192,143,tp_ar,2,8.14387,1
decode,graph,4,192,143,tp_ar_vllm,0,9.41466,1
decode,graph,4,192,143,sp_nccl,1,4.62234,1
decode,graph,4,192,144,tp_ar,1,8.19712,1
decode,graph,4,192,144,tp_ar_vllm,0,9.50579,1
decode,graph,4,192,144,sp_nccl,2,4.64589,1
decode,graph,4,192,145,tp_ar,1,8.23296,1
decode,graph,4,192,145,tp_ar_vllm,2,9.26720,1
decode,graph,4,192,145,sp_nccl,0,4.58547,1
decode,graph,4,192,146,tp_ar,0,8.25856,1
decode,graph,4,192,146,tp_ar_vllm,1,9.46176,1
decode,graph,4,192,146,sp_nccl,2,4.59264,1
decode,graph,4,192,147,tp_ar,0,8.20941,1
decode,graph,4,192,147,tp_ar_vllm,1,9.31328,1
decode,graph,4,192,147,sp_nccl,2,4.58650,1
decode,graph,4,192,148,tp_ar,0,8.33229,1
decode,graph,4,192,148,tp_ar_vllm,2,9.36550,1
decode,graph,4,192,148,sp_nccl,1,4.67661,1
decode,graph,4,192,149,tp_ar,0,8.30874,1
decode,graph,4,192,149,tp_ar_vllm,1,9.25901,1
decode,graph,4,192,149,sp_nccl,2,4.64589,1
decode,graph,4,192,150,tp_ar,0,8.18074,1
decode,graph,4,192,150,tp_ar_vllm,2,9.45050,1
decode,graph,4,192,150,sp_nccl,1,4.63667,1
decode,graph,4,192,151,tp_ar,0,8.30362,1
decode,graph,4,192,151,tp_ar_vllm,1,9.35322,1
decode,graph,4,192,151,sp_nccl,2,4.62541,1
decode,graph,4,192,152,tp_ar,1,8.20224,1
decode,graph,4,192,152,tp_ar_vllm,2,9.35117,1
decode,graph,4,192,152,sp_nccl,0,4.57626,1
decode,graph,4,192,153,tp_ar,0,8.50637,1
decode,graph,4,192,153,tp_ar_vllm,1,9.21805,1
decode,graph,4,192,153,sp_nccl,2,4.59366,1
decode,graph,4,192,154,tp_ar,2,8.11622,1
decode,graph,4,192,154,tp_ar_vllm,1,9.52320,1
decode,graph,4,192,154,sp_nccl,0,4.59571,1
decode,graph,4,192,155,tp_ar,1,8.25549,1
decode,graph,4,192,155,tp_ar_vllm,0,9.33581,1
decode,graph,4,192,155,sp_nccl,2,4.77901,1
decode,graph,4,192,156,tp_ar,0,8.25242,1
decode,graph,4,192,156,tp_ar_vllm,1,9.31226,1
decode,graph,4,192,156,sp_nccl,2,4.63770,1
decode,graph,4,192,157,tp_ar,2,8.18381,1
decode,graph,4,192,157,tp_ar_vllm,0,9.42694,1
decode,graph,4,192,157,sp_nccl,1,4.57318,1
decode,graph,4,192,158,tp_ar,0,8.22067,1
decode,graph,4,192,158,tp_ar_vllm,2,9.31430,1
decode,graph,4,192,158,sp_nccl,1,4.65101,1
decode,graph,4,192,159,tp_ar,1,8.21043,1
decode,graph,4,192,159,tp_ar_vllm,0,9.48941,1
decode,graph,4,192,159,sp_nccl,2,4.55270,1
decode,graph,4,192,160,tp_ar,0,8.27494,1
decode,graph,4,192,160,tp_ar_vllm,2,9.32250,1
decode,graph,4,192,160,sp_nccl,1,4.63770,1
decode,graph,4,192,161,tp_ar,1,8.26470,1
decode,graph,4,192,161,tp_ar_vllm,0,9.24058,1
decode,graph,4,192,161,sp_nccl,2,4.61312,1
decode,graph,4,192,162,tp_ar,0,8.20326,1
decode,graph,4,192,162,tp_ar_vllm,2,9.30509,1
decode,graph,4,192,162,sp_nccl,1,4.55680,1
decode,graph,4,192,163,tp_ar,2,8.24934,1
decode,graph,4,192,163,tp_ar_vllm,0,9.34912,1
decode,graph,4,192,163,sp_nccl,1,4.57114,1
decode,graph,4,192,164,tp_ar,2,8.23603,1
decode,graph,4,192,164,tp_ar_vllm,0,9.39725,1
decode,graph,4,192,164,sp_nccl,1,4.73600,1
decode,graph,4,192,165,tp_ar,0,8.20429,1
decode,graph,4,192,165,tp_ar_vllm,1,9.27130,1
decode,graph,4,192,165,sp_nccl,2,4.67661,1
decode,graph,4,192,166,tp_ar,1,8.35789,1
decode,graph,4,192,166,tp_ar_vllm,0,9.48122,1
decode,graph,4,192,166,sp_nccl,2,4.59059,1
decode,graph,4,192,167,tp_ar,0,8.16435,1
decode,graph,4,192,167,tp_ar_vllm,1,9.25389,1
decode,graph,4,192,167,sp_nccl,2,4.61312,1
decode,graph,4,192,168,tp_ar,2,8.22374,1
decode,graph,4,192,168,tp_ar_vllm,1,9.50886,1
decode,graph,4,192,168,sp_nccl,0,4.64589,1
decode,graph,4,192,169,tp_ar,0,8.29542,1
decode,graph,4,192,169,tp_ar_vllm,1,9.35731,1
decode,graph,4,192,169,sp_nccl,2,4.63770,1
decode,graph,4,192,170,tp_ar,2,8.22579,1
decode,graph,4,192,170,tp_ar_vllm,1,9.33478,1
decode,graph,4,192,170,sp_nccl,0,4.63667,1
decode,graph,4,192,171,tp_ar,1,8.14797,1
decode,graph,4,192,171,tp_ar_vllm,0,9.28256,1
decode,graph,4,192,171,sp_nccl,2,4.59162,1
decode,graph,4,192,172,tp_ar,1,8.21760,1
decode,graph,4,192,172,tp_ar_vllm,0,9.26618,1
decode,graph,4,192,172,sp_nccl,2,4.55885,1
decode,graph,4,192,173,tp_ar,2,8.16947,1
decode,graph,4,192,173,tp_ar_vllm,1,9.43309,1
decode,graph,4,192,173,sp_nccl,0,4.78618,1
decode,graph,4,192,174,tp_ar,2,8.25139,1
decode,graph,4,192,174,tp_ar_vllm,0,9.40646,1
decode,graph,4,192,174,sp_nccl,1,4.73600,1
decode,graph,4,192,175,tp_ar,1,8.22579,1
decode,graph,4,192,175,tp_ar_vllm,0,9.41875,1
decode,graph,4,192,175,sp_nccl,2,4.63974,1
decode,graph,4,192,176,tp_ar,2,8.30976,1
decode,graph,4,192,176,tp_ar_vllm,1,9.35322,1
decode,graph,4,192,176,sp_nccl,0,4.58240,1
decode,graph,4,192,177,tp_ar,1,8.17766,1
decode,graph,4,192,177,tp_ar_vllm,2,9.60819,1
decode,graph,4,192,177,sp_nccl,0,4.56192,1
decode,graph,4,192,178,tp_ar,0,8.23603,1
decode,graph,4,192,178,tp_ar_vllm,1,9.63584,1
decode,graph,4,192,178,sp_nccl,2,4.60800,1
decode,graph,4,192,179,tp_ar,2,8.11827,1
decode,graph,4,192,179,tp_ar_vllm,1,9.26822,1
decode,graph,4,192,179,sp_nccl,0,4.60493,1
decode,graph,4,192,180,tp_ar,0,8.21146,1
decode,graph,4,192,180,tp_ar_vllm,2,9.24672,1
decode,graph,4,192,180,sp_nccl,1,4.57114,1
decode,graph,4,192,181,tp_ar,0,8.24832,1
decode,graph,4,192,181,tp_ar_vllm,2,9.41875,1
decode,graph,4,192,181,sp_nccl,1,4.57011,1
decode,graph,4,192,182,tp_ar,2,8.15718,1
decode,graph,4,192,182,tp_ar_vllm,0,9.41466,1
decode,graph,4,192,182,sp_nccl,1,4.65818,1
decode,graph,4,192,183,tp_ar,2,8.17766,1
decode,graph,4,192,183,tp_ar_vllm,0,9.25696,1
decode,graph,4,192,183,sp_nccl,1,4.63872,1
decode,graph,4,192,184,tp_ar,0,8.23603,1
decode,graph,4,192,184,tp_ar_vllm,2,9.31328,1
decode,graph,4,192,184,sp_nccl,1,4.63974,1
decode,graph,4,192,185,tp_ar,1,8.21658,1
decode,graph,4,192,185,tp_ar_vllm,2,9.27437,1
decode,graph,4,192,185,sp_nccl,0,4.63155,1
decode,graph,4,192,186,tp_ar,2,8.28518,1
decode,graph,4,192,186,tp_ar_vllm,0,9.38803,1
decode,graph,4,192,186,sp_nccl,1,4.55782,1
decode,graph,4,192,187,tp_ar,0,8.26982,1
decode,graph,4,192,187,tp_ar_vllm,2,9.39725,1
decode,graph,4,192,187,sp_nccl,1,4.61824,1
decode,graph,4,192,188,tp_ar,2,8.21350,1
decode,graph,4,192,188,tp_ar_vllm,0,9.33888,1
decode,graph,4,192,188,sp_nccl,1,4.63053,1
decode,graph,4,192,189,tp_ar,0,8.23706,1
decode,graph,4,192,189,tp_ar_vllm,2,9.34400,1
decode,graph,4,192,189,sp_nccl,1,4.62848,1
decode,graph,4,192,190,tp_ar,0,8.22374,1
decode,graph,4,192,190,tp_ar_vllm,2,9.29382,1
decode,graph,4,192,190,sp_nccl,1,4.66944,1
decode,graph,4,192,191,tp_ar,0,8.12237,1
decode,graph,4,192,191,tp_ar_vllm,1,9.22829,1
decode,graph,4,192,191,sp_nccl,2,4.58854,1
decode,graph,4,192,192,tp_ar,2,8.23398,1
decode,graph,4,192,192,tp_ar_vllm,0,9.40749,1
decode,graph,4,192,192,sp_nccl,1,4.59878,1
decode,graph,4,192,193,tp_ar,0,8.20634,1
decode,graph,4,192,193,tp_ar_vllm,2,9.44026,1
decode,graph,4,192,193,sp_nccl,1,4.56499,1
decode,graph,4,192,194,tp_ar,2,8.27085,1
decode,graph,4,192,194,tp_ar_vllm,0,9.38701,1
decode,graph,4,192,194,sp_nccl,1,4.67456,1
decode,graph,4,192,195,tp_ar,2,8.23603,1
decode,graph,4,192,195,tp_ar_vllm,1,9.39315,1
decode,graph,4,192,195,sp_nccl,0,4.59776,1
decode,graph,4,192,196,tp_ar,1,8.26675,1
decode,graph,4,192,196,tp_ar_vllm,0,9.52627,1
decode,graph,4,192,196,sp_nccl,2,4.56602,1
decode,graph,4,192,197,tp_ar,0,8.13875,1
decode,graph,4,192,197,tp_ar_vllm,2,9.38394,1
decode,graph,4,192,197,sp_nccl,1,4.63974,1
decode,graph,4,192,198,tp_ar,0,8.25037,1
decode,graph,4,192,198,tp_ar_vllm,1,9.32045,1
decode,graph,4,192,198,sp_nccl,2,4.74522,1
decode,graph,4,192,199,tp_ar,2,8.23603,1
decode,graph,4,192,199,tp_ar_vllm,0,9.39008,1
decode,graph,4,192,199,sp_nccl,1,4.56090,1
decode,graph,4,320,0,tp_ar,1,6.06720,1
decode,graph,4,320,0,tp_ar_vllm,0,5.91565,1
decode,graph,4,320,0,sp_nccl,2,6.54848,1
decode,graph,4,320,1,tp_ar,0,5.99040,1
decode,graph,4,320,1,tp_ar_vllm,1,6.12557,1
decode,graph,4,320,1,sp_nccl,2,6.64576,1
decode,graph,4,320,2,tp_ar,0,5.90950,1
decode,graph,4,320,2,tp_ar_vllm,2,6.04672,1
decode,graph,4,320,2,sp_nccl,1,6.59456,1
decode,graph,4,320,3,tp_ar,1,6.08154,1
decode,graph,4,320,3,tp_ar_vllm,2,6.06003,1
decode,graph,4,320,3,sp_nccl,0,6.61094,1
decode,graph,4,320,4,tp_ar,2,6.14912,1
decode,graph,4,320,4,tp_ar_vllm,0,5.90234,1
decode,graph,4,320,4,sp_nccl,1,6.61299,1
decode,graph,4,320,5,tp_ar,2,6.08051,1
decode,graph,4,320,5,tp_ar_vllm,1,6.04365,1
decode,graph,4,320,5,sp_nccl,0,6.51674,1
decode,graph,4,320,6,tp_ar,0,5.96378,1
decode,graph,4,320,6,tp_ar_vllm,2,5.99859,1
decode,graph,4,320,6,sp_nccl,1,6.60992,1
decode,graph,4,320,7,tp_ar,2,6.01702,1
decode,graph,4,320,7,tp_ar_vllm,1,5.97094,1
decode,graph,4,320,7,sp_nccl,0,6.56077,1
decode,graph,4,320,8,tp_ar,0,6.05184,1
decode,graph,4,320,8,tp_ar_vllm,2,6.10202,1
decode,graph,4,320,8,sp_nccl,1,6.54336,1
decode,graph,4,320,9,tp_ar,0,6.00883,1
decode,graph,4,320,9,tp_ar_vllm,2,6.07744,1
decode,graph,4,320,9,sp_nccl,1,6.57203,1
decode,graph,4,320,10,tp_ar,0,6.07744,1
decode,graph,4,320,10,tp_ar_vllm,2,5.96582,1
decode,graph,4,320,10,sp_nccl,1,6.52390,1
decode,graph,4,320,11,tp_ar,0,6.00064,1
decode,graph,4,320,11,tp_ar_vllm,1,6.04979,1
decode,graph,4,320,11,sp_nccl,2,6.62426,1
decode,graph,4,320,12,tp_ar,2,6.00064,1
decode,graph,4,320,12,tp_ar_vllm,0,6.07539,1
decode,graph,4,320,12,sp_nccl,1,6.52800,1
decode,graph,4,320,13,tp_ar,0,6.07027,1
decode,graph,4,320,13,tp_ar_vllm,1,6.12045,1
decode,graph,4,320,13,sp_nccl,2,6.59968,1
decode,graph,4,320,14,tp_ar,1,5.92896,1
decode,graph,4,320,14,tp_ar_vllm,2,6.08973,1
decode,graph,4,320,14,sp_nccl,0,6.57408,1
decode,graph,4,320,15,tp_ar,2,6.12659,1
decode,graph,4,320,15,tp_ar_vllm,0,6.10406,1
decode,graph,4,320,15,sp_nccl,1,6.55462,1
decode,graph,4,320,16,tp_ar,0,6.03136,1
decode,graph,4,320,16,tp_ar_vllm,1,6.00678,1
decode,graph,4,320,16,sp_nccl,2,6.74611,1
decode,graph,4,320,17,tp_ar,0,6.07744,1
decode,graph,4,320,17,tp_ar_vllm,1,5.97709,1
decode,graph,4,320,17,sp_nccl,2,6.59046,1
decode,graph,4,320,18,tp_ar,0,5.94330,1
decode,graph,4,320,18,tp_ar_vllm,1,6.10099,1
decode,graph,4,320,18,sp_nccl,2,6.64371,1
decode,graph,4,320,19,tp_ar,1,5.92589,1
decode,graph,4,320,19,tp_ar_vllm,2,6.07130,1
decode,graph,4,320,19,sp_nccl,0,6.56794,1
decode,graph,4,320,20,tp_ar,0,5.96275,1
decode,graph,4,320,20,tp_ar_vllm,1,5.96890,1
decode,graph,4,320,20,sp_nccl,2,6.55155,1
decode,graph,4,320,21,tp_ar,1,5.98323,1
decode,graph,4,320,21,tp_ar_vllm,0,6.03648,1
decode,graph,4,320,21,sp_nccl,2,6.69184,1
decode,graph,4,320,22,tp_ar,0,6.07334,1
decode,graph,4,320,22,tp_ar_vllm,1,5.98630,1
decode,graph,4,320,22,sp_nccl,2,6.60070,1
decode,graph,4,320,23,tp_ar,0,5.95866,1
decode,graph,4,320,23,tp_ar_vllm,1,6.14810,1
decode,graph,4,320,23,sp_nccl,2,6.59354,1
decode,graph,4,320,24,tp_ar,2,6.03136,1
decode,graph,4,320,24,tp_ar_vllm,1,6.00883,1
decode,graph,4,320,24,sp_nccl,0,6.56794,1
decode,graph,4,320,25,tp_ar,0,5.90643,1
decode,graph,4,320,25,tp_ar_vllm,1,6.11635,1
decode,graph,4,320,25,sp_nccl,2,6.61197,1
decode,graph,4,320,26,tp_ar,0,5.97094,1
decode,graph,4,320,26,tp_ar_vllm,2,5.99450,1
decode,graph,4,320,26,sp_nccl,1,6.60685,1
decode,graph,4,320,27,tp_ar,0,6.08051,1
decode,graph,4,320,27,tp_ar_vllm,2,5.96582,1
decode,graph,4,320,27,sp_nccl,1,6.56589,1
decode,graph,4,320,28,tp_ar,1,6.15731,1
decode,graph,4,320,28,tp_ar_vllm,0,6.14298,1
decode,graph,4,320,28,sp_nccl,2,6.58022,1
decode,graph,4,320,29,tp_ar,0,6.05286,1
decode,graph,4,320,29,tp_ar_vllm,1,6.11533,1
decode,graph,4,320,29,sp_nccl,2,6.55462,1
decode,graph,4,320,30,tp_ar,0,6.09792,1
decode,graph,4,320,30,tp_ar_vllm,2,5.99040,1
decode,graph,4,320,30,sp_nccl,1,6.61606,1
decode,graph,4,320,31,tp_ar,1,6.07642,1
decode,graph,4,320,31,tp_ar_vllm,0,6.03034,1
decode,graph,4,320,31,sp_nccl,2,6.64781,1
decode,graph,4,320,32,tp_ar,0,6.09997,1
decode,graph,4,320,32,tp_ar_vllm,1,6.07642,1
decode,graph,4,320,32,sp_nccl,2,6.56384,1
decode,graph,4,320,33,tp_ar,1,6.06003,1
decode,graph,4,320,33,tp_ar_vllm,0,6.10611,1
decode,graph,4,320,33,sp_nccl,2,6.64781,1
decode,graph,4,320,34,tp_ar,0,6.08154,1
decode,graph,4,320,34,tp_ar_vllm,1,6.06720,1
decode,graph,4,320,34,sp_nccl,2,6.56998,1
decode,graph,4,320,35,tp_ar,2,5.92998,1
decode,graph,4,320,35,tp_ar_vllm,1,6.05696,1
decode,graph,4,320,35,sp_nccl,0,6.56384,1
decode,graph,4,320,36,tp_ar,0,6.00576,1
decode,graph,4,320,36,tp_ar_vllm,2,5.92691,1
decode,graph,4,320,36,sp_nccl,1,6.59456,1
decode,graph,4,320,37,tp_ar,2,5.96070,1
decode,graph,4,320,37,tp_ar_vllm,0,6.21056,1
decode,graph,4,320,37,sp_nccl,1,6.57203,1
decode,graph,4,320,38,tp_ar,2,6.12966,1
decode,graph,4,320,38,tp_ar_vllm,1,6.12045,1
decode,graph,4,320,38,sp_nccl,0,6.63654,1
decode,graph,4,320,39,tp_ar,0,6.04160,1
decode,graph,4,320,39,tp_ar_vllm,2,5.92691,1
decode,graph,4,320,39,sp_nccl,1,6.64883,1
decode,graph,4,320,40,tp_ar,2,5.94534,1
decode,graph,4,320,40,tp_ar_vllm,1,6.05798,1
decode,graph,4,320,40,sp_nccl,0,6.59251,1
decode,graph,4,320,41,tp_ar,1,6.07232,1
decode,graph,4,320,41,tp_ar_vllm,0,6.12966,1
decode,graph,4,320,41,sp_nccl,2,6.54848,1
decode,graph,4,320,42,tp_ar,2,5.92282,1
decode,graph,4,320,42,tp_ar_vllm,0,6.20339,1
decode,graph,4,320,42,sp_nccl,1,6.61094,1
decode,graph,4,320,43,tp_ar,0,6.06106,1
decode,graph,4,320,43,tp_ar_vllm,1,6.08870,1
decode,graph,4,320,43,sp_nccl,2,6.64883,1
decode,graph,4,320,44,tp_ar,1,6.14707,1
decode,graph,4,320,44,tp_ar_vllm,0,6.09178,1
decode,graph,4,320,44,sp_nccl,2,6.53722,1
decode,graph,4,320,45,tp_ar,0,6.04262,1
decode,graph,4,320,45,tp_ar_vllm,1,6.05491,1
decode,graph,4,320,45,sp_nccl,2,6.55462,1
decode,graph,4,320,46,tp_ar,2,5.99245,1
decode,graph,4,320,46,tp_ar_vllm,0,6.05696,1
decode,graph,4,320,46,sp_nccl,1,6.63654,1
decode,graph,4,320,47,tp_ar,2,5.96275,1
decode,graph,4,320,47,tp_ar_vllm,0,6.23514,1
decode,graph,4,320,47,sp_nccl,1,6.66624,1
decode,graph,4,320,48,tp_ar,1,6.06822,1
decode,graph,4,320,48,tp_ar_vllm,2,6.08154,1
decode,graph,4,320,48,sp_nccl,0,6.57510,1
decode,graph,4,320,49,tp_ar,0,6.03546,1
decode,graph,4,320,49,tp_ar_vllm,1,6.11635,1
decode,graph,4,320,49,sp_nccl,2,6.55872,1
decode,graph,4,320,50,tp_ar,1,6.01907,1
decode,graph,4,320,50,tp_ar_vllm,0,6.09280,1
decode,graph,4,320,50,sp_nccl,2,6.50240,1
decode,graph,4,320,51,tp_ar,0,5.93203,1
decode,graph,4,320,51,tp_ar_vllm,1,6.08154,1
decode,graph,4,320,51,sp_nccl,2,6.62016,1
decode,graph,4,320,52,tp_ar,2,5.93613,1
decode,graph,4,320,52,tp_ar_vllm,0,6.09075,1
decode,graph,4,320,52,sp_nccl,1,6.67238,1
decode,graph,4,320,53,tp_ar,2,6.11123,1
decode,graph,4,320,53,tp_ar_vllm,1,6.16550,1
decode,graph,4,320,53,sp_nccl,0,6.52800,1
decode,graph,4,320,54,tp_ar,2,5.94842,1
decode,graph,4,320,54,tp_ar_vllm,0,5.96275,1
decode,graph,4,320,54,sp_nccl,1,6.66419,1
decode,graph,4,320,55,tp_ar,1,6.08563,1
decode,graph,4,320,55,tp_ar_vllm,2,6.08768,1
decode,graph,4,320,55,sp_nccl,0,6.57306,1
decode,graph,4,320,56,tp_ar,1,6.04774,1
decode,graph,4,320,56,tp_ar_vllm,0,5.96070,1
decode,graph,4,320,56,sp_nccl,2,6.60275,1
decode,graph,4,320,57,tp_ar,2,5.99859,1
decode,graph,4,320,57,tp_ar_vllm,1,6.22490,1
decode,graph,4,320,57,sp_nccl,0,6.56589,1
decode,graph,4,320,58,tp_ar,0,5.96173,1
decode,graph,4,320,58,tp_ar_vllm,1,6.06822,1
decode,graph,4,320,58,sp_nccl,2,6.68467,1
decode,graph,4,320,59,tp_ar,1,6.07027,1
decode,graph,4,320,59,tp_ar_vllm,2,6.10202,1
decode,graph,4,320,59,sp_nccl,0,6.53517,1
decode,graph,4,320,60,tp_ar,1,6.01190,1
decode,graph,4,320,60,tp_ar_vllm,0,5.95046,1
decode,graph,4,320,60,sp_nccl,2,6.61094,1
decode,graph,4,320,61,tp_ar,1,6.06515,1
decode,graph,4,320,61,tp_ar_vllm,0,5.95866,1
decode,graph,4,320,61,sp_nccl,2,6.66214,1
decode,graph,4,320,62,tp_ar,2,6.07949,1
decode,graph,4,320,62,tp_ar_vllm,0,5.98835,1
decode,graph,4,320,62,sp_nccl,1,6.72358,1
decode,graph,4,320,63,tp_ar,1,5.99859,1
decode,graph,4,320,63,tp_ar_vllm,2,6.07846,1
decode,graph,4,320,63,sp_nccl,0,6.54643,1
decode,graph,4,320,64,tp_ar,0,6.04160,1
decode,graph,4,320,64,tp_ar_vllm,2,6.05798,1
decode,graph,4,320,64,sp_nccl,1,6.64166,1
decode,graph,4,320,65,tp_ar,2,6.06618,1
decode,graph,4,320,65,tp_ar_vllm,0,5.96275,1
decode,graph,4,320,65,sp_nccl,1,6.62630,1
decode,graph,4,320,66,tp_ar,0,5.94022,1
decode,graph,4,320,66,tp_ar_vllm,1,6.08973,1
decode,graph,4,320,66,sp_nccl,2,6.62528,1
decode,graph,4,320,67,tp_ar,1,6.19008,1
decode,graph,4,320,67,tp_ar_vllm,2,6.10304,1
decode,graph,4,320,67,sp_nccl,0,6.51162,1
decode,graph,4,320,68,tp_ar,0,5.94227,1
decode,graph,4,320,68,tp_ar_vllm,1,6.07539,1
decode,graph,4,320,68,sp_nccl,2,6.62426,1
decode,graph,4,320,69,tp_ar,0,6.09178,1
decode,graph,4,320,69,tp_ar_vllm,2,6.07539,1
decode,graph,4,320,69,sp_nccl,1,6.61811,1
decode,graph,4,320,70,tp_ar,0,5.94842,1
decode,graph,4,320,70,tp_ar_vllm,2,6.07334,1
decode,graph,4,320,70,sp_nccl,1,6.61504,1
decode,graph,4,320,71,tp_ar,1,6.04058,1
decode,graph,4,320,71,tp_ar_vllm,0,5.97197,1
decode,graph,4,320,71,sp_nccl,2,6.59968,1
decode,graph,4,320,72,tp_ar,2,6.04365,1
decode,graph,4,320,72,tp_ar_vllm,1,6.14810,1
decode,graph,4,320,72,sp_nccl,0,6.60582,1
decode,graph,4,320,73,tp_ar,1,6.03853,1
decode,graph,4,320,73,tp_ar_vllm,0,5.93203,1
decode,graph,4,320,73,sp_nccl,2,6.60070,1
decode,graph,4,320,74,tp_ar,0,6.03648,1
decode,graph,4,320,74,tp_ar_vllm,1,6.06003,1
decode,graph,4,320,74,sp_nccl,2,6.60685,1
decode,graph,4,320,75,tp_ar,2,6.03034,1
decode,graph,4,320,75,tp_ar_vllm,1,6.03955,1
decode,graph,4,320,75,sp_nccl,0,6.54643,1
decode,graph,4,320,76,tp_ar,2,6.14400,1
decode,graph,4,320,76,tp_ar_vllm,0,5.92794,1
decode,graph,4,320,76,sp_nccl,1,6.61811,1
decode,graph,4,320,77,tp_ar,1,6.23104,1
decode,graph,4,320,77,tp_ar_vllm,2,6.04467,1
decode,graph,4,320,77,sp_nccl,0,6.50957,1
decode,graph,4,320,78,tp_ar,0,5.92896,1
decode,graph,4,320,78,tp_ar_vllm,2,6.12045,1
decode,graph,4,320,78,sp_nccl,1,6.54438,1
decode,graph,4,320,79,tp_ar,2,6.09075,1
decode,graph,4,320,79,tp_ar_vllm,1,5.97811,1
decode,graph,4,320,79,sp_nccl,0,6.55667,1
decode,graph,4,320,80,tp_ar,1,5.94330,1
decode,graph,4,320,80,tp_ar_vllm,2,6.07232,1
decode,graph,4,320,80,sp_nccl,0,6.51469,1
decode,graph,4,320,81,tp_ar,1,5.91360,1
decode,graph,4,320,81,tp_ar_vllm,2,6.07334,1
decode,graph,4,320,81,sp_nccl,0,6.58432,1
decode,graph,4,320,82,tp_ar,1,5.93101,1
decode,graph,4,320,82,tp_ar_vllm,0,6.06822,1
decode,graph,4,320,82,sp_nccl,2,6.76966,1
decode,graph,4,320,83,tp_ar,1,5.92998,1
decode,graph,4,320,83,tp_ar_vllm,0,6.10714,1
decode,graph,4,320,83,sp_nccl,2,6.61094,1
decode,graph,4,320,84,tp_ar,2,6.06310,1
decode,graph,4,320,84,tp_ar_vllm,0,6.16858,1
decode,graph,4,320,84,sp_nccl,1,6.59046,1
decode,graph,4,320,85,tp_ar,2,6.06618,1
decode,graph,4,320,85,tp_ar_vllm,1,5.92896,1
decode,graph,4,320,85,sp_nccl,0,6.55974,1
decode,graph,4,320,86,tp_ar,1,5.92794,1
decode,graph,4,320,86,tp_ar_vllm,2,6.05286,1
decode,graph,4,320,86,sp_nccl,0,6.60787,1
decode,graph,4,320,87,tp_ar,1,5.95251,1
decode,graph,4,320,87,tp_ar_vllm,0,6.07642,1
decode,graph,4,320,87,sp_nccl,2,6.69184,1
decode,graph,4,320,88,tp_ar,0,6.07130,1
decode,graph,4,320,88,tp_ar_vllm,1,5.90746,1
decode,graph,4,320,88,sp_nccl,2,6.64064,1
decode,graph,4,320,89,tp_ar,0,6.08358,1
decode,graph,4,320,89,tp_ar_vllm,2,6.09894,1
decode,graph,4,320,89,sp_nccl,1,6.57920,1
decode,graph,4,320,90,tp_ar,2,6.10509,1
decode,graph,4,320,90,tp_ar_vllm,1,5.96890,1
decode,graph,4,320,90,sp_nccl,0,6.65190,1
decode,graph,4,320,91,tp_ar,2,6.04877,1
decode,graph,4,320,91,tp_ar_vllm,0,6.08870,1
decode,graph,4,320,91,sp_nccl,1,6.53517,1
decode,graph,4,320,92,tp_ar,1,5.95968,1
decode,graph,4,320,92,tp_ar_vllm,2,6.19622,1
decode,graph,4,320,92,sp_nccl,0,6.63040,1
decode,graph,4,320,93,tp_ar,0,6.02726,1
decode,graph,4,320,93,tp_ar_vllm,2,6.03341,1
decode,graph,4,320,93,sp_nccl,1,6.49114,1
decode,graph,4,320,94,tp_ar,1,6.09587,1
decode,graph,4,320,94,tp_ar_vllm,0,6.09997,1
decode,graph,4,320,94,sp_nccl,2,6.69389,1
decode,graph,4,320,95,tp_ar,0,6.09075,1
decode,graph,4,320,95,tp_ar_vllm,1,5.91053,1
decode,graph,4,320,95,sp_nccl,2,6.63040,1
decode,graph,4,320,96,tp_ar,1,5.93203,1
decode,graph,4,320,96,tp_ar_vllm,2,6.09690,1
decode,graph,4,320,96,sp_nccl,0,6.60992,1
decode,graph,4,320,97,tp_ar,0,6.05286,1
decode,graph,4,320,97,tp_ar_vllm,1,5.97914,1
decode,graph,4,320,97,sp_nccl,2,6.73280,1
decode,graph,4,320,98,tp_ar,2,6.06413,1
decode,graph,4,320,98,tp_ar_vllm,1,5.94944,1
decode,graph,4,320,98,sp_nccl,0,6.66214,1
decode,graph,4,320,99,tp_ar,2,6.14707,1
decode,graph,4,320,99,tp_ar_vllm,1,6.13069,1
decode,graph,4,320,99,sp_nccl,0,6.56384,1
decode,graph,4,320,100,tp_ar,1,5.97299,1
decode,graph,4,320,100,tp_ar_vllm,2,6.06208,1
decode,graph,4,320,100,sp_nccl,0,6.58842,1
decode,graph,4,320,101,tp_ar,1,5.90438,1
decode,graph,4,320,101,tp_ar_vllm,0,6.06310,1
decode,graph,4,320,101,sp_nccl,2,6.64474,1
decode,graph,4,320,102,tp_ar,2,6.27507,1
decode,graph,4,320,102,tp_ar_vllm,0,6.07539,1
decode,graph,4,320,102,sp_nccl,1,6.57818,1
decode,graph,4,320,103,tp_ar,2,6.03853,1
decode,graph,4,320,103,tp_ar_vllm,0,6.02931,1
decode,graph,4,320,103,sp_nccl,1,6.54950,1
decode,graph,4,320,104,tp_ar,2,5.96685,1
decode,graph,4,320,104,tp_ar_vllm,1,6.08666,1
decode,graph,4,320,104,sp_nccl,0,6.68160,1
decode,graph,4,320,105,tp_ar,2,5.94125,1
decode,graph,4,320,105,tp_ar_vllm,1,5.92179,1
decode,graph,4,320,105,sp_nccl,0,6.68672,1
decode,graph,4,320,106,tp_ar,2,5.92282,1
decode,graph,4,320,106,tp_ar_vllm,0,6.22080,1
decode,graph,4,320,106,sp_nccl,1,6.51059,1
decode,graph,4,320,107,tp_ar,2,6.13990,1
decode,graph,4,320,107,tp_ar_vllm,0,6.17677,1
decode,graph,4,320,107,sp_nccl,1,6.54746,1
decode,graph,4,320,108,tp_ar,2,5.93510,1
decode,graph,4,320,108,tp_ar_vllm,1,5.97402,1
decode,graph,4,320,108,sp_nccl,0,6.70618,1
decode,graph,4,320,109,tp_ar,1,6.08051,1
decode,graph,4,320,109,tp_ar_vllm,0,6.11430,1
decode,graph,4,320,109,sp_nccl,2,6.54029,1
decode,graph,4,320,110,tp_ar,2,5.95558,1
decode,graph,4,320,110,tp_ar_vllm,0,6.02317,1
decode,graph,4,320,110,sp_nccl,1,6.62118,1
decode,graph,4,320,111,tp_ar,0,6.04365,1
decode,graph,4,320,111,tp_ar_vllm,2,5.95558,1
decode,graph,4,320,111,sp_nccl,1,6.60890,1
decode,graph,4,320,112,tp_ar,2,5.94944,1
decode,graph,4,320,112,tp_ar_vllm,0,6.02214,1
decode,graph,4,320,112,sp_nccl,1,6.60890,1
decode,graph,4,320,113,tp_ar,0,6.15834,1
decode,graph,4,320,113,tp_ar_vllm,1,6.10304,1
decode,graph,4,320,113,sp_nccl,2,6.52902,1
decode,graph,4,320,114,tp_ar,1,6.16550,1
decode,graph,4,320,114,tp_ar_vllm,0,6.06618,1
decode,graph,4,320,114,sp_nccl,2,6.51366,1
decode,graph,4,320,115,tp_ar,0,6.02112,1
decode,graph,4,320,115,tp_ar_vllm,1,6.05696,1
decode,graph,4,320,115,sp_nccl,2,6.60378,1
decode,graph,4,320,116,tp_ar,2,5.93613,1
decode,graph,4,320,116,tp_ar_vllm,0,6.05901,1
decode,graph,4,320,116,sp_nccl,1,6.55667,1
decode,graph,4,320,117,tp_ar,0,6.11328,1
decode,graph,4,320,117,tp_ar_vllm,2,5.98221,1
decode,graph,4,320,117,sp_nccl,1,6.67034,1
decode,graph,4,320,118,tp_ar,0,6.21568,1
decode,graph,4,320,118,tp_ar_vllm,2,5.95968,1
decode,graph,4,320,118,sp_nccl,1,6.62016,1
decode,graph,4,320,119,tp_ar,0,6.00269,1
decode,graph,4,320,119,tp_ar_vllm,2,6.07027,1
decode,graph,4,320,119,sp_nccl,1,6.63859,1
decode,graph,4,320,120,tp_ar,2,5.93408,1
decode,graph,4,320,120,tp_ar_vllm,1,6.13990,1
decode,graph,4,320,120,sp_nccl,0,6.60378,1
decode,graph,4,320,121,tp_ar,2,5.97094,1
decode,graph,4,320,121,tp_ar_vllm,0,6.10816,1
decode,graph,4,320,121,sp_nccl,1,6.64986,1
decode,graph,4,320,122,tp_ar,1,6.05286,1
decode,graph,4,320,122,tp_ar_vllm,2,5.97094,1
decode,graph,4,320,122,sp_nccl,0,6.58125,1
decode,graph,4,320,123,tp_ar,1,6.08051,1
decode,graph,4,320,123,tp_ar_vllm,0,6.16141,1
decode,graph,4,320,123,sp_nccl,2,6.58330,1
decode,graph,4,320,124,tp_ar,1,6.06003,1
decode,graph,4,320,124,tp_ar_vllm,2,6.12352,1
decode,graph,4,320,124,sp_nccl,0,6.63040,1
decode,graph,4,320,125,tp_ar,0,6.12045,1
decode,graph,4,320,125,tp_ar_vllm,2,5.95661,1
decode,graph,4,320,125,sp_nccl,1,6.63962,1
decode,graph,4,320,126,tp_ar,2,5.90848,1
decode,graph,4,320,126,tp_ar_vllm,1,6.06618,1
decode,graph,4,320,126,sp_nccl,0,6.61299,1
decode,graph,4,320,127,tp_ar,0,6.05594,1
decode,graph,4,320,127,tp_ar_vllm,1,6.04467,1
decode,graph,4,320,127,sp_nccl,2,6.51571,1
decode,graph,4,320,128,tp_ar,1,6.10099,1
decode,graph,4,320,128,tp_ar_vllm,2,5.98221,1
decode,graph,4,320,128,sp_nccl,0,6.70515,1
decode,graph,4,320,129,tp_ar,2,6.06106,1
decode,graph,4,320,129,tp_ar_vllm,1,6.00781,1
decode,graph,4,320,129,sp_nccl,0,6.60378,1
decode,graph,4,320,130,tp_ar,1,6.04774,1
decode,graph,4,320,130,tp_ar_vllm,0,6.05798,1
decode,graph,4,320,130,sp_nccl,2,6.52288,1
decode,graph,4,320,131,tp_ar,1,6.03648,1
decode,graph,4,320,131,tp_ar_vllm,0,6.11123,1
decode,graph,4,320,131,sp_nccl,2,6.51571,1
decode,graph,4,320,132,tp_ar,1,6.08051,1
decode,graph,4,320,132,tp_ar_vllm,0,6.00678,1
decode,graph,4,320,132,sp_nccl,2,6.54848,1
decode,graph,4,320,133,tp_ar,2,5.93510,1
decode,graph,4,320,133,tp_ar_vllm,0,6.03341,1
decode,graph,4,320,133,sp_nccl,1,6.73587,1
decode,graph,4,320,134,tp_ar,1,6.12250,1
decode,graph,4,320,134,tp_ar_vllm,0,5.93101,1
decode,graph,4,320,134,sp_nccl,2,6.70822,1
decode,graph,4,320,135,tp_ar,1,6.00269,1
decode,graph,4,320,135,tp_ar_vllm,0,5.98938,1
decode,graph,4,320,135,sp_nccl,2,6.60070,1
decode,graph,4,320,136,tp_ar,0,5.98323,1
decode,graph,4,320,136,tp_ar_vllm,1,6.11123,1
decode,graph,4,320,136,sp_nccl,2,6.61914,1
decode,graph,4,320,137,tp_ar,1,6.02317,1
decode,graph,4,320,137,tp_ar_vllm,2,6.03750,1
decode,graph,4,320,137,sp_nccl,0,6.52493,1
decode,graph,4,320,138,tp_ar,2,6.06106,1
decode,graph,4,320,138,tp_ar_vllm,0,6.00064,1
decode,graph,4,320,138,sp_nccl,1,6.71130,1
decode,graph,4,320,139,tp_ar,0,5.92486,1
decode,graph,4,320,139,tp_ar_vllm,2,6.21158,1
decode,graph,4,320,139,sp_nccl,1,6.60685,1
decode,graph,4,320,140,tp_ar,2,6.07744,1
decode,graph,4,320,140,tp_ar_vllm,0,5.96992,1
decode,graph,4,320,140,sp_nccl,1,6.63040,1
decode,graph,4,320,141,tp_ar,1,6.01395,1
decode,graph,4,320,141,tp_ar_vllm,2,6.04160,1
decode,graph,4,320,141,sp_nccl,0,6.51981,1
decode,graph,4,320,142,tp_ar,0,5.91053,1
decode,graph,4,320,142,tp_ar_vllm,1,6.04058,1
decode,graph,4,320,142,sp_nccl,2,6.61402,1
decode,graph,4,320,143,tp_ar,0,5.99142,1
decode,graph,4,320,143,tp_ar_vllm,2,6.09485,1
decode,graph,4,320,143,sp_nccl,1,6.72051,1
decode,graph,4,320,144,tp_ar,2,6.16346,1
decode,graph,4,320,144,tp_ar_vllm,1,6.08768,1
decode,graph,4,320,144,sp_nccl,0,6.50547,1
decode,graph,4,320,145,tp_ar,0,6.02726,1
decode,graph,4,320,145,tp_ar_vllm,2,6.01395,1
decode,graph,4,320,145,sp_nccl,1,6.56077,1
decode,graph,4,320,146,tp_ar,0,5.97504,1
decode,graph,4,320,146,tp_ar_vllm,1,6.11021,1
decode,graph,4,320,146,sp_nccl,2,6.58637,1
decode,graph,4,320,147,tp_ar,1,6.07232,1
decode,graph,4,320,147,tp_ar_vllm,2,6.06310,1
decode,graph,4,320,147,sp_nccl,0,6.53005,1
decode,graph,4,320,148,tp_ar,2,6.10816,1
decode,graph,4,320,148,tp_ar_vllm,1,6.22080,1
decode,graph,4,320,148,sp_nccl,0,6.56282,1
decode,graph,4,320,149,tp_ar,2,6.08973,1
decode,graph,4,320,149,tp_ar_vllm,0,5.95558,1
decode,graph,4,320,149,sp_nccl,1,6.61606,1
decode,graph,4,320,150,tp_ar,2,6.09587,1
decode,graph,4,320,150,tp_ar_vllm,0,6.03136,1
decode,graph,4,320,150,sp_nccl,1,6.57510,1
decode,graph,4,320,151,tp_ar,2,6.08666,1
decode,graph,4,320,151,tp_ar_vllm,1,6.04365,1
decode,graph,4,320,151,sp_nccl,0,6.49933,1
decode,graph,4,320,152,tp_ar,0,5.93408,1
decode,graph,4,320,152,tp_ar_vllm,2,6.05184,1
decode,graph,4,320,152,sp_nccl,1,6.58637,1
decode,graph,4,320,153,tp_ar,1,6.25050,1
decode,graph,4,320,153,tp_ar_vllm,2,6.06413,1
decode,graph,4,320,153,sp_nccl,0,6.52083,1
decode,graph,4,320,154,tp_ar,0,5.96275,1
decode,graph,4,320,154,tp_ar_vllm,2,6.02829,1
decode,graph,4,320,154,sp_nccl,1,6.56486,1
decode,graph,4,320,155,tp_ar,2,6.06106,1
decode,graph,4,320,155,tp_ar_vllm,1,6.07642,1
decode,graph,4,320,155,sp_nccl,0,6.64269,1
decode,graph,4,320,156,tp_ar,2,6.04058,1
decode,graph,4,320,156,tp_ar_vllm,0,5.90746,1
decode,graph,4,320,156,sp_nccl,1,6.61197,1
decode,graph,4,320,157,tp_ar,0,5.94227,1
decode,graph,4,320,157,tp_ar_vllm,2,6.04979,1
decode,graph,4,320,157,sp_nccl,1,6.63654,1
decode,graph,4,320,158,tp_ar,1,6.21363,1
decode,graph,4,320,158,tp_ar_vllm,2,6.01600,1
decode,graph,4,320,158,sp_nccl,0,6.52698,1
decode,graph,4,320,159,tp_ar,2,6.01702,1
decode,graph,4,320,159,tp_ar_vllm,0,5.99040,1
decode,graph,4,320,159,sp_nccl,1,6.60685,1
decode,graph,4,320,160,tp_ar,2,6.02214,1
decode,graph,4,320,160,tp_ar_vllm,0,6.09587,1
decode,graph,4,320,160,sp_nccl,1,6.58842,1
decode,graph,4,320,161,tp_ar,1,5.98426,1
decode,graph,4,320,161,tp_ar_vllm,0,5.98630,1
decode,graph,4,320,161,sp_nccl,2,6.63962,1
decode,graph,4,320,162,tp_ar,0,6.01702,1
decode,graph,4,320,162,tp_ar_vllm,2,6.11123,1
decode,graph,4,320,162,sp_nccl,1,6.54541,1
decode,graph,4,320,163,tp_ar,1,6.05389,1
decode,graph,4,320,163,tp_ar_vllm,2,6.04365,1
decode,graph,4,320,163,sp_nccl,0,6.62426,1
decode,graph,4,320,164,tp_ar,0,6.06003,1
decode,graph,4,320,164,tp_ar_vllm,2,6.09382,1
decode,graph,4,320,164,sp_nccl,1,6.62426,1
decode,graph,4,320,165,tp_ar,2,6.05184,1
decode,graph,4,320,165,tp_ar_vllm,1,5.94944,1
decode,graph,4,320,165,sp_nccl,0,6.80346,1
decode,graph,4,320,166,tp_ar,1,5.95968,1
decode,graph,4,320,166,tp_ar_vllm,0,6.03546,1
decode,graph,4,320,166,sp_nccl,2,6.64986,1
decode,graph,4,320,167,tp_ar,2,6.00883,1
decode,graph,4,320,167,tp_ar_vllm,1,6.01395,1
decode,graph,4,320,167,sp_nccl,0,6.62630,1
decode,graph,4,320,168,tp_ar,0,6.07334,1
decode,graph,4,320,168,tp_ar_vllm,2,6.09280,1
decode,graph,4,320,168,sp_nccl,1,6.53210,1
decode,graph,4,320,169,tp_ar,0,6.08973,1
decode,graph,4,320,169,tp_ar_vllm,1,5.94330,1
decode,graph,4,320,169,sp_nccl,2,6.68160,1
decode,graph,4,320,170,tp_ar,0,6.05184,1
decode,graph,4,320,170,tp_ar_vllm,1,5.99040,1
decode,graph,4,320,170,sp_nccl,2,6.67648,1
decode,graph,4,320,171,tp_ar,1,5.92589,1
decode,graph,4,320,171,tp_ar_vllm,2,6.09792,1
decode,graph,4,320,171,sp_nccl,0,6.61094,1
decode,graph,4,320,172,tp_ar,2,6.01907,1
decode,graph,4,320,172,tp_ar_vllm,0,6.05901,1
decode,graph,4,320,172,sp_nccl,1,6.52902,1
decode,graph,4,320,173,tp_ar,1,5.97811,1
decode,graph,4,320,173,tp_ar_vllm,2,6.27814,1
decode,graph,4,320,173,sp_nccl,0,6.57613,1
decode,graph,4,320,174,tp_ar,2,6.03546,1
decode,graph,4,320,174,tp_ar_vllm,0,6.06208,1
decode,graph,4,320,174,sp_nccl,1,6.56384,1
decode,graph,4,320,175,tp_ar,1,6.00269,1
decode,graph,4,320,175,tp_ar_vllm,0,6.24947,1
decode,graph,4,320,175,sp_nccl,2,6.66214,1
decode,graph,4,320,176,tp_ar,1,5.91258,1
decode,graph,4,320,176,tp_ar_vllm,2,6.03955,1
decode,graph,4,320,176,sp_nccl,0,6.65395,1
decode,graph,4,320,177,tp_ar,0,6.04058,1
decode,graph,4,320,177,tp_ar_vllm,2,6.15117,1
decode,graph,4,320,177,sp_nccl,1,6.71130,1
decode,graph,4,320,178,tp_ar,0,6.04262,1
decode,graph,4,320,178,tp_ar_vllm,2,6.25766,1
decode,graph,4,320,178,sp_nccl,1,6.54848,1
decode,graph,4,320,179,tp_ar,2,6.00269,1
decode,graph,4,320,179,tp_ar_vllm,0,6.03136,1
decode,graph,4,320,179,sp_nccl,1,6.52595,1
decode,graph,4,320,180,tp_ar,2,6.03546,1
decode,graph,4,320,180,tp_ar_vllm,0,6.01805,1
decode,graph,4,320,180,sp_nccl,1,6.60685,1
decode,graph,4,320,181,tp_ar,2,6.04467,1
decode,graph,4,320,181,tp_ar_vllm,1,5.96787,1
decode,graph,4,320,181,sp_nccl,0,6.54131,1
decode,graph,4,320,182,tp_ar,1,5.98733,1
decode,graph,4,320,182,tp_ar_vllm,0,6.09894,1
decode,graph,4,320,182,sp_nccl,2,6.61402,1
decode,graph,4,320,183,tp_ar,1,5.95866,1
decode,graph,4,320,183,tp_ar_vllm,0,6.08051,1
decode,graph,4,320,183,sp_nccl,2,6.67648,1
decode,graph,4,320,184,tp_ar,2,6.03136,1
decode,graph,4,320,184,tp_ar_vllm,0,6.05696,1
decode,graph,4,320,184,sp_nccl,1,6.54541,1
decode,graph,4,320,185,tp_ar,1,6.05901,1
decode,graph,4,320,185,tp_ar_vllm,0,6.02931,1
decode,graph,4,320,185,sp_nccl,2,6.58022,1
decode,graph,4,320,186,tp_ar,2,6.06208,1
decode,graph,4,320,186,tp_ar_vllm,1,5.95866,1
decode,graph,4,320,186,sp_nccl,0,6.59763,1
decode,graph,4,320,187,tp_ar,2,6.04058,1
decode,graph,4,320,187,tp_ar_vllm,0,6.07232,1
decode,graph,4,320,187,sp_nccl,1,6.54541,1
decode,graph,4,320,188,tp_ar,2,6.13888,1
decode,graph,4,320,188,tp_ar_vllm,1,5.89722,1
decode,graph,4,320,188,sp_nccl,0,6.64371,1
decode,graph,4,320,189,tp_ar,2,5.91155,1
decode,graph,4,320,189,tp_ar_vllm,1,5.96992,1
decode,graph,4,320,189,sp_nccl,0,6.62323,1
decode,graph,4,320,190,tp_ar,1,6.16755,1
decode,graph,4,320,190,tp_ar_vllm,0,6.02931,1
decode,graph,4,320,190,sp_nccl,2,6.51981,1
decode,graph,4,320,191,tp_ar,1,6.07232,1
decode,graph,4,320,191,tp_ar_vllm,0,6.06106,1
decode,graph,4,320,191,sp_nccl,2,6.48294,1
decode,graph,4,320,192,tp_ar,2,5.90234,1
decode,graph,4,320,192,tp_ar_vllm,1,6.05491,1
decode,graph,4,320,192,sp_nccl,0,6.63347,1
decode,graph,4,320,193,tp_ar,0,6.05184,1
decode,graph,4,320,193,tp_ar_vllm,1,6.04570,1
decode,graph,4,320,193,sp_nccl,2,6.55770,1
decode,graph,4,320,194,tp_ar,1,6.22080,1
decode,graph,4,320,194,tp_ar_vllm,2,5.95149,1
decode,graph,4,320,194,sp_nccl,0,6.71744,1
decode,graph,4,320,195,tp_ar,2,5.93920,1
decode,graph,4,320,195,tp_ar_vllm,0,6.05389,1
decode,graph,4,320,195,sp_nccl,1,6.71642,1
decode,graph,4,320,196,tp_ar,2,5.90950,1
decode,graph,4,320,196,tp_ar_vllm,0,6.05286,1
decode,graph,4,320,196,sp_nccl,1,6.57715,1
decode,graph,4,320,197,tp_ar,1,6.03750,1
decode,graph,4,320,197,tp_ar_vllm,0,6.10918,1
decode,graph,4,320,197,sp_nccl,2,6.54950,1
decode,graph,4,320,198,tp_ar,0,6.09894,1
decode,graph,4,320,198,tp_ar_vllm,1,6.09280,1
decode,graph,4,320,198,sp_nccl,2,6.49728,1
decode,graph,4,320,199,tp_ar,0,6.20954,1
decode,graph,4,320,199,tp_ar_vllm,1,6.04262,1
decode,graph,4,320,199,sp_nccl,2,6.50650,1
decode,graph,4,448,0,tp_ar,0,7.75066,1
decode,graph,4,448,0,tp_ar_vllm,1,7.71994,1
decode,graph,4,448,0,sp_nccl,2,8.16026,1
decode,graph,4,448,1,tp_ar,1,7.69126,1
decode,graph,4,448,1,tp_ar_vllm,2,7.80083,1
decode,graph,4,448,1,sp_nccl,0,8.20634,1
decode,graph,4,448,2,tp_ar,1,7.55814,1
decode,graph,4,448,2,tp_ar_vllm,0,7.64518,1
decode,graph,4,448,2,sp_nccl,2,8.29440,1
decode,graph,4,448,3,tp_ar,1,7.75782,1
decode,graph,4,448,3,tp_ar_vllm,2,7.71891,1
decode,graph,4,448,3,sp_nccl,0,8.30976,1
decode,graph,4,448,4,tp_ar,0,7.73734,1
decode,graph,4,448,4,tp_ar_vllm,2,7.59194,1
decode,graph,4,448,4,sp_nccl,1,8.24525,1
decode,graph,4,448,5,tp_ar,0,7.67181,1
decode,graph,4,448,5,tp_ar_vllm,2,7.74349,1
decode,graph,4,448,5,sp_nccl,1,8.26470,1
decode,graph,4,448,6,tp_ar,0,7.73018,1
decode,graph,4,448,6,tp_ar_vllm,2,7.59091,1
decode,graph,4,448,6,sp_nccl,1,8.23910,1
decode,graph,4,448,7,tp_ar,0,7.81005,1
decode,graph,4,448,7,tp_ar_vllm,1,7.76704,1
decode,graph,4,448,7,sp_nccl,2,8.24525,1
decode,graph,4,448,8,tp_ar,2,7.64928,1
decode,graph,4,448,8,tp_ar_vllm,1,7.76192,1
decode,graph,4,448,8,sp_nccl,0,8.25037,1
decode,graph,4,448,9,tp_ar,2,7.87968,1
decode,graph,4,448,9,tp_ar_vllm,0,7.57862,1
decode,graph,4,448,9,sp_nccl,1,8.23910,1
decode,graph,4,448,10,tp_ar,1,7.63494,1
decode,graph,4,448,10,tp_ar_vllm,0,7.86330,1
decode,graph,4,448,10,sp_nccl,2,8.30464,1
decode,graph,4,448,11,tp_ar,2,7.74042,1
decode,graph,4,448,11,tp_ar_vllm,0,7.86842,1
decode,graph,4,448,11,sp_nccl,1,8.23296,1
decode,graph,4,448,12,tp_ar,0,7.66259,1
decode,graph,4,448,12,tp_ar_vllm,2,7.67078,1
decode,graph,4,448,12,sp_nccl,1,8.40192,1
decode,graph,4,448,13,tp_ar,1,7.78138,1
decode,graph,4,448,13,tp_ar_vllm,0,7.75680,1
decode,graph,4,448,13,sp_nccl,2,8.30771,1
decode,graph,4,448,14,tp_ar,0,7.63904,1
decode,graph,4,448,14,tp_ar_vllm,1,7.55814,1
decode,graph,4,448,14,sp_nccl,2,8.27699,1
decode,graph,4,448,15,tp_ar,0,7.75782,1
decode,graph,4,448,15,tp_ar_vllm,2,7.64518,1
decode,graph,4,448,15,sp_nccl,1,8.26982,1
decode,graph,4,448,16,tp_ar,0,7.60525,1
decode,graph,4,448,16,tp_ar_vllm,2,7.71379,1
decode,graph,4,448,16,sp_nccl,1,8.21965,1
decode,graph,4,448,17,tp_ar,0,7.70355,1
decode,graph,4,448,17,tp_ar_vllm,2,7.59910,1
decode,graph,4,448,17,sp_nccl,1,8.30362,1
decode,graph,4,448,18,tp_ar,2,7.77011,1
decode,graph,4,448,18,tp_ar_vllm,1,7.65338,1
decode,graph,4,448,18,sp_nccl,0,8.44800,1
decode,graph,4,448,19,tp_ar,0,7.90630,1
decode,graph,4,448,19,tp_ar_vllm,1,7.61344,1
decode,graph,4,448,19,sp_nccl,2,8.24934,1
decode,graph,4,448,20,tp_ar,2,7.66976,1
decode,graph,4,448,20,tp_ar_vllm,0,7.63699,1
decode,graph,4,448,20,sp_nccl,1,8.28723,1
decode,graph,4,448,21,tp_ar,1,7.71277,1
decode,graph,4,448,21,tp_ar_vllm,0,7.69024,1
decode,graph,4,448,21,sp_nccl,2,8.18790,1
decode,graph,4,448,22,tp_ar,0,7.83565,1
decode,graph,4,448,22,tp_ar_vllm,1,7.73632,1
decode,graph,4,448,22,sp_nccl,2,8.23091,1
decode,graph,4,448,23,tp_ar,1,7.59808,1
decode,graph,4,448,23,tp_ar_vllm,2,7.86432,1
decode,graph,4,448,23,sp_nccl,0,8.47360,1
decode,graph,4,448,24,tp_ar,2,7.68922,1
decode,graph,4,448,24,tp_ar_vllm,0,7.65542,1
decode,graph,4,448,24,sp_nccl,1,8.33843,1
decode,graph,4,448,25,tp_ar,0,7.75066,1
decode,graph,4,448,25,tp_ar_vllm,2,7.61754,1
decode,graph,4,448,25,sp_nccl,1,8.28723,1
decode,graph,4,448,26,tp_ar,0,7.84486,1
decode,graph,4,448,26,tp_ar_vllm,1,7.73837,1
decode,graph,4,448,26,sp_nccl,2,8.23603,1
decode,graph,4,448,27,tp_ar,0,7.79674,1
decode,graph,4,448,27,tp_ar_vllm,2,7.78650,1
decode,graph,4,448,27,sp_nccl,1,8.14387,1
decode,graph,4,448,28,tp_ar,1,7.70048,1
decode,graph,4,448,28,tp_ar_vllm,0,7.75987,1
decode,graph,4,448,28,sp_nccl,2,8.29645,1
decode,graph,4,448,29,tp_ar,0,7.62573,1
decode,graph,4,448,29,tp_ar_vllm,2,7.69331,1
decode,graph,4,448,29,sp_nccl,1,8.32307,1
decode,graph,4,448,30,tp_ar,2,7.68205,1
decode,graph,4,448,30,tp_ar_vllm,1,7.78138,1
decode,graph,4,448,30,sp_nccl,0,8.34355,1
decode,graph,4,448,31,tp_ar,2,7.72403,1
decode,graph,4,448,31,tp_ar_vllm,1,7.57146,1
decode,graph,4,448,31,sp_nccl,0,8.26982,1
decode,graph,4,448,32,tp_ar,0,7.73427,1
decode,graph,4,448,32,tp_ar_vllm,1,7.70150,1
decode,graph,4,448,32,sp_nccl,2,8.23398,1
decode,graph,4,448,33,tp_ar,2,7.73632,1
decode,graph,4,448,33,tp_ar_vllm,1,7.70970,1
decode,graph,4,448,33,sp_nccl,0,8.23091,1
decode,graph,4,448,34,tp_ar,2,7.59398,1
decode,graph,4,448,34,tp_ar_vllm,0,7.86944,1
decode,graph,4,448,34,sp_nccl,1,8.34355,1
decode,graph,4,448,35,tp_ar,2,7.78752,1
decode,graph,4,448,35,tp_ar_vllm,1,7.78957,1
decode,graph,4,448,35,sp_nccl,0,8.42240,1
decode,graph,4,448,36,tp_ar,1,7.76806,1
decode,graph,4,448,36,tp_ar_vllm,2,7.71789,1
decode,graph,4,448,36,sp_nccl,0,8.22989,1
decode,graph,4,448,37,tp_ar,1,7.74451,1
decode,graph,4,448,37,tp_ar_vllm,2,7.75782,1
decode,graph,4,448,37,sp_nccl,0,8.16026,1
decode,graph,4,448,38,tp_ar,0,7.87661,1
decode,graph,4,448,38,tp_ar_vllm,1,7.81926,1
decode,graph,4,448,38,sp_nccl,2,8.19200,1
decode,graph,4,448,39,tp_ar,1,7.80493,1
decode,graph,4,448,39,tp_ar_vllm,0,7.79264,1
decode,graph,4,448,39,sp_nccl,2,8.31386,1
decode,graph,4,448,40,tp_ar,2,7.68205,1
decode,graph,4,448,40,tp_ar_vllm,1,7.71686,1
decode,graph,4,448,40,sp_nccl,0,8.34048,1
decode,graph,4,448,41,tp_ar,2,7.73018,1
decode,graph,4,448,41,tp_ar_vllm,0,7.65440,1
decode,graph,4,448,41,sp_nccl,1,8.23296,1
decode,graph,4,448,42,tp_ar,0,7.88173,1
decode,graph,4,448,42,tp_ar_vllm,1,7.74451,1
decode,graph,4,448,42,sp_nccl,2,8.19917,1
decode,graph,4,448,43,tp_ar,0,7.72608,1
decode,graph,4,448,43,tp_ar_vllm,2,7.66976,1
decode,graph,4,448,43,sp_nccl,1,8.40806,1
decode,graph,4,448,44,tp_ar,2,7.81517,1
decode,graph,4,448,44,tp_ar_vllm,1,7.59706,1
decode,graph,4,448,44,sp_nccl,0,8.23091,1
decode,graph,4,448,45,tp_ar,2,7.77216,1
decode,graph,4,448,45,tp_ar_vllm,0,7.63494,1
decode,graph,4,448,45,sp_nccl,1,8.32307,1
decode,graph,4,448,46,tp_ar,1,7.74861,1
decode,graph,4,448,46,tp_ar_vllm,0,7.96262,1
decode,graph,4,448,46,sp_nccl,2,8.21555,1
decode,graph,4,448,47,tp_ar,2,7.73837,1
decode,graph,4,448,47,tp_ar_vllm,0,7.78035,1
decode,graph,4,448,47,sp_nccl,1,8.39782,1
decode,graph,4,448,48,tp_ar,1,7.63290,1
decode,graph,4,448,48,tp_ar_vllm,0,7.79571,1
decode,graph,4,448,48,sp_nccl,2,8.34355,1
decode,graph,4,448,49,tp_ar,0,7.56736,1
decode,graph,4,448,49,tp_ar_vllm,1,7.72915,1
decode,graph,4,448,49,sp_nccl,2,8.23398,1
decode,graph,4,448,50,tp_ar,2,7.62368,1
decode,graph,4,448,50,tp_ar_vllm,0,7.88582,1
decode,graph,4,448,50,sp_nccl,1,8.36710,1
decode,graph,4,448,51,tp_ar,1,7.96160,1
decode,graph,4,448,51,tp_ar_vllm,0,7.71994,1
decode,graph,4,448,51,sp_nccl,2,8.22784,1
decode,graph,4,448,52,tp_ar,0,7.65645,1
decode,graph,4,448,52,tp_ar_vllm,2,7.79162,1
decode,graph,4,448,52,sp_nccl,1,8.18381,1
decode,graph,4,448,53,tp_ar,0,7.73427,1
decode,graph,4,448,53,tp_ar_vllm,2,7.77216,1
decode,graph,4,448,53,sp_nccl,1,8.29952,1
decode,graph,4,448,54,tp_ar,2,7.60013,1
decode,graph,4,448,54,tp_ar_vllm,0,7.73837,1
decode,graph,4,448,54,sp_nccl,1,8.49510,1
decode,graph,4,448,55,tp_ar,0,7.71686,1
decode,graph,4,448,55,tp_ar_vllm,1,7.94214,1
decode,graph,4,448,55,sp_nccl,2,8.23398,1
decode,graph,4,448,56,tp_ar,0,7.75270,1
decode,graph,4,448,56,tp_ar_vllm,1,7.68000,1
decode,graph,4,448,56,sp_nccl,2,8.30566,1
decode,graph,4,448,57,tp_ar,2,7.77626,1
decode,graph,4,448,57,tp_ar_vllm,1,7.74963,1
decode,graph,4,448,57,sp_nccl,0,8.32000,1
decode,graph,4,448,58,tp_ar,1,7.92474,1
decode,graph,4,448,58,tp_ar_vllm,2,7.61446,1
decode,graph,4,448,58,sp_nccl,0,8.24525,1
decode,graph,4,448,59,tp_ar,1,7.85715,1
decode,graph,4,448,59,tp_ar_vllm,2,7.76397,1
decode,graph,4,448,59,sp_nccl,0,8.26573,1
decode,graph,4,448,60,tp_ar,2,7.73222,1
decode,graph,4,448,60,tp_ar_vllm,0,7.72506,1
decode,graph,4,448,60,sp_nccl,1,8.19302,1
decode,graph,4,448,61,tp_ar,1,7.74144,1
decode,graph,4,448,61,tp_ar_vllm,2,7.75475,1
decode,graph,4,448,61,sp_nccl,0,8.34150,1
decode,graph,4,448,62,tp_ar,2,7.69536,1
decode,graph,4,448,62,tp_ar_vllm,0,7.61242,1
decode,graph,4,448,62,sp_nccl,1,8.29542,1
decode,graph,4,448,63,tp_ar,0,7.62061,1
decode,graph,4,448,63,tp_ar_vllm,1,7.87558,1
decode,graph,4,448,63,sp_nccl,2,8.22989,1
decode,graph,4,448,64,tp_ar,2,7.77933,1
decode,graph,4,448,64,tp_ar_vllm,1,7.63699,1
decode,graph,4,448,64,sp_nccl,0,8.31181,1
decode,graph,4,448,65,tp_ar,1,7.70560,1
decode,graph,4,448,65,tp_ar_vllm,2,7.65440,1
decode,graph,4,448,65,sp_nccl,0,8.27085,1
decode,graph,4,448,66,tp_ar,0,7.53971,1
decode,graph,4,448,66,tp_ar_vllm,2,7.73530,1
decode,graph,4,448,66,sp_nccl,1,8.35072,1
decode,graph,4,448,67,tp_ar,0,7.72915,1
decode,graph,4,448,67,tp_ar_vllm,2,7.63904,1
decode,graph,4,448,67,sp_nccl,1,8.48486,1
decode,graph,4,448,68,tp_ar,0,7.77830,1
decode,graph,4,448,68,tp_ar_vllm,2,7.75578,1
decode,graph,4,448,68,sp_nccl,1,8.23296,1
decode,graph,4,448,69,tp_ar,1,7.83360,1
decode,graph,4,448,69,tp_ar_vllm,2,7.77830,1
decode,graph,4,448,69,sp_nccl,0,8.27392,1
decode,graph,4,448,70,tp_ar,1,7.83258,1
decode,graph,4,448,70,tp_ar_vllm,2,7.73530,1
decode,graph,4,448,70,sp_nccl,0,8.18381,1
decode,graph,4,448,71,tp_ar,2,7.58067,1
decode,graph,4,448,71,tp_ar_vllm,0,7.73530,1
decode,graph,4,448,71,sp_nccl,1,8.45722,1
decode,graph,4,448,72,tp_ar,0,7.73530,1
decode,graph,4,448,72,tp_ar_vllm,2,7.67386,1
decode,graph,4,448,72,sp_nccl,1,8.34867,1
decode,graph,4,448,73,tp_ar,0,7.72710,1
decode,graph,4,448,73,tp_ar_vllm,1,7.65030,1
decode,graph,4,448,73,sp_nccl,2,8.34560,1
decode,graph,4,448,74,tp_ar,0,7.65952,1
decode,graph,4,448,74,tp_ar_vllm,2,7.80288,1
decode,graph,4,448,74,sp_nccl,1,8.45414,1
decode,graph,4,448,75,tp_ar,0,7.80083,1
decode,graph,4,448,75,tp_ar_vllm,2,7.64211,1
decode,graph,4,448,75,sp_nccl,1,8.45824,1
decode,graph,4,448,76,tp_ar,1,7.68512,1
decode,graph,4,448,76,tp_ar_vllm,0,7.69434,1
decode,graph,4,448,76,sp_nccl,2,8.30362,1
decode,graph,4,448,77,tp_ar,2,7.74758,1
decode,graph,4,448,77,tp_ar_vllm,0,7.73427,1
decode,graph,4,448,77,sp_nccl,1,8.21965,1
decode,graph,4,448,78,tp_ar,0,7.69741,1
decode,graph,4,448,78,tp_ar_vllm,2,7.69126,1
decode,graph,4,448,78,sp_nccl,1,8.35277,1
decode,graph,4,448,79,tp_ar,0,7.63494,1
decode,graph,4,448,79,tp_ar_vllm,1,7.73939,1
decode,graph,4,448,79,sp_nccl,2,8.27392,1
decode,graph,4,448,80,tp_ar,1,7.69331,1
decode,graph,4,448,80,tp_ar_vllm,0,7.80493,1
decode,graph,4,448,80,sp_nccl,2,8.28416,1
decode,graph,4,448,81,tp_ar,2,7.71072,1
decode,graph,4,448,81,tp_ar_vllm,0,7.68102,1
decode,graph,4,448,81,sp_nccl,1,8.18074,1
decode,graph,4,448,82,tp_ar,0,7.70662,1
decode,graph,4,448,82,tp_ar_vllm,1,7.88173,1
decode,graph,4,448,82,sp_nccl,2,8.25139,1
decode,graph,4,448,83,tp_ar,1,7.78445,1
decode,graph,4,448,83,tp_ar_vllm,0,7.66464,1
decode,graph,4,448,83,sp_nccl,2,8.43776,1
decode,graph,4,448,84,tp_ar,1,7.70048,1
decode,graph,4,448,84,tp_ar_vllm,2,7.74758,1
decode,graph,4,448,84,sp_nccl,0,8.28928,1
decode,graph,4,448,85,tp_ar,1,7.58272,1
decode,graph,4,448,85,tp_ar_vllm,2,7.71482,1
decode,graph,4,448,85,sp_nccl,0,8.24115,1
decode,graph,4,448,86,tp_ar,0,7.70458,1
decode,graph,4,448,86,tp_ar_vllm,1,7.87968,1
decode,graph,4,448,86,sp_nccl,2,8.24218,1
decode,graph,4,448,87,tp_ar,0,7.64621,1
decode,graph,4,448,87,tp_ar_vllm,1,7.72403,1
decode,graph,4,448,87,sp_nccl,2,8.40294,1
decode,graph,4,448,88,tp_ar,1,7.74349,1
decode,graph,4,448,88,tp_ar_vllm,2,7.71277,1
decode,graph,4,448,88,sp_nccl,0,8.22886,1
decode,graph,4,448,89,tp_ar,0,7.84794,1
decode,graph,4,448,89,tp_ar_vllm,2,7.73837,1
decode,graph,4,448,89,sp_nccl,1,8.17050,1
decode,graph,4,448,90,tp_ar,1,7.83258,1
decode,graph,4,448,90,tp_ar_vllm,2,7.67898,1
decode,graph,4,448,90,sp_nccl,0,8.20224,1
decode,graph,4,448,91,tp_ar,2,7.94112,1
decode,graph,4,448,91,tp_ar_vllm,0,7.61958,1
decode,graph,4,448,91,sp_nccl,1,8.53197,1
decode,graph,4,448,92,tp_ar,2,7.60832,1
decode,graph,4,448,92,tp_ar_vllm,0,7.65338,1
decode,graph,4,448,92,sp_nccl,1,8.62003,1
decode,graph,4,448,93,tp_ar,2,7.73222,1
decode,graph,4,448,93,tp_ar_vllm,1,7.61958,1
decode,graph,4,448,93,sp_nccl,0,8.34765,1
decode,graph,4,448,94,tp_ar,0,7.70662,1
decode,graph,4,448,94,tp_ar_vllm,2,7.74144,1
decode,graph,4,448,94,sp_nccl,1,8.38349,1
decode,graph,4,448,95,tp_ar,2,7.89914,1
decode,graph,4,448,95,tp_ar_vllm,0,7.62778,1
decode,graph,4,448,95,sp_nccl,1,8.29645,1
decode,graph,4,448,96,tp_ar,0,7.73734,1
decode,graph,4,448,96,tp_ar_vllm,1,7.69536,1
decode,graph,4,448,96,sp_nccl,2,8.17869,1
decode,graph,4,448,97,tp_ar,2,7.76294,1
decode,graph,4,448,97,tp_ar_vllm,1,7.62061,1
decode,graph,4,448,97,sp_nccl,0,8.45824,1
decode,graph,4,448,98,tp_ar,2,7.73018,1
decode,graph,4,448,98,tp_ar_vllm,0,7.74042,1
decode,graph,4,448,98,sp_nccl,1,8.41216,1
decode,graph,4,448,99,tp_ar,2,7.87661,1
decode,graph,4,448,99,tp_ar_vllm,0,7.66054,1
decode,graph,4,448,99,sp_nccl,1,8.27494,1
decode,graph,4,448,100,tp_ar,2,7.59706,1
decode,graph,4,448,100,tp_ar_vllm,0,7.76909,1
decode,graph,4,448,100,sp_nccl,1,8.23808,1
decode,graph,4,448,101,tp_ar,0,7.73018,1
decode,graph,4,448,101,tp_ar_vllm,1,7.73734,1
decode,graph,4,448,101,sp_nccl,2,8.29133,1
decode,graph,4,448,102,tp_ar,2,7.78854,1
decode,graph,4,448,102,tp_ar_vllm,0,7.73837,1
decode,graph,4,448,102,sp_nccl,1,8.30259,1
decode,graph,4,448,103,tp_ar,1,7.75373,1
decode,graph,4,448,103,tp_ar_vllm,2,7.86022,1
decode,graph,4,448,103,sp_nccl,0,8.18483,1
decode,graph,4,448,104,tp_ar,0,7.60934,1
decode,graph,4,448,104,tp_ar_vllm,1,7.68102,1
decode,graph,4,448,104,sp_nccl,2,8.22579,1
decode,graph,4,448,105,tp_ar,1,7.69946,1
decode,graph,4,448,105,tp_ar_vllm,0,7.78957,1
decode,graph,4,448,105,sp_nccl,2,8.22579,1
decode,graph,4,448,106,tp_ar,1,7.69946,1
decode,graph,4,448,106,tp_ar_vllm,2,7.77523,1
decode,graph,4,448,106,sp_nccl,0,8.25856,1
decode,graph,4,448,107,tp_ar,1,7.76192,1
decode,graph,4,448,107,tp_ar_vllm,2,7.97901,1
decode,graph,4,448,107,sp_nccl,0,8.26573,1
decode,graph,4,448,108,tp_ar,2,7.62573,1
decode,graph,4,448,108,tp_ar_vllm,0,7.61344,1
decode,graph,4,448,108,sp_nccl,1,8.29440,1
decode,graph,4,448,109,tp_ar,0,7.68205,1
decode,graph,4,448,109,tp_ar_vllm,2,7.67590,1
decode,graph,4,448,109,sp_nccl,1,8.21760,1
decode,graph,4,448,110,tp_ar,0,7.73939,1
decode,graph,4,448,110,tp_ar_vllm,1,7.60934,1
decode,graph,4,448,110,sp_nccl,2,8.40602,1
decode,graph,4,448,111,tp_ar,0,7.73530,1
decode,graph,4,448,111,tp_ar_vllm,2,7.96365,1
decode,graph,4,448,111,sp_nccl,1,8.28518,1
decode,graph,4,448,112,tp_ar,0,7.64723,1
decode,graph,4,448,112,tp_ar_vllm,1,7.70150,1
decode,graph,4,448,112,sp_nccl,2,8.25651,1
decode,graph,4,448,113,tp_ar,1,7.79366,1
decode,graph,4,448,113,tp_ar_vllm,2,7.77216,1
decode,graph,4,448,113,sp_nccl,0,8.73984,1
decode,graph,4,448,114,tp_ar,0,7.72096,1
decode,graph,4,448,114,tp_ar_vllm,2,7.91757,1
decode,graph,4,448,114,sp_nccl,1,8.20224,1
decode,graph,4,448,115,tp_ar,1,7.71072,1
decode,graph,4,448,115,tp_ar_vllm,0,7.77728,1
decode,graph,4,448,115,sp_nccl,2,8.44083,1
decode,graph,4,448,116,tp_ar,1,7.87456,1
decode,graph,4,448,116,tp_ar_vllm,2,7.59194,1
decode,graph,4,448,116,sp_nccl,0,8.19814,1
decode,graph,4,448,117,tp_ar,0,7.71174,1
decode,graph,4,448,117,tp_ar_vllm,2,7.66976,1
decode,graph,4,448,117,sp_nccl,1,8.28006,1
decode,graph,4,448,118,tp_ar,1,7.58374,1
decode,graph,4,448,118,tp_ar_vllm,0,7.74451,1
decode,graph,4,448,118,sp_nccl,2,8.33126,1
decode,graph,4,448,119,tp_ar,2,7.87661,1
decode,graph,4,448,119,tp_ar_vllm,0,7.72710,1
decode,graph,4,448,119,sp_nccl,1,8.30362,1
decode,graph,4,448,120,tp_ar,2,7.74246,1
decode,graph,4,448,120,tp_ar_vllm,1,7.77114,1
decode,graph,4,448,120,sp_nccl,0,8.18176,1
decode,graph,4,448,121,tp_ar,1,7.68205,1
decode,graph,4,448,121,tp_ar_vllm,2,7.58374,1
decode,graph,4,448,121,sp_nccl,0,8.24320,1
decode,graph,4,448,122,tp_ar,1,7.57760,1
decode,graph,4,448,122,tp_ar_vllm,2,7.85306,1
decode,graph,4,448,122,sp_nccl,0,8.45722,1
decode,graph,4,448,123,tp_ar,0,7.67898,1
decode,graph,4,448,123,tp_ar_vllm,2,7.92883,1
decode,graph,4,448,123,sp_nccl,1,8.28416,1
decode,graph,4,448,124,tp_ar,1,7.74861,1
decode,graph,4,448,124,tp_ar_vllm,2,7.78752,1
decode,graph,4,448,124,sp_nccl,0,8.14899,1
decode,graph,4,448,125,tp_ar,1,7.70048,1
decode,graph,4,448,125,tp_ar_vllm,0,7.76602,1
decode,graph,4,448,125,sp_nccl,2,8.13568,1
decode,graph,4,448,126,tp_ar,1,7.65645,1
decode,graph,4,448,126,tp_ar_vllm,2,7.87558,1
decode,graph,4,448,126,sp_nccl,0,8.24525,1
decode,graph,4,448,127,tp_ar,0,7.72198,1
decode,graph,4,448,127,tp_ar_vllm,2,7.88070,1
decode,graph,4,448,127,sp_nccl,1,8.18483,1
decode,graph,4,448,128,tp_ar,2,7.74861,1
decode,graph,4,448,128,tp_ar_vllm,1,7.78650,1
decode,graph,4,448,128,sp_nccl,0,8.28211,1
decode,graph,4,448,129,tp_ar,1,7.74349,1
decode,graph,4,448,129,tp_ar_vllm,2,7.65850,1
decode,graph,4,448,129,sp_nccl,0,8.28416,1
decode,graph,4,448,130,tp_ar,2,7.86842,1
decode,graph,4,448,130,tp_ar_vllm,0,7.75270,1
decode,graph,4,448,130,sp_nccl,1,8.31898,1
decode,graph,4,448,131,tp_ar,2,7.90426,1
decode,graph,4,448,131,tp_ar_vllm,1,7.63187,1
decode,graph,4,448,131,sp_nccl,0,8.25242,1
decode,graph,4,448,132,tp_ar,0,7.78138,1
decode,graph,4,448,132,tp_ar_vllm,2,7.75373,1
decode,graph,4,448,132,sp_nccl,1,8.28621,1
decode,graph,4,448,133,tp_ar,0,7.66669,1
decode,graph,4,448,133,tp_ar_vllm,1,7.65850,1
decode,graph,4,448,133,sp_nccl,2,8.20634,1
decode,graph,4,448,134,tp_ar,2,7.73427,1
decode,graph,4,448,134,tp_ar_vllm,0,7.76090,1
decode,graph,4,448,134,sp_nccl,1,8.24934,1
decode,graph,4,448,135,tp_ar,1,7.61344,1
decode,graph,4,448,135,tp_ar_vllm,0,7.73325,1
decode,graph,4,448,135,sp_nccl,2,8.32819,1
decode,graph,4,448,136,tp_ar,1,7.69638,1
decode,graph,4,448,136,tp_ar_vllm,0,7.91962,1
decode,graph,4,448,136,sp_nccl,2,8.29645,1
decode,graph,4,448,137,tp_ar,0,7.65850,1
decode,graph,4,448,137,tp_ar_vllm,2,7.58784,1
decode,graph,4,448,137,sp_nccl,1,8.35379,1
decode,graph,4,448,138,tp_ar,1,7.68614,1
decode,graph,4,448,138,tp_ar_vllm,2,7.89197,1
decode,graph,4,448,138,sp_nccl,0,8.25037,1
decode,graph,4,448,139,tp_ar,2,7.74554,1
decode,graph,4,448,139,tp_ar_vllm,0,7.70970,1
decode,graph,4,448,139,sp_nccl,1,8.22784,1
decode,graph,4,448,140,tp_ar,2,7.76090,1
decode,graph,4,448,140,tp_ar_vllm,0,7.90221,1
decode,graph,4,448,140,sp_nccl,1,8.31181,1
decode,graph,4,448,141,tp_ar,0,7.60013,1
decode,graph,4,448,141,tp_ar_vllm,1,7.77728,1
decode,graph,4,448,141,sp_nccl,2,8.22374,1
decode,graph,4,448,142,tp_ar,1,7.74349,1
decode,graph,4,448,142,tp_ar_vllm,2,7.78138,1
decode,graph,4,448,142,sp_nccl,0,8.28621,1
decode,graph,4,448,143,tp_ar,1,7.58477,1
decode,graph,4,448,143,tp_ar_vllm,0,7.82336,1
decode,graph,4,448,143,sp_nccl,2,8.28518,1
decode,graph,4,448,144,tp_ar,2,7.67898,1
decode,graph,4,448,144,tp_ar_vllm,0,7.82950,1
decode,graph,4,448,144,sp_nccl,1,8.26573,1
decode,graph,4,448,145,tp_ar,0,7.61754,1
decode,graph,4,448,145,tp_ar_vllm,2,7.79059,1
decode,graph,4,448,145,sp_nccl,1,8.32000,1
decode,graph,4,448,146,tp_ar,0,7.72506,1
decode,graph,4,448,146,tp_ar_vllm,2,7.78752,1
decode,graph,4,448,146,sp_nccl,1,8.22989,1
decode,graph,4,448,147,tp_ar,1,7.60525,1
decode,graph,4,448,147,tp_ar_vllm,0,7.91859,1
decode,graph,4,448,147,sp_nccl,2,8.29030,1
decode,graph,4,448,148,tp_ar,1,7.68205,1
decode,graph,4,448,148,tp_ar_vllm,0,7.92371,1
decode,graph,4,448,148,sp_nccl,2,8.22784,1
decode,graph,4,448,149,tp_ar,0,7.67590,1
decode,graph,4,448,149,tp_ar_vllm,2,7.71277,1
decode,graph,4,448,149,sp_nccl,1,8.43878,1
decode,graph,4,448,150,tp_ar,0,7.69946,1
decode,graph,4,448,150,tp_ar_vllm,2,7.74554,1
decode,graph,4,448,150,sp_nccl,1,8.29030,1
decode,graph,4,448,151,tp_ar,2,7.69229,1
decode,graph,4,448,151,tp_ar_vllm,0,7.72813,1
decode,graph,4,448,151,sp_nccl,1,8.32205,1
decode,graph,4,448,152,tp_ar,1,7.57658,1
decode,graph,4,448,152,tp_ar_vllm,2,7.73120,1
decode,graph,4,448,152,sp_nccl,0,8.39680,1
decode,graph,4,448,153,tp_ar,0,7.70867,1
decode,graph,4,448,153,tp_ar_vllm,2,7.76806,1
decode,graph,4,448,153,sp_nccl,1,8.22682,1
decode,graph,4,448,154,tp_ar,0,7.69024,1
decode,graph,4,448,154,tp_ar_vllm,1,7.68512,1
decode,graph,4,448,154,sp_nccl,2,8.21555,1
decode,graph,4,448,155,tp_ar,2,7.65850,1
decode,graph,4,448,155,tp_ar_vllm,1,7.80902,1
decode,graph,4,448,155,sp_nccl,0,8.37325,1
decode,graph,4,448,156,tp_ar,0,7.85715,1
decode,graph,4,448,156,tp_ar_vllm,2,7.91962,1
decode,graph,4,448,156,sp_nccl,1,8.19405,1
decode,graph,4,448,157,tp_ar,0,7.58579,1
decode,graph,4,448,157,tp_ar_vllm,1,7.73734,1
decode,graph,4,448,157,sp_nccl,2,8.22272,1
decode,graph,4,448,158,tp_ar,1,7.70355,1
decode,graph,4,448,158,tp_ar_vllm,2,7.69331,1
decode,graph,4,448,158,sp_nccl,0,8.27392,1
decode,graph,4,448,159,tp_ar,0,7.87763,1
decode,graph,4,448,159,tp_ar_vllm,1,7.63597,1
decode,graph,4,448,159,sp_nccl,2,8.27802,1
decode,graph,4,448,160,tp_ar,0,7.81926,1
decode,graph,4,448,160,tp_ar_vllm,2,7.75475,1
decode,graph,4,448,160,sp_nccl,1,8.14694,1
decode,graph,4,448,161,tp_ar,1,7.72198,1
decode,graph,4,448,161,tp_ar_vllm,2,7.74349,1
decode,graph,4,448,161,sp_nccl,0,8.27085,1
decode,graph,4,448,162,tp_ar,0,7.68307,1
decode,graph,4,448,162,tp_ar_vllm,2,7.57658,1
decode,graph,4,448,162,sp_nccl,1,8.36506,1
decode,graph,4,448,163,tp_ar,0,7.84486,1
decode,graph,4,448,163,tp_ar_vllm,1,7.75885,1
decode,graph,4,448,163,sp_nccl,2,8.25754,1
decode,graph,4,448,164,tp_ar,0,7.97389,1
decode,graph,4,448,164,tp_ar_vllm,1,7.61754,1
decode,graph,4,448,164,sp_nccl,2,8.27699,1
decode,graph,4,448,165,tp_ar,0,7.72710,1
decode,graph,4,448,165,tp_ar_vllm,1,7.77318,1
decode,graph,4,448,165,sp_nccl,2,8.22272,1
decode,graph,4,448,166,tp_ar,2,7.61856,1
decode,graph,4,448,166,tp_ar_vllm,1,7.79366,1
decode,graph,4,448,166,sp_nccl,0,8.16435,1
decode,graph,4,448,167,tp_ar,1,7.75373,1
decode,graph,4,448,167,tp_ar_vllm,2,7.62675,1
decode,graph,4,448,167,sp_nccl,0,8.37837,1
decode,graph,4,448,168,tp_ar,1,7.66259,1
decode,graph,4,448,168,tp_ar_vllm,0,7.77523,1
decode,graph,4,448,168,sp_nccl,2,8.22579,1
decode,graph,4,448,169,tp_ar,0,7.76602,1
decode,graph,4,448,169,tp_ar_vllm,2,7.75066,1
decode,graph,4,448,169,sp_nccl,1,8.28416,1
decode,graph,4,448,170,tp_ar,2,7.77114,1
decode,graph,4,448,170,tp_ar_vllm,1,7.65133,1
decode,graph,4,448,170,sp_nccl,0,8.14080,1
decode,graph,4,448,171,tp_ar,2,7.64006,1
decode,graph,4,448,171,tp_ar_vllm,0,7.99232,1
decode,graph,4,448,171,sp_nccl,1,8.37120,1
decode,graph,4,448,172,tp_ar,1,7.83872,1
decode,graph,4,448,172,tp_ar_vllm,0,7.78650,1
decode,graph,4,448,172,sp_nccl,2,8.24627,1
decode,graph,4,448,173,tp_ar,2,7.73632,1
decode,graph,4,448,173,tp_ar_vllm,0,7.67590,1
decode,graph,4,448,173,sp_nccl,1,8.30771,1
decode,graph,4,448,174,tp_ar,2,7.75782,1
decode,graph,4,448,174,tp_ar_vllm,1,7.75987,1
decode,graph,4,448,174,sp_nccl,0,8.15616,1
decode,graph,4,448,175,tp_ar,0,7.89709,1
decode,graph,4,448,175,tp_ar_vllm,2,7.65440,1
decode,graph,4,448,175,sp_nccl,1,8.29030,1
decode,graph,4,448,176,tp_ar,0,7.65850,1
decode,graph,4,448,176,tp_ar_vllm,2,7.81107,1
decode,graph,4,448,176,sp_nccl,1,8.33946,1
decode,graph,4,448,177,tp_ar,1,7.59501,1
decode,graph,4,448,177,tp_ar_vllm,2,7.81107,1
decode,graph,4,448,177,sp_nccl,0,8.22170,1
decode,graph,4,448,178,tp_ar,2,7.74042,1
decode,graph,4,448,178,tp_ar_vllm,1,7.76294,1
decode,graph,4,448,178,sp_nccl,0,8.16538,1
decode,graph,4,448,179,tp_ar,2,7.63392,1
decode,graph,4,448,179,tp_ar_vllm,0,7.82438,1
decode,graph,4,448,179,sp_nccl,1,8.23706,1
decode,graph,4,448,180,tp_ar,2,7.75475,1
decode,graph,4,448,180,tp_ar_vllm,0,7.80288,1
decode,graph,4,448,180,sp_nccl,1,8.33843,1
decode,graph,4,448,181,tp_ar,1,7.53971,1
decode,graph,4,448,181,tp_ar_vllm,0,7.69536,1
decode,graph,4,448,181,sp_nccl,2,8.37120,1
decode,graph,4,448,182,tp_ar,1,7.75782,1
decode,graph,4,448,182,tp_ar_vllm,0,7.79674,1
decode,graph,4,448,182,sp_nccl,2,8.21862,1
decode,graph,4,448,183,tp_ar,2,7.54278,1
decode,graph,4,448,183,tp_ar_vllm,1,7.69434,1
decode,graph,4,448,183,sp_nccl,0,8.38656,1
decode,graph,4,448,184,tp_ar,1,7.83974,1
decode,graph,4,448,184,tp_ar_vllm,0,7.73120,1
decode,graph,4,448,184,sp_nccl,2,8.24832,1
decode,graph,4,448,185,tp_ar,1,7.63085,1
decode,graph,4,448,185,tp_ar_vllm,2,7.84589,1
decode,graph,4,448,185,sp_nccl,0,8.23910,1
decode,graph,4,448,186,tp_ar,1,7.78752,1
decode,graph,4,448,186,tp_ar_vllm,0,7.75168,1
decode,graph,4,448,186,sp_nccl,2,8.31590,1
decode,graph,4,448,187,tp_ar,1,7.81824,1
decode,graph,4,448,187,tp_ar_vllm,2,7.70458,1
decode,graph,4,448,187,sp_nccl,0,8.37939,1
decode,graph,4,448,188,tp_ar,2,7.69946,1
decode,graph,4,448,188,tp_ar_vllm,0,7.71994,1
decode,graph,4,448,188,sp_nccl,1,8.32717,1
decode,graph,4,448,189,tp_ar,2,7.70560,1
decode,graph,4,448,189,tp_ar_vllm,0,7.71482,1
decode,graph,4,448,189,sp_nccl,1,8.19814,1
decode,graph,4,448,190,tp_ar,2,7.68307,1
decode,graph,4,448,190,tp_ar_vllm,0,7.70970,1
decode,graph,4,448,190,sp_nccl,1,8.29338,1
decode,graph,4,448,191,tp_ar,1,7.91859,1
decode,graph,4,448,191,tp_ar_vllm,2,7.74963,1
decode,graph,4,448,191,sp_nccl,0,8.30259,1
decode,graph,4,448,192,tp_ar,1,7.76806,1
decode,graph,4,448,192,tp_ar_vllm,0,7.73939,1
decode,graph,4,448,192,sp_nccl,2,8.24320,1
decode,graph,4,448,193,tp_ar,0,7.69741,1
decode,graph,4,448,193,tp_ar_vllm,1,7.63290,1
decode,graph,4,448,193,sp_nccl,2,8.28723,1
decode,graph,4,448,194,tp_ar,0,7.72506,1
decode,graph,4,448,194,tp_ar_vllm,1,7.75680,1
decode,graph,4,448,194,sp_nccl,2,8.27699,1
decode,graph,4,448,195,tp_ar,0,7.61958,1
decode,graph,4,448,195,tp_ar_vllm,2,7.72096,1
decode,graph,4,448,195,sp_nccl,1,8.43059,1
decode,graph,4,448,196,tp_ar,0,7.72506,1
decode,graph,4,448,196,tp_ar_vllm,1,7.74656,1
decode,graph,4,448,196,sp_nccl,2,8.19610,1
decode,graph,4,448,197,tp_ar,0,7.69434,1
decode,graph,4,448,197,tp_ar_vllm,2,7.67898,1
decode,graph,4,448,197,sp_nccl,1,8.29850,1
decode,graph,4,448,198,tp_ar,2,7.74861,1
decode,graph,4,448,198,tp_ar_vllm,1,7.75885,1
decode,graph,4,448,198,sp_nccl,0,8.34355,1
decode,graph,4,448,199,tp_ar,2,7.65030,1
decode,graph,4,448,199,tp_ar_vllm,0,7.59603,1
decode,graph,4,448,199,sp_nccl,1,8.42752,1
